{"textures":{"0":"block/pancake","1":"block/pancake","2":"block/pancake_side","3":"block/spongebob-brood","4":"block/stroop","5":"block/bed_feet_top","particle":"block/pancake_side"},"elements":[{"name":"bord","from":[6.13432,1.01,9.93827],"to":[10.38432,1.99,12.93827],"rotation":{"angle":22.5,"axis":"y","origin":[11.71683,1.5,7.90852]},"faces":{"north":{"uv":[0,0,4.25,1],"texture":"#0"},"east":{"uv":[0,0,3,1],"texture":"#0"},"south":{"uv":[8.25,0,0,2],"texture":"#2"},"west":{"uv":[0,0,3,1],"texture":"#0"},"up":{"uv":[9,5,16,13.25],"texture":"#1","rotation":90},"down":{"uv":[9,3,16,11.25],"texture":"#1","rotation":270}}},{"name":"bord","from":[12.56436,1.01,5.03334],"to":[15.56436,1.99,9.28334],"rotation":{"angle":22.5,"axis":"y","origin":[10.71657,1.5,10.57889]},"faces":{"north":{"uv":[0,0,3,1],"texture":"#0"},"east":{"uv":[8.25,6,0,4],"texture":"#2"},"south":{"uv":[0,0,3,1],"texture":"#0"},"west":{"uv":[0,0,4.25,1],"texture":"#0"},"up":{"uv":[9,5,16,13.25],"texture":"#1"},"down":{"uv":[9,3,16,11.25],"texture":"#1"}}},{"name":"bord","from":[5.5625,1.01,3.0607],"to":[9.8125,1.99,6.0607],"rotation":{"angle":22.5,"axis":"y","origin":[4.26612,1.5,7.90941]},"faces":{"north":{"uv":[0,0,8.25,2],"texture":"#2"},"east":{"uv":[0,0,3,1],"texture":"#0"},"south":{"uv":[0,0,4.25,1],"texture":"#0"},"west":{"uv":[0,0,3,1],"texture":"#0"},"up":{"uv":[0,4,7,12.25],"texture":"#1","rotation":90},"down":{"uv":[1,3,8,11.25],"texture":"#1","rotation":270}}},{"name":"bord","from":[0.41518,1.01,6.64675],"to":[3.41518,1.99,10.89675],"rotation":{"angle":22.5,"axis":"y","origin":[5.44117,1.5,5.30864]},"faces":{"north":{"uv":[0,0,3,0.98],"texture":"#0"},"east":{"uv":[0,0,4.25,0.98],"texture":"#0"},"south":{"uv":[0,0,3,0.98],"texture":"#0"},"west":{"uv":[0,0,4.25,0.98],"texture":"#2"},"up":{"uv":[0,1,3,5.25],"texture":"#1"},"down":{"uv":[1,1,4,5.25],"texture":"#1"}}},{"name":"bord","from":[11,1,5],"to":[14,2,11],"rotation":{"angle":-22.5,"axis":"y","origin":[8.00057,1.5,8.01574]},"faces":{"north":{"uv":[0,0,3,1],"texture":"#0"},"east":{"uv":[0,0,10,2],"texture":"#2"},"south":{"uv":[0,0,3,1],"texture":"#0"},"west":{"uv":[0,0,6,1],"texture":"#0"},"up":{"uv":[10,2,16,14],"texture":"#1"},"down":{"uv":[10,2,16,14],"texture":"#1"}}},{"name":"bord","from":[5,1,5],"to":[11,2,11],"rotation":{"angle":-22.5,"axis":"y","origin":[8.00057,1.5,8.01574]},"faces":{"north":{"uv":[0,0,3,1],"texture":"#0"},"east":{"uv":[0,0,6,1],"texture":"#0"},"south":{"uv":[0,0,3,1],"texture":"#0"},"west":{"uv":[0,0,6,1],"texture":"#0"},"up":{"uv":[3,2,15,14],"texture":"#1"},"down":{"uv":[3,2,15,13],"texture":"#1"}}},{"name":"bord","from":[5,1,11],"to":[11,2,14],"rotation":{"angle":-22.5,"axis":"y","origin":[8.00057,1.5,8.01574]},"faces":{"north":{"uv":[0,0,3,1],"texture":"#0"},"east":{"uv":[0,0,6,1],"texture":"#2"},"south":{"uv":[0,0,10,2],"texture":"#2"},"west":{"uv":[0,0,9,2],"texture":"#2"},"up":{"uv":[3,10,15,16],"texture":"#1"},"down":{"uv":[2,0,14,6],"texture":"#1"}}},{"name":"bord","from":[2,1,5],"to":[5,2,11],"rotation":{"angle":-22.5,"axis":"y","origin":[8.00057,1.5,8.01574]},"faces":{"north":{"uv":[0,0,3,1],"texture":"#0"},"east":{"uv":[0,0,9,2],"texture":"#2"},"south":{"uv":[0,0,3,1],"texture":"#0"},"west":{"uv":[0,0,9,2],"texture":"#2"},"up":{"uv":[0,2,6,14],"texture":"#1"},"down":{"uv":[0,2,6,14],"texture":"#1"}}},{"name":"bord","from":[5,1,2],"to":[11,2,5],"rotation":{"angle":-22.5,"axis":"y","origin":[8.00057,1.5,8.01574]},"faces":{"north":{"uv":[0,0,10,2],"texture":"#2"},"east":{"uv":[0,0,3,1],"texture":"#0"},"south":{"uv":[0,0,6,1],"texture":"#2"},"west":{"uv":[0,0,3,1],"texture":"#2"},"up":{"uv":[3,0,15,6],"texture":"#1"},"down":{"uv":[2,10,14,16],"texture":"#1"}}},{"name":"bord","from":[10.03032,0.01,9.34825],"to":[13.03032,0.99,13.59825],"rotation":{"angle":-45,"axis":"y","origin":[11.53032,0.51,11.34825]},"faces":{"north":{"uv":[0,0,3,1],"texture":"#0"},"east":{"uv":[8.25,0,0,2],"texture":"#2"},"south":{"uv":[0,0,3,1],"texture":"#0"},"west":{"uv":[0,0,4.25,1],"texture":"#0"},"up":{"uv":[10,5,16,13.25],"texture":"#1"},"down":{"uv":[9,3,16,11.25],"texture":"#1"}}},{"name":"bord","from":[9.84835,0.01,2.4702],"to":[12.84835,0.99,6.7202],"rotation":{"angle":45,"axis":"y","origin":[11.34835,0.51,4.4702]},"faces":{"north":{"uv":[0,0,3,1],"texture":"#0"},"east":{"uv":[8.25,6,0,4],"texture":"#2"},"south":{"uv":[0,0,3,1],"texture":"#0"},"west":{"uv":[0,0,4.25,1],"texture":"#0"},"up":{"uv":[10,5,16,13.25],"texture":"#1"},"down":{"uv":[9,3,16,11.25],"texture":"#1"}}},{"name":"bord","from":[3.15185,0.01,2.46936],"to":[6.15185,0.99,6.71936],"rotation":{"angle":-45,"axis":"y","origin":[4.65185,0.51,4.46936]},"faces":{"north":{"uv":[0,0,3,1],"texture":"#0"},"east":{"uv":[0,0,4.25,1],"texture":"#0"},"south":{"uv":[0,0,3,1],"texture":"#0"},"west":{"uv":[0,0,8.25,2],"texture":"#2"},"up":{"uv":[0,4,7,12.25],"texture":"#1"},"down":{"uv":[1,3,8,11.25],"texture":"#1"}}},{"name":"bord","from":[2.97457,0.01,9.35385],"to":[5.97457,0.99,13.60385],"rotation":{"angle":45,"axis":"y","origin":[4.47457,0.51,11.35385]},"faces":{"north":{"uv":[0,0,3,1],"texture":"#0"},"east":{"uv":[0,0,4.25,1],"texture":"#0"},"south":{"uv":[0,0,3,1],"texture":"#0"},"west":{"uv":[0,0,8.25,2],"texture":"#2"},"up":{"uv":[0,1,6,9.25],"texture":"#1"},"down":{"uv":[1,1,8,9.25],"texture":"#1"}}},{"name":"bord","from":[11,0,5],"to":[14,1,11],"rotation":{"angle":0,"axis":"y","origin":[17,0.5,8]},"faces":{"north":{"uv":[0,0,3,1],"texture":"#0"},"east":{"uv":[0,0,10,2],"texture":"#2"},"south":{"uv":[0,0,3,1],"texture":"#0"},"west":{"uv":[0,0,6,1],"texture":"#0"},"up":{"uv":[10,2,16,14],"texture":"#1"},"down":{"uv":[10,2,16,14],"texture":"#1"}}},{"name":"bord","from":[5,0,5],"to":[11,1,11],"rotation":{"angle":0,"axis":"y","origin":[11,0.5,8]},"faces":{"north":{"uv":[0,0,3,1],"texture":"#0"},"east":{"uv":[0,0,6,1],"texture":"#0"},"south":{"uv":[0,0,3,1],"texture":"#0"},"west":{"uv":[0,0,6,1],"texture":"#0"},"up":{"uv":[3,2,15,14],"texture":"#1"},"down":{"uv":[3,2,15,14],"texture":"#1"}}},{"name":"bord","from":[5,0,11],"to":[11,1,14],"rotation":{"angle":0,"axis":"y","origin":[11,0.5,11]},"faces":{"north":{"uv":[0,0,3,1],"texture":"#0"},"east":{"uv":[0,0,6,1],"texture":"#2"},"south":{"uv":[0,0,10,2],"texture":"#2"},"west":{"uv":[0,0,9,2],"texture":"#2"},"up":{"uv":[3,10,15,16],"texture":"#1"},"down":{"uv":[2,0,14,6],"texture":"#1"}}},{"name":"bord","from":[2,0,5],"to":[5,1,11],"rotation":{"angle":0,"axis":"y","origin":[8,0.5,8]},"faces":{"north":{"uv":[0,0,3,1],"texture":"#0"},"east":{"uv":[0,0,9,2],"texture":"#2"},"south":{"uv":[0,0,3,1],"texture":"#0"},"west":{"uv":[0,0,10,2],"texture":"#2"},"up":{"uv":[0,2,6,14],"texture":"#1"},"down":{"uv":[0,2,6,14],"texture":"#1"}}},{"name":"bord","from":[5,0,2],"to":[11,1,5],"faces":{"north":{"uv":[0,0,10,2],"texture":"#2"},"east":{"uv":[0,0,3,1],"texture":"#0"},"south":{"uv":[0,0,6,1],"texture":"#2"},"west":{"uv":[0,0,3,1],"texture":"#2"},"up":{"uv":[3,0,15,6],"texture":"#1"},"down":{"uv":[2,10,14,16],"texture":"#1"}}},{"name":"bord","from":[5.8702,2.01,11.36945],"to":[10.1202,2.99,14.36945],"rotation":{"angle":0,"axis":"y","origin":[11.45271,2.50704,9.3397]},"faces":{"north":{"uv":[0,0,4.25,1],"texture":"#0"},"east":{"uv":[0,0,3,1],"texture":"#0"},"south":{"uv":[8.25,0,0,2],"texture":"#2"},"west":{"uv":[0,0,3,1],"texture":"#0"},"up":{"uv":[9,5,16,13.25],"texture":"#1","rotation":90},"down":{"uv":[9,3,16,11.25],"texture":"#1","rotation":270}}},{"name":"bord","from":[11.35447,2.01,5.88582],"to":[14.35447,2.99,10.13582],"rotation":{"angle":0,"axis":"y","origin":[9.50668,2.5064,11.43136]},"faces":{"north":{"uv":[0,0,3,1],"texture":"#0"},"east":{"uv":[8.25,6,0,4],"texture":"#2"},"south":{"uv":[0,0,3,1],"texture":"#0"},"west":{"uv":[0,0,4.25,1],"texture":"#0"},"up":{"uv":[9,5,16,13.25],"texture":"#1"},"down":{"uv":[9,3,16,11.25],"texture":"#1"}}},{"name":"bord","from":[5.85786,2.01,1.64055],"to":[10.10786,2.99,4.64055],"rotation":{"angle":0,"axis":"y","origin":[4.56148,2.513,6.48927]},"faces":{"north":{"uv":[0,0,8.25,2],"texture":"#2"},"east":{"uv":[0,0,3,1],"texture":"#0"},"south":{"uv":[0,0,4.25,1],"texture":"#0"},"west":{"uv":[0,0,3,1],"texture":"#0"},"up":{"uv":[0,4,7,12.25],"texture":"#1","rotation":90},"down":{"uv":[1,3,8,11.25],"texture":"#1","rotation":270}}},{"name":"bord","from":[1.62372,2.01,5.8816],"to":[4.62372,2.99,10.1316],"rotation":{"angle":0,"axis":"y","origin":[6.64971,2.51345,4.54349]},"faces":{"north":{"uv":[0,0,3,1],"texture":"#0"},"east":{"uv":[0,0,4.25,1],"texture":"#0"},"south":{"uv":[0,0,3,1],"texture":"#0"},"west":{"uv":[0,0,8.25,2],"texture":"#2"},"up":{"uv":[0,1,7,9.25],"texture":"#1"},"down":{"uv":[1,1,8,9.25],"texture":"#1"}}},{"name":"bord","from":[11,2,5],"to":[14,3,11],"rotation":{"angle":45,"axis":"y","origin":[8.00057,2.5,8.01574]},"faces":{"north":{"uv":[0,0,3,1],"texture":"#0"},"east":{"uv":[0,0,10,2],"texture":"#2"},"south":{"uv":[0,0,3,1],"texture":"#0"},"west":{"uv":[0,0,6,1],"texture":"#0"},"up":{"uv":[10,2,16,14],"texture":"#1"},"down":{"uv":[10,2,16,14],"texture":"#1"}}},{"name":"bord","from":[5,2,5],"to":[11,3,11],"rotation":{"angle":45,"axis":"y","origin":[8.00057,2.5,8.01574]},"faces":{"north":{"uv":[0,0,3,1],"texture":"#0"},"east":{"uv":[0,0,6,1],"texture":"#0"},"south":{"uv":[0,0,3,1],"texture":"#0"},"west":{"uv":[0,0,6,1],"texture":"#0"},"up":{"uv":[3,2,15,14],"texture":"#1"},"down":{"uv":[3,2,15,13],"texture":"#1"}}},{"name":"bord","from":[5,2,11],"to":[11,3,14],"rotation":{"angle":45,"axis":"y","origin":[8.00057,2.5,8.01574]},"faces":{"north":{"uv":[0,0,3,1],"texture":"#0"},"east":{"uv":[0,0,6,1],"texture":"#2"},"south":{"uv":[0,0,10,2],"texture":"#2"},"west":{"uv":[0,0,9,2],"texture":"#2"},"up":{"uv":[3,10,15,16],"texture":"#1"},"down":{"uv":[2,0,14,6],"texture":"#1"}}},{"name":"bord","from":[2,2,5],"to":[5,3,11],"rotation":{"angle":45,"axis":"y","origin":[8.00057,2.5,8.01574]},"faces":{"north":{"uv":[0,0,3,1],"texture":"#0"},"east":{"uv":[0,0,9,2],"texture":"#2"},"south":{"uv":[0,0,3,1],"texture":"#0"},"west":{"uv":[0,0,9,2],"texture":"#2"},"up":{"uv":[0,2,6,14],"texture":"#1"},"down":{"uv":[0,2,6,14],"texture":"#1"}}},{"name":"bord","from":[5,2,2],"to":[11,3,5],"rotation":{"angle":45,"axis":"y","origin":[8.00057,2.5,8.01574]},"faces":{"north":{"uv":[0,0,10,2],"texture":"#2"},"east":{"uv":[0,0,3,1],"texture":"#0"},"south":{"uv":[0,0,6,1],"texture":"#2"},"west":{"uv":[0,0,3,1],"texture":"#2"},"up":{"uv":[3,0,15,6],"texture":"#1"},"down":{"uv":[2,10,14,16],"texture":"#1"}}},{"name":"bord","from":[5.63718,4.01,0.384],"to":[9.88718,4.99,3.384],"rotation":{"angle":-22.5,"axis":"y","origin":[4.30467,4.5,5.41375]},"faces":{"north":{"uv":[5,0,14.25,1.97969],"texture":"#2"},"east":{"uv":[0,0,3,0.98],"texture":"#0"},"south":{"uv":[0,0,4.25,0.98],"texture":"#0"},"west":{"uv":[0,0,3,0.98],"texture":"#0"},"up":{"uv":[10,5,16,13.25],"texture":"#1","rotation":270},"down":{"uv":[10,5,16,13.25],"texture":"#1","rotation":90}}},{"name":"bord","from":[8.93867,4.01,6.19952],"to":[11.93867,4.99,10.44952],"rotation":{"angle":-22.5,"axis":"y","origin":[7.09088,4.5,11.74506]},"faces":{"north":{"uv":[0,0,3,0.98],"texture":"#0"},"east":{"uv":[7.25,6,16.5,7.97969],"texture":"#2"},"south":{"uv":[0,0,3,0.98],"texture":"#0"},"west":{"uv":[0,0,4.25,0.98],"texture":"#0"},"up":{"uv":[10,5,16,13.25],"texture":"#1"},"down":{"uv":[10,5,16,13.25],"texture":"#1"}}},{"name":"bord","from":[-0.56084,4.01,5.04426],"to":[2.43916,4.99,9.29426],"rotation":{"angle":-22.5,"axis":"y","origin":[4.28788,4.5,10.59064]},"faces":{"north":{"uv":[0,0,3,0.98],"texture":"#0"},"east":{"uv":[0,0,4.25,0.98],"texture":"#0"},"south":{"uv":[0,0,3,0.98],"texture":"#0"},"west":{"uv":[0,0,8.25,1.97969],"texture":"#2"},"up":{"uv":[0,4,6,12.25],"texture":"#1"},"down":{"uv":[0,4,6,12.25],"texture":"#1"}}},{"name":"bord","from":[4.61915,4.01,9.93767],"to":[8.86915,4.99,12.93767],"rotation":{"angle":-22.5,"axis":"y","origin":[3.28104,4.5,7.91167]},"faces":{"north":{"uv":[0,0,4.25,0.98],"texture":"#0"},"east":{"uv":[0,0,3,0.98],"texture":"#0"},"south":{"uv":[0,0,8.25,1.97969],"texture":"#2"},"west":{"uv":[0,0,3,0.98],"texture":"#0"},"up":{"uv":[0,1,6,9.25],"texture":"#1","rotation":270},"down":{"uv":[0,1,6,9.25],"texture":"#1","rotation":90}}},{"name":"bord","from":[10,4,5],"to":[13,5,11],"rotation":{"angle":22.5,"axis":"y","origin":[7.00057,4.5,8.01574]},"faces":{"north":{"uv":[0,0,3,1],"texture":"#0"},"east":{"uv":[0,0,12,2],"texture":"#2"},"south":{"uv":[0,0,3,1],"texture":"#0"},"west":{"uv":[0,0,6,1],"texture":"#0"},"up":{"uv":[10,2,16,14],"texture":"#1"},"down":{"uv":[10,2,16,14],"texture":"#1"}}},{"name":"bord","from":[4,4,5],"to":[10,5,11],"rotation":{"angle":22.5,"axis":"y","origin":[7.00057,4.5,8.01574]},"faces":{"north":{"uv":[0,0,6,1],"texture":"#0"},"east":{"uv":[0,0,6,1],"texture":"#0"},"south":{"uv":[0,0,6,1],"texture":"#0"},"west":{"uv":[0,0,6,1],"texture":"#0"},"up":{"uv":[3,2,15,14],"texture":"#1"},"down":{"uv":[3,2,15,14],"texture":"#1"}}},{"name":"bord","from":[4,4,11],"to":[10,5,14],"rotation":{"angle":22.5,"axis":"y","origin":[7.00057,4.5,8.01574]},"faces":{"north":{"uv":[0,0,6,1],"texture":"#0"},"east":{"uv":[0,0,7,2],"texture":"#2"},"south":{"uv":[0,0,12,2],"texture":"#2"},"west":{"uv":[0,0,13,2],"texture":"#2"},"up":{"uv":[3,10,15,16],"texture":"#1"},"down":{"uv":[2,0,15,6],"texture":"#1"}}},{"name":"bord","from":[1,4,5],"to":[4,5,11],"rotation":{"angle":22.5,"axis":"y","origin":[7.00057,4.5,8.01574]},"faces":{"north":{"uv":[0,0,3,1],"texture":"#0"},"east":{"uv":[0,0,6,1],"texture":"#2"},"south":{"uv":[0,0,3,1],"texture":"#0"},"west":{"uv":[0,0,10,2],"texture":"#2"},"up":{"uv":[0,2,6,14],"texture":"#1"},"down":{"uv":[0,2,6,14],"texture":"#1"}}},{"name":"bord","from":[4,4,2],"to":[10,5,5],"rotation":{"angle":22.5,"axis":"y","origin":[7.00057,4.5,8.01574]},"faces":{"north":{"uv":[0,0,12,2],"texture":"#2"},"east":{"uv":[0,0,3,1],"texture":"#0"},"south":{"uv":[0,0,6,1],"texture":"#2"},"west":{"uv":[0,0,3,1],"texture":"#2"},"up":{"uv":[3,0,15,6],"texture":"#1"},"down":{"uv":[3,10,15,16],"texture":"#1"}}},{"name":"bord","from":[5.88468,6.00304,11.36893],"to":[10.13468,6.98304,14.36893],"rotation":{"angle":0,"axis":"y","origin":[4.55217,6.49304,16.39869]},"faces":{"north":{"uv":[5,0,14.25,1.97969],"texture":"#2"},"east":{"uv":[0,0,3,0.98],"texture":"#0"},"south":{"uv":[0,0,4.25,0.98],"texture":"#0"},"west":{"uv":[0,0,3,0.98],"texture":"#0"},"up":{"uv":[0,5,6,13.25],"texture":"#1","rotation":270},"down":{"uv":[10,5,16,13.25],"texture":"#1","rotation":90}}},{"name":"bord","from":[5.86291,6.01995,1.64591],"to":[10.11291,6.99995,4.64591],"rotation":{"angle":0,"axis":"y","origin":[4.5304,6.50995,6.67566]},"faces":{"north":{"uv":[5,0,14.25,1.97969],"texture":"#2"},"east":{"uv":[0,0,3,0.98],"texture":"#0"},"south":{"uv":[0,0,4.25,0.98],"texture":"#0"},"west":{"uv":[0,0,3,0.98],"texture":"#0"},"up":{"uv":[10,5,16,13.25],"texture":"#1","rotation":270},"down":{"uv":[10,5,16,13.25],"texture":"#1","rotation":90}}},{"name":"bord","from":[11.35893,6.01,5.88108],"to":[14.35893,6.99,10.13108],"rotation":{"angle":0,"axis":"y","origin":[9.51115,6.5,11.42662]},"faces":{"north":{"uv":[0,0,3,0.98],"texture":"#0"},"east":{"uv":[7.25,6,16.5,7.97969],"texture":"#2"},"south":{"uv":[0,0,3,0.98],"texture":"#0"},"west":{"uv":[0,0,4.25,0.98],"texture":"#0"},"up":{"uv":[10,5,16,13.25],"texture":"#1"},"down":{"uv":[10,5,16,13.25],"texture":"#1"}}},{"name":"bord","from":[1.63102,6.01,5.88636],"to":[4.63102,6.99,10.13636],"rotation":{"angle":0,"axis":"y","origin":[6.47974,6.5,11.43274]},"faces":{"north":{"uv":[0,0,3,0.98],"texture":"#0"},"east":{"uv":[0,0,4.25,0.98],"texture":"#0"},"south":{"uv":[0,0,3,0.98],"texture":"#0"},"west":{"uv":[0,0,8.25,1.97969],"texture":"#2"},"up":{"uv":[0,4,6,12.25],"texture":"#1"},"down":{"uv":[0,4,6,12.25],"texture":"#1"}}},{"name":"bord","from":[11,6,5],"to":[14,7,11],"rotation":{"angle":45,"axis":"y","origin":[8.00057,6.5,8.01574]},"faces":{"north":{"uv":[0,0,3,1],"texture":"#0"},"east":{"uv":[0,0,12,2],"texture":"#2"},"south":{"uv":[0,0,3,1],"texture":"#0"},"west":{"uv":[0,0,6,1],"texture":"#0"},"up":{"uv":[10,2,16,14],"texture":"#1"},"down":{"uv":[10,2,16,14],"texture":"#1"}}},{"name":"bord","from":[5,6,5],"to":[11,7,11],"rotation":{"angle":45,"axis":"y","origin":[8.00057,6.5,8.01574]},"faces":{"north":{"uv":[0,0,6,1],"texture":"#0"},"east":{"uv":[0,0,6,1],"texture":"#0"},"south":{"uv":[0,0,6,1],"texture":"#0"},"west":{"uv":[0,0,6,1],"texture":"#0"},"up":{"uv":[3,2,15,14],"texture":"#1"},"down":{"uv":[3,2,15,14],"texture":"#1"}}},{"name":"bord","from":[5,6,11],"to":[11,7,14],"rotation":{"angle":45,"axis":"y","origin":[8.00057,6.5,8.01574]},"faces":{"north":{"uv":[0,0,6,1],"texture":"#0"},"east":{"uv":[0,0,7,2],"texture":"#2"},"south":{"uv":[0,0,12,2],"texture":"#2"},"west":{"uv":[0,0,13,2],"texture":"#2"},"up":{"uv":[3,10,15,16],"texture":"#1"},"down":{"uv":[2,0,15,6],"texture":"#1"}}},{"name":"bord","from":[2,6,5],"to":[5,7,11],"rotation":{"angle":45,"axis":"y","origin":[8.00057,6.5,8.01574]},"faces":{"north":{"uv":[0,0,3,1],"texture":"#0"},"east":{"uv":[0,0,6,1],"texture":"#2"},"south":{"uv":[0,0,3,1],"texture":"#0"},"west":{"uv":[0,0,10,2],"texture":"#2"},"up":{"uv":[0,2,6,14],"texture":"#1"},"down":{"uv":[0,2,6,14],"texture":"#1"}}},{"name":"bord","from":[5,6,2],"to":[11,7,5],"rotation":{"angle":45,"axis":"y","origin":[8.00057,6.5,8.01574]},"faces":{"north":{"uv":[0,0,12,2],"texture":"#2"},"east":{"uv":[0,0,3,1],"texture":"#0"},"south":{"uv":[0,0,6,1],"texture":"#2"},"west":{"uv":[0,0,3,1],"texture":"#2"},"up":{"uv":[3,0,15,6],"texture":"#1"},"down":{"uv":[3,10,15,16],"texture":"#1"}}},{"name":"bord","from":[10.03032,3.01,10.34825],"to":[13.03032,3.99,14.59825],"rotation":{"angle":-45,"axis":"y","origin":[11.53032,3.51,12.34825]},"faces":{"north":{"uv":[0,0,3,0.98],"texture":"#0"},"east":{"uv":[5,0,14.25,1.97969],"texture":"#2"},"south":{"uv":[0,0,3,0.98],"texture":"#0"},"west":{"uv":[0,0,4.25,0.98],"texture":"#0"},"up":{"uv":[10,5,16,13.25],"texture":"#1"},"down":{"uv":[10,5,16,13.25],"texture":"#1"}}},{"name":"bord","from":[9.84835,3.01,3.4702],"to":[12.84835,3.99,7.7202],"rotation":{"angle":45,"axis":"y","origin":[11.34835,3.51,5.4702]},"faces":{"north":{"uv":[0,0,3,0.98],"texture":"#0"},"east":{"uv":[7.25,6,16.5,7.97969],"texture":"#2"},"south":{"uv":[0,0,3,0.98],"texture":"#0"},"west":{"uv":[0,0,4.25,0.98],"texture":"#0"},"up":{"uv":[10,5,16,13.25],"texture":"#1"},"down":{"uv":[10,5,16,13.25],"texture":"#1"}}},{"name":"bord","from":[3.15185,3.01,3.46936],"to":[6.15185,3.99,7.71936],"rotation":{"angle":-45,"axis":"y","origin":[4.65185,3.51,5.46936]},"faces":{"north":{"uv":[0,0,3,0.98],"texture":"#0"},"east":{"uv":[0,0,4.25,0.98],"texture":"#0"},"south":{"uv":[0,0,3,0.98],"texture":"#0"},"west":{"uv":[0,0,8.25,1.97969],"texture":"#2"},"up":{"uv":[0,4,6,12.25],"texture":"#1"},"down":{"uv":[0,4,6,12.25],"texture":"#1"}}},{"name":"bord","from":[2.97457,3.01,10.35385],"to":[5.97457,3.99,14.60385],"rotation":{"angle":45,"axis":"y","origin":[4.47457,3.51,12.35385]},"faces":{"north":{"uv":[0,0,3,0.98],"texture":"#0"},"east":{"uv":[0,0,4.25,0.98],"texture":"#0"},"south":{"uv":[0,0,3,0.98],"texture":"#0"},"west":{"uv":[0,0,8.25,1.97969],"texture":"#2"},"up":{"uv":[0,1,6,9.25],"texture":"#1"},"down":{"uv":[0,1,6,9.25],"texture":"#1"}}},{"name":"bord","from":[11,3,6],"to":[14,4,12],"rotation":{"angle":0,"axis":"y","origin":[17,3.5,9]},"faces":{"north":{"uv":[0,0,3,1],"texture":"#0"},"east":{"uv":[0,0,12,2],"texture":"#2"},"south":{"uv":[0,0,3,1],"texture":"#0"},"west":{"uv":[0,0,6,1],"texture":"#0"},"up":{"uv":[10,2,16,14],"texture":"#1"},"down":{"uv":[10,2,16,14],"texture":"#1"}}},{"name":"bord","from":[5,3,6],"to":[11,4,12],"rotation":{"angle":0,"axis":"y","origin":[11,3.5,9]},"faces":{"north":{"uv":[0,0,6,1],"texture":"#0"},"east":{"uv":[0,0,6,1],"texture":"#0"},"south":{"uv":[0,0,6,1],"texture":"#0"},"west":{"uv":[0,0,6,1],"texture":"#0"},"up":{"uv":[3,2,15,14],"texture":"#1"},"down":{"uv":[3,2,15,14],"texture":"#1"}}},{"name":"bord","from":[5,3,12],"to":[11,4,15],"rotation":{"angle":0,"axis":"y","origin":[11,3.5,12]},"faces":{"north":{"uv":[0,0,6,1],"texture":"#0"},"east":{"uv":[0,0,7,2],"texture":"#2"},"south":{"uv":[0,0,12,2],"texture":"#2"},"west":{"uv":[0,0,13,2],"texture":"#2"},"up":{"uv":[3,10,15,16],"texture":"#1"},"down":{"uv":[2,0,15,6],"texture":"#1"}}},{"name":"bord","from":[2,3,6],"to":[5,4,12],"rotation":{"angle":0,"axis":"y","origin":[8,3.5,9]},"faces":{"north":{"uv":[0,0,3,1],"texture":"#0"},"east":{"uv":[0,0,6,1],"texture":"#2"},"south":{"uv":[0,0,3,1],"texture":"#0"},"west":{"uv":[0,0,10,2],"texture":"#2"},"up":{"uv":[0,2,6,14],"texture":"#1"},"down":{"uv":[0,2,6,14],"texture":"#1"}}},{"name":"bord","from":[5,3,3],"to":[11,4,6],"faces":{"north":{"uv":[0,0,12,2],"texture":"#2"},"east":{"uv":[0,0,3,1],"texture":"#0"},"south":{"uv":[0,0,6,1],"texture":"#2"},"west":{"uv":[0,0,3,1],"texture":"#2"},"up":{"uv":[3,0,15,6],"texture":"#1"},"down":{"uv":[3,10,15,16],"texture":"#1"}}},{"name":"bord","from":[10.03032,7.01,9.34825],"to":[13.03032,7.99,13.59825],"rotation":{"angle":-45,"axis":"y","origin":[11.53032,7.51,11.34825]},"faces":{"north":{"uv":[0,0,3,0.98],"texture":"#0"},"east":{"uv":[5,0,14.25,1.97969],"texture":"#2"},"south":{"uv":[0,0,3,0.98],"texture":"#0"},"west":{"uv":[0,0,4.25,0.98],"texture":"#0"},"up":{"uv":[10,5,16,13.25],"texture":"#1"},"down":{"uv":[10,5,16,13.25],"texture":"#1"}}},{"name":"bord","from":[9.84835,7.01,2.4702],"to":[12.84835,7.99,6.7202],"rotation":{"angle":45,"axis":"y","origin":[11.34835,7.51,4.4702]},"faces":{"north":{"uv":[0,0,3,0.98],"texture":"#0"},"east":{"uv":[7.25,6,16.5,7.97969],"texture":"#2"},"south":{"uv":[0,0,3,0.98],"texture":"#0"},"west":{"uv":[0,0,4.25,0.98],"texture":"#0"},"up":{"uv":[10,5,16,13.25],"texture":"#1"},"down":{"uv":[10,5,16,13.25],"texture":"#1"}}},{"name":"bord","from":[3.15185,7.01,2.46936],"to":[6.15185,7.99,6.71936],"rotation":{"angle":-45,"axis":"y","origin":[4.65185,7.51,4.46936]},"faces":{"north":{"uv":[0,0,3,0.98],"texture":"#0"},"east":{"uv":[0,0,4.25,0.98],"texture":"#0"},"south":{"uv":[0,0,3,0.98],"texture":"#0"},"west":{"uv":[0,0,8.25,1.97969],"texture":"#2"},"up":{"uv":[0,4,6,12.25],"texture":"#1"},"down":{"uv":[0,4,6,12.25],"texture":"#1"}}},{"name":"bord","from":[2.97457,7.01,9.35385],"to":[5.97457,7.99,13.60385],"rotation":{"angle":45,"axis":"y","origin":[4.47457,7.51,11.35385]},"faces":{"north":{"uv":[0,0,3,0.98],"texture":"#0"},"east":{"uv":[0,0,4.25,0.98],"texture":"#0"},"south":{"uv":[0,0,3,0.98],"texture":"#0"},"west":{"uv":[0,0,8.25,1.97969],"texture":"#2"},"up":{"uv":[0,1,6,9.25],"texture":"#1"},"down":{"uv":[0,1,6,9.25],"texture":"#1"}}},{"name":"bord","from":[11,7,5],"to":[14,8,11],"rotation":{"angle":0,"axis":"y","origin":[17,7.5,8]},"faces":{"north":{"uv":[0,0,3,1],"texture":"#0"},"east":{"uv":[0,0,12,2],"texture":"#2"},"south":{"uv":[0,0,3,1],"texture":"#0"},"west":{"uv":[0,0,6,1],"texture":"#0"},"up":{"uv":[10,2,16,14],"texture":"#1"},"down":{"uv":[10,2,16,14],"texture":"#1"}}},{"name":"bord","from":[5,7,5],"to":[11,8,11],"rotation":{"angle":0,"axis":"y","origin":[11,7.5,8]},"faces":{"north":{"uv":[0,0,6,1],"texture":"#0"},"east":{"uv":[0,0,6,1],"texture":"#0"},"south":{"uv":[0,0,6,1],"texture":"#0"},"west":{"uv":[0,0,6,1],"texture":"#0"},"up":{"uv":[3,2,15,14],"texture":"#1"},"down":{"uv":[3,2,15,14],"texture":"#1"}}},{"name":"bord","from":[5,7,11],"to":[11,8,14],"rotation":{"angle":0,"axis":"y","origin":[11,7.5,11]},"faces":{"north":{"uv":[0,0,6,1],"texture":"#0"},"east":{"uv":[0,0,7,2],"texture":"#2"},"south":{"uv":[0,0,12,2],"texture":"#2"},"west":{"uv":[0,0,13,2],"texture":"#2"},"up":{"uv":[3,10,15,16],"texture":"#1"},"down":{"uv":[2,0,15,6],"texture":"#1"}}},{"name":"bord","from":[2,7,5],"to":[5,8,11],"rotation":{"angle":0,"axis":"y","origin":[8,7.5,8]},"faces":{"north":{"uv":[0,0,3,1],"texture":"#0"},"east":{"uv":[0,0,6,1],"texture":"#2"},"south":{"uv":[0,0,3,1],"texture":"#0"},"west":{"uv":[0,0,10,2],"texture":"#2"},"up":{"uv":[0,2,6,14],"texture":"#1"},"down":{"uv":[0,2,6,14],"texture":"#1"}}},{"name":"bord","from":[5,7,2],"to":[11,8,5],"faces":{"north":{"uv":[0,0,12,2],"texture":"#2"},"east":{"uv":[0,0,3,1],"texture":"#0"},"south":{"uv":[0,0,6,1],"texture":"#2"},"west":{"uv":[0,0,3,1],"texture":"#2"},"up":{"uv":[3,0,15,6],"texture":"#1"},"down":{"uv":[3,10,15,16],"texture":"#1"}}},{"name":"boter","from":[6,9.7,8],"to":[8,10.7,10],"faces":{"north":{"uv":[0,0,0.5,0.25],"texture":"#3"},"east":{"uv":[0,0,0.5,0.25],"texture":"#3"},"south":{"uv":[0,0,0.5,0.25],"texture":"#3"},"west":{"uv":[0,0,0.5,0.25],"texture":"#3"},"up":{"uv":[0,0,0.5,0.5],"texture":"#3"},"down":{"uv":[0,0,0.5,0.5],"texture":"#3"}}},{"from":[6,10,10],"to":[11,10.1,12],"faces":{"north":{"uv":[0,0,8,0.1],"texture":"#4"},"east":{"uv":[0,0,5,0.1],"texture":"#4"},"south":{"uv":[0,0,8,1.1],"texture":"#4"},"west":{"uv":[0,0,5,0.1],"texture":"#4"},"up":{"uv":[0,0,8,5],"texture":"#4"},"down":{"uv":[0,0,8,5],"texture":"#4"}}},{"from":[11,10,6],"to":[13.5,10.1,10],"faces":{"north":{"uv":[0,0,8,0.1],"texture":"#4"},"east":{"uv":[0,0,5,0.1],"texture":"#4"},"south":{"uv":[0,0,8,1.1],"texture":"#4"},"west":{"uv":[0,0,5,0.1],"texture":"#4"},"up":{"uv":[0,0,8,5],"texture":"#4"},"down":{"uv":[0,0,8,5],"texture":"#4"}}},{"from":[3,10,5],"to":[11,10.1,10],"faces":{"north":{"uv":[0,0,8,0.1],"texture":"#4"},"east":{"uv":[0,0,5,0.1],"texture":"#4"},"south":{"uv":[0,0,8,1.1],"texture":"#4"},"west":{"uv":[0,0,5,0.1],"texture":"#4"},"up":{"uv":[0,0,8,5],"texture":"#4"},"down":{"uv":[0,0,8,5],"texture":"#4"}}},{"from":[14.5,0,7],"to":[15,5.1,8],"faces":{"north":{"uv":[0,0,8,0.1],"texture":"#4"},"east":{"uv":[0,0,5,0.1],"texture":"#4"},"south":{"uv":[0,0,8,1.1],"texture":"#4"},"west":{"uv":[0,0,5,0.1],"texture":"#4"},"up":{"uv":[0,0,8,5],"texture":"#4"},"down":{"uv":[0,0,8,5],"texture":"#4"}}},{"from":[14,5,7],"to":[14.5,10.1,8],"faces":{"north":{"uv":[0,0,8,0.1],"texture":"#4"},"east":{"uv":[0,0,5,0.1],"texture":"#4"},"south":{"uv":[0,0,8,1.1],"texture":"#4"},"west":{"uv":[0,0,5,0.1],"texture":"#4"},"up":{"uv":[0,0,8,5],"texture":"#4"},"down":{"uv":[0,0,8,5],"texture":"#4"}}},{"from":[13.5,10,7],"to":[14,10.1,8],"faces":{"north":{"uv":[0,0,8,0.1],"texture":"#4"},"east":{"uv":[0,0,5,0.1],"texture":"#4"},"south":{"uv":[0,0,8,1.1],"texture":"#4"},"west":{"uv":[0,0,5,0.1],"texture":"#4"},"up":{"uv":[0,0,8,5],"texture":"#4"},"down":{"uv":[0,0,8,5],"texture":"#4"}}},{"from":[2.5,10,7],"to":[3,10.1,8],"faces":{"north":{"uv":[0,0,8,0.1],"texture":"#4"},"east":{"uv":[0,0,5,0.1],"texture":"#4"},"south":{"uv":[0,0,8,1.1],"texture":"#4"},"west":{"uv":[0,0,5,0.1],"texture":"#4"},"up":{"uv":[0,0,8,5],"texture":"#4"},"down":{"uv":[0,0,8,5],"texture":"#4"}}},{"from":[7,0,1],"to":[8,7.1,1.5],"faces":{"north":{"uv":[0,0,8,0.1],"texture":"#4"},"east":{"uv":[0,0,5,0.1],"texture":"#4"},"south":{"uv":[0,0,8,1.1],"texture":"#4"},"west":{"uv":[0,0,5,0.1],"texture":"#4"},"up":{"uv":[0,0,8,5],"texture":"#4"},"down":{"uv":[0,0,8,5],"texture":"#4"}}},{"from":[7,9,1.5],"to":[8,9.1,2.5],"faces":{"north":{"uv":[0,0,8,0.1],"texture":"#4"},"east":{"uv":[0,0,5,0.1],"texture":"#4"},"south":{"uv":[0,0,8,1.1],"texture":"#4"},"west":{"uv":[0,0,5,0.1],"texture":"#4"},"up":{"uv":[0,0,8,5],"texture":"#4"},"down":{"uv":[0,0,8,5],"texture":"#4"}}},{"from":[7,9,1.5],"to":[8,10.1,3],"faces":{"north":{"uv":[0,0,8,0.1],"texture":"#4"},"east":{"uv":[0,0,5,0.1],"texture":"#4"},"south":{"uv":[0,0,8,1.1],"texture":"#4"},"west":{"uv":[0,0,5,0.1],"texture":"#4"},"up":{"uv":[0,0,8,5],"texture":"#4"},"down":{"uv":[0,0,8,5],"texture":"#4"}}},{"from":[7,7,1.5],"to":[8,10.1,2],"faces":{"north":{"uv":[0,0,8,0.1],"texture":"#4"},"east":{"uv":[0,0,5,0.1],"texture":"#4"},"south":{"uv":[0,0,8,1.1],"texture":"#4"},"west":{"uv":[0,0,5,0.1],"texture":"#4"},"up":{"uv":[0,0,8,5],"texture":"#4"},"down":{"uv":[0,0,8,5],"texture":"#4"}}},{"from":[7,10,3],"to":[9,10.1,5],"faces":{"north":{"uv":[0,0,8,0.1],"texture":"#4"},"east":{"uv":[0,0,5,0.1],"texture":"#4"},"south":{"uv":[0,0,8,1.1],"texture":"#4"},"west":{"uv":[0,0,5,0.1],"texture":"#4"},"up":{"uv":[0,0,8,5],"texture":"#4"},"down":{"uv":[0,0,8,5],"texture":"#4"}}},{"name":"bord","from":[9.03032,5.01,9.34825],"to":[12.03032,5.99,13.59825],"rotation":{"angle":-45,"axis":"y","origin":[10.53032,5.51,11.34825]},"faces":{"north":{"uv":[0,0,3,0.98],"texture":"#0"},"east":{"uv":[5,0,14.25,1.97969],"texture":"#2"},"south":{"uv":[0,0,3,0.98],"texture":"#0"},"west":{"uv":[0,0,4.25,0.98],"texture":"#0"},"up":{"uv":[10,5,16,13.25],"texture":"#1"},"down":{"uv":[10,5,16,13.25],"texture":"#1"}}},{"name":"bord","from":[8.84835,5.01,2.4702],"to":[11.84835,5.99,6.7202],"rotation":{"angle":45,"axis":"y","origin":[10.34835,5.51,4.4702]},"faces":{"north":{"uv":[0,0,3,0.98],"texture":"#0"},"east":{"uv":[7.25,6,16.5,7.97969],"texture":"#2"},"south":{"uv":[0,0,3,0.98],"texture":"#0"},"west":{"uv":[0,0,4.25,0.98],"texture":"#0"},"up":{"uv":[10,5,16,13.25],"texture":"#1"},"down":{"uv":[10,5,16,13.25],"texture":"#1"}}},{"name":"bord","from":[2.15185,5.01,2.46936],"to":[5.15185,5.99,6.71936],"rotation":{"angle":-45,"axis":"y","origin":[3.65185,5.51,4.46936]},"faces":{"north":{"uv":[0,0,3,0.98],"texture":"#0"},"east":{"uv":[0,0,4.25,0.98],"texture":"#0"},"south":{"uv":[0,0,3,0.98],"texture":"#0"},"west":{"uv":[0,0,8.25,1.97969],"texture":"#2"},"up":{"uv":[0,4,6,12.25],"texture":"#1"},"down":{"uv":[0,4,6,12.25],"texture":"#1"}}},{"name":"bord","from":[1.97457,5.01,9.35385],"to":[4.97457,5.99,13.60385],"rotation":{"angle":45,"axis":"y","origin":[3.47457,5.51,11.35385]},"faces":{"north":{"uv":[0,0,3,0.98],"texture":"#0"},"east":{"uv":[0,0,4.25,0.98],"texture":"#0"},"south":{"uv":[0,0,3,0.98],"texture":"#0"},"west":{"uv":[0,0,8.25,1.97969],"texture":"#2"},"up":{"uv":[0,1,6,9.25],"texture":"#1"},"down":{"uv":[0,1,6,9.25],"texture":"#1"}}},{"name":"bord","from":[10,5,5],"to":[13,6,11],"rotation":{"angle":0,"axis":"y","origin":[16,5.5,8]},"faces":{"north":{"uv":[0,0,3,1],"texture":"#0"},"east":{"uv":[0,0,12,2],"texture":"#2"},"south":{"uv":[0,0,3,1],"texture":"#0"},"west":{"uv":[0,0,6,1],"texture":"#0"},"up":{"uv":[10,2,16,14],"texture":"#1"},"down":{"uv":[10,2,16,14],"texture":"#1"}}},{"name":"bord","from":[4,5,5],"to":[10,6,11],"rotation":{"angle":0,"axis":"y","origin":[10,5.5,8]},"faces":{"north":{"uv":[0,0,6,1],"texture":"#0"},"east":{"uv":[0,0,6,1],"texture":"#0"},"south":{"uv":[0,0,6,1],"texture":"#0"},"west":{"uv":[0,0,6,1],"texture":"#0"},"up":{"uv":[3,2,15,14],"texture":"#1"},"down":{"uv":[3,2,15,14],"texture":"#1"}}},{"name":"bord","from":[4,5,11],"to":[10,6,14],"rotation":{"angle":0,"axis":"y","origin":[10,5.5,11]},"faces":{"north":{"uv":[0,0,6,1],"texture":"#0"},"east":{"uv":[0,0,7,2],"texture":"#2"},"south":{"uv":[0,0,12,2],"texture":"#2"},"west":{"uv":[0,0,13,2],"texture":"#2"},"up":{"uv":[3,10,15,16],"texture":"#1"},"down":{"uv":[2,0,15,6],"texture":"#1"}}},{"name":"bord","from":[1,5,5],"to":[4,6,11],"rotation":{"angle":0,"axis":"y","origin":[7,5.5,8]},"faces":{"north":{"uv":[0,0,3,1],"texture":"#0"},"east":{"uv":[0,0,6,1],"texture":"#2"},"south":{"uv":[0,0,3,1],"texture":"#0"},"west":{"uv":[0,0,10,2],"texture":"#2"},"up":{"uv":[0,2,6,14],"texture":"#1"},"down":{"uv":[0,2,6,14],"texture":"#1"}}},{"name":"bord","from":[4,5,2],"to":[10,6,5],"faces":{"north":{"uv":[0,0,12,2],"texture":"#2"},"east":{"uv":[0,0,3,1],"texture":"#0"},"south":{"uv":[0,0,6,1],"texture":"#2"},"west":{"uv":[0,0,3,1],"texture":"#2"},"up":{"uv":[3,0,15,6],"texture":"#1"},"down":{"uv":[3,10,15,16],"texture":"#1"}}},{"name":"bord","from":[10.03032,8.01,10.34825],"to":[13.03032,8.99,14.59825],"rotation":{"angle":-45,"axis":"y","origin":[11.53032,8.51,12.34825]},"faces":{"north":{"uv":[0,0,3,0.98],"texture":"#0"},"east":{"uv":[5,0,14.25,1.97969],"texture":"#2"},"south":{"uv":[0,0,3,0.98],"texture":"#0"},"west":{"uv":[0,0,4.25,0.98],"texture":"#0"},"up":{"uv":[10,5,16,13.25],"texture":"#1"},"down":{"uv":[10,5,16,13.25],"texture":"#1"}}},{"name":"bord","from":[9.84835,8.01,3.4702],"to":[12.84835,8.99,7.7202],"rotation":{"angle":45,"axis":"y","origin":[11.34835,8.51,5.4702]},"faces":{"north":{"uv":[0,0,3,0.98],"texture":"#0"},"east":{"uv":[7.25,6,16.5,7.97969],"texture":"#2"},"south":{"uv":[0,0,3,0.98],"texture":"#0"},"west":{"uv":[0,0,4.25,0.98],"texture":"#0"},"up":{"uv":[10,5,16,13.25],"texture":"#1"},"down":{"uv":[10,5,16,13.25],"texture":"#1"}}},{"name":"bord","from":[3.15185,8.01,3.46936],"to":[6.15185,8.99,7.71936],"rotation":{"angle":-45,"axis":"y","origin":[4.65185,8.51,5.46936]},"faces":{"north":{"uv":[0,0,3,0.98],"texture":"#0"},"east":{"uv":[0,0,4.25,0.98],"texture":"#0"},"south":{"uv":[0,0,3,0.98],"texture":"#0"},"west":{"uv":[0,0,8.25,1.97969],"texture":"#2"},"up":{"uv":[0,4,6,12.25],"texture":"#1"},"down":{"uv":[0,4,6,12.25],"texture":"#1"}}},{"name":"bord","from":[2.97457,8.01,10.35385],"to":[5.97457,8.99,14.60385],"rotation":{"angle":45,"axis":"y","origin":[4.47457,8.51,12.35385]},"faces":{"north":{"uv":[0,0,3,0.98],"texture":"#0"},"east":{"uv":[0,0,4.25,0.98],"texture":"#0"},"south":{"uv":[0,0,3,0.98],"texture":"#0"},"west":{"uv":[0,0,8.25,1.97969],"texture":"#2"},"up":{"uv":[0,1,6,9.25],"texture":"#1"},"down":{"uv":[0,1,6,9.25],"texture":"#1"}}},{"name":"bord","from":[11,8,6],"to":[14,9,12],"rotation":{"angle":0,"axis":"y","origin":[17,8.5,9]},"faces":{"north":{"uv":[0,0,3,1],"texture":"#0"},"east":{"uv":[0,0,12,2],"texture":"#2"},"south":{"uv":[0,0,3,1],"texture":"#0"},"west":{"uv":[0,0,6,1],"texture":"#0"},"up":{"uv":[10,2,16,14],"texture":"#1"},"down":{"uv":[10,2,16,14],"texture":"#1"}}},{"name":"bord","from":[5,8,6],"to":[11,9,12],"rotation":{"angle":0,"axis":"y","origin":[11,8.5,9]},"faces":{"north":{"uv":[0,0,6,1],"texture":"#0"},"east":{"uv":[0,0,6,1],"texture":"#0"},"south":{"uv":[0,0,6,1],"texture":"#0"},"west":{"uv":[0,0,6,1],"texture":"#0"},"up":{"uv":[3,2,15,14],"texture":"#1"},"down":{"uv":[3,2,15,14],"texture":"#1"}}},{"name":"bord","from":[5,8,12],"to":[11,9,15],"rotation":{"angle":0,"axis":"y","origin":[11,8.5,12]},"faces":{"north":{"uv":[0,0,6,1],"texture":"#0"},"east":{"uv":[0,0,7,2],"texture":"#2"},"south":{"uv":[0,0,12,2],"texture":"#2"},"west":{"uv":[0,0,13,2],"texture":"#2"},"up":{"uv":[3,10,15,16],"texture":"#1"},"down":{"uv":[2,0,15,6],"texture":"#1"}}},{"name":"bord","from":[2,8,6],"to":[5,9,12],"rotation":{"angle":0,"axis":"y","origin":[8,8.5,9]},"faces":{"north":{"uv":[0,0,3,1],"texture":"#0"},"east":{"uv":[0,0,6,1],"texture":"#2"},"south":{"uv":[0,0,3,1],"texture":"#0"},"west":{"uv":[0,0,10,2],"texture":"#2"},"up":{"uv":[0,2,6,14],"texture":"#1"},"down":{"uv":[0,2,6,14],"texture":"#1"}}},{"name":"bord","from":[5,8,3],"to":[11,9,6],"faces":{"north":{"uv":[0,0,12,2],"texture":"#2"},"east":{"uv":[0,0,3,1],"texture":"#0"},"south":{"uv":[0,0,6,1],"texture":"#2"},"west":{"uv":[0,0,3,1],"texture":"#2"},"up":{"uv":[3,0,15,6],"texture":"#1"},"down":{"uv":[3,10,15,16],"texture":"#1"}}},{"name":"bord","from":[5.88468,9.00304,11.36893],"to":[10.13468,9.98304,14.36893],"rotation":{"angle":0,"axis":"y","origin":[4.55217,9.49304,16.39869]},"faces":{"north":{"uv":[5,0,14.25,1.97969],"texture":"#2"},"east":{"uv":[0,0,3,0.98],"texture":"#0"},"south":{"uv":[0,0,4.25,0.98],"texture":"#0"},"west":{"uv":[0,0,3,0.98],"texture":"#0"},"up":{"uv":[0,5,6,13.25],"texture":"#1","rotation":270},"down":{"uv":[10,5,16,13.25],"texture":"#1","rotation":90}}},{"name":"bord","from":[5.86291,9.01995,1.64591],"to":[10.11291,9.99995,4.64591],"rotation":{"angle":0,"axis":"y","origin":[4.5304,9.50995,6.67566]},"faces":{"north":{"uv":[5,0,14.25,1.97969],"texture":"#2"},"east":{"uv":[0,0,3,0.98],"texture":"#0"},"south":{"uv":[0,0,4.25,0.98],"texture":"#0"},"west":{"uv":[0,0,3,0.98],"texture":"#0"},"up":{"uv":[10,5,16,13.25],"texture":"#1","rotation":270},"down":{"uv":[10,5,16,13.25],"texture":"#1","rotation":90}}},{"name":"bord","from":[11.35893,9.01,5.88108],"to":[14.35893,9.99,10.13108],"rotation":{"angle":0,"axis":"y","origin":[9.51115,9.5,11.42662]},"faces":{"north":{"uv":[0,0,3,0.98],"texture":"#0"},"east":{"uv":[7.25,6,16.5,7.97969],"texture":"#2"},"south":{"uv":[0,0,3,0.98],"texture":"#0"},"west":{"uv":[0,0,4.25,0.98],"texture":"#0"},"up":{"uv":[10,5,16,13.25],"texture":"#1"},"down":{"uv":[10,5,16,13.25],"texture":"#1"}}},{"name":"bord","from":[1.63102,9.01,5.88636],"to":[4.63102,9.99,10.13636],"rotation":{"angle":0,"axis":"y","origin":[6.47974,9.5,11.43274]},"faces":{"north":{"uv":[0,0,3,0.98],"texture":"#0"},"east":{"uv":[0,0,4.25,0.98],"texture":"#0"},"south":{"uv":[0,0,3,0.98],"texture":"#0"},"west":{"uv":[0,0,8.25,1.97969],"texture":"#2"},"up":{"uv":[0,4,6,12.25],"texture":"#1"},"down":{"uv":[0,4,6,12.25],"texture":"#1"}}},{"name":"bord","from":[11,9,5],"to":[14,10,11],"rotation":{"angle":45,"axis":"y","origin":[8.00057,9.5,8.01574]},"faces":{"north":{"uv":[0,0,3,1],"texture":"#0"},"east":{"uv":[0,0,12,2],"texture":"#2"},"south":{"uv":[0,0,3,1],"texture":"#0"},"west":{"uv":[0,0,6,1],"texture":"#0"},"up":{"uv":[10,2,16,14],"texture":"#1"},"down":{"uv":[10,2,16,14],"texture":"#1"}}},{"name":"bord","from":[5,9,5],"to":[11,10,11],"rotation":{"angle":45,"axis":"y","origin":[8.00057,9.5,8.01574]},"faces":{"north":{"uv":[0,0,6,1],"texture":"#0"},"east":{"uv":[0,0,6,1],"texture":"#0"},"south":{"uv":[0,0,6,1],"texture":"#0"},"west":{"uv":[0,0,6,1],"texture":"#0"},"up":{"uv":[3,2,15,14],"texture":"#1"},"down":{"uv":[3,2,15,14],"texture":"#1"}}},{"name":"bord","from":[5,9,11],"to":[11,10,14],"rotation":{"angle":45,"axis":"y","origin":[8.00057,9.5,8.01574]},"faces":{"north":{"uv":[0,0,6,1],"texture":"#0"},"east":{"uv":[0,0,7,2],"texture":"#2"},"south":{"uv":[0,0,12,2],"texture":"#2"},"west":{"uv":[0,0,13,2],"texture":"#2"},"up":{"uv":[3,10,15,16],"texture":"#1"},"down":{"uv":[2,0,15,6],"texture":"#1"}}},{"name":"bord","from":[2,9,5],"to":[5,10,11],"rotation":{"angle":45,"axis":"y","origin":[8.00057,9.5,8.01574]},"faces":{"north":{"uv":[0,0,3,1],"texture":"#0"},"east":{"uv":[0,0,6,1],"texture":"#2"},"south":{"uv":[0,0,3,1],"texture":"#0"},"west":{"uv":[0,0,10,2],"texture":"#2"},"up":{"uv":[0,2,6,14],"texture":"#1"},"down":{"uv":[0,2,6,14],"texture":"#1"}}},{"name":"bord","from":[5,9,2],"to":[11,10,5],"rotation":{"angle":45,"axis":"y","origin":[8.00057,9.5,8.01574]},"faces":{"north":{"uv":[0,0,12,2],"texture":"#2"},"east":{"uv":[0,0,3,1],"texture":"#0"},"south":{"uv":[0,0,6,1],"texture":"#2"},"west":{"uv":[0,0,3,1],"texture":"#2"},"up":{"uv":[3,0,15,6],"texture":"#1"},"down":{"uv":[3,10,15,16],"texture":"#1"}}},{"from":[10,10,8.7],"to":[11,11,9.7],"faces":{"north":{"uv":[0,0,1,1],"texture":"#5"},"east":{"uv":[0,0,1,1],"texture":"#5"},"south":{"uv":[0,0,1,1],"texture":"#5"},"west":{"uv":[0,0,1,1],"texture":"#5"},"up":{"uv":[0,0,1,1],"texture":"#5"},"down":{"uv":[0,0,1,1],"texture":"#5"}}},{"from":[11,10,10],"to":[12,11,11],"rotation":{"angle":22.5,"axis":"y","origin":[11.5,10.5,10.5]},"faces":{"north":{"uv":[0,0,1,1],"texture":"#5"},"east":{"uv":[0,0,1,1],"texture":"#5"},"south":{"uv":[0,0,1,1],"texture":"#5"},"west":{"uv":[0,0,1,1],"texture":"#5"},"up":{"uv":[0,0,1,1],"texture":"#5","rotation":90},"down":{"uv":[0,0,1,1],"texture":"#5","rotation":270}}},{"from":[5,10,11],"to":[6,11,12],"faces":{"north":{"uv":[0,0,1,1],"texture":"#5"},"east":{"uv":[0,0,1,1],"texture":"#5"},"south":{"uv":[0,0,1,1],"texture":"#5"},"west":{"uv":[0,0,1,1],"texture":"#5"},"up":{"uv":[0,0,1,1],"texture":"#5"},"down":{"uv":[0,0,1,1],"texture":"#5"}}},{"from":[4,10,7],"to":[5,11,8],"rotation":{"angle":22.5,"axis":"y","origin":[4.5,10.5,7.5]},"faces":{"north":{"uv":[0,0,1,1],"texture":"#5"},"east":{"uv":[0,0,1,1],"texture":"#5"},"south":{"uv":[0,0,1,1],"texture":"#5"},"west":{"uv":[0,0,1,1],"texture":"#5"},"up":{"uv":[0,0,1,1],"texture":"#5"},"down":{"uv":[0,0,1,1],"texture":"#5"}}},{"from":[9,10,5],"to":[10,11,6],"rotation":{"angle":-45,"axis":"y","origin":[9.5,10.5,5.5]},"faces":{"north":{"uv":[0,0,1,1],"texture":"#5"},"east":{"uv":[0,0,1,1],"texture":"#5"},"south":{"uv":[0,0,1,1],"texture":"#5"},"west":{"uv":[0,0,1,1],"texture":"#5"},"up":{"uv":[0,0,1,1],"texture":"#5"},"down":{"uv":[0,0,1,1],"texture":"#5"}}}],"display":{"head":{"rotation":[0,69,0],"translation":[0,14.5,0]},"gui":{"translation":[0.5,0.5,0],"rotation":[6,-15,0]}},"groups":[{"name":"pancake","isOpen":false,"shade":true,"display":{"visibility":true,"autouv":true},"children":[0,1,2,3,4,5,6,7,8]},{"name":"pancake","isOpen":false,"shade":true,"display":{"visibility":true,"autouv":true},"children":[9,10,11,12,13,14,15,16,17]},{"name":"pancake","isOpen":false,"shade":true,"display":{"visibility":true,"autouv":true},"children":[18,19,20,21,22,23,24,25,26]},{"name":"pancake2","isOpen":false,"shade":true,"display":{"visibility":true,"autouv":true},"children":[27,28,29,30,31,32,33,34,35]},{"name":"pancake2","isOpen":false,"shade":true,"display":{"visibility":true,"autouv":true},"children":[36,37,38,39,40,41,42,43,44]},{"name":"pancake2","shade":true,"display":{"visibility":true,"autouv":true},"children":[45,46,47,48,49,50,51,52,53]},{"name":"pancake2","isOpen":false,"shade":true,"display":{"visibility":true,"autouv":true},"children":[54,55,56,57,58,59,60,61,62]},{"name":"boter","isOpen":false,"shade":true,"display":{"visibility":true,"autouv":true},"children":[63]},{"name":"stroop","isOpen":true,"shade":true,"display":{"visibility":true,"autouv":true},"children":[64,65,66,67,68,69,70,71,72,73,74,75]},{"name":"pancake2","shade":true,"display":{"visibility":true,"autouv":true},"children":[76,77,78,79,80,81,82,83,84]},{"name":"pancake2","isOpen":false,"shade":true,"display":{"visibility":true,"autouv":true},"children":[85,86,87,88,89,90,91,92,93]},{"name":"pancake2","isOpen":true,"shade":true,"display":{"visibility":true,"autouv":true},"children":[94,95,96,97,98,99,100,101,102]},{"name":"group","isOpen":true,"shade":true,"display":{"visibility":true,"autouv":true},"children":[103,104,105,106,107]},{"name":"group","isOpen":true,"shade":true,"display":{"visibility":true,"autouv":true},"children":[]}],"credit":"Model by Craftventure"}