{"texture_size":[32,32],"textures":{"0":"custom/scarf","particle":"custom/scarf"},"elements":[{"from":[2.95,21.5,3.9],"to":[13.05,24.6,13],"faces":{"north":{"uv":[0,4.5,5,6],"texture":"#0"},"east":{"uv":[0,6,4.5,7.5],"texture":"#0"},"south":{"uv":[0,4.5,5,6],"texture":"#0"},"west":{"uv":[0,6,4.5,7.5],"texture":"#0"},"up":{"uv":[0,0,5,4.5],"texture":"#0"},"down":{"uv":[0,7.5,5,12],"texture":"#0"}}},{"from":[8,14.55,3.95],"to":[10,21.55,5.95],"rotation":{"angle":0,"axis":"z","origin":[8,21.55,4.95]},"faces":{"north":{"uv":[5,0,6,3.5],"texture":"#0"},"east":{"uv":[5,0,6,3.5],"texture":"#0"},"south":{"uv":[5,0,6,3.5],"texture":"#0"},"west":{"uv":[5,0,6,3.5],"texture":"#0"},"up":{"uv":[1.5,7,2.5,7.5],"texture":"#0"},"down":{"uv":[3.5,7.5,4.5,8],"texture":"#0"}}},{"from":[6,16.55,3.975],"to":[8,21.55,5.975],"rotation":{"angle":-22.5,"axis":"z","origin":[8,21.55,4.95]},"faces":{"north":{"uv":[6,0,7,2.5],"texture":"#0"},"east":{"uv":[6,0,7,2.5],"texture":"#0"},"south":{"uv":[6,0,7,2.5],"texture":"#0"},"west":{"uv":[6,0,7,2.5],"texture":"#0"},"up":{"uv":[1.5,7,2.5,7.5],"texture":"#0"},"down":{"uv":[3.5,7.5,4.5,8],"texture":"#0"}}}],"display":{"thirdperson_righthand":{"translation":[0,-10,0]},"gui":{"rotation":[30,225,0],"translation":[0,-10.5,0]},"head":{"translation":[0,-29.8,-0.75],"scale":[1.6,1.6,1.6]},"fixed":{"rotation":[-90,0,0],"translation":[0,-11.75,29],"scale":[2,2,2]}},"credit":"Model by Craftventure"}