{"textures":{"11":"block/anvil","particle":"block/anvil","uitlaat top ":"block/dispenser_front","uitlaat zijkant":"block/furnace_side","furnace_front":"block/comparator_on","geel":"block/yellow_wool","paars":"block/white_concrete","glass":"block/glass","texture":"block/cyan_terracotta","grill2":"block/grill2","daylight_detector_top":"block/daylight_detector_top"},"elements":[{"name":"onderstoel","from":[1,4.9,7.1875],"to":[15,7.7,15.5875],"rotation":{"angle":0,"axis":"y","origin":[8,8,12]},"faces":{"north":{"uv":[3,10.5,13,12.5],"texture":"#texture"},"east":{"uv":[5.4375,10.5,11.4375,12.5],"texture":"#texture"},"south":{"uv":[3,10.5,13,12.5],"texture":"#texture"},"west":{"uv":[4.5625,10.5,10.5625,12.5],"texture":"#texture"},"up":{"uv":[3,4.5625,13,10.5625],"texture":"#texture"},"down":{"uv":[13,10.5625,3,4.5625],"texture":"#texture"}}},{"name":"stoel","from":[2.4,7.7,6.575],"to":[13.6,9.1,14.975],"rotation":{"angle":0,"axis":"y","origin":[8,8,12]},"faces":{"north":{"uv":[0,0,16,2.5],"texture":"#11"},"east":{"uv":[0,0,16,2],"texture":"#11"},"south":{"uv":[0,0,16,2],"texture":"#11"},"west":{"uv":[0,0,16,2.5],"texture":"#11"},"up":{"uv":[3,0,14.2,8.4],"rotation":180,"texture":"#11"},"down":{"uv":[3,0,14.2,8.4],"rotation":180,"texture":"#11"}}},{"name":"stoel","from":[2.4,7.7,14.1875],"to":[13.6,9.1,16.2875],"rotation":{"angle":-45,"axis":"x","origin":[2.4,9.1,14.1875]},"faces":{"north":{"uv":[4,10.5,12,12.5],"texture":"#11"},"east":{"uv":[0,10.5,4.5,12.5],"texture":"#11"},"south":{"uv":[4,10.5,12,12.5],"texture":"#11"},"west":{"uv":[11.5,10.5,16,12.5],"texture":"#11"},"up":{"uv":[0,11.5,16,16],"texture":"#11"},"down":{"uv":[0,16,16,12],"texture":"#11"}}},{"name":"stoelding*","from":[0.3,16.975,-0.95],"to":[15.7,17.675,-0.25],"rotation":{"angle":22.5,"axis":"x","origin":[0.3,17.675,-0.95]},"faces":{"north":{"uv":[3,5.5,4,12],"texture":"#texture"},"east":{"uv":[12,5.5,13.5,12],"texture":"#texture"},"south":{"uv":[3,5.5,4,12],"texture":"#texture"},"west":{"uv":[12,5.5,13.5,12],"texture":"#texture"},"up":{"uv":[3,12,4,13.5],"texture":"#texture"},"down":{"uv":[3,12,4,13.5],"texture":"#texture"}}},{"name":"stoelding*","from":[15,11.4625,-1.2125],"to":[15.7,17.0625,-0.5125],"rotation":{"angle":22.5,"axis":"x","origin":[15,17.0625,-1.2125]},"faces":{"north":{"uv":[3,5.5,4,12],"texture":"#texture"},"east":{"uv":[12,5.5,13.5,12],"texture":"#texture"},"south":{"uv":[3,5.5,4,12],"texture":"#texture"},"west":{"uv":[12,5.5,13.5,12],"texture":"#texture"},"up":{"uv":[3,12,4,13.5],"texture":"#texture"},"down":{"uv":[3,12,4,13.5],"texture":"#texture"}}},{"name":"stoelding*","from":[0.3,12.1625,-1.2125],"to":[1,17.0625,-0.5125],"rotation":{"angle":22.5,"axis":"x","origin":[0.3,17.0625,-1.2125]},"faces":{"north":{"uv":[3,5.5,4,12],"texture":"#texture"},"east":{"uv":[12,5.5,13.5,12],"texture":"#texture"},"south":{"uv":[3,5.5,4,12],"texture":"#texture"},"west":{"uv":[12,5.5,13.5,12],"texture":"#texture"},"up":{"uv":[3,12,4,13.5],"texture":"#texture"},"down":{"uv":[3,12,4,13.5],"texture":"#texture"}}},{"name":"uitlaat*","from":[12.2,2.8,21.1],"to":[13.6,4.2,28.8],"rotation":{"angle":0,"axis":"y","origin":[8,8,12]},"faces":{"north":{"uv":[5,5,11,11],"texture":"#uitlaat top "},"east":{"uv":[6,9,11.5,10],"texture":"#uitlaat zijkant"},"south":{"uv":[5,7,11,13],"texture":"#uitlaat top "},"west":{"uv":[2,13,7.5,14],"texture":"#uitlaat zijkant"},"up":{"uv":[13,10,14,14],"texture":"#uitlaat zijkant"},"down":{"uv":[13,10,14,14],"texture":"#uitlaat zijkant"}}},{"name":"lampenvoor*","from":[0.3,3.5,25.3],"to":[1.7,4.9,26.7],"rotation":{"angle":0,"axis":"y","origin":[8,8,12]},"faces":{"north":{"uv":[12.5,12.5,13.5,13.5],"texture":"#11"},"east":{"uv":[0,12.5,1,13.5],"texture":"#11"},"south":{"uv":[2.5,12.5,3.5,13.5],"texture":"#11"},"west":{"uv":[15,13,16,14],"texture":"#11"},"up":{"uv":[2.5,15,3.5,16],"texture":"#11"},"down":{"uv":[13.5,15,12.5,16],"texture":"#11"}}},{"name":"lampenvoor*","from":[-2.7625,2.925,25.9125],"to":[-0.6625,5.725,26.6125],"rotation":{"angle":-22.5,"axis":"y","origin":[-2.7625,2.925,25.9125]},"faces":{"north":{"uv":[13,12,15.1,14.8],"texture":"#11"},"east":{"uv":[16,12.5,16,14],"texture":"#11"},"south":{"uv":[13,12,15.1,14.8],"texture":"#11"},"west":{"uv":[0,12.5,1,14],"texture":"#11"},"up":{"uv":[6,3,7.5,4],"texture":"#11"},"down":{"uv":[1.5,0,0,1],"texture":"#11"}}},{"name":"lampenvoor*","from":[16.8375,2.925,26.7875],"to":[18.9375,5.725,27.4875],"rotation":{"angle":22.5,"axis":"y","origin":[16.8375,2.925,26.7875]},"faces":{"north":{"uv":[13,12,15.1,14.8],"texture":"#11"},"east":{"uv":[12,10,13,11.5],"texture":"#11"},"south":{"uv":[13,12,15.1,14.8],"texture":"#11"},"west":{"uv":[0,12.5,0,14],"texture":"#11"},"up":{"uv":[7,2,8.5,3],"texture":"#11"},"down":{"uv":[1.5,0,0,1],"texture":"#11"}}},{"name":"lampenvoor*","from":[-1.1,2.925,26.7],"to":[17.1,5.725,27.4],"rotation":{"angle":0,"axis":"y","origin":[8,8.125,12]},"faces":{"north":{"uv":[0,12,16,14.8],"texture":"#11"},"east":{"uv":[0,12,0,14],"texture":"#11"},"south":{"uv":[0,12,16,14.8],"texture":"#11"},"west":{"uv":[16,12,16,14],"texture":"#11"},"up":{"uv":[1,13,14,14],"texture":"#11"},"down":{"uv":[14,14,1,15],"texture":"#11"}}},{"name":"lampenvoor*","from":[2.4,4.9,-9],"to":[13.6,11.9,-8.3],"rotation":{"angle":0,"axis":"y","origin":[8,8,12]},"faces":{"north":{"uv":[4,7.5,13.5,14],"texture":"#grill2"},"east":{"uv":[0,7.5,0.5,12.5],"texture":"#grill2"},"south":{"uv":[4,7.5,13.5,14],"texture":"#paars","tintindex":1},"west":{"uv":[0,7.5,0.5,12.5],"texture":"#grill2"},"up":{"uv":[4,0,12,0.5],"texture":"#grill2"},"down":{"uv":[4,0,12,0.5],"texture":"#grill2"}}},{"name":"paars*","from":[13.6,4.9,-9.7],"to":[16.4,11.9,-9],"rotation":{"angle":0,"axis":"y","origin":[8,8,12]},"faces":{"north":{"uv":[2.5,8.5,5.3,15.5],"texture":"#paars","tintindex":1},"east":{"uv":[15,8.5,16,9.5],"texture":"#paars","tintindex":1},"south":{"uv":[2.5,8.5,13.5,9.5],"texture":"#paars","tintindex":1},"west":{"uv":[0,4,0.7,11],"texture":"#paars","tintindex":1}}},{"name":"paars*","from":[-0.4,4.9,-9.7],"to":[2.4,11.9,-9],"rotation":{"angle":0,"axis":"y","origin":[8,8,12]},"faces":{"north":{"uv":[2.5,8.5,5.3,15.5],"texture":"#paars","tintindex":1},"east":{"uv":[5,6,5.7,13],"texture":"#paars","tintindex":1},"south":{"uv":[2.5,8.5,13.5,9.5],"texture":"#paars","tintindex":1},"west":{"uv":[0,8.5,1,9.5],"texture":"#paars","tintindex":1}}},{"name":"uitlaat","from":[14.3,2.8,21.1],"to":[15.7,4.2,28.8],"rotation":{"angle":0,"axis":"y","origin":[8,8,12]},"faces":{"north":{"uv":[5,5,11,11],"texture":"#uitlaat top "},"east":{"uv":[5,10,10.499,11],"texture":"#uitlaat zijkant"},"south":{"uv":[5,7,11,13],"texture":"#uitlaat top "},"west":{"uv":[2,13,7.5,14],"texture":"#uitlaat zijkant"},"up":{"uv":[13,10,14,14],"texture":"#uitlaat zijkant"},"down":{"uv":[13,10,14,14],"texture":"#uitlaat zijkant"}}},{"name":"stoelding*","from":[-1.8875,12.1625,23.9],"to":[-1.1875,13.5625,24.6],"rotation":{"angle":22.5,"axis":"z","origin":[-1.1875,13.5625,23.9]},"faces":{"north":{"uv":[4,5.5,3,12],"texture":"#texture"},"east":{"uv":[13.5,5.5,12,12],"texture":"#texture"},"south":{"uv":[4,5.5,3,12],"texture":"#texture"},"west":{"uv":[13.5,5.5,12,12],"texture":"#texture"},"up":{"uv":[4,12,3,13.5],"texture":"#texture"},"down":{"uv":[4,12,3,13.5],"texture":"#texture"}}},{"name":"stoelding*","from":[17.1875,12.1625,23.9],"to":[17.8875,13.5625,24.6],"rotation":{"angle":-22.5,"axis":"z","origin":[17.1875,13.5625,23.9]},"faces":{"north":{"uv":[3,5.5,4,12],"texture":"#texture"},"east":{"uv":[12,5.5,13.5,12],"texture":"#texture"},"south":{"uv":[3,5.5,4,12],"texture":"#texture"},"west":{"uv":[12,5.5,13.5,12],"texture":"#texture"},"up":{"uv":[3,12,4,13.5],"texture":"#texture"},"down":{"uv":[3,12,4,13.5],"texture":"#texture"}}},{"name":"stoelding*","from":[0.3,12.1625,26.0875],"to":[1,13.5625,26.7875],"rotation":{"angle":22.5,"axis":"x","origin":[0.3,13.5625,26.0875]},"faces":{"north":{"uv":[3,5.5,4,12],"texture":"#texture"},"east":{"uv":[12,5.5,13.5,12],"texture":"#texture"},"south":{"uv":[3,5.5,4,12],"texture":"#texture"},"west":{"uv":[12,5.5,13.5,12],"texture":"#texture"},"up":{"uv":[3,12,4,13.5],"texture":"#texture"},"down":{"uv":[3,12,4,13.5],"texture":"#texture"}}},{"name":"stoelding*","from":[15,12.1625,26.0875],"to":[15.7,13.5625,26.7875],"rotation":{"angle":22.5,"axis":"x","origin":[15,13.5625,26.0875]},"faces":{"north":{"uv":[3,5.5,4,12],"texture":"#texture"},"east":{"uv":[12,5.5,13.5,12],"texture":"#texture"},"south":{"uv":[3,5.5,4,12],"texture":"#texture"},"west":{"uv":[12,5.5,13.5,12],"texture":"#texture"},"up":{"uv":[3,12,4,13.5],"texture":"#texture"},"down":{"uv":[3,12,4,13.5],"texture":"#texture"}}},{"name":"stoelding*","from":[-1.8875,12.1625,14.8],"to":[-1.1875,13.5625,15.5],"rotation":{"angle":22.5,"axis":"z","origin":[-1.1875,13.5625,14.8]},"faces":{"north":{"uv":[4,5.5,3,12],"texture":"#texture"},"east":{"uv":[13.5,5.5,12,12],"texture":"#texture"},"south":{"uv":[4,5.5,3,12],"texture":"#texture"},"west":{"uv":[13.5,5.5,12,12],"texture":"#texture"},"up":{"uv":[4,12,3,13.5],"texture":"#texture"},"down":{"uv":[4,12,3,13.5],"texture":"#texture"}}},{"name":"stoelding*","from":[17.1875,12.1625,14.8],"to":[17.8875,13.5625,15.5],"rotation":{"angle":-22.5,"axis":"z","origin":[17.1875,13.5625,14.8]},"faces":{"north":{"uv":[3,5.5,4,12],"texture":"#texture"},"east":{"uv":[12,5.5,13.5,12],"texture":"#texture"},"south":{"uv":[3,5.5,4,12],"texture":"#texture"},"west":{"uv":[12,5.5,13.5,12],"texture":"#texture"},"up":{"uv":[3,12,4,13.5],"texture":"#texture"},"down":{"uv":[3,12,4,13.5],"texture":"#texture"}}},{"name":"stoelding*","from":[-1.1,13.3,26],"to":[17.1,14,26.7],"rotation":{"angle":0,"axis":"y","origin":[8,8,12]},"faces":{"north":{"uv":[0,13,16,13.7],"texture":"#texture"},"east":{"uv":[0,1,0.7,1.7],"texture":"#texture"},"south":{"uv":[0,1,16,1.7],"texture":"#texture"},"west":{"uv":[0,1,0.7,1.7],"texture":"#texture"},"up":{"uv":[0,4,16,4.699],"texture":"#texture"},"down":{"uv":[0,10,16,10.699],"texture":"#texture"}}},{"name":"stoelding*","from":[-1.8,13.3,14.1],"to":[-1.1,14,26.7],"rotation":{"angle":0,"axis":"y","origin":[8,8,12]},"faces":{"north":{"uv":[0.7,0,0,0.7],"texture":"#texture"},"east":{"uv":[12.6,0,0,0.7],"texture":"#texture"},"south":{"uv":[0.7,0,0,0.7],"texture":"#texture"},"west":{"uv":[12.6,0,0,0.7],"texture":"#texture"},"up":{"uv":[0.7,0,0,12.6],"texture":"#texture"},"down":{"uv":[0.7,0,0,12.6],"texture":"#texture"}}},{"name":"stoelding*","from":[17.1,13.3,14.1],"to":[17.8,14,26.7],"rotation":{"angle":0,"axis":"y","origin":[8,8,12]},"faces":{"north":{"uv":[0,0,0.7,0.7],"texture":"#texture"},"east":{"uv":[0,0,12.6,0.7],"texture":"#texture"},"south":{"uv":[0,0,0.7,0.7],"texture":"#texture"},"west":{"uv":[0,0,12.6,0.7],"texture":"#texture"},"up":{"uv":[0,0,0.7,12.6],"texture":"#texture"},"down":{"uv":[0,0,0.7,12.6],"texture":"#texture"}}},{"name":"lampenvoor*","from":[14.3,9.8,-10.4],"to":[16.4,11.9,-9.7],"rotation":{"angle":0,"axis":"y","origin":[8,8,12]},"faces":{"north":{"uv":[7,7,9,9],"texture":"#daylight_detector_top"},"east":{"uv":[0,7.5,0.5,9],"texture":"#11"},"south":{"uv":[12.5,7.5,14,9],"texture":"#11"},"west":{"uv":[0,7.5,0.5,9],"texture":"#11"},"up":{"uv":[12.5,0,14,0.5],"texture":"#11"},"down":{"uv":[12.5,0,14,0.5],"texture":"#11"}}},{"name":"lampenvoor","from":[-0.4,9.8,-10.4],"to":[1.7,11.9,-9.7],"rotation":{"angle":0,"axis":"y","origin":[8,8,12]},"faces":{"north":{"uv":[7,7,9,9],"texture":"#daylight_detector_top"},"east":{"uv":[0,7.5,0.5,9],"texture":"#11"},"south":{"uv":[2,7.5,3.5,9],"texture":"#11"},"west":{"uv":[0,7.5,0.5,9],"texture":"#11"},"up":{"uv":[2,0,3.5,0.5],"texture":"#11"},"down":{"uv":[2,0,3.5,0.5],"texture":"#11"}}},{"name":"stoelding*","from":[-0.4,6.3,16.2],"to":[16.4,9.8,25.3],"rotation":{"angle":0,"axis":"y","origin":[8,8,12]},"faces":{"north":{"uv":[2,9,14,11.5],"texture":"#11"},"east":{"uv":[9,9,15.5,11.5],"texture":"#11"},"south":{"uv":[2,9,14,11.5],"texture":"#11"},"west":{"uv":[9,9,15.5,11.5],"texture":"#11"},"up":{"uv":[1.5,9.5,13.5,16],"texture":"#11"},"down":{"uv":[0,6,16,15.1],"texture":"#11"}}},{"name":"paars*","from":[16.8375,7.2625,25.2867],"to":[18.2375,9.3625,26.6853],"rotation":{"angle":-45,"axis":"z","origin":[16.8375,9.3625,25.2867]},"faces":{"north":{"uv":[2.5,8.5,13.5,9.5],"texture":"#paars","tintindex":1},"east":{"uv":[10,7,11.4,9.1],"texture":"#paars","tintindex":1},"south":{"uv":[2.5,8.5,3.9,10.6],"texture":"#paars","tintindex":1},"west":{"uv":[0,8.5,0,9.5],"texture":"#paars","tintindex":1},"up":{"uv":[2.5,0,13.5,0],"texture":"#paars","tintindex":1},"down":{"uv":[13.5,0,2.5,0],"texture":"#paars","tintindex":1}}},{"name":"paars*","from":[16.4,8.4,14.1],"to":[17.8,12.6,26.7],"rotation":{"angle":0,"axis":"y","origin":[8,8,12]},"faces":{"north":{"uv":[2.5,8.5,13.5,9.5],"texture":"#paars","tintindex":1},"east":{"uv":[0,3,12.6,7.2],"texture":"#paars","tintindex":1},"south":{"uv":[2,4,3.4,8.2],"texture":"#paars","tintindex":1},"west":{"uv":[0,8.5,12.6,12.7],"texture":"#paars","tintindex":1},"up":{"uv":[0,0,1.4,12.6],"texture":"#paars","tintindex":1},"down":{"uv":[13.5,0,2.5,0],"texture":"#paars","tintindex":1}}},{"name":"paars*","from":[-0.4,4.025,25.3875],"to":[16.4,7.525,26.7875],"rotation":{"angle":22.5,"axis":"x","origin":[-0.4,7.525,25.3875]},"faces":{"north":{"uv":[2.5,8.5,13.5,9.5],"texture":"#paars","tintindex":1},"east":{"uv":[6,5,7.4,8.5],"texture":"#paars","tintindex":1},"south":{"uv":[0,0,16,3.5],"texture":"#paars","tintindex":1},"west":{"uv":[0,8.5,1.4,12],"texture":"#paars","tintindex":1},"up":{"uv":[2.5,0,13.5,0],"texture":"#paars","tintindex":1},"down":{"uv":[13.5,0,2.5,0],"texture":"#paars","tintindex":1}}},{"name":"paars*","from":[-1.8,6.3,25.2867],"to":[-0.4,8.4,26.6853],"rotation":{"angle":45,"axis":"z","origin":[-1.8,8.4,25.2867]},"faces":{"north":{"uv":[2.5,8.5,13.5,9.5],"texture":"#paars","tintindex":1},"east":{"uv":[16,8.5,16,9.5],"texture":"#paars","tintindex":1},"south":{"uv":[2.5,8.5,3.9,10.6],"texture":"#paars","tintindex":1},"west":{"uv":[0,8.5,1.4,10.6],"texture":"#paars","tintindex":1},"up":{"uv":[2.5,0,13.5,0],"texture":"#paars","tintindex":1},"down":{"uv":[13.5,0,2.5,0],"texture":"#paars","tintindex":1}}},{"name":"paars*","from":[-0.4,7,25.3],"to":[16.4,12.6,26.7],"rotation":{"angle":0,"axis":"y","origin":[8,8,12]},"faces":{"north":{"uv":[0,0,16,5.6],"texture":"#paars","tintindex":1},"east":{"uv":[16,8.5,16,9.5],"texture":"#paars","tintindex":1},"south":{"uv":[0,1,16,6.6],"texture":"#paars","tintindex":1},"west":{"uv":[0,8.5,0,9.5],"texture":"#paars","tintindex":1},"up":{"uv":[0,0,16,1.4],"texture":"#paars","tintindex":1},"down":{"uv":[13.5,0,2.5,0],"texture":"#paars","tintindex":1}}},{"name":"paars*","from":[-1.7902,6.9125,2.375],"to":[-0.3916,10.4125,4.475],"rotation":{"angle":-22.5,"axis":"x","origin":[-1.7902,10.4125,2.375]},"faces":{"north":{"uv":[2.5,8.5,13.5,9.5],"texture":"#paars","tintindex":1},"east":{"uv":[6.1,2,4,5.5],"texture":"#paars","tintindex":1},"south":{"uv":[3.8986,8.5,2.5,12],"texture":"#paars","tintindex":1},"west":{"uv":[2.1,8.5,0,12],"texture":"#paars","tintindex":1},"up":{"uv":[2.5,0,13.5,0],"texture":"#paars","tintindex":1},"down":{"uv":[13.5,0,2.5,0],"texture":"#paars","tintindex":1}}},{"name":"paars*","from":[16.3916,6.9125,2.375],"to":[17.7902,10.4125,4.475],"rotation":{"angle":-22.5,"axis":"x","origin":[17.7902,10.4125,2.375]},"faces":{"north":{"uv":[13.5,8.5,2.5,9.5],"texture":"#paars","tintindex":1},"east":{"uv":[0,8.5,2.1,12],"texture":"#paars","tintindex":1},"south":{"uv":[2.5,8.5,3.8986,12],"texture":"#paars","tintindex":1},"west":{"uv":[4,2,6.1,5.5],"texture":"#paars","tintindex":1},"up":{"uv":[13.5,0,2.5,0],"texture":"#paars","tintindex":1},"down":{"uv":[2.5,0,13.5,0],"texture":"#paars","tintindex":1}}},{"name":"paars*","from":[16.4,4.2,1.5],"to":[17.8,9.8,14.1],"rotation":{"angle":0,"axis":"y","origin":[8,8,12]},"faces":{"north":{"uv":[2.5,8.5,13.5,9.5],"texture":"#paars","tintindex":1},"east":{"uv":[1,3,13.6,8.599],"texture":"#paars","tintindex":1},"south":{"uv":[2.5,8.5,13.5,9.5],"texture":"#paars","tintindex":1},"west":{"uv":[0,8.5,12.6,14.1],"texture":"#paars","tintindex":1},"up":{"uv":[2.5,0,3.9,12.6],"texture":"#paars","tintindex":1},"down":{"uv":[13.5,0,2.5,0],"texture":"#paars","tintindex":1}}},{"name":"paars*","from":[-1.8,4.2,1.5],"to":[-0.4,9.8,14.1],"rotation":{"angle":0,"axis":"y","origin":[8,8,12]},"faces":{"north":{"uv":[2.5,8.5,13.5,9.5],"texture":"#paars","tintindex":1},"east":{"uv":[0,2,12.6,7.6],"texture":"#paars","tintindex":1},"south":{"uv":[2.5,8.5,13.5,9.5],"texture":"#paars","tintindex":1},"west":{"uv":[0,8.5,12.6,14.1],"texture":"#paars","tintindex":1},"up":{"uv":[1,0,2.4,12.6],"texture":"#paars","tintindex":1},"down":{"uv":[13.5,0,2.5,0],"texture":"#paars","tintindex":1}}},{"name":"paars*","from":[1.7,11.9,-9.7],"to":[14.3,13.3,0.8],"rotation":{"angle":0,"axis":"y","origin":[8,8,12]},"faces":{"north":{"uv":[3.5,6.5,16.1,7.9],"texture":"#paars","tintindex":1},"east":{"uv":[0,6.5,7.5,7.5],"texture":"#paars","tintindex":1},"south":{"uv":[3.5,6.5,12.5,7.5],"texture":"#paars","tintindex":1},"west":{"uv":[0,6.5,7.5,7.5],"texture":"#paars","tintindex":1},"up":{"uv":[0,0,12.6,10.5],"texture":"#paars","tintindex":1},"down":{"uv":[0,0,12.6,10.5],"texture":"#paars","tintindex":1}}},{"name":"paars*","from":[16.4875,4.025,-9.6783],"to":[17.8875,8.925,25.2867],"rotation":{"angle":-22.5,"axis":"z","origin":[16.4875,8.925,-9.6783]},"faces":{"north":{"uv":[2.5,8.5,3.9,13.4],"texture":"#paars","tintindex":1},"east":{"uv":[0,4,16,8.9],"texture":"#paars","tintindex":1},"south":{"uv":[2.5,8.5,13.5,9.5],"texture":"#paars","tintindex":1},"west":{"uv":[0,5,16,9.9],"texture":"#paars","tintindex":1}}},{"name":"paars*","from":[-1.8,7.7,-9.7],"to":[-0.4,11.1375,4.3],"rotation":{"angle":0,"axis":"y","origin":[8,8,12]},"faces":{"north":{"uv":[3.9,8.5,2.5,12],"texture":"#paars","tintindex":1},"east":{"uv":[14,8.5,0,12],"texture":"#paars","tintindex":1},"south":{"uv":[13.5,8.5,2.5,9.5],"texture":"#paars","tintindex":1},"west":{"uv":[14,3,0,6.5],"texture":"#paars","tintindex":1},"down":{"uv":[2.5,0,13.5,0],"texture":"#paars","tintindex":1}}},{"name":"paars*","from":[16.4,7.7,-9.7],"to":[17.8,11.1375,4.3],"rotation":{"angle":0,"axis":"y","origin":[8,8,12]},"faces":{"north":{"uv":[2.5,8.5,3.9,12],"texture":"#paars","tintindex":1},"east":{"uv":[0,3,14,6.5],"texture":"#paars","tintindex":1},"south":{"uv":[2.5,8.5,13.5,9.5],"texture":"#paars","tintindex":1},"west":{"uv":[0,8.5,14,12],"texture":"#paars","tintindex":1},"down":{"uv":[13.5,0,2.5,0],"texture":"#paars","tintindex":1}}},{"name":"paars*","from":[-2.4399,11.2,-9.7],"to":[-0.3399,12.6,4.3],"rotation":{"angle":45,"axis":"z","origin":[-0.3399,12.6,-9.7]},"faces":{"north":{"uv":[12.1,5,10,6.399],"texture":"#paars","tintindex":1},"east":{"uv":[0,3,14,4.399],"texture":"#paars","tintindex":1},"south":{"uv":[10.1,5,8,6.399],"texture":"#paars","tintindex":1},"up":{"uv":[9.1,0,7,14],"texture":"#paars","tintindex":1},"down":{"uv":[15.4375,0,13.9375,10],"texture":"#paars","tintindex":1}}},{"name":"paars*","from":[-0.3375,11.2,-9.7],"to":[1,12.6,0.8],"rotation":{"angle":0,"axis":"y","origin":[8,8,12]},"faces":{"north":{"uv":[9.4,2,8,3.4],"texture":"#paars","tintindex":1},"east":{"uv":[10.5,3,0,4.375],"texture":"#paars","tintindex":1},"south":{"uv":[15.875,3,14.5,4.375],"texture":"#paars","tintindex":1},"west":{"uv":[10.5,3,0,4.375],"texture":"#paars","tintindex":1},"up":{"uv":[8.4,0,7,10.5],"texture":"#paars","tintindex":1},"down":{"uv":[15.375,0,14,10.5],"texture":"#paars","tintindex":1}}},{"name":"paars*","from":[16.3399,11.2,-9.7],"to":[18.4399,12.6,4.3],"rotation":{"angle":-45,"axis":"z","origin":[16.3399,12.6,-9.7]},"faces":{"north":{"uv":[10,5,12.1,6.399],"texture":"#paars","tintindex":1},"south":{"uv":[8,5,10.1,6.399],"texture":"#paars","tintindex":1},"west":{"uv":[0,0,14,1.4],"texture":"#paars","tintindex":1},"up":{"uv":[7,0,9.1,14],"texture":"#paars","tintindex":1},"down":{"uv":[13.9375,0,15.4375,10],"texture":"#paars","tintindex":1}}},{"name":"paars*","from":[15,11.2,-9.7],"to":[16.3375,12.6,0.8],"rotation":{"angle":0,"axis":"y","origin":[8,8,12]},"faces":{"north":{"uv":[8,2,9.4,3.4],"texture":"#paars","tintindex":1},"east":{"uv":[0,3,10.5,4.375],"texture":"#paars","tintindex":1},"south":{"uv":[14.5,3,15.875,4.375],"texture":"#paars","tintindex":1},"west":{"uv":[0,3,10.5,4.375],"texture":"#paars","tintindex":1},"up":{"uv":[7,0,8.4,10.5],"texture":"#paars","tintindex":1},"down":{"uv":[14,0,15.375,10.5],"texture":"#paars","tintindex":1}}},{"name":"paars*","from":[-1.8,3.9375,-9.6783],"to":[-0.4,8.8375,25.2867],"rotation":{"angle":22.5,"axis":"z","origin":[-1.8,8.8375,-9.6783]},"faces":{"north":{"uv":[2.5,8.5,3.9,13.4],"texture":"#paars","tintindex":1},"east":{"uv":[0,6,16,10.9],"texture":"#paars","tintindex":1},"south":{"uv":[3,3,4.4,7.9],"texture":"#paars","tintindex":1},"west":{"uv":[0,8.5,16,13.4],"texture":"#paars","tintindex":1}}},{"name":"paars*","from":[-1.78041,8.4,14.1],"to":[-0.38321,12.6,16.9],"rotation":{"angle":22.5,"axis":"x","origin":[-1.78041,12.6,14.1]},"faces":{"north":{"uv":[2.397,6,1,10.2],"texture":"#paars","tintindex":1},"east":{"uv":[6.799,2,4,6.2],"texture":"#paars","tintindex":1},"south":{"uv":[2.5,8.5,13.5,9.5],"texture":"#paars","tintindex":1},"west":{"uv":[2.8,3,0,7.2],"texture":"#paars","tintindex":1},"up":{"uv":[2.5,0,13.5,0],"texture":"#paars","tintindex":1},"down":{"uv":[13.5,0,2.5,0],"texture":"#paars","tintindex":1}}},{"name":"paars*","from":[16.38321,8.4,14.1],"to":[17.78041,12.6,16.9],"rotation":{"angle":22.5,"axis":"x","origin":[17.78041,12.6,14.1]},"faces":{"north":{"uv":[1,6,2.397,10.2],"texture":"#paars","tintindex":1},"east":{"uv":[0,3,2.8,7.2],"texture":"#paars","tintindex":1},"south":{"uv":[13.5,8.5,2.5,9.5],"texture":"#paars","tintindex":1},"west":{"uv":[4,2,6.799,6.2],"texture":"#paars","tintindex":1},"up":{"uv":[13.5,0,2.5,0],"texture":"#paars","tintindex":1},"down":{"uv":[2.5,0,13.5,0],"texture":"#paars","tintindex":1}}},{"name":"paars*","from":[-1.8,8.4,14.1],"to":[-0.4,12.6,26.7],"rotation":{"angle":0,"axis":"y","origin":[8,8,12]},"faces":{"north":{"uv":[2.5,8.5,13.5,9.5],"texture":"#paars","tintindex":1},"east":{"uv":[0,0,12.6,4.2],"texture":"#paars","tintindex":1},"south":{"uv":[2,6,3.4,10.2],"texture":"#paars","tintindex":1},"west":{"uv":[0,8.5,12.6,12.7],"texture":"#paars","tintindex":1},"up":{"uv":[0,0,1.4,12.6],"texture":"#paars","tintindex":1},"down":{"uv":[13.5,0,2.5,0],"texture":"#paars","tintindex":1}}},{"name":"paars*","from":[-0.4,3.5,-9.7],"to":[16.4,4.9,25.3],"rotation":{"angle":0,"axis":"y","origin":[8,8,12]},"faces":{"north":{"uv":[2.5,8.5,13.5,9.5],"texture":"#paars","tintindex":1},"east":{"uv":[0,5,16,6.399],"texture":"#paars","tintindex":1},"south":{"uv":[2.5,8.5,13.5,9.5],"texture":"#paars","tintindex":1},"west":{"uv":[0,8.5,16,9.9],"texture":"#paars","tintindex":1},"up":{"uv":[2.5,0,13.5,1],"texture":"#paars","tintindex":1},"down":{"uv":[0,0,16,16],"texture":"#paars","tintindex":1}}},{"name":"paars*","from":[-0.4,11.9,-9.7],"to":[1.7,13.3,0.8],"rotation":{"angle":45,"axis":"z","origin":[1.7,13.3,-9.7]},"faces":{"north":{"uv":[14.5375,6.5,12.4375,7.9],"texture":"#paars","tintindex":1},"south":{"uv":[13.9375,6.5,12.4375,7.5],"texture":"#paars","tintindex":1},"up":{"uv":[11.1,2,9,12.499],"texture":"#paars","tintindex":1},"down":{"uv":[13.9375,0,12.4375,7.5],"texture":"#paars","tintindex":1}}},{"name":"paars*","from":[14.3,11.9,-9.7],"to":[16.4,13.3,0.8],"rotation":{"angle":-45,"axis":"z","origin":[14.3,13.3,-9.7]},"faces":{"north":{"uv":[12.4375,6.5,14.5375,7.9],"texture":"#paars","tintindex":1},"south":{"uv":[12.4375,6.5,13.9375,7.5],"texture":"#paars","tintindex":1},"up":{"uv":[9,2,11.1,12.499],"texture":"#paars","tintindex":1},"down":{"uv":[12.4375,0,13.9375,7.5],"texture":"#paars","tintindex":1}}},{"name":"bodem","from":[0.3,4.9,-8.3],"to":[15.7,5.6,16.9],"rotation":{"angle":0,"axis":"y","origin":[8,8,12]},"faces":{"up":{"uv":[2.5,0,13.499,16],"texture":"#uitlaat top "}}},{"name":"achterlamp","from":[15,9.1,26.7],"to":[16.4,11.2,27.4],"rotation":{"angle":0,"axis":"y","origin":[8,8,12]},"faces":{"north":{"uv":[11,10.5,12,13.5],"texture":"#furnace_front"},"east":{"uv":[11,10.5,13,13.5],"texture":"#furnace_front"},"south":{"uv":[11,10.5,12,13.5],"texture":"#furnace_front"},"west":{"uv":[3,10.5,5,13.5],"texture":"#furnace_front"},"up":{"uv":[1,1,3,2],"texture":"#furnace_front"},"down":{"uv":[1,1,3,2],"texture":"#furnace_front"}}},{"name":"achterlamp","from":[-0.4,9.1,26.7],"to":[1,11.2,27.4],"rotation":{"angle":0,"axis":"y","origin":[8,8,12]},"faces":{"north":{"uv":[11,10.5,12,13.5],"texture":"#furnace_front"},"east":{"uv":[11,10.5,13,13.5],"texture":"#furnace_front"},"south":{"uv":[11,10.5,12,13.5],"texture":"#furnace_front"},"west":{"uv":[3,10.5,5,13.5],"texture":"#furnace_front"},"up":{"uv":[3,4,5,5],"texture":"#furnace_front"},"down":{"uv":[3,4,5,5],"texture":"#furnace_front"}}},{"name":"stoelding","from":[1,7,17.5824],"to":[2.4,16.1,19.6824],"rotation":{"angle":22.5,"axis":"x","origin":[1,16.1,17.5824]},"faces":{"north":{"uv":[3,5.5,4,12],"texture":"#texture"},"east":{"uv":[12,5.5,13.5,12],"texture":"#texture"},"south":{"uv":[3,5.5,4,12],"texture":"#texture"},"west":{"uv":[12,5.5,13.5,12],"texture":"#texture"},"up":{"uv":[3,12,4,13.5],"texture":"#texture"},"down":{"uv":[3,12,4,13.5],"texture":"#texture"}}},{"name":"stoelding","from":[13.6,7,17.5824],"to":[15,16.1,19.6824],"rotation":{"angle":22.5,"axis":"x","origin":[13.6,16.1,17.5824]},"faces":{"north":{"uv":[12,5.5,13,12],"texture":"#texture"},"east":{"uv":[12,5.5,13.5,12],"texture":"#texture"},"south":{"uv":[12,5.5,13,12],"texture":"#texture"},"west":{"uv":[12,5.5,13.5,12],"texture":"#texture"},"up":{"uv":[12,12,13,13.5],"texture":"#texture"},"down":{"uv":[12,12,13,13.5],"texture":"#texture"}}},{"name":"bodem","from":[0.3,4.2,-9],"to":[15.7,4.9,23.9],"rotation":{"angle":0,"axis":"y","origin":[8,8,12]},"faces":{"north":{"uv":[2.5,12.5,13.5,13],"texture":"#geel"},"east":{"uv":[0,12.5,16,13],"texture":"#geel"},"south":{"uv":[2.5,12.5,13.5,13],"texture":"#geel"},"west":{"uv":[0,12.5,16,13],"texture":"#geel"},"up":{"uv":[2.5,0,13.5,16],"texture":"#geel"},"down":{"uv":[13.5,16,2.5,0],"texture":"#geel"}}},{"name":"glas","from":[1,12.1625,-0.9625],"to":[15,17.0625,-0.7625],"rotation":{"angle":22.5,"axis":"x","origin":[1,17.0625,-1.2125]},"faces":{"north":{"uv":[0,0,16,6],"texture":"#glass"},"south":{"uv":[16,0,0,5.999],"texture":"#glass"}}},{"name":"stuur","from":[6.0575,15.2075,2.8125],"to":[7.0375,16.1875,3.7925],"rotation":{"angle":45,"axis":"x","origin":[6.0575,16.1875,2.8125]},"faces":{"north":{"uv":[8.5,6,9,6.5],"texture":"#texture"},"east":{"uv":[13.5,6,14,6.5],"texture":"#texture"},"south":{"uv":[7,6,7.5,6.5],"texture":"#texture"},"west":{"uv":[2,6,2.5,6.5],"texture":"#texture"},"up":{"uv":[0,0,0.5,0.5],"texture":"#texture"},"down":{"uv":[9,2.5,8.5,2],"texture":"#texture"}}},{"name":"stuur","from":[8.95,15.2075,2.8125],"to":[9.93,16.1875,3.7925],"rotation":{"angle":45,"axis":"x","origin":[9.1375,16.1875,2.8125]},"faces":{"north":{"uv":[7,6,7.5,6.5],"texture":"#texture"},"east":{"uv":[13.5,6,14,6.5],"texture":"#texture"},"south":{"uv":[8.5,6,9,6.5],"texture":"#texture"},"west":{"uv":[2,6,2.5,6.5],"texture":"#texture"},"up":{"uv":[0,0,0.5,0.5],"texture":"#texture"},"down":{"uv":[7.5,2.5,7,2],"texture":"#texture"}}},{"name":"stuurmidden","from":[6.95,0.5375,2.8125],"to":[9.05,16.1875,4.9125],"rotation":{"angle":45,"axis":"x","origin":[7.0375,16.1875,2.8125]},"faces":{"north":{"uv":[7,0,9.0625,11.875],"texture":"#texture"},"east":{"uv":[0,0,2.0625,11.875],"texture":"#texture"},"south":{"uv":[7,0,9.0625,11.875],"texture":"#texture"},"west":{"uv":[0,0,2.0625,11.875],"texture":"#texture"},"up":{"uv":[0,0,2.063,2.063],"texture":"#texture"},"down":{"uv":[7,0,9.0625,2.0625],"texture":"#texture"}}},{"name":"stuur","from":[9.925,15.82,1.9375],"to":[10.905,16.8,5.8575],"rotation":{"angle":45,"axis":"x","origin":[9.925,16.8,1.9375]},"faces":{"north":{"uv":[0,0,1,1],"texture":"#11"},"east":{"uv":[0,0,4,1],"texture":"#11"},"south":{"uv":[0,0,1,1],"texture":"#11"},"west":{"uv":[0,0,4,1],"texture":"#11"},"up":{"uv":[0,0,1,4],"texture":"#11"},"down":{"uv":[0,0,1,4],"texture":"#11"}}},{"name":"stuur","from":[6.075,13.1075,4.7375],"to":[9.995,14.0875,5.7175],"rotation":{"angle":45,"axis":"x","origin":[6.075,14.0875,4.7375]},"faces":{"north":{"uv":[0,0,4,1],"texture":"#11"},"east":{"uv":[0,0,1,1],"texture":"#11"},"south":{"uv":[0,0,4,1],"texture":"#11"},"west":{"uv":[0,0,1,1],"texture":"#11"},"up":{"uv":[0,0,4,1],"texture":"#11"},"down":{"uv":[0,0,4,1],"texture":"#11"}}},{"name":"stuur","from":[5.1125,15.82,2.025],"to":[6.0925,16.8,5.945],"rotation":{"angle":45,"axis":"x","origin":[5.1125,16.8,2.025]},"faces":{"north":{"uv":[0,0,1,1],"texture":"#11"},"east":{"uv":[0,0,4,1],"texture":"#11"},"south":{"uv":[0,0,1,1],"texture":"#11"},"west":{"uv":[0,0,4,1],"texture":"#11"},"up":{"uv":[0,0,1,4],"texture":"#11"},"down":{"uv":[0,0,1,4],"texture":"#11"}}},{"name":"stuur","from":[6.075,16.52,1.325],"to":[9.995,17.5,2.305],"rotation":{"angle":45,"axis":"x","origin":[6.075,17.5,1.325]},"faces":{"north":{"uv":[0,0,4,1],"texture":"#11"},"east":{"uv":[0,0,1,1],"texture":"#11"},"south":{"uv":[0,0,4,1],"texture":"#11"},"west":{"uv":[0,0,1,1],"texture":"#11"},"up":{"uv":[0,0,4,1],"texture":"#11"},"down":{"uv":[0,0,4,1],"texture":"#11"}}},{"name":"stoel","from":[2.4,9.8,17.6875],"to":[13.6,15.4,19.0875],"rotation":{"angle":22.5,"axis":"x","origin":[2.4,15.4,17.6875]},"faces":{"north":{"uv":[2,0,13.2,5.6],"texture":"#11"},"east":{"uv":[0,0,16,2.5],"texture":"#11"},"south":{"uv":[2,0,13.2,5.6],"texture":"#11"},"west":{"uv":[0,0,16,2.5],"texture":"#11"},"up":{"uv":[0,2,1.4,13.2],"rotation":270,"texture":"#11"},"down":{"uv":[0,0,16,2.5],"texture":"#11"}}},{"name":"lampenvoor*","from":[17.1,2.8,-11.8],"to":[19.2,5.6,-11.1],"rotation":{"angle":-22.5,"axis":"y","origin":[17.1,2.8,-11.8]},"faces":{"north":{"uv":[0,12.5,2.1,15.3],"texture":"#11"},"east":{"uv":[15,12.5,16,14],"texture":"#11"},"south":{"uv":[0,12.5,2.1,15.3],"texture":"#11"},"west":{"uv":[0,12.5,0,14],"texture":"#11"},"up":{"uv":[14.5,0,16,1],"texture":"#11"},"down":{"uv":[1.5,0,0,1],"texture":"#11"}}},{"name":"lampenvoor*","from":[-1.1,2.8,-11.8],"to":[17.1,5.6,-11.1],"rotation":{"angle":0,"axis":"y","origin":[8,8,12]},"faces":{"north":{"uv":[0,11,16,13.8],"texture":"#11"},"east":{"uv":[16,12,16,14],"texture":"#11"},"south":{"uv":[0,11,16,13.8],"texture":"#11"},"west":{"uv":[0,12,0,14],"texture":"#11"},"up":{"uv":[1,0,14,1],"texture":"#11"},"down":{"uv":[16,0,0,0.7],"texture":"#11"}}},{"name":"lampenvoor*","from":[-3.025,2.8,-11.0125],"to":[-0.925,5.6,-10.3125],"rotation":{"angle":22.5,"axis":"y","origin":[-3.025,2.8,-11.0125]},"faces":{"north":{"uv":[0,12.5,2.1,15.3],"texture":"#11"},"east":{"uv":[16,12.5,16,14],"texture":"#11"},"south":{"uv":[0,12.5,2.1,15.3],"texture":"#11"},"west":{"uv":[0,12.5,1,14],"texture":"#11"},"up":{"uv":[0,0,1.5,1],"texture":"#11"},"down":{"uv":[16,0,14.5,1],"texture":"#11"}}},{"name":"lampenvoor*","from":[0.3,3.5,-11.1],"to":[1.7,4.9,-9.7],"rotation":{"angle":0,"axis":"y","origin":[8,8,12]},"faces":{"north":{"uv":[2.5,0,3.5,1],"texture":"#11"},"east":{"uv":[2.5,0,3.5,1],"texture":"#11"},"south":{"uv":[2.5,0,3.5,1],"texture":"#11"},"west":{"uv":[2.5,0,3.5,1],"texture":"#11"},"up":{"uv":[2.5,0,3.5,1],"texture":"#11"},"down":{"uv":[2.5,0,3.5,1],"texture":"#11"}}},{"name":"lampenvoor*","from":[14.3,3.5,-11.1],"to":[15.7,4.9,-9.7],"rotation":{"angle":0,"axis":"y","origin":[8,8,12]},"faces":{"north":{"uv":[7,0,8,1],"texture":"#11"},"east":{"uv":[7,0,8,1],"texture":"#11"},"south":{"uv":[7,0,8,1],"texture":"#11"},"west":{"uv":[7,0,8,1],"texture":"#11"},"up":{"uv":[7,0,8,1],"texture":"#11"},"down":{"uv":[7,0,8,1],"texture":"#11"}}},{"name":"wielkap","from":[17.1,6.31403,14.1219],"to":[20.6,7.71403,17.8719],"rotation":{"angle":-22.5,"axis":"x","origin":[17.1,7.71403,14.3719]},"faces":{"north":{"uv":[3.5,0,0,1.4],"texture":"#texture"},"east":{"uv":[3.75,0,0,1.4],"texture":"#texture"},"south":{"uv":[3.5,0,0,1.4],"texture":"#texture"},"west":{"uv":[3.75,0,0,1.4],"texture":"#texture"},"up":{"uv":[3.5,0,0,3.75],"texture":"#texture"},"down":{"uv":[3.5,0,0,3.75],"texture":"#texture"}}},{"name":"wielkap*","from":[17.1,3.88029,14.33227],"to":[20.6,7.58029,15.73227],"rotation":{"angle":22.5,"axis":"x","origin":[17.1,8.08029,14.33227]},"faces":{"north":{"uv":[3.5,0,0,3.7],"texture":"#texture"},"east":{"uv":[1.4,0,0,3.7],"texture":"#texture"},"south":{"uv":[3.5,0,0,3.7],"texture":"#texture"},"west":{"uv":[1.4,0,0,3.7],"texture":"#texture"},"up":{"uv":[16.5,9,13,10.4],"texture":"#texture"},"down":{"uv":[3.5,0,0,1.4],"texture":"#texture"}}},{"name":"wielkap","from":[17.1,7.65342,17.60548],"to":[20.6,9.05342,21.80548],"rotation":{"angle":0,"axis":"y","origin":[8,7.95342,12.00548]},"faces":{"north":{"uv":[3.5,0,0,1.4],"texture":"#texture"},"east":{"uv":[4.2,0,0,1.4],"texture":"#texture"},"south":{"uv":[3.5,0,0,1.4],"texture":"#texture"},"west":{"uv":[4.2,0,0,1.4],"texture":"#texture"},"up":{"uv":[3.5,0,0,4.2],"texture":"#texture"},"down":{"uv":[3.5,0,0,4.2],"texture":"#texture"}}},{"name":"wielkap","from":[17.1,7.65342,21.80548],"to":[20.6,9.05342,25.30548],"rotation":{"angle":22.5,"axis":"x","origin":[17.1,9.05342,21.80548]},"faces":{"north":{"uv":[3.5,0,0,1.4],"texture":"#texture"},"east":{"uv":[3.5,0,0,1.4],"texture":"#texture"},"south":{"uv":[3.5,0,0,1.4],"texture":"#texture"},"west":{"uv":[3.5,0,0,1.4],"texture":"#texture"},"up":{"uv":[3.5,0,0,3.5],"texture":"#texture"},"down":{"uv":[3.5,0,0,3.5],"texture":"#texture"}}},{"name":"wielkap","from":[17.1,2.8,1.5],"to":[20.6,4.2,14.1],"rotation":{"angle":0,"axis":"y","origin":[8,8,12]},"faces":{"north":{"uv":[3.5,0,0,1.4],"texture":"#texture"},"east":{"uv":[12.6,0,0,1.4],"texture":"#texture"},"south":{"uv":[3.5,0,0,1.4],"texture":"#texture"},"west":{"uv":[12.6,0,0,1.4],"texture":"#texture"},"up":{"uv":[3.5,0,0,12.6],"texture":"#texture"},"down":{"uv":[3.5,0,0,12.6],"texture":"#texture"}}},{"name":"wielkap*","from":[17.1,3.34454,-0.0257],"to":[20.6,7.29454,1.3743],"rotation":{"angle":-22.5,"axis":"x","origin":[17.1,7.54454,-0.0257]},"faces":{"north":{"uv":[3.5,0,0,3.95],"texture":"#texture"},"east":{"uv":[1.4,0,0,3.95],"texture":"#texture"},"south":{"uv":[3.5,0,0,3.95],"texture":"#texture"},"west":{"uv":[1.4,0,0,3.95],"texture":"#texture"},"up":{"uv":[3.5,0,0,1.4],"texture":"#texture"},"down":{"uv":[3.5,0,0,1.4],"texture":"#texture"}}},{"name":"wielkap","from":[17.1,7.78872,-1.87018],"to":[20.6,9.18872,1.62982],"rotation":{"angle":22.5,"axis":"x","origin":[17.1,9.18872,-1.87018]},"faces":{"north":{"uv":[3.5,0,0,1.4],"texture":"#texture"},"east":{"uv":[3.5,0,0,1.4],"texture":"#texture"},"south":{"uv":[3.5,0,0,1.4],"texture":"#texture"},"west":{"uv":[3.5,0,0,1.4],"texture":"#texture"},"up":{"uv":[3.5,0,0,3.5],"texture":"#texture"},"down":{"uv":[3.5,0,0,3.5],"texture":"#texture"}}},{"name":"wielkap","from":[17.1,7.78872,-6.07018],"to":[20.6,9.18872,-1.87018],"rotation":{"angle":0,"axis":"y","origin":[8,8.08872,12.12982]},"faces":{"north":{"uv":[3.5,0,0,1.4],"texture":"#texture"},"east":{"uv":[4.2,0,0,1.4],"texture":"#texture"},"south":{"uv":[3.5,0,0,1.4],"texture":"#texture"},"west":{"uv":[4.2,0,0,1.4],"texture":"#texture"},"up":{"uv":[3.5,0,0,4.2],"texture":"#texture"},"down":{"uv":[3.5,0,0,4.2],"texture":"#texture"}}},{"name":"wielkap","from":[17.1,6.44932,-9.30376],"to":[20.6,7.84932,-5.80376],"rotation":{"angle":-22.5,"axis":"x","origin":[17.1,7.84932,-9.30376]},"faces":{"north":{"uv":[3.5,0,0,1.4],"texture":"#texture"},"east":{"uv":[3.5,0,0,1.4],"texture":"#texture"},"south":{"uv":[3.5,0,0,1.4],"texture":"#texture"},"west":{"uv":[3.5,0,0,1.4],"texture":"#texture"},"up":{"uv":[3.5,0,0,3.5],"texture":"#texture"},"down":{"uv":[3.5,0,0,3.5],"texture":"#texture"}}},{"name":"wielkap","from":[-4.6,6.31403,14.1219],"to":[-1.1,7.71403,17.8719],"rotation":{"angle":-22.5,"axis":"x","origin":[-1.1,7.71403,14.3719]},"faces":{"north":{"uv":[0,0,3.5,1.4],"texture":"#texture"},"east":{"uv":[0,0,3.75,1.4],"texture":"#texture"},"south":{"uv":[0,0,3.5,1.4],"texture":"#texture"},"west":{"uv":[0,0,3.75,1.4],"texture":"#texture"},"up":{"uv":[0,0,3.5,3.75],"texture":"#texture"},"down":{"uv":[0,0,3.5,3.75],"texture":"#texture"}}},{"name":"wielkap*","from":[-4.6,3.88029,14.33227],"to":[-1.1,7.58029,15.73227],"rotation":{"angle":22.5,"axis":"x","origin":[-1.1,8.08029,14.33227]},"faces":{"north":{"uv":[0,0,3.5,3.7],"texture":"#texture"},"east":{"uv":[0,0,1.4,3.7],"texture":"#texture"},"south":{"uv":[0,0,3.5,3.7],"texture":"#texture"},"west":{"uv":[0,0,1.4,3.7],"texture":"#texture"},"up":{"uv":[13,9,16.5,10.4],"texture":"#texture"},"down":{"uv":[0,0,3.5,1.4],"texture":"#texture"}}},{"name":"wielkap","from":[-4.6,7.65342,17.60548],"to":[-1.1,9.05342,21.80548],"rotation":{"angle":0,"axis":"y","origin":[8,7.95342,12.00548]},"faces":{"north":{"uv":[0,0,3.5,1.4],"texture":"#texture"},"east":{"uv":[0,0,4.2,1.4],"texture":"#texture"},"south":{"uv":[0,0,3.5,1.4],"texture":"#texture"},"west":{"uv":[0,0,4.2,1.4],"texture":"#texture"},"up":{"uv":[0,0,3.5,4.2],"texture":"#texture"},"down":{"uv":[0,0,3.5,4.2],"texture":"#texture"}}},{"name":"wielkap","from":[-4.6,7.65342,21.80548],"to":[-1.1,9.05342,25.30548],"rotation":{"angle":22.5,"axis":"x","origin":[-1.1,9.05342,21.80548]},"faces":{"north":{"uv":[0,0,3.5,1.4],"texture":"#texture"},"east":{"uv":[0,0,3.5,1.4],"texture":"#texture"},"south":{"uv":[0,0,3.5,1.4],"texture":"#texture"},"west":{"uv":[0,0,3.5,1.4],"texture":"#texture"},"up":{"uv":[0,0,3.5,3.5],"texture":"#texture"},"down":{"uv":[0,0,3.5,3.5],"texture":"#texture"}}},{"name":"wielkap","from":[-4.6,2.8,1.5],"to":[-1.1,4.2,14.1],"rotation":{"angle":0,"axis":"y","origin":[8,8,12]},"faces":{"north":{"uv":[0,0,3.5,1.4],"texture":"#texture"},"east":{"uv":[0,0,12.6,1.4],"texture":"#texture"},"south":{"uv":[0,0,3.5,1.4],"texture":"#texture"},"west":{"uv":[0,0,12.6,1.4],"texture":"#texture"},"up":{"uv":[0,0,3.5,12.6],"texture":"#texture"},"down":{"uv":[0,0,3.5,12.6],"texture":"#texture"}}},{"name":"wielkap*","from":[-4.6,3.34454,-0.0257],"to":[-1.1,7.29454,1.3743],"rotation":{"angle":-22.5,"axis":"x","origin":[-1.1,7.54454,-0.0257]},"faces":{"north":{"uv":[0,0,3.5,3.95],"texture":"#texture"},"east":{"uv":[0,0,1.4,3.95],"texture":"#texture"},"south":{"uv":[0,0,3.5,3.95],"texture":"#texture"},"west":{"uv":[0,0,1.4,3.95],"texture":"#texture"},"up":{"uv":[0,0,3.5,1.4],"texture":"#texture"},"down":{"uv":[0,0,3.5,1.4],"texture":"#texture"}}},{"name":"wielkap","from":[-4.6,7.78872,-1.87018],"to":[-1.1,9.18872,1.62982],"rotation":{"angle":22.5,"axis":"x","origin":[-1.1,9.18872,-1.87018]},"faces":{"north":{"uv":[0,0,3.5,1.4],"texture":"#texture"},"east":{"uv":[0,0,3.5,1.4],"texture":"#texture"},"south":{"uv":[0,0,3.5,1.4],"texture":"#texture"},"west":{"uv":[0,0,3.5,1.4],"texture":"#texture"},"up":{"uv":[0,0,3.5,3.5],"texture":"#texture"},"down":{"uv":[0,0,3.5,3.5],"texture":"#texture"}}},{"name":"wielkap","from":[-4.6,7.78872,-6.07018],"to":[-1.1,9.18872,-1.87018],"rotation":{"angle":0,"axis":"y","origin":[8,8.08872,12.12982]},"faces":{"north":{"uv":[0,0,3.5,1.4],"texture":"#texture"},"east":{"uv":[0,0,4.2,1.4],"texture":"#texture"},"south":{"uv":[0,0,3.5,1.4],"texture":"#texture"},"west":{"uv":[0,0,4.2,1.4],"texture":"#texture"},"up":{"uv":[0,0,3.5,4.2],"texture":"#texture"},"down":{"uv":[0,0,3.5,4.2],"texture":"#texture"}}},{"name":"wielkap","from":[-4.6,6.44932,-9.30376],"to":[-1.1,7.84932,-5.80376],"rotation":{"angle":-22.5,"axis":"x","origin":[-1.1,7.84932,-9.30376]},"faces":{"north":{"uv":[0,0,3.5,1.4],"texture":"#texture"},"east":{"uv":[0,0,3.5,1.4],"texture":"#texture"},"south":{"uv":[0,0,3.5,1.4],"texture":"#texture"},"west":{"uv":[0,0,3.5,1.4],"texture":"#texture"},"up":{"uv":[0,0,3.5,3.5],"texture":"#texture"},"down":{"uv":[0,0,3.5,3.5],"texture":"#texture"}}},{"from":[-4,2,18],"to":[20,5,21],"rotation":{"angle":0,"axis":"y","origin":[4,10,29]},"faces":{"north":{"uv":[15,15,16,16],"texture":"#11"},"east":{"uv":[5,7,11,13],"texture":"#uitlaat top "},"south":{"uv":[15,15,16,16],"texture":"#11"},"west":{"uv":[5,7,11,13],"texture":"#uitlaat top "},"up":{"uv":[13,13,16,16],"texture":"#11"},"down":{"uv":[15,15,16,16],"texture":"#11"}}},{"from":[-4.6,5,18],"to":[-1,6.9,21],"rotation":{"angle":0,"axis":"y","origin":[3.4,13,26]},"faces":{"north":{"uv":[0,0,3,2],"texture":"#11"},"east":{"uv":[0,14,3,16],"texture":"#11"},"south":{"uv":[0,0,3,2],"texture":"#11"},"west":{"uv":[0,14,3,16],"texture":"#11"},"up":{"uv":[12,13,15.6,16],"texture":"#11"},"down":{"uv":[12,13,15.6,16],"texture":"#11"}}},{"name":"diagonaal","from":[-4.599,-2.51421,22.89949],"to":[-1.001,-0.51421,25.59949],"rotation":{"angle":45,"axis":"x","origin":[3.401,5.48579,30.89949]},"faces":{"north":{"uv":[0,0,3,2],"texture":"#11"},"east":{"uv":[0,14,3,16],"texture":"#11"},"south":{"uv":[0,0,3,2],"texture":"#11"},"west":{"uv":[6,7,8.7,9],"texture":"#11"},"up":{"uv":[12,13,15.6,16],"texture":"#11"},"down":{"uv":[12,13,15.6,16],"texture":"#11"}}},{"name":"diagonaal","from":[-4.599,-6,19.41371],"to":[-1.001,-4,22.11371],"rotation":{"angle":45,"axis":"x","origin":[3.401,2,27.41371]},"faces":{"north":{"uv":[0,0,3,2],"texture":"#11"},"east":{"uv":[0,14,3,16],"texture":"#11"},"south":{"uv":[0,0,3,2],"texture":"#11"},"west":{"uv":[0,0,2.7,2],"texture":"#11"},"up":{"uv":[12,13,15.6,16],"texture":"#11"},"down":{"uv":[12,13,15.6,16],"texture":"#11"}}},{"name":"diagonaal","from":[-4.599,-2.59949,13.48579],"to":[-1.001,0.10051,15.48579],"rotation":{"angle":45,"axis":"x","origin":[3.401,-7.89949,21.48579]},"faces":{"north":{"uv":[0,0,3,2],"rotation":180,"texture":"#11"},"east":{"uv":[0,14,3,16],"rotation":270,"texture":"#11"},"south":{"uv":[0,0,3,2],"texture":"#11"},"west":{"uv":[0,0,2.7,2],"rotation":90,"texture":"#11"},"up":{"uv":[12,13,15.6,16],"rotation":180,"texture":"#11"},"down":{"uv":[12,13,15.6,16],"texture":"#11"}}},{"name":"diagonaal","from":[-4.599,0.88629,10],"to":[-1.001,3.58629,12],"rotation":{"angle":45,"axis":"x","origin":[3.401,-4.41371,18]},"faces":{"north":{"uv":[0,0,3,2],"rotation":180,"texture":"#11"},"east":{"uv":[0,14,3,16],"rotation":270,"texture":"#11"},"south":{"uv":[0,0,3,2],"texture":"#11"},"west":{"uv":[0,14,2.7,16],"rotation":90,"texture":"#11"},"up":{"uv":[12,13,15.6,16],"rotation":180,"texture":"#11"},"down":{"uv":[12,13,15.6,16],"texture":"#11"}}},{"from":[-4.6,2,21],"to":[-1,5,22.9],"rotation":{"angle":0,"axis":"x","origin":[3.4,-3,24]},"faces":{"north":{"uv":[0,0,3,2],"rotation":180,"texture":"#11"},"east":{"uv":[0,14,3,16],"rotation":270,"texture":"#11"},"south":{"uv":[0,0,3,2],"rotation":180,"texture":"#11"},"west":{"uv":[0,0,3,2],"rotation":90,"texture":"#11"},"up":{"uv":[12,13,15.6,16],"rotation":180,"texture":"#11"},"down":{"uv":[12,13,15.6,16],"texture":"#11"}}},{"from":[-4.6,0.1,18],"to":[-1,2,21],"rotation":{"angle":0,"axis":"y","origin":[3.4,8.1,26]},"faces":{"north":{"uv":[0,0,3,2],"texture":"#11"},"east":{"uv":[0,14,3,16],"texture":"#11"},"south":{"uv":[0,0,3,2],"texture":"#11"},"west":{"uv":[0,0,3,2],"texture":"#11"},"up":{"uv":[12,13,15.6,16],"texture":"#11"},"down":{"uv":[12,13,15.6,16],"texture":"#11"}}},{"from":[-4.6,2,16.1],"to":[-1,5,18],"rotation":{"angle":0,"axis":"x","origin":[3.4,-3,24.1]},"faces":{"north":{"uv":[0,0,3,2],"rotation":180,"texture":"#11"},"east":{"uv":[0,14,3,16],"rotation":270,"texture":"#11"},"south":{"uv":[0,0,3,2],"rotation":180,"texture":"#11"},"west":{"uv":[0,14,3,16],"rotation":90,"texture":"#11"},"up":{"uv":[12,13,15.6,16],"rotation":180,"texture":"#11"},"down":{"uv":[12,13,15.6,16],"texture":"#11"}}},{"from":[5.91521,9,26.88679],"to":[8.91521,12,28.88679],"rotation":{"angle":0,"axis":"y","origin":[-6.599,-0.89949,22.48579]},"faces":{"north":{"uv":[5,7,11,13],"texture":"#uitlaat top "},"east":{"uv":[15,15,16,16],"texture":"#11"},"south":{"uv":[5,7,11,13],"texture":"#uitlaat top "},"west":{"uv":[15,15,16,16],"texture":"#11"},"up":{"uv":[13,13,16,16],"rotation":270,"texture":"#11"},"down":{"uv":[15,15,16,16],"rotation":90,"texture":"#11"}}},{"from":[5.91521,12,26.88679],"to":[8.91521,13.9,29.48679],"rotation":{"angle":0,"axis":"y","origin":[-6.599,-0.89949,22.48579]},"faces":{"north":{"uv":[6,1,9,3],"texture":"#11"},"east":{"uv":[6,1,9,3],"texture":"#11"},"south":{"uv":[0,14,3,16],"texture":"#11"},"west":{"uv":[6,1,9,3],"texture":"#11"},"up":{"uv":[8,5,11.6,8],"rotation":270,"texture":"#11"},"down":{"uv":[8,5,11.6,8],"rotation":90,"texture":"#11"}}},{"name":"diagonaal","from":[4.31773,11.2383,26.87],"to":[7.01773,13.2383,29.468],"rotation":{"angle":45,"axis":"z","origin":[5.66773,12.2383,28.68779]},"faces":{"north":{"uv":[6,1,8.7,3],"texture":"#11"},"east":{"uv":[6,1,9.598,3],"texture":"#11"},"south":{"uv":[0,0,2.7,2],"texture":"#11"},"west":{"uv":[6,1,9.598,3],"texture":"#11"},"up":{"uv":[0,13,3.598,15.7],"rotation":270,"texture":"#11"},"down":{"uv":[6,2,9.598,4.7],"rotation":90,"texture":"#11"}}},{"name":"diagonaal","from":[7.80351,7.75251,26.87],"to":[10.50351,9.75251,29.468],"rotation":{"angle":45,"axis":"z","origin":[9.15351,8.75251,28.68779]},"faces":{"north":{"uv":[6,1,8.7,3],"texture":"#11"},"east":{"uv":[6,1,9,3],"texture":"#11"},"south":{"uv":[0,0,2.7,2],"texture":"#11"},"west":{"uv":[6,1,9,3],"texture":"#11"},"up":{"uv":[6,2,9,4.7],"rotation":270,"texture":"#11"},"down":{"uv":[6,2,9,4.7],"rotation":90,"texture":"#11"}}},{"name":"diagonaal","from":[4.66773,7.4117,26.87],"to":[6.66773,10.1117,29.468],"rotation":{"angle":45,"axis":"z","origin":[5.66773,8.7617,28.68779]},"faces":{"north":{"uv":[6,1,8.7,3],"rotation":270,"texture":"#11"},"east":{"uv":[6,2,9,4.7],"texture":"#11"},"south":{"uv":[0,0,2.7,2],"rotation":90,"texture":"#11"},"west":{"uv":[6,2,9,4.7],"rotation":180,"texture":"#11"},"up":{"uv":[6,1,9,3],"rotation":90,"texture":"#11"},"down":{"uv":[6,1,9,3],"rotation":90,"texture":"#11"}}},{"name":"diagonaal","from":[8.1627,10.8883,26.87],"to":[10.1627,13.5883,29.468],"rotation":{"angle":45,"axis":"z","origin":[9.1627,12.2383,28.68779]},"faces":{"north":{"uv":[0,14,2.7,16],"rotation":270,"texture":"#11"},"east":{"uv":[0,13,3,15.7],"texture":"#11"},"south":{"uv":[0,14,2.7,16],"rotation":90,"texture":"#11"},"west":{"uv":[0,13,3,15.7],"rotation":180,"texture":"#11"},"up":{"uv":[6,1,9,3],"rotation":90,"texture":"#11"},"down":{"uv":[6,1,9,3],"rotation":90,"texture":"#11"}}},{"from":[8.91521,9,26.88679],"to":[10.81521,12,29.48679],"rotation":{"angle":0,"axis":"y","origin":[-6.599,-0.89949,22.48579]},"faces":{"north":{"uv":[6,1,9,3],"rotation":270,"texture":"#11"},"east":{"uv":[4,4,7.6,7],"rotation":180,"texture":"#11"},"south":{"uv":[0,0,3,2],"rotation":90,"texture":"#11"},"west":{"uv":[6,2,9.6,5],"rotation":180,"texture":"#11"},"up":{"uv":[6,1,9,3],"rotation":90,"texture":"#11"},"down":{"uv":[5,3,8,5],"rotation":90,"texture":"#11"}}},{"from":[5.91521,7.1,26.88679],"to":[8.91521,9,29.48679],"rotation":{"angle":0,"axis":"y","origin":[-6.599,-0.89949,22.48579]},"faces":{"north":{"uv":[6,1,9,3],"texture":"#11"},"east":{"uv":[6,1,9,3],"texture":"#11"},"south":{"uv":[0,0,3,2],"texture":"#11"},"west":{"uv":[6,1,9,3],"texture":"#11"},"up":{"uv":[8,5,11.6,8],"rotation":270,"texture":"#11"},"down":{"uv":[5,6,8.6,9],"rotation":90,"texture":"#11"}}},{"from":[4.01521,9,26.88679],"to":[5.91521,12,29.48679],"rotation":{"angle":0,"axis":"y","origin":[-6.599,-0.89949,22.48579]},"faces":{"north":{"uv":[6,1,9,3],"rotation":270,"texture":"#11"},"east":{"uv":[5,3,8.6,6],"rotation":180,"texture":"#11"},"south":{"uv":[0,0,3,2],"rotation":90,"texture":"#11"},"west":{"uv":[5,3,8.6,6],"rotation":180,"texture":"#11"},"up":{"uv":[5,3,8,5],"rotation":90,"texture":"#11"},"down":{"uv":[6,1,9,3],"rotation":90,"texture":"#11"}}},{"from":[-4,2,-6],"to":[20,5,-3],"rotation":{"angle":0,"axis":"y","origin":[4,10,5]},"faces":{"north":{"uv":[15,15,16,16],"texture":"#11"},"east":{"uv":[5,7,11,13],"texture":"#uitlaat top "},"south":{"uv":[15,15,16,16],"texture":"#11"},"west":{"uv":[5,7,11,13],"texture":"#uitlaat top "},"up":{"uv":[13,13,16,16],"texture":"#11"},"down":{"uv":[15,15,16,16],"texture":"#11"}}},{"from":[-4.6,5,-6],"to":[-1,6.9,-3],"rotation":{"angle":0,"axis":"y","origin":[3.4,13,2]},"faces":{"north":{"uv":[6,1,9,3],"texture":"#11"},"east":{"uv":[6,1,9,3],"texture":"#11"},"south":{"uv":[6,1,9,3],"texture":"#11"},"west":{"uv":[0,14,3,16],"texture":"#11"},"up":{"uv":[8,5,11.6,8],"texture":"#11"},"down":{"uv":[8,5,11.6,8],"texture":"#11"}}},{"name":"diagonaal","from":[-4.599,-2.51421,-1.10051],"to":[-1.001,-0.51421,1.59949],"rotation":{"angle":45,"axis":"x","origin":[3.401,5.48579,6.89949]},"faces":{"north":{"uv":[6,1,9.598,3],"texture":"#11"},"east":{"uv":[6,1,8.7,3],"texture":"#11"},"south":{"uv":[6,1,9.598,3],"texture":"#11"},"west":{"uv":[6,7,8.7,9],"texture":"#11"},"up":{"uv":[6,2,9.598,4.7],"texture":"#11"},"down":{"uv":[6,2,9.598,4.7],"texture":"#11"}}},{"name":"diagonaal","from":[-4.599,-6,-4.58629],"to":[-1.001,-4,-1.88629],"rotation":{"angle":45,"axis":"x","origin":[3.401,2,3.41371]},"faces":{"north":{"uv":[6,1,9,3],"texture":"#11"},"east":{"uv":[6,1,8.7,3],"texture":"#11"},"south":{"uv":[6,1,9,3],"texture":"#11"},"west":{"uv":[13,14,15.7,16],"texture":"#11"},"up":{"uv":[6,2,9,4.7],"texture":"#11"},"down":{"uv":[6,2,9,4.7],"texture":"#11"}}},{"name":"diagonaal","from":[-4.599,-2.59949,-10.51421],"to":[-1.001,0.10051,-8.51421],"rotation":{"angle":45,"axis":"x","origin":[3.401,-7.89949,-2.51421]},"faces":{"north":{"uv":[6,2,9,4.7],"rotation":180,"texture":"#11"},"east":{"uv":[6,1,8.7,3],"rotation":270,"texture":"#11"},"south":{"uv":[6,2,9,4.7],"texture":"#11"},"west":{"uv":[13,14,15.7,16],"rotation":90,"texture":"#11"},"up":{"uv":[6,1,9,3],"rotation":180,"texture":"#11"},"down":{"uv":[6,1,9,3],"texture":"#11"}}},{"name":"diagonaal","from":[-4.599,0.88629,-14],"to":[-1.001,3.58629,-12],"rotation":{"angle":45,"axis":"x","origin":[3.401,-4.41371,-6]},"faces":{"north":{"uv":[0,13,3,15.7],"rotation":180,"texture":"#11"},"east":{"uv":[0,14,2.7,16],"rotation":270,"texture":"#11"},"south":{"uv":[0,13,3,15.7],"texture":"#11"},"west":{"uv":[0,14,2.7,16],"rotation":90,"texture":"#11"},"up":{"uv":[6,1,9,3],"rotation":180,"texture":"#11"},"down":{"uv":[6,1,9,3],"texture":"#11"}}},{"from":[-4.6,2,-3],"to":[-1,5,-1.1],"rotation":{"angle":0,"axis":"x","origin":[3.4,-3,0]},"faces":{"north":{"uv":[6,2,9.6,5],"rotation":180,"texture":"#11"},"east":{"uv":[6,1,9,3],"rotation":270,"texture":"#11"},"south":{"uv":[4,4,7.6,7],"rotation":180,"texture":"#11"},"west":{"uv":[13,14,16,16],"rotation":90,"texture":"#11"},"up":{"uv":[6,1,9,3],"rotation":180,"texture":"#11"},"down":{"uv":[5,3,8,5],"texture":"#11"}}},{"from":[-4.6,0.1,-6],"to":[-1,2,-3],"rotation":{"angle":0,"axis":"y","origin":[3.4,8.1,2]},"faces":{"north":{"uv":[6,1,9,3],"texture":"#11"},"east":{"uv":[6,1,9,3],"texture":"#11"},"south":{"uv":[6,1,9,3],"texture":"#11"},"west":{"uv":[13,14,16,16],"texture":"#11"},"up":{"uv":[8,5,11.6,8],"texture":"#11"},"down":{"uv":[5,6,8.6,9],"texture":"#11"}}},{"from":[-4.6,2,-7.9],"to":[-1,5,-6],"rotation":{"angle":0,"axis":"x","origin":[3.4,-3,0.1]},"faces":{"north":{"uv":[5,3,8.6,6],"rotation":180,"texture":"#11"},"east":{"uv":[6,1,9,3],"rotation":270,"texture":"#11"},"south":{"uv":[5,3,8.6,6],"rotation":180,"texture":"#11"},"west":{"uv":[13,14,16,16],"rotation":90,"texture":"#11"},"up":{"uv":[5,3,8,5],"rotation":180,"texture":"#11"},"down":{"uv":[6,1,9,3],"texture":"#11"}}},{"from":[17,5,-6],"to":[20.6,6.9,-3],"rotation":{"angle":0,"axis":"y","origin":[24.4,13,2]},"faces":{"north":{"uv":[6,1,9,3],"texture":"#11"},"east":{"uv":[0,0,3,2],"texture":"#11"},"south":{"uv":[6,1,9,3],"texture":"#11"},"west":{"uv":[0,14,3,16],"texture":"#11"},"up":{"uv":[8,5,11.6,8],"texture":"#11"},"down":{"uv":[8,5,11.6,8],"texture":"#11"}}},{"name":"diagonaal","from":[17,-2.51421,-1.10051],"to":[20.598,-0.51421,1.59949],"rotation":{"angle":45,"axis":"x","origin":[24.401,5.48579,6.89949]},"faces":{"north":{"uv":[6,1,9.598,3],"texture":"#11"},"east":{"uv":[0,14,2.7,16],"texture":"#11"},"south":{"uv":[6,1,9.598,3],"texture":"#11"},"west":{"uv":[6,7,8.7,9],"texture":"#11"},"up":{"uv":[0,13,3.598,15.7],"texture":"#11"},"down":{"uv":[6,2,9.598,4.7],"texture":"#11"}}},{"name":"diagonaal","from":[17,-6,-4.58629],"to":[20.598,-4,-1.88629],"rotation":{"angle":45,"axis":"x","origin":[24.401,2,3.41371]},"faces":{"north":{"uv":[6,1,9,3],"texture":"#11"},"east":{"uv":[0,14,2.7,16],"texture":"#11"},"south":{"uv":[6,1,9,3],"texture":"#11"},"west":{"uv":[7,4,9.7,6],"texture":"#11"},"up":{"uv":[6,2,9,4.7],"texture":"#11"},"down":{"uv":[6,2,9,4.7],"texture":"#11"}}},{"name":"diagonaal","from":[17,-2.59949,-10.51421],"to":[20.598,0.10051,-8.51421],"rotation":{"angle":45,"axis":"x","origin":[24.401,-7.89949,-2.51421]},"faces":{"north":{"uv":[6,2,9,4.7],"rotation":180,"texture":"#11"},"east":{"uv":[0,14,2.7,16],"rotation":270,"texture":"#11"},"south":{"uv":[0,13,3,15.7],"texture":"#11"},"west":{"uv":[7,4,9.7,6],"rotation":90,"texture":"#11"},"up":{"uv":[6,1,9,3],"rotation":180,"texture":"#11"},"down":{"uv":[6,1,9,3],"texture":"#11"}}},{"name":"diagonaal","from":[17,0.88629,-14],"to":[20.598,3.58629,-12],"rotation":{"angle":45,"axis":"x","origin":[24.401,-4.41371,-6]},"faces":{"north":{"uv":[0,13,3,15.7],"rotation":180,"texture":"#11"},"east":{"uv":[0,14,2.7,16],"rotation":270,"texture":"#11"},"south":{"uv":[0,13,3,15.7],"texture":"#11"},"west":{"uv":[0,14,2.7,16],"rotation":90,"texture":"#11"},"up":{"uv":[6,1,9,3],"rotation":180,"texture":"#11"},"down":{"uv":[6,1,9,3],"texture":"#11"}}},{"from":[17,2,-3],"to":[20.6,5,-1.1],"rotation":{"angle":0,"axis":"x","origin":[24.4,-3,0]},"faces":{"north":{"uv":[6,2,9.6,5],"rotation":180,"texture":"#11"},"east":{"uv":[0,0,3,2],"rotation":270,"texture":"#11"},"south":{"uv":[4,4,7.6,7],"rotation":180,"texture":"#11"},"west":{"uv":[6,3,9,5],"rotation":90,"texture":"#11"},"up":{"uv":[6,1,9,3],"rotation":180,"texture":"#11"},"down":{"uv":[5,3,8,5],"texture":"#11"}}},{"from":[17,0.1,-6],"to":[20.6,2,-3],"rotation":{"angle":0,"axis":"y","origin":[24.4,8.1,2]},"faces":{"north":{"uv":[6,1,9,3],"texture":"#11"},"east":{"uv":[0,0,3,2],"texture":"#11"},"south":{"uv":[6,1,9,3],"texture":"#11"},"west":{"uv":[7,4,10,6],"texture":"#11"},"up":{"uv":[8,5,11.6,8],"texture":"#11"},"down":{"uv":[5,6,8.6,9],"texture":"#11"}}},{"from":[17,2,-7.9],"to":[20.6,5,-6],"rotation":{"angle":0,"axis":"x","origin":[24.4,-3,0.1]},"faces":{"north":{"uv":[5,3,8.6,6],"rotation":180,"texture":"#11"},"east":{"uv":[0,0,3,2],"rotation":270,"texture":"#11"},"south":{"uv":[5,3,8.6,6],"rotation":180,"texture":"#11"},"west":{"uv":[7,4,10,6],"rotation":90,"texture":"#11"},"up":{"uv":[5,3,8,5],"rotation":180,"texture":"#11"},"down":{"uv":[6,1,9,3],"texture":"#11"}}},{"from":[17,5,18],"to":[20.6,6.9,21],"rotation":{"angle":0,"axis":"y","origin":[24.4,13,26]},"faces":{"north":{"uv":[6,1,9,3],"texture":"#11"},"east":{"uv":[0,0,3,2],"texture":"#11"},"south":{"uv":[6,1,9,3],"texture":"#11"},"west":{"uv":[0,14,3,16],"texture":"#11"},"up":{"uv":[8,5,11.6,8],"texture":"#11"},"down":{"uv":[8,5,11.6,8],"texture":"#11"}}},{"name":"diagonaal","from":[17,-2.51421,22.89949],"to":[20.598,-0.51421,25.59949],"rotation":{"angle":45,"axis":"x","origin":[24.401,5.48579,30.89949]},"faces":{"north":{"uv":[6,1,9.598,3],"texture":"#11"},"east":{"uv":[13,14,15.7,16],"texture":"#11"},"south":{"uv":[0,0,3.598,2],"texture":"#11"},"west":{"uv":[6,7,8.7,9],"texture":"#11"},"up":{"uv":[0,0,3.598,2.7],"texture":"#11"},"down":{"uv":[6,2,9.598,4.7],"texture":"#11"}}},{"name":"diagonaal","from":[17,-6,19.41371],"to":[20.598,-4,22.11371],"rotation":{"angle":45,"axis":"x","origin":[24.401,2,27.41371]},"faces":{"north":{"uv":[6,1,9,3],"texture":"#11"},"east":{"uv":[13,14,15.7,16],"texture":"#11"},"south":{"uv":[6,1,9,3],"texture":"#11"},"west":{"uv":[7,4,9.7,6],"texture":"#11"},"up":{"uv":[6,2,9,4.7],"texture":"#11"},"down":{"uv":[0,0,3,2.7],"texture":"#11"}}},{"name":"diagonaal","from":[17,-2.59949,13.48579],"to":[20.598,0.10051,15.48579],"rotation":{"angle":45,"axis":"x","origin":[24.401,-7.89949,21.48579]},"faces":{"north":{"uv":[6,2,9,4.7],"rotation":180,"texture":"#11"},"east":{"uv":[13,14,15.7,16],"rotation":270,"texture":"#11"},"south":{"uv":[0,0,3.598,2.7],"texture":"#11"},"west":{"uv":[7,4,9.7,6],"rotation":90,"texture":"#11"},"up":{"uv":[6,1,9,3],"rotation":180,"texture":"#11"},"down":{"uv":[6,1,9,3],"texture":"#11"}}},{"name":"diagonaal","from":[17,0.88629,10],"to":[20.598,3.58629,12],"rotation":{"angle":45,"axis":"x","origin":[24.401,-4.41371,18]},"faces":{"north":{"uv":[0,13,3,15.7],"rotation":180,"texture":"#11"},"east":{"uv":[0,14,2.7,16],"rotation":270,"texture":"#11"},"south":{"uv":[0,13,3,15.7],"texture":"#11"},"west":{"uv":[0,14,2.7,16],"rotation":90,"texture":"#11"},"up":{"uv":[6,1,9,3],"rotation":180,"texture":"#11"},"down":{"uv":[6,1,9,3],"texture":"#11"}}},{"from":[17,2,21],"to":[20.6,5,22.9],"rotation":{"angle":0,"axis":"x","origin":[24.4,-3,24]},"faces":{"north":{"uv":[6,2,9.6,5],"rotation":180,"texture":"#11"},"east":{"uv":[0,0,3,2],"rotation":270,"texture":"#11"},"south":{"uv":[4,4,7.6,7],"rotation":180,"texture":"#11"},"west":{"uv":[6,3,9,5],"rotation":90,"texture":"#11"},"up":{"uv":[6,1,9,3],"rotation":180,"texture":"#11"},"down":{"uv":[5,3,8,5],"texture":"#11"}}},{"from":[17,0.1,18],"to":[20.6,2,21],"rotation":{"angle":0,"axis":"y","origin":[24.4,8.1,26]},"faces":{"north":{"uv":[6,1,9,3],"texture":"#11"},"east":{"uv":[0,0,3,2],"texture":"#11"},"south":{"uv":[6,1,9,3],"texture":"#11"},"west":{"uv":[7,4,10,6],"texture":"#11"},"up":{"uv":[8,5,11.6,8],"texture":"#11"},"down":{"uv":[5,6,8.6,9],"texture":"#11"}}},{"from":[17,2,16.1],"to":[20.6,5,18],"rotation":{"angle":0,"axis":"x","origin":[24.4,-3,24.1]},"faces":{"north":{"uv":[0,0,3.6,3],"rotation":180,"texture":"#11"},"east":{"uv":[0,0,3,2],"rotation":270,"texture":"#11"},"south":{"uv":[5,3,8.6,6],"rotation":180,"texture":"#11"},"west":{"uv":[7,4,10,6],"rotation":90,"texture":"#11"},"up":{"uv":[5,3,8,5],"rotation":180,"texture":"#11"},"down":{"uv":[6,1,9,3],"texture":"#11"}}}],"display":{"gui":{"rotation":[30,-135,0],"translation":[-0.45,0,0],"scale":[0.3,0.3,0.3]},"head":{"translation":[0,0,-3.25],"scale":[1.5,1.5,1.5]}},"groups":[{"name":"otoo","origin":[8,8,8],"children":[{"name":"overig","origin":[2.4,15.4,13.6875],"children":[0,1,2,3,4,5,6,7,8,9,10,11,12,13,14,15,16,17,18,19,20,21,22,23,24,25,26,27,28,29,30,31,32,33,34,35,36,37,38,39,40,41,42,43,44,45,46,47,48,49,50,51,52,53,54,55,56,57,58,59,60,61,62,63,64,65]},{"name":"bumper","origin":[8,8,8],"children":[66,67,68,69,70]},{"name":"wheels","origin":[8,8,8],"children":[{"name":"group","origin":[8,8,8],"children":[{"name":"group","origin":[-3.2,2.0625,-8.7125],"children":[]},{"name":"group","origin":[-3.2,2.0625,-8.7125],"children":[]}]},{"name":"group","origin":[8,8,8],"children":[{"name":"group","origin":[-3.2,2.0625,-8.7125],"children":[]},{"name":"group","origin":[-3.2,2.0625,-8.7125],"children":[]}]}]},{"name":"bars","origin":[8,8,8],"children":[{"name":"group","origin":[17.1,7.84932,-13.30376],"children":[71,72,73,74,75,76,77,78,79]},{"name":"group","origin":[17.1,7.84932,-13.30376],"children":[80,81,82,83,84,85,86,87,88]}]},{"name":"group","origin":[-3.2,2.0625,-8.7125],"children":[]},{"name":"band","origin":[8,8,8],"children":[89,90,91,92,93,94,95,96,97]},{"name":"band","origin":[8,8,8],"children":[98,99,100,101,102,103,104,105,106]},{"name":"band","origin":[8,8,8],"children":[107,108,109,110,111,112,113,114,115,{"name":"band","origin":[8,8,8],"children":[116,117,118,119,120,121,122,123]}]},{"name":"band","origin":[8,8,8],"children":[124,125,126,127,128,129,130,131]}]}],"credit":"Model by Craftventure"}