{"textures":{"0":"block/greenlight","1":"block/anvil","2":"block/smooth_stone","3":"block/terracotta","4":"block/brown_terracotta","5":"block/yellow_terracotta","6":"block/redlight","7":"block/gold_block","8":"block/dispenser_front_vertical","particle":"block/greenlight"},"elements":[{"from":[6.8,-12,19.25],"to":[9.2,-10,27.25],"rotation":{"angle":-22.5,"axis":"x","origin":[8,-10.5,23.25]},"faces":{"north":{"uv":[1,1,3,3],"texture":"#2"},"east":{"uv":[1,1,9,3],"texture":"#2"},"south":{"uv":[1,1,3,3],"texture":"#2"},"west":{"uv":[1,1,9,3],"texture":"#2"},"up":{"uv":[1,1,3,9],"texture":"#2"},"down":{"uv":[1,1,3,9],"texture":"#2"}}},{"from":[6.8012,-12.06462,20.85581],"to":[9.1988,-9.06462,22.35581],"rotation":{"angle":22.5,"axis":"x","origin":[8,-8.06462,21.35581]},"faces":{"north":{"uv":[1,1,4,3],"rotation":270,"texture":"#2"},"east":{"uv":[1,1,4,2.5],"rotation":270,"texture":"#2"},"south":{"uv":[1,1,4,3],"rotation":270,"texture":"#2"},"west":{"uv":[1,1,4,2.5],"rotation":270,"texture":"#2"},"up":{"uv":[1,1,2.5,3],"rotation":270,"texture":"#2"},"down":{"uv":[1,1,2.5,3],"rotation":270,"texture":"#2"}}},{"from":[6.8,-10,21.25],"to":[9.2,4,27.25],"rotation":{"angle":-22.5,"axis":"x","origin":[8,-10.5,23.25]},"faces":{"north":{"uv":[1,1,3,15],"texture":"#2"},"east":{"uv":[1,1,7,15],"texture":"#2"},"south":{"uv":[1,1,3,15],"texture":"#2"},"west":{"uv":[1,1,7,15],"texture":"#2"},"up":{"uv":[1,1,3,7],"texture":"#2"},"down":{"uv":[1,1,3,7],"texture":"#2"}}},{"from":[6.5,-9,22.25],"to":[9.5,1.75,26.25],"rotation":{"angle":-22.5,"axis":"x","origin":[8,-10.5,23.25]},"faces":{"north":{"uv":[7,8,9,16],"texture":"#1"},"east":{"uv":[13,0,15.999,8],"texture":"#1"},"south":{"uv":[7,0,9,8],"texture":"#1"},"west":{"uv":[0,0,3,8],"texture":"#1"},"up":{"uv":[0,0,2,2.999],"texture":"#1"},"down":{"uv":[14,13,15.999,15.999],"texture":"#1"}}},{"from":[7.4006,-3.68822,11.30375],"to":[8.5994,-2.68822,18.30375],"rotation":{"angle":0,"axis":"x","origin":[8,-3.18822,21.30375]},"faces":{"north":{"uv":[1,1,2,2],"texture":"#2"},"east":{"uv":[1,1,8,2],"texture":"#2"},"south":{"uv":[1,1,2,2],"texture":"#2"},"west":{"uv":[1,1,8,2],"texture":"#2"},"up":{"uv":[1,1,2,8],"texture":"#2"},"down":{"uv":[1,1,2,8],"texture":"#2"}}},{"from":[7.4006,-1.93822,14.55375],"to":[8.5994,2.06178,17.55375],"rotation":{"angle":0,"axis":"x","origin":[8,-1.43822,21.30375]},"faces":{"north":{"uv":[8,4,9,8],"texture":"#1"},"east":{"uv":[0,0,3,4],"texture":"#1"},"west":{"uv":[13,0,15.999,4],"texture":"#1"},"down":{"uv":[2,11,3,14],"texture":"#1"}}},{"from":[7.4,-3.7633,9.9263],"to":[8.6,3.2367,10.9263],"rotation":{"angle":-22.5,"axis":"x","origin":[8,-0.2633,10.4263]},"faces":{"north":{"uv":[1,1,8,2],"rotation":90,"texture":"#2"},"east":{"uv":[1,1,8,2],"rotation":90,"texture":"#2"},"south":{"uv":[1,1,8,2],"rotation":90,"texture":"#2"},"west":{"uv":[1,1,8,2],"rotation":90,"texture":"#2"},"up":{"uv":[1,1,2,2],"rotation":90,"texture":"#2"},"down":{"uv":[1,1,2,2],"rotation":90,"texture":"#2"}}},{"from":[4,2.5,15.5],"to":[12,10.5,23.5],"rotation":{"angle":0,"axis":"y","origin":[36,-27,44]},"faces":{"east":{"uv":[2,5,10,13],"texture":"#2"},"south":{"uv":[6,3,14,11],"rotation":180,"texture":"#2"},"west":{"uv":[3,5,11,13],"rotation":180,"texture":"#2"},"up":{"uv":[1,1,9,9],"texture":"#2"},"down":{"uv":[1,1,9,9],"texture":"#2"}}},{"from":[5,11.25,16.25],"to":[11,13.75,21.25],"rotation":{"angle":0,"axis":"y","origin":[36,-18.25,45.25]},"faces":{"north":{"uv":[1,1,7,3.5],"texture":"#2"},"east":{"uv":[1,1,6,3.5],"texture":"#2"},"south":{"uv":[1,1,7,3.5],"texture":"#2"},"west":{"uv":[1,1,6,3.5],"texture":"#2"},"up":{"uv":[1,1,7,6],"texture":"#2"},"down":{"uv":[1,1,7,6],"texture":"#2"}}},{"from":[7.25,11.75,12.75],"to":[8.75,13.25,16.25],"rotation":{"angle":45,"axis":"z","origin":[8.00218,12.48995,13.75785]},"faces":{"north":{"uv":[0,0,1.5,1.5],"texture":"#0"},"east":{"uv":[0,0,3.5,1.5],"texture":"#0"},"south":{"uv":[0,0,1.5,1.5],"texture":"#0"},"west":{"uv":[0,0,3.5,1.5],"texture":"#0"},"up":{"uv":[0,0,1.5,3.5],"texture":"#0"},"down":{"uv":[0,0,1.5,3.5],"texture":"#0"}}},{"from":[6,8.25,16.75],"to":[10,12.25,20.75],"rotation":{"angle":-45,"axis":"z","origin":[8.01571,10.22992,20.75434]},"faces":{"north":{"uv":[1,1,5,5],"texture":"#2"},"south":{"uv":[1,1,5,5],"texture":"#2"},"west":{"uv":[1,1,5,5],"texture":"#2"},"up":{"uv":[1,1,5,5],"texture":"#2"}}},{"from":[4,2.5,2],"to":[12,10.5,3],"rotation":{"angle":0,"axis":"y","origin":[36,-27,44]},"faces":{"north":{"uv":[5,5,13,13],"texture":"#2"},"east":{"uv":[7,6,8,14],"texture":"#2"},"west":{"uv":[4,3,5,11],"texture":"#2"},"up":{"uv":[1,1,9,2],"texture":"#2"},"down":{"uv":[1,1,9,2],"texture":"#2"}}},{"from":[6,4.5,1],"to":[10,8.5,2],"rotation":{"angle":45,"axis":"z","origin":[8,6.5,1.5]},"faces":{"north":{"uv":[0,0,4,4],"texture":"#4"},"east":{"uv":[0,0,1,4],"texture":"#4"},"west":{"uv":[0,0,1,4],"texture":"#4"},"up":{"uv":[0,0,4,1],"texture":"#4"},"down":{"uv":[0,0,4,1],"texture":"#4"}}},{"from":[5,3.5,-2],"to":[11,9.5,-1],"rotation":{"angle":45,"axis":"z","origin":[8,6.5,1.5]},"faces":{"north":{"uv":[0,0,4,4],"texture":"#5"},"east":{"uv":[0,0,1,4],"texture":"#5"},"south":{"uv":[0,0,4,4],"texture":"#5"},"west":{"uv":[0,0,1,4],"texture":"#5"},"up":{"uv":[0,0,4,1],"texture":"#5"},"down":{"uv":[0,0,4,1],"texture":"#5"}}},{"from":[3.5,2,-6.25],"to":[12.5,11,-5.25],"rotation":{"angle":45,"axis":"z","origin":[8,6.5,-2.75]},"faces":{"north":{"uv":[0,0,4,4],"texture":"#3"},"east":{"uv":[0,0,1,4],"texture":"#3"},"south":{"uv":[0,0,4,4],"texture":"#3"},"west":{"uv":[0,0,1,4],"texture":"#3"},"up":{"uv":[0,0,4,1],"texture":"#3"},"down":{"uv":[0,0,4,1],"texture":"#3"}}},{"from":[5,3.5,-3.75],"to":[11,9.5,-2.75],"rotation":{"angle":0,"axis":"z","origin":[8,6.5,1.5]},"faces":{"north":{"uv":[0,0,4,4],"texture":"#5"},"east":{"uv":[0,0,1,4],"texture":"#5"},"south":{"uv":[0,0,4,4],"texture":"#5"},"west":{"uv":[0,0,1,4],"texture":"#5"},"up":{"uv":[0,0,4,1],"texture":"#5"},"down":{"uv":[0,0,4,1],"texture":"#5"}}},{"from":[3.5,2,-8],"to":[12.5,11,-7],"rotation":{"angle":0,"axis":"z","origin":[8,6.5,-2.75]},"faces":{"north":{"uv":[0,0,4,4],"texture":"#3"},"east":{"uv":[0,0,1,4],"texture":"#3"},"south":{"uv":[0,0,4,4],"texture":"#3"},"west":{"uv":[0,0,1,4],"texture":"#3"},"up":{"uv":[0,0,4,1],"texture":"#3"},"down":{"uv":[0,0,4,1],"texture":"#3"}}},{"from":[6.35,4.85,-11.75],"to":[9.65,8.15,-8.25],"rotation":{"angle":0,"axis":"z","origin":[8,6.5,1.5]},"faces":{"north":{"uv":[0,0,3.3,3.3],"texture":"#4"},"east":{"uv":[0,0,3.5,3.3],"texture":"#4"},"south":{"uv":[0,0,3.3,3.3],"texture":"#4"},"west":{"uv":[0,0,3.5,3.3],"texture":"#4"},"up":{"uv":[0,0,3.3,3.5],"texture":"#4"},"down":{"uv":[0,0,3.3,3.5],"texture":"#4"}}},{"from":[6.6,5.1,-12],"to":[9.4,7.9,1],"rotation":{"angle":0,"axis":"z","origin":[8,6.5,1.5]},"faces":{"north":{"uv":[6,6,10,10],"texture":"#8"},"east":{"uv":[0,0,13,2.8],"texture":"#4"},"south":{"uv":[0,0,2.8,2.8],"texture":"#4"},"west":{"uv":[0,0,13,2.8],"texture":"#4"},"up":{"uv":[0,0,2.8,13],"texture":"#4"},"down":{"uv":[0,0,2.8,13],"texture":"#4"}}},{"from":[4,2.5,11],"to":[12,10.5,13.5],"rotation":{"angle":0,"axis":"y","origin":[36,-27,44]},"faces":{"east":{"uv":[0,0,2.5,8],"texture":"#0"},"west":{"uv":[0,0,2.5,8],"texture":"#0"},"up":{"uv":[0,0,8,2.5],"texture":"#0"},"down":{"uv":[0,0,8,2.5],"texture":"#0"}}},{"from":[3.2,1.7,13.5],"to":[12.8,11.3,15.5],"rotation":{"angle":0,"axis":"y","origin":[8,6.5,14.75]},"faces":{"north":{"uv":[1,1,10.6,10.6],"texture":"#2"},"east":{"uv":[1,1,3,10.6],"texture":"#2"},"south":{"uv":[1,1,10.6,10.6],"texture":"#2"},"west":{"uv":[1,1,3,10.6],"texture":"#2"},"up":{"uv":[1,1,10.6,3],"texture":"#2"},"down":{"uv":[1,1,10.6,3],"texture":"#2"}}},{"from":[2.95,5.54,14],"to":[4.05,7.46,16],"rotation":{"angle":0,"axis":"y","origin":[8,6.5,14.75]},"faces":{"east":{"uv":[6,1,8,2.92],"texture":"#7"},"south":{"uv":[6,1,7.1,2.92],"texture":"#7"},"west":{"uv":[6,1,8,2.92],"texture":"#7"},"up":{"uv":[6,1,7.1,3],"texture":"#7"},"down":{"uv":[6,1,7.1,3],"texture":"#7"}}},{"from":[11.95,5.54,14],"to":[13.05,7.46,16],"rotation":{"angle":0,"axis":"y","origin":[8,6.5,14.75]},"faces":{"east":{"uv":[8,2.92,6,1],"texture":"#7"},"south":{"uv":[7.1,2.92,6,1],"texture":"#7"},"west":{"uv":[8,2.92,6,1],"texture":"#7"},"up":{"uv":[7.1,3,6,1],"texture":"#7"},"down":{"uv":[7.1,3,6,1],"texture":"#7"}}},{"from":[2.95,5.54,9],"to":[3.3,7.46,14],"rotation":{"angle":0,"axis":"y","origin":[8,6.5,14.75]},"faces":{"east":{"uv":[1,1,6,2.92],"texture":"#7"},"west":{"uv":[1,1,6,2.92],"texture":"#7"},"up":{"uv":[1,1,1.35,6],"texture":"#7"},"down":{"uv":[1,1,1.35,6],"texture":"#7"}}},{"from":[12.7,5.54,9],"to":[13.05,7.46,14],"rotation":{"angle":0,"axis":"y","origin":[8,6.5,14.75]},"faces":{"east":{"uv":[6,2.92,1,1],"texture":"#7"},"west":{"uv":[6,2.92,1,1],"texture":"#7"},"up":{"uv":[1.35,6,1,1],"texture":"#7"},"down":{"uv":[1.35,6,1,1],"texture":"#7"}}},{"from":[3.45,5.54,16],"to":[4.05,7.46,17.5],"rotation":{"angle":0,"axis":"y","origin":[8,6.5,14.75]},"faces":{"west":{"uv":[1,1,2.5,2.92],"texture":"#7"},"up":{"uv":[1,1,1.6,2.5],"texture":"#7"},"down":{"uv":[1,1,1.6,2.5],"texture":"#7"}}},{"from":[11.95,5.54,16],"to":[12.55,7.46,17.5],"rotation":{"angle":0,"axis":"y","origin":[8,6.5,14.75]},"faces":{"east":{"uv":[2.5,2.92,1,1],"texture":"#7"},"up":{"uv":[1.6,2.5,1,1],"texture":"#7"},"down":{"uv":[1.6,2.5,1,1],"texture":"#7"}}},{"from":[3.45,5.04,17.5],"to":[4.05,7.96,20.5],"rotation":{"angle":0,"axis":"y","origin":[8,6.5,14.75]},"faces":{"north":{"uv":[3,3,3.6,5.92],"texture":"#7"},"east":{"uv":[3,3,6,5.92],"texture":"#7"},"south":{"uv":[3,3,3.6,5.92],"texture":"#7"},"west":{"uv":[3,3,6,5.92],"texture":"#7"},"up":{"uv":[3,3,3.6,6],"texture":"#7"},"down":{"uv":[3,3,3.6,6],"texture":"#7"}}},{"from":[11.95,5.04,17.5],"to":[12.55,7.96,20.5],"rotation":{"angle":0,"axis":"y","origin":[8,6.5,14.75]},"faces":{"north":{"uv":[3.6,5.92,3,3],"texture":"#7"},"east":{"uv":[6,5.92,3,3],"texture":"#7"},"south":{"uv":[3.6,5.92,3,3],"texture":"#7"},"west":{"uv":[6,5.92,3,3],"texture":"#7"},"up":{"uv":[3.6,6,3,3],"texture":"#7"},"down":{"uv":[3.6,6,3,3],"texture":"#7"}}},{"from":[2.95,5.04,6],"to":[3.55,7.96,9],"rotation":{"angle":0,"axis":"y","origin":[8,6.5,14.75]},"faces":{"north":{"uv":[3,3,3.6,5.92],"texture":"#7"},"east":{"uv":[3,3,6,5.92],"texture":"#7"},"south":{"uv":[3,3,3.6,5.92],"texture":"#7"},"west":{"uv":[3,3,6,5.92],"texture":"#7"},"up":{"uv":[3,3,3.6,6],"texture":"#7"},"down":{"uv":[3,3,3.6,6],"texture":"#7"}}},{"from":[12.45,5.04,6],"to":[13.05,7.96,9],"rotation":{"angle":0,"axis":"y","origin":[8,6.5,14.75]},"faces":{"north":{"uv":[3.6,5.92,3,3],"texture":"#7"},"east":{"uv":[6,5.92,3,3],"texture":"#7"},"south":{"uv":[3.6,5.92,3,3],"texture":"#7"},"west":{"uv":[6,5.92,3,3],"texture":"#7"},"up":{"uv":[3.6,6,3,3],"texture":"#7"},"down":{"uv":[3.6,6,3,3],"texture":"#7"}}},{"from":[1.7,5.25,6.25],"to":[3.05,7.75,8.75],"rotation":{"angle":0,"axis":"y","origin":[8,7.96,14.75]},"faces":{"north":{"uv":[0,0,1.35,2.42],"texture":"#6"},"south":{"uv":[0,0,1.35,2.42],"texture":"#6"},"west":{"uv":[0,0,2.5,2.42],"texture":"#6"},"up":{"uv":[0,0,1.35,2.5],"texture":"#6"},"down":{"uv":[0,0,1.35,2.5],"texture":"#6"}}},{"from":[12.95,5.25,6.25],"to":[14.3,7.75,8.75],"rotation":{"angle":0,"axis":"y","origin":[8,5.04,14.75]},"faces":{"north":{"uv":[1.35,2.42,0,0],"texture":"#6"},"east":{"uv":[2.5,2.42,0,0],"texture":"#6"},"south":{"uv":[1.35,2.42,0,0],"texture":"#6"},"up":{"uv":[1.35,2.5,0,0],"texture":"#6"},"down":{"uv":[1.35,2.5,0,0],"texture":"#6"}}},{"from":[3.2,1.7,3],"to":[12.8,11.3,11],"rotation":{"angle":0,"axis":"y","origin":[8,6.5,14.75]},"faces":{"north":{"uv":[1,1,10.6,10.6],"texture":"#2"},"east":{"uv":[1,1,9,10.6],"texture":"#2"},"south":{"uv":[1,1,10.6,10.6],"texture":"#2"},"west":{"uv":[1,1,9,10.6],"texture":"#2"},"up":{"uv":[1,1,10.6,9],"texture":"#2"},"down":{"uv":[1,1,10.6,9],"texture":"#2"}}},{"from":[6.25,2,15.25],"to":[9.75,2.5,23.25],"rotation":{"angle":0,"axis":"y","origin":[36,-27,44]},"faces":{"north":{"uv":[1,1,4.5,1.5],"texture":"#2"},"east":{"uv":[1,1,9,1.5],"texture":"#2"},"south":{"uv":[1,1,4.5,1.5],"texture":"#2"},"west":{"uv":[1,1,9,1.5],"texture":"#2"},"up":{"uv":[1,1,4.5,9],"texture":"#2"},"down":{"uv":[1,1,4.5,9],"texture":"#2"}}}],"display":{"thirdperson_righthand":{"rotation":[22.5,0,0],"translation":[0,3.5,-2.25],"scale":[0.3,0.3,0.3]},"thirdperson_lefthand":{"rotation":[22.5,0,0],"translation":[0,3.5,-2.25],"scale":[0.3,0.3,0.3]},"firstperson_righthand":{"rotation":[22.5,0,0],"translation":[0,3.5,-2.25],"scale":[0.3,0.3,0.3]},"firstperson_lefthand":{"rotation":[22.5,0,0],"translation":[0,3.5,-2.25],"scale":[0.3,0.3,0.3]},"ground":{"translation":[0,2.5,0],"scale":[0.3,0.3,0.3]},"gui":{"rotation":[30,-135,0],"translation":[0,1.5,0],"scale":[0.4,0.4,0.4]},"head":{"scale":[0.3,0.3,0.3]},"fixed":{"rotation":[0,90,0],"translation":[0,3,0],"scale":[0.5,0.5,0.5]}},"groups":[{"name":"group","origin":[8,13.11835,1.58815],"children":[0,1,2,3,4,5,6,7,8,9,10,11,12,13,14,15,16,17,18,19,20,21,22,23,24,25,26,27,28,29,30,31,32,33,34]}],"credit":"Model by Craftventure"}