{"textures":{"0":"block/wof","particle":"block/wof"},"elements":[{"from":[11,6.5,6.5],"to":[12.5,9.5,9.5],"rotation":{"angle":0,"axis":"y","origin":[3.5,-10.5,26.5]},"faces":{"north":{"uv":[14.5,0,15,1],"rotation":180,"texture":"#0"},"east":{"uv":[15,0,16,1],"texture":"#0"},"south":{"uv":[14.5,0,15,1],"rotation":180,"texture":"#0"},"up":{"uv":[14.5,0,15,1],"rotation":180,"texture":"#0"},"down":{"uv":[14.5,0,15,1],"texture":"#0"}}},{"from":[11,-12,-12],"to":[11,28,28],"rotation":{"angle":0,"axis":"y","origin":[8,8,8]},"faces":{"east":{"uv":[13.33333,0,0,13.33333],"texture":"#0"},"west":{"uv":[13.33333,0,0,13.33333],"texture":"#0"}}}],"gui_light":"front","display":{"thirdperson_righthand":{"rotation":[0,22.5,-30],"scale":[0.4,0.4,0.4]},"thirdperson_lefthand":{"rotation":[0,22.5,-30],"scale":[0.4,0.4,0.4]},"firstperson_righthand":{"rotation":[0,22.5,-30],"scale":[0.4,0.4,0.4]},"firstperson_lefthand":{"rotation":[0,22.5,-30],"scale":[0.4,0.4,0.4]},"gui":{"rotation":[0,-45,-30],"scale":[0.4,0.4,0.4]},"head":{"rotation":[0,90,0],"translation":[0,-6.5,9.25],"scale":[3.2,3.2,3.2]},"fixed":{"rotation":[0,90,0],"translation":[0,0,-32],"scale":[4,4,4]}},"credit":"Model by Craftventure"}