{"textures":{"6":"block/coal_block","7":"block/end_portal_frame_top"},"elements":[{"name":"toeter","from":[8,1,8],"to":[9.5,1.5,9.5],"faces":{"north":{"uv":[0,0,1.5,0.5],"texture":"#6"},"east":{"uv":[0,0,1.5,0.5],"texture":"#6"},"south":{"uv":[0,0,1.5,0.5],"texture":"#6"},"west":{"uv":[0,0,1.5,0.5],"texture":"#6"},"up":{"uv":[0,0,1.5,1.5],"texture":"#6"},"down":{"uv":[0,0,1.5,1.5],"texture":"#6"}}},{"name":"toeter","from":[8.5,1.5,8.5],"to":[9,4.5,9],"faces":{"north":{"uv":[4,6,4.5,9],"texture":"#7"},"east":{"uv":[4,4,4.5,7],"texture":"#7"},"south":{"uv":[4,4,4.5,7],"texture":"#7"},"west":{"uv":[4,7,4.5,10],"texture":"#7"},"up":{"uv":[4,5,4.5,5.5],"texture":"#7"},"down":{"uv":[4,5,4.5,5.5],"texture":"#7"}}},{"name":"toeter","from":[8.25,0.5,8.25],"to":[9.25,1,9.25],"faces":{"north":{"uv":[0,0,1,0.5],"texture":"#6"},"east":{"uv":[0,0,1,0.5],"texture":"#6"},"south":{"uv":[0,0,1,0.5],"texture":"#6"},"west":{"uv":[0,0,1,0.5],"texture":"#6"},"up":{"uv":[0,0,1,1],"texture":"#6"},"down":{"uv":[0,0,1,1],"texture":"#6"}}},{"name":"toeter","from":[8.25,3.5,8.25],"to":[9.25,5,9.25],"faces":{"north":{"uv":[4,7,5,8.5],"texture":"#7"},"east":{"uv":[4,6,5,7.5],"texture":"#7"},"south":{"uv":[4,4,5,5.5],"texture":"#7"},"west":{"uv":[4,8,5,9.5],"texture":"#7"},"up":{"uv":[4,4,5,5],"texture":"#7"},"down":{"uv":[4,4,5,5],"texture":"#7"}}},{"name":"toeter","from":[8.25,1.5,8.25],"to":[9.25,2,9.25],"faces":{"north":{"uv":[0,0,1,0.5],"texture":"#6"},"east":{"uv":[0,0,1,0.5],"texture":"#6"},"south":{"uv":[0,0,1,0.5],"texture":"#6"},"west":{"uv":[0,0,1,0.5],"texture":"#6"},"up":{"uv":[0,0,1,1],"texture":"#6"},"down":{"uv":[0,0,1,1],"texture":"#6"}}},{"name":"toeter","from":[8,5,8],"to":[9.5,5.5,9.5],"faces":{"north":{"uv":[4,11,5.5,11.5],"texture":"#7"},"east":{"uv":[9,4,10.5,4.5],"texture":"#7"},"south":{"uv":[7,4,8.5,4.5],"texture":"#7"},"west":{"uv":[6,4,7.5,4.5],"texture":"#7"},"up":{"uv":[4,4,12,12],"texture":"#7"},"down":{"uv":[11,5,11.5,5.5],"texture":"#7"}}}],"display":{"thirdperson_righthand":{"translation":[-1.5,12.5,-1],"scale":[2,2,2]},"thirdperson_lefthand":{"scale":[2,2,2]},"firstperson_righthand":{"rotation":[-63,0,0],"translation":[-4.5,7,-3],"scale":[2,2,2]},"gui":{"rotation":[30,-135,0],"translation":[2.5,8.25,2],"scale":[2,2,2]},"head":{"rotation":[-90,0,0],"translation":[0,-5.25,-7],"scale":[2.5,2.5,2.5]}},"groups":[{"name":"toeter","origin":[8,8,8],"children":[0,1,2,3,4,5]}],"credit":"Model by Craftventure"}