{"textures":{"1":"custom/globe"},"elements":[{"from":[0,0,0],"to":[16,16,16],"faces":{"north":{"uv":[4,8,8,12],"texture":"#1"},"east":{"uv":[0,8,4,12],"texture":"#1"},"south":{"uv":[12,8,16,12],"texture":"#1"},"west":{"uv":[8,8,12,12],"texture":"#1"},"up":{"uv":[4,4,8,8],"rotation":180,"texture":"#1"},"down":{"uv":[4,12,8,16],"rotation":180,"texture":"#1"}}},{"from":[6,16,6],"to":[10,17,10],"faces":{"north":{"uv":[0,1,1,1.25],"texture":"#1"},"east":{"uv":[0,1,1,1.25],"texture":"#1"},"south":{"uv":[0,1,1,1.25],"texture":"#1"},"west":{"uv":[0,1,1,1.25],"texture":"#1"},"up":{"uv":[0,0,1,1],"texture":"#1"},"down":{"uv":[0,0,1,1],"texture":"#1"}}},{"from":[6,-1,6],"to":[10,0,10],"faces":{"north":{"uv":[0,1,1,1.25],"texture":"#1"},"east":{"uv":[0,1,1,1.25],"texture":"#1"},"south":{"uv":[0,1,1,1.25],"texture":"#1"},"west":{"uv":[0,1,1,1.25],"texture":"#1"},"up":{"uv":[0,0,1,1],"texture":"#1"},"down":{"uv":[0,0,1,1],"texture":"#1"}}}],"display":{"gui":{"rotation":[30,135,0],"translation":[0.25,0,0],"scale":[0.5,0.5,0.5]}},"credit":"Model by Craftventure"}