{"textures":{"1":"block/black_shulker_box","particle":"block/black_shulker_box","cauldron_inner":"block/oak_log"},"elements":[{"name":"flatbase","from":[-3.5,0,2],"to":[19,1,14],"faces":{"north":{"uv":[3,0,5,16],"rotation":90,"texture":"#cauldron_inner"},"east":{"uv":[0,15,16,16],"texture":"#cauldron_inner"},"south":{"uv":[3,16,5,0],"rotation":90,"texture":"#cauldron_inner"},"west":{"uv":[0,15,16,16],"texture":"#cauldron_inner"},"up":{"uv":[0,0,16,16],"rotation":90,"texture":"#cauldron_inner"},"down":{"uv":[0,16,16,0],"rotation":270,"texture":"#cauldron_inner"}}},{"name":"curve","from":[18.62,-0.0761,2.001],"to":[20.12,0.9239,14.001],"rotation":{"angle":22.5,"axis":"z","origin":[18.61732,0.92388,2]},"faces":{"north":{"uv":[2,14,4,16],"rotation":270,"texture":"#cauldron_inner"},"east":{"uv":[2,15,3,16],"texture":"#cauldron_inner"},"south":{"uv":[0,14,2,16],"rotation":90,"texture":"#cauldron_inner"},"west":{"uv":[2,15,3,16],"texture":"#cauldron_inner"},"up":{"uv":[0,8,16,10],"rotation":90,"texture":"#cauldron_inner"},"down":{"uv":[0,10,16,12],"rotation":90,"texture":"#cauldron_inner"}}},{"name":"curve","from":[21.47931,1.82707,2.0012],"to":[22.47931,2.82707,14.0012],"rotation":{"angle":-22.5,"axis":"z","origin":[21.47931,4.32707,2]},"faces":{"north":{"uv":[11,14,13,16],"rotation":270,"texture":"#cauldron_inner"},"east":{"uv":[0,13,16,14],"texture":"#cauldron_inner"},"south":{"uv":[4,14,6,16],"rotation":90,"texture":"#cauldron_inner"},"west":{"uv":[0,5,16,6],"texture":"#cauldron_inner"},"up":{"uv":[11,0,12,16],"texture":"#cauldron_inner"},"down":{"uv":[0,4,0,2],"texture":"#cauldron_inner"}}},{"name":"curve","from":[19.67871,0.28113,2.0011],"to":[21.17871,1.28113,14.0011],"rotation":{"angle":45,"axis":"z","origin":[19.67871,1.28113,2]},"faces":{"north":{"uv":[0,14,2,16],"rotation":90,"texture":"#cauldron_inner"},"east":{"uv":[2,15,4,16],"texture":"#cauldron_inner"},"south":{"uv":[3,14,5,16],"rotation":90,"texture":"#cauldron_inner"},"west":{"uv":[2,15,4,16],"texture":"#cauldron_inner"},"up":{"uv":[0,10,16,12],"rotation":90,"texture":"#cauldron_inner"},"down":{"uv":[0,6,16,8],"rotation":90,"texture":"#cauldron_inner"}}},{"name":"curve","from":[20.82916,2.55856,2.0013],"to":[21.82916,3.55856,14.0013],"faces":{"north":{"uv":[0,12,2,14],"rotation":180,"texture":"#cauldron_inner"},"east":{"uv":[0,3,16,4],"texture":"#cauldron_inner"},"south":{"uv":[14,14,16,16],"texture":"#cauldron_inner"},"west":{"uv":[0,5,16,6],"texture":"#cauldron_inner"},"up":{"uv":[16,2,16,4],"texture":"#cauldron_inner"},"down":{"uv":[0,4,0,2],"texture":"#cauldron_inner"}}},{"name":"curve","from":[19.94857,2.98558,2.0014],"to":[20.94857,3.98558,14.0014],"rotation":{"angle":22.5,"axis":"z","origin":[19.94857,5.48558,2]},"faces":{"north":{"uv":[5,15,6,16],"texture":"#cauldron_inner"},"east":{"uv":[0,9,16,10],"texture":"#cauldron_inner"},"south":{"uv":[12,15,13,16],"texture":"#cauldron_inner"},"west":{"uv":[0,8,16,9],"texture":"#cauldron_inner"},"up":{"uv":[16,2,16,4],"texture":"#cauldron_inner"},"down":{"uv":[0,4,0,2],"texture":"#cauldron_inner"}}},{"name":"curve","from":[18.9716,3.0431,2.5],"to":[19.9716,4.0431,13.5],"rotation":{"angle":45,"axis":"z","origin":[18.97161,5.5431,2]},"faces":{"north":{"uv":[2,15,3,16],"texture":"#cauldron_inner"},"east":{"uv":[0,12,15.58,13],"texture":"#cauldron_inner"},"south":{"uv":[2,15,3,16],"texture":"#cauldron_inner"},"west":{"uv":[0,12,16,13],"texture":"#cauldron_inner"},"up":{"uv":[0,6,16,7],"rotation":90,"texture":"#cauldron_inner"},"down":{"uv":[0,4,0,2],"texture":"#cauldron_inner"}}},{"name":"straps","from":[8.5,0.1,2.3],"to":[18.5,1.1,2.8],"faces":{"north":{"uv":[0,0,16,1],"texture":"#1"},"east":{"uv":[1,1,3,3],"texture":"#1"},"south":{"uv":[0,0,16,1],"texture":"#1"},"west":{"uv":[1,1,3,3],"texture":"#1"},"up":{"uv":[0,0,16,1],"texture":"#1"},"down":{"uv":[0,0,16,1],"texture":"#1"}}},{"name":"straps","from":[8.5,0.1,13.3],"to":[18.5,1.1,13.8],"faces":{"north":{"uv":[0,0,16,1],"texture":"#1"},"east":{"uv":[1,1,3,3],"texture":"#1"},"south":{"uv":[0,0,16,1],"texture":"#1"},"west":{"uv":[1,1,3,3],"texture":"#1"},"up":{"uv":[0,0,16,1],"texture":"#1"},"down":{"uv":[0,0,16,1],"texture":"#1"}}},{"name":"curve","from":[18.9717,3.0431,2.15],"to":[19.9617,3.5431,13.9],"rotation":{"angle":45,"axis":"z","origin":[18.97161,5.5431,2]},"faces":{"north":{"uv":[1,15,2,16],"texture":"#cauldron_inner"},"east":{"uv":[0,12,16,13],"texture":"#cauldron_inner"},"south":{"uv":[0,15,1,16],"texture":"#cauldron_inner"},"west":{"uv":[0,12,16,13],"texture":"#cauldron_inner"},"up":{"uv":[15,0,16,16],"texture":"#cauldron_inner"},"down":{"uv":[0,4,0,2],"texture":"#cauldron_inner"}}},{"name":"curve","from":[18.9718,3.3,2.375],"to":[19.9618,3.8,13.625],"rotation":{"angle":45,"axis":"z","origin":[18.97161,5.5431,2]},"faces":{"north":{"uv":[1,14,2,15],"texture":"#cauldron_inner"},"east":{"uv":[0,12,16,13],"texture":"#cauldron_inner"},"south":{"uv":[5,15,6,16],"texture":"#cauldron_inner"},"west":{"uv":[0,12,16,13],"texture":"#cauldron_inner"},"up":{"uv":[15,0,16,16],"texture":"#cauldron_inner"},"down":{"uv":[0,4,0,2],"texture":"#cauldron_inner"}}}],"display":{"thirdperson_righthand":{"rotation":[-4,180,90],"translation":[4.1,-3.5,2.5],"scale":[0.8,0.8,0.8]},"thirdperson_lefthand":{"rotation":[176,180,90],"translation":[4.1,-3.5,2.5],"scale":[0.8,0.8,0.8]},"firstperson_righthand":{"rotation":[-55,180,90],"translation":[6.5,-3,6],"scale":[0.8,0.8,0.8]},"firstperson_lefthand":{"rotation":[125,180,90],"translation":[6.5,-3,6],"scale":[0.8,0.8,0.8]},"gui":{"rotation":[30,-45,0],"translation":[-0.18,2.9,0],"scale":[0.5,0.5,0.5]},"head":{"rotation":[0,90,0],"translation":[0,4.54,0],"scale":[1.6,1.6,1.6]}},"credit":"Model by Craftventure"}