{"textures":{"0":"block/anvil","1":"block/coal_block","2":"block/light_gray_shulker_box","4":"block/cut_sandstone","particle":"block/anvil"},"elements":[{"from":[8,0,0],"to":[11,1,1],"faces":{"north":{"uv":[5,15,8,16],"texture":"#0"},"east":{"uv":[15,15,16,16],"texture":"#0"},"south":{"uv":[8,15,11,16],"texture":"#0"},"west":{"uv":[0,15,1,16],"texture":"#0"},"up":{"uv":[8,0,11,1],"texture":"#0"},"down":{"uv":[8,15,11,16],"texture":"#0"}}},{"from":[12,2,0],"to":[13,5,1],"faces":{"north":{"uv":[5,15,8,16],"rotation":90,"texture":"#0"},"east":{"uv":[8,15,11,16],"rotation":270,"texture":"#0"},"south":{"uv":[8,15,11,16],"rotation":270,"texture":"#0"},"west":{"uv":[8,0,11,1],"rotation":270,"texture":"#0"},"up":{"uv":[15,15,16,16],"rotation":270,"texture":"#0"},"down":{"uv":[0,15,1,16],"rotation":270,"texture":"#0"}}},{"from":[8,6,0],"to":[11,7,1],"faces":{"north":{"uv":[5,15,8,16],"texture":"#0"},"east":{"uv":[15,15,16,16],"texture":"#0"},"south":{"uv":[8,15,11,16],"texture":"#0"},"west":{"uv":[0,15,1,16],"texture":"#0"},"up":{"uv":[8,0,11,1],"texture":"#0"},"down":{"uv":[8,15,11,16],"texture":"#0"}}},{"from":[6,2,0],"to":[7,5,1],"faces":{"north":{"uv":[5,15,8,16],"rotation":90,"texture":"#0"},"east":{"uv":[8,15,11,16],"rotation":270,"texture":"#0"},"south":{"uv":[8,15,11,16],"rotation":270,"texture":"#0"},"west":{"uv":[8,0,11,1],"rotation":270,"texture":"#0"},"up":{"uv":[15,15,16,16],"rotation":270,"texture":"#0"},"down":{"uv":[0,15,1,16],"rotation":270,"texture":"#0"}}},{"from":[9.45084,3.49888,0],"to":[10.45084,6.32888,1],"rotation":{"angle":45,"axis":"z","origin":[12.95084,-0.00109,0.5]},"faces":{"north":{"uv":[5,15,8,16],"rotation":90,"texture":"#0"},"east":{"uv":[8,15,11,16],"rotation":270,"texture":"#0"},"south":{"uv":[8,15,11,16],"rotation":270,"texture":"#0"},"west":{"uv":[8,0,11,1],"rotation":270,"texture":"#0"},"up":{"uv":[15,15,16,16],"rotation":270,"texture":"#0"},"down":{"uv":[0,15,1,16],"rotation":270,"texture":"#0"}}},{"from":[13.74262,7.79288,0],"to":[14.74262,10.62288,1],"rotation":{"angle":45,"axis":"z","origin":[17.24262,4.29292,0.5]},"faces":{"north":{"uv":[5,15,8,16],"rotation":90,"texture":"#0"},"east":{"uv":[8,15,11,16],"rotation":270,"texture":"#0"},"south":{"uv":[8,15,11,16],"rotation":270,"texture":"#0"},"west":{"uv":[8,0,11,1],"rotation":270,"texture":"#0"},"up":{"uv":[15,15,16,16],"rotation":270,"texture":"#0"},"down":{"uv":[0,15,1,16],"rotation":270,"texture":"#0"}}},{"from":[2.50002,3.55024,0],"to":[3.50002,6.38024,1],"rotation":{"angle":-45,"axis":"z","origin":[6.00002,0.05028,0.5]},"faces":{"north":{"uv":[5,15,8,16],"rotation":90,"texture":"#0"},"east":{"uv":[8,15,11,16],"rotation":270,"texture":"#0"},"south":{"uv":[8,15,11,16],"rotation":270,"texture":"#0"},"west":{"uv":[8,0,11,1],"rotation":270,"texture":"#0"},"up":{"uv":[15,15,16,16],"rotation":270,"texture":"#0"},"down":{"uv":[0,15,1,16],"rotation":270,"texture":"#0"}}},{"from":[6.79292,-0.74265,0],"to":[7.79292,2.08735,1],"rotation":{"angle":-45,"axis":"z","origin":[10.29292,-4.24262,0.5]},"faces":{"north":{"uv":[5,15,8,16],"rotation":90,"texture":"#0"},"east":{"uv":[8,15,11,16],"rotation":270,"texture":"#0"},"south":{"uv":[8,15,11,16],"rotation":270,"texture":"#0"},"west":{"uv":[8,0,11,1],"rotation":270,"texture":"#0"},"up":{"uv":[15,15,16,16],"rotation":270,"texture":"#0"},"down":{"uv":[0,15,1,16],"rotation":270,"texture":"#0"}}},{"from":[8,0,7],"to":[11,1,8],"faces":{"north":{"uv":[5,15,8,16],"texture":"#0"},"east":{"uv":[15,15,16,16],"texture":"#0"},"south":{"uv":[8,15,11,16],"texture":"#0"},"west":{"uv":[0,15,1,16],"texture":"#0"},"up":{"uv":[8,0,11,1],"texture":"#0"},"down":{"uv":[8,15,11,16],"texture":"#0"}}},{"from":[12,2,7],"to":[13,5,8],"faces":{"north":{"uv":[5,15,8,16],"rotation":90,"texture":"#0"},"east":{"uv":[8,15,11,16],"rotation":270,"texture":"#0"},"south":{"uv":[8,15,11,16],"rotation":270,"texture":"#0"},"west":{"uv":[8,0,11,1],"rotation":270,"texture":"#0"},"up":{"uv":[15,15,16,16],"rotation":270,"texture":"#0"},"down":{"uv":[0,15,1,16],"rotation":270,"texture":"#0"}}},{"from":[8,6,7],"to":[11,7,8],"faces":{"north":{"uv":[5,15,8,16],"texture":"#0"},"east":{"uv":[15,15,16,16],"texture":"#0"},"south":{"uv":[8,15,11,16],"texture":"#0"},"west":{"uv":[0,15,1,16],"texture":"#0"},"up":{"uv":[8,0,11,1],"texture":"#0"},"down":{"uv":[8,15,11,16],"texture":"#0"}}},{"from":[6,2,7],"to":[7,5,8],"faces":{"north":{"uv":[5,15,8,16],"rotation":90,"texture":"#0"},"east":{"uv":[8,15,11,16],"rotation":270,"texture":"#0"},"south":{"uv":[8,15,11,16],"rotation":270,"texture":"#0"},"west":{"uv":[8,0,11,1],"rotation":270,"texture":"#0"},"up":{"uv":[15,15,16,16],"rotation":270,"texture":"#0"},"down":{"uv":[0,15,1,16],"rotation":270,"texture":"#0"}}},{"from":[9.45084,3.49888,7],"to":[10.45084,6.32888,8],"rotation":{"angle":45,"axis":"z","origin":[12.95084,-0.00109,7.5]},"faces":{"north":{"uv":[5,15,8,16],"rotation":90,"texture":"#0"},"east":{"uv":[8,15,11,16],"rotation":270,"texture":"#0"},"south":{"uv":[8,15,11,16],"rotation":270,"texture":"#0"},"west":{"uv":[8,0,11,1],"rotation":270,"texture":"#0"},"up":{"uv":[15,15,16,16],"rotation":270,"texture":"#0"},"down":{"uv":[0,15,1,16],"rotation":270,"texture":"#0"}}},{"from":[13.74262,7.79288,7],"to":[14.74262,10.62288,8],"rotation":{"angle":45,"axis":"z","origin":[17.24262,4.29292,7.5]},"faces":{"north":{"uv":[5,15,8,16],"rotation":90,"texture":"#0"},"east":{"uv":[8,15,11,16],"rotation":270,"texture":"#0"},"south":{"uv":[8,15,11,16],"rotation":270,"texture":"#0"},"west":{"uv":[8,0,11,1],"rotation":270,"texture":"#0"},"up":{"uv":[15,15,16,16],"rotation":270,"texture":"#0"},"down":{"uv":[0,15,1,16],"rotation":270,"texture":"#0"}}},{"from":[2.50002,3.55024,7],"to":[3.50002,6.38024,8],"rotation":{"angle":-45,"axis":"z","origin":[6.00002,0.05028,7.5]},"faces":{"north":{"uv":[5,15,8,16],"rotation":90,"texture":"#0"},"east":{"uv":[8,15,11,16],"rotation":270,"texture":"#0"},"south":{"uv":[8,15,11,16],"rotation":270,"texture":"#0"},"west":{"uv":[8,0,11,1],"rotation":270,"texture":"#0"},"up":{"uv":[15,15,16,16],"rotation":270,"texture":"#0"},"down":{"uv":[0,15,1,16],"rotation":270,"texture":"#0"}}},{"from":[6.79292,-0.74265,7],"to":[7.79292,2.08735,8],"rotation":{"angle":-45,"axis":"z","origin":[10.29292,-4.24262,7.5]},"faces":{"north":{"uv":[5,15,8,16],"rotation":90,"texture":"#0"},"east":{"uv":[8,15,11,16],"rotation":270,"texture":"#0"},"south":{"uv":[8,15,11,16],"rotation":270,"texture":"#0"},"west":{"uv":[8,0,11,1],"rotation":270,"texture":"#0"},"up":{"uv":[15,15,16,16],"rotation":270,"texture":"#0"},"down":{"uv":[0,15,1,16],"rotation":270,"texture":"#0"}}},{"from":[8,0,10],"to":[11,1,11],"faces":{"north":{"uv":[5,15,8,16],"texture":"#0"},"east":{"uv":[15,15,16,16],"texture":"#0"},"south":{"uv":[8,15,11,16],"texture":"#0"},"west":{"uv":[0,15,1,16],"texture":"#0"},"up":{"uv":[8,0,11,1],"texture":"#0"},"down":{"uv":[8,15,11,16],"texture":"#0"}}},{"from":[12,2,10],"to":[13,5,11],"faces":{"north":{"uv":[5,15,8,16],"rotation":90,"texture":"#0"},"east":{"uv":[8,15,11,16],"rotation":270,"texture":"#0"},"south":{"uv":[8,15,11,16],"rotation":270,"texture":"#0"},"west":{"uv":[8,0,11,1],"rotation":270,"texture":"#0"},"up":{"uv":[15,15,16,16],"rotation":270,"texture":"#0"},"down":{"uv":[0,15,1,16],"rotation":270,"texture":"#0"}}},{"from":[8,6,10],"to":[11,7,11],"faces":{"north":{"uv":[5,15,8,16],"texture":"#0"},"east":{"uv":[15,15,16,16],"texture":"#0"},"south":{"uv":[8,15,11,16],"texture":"#0"},"west":{"uv":[0,15,1,16],"texture":"#0"},"up":{"uv":[8,0,11,1],"texture":"#0"},"down":{"uv":[8,15,11,16],"texture":"#0"}}},{"from":[6,2,10],"to":[7,5,11],"faces":{"north":{"uv":[5,15,8,16],"rotation":90,"texture":"#0"},"east":{"uv":[8,15,11,16],"rotation":270,"texture":"#0"},"south":{"uv":[8,15,11,16],"rotation":270,"texture":"#0"},"west":{"uv":[8,0,11,1],"rotation":270,"texture":"#0"},"up":{"uv":[15,15,16,16],"rotation":270,"texture":"#0"},"down":{"uv":[0,15,1,16],"rotation":270,"texture":"#0"}}},{"from":[9.45084,3.49888,10],"to":[10.45084,6.32888,11],"rotation":{"angle":45,"axis":"z","origin":[12.95084,-0.00109,10.5]},"faces":{"north":{"uv":[5,15,8,16],"rotation":90,"texture":"#0"},"east":{"uv":[8,15,11,16],"rotation":270,"texture":"#0"},"south":{"uv":[8,15,11,16],"rotation":270,"texture":"#0"},"west":{"uv":[8,0,11,1],"rotation":270,"texture":"#0"},"up":{"uv":[15,15,16,16],"rotation":270,"texture":"#0"},"down":{"uv":[0,15,1,16],"rotation":270,"texture":"#0"}}},{"from":[13.74262,7.79288,10],"to":[14.74262,10.62288,11],"rotation":{"angle":45,"axis":"z","origin":[17.24262,4.29292,10.5]},"faces":{"north":{"uv":[5,15,8,16],"rotation":90,"texture":"#0"},"east":{"uv":[8,15,11,16],"rotation":270,"texture":"#0"},"south":{"uv":[8,15,11,16],"rotation":270,"texture":"#0"},"west":{"uv":[8,0,11,1],"rotation":270,"texture":"#0"},"up":{"uv":[15,15,16,16],"rotation":270,"texture":"#0"},"down":{"uv":[0,15,1,16],"rotation":270,"texture":"#0"}}},{"from":[2.50002,3.55024,10],"to":[3.50002,6.38024,11],"rotation":{"angle":-45,"axis":"z","origin":[6.00002,0.05028,10.5]},"faces":{"north":{"uv":[5,15,8,16],"rotation":90,"texture":"#0"},"east":{"uv":[8,15,11,16],"rotation":270,"texture":"#0"},"south":{"uv":[8,15,11,16],"rotation":270,"texture":"#0"},"west":{"uv":[8,0,11,1],"rotation":270,"texture":"#0"},"up":{"uv":[15,15,16,16],"rotation":270,"texture":"#0"},"down":{"uv":[0,15,1,16],"rotation":270,"texture":"#0"}}},{"from":[6.79292,-0.74265,10],"to":[7.79292,2.08735,11],"rotation":{"angle":-45,"axis":"z","origin":[10.29292,-4.24262,10.5]},"faces":{"north":{"uv":[5,15,8,16],"rotation":90,"texture":"#0"},"east":{"uv":[8,15,11,16],"rotation":270,"texture":"#0"},"south":{"uv":[8,15,11,16],"rotation":270,"texture":"#0"},"west":{"uv":[8,0,11,1],"rotation":270,"texture":"#0"},"up":{"uv":[15,15,16,16],"rotation":270,"texture":"#0"},"down":{"uv":[0,15,1,16],"rotation":270,"texture":"#0"}}},{"from":[7,1,0.7],"to":[12,6,0.7],"faces":{"north":{"uv":[4,4,12,12],"texture":"#1"},"east":{"uv":[5,5,11,11],"texture":"#1"},"south":{"uv":[6,6,10,10],"texture":"#1"},"west":{"uv":[6,6,10,10],"texture":"#1"},"up":{"uv":[6,6,10,10],"texture":"#1"},"down":{"uv":[5,5,11,11],"texture":"#1"}}},{"from":[6.5,2,1],"to":[12.5,5,12],"faces":{"north":{"uv":[3.5,11,9.5,14],"rotation":90,"texture":"#0"},"east":{"uv":[6,11,15,14],"rotation":270,"texture":"#0"},"south":{"uv":[6.5,11,12.5,14],"rotation":270,"texture":"#0"},"west":{"uv":[1,11,10,14],"rotation":270,"texture":"#0"},"up":{"uv":[6.5,1,12.5,10],"rotation":270,"texture":"#0"},"down":{"uv":[6.5,6,12.5,15],"rotation":270,"texture":"#0"}}},{"from":[8,0.5,1],"to":[11,6.5,12],"faces":{"north":{"uv":[3.5,11,9.5,14],"rotation":180,"texture":"#0"},"east":{"uv":[6.5,6,12.5,15],"rotation":180,"texture":"#0"},"south":{"uv":[6.5,11,12.5,14],"rotation":180,"texture":"#0"},"west":{"uv":[6.5,1,12.5,10],"rotation":180,"texture":"#0"},"up":{"uv":[6,11,15,14],"rotation":180,"texture":"#0"},"down":{"uv":[1,11,10,14],"rotation":180,"texture":"#0"}}},{"from":[13.14645,3.61091,1],"to":[15.14645,5.75091,12],"rotation":{"angle":45,"axis":"z","origin":[12.14645,1.11091,0.5]},"faces":{"north":{"uv":[3.5,11,9.5,14],"rotation":90,"texture":"#0"},"east":{"uv":[6,11,15,14],"rotation":270,"texture":"#0"},"south":{"uv":[6.5,11,12.5,14],"rotation":270,"texture":"#0"},"west":{"uv":[1,11,10,14],"rotation":270,"texture":"#0"},"up":{"uv":[6.5,1,12.5,10],"rotation":270,"texture":"#0"},"down":{"uv":[6.5,6,12.5,15],"rotation":270,"texture":"#0"}}},{"from":[7.99173,9.71751,1],"to":[10.13173,11.71751,12],"rotation":{"angle":45,"axis":"z","origin":[20.63173,8.71751,0.5]},"faces":{"north":{"uv":[3.5,11,9.5,14],"rotation":180,"texture":"#0"},"east":{"uv":[6.5,6,12.5,15],"rotation":180,"texture":"#0"},"south":{"uv":[6.5,11,12.5,14],"rotation":180,"texture":"#0"},"west":{"uv":[6.5,1,12.5,10],"rotation":180,"texture":"#0"},"up":{"uv":[6,11,15,14],"rotation":180,"texture":"#0"},"down":{"uv":[1,11,10,14],"rotation":180,"texture":"#0"}}},{"from":[15.73072,2.85506,1],"to":[17.73072,4.99506,12],"rotation":{"angle":45,"axis":"z","origin":[14.73072,-7.64494,0.5]},"faces":{"north":{"uv":[3.5,11,9.5,14],"rotation":90,"texture":"#0"},"east":{"uv":[6,11,15,14],"rotation":270,"texture":"#0"},"south":{"uv":[6.5,11,12.5,14],"rotation":270,"texture":"#0"},"west":{"uv":[1,11,10,14],"rotation":270,"texture":"#0"},"up":{"uv":[6.5,1,12.5,10],"rotation":270,"texture":"#0"},"down":{"uv":[6.5,6,12.5,15],"rotation":270,"texture":"#0"}}},{"from":[12.6967,11.55154,1],"to":[14.8367,13.55154,12],"rotation":{"angle":45,"axis":"z","origin":[19.92098,1.79569,0.5]},"faces":{"north":{"uv":[3.5,11,9.5,14],"rotation":180,"texture":"#0"},"east":{"uv":[6.5,6,12.5,15],"rotation":180,"texture":"#0"},"south":{"uv":[6.5,11,12.5,14],"rotation":180,"texture":"#0"},"west":{"uv":[6.5,1,12.5,10],"rotation":180,"texture":"#0"},"up":{"uv":[6,11,15,14],"rotation":180,"texture":"#0"},"down":{"uv":[1,11,10,14],"rotation":180,"texture":"#0"}}},{"from":[6.5,2,1],"to":[12.5,5,12],"faces":{"north":{"uv":[3.5,11,9.5,14],"rotation":90,"texture":"#0"},"east":{"uv":[6,11,15,14],"rotation":270,"texture":"#0"},"south":{"uv":[6.5,11,12.5,14],"rotation":270,"texture":"#0"},"west":{"uv":[1,11,10,14],"rotation":270,"texture":"#0"},"up":{"uv":[6.5,1,12.5,10],"rotation":270,"texture":"#0"},"down":{"uv":[6.5,6,12.5,15],"rotation":270,"texture":"#0"}}},{"from":[8,0.5,1],"to":[11,6.5,12],"faces":{"north":{"uv":[3.5,11,9.5,14],"rotation":180,"texture":"#0"},"east":{"uv":[6.5,6,12.5,15],"rotation":180,"texture":"#0"},"south":{"uv":[6.5,11,12.5,14],"rotation":180,"texture":"#0"},"west":{"uv":[6.5,1,12.5,10],"rotation":180,"texture":"#0"},"up":{"uv":[6,11,15,14],"rotation":180,"texture":"#0"},"down":{"uv":[1,11,10,14],"rotation":180,"texture":"#0"}}},{"from":[13.14645,3.61091,1],"to":[15.14645,5.75091,12],"rotation":{"angle":45,"axis":"z","origin":[12.14645,1.11091,0.5]},"faces":{"north":{"uv":[3.5,11,9.5,14],"rotation":90,"texture":"#0"},"east":{"uv":[6,11,15,14],"rotation":270,"texture":"#0"},"south":{"uv":[6.5,11,12.5,14],"rotation":270,"texture":"#0"},"west":{"uv":[1,11,10,14],"rotation":270,"texture":"#0"},"up":{"uv":[6.5,1,12.5,10],"rotation":270,"texture":"#0"},"down":{"uv":[6.5,6,12.5,15],"rotation":270,"texture":"#0"}}},{"from":[7.99173,9.71751,1],"to":[10.13173,11.71751,12],"rotation":{"angle":45,"axis":"z","origin":[20.63173,8.71751,0.5]},"faces":{"north":{"uv":[3.5,11,9.5,14],"rotation":180,"texture":"#0"},"east":{"uv":[6.5,6,12.5,15],"rotation":180,"texture":"#0"},"south":{"uv":[6.5,11,12.5,14],"rotation":180,"texture":"#0"},"west":{"uv":[6.5,1,12.5,10],"rotation":180,"texture":"#0"},"up":{"uv":[6,11,15,14],"rotation":180,"texture":"#0"},"down":{"uv":[1,11,10,14],"rotation":180,"texture":"#0"}}},{"from":[15.73072,2.85506,1],"to":[17.73072,4.99506,12],"rotation":{"angle":45,"axis":"z","origin":[14.73072,-7.64494,0.5]},"faces":{"north":{"uv":[3.5,11,9.5,14],"rotation":90,"texture":"#0"},"east":{"uv":[6,11,15,14],"rotation":270,"texture":"#0"},"south":{"uv":[6.5,11,12.5,14],"rotation":270,"texture":"#0"},"west":{"uv":[1,11,10,14],"rotation":270,"texture":"#0"},"up":{"uv":[6.5,1,12.5,10],"rotation":270,"texture":"#0"},"down":{"uv":[6.5,6,12.5,15],"rotation":270,"texture":"#0"}}},{"from":[12.6967,11.55154,1],"to":[14.8367,13.55154,12],"rotation":{"angle":45,"axis":"z","origin":[19.92098,1.79569,0.5]},"faces":{"north":{"uv":[3.5,11,9.5,14],"rotation":180,"texture":"#0"},"east":{"uv":[6.5,6,12.5,15],"rotation":180,"texture":"#0"},"south":{"uv":[6.5,11,12.5,14],"rotation":180,"texture":"#0"},"west":{"uv":[6.5,1,12.5,10],"rotation":180,"texture":"#0"},"up":{"uv":[6,11,15,14],"rotation":180,"texture":"#0"},"down":{"uv":[1,11,10,14],"rotation":180,"texture":"#0"}}},{"from":[8,1,12],"to":[11,6,12.5],"faces":{"north":{"uv":[3.5,11,9.5,14],"rotation":180,"texture":"#0"},"east":{"uv":[6.5,6,12.5,15],"rotation":180,"texture":"#0"},"south":{"uv":[6.5,11,12.5,14],"rotation":180,"texture":"#0"},"west":{"uv":[6.5,1,12.5,10],"rotation":180,"texture":"#0"},"up":{"uv":[6,11,15,14],"rotation":180,"texture":"#0"},"down":{"uv":[1,11,10,14],"rotation":180,"texture":"#0"}}},{"from":[7.21716,1.48995,12],"to":[8.61716,2.48995,12.5],"rotation":{"angle":-45,"axis":"z","origin":[7.71716,1.98995,12.5]},"faces":{"north":{"uv":[3.5,11,9.5,14],"rotation":180,"texture":"#0"},"east":{"uv":[6.5,6,12.5,15],"rotation":180,"texture":"#0"},"south":{"uv":[6.5,11,12.5,14],"rotation":180,"texture":"#0"},"west":{"uv":[6.5,1,12.5,10],"rotation":180,"texture":"#0"},"up":{"uv":[6,11,15,14],"rotation":180,"texture":"#0"},"down":{"uv":[1,11,10,14],"rotation":180,"texture":"#0"}}},{"from":[10.5,4.79289,12],"to":[11.9,5.79289,12.5],"rotation":{"angle":-45,"axis":"z","origin":[11,5.29289,12.5]},"faces":{"north":{"uv":[3.5,11,9.5,14],"rotation":180,"texture":"#0"},"east":{"uv":[6.5,6,12.5,15],"rotation":180,"texture":"#0"},"south":{"uv":[6.5,11,12.5,14],"rotation":180,"texture":"#0"},"west":{"uv":[6.5,1,12.5,10],"rotation":180,"texture":"#0"},"up":{"uv":[6,11,15,14],"rotation":180,"texture":"#0"},"down":{"uv":[1,11,10,14],"rotation":180,"texture":"#0"}}},{"from":[7.21299,2.57107,12],"to":[8.61299,3.57107,12.5],"rotation":{"angle":45,"axis":"z","origin":[10.99584,6.37401,12.5]},"faces":{"north":{"uv":[3.5,11,9.5,14],"rotation":180,"texture":"#0"},"east":{"uv":[6.5,6,12.5,15],"rotation":180,"texture":"#0"},"south":{"uv":[6.5,11,12.5,14],"rotation":180,"texture":"#0"},"west":{"uv":[6.5,1,12.5,10],"rotation":180,"texture":"#0"},"up":{"uv":[6,11,15,14],"rotation":180,"texture":"#0"},"down":{"uv":[1,11,10,14],"rotation":180,"texture":"#0"}}},{"from":[7.21716,4.51005,12],"to":[8.61716,5.51005,12.5],"rotation":{"angle":45,"axis":"z","origin":[7.71716,5.01005,12.5]},"faces":{"north":{"uv":[3.5,11,9.5,14],"rotation":180,"texture":"#0"},"east":{"uv":[6.5,6,12.5,15],"rotation":180,"texture":"#0"},"south":{"uv":[6.5,11,12.5,14],"rotation":180,"texture":"#0"},"west":{"uv":[6.5,1,12.5,10],"rotation":180,"texture":"#0"},"up":{"uv":[6,11,15,14],"rotation":180,"texture":"#0"},"down":{"uv":[1,11,10,14],"rotation":180,"texture":"#0"}}},{"from":[7,2,12],"to":[12,5,12.5],"faces":{"north":{"uv":[3.5,11,9.5,14],"rotation":90,"texture":"#0"},"east":{"uv":[6,11,15,14],"rotation":270,"texture":"#0"},"south":{"uv":[6.5,11,12.5,14],"rotation":270,"texture":"#0"},"west":{"uv":[1,11,10,14],"rotation":270,"texture":"#0"},"up":{"uv":[6.5,1,12.5,10],"rotation":270,"texture":"#0"},"down":{"uv":[6.5,6,12.5,15],"rotation":270,"texture":"#0"}}},{"from":[7.71716,4.01005,12.5],"to":[9.11716,5.01005,13],"rotation":{"angle":45,"axis":"z","origin":[8.21716,4.51005,13]},"faces":{"north":{"uv":[3.5,11,9.5,14],"rotation":180,"texture":"#0"},"east":{"uv":[6.5,6,12.5,15],"rotation":180,"texture":"#0"},"south":{"uv":[6.5,11,12.5,14],"rotation":180,"texture":"#0"},"west":{"uv":[6.5,1,12.5,10],"rotation":180,"texture":"#0"},"up":{"uv":[6,11,15,14],"rotation":180,"texture":"#0"},"down":{"uv":[1,11,10,14],"rotation":180,"texture":"#0"}}},{"from":[7.71716,1.98995,12.5],"to":[9.11716,2.98995,13],"rotation":{"angle":-45,"axis":"z","origin":[8.21716,2.48995,13]},"faces":{"north":{"uv":[3.5,11,9.5,14],"rotation":180,"texture":"#0"},"east":{"uv":[6.5,6,12.5,15],"rotation":180,"texture":"#0"},"south":{"uv":[6.5,11,12.5,14],"rotation":180,"texture":"#0"},"west":{"uv":[6.5,1,12.5,10],"rotation":180,"texture":"#0"},"up":{"uv":[6,11,15,14],"rotation":180,"texture":"#0"},"down":{"uv":[1,11,10,14],"rotation":180,"texture":"#0"}}},{"from":[10.01005,4.28284,12.5],"to":[11.41005,5.28284,13],"rotation":{"angle":-45,"axis":"z","origin":[10.51005,4.78284,13]},"faces":{"north":{"uv":[3.5,11,9.5,14],"rotation":180,"texture":"#0"},"east":{"uv":[6.5,6,12.5,15],"rotation":180,"texture":"#0"},"south":{"uv":[6.5,11,12.5,14],"rotation":180,"texture":"#0"},"west":{"uv":[6.5,1,12.5,10],"rotation":180,"texture":"#0"},"up":{"uv":[6,11,15,14],"rotation":180,"texture":"#0"},"down":{"uv":[1,11,10,14],"rotation":180,"texture":"#0"}}},{"from":[6.71299,3.07107,12.5],"to":[8.11299,4.07107,13],"rotation":{"angle":45,"axis":"z","origin":[10.49584,6.87401,13]},"faces":{"north":{"uv":[3.5,11,9.5,14],"rotation":180,"texture":"#0"},"east":{"uv":[6.5,6,12.5,15],"rotation":180,"texture":"#0"},"south":{"uv":[6.5,11,12.5,14],"rotation":180,"texture":"#0"},"west":{"uv":[6.5,1,12.5,10],"rotation":180,"texture":"#0"},"up":{"uv":[6,11,15,14],"rotation":180,"texture":"#0"},"down":{"uv":[1,11,10,14],"rotation":180,"texture":"#0"}}},{"from":[8.5,1.5,12.5],"to":[10.5,5.5,13],"faces":{"north":{"uv":[3.5,11,9.5,14],"rotation":180,"texture":"#0"},"east":{"uv":[6.5,6,12.5,15],"rotation":180,"texture":"#0"},"south":{"uv":[6.5,11,12.5,14],"rotation":180,"texture":"#0"},"west":{"uv":[6.5,1,12.5,10],"rotation":180,"texture":"#0"},"up":{"uv":[6,11,15,14],"rotation":180,"texture":"#0"},"down":{"uv":[1,11,10,14],"rotation":180,"texture":"#0"}}},{"from":[7.5,2.5,12.5],"to":[8.5,4.5,13],"faces":{"north":{"uv":[3.5,11,9.5,14],"rotation":90,"texture":"#0"},"east":{"uv":[6,11,15,14],"rotation":270,"texture":"#0"},"south":{"uv":[6.5,11,12.5,14],"rotation":270,"texture":"#0"},"west":{"uv":[1,11,10,14],"rotation":270,"texture":"#0"},"up":{"uv":[6.5,1,12.5,10],"rotation":270,"texture":"#0"},"down":{"uv":[6.5,6,12.5,15],"rotation":270,"texture":"#0"}}},{"from":[10.5,2.5,12.5],"to":[11.5,4.5,13],"faces":{"north":{"uv":[3.5,11,9.5,14],"rotation":90,"texture":"#0"},"east":{"uv":[6,11,15,14],"rotation":270,"texture":"#0"},"south":{"uv":[6.5,11,12.5,14],"rotation":270,"texture":"#0"},"west":{"uv":[1,11,10,14],"rotation":270,"texture":"#0"},"up":{"uv":[6.5,1,12.5,10],"rotation":270,"texture":"#0"},"down":{"uv":[6.5,6,12.5,15],"rotation":270,"texture":"#0"}}},{"from":[8.75,2.75,13],"to":[10.25,4.25,13.5],"faces":{"north":{"uv":[3.5,11,9.5,14],"rotation":90,"texture":"#0"},"east":{"uv":[6,11,15,14],"rotation":270,"texture":"#0"},"south":{"uv":[6.5,11,12.5,14],"rotation":270,"texture":"#0"},"west":{"uv":[1,11,10,14],"rotation":270,"texture":"#0"},"up":{"uv":[6.5,1,12.5,10],"rotation":270,"texture":"#0"},"down":{"uv":[6.5,6,12.5,15],"rotation":270,"texture":"#0"}}},{"from":[9,6.5,8.5],"to":[10,6.75,9.5],"faces":{"north":{"uv":[1,1,2,2],"texture":"#2"},"east":{"uv":[1,1,2,2],"texture":"#2"},"south":{"uv":[1,1,2,2],"texture":"#2"},"west":{"uv":[1,1,2,2],"texture":"#2"},"up":{"uv":[1,1,15,15],"texture":"#2"},"down":{"uv":[1,1,2,2],"texture":"#2"}}},{"from":[9.4,6.5,8.9],"to":[9.6,6.9,9.1],"faces":{"north":{"uv":[1,8,2.2,11.599],"texture":"#4"},"east":{"uv":[1,8,2.2,11.599],"texture":"#4"},"south":{"uv":[1,8,2.2,11.599],"texture":"#4"},"west":{"uv":[1,8,2.2,11.599],"texture":"#4"},"up":{"uv":[1,8,2.2,11.599],"texture":"#4"},"down":{"uv":[1,8,2.2,11.599],"texture":"#4"}}},{"from":[9.4,6.97695,9.31313],"to":[9.6,7.37695,9.51313],"rotation":{"angle":22.5,"axis":"x","origin":[7,7.97695,8.91313]},"faces":{"north":{"uv":[1,8,2.2,11.599],"texture":"#4"},"east":{"uv":[1,8,2.2,11.599],"texture":"#4"},"south":{"uv":[1,8,2.2,11.599],"texture":"#4"},"west":{"uv":[1,8,2.2,11.599],"texture":"#4"},"up":{"uv":[1,8,2.2,11.599],"texture":"#4"},"down":{"uv":[1,8,2.2,11.599],"texture":"#4"}}}],"display":{"thirdperson_righthand":{"rotation":[82,0,0],"translation":[-1.5,3.25,5.5]},"thirdperson_lefthand":{"rotation":[82,0,0],"translation":[1.5,3.25,5.5]},"firstperson_righthand":{"translation":[-2,3,0]},"firstperson_lefthand":{"translation":[-2,3,0]},"gui":{"rotation":[30,-135,0],"translation":[0,4,7]}},"groups":[{"name":"group","origin":[8,8,8],"children":[0,1,2,3,4,5,6,7]},{"name":"group4","origin":[8,8,8],"children":[8,9,10,11,12,13,14,15]},{"name":"group5","origin":[8,8,8],"children":[16,17,18,19,20,21,22,23]},24,{"name":"group","origin":[8,8,8],"children":[25,26,27,28,29,30,{"name":"group","origin":[8,8,8],"children":[31,32,33,34,35,36]}]},{"name":"group","origin":[8,8,8],"children":[37,38,39,40,41,42]},{"name":"group2","origin":[8,8,8],"children":[43,44,45,46,47,48,49]},{"name":"group3","origin":[8,8,8],"children":[50]},51,52,53],"credit":"Model by Craftventure"}