{"textures":{"6":"block/tube_coral_fan","7":"block/spruce_planks","8":"block/dirt","1_1":"block/white_stained_glass","1_2":"block/gold_block","1_3":"block/dark_oak_planks","3_0":"block/sand","3_4":"block/andesite"},"elements":[{"from":[3,4,3],"to":[13,12,13],"rotation":{"angle":0,"axis":"y","origin":[11,12,11]},"faces":{"north":{"uv":[0,7,10,15],"texture":"#3_0"},"east":{"uv":[0,7,10,15],"texture":"#3_0"},"south":{"uv":[0,0,10,8],"texture":"#3_0"},"west":{"uv":[0,0,10,8],"texture":"#3_0"},"up":{"uv":[0,0,10,10],"texture":"#3_0"},"down":{"uv":[0,0,10,10],"texture":"#3_0"}}},{"from":[5,13,3],"to":[13,14,11],"rotation":{"angle":0,"axis":"y","origin":[11,13,11]},"faces":{"north":{"uv":[3,7,11,8],"texture":"#3_0"},"east":{"uv":[1,6,9,7],"texture":"#3_0"},"south":{"uv":[2,7,10,8],"texture":"#3_0"},"west":{"uv":[5,11,13,12],"texture":"#3_0"},"up":{"uv":[0,0,8,8],"texture":"#3_0"},"down":{"uv":[0,0,10,10],"texture":"#3_0"}}},{"from":[4,12,3],"to":[13,13,12],"rotation":{"angle":0,"axis":"y","origin":[11,12,11]},"faces":{"north":{"uv":[4,13,12.999,13.999],"texture":"#3_0"},"east":{"uv":[4,8,12.999,8.999],"texture":"#3_0"},"south":{"uv":[3,15,11.999,15.999],"texture":"#3_0"},"west":{"uv":[5,11,13.999,11.999],"texture":"#3_0"},"up":{"uv":[0,0,9,9],"texture":"#3_0"},"down":{"uv":[0,0,10,10],"texture":"#3_0"}}},{"from":[7,14,3],"to":[13,15,9],"rotation":{"angle":0,"axis":"y","origin":[11,14,11]},"faces":{"north":{"uv":[3,6,8.999,6.999],"texture":"#3_0"},"east":{"uv":[4,2,9.998,2.998],"texture":"#3_0"},"south":{"uv":[2,7,10.999,7.999],"texture":"#3_0"},"west":{"uv":[5,11,11,12],"texture":"#3_0"},"up":{"uv":[0,0,6,6],"texture":"#3_0"},"down":{"uv":[0,0,10,10],"texture":"#3_0"}}},{"from":[10,15,3],"to":[13,16,6],"rotation":{"angle":0,"axis":"y","origin":[11,15,11]},"faces":{"north":{"uv":[6,12,8.999,12.999],"texture":"#3_0"},"east":{"uv":[9,10,11.999,10.999],"texture":"#3_0"},"south":{"uv":[2,7,5,8],"texture":"#3_0"},"west":{"uv":[10,11,12.999,11.999],"texture":"#3_0"},"up":{"uv":[0,0,3,3],"texture":"#3_0"},"down":{"uv":[0,0,10,10],"texture":"#3_0"}}},{"from":[10.25,14,9.75],"to":[11.25,15,10.75],"rotation":{"angle":-22.5,"axis":"y","origin":[10.73735,14.4991,10.26355]},"faces":{"north":{"uv":[4,0,5.997,1.999],"texture":"#3_4"},"east":{"uv":[6,3,7.997,4.998],"texture":"#3_4"},"south":{"uv":[2,0,3.998,1.999],"texture":"#3_4"},"west":{"uv":[0,0,1.998,1.999],"texture":"#3_4"},"up":{"uv":[6,8,7.997,9.998],"texture":"#3_4"},"down":{"uv":[2,0,3.998,1.999],"texture":"#3_4"}}},{"from":[7.24754,15,3.74939],"to":[7.74754,15.5,4.24939],"rotation":{"angle":-22.5,"axis":"y","origin":[7.7346,15.50608,4.26942]},"faces":{"north":{"uv":[7,6,8,7],"texture":"#8"},"east":{"uv":[2,1,3,2],"texture":"#8"},"south":{"uv":[3,0,4,1],"texture":"#8"},"west":{"uv":[0,0,1,1],"texture":"#8"},"up":{"uv":[3,3,3.999,3.999],"texture":"#8"},"down":{"uv":[0,0,1,1],"texture":"#8"}}},{"from":[4.26322,13,8.27294],"to":[5.26322,13.5,8.77294],"rotation":{"angle":22.5,"axis":"y","origin":[4.74595,13.49299,8.77114]},"faces":{"north":{"uv":[2,1,4,2],"texture":"#3_4"},"east":{"uv":[4,0,5.997,1.999],"texture":"#3_4"},"south":{"uv":[9,7,10.999,7.999],"texture":"#3_4"},"west":{"uv":[2,0,2.5,0.5],"texture":"#3_4"},"up":{"uv":[7,9,7.997,10.997],"rotation":90,"texture":"#3_4"},"down":{"uv":[2,0,3.998,1.999],"rotation":270,"texture":"#3_4"}}},{"from":[7.00002,15,7.77707],"to":[8.50002,16.5,7.77707],"rotation":{"angle":-22.5,"axis":"y","origin":[7.73647,15.49998,7.76355]},"faces":{"north":{"uv":[0,0,16,16],"texture":"#6"},"south":{"uv":[16,0,0,16],"texture":"#6"}}},{"from":[7.75,15,7],"to":[7.75,16.5,8.5],"rotation":{"angle":-22.5,"axis":"y","origin":[7.73647,15.49998,7.76355]},"faces":{"east":{"uv":[16,0,0,16],"texture":"#6"},"west":{"uv":[0,0,16,16],"texture":"#6"}}},{"from":[13,4,3],"to":[14,16,13],"rotation":{"angle":0,"axis":"y","origin":[7.98953,13.99998,8.01049]},"faces":{"north":{"uv":[12,4,12.998,15.998],"texture":"#1_1"},"east":{"uv":[2,4,11.998,15.998],"texture":"#1_1"},"south":{"uv":[1,4,1.999,15.999],"texture":"#1_1"},"down":{"uv":[0,0,1,10],"texture":"#1_1"}}},{"from":[2,4,3],"to":[3,16,13],"rotation":{"angle":0,"axis":"y","origin":[7.98953,13.99998,8.01049]},"faces":{"north":{"uv":[12.998,4,12,15.998],"texture":"#1_1"},"south":{"uv":[1.999,4,1,15.999],"texture":"#1_1"},"west":{"uv":[11.998,4,2,15.998],"texture":"#1_1"},"down":{"uv":[0,0,1,10],"texture":"#1_1"}}},{"from":[3,4,2],"to":[13,16,3],"faces":{"north":{"uv":[11.998,4,2,15.998],"texture":"#1_1"},"east":{"uv":[12.998,4,12,15.998],"texture":"#1_1"},"west":{"uv":[1.999,4,1,15.999],"texture":"#1_1"},"down":{"uv":[0,0,1,10],"rotation":270,"texture":"#1_1"}}},{"from":[3,4,13],"to":[13,16,14],"faces":{"east":{"uv":[12,4,12.998,15.998],"texture":"#1_1"},"south":{"uv":[2,4,11.998,15.998],"texture":"#1_1"},"west":{"uv":[1,4,1.999,15.999],"texture":"#1_1"},"down":{"uv":[1,0,0,10],"rotation":270,"texture":"#1_1"}}},{"from":[13,16,3],"to":[14,20,13],"rotation":{"angle":0,"axis":"y","origin":[7.98953,13.99998,8.01049]},"faces":{"north":{"uv":[12,0,12.999,4],"texture":"#1_1"},"east":{"uv":[2,0,11.999,4],"texture":"#1_1"},"south":{"uv":[1,0,1.999,4],"texture":"#1_1"},"up":{"uv":[0,0,1,10],"texture":"#1_1"}}},{"from":[2,16,3],"to":[3,20,13],"rotation":{"angle":0,"axis":"y","origin":[7.98953,13.99998,8.01049]},"faces":{"north":{"uv":[12.999,0,12,4],"texture":"#1_1"},"south":{"uv":[1.999,0,1,4],"texture":"#1_1"},"west":{"uv":[11.999,0,2,4],"texture":"#1_1"},"up":{"uv":[1,0,0,10],"texture":"#1_1"}}},{"from":[3,16,2],"to":[13,20,3],"faces":{"north":{"uv":[11.999,0,2,4],"texture":"#1_1"},"east":{"uv":[12.999,0,12,4],"texture":"#1_1"},"west":{"uv":[1.999,0,1,4],"texture":"#1_1"},"up":{"uv":[1,0,0,10],"rotation":90,"texture":"#1_1"}}},{"from":[3,16,13],"to":[13,20,14],"faces":{"east":{"uv":[12,0,12.999,4],"texture":"#1_1"},"south":{"uv":[2,0,11.999,4],"texture":"#1_1"},"west":{"uv":[1,0,1.999,4],"texture":"#1_1"},"up":{"uv":[0,0,1,10],"rotation":90,"texture":"#1_1"}}},{"from":[3,3,3],"to":[13,4,13],"rotation":{"angle":0,"axis":"y","origin":[15.5,11.5,15.5]},"faces":{"north":{"uv":[0,0,16,1],"texture":"#1_1"},"east":{"uv":[0,15,16,15.999],"texture":"#1_1"},"south":{"uv":[0,0,16,1],"texture":"#1_1"},"west":{"uv":[0,15,16,15.999],"texture":"#1_1"},"down":{"uv":[0,0,15.999,15.999],"texture":"#1_1"}}},{"from":[3,20,3],"to":[13,21,13],"rotation":{"angle":0,"axis":"y","origin":[15.5,12.5,15.5]},"faces":{"north":{"uv":[0,1,16,0],"texture":"#1_1"},"east":{"uv":[0,15.999,16,15],"texture":"#1_1"},"south":{"uv":[0,1,16,0],"texture":"#1_1"},"west":{"uv":[0,15.999,16,15],"texture":"#1_1"},"up":{"uv":[0,15.999,15.999,0],"texture":"#1_1"}}},{"from":[5.5,21,5.5],"to":[10.5,22,10.5],"rotation":{"angle":0,"axis":"y","origin":[12,13.5,12]},"faces":{"north":{"uv":[1,1,5.999,1.999],"texture":"#1_1"},"east":{"uv":[1,1,5.999,1.999],"texture":"#1_1"},"south":{"uv":[1,1,5.999,1.999],"texture":"#1_1"},"west":{"uv":[1,1,5.999,1.999],"texture":"#1_1"}}},{"from":[5,23.5,5],"to":[11,24.75,8],"rotation":{"angle":0,"axis":"y","origin":[12,16,12]},"faces":{"north":{"uv":[10,1,16,3],"texture":"#1_3"},"east":{"uv":[3,5,6,7],"texture":"#1_3"},"south":{"uv":[0,0,6,1],"texture":"#1_3"},"west":{"uv":[5,1,8,3],"texture":"#1_3"},"up":{"uv":[10,0,16,3],"texture":"#1_3"},"down":{"uv":[0,0,6,1],"texture":"#1_3"}}},{"from":[5.125,22.5,7.5],"to":[10.875,23.5,8.5],"rotation":{"angle":0,"axis":"y","origin":[11.875,15.25,12.5]},"faces":{"north":{"uv":[10,1,15.999,1.999],"texture":"#1_3"},"east":{"uv":[3,5,6,6],"texture":"#1_3"},"south":{"uv":[0,0,6,1],"texture":"#1_3"},"west":{"uv":[5,2,8,3],"texture":"#1_3"},"up":{"uv":[10,0,16,3],"texture":"#1_3"},"down":{"uv":[0,0,6,1],"texture":"#1_3"}}},{"from":[5,23.5,8],"to":[11,24.75,11],"rotation":{"angle":0,"axis":"y","origin":[12,16,15]},"faces":{"north":{"uv":[10,1,15.999,1.999],"texture":"#1_3"},"east":{"uv":[13,12,16,14],"texture":"#1_3"},"south":{"uv":[3,12,9,14],"texture":"#1_3"},"west":{"uv":[7,9,10,11],"texture":"#1_3"},"up":{"uv":[3,4,8.999,6.999],"texture":"#1_3"},"down":{"uv":[0,0,6,1],"texture":"#1_3"}}},{"from":[5.25,22.5,5.25],"to":[10.75,23.5,10.75],"rotation":{"angle":0,"axis":"y","origin":[12,15,12]},"faces":{"north":{"uv":[0,0,9.998,0.999],"rotation":90,"texture":"#1_2"},"east":{"uv":[0,0,9.998,0.999],"rotation":90,"texture":"#1_2"},"south":{"uv":[0,0,9.998,0.999],"rotation":90,"texture":"#1_2"},"west":{"uv":[0,0,9.998,0.999],"rotation":90,"texture":"#1_2"},"up":{"uv":[10,10,16,16],"rotation":90,"texture":"#1_2"},"down":{"uv":[0,0,9.998,0.999],"rotation":90,"texture":"#1_2"}}},{"from":[5.25,21.92501,5],"to":[10.75,22.25001,9.5],"rotation":{"angle":0,"axis":"y","origin":[8,22.24996,8]},"faces":{"north":{"uv":[0,0,1,16],"rotation":270,"texture":"#7"},"east":{"uv":[0,0,1,16],"rotation":90,"texture":"#7"},"south":{"uv":[0,0,1,16],"rotation":90,"texture":"#7"},"west":{"uv":[0,15.474,0.578,16],"rotation":90,"texture":"#7"},"up":{"uv":[0,0,1,16],"rotation":90,"texture":"#7"},"down":{"uv":[0,0,1,16],"rotation":90,"texture":"#7"}}},{"from":[6.5,21.92501,5.25],"to":[11,22.25001,10.75],"rotation":{"angle":0,"axis":"y","origin":[8,22.24996,8]},"faces":{"north":{"uv":[0,15.474,0.578,16],"rotation":90,"texture":"#7"},"east":{"uv":[0,0,1,16],"rotation":270,"texture":"#7"},"south":{"uv":[0,0,1,16],"rotation":90,"texture":"#7"},"west":{"uv":[0,0,1,16],"rotation":90,"texture":"#7"},"up":{"uv":[0,0,1,16],"rotation":180,"texture":"#7"},"down":{"uv":[0,0,1,16],"texture":"#7"}}},{"from":[6.5,22.25001,5.25],"to":[11,22.57501,10.75],"rotation":{"angle":0,"axis":"y","origin":[8,22.24996,8]},"faces":{"north":{"uv":[0,0,0.578,1],"rotation":90,"texture":"#7"},"east":{"uv":[0,0,1,16],"rotation":90,"texture":"#7"},"south":{"uv":[0,0,1,16],"rotation":90,"texture":"#7"},"west":{"uv":[0,0,1,16],"rotation":270,"texture":"#7"},"up":{"uv":[0,0,1,16],"texture":"#7"},"down":{"uv":[0,0,1,16],"rotation":90,"texture":"#7"}}},{"from":[5.25,22.25001,5],"to":[10.75,22.57501,9.5],"rotation":{"angle":0,"axis":"y","origin":[8,22.24996,8]},"faces":{"north":{"uv":[0,0,1,16],"rotation":90,"texture":"#7"},"east":{"uv":[0,0,1,16],"rotation":90,"texture":"#7"},"south":{"uv":[0,0,1,16],"rotation":270,"texture":"#7"},"west":{"uv":[0,0,0.578,1],"rotation":90,"texture":"#7"},"up":{"uv":[0,0,1,16],"rotation":270,"texture":"#7"},"down":{"uv":[0,0,1,16],"rotation":180,"texture":"#7"}}},{"from":[5.25,21.92501,6.5],"to":[10.75,22.25001,11],"rotation":{"angle":0,"axis":"y","origin":[8,22.24996,8]},"faces":{"north":{"uv":[0,0,1,16],"rotation":90,"texture":"#7"},"east":{"uv":[0,15.474,0.578,16],"rotation":90,"texture":"#7"},"south":{"uv":[0,0,1,16],"rotation":270,"texture":"#7"},"west":{"uv":[0,0,1,16],"rotation":90,"texture":"#7"},"up":{"uv":[1,16,0,0],"rotation":90,"texture":"#7"},"down":{"uv":[1,16,0,0],"rotation":90,"texture":"#7"}}},{"from":[5.25,22.25001,6.5],"to":[10.75,22.57501,11],"rotation":{"angle":0,"axis":"y","origin":[8,22.24996,8]},"faces":{"north":{"uv":[0,0,1,16],"rotation":270,"texture":"#7"},"east":{"uv":[0,0,1,1],"rotation":90,"texture":"#7"},"south":{"uv":[0,0,1,16],"rotation":90,"texture":"#7"},"west":{"uv":[0,15.474,0.578,16],"rotation":90,"texture":"#7"},"up":{"uv":[1,16,0,0],"rotation":270,"texture":"#7"},"down":{"uv":[1,16,0,0],"rotation":180,"texture":"#7"}}},{"from":[5,21.92501,5.25],"to":[9.5,22.25001,10.75],"rotation":{"angle":0,"axis":"y","origin":[8,22.24996,8]},"faces":{"north":{"uv":[0,0,1,16],"rotation":90,"texture":"#7"},"east":{"uv":[0,0,1,16],"rotation":90,"texture":"#7"},"south":{"uv":[0,15.474,0.578,16],"rotation":90,"texture":"#7"},"west":{"uv":[0,0,1,16],"rotation":270,"texture":"#7"},"up":{"uv":[1,16,0,0],"rotation":180,"texture":"#7"},"down":{"uv":[1,16,0,0],"texture":"#7"}}},{"from":[5,22.25001,5.25],"to":[9.5,22.57501,10.75],"rotation":{"angle":0,"axis":"y","origin":[8,22.24996,8]},"faces":{"north":{"uv":[0,15.474,0.578,16],"rotation":90,"texture":"#7"},"east":{"uv":[0,0,1,16],"rotation":270,"texture":"#7"},"south":{"uv":[0,0,1,1],"rotation":90,"texture":"#7"},"west":{"uv":[0,0,1,16],"rotation":90,"texture":"#7"},"up":{"uv":[1,16,0,0],"texture":"#7"},"down":{"uv":[1,16,0,0],"rotation":90,"texture":"#7"}}}],"display":{"thirdperson_righthand":{"rotation":[0,45,0],"translation":[0,0.75,-0.75],"scale":[0.55,0.55,0.55]},"thirdperson_lefthand":{"rotation":[0,45,0],"translation":[0,0.75,-0.75],"scale":[0.55,0.55,0.55]},"firstperson_righthand":{"rotation":[-13.25,0,11.75],"translation":[0,0.25,0],"scale":[0.5,0.5,0.5]},"firstperson_lefthand":{"rotation":[-13.25,0,11.75],"translation":[0,0.25,0],"scale":[0.5,0.5,0.5]},"ground":{"scale":[0.8,0.8,0.8]},"gui":{"rotation":[30,-135,0],"translation":[0,-2.75,0],"scale":[0.6,0.6,0.6]},"head":{"rotation":[-90,0,0],"translation":[0,13,4]},"fixed":{"rotation":[0,180,0],"translation":[0,-5.5,-5.5],"scale":[0.9,0.9,0.9]}},"groups":[{"name":"sand","origin":[8,8,8],"children":[{"name":"sand","origin":[11,15,11],"children":[0,1,2,3,4,5,6,7]},8,9]},{"name":"reeeeeeeeeeeeeeeeee","origin":[8,8,8],"children":[{"name":"group","origin":[5,16,11],"children":[10,11,12,13,14,15,16,17,18,19,20]},{"name":"cap","origin":[12,14,12],"children":[21,22,23,24,{"name":"group","origin":[8,22.24996,8],"children":[25,26,27,28,29,30,31,32]}]}]}],"credit":"Model by Craftventure"}