{"textures":{"2":"block/brown_concrete","3":"item/cookie","particle":"item/cookie"},"elements":[{"name":"Cube","from":[7.2,3,7.2],"to":[8.8,3.7,8.8],"faces":{"north":{"uv":[0,0,1.6,0.7],"texture":"#2"},"east":{"uv":[0,0,1.6,0.7],"texture":"#2"},"south":{"uv":[0,0,1.6,0.7],"texture":"#2"},"west":{"uv":[0,0,1.6,0.7],"texture":"#2"},"up":{"uv":[0,0,1.6,1.6],"texture":"#2"},"down":{"uv":[0,0,1.6,1.6],"texture":"#2"}}},{"name":"Cube","from":[7,3.7,7],"to":[9,4,9],"faces":{"north":{"uv":[0,0,2,0.3],"texture":"#2"},"east":{"uv":[0,0,2,0.3],"texture":"#2"},"south":{"uv":[0,0,2,0.3],"texture":"#2"},"west":{"uv":[0,0,2,0.3],"texture":"#2"},"up":{"uv":[0,0,2,2],"texture":"#2"},"down":{"uv":[0,0,2,2],"texture":"#2"}}},{"name":"Cube","from":[7.3,2.1,7.3],"to":[8.7,3.1,8.7],"faces":{"north":{"uv":[0,0,1.4,1],"texture":"#2"},"east":{"uv":[0,0,1.4,1],"texture":"#2"},"south":{"uv":[0,0,1.4,1],"texture":"#2"},"west":{"uv":[0,0,1.4,1],"texture":"#2"},"up":{"uv":[0,0,1.4,1.4],"texture":"#2"},"down":{"uv":[0,0,1.4,1.4],"texture":"#2"}}},{"name":"Cube","from":[7.5,0.1,7.5],"to":[8.5,2.1,8.5],"faces":{"north":{"uv":[0,0,1,2],"texture":"#2"},"east":{"uv":[0,0,1,2],"texture":"#2"},"south":{"uv":[0,0,1,2],"texture":"#2"},"west":{"uv":[0,0,1,2],"texture":"#2"},"up":{"uv":[0,0,1,1],"texture":"#2"},"down":{"uv":[0,0,1,1],"texture":"#2"}}},{"name":"Cube","from":[7.6,-2.9,7.6],"to":[8.4,0.1,8.4],"faces":{"north":{"uv":[0,0,0.8,3],"texture":"#2"},"east":{"uv":[0,0,0.8,3],"texture":"#2"},"south":{"uv":[0,0,0.8,3],"texture":"#2"},"west":{"uv":[0,0,0.8,3],"texture":"#2"},"up":{"uv":[0,0,0.8,0.8],"texture":"#2"},"down":{"uv":[0,0,0.8,0.8],"texture":"#2"}}},{"name":"Cube","from":[7.5,-2.9,7.5],"to":[8.5,-2.7,8.5],"faces":{"north":{"uv":[6,6,8,8],"texture":"#3"},"east":{"uv":[6,6,8,8],"texture":"#3"},"south":{"uv":[6,6,8,8],"texture":"#3"},"west":{"uv":[6,6,8,8],"texture":"#3"},"up":{"uv":[6,6,8,8],"texture":"#3"},"down":{"uv":[6,6,8,8],"texture":"#3"}}},{"name":"Cube","from":[7.4,-3.3,7.4],"to":[8.6,-2.9,8.6],"faces":{"north":{"uv":[0,0,1.2,0.4],"texture":"#2"},"east":{"uv":[0,0,1.2,0.4],"texture":"#2"},"south":{"uv":[0,0,1.2,0.4],"texture":"#2"},"west":{"uv":[0,0,1.2,0.4],"texture":"#2"},"up":{"uv":[0,0,1.2,1.2],"texture":"#2"},"down":{"uv":[0,0,1.2,1.2],"texture":"#2"}}},{"name":"Cube","from":[7.5,-3.5,7.5],"to":[8.5,-3.3,8.5],"faces":{"north":{"uv":[6,6,8,8],"texture":"#3"},"east":{"uv":[6,6,8,8],"texture":"#3"},"south":{"uv":[6,6,8,8],"texture":"#3"},"west":{"uv":[6,6,8,8],"texture":"#3"},"up":{"uv":[6,6,8,8],"texture":"#3"},"down":{"uv":[6,6,8,8],"texture":"#3"}}},{"name":"Cube","from":[7.2,4,7.2],"to":[8.8,4.2,8.8],"faces":{"north":{"uv":[5,6,10.6,7.2],"texture":"#3"},"east":{"uv":[5,6,10.6,7.2],"texture":"#3"},"south":{"uv":[5,6,10.6,7.2],"texture":"#3"},"west":{"uv":[5,6,10.6,7.2],"texture":"#3"},"up":{"uv":[5,6,10.6,7.2],"texture":"#3"},"down":{"uv":[5,6,10.6,7.2],"texture":"#3"}}},{"name":"Cube","from":[7,4.2,7],"to":[9,4.4,9],"faces":{"north":{"uv":[0,0,2,0.2],"texture":"#2"},"east":{"uv":[0,0,2,0.2],"texture":"#2"},"south":{"uv":[0,0,2,0.2],"texture":"#2"},"west":{"uv":[0,0,2,0.2],"texture":"#2"},"up":{"uv":[0,0,2,2],"texture":"#2"},"down":{"uv":[0,0,2,2],"texture":"#2"}}},{"name":"Cube","from":[7.2,4.4,7.2],"to":[8.8,4.6,8.8],"faces":{"north":{"uv":[0,0,1.6,0.2],"texture":"#2"},"east":{"uv":[0,0,1.6,0.2],"texture":"#2"},"south":{"uv":[0,0,1.6,0.2],"texture":"#2"},"west":{"uv":[0,0,1.6,0.2],"texture":"#2"},"up":{"uv":[0,0,1.6,1.6],"texture":"#2"},"down":{"uv":[0,0,1.6,1.6],"texture":"#2"}}},{"name":"Cube","from":[7.1,4.7,7.1],"to":[8.9,7.1,8.9],"faces":{"north":{"uv":[4,4,11.8,11.4],"texture":"#3"},"east":{"uv":[3,4,12.8,11.4],"texture":"#3"},"south":{"uv":[3,4,12.8,11.4],"texture":"#3"},"west":{"uv":[3,5,12.8,7.4],"texture":"#3"},"up":{"uv":[4,4,11.8,10.8],"texture":"#3"},"down":{"uv":[3,4,12.8,10.8],"texture":"#3"}}},{"name":"Cube","from":[7.1,4.9,6.7],"to":[8.9,6.9,7.1],"faces":{"north":{"uv":[3,3,12.8,11],"texture":"#3"},"east":{"uv":[4,4,6.4,11],"texture":"#3"},"south":{"uv":[3,3,12.8,12],"texture":"#3"},"west":{"uv":[5,4,7.4,11],"texture":"#3"},"up":{"uv":[4,5,10.8,7.4],"texture":"#3"},"down":{"uv":[2,6,9.8,8.4],"texture":"#3"}}},{"name":"Cube","from":[7.1,4.9,8.9],"to":[8.9,6.9,9.3],"faces":{"north":{"uv":[3,4,11.8,11],"texture":"#3"},"east":{"uv":[8,4,10.4,11],"texture":"#3"},"south":{"uv":[2,4,12.8,11],"texture":"#3"},"west":{"uv":[8,4,10.4,12],"texture":"#3"},"up":{"uv":[4,4,11.8,6.4],"texture":"#3"},"down":{"uv":[3,4,10.8,6.4],"texture":"#3"}}},{"name":"Cube","from":[8.9,4.9,7.1],"to":[9.3,6.9,8.9],"faces":{"north":{"uv":[4,3,6.4,10],"texture":"#3"},"east":{"uv":[3,3,12.8,11],"texture":"#3"},"south":{"uv":[8,4,10.4,10],"texture":"#3"},"west":{"uv":[3,3,12.8,11],"texture":"#3"},"up":{"uv":[8,4,10.4,10.8],"texture":"#3"},"down":{"uv":[6,4,8.4,10.8],"texture":"#3"}}},{"name":"Cube","from":[6.7,4.9,7.1],"to":[7.1,6.9,8.9],"faces":{"north":{"uv":[4,4,6.4,11],"texture":"#3"},"east":{"uv":[3,3,12.8,11],"texture":"#3"},"south":{"uv":[5,3,8.4,11],"texture":"#3"},"west":{"uv":[2,4,12.8,11],"texture":"#3"},"up":{"uv":[5,4,8.4,10.8],"texture":"#3"},"down":{"uv":[6,3,8.4,10.8],"texture":"#3"}}},{"name":"Cube","from":[6.7,5.2,8.9],"to":[7.1,6.6,9.3],"faces":{"north":{"uv":[4,4,6.4,11.4],"texture":"#3"},"east":{"uv":[4,4,6.4,11.4],"texture":"#3"},"south":{"uv":[4,5,5.4,9.4],"texture":"#3"},"west":{"uv":[6,5,7.4,10.4],"texture":"#3"},"up":{"uv":[6,6,7.4,8.4],"texture":"#3"},"down":{"uv":[6,6,8.4,8.4],"texture":"#3"}}},{"name":"Cube","from":[6.7,5.2,6.7],"to":[7.1,6.6,7.1],"faces":{"north":{"uv":[6,4,7.4,7.4],"texture":"#3"},"east":{"uv":[6,5,8.4,11.4],"texture":"#3"},"south":{"uv":[6,3,8.4,11.4],"texture":"#3"},"west":{"uv":[6,3,7.4,8.4],"texture":"#3"},"up":{"uv":[6,6,7.4,8.4],"texture":"#3"},"down":{"uv":[6,6,8.4,8.4],"texture":"#3"}}},{"name":"Cube","from":[8.9,5.2,6.7],"to":[9.3,6.6,7.1],"faces":{"north":{"uv":[5,4,6.4,9.4],"texture":"#3"},"east":{"uv":[5,6,6.4,11.4],"texture":"#3"},"south":{"uv":[5,3,7.4,10.4],"texture":"#3"},"west":{"uv":[5,3,7.4,11.4],"texture":"#3"},"up":{"uv":[5,6,6.4,7.4],"texture":"#3"},"down":{"uv":[5,6,7.4,8.4],"texture":"#3"}}},{"name":"Cube","from":[8.9,5.2,8.9],"to":[9.3,6.6,9.3],"faces":{"north":{"uv":[8,5,10.4,10.4],"texture":"#3"},"east":{"uv":[6,5,7.4,11.4],"texture":"#3"},"south":{"uv":[5,3,6.4,9.4],"texture":"#3"},"west":{"uv":[5,5,7.4,11.4],"texture":"#3"},"up":{"uv":[5,6,6.4,8.4],"texture":"#3"},"down":{"uv":[5,6,7.4,8.4],"texture":"#3"}}},{"name":"Cube","from":[7.4,4.6,7.4],"to":[8.6,4.7,8.6],"faces":{"north":{"uv":[0,0,1.6,0.2],"texture":"#3"},"east":{"uv":[0,0,1.6,0.2],"texture":"#3"},"south":{"uv":[0,0,1.6,0.2],"texture":"#3"},"west":{"uv":[0,0,1.6,0.2],"texture":"#3"},"up":{"uv":[0,0,1.6,1.6],"texture":"#3"},"down":{"uv":[0,0,1.6,1.6],"texture":"#3"}}},{"name":"Cube","from":[7.4,5.2,9.3],"to":[8.6,6.6,9.5],"faces":{"north":{"uv":[3,4,12.2,10.4],"texture":"#3"},"east":{"uv":[6,3,7.2,10.4],"texture":"#3"},"south":{"uv":[5,4,10.2,8.4],"texture":"#3"},"west":{"uv":[7,5,9.2,12.4],"texture":"#3"},"up":{"uv":[4,6,11.2,7.2],"texture":"#3"},"down":{"uv":[4,7,11.2,9.2],"texture":"#3"}}},{"name":"Cube","from":[7.4,5.2,6.5],"to":[8.6,6.6,6.7],"faces":{"north":{"uv":[4,4,7.2,8.4],"texture":"#3"},"east":{"uv":[7,4,8.2,10.4],"texture":"#3"},"south":{"uv":[6,5,11.2,10.4],"texture":"#3"},"west":{"uv":[4,4,5.2,9.4],"texture":"#3"},"up":{"uv":[4,6,11.2,7.2],"texture":"#3"},"down":{"uv":[4,6,11.2,8.2],"texture":"#3"}}},{"name":"Cube","from":[9.3,5.2,7.4],"to":[9.5,6.6,8.6],"faces":{"north":{"uv":[3,3,4.2,11.4],"texture":"#3"},"east":{"uv":[5,4,9.2,9.4],"texture":"#3"},"south":{"uv":[5,3,6.2,11.4],"texture":"#3"},"west":{"uv":[3,3,12.2,11.4],"texture":"#3"},"up":{"uv":[4,4,5.2,11.2],"texture":"#3"},"down":{"uv":[5,4,7.2,10.2],"texture":"#3"}}},{"name":"Cube","from":[6.5,5.2,7.4],"to":[6.7,6.6,8.6],"faces":{"north":{"uv":[5,4,6.2,12.4],"texture":"#3"},"east":{"uv":[3,3,12.2,11.4],"texture":"#3"},"south":{"uv":[8,4,9.2,11.4],"texture":"#3"},"west":{"uv":[4,4,8.2,8.4],"texture":"#3"},"up":{"uv":[5,4,6.2,11.2],"texture":"#3"},"down":{"uv":[6,3,7.2,8.2],"texture":"#3"}}},{"name":"Cube","from":[7.1,3.4,7.1],"to":[8.9,3.6,8.9],"faces":{"north":{"uv":[0,0,1.8,0.2],"texture":"#2"},"east":{"uv":[0,0,1.8,0.2],"texture":"#2"},"south":{"uv":[0,0,1.8,0.2],"texture":"#2"},"west":{"uv":[0,0,1.8,0.2],"texture":"#2"},"up":{"uv":[0,0,1.8,1.8],"texture":"#2"},"down":{"uv":[0,0,1.8,1.8],"texture":"#2"}}},{"name":"Cube","from":[8.2,4.5,7.6],"to":[8.8,4.7,8.4],"rotation":{"angle":-22.5,"axis":"z","origin":[8,8,8]},"faces":{"north":{"uv":[0.6,0,0,0.2],"texture":"#2"},"east":{"uv":[0.8,0,0,0.2],"texture":"#2"},"south":{"uv":[0.6,0,0,0.2],"texture":"#2"},"west":{"uv":[0.8,0,0,0.2],"texture":"#2"},"up":{"uv":[0.6,0,0,0.8],"texture":"#2"},"down":{"uv":[0.6,0,0,0.8],"texture":"#2"}}},{"name":"Cube","from":[9.02,4.85,7.7],"to":[9.52,5.05,8.3],"rotation":{"angle":-45,"axis":"z","origin":[8,8,8]},"faces":{"north":{"uv":[0.5,0,0,0.2],"texture":"#2"},"east":{"uv":[0.6,0,0,0.2],"texture":"#2"},"south":{"uv":[0.5,0,0,0.2],"texture":"#2"},"west":{"uv":[0.6,0,0,0.2],"texture":"#2"},"up":{"uv":[0.5,0,0,0.6],"texture":"#2"},"down":{"uv":[0.5,0,0,0.6],"texture":"#2"}}},{"name":"Cube","from":[5.52,5.85,7.8],"to":[5.72,6.25,8.2],"rotation":{"angle":22.5,"axis":"z","origin":[8,8,8]},"faces":{"north":{"uv":[0.2,0,0,0.4],"texture":"#2"},"east":{"uv":[0.4,0,0,0.4],"texture":"#2"},"south":{"uv":[0.2,0,0,0.4],"texture":"#2"},"west":{"uv":[0.4,0,0,0.4],"texture":"#2"},"up":{"uv":[0.2,0,0,0.4],"texture":"#2"},"down":{"uv":[0.2,0,0,0.4],"texture":"#2"}}},{"name":"Cube","from":[6.42,5.8,7.9],"to":[6.62,6.4,8.1],"faces":{"north":{"uv":[0.2,0.4,0,0],"texture":"#2"},"east":{"uv":[0.2,0.4,0,0],"texture":"#2"},"south":{"uv":[0.2,0.4,0,0],"texture":"#2"},"west":{"uv":[0.2,0.4,0,0],"texture":"#2"},"up":{"uv":[0.2,0.2,0,0],"texture":"#2"},"down":{"uv":[0.2,0.2,0,0],"texture":"#2"}}},{"name":"Cube","from":[6.42,5.4,7.9],"to":[6.62,5.8,8.1],"faces":{"north":{"uv":[0.2,0,0,0.4],"texture":"#2"},"east":{"uv":[0.2,0,0,0.4],"texture":"#2"},"south":{"uv":[0.2,0,0,0.4],"texture":"#2"},"west":{"uv":[0.2,0,0,0.4],"texture":"#2"},"up":{"uv":[0.2,0,0,0.2],"texture":"#2"},"down":{"uv":[0.2,0,0,0.2],"texture":"#2"}}},{"name":"Cube","from":[7.6,4.5,8.2],"to":[8.4,4.7,8.8],"rotation":{"angle":22.5,"axis":"x","origin":[8,8,8]},"faces":{"north":{"uv":[0.8,0,0,0.2],"texture":"#2"},"east":{"uv":[0.6,0,0,0.2],"texture":"#2"},"south":{"uv":[0.8,0,0,0.2],"texture":"#2"},"west":{"uv":[0.6,0,0,0.2],"texture":"#2"},"up":{"uv":[0.6,0,0,0.8],"rotation":90,"texture":"#2"},"down":{"uv":[0.6,0,0,0.8],"rotation":270,"texture":"#2"}}},{"name":"Cube","from":[7.7,4.85,9.02],"to":[8.3,5.05,9.52],"rotation":{"angle":45,"axis":"x","origin":[8,8,8]},"faces":{"north":{"uv":[0.6,0,0,0.2],"texture":"#2"},"east":{"uv":[0.5,0,0,0.2],"texture":"#2"},"south":{"uv":[0.6,0,0,0.2],"texture":"#2"},"west":{"uv":[0.5,0,0,0.2],"texture":"#2"},"up":{"uv":[0.5,0,0,0.6],"rotation":90,"texture":"#2"},"down":{"uv":[0.5,0,0,0.6],"rotation":270,"texture":"#2"}}},{"name":"Cube","from":[7.8,5.85,5.52],"to":[8.2,6.25,5.72],"rotation":{"angle":-22.5,"axis":"x","origin":[8,8,8]},"faces":{"north":{"uv":[0.4,0,0,0.4],"texture":"#2"},"east":{"uv":[0.2,0,0,0.4],"texture":"#2"},"south":{"uv":[0.4,0,0,0.4],"texture":"#2"},"west":{"uv":[0.2,0,0,0.4],"texture":"#2"},"up":{"uv":[0.2,0,0,0.4],"rotation":90,"texture":"#2"},"down":{"uv":[0.2,0,0,0.4],"rotation":270,"texture":"#2"}}},{"name":"Cube","from":[7.9,5.4,6.42],"to":[8.1,5.8,6.62],"faces":{"north":{"uv":[0.2,0,0,0.4],"texture":"#2"},"east":{"uv":[0.2,0,0,0.4],"texture":"#2"},"south":{"uv":[0.2,0,0,0.4],"texture":"#2"},"west":{"uv":[0.2,0,0,0.4],"texture":"#2"},"up":{"uv":[0.2,0,0,0.2],"rotation":90,"texture":"#2"},"down":{"uv":[0.2,0,0,0.2],"rotation":270,"texture":"#2"}}},{"name":"Cube","from":[7.6,4.5,7.2],"to":[8.4,4.7,7.8],"rotation":{"angle":-22.5,"axis":"x","origin":[8,8,8]},"faces":{"north":{"uv":[0,0,0.8,0.2],"texture":"#2"},"east":{"uv":[0,0,0.6,0.2],"texture":"#2"},"south":{"uv":[0,0,0.8,0.2],"texture":"#2"},"west":{"uv":[0,0,0.6,0.2],"texture":"#2"},"up":{"uv":[0,0,0.6,0.8],"rotation":90,"texture":"#2"},"down":{"uv":[0,0,0.6,0.8],"rotation":270,"texture":"#2"}}},{"name":"Cube","from":[7.7,4.85,6.48],"to":[8.3,5.05,6.98],"rotation":{"angle":-45,"axis":"x","origin":[8,8,8]},"faces":{"north":{"uv":[0,0,0.6,0.2],"texture":"#2"},"east":{"uv":[0,0,0.5,0.2],"texture":"#2"},"south":{"uv":[0,0,0.6,0.2],"texture":"#2"},"west":{"uv":[0,0,0.5,0.2],"texture":"#2"},"up":{"uv":[0,0,0.5,0.6],"rotation":90,"texture":"#2"},"down":{"uv":[0,0,0.5,0.6],"rotation":270,"texture":"#2"}}},{"name":"Cube","from":[7.8,5.85,10.28],"to":[8.2,6.25,10.48],"rotation":{"angle":22.5,"axis":"x","origin":[8,8,8]},"faces":{"north":{"uv":[0,0,0.4,0.4],"texture":"#2"},"east":{"uv":[0,0,0.2,0.4],"texture":"#2"},"south":{"uv":[0,0,0.4,0.4],"texture":"#2"},"west":{"uv":[0,0,0.2,0.4],"texture":"#2"},"up":{"uv":[0,0,0.2,0.4],"rotation":90,"texture":"#2"},"down":{"uv":[0,0,0.2,0.4],"rotation":270,"texture":"#2"}}},{"name":"Cube","from":[7.9,5.4,9.38],"to":[8.1,5.8,9.58],"faces":{"north":{"uv":[0,0,0.2,0.4],"texture":"#2"},"east":{"uv":[0,0,0.2,0.4],"texture":"#2"},"south":{"uv":[0,0,0.2,0.4],"texture":"#2"},"west":{"uv":[0,0,0.2,0.4],"texture":"#2"},"up":{"uv":[0,0,0.2,0.2],"rotation":90,"texture":"#2"},"down":{"uv":[0,0,0.2,0.2],"rotation":270,"texture":"#2"}}},{"name":"Cube","from":[7.2,7.1,7.6],"to":[7.8,7.3,8.4],"rotation":{"angle":-22.5,"axis":"z","origin":[8,3.8,8]},"faces":{"north":{"uv":[0,0.2,0.6,0],"texture":"#2"},"east":{"uv":[0,0.2,0.8,0],"texture":"#2"},"south":{"uv":[0,0.2,0.6,0],"texture":"#2"},"west":{"uv":[0,0.2,0.8,0],"texture":"#2"},"up":{"uv":[0,0.8,0.6,0],"texture":"#2"},"down":{"uv":[0,0.8,0.6,0],"texture":"#2"}}},{"name":"Cube","from":[6.48,6.75,7.7],"to":[6.98,6.95,8.3],"rotation":{"angle":-45,"axis":"z","origin":[8,3.8,8]},"faces":{"north":{"uv":[0,0.2,0.5,0],"texture":"#2"},"east":{"uv":[0,0.2,0.6,0],"texture":"#2"},"south":{"uv":[0,0.2,0.5,0],"texture":"#2"},"west":{"uv":[0,0.2,0.6,0],"texture":"#2"},"up":{"uv":[0,0.6,0.5,0],"texture":"#2"},"down":{"uv":[0,0.6,0.5,0],"texture":"#2"}}},{"name":"Cube","from":[10.28,5.55,7.8],"to":[10.48,5.95,8.2],"rotation":{"angle":22.5,"axis":"z","origin":[8,3.8,8]},"faces":{"north":{"uv":[0,0.4,0.2,0],"texture":"#2"},"east":{"uv":[0,0.4,0.4,0],"texture":"#2"},"south":{"uv":[0,0.4,0.2,0],"texture":"#2"},"west":{"uv":[0,0.4,0.4,0],"texture":"#2"},"up":{"uv":[0,0.4,0.2,0],"texture":"#2"},"down":{"uv":[0,0.4,0.2,0],"texture":"#2"}}},{"name":"Cube","from":[9.38,5.8,7.9],"to":[9.58,6.4,8.1],"faces":{"north":{"uv":[0,0.4,0.2,0],"texture":"#2"},"east":{"uv":[0,0.4,0.2,0],"texture":"#2"},"south":{"uv":[0,0.4,0.2,0],"texture":"#2"},"west":{"uv":[0,0.4,0.2,0],"texture":"#2"},"up":{"uv":[0,0.2,0.2,0],"texture":"#2"},"down":{"uv":[0,0.2,0.2,0],"texture":"#2"}}},{"name":"Cube","from":[7.6,7.1,7.2],"to":[8.4,7.3,7.8],"rotation":{"angle":22.5,"axis":"x","origin":[8,3.8,8]},"faces":{"north":{"uv":[0,0.2,0.8,0],"texture":"#2"},"east":{"uv":[0,0.2,0.6,0],"texture":"#2"},"south":{"uv":[0,0.2,0.8,0],"texture":"#2"},"west":{"uv":[0,0.2,0.6,0],"texture":"#2"},"up":{"uv":[0,0.8,0.6,0],"rotation":270,"texture":"#2"},"down":{"uv":[0,0.8,0.6,0],"rotation":90,"texture":"#2"}}},{"name":"Cube","from":[7.7,6.75,6.48],"to":[8.3,6.95,6.98],"rotation":{"angle":45,"axis":"x","origin":[8,3.8,8]},"faces":{"north":{"uv":[0,0.2,0.6,0],"texture":"#2"},"east":{"uv":[0,0.2,0.5,0],"texture":"#2"},"south":{"uv":[0,0.2,0.6,0],"texture":"#2"},"west":{"uv":[0,0.2,0.5,0],"texture":"#2"},"up":{"uv":[0,0.6,0.5,0],"rotation":270,"texture":"#2"},"down":{"uv":[0,0.6,0.5,0],"rotation":90,"texture":"#2"}}},{"name":"Cube","from":[7.8,5.55,10.28],"to":[8.2,5.95,10.48],"rotation":{"angle":-22.5,"axis":"x","origin":[8,3.8,8]},"faces":{"north":{"uv":[0,0.4,0.4,0],"texture":"#2"},"east":{"uv":[0,0.4,0.2,0],"texture":"#2"},"south":{"uv":[0,0.4,0.4,0],"texture":"#2"},"west":{"uv":[0,0.4,0.2,0],"texture":"#2"},"up":{"uv":[0,0.4,0.2,0],"rotation":270,"texture":"#2"},"down":{"uv":[0,0.4,0.2,0],"rotation":90,"texture":"#2"}}},{"name":"Cube","from":[7.9,5.8,9.38],"to":[8.1,6.4,9.58],"faces":{"north":{"uv":[0,0.4,0.2,0],"texture":"#2"},"east":{"uv":[0,0.4,0.2,0],"texture":"#2"},"south":{"uv":[0,0.4,0.2,0],"texture":"#2"},"west":{"uv":[0,0.4,0.2,0],"texture":"#2"},"up":{"uv":[0,0.2,0.2,0],"rotation":270,"texture":"#2"},"down":{"uv":[0,0.2,0.2,0],"rotation":90,"texture":"#2"}}},{"name":"Cube","from":[8.2,7.1,7.6],"to":[8.8,7.3,8.4],"rotation":{"angle":22.5,"axis":"z","origin":[8,3.8,8]},"faces":{"north":{"uv":[0.6,0.2,0,0],"texture":"#2"},"east":{"uv":[0.8,0.2,0,0],"texture":"#2"},"south":{"uv":[0.6,0.2,0,0],"texture":"#2"},"west":{"uv":[0.8,0.2,0,0],"texture":"#2"},"up":{"uv":[0.6,0.8,0,0],"texture":"#2"},"down":{"uv":[0.6,0.8,0,0],"texture":"#2"}}},{"name":"Cube","from":[7.6,7.1,8.2],"to":[8.4,7.3,8.8],"rotation":{"angle":-22.5,"axis":"x","origin":[8,3.8,8]},"faces":{"north":{"uv":[0.8,0.2,0,0],"texture":"#2"},"east":{"uv":[0.6,0.2,0,0],"texture":"#2"},"south":{"uv":[0.8,0.2,0,0],"texture":"#2"},"west":{"uv":[0.6,0.2,0,0],"texture":"#2"},"up":{"uv":[0.6,0.8,0,0],"rotation":270,"texture":"#2"},"down":{"uv":[0.6,0.8,0,0],"rotation":90,"texture":"#2"}}},{"name":"Cube","from":[7.7,6.75,9.02],"to":[8.3,6.95,9.52],"rotation":{"angle":-45,"axis":"x","origin":[8,3.8,8]},"faces":{"north":{"uv":[0.6,0.2,0,0],"texture":"#2"},"east":{"uv":[0.5,0.2,0,0],"texture":"#2"},"south":{"uv":[0.6,0.2,0,0],"texture":"#2"},"west":{"uv":[0.5,0.2,0,0],"texture":"#2"},"up":{"uv":[0.5,0.6,0,0],"rotation":270,"texture":"#2"},"down":{"uv":[0.5,0.6,0,0],"rotation":90,"texture":"#2"}}},{"name":"Cube","from":[7.8,5.55,5.52],"to":[8.2,5.95,5.72],"rotation":{"angle":22.5,"axis":"x","origin":[8,3.8,8]},"faces":{"north":{"uv":[0.4,0.4,0,0],"texture":"#2"},"east":{"uv":[0.2,0.4,0,0],"texture":"#2"},"south":{"uv":[0.4,0.4,0,0],"texture":"#2"},"west":{"uv":[0.2,0.4,0,0],"texture":"#2"},"up":{"uv":[0.2,0.4,0,0],"rotation":270,"texture":"#2"},"down":{"uv":[0.2,0.4,0,0],"rotation":90,"texture":"#2"}}},{"name":"Cube","from":[7.9,5.8,6.42],"to":[8.1,6.4,6.62],"faces":{"north":{"uv":[0.2,0.4,0,0],"texture":"#2"},"east":{"uv":[0.2,0.4,0,0],"texture":"#2"},"south":{"uv":[0.2,0.4,0,0],"texture":"#2"},"west":{"uv":[0.2,0.4,0,0],"texture":"#2"},"up":{"uv":[0.2,0.2,0,0],"rotation":270,"texture":"#2"},"down":{"uv":[0.2,0.2,0,0],"rotation":90,"texture":"#2"}}},{"name":"Cube","from":[5.52,5.55,7.8],"to":[5.72,5.95,8.2],"rotation":{"angle":-22.5,"axis":"z","origin":[8,3.8,8]},"faces":{"north":{"uv":[0.2,0.4,0,0],"texture":"#2"},"east":{"uv":[0.4,0.4,0,0],"texture":"#2"},"south":{"uv":[0.2,0.4,0,0],"texture":"#2"},"west":{"uv":[0.4,0.4,0,0],"texture":"#2"},"up":{"uv":[0.2,0.4,0,0],"texture":"#2"},"down":{"uv":[0.2,0.4,0,0],"texture":"#2"}}},{"name":"Cube","from":[9.02,6.75,7.7],"to":[9.52,6.95,8.3],"rotation":{"angle":45,"axis":"z","origin":[8,3.8,8]},"faces":{"north":{"uv":[0.5,0.2,0,0],"texture":"#2"},"east":{"uv":[0.6,0.2,0,0],"texture":"#2"},"south":{"uv":[0.5,0.2,0,0],"texture":"#2"},"west":{"uv":[0.6,0.2,0,0],"texture":"#2"},"up":{"uv":[0.5,0.6,0,0],"texture":"#2"},"down":{"uv":[0.5,0.6,0,0],"texture":"#2"}}},{"name":"Cube","from":[7.4,7.05,7.4],"to":[8.6,7.35,8.6],"faces":{"north":{"uv":[0,0,1.6,0.2],"texture":"#2"},"east":{"uv":[0,0,1.6,0.2],"texture":"#2"},"south":{"uv":[0,0,1.6,0.2],"texture":"#2"},"west":{"uv":[0,0,1.6,0.2],"texture":"#2"},"up":{"uv":[0,0,1.6,1.6],"texture":"#2"},"down":{"uv":[0,0,1.6,1.6],"texture":"#2"}}},{"name":"Cube","from":[9.38,5.4,7.9],"to":[9.58,5.8,8.1],"faces":{"north":{"uv":[0,0,0.2,0.4],"texture":"#2"},"east":{"uv":[0,0,0.2,0.4],"texture":"#2"},"south":{"uv":[0,0,0.2,0.4],"texture":"#2"},"west":{"uv":[0,0,0.2,0.4],"texture":"#2"},"up":{"uv":[0,0,0.2,0.2],"texture":"#2"},"down":{"uv":[0,0,0.2,0.2],"texture":"#2"}}},{"name":"Cube","from":[10.28,5.85,7.8],"to":[10.48,6.25,8.2],"rotation":{"angle":-22.5,"axis":"z","origin":[8,8,8]},"faces":{"north":{"uv":[0,0,0.2,0.4],"texture":"#2"},"east":{"uv":[0,0,0.4,0.4],"texture":"#2"},"south":{"uv":[0,0,0.2,0.4],"texture":"#2"},"west":{"uv":[0,0,0.4,0.4],"texture":"#2"},"up":{"uv":[0,0,0.2,0.4],"texture":"#2"},"down":{"uv":[0,0,0.2,0.4],"texture":"#2"}}},{"name":"Cube","from":[6.48,4.85,7.7],"to":[6.98,5.05,8.3],"rotation":{"angle":45,"axis":"z","origin":[8,8,8]},"faces":{"north":{"uv":[0,0,0.5,0.2],"texture":"#2"},"east":{"uv":[0,0,0.6,0.2],"texture":"#2"},"south":{"uv":[0,0,0.5,0.2],"texture":"#2"},"west":{"uv":[0,0,0.6,0.2],"texture":"#2"},"up":{"uv":[0,0,0.5,0.6],"texture":"#2"},"down":{"uv":[0,0,0.5,0.6],"texture":"#2"}}},{"name":"Cube","from":[7.2,4.5,7.6],"to":[7.8,4.7,8.4],"rotation":{"angle":22.5,"axis":"z","origin":[8,8,8]},"faces":{"north":{"uv":[0,0,0.6,0.2],"texture":"#2"},"east":{"uv":[0,0,0.8,0.2],"texture":"#2"},"south":{"uv":[0,0,0.6,0.2],"texture":"#2"},"west":{"uv":[0,0,0.8,0.2],"texture":"#2"},"up":{"uv":[0,0,0.6,0.8],"texture":"#2"},"down":{"uv":[0,0,0.6,0.8],"texture":"#2"}}},{"name":"cookie_0","from":[7.97,7.34,7.795],"to":[8.03,8.06,8.155],"rotation":{"angle":-45,"axis":"y","origin":[8,7.7,7.975]},"faces":{"north":{"uv":[5,2,6,14],"texture":"#3"},"east":{"uv":[5,14,11,2],"rotation":180,"texture":"#3"},"south":{"uv":[10,2,11,14],"texture":"#3"},"west":{"uv":[5,2,11,14],"texture":"#3"},"up":{"uv":[11,2,5,3],"rotation":270,"texture":"#3"},"down":{"uv":[5,13,11,14],"rotation":270,"texture":"#3"}}},{"name":"cookie_1","from":[7.97,7.4,7.675],"to":[8.03,8,7.795],"rotation":{"angle":-45,"axis":"y","origin":[8,7.7,7.975]},"faces":{"north":{"uv":[3,3,4,13],"texture":"#3"},"east":{"uv":[3,13,5,3],"rotation":180,"texture":"#3"},"south":{"uv":[4,3,5,13],"texture":"#3"},"west":{"uv":[3,3,5,13],"texture":"#3"},"up":{"uv":[5,3,3,4],"rotation":270,"texture":"#3"},"down":{"uv":[3,12,5,13],"rotation":270,"texture":"#3"}}},{"name":"cookie_2","from":[7.97,7.4,8.155],"to":[8.03,8,8.275],"rotation":{"angle":-45,"axis":"y","origin":[8,7.7,7.975]},"faces":{"north":{"uv":[11,3,12,13],"texture":"#3"},"east":{"uv":[11,13,13,3],"rotation":180,"texture":"#3"},"south":{"uv":[12,3,13,13],"texture":"#3"},"west":{"uv":[11,3,13,13],"texture":"#3"},"up":{"uv":[13,3,11,4],"rotation":270,"texture":"#3"},"down":{"uv":[11,12,13,13],"rotation":270,"texture":"#3"}}},{"name":"cookie_3","from":[7.97,7.46,7.615],"to":[8.03,7.94,7.675],"rotation":{"angle":-45,"axis":"y","origin":[8,7.7,7.975]},"faces":{"north":{"uv":[2,4,3,12],"texture":"#3"},"east":{"uv":[2,12,3,4],"rotation":180,"texture":"#3"},"south":{"uv":[2,4,3,12],"texture":"#3"},"west":{"uv":[2,4,3,12],"texture":"#3"},"up":{"uv":[3,4,2,5],"rotation":270,"texture":"#3"},"down":{"uv":[2,11,3,12],"rotation":270,"texture":"#3"}}},{"name":"cookie_4","from":[7.97,7.46,8.275],"to":[8.03,7.94,8.335],"rotation":{"angle":-45,"axis":"y","origin":[8,7.7,7.975]},"faces":{"north":{"uv":[13,4,14,12],"texture":"#3"},"east":{"uv":[13,12,14,4],"rotation":180,"texture":"#3"},"south":{"uv":[13,4,14,12],"texture":"#3"},"west":{"uv":[13,4,14,12],"texture":"#3"},"up":{"uv":[14,4,13,5],"rotation":270,"texture":"#3"},"down":{"uv":[13,11,14,12],"rotation":270,"texture":"#3"}}},{"name":"cookie_5","from":[7.97,7.52,7.555],"to":[8.03,7.88,7.615],"rotation":{"angle":-45,"axis":"y","origin":[8,7.7,7.975]},"faces":{"north":{"uv":[1,5,2,11],"texture":"#3"},"east":{"uv":[1,11,2,5],"rotation":180,"texture":"#3"},"south":{"uv":[1,5,2,11],"texture":"#3"},"west":{"uv":[1,5,2,11],"texture":"#3"},"up":{"uv":[2,5,1,6],"rotation":270,"texture":"#3"},"down":{"uv":[1,10,2,11],"rotation":270,"texture":"#3"}}},{"name":"cookie_6","from":[7.97,7.52,8.335],"to":[8.03,7.88,8.395],"rotation":{"angle":-45,"axis":"y","origin":[8,7.7,7.975]},"faces":{"north":{"uv":[14,5,15,11],"texture":"#3"},"east":{"uv":[14,11,15,5],"rotation":180,"texture":"#3"},"south":{"uv":[14,5,15,11],"texture":"#3"},"west":{"uv":[14,5,15,11],"texture":"#3"},"up":{"uv":[15,5,14,6],"rotation":270,"texture":"#3"},"down":{"uv":[14,10,15,11],"rotation":270,"texture":"#3"}}}],"display":{"thirdperson_righthand":{"translation":[0,10,1.5],"scale":[1.5,1.5,1.5]},"thirdperson_lefthand":{"translation":[0,10,1.5],"scale":[1.5,1.5,1.5]},"firstperson_righthand":{"rotation":[-25,4,12],"translation":[-3,8.5,3]},"firstperson_lefthand":{"rotation":[-25,4,12],"translation":[-3,8.5,3]},"ground":{"rotation":[25,0,0],"translation":[0,9,2.5],"scale":[1.2,1.2,1.2]},"gui":{"rotation":[30,-135,0],"translation":[0,4.5,0]},"head":{"rotation":[123,0,0],"translation":[0,1,0],"scale":[1.5,1.5,1.5]}},"groups":[0,1,2,3,4,5,6,7,8,9,10,11,12,13,14,15,16,17,18,19,20,21,22,23,24,25,{"name":"Rondes","origin":[8,8,8],"color":0,"children":[26,27,28,29,30,31,32,33,34,35,36,37,38,39,40,41,42,43,44,45,46,47,48,49,50,51,52,53,54,55,56,57,58]},{"name":"cookie","origin":[8,8,8],"color":0,"children":[59,60,61,62,63,64,65]}],"credit":"Model by Craftventure"}