{"textures":{"0":"block/brown_concrete","particle":"block/brown_concrete","wielen inner":"block/piston_inner","anvil":"block/anvil","stone_slab_top":"block/smooth_stone","red_terracotta":"block/black_terracotta"},"elements":[{"name":"frame*","from":[0.44,5.84,-8.56],"to":[15.56,6.2,23.12],"faces":{"north":{"uv":[0.032,0.032,15.968,15.968],"texture":"#stone_slab_top"},"east":{"uv":[0.032,0.032,15.968,15.968],"texture":"#stone_slab_top"},"south":{"uv":[0.032,0.032,15.968,15.968],"texture":"#stone_slab_top"},"west":{"uv":[0.032,0.032,15.968,15.968],"texture":"#stone_slab_top"},"up":{"uv":[0.032,0.032,15.968,15.968],"texture":"#stone_slab_top"},"down":{"uv":[0.032,0.032,15.968,15.968],"texture":"#stone_slab_top"}}},{"name":"wieldop","from":[12.9904,1.808,18.5712],"to":[14.3728,4.112,20.8752],"faces":{"north":{"uv":[6.032,6.032,9.30391,9.30391],"texture":"#wielen inner"},"east":{"uv":[6.032,6.032,9.30391,9.30391],"texture":"#wielen inner"},"south":{"uv":[6.032,6.032,9.30391,9.30391],"texture":"#wielen inner"},"west":{"uv":[6.032,6.032,9.30391,9.30391],"texture":"#wielen inner"},"up":{"uv":[6.032,6.032,9.30391,9.30391],"texture":"#wielen inner"},"down":{"uv":[6.032,6.032,9.30391,9.30391],"texture":"#wielen inner"}}},{"name":"frame*","from":[3.68,4.76,17.36],"to":[12.32,5.84,23.02],"faces":{"north":{"uv":[0.032,0.032,8.64,0.968],"texture":"#stone_slab_top"},"east":{"uv":[0.032,0.032,5.66,0.968],"texture":"#stone_slab_top"},"south":{"uv":[0.032,0.032,8.64,0.968],"texture":"#stone_slab_top"},"west":{"uv":[0.032,0.032,5.66,0.968],"texture":"#stone_slab_top"},"up":{"uv":[1.5,3.032,10.14,8.66],"texture":"#stone_slab_top"},"down":{"uv":[1.5,3.032,10.14,8.66],"texture":"#stone_slab_top"}}},{"name":"wielen*","from":[12.9904,1.808,20.8752],"to":[14.0728,4.112,21.336],"faces":{"north":{"uv":[0.032,13.5,0.968,15.3],"texture":"#anvil"},"east":{"uv":[0.032,13.5,0.36,15.3],"texture":"#anvil"},"south":{"uv":[14.5,13.5,15.58,15.3],"texture":"#anvil"},"west":{"uv":[15.64,13.5,15.968,15.3],"texture":"#anvil"},"up":{"uv":[14.5,15.64,15.58,15.968],"texture":"#anvil"},"down":{"uv":[1.5,15.64,2.58,15.968],"texture":"#anvil"}}},{"name":"wielen*","from":[12.9904,1.3472,18.5712],"to":[14.0728,1.808,20.8752],"faces":{"north":{"uv":[0.032,15.64,0.968,15.968],"texture":"#anvil"},"east":{"uv":[0.032,15.64,1.8,15.968],"texture":"#anvil"},"south":{"uv":[14.5,15.64,15.58,15.968],"texture":"#anvil"},"west":{"uv":[14.2,15.64,15.968,15.968],"texture":"#anvil"},"up":{"uv":[14.5,14.2,15.58,15.968],"texture":"#anvil"},"down":{"uv":[1.5,14.2,2.58,15.968],"texture":"#anvil"}}},{"name":"wielen*","from":[12.9904,4.112,18.5712],"to":[14.0728,4.5728,20.8752],"faces":{"north":{"uv":[0.032,13.032,0.968,13.36],"texture":"#anvil"},"east":{"uv":[0.032,13.032,1.8,13.36],"texture":"#anvil"},"south":{"uv":[14.5,13.032,15.58,13.36],"texture":"#anvil"},"west":{"uv":[14.2,13.032,15.968,13.36],"texture":"#anvil"},"up":{"uv":[14.5,14.2,15.58,15.968],"texture":"#anvil"},"down":{"uv":[1.5,14.2,2.58,15.968],"texture":"#anvil"}}},{"name":"wielen*","from":[12.9904,1.808,18.1104],"to":[14.0728,4.112,18.5712],"faces":{"north":{"uv":[0.032,13.5,0.968,15.3],"texture":"#anvil"},"east":{"uv":[0.032,13.5,0.36,15.3],"texture":"#anvil"},"south":{"uv":[14.5,13.5,15.58,15.3],"texture":"#anvil"},"west":{"uv":[15.64,13.5,15.968,15.3],"texture":"#anvil"},"up":{"uv":[14.5,15.64,15.58,15.968],"texture":"#anvil"},"down":{"uv":[1.5,15.64,2.58,15.968],"texture":"#anvil"}}},{"name":"wielen*","from":[12.9904,1.808,16.728],"to":[14.0728,4.112,17.1888],"faces":{"north":{"uv":[0.032,13.5,0.968,15.3],"texture":"#anvil"},"east":{"uv":[0.032,13.5,0.36,15.3],"texture":"#anvil"},"south":{"uv":[14.5,13.5,15.58,15.3],"texture":"#anvil"},"west":{"uv":[15.64,13.5,15.968,15.3],"texture":"#anvil"},"up":{"uv":[14.5,15.64,15.58,15.968],"texture":"#anvil"},"down":{"uv":[1.5,15.64,2.58,15.968],"texture":"#anvil"}}},{"name":"wielen*","from":[12.9904,4.112,14.424],"to":[14.0728,4.5728,16.728],"faces":{"north":{"uv":[0.032,13.032,0.968,13.36],"texture":"#anvil"},"east":{"uv":[0.032,13.032,1.8,13.36],"texture":"#anvil"},"south":{"uv":[14.5,13.032,15.58,13.36],"texture":"#anvil"},"west":{"uv":[14.2,13.032,15.968,13.36],"texture":"#anvil"},"up":{"uv":[14.5,14.2,15.58,15.968],"texture":"#anvil"},"down":{"uv":[1.5,14.2,2.58,15.968],"texture":"#anvil"}}},{"name":"wielen*","from":[12.9904,1.3472,14.424],"to":[14.0728,1.808,16.728],"faces":{"north":{"uv":[0.032,15.64,0.968,15.968],"texture":"#anvil"},"east":{"uv":[0.032,15.64,1.8,15.968],"texture":"#anvil"},"south":{"uv":[14.5,15.64,15.58,15.968],"texture":"#anvil"},"west":{"uv":[14.2,15.64,15.968,15.968],"texture":"#anvil"},"up":{"uv":[14.5,14.2,15.58,15.968],"texture":"#anvil"},"down":{"uv":[1.5,14.2,2.58,15.968],"texture":"#anvil"}}},{"name":"wielen*","from":[12.9904,1.808,13.9632],"to":[14.0728,4.112,14.424],"faces":{"north":{"uv":[0.032,13.5,0.968,15.3],"texture":"#anvil"},"east":{"uv":[0.032,13.5,0.36,15.3],"texture":"#anvil"},"south":{"uv":[14.5,13.5,15.58,15.3],"texture":"#anvil"},"west":{"uv":[15.64,13.5,15.968,15.3],"texture":"#anvil"},"up":{"uv":[14.5,15.64,15.58,15.968],"texture":"#anvil"},"down":{"uv":[1.5,15.64,2.58,15.968],"texture":"#anvil"}}},{"name":"wieldop","from":[12.9904,1.808,14.424],"to":[14.3728,4.112,16.728],"faces":{"north":{"uv":[6.032,6.032,9.30391,9.30391],"texture":"#wielen inner"},"east":{"uv":[6.032,6.032,9.30391,9.30391],"texture":"#wielen inner"},"south":{"uv":[6.032,6.032,9.30391,9.30391],"texture":"#wielen inner"},"west":{"uv":[6.032,6.032,9.30391,9.30391],"texture":"#wielen inner"},"up":{"uv":[6.032,6.032,9.30391,9.30391],"texture":"#wielen inner"},"down":{"uv":[6.032,6.032,9.30391,9.30391],"texture":"#wielen inner"}}},{"name":"wielkast*","from":[13.912,3.6512,17.1888],"to":[14.8336,5.4944,18.1104],"faces":{"north":{"uv":[15.28,11.5,15.968,12.94],"texture":"#stone_slab_top"},"east":{"uv":[0.032,11.5,0.72,12.94],"texture":"#stone_slab_top"},"south":{"uv":[0.032,11.5,0.72,12.94],"texture":"#stone_slab_top"},"west":{"uv":[15.28,11.5,15.968,12.94],"texture":"#stone_slab_top"},"up":{"uv":[0.032,15.28,0.72,15.968],"texture":"#stone_slab_top"},"down":{"uv":[15.28,15.28,15.968,15.968],"texture":"#stone_slab_top"}}},{"name":"wielkast*","from":[2,4.785,17.335],"to":[14,5.48,18.055],"faces":{"north":{"uv":[4.032,11.5,15.968,12.195],"texture":"#stone_slab_top"},"east":{"uv":[0.032,11.5,0.72,12.195],"texture":"#stone_slab_top"},"south":{"uv":[0.032,11.5,11.968,12.195],"texture":"#stone_slab_top"},"west":{"uv":[15.28,11.5,15.968,12.195],"texture":"#stone_slab_top"},"up":{"uv":[0.032,15.28,11.968,15.968],"texture":"#stone_slab_top"},"down":{"uv":[4.032,15.28,15.968,15.968],"texture":"#stone_slab_top"}}},{"name":"frame*","from":[0.8,4.76,0.08],"to":[15.2,5.84,17.36],"faces":{"north":{"uv":[0.032,12.032,15.968,12.968],"texture":"#stone_slab_top"},"east":{"uv":[0.032,12.032,12.968,12.968],"texture":"#stone_slab_top"},"south":{"uv":[0.032,12.032,15.968,12.968],"texture":"#stone_slab_top"},"west":{"uv":[3.032,12.032,15.968,12.968],"texture":"#stone_slab_top"},"up":{"uv":[0.032,3.032,15.968,15.968],"texture":"#stone_slab_top"},"down":{"uv":[15.968,15.968,0.032,3.032],"texture":"#stone_slab_top"}}},{"name":"wielkast*","from":[2.1,4.785,-4.24],"to":[14,5.48,-3.52],"faces":{"north":{"uv":[4.1,11.5,15.968,12.195],"texture":"#stone_slab_top"},"east":{"uv":[0.032,11.5,0.72,12.195],"texture":"#stone_slab_top"},"south":{"uv":[0.032,11.5,11.9,12.195],"texture":"#stone_slab_top"},"west":{"uv":[15.28,11.5,15.968,12.195],"texture":"#stone_slab_top"},"up":{"uv":[0.032,15.28,11.9,15.968],"texture":"#stone_slab_top"},"down":{"uv":[4.1,15.28,15.968,15.968],"texture":"#stone_slab_top"}}},{"name":"wielkast*","from":[14.3728,2.2688,15.3456],"to":[14.8336,3.6512,19.9536],"faces":{"north":{"uv":[0.032,14.032,0.36,14.968],"texture":"#stone_slab_top"},"east":{"uv":[0.032,14.032,3.6,14.968],"texture":"#stone_slab_top"},"south":{"uv":[15.64,14.032,15.968,14.968],"texture":"#stone_slab_top"},"west":{"uv":[12.4,14.032,15.968,14.968],"texture":"#stone_slab_top"},"up":{"uv":[15.64,12.4,15.968,15.968],"texture":"#stone_slab_top"},"down":{"uv":[0.032,12.4,0.36,15.968],"texture":"#stone_slab_top"}}},{"name":"frame*","from":[3.68,4.76,-8.06],"to":[12.32,5.84,0.08],"faces":{"north":{"uv":[2.032,11.5,10.64,12.58],"texture":"#stone_slab_top"},"east":{"uv":[0.032,11.5,8.14,12.58],"texture":"#stone_slab_top"},"south":{"uv":[2.032,11.5,10.64,12.58],"texture":"#stone_slab_top"},"west":{"uv":[0.032,11.5,8.14,12.58],"texture":"#stone_slab_top"},"up":{"uv":[2.032,0.032,10.64,8.14],"texture":"#stone_slab_top"},"down":{"uv":[2.032,0.032,10.64,8.14],"texture":"#stone_slab_top"}}},{"name":"kar*","from":[15.56,6.2,7.54],"to":[15.92,7.86,22.92],"faces":{"north":{"uv":[0.032,8.032,15.93984,8.968],"texture":"#0"},"east":{"uv":[0.032,8.032,15.93984,8.968],"texture":"#0"},"south":{"uv":[0.032,8.032,15.93984,8.968],"texture":"#0"},"west":{"uv":[0.032,8.032,15.93984,8.968],"texture":"#0"},"up":{"uv":[0.032,8.032,15.93984,8.968],"texture":"#0"},"down":{"uv":[0.032,8.032,15.93984,8.968],"texture":"#0"}}},{"name":"balk*","from":[-0.28,5.48,-7.84],"to":[0.8,6.56,22.76],"faces":{"north":{"uv":[0.032,10.032,1.5,11.5],"texture":"#red_terracotta"},"east":{"uv":[0.032,10.032,15.968,11.5],"texture":"#red_terracotta"},"south":{"uv":[0.032,10.032,1.5,11.5],"texture":"#red_terracotta"},"west":{"uv":[0.032,10.032,15.968,11.5],"texture":"#red_terracotta"},"up":{"uv":[0.032,0.032,1.5,15.968],"texture":"#red_terracotta"},"down":{"uv":[0.032,0.032,1.5,15.968],"texture":"#red_terracotta"}}},{"name":"balk*","from":[15.2,5.48,-7.84],"to":[16.28,6.56,22.76],"faces":{"north":{"uv":[0.032,10.032,1.5,11.5],"texture":"#red_terracotta"},"east":{"uv":[0.032,10.032,15.968,11.5],"texture":"#red_terracotta"},"south":{"uv":[0.032,10.032,1.5,11.5],"texture":"#red_terracotta"},"west":{"uv":[0.032,10.032,15.968,11.5],"texture":"#red_terracotta"},"up":{"uv":[0.032,0.032,1.5,15.968],"texture":"#red_terracotta"},"down":{"uv":[0.032,0.032,1.5,15.968],"texture":"#red_terracotta"}}},{"name":"balk*","from":[-0.28,5.48,22.76],"to":[16.28,6.56,23.84],"faces":{"north":{"uv":[0.032,0.032,15.968,1.5],"texture":"#red_terracotta"},"east":{"uv":[0.5,0.032,1.968,1.5],"texture":"#red_terracotta"},"south":{"uv":[0.032,0.032,15.968,1.5],"texture":"#red_terracotta"},"west":{"uv":[0.5,0.032,1.968,1.5],"texture":"#red_terracotta"},"up":{"uv":[0.032,0.5,15.968,1.968],"texture":"#red_terracotta"},"down":{"uv":[0.032,0.5,15.968,1.968],"texture":"#red_terracotta"}}},{"name":"balk*","from":[-0.28,5.48,-8.92],"to":[16.28,6.56,-7.84],"faces":{"north":{"uv":[0.032,0.032,15.968,1.5],"texture":"#red_terracotta"},"east":{"uv":[0.5,0.032,1.968,1.5],"texture":"#red_terracotta"},"south":{"uv":[0.032,0.032,15.968,1.5],"texture":"#red_terracotta"},"west":{"uv":[0.5,0.032,1.968,1.5],"texture":"#red_terracotta"},"up":{"uv":[0.032,0.5,15.968,1.968],"texture":"#red_terracotta"},"down":{"uv":[0.032,0.5,15.968,1.968],"texture":"#red_terracotta"}}},{"name":"wielen*","from":[12.9904,4.112,-6.576],"to":[14.0728,4.5728,-4.272],"faces":{"north":{"uv":[0.032,13.032,1.3824,13.4608],"texture":"#anvil"},"east":{"uv":[0.032,13.032,2.304,13.4608],"texture":"#anvil"},"south":{"uv":[14.5,13.032,15.8824,13.4608],"texture":"#anvil"},"west":{"uv":[13.696,13.032,15.968,13.4608],"texture":"#anvil"},"up":{"uv":[14.5,13.696,15.8824,15.968],"texture":"#anvil"},"down":{"uv":[1.5,13.696,2.8824,15.968],"texture":"#anvil"}}},{"name":"wielen*","from":[12.9904,1.808,-7.0368],"to":[14.0728,4.112,-6.576],"faces":{"north":{"uv":[0.032,13.5,1.3824,15.804],"texture":"#anvil"},"east":{"uv":[0.032,13.5,0.4608,15.804],"texture":"#anvil"},"south":{"uv":[14.5,13.5,15.8824,15.804],"texture":"#anvil"},"west":{"uv":[15.5392,13.5,15.968,15.804],"texture":"#anvil"},"up":{"uv":[14.5,15.5392,15.8824,15.968],"texture":"#anvil"},"down":{"uv":[1.5,15.5392,2.8824,15.968],"texture":"#anvil"}}},{"name":"wielen*","from":[12.9904,1.3472,-6.576],"to":[14.0728,1.808,-4.272],"faces":{"north":{"uv":[0.032,15.5392,1.3824,15.968],"texture":"#anvil"},"east":{"uv":[0.032,15.5392,2.304,15.968],"texture":"#anvil"},"south":{"uv":[14.5,15.5392,15.8824,15.968],"texture":"#anvil"},"west":{"uv":[13.696,15.5392,15.968,15.968],"texture":"#anvil"},"up":{"uv":[14.5,13.696,15.8824,15.968],"texture":"#anvil"},"down":{"uv":[1.5,13.696,2.8824,15.968],"texture":"#anvil"}}},{"name":"wieldop","from":[12.9904,1.808,-6.576],"to":[14.3728,4.112,-4.272],"faces":{"north":{"uv":[6.032,6.032,9.30391,9.30391],"texture":"#wielen inner"},"east":{"uv":[6.032,6.032,9.30391,9.30391],"texture":"#wielen inner"},"south":{"uv":[6.032,6.032,9.30391,9.30391],"texture":"#wielen inner"},"west":{"uv":[6.032,6.032,9.30391,9.30391],"texture":"#wielen inner"},"up":{"uv":[6.032,6.032,9.30391,9.30391],"texture":"#wielen inner"},"down":{"uv":[6.032,6.032,9.30391,9.30391],"texture":"#wielen inner"}}},{"name":"wielen*","from":[12.9904,1.808,-4.272],"to":[14.0728,4.112,-3.8112],"faces":{"north":{"uv":[0.032,13.5,1.3824,15.804],"texture":"#anvil"},"east":{"uv":[0.032,13.5,0.4608,15.804],"texture":"#anvil"},"south":{"uv":[14.5,13.5,15.8824,15.804],"texture":"#anvil"},"west":{"uv":[15.5392,13.5,15.968,15.804],"texture":"#anvil"},"up":{"uv":[14.5,15.5392,15.8824,15.968],"texture":"#anvil"},"down":{"uv":[1.5,15.5392,2.8824,15.968],"texture":"#anvil"}}},{"name":"wielkast*","from":[14.3728,2.2688,-5.6544],"to":[14.8336,3.6512,-1.0464],"faces":{"north":{"uv":[0.032,14.032,0.4608,15.3824],"texture":"#stone_slab_top"},"east":{"uv":[0.032,14.032,4.608,15.3824],"texture":"#stone_slab_top"},"south":{"uv":[15.5392,14.032,15.968,15.3824],"texture":"#stone_slab_top"},"west":{"uv":[11.392,14.032,15.968,15.3824],"texture":"#stone_slab_top"},"up":{"uv":[15.5392,11.392,15.968,15.968],"texture":"#stone_slab_top"},"down":{"uv":[0.032,11.392,0.4608,15.968],"texture":"#stone_slab_top"}}},{"name":"wielkast*","from":[13.912,3.6512,-3.8112],"to":[14.8336,5.4944,-2.8896],"faces":{"north":{"uv":[15.0784,11.5,15.968,13.3432],"texture":"#stone_slab_top"},"east":{"uv":[0.032,11.5,0.9216,13.3432],"texture":"#stone_slab_top"},"south":{"uv":[0.032,11.5,0.9216,13.3432],"texture":"#stone_slab_top"},"west":{"uv":[15.0784,11.5,15.968,13.3432],"texture":"#stone_slab_top"},"up":{"uv":[0.032,15.0784,0.9216,15.968],"texture":"#stone_slab_top"},"down":{"uv":[15.0784,15.0784,15.968,15.968],"texture":"#stone_slab_top"}}},{"name":"wielen*","from":[12.9904,4.112,-2.4288],"to":[14.0728,4.5728,-0.1248],"faces":{"north":{"uv":[0.032,13.032,1.3824,13.4608],"texture":"#anvil"},"east":{"uv":[0.032,13.032,2.304,13.4608],"texture":"#anvil"},"south":{"uv":[14.5,13.032,15.8824,13.4608],"texture":"#anvil"},"west":{"uv":[13.696,13.032,15.968,13.4608],"texture":"#anvil"},"up":{"uv":[14.5,13.696,15.8824,15.968],"texture":"#anvil"},"down":{"uv":[1.5,13.696,2.8824,15.968],"texture":"#anvil"}}},{"name":"wielen*","from":[12.9904,1.808,-0.1248],"to":[14.0728,4.112,0.336],"faces":{"north":{"uv":[0.032,13.5,1.3824,15.804],"texture":"#anvil"},"east":{"uv":[0.032,13.5,0.4608,15.804],"texture":"#anvil"},"south":{"uv":[14.5,13.5,15.8824,15.804],"texture":"#anvil"},"west":{"uv":[15.5392,13.5,15.968,15.804],"texture":"#anvil"},"up":{"uv":[14.5,15.5392,15.8824,15.968],"texture":"#anvil"},"down":{"uv":[1.5,15.5392,2.8824,15.968],"texture":"#anvil"}}},{"name":"wieldop","from":[12.9904,1.808,-2.4288],"to":[14.3728,4.112,-0.1248],"faces":{"north":{"uv":[6.032,6.032,9.30391,9.30391],"texture":"#wielen inner"},"east":{"uv":[6.032,6.032,9.30391,9.30391],"texture":"#wielen inner"},"south":{"uv":[6.032,6.032,9.30391,9.30391],"texture":"#wielen inner"},"west":{"uv":[6.032,6.032,9.30391,9.30391],"texture":"#wielen inner"},"up":{"uv":[6.032,6.032,9.30391,9.30391],"texture":"#wielen inner"},"down":{"uv":[6.032,6.032,9.30391,9.30391],"texture":"#wielen inner"}}},{"name":"wielen*","from":[12.9904,1.3472,-2.4288],"to":[14.0728,1.808,-0.1248],"faces":{"north":{"uv":[0.032,15.5392,1.3824,15.968],"texture":"#anvil"},"east":{"uv":[0.032,15.5392,2.304,15.968],"texture":"#anvil"},"south":{"uv":[14.5,15.5392,15.8824,15.968],"texture":"#anvil"},"west":{"uv":[13.696,15.5392,15.968,15.968],"texture":"#anvil"},"up":{"uv":[14.5,13.696,15.8824,15.968],"texture":"#anvil"},"down":{"uv":[1.5,13.696,2.8824,15.968],"texture":"#anvil"}}},{"name":"wielen*","from":[12.9904,1.808,-2.8896],"to":[14.0728,4.112,-2.4288],"faces":{"north":{"uv":[0.032,13.5,1.3824,15.804],"texture":"#anvil"},"east":{"uv":[0.032,13.5,0.4608,15.804],"texture":"#anvil"},"south":{"uv":[14.5,13.5,15.8824,15.804],"texture":"#anvil"},"west":{"uv":[15.5392,13.5,15.968,15.804],"texture":"#anvil"},"up":{"uv":[14.5,15.5392,15.8824,15.968],"texture":"#anvil"},"down":{"uv":[1.5,15.5392,2.8824,15.968],"texture":"#anvil"}}},{"name":"wielen*","from":[1.9272,4.112,14.424],"to":[3.0096,4.5728,16.728],"faces":{"north":{"uv":[0.968,13.032,0.032,13.36],"texture":"#anvil"},"east":{"uv":[15.968,13.032,14.2,13.36],"texture":"#anvil"},"south":{"uv":[15.58,13.032,14.5,13.36],"texture":"#anvil"},"west":{"uv":[1.8,13.032,0.032,13.36],"texture":"#anvil"},"up":{"uv":[15.58,14.2,14.5,15.968],"texture":"#anvil"},"down":{"uv":[2.58,14.2,1.5,15.968],"texture":"#anvil"}}},{"name":"wielen*","from":[1.9272,1.808,13.9632],"to":[3.0096,4.112,14.424],"faces":{"north":{"uv":[0.968,13.5,0.032,15.3],"texture":"#anvil"},"east":{"uv":[15.968,13.5,15.64,15.3],"texture":"#anvil"},"south":{"uv":[15.58,13.5,14.5,15.3],"texture":"#anvil"},"west":{"uv":[0.36,13.5,0.032,15.3],"texture":"#anvil"},"up":{"uv":[15.58,15.64,14.5,15.968],"texture":"#anvil"},"down":{"uv":[2.58,15.64,1.5,15.968],"texture":"#anvil"}}},{"name":"wieldop","from":[1.6272,1.808,14.424],"to":[3.0096,4.112,16.728],"faces":{"north":{"uv":[9.30391,6.032,6.032,9.30391],"texture":"#wielen inner"},"east":{"uv":[9.30391,6.032,6.032,9.30391],"texture":"#wielen inner"},"south":{"uv":[9.30391,6.032,6.032,9.30391],"texture":"#wielen inner"},"west":{"uv":[9.30391,6.032,6.032,9.30391],"texture":"#wielen inner"},"up":{"uv":[9.30391,6.032,6.032,9.30391],"texture":"#wielen inner"},"down":{"uv":[9.30391,6.032,6.032,9.30391],"texture":"#wielen inner"}}},{"name":"wielen*","from":[1.9272,1.3472,14.424],"to":[3.0096,1.808,16.728],"faces":{"north":{"uv":[0.968,15.64,0.032,15.968],"texture":"#anvil"},"east":{"uv":[15.968,15.64,14.2,15.968],"texture":"#anvil"},"south":{"uv":[15.58,15.64,14.5,15.968],"texture":"#anvil"},"west":{"uv":[1.8,15.64,0.032,15.968],"texture":"#anvil"},"up":{"uv":[15.58,14.2,14.5,15.968],"texture":"#anvil"},"down":{"uv":[2.58,14.2,1.5,15.968],"texture":"#anvil"}}},{"name":"wielen*","from":[1.9272,1.808,16.728],"to":[3.0096,4.112,17.1888],"faces":{"north":{"uv":[0.968,13.5,0.032,15.3],"texture":"#anvil"},"east":{"uv":[15.968,13.5,15.64,15.3],"texture":"#anvil"},"south":{"uv":[15.58,13.5,14.5,15.3],"texture":"#anvil"},"west":{"uv":[0.36,13.5,0.032,15.3],"texture":"#anvil"},"up":{"uv":[15.58,15.64,14.5,15.968],"texture":"#anvil"},"down":{"uv":[2.58,15.64,1.5,15.968],"texture":"#anvil"}}},{"name":"wielkast*","from":[1.1664,2.2688,15.3456],"to":[1.6272,3.6512,19.9536],"faces":{"north":{"uv":[0.36,14.032,0.032,14.968],"texture":"#stone_slab_top"},"east":{"uv":[15.968,14.032,12.4,14.968],"texture":"#stone_slab_top"},"south":{"uv":[15.968,14.032,15.64,14.968],"texture":"#stone_slab_top"},"west":{"uv":[3.6,14.032,0.032,14.968],"texture":"#stone_slab_top"},"up":{"uv":[15.968,12.4,15.64,15.968],"texture":"#stone_slab_top"},"down":{"uv":[0.36,12.4,0.032,15.968],"texture":"#stone_slab_top"}}},{"name":"wielkast*","from":[1.1664,3.6512,17.1888],"to":[2.088,5.4944,18.1104],"faces":{"north":{"uv":[15.968,11.5,15.28,12.94],"texture":"#stone_slab_top"},"east":{"uv":[15.968,11.5,15.28,12.94],"texture":"#stone_slab_top"},"south":{"uv":[0.72,11.5,0.032,12.94],"texture":"#stone_slab_top"},"west":{"uv":[0.72,11.5,0.032,12.94],"texture":"#stone_slab_top"},"up":{"uv":[0.72,15.28,0.032,15.968],"texture":"#stone_slab_top"},"down":{"uv":[15.968,15.28,15.28,15.968],"texture":"#stone_slab_top"}}},{"name":"wielen*","from":[1.9272,4.112,18.5712],"to":[3.0096,4.5728,20.8752],"faces":{"north":{"uv":[0.968,13.032,0.032,13.36],"texture":"#anvil"},"east":{"uv":[15.968,13.032,14.2,13.36],"texture":"#anvil"},"south":{"uv":[15.58,13.032,14.5,13.36],"texture":"#anvil"},"west":{"uv":[1.8,13.032,0.032,13.36],"texture":"#anvil"},"up":{"uv":[15.58,14.2,14.5,15.968],"texture":"#anvil"},"down":{"uv":[2.58,14.2,1.5,15.968],"texture":"#anvil"}}},{"name":"wielen*","from":[1.9272,1.808,18.1104],"to":[3.0096,4.112,18.5712],"faces":{"north":{"uv":[0.968,13.5,0.032,15.3],"texture":"#anvil"},"east":{"uv":[15.968,13.5,15.64,15.3],"texture":"#anvil"},"south":{"uv":[15.58,13.5,14.5,15.3],"texture":"#anvil"},"west":{"uv":[0.36,13.5,0.032,15.3],"texture":"#anvil"},"up":{"uv":[15.58,15.64,14.5,15.968],"texture":"#anvil"},"down":{"uv":[2.58,15.64,1.5,15.968],"texture":"#anvil"}}},{"name":"wielen*","from":[1.9272,1.808,20.8752],"to":[3.0096,4.112,21.336],"faces":{"north":{"uv":[0.968,13.5,0.032,15.3],"texture":"#anvil"},"east":{"uv":[15.968,13.5,15.64,15.3],"texture":"#anvil"},"south":{"uv":[15.58,13.5,14.5,15.3],"texture":"#anvil"},"west":{"uv":[0.36,13.5,0.032,15.3],"texture":"#anvil"},"up":{"uv":[15.58,15.64,14.5,15.968],"texture":"#anvil"},"down":{"uv":[2.58,15.64,1.5,15.968],"texture":"#anvil"}}},{"name":"wieldop","from":[1.6272,1.808,18.5712],"to":[3.0096,4.112,20.8752],"faces":{"north":{"uv":[9.30391,6.032,6.032,9.30391],"texture":"#wielen inner"},"east":{"uv":[9.30391,6.032,6.032,9.30391],"texture":"#wielen inner"},"south":{"uv":[9.30391,6.032,6.032,9.30391],"texture":"#wielen inner"},"west":{"uv":[9.30391,6.032,6.032,9.30391],"texture":"#wielen inner"},"up":{"uv":[9.30391,6.032,6.032,9.30391],"texture":"#wielen inner"},"down":{"uv":[9.30391,6.032,6.032,9.30391],"texture":"#wielen inner"}}},{"name":"wielen*","from":[1.9272,1.3472,18.5712],"to":[3.0096,1.808,20.8752],"faces":{"north":{"uv":[0.968,15.64,0.032,15.968],"texture":"#anvil"},"east":{"uv":[15.968,15.64,14.2,15.968],"texture":"#anvil"},"south":{"uv":[15.58,15.64,14.5,15.968],"texture":"#anvil"},"west":{"uv":[1.8,15.64,0.032,15.968],"texture":"#anvil"},"up":{"uv":[15.58,14.2,14.5,15.968],"texture":"#anvil"},"down":{"uv":[2.58,14.2,1.5,15.968],"texture":"#anvil"}}},{"name":"wielen*","from":[1.9272,1.808,-0.1248],"to":[3.0096,4.112,0.336],"faces":{"north":{"uv":[1.3824,13.5,0.032,15.804],"texture":"#anvil"},"east":{"uv":[15.968,13.5,15.5392,15.804],"texture":"#anvil"},"south":{"uv":[15.8824,13.5,14.5,15.804],"texture":"#anvil"},"west":{"uv":[0.4608,13.5,0.032,15.804],"texture":"#anvil"},"up":{"uv":[15.8824,15.5392,14.5,15.968],"texture":"#anvil"},"down":{"uv":[2.8824,15.5392,1.5,15.968],"texture":"#anvil"}}},{"name":"wielen*","from":[1.9272,4.112,-2.4288],"to":[3.0096,4.5728,-0.1248],"faces":{"north":{"uv":[1.3824,13.032,0.032,13.4608],"texture":"#anvil"},"east":{"uv":[15.968,13.032,13.696,13.4608],"texture":"#anvil"},"south":{"uv":[15.8824,13.032,14.5,13.4608],"texture":"#anvil"},"west":{"uv":[2.304,13.032,0.032,13.4608],"texture":"#anvil"},"up":{"uv":[15.8824,13.696,14.5,15.968],"texture":"#anvil"},"down":{"uv":[2.8824,13.696,1.5,15.968],"texture":"#anvil"}}},{"name":"wieldop","from":[1.6272,1.808,-2.4288],"to":[3.0096,4.112,-0.1248],"faces":{"north":{"uv":[9.30391,6.032,6.032,9.30391],"texture":"#wielen inner"},"east":{"uv":[9.30391,6.032,6.032,9.30391],"texture":"#wielen inner"},"south":{"uv":[9.30391,6.032,6.032,9.30391],"texture":"#wielen inner"},"west":{"uv":[9.30391,6.032,6.032,9.30391],"texture":"#wielen inner"},"up":{"uv":[9.30391,6.032,6.032,9.30391],"texture":"#wielen inner"},"down":{"uv":[9.30391,6.032,6.032,9.30391],"texture":"#wielen inner"}}},{"name":"wielen*","from":[1.9272,1.808,-2.8896],"to":[3.0096,4.112,-2.4288],"faces":{"north":{"uv":[1.3824,13.5,0.032,15.804],"texture":"#anvil"},"east":{"uv":[15.968,13.5,15.5392,15.804],"texture":"#anvil"},"south":{"uv":[15.8824,13.5,14.5,15.804],"texture":"#anvil"},"west":{"uv":[0.4608,13.5,0.032,15.804],"texture":"#anvil"},"up":{"uv":[15.8824,15.5392,14.5,15.968],"texture":"#anvil"},"down":{"uv":[2.8824,15.5392,1.5,15.968],"texture":"#anvil"}}},{"name":"wielkast*","from":[1.1664,2.2688,-5.6544],"to":[1.6272,3.6512,-1.0464],"faces":{"north":{"uv":[0.4608,14.032,0.032,15.3824],"texture":"#stone_slab_top"},"east":{"uv":[15.968,14.032,11.392,15.3824],"texture":"#stone_slab_top"},"south":{"uv":[15.968,14.032,15.5392,15.3824],"texture":"#stone_slab_top"},"west":{"uv":[4.608,14.032,0.032,15.3824],"texture":"#stone_slab_top"},"up":{"uv":[15.968,11.392,15.5392,15.968],"texture":"#stone_slab_top"},"down":{"uv":[0.4608,11.392,0.032,15.968],"texture":"#stone_slab_top"}}},{"name":"wielen*","from":[1.9272,1.3472,-2.4288],"to":[3.0096,1.808,-0.1248],"faces":{"north":{"uv":[1.3824,15.5392,0.032,15.968],"texture":"#anvil"},"east":{"uv":[15.968,15.5392,13.696,15.968],"texture":"#anvil"},"south":{"uv":[15.8824,15.5392,14.5,15.968],"texture":"#anvil"},"west":{"uv":[2.304,15.5392,0.032,15.968],"texture":"#anvil"},"up":{"uv":[15.8824,13.696,14.5,15.968],"texture":"#anvil"},"down":{"uv":[2.8824,13.696,1.5,15.968],"texture":"#anvil"}}},{"name":"wielkast*","from":[1.1664,3.6512,-3.8112],"to":[2.088,5.4944,-2.8896],"faces":{"north":{"uv":[15.968,11.5,15.0784,13.3432],"texture":"#stone_slab_top"},"east":{"uv":[15.968,11.5,15.0784,13.3432],"texture":"#stone_slab_top"},"south":{"uv":[0.9216,11.5,0.032,13.3432],"texture":"#stone_slab_top"},"west":{"uv":[0.9216,11.5,0.032,13.3432],"texture":"#stone_slab_top"},"up":{"uv":[0.9216,15.0784,0.032,15.968],"texture":"#stone_slab_top"},"down":{"uv":[15.968,15.0784,15.0784,15.968],"texture":"#stone_slab_top"}}},{"name":"wielen*","from":[1.9272,1.808,-4.272],"to":[3.0096,4.112,-3.8112],"faces":{"north":{"uv":[1.3824,13.5,0.032,15.804],"texture":"#anvil"},"east":{"uv":[15.968,13.5,15.5392,15.804],"texture":"#anvil"},"south":{"uv":[15.8824,13.5,14.5,15.804],"texture":"#anvil"},"west":{"uv":[0.4608,13.5,0.032,15.804],"texture":"#anvil"},"up":{"uv":[15.8824,15.5392,14.5,15.968],"texture":"#anvil"},"down":{"uv":[2.8824,15.5392,1.5,15.968],"texture":"#anvil"}}},{"name":"wielen*","from":[1.9272,4.112,-6.576],"to":[3.0096,4.5728,-4.272],"faces":{"north":{"uv":[1.3824,13.032,0.032,13.4608],"texture":"#anvil"},"east":{"uv":[15.968,13.032,13.696,13.4608],"texture":"#anvil"},"south":{"uv":[15.8824,13.032,14.5,13.4608],"texture":"#anvil"},"west":{"uv":[2.304,13.032,0.032,13.4608],"texture":"#anvil"},"up":{"uv":[15.8824,13.696,14.5,15.968],"texture":"#anvil"},"down":{"uv":[2.8824,13.696,1.5,15.968],"texture":"#anvil"}}},{"name":"wielen*","from":[1.9272,1.808,-7.0368],"to":[3.0096,4.112,-6.576],"faces":{"north":{"uv":[1.3824,13.5,0.032,15.804],"texture":"#anvil"},"east":{"uv":[15.968,13.5,15.5392,15.804],"texture":"#anvil"},"south":{"uv":[15.8824,13.5,14.5,15.804],"texture":"#anvil"},"west":{"uv":[0.4608,13.5,0.032,15.804],"texture":"#anvil"},"up":{"uv":[15.8824,15.5392,14.5,15.968],"texture":"#anvil"},"down":{"uv":[2.8824,15.5392,1.5,15.968],"texture":"#anvil"}}},{"name":"wielen*","from":[1.9272,1.3472,-6.576],"to":[3.0096,1.808,-4.272],"faces":{"north":{"uv":[1.3824,15.5392,0.032,15.968],"texture":"#anvil"},"east":{"uv":[15.968,15.5392,13.696,15.968],"texture":"#anvil"},"south":{"uv":[15.8824,15.5392,14.5,15.968],"texture":"#anvil"},"west":{"uv":[2.304,15.5392,0.032,15.968],"texture":"#anvil"},"up":{"uv":[15.8824,13.696,14.5,15.968],"texture":"#anvil"},"down":{"uv":[2.8824,13.696,1.5,15.968],"texture":"#anvil"}}},{"name":"wieldop","from":[1.6272,1.808,-6.576],"to":[3.0096,4.112,-4.272],"faces":{"north":{"uv":[9.30391,6.032,6.032,9.30391],"texture":"#wielen inner"},"east":{"uv":[9.30391,6.032,6.032,9.30391],"texture":"#wielen inner"},"south":{"uv":[9.30391,6.032,6.032,9.30391],"texture":"#wielen inner"},"west":{"uv":[9.30391,6.032,6.032,9.30391],"texture":"#wielen inner"},"up":{"uv":[9.30391,6.032,6.032,9.30391],"texture":"#wielen inner"},"down":{"uv":[9.30391,6.032,6.032,9.30391],"texture":"#wielen inner"}}},{"name":"kar*","from":[15.56,6.2,-8.36],"to":[15.92,7.86,7.58],"faces":{"north":{"uv":[0.032,8.032,15.93984,8.968],"texture":"#0"},"east":{"uv":[0.032,8.032,15.93984,8.968],"texture":"#0"},"south":{"uv":[0.032,8.032,15.93984,8.968],"texture":"#0"},"west":{"uv":[0.032,8.032,15.93984,8.968],"texture":"#0"},"up":{"uv":[0.032,8.032,15.93984,8.968],"texture":"#0"},"down":{"uv":[0.032,8.032,15.93984,8.968],"texture":"#0"}}},{"name":"kar*","from":[0.08,6.2,-8.36],"to":[0.44,7.86,7.58],"faces":{"north":{"uv":[15.93984,8.032,0.032,8.968],"texture":"#0"},"east":{"uv":[15.93984,8.032,0.032,8.968],"texture":"#0"},"south":{"uv":[15.93984,8.032,0.032,8.968],"texture":"#0"},"west":{"uv":[15.93984,8.032,0.032,8.968],"texture":"#0"},"up":{"uv":[15.93984,8.032,0.032,8.968],"texture":"#0"},"down":{"uv":[15.93984,8.032,0.032,8.968],"texture":"#0"}}},{"name":"kar*","from":[0.08,6.2,7.18],"to":[0.44,7.86,22.92],"faces":{"north":{"uv":[15.93984,8.032,0.032,8.968],"texture":"#0"},"east":{"uv":[15.93984,8.032,0.032,8.968],"texture":"#0"},"south":{"uv":[15.93984,8.032,0.032,8.968],"texture":"#0"},"west":{"uv":[15.93984,8.032,0.032,8.968],"texture":"#0"},"up":{"uv":[15.93984,8.032,0.032,8.968],"texture":"#0"},"down":{"uv":[15.93984,8.032,0.032,8.968],"texture":"#0"}}},{"name":"balk*","from":[0.8,7.48,-7.84],"to":[16.28,8.56,22.76],"faces":{"north":{"uv":[0.032,10.032,15.48,10.968],"texture":"#red_terracotta"},"east":{"uv":[0.032,10.032,15.968,10.968],"texture":"#red_terracotta"},"south":{"uv":[0.032,10.032,15.48,10.968],"texture":"#red_terracotta"},"west":{"uv":[0.032,10.032,15.968,10.968],"texture":"#red_terracotta"},"up":{"uv":[0.032,0.032,15.48,15.968],"texture":"#red_terracotta"},"down":{"uv":[0.032,0.032,15.48,15.968],"texture":"#red_terracotta"}}},{"name":"balk*","from":[-0.28,7.48,22.76],"to":[16.28,8.56,23.84],"faces":{"north":{"uv":[0.032,0.032,15.968,0.968],"texture":"#red_terracotta"},"east":{"uv":[0.5,0.032,1.58,0.968],"texture":"#red_terracotta"},"south":{"uv":[0.032,0.032,15.968,0.968],"texture":"#red_terracotta"},"west":{"uv":[0.5,0.032,1.58,0.968],"texture":"#red_terracotta"},"up":{"uv":[0.032,0.5,15.968,1.58],"texture":"#red_terracotta"},"down":{"uv":[0.032,0.5,15.968,1.58],"texture":"#red_terracotta"}}},{"name":"balk*","from":[-0.28,7.48,-7.84],"to":[0.8,8.56,22.76],"faces":{"north":{"uv":[0.032,10.032,0.968,10.968],"texture":"#red_terracotta"},"east":{"uv":[0.032,10.032,15.968,10.968],"texture":"#red_terracotta"},"south":{"uv":[0.032,10.032,0.968,10.968],"texture":"#red_terracotta"},"west":{"uv":[0.032,10.032,15.968,10.968],"texture":"#red_terracotta"},"up":{"uv":[0.032,0.032,0.968,15.968],"texture":"#red_terracotta"},"down":{"uv":[0.032,0.032,0.968,15.968],"texture":"#red_terracotta"}}},{"name":"balk*","from":[-0.28,7.48,-8.92],"to":[16.28,8.56,-7.84],"faces":{"north":{"uv":[0.032,0.032,15.968,0.968],"texture":"#red_terracotta"},"east":{"uv":[0.5,0.032,1.58,0.968],"texture":"#red_terracotta"},"south":{"uv":[0.032,0.032,15.968,0.968],"texture":"#red_terracotta"},"west":{"uv":[0.5,0.032,1.58,0.968],"texture":"#red_terracotta"},"up":{"uv":[0.032,0.5,15.968,1.58],"texture":"#red_terracotta"},"down":{"uv":[0.032,0.5,15.968,1.58],"texture":"#red_terracotta"}}},{"name":"kar*","from":[0.08,6.2,22.92],"to":[15.92,7.86,23.28],"rotation":{"angle":0,"axis":"y","origin":[7.95,7.03,23.1]},"faces":{"north":{"uv":[0.032,8.032,15.93984,8.968],"texture":"#0"},"east":{"uv":[0.032,8.032,15.93984,8.968],"texture":"#0"},"south":{"uv":[0.032,8.032,15.93984,8.968],"texture":"#0"},"west":{"uv":[0.032,8.032,15.93984,8.968],"texture":"#0"},"up":{"uv":[0.032,8.032,15.93984,8.968],"rotation":90,"texture":"#0"},"down":{"uv":[0.032,8.032,15.93984,8.968],"rotation":270,"texture":"#0"}}},{"name":"kar*","from":[0.08,6.2,-8.72],"to":[15.92,7.86,-8.36],"rotation":{"angle":0,"axis":"y","origin":[7.95,7.03,-8.54]},"faces":{"north":{"uv":[15.93984,8.032,0.032,8.968],"texture":"#0"},"east":{"uv":[15.93984,8.032,0.032,8.968],"texture":"#0"},"south":{"uv":[15.93984,8.032,0.032,8.968],"texture":"#0"},"west":{"uv":[15.93984,8.032,0.032,8.968],"texture":"#0"},"up":{"uv":[15.93984,8.032,0.032,8.968],"rotation":90,"texture":"#0"},"down":{"uv":[15.93984,8.032,0.032,8.968],"rotation":270,"texture":"#0"}}},{"name":"balk*","from":[11.97249,7.72307,22.66],"to":[13.05249,18.28307,23.74],"rotation":{"angle":22.5,"axis":"z","origin":[12.51249,16.00307,23.2]},"faces":{"north":{"uv":[0.032,0.032,10.56,0.968],"rotation":270,"texture":"#red_terracotta"},"east":{"uv":[0.032,0.5,10.56,1.58],"rotation":90,"texture":"#red_terracotta"},"south":{"uv":[0.032,0.032,10.56,0.968],"rotation":90,"texture":"#red_terracotta"},"west":{"uv":[0.032,0.5,10.56,1.58],"rotation":90,"texture":"#red_terracotta"},"up":{"uv":[0.5,0.032,1.58,0.968],"rotation":90,"texture":"#red_terracotta"},"down":{"uv":[0.5,0.032,1.58,0.968],"rotation":90,"texture":"#red_terracotta"}}},{"name":"balk*","from":[9.86482,19.00653,22.66],"to":[12.42482,20.08653,23.74],"rotation":{"angle":-45,"axis":"z","origin":[10.14482,19.54653,23.2]},"faces":{"north":{"uv":[0.032,0.032,2.56,0.968],"texture":"#red_terracotta"},"east":{"uv":[0.5,0.032,1.58,0.968],"texture":"#red_terracotta"},"south":{"uv":[0.032,0.032,2.56,0.968],"texture":"#red_terracotta"},"west":{"uv":[0.5,0.032,1.58,0.968],"texture":"#red_terracotta"},"up":{"uv":[0.032,0.5,2.56,1.58],"texture":"#red_terracotta"},"down":{"uv":[0.032,0.5,2.56,1.58],"texture":"#red_terracotta"}}},{"name":"balk*","from":[9.03557,19.95998,22.66],"to":[10.29557,21.03998,23.74],"rotation":{"angle":-22.5,"axis":"z","origin":[8.01557,20.49998,23.2]},"faces":{"north":{"uv":[0.032,0.032,1.26,0.968],"texture":"#red_terracotta"},"east":{"uv":[0.5,0.032,1.58,0.968],"texture":"#red_terracotta"},"south":{"uv":[0.032,0.032,1.26,0.968],"texture":"#red_terracotta"},"west":{"uv":[0.5,0.032,1.58,0.968],"texture":"#red_terracotta"},"up":{"uv":[0.032,0.5,1.26,1.58],"texture":"#red_terracotta"},"down":{"uv":[0.032,0.5,1.26,1.58],"texture":"#red_terracotta"}}},{"name":"balk*","from":[2.94751,7.72307,22.66],"to":[4.02751,18.28307,23.74],"rotation":{"angle":-22.5,"axis":"z","origin":[3.48751,16.00307,23.2]},"faces":{"north":{"uv":[10.56,0.032,0.032,0.968],"rotation":270,"texture":"#red_terracotta"},"east":{"uv":[10.56,0.5,0.032,1.58],"rotation":90,"texture":"#red_terracotta"},"south":{"uv":[10.56,0.032,0.032,0.968],"rotation":90,"texture":"#red_terracotta"},"west":{"uv":[10.56,0.5,0.032,1.58],"rotation":90,"texture":"#red_terracotta"},"up":{"uv":[1.58,0.032,0.5,0.968],"rotation":90,"texture":"#red_terracotta"},"down":{"uv":[1.58,0.032,0.5,0.968],"rotation":90,"texture":"#red_terracotta"}}},{"name":"balk*","from":[3.57518,19.00653,22.66],"to":[6.13518,20.08653,23.74],"rotation":{"angle":45,"axis":"z","origin":[5.85518,19.54653,23.2]},"faces":{"north":{"uv":[2.56,0.032,0.032,0.968],"texture":"#red_terracotta"},"east":{"uv":[1.58,0.032,0.5,0.968],"texture":"#red_terracotta"},"south":{"uv":[2.56,0.032,0.032,0.968],"texture":"#red_terracotta"},"west":{"uv":[1.58,0.032,0.5,0.968],"texture":"#red_terracotta"},"up":{"uv":[2.56,0.5,0.032,1.58],"texture":"#red_terracotta"},"down":{"uv":[2.56,0.5,0.032,1.58],"texture":"#red_terracotta"}}},{"name":"balk*","from":[5.70443,19.95998,22.66],"to":[6.96443,21.03998,23.74],"rotation":{"angle":22.5,"axis":"z","origin":[7.98443,20.49998,23.2]},"faces":{"north":{"uv":[1.26,0.032,0.032,0.968],"texture":"#red_terracotta"},"east":{"uv":[1.58,0.032,0.5,0.968],"texture":"#red_terracotta"},"south":{"uv":[1.26,0.032,0.032,0.968],"texture":"#red_terracotta"},"west":{"uv":[1.58,0.032,0.5,0.968],"texture":"#red_terracotta"},"up":{"uv":[1.26,0.5,0.032,1.58],"texture":"#red_terracotta"},"down":{"uv":[1.26,0.5,0.032,1.58],"texture":"#red_terracotta"}}},{"name":"balk*","from":[6.83542,19.52854,22.66],"to":[9.16458,20.60854,23.74],"rotation":{"angle":0,"axis":"z","origin":[5.81542,20.06854,23.2]},"faces":{"north":{"uv":[0.032,0.032,1.26,0.968],"texture":"#red_terracotta"},"east":{"uv":[0.5,0.032,1.58,0.968],"texture":"#red_terracotta"},"south":{"uv":[0.032,0.032,1.26,0.968],"texture":"#red_terracotta"},"west":{"uv":[0.5,0.032,1.58,0.968],"texture":"#red_terracotta"},"up":{"uv":[0.032,0.5,1.26,1.58],"texture":"#red_terracotta"},"down":{"uv":[0.032,0.5,1.26,1.58],"texture":"#red_terracotta"}}},{"name":"kar*","from":[0.58,8.5,22.82],"to":[15.42,10.16,23.58],"rotation":{"angle":0,"axis":"y","origin":[7.95,9.33,23.1]},"faces":{"north":{"uv":[0.032,8.032,15.93984,8.968],"texture":"#0"},"east":{"uv":[0.032,8.032,15.93984,8.968],"texture":"#0"},"south":{"uv":[0.032,8.032,15.93984,8.968],"texture":"#0"},"west":{"uv":[0.032,8.032,15.93984,8.968],"texture":"#0"},"up":{"uv":[0.032,8.032,15.93984,8.968],"rotation":90,"texture":"#0"},"down":{"uv":[0.032,8.032,15.93984,8.968],"rotation":270,"texture":"#0"}}},{"name":"kar*","from":[1.18,10.1,22.82],"to":[14.82,11.76,23.58],"rotation":{"angle":0,"axis":"y","origin":[7.95,10.93,23.1]},"faces":{"north":{"uv":[0.032,8.032,15.93984,8.968],"texture":"#0"},"east":{"uv":[0.032,8.032,15.93984,8.968],"texture":"#0"},"south":{"uv":[0.032,8.032,15.93984,8.968],"texture":"#0"},"west":{"uv":[0.032,8.032,15.93984,8.968],"texture":"#0"},"up":{"uv":[0.032,8.032,15.93984,8.968],"rotation":90,"texture":"#0"},"down":{"uv":[0.032,8.032,15.93984,8.968],"rotation":270,"texture":"#0"}}},{"name":"kar*","from":[1.88,11.75,22.82],"to":[14.12,13.41,23.58],"rotation":{"angle":0,"axis":"y","origin":[7.95,12.58,23.1]},"faces":{"north":{"uv":[0.032,8.032,15.93984,8.968],"texture":"#0"},"east":{"uv":[0.032,8.032,15.93984,8.968],"texture":"#0"},"south":{"uv":[0.032,8.032,15.93984,8.968],"texture":"#0"},"west":{"uv":[0.032,8.032,15.93984,8.968],"texture":"#0"},"up":{"uv":[0.032,8.032,15.93984,8.968],"rotation":90,"texture":"#0"},"down":{"uv":[0.032,8.032,15.93984,8.968],"rotation":270,"texture":"#0"}}},{"name":"kar*","from":[2.58,13.375,22.82],"to":[13.42,15.035,23.58],"rotation":{"angle":0,"axis":"y","origin":[7.95,14.205,23.1]},"faces":{"north":{"uv":[0.032,8.032,15.93984,8.968],"texture":"#0"},"east":{"uv":[0.032,8.032,15.93984,8.968],"texture":"#0"},"south":{"uv":[0.032,8.032,15.93984,8.968],"texture":"#0"},"west":{"uv":[0.032,8.032,15.93984,8.968],"texture":"#0"},"up":{"uv":[0.032,8.032,15.93984,8.968],"rotation":90,"texture":"#0"},"down":{"uv":[0.032,8.032,15.93984,8.968],"rotation":270,"texture":"#0"}}},{"name":"kar*","from":[3.28,14.975,22.82],"to":[12.72,16.635,23.58],"rotation":{"angle":0,"axis":"y","origin":[7.95,15.805,23.1]},"faces":{"north":{"uv":[0.032,8.032,15.93984,8.968],"texture":"#0"},"east":{"uv":[0.032,8.032,15.93984,8.968],"texture":"#0"},"south":{"uv":[0.032,8.032,15.93984,8.968],"texture":"#0"},"west":{"uv":[0.032,8.032,15.93984,8.968],"texture":"#0"},"up":{"uv":[0.032,8.032,15.93984,8.968],"rotation":90,"texture":"#0"},"down":{"uv":[0.032,8.032,15.93984,8.968],"rotation":270,"texture":"#0"}}},{"name":"kar*","from":[3.88,16.575,22.82],"to":[12.12,18.235,23.58],"rotation":{"angle":0,"axis":"y","origin":[7.95,17.405,23.1]},"faces":{"north":{"uv":[0.032,8.032,15.93984,8.968],"texture":"#0"},"east":{"uv":[0.032,8.032,15.93984,8.968],"texture":"#0"},"south":{"uv":[0.032,8.032,15.93984,8.968],"texture":"#0"},"west":{"uv":[0.032,8.032,15.93984,8.968],"texture":"#0"},"up":{"uv":[0.032,8.032,15.93984,8.968],"rotation":90,"texture":"#0"},"down":{"uv":[0.032,8.032,15.93984,8.968],"rotation":270,"texture":"#0"}}},{"name":"kar*","from":[5.08,18.175,22.82],"to":[11.02,19.335,23.58],"rotation":{"angle":0,"axis":"y","origin":[7.95,19.005,23.1]},"faces":{"north":{"uv":[0.032,8.032,15.93984,8.968],"texture":"#0"},"east":{"uv":[0.032,8.032,15.93984,8.968],"texture":"#0"},"south":{"uv":[0.032,8.032,15.93984,8.968],"texture":"#0"},"west":{"uv":[0.032,8.032,15.93984,8.968],"texture":"#0"},"up":{"uv":[0.032,8.032,15.93984,8.968],"rotation":90,"texture":"#0"},"down":{"uv":[0.032,8.032,15.93984,8.968],"rotation":270,"texture":"#0"}}},{"name":"kar*","from":[5.98,19.275,22.82],"to":[10.12,20.135,23.58],"rotation":{"angle":0,"axis":"y","origin":[7.95,20.105,23.1]},"faces":{"north":{"uv":[0.032,8.032,15.93984,8.968],"texture":"#0"},"east":{"uv":[0.032,8.032,15.93984,8.968],"texture":"#0"},"south":{"uv":[0.032,8.032,15.93984,8.968],"texture":"#0"},"west":{"uv":[0.032,8.032,15.93984,8.968],"texture":"#0"},"up":{"uv":[0.032,8.032,15.93984,8.968],"rotation":90,"texture":"#0"},"down":{"uv":[0.032,8.032,15.93984,8.968],"rotation":270,"texture":"#0"}}},{"name":"balk*","from":[11.97249,7.72307,-8.84],"to":[13.05249,18.28307,-7.76],"rotation":{"angle":22.5,"axis":"z","origin":[12.51249,16.00307,-8.3]},"faces":{"north":{"uv":[5.44,0.032,15.968,0.968],"rotation":90,"texture":"#red_terracotta"},"east":{"uv":[5.44,0.5,15.968,1.58],"rotation":90,"texture":"#red_terracotta"},"south":{"uv":[5.44,0.032,15.968,0.968],"rotation":270,"texture":"#red_terracotta"},"west":{"uv":[5.44,0.5,15.968,1.58],"rotation":90,"texture":"#red_terracotta"},"up":{"uv":[0.5,1.08,1.58,2.16],"rotation":90,"texture":"#red_terracotta"},"down":{"uv":[0.5,1.08,1.58,2.16],"rotation":90,"texture":"#red_terracotta"}}},{"name":"kar*","from":[5.98,19.275,-8.68],"to":[10.12,20.135,-7.92],"rotation":{"angle":0,"axis":"y","origin":[7.95,20.105,-8.2]},"faces":{"north":{"uv":[15.93984,8.032,0.032,8.968],"texture":"#0"},"east":{"uv":[15.93984,8.032,0.032,8.968],"texture":"#0"},"south":{"uv":[15.93984,8.032,0.032,8.968],"texture":"#0"},"west":{"uv":[15.93984,8.032,0.032,8.968],"texture":"#0"},"up":{"uv":[0.032,8.968,15.93984,8.032],"rotation":90,"texture":"#0"},"down":{"uv":[0.032,8.968,15.93984,8.032],"rotation":270,"texture":"#0"}}},{"name":"balk*","from":[9.86482,19.00653,-8.84],"to":[12.42482,20.08653,-7.76],"rotation":{"angle":-45,"axis":"z","origin":[10.14482,19.54653,-8.3]},"faces":{"north":{"uv":[2.56,0.032,5.12,0.968],"texture":"#red_terracotta"},"east":{"uv":[1.58,0.032,2.66,0.968],"texture":"#red_terracotta"},"south":{"uv":[2.56,0.032,5.12,0.968],"texture":"#red_terracotta"},"west":{"uv":[1.58,0.032,2.66,0.968],"texture":"#red_terracotta"},"up":{"uv":[0.032,1.58,2.56,2.66],"texture":"#red_terracotta"},"down":{"uv":[0.032,1.58,2.56,2.66],"texture":"#red_terracotta"}}},{"name":"balk*","from":[9.03557,19.95998,-8.84],"to":[10.29557,21.03998,-7.76],"rotation":{"angle":-22.5,"axis":"z","origin":[8.01557,20.49998,-8.3]},"faces":{"north":{"uv":[1.26,0.032,2.52,0.968],"texture":"#red_terracotta"},"east":{"uv":[1.58,0.032,2.66,0.968],"texture":"#red_terracotta"},"south":{"uv":[1.26,0.032,2.52,0.968],"texture":"#red_terracotta"},"west":{"uv":[1.58,0.032,2.66,0.968],"texture":"#red_terracotta"},"up":{"uv":[0.032,1.58,1.26,2.66],"texture":"#red_terracotta"},"down":{"uv":[0.032,1.58,1.26,2.66],"texture":"#red_terracotta"}}},{"name":"balk*","from":[6.83542,19.52854,-8.84],"to":[9.16458,20.60854,-7.76],"rotation":{"angle":0,"axis":"z","origin":[5.81542,20.06854,-8.3]},"faces":{"north":{"uv":[1.26,0.032,3.58916,0.968],"texture":"#red_terracotta"},"east":{"uv":[1.58,0.032,2.66,0.968],"texture":"#red_terracotta"},"south":{"uv":[1.26,0.032,3.58916,0.968],"texture":"#red_terracotta"},"west":{"uv":[1.58,0.032,2.66,0.968],"texture":"#red_terracotta"},"up":{"uv":[0.032,1.58,2.32916,2.66],"texture":"#red_terracotta"},"down":{"uv":[0.032,1.58,2.32916,2.66],"texture":"#red_terracotta"}}},{"name":"balk*","from":[3.57518,19.00653,-8.84],"to":[6.13518,20.08653,-7.76],"rotation":{"angle":45,"axis":"z","origin":[5.85518,19.54653,-8.3]},"faces":{"north":{"uv":[0.032,0.032,2.56,0.968],"texture":"#red_terracotta"},"east":{"uv":[0.5,0.032,1.58,0.968],"texture":"#red_terracotta"},"south":{"uv":[0.032,0.032,2.56,0.968],"texture":"#red_terracotta"},"west":{"uv":[0.5,0.032,1.58,0.968],"texture":"#red_terracotta"},"up":{"uv":[2.56,1.58,5.12,2.66],"texture":"#red_terracotta"},"down":{"uv":[2.56,1.58,5.12,2.66],"texture":"#red_terracotta"}}},{"name":"balk*","from":[5.70443,19.95998,-8.84],"to":[6.96443,21.03998,-7.76],"rotation":{"angle":22.5,"axis":"z","origin":[7.98443,20.49998,-8.3]},"faces":{"north":{"uv":[0.032,0.032,1.26,0.968],"texture":"#red_terracotta"},"east":{"uv":[0.5,0.032,1.58,0.968],"texture":"#red_terracotta"},"south":{"uv":[0.032,0.032,1.26,0.968],"texture":"#red_terracotta"},"west":{"uv":[0.5,0.032,1.58,0.968],"texture":"#red_terracotta"},"up":{"uv":[1.26,1.58,2.52,2.66],"texture":"#red_terracotta"},"down":{"uv":[1.26,1.58,2.52,2.66],"texture":"#red_terracotta"}}},{"name":"balk*","from":[2.94751,7.72307,-8.84],"to":[4.02751,18.28307,-7.76],"rotation":{"angle":-22.5,"axis":"z","origin":[3.48751,16.00307,-8.3]},"faces":{"north":{"uv":[0.032,0.032,10.56,0.968],"rotation":90,"texture":"#red_terracotta"},"east":{"uv":[0.032,0.5,10.56,1.58],"rotation":90,"texture":"#red_terracotta"},"south":{"uv":[0.032,0.032,10.56,0.968],"rotation":270,"texture":"#red_terracotta"},"west":{"uv":[0.032,0.5,10.56,1.58],"rotation":90,"texture":"#red_terracotta"},"up":{"uv":[1.58,1.08,2.66,2.16],"rotation":90,"texture":"#red_terracotta"},"down":{"uv":[1.58,1.08,2.66,2.16],"rotation":90,"texture":"#red_terracotta"}}},{"name":"kar*","from":[0.58,8.5,-8.68],"to":[15.42,10.16,-7.92],"rotation":{"angle":0,"axis":"y","origin":[7.95,9.33,-8.2]},"faces":{"north":{"uv":[15.93984,8.032,0.032,8.968],"texture":"#0"},"east":{"uv":[15.93984,8.032,0.032,8.968],"texture":"#0"},"south":{"uv":[15.93984,8.032,0.032,8.968],"texture":"#0"},"west":{"uv":[15.93984,8.032,0.032,8.968],"texture":"#0"},"up":{"uv":[0.032,8.968,15.93984,8.032],"rotation":90,"texture":"#0"},"down":{"uv":[0.032,8.968,15.93984,8.032],"rotation":270,"texture":"#0"}}},{"name":"kar*","from":[1.18,10.1,-8.68],"to":[14.82,11.76,-7.92],"rotation":{"angle":0,"axis":"y","origin":[7.95,10.93,-8.2]},"faces":{"north":{"uv":[15.93984,8.032,0.032,8.968],"texture":"#0"},"east":{"uv":[15.93984,8.032,0.032,8.968],"texture":"#0"},"south":{"uv":[15.93984,8.032,0.032,8.968],"texture":"#0"},"west":{"uv":[15.93984,8.032,0.032,8.968],"texture":"#0"},"up":{"uv":[0.032,8.968,15.93984,8.032],"rotation":90,"texture":"#0"},"down":{"uv":[0.032,8.968,15.93984,8.032],"rotation":270,"texture":"#0"}}},{"name":"kar*","from":[1.88,11.75,-8.68],"to":[14.12,13.41,-7.92],"rotation":{"angle":0,"axis":"y","origin":[7.95,12.58,-8.2]},"faces":{"north":{"uv":[15.93984,8.032,0.032,8.968],"texture":"#0"},"east":{"uv":[15.93984,8.032,0.032,8.968],"texture":"#0"},"south":{"uv":[15.93984,8.032,0.032,8.968],"texture":"#0"},"west":{"uv":[15.93984,8.032,0.032,8.968],"texture":"#0"},"up":{"uv":[0.032,8.968,15.93984,8.032],"rotation":90,"texture":"#0"},"down":{"uv":[0.032,8.968,15.93984,8.032],"rotation":270,"texture":"#0"}}},{"name":"kar*","from":[2.58,13.375,-8.68],"to":[13.42,15.035,-7.92],"rotation":{"angle":0,"axis":"y","origin":[7.95,14.205,-8.2]},"faces":{"north":{"uv":[15.93984,8.032,0.032,8.968],"texture":"#0"},"east":{"uv":[15.93984,8.032,0.032,8.968],"texture":"#0"},"south":{"uv":[15.93984,8.032,0.032,8.968],"texture":"#0"},"west":{"uv":[15.93984,8.032,0.032,8.968],"texture":"#0"},"up":{"uv":[0.032,8.968,15.93984,8.032],"rotation":90,"texture":"#0"},"down":{"uv":[0.032,8.968,15.93984,8.032],"rotation":270,"texture":"#0"}}},{"name":"kar*","from":[3.28,14.975,-8.68],"to":[12.72,16.635,-7.92],"rotation":{"angle":0,"axis":"y","origin":[7.95,15.805,-8.2]},"faces":{"north":{"uv":[15.93984,8.032,0.032,8.968],"texture":"#0"},"east":{"uv":[15.93984,8.032,0.032,8.968],"texture":"#0"},"south":{"uv":[15.93984,8.032,0.032,8.968],"texture":"#0"},"west":{"uv":[15.93984,8.032,0.032,8.968],"texture":"#0"},"up":{"uv":[0.032,8.968,15.93984,8.032],"rotation":90,"texture":"#0"},"down":{"uv":[0.032,8.968,15.93984,8.032],"rotation":270,"texture":"#0"}}},{"name":"kar*","from":[3.88,16.575,-8.68],"to":[12.12,18.235,-7.92],"rotation":{"angle":0,"axis":"y","origin":[7.95,17.405,-8.2]},"faces":{"north":{"uv":[15.93984,8.032,0.032,8.968],"texture":"#0"},"east":{"uv":[15.93984,8.032,0.032,8.968],"texture":"#0"},"south":{"uv":[15.93984,8.032,0.032,8.968],"texture":"#0"},"west":{"uv":[15.93984,8.032,0.032,8.968],"texture":"#0"},"up":{"uv":[0.032,8.968,15.93984,8.032],"rotation":90,"texture":"#0"},"down":{"uv":[0.032,8.968,15.93984,8.032],"rotation":270,"texture":"#0"}}},{"name":"kar*","from":[5.08,18.175,-8.68],"to":[11.02,19.335,-7.92],"rotation":{"angle":0,"axis":"y","origin":[7.95,19.005,-8.2]},"faces":{"north":{"uv":[15.93984,8.032,0.032,8.968],"texture":"#0"},"east":{"uv":[15.93984,8.032,0.032,8.968],"texture":"#0"},"south":{"uv":[15.93984,8.032,0.032,8.968],"texture":"#0"},"west":{"uv":[15.93984,8.032,0.032,8.968],"texture":"#0"},"up":{"uv":[0.032,8.968,15.93984,8.032],"rotation":90,"texture":"#0"},"down":{"uv":[0.032,8.968,15.93984,8.032],"rotation":270,"texture":"#0"}}},{"name":"balk*","from":[12.44918,12.16696,-7.1568],"to":[13.65878,23.99416,22.0528],"rotation":{"angle":-22.5,"axis":"z","origin":[13.05398,14.72056,-6.552]},"faces":{"north":{"uv":[5.44,1.08,15.968,2.16],"rotation":270,"texture":"#anvil"},"east":{"uv":[5.44,1.08,15.968,2.16],"rotation":270,"texture":"#anvil"},"south":{"uv":[5.44,1.08,15.968,2.16],"rotation":270,"texture":"#anvil"},"west":{"uv":[5.44,1.08,15.968,2.16],"rotation":270,"texture":"#anvil"},"up":{"uv":[5.44,1.08,15.968,2.16],"rotation":270,"texture":"#anvil"},"down":{"uv":[5.44,1.08,15.968,2.16],"rotation":270,"texture":"#anvil"}}},{"name":"kar*","from":[5.7376,10.0928,-6.9776],"to":[10.3744,11.056,-6.1264],"rotation":{"angle":0,"axis":"y","origin":[7.944,10.1264,-6.44]},"faces":{"north":{"uv":[0.032,9.032,15.968,10.8592],"texture":"#anvil"},"east":{"uv":[0.032,9.032,15.968,10.8592],"texture":"#anvil"},"south":{"uv":[0.032,9.032,15.968,10.8592],"texture":"#anvil"},"west":{"uv":[0.032,9.032,15.968,10.8592],"texture":"#anvil"},"up":{"uv":[0.032,9.032,15.968,10.8592],"rotation":270,"texture":"#anvil"},"down":{"uv":[0.032,9.032,15.968,10.8592],"rotation":90,"texture":"#anvil"}}},{"name":"balk*","from":[10.0886,10.14708,-7.1568],"to":[12.9558,11.35668,22.0528],"rotation":{"angle":45,"axis":"z","origin":[10.4022,10.75188,-6.552]},"faces":{"north":{"uv":[2.56,1.08,5.12,2.16],"texture":"#anvil"},"east":{"uv":[2.56,1.08,5.12,2.16],"texture":"#anvil"},"south":{"uv":[2.56,1.08,5.12,2.16],"texture":"#anvil"},"west":{"uv":[2.56,1.08,5.12,2.16],"texture":"#anvil"},"up":{"uv":[2.56,1.08,5.12,2.16],"texture":"#anvil"},"down":{"uv":[2.56,1.08,5.12,2.16],"texture":"#anvil"}}},{"name":"balk*","from":[9.15984,9.07922,-7.1568],"to":[10.57104,10.28882,22.0528],"rotation":{"angle":22.5,"axis":"z","origin":[8.01744,9.68402,-6.552]},"faces":{"north":{"uv":[1.26,1.08,2.52,2.16],"texture":"#anvil"},"east":{"uv":[1.26,1.08,2.52,2.16],"texture":"#anvil"},"south":{"uv":[1.26,1.08,2.52,2.16],"texture":"#anvil"},"west":{"uv":[1.26,1.08,2.52,2.16],"texture":"#anvil"},"up":{"uv":[1.26,1.08,2.52,2.16],"texture":"#anvil"},"down":{"uv":[1.26,1.08,2.52,2.16],"texture":"#anvil"}}},{"name":"balk*","from":[6.69567,9.56243,-7.1568],"to":[9.30433,10.77203,22.0528],"rotation":{"angle":0,"axis":"z","origin":[5.55327,10.16723,-6.552]},"faces":{"north":{"uv":[1.26,1.08,3.58916,2.16],"texture":"#anvil"},"east":{"uv":[1.26,1.08,3.58916,2.16],"texture":"#anvil"},"south":{"uv":[1.26,1.08,3.58916,2.16],"texture":"#anvil"},"west":{"uv":[1.26,1.08,3.58916,2.16],"texture":"#anvil"},"up":{"uv":[1.26,1.08,3.58916,2.16],"texture":"#anvil"},"down":{"uv":[1.26,1.08,3.58916,2.16],"texture":"#anvil"}}},{"name":"balk*","from":[3.0442,10.14708,-7.1568],"to":[5.9114,11.35668,22.0528],"rotation":{"angle":-45,"axis":"z","origin":[5.5978,10.75188,-6.552]},"faces":{"north":{"uv":[0.032,1.08,2.56,2.16],"texture":"#anvil"},"east":{"uv":[0.032,1.08,2.56,2.16],"texture":"#anvil"},"south":{"uv":[0.032,1.08,2.56,2.16],"texture":"#anvil"},"west":{"uv":[0.032,1.08,2.56,2.16],"texture":"#anvil"},"up":{"uv":[0.032,1.08,2.56,2.16],"texture":"#anvil"},"down":{"uv":[0.032,1.08,2.56,2.16],"texture":"#anvil"}}},{"name":"balk*","from":[5.42896,9.07922,-7.1568],"to":[6.84016,10.28882,22.0528],"rotation":{"angle":-22.5,"axis":"z","origin":[7.98256,9.68402,-6.552]},"faces":{"north":{"uv":[0.032,1.08,1.26,2.16],"texture":"#anvil"},"east":{"uv":[0.032,1.08,1.26,2.16],"texture":"#anvil"},"south":{"uv":[0.032,1.08,1.26,2.16],"texture":"#anvil"},"west":{"uv":[0.032,1.08,1.26,2.16],"texture":"#anvil"},"up":{"uv":[0.032,1.08,1.26,2.16],"texture":"#anvil"},"down":{"uv":[0.032,1.08,1.26,2.16],"texture":"#anvil"}}},{"name":"balk*","from":[2.34122,12.16696,-7.1568],"to":[3.55082,23.99416,22.0528],"rotation":{"angle":22.5,"axis":"z","origin":[2.94602,14.72056,-6.552]},"faces":{"north":{"uv":[0.032,1.08,10.56,2.16],"rotation":270,"texture":"#anvil"},"east":{"uv":[0.032,1.08,10.56,2.16],"rotation":270,"texture":"#anvil"},"south":{"uv":[0.032,1.08,10.56,2.16],"rotation":270,"texture":"#anvil"},"west":{"uv":[0.032,1.08,10.56,2.16],"rotation":270,"texture":"#anvil"},"up":{"uv":[0.032,1.08,10.56,2.16],"rotation":270,"texture":"#anvil"},"down":{"uv":[0.032,1.08,10.56,2.16],"rotation":270,"texture":"#anvil"}}},{"name":"kar*","from":[-0.3104,21.2648,-6.9776],"to":[16.3104,23.124,-6.1264],"rotation":{"angle":0,"axis":"y","origin":[7.944,22.1944,-6.44]},"faces":{"north":{"uv":[0.032,9.032,15.968,10.8592],"texture":"#anvil"},"east":{"uv":[0.032,9.032,15.968,10.8592],"texture":"#anvil"},"south":{"uv":[0.032,9.032,15.968,10.8592],"texture":"#anvil"},"west":{"uv":[0.032,9.032,15.968,10.8592],"texture":"#anvil"},"up":{"uv":[0.032,9.032,15.968,10.8592],"rotation":270,"texture":"#anvil"},"down":{"uv":[0.032,9.032,15.968,10.8592],"rotation":90,"texture":"#anvil"}}},{"name":"kar*","from":[0.3616,19.4728,-6.9776],"to":[15.6384,21.332,-6.1264],"rotation":{"angle":0,"axis":"y","origin":[7.944,20.4024,-6.44]},"faces":{"north":{"uv":[0.032,9.032,15.968,10.8592],"texture":"#anvil"},"east":{"uv":[0.032,9.032,15.968,10.8592],"texture":"#anvil"},"south":{"uv":[0.032,9.032,15.968,10.8592],"texture":"#anvil"},"west":{"uv":[0.032,9.032,15.968,10.8592],"texture":"#anvil"},"up":{"uv":[0.032,9.032,15.968,10.8592],"rotation":270,"texture":"#anvil"},"down":{"uv":[0.032,9.032,15.968,10.8592],"rotation":90,"texture":"#anvil"}}},{"name":"kar*","from":[1.1456,17.6248,-6.9776],"to":[14.8544,19.484,-6.1264],"rotation":{"angle":0,"axis":"y","origin":[7.944,18.5544,-6.44]},"faces":{"north":{"uv":[0.032,9.032,15.968,10.8592],"texture":"#anvil"},"east":{"uv":[0.032,9.032,15.968,10.8592],"texture":"#anvil"},"south":{"uv":[0.032,9.032,15.968,10.8592],"texture":"#anvil"},"west":{"uv":[0.032,9.032,15.968,10.8592],"texture":"#anvil"},"up":{"uv":[0.032,9.032,15.968,10.8592],"rotation":270,"texture":"#anvil"},"down":{"uv":[0.032,9.032,15.968,10.8592],"rotation":90,"texture":"#anvil"}}},{"name":"kar*","from":[1.9296,15.8048,-6.9776],"to":[14.0704,17.664,-6.1264],"rotation":{"angle":0,"axis":"y","origin":[7.944,16.7344,-6.44]},"faces":{"north":{"uv":[0.032,9.032,15.968,10.8592],"texture":"#anvil"},"east":{"uv":[0.032,9.032,15.968,10.8592],"texture":"#anvil"},"south":{"uv":[0.032,9.032,15.968,10.8592],"texture":"#anvil"},"west":{"uv":[0.032,9.032,15.968,10.8592],"texture":"#anvil"},"up":{"uv":[0.032,9.032,15.968,10.8592],"rotation":270,"texture":"#anvil"},"down":{"uv":[0.032,9.032,15.968,10.8592],"rotation":90,"texture":"#anvil"}}},{"name":"kar*","from":[2.7136,14.0128,-6.9776],"to":[13.2864,15.872,-6.1264],"rotation":{"angle":0,"axis":"y","origin":[7.944,14.9424,-6.44]},"faces":{"north":{"uv":[0.032,9.032,15.968,10.8592],"texture":"#anvil"},"east":{"uv":[0.032,9.032,15.968,10.8592],"texture":"#anvil"},"south":{"uv":[0.032,9.032,15.968,10.8592],"texture":"#anvil"},"west":{"uv":[0.032,9.032,15.968,10.8592],"texture":"#anvil"},"up":{"uv":[0.032,9.032,15.968,10.8592],"rotation":270,"texture":"#anvil"},"down":{"uv":[0.032,9.032,15.968,10.8592],"rotation":90,"texture":"#anvil"}}},{"name":"kar*","from":[3.3856,12.2208,-6.9776],"to":[12.6144,14.08,-6.1264],"rotation":{"angle":0,"axis":"y","origin":[7.944,13.1504,-6.44]},"faces":{"north":{"uv":[0.032,9.032,15.968,10.8592],"texture":"#anvil"},"east":{"uv":[0.032,9.032,15.968,10.8592],"texture":"#anvil"},"south":{"uv":[0.032,9.032,15.968,10.8592],"texture":"#anvil"},"west":{"uv":[0.032,9.032,15.968,10.8592],"texture":"#anvil"},"up":{"uv":[0.032,9.032,15.968,10.8592],"rotation":270,"texture":"#anvil"},"down":{"uv":[0.032,9.032,15.968,10.8592],"rotation":90,"texture":"#anvil"}}},{"name":"kar*","from":[4.7296,10.9888,-6.9776],"to":[11.3824,12.288,-6.1264],"rotation":{"angle":0,"axis":"y","origin":[7.944,11.3584,-6.44]},"faces":{"north":{"uv":[0.032,9.032,15.968,10.8592],"texture":"#anvil"},"east":{"uv":[0.032,9.032,15.968,10.8592],"texture":"#anvil"},"south":{"uv":[0.032,9.032,15.968,10.8592],"texture":"#anvil"},"west":{"uv":[0.032,9.032,15.968,10.8592],"texture":"#anvil"},"up":{"uv":[0.032,9.032,15.968,10.8592],"rotation":270,"texture":"#anvil"},"down":{"uv":[0.032,9.032,15.968,10.8592],"rotation":90,"texture":"#anvil"}}},{"name":"balk*","from":[6.83542,15.72854,-8.94],"to":[9.16458,18.10854,-6.16],"rotation":{"angle":0,"axis":"z","origin":[5.81542,16.56854,-8.3]},"faces":{"north":{"uv":[1.26,0.032,3.58916,2.38],"texture":"#red_terracotta"},"east":{"uv":[1.58,0.032,4.36,2.38],"texture":"#red_terracotta"},"south":{"uv":[1.26,0.032,3.58916,2.38],"texture":"#red_terracotta"},"west":{"uv":[1.58,0.032,4.36,2.38],"texture":"#red_terracotta"},"up":{"uv":[0.032,1.58,2.32916,4.36],"texture":"#red_terracotta"},"down":{"uv":[0.032,1.58,2.32916,4.36],"texture":"#red_terracotta"}}},{"name":"balk*","from":[-1.1616,23.0568,-7.1568],"to":[17.1616,23.8664,-5.9472],"rotation":{"angle":0,"axis":"z","origin":[-2.304,23.6616,-6.552]},"faces":{"north":{"uv":[1.26,1.08,3.86866,1.8896],"texture":"#anvil"},"east":{"uv":[1.26,1.08,3.86866,1.8896],"texture":"#anvil"},"south":{"uv":[1.26,1.08,3.86866,1.8896],"texture":"#anvil"},"west":{"uv":[1.26,1.08,3.86866,1.8896],"texture":"#anvil"},"up":{"uv":[1.26,1.08,3.86866,1.8896],"texture":"#anvil"},"down":{"uv":[1.26,1.08,3.86866,1.8896],"texture":"#anvil"}}},{"name":"kar*","from":[5.7376,10.0928,21.0224],"to":[10.3744,11.056,21.8736],"rotation":{"angle":0,"axis":"y","origin":[7.944,10.1264,21.56]},"faces":{"north":{"uv":[0.032,9.032,15.968,10.8592],"texture":"#anvil"},"east":{"uv":[0.032,9.032,15.968,10.8592],"texture":"#anvil"},"south":{"uv":[0.032,9.032,15.968,10.8592],"texture":"#anvil"},"west":{"uv":[0.032,9.032,15.968,10.8592],"texture":"#anvil"},"up":{"uv":[0.032,9.032,15.968,10.8592],"texture":"#anvil"},"down":{"uv":[0.032,9.032,15.968,10.8592],"texture":"#anvil"}}},{"name":"kar*","from":[4.7296,10.9888,21.0224],"to":[11.3824,12.288,21.8736],"rotation":{"angle":0,"axis":"y","origin":[7.944,11.3584,21.56]},"faces":{"north":{"uv":[0.032,9.032,15.968,10.8592],"texture":"#anvil"},"east":{"uv":[0.032,9.032,15.968,10.8592],"texture":"#anvil"},"south":{"uv":[0.032,9.032,15.968,10.8592],"texture":"#anvil"},"west":{"uv":[0.032,9.032,15.968,10.8592],"texture":"#anvil"},"up":{"uv":[0.032,9.032,15.968,10.8592],"texture":"#anvil"},"down":{"uv":[0.032,9.032,15.968,10.8592],"texture":"#anvil"}}},{"name":"kar*","from":[3.3856,12.2208,21.0224],"to":[12.6144,14.08,21.8736],"rotation":{"angle":0,"axis":"y","origin":[7.944,13.1504,21.56]},"faces":{"north":{"uv":[0.032,9.032,15.968,10.8592],"texture":"#anvil"},"east":{"uv":[0.032,9.032,15.968,10.8592],"texture":"#anvil"},"south":{"uv":[0.032,9.032,15.968,10.8592],"texture":"#anvil"},"west":{"uv":[0.032,9.032,15.968,10.8592],"texture":"#anvil"},"up":{"uv":[0.032,9.032,15.968,10.8592],"texture":"#anvil"},"down":{"uv":[0.032,9.032,15.968,10.8592],"texture":"#anvil"}}},{"name":"kar*","from":[2.7136,14.0128,21.0224],"to":[13.2864,15.872,21.8736],"rotation":{"angle":0,"axis":"y","origin":[7.944,14.9424,21.56]},"faces":{"north":{"uv":[0.032,9.032,15.968,10.8592],"texture":"#anvil"},"east":{"uv":[0.032,9.032,15.968,10.8592],"texture":"#anvil"},"south":{"uv":[0.032,9.032,15.968,10.8592],"texture":"#anvil"},"west":{"uv":[0.032,9.032,15.968,10.8592],"texture":"#anvil"},"up":{"uv":[0.032,9.032,15.968,10.8592],"texture":"#anvil"},"down":{"uv":[0.032,9.032,15.968,10.8592],"texture":"#anvil"}}},{"name":"kar*","from":[1.9296,15.8048,21.0224],"to":[14.0704,17.664,21.8736],"rotation":{"angle":0,"axis":"y","origin":[7.944,16.7344,21.56]},"faces":{"north":{"uv":[0.032,9.032,15.968,10.8592],"texture":"#anvil"},"east":{"uv":[0.032,9.032,15.968,10.8592],"texture":"#anvil"},"south":{"uv":[0.032,9.032,15.968,10.8592],"texture":"#anvil"},"west":{"uv":[0.032,9.032,15.968,10.8592],"texture":"#anvil"},"up":{"uv":[0.032,9.032,15.968,10.8592],"texture":"#anvil"},"down":{"uv":[0.032,9.032,15.968,10.8592],"texture":"#anvil"}}},{"name":"kar*","from":[0.3616,19.4728,21.0224],"to":[15.6384,21.332,21.8736],"rotation":{"angle":0,"axis":"y","origin":[7.944,20.4024,21.56]},"faces":{"north":{"uv":[0.032,9.032,15.968,10.8592],"texture":"#anvil"},"east":{"uv":[0.032,9.032,15.968,10.8592],"texture":"#anvil"},"south":{"uv":[0.032,9.032,15.968,10.8592],"texture":"#anvil"},"west":{"uv":[0.032,9.032,15.968,10.8592],"texture":"#anvil"},"up":{"uv":[0.032,9.032,15.968,10.8592],"texture":"#anvil"},"down":{"uv":[0.032,9.032,15.968,10.8592],"texture":"#anvil"}}},{"name":"kar*","from":[1.1456,17.6248,21.0224],"to":[14.8544,19.484,21.8736],"rotation":{"angle":0,"axis":"y","origin":[7.944,18.5544,21.56]},"faces":{"north":{"uv":[0.032,9.032,15.968,10.8592],"texture":"#anvil"},"east":{"uv":[0.032,9.032,15.968,10.8592],"texture":"#anvil"},"south":{"uv":[0.032,9.032,15.968,10.8592],"texture":"#anvil"},"west":{"uv":[0.032,9.032,15.968,10.8592],"texture":"#anvil"},"up":{"uv":[0.032,9.032,15.968,10.8592],"texture":"#anvil"},"down":{"uv":[0.032,9.032,15.968,10.8592],"texture":"#anvil"}}},{"name":"kar*","from":[-0.3104,21.2648,21.0224],"to":[16.3104,23.124,21.8736],"rotation":{"angle":0,"axis":"y","origin":[7.944,22.1944,21.56]},"faces":{"north":{"uv":[0.032,9.032,15.968,10.8592],"texture":"#anvil"},"east":{"uv":[0.032,9.032,15.968,10.8592],"texture":"#anvil"},"south":{"uv":[0.032,9.032,15.968,10.8592],"texture":"#anvil"},"west":{"uv":[0.032,9.032,15.968,10.8592],"texture":"#anvil"},"up":{"uv":[0.032,9.032,15.968,10.8592],"texture":"#anvil"},"down":{"uv":[0.032,9.032,15.968,10.8592],"texture":"#anvil"}}},{"name":"balk*","from":[-1.1616,23.0568,20.8432],"to":[17.1616,23.8664,22.0528],"rotation":{"angle":0,"axis":"z","origin":[-2.304,23.6616,21.448]},"faces":{"north":{"uv":[0.032,1.08,15.968,1.8896],"texture":"#anvil"},"east":{"uv":[0.032,1.07969,1.968,1.88906],"texture":"#anvil"},"south":{"uv":[0.032,1.08,15.968,1.8896],"texture":"#anvil"},"west":{"uv":[0.032,1.07969,1.968,1.88906],"texture":"#anvil"},"up":{"uv":[0.032,1.08,15.968,1.8896],"texture":"#anvil"},"down":{"uv":[0.032,1.08,15.968,1.8896],"texture":"#anvil"}}},{"name":"balk*","from":[6.83542,15.72854,21.06],"to":[9.16458,18.10854,23.84],"rotation":{"angle":0,"axis":"z","origin":[5.81542,16.56854,21.7]},"faces":{"north":{"uv":[1.26,0.032,3.58916,2.38],"texture":"#red_terracotta"},"east":{"uv":[1.58,0.032,4.36,2.38],"texture":"#red_terracotta"},"south":{"uv":[1.26,0.032,3.58916,2.38],"texture":"#red_terracotta"},"west":{"uv":[1.58,0.032,4.36,2.38],"texture":"#red_terracotta"},"up":{"uv":[0.032,1.58,2.32916,4.36],"texture":"#red_terracotta"},"down":{"uv":[0.032,1.58,2.32916,4.36],"texture":"#red_terracotta"}}},{"name":"balk*","from":[15.9384,23.0568,-5.9472],"to":[17.1616,23.8664,20.8432],"rotation":{"angle":0,"axis":"z","origin":[-2.304,23.6616,20.2384]},"faces":{"north":{"uv":[0.032,1.08,15.968,1.8896],"texture":"#anvil"},"east":{"uv":[0.032,1.08,15.968,1.8896],"texture":"#anvil"},"south":{"uv":[0.032,1.08,15.968,1.8896],"texture":"#anvil"},"west":{"uv":[0.032,1.08,15.968,1.8896],"texture":"#anvil"},"up":{"uv":[1.032,1.032,1.968,7.80938],"texture":"#anvil"},"down":{"uv":[0.032,1.08,15.968,1.8896],"texture":"#anvil"}}},{"name":"balk*","from":[-1.1616,23.0568,-5.9472],"to":[0.0616,23.8664,20.8432],"rotation":{"angle":0,"axis":"z","origin":[-19.404,23.6616,20.2384]},"faces":{"north":{"uv":[0.032,1.08,15.968,1.8896],"texture":"#anvil"},"east":{"uv":[0.032,1.08,15.968,1.8896],"texture":"#anvil"},"south":{"uv":[0.032,1.08,15.968,1.8896],"texture":"#anvil"},"west":{"uv":[0.032,1.08,15.968,1.8896],"texture":"#anvil"},"up":{"uv":[1.032,1.032,1.968,7.80938],"texture":"#anvil"},"down":{"uv":[0.032,1.08,15.968,1.8896],"texture":"#anvil"}}}],"display":{"gui":{"rotation":[30,-135,0],"translation":[0,-1.5,0],"scale":[0.3,0.3,0.3]},"head":{"translation":[0,-28,0],"scale":[2.5,2.5,2.5]}},"credit":"Model by Craftventure"}