{"textures":{"1":"block/barrel_side","4":"block/mat","6":"block/cake_inner","11":"block/copper_block","16":"block/white_stained_glass","17":"block/bee_nest_side","particle":"block/barrel_bottom"},"elements":[{"from":[8.285,2.285,8],"to":[10.715,4.715,13],"rotation":{"angle":0,"axis":"y","origin":[9.5,3.5,10.5]},"faces":{"north":{"uv":[0,0,3,3],"texture":"#4"},"east":{"uv":[0,0,5,3],"texture":"#4"},"south":{"uv":[0,0,3,3],"texture":"#4"},"west":{"uv":[0,0,5,3],"texture":"#4"},"up":{"uv":[0,0,3,5],"texture":"#4"},"down":{"uv":[0,0,3,5],"texture":"#4"}}},{"from":[8.285,2.285,7],"to":[10.715,4.715,8],"rotation":{"angle":0,"axis":"y","origin":[9.5,3.5,10.5]},"faces":{"north":{"uv":[4,2,6.43,4.43],"texture":"#11"},"east":{"uv":[1,1,2,3.43],"texture":"#11"},"south":{"uv":[5,2,7.43,4.43],"texture":"#11"},"west":{"uv":[1,3,2,5.43],"texture":"#11"},"up":{"uv":[3,1,5.43,2],"texture":"#11"},"down":{"uv":[2,1,4.43,2],"texture":"#11"}}},{"from":[8,2,13],"to":[11,5,14],"faces":{"north":{"uv":[5,2,8,5],"texture":"#11"},"east":{"uv":[1,2,2,5],"texture":"#11"},"south":{"uv":[5,2,8,5],"texture":"#11"},"west":{"uv":[1,2,2,5],"texture":"#11"},"up":{"uv":[1,1,4,2],"texture":"#11"},"down":{"uv":[1,1,4,2],"texture":"#11"}}},{"from":[8,2,5],"to":[11,5,6],"faces":{"north":{"uv":[5,2,8,5],"texture":"#11"},"east":{"uv":[1,2,2,5],"texture":"#11"},"south":{"uv":[5,2,8,5],"texture":"#11"},"west":{"uv":[1,2,2,5],"texture":"#11"},"up":{"uv":[1,1,4,2],"texture":"#11"},"down":{"uv":[1,1,4,2],"texture":"#11"}}},{"from":[9,3,14],"to":[10,4,16],"faces":{"north":{"uv":[0,3,2,4],"texture":"#1"},"east":{"uv":[1,3,3,4],"texture":"#1"},"south":{"uv":[1,4,2,5],"texture":"#1"},"west":{"uv":[0,3,2,4],"texture":"#1"},"up":{"uv":[0,3,1,5],"texture":"#1"},"down":{"uv":[1,3,3,4],"rotation":90,"texture":"#1"}}},{"from":[9,0,4.5],"to":[10,3,5.5],"rotation":{"angle":0,"axis":"z","origin":[7.5,3.5,5]},"faces":{"north":{"uv":[7,10,10,11],"rotation":90,"texture":"#6"},"east":{"uv":[7,10,10,11],"rotation":270,"texture":"#6"},"south":{"uv":[7,10,10,11],"rotation":270,"texture":"#6"},"west":{"uv":[7,10,10,11],"rotation":270,"texture":"#6"},"up":{"uv":[7,10,10,11],"rotation":270,"texture":"#6"},"down":{"uv":[7,10,10,11],"rotation":270,"texture":"#6"}}},{"from":[9.5,1,4.5],"to":[9.5,3,5.5],"rotation":{"angle":-22.5,"axis":"x","origin":[8,3.5,7]},"faces":{"north":{"uv":[0,3,2,4],"rotation":90,"texture":"#1"},"east":{"uv":[0,3,2,4],"rotation":270,"texture":"#1"},"south":{"uv":[0,3,2,4],"rotation":270,"texture":"#1"},"west":{"uv":[0,3,2,4],"rotation":270,"texture":"#1"},"up":{"uv":[0,3,2,4],"rotation":270,"texture":"#1"},"down":{"uv":[0,3,2,4],"rotation":270,"texture":"#1"}}},{"from":[9,3,1],"to":[10,4,7],"faces":{"north":{"uv":[0,0,1,1],"texture":"#11"},"east":{"uv":[0,0,6,1],"texture":"#11"},"south":{"uv":[0,0,1,1],"texture":"#11"},"west":{"uv":[0,0,6,1],"texture":"#11"},"up":{"uv":[0,0,1,6],"texture":"#11"},"down":{"uv":[0,0,1,6],"texture":"#11"}}},{"from":[8.5,2.5,13.2],"to":[10.5,4.5,14.2],"faces":{"north":{"uv":[5,0,6,1],"texture":"#17"},"east":{"uv":[5,0,6,1],"texture":"#17"},"south":{"uv":[5,0,6,1],"texture":"#17"},"west":{"uv":[5,0,6,1],"texture":"#17"},"up":{"uv":[5,0,6,1],"texture":"#17"},"down":{"uv":[5,0,6,1],"texture":"#17"}}},{"from":[8.5,2.5,0],"to":[10.5,4.5,1],"faces":{"north":{"uv":[5,0,6,1],"texture":"#17"},"east":{"uv":[5,0,6,1],"texture":"#17"},"south":{"uv":[5,0,6,1],"texture":"#17"},"west":{"uv":[5,0,6,1],"texture":"#17"},"up":{"uv":[5,0,6,1],"texture":"#17"},"down":{"uv":[5,0,6,1],"texture":"#17"}}},{"from":[8.5,2.5,4],"to":[10.5,4.5,5],"faces":{"north":{"uv":[5,0,6,1],"texture":"#17"},"east":{"uv":[5,0,6,1],"texture":"#17"},"south":{"uv":[5,0,6,1],"texture":"#17"},"west":{"uv":[5,0,6,1],"texture":"#17"},"up":{"uv":[5,0,6,1],"texture":"#17"},"down":{"uv":[5,0,6,1],"texture":"#17"}}},{"from":[8.5,-1,4],"to":[10.5,0,6],"rotation":{"angle":0,"axis":"z","origin":[5.5,3.5,5]},"faces":{"north":{"uv":[5,0,6,2],"rotation":90,"texture":"#17"},"east":{"uv":[5,0,6,2],"rotation":270,"texture":"#17"},"south":{"uv":[5,0,6,2],"rotation":270,"texture":"#17"},"west":{"uv":[5,0,6,2],"rotation":270,"texture":"#17"},"up":{"uv":[5,0,7,2],"rotation":270,"texture":"#17"},"down":{"uv":[5,0,7,2],"rotation":270,"texture":"#17"}}},{"name":"inhoud","from":[10.85,2.15,5.5],"to":[8.15,4.85,13.5],"rotation":{"angle":0,"axis":"y","origin":[1.805,0.665,0]},"faces":{"north":{"uv":[6,3,9,5.7],"texture":"#16"},"east":{"uv":[7,1,15,4],"texture":"#16"},"south":{"uv":[7,1,15,4],"texture":"#16"},"west":{"uv":[7,1,15,4],"texture":"#16"},"up":{"uv":[8,1,11,9],"texture":"#16"},"down":{"uv":[7,1,10,9],"texture":"#16"}}}],"display":{"thirdperson_righthand":{"rotation":[0,-180,0],"translation":[1.5,7,-1.5]},"thirdperson_lefthand":{"rotation":[0,-180,0],"translation":[-1.5,7,-1.5]},"firstperson_righthand":{"rotation":[0,-180,0],"translation":[3,8.5,3],"scale":[1.5,1.5,1.5]},"firstperson_lefthand":{"rotation":[0,-180,0],"translation":[0,8.5,0],"scale":[1.99,2,2]},"gui":{"rotation":[30,-45,0],"translation":[-0.75,4,0]},"head":{"translation":[0,-8.25,2.75],"scale":[1.7,1.7,1.7]}},"groups":[{"name":"schietding","origin":[8,8,8],"color":0,"children":[]},0,1,2,3,4,5,6,7,8,9,10,11,12],"credit":"Model by Craftventure"}