{"textures":{"0":"block/sandstone_bottom","2":"block/sjaal5","particle":"block/sandstone_bottom"},"elements":[{"from":[0.25,-0.01,6.51],"to":[6.75,6.39,6.76],"rotation":{"angle":0,"axis":"y","origin":[8,8,14.25]},"faces":{"north":{"uv":[0,5,5,10],"rotation":90,"texture":"#2"},"east":{"uv":[0,0,16,1],"rotation":90,"texture":"#2"},"south":{"uv":[0,5,5,10],"rotation":90,"texture":"#2"},"west":{"uv":[0,1,16,2],"rotation":90,"texture":"#2"},"up":{"uv":[1,5,2,10],"rotation":90,"texture":"#2"},"down":{"uv":[10,10,11,15],"rotation":90,"texture":"#2"}}},{"from":[0.25,-0.01,0.249],"to":[6.75,6.39,0.498],"faces":{"north":{"uv":[0,5,5,10],"rotation":90,"texture":"#2"},"east":{"uv":[0,0,16,1],"rotation":90,"texture":"#2"},"south":{"uv":[0,5,5,10],"rotation":90,"texture":"#2"},"west":{"uv":[0,1,16,2],"rotation":90,"texture":"#2"},"up":{"uv":[1,5,2,10],"rotation":90,"texture":"#2"},"down":{"uv":[10,10,11,15],"rotation":90,"texture":"#2"}}},{"from":[6.51,0,0.25],"to":[6.76,6.4,6.75],"rotation":{"angle":0,"axis":"y","origin":[6.625,3.9,3.5]},"faces":{"north":{"uv":[0,0,16,1],"rotation":90,"texture":"#2"},"east":{"uv":[6,10,11,15],"rotation":90,"texture":"#2"},"south":{"uv":[0,1,16,2],"rotation":90,"texture":"#2"},"west":{"uv":[0,10,5,15],"rotation":90,"texture":"#2"},"up":{"uv":[1,5,2,10],"texture":"#2"},"down":{"uv":[10,10,11,15],"rotation":180,"texture":"#2"}}},{"from":[0.249,0,0.25],"to":[0.499,6.4,6.75],"rotation":{"angle":0,"axis":"y","origin":[0.375,3.9,3.5]},"faces":{"north":{"uv":[0,0,16,1],"rotation":90,"texture":"#2"},"east":{"uv":[6,10,11,15],"rotation":90,"texture":"#2"},"south":{"uv":[0,1,16,2],"rotation":90,"texture":"#2"},"west":{"uv":[0,10,5,15],"rotation":90,"texture":"#2"},"up":{"uv":[1,5,2,10],"texture":"#2"},"down":{"uv":[10,10,11,15],"rotation":180,"texture":"#2"}}},{"from":[0,5,6.76],"to":[6.99,8,7.01],"rotation":{"angle":0,"axis":"y","origin":[8,13,-0.25]},"faces":{"north":{"uv":[0,5,2,10],"rotation":90,"texture":"#2"},"east":{"uv":[0,0,2,1],"rotation":90,"texture":"#2"},"south":{"uv":[9,5,11,10],"rotation":90,"texture":"#2"},"west":{"uv":[0,0,2,1],"rotation":90,"texture":"#2"},"up":{"uv":[0,5,1,10],"rotation":90,"texture":"#2"},"down":{"uv":[0,5,1,10],"rotation":90,"texture":"#2"}}},{"from":[6.76,5.01,0.01],"to":[7.01,8.01,7],"rotation":{"angle":0,"axis":"y","origin":[-0.25,13,-1]},"faces":{"north":{"uv":[0,0,2,1],"rotation":90,"texture":"#2"},"east":{"uv":[9,5,11,10],"rotation":90,"texture":"#2"},"south":{"uv":[0,0,2,1],"rotation":90,"texture":"#2"},"west":{"uv":[0,5,2,10],"rotation":90,"texture":"#2"},"up":{"uv":[0,5,1,10],"texture":"#2"},"down":{"uv":[0,5,1,10],"rotation":180,"texture":"#2"}}},{"from":[-0.01,5.01,0.01],"to":[0.24,8.01,7],"rotation":{"angle":0,"axis":"y","origin":[-7,13,-1]},"faces":{"north":{"uv":[0,0,2,1],"rotation":90,"texture":"#2"},"east":{"uv":[9,5,11,10],"rotation":90,"texture":"#2"},"south":{"uv":[0,0,2,1],"rotation":90,"texture":"#2"},"west":{"uv":[0,5,2,10],"rotation":90,"texture":"#2"},"up":{"uv":[0,5,1,10],"texture":"#2"},"down":{"uv":[0,5,1,10],"rotation":180,"texture":"#2"}}},{"from":[0,5,-0.01],"to":[6.99,8,0.24],"rotation":{"angle":0,"axis":"y","origin":[8,13,-7]},"faces":{"north":{"uv":[0,5,2,10],"rotation":90,"texture":"#2"},"east":{"uv":[0,0,2,1],"rotation":90,"texture":"#2"},"south":{"uv":[9,5,11,10],"rotation":90,"texture":"#2"},"west":{"uv":[0,0,2,1],"rotation":90,"texture":"#2"},"up":{"uv":[0,5,1,10],"rotation":90,"texture":"#2"},"down":{"uv":[0,5,1,10],"rotation":90,"texture":"#2"}}},{"from":[2.25,6.125,2.25],"to":[4.75,8.625,4.75],"rotation":{"angle":0,"axis":"y","origin":[10.25,14.125,10.25]},"faces":{"north":{"uv":[0,0,7,6],"texture":"#0"},"east":{"uv":[5,6,12,12],"texture":"#0"},"south":{"uv":[9,3,16,9],"texture":"#0"},"west":{"uv":[4,3,11,9],"texture":"#0"},"up":{"uv":[0,0,6,6],"texture":"#0"},"down":{"uv":[0,0,7,7],"texture":"#0"}}},{"from":[1.75,4.575,1.75],"to":[5.25,8.075,5.25],"rotation":{"angle":0,"axis":"y","origin":[9.75,12.575,9.75]},"faces":{"north":{"uv":[0,0,7,6],"texture":"#0"},"east":{"uv":[5,6,12,12],"texture":"#0"},"south":{"uv":[9,3,16,9],"texture":"#0"},"west":{"uv":[4,3,11,9],"texture":"#0"},"up":{"uv":[0,0,6,6],"texture":"#0"},"down":{"uv":[0,0,7,7],"texture":"#0"}}},{"from":[2.25,7.90677,-2.54245],"to":[4.75,10.40677,-0.29245],"rotation":{"angle":-22.5,"axis":"x","origin":[10.25,15.90677,5.45755]},"faces":{"north":{"uv":[0,0,7,6],"texture":"#0"},"east":{"uv":[5,6,12,12],"texture":"#0"},"south":{"uv":[9,3,16,9],"texture":"#0"},"west":{"uv":[4,3,11,9],"texture":"#0"},"up":{"uv":[0,0,6,6],"texture":"#0"},"down":{"uv":[0,0,7,7],"texture":"#0"}}},{"from":[2.25,2.64487,6.2458],"to":[4.75,5.14487,8.4958],"rotation":{"angle":22.5,"axis":"x","origin":[10.25,10.64487,14.2458]},"faces":{"north":{"uv":[0,0,7,6],"texture":"#0"},"east":{"uv":[5,6,12,12],"texture":"#0"},"south":{"uv":[9,3,16,9],"texture":"#0"},"west":{"uv":[4,3,11,9],"texture":"#0"},"up":{"uv":[0,0,6,6],"texture":"#0"},"down":{"uv":[0,0,7,7],"texture":"#0"}}},{"from":[-2.54245,7.90677,2.25],"to":[-0.29245,10.40677,4.75],"rotation":{"angle":22.5,"axis":"z","origin":[5.45755,15.90677,10.25]},"faces":{"north":{"uv":[0,0,7,6],"texture":"#0"},"east":{"uv":[5,6,12,12],"texture":"#0"},"south":{"uv":[9,3,16,9],"texture":"#0"},"west":{"uv":[4,3,11,9],"texture":"#0"},"up":{"uv":[0,0,6,6],"texture":"#0"},"down":{"uv":[0,0,7,7],"texture":"#0"}}},{"from":[6.2458,2.64487,2.25],"to":[8.4958,5.14487,4.75],"rotation":{"angle":-22.5,"axis":"z","origin":[14.2458,10.64487,10.25]},"faces":{"north":{"uv":[0,0,7,6],"texture":"#0"},"east":{"uv":[5,6,12,12],"texture":"#0"},"south":{"uv":[9,3,16,9],"texture":"#0"},"west":{"uv":[4,3,11,9],"texture":"#0"},"up":{"uv":[0,0,6,6],"texture":"#0"},"down":{"uv":[0,0,7,7],"texture":"#0"}}},{"from":[1.25,7.95,2.75],"to":[2,8.7,3.5],"rotation":{"angle":-22.5,"axis":"y","origin":[1.625,8.325,3.125]},"faces":{"north":{"uv":[0,0,2,2],"texture":"#0"},"east":{"uv":[3,9,5,11],"texture":"#0"},"south":{"uv":[6,6,8,8],"texture":"#0"},"west":{"uv":[9,10,11,12],"texture":"#0"},"up":{"uv":[12,4,14,6],"texture":"#0"},"down":{"uv":[3,10,5,12],"texture":"#0"}}},{"from":[5.5,7.5,0.75],"to":[6.25,8.25,1.5],"rotation":{"angle":22.5,"axis":"z","origin":[5.875,7.875,1.125]},"faces":{"north":{"uv":[0,0,2,2],"texture":"#0"},"east":{"uv":[3,9,5,11],"texture":"#0"},"south":{"uv":[6,6,8,8],"texture":"#0"},"west":{"uv":[9,10,11,12],"texture":"#0"},"up":{"uv":[12,4,14,6],"texture":"#0"},"down":{"uv":[3,10,5,12],"texture":"#0"}}},{"from":[3.275,7.65,5.55],"to":[4.025,8.4,6.3],"rotation":{"angle":22.5,"axis":"z","origin":[3.65,8.025,5.925]},"faces":{"north":{"uv":[0,0,2,2],"texture":"#0"},"east":{"uv":[3,9,5,11],"texture":"#0"},"south":{"uv":[6,6,8,8],"texture":"#0"},"west":{"uv":[9,10,11,12],"texture":"#0"},"up":{"uv":[12,4,14,6],"texture":"#0"},"down":{"uv":[3,10,5,12],"texture":"#0"}}},{"from":[3.5,8.25,2.75],"to":[4.25,9,3.5],"rotation":{"angle":45,"axis":"y","origin":[3.875,8.625,3.125]},"faces":{"north":{"uv":[0,0,2,2],"texture":"#0"},"east":{"uv":[3,9,5,11],"texture":"#0"},"south":{"uv":[6,6,8,8],"texture":"#0"},"west":{"uv":[9,10,11,12],"texture":"#0"},"up":{"uv":[12,4,14,6],"texture":"#0"},"down":{"uv":[3,10,5,12],"texture":"#0"}}},{"from":[1,7.5,0.875],"to":[1.75,8.25,1.625],"rotation":{"angle":45,"axis":"y","origin":[1.375,7.875,1.25]},"faces":{"north":{"uv":[0,0,2,2],"texture":"#0"},"east":{"uv":[3,9,5,11],"texture":"#0"},"south":{"uv":[6,6,8,8],"texture":"#0"},"west":{"uv":[9,10,11,12],"texture":"#0"},"up":{"uv":[12,4,14,6],"texture":"#0"},"down":{"uv":[3,10,5,12],"texture":"#0"}}},{"from":[3,7.85,1],"to":[3.75,8.6,1.75],"rotation":{"angle":22.5,"axis":"y","origin":[3.375,8.225,1.375]},"faces":{"north":{"uv":[0,0,2,2],"texture":"#0"},"east":{"uv":[3,9,5,11],"texture":"#0"},"south":{"uv":[6,6,8,8],"texture":"#0"},"west":{"uv":[9,10,11,12],"texture":"#0"},"up":{"uv":[12,4,14,6],"texture":"#0"},"down":{"uv":[3,10,5,12],"texture":"#0"}}},{"from":[5.25,7.55,4.75],"to":[6,8.3,5.5],"rotation":{"angle":22.5,"axis":"y","origin":[5.625,7.925,5.125]},"faces":{"north":{"uv":[0,0,2,2],"texture":"#0"},"east":{"uv":[3,9,5,11],"texture":"#0"},"south":{"uv":[6,6,8,8],"texture":"#0"},"west":{"uv":[9,10,11,12],"texture":"#0"},"up":{"uv":[12,4,14,6],"texture":"#0"},"down":{"uv":[3,10,5,12],"texture":"#0"}}},{"from":[5,7.975,2.75],"to":[5.75,8.725,3.5],"rotation":{"angle":-45,"axis":"x","origin":[5.375,8.35,3.125]},"faces":{"north":{"uv":[0,0,2,2],"texture":"#0"},"east":{"uv":[3,9,5,11],"texture":"#0"},"south":{"uv":[6,6,8,8],"texture":"#0"},"west":{"uv":[9,10,11,12],"texture":"#0"},"up":{"uv":[12,4,14,6],"texture":"#0"},"down":{"uv":[3,10,5,12],"texture":"#0"}}},{"from":[2.5,8.125,3.5],"to":[3.25,8.875,4.25],"rotation":{"angle":22.5,"axis":"x","origin":[2.875,8.5,3.875]},"faces":{"north":{"uv":[0,0,2,2],"texture":"#0"},"east":{"uv":[3,9,5,11],"texture":"#0"},"south":{"uv":[6,6,8,8],"texture":"#0"},"west":{"uv":[9,10,11,12],"texture":"#0"},"up":{"uv":[12,4,14,6],"texture":"#0"},"down":{"uv":[3,10,5,12],"texture":"#0"}}},{"from":[0.5,7.475,5.5],"to":[1.25,8.225,6.25],"rotation":{"angle":-45,"axis":"x","origin":[0.875,7.85,5.875]},"faces":{"north":{"uv":[0,0,2,2],"texture":"#0"},"east":{"uv":[3,9,5,11],"texture":"#0"},"south":{"uv":[6,6,8,8],"texture":"#0"},"west":{"uv":[9,10,11,12],"texture":"#0"},"up":{"uv":[12,4,14,6],"texture":"#0"},"down":{"uv":[3,10,5,12],"texture":"#0"}}},{"from":[0.4,0.1,0.4],"to":[6.65,1.1,6.65],"rotation":{"angle":0,"axis":"y","origin":[8.4,8.1,8.4]},"faces":{"north":{"uv":[0,0,6,1],"texture":"#2"},"east":{"uv":[0,0,6.25,1],"texture":"#2"},"south":{"uv":[0,0,6.25,1],"texture":"#2"},"west":{"uv":[0,0,6.25,1],"texture":"#2"},"up":{"uv":[0,0,6,6],"texture":"#2"},"down":{"uv":[0,0,6,6],"texture":"#2"}}},{"from":[0.2,6.7,0.2],"to":[6.85,7.7,6.85],"rotation":{"angle":0,"axis":"y","origin":[8.4,14.7,8.4]},"faces":{"north":{"uv":[0,0,6,1],"texture":"#0"},"east":{"uv":[0,0,6.25,1],"texture":"#0"},"south":{"uv":[0,0,6.25,1],"texture":"#0"},"west":{"uv":[0,0,6.25,1],"texture":"#0"},"up":{"uv":[0,0,16,16],"texture":"#0"},"down":{"uv":[0,0,6,6],"texture":"#0"}}}],"display":{"thirdperson_righthand":{"rotation":[51,21,0],"translation":[4.25,1.75,4.25],"scale":[0.9,0.9,0.9]},"thirdperson_lefthand":{"rotation":[51,21,0],"translation":[-3.75,-0.75,5.5],"scale":[0.9,0.9,0.9]},"firstperson_righthand":{"translation":[4.75,0,0]},"firstperson_lefthand":{"translation":[-4.25,0,0]},"ground":{"translation":[4.75,0,4.5]},"gui":{"rotation":[30,-135,0],"translation":[-7.5,4,0],"scale":[1.2,1.2,1.2]},"head":{"rotation":[-169,-180,9],"translation":[-9.25,0.5,8.5],"scale":[2.05,2.05,2.05]},"fixed":{"translation":[4.25,3.5,0]}},"credit":"Model by Craftventure"}