{"textures":{"1":"block/anvil","2":"block/pancake_side","1_1":"block/pancake"},"elements":[{"name":"trident","from":[7.5,20,7.5],"to":[8.5,26,8.5],"rotation":{"angle":0,"axis":"y","origin":[8,2,8]},"faces":{"north":{"uv":[12,0,13,6],"texture":"#1"},"east":{"uv":[12,0,13,6],"texture":"#1"},"south":{"uv":[12,0,13,6],"texture":"#1"},"west":{"uv":[12,0,13,6],"texture":"#1"},"up":{"uv":[12,0,13,1],"texture":"#1"},"down":{"uv":[12,3,13,4],"texture":"#1"}}},{"name":"trident","from":[9.5,21,7.5],"to":[10.5,25,8.5],"rotation":{"angle":0,"axis":"y","origin":[11,-5,8]},"faces":{"north":{"uv":[12,0,13,4],"texture":"#1"},"east":{"uv":[12,0,13,4],"texture":"#1"},"south":{"uv":[12,0,13,4],"texture":"#1"},"west":{"uv":[12,0,13,4],"texture":"#1"},"up":{"uv":[12,0,13,1],"texture":"#1"},"down":{"uv":[12,2,13,3],"texture":"#1"}}},{"name":"trident","from":[5.5,21,7.5],"to":[6.5,25,8.5],"rotation":{"angle":0,"axis":"y","origin":[6,-5,8]},"faces":{"north":{"uv":[12,0,13,4],"texture":"#1"},"east":{"uv":[12,0,13,4],"texture":"#1"},"south":{"uv":[12,0,13,4],"texture":"#1"},"west":{"uv":[12,0,13,4],"texture":"#1"},"up":{"uv":[12,0,13,1],"texture":"#1"},"down":{"uv":[12,2,13,3],"texture":"#1"}}},{"name":"trident","from":[9.7,25,7.7],"to":[10.3,27,8.3],"rotation":{"angle":0,"axis":"y","origin":[11,-2,8]},"faces":{"north":{"uv":[15,0,16,2],"texture":"#1"},"east":{"uv":[15,0,16,2],"texture":"#1"},"south":{"uv":[15,0,16,2],"texture":"#1"},"west":{"uv":[15,0,16,2],"texture":"#1"},"up":{"uv":[15,0,16,2],"texture":"#1"},"down":{"uv":[15,0,16,2],"texture":"#1"}}},{"name":"trident","from":[5.7,25,7.7],"to":[6.3,27,8.3],"rotation":{"angle":0,"axis":"y","origin":[6,-2,8]},"faces":{"north":{"uv":[15,0,16,2],"texture":"#1"},"east":{"uv":[15,0,16,2],"texture":"#1"},"south":{"uv":[15,0,16,2],"texture":"#1"},"west":{"uv":[15,0,16,2],"texture":"#1"},"up":{"uv":[15,0,16,2],"texture":"#1"},"down":{"uv":[15,0,16,2],"texture":"#1"}}},{"name":"trident","from":[7.7,26,7.7],"to":[8.3,28,8.3],"rotation":{"angle":0,"axis":"y","origin":[9,-1,8]},"faces":{"north":{"uv":[15,0,16,2],"texture":"#1"},"east":{"uv":[15,0,16,2],"texture":"#1"},"south":{"uv":[15,0,16,2],"texture":"#1"},"west":{"uv":[15,0,16,2],"texture":"#1"},"up":{"uv":[15,0,16,2],"texture":"#1"},"down":{"uv":[15,0,16,2],"texture":"#1"}}},{"name":"trident","from":[5.5,19,7.6],"to":[10.5,20,8.35],"rotation":{"angle":0,"axis":"y","origin":[7,19,7]},"faces":{"north":{"uv":[8,15,10,16],"texture":"#1"},"east":{"uv":[8,15,10,16],"texture":"#1"},"south":{"uv":[8,15,10,16],"texture":"#1"},"west":{"uv":[8,15,10,16],"texture":"#1"},"up":{"uv":[8,15,10,16],"texture":"#1"},"down":{"uv":[8,15,10,16],"texture":"#1"}}},{"name":"trident","from":[9.5,19,7.5],"to":[10.5,21,8.5],"rotation":{"angle":0,"axis":"y","origin":[12,19,7]},"faces":{"north":{"uv":[6,14,7,16],"texture":"#1"},"east":{"uv":[6,14,7,16],"texture":"#1"},"south":{"uv":[6,14,7,16],"texture":"#1"},"west":{"uv":[6,14,7,16],"texture":"#1"},"up":{"uv":[6,14,7,15],"texture":"#1"},"down":{"uv":[6,15,7,16],"texture":"#1"}}},{"name":"trident","from":[7.5,3,7.5],"to":[8.5,19,8.5],"rotation":{"angle":0,"axis":"y","origin":[8,-4,8]},"faces":{"north":{"uv":[0,0,1,16],"texture":"#1"},"east":{"uv":[0,0,1,16],"texture":"#1"},"south":{"uv":[0,0,1,16],"texture":"#1"},"west":{"uv":[0,0,1,16],"texture":"#1"},"up":{"uv":[0,0,1,1],"texture":"#1"},"down":{"uv":[0,15,1,16],"texture":"#1"}}},{"name":"trident","from":[5.5,19,7.5],"to":[6.5,21,8.5],"rotation":{"angle":0,"axis":"y","origin":[7,19,7]},"faces":{"north":{"uv":[6,14,7,16],"texture":"#1"},"east":{"uv":[6,14,7,16],"texture":"#1"},"south":{"uv":[6,14,7,16],"texture":"#1"},"west":{"uv":[6,14,7,16],"texture":"#1"},"up":{"uv":[6,14,7,15],"texture":"#1"},"down":{"uv":[6,15,7,16],"texture":"#1"}}},{"name":"ribbe","from":[1,23,11],"to":[19,26,12],"rotation":{"angle":-22.5,"axis":"z","origin":[10,29,7]},"faces":{"north":{"uv":[0,0,16,3],"texture":"#1_1"},"east":{"uv":[0,0,1,3],"texture":"#2"},"south":{"uv":[0,0,16,3],"texture":"#1_1"},"west":{"uv":[0,0,1,3],"texture":"#2"},"up":{"uv":[0,0,16,1],"texture":"#2"},"down":{"uv":[0,0,16,1],"texture":"#2"}}},{"name":"ribbe","from":[1,23,1],"to":[19,26,2],"rotation":{"angle":-22.5,"axis":"z","origin":[10,29,7]},"faces":{"north":{"uv":[0,0,16,3],"texture":"#1_1"},"east":{"uv":[0,0,1,3],"texture":"#2"},"south":{"uv":[0,0,16,3],"texture":"#1_1"},"west":{"uv":[0,0,1,3],"texture":"#2"},"up":{"uv":[0,0,16,1],"texture":"#2"},"down":{"uv":[0,0,16,1],"texture":"#2"}}},{"name":"ribbe","from":[1,21,11],"to":[19,23,12],"rotation":{"angle":-22.5,"axis":"z","origin":[10,29,7]},"faces":{"north":{"uv":[0,14,16,16],"texture":"#1_1"},"east":{"uv":[0,0,1,2],"texture":"#2"},"south":{"uv":[0,14,16,16],"texture":"#1_1"},"west":{"uv":[0,0,1,2],"texture":"#2"},"up":{"uv":[0,0,16,1],"texture":"#2"},"down":{"uv":[0,0,16,1],"texture":"#2"}}},{"name":"ribbe","from":[1,21,1],"to":[19,23,2],"rotation":{"angle":-22.5,"axis":"z","origin":[10,29,7]},"faces":{"north":{"uv":[0,14,16,16],"texture":"#1_1"},"east":{"uv":[0,0,1,2],"texture":"#2"},"south":{"uv":[0,14,16,16],"texture":"#1_1"},"west":{"uv":[0,0,1,2],"texture":"#2"},"up":{"uv":[0,0,16,1],"texture":"#2"},"down":{"uv":[0,0,16,1],"texture":"#2"}}},{"name":"ribbe","from":[-1,23,6],"to":[21,26,7],"rotation":{"angle":-22.5,"axis":"z","origin":[10,29,7]},"faces":{"north":{"uv":[0,16,16,13],"texture":"#1_1"},"east":{"uv":[0,0,1,3],"texture":"#2"},"south":{"uv":[0,16,16,13],"texture":"#1_1"},"west":{"uv":[0,0,1,3],"texture":"#2"},"up":{"uv":[0,0,16,1],"texture":"#2"},"down":{"uv":[0,0,16,1],"texture":"#2"}}},{"name":"ribbe","from":[-1,21,6],"to":[21,23,7],"rotation":{"angle":-22.5,"axis":"z","origin":[10,29,7]},"faces":{"north":{"uv":[0,16,16,14],"rotation":180,"texture":"#1_1"},"east":{"uv":[0,0,1,3],"rotation":180,"texture":"#2"},"south":{"uv":[0,16,16,14],"rotation":180,"texture":"#1_1"},"west":{"uv":[0,0,1,3],"rotation":180,"texture":"#2"},"up":{"uv":[0,0,16,1],"rotation":180,"texture":"#2"},"down":{"uv":[0,0,16,1],"rotation":180,"texture":"#2"}}},{"name":"ribbe","from":[7,21,-2],"to":[8,23,15],"rotation":{"angle":-22.5,"axis":"z","origin":[10,29,7]},"faces":{"north":{"uv":[0,0,1,3],"rotation":180,"texture":"#2"},"east":{"uv":[16,16,0,13],"texture":"#1_1"},"south":{"uv":[0,0,1,3],"rotation":180,"texture":"#2"},"west":{"uv":[16,16,0,14],"rotation":180,"texture":"#1_1"},"up":{"uv":[0,0,16,1],"rotation":270,"texture":"#2"},"down":{"uv":[0,0,16,1],"rotation":270,"texture":"#2"}}},{"name":"ribbe","from":[12,21,-2],"to":[13,23,15],"rotation":{"angle":-22.5,"axis":"z","origin":[10,29,7]},"faces":{"north":{"uv":[0,0,1,3],"rotation":180,"texture":"#2"},"east":{"uv":[16,16,0,13],"texture":"#1_1"},"south":{"uv":[0,0,1,3],"rotation":180,"texture":"#2"},"west":{"uv":[16,16,0,14],"rotation":180,"texture":"#1_1"},"up":{"uv":[0,0,16,1],"rotation":270,"texture":"#2"},"down":{"uv":[0,0,16,1],"rotation":270,"texture":"#2"}}},{"name":"ribbe","from":[7,23,-2],"to":[8,26,15],"rotation":{"angle":-22.5,"axis":"z","origin":[10,29,7]},"faces":{"north":{"uv":[0,0,1,3],"texture":"#2"},"east":{"uv":[16,16,0,13],"texture":"#1_1"},"south":{"uv":[0,0,1,3],"texture":"#2"},"west":{"uv":[16,16,0,13],"texture":"#1_1"},"up":{"uv":[0,0,16,1],"rotation":270,"texture":"#2"},"down":{"uv":[0,0,16,1],"rotation":270,"texture":"#2"}}},{"name":"ribbe","from":[12,23,-2],"to":[13,26,15],"rotation":{"angle":-22.5,"axis":"z","origin":[10,29,7]},"faces":{"north":{"uv":[0,0,1,3],"texture":"#2"},"east":{"uv":[16,16,0,13],"texture":"#1_1"},"south":{"uv":[0,0,1,3],"texture":"#2"},"west":{"uv":[16,16,0,13],"texture":"#1_1"},"up":{"uv":[0,0,16,1],"rotation":270,"texture":"#2"},"down":{"uv":[0,0,16,1],"rotation":270,"texture":"#2"}}},{"name":"ribbe","from":[17,23,0],"to":[18,26,13],"rotation":{"angle":-22.5,"axis":"z","origin":[10,29,7]},"faces":{"north":{"uv":[0,0,1,3],"texture":"#2"},"east":{"uv":[0,16,16,13],"texture":"#1_1"},"south":{"uv":[0,0,1,3],"texture":"#2"},"west":{"uv":[0,16,16,13],"texture":"#1_1"},"up":{"uv":[0,0,16,1],"rotation":270,"texture":"#2"},"down":{"uv":[0,0,16,1],"rotation":270,"texture":"#2"}}},{"name":"ribbe","from":[2,23,0],"to":[3,26,13],"rotation":{"angle":-22.5,"axis":"z","origin":[10,29,7]},"faces":{"north":{"uv":[0,0,1,3],"texture":"#2"},"east":{"uv":[0,16,16,13],"texture":"#1_1"},"south":{"uv":[0,0,1,3],"texture":"#2"},"west":{"uv":[0,16,16,13],"texture":"#1_1"},"up":{"uv":[0,0,16,1],"rotation":270,"texture":"#2"},"down":{"uv":[0,0,16,1],"rotation":270,"texture":"#2"}}},{"name":"ribbe","from":[17,21,0],"to":[18,23,13],"rotation":{"angle":-22.5,"axis":"z","origin":[10,29,7]},"faces":{"north":{"uv":[0,0,1,3],"rotation":180,"texture":"#2"},"east":{"uv":[0,16,16,14],"rotation":180,"texture":"#1_1"},"south":{"uv":[0,0,1,3],"rotation":180,"texture":"#2"},"west":{"uv":[0,16,16,14],"rotation":180,"texture":"#1_1"},"up":{"uv":[0,0,16,1],"rotation":270,"texture":"#2"},"down":{"uv":[0,0,16,1],"rotation":270,"texture":"#2"}}},{"name":"ribbe","from":[2,21,0],"to":[3,23,13],"rotation":{"angle":-22.5,"axis":"z","origin":[10,29,7]},"faces":{"north":{"uv":[0,0,1,3],"rotation":180,"texture":"#2"},"east":{"uv":[0,16,16,14],"rotation":180,"texture":"#1_1"},"south":{"uv":[0,0,1,3],"rotation":180,"texture":"#2"},"west":{"uv":[0,16,16,14],"rotation":180,"texture":"#1_1"},"up":{"uv":[0,0,16,1],"rotation":270,"texture":"#2"},"down":{"uv":[0,0,16,1],"rotation":270,"texture":"#2"}}},{"from":[1,22.1,2],"to":[19,24.6,11],"rotation":{"angle":-22.5,"axis":"z","origin":[10,29,7]},"faces":{"north":{"uv":[2,2,14,3.5],"texture":"#1_1"},"east":{"uv":[2,2,12,5.5],"texture":"#1_1"},"south":{"uv":[2,2,14,3.5],"texture":"#1_1"},"west":{"uv":[2,2,12,5.5],"texture":"#1_1"},"up":{"uv":[2,2,15,9],"texture":"#1_1"},"down":{"uv":[2,2,14,9],"texture":"#1_1"}}},{"from":[3,22.1,0],"to":[17,24.6,1],"rotation":{"angle":-22.5,"axis":"z","origin":[10,29,7]},"faces":{"north":{"uv":[2,3,15,5.5],"texture":"#1_1"},"east":{"uv":[2,3,3,5.5],"texture":"#1_1"},"south":{"uv":[2,3,15,5.5],"texture":"#1_1"},"west":{"uv":[2,3,3,5.5],"texture":"#1_1"},"up":{"uv":[2,3,16,3.5],"texture":"#1_1"},"down":{"uv":[2,3,16,3.5],"texture":"#1_1"}}},{"from":[3,22.1,12],"to":[17,24.6,13],"rotation":{"angle":-22.5,"axis":"z","origin":[10,29,7]},"faces":{"north":{"uv":[1,11,15,13.5],"texture":"#1_1"},"east":{"uv":[1,11,2,13.5],"texture":"#1_1"},"south":{"uv":[1,11,15,13.5],"texture":"#1_1"},"west":{"uv":[1,11,2,13.5],"texture":"#1_1"},"up":{"uv":[0,11,16,11.5],"texture":"#1_1"},"down":{"uv":[0,11,16,11.5],"texture":"#1_1"}}}],"display":{"thirdperson_righthand":{"rotation":[0,60,0],"translation":[0,0,1],"scale":[0.5,0.5,0.5]},"thirdperson_lefthand":{"rotation":[0,60,0],"translation":[0,0,1],"scale":[0.5,0.5,0.5]},"firstperson_righthand":{"rotation":[-29,120,5],"scale":[0.7,0.7,0.7]},"firstperson_lefthand":{"rotation":[-20,-70,5],"scale":[0.7,0.7,0.7]},"ground":{"translation":[0,0.25,0],"scale":[0.7,0.7,0.7]},"gui":{"rotation":[30,-45,0],"translation":[0,-4.75,0],"scale":[0.5,0.5,0.5]},"head":{"rotation":[0,90,0],"translation":[1,14,-4.5],"scale":[2.2,2.2,2.2]},"fixed":{"rotation":[0,0,40],"translation":[0.75,-2,0],"scale":[0.7,0.7,0.7]}},"groups":[0,1,2,3,4,5,6,7,8,9,{"name":"waffle","origin":[8,8,8],"color":0,"children":[10,11,12,13,14,15,16,17,18,19,20,21,22,23,24,25,26]}],"credit":"Model by Craftventure"}