{"textures":{"1":"block/armen1"},"elements":[{"from":[0,0,0],"to":[4,12,4],"faces":{"north":{"uv":[10,2,12,8],"texture":"#1"},"east":{"uv":[8,2,10,8],"texture":"#1"},"south":{"uv":[14,2,16,8],"texture":"#1"},"west":{"uv":[12,2,14,8],"texture":"#1"},"up":{"uv":[10,0,12,2],"texture":"#1"},"down":{"uv":[12,2,14,0],"texture":"#1"}}}],"display":{"thirdperson_righthand":{"rotation":[90,0,0],"translation":[6,-8,8]},"thirdperson_lefthand":{"rotation":[90,90,0],"translation":[6,-8,8]},"gui":{"rotation":[30,-135,0],"translation":[-8,1.5,0]}},"credit":"Model by Craftventure"}