{"textures":{"layer0":"item/food/candy2","layer1":"item/food/candy2"},"elements":[{"from":[0,6,8],"to":[10,16,8],"faces":{"north":{"uv":[6,0,16,10],"texture":"#layer0","tintindex":0},"south":{"uv":[16,0,6,10],"texture":"#layer0","tintindex":0}}},{"from":[9,0,7.99],"to":[16,7,8],"faces":{"north":{"uv":[0,9,7,16],"texture":"#layer1"},"south":{"uv":[7,9,0,16],"texture":"#layer1"}}}],"display":{"thirdperson_righthand":{"translation":[0,3,1],"scale":[0.55,0.55,0.55]},"thirdperson_lefthand":{"translation":[0,3,1],"scale":[0.55,0.55,0.55]},"firstperson_righthand":{"rotation":[0,-90,25],"translation":[1.13,3.2,1.13],"scale":[0.68,0.68,0.68]},"firstperson_lefthand":{"rotation":[0,-90,25],"translation":[1.13,3.2,1.13],"scale":[0.68,0.68,0.68]},"ground":{"translation":[0,2,0],"scale":[0.5,0.5,0.5]},"gui":{"rotation":[0,180,0]},"head":{"rotation":[0,180,0],"translation":[0,13,7]},"fixed":{"rotation":[0,180,0]}},"credit":"Model by Craftventure"}