{"textures":{"1":"custom/hairstyle/ponytail"},"elements":[{"from":[11,-4,11],"to":[14,10,14],"faces":{"north":{"uv":[4,0,7,14],"texture":"#1","tintindex":0},"east":{"uv":[8,0,5,14],"texture":"#1","tintindex":0},"south":{"uv":[13,0,16,14],"texture":"#1","tintindex":0},"west":{"uv":[13,0,16,14],"texture":"#1","tintindex":0},"up":{"uv":[9,1,12,4],"texture":"#1","tintindex":0},"down":{"uv":[8,4,12,8],"texture":"#1","tintindex":0}}},{"from":[2,-4,11],"to":[5,10,14],"rotation":{"angle":0,"axis":"y","origin":[16,0,0]},"faces":{"north":{"uv":[3,0,0,14],"texture":"#1","tintindex":0},"east":{"uv":[3,0,0,14],"texture":"#1","tintindex":0},"south":{"uv":[4,0,7,14],"texture":"#1","tintindex":0},"west":{"uv":[2,0,5,14],"texture":"#1","tintindex":0},"up":{"uv":[12,1,9,4],"texture":"#1","tintindex":0},"down":{"uv":[12,4,8,8],"texture":"#1","tintindex":0}}}],"display":{"gui":{"rotation":[30,45,0],"translation":[-3.25,5.75,0],"scale":[1.1,1.1,1.1]},"head":{"scale":[1.6,1.6,1.6]}},"credit":"Model by Craftventure"}