{"textures":{"0":"custom/hairstyle/pompadour","particle":"custom/hairstyle/pompadour"},"elements":[{"from":[4.99,7.99,5.99],"to":[11.01,9.01,12.01],"faces":{"north":{"uv":[13,3,16,3.5],"texture":"#0","tintindex":0},"east":{"uv":[13,3.5,16,4],"texture":"#0","tintindex":0},"south":{"uv":[13,1,16,1.5],"texture":"#0","tintindex":0},"west":{"uv":[13,3.5,16,4],"texture":"#0","tintindex":0},"up":{"uv":[13,4.5,16,1.5],"texture":"#0","tintindex":0},"down":{"uv":[13,3.5,16,6.5],"texture":"#0","tintindex":0}}},{"from":[3.99,6.99,2.99],"to":[12.01,11.01,7.01],"rotation":{"angle":22.5,"axis":"x","origin":[8,10,6]},"faces":{"north":{"uv":[4,2,0,0],"rotation":180,"texture":"#0","tintindex":0},"east":{"uv":[2,4,0,6],"rotation":90,"texture":"#0","tintindex":0},"south":{"uv":[4,2,8,4],"texture":"#0","tintindex":0},"west":{"uv":[0,4,2,6],"rotation":270,"texture":"#0","tintindex":0},"up":{"uv":[8,2,4,0],"texture":"#0","tintindex":0},"down":{"uv":[0,2,4,4],"rotation":180,"texture":"#0","tintindex":0}}}],"display":{"gui":{"rotation":[30,-135,0],"translation":[-1.5,0,0],"scale":[1.5,1.5,1.5]},"head":{"translation":[0,6.4,0],"scale":[1.6,1.6,1.6]}},"credit":"Model by Craftventure"}