{"textures":{"0":"custom/hairstyle/space_buns","particle":"custom/hairstyle/space_buns"},"elements":[{"from":[2,1,5],"to":[4,7,11],"rotation":{"angle":0,"axis":"y","origin":[3,4,8]},"faces":{"north":{"uv":[2,2,0,8],"texture":"#0","tintindex":0},"east":{"uv":[2,2,8,8],"texture":"#0","tintindex":0},"south":{"uv":[2,2,0,8],"texture":"#0","tintindex":0},"west":{"uv":[2,2,8,8],"texture":"#0","tintindex":0},"up":{"uv":[2,2,8,0],"rotation":90,"texture":"#0","tintindex":0},"down":{"uv":[2,10,8,8],"rotation":90,"texture":"#0","tintindex":0}}},{"from":[12,1,5],"to":[14,7,11],"faces":{"north":{"uv":[0,2,2,8],"texture":"#0","tintindex":0},"east":{"uv":[8,2,2,8],"texture":"#0","tintindex":0},"south":{"uv":[0,2,2,8],"texture":"#0","tintindex":0},"west":{"uv":[2,2,8,8],"texture":"#0","tintindex":0},"up":{"uv":[2,0,8,2],"rotation":90,"texture":"#0","tintindex":0},"down":{"uv":[2,8,8,10],"texture":"#0","tintindex":0}}},{"from":[1.75,0.75,4.75],"to":[4.25,7.25,11.25],"rotation":{"angle":0,"axis":"y","origin":[3,4,8]},"faces":{"north":{"uv":[10,2,8,8],"texture":"#0","tintindex":0},"south":{"uv":[8,2,10,8],"texture":"#0","tintindex":0},"west":{"uv":[10,2,16,8],"texture":"#0","tintindex":0},"up":{"uv":[10,2,16,0],"rotation":90,"texture":"#0","tintindex":0},"down":{"uv":[10,10,16,8],"rotation":90,"texture":"#0","tintindex":0}}},{"from":[11.75,0.75,4.75],"to":[14.25,7.25,11.25],"faces":{"north":{"uv":[8,2,10,8],"texture":"#0","tintindex":0},"east":{"uv":[16,2,10,8],"texture":"#0","tintindex":0},"south":{"uv":[10,2,8,8],"texture":"#0","tintindex":0},"up":{"uv":[10,0,16,2],"rotation":90,"texture":"#0","tintindex":0},"down":{"uv":[10,8,16,10],"texture":"#0","tintindex":0}}}],"display":{"gui":{"rotation":[35,-135,0],"translation":[0,4.25,0],"scale":[1.4,1.4,1.4]},"head":{"translation":[0,6.5,0],"scale":[1.6,1.6,1.6]}},"credit":"Model by Craftventure"}