{"textures":{"0":"block/at-at","particle":"block/at-at"},"elements":[{"from":[-1.34682,4.80591,3],"to":[16.65318,22.80591,13],"rotation":{"angle":0,"axis":"y","origin":[7.93835,7.55934,8]},"faces":{"north":{"uv":[0,0,2.25,2.25],"texture":"#0"},"east":{"uv":[2.25,0,3.5,2.25],"texture":"#0"},"south":{"uv":[2.25,0,0,2.25],"texture":"#0"},"west":{"uv":[2.25,2.25,3.5,4.5],"texture":"#0"},"up":{"uv":[5.75,1.25,3.5,0],"texture":"#0"},"down":{"uv":[5.75,1.25,3.5,2.5],"texture":"#0"}}},{"from":[-1.34682,1.92892,2.32691],"to":[16.65318,6.92892,2.32691],"rotation":{"angle":-22.5,"axis":"x","origin":[7.93835,7.55934,8]},"faces":{"north":{"uv":[5.75,3,8,3.625],"texture":"#0"},"south":{"uv":[8,3,5.75,3.625],"texture":"#0"}}},{"from":[-1.34682,1.92892,13.67309],"to":[16.65318,6.92892,13.67309],"rotation":{"angle":22.5,"axis":"x","origin":[7.93835,7.55934,8]},"faces":{"north":{"uv":[5.75,3,8,3.625],"texture":"#0"},"south":{"uv":[8,3,5.75,3.625],"texture":"#0"}}},{"from":[-11.34682,4.80591,4],"to":[-1.34682,17.80591,12],"rotation":{"angle":0,"axis":"y","origin":[7.93835,7.55934,8]},"faces":{"north":{"uv":[3.5,2.5,4.75,4.125],"texture":"#0"},"east":{"uv":[2.5,4.5,3.5,6.125],"texture":"#0"},"south":{"uv":[4.75,2.5,3.5,4.125],"texture":"#0"},"west":{"uv":[4.75,2.5,5.75,4.125],"texture":"#0"},"down":{"uv":[7,6.25,5.75,7.25],"texture":"#0"}}},{"from":[16.65318,4.80591,4],"to":[26.65318,16.80591,12],"rotation":{"angle":0,"axis":"y","origin":[7.93835,7.55934,8]},"faces":{"north":{"uv":[0,4.5,1.25,6],"texture":"#0"},"east":{"uv":[4.75,4.125,5.75,5.625],"texture":"#0"},"south":{"uv":[1.25,4.5,0,6],"texture":"#0"},"west":{"uv":[10.625,5.75,11.625,7.25],"texture":"#0"},"down":{"uv":[8,1,6.75,2],"texture":"#0"}}},{"from":[26.65318,4.80591,4],"to":[27.65318,16.80591,4],"rotation":{"angle":0,"axis":"y","origin":[7.93835,7.55934,8]},"faces":{"north":{"uv":[3.625,9.375,3.75,10.875],"texture":"#0"},"south":{"uv":[3.625,9.375,3.75,10.875],"texture":"#0"}}},{"from":[26.65318,4.80591,12],"to":[27.65318,16.80591,12],"rotation":{"angle":0,"axis":"y","origin":[7.93835,7.55934,8]},"faces":{"north":{"uv":[5.375,9.5,5.5,11],"texture":"#0"},"south":{"uv":[5.375,9.5,5.5,11],"texture":"#0"}}},{"from":[26.65318,16.80591,4],"to":[27.65318,16.80591,12],"rotation":{"angle":0,"axis":"y","origin":[7.93835,7.55934,8]},"faces":{"up":{"uv":[2.625,10.75,2.5,9.75],"texture":"#0"},"down":{"uv":[2.625,10.75,2.5,9.75],"rotation":180,"texture":"#0"}}},{"from":[26.65318,4.80591,4],"to":[27.65318,4.80591,12],"rotation":{"angle":0,"axis":"y","origin":[7.93835,7.55934,8]},"faces":{"up":{"uv":[2.75,9.75,2.625,10.75],"rotation":180,"texture":"#0"},"down":{"uv":[2.75,9.75,2.625,10.75],"texture":"#0"}}},{"from":[-5.95763,20.40605,4.08],"to":[5.04237,24.40605,11.92],"rotation":{"angle":22.5,"axis":"z","origin":[7.93835,7.55934,8]},"faces":{"north":{"uv":[1,7.875,2.375,8.375],"texture":"#0"},"south":{"uv":[2.375,7.875,1,8.375],"texture":"#0"},"up":{"uv":[7.125,5.25,5.75,4.25],"texture":"#0"}}},{"from":[10.69009,19.26391,4.08],"to":[21.69009,23.26391,11.92],"rotation":{"angle":-22.5,"axis":"z","origin":[7.93835,7.55934,8]},"faces":{"north":{"uv":[7.875,4.25,9.25,4.75],"texture":"#0"},"south":{"uv":[9.25,4.25,7.875,4.75],"texture":"#0"},"up":{"uv":[1.375,7,0,6],"texture":"#0"}}},{"from":[13.65318,0.80591,6],"to":[23.65318,4.80591,10],"rotation":{"angle":0,"axis":"z","origin":[7.93835,7.55934,8]},"faces":{"north":{"uv":[8,1.5,9.25,2],"texture":"#0"},"east":{"uv":[7,9.25,7.5,9.75],"texture":"#0"},"south":{"uv":[8,3.75,9.25,4.25],"texture":"#0"},"west":{"uv":[7.5,9.25,8,9.75],"texture":"#0"},"up":{"uv":[7,8.625,5.75,8.125],"texture":"#0"},"down":{"uv":[9.375,6.875,8.125,7.375],"texture":"#0"}}},{"from":[-9.84682,0.80591,6],"to":[3.15318,4.80591,10],"rotation":{"angle":0,"axis":"z","origin":[7.93835,7.55934,8]},"faces":{"north":{"uv":[5.625,7.625,7.25,8.125],"texture":"#0"},"east":{"uv":[8,9.25,8.5,9.75],"texture":"#0"},"south":{"uv":[7.25,7.625,8.875,8.125],"texture":"#0"},"up":{"uv":[9.375,2.5,7.75,2],"texture":"#0"},"down":{"uv":[9.375,2.5,7.75,3],"texture":"#0"}}},{"from":[14.65318,1.80591,4.5],"to":[16.65318,3.80591,11.5],"rotation":{"angle":0,"axis":"z","origin":[7.93835,7.55934,8]},"faces":{"north":{"uv":[2.75,10,3,10.25],"texture":"#0"},"east":{"uv":[9.375,7.125,10.25,7.375],"texture":"#0"},"south":{"uv":[3,10,3.25,10.25],"texture":"#0"},"west":{"uv":[9.375,7.375,10.25,7.625],"texture":"#0"},"up":{"uv":[1.125,10.375,0.875,9.5],"texture":"#0"},"down":{"uv":[1.375,9.5,1.125,10.375],"texture":"#0"}}},{"from":[0.15318,1.80591,4.5],"to":[2.15318,3.80591,11.5],"rotation":{"angle":0,"axis":"z","origin":[7.93835,7.55934,8]},"faces":{"north":{"uv":[3.25,10,3.5,10.25],"texture":"#0"},"east":{"uv":[1.375,9.5,2.25,9.75],"texture":"#0"},"south":{"uv":[3.75,10,4,10.25],"texture":"#0"},"west":{"uv":[4.25,9.5,5.125,9.75],"texture":"#0"},"up":{"uv":[5.375,10.375,5.125,9.5],"texture":"#0"},"down":{"uv":[9.5,9.5,9.25,10.375],"texture":"#0"}}},{"from":[-11.84682,7.29341,3.90983],"to":[-11.34682,12.29341,5.90983],"rotation":{"angle":22.5,"axis":"x","origin":[7.93835,7.55934,8]},"faces":{"north":{"uv":[8.375,9.75,8.5,10.375],"texture":"#0"},"east":{"uv":[6.25,9.625,6.5,10.25],"texture":"#0"},"south":{"uv":[0,9.875,0.125,10.5],"texture":"#0"},"west":{"uv":[6.5,9.625,6.75,10.25],"texture":"#0"},"up":{"uv":[7.75,10.25,7.625,10],"texture":"#0"},"down":{"uv":[7.875,10,7.75,10.25],"texture":"#0"}}},{"from":[-11.84682,7.29341,10.09017],"to":[-11.34682,12.29341,12.09017],"rotation":{"angle":-22.5,"axis":"x","origin":[7.93835,7.55934,8]},"faces":{"north":{"uv":[9.875,0,10,0.625],"texture":"#0"},"east":{"uv":[8.5,9.625,8.75,10.25],"texture":"#0"},"south":{"uv":[0.125,9.875,0.25,10.5],"texture":"#0"},"west":{"uv":[9.625,8.625,9.875,9.25],"texture":"#0"},"up":{"uv":[10.125,8.25,10,8],"texture":"#0"},"down":{"uv":[9.625,10,9.5,10.25],"texture":"#0"}}},{"from":[-11.56543,0.17074,6],"to":[-10.06543,4.17074,10],"rotation":{"angle":-22.5,"axis":"z","origin":[7.93835,7.55934,8]},"faces":{"north":{"uv":[9.75,4.375,10,4.875],"texture":"#0"},"east":{"uv":[9.375,0.5,9.875,1],"texture":"#0"},"south":{"uv":[4.5,9.75,4.75,10.25],"texture":"#0"},"west":{"uv":[2.75,9.375,3.25,9.875],"texture":"#0"},"up":{"uv":[5,10.25,4.75,9.75],"texture":"#0"}}},{"from":[-11.07743,8.12607,6.04],"to":[-9.57743,16.12607,9.96],"rotation":{"angle":22.5,"axis":"z","origin":[7.93835,7.55934,8]},"faces":{"north":{"uv":[0.375,9.125,0.625,10.125],"texture":"#0"},"east":{"uv":[8.5,8.625,9,9.625],"texture":"#0"},"south":{"uv":[9.375,1.875,9.625,2.875],"texture":"#0"},"west":{"uv":[8.875,0,9.375,1],"texture":"#0"}}}],"display":{"gui":{"rotation":[30,-45,0],"translation":[0,-2,0],"scale":[0.4,0.4,0.4]},"head":{"rotation":[0,90,0],"translation":[0,-21,0.375],"scale":[2.5,2.5,3]}},"groups":[{"name":"at-at","origin":[8,8,8],"children":[{"name":"group","origin":[-3,20.1028,8],"children":[{"name":"group","origin":[8,8,8],"children":[{"name":"group","origin":[8,8,8],"children":[{"name":"group","origin":[8,0.5,8],"children":[]},{"name":"group","origin":[8,0.5,8],"children":[]}]},{"name":"group","origin":[8,8,8],"children":[{"name":"group","origin":[8,0.5,8],"children":[]},{"name":"group","origin":[8,0.5,8],"children":[]}]}]},{"name":"group","origin":[10.57665,20.6285,8.5],"children":[0,1,2,3,4,{"name":"group","origin":[-3,20.1028,8],"children":[5,6,7,8]},{"name":"group","origin":[25,12.5,12.5],"children":[{"name":"group","origin":[36.16667,11.5,6],"children":[]},{"name":"group","origin":[36.16667,11.5,6],"children":[]}]},9,10]}]},{"name":"group","origin":[8.38268,8.07612,8],"children":[11,12,13,14]},{"name":"group","origin":[-21.33782,10.98253,8],"children":[15,16,17,18]}]}],"credit":"Model by Craftventure"}