{"textures":{"0":"block/at-at","particle":"block/at-at"},"elements":[{"from":[13.51533,7.95456,8.59005],"to":[14.01533,8.95456,9.59005],"rotation":{"angle":0,"axis":"y","origin":[8.02029,10.64557,11.01582]},"faces":{"north":{"uv":[0.625,9.375,0.75,9.5],"texture":"#0"},"east":{"uv":[9.25,9.375,9.375,9.5],"texture":"#0"},"south":{"uv":[1.625,10.25,1.75,10.375],"texture":"#0"},"west":{"uv":[1.75,10.25,1.875,10.375],"texture":"#0"},"up":{"uv":[10.375,1.875,10.25,1.75],"texture":"#0"},"down":{"uv":[2,10.25,1.875,10.375],"texture":"#0"}}},{"from":[14.01533,7.95456,8.59005],"to":[14.51533,8.95456,9.59005],"rotation":{"angle":0,"axis":"y","origin":[8.02029,10.64557,11.01582]},"faces":{"west":{"uv":[7.375,10.25,7.5,10.375],"texture":"#0"},"up":{"uv":[10.375,7.5,10.25,7.375],"texture":"#0"},"down":{"uv":[7.625,10.25,7.5,10.375],"texture":"#0"}}},{"from":[8.51533,8.20456,8.84005],"to":[13.51533,8.70456,9.34005],"rotation":{"angle":0,"axis":"y","origin":[8.02029,10.64557,11.01582]},"faces":{"north":{"uv":[8.875,8,9.5,8.125],"texture":"#0"},"south":{"uv":[9.875,0.625,10.5,0.75],"texture":"#0"},"up":{"uv":[10.5,0.875,9.875,0.75],"texture":"#0"},"down":{"uv":[10.5,0.875,9.875,1],"texture":"#0"}}}],"display":{"gui":{"rotation":[30,-45,0],"translation":[1.25,0,0],"scale":[1.4,1.4,1.4]},"head":{"rotation":[0,90,90],"translation":[-2.75,1.5,-1],"scale":[2.5,2.5,2.5]}},"groups":[{"name":"group","origin":[25,12.5,12.5],"children":[0,1,2,{"name":"group","origin":[36.16667,11.5,6],"children":[]},{"name":"group","origin":[36.16667,11.5,6],"children":[]}]}],"credit":"Model by Craftventure"}