{"textures":{"0":"block/at-at","particle":"block/at-at"},"elements":[{"from":[-0.98467,6.45456,3.59005],"to":[5.01533,12.45456,12.59005],"rotation":{"angle":0,"axis":"y","origin":[8.02029,7.64557,8.01582]},"faces":{"north":{"uv":[8.25,5.25,9,6],"texture":"#0"},"east":{"uv":[7,6.875,8.125,7.625],"texture":"#0"},"south":{"uv":[0,8.375,0.75,9.125],"texture":"#0"},"west":{"uv":[1.375,7.125,2.5,7.875],"texture":"#0"},"up":{"uv":[4.5,7.875,3.75,6.75],"texture":"#0"},"down":{"uv":[7.875,4.25,7.125,5.375],"texture":"#0"}}},{"from":[-1.98467,6.45456,3.59005],"to":[-0.98467,12.45456,12.59005],"rotation":{"angle":0,"axis":"y","origin":[8.02029,7.64557,8.01582]},"faces":{"north":{"uv":[5,9.75,5.125,10.5],"texture":"#0"},"east":{"uv":[4.5,7.125,5.625,7.875],"texture":"#0"},"south":{"uv":[7,9.75,7.125,10.5],"texture":"#0"},"up":{"uv":[8.875,10.75,8.75,9.625],"texture":"#0"},"down":{"uv":[9,9.625,8.875,10.75],"texture":"#0"}}},{"from":[3.17539,10.5866,5.09005],"to":[6.17539,12.0866,11.09005],"rotation":{"angle":-22.5,"axis":"z","origin":[8.02029,7.64557,8.01582]},"faces":{"north":{"uv":[7.125,9.75,7.5,10],"texture":"#0"},"east":{"uv":[9.625,6.25,10.375,6.5],"texture":"#0"},"south":{"uv":[7.5,9.75,7.875,10],"texture":"#0"},"west":{"uv":[9.625,6.5,10.375,6.75],"texture":"#0"},"up":{"uv":[9.375,9.375,9,8.625],"texture":"#0"},"down":{"uv":[0.375,9.125,0,9.875],"texture":"#0"}}},{"from":[5.89033,7.20456,4.09005],"to":[9.89033,11.20456,4.59005],"rotation":{"angle":0,"axis":"y","origin":[8.02029,7.64557,8.01582]},"faces":{"north":{"uv":[9.25,4.125,9.75,4.625],"texture":"#0"},"east":{"uv":[1.625,8.375,1.75,8.875],"texture":"#0"},"west":{"uv":[1.75,8.375,1.875,8.875],"texture":"#0"},"up":{"uv":[3.25,9.375,2.75,9.25],"texture":"#0"},"down":{"uv":[3.75,8.375,3.25,8.5],"texture":"#0"}}},{"from":[5.89033,7.20456,11.59005],"to":[9.89033,11.20456,12.09005],"rotation":{"angle":0,"axis":"y","origin":[8.02029,7.64557,8.01582]},"faces":{"east":{"uv":[1.75,8.375,1.625,8.875],"texture":"#0"},"south":{"uv":[9.75,4.125,9.25,4.625],"texture":"#0"},"west":{"uv":[1.875,8.375,1.75,8.875],"texture":"#0"},"up":{"uv":[3.25,9.25,2.75,9.375],"texture":"#0"},"down":{"uv":[3.75,8.5,3.25,8.375],"texture":"#0"}}},{"from":[5.01533,6.45456,4.59005],"to":[12.51533,11.95456,11.59005],"rotation":{"angle":0,"axis":"y","origin":[8.02029,7.64557,8.01582]},"faces":{"north":{"uv":[0,7.625,1,8.375],"texture":"#0"},"south":{"uv":[2.5,7.625,3.5,8.375],"texture":"#0"},"west":{"uv":[8,0.75,8.875,1.5],"texture":"#0"},"up":{"uv":[7.75,2.875,6.75,2],"texture":"#0"},"down":{"uv":[3.75,6.75,2.75,7.625],"texture":"#0"}}},{"from":[12.51533,7.70456,2.84005],"to":[13.51533,8.20456,3.34005],"rotation":{"angle":0,"axis":"y","origin":[8.02029,7.64557,8.01582]},"faces":{"north":{"uv":[4.625,10.25,4.75,10.375],"texture":"#0"},"east":{"uv":[4.75,10.25,4.875,10.375],"texture":"#0"},"south":{"uv":[4.875,10.25,5,10.375],"texture":"#0"},"west":{"uv":[10.25,4.875,10.375,5],"texture":"#0"},"up":{"uv":[10.375,5.125,10.25,5],"texture":"#0"},"down":{"uv":[6.375,10.25,6.25,10.375],"texture":"#0"}}},{"from":[9.51533,7.82956,3.09005],"to":[12.51533,8.07956,3.09005],"rotation":{"angle":0,"axis":"y","origin":[8.02029,7.64557,8.01582]},"faces":{"north":{"uv":[10,5.25,10.375,5.375],"texture":"#0"},"south":{"uv":[10,5.25,10.375,5.375],"rotation":180,"texture":"#0"}}},{"from":[8.01533,7.70456,2.84005],"to":[9.51533,8.20456,3.34005],"rotation":{"angle":0,"axis":"y","origin":[8.02029,7.64557,8.01582]},"faces":{"north":{"uv":[10.125,8.125,10.375,8.25],"texture":"#0"},"east":{"uv":[3.875,10.25,4,10.375],"texture":"#0"},"south":{"uv":[10.125,10,10.375,10.125],"texture":"#0"},"west":{"uv":[4,10.25,4.125,10.375],"texture":"#0"},"up":{"uv":[10.375,10.25,10.125,10.125],"texture":"#0"},"down":{"uv":[10.5,0.125,10.25,0.25],"texture":"#0"}}},{"from":[6.01533,7.45456,2.59005],"to":[8.01533,8.45456,3.59005],"rotation":{"angle":0,"axis":"y","origin":[8.02029,7.64557,8.01582]},"faces":{"north":{"uv":[6.75,10.125,7,10.25],"texture":"#0"},"east":{"uv":[2.75,10.25,2.875,10.375],"texture":"#0"},"south":{"uv":[7.125,10.125,7.375,10.25],"texture":"#0"},"west":{"uv":[2.875,10.25,3,10.375],"texture":"#0"},"up":{"uv":[7.625,10.25,7.375,10.125],"texture":"#0"},"down":{"uv":[10.375,8,10.125,8.125],"texture":"#0"}}},{"from":[6.01533,11.34712,4.75127],"to":[7.01533,12.05422,5.45837],"rotation":{"angle":-45,"axis":"x","origin":[8.02029,7.64557,8.01582]},"faces":{"north":{"uv":[3.25,10.25,3.375,10.375],"texture":"#0"},"east":{"uv":[3.375,10.25,3.5,10.375],"texture":"#0"},"south":{"uv":[3.5,10.25,3.625,10.375],"texture":"#0"},"west":{"uv":[10.25,3.625,10.375,3.75],"texture":"#0"},"up":{"uv":[3.875,10.375,3.75,10.25],"texture":"#0"},"down":{"uv":[10.375,3.75,10.25,3.875],"texture":"#0"}}},{"from":[6.01533,8.70456,2.84005],"to":[7.51533,9.20456,3.34005],"rotation":{"angle":0,"axis":"y","origin":[8.02029,7.64557,8.01582]},"faces":{"north":{"uv":[10.25,0.25,10.5,0.375],"texture":"#0"},"east":{"uv":[4.125,10.25,4.25,10.375],"texture":"#0"},"south":{"uv":[10.25,0.375,10.5,0.5],"texture":"#0"},"west":{"uv":[4.25,10.25,4.375,10.375],"texture":"#0"},"up":{"uv":[10.5,0.625,10.25,0.5],"texture":"#0"},"down":{"uv":[10.5,1.375,10.25,1.5],"texture":"#0"}}},{"from":[6.01533,7.70456,3.59005],"to":[7.51533,8.20456,12.59005],"rotation":{"angle":0,"axis":"y","origin":[8.02029,7.64557,8.01582]},"faces":{"north":{"uv":[10.25,0.25,10.5,0.375],"texture":"#0"},"east":{"uv":[4.125,10.25,4.25,10.375],"texture":"#0"},"south":{"uv":[10.25,0.375,10.5,0.5],"texture":"#0"},"west":{"uv":[4.25,10.25,4.375,10.375],"texture":"#0"},"up":{"uv":[10.5,0.625,10.25,0.5],"texture":"#0"},"down":{"uv":[10.5,1.375,10.25,1.5],"texture":"#0"}}},{"from":[7.51533,8.82956,3.09005],"to":[8.51533,9.07956,3.09005],"rotation":{"angle":0,"axis":"y","origin":[8.02029,7.64557,8.01582]},"faces":{"north":{"uv":[4.375,10.25,4.5,10.375],"texture":"#0"},"south":{"uv":[4.375,10.25,4.5,10.375],"texture":"#0"}}},{"from":[5.76533,6.95456,2.09005],"to":[6.76533,8.70456,3.84005],"rotation":{"angle":0,"axis":"y","origin":[8.02029,7.64557,8.01582]},"faces":{"north":{"uv":[5.625,10.125,5.75,10.375],"texture":"#0"},"down":{"uv":[10.25,9.75,10.125,10],"texture":"#0"}}},{"from":[6.26533,6.95456,2.09005],"to":[6.26533,7.95456,3.09005],"rotation":{"angle":0,"axis":"y","origin":[8.02029,7.64557,8.01582]},"faces":{"north":{"uv":[0,0,0,0.125],"texture":"#0"},"east":{"uv":[3,10.25,3.125,10.375],"texture":"#0"},"south":{"uv":[0,0,0,0.125],"texture":"#0"},"west":{"uv":[3.125,10.25,3.25,10.375],"texture":"#0"},"up":{"uv":[0,0.125,0,0],"texture":"#0"},"down":{"uv":[0,0,0,0.125],"texture":"#0"}}},{"from":[12.51533,7.70456,12.84005],"to":[13.51533,8.20456,13.34005],"rotation":{"angle":0,"axis":"y","origin":[8.02029,7.64557,8.01582]},"faces":{"north":{"uv":[5,10.25,4.875,10.375],"texture":"#0"},"east":{"uv":[4.875,10.25,4.75,10.375],"texture":"#0"},"south":{"uv":[4.75,10.25,4.625,10.375],"texture":"#0"},"west":{"uv":[10.375,4.875,10.25,5],"texture":"#0"},"up":{"uv":[10.375,5,10.25,5.125],"texture":"#0"},"down":{"uv":[6.375,10.375,6.25,10.25],"texture":"#0"}}},{"from":[9.51533,7.82956,13.09005],"to":[12.51533,8.07956,13.09005],"rotation":{"angle":0,"axis":"y","origin":[8.02029,7.64557,8.01582]},"faces":{"north":{"uv":[10.375,5.25,10,5.375],"rotation":180,"texture":"#0"},"south":{"uv":[10.375,5.25,10,5.375],"texture":"#0"}}},{"from":[8.01533,7.70456,12.84005],"to":[9.51533,8.20456,13.34005],"rotation":{"angle":0,"axis":"y","origin":[8.02029,7.64557,8.01582]},"faces":{"north":{"uv":[10.375,10,10.125,10.125],"texture":"#0"},"east":{"uv":[4,10.25,3.875,10.375],"texture":"#0"},"south":{"uv":[10.375,8.125,10.125,8.25],"texture":"#0"},"west":{"uv":[4.125,10.25,4,10.375],"texture":"#0"},"up":{"uv":[10.375,10.125,10.125,10.25],"texture":"#0"},"down":{"uv":[10.5,0.25,10.25,0.125],"texture":"#0"}}},{"from":[6.01533,7.45456,12.59005],"to":[8.01533,8.45456,13.59005],"rotation":{"angle":0,"axis":"y","origin":[8.02029,7.64557,8.01582]},"faces":{"north":{"uv":[7.375,10.125,7.125,10.25],"texture":"#0"},"east":{"uv":[2.875,10.25,2.75,10.375],"texture":"#0"},"south":{"uv":[7,10.125,6.75,10.25],"texture":"#0"},"west":{"uv":[3,10.25,2.875,10.375],"texture":"#0"},"up":{"uv":[7.625,10.125,7.375,10.25],"texture":"#0"},"down":{"uv":[10.375,8.125,10.125,8],"texture":"#0"}}},{"from":[6.01533,11.45208,10.67824],"to":[7.01533,12.15918,11.38534],"rotation":{"angle":45,"axis":"x","origin":[8.02029,7.64557,8.01582]},"faces":{"north":{"uv":[3.625,10.25,3.5,10.375],"texture":"#0"},"east":{"uv":[3.5,10.25,3.375,10.375],"texture":"#0"},"south":{"uv":[3.375,10.25,3.25,10.375],"texture":"#0"},"west":{"uv":[10.375,3.625,10.25,3.75],"texture":"#0"},"up":{"uv":[3.875,10.25,3.75,10.375],"texture":"#0"},"down":{"uv":[10.375,3.875,10.25,3.75],"texture":"#0"}}},{"from":[6.01533,8.70456,12.84005],"to":[7.51533,9.20456,13.34005],"rotation":{"angle":0,"axis":"y","origin":[8.02029,7.64557,8.01582]},"faces":{"north":{"uv":[10.5,0.375,10.25,0.5],"texture":"#0"},"east":{"uv":[4.25,10.25,4.125,10.375],"texture":"#0"},"south":{"uv":[10.5,0.25,10.25,0.375],"texture":"#0"},"west":{"uv":[4.375,10.25,4.25,10.375],"texture":"#0"},"up":{"uv":[10.5,0.5,10.25,0.625],"texture":"#0"},"down":{"uv":[10.5,1.5,10.25,1.375],"texture":"#0"}}},{"from":[7.51533,8.82956,13.09005],"to":[8.51533,9.07956,13.09005],"rotation":{"angle":0,"axis":"y","origin":[8.02029,7.64557,8.01582]},"faces":{"north":{"uv":[4.5,10.25,4.375,10.375],"texture":"#0"},"south":{"uv":[4.5,10.25,4.375,10.375],"texture":"#0"}}},{"from":[5.76533,6.95456,12.34005],"to":[6.76533,8.70456,14.09005],"rotation":{"angle":0,"axis":"y","origin":[8.02029,7.64557,8.01582]},"faces":{"south":{"uv":[5.75,10.125,5.625,10.375],"texture":"#0"},"down":{"uv":[10.25,10,10.125,9.75],"texture":"#0"}}},{"from":[6.26533,6.95456,13.09005],"to":[6.26533,7.95456,14.09005],"rotation":{"angle":0,"axis":"y","origin":[8.02029,7.64557,8.01582]},"faces":{"north":{"uv":[0,0,0,0.125],"texture":"#0"},"east":{"uv":[3.125,10.25,3,10.375],"texture":"#0"},"south":{"uv":[0,0,0,0.125],"texture":"#0"},"west":{"uv":[3.25,10.25,3.125,10.375],"texture":"#0"},"up":{"uv":[0,0,0,0.125],"texture":"#0"},"down":{"uv":[0,0.125,0,0],"texture":"#0"}}},{"from":[3.51533,5.85621,4.39504],"to":[9.51533,7.85621,4.39504],"rotation":{"angle":-22.5,"axis":"x","origin":[8.02029,7.64557,8.01582]},"faces":{"north":{"uv":[9.625,1,10.375,1.25],"texture":"#0"},"south":{"uv":[10.375,1,9.625,1.25],"texture":"#0"}}},{"from":[-0.98467,7.9329,4.04416],"to":[4.89033,9.9329,5.04416],"rotation":{"angle":-45,"axis":"x","origin":[8.02029,7.64557,8.01582]},"faces":{"north":{"uv":[9.625,2.125,10.375,2.375],"texture":"#0"},"east":{"uv":[9.75,10,9.875,10.25],"texture":"#0"},"south":{"uv":[9.625,2.375,10.375,2.625],"texture":"#0"},"west":{"uv":[10,9.75,10.125,10],"texture":"#0"},"up":{"uv":[10.375,7.125,9.625,7],"texture":"#0"},"down":{"uv":[10.375,7.875,9.625,8],"texture":"#0"}}},{"from":[2.99264,7.57468,5.46505],"to":[4.99264,9.57468,6.71505],"rotation":{"angle":45,"axis":"z","origin":[8.02029,7.64557,8.01582]},"faces":{"north":{"uv":[3.5,7.625,3.75,7.875],"texture":"#0"},"east":{"uv":[0.5,10.125,0.625,10.375],"texture":"#0"},"south":{"uv":[6.75,9.875,7,10.125],"texture":"#0"},"west":{"uv":[1.375,10.125,1.5,10.375],"texture":"#0"},"up":{"uv":[10.25,8.375,10,8.25],"texture":"#0"},"down":{"uv":[1.75,10.125,1.5,10.25],"texture":"#0"}}},{"from":[2.99264,7.57468,9.46505],"to":[4.99264,9.57468,10.71505],"rotation":{"angle":45,"axis":"z","origin":[8.02029,7.64557,8.01582]},"faces":{"north":{"uv":[7,9.875,6.75,10.125],"texture":"#0"},"east":{"uv":[0.625,10.125,0.5,10.375],"texture":"#0"},"south":{"uv":[3.75,7.625,3.5,7.875],"texture":"#0"},"west":{"uv":[1.5,10.125,1.375,10.375],"texture":"#0"},"up":{"uv":[10.25,8.25,10,8.375],"texture":"#0"},"down":{"uv":[1.75,10.25,1.5,10.125],"texture":"#0"}}},{"from":[5.51533,4.95456,5.59005],"to":[8.51533,5.95456,6.59005],"rotation":{"angle":0,"axis":"y","origin":[8.02029,7.64557,8.01582]},"faces":{"north":{"uv":[10,3.875,10.375,4],"texture":"#0"},"east":{"uv":[2,10.25,2.125,10.375],"texture":"#0"},"south":{"uv":[10,4,10.375,4.125],"texture":"#0"},"up":{"uv":[10.375,4.25,10,4.125],"texture":"#0"},"down":{"uv":[10.375,4.25,10,4.375],"texture":"#0"}}},{"from":[5.51533,4.95456,9.59005],"to":[8.51533,5.95456,10.59005],"rotation":{"angle":0,"axis":"y","origin":[8.02029,7.64557,8.01582]},"faces":{"north":{"uv":[10.375,4,10,4.125],"texture":"#0"},"east":{"uv":[2.125,10.25,2,10.375],"texture":"#0"},"south":{"uv":[10.375,3.875,10,4],"texture":"#0"},"up":{"uv":[10.375,4.125,10,4.25],"texture":"#0"},"down":{"uv":[10.375,4.375,10,4.25],"texture":"#0"}}},{"from":[3.51533,4.45456,6.59005],"to":[9.51533,6.45456,9.59005],"rotation":{"angle":0,"axis":"y","origin":[8.02029,7.64557,8.01582]},"faces":{"north":{"uv":[4.875,7.875,5.625,8.125],"texture":"#0"},"east":{"uv":[1,7.625,1.375,7.875],"texture":"#0"},"south":{"uv":[9.5,8.375,10.25,8.625],"texture":"#0"},"west":{"uv":[9.75,4.875,10.125,5.125],"texture":"#0"},"up":{"uv":[8.5,9.25,7.75,8.875],"texture":"#0"},"down":{"uv":[9.75,5.25,9,5.625],"texture":"#0"}}},{"from":[-0.98467,8.03786,11.09245],"to":[4.89033,10.03786,12.09245],"rotation":{"angle":45,"axis":"x","origin":[8.02029,7.64557,8.01582]},"faces":{"north":{"uv":[9.625,2.625,10.375,2.875],"texture":"#0"},"east":{"uv":[9.875,10,10,10.25],"texture":"#0"},"south":{"uv":[9.625,2.875,10.375,3.125],"texture":"#0"},"west":{"uv":[10,10,10.125,10.25],"texture":"#0"},"up":{"uv":[10.5,5.875,9.75,5.75],"texture":"#0"},"down":{"uv":[10.5,5.875,9.75,6],"texture":"#0"}}},{"from":[10.01245,4.86309,4.66005],"to":[11.51245,10.86309,11.52005],"rotation":{"angle":22.5,"axis":"z","origin":[8.02029,7.64557,8.01582]},"faces":{"north":{"uv":[5.75,9.625,6,10.375],"texture":"#0"},"east":{"uv":[8,3,8.875,3.75],"texture":"#0"},"south":{"uv":[6,9.625,6.25,10.375],"texture":"#0"},"up":{"uv":[9.25,10.25,9,9.375],"texture":"#0"}}},{"from":[11.51245,7.36309,5.09005],"to":[12.51245,10.36309,11.09005],"rotation":{"angle":22.5,"axis":"z","origin":[8.02029,7.64557,8.01582]},"faces":{"north":{"uv":[1.5,10.25,1.625,10.625],"texture":"#0"},"east":{"uv":[9.625,6.75,10.375,7.125],"texture":"#0"},"south":{"uv":[0.5,7.875,0.625,8.25],"texture":"#0"},"up":{"uv":[8,10.5,7.875,9.75],"texture":"#0"},"down":{"uv":[8.125,9.75,8,10.5],"texture":"#0"}}},{"from":[12.38745,7.36309,5.09005],"to":[12.38745,10.36309,11.09005],"rotation":{"angle":22.5,"axis":"z","origin":[8.02029,7.64557,8.01582]},"faces":{"east":{"uv":[5.875,8.625,6.625,9],"texture":"#0"}}}],"display":{"gui":{"rotation":[30,-45,0],"translation":[1.25,-2.75,0],"scale":[0.8,0.8,0.8]},"head":{"rotation":[0,90,90],"translation":[-0.25,15.25,-3.875],"scale":[2.5,2.5,2.5]}},"groups":[{"name":"group","origin":[25,12.5,12.5],"children":[0,1,2,3,4,5,{"name":"group","origin":[36.16667,11.5,6],"children":[6,7,8,9,10,11,12,13,14,15]},{"name":"group","origin":[36.16667,11.5,6],"children":[16,17,18,19,20,21,22,23,24]},25,26,27,28,29,30,31,32,33,34,35]}],"credit":"Model by Craftventure"}