{"textures":{"0":"block/at-at","particle":"block/at-at"},"elements":[{"from":[6,4.5,7.25],"to":[10,7.5,8.75],"rotation":{"angle":0,"axis":"y","origin":[8,8,8]},"faces":{"north":{"uv":[9.5,8,10,8.375],"texture":"#0"},"east":{"uv":[4.5,6.75,4.75,7.125],"texture":"#0"},"south":{"uv":[9.5,9.5,10,9.875],"texture":"#0"},"west":{"uv":[9.125,6.5,9.375,6.875],"texture":"#0"},"up":{"uv":[10.125,9.5,9.625,9.25],"texture":"#0"},"down":{"uv":[10.25,1.375,9.75,1.625],"texture":"#0"}}},{"from":[6.5,7.5,7.5],"to":[9.5,12.5,8.5],"rotation":{"angle":0,"axis":"y","origin":[8,8,8]},"faces":{"north":{"uv":[3.25,9.375,3.625,10],"texture":"#0"},"east":{"uv":[8.125,9.75,8.25,10.375],"texture":"#0"},"south":{"uv":[9.375,5.625,9.75,6.25],"texture":"#0"},"west":{"uv":[8.25,9.75,8.375,10.375],"texture":"#0"},"up":{"uv":[2.5,6.125,2.125,6],"texture":"#0"},"down":{"uv":[8.25,5.25,7.875,5.375],"texture":"#0"}}}],"display":{"gui":{"rotation":[30,-45,0],"translation":[0,-1,0],"scale":[1.5,1.5,1.5]},"head":{"rotation":[0,90,-180],"translation":[0,4,0.125],"scale":[2.5,2.5,2.5]}},"groups":[{"name":"group","origin":[8,0.5,8],"children":[0,1]}],"credit":"Model by Craftventure"}