{"textures":{"0":"block/at-at","particle":"block/at-at"},"elements":[{"from":[6,2,7.25],"to":[10,6,8.75],"rotation":{"angle":0,"axis":"y","origin":[8,8,8]},"faces":{"north":{"uv":[9.25,1.375,9.75,1.875],"texture":"#0"},"east":{"uv":[2.5,7.125,2.75,7.625],"texture":"#0"},"south":{"uv":[9.25,3.625,9.75,4.125],"texture":"#0"},"west":{"uv":[1.75,9.75,2,10.25],"texture":"#0"},"up":{"uv":[10.25,1.875,9.75,1.625],"texture":"#0"},"down":{"uv":[2.5,9.75,2,10],"texture":"#0"}}},{"from":[6,9,7.25],"to":[10,16,8.75],"rotation":{"angle":0,"axis":"y","origin":[8,8,8]},"faces":{"north":{"uv":[2.25,8.875,2.75,9.75],"texture":"#0"},"east":{"uv":[9.375,6.25,9.625,7.125],"texture":"#0"},"south":{"uv":[3.75,8.875,4.25,9.75],"texture":"#0"},"west":{"uv":[9.375,8.625,9.625,9.5],"texture":"#0"},"up":{"uv":[10.25,3.875,9.75,3.625],"texture":"#0"},"down":{"uv":[4.25,9.75,3.75,10],"texture":"#0"}}},{"from":[6.5,6,7.5],"to":[9.5,9,8.5],"rotation":{"angle":0,"axis":"y","origin":[8,8,8]},"faces":{"north":{"uv":[9,5.625,9.375,6],"texture":"#0"},"east":{"uv":[6.875,7.25,7,7.625],"texture":"#0"},"south":{"uv":[1.375,9.75,1.75,10.125],"texture":"#0"},"west":{"uv":[2.375,7.875,2.5,8.25],"texture":"#0"},"up":{"uv":[9.25,1.5,8.875,1.375],"texture":"#0"},"down":{"uv":[9.25,3.625,8.875,3.75],"texture":"#0"}}}],"display":{"gui":{"rotation":[30,-45,0],"translation":[0,-1.25,0]},"head":{"rotation":[0,90,-180],"translation":[0,7.75,-0.125],"scale":[2.5,2.5,2.5]}},"groups":[{"name":"group","origin":[8,8,8],"children":[{"name":"group","origin":[8,0.5,8],"children":[0,1,2]},{"name":"group","origin":[8,0.5,8],"children":[]}]}],"credit":"Model by Craftventure"}