{"texture_size":[32,32],"textures":{"0":"custom/scarf","particle":"custom/scarf"},"elements":[{"from":[3.49,18.99,3.49],"to":[12.51,23.01,13.51],"rotation":{"angle":0,"axis":"y","origin":[8,20.25,8]},"faces":{"north":{"uv":[6.5,13,11,15],"texture":"#0"},"east":{"uv":[11,13,16,15],"texture":"#0"},"south":{"uv":[6.5,13,11,15],"texture":"#0"},"west":{"uv":[11,13,16,15],"texture":"#0"},"up":{"uv":[11.5,8,16,13],"texture":"#0"},"down":{"uv":[11.49,0,16,5.01],"texture":"#0"}}},{"from":[3.74,22.99,7.98264],"to":[6.76,25.01,11.00264],"rotation":{"angle":-45,"axis":"y","origin":[8,20.25,12.24264]},"faces":{"north":{"uv":[14.5,7,16,8],"texture":"#0"},"east":{"uv":[14.5,7,16,8],"texture":"#0"},"south":{"uv":[14.5,7,16,8],"texture":"#0"},"west":{"uv":[14.5,7,16,8],"texture":"#0"},"up":{"uv":[14.5,5.5,16,7],"texture":"#0"}}},{"from":[3,18.5,3],"to":[13,20.5,3],"rotation":{"angle":0,"axis":"y","origin":[8,20.25,8]},"faces":{"north":{"uv":[11,15,16,16],"texture":"#0"},"east":{"uv":[11,15,16,16],"texture":"#0"},"south":{"uv":[11,15,16,16],"texture":"#0"},"west":{"uv":[11,15,16,16],"texture":"#0"},"up":{"uv":[0,0,9,10],"texture":"#0"}}},{"from":[3,18.5,3],"to":[3,20.5,14],"rotation":{"angle":0,"axis":"y","origin":[8,20.25,8]},"faces":{"north":{"uv":[11,15,16,16],"texture":"#0"},"east":{"uv":[10.5,15,16,16],"texture":"#0"},"south":{"uv":[11,15,16,16],"texture":"#0"},"west":{"uv":[10.5,15,16,16],"texture":"#0"},"up":{"uv":[0,0,9,10],"texture":"#0"},"down":{"uv":[0,0,0,0],"texture":"#0"}}},{"from":[13,18.5,3],"to":[13,20.5,14],"rotation":{"angle":0,"axis":"y","origin":[8,20.25,8]},"faces":{"north":{"uv":[11,15,16,16],"texture":"#0"},"east":{"uv":[10.5,15,16,16],"texture":"#0"},"south":{"uv":[11,15,16,16],"texture":"#0"},"west":{"uv":[10.5,15,16,16],"texture":"#0"},"up":{"uv":[0,0,9,10],"texture":"#0"}}},{"from":[3,18.5,14],"to":[13,20.5,14],"rotation":{"angle":0,"axis":"y","origin":[8,20.25,8]},"faces":{"north":{"uv":[11,15,16,16],"texture":"#0"},"east":{"uv":[11,15,16,16],"texture":"#0"},"south":{"uv":[11,15,16,16],"texture":"#0"},"west":{"uv":[11,15,16,16],"texture":"#0"}}}],"display":{"gui":{"rotation":[30,-135,0],"translation":[0.25,-11,0]},"head":{"rotation":[10,0,0],"translation":[0,-15,-4.5],"scale":[1.6,1.6,1.6]},"fixed":{"translation":[0,-27,0.5],"scale":[2,2,2]}},"credit":"Model by Craftventure"}