{"textures":{"0":"block/snow","2":"block/red_wool","6":"block/sjaal6","7":"block/white_wool","particle":"block/sjaal1"},"elements":[{"from":[6.5,11.2,6.5],"to":[9.5,14.2,9.5],"rotation":{"angle":-22.5,"axis":"y","origin":[8,8,8]},"faces":{"north":{"uv":[0,0,4,4],"rotation":270,"texture":"#0"},"east":{"uv":[0,0,4,4],"texture":"#0"},"south":{"uv":[0,0,4,4],"rotation":90,"texture":"#0"},"west":{"uv":[0,0,4,4],"rotation":180,"texture":"#0"},"up":{"uv":[0,0,4,4],"rotation":90,"texture":"#0"},"down":{"uv":[0,0,4,4],"rotation":90,"texture":"#0"}}},{"from":[6.5,11.4,6.5],"to":[9.5,14,9.5],"rotation":{"angle":22.5,"axis":"y","origin":[8,8,8]},"faces":{"north":{"uv":[0,0,4,4],"rotation":90,"texture":"#0"},"east":{"uv":[0,0,4,4],"rotation":180,"texture":"#0"},"south":{"uv":[0,0,4,4],"rotation":270,"texture":"#0"},"west":{"uv":[0,0,4,4],"texture":"#0"},"up":{"uv":[0,0,4,4],"rotation":270,"texture":"#0"},"down":{"uv":[0,0,4,4],"rotation":270,"texture":"#0"}}},{"from":[4,10,4],"to":[12,11,12],"faces":{"north":{"uv":[0,3,8,4],"texture":"#6"},"east":{"uv":[0,3,8,4],"texture":"#6"},"south":{"uv":[0,3,8,4],"texture":"#6"},"west":{"uv":[0,3,8,4],"texture":"#6"},"up":{"uv":[0,0,8,8],"texture":"#2"},"down":{"uv":[0,0,8,8],"texture":"#2"}}},{"from":[2,9,2],"to":[14,10,14],"faces":{"north":{"uv":[0,4,12,5],"texture":"#6"},"east":{"uv":[0,4,12,5],"texture":"#6"},"south":{"uv":[0,4,12,5],"texture":"#6"},"west":{"uv":[0,4,12,5],"texture":"#6"},"up":{"uv":[0,0,12,12],"texture":"#2"},"down":{"uv":[0,0,12,12],"texture":"#2"}}},{"from":[1,2,1],"to":[15,9,15],"faces":{"north":{"uv":[0,5,16,14],"texture":"#6"},"east":{"uv":[0,5,16,14],"texture":"#6"},"south":{"uv":[0,5,16,14],"texture":"#6"},"west":{"uv":[0,5,16,14],"texture":"#6"},"up":{"uv":[0,0,12,12],"texture":"#2"},"down":{"uv":[0,0,12,12],"texture":"#2"}}},{"from":[0,-1,0],"to":[16,2,16],"faces":{"north":{"uv":[0,0,16,3],"texture":"#7"},"east":{"uv":[0,0,16,3],"texture":"#7"},"south":{"uv":[0,0,16,3],"texture":"#7"},"west":{"uv":[0,0,16,3],"texture":"#7"},"up":{"uv":[0,0,16,16],"texture":"#7"},"down":{"uv":[0,0,16,16],"texture":"#7"}}},{"from":[7.25,9,7.25],"to":[8.75,14.5,8.75],"faces":{"north":{"uv":[0,0,4,4],"rotation":90,"texture":"#0"},"east":{"uv":[0,0,4,4],"rotation":180,"texture":"#0"},"south":{"uv":[0,0,4,4],"rotation":270,"texture":"#0"},"west":{"uv":[0,0,4,4],"texture":"#0"},"up":{"uv":[0,0,4,4],"rotation":270,"texture":"#0"},"down":{"uv":[0,0,4,4],"rotation":270,"texture":"#0"}}}],"display":{"gui":{"rotation":[30,-135,0],"translation":[0,1.5,0],"scale":[0.6,0.6,0.6]},"head":{"translation":[0,11.5,0],"scale":[0.6,0.6,0.6]}},"credit":"Model by Craftventure"}