{"textures":{"0":"custom/dimmadome","particle":"custom/dimmadome"},"elements":[{"from":[-4,-16,0],"to":[20,32,0],"faces":{"north":{"uv":[3.87097,0,12.12903,15.75],"texture":"#0"},"east":{"uv":[0,0,0,16],"texture":"#missing"},"south":{"uv":[0,0,16,16],"texture":"#missing"},"west":{"uv":[0,0,0,16],"texture":"#missing"},"up":{"uv":[0,0,16,0],"texture":"#missing"},"down":{"uv":[0,0,16,0],"texture":"#missing"}}}],"display":{"gui":{"rotation":[35,135,0],"translation":[1.75,1.25,0],"scale":[0.3,0.3,0.3]},"fixed":{"translation":[0,3.5,28.75],"scale":[3.85,3.85,3.85]}},"credit":"Model by Craftventure"}