{"textures":{"0":"block/black_terracotta","1":"block/white_terracotta","2":"block/red_terracotta","3":"block/ladder"},"elements":[{"name":"Cube","from":[0,0,0],"to":[16,1.5,16],"faces":{"north":{"uv":[0,0,16,1.5],"texture":"#0"},"east":{"uv":[0,0,16,1.5],"texture":"#0"},"south":{"uv":[0,0,16,1.5],"texture":"#0"},"west":{"uv":[0,0,16,1.5],"texture":"#0"},"up":{"uv":[0,0,16,16],"texture":"#0"},"down":{"uv":[0,0,16,16],"texture":"#0"}}},{"name":"Cube","from":[2,0.5,2],"to":[14,7.8,14],"faces":{"north":{"uv":[0,0,12,7],"texture":"#0"},"east":{"uv":[0,0,12,7],"texture":"#0"},"south":{"uv":[0,0,12,7],"texture":"#0"},"west":{"uv":[0,0,12,7],"texture":"#0"},"up":{"uv":[0,0,12,12],"texture":"#0"},"down":{"uv":[0,0,12,12],"texture":"#0"}}},{"name":"Cube","from":[1.7,1.5,1.7],"to":[14.3,2.8,14.3],"faces":{"north":{"uv":[0,0,12.6,1.3],"texture":"#1"},"east":{"uv":[0,0,12.6,1.3],"texture":"#1"},"south":{"uv":[0,0,12.6,1.3],"texture":"#1"},"west":{"uv":[0,0,12.6,1.3],"texture":"#1"},"up":{"uv":[0,0,12.6,12.6],"texture":"#1"},"down":{"uv":[0,0,12.6,12.6],"texture":"#1"}}},{"name":"Cube","from":[2.5,1.9,1.5],"to":[3,2.4,14.5],"faces":{"north":{"uv":[0,0,0.5,0.5],"texture":"#0"},"east":{"uv":[0,0,13,0.5],"texture":"#0"},"south":{"uv":[0,0,0.5,0.5],"texture":"#0"},"west":{"uv":[0,0,13,0.5],"texture":"#0"},"up":{"uv":[0,0,0.5,13],"texture":"#0"},"down":{"uv":[0,0,0.5,13],"texture":"#0"}}},{"name":"Cube","from":[13,1.9,1.5],"to":[13.5,2.4,14.5],"faces":{"north":{"uv":[0,0,0.5,0.5],"texture":"#0"},"east":{"uv":[0,0,13,0.5],"texture":"#0"},"south":{"uv":[0,0,0.5,0.5],"texture":"#0"},"west":{"uv":[0,0,13,0.5],"texture":"#0"},"up":{"uv":[0,0,0.5,13],"texture":"#0"},"down":{"uv":[0,0,0.5,13],"texture":"#0"}}},{"name":"Cube","from":[1.5,1.9,2.5],"to":[14.5,2.4,3],"faces":{"north":{"uv":[0,0,13,0.5],"texture":"#0"},"east":{"uv":[0,0,0.5,0.5],"texture":"#0"},"south":{"uv":[0,0,13,0.5],"texture":"#0"},"west":{"uv":[0,0,0.5,0.5],"texture":"#0"},"up":{"uv":[0,0,13,0.5],"texture":"#0"},"down":{"uv":[0,0,13,0.5],"texture":"#0"}}},{"name":"Cube","from":[1.5,1.9,13],"to":[14.5,2.4,13.5],"faces":{"north":{"uv":[0,0,13,0.5],"texture":"#0"},"east":{"uv":[0,0,0.5,0.5],"texture":"#0"},"south":{"uv":[0,0,13,0.5],"texture":"#0"},"west":{"uv":[0,0,0.5,0.5],"texture":"#0"},"up":{"uv":[0,0,13,0.5],"texture":"#0"},"down":{"uv":[0,0,13,0.5],"texture":"#0"}}},{"name":"Cube","from":[3,6.25,3],"to":[13,8.25,13],"faces":{"north":{"uv":[0,0,10,2],"texture":"#0"},"east":{"uv":[0,0,10,2],"texture":"#0"},"south":{"uv":[0,0,10,2],"texture":"#0"},"west":{"uv":[0,0,10,2],"texture":"#0"},"up":{"uv":[0,0,10,10],"texture":"#0"},"down":{"uv":[0,0,10,10],"texture":"#0"}}},{"name":"Cube","from":[-1,5.9,0],"to":[15,7.4,16],"rotation":{"angle":22.5,"axis":"z","origin":[9,8,8]},"faces":{"north":{"uv":[0,0,16,1.5],"texture":"#2"},"east":{"uv":[0,0,16,1.5],"texture":"#2"},"south":{"uv":[0,0,16,1.5],"texture":"#2"},"west":{"uv":[0,0,16,1.5],"texture":"#2"},"up":{"uv":[0,0,16,16],"texture":"#2"},"down":{"uv":[0,0,16,16],"texture":"#2"}}},{"name":"Cube","from":[1,6.9,1.95],"to":[13,12.4,14.05],"rotation":{"angle":22.5,"axis":"z","origin":[9,8,8]},"faces":{"north":{"uv":[0,0,16,1.5],"texture":"#2"},"east":{"uv":[0,0,16,1.5],"texture":"#2"},"south":{"uv":[0,0,16,1.5],"texture":"#2"},"west":{"uv":[0,0,16,1.5],"texture":"#2"},"up":{"uv":[0,0,16,16],"texture":"#2"},"down":{"uv":[0,0,16,16],"texture":"#2"}}},{"name":"Cube","from":[0.9,6.9,1.85],"to":[13.3,8.4,14.25],"rotation":{"angle":22.5,"axis":"z","origin":[9,8,8]},"faces":{"north":{"uv":[0,0,16,1.5],"texture":"#0"},"east":{"uv":[0,0,16,1.5],"texture":"#0"},"south":{"uv":[0,0,16,1.5],"texture":"#0"},"west":{"uv":[0,0,16,1.5],"texture":"#0"},"up":{"uv":[0,0,16,16],"texture":"#0"},"down":{"uv":[0,0,16,16],"texture":"#0"}}},{"name":"Cube","from":[0.92,6.85,1.87],"to":[13.12,12.35,14.12],"rotation":{"angle":22.5,"axis":"z","origin":[9,8,8]},"faces":{"north":{"uv":[0,0,16,1.5],"texture":"#3"},"east":{"uv":[0,0,16,1.5],"texture":"#3"},"south":{"uv":[0,0,16,1.5],"texture":"#3"},"west":{"uv":[0,0,16,1.5],"texture":"#3"},"up":{"uv":[0,0,16,16],"texture":"#3"},"down":{"uv":[0,0,16,16],"texture":"#3"}}}],"display":{"ground":{"translation":[0,4.5,0],"scale":[0.7,0.7,0.7]},"gui":{"rotation":[30,45,0],"translation":[0.76,0.69,1.12],"scale":[0.6,0.6,0.6]},"head":{"translation":[0,13.04,0],"scale":[1.25,1.25,1.25]}},"credit":"Model by Craftventure"}