{"texture_size":[32,32],"textures":{"1":"custom/hairstyle/afro","2":"custom/hairstyle/afro2","particle":"custom/hairstyle/afro"},"elements":[{"from":[2,6,3],"to":[14,14,15],"rotation":{"angle":22.5,"axis":"x","origin":[8,7.5,8.5]},"faces":{"north":{"uv":[0,12,6,16],"texture":"#1","tintindex":0},"east":{"uv":[6,12,11,16],"texture":"#1","tintindex":0},"south":{"uv":[0,12,6,16],"texture":"#1","tintindex":0},"west":{"uv":[6,12,12,16],"texture":"#1","tintindex":0},"up":{"uv":[6,12,0,6],"texture":"#1","tintindex":0},"down":{"uv":[6,0,0,6],"texture":"#1","tintindex":0}}},{"from":[1,5,2],"to":[15,15,2],"rotation":{"angle":22.5,"axis":"x","origin":[8,7.5,8.5]},"faces":{"north":{"uv":[0,11,7,16],"texture":"#2","tintindex":0},"east":{"uv":[7,11,14,16],"texture":"#2","tintindex":0},"south":{"uv":[0,11,7,16],"texture":"#2","tintindex":0},"west":{"uv":[7,11,14,16],"texture":"#2","tintindex":0},"up":{"uv":[7,11,0,4],"texture":"#2","tintindex":0},"down":{"uv":[16,0,9,7],"texture":"#2","tintindex":0}}},{"from":[15,5,2],"to":[15,15,16],"rotation":{"angle":22.5,"axis":"x","origin":[8,7.5,8.5]},"faces":{"north":{"uv":[0,11,7,16],"texture":"#2","tintindex":0},"east":{"uv":[7,11,14,16],"texture":"#2","tintindex":0},"south":{"uv":[0,11,7,16],"texture":"#2","tintindex":0},"west":{"uv":[7,11,14,16],"texture":"#2","tintindex":0},"up":{"uv":[7,11,0,4],"texture":"#2","tintindex":0},"down":{"uv":[16,0,9,7],"texture":"#2","tintindex":0}}},{"from":[1,5,16],"to":[15,15,16],"rotation":{"angle":22.5,"axis":"x","origin":[8,7.5,8.5]},"faces":{"north":{"uv":[0,11,7,16],"texture":"#2","tintindex":0},"east":{"uv":[7,11,14,16],"texture":"#2","tintindex":0},"south":{"uv":[0,11,7,16],"texture":"#2","tintindex":0},"west":{"uv":[7,11,14,16],"texture":"#2","tintindex":0},"up":{"uv":[7,11,0,4],"texture":"#2","tintindex":0},"down":{"uv":[16,0,9,7],"texture":"#2","tintindex":0}}},{"from":[1,5,2],"to":[1,15,16],"rotation":{"angle":22.5,"axis":"x","origin":[8,7.5,8.5]},"faces":{"north":{"uv":[0,11,7,16],"texture":"#2","tintindex":0},"east":{"uv":[7,11,14,16],"texture":"#2","tintindex":0},"south":{"uv":[0,11,7,16],"texture":"#2","tintindex":0},"west":{"uv":[7,11,14,16],"texture":"#2","tintindex":0},"up":{"uv":[7,11,0,4],"texture":"#2","tintindex":0},"down":{"uv":[16,0,9,7],"texture":"#2","tintindex":0}}},{"from":[1,15,2],"to":[15,15,16],"rotation":{"angle":22.5,"axis":"x","origin":[8,7.5,8.5]},"faces":{"north":{"uv":[0,11,7,16],"texture":"#2","tintindex":0},"east":{"uv":[7,11,14,16],"texture":"#2","tintindex":0},"south":{"uv":[0,11,7,16],"texture":"#2","tintindex":0},"west":{"uv":[7,11,14,16],"texture":"#2","tintindex":0},"up":{"uv":[7,11,0,4],"texture":"#2","tintindex":0},"down":{"uv":[16,0,9,7],"texture":"#2","tintindex":0}}}],"display":{"gui":{"rotation":[66,-135,25],"translation":[1.5,-2.25,0]},"head":{"translation":[0,5.25,0],"scale":[1.6,1.6,1.6]}},"groups":[{"name":"steve","origin":[8,8,8],"color":0,"children":[]},0,1,2,3,4,5],"credit":"Model by Craftventure"}