{"textures":{"0":"custom/hairstyle/beard","particle":"custom/hairstyle/beard"},"elements":[{"from":[3.21698,2.99,5.35624],"to":[3.23698,10.01,6.37624],"rotation":{"angle":0,"axis":"y","origin":[3.22698,6.5,5.36624]},"faces":{"north":{"uv":[0,0,0,7],"texture":"#0","tintindex":0},"east":{"uv":[1,0,2,7],"texture":"#0","tintindex":0},"south":{"uv":[0,0,0,7],"texture":"#0","tintindex":0},"west":{"uv":[2,0,1,7],"texture":"#0","tintindex":0},"up":{"uv":[0,0,0,4],"texture":"#0","tintindex":0},"down":{"uv":[0,0,0,4],"texture":"#0","tintindex":0}}},{"from":[3.22004,2.99,3.34082],"to":[3.24004,10.01,5.36082],"rotation":{"angle":-22.5,"axis":"y","origin":[3.23004,6.5,5.35082]},"faces":{"north":{"uv":[0,0,0,7],"texture":"#0","tintindex":0},"east":{"uv":[2,0,4,7],"texture":"#0","tintindex":0},"south":{"uv":[0,0,0,7],"texture":"#0","tintindex":0},"west":{"uv":[4,0,2,7],"texture":"#0","tintindex":0},"up":{"uv":[0,0,0,4],"texture":"#0","tintindex":0},"down":{"uv":[0,0,0,4],"texture":"#0","tintindex":0}}},{"from":[12.76302,2.99,5.35624],"to":[12.78302,10.01,6.37624],"rotation":{"angle":0,"axis":"y","origin":[12.77302,6.5,5.36624]},"faces":{"north":{"uv":[0,0,0,7],"texture":"#0","tintindex":0},"east":{"uv":[1,0,2,7],"texture":"#0","tintindex":0},"south":{"uv":[0,0,0,7],"texture":"#0","tintindex":0},"west":{"uv":[2,0,1,7],"texture":"#0","tintindex":0},"up":{"uv":[0,0,0,4],"texture":"#0","tintindex":0},"down":{"uv":[0,0,0,4],"texture":"#0","tintindex":0}}},{"from":[12.75996,2.99,3.34082],"to":[12.77996,10.01,5.36082],"rotation":{"angle":22.5,"axis":"y","origin":[12.76996,6.5,5.35082]},"faces":{"north":{"uv":[0,0,0,7],"texture":"#0","tintindex":0},"east":{"uv":[2,0,4,7],"texture":"#0","tintindex":0},"south":{"uv":[0,0,0,7],"texture":"#0","tintindex":0},"west":{"uv":[4,0,2,7],"texture":"#0","tintindex":0},"up":{"uv":[0,0,0,4],"texture":"#0","tintindex":0},"down":{"uv":[0,0,0,4],"texture":"#0","tintindex":0}}},{"from":[3.99,2.99,3.49],"to":[12.01,10.01,3.51],"rotation":{"angle":0,"axis":"x","origin":[8,5.5,4]},"faces":{"north":{"uv":[4,0,12,7],"texture":"#0","tintindex":0},"east":{"uv":[0,0,0,7],"texture":"#0","tintindex":0},"south":{"uv":[4,0,12,7],"texture":"#0","tintindex":0},"west":{"uv":[0,0,0,7],"texture":"#0","tintindex":0},"up":{"uv":[0,0,9,0],"texture":"#0","tintindex":0},"down":{"uv":[0,0,9,0],"texture":"#0","tintindex":0}}},{"from":[3.99,5.765,3.34],"to":[12.01,8.785,3.36],"rotation":{"angle":22.5,"axis":"x","origin":[8,5.5,4]},"faces":{"north":{"uv":[4,1,12,4],"texture":"#0","tintindex":0},"south":{"uv":[4,1,12,4],"texture":"#0","tintindex":0}}}],"display":{"gui":{"rotation":[35,-135,0],"translation":[-3.75,3.75,0],"scale":[1.9,1.9,1.9]},"head":{"translation":[0,-6.5,0],"scale":[1.6,1.6,1.6]}},"credit":"Model by Craftventure"}