{"textures":{"0":"custom/hairstyle/long_hair","particle":"custom/hairstyle/long_hair"},"elements":[{"from":[4,-6,12],"to":[12,-1,12],"rotation":{"angle":-22.5,"axis":"x","origin":[8,-1,12]},"faces":{"north":{"uv":[0,8,8,13],"texture":"#0","tintindex":0},"south":{"uv":[0,8,8,13],"texture":"#0","tintindex":0}}},{"from":[4,-1,11],"to":[12,8,12],"rotation":{"angle":0,"axis":"x","origin":[8,8,12]},"faces":{"north":{"uv":[0,0,8,9],"texture":"#0","tintindex":0},"east":{"uv":[0,0,1,9],"texture":"#0","tintindex":0},"south":{"uv":[0,0,8,9],"texture":"#0","tintindex":0},"west":{"uv":[7,0,8,9],"texture":"#0","tintindex":0},"up":{"uv":[0,0,8,1],"texture":"#0","tintindex":0},"down":{"uv":[0,9,8,10],"texture":"#0","tintindex":0}}},{"from":[5,-8,12],"to":[11,-6,12],"rotation":{"angle":-22.5,"axis":"x","origin":[8,-1,12]},"faces":{"north":{"uv":[1,13,7,15],"texture":"#0","tintindex":0},"south":{"uv":[1,13,7,15],"texture":"#0","tintindex":0}}},{"from":[6,-9,12],"to":[10,-8,12],"rotation":{"angle":-22.5,"axis":"x","origin":[8,-1,12]},"faces":{"north":{"uv":[2,15,6,16],"texture":"#0","tintindex":0},"south":{"uv":[2,15,6,16],"texture":"#0","tintindex":0}}},{"from":[4,-5.75,12.25],"to":[12,-0.75,12.25],"rotation":{"angle":-22.5,"axis":"x","origin":[8,-0.75,12.25]},"faces":{"north":{"uv":[8,8,16,13],"texture":"#0","tintindex":0},"south":{"uv":[8,8,16,13],"texture":"#0","tintindex":0}}},{"from":[4,-0.75,12.25],"to":[12,7.25,12.25],"rotation":{"angle":0,"axis":"x","origin":[8,8.25,12.25]},"faces":{"north":{"uv":[8,0,16,9],"texture":"#0","tintindex":0},"south":{"uv":[8,0,16,8],"texture":"#0","tintindex":0}}},{"from":[5,-7.75,12.25],"to":[11,-5.75,12.25],"rotation":{"angle":-22.5,"axis":"x","origin":[8,-0.75,12.25]},"faces":{"north":{"uv":[9,13,15,15],"texture":"#0","tintindex":0},"south":{"uv":[9,13,15,15],"texture":"#0","tintindex":0}}},{"from":[6,-8.75,12.25],"to":[10,-7.75,12.25],"rotation":{"angle":-22.5,"axis":"x","origin":[8,-0.75,12.25]},"faces":{"north":{"uv":[10,15,14,16],"texture":"#0","tintindex":0},"south":{"uv":[10,15,14,16],"texture":"#0","tintindex":0}}}],"display":{"gui":{"rotation":[30,45,0],"translation":[-2.75,8.5,0]},"head":{"translation":[0,6.4,1.6],"scale":[1.6,1.6,1.6]}},"credit":"Model by Craftventure"}