{"textures":{"0":"custom/hairstyle/mohawk","particle":"custom/hairstyle/mohawk"},"elements":[{"from":[8,1,2],"to":[8,13,17],"rotation":{"angle":0,"axis":"z","origin":[9,0,8]},"faces":{"north":{"uv":[0,0,0,0],"texture":"#0","tintindex":0},"east":{"uv":[15,0,0,12],"texture":"#0","tintindex":0},"south":{"uv":[0,0,0,0],"texture":"#0","tintindex":0},"west":{"uv":[0,0,15,12],"texture":"#0","tintindex":0},"up":{"uv":[0,0,0,0],"texture":"#0","tintindex":0},"down":{"uv":[0,0,0,0],"texture":"#0","tintindex":0}}},{"from":[7.5,6,2],"to":[8.5,10,15],"rotation":{"angle":0,"axis":"z","origin":[9,0,8]},"faces":{"north":{"uv":[0,0,1,1],"texture":"#0","tintindex":0},"east":{"uv":[13,12,0,16],"texture":"#0","tintindex":0},"west":{"uv":[0,12,13,16],"texture":"#0","tintindex":0}}}],"display":{"gui":{"rotation":[30,-135,0],"translation":[0.75,0.25,0],"scale":[1.9,1.9,1.9]},"head":{"translation":[0,6.25,0],"scale":[1.6,1.6,1.6]}},"credit":"Model by Craftventure"}