{"textures":{"0":"block/black_terracotta","1":"block/white_terracotta","2":"block/red_terracotta","3":"block/ladder","4":"block/green_terracotta","5":"block/yellow_terracotta","6":"block/allium","7":"block/poppy","8":"block/peony_top","9":"block/azure_bluet","10":"block/blue_orchid","11":"block/orange_tulip","12":"block/gold_block","13":"block/iron_block"},"elements":[{"name":"Cube","from":[0,0,0],"to":[16,1.5,16],"faces":{"north":{"uv":[0,0,16,1.5],"texture":"#0"},"east":{"uv":[0,0,16,1.5],"texture":"#0"},"south":{"uv":[0,0,16,1.5],"texture":"#0"},"west":{"uv":[0,0,16,1.5],"texture":"#0"},"up":{"uv":[0,0,16,16],"texture":"#0"},"down":{"uv":[0,0,16,16],"texture":"#0"}}},{"name":"Cube","from":[2,0.5,2],"to":[14,7.8,14],"faces":{"north":{"uv":[0,0,12,7],"texture":"#0"},"east":{"uv":[0,0,12,7],"texture":"#0"},"south":{"uv":[0,0,12,7],"texture":"#0"},"west":{"uv":[0,0,12,7],"texture":"#0"},"up":{"uv":[0,0,12,12],"texture":"#0"},"down":{"uv":[0,0,12,12],"texture":"#0"}}},{"name":"Cube","from":[1.7,1.5,1.7],"to":[14.3,2.8,14.3],"faces":{"north":{"uv":[0,0,12.6,1.3],"texture":"#1"},"east":{"uv":[0,0,12.6,1.3],"texture":"#1"},"south":{"uv":[0,0,12.6,1.3],"texture":"#1"},"west":{"uv":[0,0,12.6,1.3],"texture":"#1"},"up":{"uv":[0,0,12.6,12.6],"texture":"#1"},"down":{"uv":[0,0,12.6,12.6],"texture":"#1"}}},{"name":"Cube","from":[2.5,1.9,1.5],"to":[3,2.4,14.5],"faces":{"north":{"uv":[0,0,0.5,0.5],"texture":"#0"},"east":{"uv":[0,0,13,0.5],"texture":"#0"},"south":{"uv":[0,0,0.5,0.5],"texture":"#0"},"west":{"uv":[0,0,13,0.5],"texture":"#0"},"up":{"uv":[0,0,0.5,13],"texture":"#0"},"down":{"uv":[0,0,0.5,13],"texture":"#0"}}},{"name":"Cube","from":[13,1.9,1.5],"to":[13.5,2.4,14.5],"faces":{"north":{"uv":[0,0,0.5,0.5],"texture":"#0"},"east":{"uv":[0,0,13,0.5],"texture":"#0"},"south":{"uv":[0,0,0.5,0.5],"texture":"#0"},"west":{"uv":[0,0,13,0.5],"texture":"#0"},"up":{"uv":[0,0,0.5,13],"texture":"#0"},"down":{"uv":[0,0,0.5,13],"texture":"#0"}}},{"name":"Cube","from":[1.5,1.9,2.5],"to":[14.5,2.4,3],"faces":{"north":{"uv":[0,0,13,0.5],"texture":"#0"},"east":{"uv":[0,0,0.5,0.5],"texture":"#0"},"south":{"uv":[0,0,13,0.5],"texture":"#0"},"west":{"uv":[0,0,0.5,0.5],"texture":"#0"},"up":{"uv":[0,0,13,0.5],"texture":"#0"},"down":{"uv":[0,0,13,0.5],"texture":"#0"}}},{"name":"Cube","from":[1.5,1.9,13],"to":[14.5,2.4,13.5],"faces":{"north":{"uv":[0,0,13,0.5],"texture":"#0"},"east":{"uv":[0,0,0.5,0.5],"texture":"#0"},"south":{"uv":[0,0,13,0.5],"texture":"#0"},"west":{"uv":[0,0,0.5,0.5],"texture":"#0"},"up":{"uv":[0,0,13,0.5],"texture":"#0"},"down":{"uv":[0,0,13,0.5],"texture":"#0"}}},{"name":"Cube","from":[3,6.25,3],"to":[13,8.25,13],"faces":{"north":{"uv":[0,0,10,2],"texture":"#0"},"east":{"uv":[0,0,10,2],"texture":"#0"},"south":{"uv":[0,0,10,2],"texture":"#0"},"west":{"uv":[0,0,10,2],"texture":"#0"},"up":{"uv":[0,0,10,10],"texture":"#0"},"down":{"uv":[0,0,10,10],"texture":"#0"}}},{"name":"Cube","from":[-1,5.9,0],"to":[15,7.4,16],"rotation":{"angle":22.5,"axis":"z","origin":[9,8,8]},"faces":{"north":{"uv":[0,0,16,1.5],"texture":"#2"},"east":{"uv":[0,0,16,1.5],"texture":"#2"},"south":{"uv":[0,0,16,1.5],"texture":"#2"},"west":{"uv":[0,0,16,1.5],"texture":"#2"},"up":{"uv":[0,0,16,16],"texture":"#2"},"down":{"uv":[0,0,16,16],"texture":"#2"}}},{"name":"Cube","from":[1,6.9,1.95],"to":[13,12.4,14.05],"rotation":{"angle":22.5,"axis":"z","origin":[9,8,8]},"faces":{"north":{"uv":[0,0,16,1.5],"texture":"#2"},"east":{"uv":[0,0,16,1.5],"texture":"#2"},"south":{"uv":[0,0,16,1.5],"texture":"#2"},"west":{"uv":[0,0,16,1.5],"texture":"#2"},"up":{"uv":[0,0,16,16],"texture":"#2"},"down":{"uv":[0,0,16,16],"texture":"#2"}}},{"name":"Cube","from":[0.9,6.9,1.85],"to":[13.3,8.4,14.25],"rotation":{"angle":22.5,"axis":"z","origin":[9,8,8]},"faces":{"north":{"uv":[0,0,16,1.5],"texture":"#0"},"east":{"uv":[0,0,16,1.5],"texture":"#0"},"south":{"uv":[0,0,16,1.5],"texture":"#0"},"west":{"uv":[0,0,16,1.5],"texture":"#0"},"up":{"uv":[0,0,16,16],"texture":"#0"},"down":{"uv":[0,0,16,16],"texture":"#0"}}},{"name":"Cube","from":[0.92,6.85,1.87],"to":[13.12,12.35,14.12],"rotation":{"angle":22.5,"axis":"z","origin":[9,8,8]},"faces":{"north":{"uv":[0,0,16,1.5],"texture":"#3"},"east":{"uv":[0,0,16,1.5],"texture":"#3"},"south":{"uv":[0,0,16,1.5],"texture":"#3"},"west":{"uv":[0,0,16,1.5],"texture":"#3"},"up":{"uv":[0,0,16,16],"texture":"#3"},"down":{"uv":[0,0,16,16],"texture":"#3"}}},{"name":"Cube","from":[0,10,0],"to":[16,11.5,16],"faces":{"north":{"uv":[0,0,16,1.5],"texture":"#4"},"east":{"uv":[0,0,16,1.5],"texture":"#4"},"south":{"uv":[0,0,16,1.5],"texture":"#4"},"west":{"uv":[0,0,16,1.5],"texture":"#4"},"up":{"uv":[0,0,16,16],"texture":"#4"},"down":{"uv":[0,0,16,16],"texture":"#4"}}},{"name":"Cube","from":[2,11,1.8],"to":[14,18.3,14.2],"faces":{"north":{"uv":[0,0,16,1.5],"texture":"#4"},"east":{"uv":[0,0,16,1.5],"texture":"#4"},"south":{"uv":[0,0,16,1.5],"texture":"#4"},"west":{"uv":[0,0,16,1.5],"texture":"#4"},"up":{"uv":[0,0,16,16],"texture":"#4"},"down":{"uv":[0,0,16,16],"texture":"#4"}}},{"name":"Cube","from":[1.6,11,1.5],"to":[14.4,12.5,14.5],"faces":{"north":{"uv":[0,0,16,1.5],"texture":"#5"},"east":{"uv":[0,0,16,1.5],"texture":"#5"},"south":{"uv":[0,0,16,1.5],"texture":"#5"},"west":{"uv":[0,0,16,1.5],"texture":"#5"},"up":{"uv":[0,0,16,16],"texture":"#5"},"down":{"uv":[0,0,16,16],"texture":"#5"}}},{"name":"Cube","from":[4,13,13.3],"to":[8,16,14.3],"faces":{"north":{"uv":[0,0,4,3],"texture":"#6"},"east":{"uv":[0,0,1,3],"texture":"#6"},"south":{"uv":[4,2,11,7],"texture":"#6"},"west":{"uv":[0,0,1,3],"texture":"#6"},"up":{"uv":[0,0,4,1],"texture":"#6"},"down":{"uv":[0,0,4,1],"texture":"#6"}}},{"name":"Cube","from":[9,15,13.3],"to":[13,18,14.3],"faces":{"north":{"uv":[0,0,4,3],"texture":"#7"},"east":{"uv":[0,0,1,3],"texture":"#7"},"south":{"uv":[4,4,11,9],"texture":"#7"},"west":{"uv":[0,0,1,3],"texture":"#7"},"up":{"uv":[0,0,4,1],"texture":"#7"},"down":{"uv":[0,0,4,1],"texture":"#7"}}},{"name":"Cube","from":[1.9,12,4],"to":[2.9,15,7],"faces":{"north":{"uv":[0,0,1,3],"texture":"#8"},"east":{"uv":[5,4,8,7],"texture":"#8"},"south":{"uv":[0,0,1,3],"texture":"#8"},"west":{"uv":[4,2,12,10],"texture":"#8"},"up":{"uv":[0,0,1,3],"texture":"#8"},"down":{"uv":[0,0,1,3],"texture":"#8"}}},{"name":"Cube","from":[1.9,14,9],"to":[2.9,17,12],"faces":{"north":{"uv":[0,0,1,3],"texture":"#9"},"east":{"uv":[5,4,8,7],"texture":"#9"},"south":{"uv":[0,0,1,3],"texture":"#9"},"west":{"uv":[3,6,12,16],"texture":"#9"},"up":{"uv":[0,0,1,3],"texture":"#9"},"down":{"uv":[0,0,1,3],"texture":"#9"}}},{"name":"Cube","from":[4,12.5,1.7],"to":[8,15.5,2.7],"faces":{"north":{"uv":[3,2,12,10],"texture":"#10"},"east":{"uv":[0,0,1,3],"texture":"#10"},"south":{"uv":[4,2,11,7],"texture":"#10"},"west":{"uv":[0,0,1,3],"texture":"#10"},"up":{"uv":[0,0,4,1],"texture":"#10"},"down":{"uv":[0,0,4,1],"texture":"#10"}}},{"name":"Cube","from":[9,12.5,1.7],"to":[13,17.5,2.7],"faces":{"north":{"uv":[3,2,13,16],"texture":"#11"},"east":{"uv":[0,0,1,3],"texture":"#10"},"south":{"uv":[4,2,11,7],"texture":"#10"},"west":{"uv":[0,0,1,3],"texture":"#10"},"up":{"uv":[0,0,4,1],"texture":"#10"},"down":{"uv":[0,0,4,1],"texture":"#10"}}},{"name":"Cube","from":[13.1,12,4],"to":[14.1,15,7],"faces":{"north":{"uv":[0,0,1,3],"texture":"#6"},"east":{"uv":[4,2,11,10],"texture":"#6"},"south":{"uv":[0,0,1,3],"texture":"#6"},"west":{"uv":[4,2,11,10],"texture":"#6"},"up":{"uv":[0,0,1,3],"texture":"#6"},"down":{"uv":[0,0,1,3],"texture":"#6"}}},{"name":"Cube","from":[13.1,14,9],"to":[14.1,17,12],"faces":{"north":{"uv":[0,0,1,3],"texture":"#9"},"east":{"uv":[4,6,11,14],"texture":"#9"},"south":{"uv":[0,0,1,3],"texture":"#9"},"west":{"uv":[4,4,11,12],"texture":"#9"},"up":{"uv":[0,0,1,3],"texture":"#9"},"down":{"uv":[0,0,1,3],"texture":"#9"}}},{"name":"Cube","from":[-2,16,0],"to":[14,17.5,16],"rotation":{"angle":-22.5,"axis":"z","origin":[8,8,8]},"faces":{"north":{"uv":[0,6,16,9.5],"texture":"#12"},"east":{"uv":[0,6,16,9.5],"texture":"#12"},"south":{"uv":[0,6,16,9.5],"texture":"#12"},"west":{"uv":[0,6,16,9.5],"texture":"#12"},"up":{"uv":[0,0,16,16],"texture":"#12"},"down":{"uv":[0,0,16,16],"texture":"#12"}}},{"name":"Cube","from":[-0.25,17,1.65],"to":[12.25,24.3,14.35],"rotation":{"angle":-22.5,"axis":"z","origin":[8,8,8]},"faces":{"north":{"uv":[0,0,16,15.5],"texture":"#12"},"east":{"uv":[0,0,16,15.5],"texture":"#12"},"south":{"uv":[0,0,16,15.5],"texture":"#12"},"west":{"uv":[0,0,16,15.5],"texture":"#12"},"up":{"uv":[0,0,16,16],"texture":"#12"},"down":{"uv":[0,0,16,16],"texture":"#12"}}},{"name":"Cube","from":[-0.3,17.3,1.6],"to":[12.4,18.6,14.5],"rotation":{"angle":-22.5,"axis":"z","origin":[8,8,8]},"faces":{"north":{"uv":[3,4,13,7.5],"texture":"#13"},"east":{"uv":[3,4,13,8.5],"texture":"#13"},"south":{"uv":[3,4,13,7.5],"texture":"#13"},"west":{"uv":[4,4,13,7.5],"texture":"#13"},"up":{"uv":[0,0,16,16],"texture":"#13"},"down":{"uv":[0,0,16,16],"texture":"#13"}}}],"display":{"ground":{"translation":[0,4.5,0],"scale":[0.7,0.7,0.7]},"gui":{"rotation":[30,45,0],"translation":[0.38,-1.4,0],"scale":[0.5,0.5,0.5]},"head":{"translation":[0,13.04,0],"scale":[1.25,1.25,1.25]}},"credit":"Model by Craftventure"}