{"textures":{"0":"block/black_terracotta","1":"block/white_terracotta","2":"block/red_terracotta","3":"block/ladder","4":"block/green_terracotta","5":"block/yellow_terracotta","6":"block/allium","7":"block/poppy","8":"block/peony_top","9":"block/azure_bluet","10":"block/blue_orchid","11":"block/orange_tulip","12":"block/gold_block","13":"block/iron_block","14":"block/blue_concrete","15":"block/black_concrete","17":"item/bank_vc","particle":"block/blue_concrete"},"elements":[{"name":"Cube","from":[0.8,0,0.8],"to":[15.2,1.35,15.2],"faces":{"north":{"uv":[0,0,16,1.5],"texture":"#0"},"east":{"uv":[0,0,16,1.5],"texture":"#0"},"south":{"uv":[0,0,16,1.5],"texture":"#0"},"west":{"uv":[0,0,16,1.5],"texture":"#0"},"up":{"uv":[0,0,16,16],"texture":"#0"},"down":{"uv":[0,0,16,16],"texture":"#0"}}},{"name":"Cube","from":[2.6,0.45,2.6],"to":[13.4,7.02,13.4],"faces":{"north":{"uv":[0,0,12,7],"texture":"#0"},"east":{"uv":[0,0,12,7],"texture":"#0"},"south":{"uv":[0,0,12,7],"texture":"#0"},"west":{"uv":[0,0,12,7],"texture":"#0"},"up":{"uv":[0,0,12,12],"texture":"#0"},"down":{"uv":[0,0,12,12],"texture":"#0"}}},{"name":"Cube","from":[2.33,1.35,2.33],"to":[13.67,2.52,13.67],"faces":{"north":{"uv":[0,0,12.6,1.3],"texture":"#1"},"east":{"uv":[0,0,12.6,1.3],"texture":"#1"},"south":{"uv":[0,0,12.6,1.3],"texture":"#1"},"west":{"uv":[0,0,12.6,1.3],"texture":"#1"},"up":{"uv":[0,0,12.6,12.6],"texture":"#1"},"down":{"uv":[0,0,12.6,12.6],"texture":"#1"}}},{"name":"Cube","from":[3.05,1.71,2.15],"to":[3.5,2.16,13.85],"faces":{"north":{"uv":[0,0,0.5,0.5],"texture":"#0"},"east":{"uv":[0,0,13,0.5],"texture":"#0"},"south":{"uv":[0,0,0.5,0.5],"texture":"#0"},"west":{"uv":[0,0,13,0.5],"texture":"#0"},"up":{"uv":[0,0,0.5,13],"texture":"#0"},"down":{"uv":[0,0,0.5,13],"texture":"#0"}}},{"name":"Cube","from":[12.5,1.71,2.15],"to":[12.95,2.16,13.85],"faces":{"north":{"uv":[0,0,0.5,0.5],"texture":"#0"},"east":{"uv":[0,0,13,0.5],"texture":"#0"},"south":{"uv":[0,0,0.5,0.5],"texture":"#0"},"west":{"uv":[0,0,13,0.5],"texture":"#0"},"up":{"uv":[0,0,0.5,13],"texture":"#0"},"down":{"uv":[0,0,0.5,13],"texture":"#0"}}},{"name":"Cube","from":[2.15,1.71,3.05],"to":[13.85,2.16,3.5],"faces":{"north":{"uv":[0,0,13,0.5],"texture":"#0"},"east":{"uv":[0,0,0.5,0.5],"texture":"#0"},"south":{"uv":[0,0,13,0.5],"texture":"#0"},"west":{"uv":[0,0,0.5,0.5],"texture":"#0"},"up":{"uv":[0,0,13,0.5],"texture":"#0"},"down":{"uv":[0,0,13,0.5],"texture":"#0"}}},{"name":"Cube","from":[2.15,1.71,12.5],"to":[13.85,2.16,12.95],"faces":{"north":{"uv":[0,0,13,0.5],"texture":"#0"},"east":{"uv":[0,0,0.5,0.5],"texture":"#0"},"south":{"uv":[0,0,13,0.5],"texture":"#0"},"west":{"uv":[0,0,0.5,0.5],"texture":"#0"},"up":{"uv":[0,0,13,0.5],"texture":"#0"},"down":{"uv":[0,0,13,0.5],"texture":"#0"}}},{"name":"Cube","from":[3.5,5.625,3.5],"to":[12.5,7.425,12.5],"faces":{"north":{"uv":[0,0,10,2],"texture":"#0"},"east":{"uv":[0,0,10,2],"texture":"#0"},"south":{"uv":[0,0,10,2],"texture":"#0"},"west":{"uv":[0,0,10,2],"texture":"#0"},"up":{"uv":[0,0,10,10],"texture":"#0"},"down":{"uv":[0,0,10,10],"texture":"#0"}}},{"name":"Cube","from":[-0.1,5.31,0.8],"to":[14.3,6.66,15.2],"rotation":{"angle":22.5,"axis":"z","origin":[8.9,7.2,8]},"faces":{"north":{"uv":[0,0,16,1.5],"texture":"#2"},"east":{"uv":[0,0,16,1.5],"texture":"#2"},"south":{"uv":[0,0,16,1.5],"texture":"#2"},"west":{"uv":[0,0,16,1.5],"texture":"#2"},"up":{"uv":[0,0,16,16],"texture":"#2"},"down":{"uv":[0,0,16,16],"texture":"#2"}}},{"name":"Cube","from":[1.7,6.21,2.555],"to":[12.5,11.16,13.445],"rotation":{"angle":22.5,"axis":"z","origin":[8.9,7.2,8]},"faces":{"north":{"uv":[0,0,16,16],"texture":"#2"},"east":{"uv":[0,0,16,16],"texture":"#2"},"south":{"uv":[0,0,16,16],"texture":"#2"},"west":{"uv":[0,0,16,16],"texture":"#2"},"up":{"uv":[0,0,16,16],"texture":"#2"},"down":{"uv":[0,0,16,16],"texture":"#2"}}},{"name":"Cube","from":[1.61,6.21,2.465],"to":[12.77,7.56,13.625],"rotation":{"angle":22.5,"axis":"z","origin":[8.9,7.2,8]},"faces":{"north":{"uv":[0,0,16,1.5],"texture":"#0"},"east":{"uv":[0,0,16,1.5],"texture":"#0"},"south":{"uv":[0,0,16,1.5],"texture":"#0"},"west":{"uv":[0,0,16,1.5],"texture":"#0"},"up":{"uv":[0,0,16,16],"texture":"#0"},"down":{"uv":[0,0,16,16],"texture":"#0"}}},{"name":"Cube","from":[1.628,6.165,2.483],"to":[12.608,11.115,13.508],"rotation":{"angle":22.5,"axis":"z","origin":[8.9,7.2,8]},"faces":{"north":{"uv":[0,0,16,1.5],"texture":"#3"},"east":{"uv":[0,0,16,1.5],"texture":"#3"},"south":{"uv":[0,0,16,1.5],"texture":"#3"},"west":{"uv":[0,0,16,1.5],"texture":"#3"},"up":{"uv":[0,0,16,16],"texture":"#3"},"down":{"uv":[0,0,16,16],"texture":"#3"}}},{"name":"Cube","from":[0.8,9,0.8],"to":[15.2,10.35,15.2],"faces":{"north":{"uv":[0,0,16,1.5],"texture":"#4"},"east":{"uv":[0,0,16,1.5],"texture":"#4"},"south":{"uv":[0,0,16,1.5],"texture":"#4"},"west":{"uv":[0,0,16,1.5],"texture":"#4"},"up":{"uv":[0,0,16,1.5],"texture":"#4"},"down":{"uv":[0,0,16,1.5],"texture":"#4"}}},{"name":"Cube","from":[2.6,9.9,2.42],"to":[13.4,16.47,13.58],"faces":{"north":{"uv":[0,0,12,7.3],"texture":"#4"},"east":{"uv":[0,0,12.4,7.3],"texture":"#4"},"south":{"uv":[0,0,12,7.3],"texture":"#4"},"west":{"uv":[0,0,12.4,7.3],"texture":"#4"},"up":{"uv":[0,0,12,12.4],"texture":"#4"},"down":{"uv":[0,0,12,12.4],"texture":"#4"}}},{"name":"Cube","from":[2.24,9.9,2.15],"to":[13.76,11.25,13.85],"faces":{"north":{"uv":[0,0,16,1.5],"texture":"#5"},"east":{"uv":[0,0,16,1.5],"texture":"#5"},"south":{"uv":[0,0,16,1.5],"texture":"#5"},"west":{"uv":[0,0,16,1.5],"texture":"#5"},"up":{"uv":[0,0,16,16],"texture":"#5"},"down":{"uv":[0,0,16,16],"texture":"#5"}}},{"name":"Cube","from":[4.4,11.7,12.77],"to":[8,14.4,13.67],"faces":{"north":{"uv":[0,0,4,3],"texture":"#6"},"east":{"uv":[0,0,1,3],"texture":"#6"},"south":{"uv":[4,2,11,7],"texture":"#6"},"west":{"uv":[0,0,1,3],"texture":"#6"},"up":{"uv":[0,0,4,1],"texture":"#6"},"down":{"uv":[0,0,4,1],"texture":"#6"}}},{"name":"Cube","from":[8.9,13.5,12.77],"to":[12.5,16.2,13.67],"faces":{"north":{"uv":[0,0,4,3],"texture":"#7"},"east":{"uv":[0,0,1,3],"texture":"#7"},"south":{"uv":[4,4,11,9],"texture":"#7"},"west":{"uv":[0,0,1,3],"texture":"#7"},"up":{"uv":[0,0,4,1],"texture":"#7"},"down":{"uv":[0,0,4,1],"texture":"#7"}}},{"name":"Cube","from":[2.51,10.8,4.4],"to":[3.41,13.5,7.1],"faces":{"north":{"uv":[0,0,1,3],"texture":"#8"},"east":{"uv":[5,4,8,7],"texture":"#8"},"south":{"uv":[0,0,1,3],"texture":"#8"},"west":{"uv":[4,2,12,10],"texture":"#8"},"up":{"uv":[0,0,1,3],"texture":"#8"},"down":{"uv":[0,0,1,3],"texture":"#8"}}},{"name":"Cube","from":[2.51,12.6,8.9],"to":[3.41,15.3,11.6],"faces":{"north":{"uv":[0,0,1,3],"texture":"#9"},"east":{"uv":[5,4,8,7],"texture":"#9"},"south":{"uv":[0,0,1,3],"texture":"#9"},"west":{"uv":[3,6,12,16],"texture":"#9"},"up":{"uv":[0,0,1,3],"texture":"#9"},"down":{"uv":[0,0,1,3],"texture":"#9"}}},{"name":"Cube","from":[4.4,11.25,2.33],"to":[8,13.95,3.23],"faces":{"north":{"uv":[3,2,12,10],"texture":"#10"},"east":{"uv":[0,0,1,3],"texture":"#10"},"south":{"uv":[4,2,11,7],"texture":"#10"},"west":{"uv":[0,0,1,3],"texture":"#10"},"up":{"uv":[0,0,4,1],"texture":"#10"},"down":{"uv":[0,0,4,1],"texture":"#10"}}},{"name":"Cube","from":[8.9,11.25,2.33],"to":[12.5,15.75,3.23],"faces":{"north":{"uv":[3,2,13,16],"texture":"#11"},"east":{"uv":[0,0,1,3],"texture":"#10"},"south":{"uv":[4,2,11,7],"texture":"#10"},"west":{"uv":[0,0,1,3],"texture":"#10"},"up":{"uv":[0,0,4,1],"texture":"#10"},"down":{"uv":[0,0,4,1],"texture":"#10"}}},{"name":"Cube","from":[12.59,10.8,4.4],"to":[13.49,13.5,7.1],"faces":{"north":{"uv":[0,0,1,3],"texture":"#6"},"east":{"uv":[4,2,11,10],"texture":"#6"},"south":{"uv":[0,0,1,3],"texture":"#6"},"west":{"uv":[4,2,11,10],"texture":"#6"},"up":{"uv":[0,0,1,3],"texture":"#6"},"down":{"uv":[0,0,1,3],"texture":"#6"}}},{"name":"Cube","from":[12.59,12.6,8.9],"to":[13.49,15.3,11.6],"faces":{"north":{"uv":[0,0,1,3],"texture":"#9"},"east":{"uv":[4,6,11,14],"texture":"#9"},"south":{"uv":[0,0,1,3],"texture":"#9"},"west":{"uv":[4,4,11,12],"texture":"#9"},"up":{"uv":[0,0,1,3],"texture":"#9"},"down":{"uv":[0,0,1,3],"texture":"#9"}}},{"name":"Cube","from":[-1,14.4,0.8],"to":[13.4,15.75,15.2],"rotation":{"angle":-22.5,"axis":"z","origin":[8,7.2,8]},"faces":{"north":{"uv":[0,6,16,9.5],"texture":"#12"},"east":{"uv":[0,6,16,9.5],"texture":"#12"},"south":{"uv":[0,6,16,9.5],"texture":"#12"},"west":{"uv":[0,6,16,9.5],"texture":"#12"},"up":{"uv":[0,0,16,16],"texture":"#12"},"down":{"uv":[0,0,16,16],"texture":"#12"}}},{"name":"Cube","from":[0.575,15.3,2.285],"to":[11.825,21.87,13.715],"rotation":{"angle":-22.5,"axis":"z","origin":[8,7.2,8]},"faces":{"north":{"uv":[0,0,16,15.5],"texture":"#12"},"east":{"uv":[0,0,16,15.5],"texture":"#12"},"south":{"uv":[0,0,16,15.5],"texture":"#12"},"west":{"uv":[0,0,16,15.5],"texture":"#12"},"up":{"uv":[0,0,16,16],"texture":"#12"},"down":{"uv":[0,0,16,16],"texture":"#12"}}},{"name":"Cube","from":[0.5075,15.57,2.1725],"to":[11.96,16.74,13.805],"rotation":{"angle":-22.5,"axis":"z","origin":[8,7.2,7.9325]},"faces":{"north":{"uv":[1,1,13.7,2.3],"texture":"#13"},"east":{"uv":[1,1,13.7,2.3],"texture":"#13"},"south":{"uv":[1,1,13.7,2.3],"texture":"#13"},"west":{"uv":[1,1,13.7,2.3],"texture":"#13"},"up":{"uv":[1,1,13.7,2.3],"texture":"#13"},"down":{"uv":[1,1,13.7,2.3],"texture":"#13"}}},{"name":"Cube","from":[-0.19,20.25,0.8],"to":[14.21,21.6,15.2],"rotation":{"angle":22.5,"axis":"z","origin":[7.01,20.925,8]},"faces":{"north":{"uv":[0,0,16,1.5],"texture":"#14"},"east":{"uv":[0,0,16,1.5],"texture":"#14"},"south":{"uv":[0,0,16,1.5],"texture":"#14"},"west":{"uv":[0,0,16,1.5],"texture":"#14"},"up":{"uv":[0,0,16,16],"texture":"#14"},"down":{"uv":[0,0,16,16],"texture":"#14"}}},{"name":"Cube","from":[1.07,21.6,2.06],"to":[12.95,22.68,13.94],"rotation":{"angle":22.5,"axis":"z","origin":[7.01,20.925,8]},"faces":{"north":{"uv":[0,0,14,1.2],"texture":"#15"},"east":{"uv":[0,0,14,1.2],"texture":"#15"},"south":{"uv":[0,0,14,1.2],"texture":"#15"},"west":{"uv":[0,0,14,1.2],"texture":"#15"},"up":{"uv":[0,0,14,14],"texture":"#15"},"down":{"uv":[0,0,14,14],"texture":"#15"}}},{"name":"Cube","from":[1.25,21.6,2.24],"to":[12.77,27.72,13.76],"rotation":{"angle":22.5,"axis":"z","origin":[7.01,20.925,8]},"faces":{"north":{"uv":[0,0,13.6,7.1],"texture":"#14"},"east":{"uv":[0,0,13.6,7.1],"texture":"#14"},"south":{"uv":[0,0,13.6,7.1],"texture":"#14"},"west":{"uv":[0,0,13.6,7.1],"texture":"#14"},"up":{"uv":[0,0,13.6,13.6],"texture":"#14"},"down":{"uv":[0,0,13.6,13.6],"texture":"#14"}}},{"name":"bank_vc_0","from":[4.9,21.88,2.02],"to":[6.58,26.92,2.44],"rotation":{"angle":22.5,"axis":"z","origin":[5.74,24.4,2.23]},"faces":{"north":{"uv":[6,2,10,14],"texture":"#17"},"east":{"uv":[6,2,7,14],"texture":"#17"},"south":{"uv":[6,14,10,2],"rotation":180,"texture":"#17"},"west":{"uv":[9,2,10,14],"texture":"#17"},"up":{"uv":[10,2,6,3],"texture":"#17"},"down":{"uv":[6,13,10,14],"rotation":180,"texture":"#17"}}},{"name":"bank_vc_1","from":[6.58,22.3,2.02],"to":[7.42,26.5,2.44],"rotation":{"angle":22.5,"axis":"z","origin":[5.74,24.4,2.23]},"faces":{"north":{"uv":[4,3,6,13],"texture":"#17"},"east":{"uv":[4,3,5,13],"texture":"#17"},"south":{"uv":[4,13,6,3],"rotation":180,"texture":"#17"},"west":{"uv":[5,3,6,13],"texture":"#17"},"up":{"uv":[6,3,4,4],"texture":"#17"},"down":{"uv":[4,12,6,13],"rotation":180,"texture":"#17"}}},{"name":"bank_vc_2","from":[4.06,22.3,2.02],"to":[4.9,26.5,2.44],"rotation":{"angle":22.5,"axis":"z","origin":[5.74,24.4,2.23]},"faces":{"north":{"uv":[10,3,12,13],"texture":"#17"},"east":{"uv":[10,3,11,13],"texture":"#17"},"south":{"uv":[10,13,12,3],"rotation":180,"texture":"#17"},"west":{"uv":[11,3,12,13],"texture":"#17"},"up":{"uv":[12,3,10,4],"texture":"#17"},"down":{"uv":[10,12,12,13],"rotation":180,"texture":"#17"}}},{"name":"bank_vc_3","from":[7.42,22.72,2.02],"to":[7.84,26.08,2.44],"rotation":{"angle":22.5,"axis":"z","origin":[5.74,24.4,2.23]},"faces":{"north":{"uv":[3,4,4,12],"texture":"#17"},"east":{"uv":[3,4,4,12],"texture":"#17"},"south":{"uv":[3,12,4,4],"rotation":180,"texture":"#17"},"west":{"uv":[3,4,4,12],"texture":"#17"},"up":{"uv":[4,4,3,5],"texture":"#17"},"down":{"uv":[3,11,4,12],"rotation":180,"texture":"#17"}}},{"name":"bank_vc_4","from":[3.64,22.72,2.02],"to":[4.06,26.08,2.44],"rotation":{"angle":22.5,"axis":"z","origin":[5.74,24.4,2.23]},"faces":{"north":{"uv":[12,4,13,12],"texture":"#17"},"east":{"uv":[12,4,13,12],"texture":"#17"},"south":{"uv":[12,12,13,4],"rotation":180,"texture":"#17"},"west":{"uv":[12,4,13,12],"texture":"#17"},"up":{"uv":[13,4,12,5],"texture":"#17"},"down":{"uv":[12,11,13,12],"rotation":180,"texture":"#17"}}},{"name":"bank_vc_5","from":[7.84,23.56,2.02],"to":[8.26,25.24,2.44],"rotation":{"angle":22.5,"axis":"z","origin":[5.74,24.4,2.23]},"faces":{"north":{"uv":[2,6,3,10],"texture":"#17"},"east":{"uv":[2,6,3,10],"texture":"#17"},"south":{"uv":[2,10,3,6],"rotation":180,"texture":"#17"},"west":{"uv":[2,6,3,10],"texture":"#17"},"up":{"uv":[3,6,2,7],"texture":"#17"},"down":{"uv":[2,9,3,10],"rotation":180,"texture":"#17"}}},{"name":"bank_vc_6","from":[3.22,23.56,2.02],"to":[3.64,25.24,2.44],"rotation":{"angle":22.5,"axis":"z","origin":[5.74,24.4,2.23]},"faces":{"north":{"uv":[13,6,14,10],"texture":"#17"},"east":{"uv":[13,6,14,10],"texture":"#17"},"south":{"uv":[13,10,14,6],"rotation":180,"texture":"#17"},"west":{"uv":[13,6,14,10],"texture":"#17"},"up":{"uv":[14,6,13,7],"texture":"#17"},"down":{"uv":[13,9,14,10],"rotation":180,"texture":"#17"}}},{"name":"bank_vc_0","from":[4.885,21.755,13.58],"to":[6.565,26.795,14],"rotation":{"angle":22.5,"axis":"z","origin":[5.725,24.275,13.79]},"faces":{"north":{"uv":[6,14,10,2],"rotation":180,"texture":"#17"},"east":{"uv":[9,2,10,14],"texture":"#17"},"south":{"uv":[6,2,10,14],"texture":"#17"},"west":{"uv":[6,2,7,14],"texture":"#17"},"up":{"uv":[10,2,6,3],"rotation":180,"texture":"#17"},"down":{"uv":[6,13,10,14],"texture":"#17"}}},{"name":"bank_vc_1","from":[4.045,22.175,13.58],"to":[4.885,26.375,14],"rotation":{"angle":22.5,"axis":"z","origin":[5.725,24.275,13.79]},"faces":{"north":{"uv":[4,13,6,3],"rotation":180,"texture":"#17"},"east":{"uv":[5,3,6,13],"texture":"#17"},"south":{"uv":[4,3,6,13],"texture":"#17"},"west":{"uv":[4,3,5,13],"texture":"#17"},"up":{"uv":[6,3,4,4],"rotation":180,"texture":"#17"},"down":{"uv":[4,12,6,13],"texture":"#17"}}},{"name":"bank_vc_2","from":[6.565,22.175,13.58],"to":[7.405,26.375,14],"rotation":{"angle":22.5,"axis":"z","origin":[5.725,24.275,13.79]},"faces":{"north":{"uv":[10,13,12,3],"rotation":180,"texture":"#17"},"east":{"uv":[11,3,12,13],"texture":"#17"},"south":{"uv":[10,3,12,13],"texture":"#17"},"west":{"uv":[10,3,11,13],"texture":"#17"},"up":{"uv":[12,3,10,4],"rotation":180,"texture":"#17"},"down":{"uv":[10,12,12,13],"texture":"#17"}}},{"name":"bank_vc_3","from":[3.625,22.595,13.58],"to":[4.045,25.955,14],"rotation":{"angle":22.5,"axis":"z","origin":[5.725,24.275,13.79]},"faces":{"north":{"uv":[3,12,4,4],"rotation":180,"texture":"#17"},"east":{"uv":[3,4,4,12],"texture":"#17"},"south":{"uv":[3,4,4,12],"texture":"#17"},"west":{"uv":[3,4,4,12],"texture":"#17"},"up":{"uv":[4,4,3,5],"rotation":180,"texture":"#17"},"down":{"uv":[3,11,4,12],"texture":"#17"}}},{"name":"bank_vc_4","from":[7.405,22.595,13.58],"to":[7.825,25.955,14],"rotation":{"angle":22.5,"axis":"z","origin":[5.725,24.275,13.79]},"faces":{"north":{"uv":[12,12,13,4],"rotation":180,"texture":"#17"},"east":{"uv":[12,4,13,12],"texture":"#17"},"south":{"uv":[12,4,13,12],"texture":"#17"},"west":{"uv":[12,4,13,12],"texture":"#17"},"up":{"uv":[13,4,12,5],"rotation":180,"texture":"#17"},"down":{"uv":[12,11,13,12],"texture":"#17"}}},{"name":"bank_vc_5","from":[3.205,23.435,13.58],"to":[3.625,25.115,14],"rotation":{"angle":22.5,"axis":"z","origin":[5.725,24.275,13.79]},"faces":{"north":{"uv":[2,10,3,6],"rotation":180,"texture":"#17"},"east":{"uv":[2,6,3,10],"texture":"#17"},"south":{"uv":[2,6,3,10],"texture":"#17"},"west":{"uv":[2,6,3,10],"texture":"#17"},"up":{"uv":[3,6,2,7],"rotation":180,"texture":"#17"},"down":{"uv":[2,9,3,10],"texture":"#17"}}},{"name":"bank_vc_6","from":[7.825,23.435,13.58],"to":[8.245,25.115,14],"rotation":{"angle":22.5,"axis":"z","origin":[5.725,24.275,13.79]},"faces":{"north":{"uv":[13,10,14,6],"rotation":180,"texture":"#17"},"east":{"uv":[13,6,14,10],"texture":"#17"},"south":{"uv":[13,6,14,10],"texture":"#17"},"west":{"uv":[13,6,14,10],"texture":"#17"},"up":{"uv":[14,6,13,7],"rotation":180,"texture":"#17"},"down":{"uv":[13,9,14,10],"texture":"#17"}}}],"display":{"ground":{"translation":[0,4.5,0],"scale":[0.7,0.7,0.7]},"gui":{"rotation":[30,45,0],"translation":[0.38,-2.15,0],"scale":[0.4,0.4,0.4]},"head":{"translation":[0,13.04,0],"scale":[1.33,1.33,1.33]}},"groups":[0,1,2,3,4,5,6,7,8,9,10,11,12,13,14,15,16,17,18,19,20,21,22,23,24,25,26,27,28,{"name":"bank_vc","origin":[8,8,8],"children":[29,30,31,32,33,34,35]},{"name":"bank_vc","origin":[8,8,8],"children":[36,37,38,39,40,41,42]}],"credit":"Model by Craftventure"}