{"textures":{"1_0":"block/bierglas"},"elements":[{"name":"bierout","from":[7.875,-0.125,8.875],"to":[12.125,5.125,13.125],"faces":{"north":{"uv":[8,2,10,4],"texture":"#1_0"},"east":{"uv":[14,2,16,4],"texture":"#1_0"},"south":{"uv":[10,2,12,4],"texture":"#1_0"},"west":{"uv":[12,2,14,4],"texture":"#1_0"},"up":{"uv":[10,0,12,2],"texture":"#1_0"},"down":{"uv":[12,0,14,2],"texture":"#1_0"}}},{"name":"bierin","from":[8,0,9],"to":[12,5,13],"faces":{"north":{"uv":[0,2,2,4],"texture":"#1_0"},"east":{"uv":[6,2,8,4],"texture":"#1_0"},"south":{"uv":[2,2,4,4],"texture":"#1_0"},"west":{"uv":[4,2,6,4],"texture":"#1_0"},"up":{"uv":[2,0,4,2],"texture":"#1_0"},"down":{"uv":[4,0,6,2],"texture":"#1_0"}}},{"name":"bierout","from":[7.875,-0.125,1.875],"to":[12.125,5.125,6.125],"rotation":{"angle":22.5,"axis":"y","origin":[12,2,4]},"faces":{"north":{"uv":[12,2,14,4],"texture":"#1_0"},"east":{"uv":[8,2,10,4],"texture":"#1_0"},"south":{"uv":[14,2,16,4],"texture":"#1_0"},"west":{"uv":[10,2,12,4],"texture":"#1_0"},"up":{"uv":[10,0,12,2],"rotation":90,"texture":"#1_0"},"down":{"uv":[12,0,14,2],"rotation":270,"texture":"#1_0"}}},{"name":"bierin","from":[8,0,2],"to":[12,5,6],"rotation":{"angle":22.5,"axis":"y","origin":[12,2,4]},"faces":{"north":{"uv":[4,2,6,4],"texture":"#1_0"},"east":{"uv":[0,2,2,4],"texture":"#1_0"},"south":{"uv":[6,2,8,4],"texture":"#1_0"},"west":{"uv":[2,2,4,4],"texture":"#1_0"},"up":{"uv":[2,0,4,2],"rotation":90,"texture":"#1_0"},"down":{"uv":[4,0,6,2],"rotation":270,"texture":"#1_0"}}},{"name":"bierin","from":[2,0,0],"to":[6,5,4],"rotation":{"angle":45,"axis":"y","origin":[12,2,4]},"faces":{"north":{"uv":[4,2,6,4],"texture":"#1_0"},"east":{"uv":[0,2,2,4],"texture":"#1_0"},"south":{"uv":[6,2,8,4],"texture":"#1_0"},"west":{"uv":[2,2,4,4],"texture":"#1_0"},"up":{"uv":[2,0,4,2],"rotation":90,"texture":"#1_0"},"down":{"uv":[4,0,6,2],"rotation":270,"texture":"#1_0"}}},{"name":"bierout","from":[1.875,-0.125,-0.125],"to":[6.125,5.125,4.125],"rotation":{"angle":45,"axis":"y","origin":[12,2,4]},"faces":{"north":{"uv":[12,2,14,4],"texture":"#1_0"},"east":{"uv":[8,2,10,4],"texture":"#1_0"},"south":{"uv":[14,2,16,4],"texture":"#1_0"},"west":{"uv":[10,2,12,4],"texture":"#1_0"},"up":{"uv":[10,0,12,2],"rotation":90,"texture":"#1_0"},"down":{"uv":[12,0,14,2],"rotation":270,"texture":"#1_0"}}},{"name":"bierin","from":[8,5,7],"to":[12,10,11],"rotation":{"angle":-22.5,"axis":"y","origin":[12,2,4]},"faces":{"north":{"uv":[0,2,2,4],"texture":"#1_0"},"east":{"uv":[6,2,8,4],"texture":"#1_0"},"south":{"uv":[2,2,4,4],"texture":"#1_0"},"west":{"uv":[4,2,6,4],"texture":"#1_0"},"up":{"uv":[2,0,4,2],"texture":"#1_0"},"down":{"uv":[4,0,6,2],"texture":"#1_0"}}},{"name":"bierout","from":[7.875,4.875,6.875],"to":[12.125,10.125,11.125],"rotation":{"angle":-22.5,"axis":"y","origin":[12,2,4]},"faces":{"north":{"uv":[8,2,10,4],"texture":"#1_0"},"east":{"uv":[14,2,16,4],"texture":"#1_0"},"south":{"uv":[10,2,12,4],"texture":"#1_0"},"west":{"uv":[12,2,14,4],"texture":"#1_0"},"up":{"uv":[10,0,12,2],"texture":"#1_0"},"down":{"uv":[12,0,14,2],"texture":"#1_0"}}}],"display":{"gui":{"rotation":[30,-135,0],"translation":[0.5,2.5,0]},"head":{"translation":[0.25,15,0.5],"scale":[1.1,1.1,1.1]}},"groups":[{"name":"madhouse_tafel_midden","origin":[8,8,8],"children":[0,1,2,3,4,5,6,7]}],"credit":"Model by Craftventure"}