{"textures":{"0":"block/nether_wart_block","2":"block/red_nether_bricks","particle":"block/nether_wart_block","1_3":"block/stripped_acacia_log"},"elements":[{"from":[2,-2,5],"to":[3,4,11],"rotation":{"angle":0,"axis":"y","origin":[8,5.5,8]},"faces":{"north":{"uv":[4,10,5,16],"texture":"#0"},"south":{"uv":[9,10,10,16],"texture":"#0"},"west":{"uv":[4,10,10,16],"texture":"#0"},"up":{"uv":[4,10,10,11],"rotation":90,"texture":"#0"},"down":{"uv":[4,15,10,16],"rotation":270,"texture":"#0"}}},{"from":[5,-2,2],"to":[11,4,3],"rotation":{"angle":0,"axis":"y","origin":[8,5.5,8]},"faces":{"north":{"uv":[4,10,10,16],"texture":"#0"},"east":{"uv":[4,10,5,16],"texture":"#0"},"west":{"uv":[9,10,10,16],"texture":"#0"},"up":{"uv":[4,10,10,11],"rotation":180,"texture":"#0"},"down":{"uv":[4,15,10,16],"rotation":180,"texture":"#0"}}},{"from":[5,-2,13],"to":[11,4,14],"rotation":{"angle":0,"axis":"y","origin":[8,5.5,8]},"faces":{"north":{"uv":[6,3,8,6],"texture":"#2"},"east":{"uv":[9,10,10,16],"texture":"#2"},"south":{"uv":[4,10,10,16],"texture":"#2"},"west":{"uv":[4,10,5,16],"texture":"#2"},"up":{"uv":[10,11,4,10],"rotation":180,"texture":"#2"},"down":{"uv":[10,16,4,15],"rotation":180,"texture":"#2"}}},{"from":[13,-2,5],"to":[14,4,11],"rotation":{"angle":0,"axis":"y","origin":[8,5.5,8]},"faces":{"north":{"uv":[9,10,10,16],"texture":"#0"},"east":{"uv":[4,10,10,16],"texture":"#0"},"south":{"uv":[4,10,5,16],"texture":"#0"},"up":{"uv":[10,11,4,10],"rotation":90,"texture":"#0"},"down":{"uv":[10,16,4,15],"rotation":270,"texture":"#0"}}},{"from":[3,4,6],"to":[4,8,10],"rotation":{"angle":0,"axis":"y","origin":[8,5.5,8]},"faces":{"north":{"uv":[5,6,6,10],"texture":"#0"},"south":{"uv":[8,6,9,10],"texture":"#0"},"west":{"uv":[5,6,9,10],"texture":"#0"},"up":{"uv":[5,6,9,7],"rotation":90,"texture":"#0"}}},{"from":[6,4,3],"to":[10,8,4],"rotation":{"angle":0,"axis":"y","origin":[8,5.5,8]},"faces":{"north":{"uv":[5,6,9,10],"texture":"#0"},"east":{"uv":[5,6,6,10],"texture":"#0"},"west":{"uv":[8,6,9,10],"texture":"#0"},"up":{"uv":[5,6,9,7],"rotation":180,"texture":"#0"}}},{"from":[6,4,12],"to":[10,8,13],"rotation":{"angle":0,"axis":"y","origin":[8,5.5,8]},"faces":{"north":{"uv":[6,3,8,6],"texture":"#2"},"east":{"uv":[8,6,9,10],"texture":"#2"},"south":{"uv":[5,6,9,10],"texture":"#2"},"west":{"uv":[5,6,6,10],"texture":"#2"},"up":{"uv":[9,7,5,6],"rotation":180,"texture":"#2"},"down":{"uv":[6,3,8,6],"texture":"#2"}}},{"from":[12,4,6],"to":[13,8,10],"rotation":{"angle":0,"axis":"y","origin":[8,5.5,8]},"faces":{"north":{"uv":[8,6,9,10],"texture":"#0"},"east":{"uv":[5,6,9,10],"texture":"#0"},"south":{"uv":[5,6,6,10],"texture":"#0"},"up":{"uv":[9,7,5,6],"rotation":90,"texture":"#0"}}},{"from":[4,8,7],"to":[5,11,9],"rotation":{"angle":0,"axis":"y","origin":[8,5.5,8]},"faces":{"north":{"uv":[6,3,7,6],"texture":"#0"},"south":{"uv":[7,3,8,6],"texture":"#0"},"west":{"uv":[6,3,8,6],"texture":"#0"},"up":{"uv":[6,3,8,4],"rotation":90,"texture":"#0"}}},{"from":[7,8,4],"to":[9,11,5],"rotation":{"angle":0,"axis":"y","origin":[8,5.5,8]},"faces":{"north":{"uv":[6,3,8,6],"texture":"#0"},"east":{"uv":[6,3,7,6],"texture":"#0"},"west":{"uv":[7,3,8,6],"texture":"#0"},"up":{"uv":[6,3,8,4],"rotation":180,"texture":"#0"}}},{"from":[7,8,11],"to":[9,11,12],"rotation":{"angle":0,"axis":"y","origin":[8,5.5,8]},"faces":{"north":{"uv":[6,3,8,6],"texture":"#2"},"east":{"uv":[7,3,8,6],"texture":"#2"},"south":{"uv":[6,3,8,6],"texture":"#2"},"west":{"uv":[6,3,7,6],"texture":"#2"},"up":{"uv":[8,4,6,3],"rotation":180,"texture":"#2"},"down":{"uv":[6,3,8,6],"texture":"#2"}}},{"from":[11,8,7],"to":[12,11,9],"rotation":{"angle":0,"axis":"y","origin":[8,5.5,8]},"faces":{"north":{"uv":[7,3,8,6],"texture":"#0"},"east":{"uv":[6,3,8,6],"texture":"#0"},"south":{"uv":[6,3,7,6],"texture":"#0"},"up":{"uv":[8,4,6,3],"rotation":90,"texture":"#0"}}},{"from":[6,11,6],"to":[10,13,10],"rotation":{"angle":0,"axis":"y","origin":[8,12.5,8]},"faces":{"north":{"uv":[6,1,10,3],"texture":"#0"},"east":{"uv":[6,1,10,3],"texture":"#0"},"south":{"uv":[6,1,10,3],"texture":"#0"},"west":{"uv":[6,1,10,3],"texture":"#0"},"up":{"uv":[6,6,10,10],"texture":"#0"}}},{"from":[7,13,7],"to":[9,14,9],"rotation":{"angle":0,"axis":"y","origin":[8,14.5,8]},"faces":{"north":{"uv":[7,0,9,1],"texture":"#0"},"east":{"uv":[7,0,9,1],"texture":"#0"},"south":{"uv":[7,0,9,1],"texture":"#0"},"west":{"uv":[7,0,9,1],"texture":"#0"},"up":{"uv":[7,6,9,8],"texture":"#0"}}},{"from":[5,8,5],"to":[11,11,11],"rotation":{"angle":0,"axis":"y","origin":[8,11.5,8]},"faces":{"north":{"uv":[5,3,11,6],"texture":"#0"},"east":{"uv":[5,3,11,6],"texture":"#0"},"south":{"uv":[5,3,11,6],"texture":"#0"},"west":{"uv":[5,3,11,6],"texture":"#0"},"up":{"uv":[5,4,11,10],"texture":"#0"}}},{"from":[4,4,4],"to":[12,8,12],"rotation":{"angle":0,"axis":"y","origin":[8,8.5,8]},"faces":{"north":{"uv":[4,6,12,10],"texture":"#0"},"east":{"uv":[4,6,12,10],"texture":"#0"},"south":{"uv":[4,6,12,10],"texture":"#0"},"west":{"uv":[4,6,12,10],"texture":"#0"},"up":{"uv":[4,4,12,12],"texture":"#0"}}},{"from":[3,-2,3],"to":[13,4,13],"rotation":{"angle":0,"axis":"y","origin":[8,4.5,8]},"faces":{"north":{"uv":[3,10,13,16],"texture":"#0"},"east":{"uv":[3,10,13,16],"texture":"#0"},"south":{"uv":[3,10,13,16],"texture":"#0"},"west":{"uv":[3,10,13,16],"texture":"#0"},"up":{"uv":[3,3,13,13],"texture":"#0"},"down":{"uv":[3,3,13,13],"texture":"#0"}}},{"from":[6.5,3.34425,14.10706],"to":[9.5,3.84425,15.60706],"rotation":{"angle":-45,"axis":"x","origin":[8,5,15.86552]},"faces":{"east":{"uv":[1.5,0.5,0,0],"rotation":180,"texture":"#0"},"west":{"uv":[4.5,4.5,3,4],"texture":"#0"},"up":{"uv":[4.5,3,3,0],"rotation":270,"texture":"#0"}}},{"from":[6.5,1.31892,16.83438],"to":[9.5,4.31892,16.83438],"rotation":{"angle":22.5,"axis":"x","origin":[8,5,15.86552]},"faces":{"south":{"uv":[3,6,0,3],"rotation":270,"texture":"#1_3"}}},{"from":[6.5,-0.78608,14.1556],"to":[9.5,2.21392,14.1556],"rotation":{"angle":-22.5,"axis":"x","origin":[8,5,15.86552]},"faces":{"south":{"uv":[0,3,3,6],"rotation":270,"texture":"#1_3"}}},{"from":[6.5,1.206,19.0568],"to":[9.5,1.706,20.5568],"rotation":{"angle":45,"axis":"x","origin":[8,5,15.86552]},"faces":{"east":{"uv":[3,4,4.5,4.5],"texture":"#0"},"west":{"uv":[0,0,1.5,0.5],"rotation":180,"texture":"#0"},"down":{"uv":[3,0,4.5,3],"rotation":270,"texture":"#0"}}},{"from":[6.68088,0,16.58193],"to":[7.18088,3,18.08193],"rotation":{"angle":-45,"axis":"y","origin":[8,5,15.86552]},"faces":{"west":{"uv":[4.5,3,3,0],"rotation":180,"texture":"#0"},"up":{"uv":[1.5,0.5,0,0],"rotation":90,"texture":"#0"},"down":{"uv":[4.5,4.5,3,4],"rotation":270,"texture":"#0"}}},{"from":[5.4475,0,15.49499],"to":[8.4475,3,15.49499],"rotation":{"angle":22.5,"axis":"y","origin":[8,5,15.86552]},"faces":{"south":{"uv":[3,6,0,3],"rotation":180,"texture":"#1_3"}}},{"from":[7.5525,0,15.49499],"to":[10.5525,3,15.49499],"rotation":{"angle":-22.5,"axis":"y","origin":[8,5,15.86552]},"faces":{"south":{"uv":[0,3,3,6],"rotation":180,"texture":"#1_3"}}},{"from":[8.81912,0,16.58193],"to":[9.31912,3,18.08193],"rotation":{"angle":45,"axis":"y","origin":[8,5,15.86552]},"faces":{"east":{"uv":[3,0,4.5,3],"rotation":180,"texture":"#0"},"up":{"uv":[3,4,4.5,4.5],"rotation":270,"texture":"#0"},"down":{"uv":[0,0,1.5,0.5],"rotation":90,"texture":"#0"}}},{"from":[6.5,0,13],"to":[9.5,3,16],"rotation":{"angle":0,"axis":"y","origin":[8,5,15.86552]},"faces":{"east":{"uv":[7,6,10,9],"rotation":270,"texture":"#0"},"west":{"uv":[6,9,9,12],"rotation":270,"texture":"#0"},"up":{"uv":[13,0,16,3],"rotation":270,"texture":"#0"},"down":{"uv":[0,0,3,3],"rotation":270,"texture":"#0"}}},{"from":[7.25,6.07573,13.96335],"to":[8.75,6.57573,15.46335],"rotation":{"angle":-45,"axis":"x","origin":[8,5.75,14.16775]},"faces":{"east":{"uv":[1.5,0.5,0,0],"rotation":180,"texture":"#0"},"west":{"uv":[4.5,4.5,3,4],"texture":"#0"},"up":{"uv":[4.5,1.5,3,0],"rotation":270,"texture":"#0"}}},{"from":[7.42427,5.25,13.96335],"to":[7.92427,6.75,15.46335],"rotation":{"angle":-45,"axis":"y","origin":[8.25,6,14.16775]},"faces":{"west":{"uv":[4.5,1.5,3,0],"rotation":180,"texture":"#0"},"up":{"uv":[1.5,0.5,0,0],"rotation":90,"texture":"#0"},"down":{"uv":[4.5,4.5,3,4],"rotation":270,"texture":"#0"}}},{"from":[7.25,5.42427,13.96335],"to":[8.75,5.92427,15.46335],"rotation":{"angle":45,"axis":"x","origin":[8,6.25,14.16775]},"faces":{"east":{"uv":[1.5,0,0,0.5],"rotation":180,"texture":"#0"},"west":{"uv":[4.5,4,3,4.5],"texture":"#0"},"down":{"uv":[3,1.5,4.5,0],"rotation":270,"texture":"#0"}}},{"from":[8.07573,5.25,13.96335],"to":[8.57573,6.75,15.46335],"rotation":{"angle":45,"axis":"y","origin":[7.75,6,14.16775]},"faces":{"east":{"uv":[3,1.5,4.5,0],"rotation":180,"texture":"#0"},"up":{"uv":[1.5,0,0,0.5],"rotation":90,"texture":"#0"},"down":{"uv":[4.5,4,3,4.5],"rotation":270,"texture":"#0"}}},{"from":[7.25,5.63796,13.90068],"to":[8.75,7.26296,13.90068],"rotation":{"angle":22.5,"axis":"x","origin":[8,5.75,14.16775]},"faces":{"south":{"uv":[1.625,4.5,0,3],"rotation":270,"texture":"#1_3"}}},{"from":[6.73704,5.25,13.90068],"to":[8.36204,6.75,13.90068],"rotation":{"angle":22.5,"axis":"y","origin":[8.25,6,14.16775]},"faces":{"south":{"uv":[1.625,4.5,0,3],"rotation":180,"texture":"#1_3"}}},{"from":[7.25,4.73704,13.90068],"to":[8.75,6.36204,13.90068],"rotation":{"angle":-22.5,"axis":"x","origin":[8,6.25,14.16775]},"faces":{"south":{"uv":[0,4.5,1.625,3],"rotation":270,"texture":"#1_3"}}},{"from":[7.63796,5.25,13.90068],"to":[9.26296,6.75,13.90068],"rotation":{"angle":-22.5,"axis":"y","origin":[7.75,6,14.16775]},"faces":{"south":{"uv":[0,4.5,1.625,3],"rotation":180,"texture":"#1_3"}}},{"from":[7.5,5.5,11],"to":[8.5,6.5,14],"rotation":{"angle":0,"axis":"y","origin":[8,1.5,13.86552]},"faces":{"east":{"uv":[7,6,8,9],"rotation":270,"texture":"#0"},"west":{"uv":[6,9,7,12],"rotation":270,"texture":"#0"},"up":{"uv":[13,0,16,1],"rotation":270,"texture":"#0"},"down":{"uv":[0,0,3,1],"rotation":270,"texture":"#0"}}},{"from":[7.25,9.07573,12.96335],"to":[8.75,9.57573,14.46335],"rotation":{"angle":-45,"axis":"x","origin":[8,8.75,13.16775]},"faces":{"east":{"uv":[1.5,0.5,0,0],"rotation":180,"texture":"#0"},"west":{"uv":[4.5,4.5,3,4],"texture":"#0"},"up":{"uv":[4.5,1.5,3,0],"rotation":270,"texture":"#0"}}},{"from":[7.42427,8.25,12.96335],"to":[7.92427,9.75,14.46335],"rotation":{"angle":-45,"axis":"y","origin":[8.25,9,13.16775]},"faces":{"west":{"uv":[4.5,1.5,3,0],"rotation":180,"texture":"#0"},"up":{"uv":[1.5,0.5,0,0],"rotation":90,"texture":"#0"},"down":{"uv":[4.5,4.5,3,4],"rotation":270,"texture":"#0"}}},{"from":[7.25,8.42427,12.96335],"to":[8.75,8.92427,14.46335],"rotation":{"angle":45,"axis":"x","origin":[8,9.25,13.16775]},"faces":{"east":{"uv":[1.5,0,0,0.5],"rotation":180,"texture":"#0"},"west":{"uv":[4.5,4,3,4.5],"texture":"#0"},"down":{"uv":[3,1.5,4.5,0],"rotation":270,"texture":"#0"}}},{"from":[8.07573,8.25,12.96335],"to":[8.57573,9.75,14.46335],"rotation":{"angle":45,"axis":"y","origin":[7.75,9,13.16775]},"faces":{"east":{"uv":[3,1.5,4.5,0],"rotation":180,"texture":"#0"},"up":{"uv":[1.5,0,0,0.5],"rotation":90,"texture":"#0"},"down":{"uv":[4.5,4,3,4.5],"rotation":270,"texture":"#0"}}},{"from":[7.25,8.63796,12.90068],"to":[8.75,10.26296,12.90068],"rotation":{"angle":22.5,"axis":"x","origin":[8,8.75,13.16775]},"faces":{"south":{"uv":[1.625,4.5,0,3],"rotation":270,"texture":"#1_3"}}},{"from":[6.73704,8.25,12.90068],"to":[8.36204,9.75,12.90068],"rotation":{"angle":22.5,"axis":"y","origin":[8.25,9,13.16775]},"faces":{"south":{"uv":[1.625,4.5,0,3],"rotation":180,"texture":"#1_3"}}},{"from":[7.25,7.73704,12.90068],"to":[8.75,9.36204,12.90068],"rotation":{"angle":-22.5,"axis":"x","origin":[8,9.25,13.16775]},"faces":{"south":{"uv":[0,4.5,1.625,3],"rotation":270,"texture":"#1_3"}}},{"from":[7.63796,8.25,12.90068],"to":[9.26296,9.75,12.90068],"rotation":{"angle":-22.5,"axis":"y","origin":[7.75,9,13.16775]},"faces":{"south":{"uv":[0,4.5,1.625,3],"rotation":180,"texture":"#1_3"}}},{"from":[7.5,8.5,10],"to":[8.5,9.5,13],"rotation":{"angle":0,"axis":"y","origin":[8,4.5,12.86552]},"faces":{"east":{"uv":[7,6,8,9],"rotation":270,"texture":"#0"},"west":{"uv":[6,9,7,12],"rotation":270,"texture":"#0"},"up":{"uv":[13,0,16,1],"rotation":270,"texture":"#0"},"down":{"uv":[0,0,3,1],"rotation":270,"texture":"#0"}}}],"display":{"gui":{"rotation":[33,45,0],"scale":[0.5,0.5,0.5]},"head":{"rotation":[0,-180,0],"translation":[0,8.75,0],"scale":[1.6,1.6,1.6]}},"groups":[{"name":"group","origin":[8,8,8],"color":0,"children":[{"name":"group","origin":[8,8,8],"color":0,"children":[]},{"name":"group","origin":[8,8,8],"color":0,"children":[0,1,2,3,4,5,6,7,8,9,10,11]}]},{"name":"group","origin":[8,6,8],"color":0,"children":[12,13,14,15,16]},{"name":"group","origin":[8,8,8],"color":0,"children":[{"name":"group","origin":[8,12.5,17.94054],"color":0,"children":[17,18,19,20,{"name":"group","origin":[8,12.5,17.94054],"color":0,"children":[21,22,23,24]},25]},{"name":"group","origin":[8,12.5,17.94054],"color":0,"children":[26,27,28,29,30,31,32,33,{"name":"group","origin":[8,12.5,17.94054],"color":0,"children":[]},34]},{"name":"group","origin":[8,12.5,17.94054],"color":0,"children":[35,36,37,38,39,40,41,42,{"name":"group","origin":[8,12.5,17.94054],"color":0,"children":[]},43]}]}],"credit":"Model by Craftventure"}