{"textures":{"0":"custom/skin/gon_bao","particle":"custom/skin/gon_bao"},"elements":[{"from":[3,7,10],"to":[7,11,22],"rotation":{"angle":-22.5,"axis":"y","origin":[7,9,11]},"faces":{"north":{"uv":[1.01,4.01,1.99,4.99],"rotation":180,"texture":"#0"},"east":{"uv":[2.01,5.01,2.99,7.99],"rotation":90,"texture":"#0"},"south":{"uv":[2.01,4.01,2.99,4.99],"rotation":180,"texture":"#0"},"west":{"uv":[0.01,5.01,0.99,7.99],"rotation":270,"texture":"#0"},"up":{"uv":[1.01,5.01,1.99,7.99],"texture":"#0"},"down":{"uv":[3.01,5.01,3.99,7.99],"rotation":180,"texture":"#0"}}},{"from":[9,7,10],"to":[13,11,22],"rotation":{"angle":22.5,"axis":"y","origin":[9,9,11]},"faces":{"north":{"uv":[5,12,6,13],"rotation":180,"texture":"#0"},"east":{"uv":[6,13,7,16],"rotation":90,"texture":"#0"},"south":{"uv":[6,13,7,12],"texture":"#0"},"west":{"uv":[4,13,5,16],"rotation":270,"texture":"#0"},"up":{"uv":[5,13,6,16],"texture":"#0"},"down":{"uv":[7,13,8,15.99],"rotation":180,"texture":"#0"}}},{"from":[2.5,6.5,9.5],"to":[7.5,11.5,22.5],"rotation":{"angle":-22.5,"axis":"y","origin":[7,9,11]},"faces":{"north":{"uv":[1,8,2,9],"rotation":180,"texture":"#0"},"east":{"uv":[2,9,3,12],"rotation":90,"texture":"#0"},"south":{"uv":[2,9,3,8],"texture":"#0"},"west":{"uv":[0,9,1,12],"rotation":270,"texture":"#0"},"up":{"uv":[1,9,2,12],"texture":"#0"},"down":{"uv":[3,9,4,12],"rotation":180,"texture":"#0"}}},{"from":[8.5,6.5,9.5],"to":[13.5,11.5,22.5],"rotation":{"angle":22.5,"axis":"y","origin":[9,9,11]},"faces":{"north":{"uv":[1,12,2,13],"rotation":180,"texture":"#0"},"east":{"uv":[2,13,3,16],"rotation":90,"texture":"#0"},"south":{"uv":[2,13,3,12],"texture":"#0"},"west":{"uv":[0,13,1,16],"rotation":270,"texture":"#0"},"up":{"uv":[1,13,2,16],"texture":"#0"},"down":{"uv":[3,13,4,15.99],"rotation":180,"texture":"#0"}}},{"from":[11.5,11.5,13.5],"to":[16.5,24.5,18.5],"rotation":{"angle":-45,"axis":"x","origin":[8,11,16]},"faces":{"north":{"uv":[15.01,13.01,15.99,15.99],"texture":"#0"},"east":{"uv":[12.01,13.01,12.99,15.99],"texture":"#0"},"south":{"uv":[13.01,13.01,13.99,15.99],"texture":"#0"},"west":{"uv":[14.01,13.01,14.99,15.99],"texture":"#0"},"up":{"uv":[13.01,12.01,13.99,12.99],"texture":"#0"},"down":{"uv":[14.01,12.01,14.99,12.99],"texture":"#0"}}},{"from":[-0.5,11.5,13.5],"to":[4.49,24.5,18.5],"rotation":{"angle":-45,"axis":"x","origin":[8,11,16]},"faces":{"north":{"uv":[13.01,9.01,13.99,11.99],"texture":"#0"},"east":{"uv":[10.01,9.01,10.99,11.99],"texture":"#0"},"south":{"uv":[11.01,9.01,11.99,11.99],"texture":"#0"},"west":{"uv":[12.01,9.01,12.99,11.99],"texture":"#0"},"up":{"uv":[11.01,8.01,11.99,8.99],"texture":"#0"},"down":{"uv":[12.01,8.01,12.99,8.99],"rotation":180,"texture":"#0"}}},{"from":[12,12,14],"to":[16,24,18],"rotation":{"angle":-45,"axis":"x","origin":[8,11,16]},"faces":{"north":{"uv":[11.01,13.01,11.99,16],"texture":"#0"},"east":{"uv":[8.01,13.01,8.99,15.99],"texture":"#0"},"south":{"uv":[9.01,13.01,9.99,15.99],"texture":"#0"},"west":{"uv":[10.01,13.01,11.01,16],"texture":"#0"},"up":{"uv":[9.01,12.01,9.99,12.99],"texture":"#0"},"down":{"uv":[10.01,12.01,10.99,12.99],"texture":"#0"}}},{"from":[0,12,14],"to":[4,24,18],"rotation":{"angle":-45,"axis":"x","origin":[8,11,16]},"faces":{"north":{"uv":[13.01,5.01,13.99,7.99],"texture":"#0"},"east":{"uv":[10.01,5.01,10.99,7.99],"texture":"#0"},"south":{"uv":[11.01,5.01,11.99,7.99],"texture":"#0"},"west":{"uv":[12.01,5.01,12.99,7.99],"texture":"#0"},"up":{"uv":[11.01,4.01,11.99,4.99],"texture":"#0"},"down":{"uv":[12.01,4.01,12.99,4.99],"texture":"#0"}}},{"from":[3.9,8.52,5.51],"to":[12.1,21.53,10.51],"faces":{"north":{"uv":[8.01,9.01,9.99,11.99],"texture":"#0"},"east":{"uv":[7.01,9.01,7.99,11.99],"texture":"#0"},"south":{"uv":[5.01,9.01,6.99,11.99],"texture":"#0"},"west":{"uv":[4.01,9.01,4.99,11.99],"texture":"#0"},"up":{"uv":[5.01,8.01,6.99,8.99],"texture":"#0"},"down":{"uv":[7.01,8.01,8.99,8.99],"texture":"#0"}}},{"from":[4,9,6],"to":[12,21,10],"faces":{"north":{"uv":[8.01,5.01,9.99,7.99],"texture":"#0"},"east":{"uv":[7.01,5.01,7.99,7.99],"texture":"#0"},"south":{"uv":[5.01,5.01,6.99,7.99],"texture":"#0"},"west":{"uv":[4.01,5.01,4.99,7.99],"texture":"#0"},"up":{"uv":[5.01,4.01,6.99,4.99],"texture":"#0"},"down":{"uv":[7.01,4.01,8.99,4.99],"texture":"#0"}}},{"from":[4,21,4],"to":[12,29,12],"faces":{"north":{"uv":[6.01,2.01,7.99,3.99],"texture":"#0"},"east":{"uv":[4.01,2.01,5.99,3.99],"texture":"#0"},"south":{"uv":[2.01,2.01,3.99,3.99],"texture":"#0"},"west":{"uv":[0.01,2.01,1.99,3.99],"texture":"#0"},"up":{"uv":[2.01,0.01,3.99,1.99],"texture":"#0"},"down":{"uv":[4.01,0.01,5.99,1.99],"rotation":180,"texture":"#0"}}},{"from":[3.5,20.5,3.5],"to":[12.5,29.5,12.5],"faces":{"north":{"uv":[14.01,2.01,15.99,3.99],"texture":"#0"},"east":{"uv":[12.01,2.01,13.99,3.99],"texture":"#0"},"south":{"uv":[10.01,2.01,11.99,3.99],"texture":"#0"},"west":{"uv":[8.01,2.01,9.99,3.99],"texture":"#0"},"up":{"uv":[10.01,0.01,11.99,1.99],"texture":"#0"},"down":{"uv":[12.01,0.01,13.99,1.99],"rotation":180,"texture":"#0"}}}],"display":{"thirdperson_righthand":{"rotation":[59,-180,0],"translation":[0,0,12],"scale":[0.2,0.2,0.2]},"thirdperson_lefthand":{"rotation":[59,-180,0],"translation":[0,0,12],"scale":[0.2,0.2,0.2]},"firstperson_righthand":{"rotation":[-26,-13,49],"translation":[10,-4,0.5],"scale":[0.5,0.5,0.5]},"firstperson_lefthand":{"rotation":[-9,-25,47],"translation":[11,-5,1],"scale":[0.5,0.5,0.5]},"gui":{"rotation":[30,45,0],"translation":[-1.25,-3.5,0],"scale":[0.5,0.5,0.5]},"head":{"rotation":[0,-180,0],"translation":[0,0.3,0],"scale":[1.6,1.6,1.6]}},"groups":[{"name":"leg","origin":[8,8,8],"color":0,"children":[0,1,2,3]},{"name":"arm","origin":[8,8,8],"color":0,"children":[4,5,6,7]},{"name":"body","origin":[8,8,8],"color":0,"children":[8,9]},{"name":"head","origin":[8,8,8],"color":0,"children":[10,11]}],"credit":"Model by Craftventure"}