{"textures":{"4":"block/red_wool","5":"block/dark_oak_trapdoor","6":"block/coal_block","7":"block/end_portal_frame_top","12":"block/dark_oak_planks","13":"block/anvil","15":"block/furnace_side","particle":"block/red_wool"},"elements":[{"name":"RAND","from":[8,2,15.5],"to":[9,10,16],"rotation":{"angle":-45,"axis":"y","origin":[8,8,8]},"faces":{"north":{"uv":[0,0,1,8],"texture":"#13"},"east":{"uv":[7,6,8,14],"texture":"#13"},"south":{"uv":[7,6,8,14],"texture":"#13"},"west":{"uv":[7,6,8,14],"texture":"#13"},"up":{"uv":[7,6,8,14],"texture":"#13"},"down":{"uv":[7,6,8,14],"texture":"#13"}}},{"name":"RAND","from":[7,2,15.5],"to":[8,10,16],"rotation":{"angle":45,"axis":"y","origin":[8,8,8]},"faces":{"north":{"uv":[0,0,1,8],"texture":"#13"},"east":{"uv":[7,6,8,14],"texture":"#13"},"south":{"uv":[7,6,8,14],"texture":"#13"},"west":{"uv":[7,6,8,14],"texture":"#13"},"up":{"uv":[7,6,8,14],"texture":"#13"},"down":{"uv":[7,6,8,14],"texture":"#13"}}},{"name":"RAND","from":[5,10,15.75],"to":[11,11,16.25],"faces":{"north":{"uv":[0,0,6,1],"texture":"#13"},"east":{"uv":[0,0,0.5,1],"texture":"#13"},"south":{"uv":[0,0,6,1],"texture":"#13"},"west":{"uv":[0,0,0.5,1],"texture":"#13"},"up":{"uv":[0,0,0.5,6],"rotation":270,"texture":"#13"},"down":{"uv":[0,0,0.5,6],"rotation":90,"texture":"#13"}}},{"name":"RAND","from":[15.75,10,5],"to":[16.25,11,11],"faces":{"north":{"uv":[0,0,0.5,1],"texture":"#13"},"east":{"uv":[0,0,6,1],"texture":"#13"},"south":{"uv":[0,0,0.5,1],"texture":"#13"},"west":{"uv":[0,0,6,1],"texture":"#13"},"up":{"uv":[0,0,0.5,6],"rotation":180,"texture":"#13"},"down":{"uv":[0,0,0.5,6],"rotation":180,"texture":"#13"}}},{"name":"RAND","from":[5.00032,10,1.17116],"to":[12.45032,11,1.67116],"rotation":{"angle":45,"axis":"y","origin":[7.00032,1.99577,9.42116]},"faces":{"north":{"uv":[6,0,13.44954,1.5],"texture":"#13"},"east":{"uv":[0,0,0.5,1.5],"texture":"#13"},"south":{"uv":[8,0,15.44954,1.5],"texture":"#13"},"west":{"uv":[0,0,0.5,1.5],"texture":"#13"},"up":{"uv":[0,0,7.45,0.5],"rotation":90,"texture":"#13"},"down":{"uv":[0,0,7.45,0.5],"rotation":270,"texture":"#13"}}},{"name":"RAND","from":[1.18403,10,3.57222],"to":[1.68403,11,11.02222],"rotation":{"angle":45,"axis":"y","origin":[9.43403,2.00122,9.02222]},"faces":{"north":{"uv":[0,0,0.5,1.5],"texture":"#13"},"east":{"uv":[8,0,15.44954,1.5],"texture":"#13"},"south":{"uv":[0,0,0.5,1.5],"texture":"#13"},"west":{"uv":[6,0,13.44954,1.5],"texture":"#13"},"up":{"uv":[0,0,7.45,0.5],"texture":"#13"},"down":{"uv":[0,0,7.45,0.5],"texture":"#13"}}},{"name":"RAND","from":[12.04507,10,-7.33053],"to":[12.54507,11,0.11947],"rotation":{"angle":45,"axis":"y","origin":[20.29507,2.043,-1.88053]},"faces":{"north":{"uv":[0,0,0.5,1.5],"texture":"#13"},"east":{"uv":[8,0,15.44954,1.5],"texture":"#13"},"south":{"uv":[0,0,0.5,1.5],"texture":"#13"},"west":{"uv":[6,0,13.44954,1.5],"texture":"#13"},"up":{"uv":[0,0,7.45,0.5],"texture":"#13"},"down":{"uv":[0,0,7.45,0.5],"texture":"#13"}}},{"name":"RAND","from":[15.89368,10,12.06648],"to":[23.34368,11,12.56648],"rotation":{"angle":45,"axis":"y","origin":[17.89368,1.99999,20.31648]},"faces":{"north":{"uv":[6,0,13.44954,1.5],"texture":"#13"},"east":{"uv":[0,0,0.5,1.5],"texture":"#13"},"south":{"uv":[8,0,15.44954,1.5],"texture":"#13"},"west":{"uv":[0,0,0.5,1.5],"texture":"#13"},"up":{"uv":[0,0,7.45,0.5],"rotation":90,"texture":"#13"},"down":{"uv":[0,0,7.45,0.5],"rotation":270,"texture":"#13"}}},{"name":"RAND","from":[5,10,-0.25],"to":[11,11,0.25],"faces":{"north":{"uv":[0,0,6,1],"texture":"#13"},"east":{"uv":[0,0,0.5,1],"texture":"#13"},"south":{"uv":[0,0,6,1],"texture":"#13"},"west":{"uv":[0,0,0.5,1],"texture":"#13"},"up":{"uv":[0,0,0.5,6],"rotation":90,"texture":"#13"},"down":{"uv":[0,0,0.5,6],"rotation":270,"texture":"#13"}}},{"name":"RAND","from":[-0.25,10,5],"to":[0.25,11,11],"faces":{"north":{"uv":[0,0,0.5,1],"texture":"#13"},"east":{"uv":[0,0,6,1],"texture":"#13"},"south":{"uv":[0,0,0.5,1],"texture":"#13"},"west":{"uv":[0,0,6,1],"texture":"#13"},"up":{"uv":[0,0,0.5,6],"texture":"#13"},"down":{"uv":[0,0,0.5,6],"texture":"#13"}}},{"name":"RAND","from":[5,15,15.75],"to":[11,16.5,16.25],"faces":{"north":{"uv":[0,0,6,1.5],"texture":"#13"},"east":{"uv":[0,0,0.5,1.5],"texture":"#13"},"south":{"uv":[0,0,6,1.5],"texture":"#13"},"west":{"uv":[0,0,0.5,1.5],"texture":"#13"},"up":{"uv":[0,0,0.5,6],"rotation":270,"texture":"#13"},"down":{"uv":[0,0,0.5,6],"rotation":90,"texture":"#13"}}},{"name":"RAND","from":[15.75,15,5],"to":[16.25,16.5,11],"faces":{"north":{"uv":[0,0,0.5,1.5],"texture":"#13"},"east":{"uv":[0,0,6,1.5],"texture":"#13"},"south":{"uv":[0,0,0.5,1.5],"texture":"#13"},"west":{"uv":[0,0,6,1.5],"texture":"#13"},"up":{"uv":[0,0,0.5,6],"rotation":180,"texture":"#13"},"down":{"uv":[0,0,0.5,6],"rotation":180,"texture":"#13"}}},{"name":"RAND","from":[5.00032,14.99577,1.17116],"to":[12.45032,16.49577,1.67116],"rotation":{"angle":45,"axis":"y","origin":[7.00032,7.99577,9.42116]},"faces":{"north":{"uv":[6,0,13.44954,1.5],"texture":"#13"},"east":{"uv":[0,0,0.5,1.5],"texture":"#13"},"south":{"uv":[8,0,15.44954,1.5],"texture":"#13"},"west":{"uv":[0,0,0.5,1.5],"texture":"#13"},"up":{"uv":[0,0,7.45,0.5],"rotation":90,"texture":"#13"},"down":{"uv":[0,0,7.45,0.5],"rotation":270,"texture":"#13"}}},{"name":"RAND","from":[1.18403,15.00122,3.57222],"to":[1.68403,16.50122,11.02222],"rotation":{"angle":45,"axis":"y","origin":[9.43403,8.00122,9.02222]},"faces":{"north":{"uv":[0,0,0.5,1.5],"texture":"#13"},"east":{"uv":[8,0,15.44954,1.5],"texture":"#13"},"south":{"uv":[0,0,0.5,1.5],"texture":"#13"},"west":{"uv":[6,0,13.44954,1.5],"texture":"#13"},"up":{"uv":[0,0,7.45,0.5],"texture":"#13"},"down":{"uv":[0,0,7.45,0.5],"texture":"#13"}}},{"name":"RAND","from":[12.04507,15.043,-7.33053],"to":[12.54507,16.543,0.11947],"rotation":{"angle":45,"axis":"y","origin":[20.29507,8.043,-1.88053]},"faces":{"north":{"uv":[0,0,0.5,1.5],"texture":"#13"},"east":{"uv":[8,0,15.44954,1.5],"texture":"#13"},"south":{"uv":[0,0,0.5,1.5],"texture":"#13"},"west":{"uv":[6,0,13.44954,1.5],"texture":"#13"},"up":{"uv":[0,0,7.45,0.5],"texture":"#13"},"down":{"uv":[0,0,7.45,0.5],"texture":"#13"}}},{"name":"RAND","from":[15.89368,14.99999,12.06648],"to":[23.34368,16.49999,12.56648],"rotation":{"angle":45,"axis":"y","origin":[17.89368,7.99999,20.31648]},"faces":{"north":{"uv":[6,0,13.44954,1.5],"texture":"#13"},"east":{"uv":[0,0,0.5,1.5],"texture":"#13"},"south":{"uv":[8,0,15.44954,1.5],"texture":"#13"},"west":{"uv":[0,0,0.5,1.5],"texture":"#13"},"up":{"uv":[0,0,7.45,0.5],"rotation":90,"texture":"#13"},"down":{"uv":[0,0,7.45,0.5],"rotation":270,"texture":"#13"}}},{"name":"RAND","from":[5,15,-0.25],"to":[11,16.5,0.25],"faces":{"north":{"uv":[0,0,6,1.5],"texture":"#13"},"east":{"uv":[0,0,0.5,1.5],"texture":"#13"},"south":{"uv":[0,0,6,1.5],"texture":"#13"},"west":{"uv":[0,0,0.5,1.5],"texture":"#13"},"up":{"uv":[0,0,0.5,6],"rotation":90,"texture":"#13"},"down":{"uv":[0,0,0.5,6],"rotation":270,"texture":"#13"}}},{"name":"RAND","from":[-0.25,15,5],"to":[0.25,16.5,11],"faces":{"north":{"uv":[0,0,0.5,1.5],"texture":"#13"},"east":{"uv":[0,0,6,1.5],"texture":"#13"},"south":{"uv":[0,0,0.5,1.5],"texture":"#13"},"west":{"uv":[0,0,6,1.5],"texture":"#13"},"up":{"uv":[0,0,0.5,6],"texture":"#13"},"down":{"uv":[0,0,0.5,6],"texture":"#13"}}},{"name":"RAND","from":[5,0.5,15.75],"to":[11,2,16.25],"faces":{"north":{"uv":[0,0,6,1.5],"texture":"#13"},"east":{"uv":[0,0,0.5,1.5],"texture":"#13"},"south":{"uv":[0,0,6,1.5],"texture":"#13"},"west":{"uv":[0,0,0.5,1.5],"texture":"#13"},"up":{"uv":[0,0,0.5,6],"rotation":270,"texture":"#13"},"down":{"uv":[0,0,0.5,6],"rotation":90,"texture":"#13"}}},{"name":"RAND","from":[15.75,0.5,5],"to":[16.25,2,11],"faces":{"north":{"uv":[0,0,0.5,1.5],"texture":"#13"},"east":{"uv":[0,0,6,1.5],"texture":"#13"},"south":{"uv":[0,0,0.5,1.5],"texture":"#13"},"west":{"uv":[0,0,6,1.5],"texture":"#13"},"up":{"uv":[0,0,0.5,6],"rotation":180,"texture":"#13"},"down":{"uv":[0,0,0.5,6],"rotation":180,"texture":"#13"}}},{"name":"RAND","from":[5.00032,0.5,1.17116],"to":[12.45032,2,1.67116],"rotation":{"angle":45,"axis":"y","origin":[7.00032,-7.00423,9.42116]},"faces":{"north":{"uv":[6,0,13.44954,1.5],"texture":"#13"},"east":{"uv":[0,0,0.5,1.5],"texture":"#13"},"south":{"uv":[8,0,15.44954,1.5],"texture":"#13"},"west":{"uv":[0,0,0.5,1.5],"texture":"#13"},"up":{"uv":[0,0,7.45,0.5],"rotation":90,"texture":"#13"},"down":{"uv":[0,0,7.45,0.5],"rotation":270,"texture":"#13"}}},{"name":"RAND","from":[1.18403,0.5,3.57222],"to":[1.68403,2,11.02222],"rotation":{"angle":45,"axis":"y","origin":[9.43403,-6.99878,9.02222]},"faces":{"north":{"uv":[0,0,0.5,1.5],"texture":"#13"},"east":{"uv":[8,0,15.44954,1.5],"texture":"#13"},"south":{"uv":[0,0,0.5,1.5],"texture":"#13"},"west":{"uv":[6,0,13.44954,1.5],"texture":"#13"},"up":{"uv":[0,0,7.45,0.5],"texture":"#13"},"down":{"uv":[0,0,7.45,0.5],"texture":"#13"}}},{"name":"RAND","from":[12.04507,0.5,-7.33053],"to":[12.54507,2,0.11947],"rotation":{"angle":45,"axis":"y","origin":[20.29507,-6.957,-1.88053]},"faces":{"north":{"uv":[0,0,0.5,1.5],"texture":"#13"},"east":{"uv":[8,0,15.44954,1.5],"texture":"#13"},"south":{"uv":[0,0,0.5,1.5],"texture":"#13"},"west":{"uv":[6,0,13.44954,1.5],"texture":"#13"},"up":{"uv":[0,0,7.45,0.5],"texture":"#13"},"down":{"uv":[0,0,7.45,0.5],"texture":"#13"}}},{"name":"RAND","from":[15.89368,0.5,12.06648],"to":[23.34368,2,12.56648],"rotation":{"angle":45,"axis":"y","origin":[17.89368,-7.00001,20.31648]},"faces":{"north":{"uv":[6,0,13.44954,1.5],"texture":"#13"},"east":{"uv":[0,0,0.5,1.5],"texture":"#13"},"south":{"uv":[8,0,15.44954,1.5],"texture":"#13"},"west":{"uv":[0,0,0.5,1.5],"texture":"#13"},"up":{"uv":[0,0,7.45,0.5],"rotation":90,"texture":"#13"},"down":{"uv":[0,0,7.45,0.5],"rotation":270,"texture":"#13"}}},{"name":"RAND","from":[5,0.5,-0.25],"to":[11,2,0.25],"faces":{"north":{"uv":[0,0,6,1.5],"texture":"#13"},"east":{"uv":[0,0,0.5,1.5],"texture":"#13"},"south":{"uv":[0,0,6,1.5],"texture":"#13"},"west":{"uv":[0,0,0.5,1.5],"texture":"#13"},"up":{"uv":[0,0,0.5,6],"rotation":90,"texture":"#13"},"down":{"uv":[0,0,0.5,6],"rotation":270,"texture":"#13"}}},{"name":"RAND","from":[-0.25,0.5,5],"to":[0.25,2,11],"faces":{"north":{"uv":[0,0,0.5,1.5],"texture":"#13"},"east":{"uv":[0,0,6,1.5],"texture":"#13"},"south":{"uv":[0,0,0.5,1.5],"texture":"#13"},"west":{"uv":[0,0,6,1.5],"texture":"#13"},"up":{"uv":[0,0,0.5,6],"texture":"#13"},"down":{"uv":[0,0,0.5,6],"texture":"#13"}}},{"name":"RAND","from":[15.75,6,5],"to":[16.25,7,11],"faces":{"north":{"uv":[0,0,0.5,1],"texture":"#13"},"east":{"uv":[0,0,6,1],"texture":"#13"},"south":{"uv":[0,0,0.5,1],"texture":"#13"},"west":{"uv":[0,0,6,1],"texture":"#13"},"up":{"uv":[0,0,0.5,6],"rotation":180,"texture":"#13"},"down":{"uv":[0,0,0.5,6],"rotation":180,"texture":"#13"}}},{"name":"RAND","from":[5.00032,6,1.17116],"to":[12.45032,7,1.67116],"rotation":{"angle":45,"axis":"y","origin":[7.00032,-2.00423,9.42116]},"faces":{"north":{"uv":[6,0,13.44954,1.5],"texture":"#13"},"east":{"uv":[0,0,0.5,1.5],"texture":"#13"},"south":{"uv":[8,0,15.44954,1.5],"texture":"#13"},"west":{"uv":[0,0,0.5,1.5],"texture":"#13"},"up":{"uv":[0,0,7.45,0.5],"rotation":90,"texture":"#13"},"down":{"uv":[0,0,7.45,0.5],"rotation":270,"texture":"#13"}}},{"name":"RAND","from":[1.18403,6,3.57222],"to":[1.68403,7,8.02222],"rotation":{"angle":45,"axis":"y","origin":[9.43403,-1.99878,9.02222]},"faces":{"north":{"uv":[0,0,0.5,1.5],"texture":"#13"},"east":{"uv":[8,0,15.44954,1.5],"texture":"#13"},"south":{"uv":[0,0,0.5,1.5],"texture":"#13"},"west":{"uv":[6,0,13.44954,1.5],"texture":"#13"},"up":{"uv":[0,0,7.45,0.5],"texture":"#13"},"down":{"uv":[0,0,7.45,0.5],"texture":"#13"}}},{"name":"RAND","from":[12.04507,6,-7.33053],"to":[12.54507,7,0.11947],"rotation":{"angle":45,"axis":"y","origin":[20.29507,-1.957,-1.88053]},"faces":{"north":{"uv":[0,0,0.5,1.5],"texture":"#13"},"east":{"uv":[8,0,15.44954,1.5],"texture":"#13"},"south":{"uv":[0,0,0.5,1.5],"texture":"#13"},"west":{"uv":[6,0,13.44954,1.5],"texture":"#13"},"up":{"uv":[0,0,7.45,0.5],"texture":"#13"},"down":{"uv":[0,0,7.45,0.5],"texture":"#13"}}},{"name":"RAND","from":[18.89368,6,12.06648],"to":[23.34368,7,12.56648],"rotation":{"angle":45,"axis":"y","origin":[17.89368,-2.00001,20.31648]},"faces":{"north":{"uv":[6,0,13.44954,1.5],"texture":"#13"},"east":{"uv":[0,0,0.5,1.5],"texture":"#13"},"south":{"uv":[8,0,15.44954,1.5],"texture":"#13"},"west":{"uv":[0,0,0.5,1.5],"texture":"#13"},"up":{"uv":[0,0,7.45,0.5],"rotation":90,"texture":"#13"},"down":{"uv":[0,0,7.45,0.5],"rotation":270,"texture":"#13"}}},{"name":"RAND","from":[5,6,-0.25],"to":[11,7,0.25],"faces":{"north":{"uv":[0,0,6,1],"texture":"#13"},"east":{"uv":[0,0,0.5,1],"texture":"#13"},"south":{"uv":[0,0,6,1],"texture":"#13"},"west":{"uv":[0,0,0.5,1],"texture":"#13"},"up":{"uv":[0,0,0.5,6],"rotation":90,"texture":"#13"},"down":{"uv":[0,0,0.5,6],"rotation":270,"texture":"#13"}}},{"name":"RAND","from":[-0.25,6,5],"to":[0.25,7,11],"faces":{"north":{"uv":[0,0,0.5,1],"texture":"#13"},"east":{"uv":[0,0,6,1],"texture":"#13"},"south":{"uv":[0,0,0.5,1],"texture":"#13"},"west":{"uv":[0,0,6,1],"texture":"#13"},"up":{"uv":[0,0,0.5,6],"texture":"#13"},"down":{"uv":[0,0,0.5,6],"texture":"#13"}}},{"from":[15.22237,0.00078,4.43422],"to":[16.22237,17.00078,11.53422],"rotation":{"angle":45,"axis":"y","origin":[8.22237,0.00078,8.53422]},"faces":{"north":{"uv":[0,6,16,7],"rotation":90,"texture":"#12"},"east":{"uv":[0,6,16,12],"rotation":90,"texture":"#12"},"south":{"uv":[0,6,16,7],"rotation":90,"texture":"#12"},"west":{"uv":[0,7,16,13],"rotation":90,"texture":"#12"},"up":{"uv":[0,7,1.09976,13],"rotation":180,"texture":"#12"},"down":{"uv":[0,6,1.09976,12],"rotation":180,"texture":"#12"}}},{"from":[4.46579,9.99813,15.22236],"to":[11.56579,16.99813,16.22236],"rotation":{"angle":45,"axis":"y","origin":[7.46579,-0.00187,8.22236]},"faces":{"north":{"uv":[0,7,16,13],"rotation":90,"texture":"#12"},"east":{"uv":[0,6,16,7],"rotation":90,"texture":"#12"},"south":{"uv":[0,1,7.09987,8],"rotation":90,"texture":"#12"},"west":{"uv":[0,6,16,7],"rotation":90,"texture":"#12"},"up":{"uv":[0,7,1.09987,13.77717],"rotation":270,"texture":"#12"},"down":{"uv":[0,6,1.09976,12],"rotation":90,"texture":"#12"}}},{"from":[4.46579,-0.00187,15.22236],"to":[7.56579,1.99813,16.22236],"rotation":{"angle":45,"axis":"y","origin":[7.46579,-0.00187,8.22236]},"faces":{"north":{"uv":[0,0,3.1,2],"rotation":90,"texture":"#12"},"east":{"uv":[0,0,1,2],"rotation":90,"texture":"#12"},"south":{"uv":[0,9,2,12],"rotation":90,"texture":"#12"},"west":{"uv":[0,9,2,12],"rotation":90,"texture":"#12"},"up":{"uv":[0,0,3.1,1],"rotation":270,"texture":"#12"},"down":{"uv":[0,0,3.1,1],"rotation":90,"texture":"#12"}}},{"from":[7.46579,-0.00187,15.22236],"to":[11.56579,9.99813,16.22236],"rotation":{"angle":45,"axis":"y","origin":[7.46579,-0.00187,8.22236]},"faces":{"north":{"uv":[0,7,16,13],"rotation":90,"texture":"#12"},"east":{"uv":[0,6,16,7],"rotation":90,"texture":"#12"},"south":{"uv":[0,9,16,13],"rotation":90,"texture":"#12"},"west":{"uv":[0,6,16,7],"rotation":90,"texture":"#12"},"up":{"uv":[0,7,1.09976,13],"rotation":270,"texture":"#12"},"down":{"uv":[0,6,1.09976,12],"rotation":90,"texture":"#12"}}},{"from":[-0.22237,-0.00078,8.46579],"to":[0.77763,1.99922,11.56579],"rotation":{"angle":45,"axis":"y","origin":[7.77763,-0.00078,7.46579]},"faces":{"north":{"uv":[0,0,1,2],"rotation":90,"texture":"#12"},"east":{"uv":[0,2,2.09987,5],"rotation":90,"texture":"#12"},"south":{"uv":[0,0,1,2],"rotation":90,"texture":"#12"},"west":{"uv":[0,2,2.09987,5],"rotation":90,"texture":"#12"},"up":{"uv":[0,0,1,3.1],"texture":"#12"},"down":{"uv":[0,0,1,3.09987],"texture":"#12"}}},{"from":[-0.22237,-0.00078,4.46579],"to":[0.77763,10.99922,8.56579],"rotation":{"angle":45,"axis":"y","origin":[7.77763,-0.00078,7.46579]},"faces":{"north":{"uv":[0,6,16,7],"rotation":90,"texture":"#12"},"east":{"uv":[0,7,16,13],"rotation":90,"texture":"#12"},"south":{"uv":[0,6,16,7],"rotation":90,"texture":"#12"},"west":{"uv":[0,9,16,13],"rotation":90,"texture":"#12"},"up":{"uv":[0,7,1.09976,13],"texture":"#12"},"down":{"uv":[0,6,1.09976,12],"texture":"#12"}}},{"from":[0.53545,0.00017,4.77808],"to":[1.53545,17.00017,11.87808],"rotation":{"angle":-45,"axis":"y","origin":[8.53545,0.00017,7.77808]},"faces":{"north":{"uv":[0,6,16,7],"rotation":90,"texture":"#12"},"east":{"uv":[0,6,16,12],"rotation":90,"texture":"#12"},"south":{"uv":[0,6,16,7],"rotation":90,"texture":"#12"},"west":{"uv":[0,6,16,12],"rotation":90,"texture":"#12"},"up":{"uv":[0,7,1.09976,13],"texture":"#12"},"down":{"uv":[0,6,1.09976,12],"texture":"#12"}}},{"from":[7.46579,-0.00187,15.22236],"to":[11.56579,9.99813,16.22236],"rotation":{"angle":45,"axis":"y","origin":[7.46579,-0.00187,8.22236]},"faces":{"north":{"uv":[0,7,16,13],"rotation":90,"texture":"#12"},"east":{"uv":[0,6,16,7],"rotation":90,"texture":"#12"},"south":{"uv":[0,9,16,13],"rotation":90,"texture":"#12"},"west":{"uv":[0,6,16,7],"rotation":90,"texture":"#12"},"up":{"uv":[0,7,1.09976,13],"rotation":270,"texture":"#12"},"down":{"uv":[0,6,1.09976,12],"rotation":90,"texture":"#12"}}},{"from":[5.00132,-0.00187,15.00054],"to":[11.00132,1.99813,16.00054],"faces":{"north":{"uv":[0,0,2,6],"rotation":90,"texture":"#12"},"east":{"uv":[0,0,16,1],"rotation":90,"texture":"#12"},"south":{"uv":[0,0,2,6],"rotation":90,"texture":"#12"},"west":{"uv":[0,0,16,1],"rotation":90,"texture":"#12"},"up":{"uv":[0,1,1,7],"rotation":270,"texture":"#12"},"down":{"uv":[0,1,1,7],"rotation":270,"texture":"#12"}}},{"from":[5.00132,9.99813,15.00054],"to":[11.00132,16.99813,16.00054],"faces":{"north":{"uv":[0,1,16,7],"rotation":90,"texture":"#12"},"east":{"uv":[0,0,16,1],"rotation":90,"texture":"#12"},"south":{"uv":[0,0,6,7],"rotation":90,"texture":"#12"},"west":{"uv":[0,0,16,1],"rotation":90,"texture":"#12"},"up":{"uv":[0,1,1,7],"rotation":270,"texture":"#12"},"down":{"uv":[0,1,1,7],"rotation":270,"texture":"#12"}}},{"from":[15,0,5],"to":[16,17,11],"faces":{"north":{"uv":[0,0,16,1],"rotation":90,"texture":"#12"},"east":{"uv":[0,0,16,6],"rotation":90,"texture":"#12"},"south":{"uv":[0,0,16,1],"rotation":90,"texture":"#12"},"west":{"uv":[0,1,16,7],"rotation":90,"texture":"#12"},"up":{"uv":[0,1,1,7],"rotation":180,"texture":"#12"},"down":{"uv":[0,1,1,7],"texture":"#12"}}},{"from":[5,0,0],"to":[11,17,1],"faces":{"north":{"uv":[0,0,16,6],"rotation":90,"texture":"#12"},"east":{"uv":[0,0,16,1],"rotation":90,"texture":"#12"},"south":{"uv":[0,1,16,7],"rotation":90,"texture":"#12"},"west":{"uv":[0,0,16,1],"rotation":90,"texture":"#12"},"up":{"uv":[0,1,1,7],"rotation":90,"texture":"#12"},"down":{"uv":[0,1,1,7],"rotation":90,"texture":"#12"}}},{"from":[0,0,5],"to":[1,17,11],"faces":{"north":{"uv":[0,0,16,1],"rotation":90,"texture":"#12"},"east":{"uv":[0,1,16,7],"rotation":90,"texture":"#12"},"south":{"uv":[0,0,16,1],"rotation":90,"texture":"#12"},"west":{"uv":[0,0,16,6],"rotation":90,"texture":"#12"},"up":{"uv":[0,1,1,7],"texture":"#12"},"down":{"uv":[0,1,1,7],"rotation":180,"texture":"#12"}}},{"from":[-0.22237,9.99922,4.46579],"to":[0.77763,16.99922,11.56579],"rotation":{"angle":45,"axis":"y","origin":[7.77763,-0.00078,7.46579]},"faces":{"north":{"uv":[0,6,16,7],"rotation":90,"texture":"#12"},"east":{"uv":[0,7,16,13],"rotation":90,"texture":"#12"},"south":{"uv":[0,6,16,7],"rotation":90,"texture":"#12"},"west":{"uv":[4,3,11.09977,9.00062],"rotation":90,"texture":"#12"},"up":{"uv":[0,6,1.09976,12],"texture":"#12"},"down":{"uv":[0,6,1.09976,12],"texture":"#12"}}},{"name":"knop","from":[-0.5,1,9.5],"to":[0,1.5,10],"faces":{"north":{"uv":[0,0,0.5,0.5],"texture":"#15"},"east":{"uv":[0,0,0.5,0.5],"texture":"#15"},"south":{"uv":[0,0,0.5,0.5],"texture":"#15"},"west":{"uv":[0,0,0.5,0.5],"texture":"#15"},"up":{"uv":[0,0,0.5,0.5],"rotation":180,"texture":"#15"},"down":{"uv":[0,0,0.5,0.5],"rotation":180,"texture":"#15"}}},{"name":"knop","from":[6,1,16],"to":[6.5,1.5,16.5],"faces":{"north":{"uv":[0,0,0.5,0.5],"texture":"#15"},"east":{"uv":[0,0,0.5,0.5],"texture":"#15"},"south":{"uv":[0,0,0.5,0.5],"texture":"#15"},"west":{"uv":[0,0,0.5,0.5],"texture":"#15"},"up":{"uv":[0,0,0.5,0.5],"rotation":90,"texture":"#15"},"down":{"uv":[0,0,0.5,0.5],"rotation":270,"texture":"#15"}}},{"name":"knop","from":[6,1,-0.5],"to":[6.5,1.5,0],"faces":{"north":{"uv":[0,0,0.5,0.5],"texture":"#15"},"east":{"uv":[0,0,0.5,0.5],"texture":"#15"},"south":{"uv":[0,0,0.5,0.5],"texture":"#15"},"west":{"uv":[0,0,0.5,0.5],"texture":"#15"},"up":{"uv":[0,0,0.5,0.5],"rotation":270,"texture":"#15"},"down":{"uv":[0,0,0.5,0.5],"rotation":90,"texture":"#15"}}},{"name":"knop","from":[9.5,1,-0.5],"to":[10,1.5,0],"faces":{"north":{"uv":[0,0,0.5,0.5],"texture":"#15"},"east":{"uv":[0,0,0.5,0.5],"texture":"#15"},"south":{"uv":[0,0,0.5,0.5],"texture":"#15"},"west":{"uv":[0,0,0.5,0.5],"texture":"#15"},"up":{"uv":[0,0,0.5,0.5],"rotation":270,"texture":"#15"},"down":{"uv":[0,0,0.5,0.5],"rotation":90,"texture":"#15"}}},{"name":"knop","from":[16,1,6],"to":[16.5,1.5,6.5],"faces":{"north":{"uv":[0,0,0.5,0.5],"texture":"#15"},"east":{"uv":[0,0,0.5,0.5],"texture":"#15"},"south":{"uv":[0,0,0.5,0.5],"texture":"#15"},"west":{"uv":[0,0,0.5,0.5],"texture":"#15"},"up":{"uv":[0,0,0.5,0.5],"texture":"#15"},"down":{"uv":[0,0,0.5,0.5],"texture":"#15"}}},{"name":"knop","from":[16,1,9.5],"to":[16.5,1.5,10],"faces":{"north":{"uv":[0,0,0.5,0.5],"texture":"#15"},"east":{"uv":[0,0,0.5,0.5],"texture":"#15"},"south":{"uv":[0,0,0.5,0.5],"texture":"#15"},"west":{"uv":[0,0,0.5,0.5],"texture":"#15"},"up":{"uv":[0,0,0.5,0.5],"texture":"#15"},"down":{"uv":[0,0,0.5,0.5],"texture":"#15"}}},{"name":"knop","from":[9.5,1,16],"to":[10,1.5,16.5],"faces":{"north":{"uv":[0,0,0.5,0.5],"texture":"#15"},"east":{"uv":[0,0,0.5,0.5],"texture":"#15"},"south":{"uv":[0,0,0.5,0.5],"texture":"#15"},"west":{"uv":[0,0,0.5,0.5],"texture":"#15"},"up":{"uv":[0,0,0.5,0.5],"rotation":90,"texture":"#15"},"down":{"uv":[0,0,0.5,0.5],"rotation":270,"texture":"#15"}}},{"name":"knop","from":[-0.5,1,6],"to":[0,1.5,6.5],"faces":{"north":{"uv":[0,0,0.5,0.5],"texture":"#15"},"east":{"uv":[0,0,0.5,0.5],"texture":"#15"},"south":{"uv":[0,0,0.5,0.5],"texture":"#15"},"west":{"uv":[0,0,0.5,0.5],"texture":"#15"},"up":{"uv":[0,0,0.5,0.5],"rotation":180,"texture":"#15"},"down":{"uv":[0,0,0.5,0.5],"rotation":180,"texture":"#15"}}},{"name":"zijikant","from":[-0.2,1,10],"to":[0.3,1.5,10.5],"rotation":{"angle":45,"axis":"y","origin":[8,2,8]},"faces":{"north":{"uv":[0,0,0.5,0.5],"texture":"#15"},"east":{"uv":[0,0,0.5,0.5],"texture":"#15"},"south":{"uv":[0,0,0.5,0.5],"texture":"#15"},"west":{"uv":[0,0,0.5,0.5],"texture":"#15"},"up":{"uv":[0,0,0.5,0.5],"rotation":180,"texture":"#15"},"down":{"uv":[0,0,0.5,0.5],"rotation":180,"texture":"#15"}}},{"name":"zijikant","from":[10,1,-0.2],"to":[10.5,1.5,0.3],"rotation":{"angle":45,"axis":"y","origin":[8,2,8]},"faces":{"north":{"uv":[0,0,0.5,0.5],"texture":"#15"},"east":{"uv":[0,0,0.5,0.5],"texture":"#15"},"south":{"uv":[0,0,0.5,0.5],"texture":"#15"},"west":{"uv":[0,0,0.5,0.5],"texture":"#15"},"up":{"uv":[0,0,0.5,0.5],"rotation":270,"texture":"#15"},"down":{"uv":[0,0,0.5,0.5],"rotation":90,"texture":"#15"}}},{"name":"zijikant","from":[5.5,1,-0.2],"to":[6,1.5,0.3],"rotation":{"angle":45,"axis":"y","origin":[8,2,8]},"faces":{"north":{"uv":[0,0,0.5,0.5],"texture":"#15"},"east":{"uv":[0,0,0.5,0.5],"texture":"#15"},"south":{"uv":[0,0,0.5,0.5],"texture":"#15"},"west":{"uv":[0,0,0.5,0.5],"texture":"#15"},"up":{"uv":[0,0,0.5,0.5],"rotation":270,"texture":"#15"},"down":{"uv":[0,0,0.5,0.5],"rotation":90,"texture":"#15"}}},{"name":"zijikant","from":[15.7,1,10],"to":[16.2,1.5,10.5],"rotation":{"angle":45,"axis":"y","origin":[8,2,8]},"faces":{"north":{"uv":[0,0,0.5,0.5],"texture":"#15"},"east":{"uv":[0,0,0.5,0.5],"texture":"#15"},"south":{"uv":[0,0,0.5,0.5],"texture":"#15"},"west":{"uv":[0,0,0.5,0.5],"texture":"#15"},"up":{"uv":[0,0,0.5,0.5],"texture":"#15"},"down":{"uv":[0,0,0.5,0.5],"texture":"#15"}}},{"name":"zijikant","from":[15.7,1,5.5],"to":[16.2,1.5,6],"rotation":{"angle":45,"axis":"y","origin":[8,2,8]},"faces":{"north":{"uv":[0,0,0.5,0.5],"texture":"#15"},"east":{"uv":[0,0,0.5,0.5],"texture":"#15"},"south":{"uv":[0,0,0.5,0.5],"texture":"#15"},"west":{"uv":[0,0,0.5,0.5],"texture":"#15"},"up":{"uv":[0,0,0.5,0.5],"texture":"#15"},"down":{"uv":[0,0,0.5,0.5],"texture":"#15"}}},{"name":"zijikant","from":[5.5,1,15.7],"to":[6,1.5,16.2],"rotation":{"angle":45,"axis":"y","origin":[8,2,8]},"faces":{"north":{"uv":[0,0,0.5,0.5],"texture":"#15"},"east":{"uv":[0,0,0.5,0.5],"texture":"#15"},"south":{"uv":[0,0,0.5,0.5],"texture":"#15"},"west":{"uv":[0,0,0.5,0.5],"texture":"#15"},"up":{"uv":[0,0,0.5,0.5],"rotation":90,"texture":"#15"},"down":{"uv":[0,0,0.5,0.5],"rotation":270,"texture":"#15"}}},{"name":"zijikant","from":[10,1,15.7],"to":[10.5,1.5,16.2],"rotation":{"angle":45,"axis":"y","origin":[8,2,8]},"faces":{"north":{"uv":[0,0,0.5,0.5],"texture":"#15"},"east":{"uv":[0,0,0.5,0.5],"texture":"#15"},"south":{"uv":[0,0,0.5,0.5],"texture":"#15"},"west":{"uv":[0,0,0.5,0.5],"texture":"#15"},"up":{"uv":[0,0,0.5,0.5],"rotation":90,"texture":"#15"},"down":{"uv":[0,0,0.5,0.5],"rotation":270,"texture":"#15"}}},{"name":"zijikant","from":[-0.2,1,5.5],"to":[0.3,1.5,6],"rotation":{"angle":45,"axis":"y","origin":[8,2,8]},"faces":{"north":{"uv":[0,0,0.5,0.5],"texture":"#15"},"east":{"uv":[0,0,0.5,0.5],"texture":"#15"},"south":{"uv":[0,0,0.5,0.5],"texture":"#15"},"west":{"uv":[0,0,0.5,0.5],"texture":"#15"},"up":{"uv":[0,0,0.5,0.5],"rotation":180,"texture":"#15"},"down":{"uv":[0,0,0.5,0.5],"rotation":180,"texture":"#15"}}},{"name":"knop","from":[-0.5,6.25,9.5],"to":[0,6.75,10],"faces":{"north":{"uv":[0,0,0.5,0.5],"texture":"#15"},"east":{"uv":[0,0,0.5,0.5],"texture":"#15"},"south":{"uv":[0,0,0.5,0.5],"texture":"#15"},"west":{"uv":[0,0,0.5,0.5],"texture":"#15"},"up":{"uv":[0,0,0.5,0.5],"rotation":180,"texture":"#15"},"down":{"uv":[0,0,0.5,0.5],"rotation":180,"texture":"#15"}}},{"name":"knop","from":[6,6.25,-0.5],"to":[6.5,6.75,0],"faces":{"north":{"uv":[0,0,0.5,0.5],"texture":"#15"},"east":{"uv":[0,0,0.5,0.5],"texture":"#15"},"south":{"uv":[0,0,0.5,0.5],"texture":"#15"},"west":{"uv":[0,0,0.5,0.5],"texture":"#15"},"up":{"uv":[0,0,0.5,0.5],"rotation":270,"texture":"#15"},"down":{"uv":[0,0,0.5,0.5],"rotation":90,"texture":"#15"}}},{"name":"knop","from":[9.5,6.25,-0.5],"to":[10,6.75,0],"faces":{"north":{"uv":[0,0,0.5,0.5],"texture":"#15"},"east":{"uv":[0,0,0.5,0.5],"texture":"#15"},"south":{"uv":[0,0,0.5,0.5],"texture":"#15"},"west":{"uv":[0,0,0.5,0.5],"texture":"#15"},"up":{"uv":[0,0,0.5,0.5],"rotation":270,"texture":"#15"},"down":{"uv":[0,0,0.5,0.5],"rotation":90,"texture":"#15"}}},{"name":"knop","from":[16,6.25,6],"to":[16.5,6.75,6.5],"faces":{"north":{"uv":[0,0,0.5,0.5],"texture":"#15"},"east":{"uv":[0,0,0.5,0.5],"texture":"#15"},"south":{"uv":[0,0,0.5,0.5],"texture":"#15"},"west":{"uv":[0,0,0.5,0.5],"texture":"#15"},"up":{"uv":[0,0,0.5,0.5],"texture":"#15"},"down":{"uv":[0,0,0.5,0.5],"texture":"#15"}}},{"name":"knop","from":[16,6.25,9.5],"to":[16.5,6.75,10],"faces":{"north":{"uv":[0,0,0.5,0.5],"texture":"#15"},"east":{"uv":[0,0,0.5,0.5],"texture":"#15"},"south":{"uv":[0,0,0.5,0.5],"texture":"#15"},"west":{"uv":[0,0,0.5,0.5],"texture":"#15"},"up":{"uv":[0,0,0.5,0.5],"texture":"#15"},"down":{"uv":[0,0,0.5,0.5],"texture":"#15"}}},{"name":"knop","from":[-0.5,6.25,6],"to":[0,6.75,6.5],"faces":{"north":{"uv":[0,0,0.5,0.5],"texture":"#15"},"east":{"uv":[0,0,0.5,0.5],"texture":"#15"},"south":{"uv":[0,0,0.5,0.5],"texture":"#15"},"west":{"uv":[0,0,0.5,0.5],"texture":"#15"},"up":{"uv":[0,0,0.5,0.5],"rotation":180,"texture":"#15"},"down":{"uv":[0,0,0.5,0.5],"rotation":180,"texture":"#15"}}},{"name":"zijikant","from":[10,6.25,-0.2],"to":[10.5,6.75,0.3],"rotation":{"angle":45,"axis":"y","origin":[8,8,8]},"faces":{"north":{"uv":[0,0,0.5,0.5],"texture":"#15"},"east":{"uv":[0,0,0.5,0.5],"texture":"#15"},"south":{"uv":[0,0,0.5,0.5],"texture":"#15"},"west":{"uv":[0,0,0.5,0.5],"texture":"#15"},"up":{"uv":[0,0,0.5,0.5],"rotation":270,"texture":"#15"},"down":{"uv":[0,0,0.5,0.5],"rotation":90,"texture":"#15"}}},{"name":"zijikant","from":[5.5,6.25,-0.2],"to":[6,6.75,0.3],"rotation":{"angle":45,"axis":"y","origin":[8,8,8]},"faces":{"north":{"uv":[0,0,0.5,0.5],"texture":"#15"},"east":{"uv":[0,0,0.5,0.5],"texture":"#15"},"south":{"uv":[0,0,0.5,0.5],"texture":"#15"},"west":{"uv":[0,0,0.5,0.5],"texture":"#15"},"up":{"uv":[0,0,0.5,0.5],"rotation":270,"texture":"#15"},"down":{"uv":[0,0,0.5,0.5],"rotation":90,"texture":"#15"}}},{"name":"zijikant","from":[15.7,6.25,10],"to":[16.2,6.75,10.5],"rotation":{"angle":45,"axis":"y","origin":[8,8,8]},"faces":{"north":{"uv":[0,0,0.5,0.5],"texture":"#15"},"east":{"uv":[0,0,0.5,0.5],"texture":"#15"},"south":{"uv":[0,0,0.5,0.5],"texture":"#15"},"west":{"uv":[0,0,0.5,0.5],"texture":"#15"},"up":{"uv":[0,0,0.5,0.5],"texture":"#15"},"down":{"uv":[0,0,0.5,0.5],"texture":"#15"}}},{"name":"zijikant","from":[15.7,6.25,5.5],"to":[16.2,6.75,6],"rotation":{"angle":45,"axis":"y","origin":[8,8,8]},"faces":{"north":{"uv":[0,0,0.5,0.5],"texture":"#15"},"east":{"uv":[0,0,0.5,0.5],"texture":"#15"},"south":{"uv":[0,0,0.5,0.5],"texture":"#15"},"west":{"uv":[0,0,0.5,0.5],"texture":"#15"},"up":{"uv":[0,0,0.5,0.5],"texture":"#15"},"down":{"uv":[0,0,0.5,0.5],"texture":"#15"}}},{"name":"zijikant","from":[10.1,8.25,15.5],"to":[10.6,8.75,17.2],"rotation":{"angle":22.5,"axis":"y","origin":[8,8,8]},"faces":{"north":{"uv":[0,0,0.5,0.5],"texture":"#15"},"east":{"uv":[0,0,0.5,0.5],"texture":"#15"},"south":{"uv":[0,0,0.5,0.5],"texture":"#15"},"west":{"uv":[0,0,0.5,0.5],"texture":"#15"},"up":{"uv":[0,0,0.5,0.5],"rotation":90,"texture":"#15"},"down":{"uv":[0,0,0.5,0.5],"rotation":270,"texture":"#15"}}},{"name":"zijikant","from":[10,6.25,15.7],"to":[10.5,6.75,16.2],"rotation":{"angle":45,"axis":"y","origin":[8,8,8]},"faces":{"north":{"uv":[0,0,0.5,0.5],"texture":"#15"},"east":{"uv":[0,0,0.5,0.5],"texture":"#15"},"south":{"uv":[0,0,0.5,0.5],"texture":"#15"},"west":{"uv":[0,0,0.5,0.5],"texture":"#15"},"up":{"uv":[0,0,0.5,0.5],"rotation":90,"texture":"#15"},"down":{"uv":[0,0,0.5,0.5],"rotation":270,"texture":"#15"}}},{"name":"zijikant","from":[-0.2,6.25,5.5],"to":[0.3,6.75,6],"rotation":{"angle":45,"axis":"y","origin":[8,8,8]},"faces":{"north":{"uv":[0,0,0.5,0.5],"texture":"#15"},"east":{"uv":[0,0,0.5,0.5],"texture":"#15"},"south":{"uv":[0,0,0.5,0.5],"texture":"#15"},"west":{"uv":[0,0,0.5,0.5],"texture":"#15"},"up":{"uv":[0,0,0.5,0.5],"rotation":180,"texture":"#15"},"down":{"uv":[0,0,0.5,0.5],"rotation":180,"texture":"#15"}}},{"name":"knop","from":[-0.5,10.25,9.5],"to":[0,10.75,10],"faces":{"north":{"uv":[0,0,0.5,0.5],"texture":"#15"},"east":{"uv":[0,0,0.5,0.5],"texture":"#15"},"south":{"uv":[0,0,0.5,0.5],"texture":"#15"},"west":{"uv":[0,0,0.5,0.5],"texture":"#15"},"up":{"uv":[0,0,0.5,0.5],"rotation":180,"texture":"#15"},"down":{"uv":[0,0,0.5,0.5],"rotation":180,"texture":"#15"}}},{"name":"knop","from":[6,10.25,16],"to":[6.5,10.75,16.5],"faces":{"north":{"uv":[0,0,0.5,0.5],"texture":"#15"},"east":{"uv":[0,0,0.5,0.5],"texture":"#15"},"south":{"uv":[0,0,0.5,0.5],"texture":"#15"},"west":{"uv":[0,0,0.5,0.5],"texture":"#15"},"up":{"uv":[0,0,0.5,0.5],"rotation":90,"texture":"#15"},"down":{"uv":[0,0,0.5,0.5],"rotation":270,"texture":"#15"}}},{"name":"knop","from":[6,10.25,-0.5],"to":[6.5,10.75,0],"faces":{"north":{"uv":[0,0,0.5,0.5],"texture":"#15"},"east":{"uv":[0,0,0.5,0.5],"texture":"#15"},"south":{"uv":[0,0,0.5,0.5],"texture":"#15"},"west":{"uv":[0,0,0.5,0.5],"texture":"#15"},"up":{"uv":[0,0,0.5,0.5],"rotation":270,"texture":"#15"},"down":{"uv":[0,0,0.5,0.5],"rotation":90,"texture":"#15"}}},{"name":"knop","from":[9.5,10.25,-0.5],"to":[10,10.75,0],"faces":{"north":{"uv":[0,0,0.5,0.5],"texture":"#15"},"east":{"uv":[0,0,0.5,0.5],"texture":"#15"},"south":{"uv":[0,0,0.5,0.5],"texture":"#15"},"west":{"uv":[0,0,0.5,0.5],"texture":"#15"},"up":{"uv":[0,0,0.5,0.5],"rotation":270,"texture":"#15"},"down":{"uv":[0,0,0.5,0.5],"rotation":90,"texture":"#15"}}},{"name":"knop","from":[16,10.25,6],"to":[16.5,10.75,6.5],"faces":{"north":{"uv":[0,0,0.5,0.5],"texture":"#15"},"east":{"uv":[0,0,0.5,0.5],"texture":"#15"},"south":{"uv":[0,0,0.5,0.5],"texture":"#15"},"west":{"uv":[0,0,0.5,0.5],"texture":"#15"},"up":{"uv":[0,0,0.5,0.5],"texture":"#15"},"down":{"uv":[0,0,0.5,0.5],"texture":"#15"}}},{"name":"knop","from":[16,10.25,9.5],"to":[16.5,10.75,10],"faces":{"north":{"uv":[0,0,0.5,0.5],"texture":"#15"},"east":{"uv":[0,0,0.5,0.5],"texture":"#15"},"south":{"uv":[0,0,0.5,0.5],"texture":"#15"},"west":{"uv":[0,0,0.5,0.5],"texture":"#15"},"up":{"uv":[0,0,0.5,0.5],"texture":"#15"},"down":{"uv":[0,0,0.5,0.5],"texture":"#15"}}},{"name":"knop","from":[9.5,10.25,16],"to":[10,10.75,16.5],"faces":{"north":{"uv":[0,0,0.5,0.5],"texture":"#15"},"east":{"uv":[0,0,0.5,0.5],"texture":"#15"},"south":{"uv":[0,0,0.5,0.5],"texture":"#15"},"west":{"uv":[0,0,0.5,0.5],"texture":"#15"},"up":{"uv":[0,0,0.5,0.5],"rotation":90,"texture":"#15"},"down":{"uv":[0,0,0.5,0.5],"rotation":270,"texture":"#15"}}},{"name":"knop","from":[-0.5,10.25,6],"to":[0,10.75,6.5],"faces":{"north":{"uv":[0,0,0.5,0.5],"texture":"#15"},"east":{"uv":[0,0,0.5,0.5],"texture":"#15"},"south":{"uv":[0,0,0.5,0.5],"texture":"#15"},"west":{"uv":[0,0,0.5,0.5],"texture":"#15"},"up":{"uv":[0,0,0.5,0.5],"rotation":180,"texture":"#15"},"down":{"uv":[0,0,0.5,0.5],"rotation":180,"texture":"#15"}}},{"name":"zijikant","from":[-0.2,10.25,10],"to":[0.3,10.75,10.5],"rotation":{"angle":45,"axis":"y","origin":[8,12,8]},"faces":{"north":{"uv":[0,0,0.5,0.5],"texture":"#15"},"east":{"uv":[0,0,0.5,0.5],"texture":"#15"},"south":{"uv":[0,0,0.5,0.5],"texture":"#15"},"west":{"uv":[0,0,0.5,0.5],"texture":"#15"},"up":{"uv":[0,0,0.5,0.5],"rotation":180,"texture":"#15"},"down":{"uv":[0,0,0.5,0.5],"rotation":180,"texture":"#15"}}},{"name":"zijikant","from":[10,10.25,-0.2],"to":[10.5,10.75,0.3],"rotation":{"angle":45,"axis":"y","origin":[8,12,8]},"faces":{"north":{"uv":[0,0,0.5,0.5],"texture":"#15"},"east":{"uv":[0,0,0.5,0.5],"texture":"#15"},"south":{"uv":[0,0,0.5,0.5],"texture":"#15"},"west":{"uv":[0,0,0.5,0.5],"texture":"#15"},"up":{"uv":[0,0,0.5,0.5],"rotation":270,"texture":"#15"},"down":{"uv":[0,0,0.5,0.5],"rotation":90,"texture":"#15"}}},{"name":"zijikant","from":[5.5,10.25,-0.2],"to":[6,10.75,0.3],"rotation":{"angle":45,"axis":"y","origin":[8,12,8]},"faces":{"north":{"uv":[0,0,0.5,0.5],"texture":"#15"},"east":{"uv":[0,0,0.5,0.5],"texture":"#15"},"south":{"uv":[0,0,0.5,0.5],"texture":"#15"},"west":{"uv":[0,0,0.5,0.5],"texture":"#15"},"up":{"uv":[0,0,0.5,0.5],"rotation":270,"texture":"#15"},"down":{"uv":[0,0,0.5,0.5],"rotation":90,"texture":"#15"}}},{"name":"zijikant","from":[15.7,10.25,10],"to":[16.2,10.75,10.5],"rotation":{"angle":45,"axis":"y","origin":[8,12,8]},"faces":{"north":{"uv":[0,0,0.5,0.5],"texture":"#15"},"east":{"uv":[0,0,0.5,0.5],"texture":"#15"},"south":{"uv":[0,0,0.5,0.5],"texture":"#15"},"west":{"uv":[0,0,0.5,0.5],"texture":"#15"},"up":{"uv":[0,0,0.5,0.5],"texture":"#15"},"down":{"uv":[0,0,0.5,0.5],"texture":"#15"}}},{"name":"zijikant","from":[15.7,10.25,5.5],"to":[16.2,10.75,6],"rotation":{"angle":45,"axis":"y","origin":[8,12,8]},"faces":{"north":{"uv":[0,0,0.5,0.5],"texture":"#15"},"east":{"uv":[0,0,0.5,0.5],"texture":"#15"},"south":{"uv":[0,0,0.5,0.5],"texture":"#15"},"west":{"uv":[0,0,0.5,0.5],"texture":"#15"},"up":{"uv":[0,0,0.5,0.5],"texture":"#15"},"down":{"uv":[0,0,0.5,0.5],"texture":"#15"}}},{"name":"zijikant","from":[5.5,10.25,15.7],"to":[6,10.75,16.2],"rotation":{"angle":45,"axis":"y","origin":[8,12,8]},"faces":{"north":{"uv":[0,0,0.5,0.5],"texture":"#15"},"east":{"uv":[0,0,0.5,0.5],"texture":"#15"},"south":{"uv":[0,0,0.5,0.5],"texture":"#15"},"west":{"uv":[0,0,0.5,0.5],"texture":"#15"},"up":{"uv":[0,0,0.5,0.5],"rotation":90,"texture":"#15"},"down":{"uv":[0,0,0.5,0.5],"rotation":270,"texture":"#15"}}},{"name":"zijikant","from":[10,10.25,15.7],"to":[10.5,10.75,16.2],"rotation":{"angle":45,"axis":"y","origin":[8,12,8]},"faces":{"north":{"uv":[0,0,0.5,0.5],"texture":"#15"},"east":{"uv":[0,0,0.5,0.5],"texture":"#15"},"south":{"uv":[0,0,0.5,0.5],"texture":"#15"},"west":{"uv":[0,0,0.5,0.5],"texture":"#15"},"up":{"uv":[0,0,0.5,0.5],"rotation":90,"texture":"#15"},"down":{"uv":[0,0,0.5,0.5],"rotation":270,"texture":"#15"}}},{"name":"zijikant","from":[-0.2,10.25,5.5],"to":[0.3,10.75,6],"rotation":{"angle":45,"axis":"y","origin":[8,12,8]},"faces":{"north":{"uv":[0,0,0.5,0.5],"texture":"#15"},"east":{"uv":[0,0,0.5,0.5],"texture":"#15"},"south":{"uv":[0,0,0.5,0.5],"texture":"#15"},"west":{"uv":[0,0,0.5,0.5],"texture":"#15"},"up":{"uv":[0,0,0.5,0.5],"rotation":180,"texture":"#15"},"down":{"uv":[0,0,0.5,0.5],"rotation":180,"texture":"#15"}}},{"name":"knop","from":[-0.5,15.5,9.5],"to":[0,16,10],"faces":{"north":{"uv":[0,0,0.5,0.5],"texture":"#15"},"east":{"uv":[0,0,0.5,0.5],"texture":"#15"},"south":{"uv":[0,0,0.5,0.5],"texture":"#15"},"west":{"uv":[0,0,0.5,0.5],"texture":"#15"},"up":{"uv":[0,0,0.5,0.5],"rotation":180,"texture":"#15"},"down":{"uv":[0,0,0.5,0.5],"rotation":180,"texture":"#15"}}},{"name":"knop","from":[6,15.5,16],"to":[6.5,16,16.5],"faces":{"north":{"uv":[0,0,0.5,0.5],"texture":"#15"},"east":{"uv":[0,0,0.5,0.5],"texture":"#15"},"south":{"uv":[0,0,0.5,0.5],"texture":"#15"},"west":{"uv":[0,0,0.5,0.5],"texture":"#15"},"up":{"uv":[0,0,0.5,0.5],"rotation":90,"texture":"#15"},"down":{"uv":[0,0,0.5,0.5],"rotation":270,"texture":"#15"}}},{"name":"knop","from":[6,15.5,-0.5],"to":[6.5,16,0],"faces":{"north":{"uv":[0,0,0.5,0.5],"texture":"#15"},"east":{"uv":[0,0,0.5,0.5],"texture":"#15"},"south":{"uv":[0,0,0.5,0.5],"texture":"#15"},"west":{"uv":[0,0,0.5,0.5],"texture":"#15"},"up":{"uv":[0,0,0.5,0.5],"rotation":270,"texture":"#15"},"down":{"uv":[0,0,0.5,0.5],"rotation":90,"texture":"#15"}}},{"name":"knop","from":[9.5,15.5,-0.5],"to":[10,16,0],"faces":{"north":{"uv":[0,0,0.5,0.5],"texture":"#15"},"east":{"uv":[0,0,0.5,0.5],"texture":"#15"},"south":{"uv":[0,0,0.5,0.5],"texture":"#15"},"west":{"uv":[0,0,0.5,0.5],"texture":"#15"},"up":{"uv":[0,0,0.5,0.5],"rotation":270,"texture":"#15"},"down":{"uv":[0,0,0.5,0.5],"rotation":90,"texture":"#15"}}},{"name":"knop","from":[16,15.5,6],"to":[16.5,16,6.5],"faces":{"north":{"uv":[0,0,0.5,0.5],"texture":"#15"},"east":{"uv":[0,0,0.5,0.5],"texture":"#15"},"south":{"uv":[0,0,0.5,0.5],"texture":"#15"},"west":{"uv":[0,0,0.5,0.5],"texture":"#15"},"up":{"uv":[0,0,0.5,0.5],"texture":"#15"},"down":{"uv":[0,0,0.5,0.5],"texture":"#15"}}},{"name":"knop","from":[16,15.5,9.5],"to":[16.5,16,10],"faces":{"north":{"uv":[0,0,0.5,0.5],"texture":"#15"},"east":{"uv":[0,0,0.5,0.5],"texture":"#15"},"south":{"uv":[0,0,0.5,0.5],"texture":"#15"},"west":{"uv":[0,0,0.5,0.5],"texture":"#15"},"up":{"uv":[0,0,0.5,0.5],"texture":"#15"},"down":{"uv":[0,0,0.5,0.5],"texture":"#15"}}},{"name":"knop","from":[9.5,15.5,16],"to":[10,16,16.5],"faces":{"north":{"uv":[0,0,0.5,0.5],"texture":"#15"},"east":{"uv":[0,0,0.5,0.5],"texture":"#15"},"south":{"uv":[0,0,0.5,0.5],"texture":"#15"},"west":{"uv":[0,0,0.5,0.5],"texture":"#15"},"up":{"uv":[0,0,0.5,0.5],"rotation":90,"texture":"#15"},"down":{"uv":[0,0,0.5,0.5],"rotation":270,"texture":"#15"}}},{"name":"knop","from":[-0.5,15.5,6],"to":[0,16,6.5],"faces":{"north":{"uv":[0,0,0.5,0.5],"texture":"#15"},"east":{"uv":[0,0,0.5,0.5],"texture":"#15"},"south":{"uv":[0,0,0.5,0.5],"texture":"#15"},"west":{"uv":[0,0,0.5,0.5],"texture":"#15"},"up":{"uv":[0,0,0.5,0.5],"rotation":180,"texture":"#15"},"down":{"uv":[0,0,0.5,0.5],"rotation":180,"texture":"#15"}}},{"name":"zijikant","from":[-0.2,15.5,10],"to":[0.3,16,10.5],"rotation":{"angle":45,"axis":"y","origin":[8,17,8]},"faces":{"north":{"uv":[0,0,0.5,0.5],"texture":"#15"},"east":{"uv":[0,0,0.5,0.5],"texture":"#15"},"south":{"uv":[0,0,0.5,0.5],"texture":"#15"},"west":{"uv":[0,0,0.5,0.5],"texture":"#15"},"up":{"uv":[0,0,0.5,0.5],"rotation":180,"texture":"#15"},"down":{"uv":[0,0,0.5,0.5],"rotation":180,"texture":"#15"}}},{"name":"zijikant","from":[10,15.5,-0.2],"to":[10.5,16,0.3],"rotation":{"angle":45,"axis":"y","origin":[8,17,8]},"faces":{"north":{"uv":[0,0,0.5,0.5],"texture":"#15"},"east":{"uv":[0,0,0.5,0.5],"texture":"#15"},"south":{"uv":[0,0,0.5,0.5],"texture":"#15"},"west":{"uv":[0,0,0.5,0.5],"texture":"#15"},"up":{"uv":[0,0,0.5,0.5],"rotation":270,"texture":"#15"},"down":{"uv":[0,0,0.5,0.5],"rotation":90,"texture":"#15"}}},{"name":"zijikant","from":[5.5,15.5,-0.2],"to":[6,16,0.3],"rotation":{"angle":45,"axis":"y","origin":[8,17,8]},"faces":{"north":{"uv":[0,0,0.5,0.5],"texture":"#15"},"east":{"uv":[0,0,0.5,0.5],"texture":"#15"},"south":{"uv":[0,0,0.5,0.5],"texture":"#15"},"west":{"uv":[0,0,0.5,0.5],"texture":"#15"},"up":{"uv":[0,0,0.5,0.5],"rotation":270,"texture":"#15"},"down":{"uv":[0,0,0.5,0.5],"rotation":90,"texture":"#15"}}},{"name":"zijikant","from":[15.7,15.5,10],"to":[16.2,16,10.5],"rotation":{"angle":45,"axis":"y","origin":[8,17,8]},"faces":{"north":{"uv":[0,0,0.5,0.5],"texture":"#15"},"east":{"uv":[0,0,0.5,0.5],"texture":"#15"},"south":{"uv":[0,0,0.5,0.5],"texture":"#15"},"west":{"uv":[0,0,0.5,0.5],"texture":"#15"},"up":{"uv":[0,0,0.5,0.5],"texture":"#15"},"down":{"uv":[0,0,0.5,0.5],"texture":"#15"}}},{"name":"zijikant","from":[15.7,15.5,5.5],"to":[16.2,16,6],"rotation":{"angle":45,"axis":"y","origin":[8,17,8]},"faces":{"north":{"uv":[0,0,0.5,0.5],"texture":"#15"},"east":{"uv":[0,0,0.5,0.5],"texture":"#15"},"south":{"uv":[0,0,0.5,0.5],"texture":"#15"},"west":{"uv":[0,0,0.5,0.5],"texture":"#15"},"up":{"uv":[0,0,0.5,0.5],"texture":"#15"},"down":{"uv":[0,0,0.5,0.5],"texture":"#15"}}},{"name":"zijikant","from":[5.5,15.5,15.7],"to":[6,16,16.2],"rotation":{"angle":45,"axis":"y","origin":[8,17,8]},"faces":{"north":{"uv":[0,0,0.5,0.5],"texture":"#15"},"east":{"uv":[0,0,0.5,0.5],"texture":"#15"},"south":{"uv":[0,0,0.5,0.5],"texture":"#15"},"west":{"uv":[0,0,0.5,0.5],"texture":"#15"},"up":{"uv":[0,0,0.5,0.5],"rotation":90,"texture":"#15"},"down":{"uv":[0,0,0.5,0.5],"rotation":270,"texture":"#15"}}},{"name":"zijikant","from":[10,15.5,15.7],"to":[10.5,16,16.2],"rotation":{"angle":45,"axis":"y","origin":[8,17,8]},"faces":{"north":{"uv":[0,0,0.5,0.5],"texture":"#15"},"east":{"uv":[0,0,0.5,0.5],"texture":"#15"},"south":{"uv":[0,0,0.5,0.5],"texture":"#15"},"west":{"uv":[0,0,0.5,0.5],"texture":"#15"},"up":{"uv":[0,0,0.5,0.5],"rotation":90,"texture":"#15"},"down":{"uv":[0,0,0.5,0.5],"rotation":270,"texture":"#15"}}},{"name":"zijikant","from":[-0.2,15.5,5.5],"to":[0.3,16,6],"rotation":{"angle":45,"axis":"y","origin":[8,17,8]},"faces":{"north":{"uv":[0,0,0.5,0.5],"texture":"#15"},"east":{"uv":[0,0,0.5,0.5],"texture":"#15"},"south":{"uv":[0,0,0.5,0.5],"texture":"#15"},"west":{"uv":[0,0,0.5,0.5],"texture":"#15"},"up":{"uv":[0,0,0.5,0.5],"rotation":180,"texture":"#15"},"down":{"uv":[0,0,0.5,0.5],"rotation":180,"texture":"#15"}}},{"from":[1,15,4],"to":[15,16,12],"faces":{"north":{"uv":[0,0,14,1],"texture":"#12"},"east":{"uv":[0,0,8,1],"texture":"#12"},"south":{"uv":[0,0,14,1],"texture":"#12"},"west":{"uv":[0,0,8,1],"texture":"#12"},"up":{"uv":[1,4,15,12],"texture":"#12"},"down":{"uv":[0,0,14,8],"texture":"#12"}}},{"from":[2,15,3],"to":[14,16,4],"faces":{"north":{"uv":[0,0,10,1],"texture":"#12"},"east":{"uv":[0,0,1,1],"texture":"#12"},"south":{"uv":[0,0,10,1],"texture":"#12"},"west":{"uv":[0,0,1,1],"texture":"#12"},"up":{"uv":[2,3,14,4],"texture":"#12"},"down":{"uv":[0,0,10,1],"texture":"#12"}}},{"from":[4,15,14],"to":[12,16,15],"faces":{"north":{"uv":[0,0,10,1],"texture":"#12"},"east":{"uv":[0,0,1,1],"texture":"#12"},"south":{"uv":[0,0,10,1],"texture":"#12"},"west":{"uv":[0,0,1,1],"texture":"#12"},"up":{"uv":[4,14,12,15],"texture":"#12"},"down":{"uv":[0,0,10,1],"texture":"#12"}}},{"from":[3,15,13],"to":[13,16,14],"faces":{"north":{"uv":[0,0,10,1],"texture":"#12"},"east":{"uv":[0,0,1,1],"texture":"#12"},"south":{"uv":[0,0,10,1],"texture":"#12"},"west":{"uv":[0,0,1,1],"texture":"#12"},"up":{"uv":[3,13,13,14],"texture":"#12"},"down":{"uv":[0,0,10,1],"texture":"#12"}}},{"from":[2,15,12],"to":[14,16,13],"faces":{"north":{"uv":[0,0,10,1],"texture":"#12"},"east":{"uv":[0,0,1,1],"texture":"#12"},"south":{"uv":[0,0,10,1],"texture":"#12"},"west":{"uv":[0,0,1,1],"texture":"#12"},"up":{"uv":[2,12,14,13],"texture":"#12"},"down":{"uv":[0,0,10,1],"texture":"#12"}}},{"from":[3,15,2],"to":[13,16,3],"faces":{"north":{"uv":[0,0,10,1],"texture":"#12"},"east":{"uv":[0,0,1,1],"texture":"#12"},"south":{"uv":[0,0,10,1],"texture":"#12"},"west":{"uv":[0,0,1,1],"texture":"#12"},"up":{"uv":[3,2,13,3],"texture":"#12"},"down":{"uv":[0,0,10,1],"texture":"#12"}}},{"from":[4,15,1],"to":[12,16,2],"faces":{"north":{"uv":[0,0,10,1],"texture":"#12"},"east":{"uv":[0,0,1,1],"texture":"#12"},"south":{"uv":[0,0,10,1],"texture":"#12"},"west":{"uv":[0,0,1,1],"texture":"#12"},"up":{"uv":[4,1,12,2],"texture":"#12"},"down":{"uv":[0,0,10,1],"texture":"#12"}}},{"from":[3,1,2],"to":[13,2,3],"faces":{"north":{"uv":[0,0,10,1],"texture":"#12"},"east":{"uv":[0,0,1,1],"texture":"#12"},"south":{"uv":[0,0,10,1],"texture":"#12"},"west":{"uv":[0,0,1,1],"texture":"#12"},"up":{"uv":[3,2,13,3],"texture":"#12"},"down":{"uv":[3,13,13,14],"texture":"#12"}}},{"from":[2,1,12],"to":[14,2,13],"faces":{"north":{"uv":[0,0,10,1],"texture":"#12"},"east":{"uv":[0,0,1,1],"texture":"#12"},"south":{"uv":[0,0,10,1],"texture":"#12"},"west":{"uv":[0,0,1,1],"texture":"#12"},"up":{"uv":[2,12,14,13],"texture":"#12"},"down":{"uv":[2,3,14,4],"texture":"#12"}}},{"from":[3,1,13],"to":[13,2,14],"faces":{"north":{"uv":[0,0,10,1],"texture":"#12"},"east":{"uv":[0,0,1,1],"texture":"#12"},"south":{"uv":[0,0,10,1],"texture":"#12"},"west":{"uv":[0,0,1,1],"texture":"#12"},"up":{"uv":[3,13,13,14],"texture":"#12"},"down":{"uv":[3,2,13,3],"texture":"#12"}}},{"from":[4,1,14],"to":[12,2,15],"faces":{"north":{"uv":[0,0,10,1],"texture":"#12"},"east":{"uv":[0,0,1,1],"texture":"#12"},"south":{"uv":[0,0,10,1],"texture":"#12"},"west":{"uv":[0,0,1,1],"texture":"#12"},"up":{"uv":[4,14,12,15],"texture":"#12"},"down":{"uv":[4,1,12,2],"texture":"#12"}}},{"from":[2,1,3],"to":[14,2,4],"faces":{"north":{"uv":[0,0,10,1],"texture":"#12"},"east":{"uv":[0,0,1,1],"texture":"#12"},"south":{"uv":[0,0,10,1],"texture":"#12"},"west":{"uv":[0,0,1,1],"texture":"#12"},"up":{"uv":[2,3,14,4],"texture":"#12"},"down":{"uv":[2,12,14,13],"texture":"#12"}}},{"from":[1,1,4],"to":[15,2,12],"faces":{"north":{"uv":[0,0,14,1],"texture":"#12"},"east":{"uv":[0,0,8,1],"texture":"#12"},"south":{"uv":[0,0,14,1],"texture":"#12"},"west":{"uv":[0,0,8,1],"texture":"#12"},"up":{"uv":[1,4,15,12],"texture":"#12"},"down":{"uv":[1,4,15,12],"texture":"#12"}}},{"from":[4,1,1],"to":[12,2,2],"faces":{"north":{"uv":[0,0,10,1],"texture":"#12"},"east":{"uv":[0,0,1,1],"texture":"#12"},"south":{"uv":[0,0,10,1],"texture":"#12"},"west":{"uv":[0,0,1,1],"texture":"#12"},"up":{"uv":[4,1,12,2],"texture":"#12"},"down":{"uv":[4,14,12,15],"texture":"#12"}}},{"from":[7,16,2.5],"to":[9,16.5,4.5],"faces":{"north":{"uv":[0,0,2,0.5],"rotation":180,"texture":"#13"},"east":{"uv":[0,0,0.5,2],"rotation":270,"texture":"#13"},"south":{"uv":[0,0,2,0.5],"texture":"#13"},"west":{"uv":[0,0,0.5,2],"rotation":90,"texture":"#13"},"up":{"uv":[9,7,11,9],"rotation":180,"texture":"#13"},"down":{"uv":[0,0,2,2],"texture":"#13"}}},{"from":[7.75,17,2.25],"to":[8.25,17.5,4.25],"faces":{"north":{"uv":[8,10,8.5,10.5],"rotation":180,"texture":"#15"},"east":{"uv":[8,10,8.5,10.5],"rotation":270,"texture":"#15"},"south":{"uv":[8,10,8.5,10.5],"texture":"#15"},"west":{"uv":[8,10,8.5,10.5],"rotation":90,"texture":"#15"},"up":{"uv":[8,10,8.5,10.5],"rotation":180,"texture":"#15"},"down":{"uv":[8,10,8.5,10.5],"texture":"#15"}}},{"from":[7.75,16.5,3.25],"to":[8.25,17,3.75],"faces":{"north":{"uv":[8,10,8.5,10.5],"rotation":180,"texture":"#15"},"east":{"uv":[8,10,8.5,10.5],"rotation":270,"texture":"#15"},"south":{"uv":[8,10,8.5,10.5],"texture":"#15"},"west":{"uv":[8,10,8.5,10.5],"rotation":90,"texture":"#15"},"up":{"uv":[8,10,8.5,10.5],"rotation":180,"texture":"#15"},"down":{"uv":[8,10,8.5,10.5],"texture":"#15"}}},{"name":"stoel","from":[3,2,7],"to":[13,14,7.5],"faces":{"north":{"uv":[0,0,8,12],"rotation":180,"texture":"#4"},"east":{"uv":[0,0,12,0.5],"rotation":270,"texture":"#4"},"south":{"uv":[0,0,10,12],"texture":"#4"},"west":{"uv":[0,0,12,0.5],"rotation":90,"texture":"#4"},"up":{"uv":[0,0,10,0.5],"rotation":180,"texture":"#4"},"down":{"uv":[0,0,10,0.5],"texture":"#4"}}},{"name":"stoel","from":[4,2,4],"to":[12,2.5,16],"faces":{"north":{"uv":[0,0,10,0.5],"texture":"#4"},"east":{"uv":[0,0,12,0.5],"texture":"#4"},"south":{"uv":[0,0,10,0.5],"texture":"#4"},"west":{"uv":[0,0,12,0.5],"texture":"#4"},"up":{"uv":[0,0,8,12],"texture":"#4"},"down":{"uv":[0,0,8,12],"texture":"#4"}}},{"name":"hout","from":[3,2,4],"to":[4,3,16.5],"faces":{"north":{"uv":[0,0,1,1],"texture":"#13"},"east":{"uv":[0,0,12.5,1],"texture":"#13"},"south":{"uv":[0,0,1,1],"texture":"#13"},"west":{"uv":[0,0,12.5,1],"texture":"#13"},"up":{"uv":[0,0,1,12.5],"texture":"#13"},"down":{"uv":[0,0,1,12.5],"texture":"#13"}}},{"name":"hout","from":[12,2,4],"to":[13,3,16.5],"faces":{"north":{"uv":[0,0,1,1],"texture":"#13"},"east":{"uv":[0,0,12.5,1],"texture":"#13"},"south":{"uv":[0,0,1,1],"texture":"#13"},"west":{"uv":[0,0,12.5,1],"texture":"#13"},"up":{"uv":[0,0,1,12.5],"texture":"#13"},"down":{"uv":[0,0,1,12.5],"texture":"#13"}}},{"from":[3,10,13],"to":[13,10.5,14],"faces":{"north":{"uv":[0,0,0.5,7],"rotation":270,"texture":"#5"},"east":{"uv":[0,0,5,0.5],"rotation":270,"texture":"#5"},"south":{"uv":[0,0,0.5,7],"rotation":90,"texture":"#5"},"west":{"uv":[0,0,0.5,5],"rotation":270,"texture":"#5"},"up":{"uv":[0,0,10,1],"rotation":90,"texture":"#5"},"down":{"uv":[0,0,10,1],"texture":"#5"}}},{"from":[4,10,14],"to":[12,10.5,15],"faces":{"north":{"uv":[0,0,0.5,7],"rotation":270,"texture":"#5"},"east":{"uv":[0,0,5,0.5],"rotation":270,"texture":"#5"},"south":{"uv":[0,0,0.5,7],"rotation":90,"texture":"#5"},"west":{"uv":[0,0,0.5,5],"rotation":270,"texture":"#5"},"up":{"uv":[0,0,8,1],"rotation":90,"texture":"#5"},"down":{"uv":[0,0,8,1],"texture":"#5"}}},{"from":[8,10,8],"to":[13,10.5,13],"faces":{"north":{"uv":[0,0,0.5,7],"rotation":270,"texture":"#12"},"east":{"uv":[0,0,5,0.5],"rotation":270,"texture":"#5"},"south":{"uv":[0,0,0.5,7],"rotation":90,"texture":"#12"},"west":{"uv":[0,0,0.5,5],"rotation":270,"texture":"#12"},"up":{"uv":[0,0,10,5],"rotation":90,"texture":"#5"},"down":{"uv":[11,0,16,5],"texture":"#5"}}},{"from":[3,10,8],"to":[8,10.5,13],"faces":{"north":{"uv":[0,0,0.5,7],"rotation":270,"texture":"#12"},"east":{"uv":[0,0,5,0.5],"rotation":270,"texture":"#5"},"south":{"uv":[0,0,0.5,7],"rotation":90,"texture":"#12"},"west":{"uv":[0,0,0.5,5],"rotation":270,"texture":"#12"},"up":{"uv":[0,0,10,5],"rotation":90,"texture":"#5"},"down":{"uv":[0,0,5,5],"texture":"#5"}}},{"from":[12.5,3,8],"to":[13,10,13],"faces":{"north":{"uv":[0,0,0.5,7],"texture":"#12"},"east":{"uv":[0,0,5,7],"texture":"#5"},"south":{"uv":[0,0,0.5,7],"texture":"#12"},"west":{"uv":[0,0,5,7],"texture":"#5"},"up":{"uv":[0,0,0.5,5],"texture":"#12"},"down":{"uv":[0,0,0.5,5],"texture":"#12"}}},{"from":[3,3,8],"to":[3.5,10,13],"faces":{"north":{"uv":[0,0,0.5,7],"texture":"#12"},"east":{"uv":[0,0,5,7],"texture":"#5"},"south":{"uv":[0,0,0.5,7],"texture":"#12"},"west":{"uv":[0,0,5,7],"texture":"#5"},"up":{"uv":[0,0,0.5,5],"texture":"#12"},"down":{"uv":[0,0,0.5,5],"texture":"#12"}}},{"name":"spaak","from":[0,13.5,0.5],"to":[16,14.5,1.5],"faces":{"north":{"uv":[0,3,16,4],"texture":"#12"},"east":{"uv":[0,3,1,4],"texture":"#12"},"south":{"uv":[0,3,16,4],"texture":"#12"},"west":{"uv":[0,3,1,4],"texture":"#12"},"up":{"uv":[0,3,16,4],"texture":"#12"},"down":{"uv":[0,3,16,4],"texture":"#12"}}},{"name":"spaak","from":[0,2.5,0.5],"to":[16,3.5,1.5],"faces":{"north":{"uv":[0,3,16,4],"texture":"#12"},"east":{"uv":[0,3,1,4],"texture":"#12"},"south":{"uv":[0,3,16,4],"texture":"#12"},"west":{"uv":[0,3,1,4],"texture":"#12"},"up":{"uv":[0,3,16,4],"texture":"#12"},"down":{"uv":[0,3,16,4],"texture":"#12"}}},{"name":"wiel","from":[14.99987,0.56705,-0.06025],"to":[15.99987,1.06705,2.03975],"rotation":{"angle":45,"axis":"x","origin":[14.99981,3.02145,0.94972]},"faces":{"north":{"uv":[0,0,1,0.5],"rotation":180,"texture":"#13"},"east":{"uv":[0,0,2.1,0.5],"rotation":180,"texture":"#13"},"south":{"uv":[0,0,1,0.5],"rotation":180,"texture":"#13"},"west":{"uv":[0,0,2.1,0.5],"rotation":180,"texture":"#13"},"up":{"uv":[0,0,1,2.1],"texture":"#13"},"down":{"uv":[0,0,1,2.1],"texture":"#13"}}},{"name":"wiel","from":[15.00005,1.95479,2.94805],"to":[16.00005,4.05479,3.44805],"rotation":{"angle":45,"axis":"x","origin":[14.99999,2.96477,0.99365]},"faces":{"north":{"uv":[0,0,1,2.1],"rotation":180,"texture":"#13"},"east":{"uv":[0,0,2.1,0.5],"rotation":270,"texture":"#13"},"south":{"uv":[0,0,1,2.1],"texture":"#13"},"west":{"uv":[0,0,2.1,0.5],"rotation":90,"texture":"#13"},"up":{"uv":[0,0,1,0.5],"rotation":180,"texture":"#13"},"down":{"uv":[0,0,1,0.5],"texture":"#13"}}},{"name":"wiel","from":[15.00007,4.94805,-0.05479],"to":[16.00007,5.44805,2.04521],"rotation":{"angle":45,"axis":"x","origin":[15.00001,2.99365,1.03523]},"faces":{"north":{"uv":[0,0,1,0.5],"texture":"#13"},"east":{"uv":[0,0,2.1,0.5],"texture":"#13"},"south":{"uv":[0,0,1,0.5],"texture":"#13"},"west":{"uv":[0,0,2.1,0.5],"texture":"#13"},"up":{"uv":[0,0,1,2.1],"texture":"#13"},"down":{"uv":[0,0,1,2.1],"texture":"#13"}}},{"name":"wiel","from":[14.99995,1.96025,-1.43295],"to":[15.99995,4.06025,-0.93295],"rotation":{"angle":45,"axis":"x","origin":[14.99989,3.05028,1.02145]},"faces":{"north":{"uv":[0,0,1,2.09987],"rotation":180,"texture":"#13"},"east":{"uv":[0,0,2.1,0.5],"rotation":90,"texture":"#13"},"south":{"uv":[0,0,1,2.1],"texture":"#13"},"west":{"uv":[0,0,2.1,0.5],"rotation":270,"texture":"#13"},"up":{"uv":[0,0,1,0.5],"texture":"#13"},"down":{"uv":[0,0,1,0.5],"rotation":180,"texture":"#13"}}},{"name":"wiel","from":[15,2,-1.5],"to":[16,4,-1],"faces":{"north":{"uv":[0,0,1,2],"rotation":180,"texture":"#13"},"east":{"uv":[0,0,2,0.5],"rotation":90,"texture":"#13"},"south":{"uv":[0,0,1,2],"texture":"#13"},"west":{"uv":[0,0,2,0.5],"rotation":270,"texture":"#13"},"up":{"uv":[0,0,1,0.5],"texture":"#13"},"down":{"uv":[0,0,1,0.5],"rotation":180,"texture":"#13"}}},{"name":"wiel","from":[15,2,3],"to":[16,4,3.5],"faces":{"north":{"uv":[0,0,1,2],"rotation":180,"texture":"#13"},"east":{"uv":[0,0,2,0.5],"rotation":270,"texture":"#13"},"south":{"uv":[0,0,1,2],"texture":"#13"},"west":{"uv":[0,0,2,0.5],"rotation":90,"texture":"#13"},"up":{"uv":[0,0,1,0.5],"rotation":180,"texture":"#13"},"down":{"uv":[0,0,1,0.5],"texture":"#13"}}},{"name":"wiel","from":[15,5,0],"to":[16,5.5,2],"faces":{"north":{"uv":[0,0,1,0.5],"texture":"#13"},"east":{"uv":[0,0,2,0.5],"texture":"#13"},"south":{"uv":[0,0,1,0.5],"texture":"#13"},"west":{"uv":[0,0,2,0.5],"texture":"#13"},"up":{"uv":[0,0,1,2],"texture":"#13"},"down":{"uv":[0,0,1,2],"texture":"#13"}}},{"name":"wiel","from":[15,0.5,0],"to":[16,1,2],"faces":{"north":{"uv":[0,0,1,0.5],"texture":"#13"},"east":{"uv":[0,0,2,0.5],"texture":"#13"},"south":{"uv":[0,0,1,0.5],"texture":"#13"},"west":{"uv":[0,0,2,0.5],"texture":"#13"},"up":{"uv":[0,0,1,2],"texture":"#13"},"down":{"uv":[0,0,1,2],"texture":"#13"}}},{"name":"spaken","from":[15.25,3,0.75],"to":[15.75,5,1.25],"rotation":{"angle":45,"axis":"x","origin":[15,3,1]},"faces":{"north":{"uv":[0,0,0.5,2],"rotation":180,"texture":"#5"},"east":{"uv":[0,0,2,0.5],"rotation":90,"texture":"#5"},"south":{"uv":[0,0,0.5,2],"texture":"#5"},"west":{"uv":[0,0,2,0.5],"rotation":270,"texture":"#5"},"up":{"uv":[0,0,0.5,0.5],"texture":"#5"},"down":{"uv":[0,0,0.5,0.5],"rotation":180,"texture":"#5"}}},{"name":"spaken","from":[15.25,3,0.75],"to":[15.75,5,1.25],"faces":{"north":{"uv":[0,0,0.5,2],"rotation":180,"texture":"#5"},"east":{"uv":[0,0,2,0.5],"rotation":90,"texture":"#5"},"south":{"uv":[0,0,0.5,2],"texture":"#5"},"west":{"uv":[0,0,2,0.5],"rotation":270,"texture":"#5"},"up":{"uv":[0,0,0.5,0.5],"texture":"#5"},"down":{"uv":[0,0,0.5,0.5],"rotation":180,"texture":"#5"}}},{"name":"spaken","from":[15.25,2.75,-1],"to":[15.75,3.25,1],"rotation":{"angle":45,"axis":"x","origin":[15,3,1]},"faces":{"north":{"uv":[0,0,0.5,0.5],"rotation":180,"texture":"#5"},"east":{"uv":[0,0,2,0.5],"rotation":180,"texture":"#5"},"south":{"uv":[0,0,0.5,0.5],"rotation":180,"texture":"#5"},"west":{"uv":[0,0,2,0.5],"rotation":180,"texture":"#5"},"up":{"uv":[0,0,0.5,2],"texture":"#5"},"down":{"uv":[0,0,0.5,2],"texture":"#5"}}},{"name":"spaken","from":[15.25,2.75,-1],"to":[15.75,3.25,1],"faces":{"north":{"uv":[0,0,0.5,0.5],"rotation":180,"texture":"#5"},"east":{"uv":[0,0,2,0.5],"rotation":180,"texture":"#5"},"south":{"uv":[0,0,0.5,0.5],"rotation":180,"texture":"#5"},"west":{"uv":[0,0,2,0.5],"rotation":180,"texture":"#5"},"up":{"uv":[0,0,0.5,2],"texture":"#5"},"down":{"uv":[0,0,0.5,2],"texture":"#5"}}},{"name":"spaken","from":[15.25,1,0.75],"to":[15.75,3,1.25],"rotation":{"angle":45,"axis":"x","origin":[15,3,1]},"faces":{"north":{"uv":[0,0,0.5,2],"rotation":180,"texture":"#5"},"east":{"uv":[0,0,2,0.5],"rotation":270,"texture":"#5"},"south":{"uv":[0,0,0.5,2],"texture":"#5"},"west":{"uv":[0,0,2,0.5],"rotation":90,"texture":"#5"},"up":{"uv":[0,0,0.5,0.5],"rotation":180,"texture":"#5"},"down":{"uv":[0,0,0.5,0.5],"texture":"#5"}}},{"name":"spaken","from":[15.25,1,0.75],"to":[15.75,3,1.25],"faces":{"north":{"uv":[0,0,0.5,2],"rotation":180,"texture":"#5"},"east":{"uv":[0,0,2,0.5],"rotation":270,"texture":"#5"},"south":{"uv":[0,0,0.5,2],"texture":"#5"},"west":{"uv":[0,0,2,0.5],"rotation":90,"texture":"#5"},"up":{"uv":[0,0,0.5,0.5],"rotation":180,"texture":"#5"},"down":{"uv":[0,0,0.5,0.5],"texture":"#5"}}},{"name":"spaken","from":[15.25,2.75,1],"to":[15.75,3.25,3],"rotation":{"angle":45,"axis":"x","origin":[15,3,1]},"faces":{"north":{"uv":[0,0,0.5,0.5],"texture":"#5"},"east":{"uv":[0,0,2,0.5],"texture":"#5"},"south":{"uv":[0,0,0.5,0.5],"texture":"#5"},"west":{"uv":[0,0,2,0.5],"texture":"#5"},"up":{"uv":[0,0,0.5,2],"texture":"#5"},"down":{"uv":[0,0,0.5,2],"texture":"#5"}}},{"name":"spaken","from":[15.25,2.75,1],"to":[15.75,3.25,3],"faces":{"north":{"uv":[0,0,0.5,0.5],"texture":"#5"},"east":{"uv":[0,0,2,0.5],"texture":"#5"},"south":{"uv":[0,0,0.5,0.5],"texture":"#5"},"west":{"uv":[0,0,2,0.5],"texture":"#5"},"up":{"uv":[0,0,0.5,2],"texture":"#5"},"down":{"uv":[0,0,0.5,2],"texture":"#5"}}},{"name":"wiel","from":[-0.00013,0.56705,-0.06025],"to":[0.99987,1.06705,2.03975],"rotation":{"angle":45,"axis":"x","origin":[-0.00019,3.02145,0.94972]},"faces":{"north":{"uv":[0,0,1,0.5],"rotation":180,"texture":"#13"},"east":{"uv":[0,0,2.1,0.5],"rotation":180,"texture":"#13"},"south":{"uv":[0,0,1,0.5],"rotation":180,"texture":"#13"},"west":{"uv":[0,0,2.1,0.5],"rotation":180,"texture":"#13"},"up":{"uv":[0,0,1,2.1],"texture":"#13"},"down":{"uv":[0,0,1,2.1],"texture":"#13"}}},{"name":"wiel","from":[5E-05,1.95479,2.94805],"to":[1.00005,4.05479,3.44805],"rotation":{"angle":45,"axis":"x","origin":[-1E-05,2.96477,0.99365]},"faces":{"north":{"uv":[0,0,1,2.1],"rotation":180,"texture":"#13"},"east":{"uv":[0,0,2.1,0.5],"rotation":270,"texture":"#13"},"south":{"uv":[0,0,1,2.1],"texture":"#13"},"west":{"uv":[0,0,2.1,0.5],"rotation":90,"texture":"#13"},"up":{"uv":[0,0,1,0.5],"rotation":180,"texture":"#13"},"down":{"uv":[0,0,1,0.5],"texture":"#13"}}},{"name":"wiel","from":[7E-05,4.94805,-0.05479],"to":[1.00007,5.44805,2.04521],"rotation":{"angle":45,"axis":"x","origin":[1E-05,2.99365,1.03523]},"faces":{"north":{"uv":[0,0,1,0.5],"texture":"#13"},"east":{"uv":[0,0,2.1,0.5],"texture":"#13"},"south":{"uv":[0,0,1,0.5],"texture":"#13"},"west":{"uv":[0,0,2.1,0.5],"texture":"#13"},"up":{"uv":[0,0,1,2.1],"texture":"#13"},"down":{"uv":[0,0,1,2.1],"texture":"#13"}}},{"name":"wiel","from":[-5E-05,1.96025,-1.43295],"to":[0.99995,4.06025,-0.93295],"rotation":{"angle":45,"axis":"x","origin":[-0.00011,3.05028,1.02145]},"faces":{"north":{"uv":[0,0,1,2.09987],"rotation":180,"texture":"#13"},"east":{"uv":[0,0,2.1,0.5],"rotation":90,"texture":"#13"},"south":{"uv":[0,0,1,2.1],"texture":"#13"},"west":{"uv":[0,0,2.1,0.5],"rotation":270,"texture":"#13"},"up":{"uv":[0,0,1,0.5],"texture":"#13"},"down":{"uv":[0,0,1,0.5],"rotation":180,"texture":"#13"}}},{"name":"wiel","from":[0,2,-1.5],"to":[1,4,-1],"faces":{"north":{"uv":[0,0,1,2],"rotation":180,"texture":"#13"},"east":{"uv":[0,0,2,0.5],"rotation":90,"texture":"#13"},"south":{"uv":[0,0,1,2],"texture":"#13"},"west":{"uv":[0,0,2,0.5],"rotation":270,"texture":"#13"},"up":{"uv":[0,0,1,0.5],"texture":"#13"},"down":{"uv":[0,0,1,0.5],"rotation":180,"texture":"#13"}}},{"name":"wiel","from":[0,2,3],"to":[1,4,3.5],"faces":{"north":{"uv":[0,0,1,2],"rotation":180,"texture":"#13"},"east":{"uv":[0,0,2,0.5],"rotation":270,"texture":"#13"},"south":{"uv":[0,0,1,2],"texture":"#13"},"west":{"uv":[0,0,2,0.5],"rotation":90,"texture":"#13"},"up":{"uv":[0,0,1,0.5],"rotation":180,"texture":"#13"},"down":{"uv":[0,0,1,0.5],"texture":"#13"}}},{"name":"wiel","from":[0,5,0],"to":[1,5.5,2],"faces":{"north":{"uv":[0,0,1,0.5],"texture":"#13"},"east":{"uv":[0,0,2,0.5],"texture":"#13"},"south":{"uv":[0,0,1,0.5],"texture":"#13"},"west":{"uv":[0,0,2,0.5],"texture":"#13"},"up":{"uv":[0,0,1,2],"texture":"#13"},"down":{"uv":[0,0,1,2],"texture":"#13"}}},{"name":"wiel","from":[0,0.5,0],"to":[1,1,2],"faces":{"north":{"uv":[0,0,1,0.5],"texture":"#13"},"east":{"uv":[0,0,2,0.5],"texture":"#13"},"south":{"uv":[0,0,1,0.5],"texture":"#13"},"west":{"uv":[0,0,2,0.5],"texture":"#13"},"up":{"uv":[0,0,1,2],"texture":"#13"},"down":{"uv":[0,0,1,2],"texture":"#13"}}},{"name":"spaken","from":[0.25,3,0.75],"to":[0.75,5,1.25],"rotation":{"angle":45,"axis":"x","origin":[0,3,1]},"faces":{"north":{"uv":[0,0,0.5,2],"rotation":180,"texture":"#5"},"east":{"uv":[0,0,2,0.5],"rotation":90,"texture":"#5"},"south":{"uv":[0,0,0.5,2],"texture":"#5"},"west":{"uv":[0,0,2,0.5],"rotation":270,"texture":"#5"},"up":{"uv":[0,0,0.5,0.5],"texture":"#5"},"down":{"uv":[0,0,0.5,0.5],"rotation":180,"texture":"#5"}}},{"name":"spaken","from":[0.25,3,0.75],"to":[0.75,5,1.25],"faces":{"north":{"uv":[0,0,0.5,2],"rotation":180,"texture":"#5"},"east":{"uv":[0,0,2,0.5],"rotation":90,"texture":"#5"},"south":{"uv":[0,0,0.5,2],"texture":"#5"},"west":{"uv":[0,0,2,0.5],"rotation":270,"texture":"#5"},"up":{"uv":[0,0,0.5,0.5],"texture":"#5"},"down":{"uv":[0,0,0.5,0.5],"rotation":180,"texture":"#5"}}},{"name":"spaken","from":[0.25,2.75,-1],"to":[0.75,3.25,1],"rotation":{"angle":45,"axis":"x","origin":[0,3,1]},"faces":{"north":{"uv":[0,0,0.5,0.5],"rotation":180,"texture":"#5"},"east":{"uv":[0,0,2,0.5],"rotation":180,"texture":"#5"},"south":{"uv":[0,0,0.5,0.5],"rotation":180,"texture":"#5"},"west":{"uv":[0,0,2,0.5],"rotation":180,"texture":"#5"},"up":{"uv":[0,0,0.5,2],"texture":"#5"},"down":{"uv":[0,0,0.5,2],"texture":"#5"}}},{"name":"spaken","from":[0.25,2.75,-1],"to":[0.75,3.25,1],"faces":{"north":{"uv":[0,0,0.5,0.5],"rotation":180,"texture":"#5"},"east":{"uv":[0,0,2,0.5],"rotation":180,"texture":"#5"},"south":{"uv":[0,0,0.5,0.5],"rotation":180,"texture":"#5"},"west":{"uv":[0,0,2,0.5],"rotation":180,"texture":"#5"},"up":{"uv":[0,0,0.5,2],"texture":"#5"},"down":{"uv":[0,0,0.5,2],"texture":"#5"}}},{"name":"spaken","from":[0.25,1,0.75],"to":[0.75,3,1.25],"rotation":{"angle":45,"axis":"x","origin":[0,3,1]},"faces":{"north":{"uv":[0,0,0.5,2],"rotation":180,"texture":"#5"},"east":{"uv":[0,0,2,0.5],"rotation":270,"texture":"#5"},"south":{"uv":[0,0,0.5,2],"texture":"#5"},"west":{"uv":[0,0,2,0.5],"rotation":90,"texture":"#5"},"up":{"uv":[0,0,0.5,0.5],"rotation":180,"texture":"#5"},"down":{"uv":[0,0,0.5,0.5],"texture":"#5"}}},{"name":"spaken","from":[0.25,1,0.75],"to":[0.75,3,1.25],"faces":{"north":{"uv":[0,0,0.5,2],"rotation":180,"texture":"#5"},"east":{"uv":[0,0,2,0.5],"rotation":270,"texture":"#5"},"south":{"uv":[0,0,0.5,2],"texture":"#5"},"west":{"uv":[0,0,2,0.5],"rotation":90,"texture":"#5"},"up":{"uv":[0,0,0.5,0.5],"rotation":180,"texture":"#5"},"down":{"uv":[0,0,0.5,0.5],"texture":"#5"}}},{"name":"spaken","from":[0.25,2.75,1],"to":[0.75,3.25,3],"rotation":{"angle":45,"axis":"x","origin":[0,3,1]},"faces":{"north":{"uv":[0,0,0.5,0.5],"texture":"#5"},"east":{"uv":[0,0,2,0.5],"texture":"#5"},"south":{"uv":[0,0,0.5,0.5],"texture":"#5"},"west":{"uv":[0,0,2,0.5],"texture":"#5"},"up":{"uv":[0,0,0.5,2],"texture":"#5"},"down":{"uv":[0,0,0.5,2],"texture":"#5"}}},{"name":"spaken","from":[0.25,2.75,1],"to":[0.75,3.25,3],"faces":{"north":{"uv":[0,0,0.5,0.5],"texture":"#5"},"east":{"uv":[0,0,2,0.5],"texture":"#5"},"south":{"uv":[0,0,0.5,0.5],"texture":"#5"},"west":{"uv":[0,0,2,0.5],"texture":"#5"},"up":{"uv":[0,0,0.5,2],"texture":"#5"},"down":{"uv":[0,0,0.5,2],"texture":"#5"}}},{"name":"wiel","from":[-0.00013,11.56705,-0.06025],"to":[0.99987,12.06705,2.03975],"rotation":{"angle":45,"axis":"x","origin":[-0.00019,14.02145,0.94972]},"faces":{"north":{"uv":[0,0,1,0.5],"rotation":180,"texture":"#13"},"east":{"uv":[0,0,2.1,0.5],"rotation":180,"texture":"#13"},"south":{"uv":[0,0,1,0.5],"rotation":180,"texture":"#13"},"west":{"uv":[0,0,2.1,0.5],"rotation":180,"texture":"#13"},"up":{"uv":[0,0,1,2.1],"texture":"#13"},"down":{"uv":[0,0,1,2.1],"texture":"#13"}}},{"name":"wiel","from":[5E-05,12.95479,2.94805],"to":[1.00005,15.05479,3.44805],"rotation":{"angle":45,"axis":"x","origin":[-1E-05,13.96477,0.99365]},"faces":{"north":{"uv":[0,0,1,2.1],"rotation":180,"texture":"#13"},"east":{"uv":[0,0,2.1,0.5],"rotation":270,"texture":"#13"},"south":{"uv":[0,0,1,2.1],"texture":"#13"},"west":{"uv":[0,0,2.1,0.5],"rotation":90,"texture":"#13"},"up":{"uv":[0,0,1,0.5],"rotation":180,"texture":"#13"},"down":{"uv":[0,0,1,0.5],"texture":"#13"}}},{"name":"wiel","from":[7E-05,15.94805,-0.05479],"to":[1.00007,16.44805,2.04521],"rotation":{"angle":45,"axis":"x","origin":[1E-05,13.99365,1.03523]},"faces":{"north":{"uv":[0,0,1,0.5],"texture":"#13"},"east":{"uv":[0,0,2.1,0.5],"texture":"#13"},"south":{"uv":[0,0,1,0.5],"texture":"#13"},"west":{"uv":[0,0,2.1,0.5],"texture":"#13"},"up":{"uv":[0,0,1,2.1],"texture":"#13"},"down":{"uv":[0,0,1,2.1],"texture":"#13"}}},{"name":"wiel","from":[-5E-05,12.96025,-1.43295],"to":[0.99995,15.06025,-0.93295],"rotation":{"angle":45,"axis":"x","origin":[-0.00011,14.05028,1.02145]},"faces":{"north":{"uv":[0,0,1,2.09987],"rotation":180,"texture":"#13"},"east":{"uv":[0,0,2.1,0.5],"rotation":90,"texture":"#13"},"south":{"uv":[0,0,1,2.1],"texture":"#13"},"west":{"uv":[0,0,2.1,0.5],"rotation":270,"texture":"#13"},"up":{"uv":[0,0,1,0.5],"texture":"#13"},"down":{"uv":[0,0,1,0.5],"rotation":180,"texture":"#13"}}},{"name":"wiel","from":[0,13,-1.5],"to":[1,15,-1],"faces":{"north":{"uv":[0,0,1,2],"rotation":180,"texture":"#13"},"east":{"uv":[0,0,2,0.5],"rotation":90,"texture":"#13"},"south":{"uv":[0,0,1,2],"texture":"#13"},"west":{"uv":[0,0,2,0.5],"rotation":270,"texture":"#13"},"up":{"uv":[0,0,1,0.5],"texture":"#13"},"down":{"uv":[0,0,1,0.5],"rotation":180,"texture":"#13"}}},{"name":"wiel","from":[0,13,3],"to":[1,15,3.5],"faces":{"north":{"uv":[0,0,1,2],"rotation":180,"texture":"#13"},"east":{"uv":[0,0,2,0.5],"rotation":270,"texture":"#13"},"south":{"uv":[0,0,1,2],"texture":"#13"},"west":{"uv":[0,0,2,0.5],"rotation":90,"texture":"#13"},"up":{"uv":[0,0,1,0.5],"rotation":180,"texture":"#13"},"down":{"uv":[0,0,1,0.5],"texture":"#13"}}},{"name":"wiel","from":[0,16,0],"to":[1,16.5,2],"faces":{"north":{"uv":[0,0,1,0.5],"texture":"#13"},"east":{"uv":[0,0,2,0.5],"texture":"#13"},"south":{"uv":[0,0,1,0.5],"texture":"#13"},"west":{"uv":[0,0,2,0.5],"texture":"#13"},"up":{"uv":[0,0,1,2],"texture":"#13"},"down":{"uv":[0,0,1,2],"texture":"#13"}}},{"name":"wiel","from":[0,11.5,0],"to":[1,12,2],"faces":{"north":{"uv":[0,0,1,0.5],"texture":"#13"},"east":{"uv":[0,0,2,0.5],"texture":"#13"},"south":{"uv":[0,0,1,0.5],"texture":"#13"},"west":{"uv":[0,0,2,0.5],"texture":"#13"},"up":{"uv":[0,0,1,2],"texture":"#13"},"down":{"uv":[0,0,1,2],"texture":"#13"}}},{"name":"spaken","from":[0.25,14,0.75],"to":[0.75,16,1.25],"rotation":{"angle":45,"axis":"x","origin":[0,14,1]},"faces":{"north":{"uv":[0,0,0.5,2],"rotation":180,"texture":"#5"},"east":{"uv":[0,0,2,0.5],"rotation":90,"texture":"#5"},"south":{"uv":[0,0,0.5,2],"texture":"#5"},"west":{"uv":[0,0,2,0.5],"rotation":270,"texture":"#5"},"up":{"uv":[0,0,0.5,0.5],"texture":"#5"},"down":{"uv":[0,0,0.5,0.5],"rotation":180,"texture":"#5"}}},{"name":"spaken","from":[0.25,14,0.75],"to":[0.75,16,1.25],"faces":{"north":{"uv":[0,0,0.5,2],"rotation":180,"texture":"#5"},"east":{"uv":[0,0,2,0.5],"rotation":90,"texture":"#5"},"south":{"uv":[0,0,0.5,2],"texture":"#5"},"west":{"uv":[0,0,2,0.5],"rotation":270,"texture":"#5"},"up":{"uv":[0,0,0.5,0.5],"texture":"#5"},"down":{"uv":[0,0,0.5,0.5],"rotation":180,"texture":"#5"}}},{"name":"spaken","from":[0.25,13.75,-1],"to":[0.75,14.25,1],"rotation":{"angle":45,"axis":"x","origin":[0,14,1]},"faces":{"north":{"uv":[0,0,0.5,0.5],"rotation":180,"texture":"#5"},"east":{"uv":[0,0,2,0.5],"rotation":180,"texture":"#5"},"south":{"uv":[0,0,0.5,0.5],"rotation":180,"texture":"#5"},"west":{"uv":[0,0,2,0.5],"rotation":180,"texture":"#5"},"up":{"uv":[0,0,0.5,2],"texture":"#5"},"down":{"uv":[0,0,0.5,2],"texture":"#5"}}},{"name":"spaken","from":[0.25,13.75,-1],"to":[0.75,14.25,1],"faces":{"north":{"uv":[0,0,0.5,0.5],"rotation":180,"texture":"#5"},"east":{"uv":[0,0,2,0.5],"rotation":180,"texture":"#5"},"south":{"uv":[0,0,0.5,0.5],"rotation":180,"texture":"#5"},"west":{"uv":[0,0,2,0.5],"rotation":180,"texture":"#5"},"up":{"uv":[0,0,0.5,2],"texture":"#5"},"down":{"uv":[0,0,0.5,2],"texture":"#5"}}},{"name":"spaken","from":[0.25,12,0.75],"to":[0.75,14,1.25],"rotation":{"angle":45,"axis":"x","origin":[0,14,1]},"faces":{"north":{"uv":[0,0,0.5,2],"rotation":180,"texture":"#5"},"east":{"uv":[0,0,2,0.5],"rotation":270,"texture":"#5"},"south":{"uv":[0,0,0.5,2],"texture":"#5"},"west":{"uv":[0,0,2,0.5],"rotation":90,"texture":"#5"},"up":{"uv":[0,0,0.5,0.5],"rotation":180,"texture":"#5"},"down":{"uv":[0,0,0.5,0.5],"texture":"#5"}}},{"name":"spaken","from":[0.25,12,0.75],"to":[0.75,14,1.25],"faces":{"north":{"uv":[0,0,0.5,2],"rotation":180,"texture":"#5"},"east":{"uv":[0,0,2,0.5],"rotation":270,"texture":"#5"},"south":{"uv":[0,0,0.5,2],"texture":"#5"},"west":{"uv":[0,0,2,0.5],"rotation":90,"texture":"#5"},"up":{"uv":[0,0,0.5,0.5],"rotation":180,"texture":"#5"},"down":{"uv":[0,0,0.5,0.5],"texture":"#5"}}},{"name":"spaken","from":[0.25,13.75,1],"to":[0.75,14.25,3],"rotation":{"angle":45,"axis":"x","origin":[0,14,1]},"faces":{"north":{"uv":[0,0,0.5,0.5],"texture":"#5"},"east":{"uv":[0,0,2,0.5],"texture":"#5"},"south":{"uv":[0,0,0.5,0.5],"texture":"#5"},"west":{"uv":[0,0,2,0.5],"texture":"#5"},"up":{"uv":[0,0,0.5,2],"texture":"#5"},"down":{"uv":[0,0,0.5,2],"texture":"#5"}}},{"name":"spaken","from":[0.25,13.75,1],"to":[0.75,14.25,3],"faces":{"north":{"uv":[0,0,0.5,0.5],"texture":"#5"},"east":{"uv":[0,0,2,0.5],"texture":"#5"},"south":{"uv":[0,0,0.5,0.5],"texture":"#5"},"west":{"uv":[0,0,2,0.5],"texture":"#5"},"up":{"uv":[0,0,0.5,2],"texture":"#5"},"down":{"uv":[0,0,0.5,2],"texture":"#5"}}},{"name":"wiel","from":[14.99987,11.56705,-0.06025],"to":[15.99987,12.06705,2.03975],"rotation":{"angle":45,"axis":"x","origin":[14.99981,14.02145,0.94972]},"faces":{"north":{"uv":[0,0,1,0.5],"rotation":180,"texture":"#13"},"east":{"uv":[0,0,2.1,0.5],"rotation":180,"texture":"#13"},"south":{"uv":[0,0,1,0.5],"rotation":180,"texture":"#13"},"west":{"uv":[0,0,2.1,0.5],"rotation":180,"texture":"#13"},"up":{"uv":[0,0,1,2.1],"texture":"#13"},"down":{"uv":[0,0,1,2.1],"texture":"#13"}}},{"name":"wiel","from":[15.00005,12.95479,2.94805],"to":[16.00005,15.05479,3.44805],"rotation":{"angle":45,"axis":"x","origin":[14.99999,13.96477,0.99365]},"faces":{"north":{"uv":[0,0,1,2.1],"rotation":180,"texture":"#13"},"east":{"uv":[0,0,2.1,0.5],"rotation":270,"texture":"#13"},"south":{"uv":[0,0,1,2.1],"texture":"#13"},"west":{"uv":[0,0,2.1,0.5],"rotation":90,"texture":"#13"},"up":{"uv":[0,0,1,0.5],"rotation":180,"texture":"#13"},"down":{"uv":[0,0,1,0.5],"texture":"#13"}}},{"name":"wiel","from":[15.00007,15.94805,-0.05479],"to":[16.00007,16.44805,2.04521],"rotation":{"angle":45,"axis":"x","origin":[15.00001,13.99365,1.03523]},"faces":{"north":{"uv":[0,0,1,0.5],"texture":"#13"},"east":{"uv":[0,0,2.1,0.5],"texture":"#13"},"south":{"uv":[0,0,1,0.5],"texture":"#13"},"west":{"uv":[0,0,2.1,0.5],"texture":"#13"},"up":{"uv":[0,0,1,2.1],"texture":"#13"},"down":{"uv":[0,0,1,2.1],"texture":"#13"}}},{"name":"wiel","from":[14.99995,12.96025,-1.43295],"to":[15.99995,15.06025,-0.93295],"rotation":{"angle":45,"axis":"x","origin":[14.99989,14.05028,1.02145]},"faces":{"north":{"uv":[0,0,1,2.09987],"rotation":180,"texture":"#13"},"east":{"uv":[0,0,2.1,0.5],"rotation":90,"texture":"#13"},"south":{"uv":[0,0,1,2.1],"texture":"#13"},"west":{"uv":[0,0,2.1,0.5],"rotation":270,"texture":"#13"},"up":{"uv":[0,0,1,0.5],"texture":"#13"},"down":{"uv":[0,0,1,0.5],"rotation":180,"texture":"#13"}}},{"name":"wiel","from":[15,13,-1.5],"to":[16,15,-1],"faces":{"north":{"uv":[0,0,1,2],"rotation":180,"texture":"#13"},"east":{"uv":[0,0,2,0.5],"rotation":90,"texture":"#13"},"south":{"uv":[0,0,1,2],"texture":"#13"},"west":{"uv":[0,0,2,0.5],"rotation":270,"texture":"#13"},"up":{"uv":[0,0,1,0.5],"texture":"#13"},"down":{"uv":[0,0,1,0.5],"rotation":180,"texture":"#13"}}},{"name":"wiel","from":[15,13,3],"to":[16,15,3.5],"faces":{"north":{"uv":[0,0,1,2],"rotation":180,"texture":"#13"},"east":{"uv":[0,0,2,0.5],"rotation":270,"texture":"#13"},"south":{"uv":[0,0,1,2],"texture":"#13"},"west":{"uv":[0,0,2,0.5],"rotation":90,"texture":"#13"},"up":{"uv":[0,0,1,0.5],"rotation":180,"texture":"#13"},"down":{"uv":[0,0,1,0.5],"texture":"#13"}}},{"name":"wiel","from":[15,16,0],"to":[16,16.5,2],"faces":{"north":{"uv":[0,0,1,0.5],"texture":"#13"},"east":{"uv":[0,0,2,0.5],"texture":"#13"},"south":{"uv":[0,0,1,0.5],"texture":"#13"},"west":{"uv":[0,0,2,0.5],"texture":"#13"},"up":{"uv":[0,0,1,2],"texture":"#13"},"down":{"uv":[0,0,1,2],"texture":"#13"}}},{"name":"wiel","from":[15,11.5,0],"to":[16,12,2],"faces":{"north":{"uv":[0,0,1,0.5],"texture":"#13"},"east":{"uv":[0,0,2,0.5],"texture":"#13"},"south":{"uv":[0,0,1,0.5],"texture":"#13"},"west":{"uv":[0,0,2,0.5],"texture":"#13"},"up":{"uv":[0,0,1,2],"texture":"#13"},"down":{"uv":[0,0,1,2],"texture":"#13"}}},{"name":"spaken","from":[15.25,14,0.75],"to":[15.75,16,1.25],"rotation":{"angle":45,"axis":"x","origin":[15,14,1]},"faces":{"north":{"uv":[0,0,0.5,2],"rotation":180,"texture":"#5"},"east":{"uv":[0,0,2,0.5],"rotation":90,"texture":"#5"},"south":{"uv":[0,0,0.5,2],"texture":"#5"},"west":{"uv":[0,0,2,0.5],"rotation":270,"texture":"#5"},"up":{"uv":[0,0,0.5,0.5],"texture":"#5"},"down":{"uv":[0,0,0.5,0.5],"rotation":180,"texture":"#5"}}},{"name":"spaken","from":[15.25,14,0.75],"to":[15.75,16,1.25],"faces":{"north":{"uv":[0,0,0.5,2],"rotation":180,"texture":"#5"},"east":{"uv":[0,0,2,0.5],"rotation":90,"texture":"#5"},"south":{"uv":[0,0,0.5,2],"texture":"#5"},"west":{"uv":[0,0,2,0.5],"rotation":270,"texture":"#5"},"up":{"uv":[0,0,0.5,0.5],"texture":"#5"},"down":{"uv":[0,0,0.5,0.5],"rotation":180,"texture":"#5"}}},{"name":"spaken","from":[15.25,13.75,-1],"to":[15.75,14.25,1],"rotation":{"angle":45,"axis":"x","origin":[15,14,1]},"faces":{"north":{"uv":[0,0,0.5,0.5],"rotation":180,"texture":"#5"},"east":{"uv":[0,0,2,0.5],"rotation":180,"texture":"#5"},"south":{"uv":[0,0,0.5,0.5],"rotation":180,"texture":"#5"},"west":{"uv":[0,0,2,0.5],"rotation":180,"texture":"#5"},"up":{"uv":[0,0,0.5,2],"texture":"#5"},"down":{"uv":[0,0,0.5,2],"texture":"#5"}}},{"name":"spaken","from":[15.25,13.75,-1],"to":[15.75,14.25,1],"faces":{"north":{"uv":[0,0,0.5,0.5],"rotation":180,"texture":"#5"},"east":{"uv":[0,0,2,0.5],"rotation":180,"texture":"#5"},"south":{"uv":[0,0,0.5,0.5],"rotation":180,"texture":"#5"},"west":{"uv":[0,0,2,0.5],"rotation":180,"texture":"#5"},"up":{"uv":[0,0,0.5,2],"texture":"#5"},"down":{"uv":[0,0,0.5,2],"texture":"#5"}}},{"name":"spaken","from":[15.25,12,0.75],"to":[15.75,14,1.25],"rotation":{"angle":45,"axis":"x","origin":[15,14,1]},"faces":{"north":{"uv":[0,0,0.5,2],"rotation":180,"texture":"#5"},"east":{"uv":[0,0,2,0.5],"rotation":270,"texture":"#5"},"south":{"uv":[0,0,0.5,2],"texture":"#5"},"west":{"uv":[0,0,2,0.5],"rotation":90,"texture":"#5"},"up":{"uv":[0,0,0.5,0.5],"rotation":180,"texture":"#5"},"down":{"uv":[0,0,0.5,0.5],"texture":"#5"}}},{"name":"spaken","from":[15.25,12,0.75],"to":[15.75,14,1.25],"faces":{"north":{"uv":[0,0,0.5,2],"rotation":180,"texture":"#5"},"east":{"uv":[0,0,2,0.5],"rotation":270,"texture":"#5"},"south":{"uv":[0,0,0.5,2],"texture":"#5"},"west":{"uv":[0,0,2,0.5],"rotation":90,"texture":"#5"},"up":{"uv":[0,0,0.5,0.5],"rotation":180,"texture":"#5"},"down":{"uv":[0,0,0.5,0.5],"texture":"#5"}}},{"name":"spaken","from":[15.25,13.75,1],"to":[15.75,14.25,3],"rotation":{"angle":45,"axis":"x","origin":[15,14,1]},"faces":{"north":{"uv":[0,0,0.5,0.5],"texture":"#5"},"east":{"uv":[0,0,2,0.5],"texture":"#5"},"south":{"uv":[0,0,0.5,0.5],"texture":"#5"},"west":{"uv":[0,0,2,0.5],"texture":"#5"},"up":{"uv":[0,0,0.5,2],"texture":"#5"},"down":{"uv":[0,0,0.5,2],"texture":"#5"}}},{"name":"spaken","from":[15.25,13.75,1],"to":[15.75,14.25,3],"faces":{"north":{"uv":[0,0,0.5,0.5],"texture":"#5"},"east":{"uv":[0,0,2,0.5],"texture":"#5"},"south":{"uv":[0,0,0.5,0.5],"texture":"#5"},"west":{"uv":[0,0,2,0.5],"texture":"#5"},"up":{"uv":[0,0,0.5,2],"texture":"#5"},"down":{"uv":[0,0,0.5,2],"texture":"#5"}}},{"name":"toeter","from":[13,7,15],"to":[14.5,7.5,16.5],"faces":{"north":{"uv":[0,0,1.5,0.5],"texture":"#6"},"east":{"uv":[0,0,1.5,0.5],"texture":"#6"},"south":{"uv":[0,0,1.5,0.5],"texture":"#6"},"west":{"uv":[0,0,1.5,0.5],"texture":"#6"},"up":{"uv":[0,0,1.5,1.5],"texture":"#6"},"down":{"uv":[0,0,1.5,1.5],"texture":"#6"}}},{"name":"toeter","from":[13.5,7.5,15.5],"to":[14,10.5,16],"faces":{"north":{"uv":[4,6,4.5,9],"texture":"#7"},"east":{"uv":[4,4,4.5,7],"texture":"#7"},"south":{"uv":[4,4,4.5,7],"texture":"#7"},"west":{"uv":[4,7,4.5,10],"texture":"#7"},"up":{"uv":[4,5,4.5,5.5],"texture":"#7"},"down":{"uv":[4,5,4.5,5.5],"texture":"#7"}}},{"name":"toeter","from":[13.25,6.5,15.25],"to":[14.25,7,16.25],"faces":{"north":{"uv":[0,0,1,0.5],"texture":"#6"},"east":{"uv":[0,0,1,0.5],"texture":"#6"},"south":{"uv":[0,0,1,0.5],"texture":"#6"},"west":{"uv":[0,0,1,0.5],"texture":"#6"},"up":{"uv":[0,0,1,1],"texture":"#6"},"down":{"uv":[0,0,1,1],"texture":"#6"}}},{"name":"toeter","from":[13.25,9.5,15.25],"to":[14.25,11,16.25],"faces":{"north":{"uv":[4,7,5,8.5],"texture":"#7"},"east":{"uv":[4,6,5,7.5],"texture":"#7"},"south":{"uv":[4,4,5,5.5],"texture":"#7"},"west":{"uv":[4,8,5,9.5],"texture":"#7"},"up":{"uv":[4,4,5,5],"texture":"#7"},"down":{"uv":[4,4,5,5],"texture":"#7"}}},{"name":"toeter","from":[13.25,7.5,15.25],"to":[14.25,8,16.25],"faces":{"north":{"uv":[0,0,1,0.5],"texture":"#6"},"east":{"uv":[0,0,1,0.5],"texture":"#6"},"south":{"uv":[0,0,1,0.5],"texture":"#6"},"west":{"uv":[0,0,1,0.5],"texture":"#6"},"up":{"uv":[0,0,1,1],"texture":"#6"},"down":{"uv":[0,0,1,1],"texture":"#6"}}},{"name":"toeter","from":[13,11,15],"to":[14.5,11.5,16.5],"faces":{"north":{"uv":[4,11,5.5,11.5],"texture":"#7"},"east":{"uv":[9,4,10.5,4.5],"texture":"#7"},"south":{"uv":[7,4,8.5,4.5],"texture":"#7"},"west":{"uv":[6,4,7.5,4.5],"texture":"#7"},"up":{"uv":[4,4,12,12],"texture":"#7"},"down":{"uv":[11,5,11.5,5.5],"texture":"#7"}}},{"from":[6.5,9,13.5],"to":[7,9.5,15],"faces":{"north":{"uv":[0,0,0.5,1.5],"texture":"#15"},"east":{"uv":[0,0,0.5,1.5],"texture":"#15"},"south":{"uv":[0,0,0.5,1.5],"texture":"#15"},"west":{"uv":[0,0,0.5,1.5],"texture":"#15"},"up":{"uv":[0,0,0.5,1.5],"texture":"#15"},"down":{"uv":[0,0,0.5,1.5],"texture":"#15"}}},{"from":[9.5,9,13.5],"to":[10,9.5,15],"faces":{"north":{"uv":[0,0,0.5,1.5],"texture":"#15"},"east":{"uv":[0,0,0.5,1.5],"texture":"#15"},"south":{"uv":[0,0,0.5,1.5],"texture":"#15"},"west":{"uv":[0,0,0.5,1.5],"texture":"#15"},"up":{"uv":[0,0,0.5,1.5],"texture":"#15"},"down":{"uv":[0,0,0.5,1.5],"texture":"#15"}}},{"from":[7,9,14],"to":[9.5,9.5,14.5],"faces":{"north":{"uv":[0,0,0.5,0.5],"texture":"#15"},"east":{"uv":[0,0,0.5,0.5],"texture":"#15"},"south":{"uv":[0,0,0.5,0.5],"texture":"#15"},"west":{"uv":[0,0,0.5,0.5],"texture":"#15"},"up":{"uv":[0,0,0.5,0.5],"texture":"#15"},"down":{"uv":[0,0,0.5,0.5],"texture":"#15"}}},{"from":[8,9.5,14],"to":[8.5,10,14.5],"faces":{"north":{"uv":[0,2,0.5,2.5],"texture":"#15"},"east":{"uv":[0,2,0.5,2.5],"texture":"#15"},"south":{"uv":[0,2,0.5,2.5],"texture":"#15"},"west":{"uv":[0,2,0.5,2.5],"texture":"#15"},"up":{"uv":[0,2,0.5,2.5],"texture":"#15"},"down":{"uv":[0,2,0.5,2.5],"texture":"#15"}}}],"display":{"thirdperson_righthand":{"rotation":[-90,0,0],"translation":[-6,-20,4.5],"scale":[1.5,1.5,1.5]},"gui":{"rotation":[135,-180,45],"translation":[0,0.5,0],"scale":[0.5,0.5,0.5]},"head":{"rotation":[-90,0,0],"translation":[0,-5.25,-7],"scale":[2.5,2.5,2.5]}},"groups":[{"name":"RAND","origin":[8,8,8],"children":[0,1,2,3,4,5,6,7,8,9,{"name":"RAND2","origin":[8,8,8],"children":[]},{"name":"RAND5","origin":[8,8,8],"children":[]}]},{"name":"RAND3","origin":[8,8,8],"children":[10,11,12,13,14,15,16,17,{"name":"RAND2","origin":[8,8,8],"children":[]}]},{"name":"RAND4","origin":[8,8,8],"children":[18,19,20,21,22,23,24,25,{"name":"RAND2","origin":[8,8,8],"children":[]}]},{"name":"RAND6","origin":[8,8,8],"children":[26,27,28,29,30,31,32,{"name":"RAND2","origin":[8,8,8],"children":[]},{"name":"RAND5","origin":[8,8,8],"children":[]}]},{"name":"hout","origin":[8,8,8],"children":[33,34,35,36,37,38,39,40,41,42,43,44,45,46]},{"name":"knop","origin":[8,8,8],"children":[47,48,49,50,51,52,53,54,55,56,57,58,59,60,61,62,{"name":"knop3","origin":[8,8,8],"children":[]},{"name":"knop4","origin":[8,8,8],"children":[]}]},{"name":"knop2","origin":[8,8,8],"children":[63,64,65,66,67,68,69,70,71,72,73,74,75]},{"name":"knop5","origin":[8,8,8],"children":[76,77,78,79,80,81,82,83,84,85,86,87,88,89,90,91,{"name":"knop3","origin":[8,8,8],"children":[]},{"name":"knop4","origin":[8,8,8],"children":[]}]},{"name":"knop6","origin":[8,8,8],"children":[92,93,94,95,96,97,98,99,100,101,102,103,104,105,106,107,{"name":"knop3","origin":[8,8,8],"children":[]},{"name":"knop4","origin":[8,8,8],"children":[]}]},{"name":"group","origin":[8,8,8],"children":[108,109,110,111,112,113,114,115,116,117,118,119,120,121]},122,123,124,125,126,127,128,129,130,131,132,133,134,135,136,{"name":"wiel","origin":[8,8,8],"children":[137,138,139,140,141,142,143,144,145,146,147,148,149,150,151,152]},{"name":"wiel2","origin":[8,8,8],"children":[153,154,155,156,157,158,159,160,161,162,163,164,165,166,167,168]},{"name":"wiel3","origin":[8,8,8],"children":[169,170,171,172,173,174,175,176,177,178,179,180,181,182,183,184]},{"name":"wiel4","origin":[8,8,8],"children":[185,186,187,188,189,190,191,192,193,194,195,196,197,198,199,200]},{"name":"toeter","origin":[8,8,8],"children":[201,202,203,204,205,206]},207,208,209,210],"credit":"Model by Craftventure"}