{"textures":{"0":"block/anvil","1":"block/white_concrete","2":"block/light_gray_terracotta","3":"block/black_concrete","4":"block/black_shulker_box","5":"block/cauldron_inner","6":"block/glass","particle":"block/anvil"},"elements":[{"from":[11.84551,18.15,-2.88799],"to":[14.08227,18.75,-1.26799],"rotation":{"angle":45,"axis":"y","origin":[8,18.45,13.94]},"faces":{"north":{"uv":[0,0,0.5,0.5],"texture":"#1"},"east":{"uv":[0,0,0.5,0.5],"texture":"#1"},"south":{"uv":[0,0,0.5,0.5],"texture":"#1"},"west":{"uv":[0,0,0.5,0.5],"texture":"#1"},"up":{"uv":[0,0,0.5,0.5],"texture":"#1"},"down":{"uv":[0,0,0.5,0.5],"texture":"#1"}}},{"from":[0.40162,18.15,-2.26],"to":[15.59838,18.75,-0.64],"rotation":{"angle":0,"axis":"y","origin":[8,18.45,13.94]},"faces":{"north":{"uv":[0,0,0.5,0.5],"texture":"#1"},"east":{"uv":[0,0,0.5,0.5],"texture":"#1"},"south":{"uv":[0,0,0.5,0.5],"texture":"#1"},"west":{"uv":[0,0,0.5,0.5],"texture":"#1"},"up":{"uv":[0,0,0.5,0.5],"texture":"#1"},"down":{"uv":[0,0,0.5,0.5],"texture":"#1"}}},{"from":[0.40162,18.15,-0.64],"to":[15.59838,18.75,20.96],"rotation":{"angle":0,"axis":"y","origin":[8,18.45,7.94]},"faces":{"north":{"uv":[0,0,0.5,0.5],"texture":"#1"},"east":{"uv":[0,0,0.5,0.5],"texture":"#1"},"south":{"uv":[0,0,0.5,0.5],"texture":"#1"},"west":{"uv":[0,0,0.5,0.5],"texture":"#1"},"up":{"uv":[0,0,0.5,0.5],"texture":"#1"},"down":{"uv":[0,0,0.5,0.5],"texture":"#1"}}},{"from":[0.40162,18.75,0.86],"to":[15.59838,19.35,18.66],"rotation":{"angle":0,"axis":"y","origin":[8,18.45,7.94]},"faces":{"north":{"uv":[0,0,0.5,0.5],"texture":"#1"},"east":{"uv":[0,0,0.5,0.5],"texture":"#1"},"south":{"uv":[0,0,0.5,0.5],"texture":"#1"},"west":{"uv":[0,0,0.5,0.5],"texture":"#1"},"up":{"uv":[0,0,0.5,0.5],"texture":"#1"},"down":{"uv":[0,0,0.5,0.5],"texture":"#1"}}},{"from":[0.40162,19.35,2.36],"to":[15.59838,19.95,18.16],"rotation":{"angle":0,"axis":"y","origin":[8,19.05,7.94]},"faces":{"north":{"uv":[0,0,0.5,0.5],"texture":"#1"},"east":{"uv":[0,0,0.5,0.5],"texture":"#1"},"south":{"uv":[0,0,0.5,0.5],"texture":"#1"},"west":{"uv":[0,0,0.5,0.5],"texture":"#1"},"up":{"uv":[0,0,0.5,0.5],"texture":"#1"},"down":{"uv":[0,0,0.5,0.5],"texture":"#1"}}},{"from":[0.40162,19.27521,-0.98317],"to":[15.59838,19.87521,4.01683],"rotation":{"angle":-22.5,"axis":"x","origin":[8,19.57521,2.01683]},"faces":{"north":{"uv":[0,0,0.5,0.5],"texture":"#1"},"east":{"uv":[0,0,0.5,0.5],"texture":"#1"},"south":{"uv":[0,0,0.5,0.5],"texture":"#1"},"west":{"uv":[0,0,0.5,0.5],"texture":"#1"},"up":{"uv":[0,0,0.5,0.5],"texture":"#1"},"down":{"uv":[0,0,0.5,0.5],"texture":"#1"}}},{"from":[0.40162,20.01774,3.74978],"to":[15.59838,20.61774,7.64978],"rotation":{"angle":0,"axis":"x","origin":[8,20.31774,0.74978]},"faces":{"north":{"uv":[0,0,0.5,0.5],"texture":"#1"},"east":{"uv":[0,0,0.5,0.5],"texture":"#1"},"south":{"uv":[0,0,0.5,0.5],"texture":"#1"},"west":{"uv":[0,0,0.5,0.5],"texture":"#1"},"up":{"uv":[0,0,0.5,0.5],"texture":"#1"},"down":{"uv":[0,0,0.5,0.5],"texture":"#1"}}},{"from":[0.40162,18.61774,3.74978],"to":[1.40162,20.61774,7.64978],"rotation":{"angle":-22.5,"axis":"z","origin":[0.40162,20.61774,9.14978]},"faces":{"north":{"uv":[0,0,0.5,0.5],"rotation":90,"texture":"#1"},"east":{"uv":[0,0,0.5,0.5],"rotation":270,"texture":"#1"},"south":{"uv":[0,0,0.5,0.5],"rotation":270,"texture":"#1"},"west":{"uv":[0,0,0.5,0.5],"rotation":270,"texture":"#1"},"up":{"uv":[0,0,0.5,0.5],"rotation":270,"texture":"#1"},"down":{"uv":[0,0,0.5,0.5],"rotation":270,"texture":"#1"}}},{"from":[14.59838,18.61774,3.74978],"to":[15.59838,20.61774,7.64978],"rotation":{"angle":22.5,"axis":"z","origin":[15.59838,20.61774,9.14978]},"faces":{"north":{"uv":[0,0.5,0.5,0],"rotation":90,"texture":"#1"},"east":{"uv":[0,0.5,0.5,0],"rotation":270,"texture":"#1"},"south":{"uv":[0,0.5,0.5,0],"rotation":270,"texture":"#1"},"west":{"uv":[0,0.5,0.5,0],"rotation":270,"texture":"#1"},"up":{"uv":[0,0.5,0.5,0],"rotation":270,"texture":"#1"},"down":{"uv":[0,0.5,0.5,0],"rotation":270,"texture":"#1"}}},{"from":[0.40162,20.01774,7.64978],"to":[15.59838,20.61774,17.54978],"rotation":{"angle":0,"axis":"x","origin":[8,20.31774,10.64978]},"faces":{"north":{"uv":[0,0,0.5,0.5],"texture":"#1"},"east":{"uv":[0,0,0.5,0.5],"texture":"#1"},"south":{"uv":[0,0,0.5,0.5],"texture":"#1"},"west":{"uv":[0,0,0.5,0.5],"texture":"#1"},"up":{"uv":[0,0,0.5,0.5],"texture":"#1"},"down":{"uv":[0,0,0.5,0.5],"texture":"#1"}}},{"from":[0.40162,18.61774,7.64978],"to":[1.40162,20.61774,17.54978],"rotation":{"angle":-22.5,"axis":"z","origin":[0.40162,20.61774,9.14978]},"faces":{"north":{"uv":[0,0,0.5,0.5],"rotation":90,"texture":"#1"},"east":{"uv":[0,0,0.5,0.5],"rotation":270,"texture":"#1"},"south":{"uv":[0,0,0.5,0.5],"rotation":270,"texture":"#1"},"west":{"uv":[0,0,0.5,0.5],"rotation":270,"texture":"#1"},"up":{"uv":[0,0,0.5,0.5],"rotation":270,"texture":"#1"},"down":{"uv":[0,0,0.5,0.5],"rotation":270,"texture":"#1"}}},{"from":[14.59838,18.61774,7.64978],"to":[15.59838,20.61774,17.54978],"rotation":{"angle":22.5,"axis":"z","origin":[15.59838,20.61774,9.14978]},"faces":{"north":{"uv":[0,0.5,0.5,0],"rotation":90,"texture":"#1"},"east":{"uv":[0,0.5,0.5,0],"rotation":270,"texture":"#1"},"south":{"uv":[0,0.5,0.5,0],"rotation":270,"texture":"#1"},"west":{"uv":[0,0.5,0.5,0],"rotation":270,"texture":"#1"},"up":{"uv":[0,0.5,0.5,0],"rotation":270,"texture":"#1"},"down":{"uv":[0,0.5,0.5,0],"rotation":270,"texture":"#1"}}},{"from":[0.40162,17.98429,16.45897],"to":[15.59838,18.58429,19.20897],"rotation":{"angle":45,"axis":"x","origin":[8,18.28429,19.45897]},"faces":{"north":{"uv":[0.5,0,0,0.5],"texture":"#1"},"east":{"uv":[0.5,0,0,0.5],"texture":"#1"},"south":{"uv":[0.5,0,0,0.5],"texture":"#1"},"west":{"uv":[0.5,0,0,0.5],"texture":"#1"},"up":{"uv":[0,0.5,0.5,0],"texture":"#1"},"down":{"uv":[0,0.5,0.5,0],"texture":"#1"}}},{"from":[1.91773,18.15,21.09799],"to":[4.15449,18.75,22.71799],"rotation":{"angle":45,"axis":"y","origin":[8,18.45,5.89]},"faces":{"north":{"uv":[0,0,0.5,0.5],"texture":"#1"},"east":{"uv":[0,0,0.5,0.5],"texture":"#1"},"south":{"uv":[0,0,0.5,0.5],"texture":"#1"},"west":{"uv":[0,0,0.5,0.5],"texture":"#1"},"up":{"uv":[0,0,0.5,0.5],"texture":"#1"},"down":{"uv":[0,0,0.5,0.5],"texture":"#1"}}},{"from":[0.40162,18.15,20.47],"to":[15.59838,18.75,22.09],"rotation":{"angle":0,"axis":"y","origin":[8,18.45,5.89]},"faces":{"north":{"uv":[0,0,0.5,0.5],"texture":"#1"},"east":{"uv":[0,0,0.5,0.5],"texture":"#1"},"south":{"uv":[0,0,0.5,0.5],"texture":"#1"},"west":{"uv":[0,0,0.5,0.5],"texture":"#1"},"up":{"uv":[0,0,0.5,0.5],"texture":"#1"},"down":{"uv":[0,0,0.5,0.5],"texture":"#1"}}},{"from":[-8.82799,18.15,9.73551],"to":[-7.20799,18.75,11.97227],"rotation":{"angle":45,"axis":"y","origin":[8,18.45,5.89]},"faces":{"north":{"uv":[0,0,0.5,0.5],"texture":"#1"},"east":{"uv":[0,0,0.5,0.5],"texture":"#1"},"south":{"uv":[0,0,0.5,0.5],"texture":"#1"},"west":{"uv":[0,0,0.5,0.5],"texture":"#1"},"up":{"uv":[0,0,0.5,0.5],"texture":"#1"},"down":{"uv":[0,0,0.5,0.5],"texture":"#1"}}},{"from":[-1.18,18.15,-0.67838],"to":[0.44,18.75,20.50838],"rotation":{"angle":0,"axis":"y","origin":[8,18.45,8.54]},"faces":{"north":{"uv":[0,0,0.5,0.5],"texture":"#1"},"east":{"uv":[0,0,0.5,0.5],"texture":"#1"},"south":{"uv":[0,0,0.5,0.5],"texture":"#1"},"west":{"uv":[0,0,0.5,0.5],"texture":"#1"},"up":{"uv":[0,0,0.5,0.5],"texture":"#1"},"down":{"uv":[0,0,0.5,0.5],"texture":"#1"}}},{"from":[23.20799,18.15,7.85773],"to":[24.82799,18.75,10.09449],"rotation":{"angle":45,"axis":"y","origin":[8,18.45,13.94]},"faces":{"north":{"uv":[0,0,0.5,0.5],"texture":"#1"},"east":{"uv":[0,0,0.5,0.5],"texture":"#1"},"south":{"uv":[0,0,0.5,0.5],"texture":"#1"},"west":{"uv":[0,0,0.5,0.5],"texture":"#1"},"up":{"uv":[0,0,0.5,0.5],"texture":"#1"},"down":{"uv":[0,0,0.5,0.5],"texture":"#1"}}},{"from":[15.56,18.15,-0.67838],"to":[17.18,18.75,20.50838],"rotation":{"angle":0,"axis":"y","origin":[8,18.45,8.54]},"faces":{"north":{"uv":[0,0,0.5,0.5],"texture":"#1"},"east":{"uv":[0,0,0.5,0.5],"texture":"#1"},"south":{"uv":[0,0,0.5,0.5],"texture":"#1"},"west":{"uv":[0,0,0.5,0.5],"texture":"#1"},"up":{"uv":[0,0,0.5,0.5],"texture":"#1"},"down":{"uv":[0,0,0.5,0.5],"texture":"#1"}}},{"from":[-0.5,-3.23428,9.8],"to":[16.5,1.73628,11],"rotation":{"angle":45,"axis":"x","origin":[0.7,-0.749,15.8]},"faces":{"north":{"uv":[0,0,0.5,0.5],"texture":"#1"},"east":{"uv":[0,0,0.5,0.5],"texture":"#1"},"south":{"uv":[0,0,0.5,0.5],"texture":"#1"},"west":{"uv":[0,0,0.5,0.5],"texture":"#1"},"up":{"uv":[0,0,0.5,0.5],"texture":"#1"},"down":{"uv":[0,0,0.5,0.5],"texture":"#1"}}},{"from":[-0.5,-1.73428,8.8],"to":[16.5,0.23628,9.8],"rotation":{"angle":45,"axis":"x","origin":[0.7,-0.749,15.8]},"faces":{"north":{"uv":[0,0,0.5,0.5],"texture":"#1"},"east":{"uv":[0,0,0.5,0.5],"texture":"#1"},"south":{"uv":[0,0,0.5,0.5],"texture":"#1"},"west":{"uv":[0,0,0.5,0.5],"texture":"#1"},"up":{"uv":[0,0,0.5,0.5],"texture":"#1"},"down":{"uv":[0,0,0.5,0.5],"texture":"#1"}}},{"from":[-0.5,-0.73428,20.6],"to":[16.5,1.73628,21.8],"rotation":{"angle":0,"axis":"x","origin":[0.7,-0.749,15.8]},"faces":{"north":{"uv":[0,0,0.5,0.5],"texture":"#1"},"east":{"uv":[0,0,0.5,0.5],"texture":"#1"},"south":{"uv":[0,0,0.5,0.5],"texture":"#1"},"west":{"uv":[0,0,0.5,0.5],"texture":"#1"},"up":{"uv":[0,0,0.5,0.5],"texture":"#1"},"down":{"uv":[0,0,0.5,0.5],"texture":"#1"}}},{"from":[-0.5,4.051,13.31472],"to":[16.5,5.251,18.28528],"rotation":{"angle":45,"axis":"x","origin":[0.7,-0.749,15.8]},"faces":{"north":{"uv":[0,0,0.5,0.5],"texture":"#1"},"east":{"uv":[0,0,0.5,0.5],"texture":"#1"},"south":{"uv":[0,0,0.5,0.5],"texture":"#1"},"west":{"uv":[0,0,0.5,0.5],"texture":"#1"},"up":{"uv":[0,0,0.5,0.5],"texture":"#1"},"down":{"uv":[0,0,0.5,0.5],"texture":"#1"}}},{"from":[-0.5,1.31029,19.6993],"to":[16.5,5.11029,20.8993],"rotation":{"angle":-22.5,"axis":"x","origin":[8.02888,3.78736,20.27885]},"faces":{"north":{"uv":[0,0,0.5,0.5],"rotation":180,"texture":"#1"},"east":{"uv":[0,0,0.5,0.5],"rotation":270,"texture":"#1"},"south":{"uv":[0,0,0.5,0.5],"texture":"#1"},"west":{"uv":[0,0,0.5,0.5],"rotation":90,"texture":"#1"},"up":{"uv":[0,0,0.5,0.5],"rotation":180,"texture":"#1"},"down":{"uv":[0,0,0.5,0.5],"texture":"#1"}}},{"from":[-0.5,4.051,13.31472],"to":[16.5,5.251,20.34472],"rotation":{"angle":0,"axis":"x","origin":[0.7,-0.749,15.8]},"faces":{"north":{"uv":[0,0,0.5,0.5],"texture":"#1"},"east":{"uv":[0,0,0.5,0.5],"texture":"#1"},"south":{"uv":[0,0,0.5,0.5],"texture":"#1"},"west":{"uv":[0,0,0.5,0.5],"texture":"#1"},"up":{"uv":[0,0,0.5,0.5],"texture":"#1"},"down":{"uv":[0,0,0.5,0.5],"texture":"#1"}}},{"from":[-0.5,3.801,19.31472],"to":[16.5,4.051,19.84472],"rotation":{"angle":0,"axis":"x","origin":[0.7,-0.749,15.8]},"faces":{"north":{"uv":[0,0,0.5,0.5],"texture":"#1"},"east":{"uv":[0,0,0.5,0.5],"texture":"#1"},"south":{"uv":[0,0,0.5,0.5],"texture":"#1"},"west":{"uv":[0,0,0.5,0.5],"texture":"#1"},"up":{"uv":[0,0,0.5,0.5],"texture":"#1"},"down":{"uv":[0,0,0.5,0.5],"texture":"#1"}}},{"from":[-0.5,4.051,10.81472],"to":[16.5,5.251,13.31472],"rotation":{"angle":0,"axis":"x","origin":[0.7,-0.749,15.8]},"faces":{"north":{"uv":[0,0,0.5,0.5],"texture":"#1"},"east":{"uv":[0,0,0.5,0.5],"texture":"#1"},"south":{"uv":[0,0,0.5,0.5],"texture":"#1"},"west":{"uv":[0,0,0.5,0.5],"texture":"#1"},"up":{"uv":[0,0,0.5,0.5],"texture":"#1"},"down":{"uv":[0,0,0.5,0.5],"texture":"#1"}}},{"from":[3.25,-0.48428,11],"to":[12.75,4.23628,20.6],"rotation":{"angle":0,"axis":"x","origin":[8.0243,1.86241,15.78927]},"faces":{"north":{"uv":[0,0,0.5,0.5],"texture":"#0"},"east":{"uv":[0,0,16,8],"texture":"#0"},"south":{"uv":[0,0,0.5,0.5],"texture":"#0"},"west":{"uv":[0,0,16,8],"texture":"#0"},"up":{"uv":[0,0,0.5,0.5],"texture":"#0"},"down":{"uv":[0,0,16,16],"texture":"#0"}}},{"from":[3.25,-1.48428,14.5],"to":[12.75,-0.26372,17.1],"rotation":{"angle":0,"axis":"x","origin":[8.0243,0.86241,15.78927]},"faces":{"north":{"uv":[0,0,0.5,0.5],"texture":"#0"},"east":{"uv":[0,0,2.6,1.22056],"texture":"#0"},"south":{"uv":[0,0,0.5,0.5],"texture":"#0"},"west":{"uv":[0,0,2.6,1.22056],"texture":"#0"},"up":{"uv":[0,0,0.5,0.5],"texture":"#0"},"down":{"uv":[0,0,16,4],"texture":"#0"}}},{"from":[3.24524,-1.0223,11.97929],"to":[12.74524,0.19826,14.82929],"rotation":{"angle":22.5,"axis":"x","origin":[8.02434,-0.42561,13.51375]},"faces":{"north":{"uv":[0,0,0.5,0.5],"texture":"#0"},"east":{"uv":[0,0,2.6,1.22056],"texture":"#0"},"south":{"uv":[0,0,0.5,0.5],"texture":"#0"},"west":{"uv":[0,0,2.6,1.22056],"texture":"#0"},"up":{"uv":[0,0,0.5,0.5],"texture":"#0"},"down":{"uv":[0,0,16,5],"texture":"#0"}}},{"from":[3.25018,-1.02643,16.7715],"to":[12.75018,0.19413,19.6215],"rotation":{"angle":-22.5,"axis":"x","origin":[8.02928,-0.42974,18.08704]},"faces":{"north":{"uv":[0.5,0,0,0.5],"texture":"#0"},"east":{"uv":[2.6,0,0,1.22056],"texture":"#0"},"south":{"uv":[0.5,0,0,0.5],"texture":"#0"},"west":{"uv":[2.6,0,0,1.22056],"texture":"#0"},"up":{"uv":[0,0.5,0.5,0],"texture":"#0"},"down":{"uv":[0,5,16,0],"texture":"#0"}}},{"from":[-0.92182,1.60502,14.4226],"to":[2.27818,3.20502,17.07356],"rotation":{"angle":0,"axis":"x","origin":[8.02889,-0.00647,15.73604]},"faces":{"north":{"uv":[13,0,3,7],"texture":"#4"},"east":{"uv":[13,0,3,7],"texture":"#4"},"south":{"uv":[13,0,3,7],"texture":"#4"},"west":{"uv":[13,0,3,7],"texture":"#4"},"up":{"uv":[3,14,13,2],"rotation":90,"texture":"#4"},"down":{"uv":[12.999,3,3,9.999],"texture":"#4"}}},{"from":[-0.92182,-3.19498,14.4226],"to":[2.27818,-1.59498,17.07356],"rotation":{"angle":0,"axis":"x","origin":[8.02889,-0.00647,15.73604]},"faces":{"north":{"uv":[13,0,3,7],"rotation":180,"texture":"#4"},"east":{"uv":[13,0,3,7],"rotation":180,"texture":"#4"},"south":{"uv":[13,0,3,7],"rotation":180,"texture":"#4"},"west":{"uv":[13,0,3,7],"rotation":180,"texture":"#4"},"up":{"uv":[12.999,3,3,9.999],"texture":"#4"},"down":{"uv":[3,14,13,2],"rotation":90,"texture":"#4"}}},{"from":[-0.92182,-1.32046,12.54808],"to":[2.27818,1.3305,14.14808],"rotation":{"angle":0,"axis":"x","origin":[8.02889,-0.00647,15.73604]},"faces":{"north":{"uv":[3,14,13,2],"rotation":270,"texture":"#4"},"east":{"uv":[3,7,13,0],"rotation":270,"texture":"#4"},"south":{"uv":[12.999,3,3,9.999],"texture":"#4"},"west":{"uv":[3,7,13,0],"rotation":90,"texture":"#4"},"up":{"uv":[13,0,3,7],"texture":"#4"},"down":{"uv":[13,0,3,7],"rotation":180,"texture":"#4"}}},{"from":[-0.92182,-1.32046,17.34808],"to":[2.27818,1.3305,18.94808],"rotation":{"angle":0,"axis":"x","origin":[8.02889,-0.00647,15.73604]},"faces":{"north":{"uv":[12.999,3,3,9.999],"rotation":180,"texture":"#4"},"east":{"uv":[3,7,13,0],"rotation":90,"texture":"#4"},"south":{"uv":[3,14,13,2],"rotation":90,"texture":"#4"},"west":{"uv":[3,7,13,0],"rotation":270,"texture":"#4"},"up":{"uv":[13,0,3,7],"rotation":180,"texture":"#4"},"down":{"uv":[13,0,3,7],"texture":"#4"}}},{"from":[-0.92262,1.59314,14.4272],"to":[2.27738,3.19314,17.07816],"rotation":{"angle":-45,"axis":"x","origin":[8.02889,-0.00647,15.73604]},"faces":{"north":{"uv":[13,0,3,7],"texture":"#4"},"east":{"uv":[13,0,3,7],"texture":"#4"},"south":{"uv":[13,0,3,7],"texture":"#4"},"west":{"uv":[13,0,3,7],"texture":"#4"},"up":{"uv":[3,14,13,2],"rotation":90,"texture":"#4"},"down":{"uv":[12.999,3,3,9.999],"texture":"#4"}}},{"from":[-0.92262,-3.20686,14.4272],"to":[2.27738,-1.60686,17.07816],"rotation":{"angle":-45,"axis":"x","origin":[8.02889,-0.00647,15.73604]},"faces":{"north":{"uv":[13,0,3,7],"rotation":180,"texture":"#4"},"east":{"uv":[13,0,3,7],"rotation":180,"texture":"#4"},"south":{"uv":[13,0,3,7],"rotation":180,"texture":"#4"},"west":{"uv":[13,0,3,7],"rotation":180,"texture":"#4"},"up":{"uv":[12.999,3,3,9.999],"texture":"#4"},"down":{"uv":[3,14,13,2],"rotation":90,"texture":"#4"}}},{"from":[-0.92262,-1.33234,12.55268],"to":[2.27738,1.31862,14.15268],"rotation":{"angle":-45,"axis":"x","origin":[8.02889,-0.00647,15.73604]},"faces":{"north":{"uv":[3,14,13,2],"rotation":270,"texture":"#4"},"east":{"uv":[3,7,13,0],"rotation":270,"texture":"#4"},"south":{"uv":[12.999,3,3,9.999],"texture":"#4"},"west":{"uv":[3,7,13,0],"rotation":90,"texture":"#4"},"up":{"uv":[13,0,3,7],"texture":"#4"},"down":{"uv":[13,0,3,7],"rotation":180,"texture":"#4"}}},{"from":[-0.92262,-1.33234,17.35268],"to":[2.27738,1.31862,18.95268],"rotation":{"angle":-45,"axis":"x","origin":[8.02889,-0.00647,15.73604]},"faces":{"north":{"uv":[12.999,3,3,9.999],"rotation":180,"texture":"#4"},"east":{"uv":[3,7,13,0],"rotation":90,"texture":"#4"},"south":{"uv":[3,14,13,2],"rotation":90,"texture":"#4"},"west":{"uv":[3,7,13,0],"rotation":270,"texture":"#4"},"up":{"uv":[13,0,3,7],"rotation":180,"texture":"#4"},"down":{"uv":[13,0,3,7],"texture":"#4"}}},{"from":[-0.32222,-1.59498,14.14808],"to":[2.07778,1.60502,17.34808],"rotation":{"angle":0,"axis":"y","origin":[8.02889,-0.00647,15.73604]},"faces":{"north":{"uv":[0.5,0,0,5.5],"texture":"#5"},"east":{"uv":[16,0,0,16],"texture":"#5"},"south":{"uv":[0.5,0,0,5.5],"texture":"#5"},"west":{"uv":[16,0,0,16],"texture":"#5"},"up":{"uv":[0.5,0,0,5.5],"texture":"#5"},"down":{"uv":[0.5,0,0,5.5],"texture":"#5"}}},{"from":[13.72182,1.60502,14.4226],"to":[16.92182,3.20502,17.07356],"rotation":{"angle":0,"axis":"x","origin":[8.02889,-0.00647,15.73604]},"faces":{"north":{"uv":[3,0,13,7],"texture":"#4"},"east":{"uv":[3,0,13,7],"texture":"#4"},"south":{"uv":[3,0,13,7],"texture":"#4"},"west":{"uv":[3,0,13,7],"texture":"#4"},"up":{"uv":[3,2,13,14],"rotation":90,"texture":"#4"},"down":{"uv":[3,3,12.999,9.999],"texture":"#4"}}},{"from":[13.72182,-3.19498,14.4226],"to":[16.92182,-1.59498,17.07356],"rotation":{"angle":0,"axis":"x","origin":[8.02889,-0.00647,15.73604]},"faces":{"north":{"uv":[3,0,13,7],"rotation":180,"texture":"#4"},"east":{"uv":[3,0,13,7],"rotation":180,"texture":"#4"},"south":{"uv":[3,0,13,7],"rotation":180,"texture":"#4"},"west":{"uv":[3,0,13,7],"rotation":180,"texture":"#4"},"up":{"uv":[3,3,12.999,9.999],"texture":"#4"},"down":{"uv":[3,2,13,14],"rotation":90,"texture":"#4"}}},{"from":[13.72182,-1.32046,12.54808],"to":[16.92182,1.3305,14.14808],"rotation":{"angle":0,"axis":"x","origin":[8.02889,-0.00647,15.73604]},"faces":{"north":{"uv":[3,2,13,14],"rotation":270,"texture":"#4"},"east":{"uv":[3,0,13,7],"rotation":90,"texture":"#4"},"south":{"uv":[3,3,12.999,9.999],"texture":"#4"},"west":{"uv":[3,0,13,7],"rotation":270,"texture":"#4"},"up":{"uv":[3,0,13,7],"texture":"#4"},"down":{"uv":[3,0,13,7],"rotation":180,"texture":"#4"}}},{"from":[13.72182,-1.32046,17.34808],"to":[16.92182,1.3305,18.94808],"rotation":{"angle":0,"axis":"x","origin":[8.02889,-0.00647,15.73604]},"faces":{"north":{"uv":[3,3,12.999,9.999],"rotation":180,"texture":"#4"},"east":{"uv":[3,0,13,7],"rotation":270,"texture":"#4"},"south":{"uv":[3,2,13,14],"rotation":90,"texture":"#4"},"west":{"uv":[3,0,13,7],"rotation":90,"texture":"#4"},"up":{"uv":[3,0,13,7],"rotation":180,"texture":"#4"},"down":{"uv":[3,0,13,7],"texture":"#4"}}},{"from":[13.72262,1.59314,14.4272],"to":[16.92262,3.19314,17.07816],"rotation":{"angle":-45,"axis":"x","origin":[8.02889,-0.00647,15.73604]},"faces":{"north":{"uv":[3,0,13,7],"texture":"#4"},"east":{"uv":[3,0,13,7],"texture":"#4"},"south":{"uv":[3,0,13,7],"texture":"#4"},"west":{"uv":[3,0,13,7],"texture":"#4"},"up":{"uv":[3,2,13,14],"rotation":90,"texture":"#4"},"down":{"uv":[3,3,12.999,9.999],"texture":"#4"}}},{"from":[13.72262,-3.20686,14.4272],"to":[16.92262,-1.60686,17.07816],"rotation":{"angle":-45,"axis":"x","origin":[8.02889,-0.00647,15.73604]},"faces":{"north":{"uv":[3,0,13,7],"rotation":180,"texture":"#4"},"east":{"uv":[3,0,13,7],"rotation":180,"texture":"#4"},"south":{"uv":[3,0,13,7],"rotation":180,"texture":"#4"},"west":{"uv":[3,0,13,7],"rotation":180,"texture":"#4"},"up":{"uv":[3,3,12.999,9.999],"texture":"#4"},"down":{"uv":[3,2,13,14],"rotation":90,"texture":"#4"}}},{"from":[13.72262,-1.33234,12.55268],"to":[16.92262,1.31862,14.15268],"rotation":{"angle":-45,"axis":"x","origin":[8.02889,-0.00647,15.73604]},"faces":{"north":{"uv":[3,2,13,14],"rotation":270,"texture":"#4"},"east":{"uv":[3,0,13,7],"rotation":90,"texture":"#4"},"south":{"uv":[3,3,12.999,9.999],"texture":"#4"},"west":{"uv":[3,0,13,7],"rotation":270,"texture":"#4"},"up":{"uv":[3,0,13,7],"texture":"#4"},"down":{"uv":[3,0,13,7],"rotation":180,"texture":"#4"}}},{"from":[13.72262,-1.33234,17.35268],"to":[16.92262,1.31862,18.95268],"rotation":{"angle":-45,"axis":"x","origin":[8.02889,-0.00647,15.73604]},"faces":{"north":{"uv":[3,3,12.999,9.999],"rotation":180,"texture":"#4"},"east":{"uv":[3,0,13,7],"rotation":270,"texture":"#4"},"south":{"uv":[3,2,13,14],"rotation":90,"texture":"#4"},"west":{"uv":[3,0,13,7],"rotation":90,"texture":"#4"},"up":{"uv":[3,0,13,7],"rotation":180,"texture":"#4"},"down":{"uv":[3,0,13,7],"texture":"#4"}}},{"from":[13.92222,-1.59498,14.14808],"to":[16.32222,1.60502,17.34808],"rotation":{"angle":0,"axis":"y","origin":[8.02889,-0.00647,15.73604]},"faces":{"north":{"uv":[0,0,0.5,5.5],"texture":"#5"},"east":{"uv":[0,0,16,16],"texture":"#5"},"south":{"uv":[0,0,0.5,5.5],"texture":"#5"},"west":{"uv":[0,0,16,16],"texture":"#5"},"up":{"uv":[0,0,0.5,5.5],"texture":"#5"},"down":{"uv":[0,0,0.5,5.5],"texture":"#5"}}},{"from":[2,-0.39531,15.34771],"to":[14,0.40469,16.14771],"rotation":{"angle":45,"axis":"x","origin":[8.02889,-0.00647,15.73604]},"faces":{"north":{"uv":[0,12,16,12.998],"texture":"#0"},"east":{"uv":[0,15,16,15.999],"texture":"#0"},"south":{"uv":[0,14,16,14.998],"texture":"#0"},"west":{"uv":[0,15,16,15.999],"texture":"#0"},"up":{"uv":[0,13,16,13.998],"texture":"#0"},"down":{"uv":[0,15,16,15.999],"texture":"#0"}}},{"from":[-0.5,-4.73428,0],"to":[16.5,1.73628,1.2],"rotation":{"angle":-45,"axis":"x","origin":[0.7,-0.749,-4.8]},"faces":{"north":{"uv":[0.5,0,0,0.5],"texture":"#1"},"east":{"uv":[0.5,0,0,0.5],"texture":"#1"},"south":{"uv":[0,8,16,14.47],"texture":"#0"},"west":{"uv":[0.5,0,0,0.5],"texture":"#1"},"up":{"uv":[0,0.5,0.5,0],"texture":"#1"},"down":{"uv":[0,0.5,0.5,0],"texture":"#1"}}},{"from":[-0.5,-5.23428,0.5],"to":[16.5,-4.73428,1.2],"rotation":{"angle":-45,"axis":"x","origin":[0.7,-0.749,-4.8]},"faces":{"north":{"uv":[0.5,0,0,0.5],"texture":"#1"},"east":{"uv":[0.5,0,0,0.5],"texture":"#1"},"south":{"uv":[0,13,16,13.499],"texture":"#0"},"west":{"uv":[0.5,0,0,0.5],"texture":"#1"},"up":{"uv":[0,0.5,0.5,0],"texture":"#1"},"down":{"uv":[0,0.5,0.5,0],"texture":"#1"}}},{"from":[-0.5,-5.48428,1],"to":[16.5,-5.23428,1.2],"rotation":{"angle":-45,"axis":"x","origin":[0.7,-0.749,-4.8]},"faces":{"north":{"uv":[0.5,0,0,0.5],"texture":"#1"},"east":{"uv":[0.5,0,0,0.5],"texture":"#1"},"south":{"uv":[0.5,0,0,0.5],"texture":"#1"},"west":{"uv":[0.5,0,0,0.5],"texture":"#1"},"up":{"uv":[0,0.5,0.5,0],"texture":"#1"},"down":{"uv":[0,0.5,0.5,0],"texture":"#1"}}},{"from":[-0.5,4.051,-8.28528],"to":[16.5,5.251,-2.31472],"rotation":{"angle":0,"axis":"x","origin":[0.7,-0.749,-5.3]},"faces":{"north":{"uv":[0.5,0,0,0.5],"texture":"#1"},"east":{"uv":[0.5,0,0,0.5],"texture":"#1"},"south":{"uv":[0.5,0,0,0.5],"texture":"#1"},"west":{"uv":[0.5,0,0,0.5],"texture":"#1"},"up":{"uv":[0,0.5,0.5,0],"texture":"#1"},"down":{"uv":[0,0.5,0.5,0],"texture":"#1"}}},{"from":[-0.92182,1.60502,-6.0774],"to":[2.27818,3.20502,-3.42644],"rotation":{"angle":0,"axis":"x","origin":[8.02889,-0.00647,-4.76396]},"faces":{"north":{"uv":[13,0,3,7],"texture":"#4"},"east":{"uv":[13,0,3,7],"texture":"#4"},"south":{"uv":[13,0,3,7],"texture":"#4"},"west":{"uv":[13,0,3,7],"texture":"#4"},"up":{"uv":[3,14,13,2],"rotation":90,"texture":"#4"},"down":{"uv":[12.999,3,3,9.999],"texture":"#4"}}},{"from":[-0.92182,-3.19498,-6.0774],"to":[2.27818,-1.59498,-3.42644],"rotation":{"angle":0,"axis":"x","origin":[8.02889,-0.00647,-4.76396]},"faces":{"north":{"uv":[13,0,3,7],"rotation":180,"texture":"#4"},"east":{"uv":[13,0,3,7],"rotation":180,"texture":"#4"},"south":{"uv":[13,0,3,7],"rotation":180,"texture":"#4"},"west":{"uv":[13,0,3,7],"rotation":180,"texture":"#4"},"up":{"uv":[12.999,3,3,9.999],"texture":"#4"},"down":{"uv":[3,14,13,2],"rotation":90,"texture":"#4"}}},{"from":[-0.92182,-1.32046,-7.95192],"to":[2.27818,1.3305,-6.35192],"rotation":{"angle":0,"axis":"x","origin":[8.02889,-0.00647,-4.76396]},"faces":{"north":{"uv":[3,14,13,2],"rotation":270,"texture":"#4"},"east":{"uv":[3,7,13,0],"rotation":270,"texture":"#4"},"south":{"uv":[12.999,3,3,9.999],"texture":"#4"},"west":{"uv":[3,7,13,0],"rotation":90,"texture":"#4"},"up":{"uv":[13,0,3,7],"texture":"#4"},"down":{"uv":[13,0,3,7],"rotation":180,"texture":"#4"}}},{"from":[-0.92182,-1.32046,-3.15192],"to":[2.27818,1.3305,-1.55192],"rotation":{"angle":0,"axis":"x","origin":[8.02889,-0.00647,-4.76396]},"faces":{"north":{"uv":[12.999,3,3,9.999],"rotation":180,"texture":"#4"},"east":{"uv":[3,7,13,0],"rotation":90,"texture":"#4"},"south":{"uv":[3,14,13,2],"rotation":90,"texture":"#4"},"west":{"uv":[3,7,13,0],"rotation":270,"texture":"#4"},"up":{"uv":[13,0,3,7],"rotation":180,"texture":"#4"},"down":{"uv":[13,0,3,7],"texture":"#4"}}},{"from":[-0.92262,1.59314,-6.0728],"to":[2.27738,3.19314,-3.42184],"rotation":{"angle":-45,"axis":"x","origin":[8.02889,-0.00647,-4.76396]},"faces":{"north":{"uv":[13,0,3,7],"texture":"#4"},"east":{"uv":[13,0,3,7],"texture":"#4"},"south":{"uv":[13,0,3,7],"texture":"#4"},"west":{"uv":[13,0,3,7],"texture":"#4"},"up":{"uv":[3,14,13,2],"rotation":90,"texture":"#4"},"down":{"uv":[12.999,3,3,9.999],"texture":"#4"}}},{"from":[-0.92262,-3.20686,-6.0728],"to":[2.27738,-1.60686,-3.42184],"rotation":{"angle":-45,"axis":"x","origin":[8.02889,-0.00647,-4.76396]},"faces":{"north":{"uv":[13,0,3,7],"rotation":180,"texture":"#4"},"east":{"uv":[13,0,3,7],"rotation":180,"texture":"#4"},"south":{"uv":[13,0,3,7],"rotation":180,"texture":"#4"},"west":{"uv":[13,0,3,7],"rotation":180,"texture":"#4"},"up":{"uv":[12.999,3,3,9.999],"texture":"#4"},"down":{"uv":[3,14,13,2],"rotation":90,"texture":"#4"}}},{"from":[-0.92262,-1.33234,-7.94732],"to":[2.27738,1.31862,-6.34732],"rotation":{"angle":-45,"axis":"x","origin":[8.02889,-0.00647,-4.76396]},"faces":{"north":{"uv":[3,14,13,2],"rotation":270,"texture":"#4"},"east":{"uv":[3,7,13,0],"rotation":270,"texture":"#4"},"south":{"uv":[12.999,3,3,9.999],"texture":"#4"},"west":{"uv":[3,7,13,0],"rotation":90,"texture":"#4"},"up":{"uv":[13,0,3,7],"texture":"#4"},"down":{"uv":[13,0,3,7],"rotation":180,"texture":"#4"}}},{"from":[-0.92262,-1.33234,-3.14732],"to":[2.27738,1.31862,-1.54732],"rotation":{"angle":-45,"axis":"x","origin":[8.02889,-0.00647,-4.76396]},"faces":{"north":{"uv":[12.999,3,3,9.999],"rotation":180,"texture":"#4"},"east":{"uv":[3,7,13,0],"rotation":90,"texture":"#4"},"south":{"uv":[3,14,13,2],"rotation":90,"texture":"#4"},"west":{"uv":[3,7,13,0],"rotation":270,"texture":"#4"},"up":{"uv":[13,0,3,7],"rotation":180,"texture":"#4"},"down":{"uv":[13,0,3,7],"texture":"#4"}}},{"from":[-0.32222,-1.59498,-6.35192],"to":[2.07778,1.60502,-3.15192],"rotation":{"angle":0,"axis":"y","origin":[8.02889,-0.00647,-4.76396]},"faces":{"north":{"uv":[0.5,0,0,5.5],"texture":"#5"},"east":{"uv":[16,0,0,16],"texture":"#5"},"south":{"uv":[0.5,0,0,5.5],"texture":"#5"},"west":{"uv":[16,0,0,16],"texture":"#5"},"up":{"uv":[0.5,0,0,5.5],"texture":"#5"},"down":{"uv":[0.5,0,0,5.5],"texture":"#5"}}},{"from":[13.72182,1.60502,-6.0774],"to":[16.92182,3.20502,-3.42644],"rotation":{"angle":0,"axis":"x","origin":[8.02889,-0.00647,-4.76396]},"faces":{"north":{"uv":[3,0,13,7],"texture":"#4"},"east":{"uv":[3,0,13,7],"texture":"#4"},"south":{"uv":[3,0,13,7],"texture":"#4"},"west":{"uv":[3,0,13,7],"texture":"#4"},"up":{"uv":[3,2,13,14],"rotation":90,"texture":"#4"},"down":{"uv":[3,3,12.999,9.999],"texture":"#4"}}},{"from":[13.72182,-3.19498,-6.0774],"to":[16.92182,-1.59498,-3.42644],"rotation":{"angle":0,"axis":"x","origin":[8.02889,-0.00647,-4.76396]},"faces":{"north":{"uv":[3,0,13,7],"rotation":180,"texture":"#4"},"east":{"uv":[3,0,13,7],"rotation":180,"texture":"#4"},"south":{"uv":[3,0,13,7],"rotation":180,"texture":"#4"},"west":{"uv":[3,0,13,7],"rotation":180,"texture":"#4"},"up":{"uv":[3,3,12.999,9.999],"texture":"#4"},"down":{"uv":[3,2,13,14],"rotation":90,"texture":"#4"}}},{"from":[13.72182,-1.32046,-7.95192],"to":[16.92182,1.3305,-6.35192],"rotation":{"angle":0,"axis":"x","origin":[8.02889,-0.00647,-4.76396]},"faces":{"north":{"uv":[3,2,13,14],"rotation":270,"texture":"#4"},"east":{"uv":[3,0,13,7],"rotation":90,"texture":"#4"},"south":{"uv":[3,3,12.999,9.999],"texture":"#4"},"west":{"uv":[3,0,13,7],"rotation":270,"texture":"#4"},"up":{"uv":[3,0,13,7],"texture":"#4"},"down":{"uv":[3,0,13,7],"rotation":180,"texture":"#4"}}},{"from":[13.72182,-1.32046,-3.15192],"to":[16.92182,1.3305,-1.55192],"rotation":{"angle":0,"axis":"x","origin":[8.02889,-0.00647,-4.76396]},"faces":{"north":{"uv":[3,3,12.999,9.999],"rotation":180,"texture":"#4"},"east":{"uv":[3,0,13,7],"rotation":270,"texture":"#4"},"south":{"uv":[3,2,13,14],"rotation":90,"texture":"#4"},"west":{"uv":[3,0,13,7],"rotation":90,"texture":"#4"},"up":{"uv":[3,0,13,7],"rotation":180,"texture":"#4"},"down":{"uv":[3,0,13,7],"texture":"#4"}}},{"from":[13.72262,1.59314,-6.0728],"to":[16.92262,3.19314,-3.42184],"rotation":{"angle":-45,"axis":"x","origin":[8.02889,-0.00647,-4.76396]},"faces":{"north":{"uv":[3,0,13,7],"texture":"#4"},"east":{"uv":[3,0,13,7],"texture":"#4"},"south":{"uv":[3,0,13,7],"texture":"#4"},"west":{"uv":[3,0,13,7],"texture":"#4"},"up":{"uv":[3,2,13,14],"rotation":90,"texture":"#4"},"down":{"uv":[3,3,12.999,9.999],"texture":"#4"}}},{"from":[13.72262,-3.20686,-6.0728],"to":[16.92262,-1.60686,-3.42184],"rotation":{"angle":-45,"axis":"x","origin":[8.02889,-0.00647,-4.76396]},"faces":{"north":{"uv":[3,0,13,7],"rotation":180,"texture":"#4"},"east":{"uv":[3,0,13,7],"rotation":180,"texture":"#4"},"south":{"uv":[3,0,13,7],"rotation":180,"texture":"#4"},"west":{"uv":[3,0,13,7],"rotation":180,"texture":"#4"},"up":{"uv":[3,3,12.999,9.999],"texture":"#4"},"down":{"uv":[3,2,13,14],"rotation":90,"texture":"#4"}}},{"from":[13.72262,-1.33234,-7.94732],"to":[16.92262,1.31862,-6.34732],"rotation":{"angle":-45,"axis":"x","origin":[8.02889,-0.00647,-4.76396]},"faces":{"north":{"uv":[3,2,13,14],"rotation":270,"texture":"#4"},"east":{"uv":[3,0,13,7],"rotation":90,"texture":"#4"},"south":{"uv":[3,3,12.999,9.999],"texture":"#4"},"west":{"uv":[3,0,13,7],"rotation":270,"texture":"#4"},"up":{"uv":[3,0,13,7],"texture":"#4"},"down":{"uv":[3,0,13,7],"rotation":180,"texture":"#4"}}},{"from":[13.72262,-1.33234,-3.14732],"to":[16.92262,1.31862,-1.54732],"rotation":{"angle":-45,"axis":"x","origin":[8.02889,-0.00647,-4.76396]},"faces":{"north":{"uv":[3,3,12.999,9.999],"rotation":180,"texture":"#4"},"east":{"uv":[3,0,13,7],"rotation":270,"texture":"#4"},"south":{"uv":[3,2,13,14],"rotation":90,"texture":"#4"},"west":{"uv":[3,0,13,7],"rotation":90,"texture":"#4"},"up":{"uv":[3,0,13,7],"rotation":180,"texture":"#4"},"down":{"uv":[3,0,13,7],"texture":"#4"}}},{"from":[13.92222,-1.59498,-6.35192],"to":[16.32222,1.60502,-3.15192],"rotation":{"angle":0,"axis":"y","origin":[8.02889,-0.00647,-4.76396]},"faces":{"north":{"uv":[0,0,0.5,5.5],"texture":"#5"},"east":{"uv":[0,0,16,16],"texture":"#5"},"south":{"uv":[0,0,0.5,5.5],"texture":"#5"},"west":{"uv":[0,0,16,16],"texture":"#5"},"up":{"uv":[0,0,0.5,5.5],"texture":"#5"},"down":{"uv":[0,0,0.5,5.5],"texture":"#5"}}},{"from":[2,-0.39531,-5.15229],"to":[14,0.40469,-4.35229],"rotation":{"angle":45,"axis":"x","origin":[8.02889,-0.00647,-4.76396]},"faces":{"north":{"uv":[0,12,16,12.998],"texture":"#0"},"east":{"uv":[0,15,16,15.999],"texture":"#0"},"south":{"uv":[0,14,16,14.998],"texture":"#0"},"west":{"uv":[0,15,16,15.999],"texture":"#0"},"up":{"uv":[0,13,16,13.998],"texture":"#0"},"down":{"uv":[0,15,16,15.999],"texture":"#0"}}},{"from":[0,4.75,15.5],"to":[16,5.75,21.5],"rotation":{"angle":0,"axis":"y","origin":[8,12.75,23]},"faces":{"north":{"uv":[0,0,16,1],"texture":"#2"},"east":{"uv":[6,0,12,1],"texture":"#2"},"south":{"uv":[0,0,16,1],"texture":"#2"},"west":{"uv":[6,0,12,1],"texture":"#2"},"up":{"uv":[0,6,16,12],"texture":"#2"},"down":{"uv":[0,6,16,12],"texture":"#2"}}},{"from":[1.65,9.52164,14.999],"to":[6.35,12.52164,15.999],"rotation":{"angle":0,"axis":"y","origin":[3.1,11.02164,15.499]},"faces":{"north":{"uv":[9.4,0,14.1,3],"texture":"#2"},"east":{"uv":[0,1.5,3,2.5],"rotation":270,"texture":"#2"},"south":{"uv":[9.4,0,14.1,3],"rotation":180,"texture":"#2"},"west":{"uv":[0,1.5,3,2.5],"rotation":90,"texture":"#2"},"up":{"uv":[4.7,0.5,9.4,1.5],"texture":"#2"},"down":{"uv":[4.7,0.5,9.4,1.5],"rotation":180,"texture":"#2"}}},{"from":[4.53494,6.57435,14.998],"to":[7.53494,9.57435,15.998],"rotation":{"angle":22.5,"axis":"z","origin":[-0.46506,8.07435,15.502]},"faces":{"north":{"uv":[9,0,12,3],"texture":"#2"},"east":{"uv":[0,2.5,3,3.5],"rotation":90,"texture":"#2"},"south":{"uv":[9,0,12,3],"rotation":180,"texture":"#2"},"west":{"uv":[0,2.5,3,3.5],"rotation":270,"texture":"#2"},"up":{"uv":[6,0.5,9,1.5],"texture":"#2"},"down":{"uv":[6,0.5,9,1.5],"rotation":180,"texture":"#2"}}},{"from":[0.46506,6.57435,14.998],"to":[3.46506,9.57435,15.998],"rotation":{"angle":-22.5,"axis":"z","origin":[8.46506,8.07435,15.5]},"faces":{"north":{"uv":[6,0,9,3],"texture":"#2"},"east":{"uv":[0,1.5,3,2.5],"rotation":270,"texture":"#2"},"south":{"uv":[6,0,9,3],"rotation":180,"texture":"#2"},"west":{"uv":[0,1.5,3,2.5],"rotation":90,"texture":"#2"},"up":{"uv":[3,0.5,6,1.5],"texture":"#2"},"down":{"uv":[3,0.5,6,1.5],"rotation":180,"texture":"#2"}}},{"from":[0.5,6.75,15],"to":[7.5,9.75,16],"rotation":{"angle":0,"axis":"x","origin":[8,9.75,15]},"faces":{"north":{"uv":[9,0,16,3],"texture":"#2"},"east":{"uv":[0,1.5,3,2.5],"rotation":270,"texture":"#2"},"south":{"uv":[9,0,16,3],"rotation":180,"texture":"#2"},"west":{"uv":[0,1.5,3,2.5],"rotation":90,"texture":"#2"},"up":{"uv":[7,0.5,14,1.5],"texture":"#2"},"down":{"uv":[7,0.5,14,1.5],"rotation":180,"texture":"#2"}}},{"from":[9.65,9.52164,14.999],"to":[14.35,12.52164,15.999],"rotation":{"angle":0,"axis":"y","origin":[12.9,11.02164,15.499]},"faces":{"north":{"uv":[4.7,0,9.4,3],"texture":"#2"},"east":{"uv":[0,0.5,3,1.5],"rotation":90,"texture":"#2"},"south":{"uv":[4.7,0,9.4,3],"rotation":180,"texture":"#2"},"west":{"uv":[0,0.5,3,1.5],"rotation":270,"texture":"#2"},"up":{"uv":[0,0.5,4.7,1.5],"texture":"#2"},"down":{"uv":[0,0.5,4.7,1.5],"rotation":180,"texture":"#2"}}},{"from":[8.46506,6.57435,14.998],"to":[11.46506,9.57435,15.998],"rotation":{"angle":-22.5,"axis":"z","origin":[16.46506,8.07435,15.502]},"faces":{"north":{"uv":[6,0,9,3],"texture":"#2"},"east":{"uv":[0,1.5,3,2.5],"rotation":270,"texture":"#2"},"south":{"uv":[6,0,9,3],"rotation":180,"texture":"#2"},"west":{"uv":[0,1.5,3,2.5],"rotation":90,"texture":"#2"},"up":{"uv":[3,0.5,6,1.5],"texture":"#2"},"down":{"uv":[3,0.5,6,1.5],"rotation":180,"texture":"#2"}}},{"from":[12.53494,6.57435,14.998],"to":[15.53494,9.57435,15.998],"rotation":{"angle":22.5,"axis":"z","origin":[7.53494,8.07435,15.5]},"faces":{"north":{"uv":[3,0,6,3],"texture":"#2"},"east":{"uv":[0,0.5,3,1.5],"rotation":90,"texture":"#2"},"south":{"uv":[3,0,6,3],"rotation":180,"texture":"#2"},"west":{"uv":[0,0.5,3,1.5],"rotation":270,"texture":"#2"},"up":{"uv":[0,0.5,3,1.5],"texture":"#2"},"down":{"uv":[0,0.5,3,1.5],"rotation":180,"texture":"#2"}}},{"from":[8.5,6.75,15],"to":[15.5,9.75,16],"rotation":{"angle":0,"axis":"x","origin":[8,9.75,15]},"faces":{"north":{"uv":[7,0,14,3],"texture":"#2"},"east":{"uv":[0,0.5,3,1.5],"rotation":90,"texture":"#2"},"south":{"uv":[7,0,14,3],"rotation":180,"texture":"#2"},"west":{"uv":[0,0.5,3,1.5],"rotation":270,"texture":"#2"},"up":{"uv":[0,0.5,7,1.5],"texture":"#2"},"down":{"uv":[0,0.5,7,1.5],"rotation":180,"texture":"#2"}}},{"from":[0,4.75,8],"to":[16,5.75,14],"rotation":{"angle":0,"axis":"y","origin":[8,12.75,6.5]},"faces":{"north":{"uv":[0,0,16,1],"texture":"#2"},"east":{"uv":[0,0,6,1],"texture":"#2"},"south":{"uv":[0,0,16,1],"texture":"#2"},"west":{"uv":[0,0,6,1],"texture":"#2"},"up":{"uv":[0,0,16,6],"texture":"#2"},"down":{"uv":[0,0,16,6],"texture":"#2"}}},{"from":[1.65,9.52164,13.501],"to":[6.35,12.52164,14.501],"rotation":{"angle":0,"axis":"y","origin":[3.1,11.02164,14.001]},"faces":{"north":{"uv":[4.7,0,9.4,3],"rotation":180,"texture":"#2"},"east":{"uv":[0,1,3,2],"rotation":270,"texture":"#2"},"south":{"uv":[4.7,0,9.4,3],"texture":"#2"},"west":{"uv":[0,1,3,2],"rotation":90,"texture":"#2"},"up":{"uv":[4.7,0,9.4,1],"texture":"#2"},"down":{"uv":[4.7,0,9.4,1],"rotation":180,"texture":"#2"}}},{"from":[4.53494,6.57435,13.502],"to":[7.53494,9.57435,14.502],"rotation":{"angle":22.5,"axis":"z","origin":[-0.46506,8.07435,13.998]},"faces":{"north":{"uv":[6,0,9,3],"rotation":180,"texture":"#2"},"east":{"uv":[0,2,3,3],"rotation":90,"texture":"#2"},"south":{"uv":[6,0,9,3],"texture":"#2"},"west":{"uv":[0,2,3,3],"rotation":270,"texture":"#2"},"up":{"uv":[6,0,9,1],"texture":"#2"},"down":{"uv":[6,0,9,1],"rotation":180,"texture":"#2"}}},{"from":[0.46506,6.57435,13.502],"to":[3.46506,9.57435,14.502],"rotation":{"angle":-22.5,"axis":"z","origin":[8.46506,8.07435,14]},"faces":{"north":{"uv":[3,0,6,3],"rotation":180,"texture":"#2"},"east":{"uv":[0,1,3,2],"rotation":270,"texture":"#2"},"south":{"uv":[3,0,6,3],"texture":"#2"},"west":{"uv":[0,1,3,2],"rotation":90,"texture":"#2"},"up":{"uv":[3,0,6,1],"texture":"#2"},"down":{"uv":[3,0,6,1],"rotation":180,"texture":"#2"}}},{"from":[0.5,6.75,13.5],"to":[7.5,9.75,14.5],"rotation":{"angle":0,"axis":"x","origin":[8,9.75,14.5]},"faces":{"north":{"uv":[7,0,14,3],"rotation":180,"texture":"#2"},"east":{"uv":[0,1,3,2],"rotation":270,"texture":"#2"},"south":{"uv":[7,0,14,3],"texture":"#2"},"west":{"uv":[0,1,3,2],"rotation":90,"texture":"#2"},"up":{"uv":[7,0,14,1],"texture":"#2"},"down":{"uv":[7,0,14,1],"rotation":180,"texture":"#2"}}},{"from":[9.65,9.52164,13.501],"to":[14.35,12.52164,14.501],"rotation":{"angle":0,"axis":"y","origin":[12.9,11.02164,14.001]},"faces":{"north":{"uv":[0,0,4.7,3],"rotation":180,"texture":"#2"},"east":{"uv":[0,0,3,1],"rotation":90,"texture":"#2"},"south":{"uv":[0,0,4.7,3],"texture":"#2"},"west":{"uv":[0,0,3,1],"rotation":270,"texture":"#2"},"up":{"uv":[0,0,4.7,1],"texture":"#2"},"down":{"uv":[0,0,4.7,1],"rotation":180,"texture":"#2"}}},{"from":[8.46506,6.57435,13.502],"to":[11.46506,9.57435,14.502],"rotation":{"angle":-22.5,"axis":"z","origin":[16.46506,8.07435,13.998]},"faces":{"north":{"uv":[3,0,6,3],"rotation":180,"texture":"#2"},"east":{"uv":[0,1,3,2],"rotation":270,"texture":"#2"},"south":{"uv":[3,0,6,3],"texture":"#2"},"west":{"uv":[0,1,3,2],"rotation":90,"texture":"#2"},"up":{"uv":[3,0,6,1],"texture":"#2"},"down":{"uv":[3,0,6,1],"rotation":180,"texture":"#2"}}},{"from":[12.53494,6.57435,13.502],"to":[15.53494,9.57435,14.502],"rotation":{"angle":22.5,"axis":"z","origin":[7.53494,8.07435,14]},"faces":{"north":{"uv":[0,0,3,3],"rotation":180,"texture":"#2"},"east":{"uv":[0,0,3,1],"rotation":90,"texture":"#2"},"south":{"uv":[0,0,3,3],"texture":"#2"},"west":{"uv":[0,0,3,1],"rotation":270,"texture":"#2"},"up":{"uv":[0,0,3,1],"texture":"#2"},"down":{"uv":[0,0,3,1],"rotation":180,"texture":"#2"}}},{"from":[8.5,6.75,13.5],"to":[15.5,9.75,14.5],"rotation":{"angle":0,"axis":"x","origin":[8,9.75,14.5]},"faces":{"north":{"uv":[0,0,7,3],"rotation":180,"texture":"#2"},"east":{"uv":[0,0,3,1],"rotation":90,"texture":"#2"},"south":{"uv":[0,0,7,3],"texture":"#2"},"west":{"uv":[0,0,3,1],"rotation":270,"texture":"#2"},"up":{"uv":[0,0,7,1],"texture":"#2"},"down":{"uv":[0,0,7,1],"rotation":180,"texture":"#2"}}},{"from":[-0.25,5.25,14.5],"to":[0.25,16.25,15],"rotation":{"angle":0,"axis":"y","origin":[7.75,13.25,22.5]},"faces":{"north":{"uv":[0,0,0.5,11],"texture":"#3"},"east":{"uv":[0,0,0.5,11],"texture":"#3"},"south":{"uv":[0,0,0.5,11],"texture":"#3"},"west":{"uv":[0,0,0.5,11],"texture":"#3"},"up":{"uv":[0,0,0.5,0.5],"texture":"#3"},"down":{"uv":[0,0,0.5,0.5],"texture":"#3"}}},{"from":[7.75,5.25,14.5],"to":[8.25,8.25,15],"rotation":{"angle":0,"axis":"y","origin":[15.75,13.25,22.5]},"faces":{"north":{"uv":[0,0,0.5,11],"texture":"#3"},"east":{"uv":[0,0,0.5,11],"texture":"#3"},"south":{"uv":[0,0,0.5,11],"texture":"#3"},"west":{"uv":[0,0,0.5,11],"texture":"#3"},"up":{"uv":[0,0,0.5,0.5],"texture":"#3"},"down":{"uv":[0,0,0.5,0.5],"texture":"#3"}}},{"from":[15.75,5.25,14.5],"to":[16.25,16.25,15],"rotation":{"angle":0,"axis":"y","origin":[8.25,13.25,22.5]},"faces":{"north":{"uv":[0.5,0,1,11],"texture":"#3"},"east":{"uv":[0.5,0,1,11],"texture":"#3"},"south":{"uv":[0.5,0,1,11],"texture":"#3"},"west":{"uv":[0.5,0,1,11],"texture":"#3"},"up":{"uv":[0.5,0,1,0.5],"texture":"#3"},"down":{"uv":[0.5,0,1,0.5],"texture":"#3"}}},{"from":[0.25,8.25,14.5],"to":[15.75,8.75,15],"rotation":{"angle":0,"axis":"y","origin":[7.75,13.25,22.5]},"faces":{"north":{"uv":[0,0,15.5,0.5],"texture":"#3"},"east":{"uv":[0,0,0.5,0.5],"texture":"#3"},"south":{"uv":[0,0,15.5,0.5],"texture":"#3"},"west":{"uv":[0,0,0.5,0.5],"texture":"#3"},"up":{"uv":[0,0,15.5,0.5],"texture":"#3"},"down":{"uv":[0,0,15.5,0.5],"texture":"#3"}}},{"from":[-0.25,15.63388,15.48744],"to":[0.25,18.63388,15.98744],"rotation":{"angle":45,"axis":"x","origin":[0,17.13388,15.73744]},"faces":{"north":{"uv":[0,0,0.5,3],"texture":"#3"},"east":{"uv":[0,0,0.5,3],"texture":"#3"},"south":{"uv":[0,0,0.5,3],"texture":"#3"},"west":{"uv":[0,0,0.5,3],"texture":"#3"},"up":{"uv":[0,0,0.5,0.5],"texture":"#3"},"down":{"uv":[0,0,0.5,0.5],"texture":"#3"}}},{"from":[15.75,15.63388,15.48744],"to":[16.25,18.63388,15.98744],"rotation":{"angle":45,"axis":"x","origin":[16,17.13388,15.73744]},"faces":{"north":{"uv":[0.5,0,1,3],"texture":"#3"},"east":{"uv":[0.5,0,1,3],"texture":"#3"},"south":{"uv":[0.5,0,1,3],"texture":"#3"},"west":{"uv":[0.5,0,1,3],"texture":"#3"},"up":{"uv":[0.5,0,1,0.5],"texture":"#3"},"down":{"uv":[0.5,0,1,0.5],"texture":"#3"}}},{"from":[15.75,17.87132,16.62132],"to":[16.25,18.37132,19.62132],"rotation":{"angle":0,"axis":"x","origin":[16,18.12132,18.12132]},"faces":{"north":{"uv":[0.5,0,1,0.5],"rotation":180,"texture":"#3"},"east":{"uv":[0,3,0.5,6],"rotation":90,"texture":"#3"},"south":{"uv":[0.5,0,1,0.5],"texture":"#3"},"west":{"uv":[0,3,0.5,6],"rotation":270,"texture":"#3"},"up":{"uv":[0.5,0,1,3],"rotation":180,"texture":"#3"},"down":{"uv":[0.5,0,1,3],"texture":"#3"}}},{"from":[-0.25,17.87132,16.62132],"to":[0.25,18.37132,19.62132],"rotation":{"angle":0,"axis":"x","origin":[0,18.12132,18.12132]},"faces":{"north":{"uv":[0,0,0.5,0.5],"rotation":180,"texture":"#3"},"east":{"uv":[0,0,0.5,3],"rotation":270,"texture":"#3"},"south":{"uv":[0,0,0.5,0.5],"texture":"#3"},"west":{"uv":[0,0,0.5,3],"rotation":90,"texture":"#3"},"up":{"uv":[0,0,0.5,3],"rotation":180,"texture":"#3"},"down":{"uv":[0,0,0.5,3],"texture":"#3"}}},{"from":[-0.25,3.25,-3.75],"to":[0.25,7.75,-3.25],"rotation":{"angle":-22.5,"axis":"x","origin":[8,9.25,-3.5]},"faces":{"north":{"uv":[0,0,0.5,4.5],"texture":"#3"},"east":{"uv":[0,0,0.5,4.5],"texture":"#3"},"south":{"uv":[0,0,0.5,4.5],"texture":"#3"},"west":{"uv":[0,0,0.5,4.5],"texture":"#3"},"up":{"uv":[0,0,0.5,0.5],"texture":"#3"},"down":{"uv":[0,0,0.5,0.5],"texture":"#3"}}},{"from":[-0.25,7.76851,-3.15694],"to":[0.25,9.26851,-2.65694],"rotation":{"angle":0,"axis":"x","origin":[8,8.26851,-2.90694]},"faces":{"north":{"uv":[0,0,0.5,1.5],"texture":"#3"},"east":{"uv":[0,0,0.5,1.5],"texture":"#3"},"south":{"uv":[0,0,0.5,1.5],"texture":"#3"},"west":{"uv":[0,0,0.5,1.5],"texture":"#3"},"up":{"uv":[0,0,0.5,0.5],"texture":"#3"},"down":{"uv":[0,0,0.5,0.5],"texture":"#3"}}},{"from":[-0.25,9.00157,-2.31494],"to":[0.25,19.00157,-1.81494],"rotation":{"angle":22.5,"axis":"x","origin":[8,11.25157,-2.06494]},"faces":{"north":{"uv":[0,0,0.5,10],"texture":"#3"},"east":{"uv":[0,0,0.5,10],"texture":"#3"},"south":{"uv":[0,0,0.5,10],"texture":"#3"},"west":{"uv":[0,0,0.5,10],"texture":"#3"},"up":{"uv":[0,0,0.5,0.5],"texture":"#3"},"down":{"uv":[0,0,0.5,0.5],"texture":"#3"}}},{"from":[15.75,3.25,-3.75],"to":[16.25,7.75,-3.25],"rotation":{"angle":-22.5,"axis":"x","origin":[8,9.25,-3.5]},"faces":{"north":{"uv":[0.5,0,1,4.5],"texture":"#3"},"east":{"uv":[0.5,0,1,4.5],"texture":"#3"},"south":{"uv":[0.5,0,1,4.5],"texture":"#3"},"west":{"uv":[0.5,0,1,4.5],"texture":"#3"},"up":{"uv":[0.5,0,1,0.5],"texture":"#3"},"down":{"uv":[0.5,0,1,0.5],"texture":"#3"}}},{"from":[15.75,7.76851,-3.15694],"to":[16.25,9.26851,-2.65694],"rotation":{"angle":0,"axis":"x","origin":[8,8.26851,-2.90694]},"faces":{"north":{"uv":[0.5,0,1,1.5],"texture":"#3"},"east":{"uv":[0.5,0,1,1.5],"texture":"#3"},"south":{"uv":[0.5,0,1,1.5],"texture":"#3"},"west":{"uv":[0.5,0,1,1.5],"texture":"#3"},"up":{"uv":[0.5,0,1,0.5],"texture":"#3"},"down":{"uv":[0.5,0,1,0.5],"texture":"#3"}}},{"from":[0.25,8.76851,-3.15694],"to":[15.75,9.26851,-2.65694],"rotation":{"angle":0,"axis":"x","origin":[8,8.26851,-2.90694]},"faces":{"north":{"uv":[0,0,15.5,0.5],"texture":"#3"},"east":{"uv":[0.5,0,1,0.5],"texture":"#3"},"south":{"uv":[0,0,15.5,0.5],"texture":"#3"},"west":{"uv":[0.5,0,1,0.5],"texture":"#3"},"up":{"uv":[0,0,15.5,0.5],"texture":"#3"},"down":{"uv":[0,0,15.5,0.5],"texture":"#3"}}},{"from":[15.75,9.00157,-2.31494],"to":[16.25,19.00157,-1.81494],"rotation":{"angle":22.5,"axis":"x","origin":[8,11.25157,-2.06494]},"faces":{"north":{"uv":[0.5,0,1,10],"texture":"#3"},"east":{"uv":[0.5,0,1,10],"texture":"#3"},"south":{"uv":[0.5,0,1,10],"texture":"#3"},"west":{"uv":[0.5,0,1,10],"texture":"#3"},"up":{"uv":[0.5,0,1,0.5],"texture":"#3"},"down":{"uv":[0.5,0,1,0.5],"texture":"#3"}}},{"from":[0,2.99113,-9.21522],"to":[16,5.13326,-7.96522],"rotation":{"angle":45,"axis":"x","origin":[0.5,3.0622,-4.21522]},"faces":{"north":{"uv":[0,0,0.5,0.5],"texture":"#1"},"east":{"uv":[0,0,0.5,0.5],"texture":"#1"},"south":{"uv":[0,0,0.5,0.5],"texture":"#1"},"west":{"uv":[0,0,0.5,0.5],"texture":"#1"},"up":{"uv":[0,0,0.5,0.5],"texture":"#1"},"down":{"uv":[0,0,0.5,0.5],"texture":"#1"}}},{"from":[0,4.15534,-7.80101],"to":[16,6.54748,-6.05101],"rotation":{"angle":0,"axis":"x","origin":[0.5,4.47641,-2.80101]},"faces":{"north":{"uv":[0,0,0.5,0.5],"texture":"#1"},"east":{"uv":[0,0,0.5,0.5],"texture":"#1"},"south":{"uv":[0,0,0.5,0.5],"texture":"#1"},"west":{"uv":[0,0,0.5,0.5],"texture":"#1"},"up":{"uv":[0,0,0.5,0.5],"texture":"#1"},"down":{"uv":[0,0,0.5,0.5],"texture":"#1"}}},{"from":[0,4.5622,-6.28629],"to":[16,8.0622,-0.64415],"rotation":{"angle":0,"axis":"x","origin":[0.5,3.0622,-4.21522]},"faces":{"north":{"uv":[0,0,0.5,0.5],"texture":"#1"},"east":{"uv":[0,0,0.5,0.5],"texture":"#1"},"south":{"uv":[0,0,16,3.5],"texture":"#0"},"west":{"uv":[0,0,0.5,0.5],"texture":"#1"},"up":{"uv":[0,0,0.5,0.5],"texture":"#1"},"down":{"uv":[0,0,0.5,0.5],"texture":"#1"}}},{"from":[0,2.73334,-1.03376],"to":[16,5.48334,0.21624],"rotation":{"angle":-22.5,"axis":"x","origin":[8,2.96862,0.81624]},"faces":{"north":{"uv":[0.5,0,0,0.5],"texture":"#1"},"east":{"uv":[0.5,0,0,0.5],"texture":"#1"},"south":{"uv":[0,4,16,6.749],"texture":"#0"},"west":{"uv":[0.5,0,0,0.5],"texture":"#1"},"up":{"uv":[0,0.5,0.5,0],"texture":"#1"},"down":{"uv":[0,0.5,0.5,0],"texture":"#1"}}},{"from":[0,-0.26666,0.21624],"to":[0.5,8.23334,1.41624],"rotation":{"angle":-22.5,"axis":"x","origin":[8,2.96862,0.81624]},"faces":{"north":{"uv":[0.5,0,0,0.5],"texture":"#1"},"east":{"uv":[0.5,0,0,0.5],"texture":"#1"},"south":{"uv":[0.5,0,0,0.5],"texture":"#1"},"west":{"uv":[0.5,0,0,0.5],"texture":"#1"},"up":{"uv":[0,0.5,0.5,0],"texture":"#1"},"down":{"uv":[0,0.5,0.5,0],"texture":"#1"}}},{"from":[15.5,-0.26666,0.21624],"to":[16,8.23334,1.41624],"rotation":{"angle":-22.5,"axis":"x","origin":[8,2.96862,0.81624]},"faces":{"north":{"uv":[0.5,0,0,0.5],"texture":"#1"},"east":{"uv":[0.5,0,0,0.5],"texture":"#1"},"south":{"uv":[0.5,0,0,0.5],"texture":"#1"},"west":{"uv":[0.5,0,0,0.5],"texture":"#1"},"up":{"uv":[0,0.5,0.5,0],"texture":"#1"},"down":{"uv":[0,0.5,0.5,0],"texture":"#1"}}},{"from":[0,7.73334,0.21624],"to":[16,8.23334,1.41624],"rotation":{"angle":-22.5,"axis":"x","origin":[8,2.96862,0.81624]},"faces":{"north":{"uv":[0.5,0,0,0.5],"texture":"#1"},"east":{"uv":[0.5,0,0,0.5],"texture":"#1"},"south":{"uv":[0.5,0,0,0.5],"texture":"#1"},"west":{"uv":[0.5,0,0,0.5],"texture":"#1"},"up":{"uv":[0,0.5,0.5,0],"texture":"#1"},"down":{"uv":[0,0.5,0.5,0],"texture":"#1"}}},{"from":[-0.5,-0.25,1.5],"to":[16.5,0.25,11],"rotation":{"angle":0,"axis":"y","origin":[8,7.75,8]},"faces":{"north":{"uv":[0,0,16,0.5],"texture":"#1"},"east":{"uv":[0,0,9.5,0.5],"texture":"#1"},"south":{"uv":[0,0,16,0.5],"texture":"#1"},"west":{"uv":[0,0,9.5,0.5],"texture":"#1"},"up":{"uv":[0,0,16,9.5],"texture":"#1"},"down":{"uv":[0,0,16,9.5],"texture":"#1"}}},{"from":[0,0,2.5],"to":[16,0.5,10],"faces":{"north":{"uv":[0,0,16,0.5],"texture":"#0"},"east":{"uv":[0,0,12.5,0.5],"texture":"#0"},"south":{"uv":[0,0,16,0.5],"texture":"#0"},"west":{"uv":[0,0,12.5,0.5],"texture":"#0"},"up":{"uv":[0,0,16,9],"texture":"#0"},"down":{"uv":[0,0,16,12.5],"texture":"#0"}}},{"from":[-0.5,0.25,8.5],"to":[16.5,5.25,11],"rotation":{"angle":0,"axis":"y","origin":[8,8.25,8]},"faces":{"north":{"uv":[0,0,16,5],"texture":"#1"},"east":{"uv":[0,0,6.5,5],"texture":"#1"},"south":{"uv":[0,0,16,5],"texture":"#1"},"west":{"uv":[0,0,6.5,5],"texture":"#1"},"up":{"uv":[0,0,16,6.5],"texture":"#1"},"down":{"uv":[0,0,16,6.5],"texture":"#1"}}},{"from":[4.51,-0.11632,-2.86932],"to":[11.49,3.38368,0.38068],"rotation":{"angle":-22.5,"axis":"x","origin":[8.01,1.88368,-0.86932]},"faces":{"north":{"uv":[0,0,10,10],"texture":"#0"},"east":{"uv":[0,0,10,10],"texture":"#0"},"south":{"uv":[0,0,10,10],"texture":"#0"},"west":{"uv":[0,0,10,10],"texture":"#0"},"up":{"uv":[0,0,10,10],"texture":"#0"},"down":{"uv":[0,0,10,10],"texture":"#0"}}},{"from":[4.5,-1.749,-6.3],"to":[11.5,4.251,-1.8],"rotation":{"angle":0,"axis":"x","origin":[8,-0.749,-4.8]},"faces":{"north":{"uv":[0,0,15.999,13.999],"texture":"#0"},"east":{"uv":[0,0,11,14],"texture":"#0"},"south":{"uv":[0,0,15.999,13.999],"texture":"#0"},"west":{"uv":[0,0,11,14],"texture":"#0"},"up":{"uv":[0,15,16,15.499],"texture":"#0"},"down":{"uv":[0,0,15.999,10.499],"texture":"#0"}}},{"from":[4.505,-1.11632,-3.11932],"to":[11.495,-0.11632,1.38068],"rotation":{"angle":-22.5,"axis":"x","origin":[8.005,1.88368,-0.86932]},"faces":{"north":{"uv":[0,5,11,6.999],"texture":"#0"},"east":{"uv":[0,5,11,6.999],"texture":"#0"},"south":{"uv":[0,5,11,6.999],"texture":"#0"},"west":{"uv":[0,5,11,6.999],"texture":"#0"},"up":{"uv":[0,5,11,6.999],"texture":"#0"},"down":{"uv":[0,5,15.999,15.498],"texture":"#0"}}},{"from":[4.75,1.5,1.5],"to":[5.25,1.75,2.5],"rotation":{"angle":-22.5,"axis":"x","origin":[5.25,0.75,2.5]},"faces":{"north":{"uv":[0,0,0.5,0.25],"texture":"#3"},"east":{"uv":[0,0,1,0.25],"texture":"#3"},"south":{"uv":[0,0,0.5,0.25],"texture":"#3"},"west":{"uv":[0,0,1,0.25],"texture":"#3"},"up":{"uv":[0,0,0.5,1],"texture":"#3"},"down":{"uv":[0,0,0.5,1],"texture":"#3"}}},{"from":[2.5,0.5,2.5],"to":[3.5,2.25,2.75],"rotation":{"angle":-22.5,"axis":"x","origin":[3.25,0.75,2.5]},"faces":{"north":{"uv":[0,0,1,1.75],"texture":"#3"},"east":{"uv":[0,0,0.25,1.75],"texture":"#3"},"south":{"uv":[0,0,1,1.75],"texture":"#3"},"west":{"uv":[0,0,0.25,1.75],"texture":"#3"},"up":{"uv":[0,0,1,0.25],"texture":"#3"},"down":{"uv":[0,0,1,0.25],"texture":"#3"}}},{"from":[2.75,1.5,1.5],"to":[3.25,1.75,2.5],"rotation":{"angle":-22.5,"axis":"x","origin":[3.25,0.75,2.5]},"faces":{"north":{"uv":[0,0,0.5,0.25],"texture":"#3"},"east":{"uv":[0,0,1,0.25],"texture":"#3"},"south":{"uv":[0,0,0.5,0.25],"texture":"#3"},"west":{"uv":[0,0,1,0.25],"texture":"#3"},"up":{"uv":[0,0,0.5,1],"texture":"#3"},"down":{"uv":[0,0,0.5,1],"texture":"#3"}}},{"from":[4.5,0.5,2.5],"to":[5.5,2.25,2.75],"rotation":{"angle":-22.5,"axis":"x","origin":[5.25,0.75,2.5]},"faces":{"north":{"uv":[0,0,1,1.75],"texture":"#3"},"east":{"uv":[0,0,0.25,1.75],"texture":"#3"},"south":{"uv":[0,0,1,1.75],"texture":"#3"},"west":{"uv":[0,0,0.25,1.75],"texture":"#3"},"up":{"uv":[0,0,1,0.25],"texture":"#3"},"down":{"uv":[0,0,1,0.25],"texture":"#3"}}},{"from":[3.5,7,-3.75],"to":[4.5,8,2.25],"rotation":{"angle":0,"axis":"x","origin":[4.00058,7.49942,0.83333]},"faces":{"north":{"uv":[0,0,1,1],"texture":"#3"},"east":{"uv":[0,0,6,1],"texture":"#3"},"south":{"uv":[0,0,1,1],"texture":"#3"},"west":{"uv":[0,0,6,1],"texture":"#3"},"up":{"uv":[0,0,1,6],"texture":"#3"},"down":{"uv":[0,0,1,6],"texture":"#3"}}},{"from":[3.25,6.75,2.25],"to":[4.75,8.25,2.75],"rotation":{"angle":-45,"axis":"z","origin":[4.00058,7.49942,0.83333]},"faces":{"north":{"uv":[0,0,2,2],"texture":"#3"},"east":{"uv":[0,0,0.5,2],"texture":"#3"},"south":{"uv":[0,0,2,2],"texture":"#3"},"west":{"uv":[0,0,0.5,2],"texture":"#3"},"up":{"uv":[0,0,2,0.5],"texture":"#3"},"down":{"uv":[0,0,2,0.5],"texture":"#3"}}},{"from":[3.875,5.5,2.375],"to":[4.125,9.5,2.625],"rotation":{"angle":0,"axis":"x","origin":[4.00058,7.49942,0.83333]},"faces":{"north":{"uv":[0,0,0.25,4],"texture":"#3"},"east":{"uv":[0,0,0.25,4],"texture":"#3"},"south":{"uv":[0,0,0.25,4],"texture":"#3"},"west":{"uv":[0,0,0.25,4],"texture":"#3"},"up":{"uv":[0,0,0.25,0.25],"texture":"#3"},"down":{"uv":[0,0,0.25,0.25],"texture":"#3"}}},{"from":[2,7.375,2.375],"to":[6,7.625,2.625],"rotation":{"angle":0,"axis":"x","origin":[4.00058,7.49942,0.83333]},"faces":{"north":{"uv":[0,0,0.25,4],"rotation":270,"texture":"#3"},"east":{"uv":[0,0,0.25,0.25],"rotation":90,"texture":"#3"},"south":{"uv":[0,0,0.25,4],"rotation":90,"texture":"#3"},"west":{"uv":[0,0,0.25,0.25],"rotation":90,"texture":"#3"},"up":{"uv":[0,0,0.25,4],"rotation":90,"texture":"#3"},"down":{"uv":[0,0,0.25,4],"rotation":90,"texture":"#3"}}},{"from":[2.96447,5,2.25],"to":[5.03553,5.5,2.75],"rotation":{"angle":45,"axis":"z","origin":[4,7.5,2.75]},"faces":{"north":{"uv":[0,0,0.25,0.25],"texture":"#3"},"east":{"uv":[0,0,0.25,0.25],"texture":"#3"},"south":{"uv":[0,0,0.25,0.25],"texture":"#3"},"west":{"uv":[0,0,0.25,0.25],"texture":"#3"},"up":{"uv":[0,0,0.25,0.25],"texture":"#3"},"down":{"uv":[0,0,0.25,0.25],"texture":"#3"}}},{"from":[2.96447,5,2.25],"to":[5.03553,5.5,2.75],"rotation":{"angle":0,"axis":"z","origin":[4,7.5,2.75]},"faces":{"north":{"uv":[0,0,0.25,0.25],"texture":"#3"},"east":{"uv":[0,0,0.25,0.25],"texture":"#3"},"south":{"uv":[0,0,0.25,0.25],"texture":"#3"},"west":{"uv":[0,0,0.25,0.25],"texture":"#3"},"up":{"uv":[0,0,0.25,0.25],"texture":"#3"},"down":{"uv":[0,0,0.25,0.25],"texture":"#3"}}},{"from":[2.96447,9.5,2.25],"to":[5.03553,10,2.75],"rotation":{"angle":45,"axis":"z","origin":[4,7.5,2.75]},"faces":{"north":{"uv":[0,0,0.25,0.25],"texture":"#3"},"east":{"uv":[0,0,0.25,0.25],"texture":"#3"},"south":{"uv":[0,0,0.25,0.25],"texture":"#3"},"west":{"uv":[0,0,0.25,0.25],"texture":"#3"},"up":{"uv":[0,0,0.25,0.25],"texture":"#3"},"down":{"uv":[0,0,0.25,0.25],"texture":"#3"}}},{"from":[2.96447,9.5,2.25],"to":[5.03553,10,2.75],"rotation":{"angle":0,"axis":"z","origin":[4,7.5,2.75]},"faces":{"north":{"uv":[0,0,0.25,0.25],"texture":"#3"},"east":{"uv":[0,0,0.25,0.25],"texture":"#3"},"south":{"uv":[0,0,0.25,0.25],"texture":"#3"},"west":{"uv":[0,0,0.25,0.25],"texture":"#3"},"up":{"uv":[0,0,0.25,0.25],"texture":"#3"},"down":{"uv":[0,0,0.25,0.25],"texture":"#3"}}},{"from":[1.5,6.46447,2.25],"to":[2,8.53553,2.75],"rotation":{"angle":45,"axis":"z","origin":[4,7.5,2.75]},"faces":{"north":{"uv":[0,0,0.25,0.25],"texture":"#3"},"east":{"uv":[0,0,0.25,0.25],"texture":"#3"},"south":{"uv":[0,0,0.25,0.25],"texture":"#3"},"west":{"uv":[0,0,0.25,0.25],"texture":"#3"},"up":{"uv":[0,0,0.25,0.25],"texture":"#3"},"down":{"uv":[0,0,0.25,0.25],"texture":"#3"}}},{"from":[1.5,6.46447,2.25],"to":[2,8.53553,2.75],"rotation":{"angle":0,"axis":"z","origin":[4,7.5,2.75]},"faces":{"north":{"uv":[0,0,0.25,0.25],"texture":"#3"},"east":{"uv":[0,0,0.25,0.25],"texture":"#3"},"south":{"uv":[0,0,0.25,0.25],"texture":"#3"},"west":{"uv":[0,0,0.25,0.25],"texture":"#3"},"up":{"uv":[0,0,0.25,0.25],"texture":"#3"},"down":{"uv":[0,0,0.25,0.25],"texture":"#3"}}},{"from":[6,6.46447,2.25],"to":[6.5,8.53553,2.75],"rotation":{"angle":45,"axis":"z","origin":[4,7.5,2.75]},"faces":{"north":{"uv":[0,0,0.25,0.25],"texture":"#3"},"east":{"uv":[0,0,0.25,0.25],"texture":"#3"},"south":{"uv":[0,0,0.25,0.25],"texture":"#3"},"west":{"uv":[0,0,0.25,0.25],"texture":"#3"},"up":{"uv":[0,0,0.25,0.25],"texture":"#3"},"down":{"uv":[0,0,0.25,0.25],"texture":"#3"}}},{"from":[6,6.46447,2.25],"to":[6.5,8.53553,2.75],"rotation":{"angle":0,"axis":"z","origin":[4,7.5,2.75]},"faces":{"north":{"uv":[0,0,0.25,0.25],"texture":"#3"},"east":{"uv":[0,0,0.25,0.25],"texture":"#3"},"south":{"uv":[0,0,0.25,0.25],"texture":"#3"},"west":{"uv":[0,0,0.25,0.25],"texture":"#3"},"up":{"uv":[0,0,0.25,0.25],"texture":"#3"},"down":{"uv":[0,0,0.25,0.25],"texture":"#3"}}},{"from":[11,9.00157,-2.0649],"to":[15.75,14.00157,-1.8149],"rotation":{"angle":22.5,"axis":"x","origin":[8.5,11.25157,-1.93994]},"faces":{"north":{"uv":[0,0,15,16],"texture":"#6"},"south":{"uv":[1,0,16,16],"texture":"#6"},"up":{"uv":[0,0,15,1],"texture":"#6"}}},{"from":[8,9.00157,-2.0649],"to":[11,14.00157,-1.8149],"rotation":{"angle":22.5,"axis":"x","origin":[3.75,11.25157,-1.93994]},"faces":{"north":{"uv":[6,0,14.999,16],"texture":"#6"},"south":{"uv":[6,0,14.999,16],"texture":"#6"},"up":{"uv":[6,0,15,1],"texture":"#6"}}},{"from":[5,9.00157,-2.0649],"to":[8,14.00157,-1.8149],"rotation":{"angle":22.5,"axis":"x","origin":[0.75,11.25157,-1.93994]},"faces":{"north":{"uv":[6,0,14.999,16],"texture":"#6"},"south":{"uv":[6,0,14.999,16],"texture":"#6"},"up":{"uv":[6,0,15,1],"texture":"#6"}}},{"from":[0.25,9.00157,-2.0649],"to":[5,14.00157,-1.8149],"rotation":{"angle":22.5,"axis":"x","origin":[7.5,11.25157,-1.93994]},"faces":{"north":{"uv":[0,0,15,16],"rotation":180,"texture":"#6"},"south":{"uv":[1,0,16,16],"rotation":180,"texture":"#6"},"up":{"uv":[0,0,15,1],"texture":"#6"}}}],"display":{"thirdperson_righthand":{"rotation":[0,22.5,0],"translation":[0,0,-3.25],"scale":[0.3,0.3,0.3]},"thirdperson_lefthand":{"rotation":[0,22.5,0],"translation":[0,0,-3.25],"scale":[0.3,0.3,0.3]},"firstperson_righthand":{"rotation":[9,21,2],"translation":[0,5,0],"scale":[0.4,0.4,0.35]},"firstperson_lefthand":{"rotation":[9,21,2],"translation":[0,5,0],"scale":[0.4,0.4,0.35]},"gui":{"rotation":[30,-135,0],"scale":[0.4,0.4,0.4]},"head":{"translation":[12,6.25,-8.25],"scale":[3,3,3]}},"groups":[{"name":"dach","origin":[8,8,8],"color":0,"children":[{"name":"octagon","origin":[8,8,8],"color":0,"children":[0,1,2,3,4,5,6,7,8,9,10,11,{"name":"group","origin":[8,20.87536,10.92194],"color":0,"children":[]},{"name":"group","origin":[8,20.87536,10.92194],"color":0,"children":[]},12,13,14,15,16,17,18]}]},{"name":"back wheels","origin":[8,8,8],"color":0,"children":[{"name":"octagon","origin":[8,8,8],"color":0,"children":[19,20,21,22,23,24,25,26]},27,28,29,30,{"name":"group","origin":[8,8,8],"color":0,"children":[{"name":"wheel","origin":[8,8,8],"color":0,"children":[31,32,33,34,35,36,37,38,39]},{"name":"wheel","origin":[8,8,8],"color":0,"children":[40,41,42,43,44,45,46,47,48,49]}]}]},{"name":"front wheels","origin":[8,8,8],"color":0,"children":[{"name":"octagon","origin":[8,8,8],"color":0,"children":[50,51,52,53]},{"name":"group","origin":[8,8,8],"color":0,"children":[{"name":"wheel","origin":[8,8,8],"color":0,"children":[54,55,56,57,58,59,60,61,62]},{"name":"wheel","origin":[8,8,8],"color":0,"children":[63,64,65,66,67,68,69,70,71,72]}]}]},{"name":"Sitze","origin":[8,8,8],"color":0,"children":[{"name":"sitze","origin":[8,8,8],"color":0,"children":[73,{"name":"Rückenlehnen","origin":[8,8,8],"color":0,"children":[{"name":"group","origin":[8.03494,8.07435,15.5],"color":0,"children":[74,75,76,77]},{"name":"group","origin":[8.03494,8.07435,15.5],"color":0,"children":[78,79,80,81]}]}]},{"name":"sitze","origin":[8,8,8],"color":0,"children":[82,{"name":"Rückenlehnen","origin":[8,8,8],"color":0,"children":[{"name":"group","origin":[8.03494,8.07435,15.5],"color":0,"children":[83,84,85,86]},{"name":"group","origin":[8.03494,8.07435,15.5],"color":0,"children":[87,88,89,90]}]}]}]},{"name":"black bars","origin":[8,11.25157,-2.06494],"color":0,"children":[91,92,93,94,95,96,97,98,99,100,101,102,103,104,105]},{"name":"Karosserie","origin":[8,8,8],"color":0,"children":[{"name":"octagon","origin":[8,8,8],"color":0,"children":[106,107,108]},109,110,111,112,113,114,115]},{"name":"engine","origin":[8.005,1.88368,-0.86932],"color":0,"children":[116,117,118]},{"name":"Pedale","origin":[5.25,0.75,2.5],"color":0,"children":[119,120,121,122]},{"name":"Steeringwheel","origin":[8.5,5,8],"color":0,"children":[123,124,125,126,{"name":"octagon","origin":[8,8,8],"color":0,"children":[127,128,129,130,131,132,133,134]}]},{"name":"glass","origin":[7.5,11.25157,-2.06494],"color":0,"children":[135,136,137,138]}],"credit":"Model by Craftventure"}