{"textures":{"cauldron_inner":"block/cauldron_inner","spruce_planks":"block/spruce_planks"},"elements":[{"from":[-3.5,0,2],"to":[19,1,4],"faces":{"north":{"uv":[0,15,16,16],"texture":"#cauldron_inner"},"east":{"uv":[12,15,14,16],"texture":"#cauldron_inner"},"south":{"uv":[0,15,16,16],"texture":"#cauldron_inner"},"west":{"uv":[2,15,4,16],"texture":"#cauldron_inner"},"up":{"uv":[0,2,16,4],"texture":"#cauldron_inner"},"down":{"uv":[16,4,0,2],"texture":"#cauldron_inner"}}},{"from":[18.5625,-0.0625,2],"to":[21.0625,0.9375,4],"rotation":{"angle":22.5,"axis":"z","origin":[18.5625,0.9375,2]},"faces":{"north":{"uv":[0,15,1,16],"texture":"#cauldron_inner"},"east":{"uv":[12,15,14,16],"texture":"#cauldron_inner"},"south":{"uv":[15,15,16,16],"texture":"#cauldron_inner"},"west":{"uv":[2,15,4,16],"texture":"#cauldron_inner"},"up":{"uv":[15,2,16,4],"texture":"#cauldron_inner"},"down":{"uv":[0,4,1,2],"texture":"#cauldron_inner"}}},{"from":[-3.5,0,12],"to":[19,1,14],"faces":{"north":{"uv":[0,15,16,16],"texture":"#cauldron_inner"},"east":{"uv":[2,15,4,16],"texture":"#cauldron_inner"},"south":{"uv":[0,15,16,16],"texture":"#cauldron_inner"},"west":{"uv":[12,15,14,16],"texture":"#cauldron_inner"},"up":{"uv":[0,12,16,14],"texture":"#cauldron_inner"},"down":{"uv":[16,14,0,12],"texture":"#cauldron_inner"}}},{"from":[18.625,-0.0625,12],"to":[21.125,0.9375,14],"rotation":{"angle":22.5,"axis":"z","origin":[18.625,0.9375,12]},"faces":{"north":{"uv":[0,15,1,16],"texture":"#cauldron_inner"},"east":{"uv":[12,15,14,16],"texture":"#cauldron_inner"},"south":{"uv":[15,15,16,16],"texture":"#cauldron_inner"},"west":{"uv":[2,15,4,16],"texture":"#cauldron_inner"},"up":{"uv":[15,2,16,4],"texture":"#cauldron_inner"},"down":{"uv":[0,4,1,2],"texture":"#cauldron_inner"}}},{"from":[22.875,2.625,2],"to":[23.875,5.125,4],"rotation":{"angle":-22.5,"axis":"z","origin":[22.875,5.125,2]},"faces":{"north":{"uv":[0,15,1,16],"texture":"#cauldron_inner"},"east":{"uv":[12,15,14,16],"texture":"#cauldron_inner"},"south":{"uv":[15,15,16,16],"texture":"#cauldron_inner"},"west":{"uv":[2,15,4,16],"texture":"#cauldron_inner"},"up":{"uv":[15,2,16,4],"texture":"#cauldron_inner"},"down":{"uv":[0,4,1,2],"texture":"#cauldron_inner"}}},{"from":[20.4375,0.5,12],"to":[22.9375,1.5,14],"rotation":{"angle":45,"axis":"z","origin":[20.4375,1.5,12]},"faces":{"north":{"uv":[0,15,1,16],"texture":"#cauldron_inner"},"east":{"uv":[12,15,14,16],"texture":"#cauldron_inner"},"south":{"uv":[15,15,16,16],"texture":"#cauldron_inner"},"west":{"uv":[2,15,4,16],"texture":"#cauldron_inner"},"up":{"uv":[15,2,16,4],"texture":"#cauldron_inner"},"down":{"uv":[0,4,1,2],"texture":"#cauldron_inner"}}},{"from":[20.5,0.5,2],"to":[23,1.5,4],"rotation":{"angle":45,"axis":"z","origin":[20.5,1.5,2]},"faces":{"north":{"uv":[0,15,1,16],"texture":"#cauldron_inner"},"east":{"uv":[12,15,14,16],"texture":"#cauldron_inner"},"south":{"uv":[15,15,16,16],"texture":"#cauldron_inner"},"west":{"uv":[2,15,4,16],"texture":"#cauldron_inner"},"up":{"uv":[15,2,16,4],"texture":"#cauldron_inner"},"down":{"uv":[0,4,1,2],"texture":"#cauldron_inner"}}},{"from":[23,2.6875,12],"to":[24,5.1875,14],"rotation":{"angle":-22.5,"axis":"z","origin":[23,5.1875,12]},"faces":{"north":{"uv":[-1,15,0,16],"texture":"#cauldron_inner"},"east":{"uv":[12,15,14,16],"texture":"#cauldron_inner"},"south":{"uv":[15,15,16,16],"texture":"#cauldron_inner"},"west":{"uv":[2,15,4,16],"texture":"#cauldron_inner"},"up":{"uv":[15,2,16,4],"texture":"#cauldron_inner"},"down":{"uv":[0,4,1,2],"texture":"#cauldron_inner"}}},{"from":[3,1,2.5],"to":[4,4,3.5],"faces":{"north":{"uv":[12,12,13,15],"texture":"#cauldron_inner"},"east":{"uv":[12.5,12,13.5,15],"texture":"#cauldron_inner"},"south":{"uv":[3,12,4,15],"texture":"#cauldron_inner"},"west":{"uv":[2.5,12,3.5,15],"texture":"#cauldron_inner"},"up":{"uv":[3,2.5,4,3.5],"texture":"#cauldron_inner"},"down":{"uv":[13,3.5,12,2.5],"texture":"#cauldron_inner"}}},{"from":[12,1,2.5],"to":[13,4,3.5],"faces":{"north":{"uv":[3,12,4,15],"texture":"#cauldron_inner"},"east":{"uv":[12.5,12,13.5,15],"texture":"#cauldron_inner"},"south":{"uv":[12,12,13,15],"texture":"#cauldron_inner"},"west":{"uv":[2.5,12,3.5,15],"texture":"#cauldron_inner"},"up":{"uv":[12,2.5,13,3.5],"texture":"#cauldron_inner"},"down":{"uv":[4,3.5,3,2.5],"texture":"#cauldron_inner"}}},{"from":[12,1,12.5],"to":[13,4,13.5],"faces":{"north":{"uv":[3,12,4,15],"texture":"#cauldron_inner"},"east":{"uv":[2.5,12,3.5,15],"texture":"#cauldron_inner"},"south":{"uv":[12,12,13,15],"texture":"#cauldron_inner"},"west":{"uv":[12.5,12,13.5,15],"texture":"#cauldron_inner"},"up":{"uv":[12,12.5,13,13.5],"texture":"#cauldron_inner"},"down":{"uv":[4,13.5,3,12.5],"texture":"#cauldron_inner"}}},{"from":[3,1,12.5],"to":[4,4,13.5],"faces":{"north":{"uv":[12,12,13,15],"texture":"#cauldron_inner"},"east":{"uv":[2.5,12,3.5,15],"texture":"#cauldron_inner"},"south":{"uv":[3,12,4,15],"texture":"#cauldron_inner"},"west":{"uv":[12.5,12,13.5,15],"texture":"#cauldron_inner"},"up":{"uv":[3,12.5,4,13.5],"texture":"#cauldron_inner"},"down":{"uv":[13,13.5,12,12.5],"texture":"#cauldron_inner"}}},{"from":[-1.5,3.9375,2.3125],"to":[17,4.75,3.8125],"faces":{"north":{"uv":[0,11.25,16,12.0625],"texture":"#spruce_planks"},"east":{"uv":[12.3125,11.25,13.8125,12.0625],"texture":"#spruce_planks"},"south":{"uv":[0,11.25,16,12.0625],"texture":"#spruce_planks"},"west":{"uv":[2.1875,11.25,3.6875,12.0625],"texture":"#spruce_planks"},"up":{"uv":[0,2.1875,16,3.6875],"texture":"#spruce_planks"},"down":{"uv":[16,3.6875,0,2.1875],"texture":"#spruce_planks"}}},{"from":[3,3,3.5],"to":[4,4,12.5],"faces":{"north":{"uv":[12,12,13,13],"texture":"#cauldron_inner"},"east":{"uv":[3.5,12,12.5,13],"texture":"#cauldron_inner"},"south":{"uv":[3,12,4,13],"texture":"#cauldron_inner"},"west":{"uv":[3.5,12,12.5,13],"texture":"#cauldron_inner"},"up":{"uv":[3,3.5,4,12.5],"texture":"#cauldron_inner"},"down":{"uv":[13,12.5,12,3.5],"texture":"#cauldron_inner"}}},{"from":[12,3,3.5],"to":[13,4,12.5],"faces":{"north":{"uv":[3,12,4,13],"texture":"#cauldron_inner"},"east":{"uv":[3.5,12,12.5,13],"texture":"#cauldron_inner"},"south":{"uv":[12,12,13,13],"texture":"#cauldron_inner"},"west":{"uv":[3.5,12,12.5,13],"texture":"#cauldron_inner"},"up":{"uv":[12,3.5,13,12.5],"texture":"#cauldron_inner"},"down":{"uv":[4,12.5,3,3.5],"texture":"#cauldron_inner"}}},{"from":[-1.6875,3.9375,3.9375],"to":[16.8125,4.75,5.4375],"faces":{"north":{"uv":[0,7.5,16,8.3125],"texture":"#spruce_planks"},"east":{"uv":[9,7,10.5,7.8125],"texture":"#spruce_planks"},"south":{"uv":[0,4.5,16,5.3125],"texture":"#spruce_planks"},"west":{"uv":[6.5,7,8,7.8125],"texture":"#spruce_planks"},"up":{"uv":[0,4,16,5.5],"texture":"#spruce_planks"},"down":{"uv":[16,6,0,4.5],"texture":"#spruce_planks"}}},{"from":[-0.75,3.9375,5.5],"to":[17.75,4.75,7],"faces":{"north":{"uv":[0,11.25,16,12.0625],"texture":"#spruce_planks"},"east":{"uv":[12.3125,11.25,13.8125,12.0625],"texture":"#spruce_planks"},"south":{"uv":[0,11.25,16,12.0625],"texture":"#spruce_planks"},"west":{"uv":[2.1875,11.25,3.6875,12.0625],"texture":"#spruce_planks"},"up":{"uv":[0,2.1875,16,3.6875],"texture":"#spruce_planks"},"down":{"uv":[16,3.6875,0,2.1875],"texture":"#spruce_planks"}}},{"from":[-1.125,3.9375,7.125],"to":[17.375,4.75,8.625],"faces":{"north":{"uv":[0,9.5,16,10.3125],"texture":"#spruce_planks"},"east":{"uv":[9,13,10.5,13.8125],"texture":"#spruce_planks"},"south":{"uv":[0,9,16,9.8125],"texture":"#spruce_planks"},"west":{"uv":[4,9,5.5,9.8125],"texture":"#spruce_planks"},"up":{"uv":[0,3.5,16,5],"texture":"#spruce_planks"},"down":{"uv":[16,5.5,0,4],"texture":"#spruce_planks"}}},{"from":[-1.25,3.9375,10.375],"to":[17.75,4.75,11.875],"faces":{"north":{"uv":[0,1.5,16,2.3125],"texture":"#spruce_planks"},"east":{"uv":[9,9.5,10.5,10.3125],"texture":"#spruce_planks"},"south":{"uv":[0,5,16,5.8125],"texture":"#spruce_planks"},"west":{"uv":[3,13,4.5,13.8125],"texture":"#spruce_planks"},"up":{"uv":[0,8,16,9.5],"texture":"#spruce_planks"},"down":{"uv":[16,10.5,0,9],"texture":"#spruce_planks"}}},{"from":[-1.6875,3.9375,8.75],"to":[16.8125,4.75,10.25],"faces":{"north":{"uv":[0,11.25,16,12.0625],"texture":"#spruce_planks"},"east":{"uv":[12.3125,11.25,13.8125,12.0625],"texture":"#spruce_planks"},"south":{"uv":[0,11.25,16,12.0625],"texture":"#spruce_planks"},"west":{"uv":[2.1875,11.25,3.6875,12.0625],"texture":"#spruce_planks"},"up":{"uv":[0,2.1875,16,3.6875],"texture":"#spruce_planks"},"down":{"uv":[16,3.6875,0,2.1875],"texture":"#spruce_planks"}}},{"from":[-1,3.9375,12.125],"to":[17.5,4.75,13.625],"faces":{"north":{"uv":[0,11.25,16,12.0625],"texture":"#spruce_planks"},"east":{"uv":[12.3125,11.25,13.8125,12.0625],"texture":"#spruce_planks"},"south":{"uv":[0,11.25,16,12.0625],"texture":"#spruce_planks"},"west":{"uv":[2.1875,11.25,3.6875,12.0625],"texture":"#spruce_planks"},"up":{"uv":[0,2.1875,16,3.6875],"texture":"#spruce_planks"},"down":{"uv":[16,3.6875,0,2.1875],"texture":"#spruce_planks"}}}],"display":{"gui":{"rotation":[30,-45,0],"translation":[-0.43,1.9,0],"scale":[0.5,0.5,0.5]},"head":{"rotation":[0,90,0],"translation":[0,4.54,0],"scale":[1.6,1.6,1.6]}},"credit":"Model by Craftventure"}