{"parent":"minecraft:block/cross","ambientocclusion":false,"textures":{"2":"block/bee_nest_top","3":"block/quartz_pillar","4":"block/dark_oak_planks","5":"block/coal_block","7":"block/stripped_dark_oak_log","9":"block/dark_oak_door_bottom","10":"block/dark_oak_trapdoor","11":"block/comparator","12":"block/stripped_oak_log","13":"item/painting","particle":"block/bee_nest_top"},"elements":[{"name":"blok voor","from":[-15,-11,0],"to":[-11,-6,9],"rotation":{"angle":0,"axis":"y","origin":[-7,-3,8]},"faces":{"north":{"uv":[5,3,9,8],"texture":"#4"},"east":{"uv":[3,7,12,12],"texture":"#4"},"south":{"uv":[6,3,10,8],"texture":"#4"},"west":{"uv":[3,3,12,8],"texture":"#4"},"up":{"uv":[1,15,2,16],"texture":"#9"},"down":{"uv":[1,15,2,16],"texture":"#9"}}},{"name":"blok voor","from":[-15,7,0],"to":[-11,12,9],"rotation":{"angle":0,"axis":"y","origin":[-7,15,8]},"faces":{"north":{"uv":[6,4,10,9],"texture":"#7"},"east":{"uv":[1,0,10,5],"texture":"#7"},"south":{"uv":[0,0,4,5],"texture":"#missing"},"west":{"uv":[4,3,13,8],"texture":"#7"},"up":{"uv":[6,3,10,12],"texture":"#7"},"down":{"uv":[7,4,11,13],"texture":"#7"}}},{"name":"blok voor","from":[27,-11,0],"to":[31,-6,9],"rotation":{"angle":0,"axis":"y","origin":[35,-3,8]},"faces":{"north":{"uv":[5,3,9,8],"texture":"#4"},"east":{"uv":[3,7,12,12],"texture":"#4"},"south":{"uv":[6,3,10,8],"texture":"#4"},"west":{"uv":[3,3,12,8],"texture":"#4"},"up":{"uv":[1,15,2,16],"texture":"#9"},"down":{"uv":[1,15,2,16],"texture":"#9"}}},{"name":"blok voor","from":[27,7,0],"to":[31,12,9],"rotation":{"angle":0,"axis":"y","origin":[35,15,8]},"faces":{"north":{"uv":[6,5,10,10],"texture":"#7"},"east":{"uv":[2,0,11,5],"texture":"#7"},"south":{"uv":[0,0,4,5],"texture":"#7"},"west":{"uv":[4,0,13,5],"texture":"#7"},"up":{"uv":[6,3,10,12],"texture":"#7"},"down":{"uv":[0,0,4,9],"texture":"#7"}}},{"name":"pilaar","from":[28,-7,1],"to":[30,7,3],"rotation":{"angle":0,"axis":"y","origin":[36,1,9]},"faces":{"north":{"uv":[3,1,5,15],"texture":"#9"},"east":{"uv":[4,1,6,15],"texture":"#9"},"south":{"uv":[3,1,5,15],"texture":"#9"},"west":{"uv":[4,1,6,15],"texture":"#9"},"up":{"uv":[3,2,5,4],"texture":"#9"},"down":{"uv":[3,2,5,4],"texture":"#9"}}},{"name":"pilaar","from":[-14,-7,1],"to":[-12,7,3],"rotation":{"angle":0,"axis":"y","origin":[-6,1,9]},"faces":{"north":{"uv":[3,1,5,15],"texture":"#9"},"east":{"uv":[3,1,5,15],"texture":"#9"},"south":{"uv":[3,1,5,15],"texture":"#9"},"west":{"uv":[4,1,6,15],"texture":"#9"},"up":{"uv":[3,2,5,4],"texture":"#9"},"down":{"uv":[3,2,5,4],"texture":"#9"}}},{"name":"pianoframe","from":[-15.5,-6,9],"to":[-10.5,10,12],"rotation":{"angle":0,"axis":"y","origin":[-8,2,17]},"faces":{"north":{"uv":[1,0,5,16],"texture":"#7"},"east":{"uv":[2,0,5,16],"texture":"#7"},"south":{"uv":[6,0,10,16],"texture":"#7"},"west":{"uv":[8,0,11,16],"texture":"#7"},"up":{"uv":[0,0,5,3],"texture":"#7"},"down":{"uv":[0,0,5,3],"texture":"#7"}}},{"name":"pianoframe","from":[-15.5,-6,21],"to":[-10.5,10,24],"rotation":{"angle":0,"axis":"y","origin":[-8,2,29]},"faces":{"north":{"uv":[1,0,5,16],"texture":"#7"},"east":{"uv":[2,0,5,16],"texture":"#7"},"south":{"uv":[6,0,10,16],"texture":"#7"},"west":{"uv":[4,0,7,16],"texture":"#7"},"up":{"uv":[0,0,5,3],"texture":"#7"},"down":{"uv":[0,0,5,3],"texture":"#7"}}},{"name":"pianoframe","from":[26.5,-6,9],"to":[31.5,10,12],"rotation":{"angle":0,"axis":"y","origin":[34,2,17]},"faces":{"north":{"uv":[5,0,10,16],"texture":"#7"},"east":{"uv":[1,0,4,16],"texture":"#7"},"south":{"uv":[2,0,7,16],"texture":"#7"},"west":{"uv":[0,0,3,16],"texture":"#7"},"up":{"uv":[0,0,5,3],"texture":"#7"},"down":{"uv":[0,0,5,3],"texture":"#7"}}},{"name":"pianoframe","from":[27.5,-6,21],"to":[31.5,10,24],"rotation":{"angle":0,"axis":"y","origin":[34,2,29]},"faces":{"north":{"uv":[7,0,11,16],"texture":"#7"},"east":{"uv":[1,0,4,16],"texture":"#7"},"south":{"uv":[7,0,11,16],"texture":"#7"},"west":{"uv":[1,0,4,16],"texture":"#7"},"up":{"uv":[0,0,4,3],"texture":"#7"},"down":{"uv":[0,0,4,3],"texture":"#7"}}},{"name":"pianoframe","from":[-15.5,10,9],"to":[-10.5,26,12],"rotation":{"angle":0,"axis":"y","origin":[-8,18,17]},"faces":{"north":{"uv":[10,0,14,16],"texture":"#7"},"east":{"uv":[2,0,5,16],"texture":"#7"},"south":{"uv":[6,0,10,16],"texture":"#7"},"west":{"uv":[3,0,6,16],"texture":"#7"},"up":{"uv":[0,0,5,3],"texture":"#7"},"down":{"uv":[0,0,5,3],"texture":"#7"}}},{"name":"pianoframe","from":[-15.5,10,21],"to":[-10.5,26,24],"rotation":{"angle":0,"axis":"y","origin":[-8,18,29]},"faces":{"north":{"uv":[1,0,5,16],"texture":"#7"},"east":{"uv":[2,0,5,16],"texture":"#7"},"south":{"uv":[4,0,8,16],"texture":"#7"},"west":{"uv":[4,0,7,16],"texture":"#7"},"up":{"uv":[0,0,5,3],"texture":"#7"},"down":{"uv":[0,0,5,3],"texture":"#7"}}},{"name":"pianoframe","from":[26.5,10,9],"to":[31.5,26,12],"rotation":{"angle":0,"axis":"y","origin":[34,18,17]},"faces":{"north":{"uv":[4,0,9,16],"texture":"#7"},"east":{"uv":[9,0,12,16],"texture":"#7"},"south":{"uv":[2,0,7,16],"texture":"#7"},"west":{"uv":[9,0,12,16],"texture":"#7"},"up":{"uv":[0,0,5,3],"texture":"#7"},"down":{"uv":[0,0,5,3],"texture":"#7"}}},{"name":"pianoframe","from":[27.5,10,21],"to":[31.5,26,24],"rotation":{"angle":0,"axis":"y","origin":[34,18,29]},"faces":{"north":{"uv":[1,0,5,16],"texture":"#7"},"east":{"uv":[4,0,7,16],"texture":"#7"},"south":{"uv":[8,0,12,16],"texture":"#7"},"west":{"uv":[1,0,4,16],"texture":"#7"},"up":{"uv":[0,0,4,3],"texture":"#7"},"down":{"uv":[0,0,4,3],"texture":"#7"}}},{"name":"pianoframe","from":[-15.5,26,9],"to":[-10.5,29,12],"rotation":{"angle":0,"axis":"y","origin":[-8,34,17]},"faces":{"north":{"uv":[6,0,11,3],"texture":"#7"},"east":{"uv":[4,0,7,3],"texture":"#7"},"south":{"uv":[4,0,9,3],"texture":"#7"},"west":{"uv":[0,0,3,3],"texture":"#7"},"up":{"uv":[1,0,6,3],"texture":"#7"},"down":{"uv":[0,0,5,3],"texture":"#7"}}},{"name":"pianoframe","from":[-15.5,26,21],"to":[-10.5,29,24],"rotation":{"angle":0,"axis":"y","origin":[-8,34,29]},"faces":{"north":{"uv":[6,0,11,3],"texture":"#7"},"east":{"uv":[4,0,7,3],"texture":"#7"},"south":{"uv":[4,0,9,3],"texture":"#7"},"west":{"uv":[0,0,3,3],"texture":"#7"},"up":{"uv":[1,0,6,3],"texture":"#7"},"down":{"uv":[0,0,5,3],"texture":"#7"}}},{"name":"pianoframe","from":[26.5,26,9],"to":[31.5,29,12],"rotation":{"angle":0,"axis":"y","origin":[34,34,17]},"faces":{"north":{"uv":[6,0,11,3],"texture":"#7"},"east":{"uv":[4,0,7,3],"texture":"#7"},"south":{"uv":[4,0,9,3],"texture":"#7"},"west":{"uv":[3,9,6,12],"texture":"#7"},"up":{"uv":[1,0,6,3],"texture":"#7"},"down":{"uv":[0,0,5,3],"texture":"#7"}}},{"name":"pianoframe","from":[27.5,26,21],"to":[31.5,29,24],"rotation":{"angle":0,"axis":"y","origin":[34,34,29]},"faces":{"north":{"uv":[6,0,11,3],"texture":"#7"},"east":{"uv":[4,0,7,3],"texture":"#7"},"south":{"uv":[4,0,9,3],"texture":"#7"},"west":{"uv":[0,0,3,3],"texture":"#7"},"up":{"uv":[1,0,6,3],"texture":"#7"},"down":{"uv":[0,0,5,3],"texture":"#7"}}},{"from":[0,10,9.5],"to":[16,13,23.5],"rotation":{"angle":0,"axis":"y","origin":[8,18,18]},"faces":{"north":{"uv":[7,0,10,15],"rotation":90,"texture":"#12"},"east":{"uv":[6,0,9,14],"rotation":90,"texture":"#12"},"south":{"uv":[6,0,9,15],"rotation":90,"texture":"#12"},"west":{"uv":[6,0,9,14],"rotation":90,"texture":"#missing"},"up":{"uv":[0,0,14,16],"rotation":90,"texture":"#12"},"down":{"uv":[0,0,14,16],"rotation":90,"texture":"#12"}}},{"from":[16,-6,9.5],"to":[31,10,23.5],"rotation":{"angle":0,"axis":"y","origin":[23,2,18]},"faces":{"north":{"uv":[0,0,16,15],"rotation":90,"texture":"#12"},"east":{"uv":[0,0,16,14],"rotation":90,"texture":"#12"},"south":{"uv":[0,1,16,16],"rotation":90,"texture":"#12"},"west":{"uv":[0,0,16,14],"rotation":90,"texture":"#12"},"up":{"uv":[0,0,14,15],"rotation":90,"texture":"#12"},"down":{"uv":[0,0,14,15],"rotation":90,"texture":"#12"}}},{"from":[16,13,9.5],"to":[31,29,23.5],"rotation":{"angle":0,"axis":"y","origin":[23,21,18]},"faces":{"north":{"uv":[0,0,16,15],"rotation":90,"texture":"#12"},"east":{"uv":[0,0,16,14],"rotation":90,"texture":"#12"},"south":{"uv":[0,1,16,16],"rotation":90,"texture":"#12"},"west":{"uv":[0,0,16,14],"rotation":90,"texture":"#12"},"up":{"uv":[0,0,14,15],"rotation":90,"texture":"#12"},"down":{"uv":[0,0,14,15],"rotation":90,"texture":"#12"}}},{"from":[16,10,9.5],"to":[31,13,23.5],"rotation":{"angle":0,"axis":"y","origin":[23,18,18]},"faces":{"north":{"uv":[7,0,10,15],"rotation":90,"texture":"#12"},"east":{"uv":[6,0,9,14],"rotation":90,"texture":"#12"},"south":{"uv":[6,0,9,15],"rotation":90,"texture":"#12"},"west":{"uv":[6,0,9,14],"rotation":90,"texture":"#missing"},"up":{"uv":[0,0,14,15],"rotation":90,"texture":"#12"},"down":{"uv":[0,0,14,15],"rotation":90,"texture":"#12"}}},{"from":[-15,-6,9.5],"to":[0,10,23.5],"rotation":{"angle":0,"axis":"y","origin":[-7,2,18]},"faces":{"north":{"uv":[0,1,16,16],"rotation":90,"texture":"#12"},"east":{"uv":[0,0,16,14],"rotation":90,"texture":"#12"},"south":{"uv":[0,0,16,15],"rotation":90,"texture":"#12"},"west":{"uv":[0,0,16,14],"rotation":90,"texture":"#12"},"up":{"uv":[0,0,14,15],"rotation":90,"texture":"#12"},"down":{"uv":[0,0,14,15],"rotation":90,"texture":"#12"}}},{"from":[-15,13,9.5],"to":[0,29,23.5],"rotation":{"angle":0,"axis":"y","origin":[-7,21,18]},"faces":{"north":{"uv":[0,1,16,16],"rotation":90,"texture":"#12"},"east":{"uv":[0,0,16,14],"rotation":90,"texture":"#12"},"south":{"uv":[0,0,16,15],"rotation":90,"texture":"#12"},"west":{"uv":[0,0,16,14],"rotation":90,"texture":"#12"},"up":{"uv":[0,0,14,15],"rotation":90,"texture":"#12"},"down":{"uv":[0,0,14,15],"rotation":90,"texture":"#12"}}},{"from":[-15,10,9.5],"to":[0,13,23.5],"rotation":{"angle":0,"axis":"y","origin":[-7,18,18]},"faces":{"north":{"uv":[7,0,10,15],"rotation":90,"texture":"#12"},"east":{"uv":[6,0,9,14],"rotation":90,"texture":"#12"},"south":{"uv":[6,0,9,15],"rotation":90,"texture":"#12"},"west":{"uv":[6,1,9,15],"rotation":90,"texture":"#12"},"up":{"uv":[0,0,14,15],"rotation":90,"texture":"#12"},"down":{"uv":[0,0,14,15],"rotation":90,"texture":"#12"}}},{"from":[0,-6,9.5],"to":[16,10,23.5],"rotation":{"angle":0,"axis":"y","origin":[8,2,18]},"faces":{"north":{"uv":[0,0,16,16],"rotation":90,"texture":"#12"},"east":{"uv":[0,0,16,14],"rotation":90,"texture":"#12"},"south":{"uv":[0,0,16,16],"rotation":90,"texture":"#12"},"west":{"uv":[0,0,16,14],"rotation":90,"texture":"#12"},"up":{"uv":[0,0,14,16],"rotation":90,"texture":"#12"},"down":{"uv":[0,0,14,16],"rotation":90,"texture":"#12"}}},{"from":[0,13,9.5],"to":[16,29,23.5],"rotation":{"angle":0,"axis":"y","origin":[8,21,18]},"faces":{"north":{"uv":[0,0,16,16],"rotation":90,"texture":"#12"},"east":{"uv":[0,0,16,14],"rotation":90,"texture":"#12"},"south":{"uv":[0,0,16,16],"rotation":90,"texture":"#12"},"west":{"uv":[0,0,16,14],"rotation":90,"texture":"#12"},"up":{"uv":[0,0,14,16],"rotation":90,"texture":"#12"},"down":{"uv":[0,0,14,16],"rotation":90,"texture":"#12"}}},{"name":"deksel","from":[-16,29,8.5],"to":[0,30,24.5],"rotation":{"angle":0,"axis":"y","origin":[-8,37,16]},"faces":{"north":{"uv":[0,7,16,8],"texture":"#4"},"east":{"uv":[0,7,16,8],"texture":"#4"},"south":{"uv":[0,7,16,8],"texture":"#4"},"west":{"uv":[0,7,16,8],"texture":"#4"},"up":{"uv":[1,15,2,16],"texture":"#9"},"down":{"uv":[1,15,2,16],"texture":"#9"}}},{"name":"deksel","from":[0,29,8.5],"to":[16,30,24.5],"rotation":{"angle":0,"axis":"y","origin":[8,37,16]},"faces":{"north":{"uv":[0,7,16,8],"texture":"#4"},"east":{"uv":[0,7,16,8],"texture":"#4"},"south":{"uv":[0,7,16,8],"texture":"#4"},"west":{"uv":[0,7,16,8],"texture":"#4"},"up":{"uv":[1,15,2,16],"texture":"#9"},"down":{"uv":[1,15,2,16],"texture":"#9"}}},{"name":"deksel","from":[16,29,8.5],"to":[32,30,24.5],"rotation":{"angle":0,"axis":"y","origin":[24,37,16]},"faces":{"north":{"uv":[0,7,16,8],"texture":"#4"},"east":{"uv":[0,7,16,8],"texture":"#4"},"south":{"uv":[0,7,16,8],"texture":"#4"},"west":{"uv":[0,7,16,8],"texture":"#4"},"up":{"uv":[1,15,2,16],"texture":"#9"},"down":{"uv":[1,15,2,16],"texture":"#9"}}},{"name":"deksel","from":[16,-11,8.5],"to":[32,-6,24.5],"rotation":{"angle":0,"axis":"y","origin":[24,-3,16]},"faces":{"north":{"uv":[0,11,16,16],"texture":"#4"},"east":{"uv":[0,11,16,16],"texture":"#4"},"south":{"uv":[0,3,16,8],"texture":"#4"},"west":{"uv":[0,0,16,5],"texture":"#missing"},"up":{"uv":[1,15,2,16],"texture":"#9"},"down":{"uv":[1,15,2,16],"texture":"#9"}}},{"name":"deksel","from":[0,-11,8.5],"to":[16,-6,24.5],"rotation":{"angle":0,"axis":"y","origin":[8,-8.5,7.5]},"faces":{"north":{"uv":[0,7,16,12],"texture":"#4"},"east":{"uv":[0,0,16,5],"texture":"#missing"},"south":{"uv":[0,11,16,16],"texture":"#4"},"west":{"uv":[0,0,16,5],"texture":"#missing"},"up":{"uv":[1,15,2,16],"texture":"#9"},"down":{"uv":[1,15,2,16],"texture":"#9"}}},{"name":"deksel","from":[-16,-11,8.5],"to":[0,-6,24.5],"rotation":{"angle":0,"axis":"y","origin":[-8,-3,16]},"faces":{"north":{"uv":[0,3,16,8],"texture":"#4"},"east":{"uv":[0,0,16,5],"texture":"#missing"},"south":{"uv":[0,7,16,12],"texture":"#4"},"west":{"uv":[0,3,16,8],"texture":"#4"},"up":{"uv":[1,15,2,16],"texture":"#9"},"down":{"uv":[1,15,2,16],"texture":"#9"}}},{"from":[14,7,0],"to":[27,9,10],"rotation":{"angle":0,"axis":"y","origin":[19,15,10]},"faces":{"north":{"uv":[2,14,15,16],"texture":"#9"},"east":{"uv":[4,14,14,16],"texture":"#9"},"south":{"uv":[2,14,15,16],"texture":"#9"},"west":{"uv":[3,14,13,16],"texture":"#9"},"up":{"uv":[2,6,15,16],"rotation":180,"texture":"#9"},"down":{"uv":[1,15,2,16],"texture":"#9"}}},{"from":[-11,7,0],"to":[2,9,10],"rotation":{"angle":0,"axis":"y","origin":[-3,15,10]},"faces":{"north":{"uv":[2,14,15,16],"texture":"#9"},"east":{"uv":[4,14,14,16],"texture":"#9"},"south":{"uv":[2,14,15,16],"texture":"#9"},"west":{"uv":[4,14,14,16],"texture":"#9"},"up":{"uv":[2,6,15,16],"rotation":180,"texture":"#9"},"down":{"uv":[1,15,2,16],"texture":"#9"}}},{"from":[2,7,0],"to":[14,9,10],"rotation":{"angle":0,"axis":"y","origin":[8,15,10]},"faces":{"north":{"uv":[2,14,14,16],"texture":"#9"},"east":{"uv":[4,14,14,16],"texture":"#9"},"south":{"uv":[2,14,14,16],"texture":"#9"},"west":{"uv":[4,14,14,16],"texture":"#9"},"up":{"uv":[2,6,15,16],"rotation":180,"texture":"#9"},"down":{"uv":[1,15,2,16],"texture":"#9"}}},{"name":"toetsen","from":[2,9,1],"to":[14,10,10],"rotation":{"angle":0,"axis":"y","origin":[8,17,10]},"faces":{"north":{"uv":[1,0,13,1],"texture":"#3"},"east":{"uv":[1,0,10,1],"texture":"#3"},"south":{"uv":[1,0,13,1],"texture":"#3"},"west":{"uv":[1,0,10,1],"texture":"#3"},"up":{"uv":[1,0,13,9],"texture":"#3"},"down":{"uv":[1,0,13,9],"texture":"#3"}}},{"name":"toetsen","from":[-11,9,1],"to":[2,10,10],"rotation":{"angle":0,"axis":"y","origin":[-3,17,10]},"faces":{"north":{"uv":[0,0,13,1],"texture":"#3"},"east":{"uv":[0,0,9,1],"texture":"#3"},"south":{"uv":[0,0,13,1],"texture":"#3"},"west":{"uv":[0,0,9,1],"texture":"#3"},"up":{"uv":[0,0,13,9],"texture":"#3"},"down":{"uv":[0,0,13,9],"texture":"#3"}}},{"name":"toetsen","from":[14,9,1],"to":[27,10,10],"rotation":{"angle":0,"axis":"y","origin":[19,17,10]},"faces":{"north":{"uv":[0,0,13,1],"texture":"#3"},"east":{"uv":[0,0,9,1],"texture":"#3"},"south":{"uv":[0,0,13,1],"texture":"#3"},"west":{"uv":[0,0,9,1],"texture":"#3"},"up":{"uv":[0,0,13,9],"texture":"#3"},"down":{"uv":[0,0,13,9],"texture":"#3"}}},{"name":"zwarte toetsen","from":[23.5,10,2.4],"to":[24.5,10.5,9.4],"rotation":{"angle":0,"axis":"y","origin":[32,18,11]},"faces":{"north":{"uv":[0,0,1,0.5],"texture":"#5"},"east":{"uv":[0,0,7,0.5],"texture":"#5"},"south":{"uv":[0,0,1,0.5],"texture":"#5"},"west":{"uv":[0,0,7,0.5],"texture":"#5"},"up":{"uv":[0,0,1,7],"texture":"#5"},"down":{"uv":[0,0,1,7],"texture":"#5"}}},{"name":"zwarte toetsen","from":[20.5,10,2.4],"to":[21.5,10.5,9.4],"rotation":{"angle":0,"axis":"y","origin":[29,18,11]},"faces":{"north":{"uv":[0,0,1,0.5],"texture":"#5"},"east":{"uv":[0,0,7,0.5],"texture":"#5"},"south":{"uv":[0,0,1,0.5],"texture":"#5"},"west":{"uv":[0,0,7,0.5],"texture":"#5"},"up":{"uv":[0,0,1,7],"texture":"#5"},"down":{"uv":[0,0,1,7],"texture":"#5"}}},{"name":"zwarte toetsen","from":[8.5,10,2.4],"to":[9.5,10.5,9.4],"rotation":{"angle":0,"axis":"y","origin":[17,18,11]},"faces":{"north":{"uv":[0,0,1,0.5],"texture":"#5"},"east":{"uv":[0,0,7,0.5],"texture":"#5"},"south":{"uv":[0,0,1,0.5],"texture":"#5"},"west":{"uv":[0,0,7,0.5],"texture":"#5"},"up":{"uv":[0,0,1,7],"texture":"#5"},"down":{"uv":[0,0,1,7],"texture":"#5"}}},{"name":"zwarte toetsen","from":[15.5,10,2.4],"to":[16.5,10.5,9.4],"rotation":{"angle":0,"axis":"y","origin":[24,18,11]},"faces":{"north":{"uv":[0,0,1,0.5],"texture":"#5"},"east":{"uv":[0,0,7,0.5],"texture":"#5"},"south":{"uv":[0,0,1,0.5],"texture":"#5"},"west":{"uv":[0,0,7,0.5],"texture":"#5"},"up":{"uv":[0,0,1,7],"texture":"#5"},"down":{"uv":[0,0,1,7],"texture":"#5"}}},{"name":"zwarte toetsen","from":[18.5,10,2.4],"to":[19.5,10.5,9.4],"rotation":{"angle":0,"axis":"y","origin":[27,18,11]},"faces":{"north":{"uv":[0,0,1,0.5],"texture":"#5"},"east":{"uv":[0,0,7,0.5],"texture":"#5"},"south":{"uv":[0,0,1,0.5],"texture":"#5"},"west":{"uv":[0,0,7,0.5],"texture":"#5"},"up":{"uv":[0,0,1,7],"texture":"#5"},"down":{"uv":[0,0,1,7],"texture":"#5"}}},{"name":"zwarte toetsen","from":[6.5,10,2.4],"to":[7.5,10.5,9.4],"rotation":{"angle":0,"axis":"y","origin":[15,18,11]},"faces":{"north":{"uv":[0,0,1,0.5],"texture":"#5"},"east":{"uv":[0,0,7,0.5],"texture":"#5"},"south":{"uv":[0,0,1,0.5],"texture":"#5"},"west":{"uv":[0,0,7,0.5],"texture":"#5"},"up":{"uv":[0,0,1,7],"texture":"#5"},"down":{"uv":[0,0,1,7],"texture":"#5"}}},{"name":"zwarte toetsen","from":[11.5,10,2.4],"to":[12.5,10.5,9.4],"rotation":{"angle":0,"axis":"y","origin":[20,18,11]},"faces":{"north":{"uv":[0,0,1,0.5],"texture":"#5"},"east":{"uv":[0,0,7,0.5],"texture":"#5"},"south":{"uv":[0,0,1,0.5],"texture":"#5"},"west":{"uv":[0,0,7,0.5],"texture":"#5"},"up":{"uv":[0,0,1,7],"texture":"#5"},"down":{"uv":[0,0,1,7],"texture":"#5"}}},{"name":"zwarte toetsen","from":[13.5,10,2.4],"to":[14.5,10.5,9.4],"rotation":{"angle":0,"axis":"y","origin":[22,18,11]},"faces":{"north":{"uv":[0,0,1,0.5],"texture":"#5"},"east":{"uv":[0,0,7,0.5],"texture":"#5"},"south":{"uv":[0,0,1,0.5],"texture":"#5"},"west":{"uv":[0,0,7,0.5],"texture":"#5"},"up":{"uv":[0,0,1,7],"texture":"#5"},"down":{"uv":[0,0,1,7],"texture":"#5"}}},{"name":"zwarte toetsen","from":[1.5,10,2.4],"to":[2.5,10.5,9.4],"rotation":{"angle":0,"axis":"y","origin":[10,18,11]},"faces":{"north":{"uv":[0,0,1,0.5],"texture":"#5"},"east":{"uv":[0,0,7,0.5],"texture":"#5"},"south":{"uv":[0,0,1,0.5],"texture":"#5"},"west":{"uv":[0,0,7,0.5],"texture":"#5"},"up":{"uv":[0,0,1,7],"texture":"#5"},"down":{"uv":[0,0,1,7],"texture":"#5"}}},{"name":"zwarte toetsen","from":[3.5,10,2.4],"to":[4.5,10.5,9.4],"rotation":{"angle":0,"axis":"y","origin":[12,18,11]},"faces":{"north":{"uv":[0,0,1,0.5],"texture":"#5"},"east":{"uv":[0,0,7,0.5],"texture":"#5"},"south":{"uv":[0,0,1,0.5],"texture":"#5"},"west":{"uv":[0,0,7,0.5],"texture":"#5"},"up":{"uv":[0,0,1,7],"texture":"#5"},"down":{"uv":[0,0,1,7],"texture":"#5"}}},{"name":"zwarte toetsen","from":[-5.5,10,2.4],"to":[-4.5,10.5,9.4],"rotation":{"angle":0,"axis":"y","origin":[3,18,11]},"faces":{"north":{"uv":[0,0,1,0.5],"texture":"#5"},"east":{"uv":[0,0,7,0.5],"texture":"#5"},"south":{"uv":[0,0,1,0.5],"texture":"#5"},"west":{"uv":[0,0,7,0.5],"texture":"#5"},"up":{"uv":[0,0,1,7],"texture":"#5"},"down":{"uv":[0,0,1,7],"texture":"#5"}}},{"name":"zwarte toetsen","from":[-0.5,10,2.4],"to":[0.5,10.5,9.4],"rotation":{"angle":0,"axis":"y","origin":[8,18,11]},"faces":{"north":{"uv":[0,0,1,0.5],"texture":"#5"},"east":{"uv":[0,0,7,0.5],"texture":"#5"},"south":{"uv":[0,0,1,0.5],"texture":"#5"},"west":{"uv":[0,0,7,0.5],"texture":"#5"},"up":{"uv":[0,0,1,7],"texture":"#5"},"down":{"uv":[0,0,1,7],"texture":"#5"}}},{"name":"zwarte toetsen","from":[-3.5,10,2.4],"to":[-2.5,10.5,9.4],"rotation":{"angle":0,"axis":"y","origin":[5,18,11]},"faces":{"north":{"uv":[0,0,1,0.5],"texture":"#5"},"east":{"uv":[0,0,7,0.5],"texture":"#5"},"south":{"uv":[0,0,1,0.5],"texture":"#5"},"west":{"uv":[0,0,7,0.5],"texture":"#5"},"up":{"uv":[0,0,1,7],"texture":"#5"},"down":{"uv":[0,0,1,7],"texture":"#5"}}},{"name":"zwarte toetsen","from":[-8.5,10,2.4],"to":[-7.5,10.5,9.4],"rotation":{"angle":0,"axis":"y","origin":[0,18,11]},"faces":{"north":{"uv":[0,0,1,0.5],"texture":"#5"},"east":{"uv":[0,0,7,0.5],"texture":"#5"},"south":{"uv":[0,0,1,0.5],"texture":"#5"},"west":{"uv":[0,0,7,0.5],"texture":"#5"},"up":{"uv":[0,0,1,7],"texture":"#5"},"down":{"uv":[0,0,1,7],"texture":"#5"}}},{"name":"basis","from":[0,10,5],"to":[16,11,10],"rotation":{"angle":0,"axis":"y","origin":[20,15,9]},"faces":{"north":{"uv":[0,7,16,8],"texture":"#4"},"east":{"uv":[0,3,5,4],"texture":"#4"},"south":{"uv":[0,7,16,8],"texture":"#4"},"west":{"uv":[8,3,13,4],"texture":"#4"},"up":{"uv":[0,3,16,8],"texture":"#4"},"down":{"uv":[0,3,16,8],"texture":"#4"}}},{"name":"basis","from":[16,10,5],"to":[27,11,10],"rotation":{"angle":0,"axis":"y","origin":[31,15,9]},"faces":{"north":{"uv":[0,3,11,4],"texture":"#4"},"east":{"uv":[5,3,10,4],"texture":"#4"},"south":{"uv":[0,3,11,4],"texture":"#4"},"west":{"uv":[0,3,5,4],"texture":"#4"},"up":{"uv":[0,3,11,8],"texture":"#4"},"down":{"uv":[0,3,11,8],"texture":"#4"}}},{"name":"basis","from":[-11,10,5],"to":[0,11,10],"rotation":{"angle":0,"axis":"y","origin":[4,15,9]},"faces":{"north":{"uv":[0,3,11,4],"texture":"#4"},"east":{"uv":[5,3,10,4],"texture":"#4"},"south":{"uv":[0,3,11,4],"texture":"#4"},"west":{"uv":[0,3,5,4],"texture":"#missing"},"up":{"uv":[0,3,11,8],"texture":"#4"},"down":{"uv":[0,3,11,8],"texture":"#4"}}},{"name":"klep","from":[0,11,5.5],"to":[16,18,6.5],"rotation":{"angle":22.5,"axis":"x","origin":[8,11,6]},"faces":{"north":{"uv":[1,0,8,16],"rotation":90,"texture":"#9"},"east":{"uv":[2,2,3,8],"texture":"#9"},"south":{"uv":[1,0,8,16],"rotation":90,"texture":"#9"},"west":{"uv":[2,2,3,8],"texture":"#9"},"up":{"uv":[1,15,15,16],"texture":"#9"},"down":{"uv":[1,15,15,16],"texture":"#9"}}},{"name":"klep","from":[-11,11,5.5],"to":[0,18,6.5],"rotation":{"angle":22.5,"axis":"x","origin":[-3,11,6]},"faces":{"north":{"uv":[1,0,8,11],"rotation":90,"texture":"#9"},"east":{"uv":[2,15,8,16],"rotation":90,"texture":"#9"},"south":{"uv":[1,5,8,16],"rotation":90,"texture":"#9"},"west":{"uv":[2,15,8,16],"rotation":90,"texture":"#9"},"up":{"uv":[3,15,14,16],"texture":"#9"},"down":{"uv":[3,15,14,16],"texture":"#9"}}},{"name":"klep","from":[16,11,5.5],"to":[27,18,6.5],"rotation":{"angle":22.5,"axis":"x","origin":[24,11,6]},"faces":{"north":{"uv":[8,5,15,16],"rotation":90,"texture":"#9"},"east":{"uv":[7,15,13,16],"rotation":90,"texture":"#9"},"south":{"uv":[1,0,8,11],"rotation":90,"texture":"#9"},"west":{"uv":[2,15,8,16],"rotation":90,"texture":"#9"},"up":{"uv":[3,15,14,16],"texture":"#9"},"down":{"uv":[3,15,14,16],"texture":"#9"}}},{"name":"klep","from":[-11,17.11522,4.92074],"to":[0,18.11522,5.92074],"rotation":{"angle":22.5,"axis":"x","origin":[-3,12.11522,5.92074]},"faces":{"north":{"uv":[1,15,12,16],"texture":"#9"},"east":{"uv":[1,15,2,16],"texture":"#9"},"south":{"uv":[1,15,12,16],"texture":"#9"},"west":{"uv":[0,3,1,4],"texture":"#4"},"up":{"uv":[1,15,2,16],"texture":"#9"},"down":{"uv":[1,15,12,16],"texture":"#9"}}},{"name":"klep","from":[16,17.11522,4.92074],"to":[27,18.11522,5.92074],"rotation":{"angle":22.5,"axis":"x","origin":[24,12.11522,5.92074]},"faces":{"north":{"uv":[1,15,12,16],"texture":"#9"},"east":{"uv":[1,15,2,16],"texture":"#9"},"south":{"uv":[1,15,12,16],"texture":"#9"},"west":{"uv":[0,3,1,4],"texture":"#4"},"up":{"uv":[1,15,2,16],"texture":"#9"},"down":{"uv":[1,15,12,16],"texture":"#9"}}},{"name":"klep","from":[0,17.11522,4.92074],"to":[16,18.11522,5.92074],"rotation":{"angle":22.5,"axis":"x","origin":[8,12.11522,5.92074]},"faces":{"north":{"uv":[1,15,15,16],"texture":"#9"},"east":{"uv":[1,15,2,16],"texture":"#9"},"south":{"uv":[1,15,15,16],"texture":"#9"},"west":{"uv":[1,15,2,16],"texture":"#9"},"up":{"uv":[1,15,15,16],"texture":"#9"},"down":{"uv":[1,15,15,16],"texture":"#9"}}},{"name":"klep","from":[1,13,3],"to":[15,14,4],"rotation":{"angle":22.5,"axis":"x","origin":[8,8,5]},"faces":{"north":{"uv":[1,15,15,16],"texture":"#9"},"east":{"uv":[1,2,2,3],"texture":"#10"},"south":{"uv":[1,15,15,16],"texture":"#9"},"west":{"uv":[1,2,2,3],"texture":"#10"},"up":{"uv":[1,15,15,16],"texture":"#9"},"down":{"uv":[1,15,15,16],"texture":"#9"}}},{"from":[7,-10,5],"to":[9,-9,8],"rotation":{"angle":0,"axis":"x","origin":[8,-8.5,9]},"faces":{"north":{"uv":[3,1,5,2],"texture":"#2"},"east":{"uv":[1,1,5,2],"texture":"#2"},"south":{"uv":[3,1,5,2],"texture":"#2"},"west":{"uv":[1,1,5,2],"texture":"#2"},"up":{"uv":[4,4,5,5],"texture":"#2"},"down":{"uv":[4,4,5,5],"texture":"#2"}}},{"from":[4,-10,5],"to":[6,-9,8],"rotation":{"angle":0,"axis":"x","origin":[5,-8.5,9]},"faces":{"north":{"uv":[3,1,5,2],"texture":"#2"},"east":{"uv":[1,1,5,2],"texture":"#2"},"south":{"uv":[3,1,5,2],"texture":"#2"},"west":{"uv":[1,1,5,2],"texture":"#2"},"up":{"uv":[4,4,5,5],"texture":"#2"},"down":{"uv":[4,4,5,5],"texture":"#2"}}},{"from":[4.5,-9.73046,9.14491],"to":[5.5,-6.73046,9.64491],"rotation":{"angle":22.5,"axis":"x","origin":[4.5,-5.73046,8.14491]},"faces":{"north":{"uv":[14,12,15,13],"rotation":180,"texture":"#2"},"east":{"uv":[14,12,15,13],"rotation":180,"texture":"#2"},"south":{"uv":[14,12,15,13],"rotation":180,"texture":"#2"},"west":{"uv":[14,12,15,13],"rotation":180,"texture":"#2"},"up":{"uv":[14,12,15,13],"rotation":180,"texture":"#2"},"down":{"uv":[14,12,15,13],"rotation":180,"texture":"#2"}}},{"from":[7.5,-9.73046,9.14491],"to":[8.5,-6.73046,9.64491],"rotation":{"angle":22.5,"axis":"x","origin":[7.5,-5.73046,8.14491]},"faces":{"north":{"uv":[14,12,15,13],"rotation":180,"texture":"#2"},"east":{"uv":[14,12,15,13],"rotation":180,"texture":"#2"},"south":{"uv":[14,12,15,13],"rotation":180,"texture":"#2"},"west":{"uv":[14,12,15,13],"rotation":180,"texture":"#2"},"up":{"uv":[14,12,15,13],"rotation":180,"texture":"#2"},"down":{"uv":[14,12,15,13],"rotation":180,"texture":"#2"}}},{"from":[10.5,-9.73046,9.14491],"to":[11.5,-6.73046,9.64491],"rotation":{"angle":22.5,"axis":"x","origin":[10.5,-5.73046,8.14491]},"faces":{"north":{"uv":[14,12,15,13],"rotation":180,"texture":"#2"},"east":{"uv":[14,12,15,13],"rotation":180,"texture":"#2"},"south":{"uv":[14,12,15,13],"rotation":180,"texture":"#2"},"west":{"uv":[14,12,15,13],"rotation":180,"texture":"#2"},"up":{"uv":[14,12,15,13],"rotation":180,"texture":"#2"},"down":{"uv":[14,12,15,13],"rotation":180,"texture":"#2"}}},{"from":[10,-10,5],"to":[12,-9,8],"rotation":{"angle":0,"axis":"x","origin":[11,-8.5,9]},"faces":{"north":{"uv":[3,1,5,2],"texture":"#2"},"east":{"uv":[1,1,5,2],"texture":"#2"},"south":{"uv":[3,1,5,2],"texture":"#2"},"west":{"uv":[1,1,5,2],"texture":"#2"},"up":{"uv":[4,4,5,5],"texture":"#2"},"down":{"uv":[4,4,5,5],"texture":"#2"}}},{"name":"metaal","from":[-14.5,-11.7,20],"to":[-11.5,-11,23],"rotation":{"angle":0,"axis":"y","origin":[-13.5,-13.87079,20.98998]},"faces":{"north":{"uv":[2,7,2.5,7.5],"texture":"#11"},"east":{"uv":[2,7,2.5,7.5],"texture":"#11"},"south":{"uv":[2,7,2.5,7.5],"texture":"#11"},"west":{"uv":[2,7,2.5,7.5],"texture":"#11"},"up":{"uv":[2,7,2.5,7.5],"texture":"#11"},"down":{"uv":[2,7,2.5,7.5],"texture":"#11"}}},{"name":"metaal","from":[-14.5,-11.7,1],"to":[-11.5,-11,4],"rotation":{"angle":0,"axis":"y","origin":[-13.5,-13.87079,20.98998]},"faces":{"north":{"uv":[2,7,2.5,7.5],"texture":"#11"},"east":{"uv":[2,7,2.5,7.5],"texture":"#11"},"south":{"uv":[2,7,2.5,7.5],"texture":"#11"},"west":{"uv":[2,7,2.5,7.5],"texture":"#11"},"up":{"uv":[2,7,2.5,7.5],"texture":"#11"},"down":{"uv":[2,7,2.5,7.5],"texture":"#11"}}},{"from":[-14,-12.12,1.5],"to":[-12,-11.62,3.5],"rotation":{"angle":0,"axis":"y","origin":[-13.5,-13.87079,20.98998]},"faces":{"north":{"uv":[1,1,1.5,1.5],"texture":"#11"},"east":{"uv":[1,1,1.5,1.5],"texture":"#11"},"south":{"uv":[1,1,1.5,1.5],"texture":"#11"},"west":{"uv":[1,1,1.5,1.5],"texture":"#11"},"up":{"uv":[1,1,1.5,1.5],"texture":"#11"},"down":{"uv":[1,1,1.5,1.5],"texture":"#11"}}},{"from":[-14,-12.12,20.5],"to":[-12,-11.62,22.5],"rotation":{"angle":0,"axis":"y","origin":[-13.5,-13.87079,20.98998]},"faces":{"north":{"uv":[1,1,1.5,1.5],"texture":"#11"},"east":{"uv":[1,1,1.5,1.5],"texture":"#11"},"south":{"uv":[1,1,1.5,1.5],"texture":"#11"},"west":{"uv":[1,1,1.5,1.5],"texture":"#11"},"up":{"uv":[1,1,1.5,1.5],"texture":"#11"},"down":{"uv":[1,1,1.5,1.5],"texture":"#11"}}},{"from":[28,-12.12,20.5],"to":[30,-11.62,22.5],"rotation":{"angle":0,"axis":"y","origin":[-13.5,-13.87079,20.98998]},"faces":{"north":{"uv":[1,1,1.5,1.5],"texture":"#11"},"east":{"uv":[1,1,1.5,1.5],"texture":"#11"},"south":{"uv":[1,1,1.5,1.5],"texture":"#11"},"west":{"uv":[1,1,1.5,1.5],"texture":"#11"},"up":{"uv":[1,1,1.5,1.5],"texture":"#11"},"down":{"uv":[1,1,1.5,1.5],"texture":"#11"}}},{"from":[28,-12.12,1.5],"to":[30,-11.62,3.5],"rotation":{"angle":0,"axis":"y","origin":[-13.5,-13.87079,20.98998]},"faces":{"north":{"uv":[1,1,1.5,1.5],"texture":"#11"},"east":{"uv":[1,1,1.5,1.5],"texture":"#11"},"south":{"uv":[1,1,1.5,1.5],"texture":"#11"},"west":{"uv":[1,1,1.5,1.5],"texture":"#11"},"up":{"uv":[1,1,1.5,1.5],"texture":"#11"},"down":{"uv":[1,1,1.5,1.5],"texture":"#11"}}},{"from":[-14,-14.12,1.5],"to":[-12,-12.12,3.5],"rotation":{"angle":0,"axis":"y","origin":[-13.5,-13.87079,20.98998]},"faces":{"north":{"uv":[1,1,1.5,1.5],"texture":"#5"},"east":{"uv":[1,1,1.5,1.5],"texture":"#5"},"south":{"uv":[1,1,1.5,1.5],"texture":"#5"},"west":{"uv":[1,1,1.5,1.5],"texture":"#5"},"up":{"uv":[1,1,1.5,1.5],"texture":"#5"},"down":{"uv":[1,1,1.5,1.5],"texture":"#5"}}},{"from":[-14,-14.12,20.5],"to":[-12,-12.12,22.5],"rotation":{"angle":0,"axis":"y","origin":[-13.5,-13.87079,20.98998]},"faces":{"north":{"uv":[1,1,1.5,1.5],"texture":"#5"},"east":{"uv":[1,1,1.5,1.5],"texture":"#5"},"south":{"uv":[1,1,1.5,1.5],"texture":"#5"},"west":{"uv":[1,1,1.5,1.5],"texture":"#5"},"up":{"uv":[1,1,1.5,1.5],"texture":"#5"},"down":{"uv":[1,1,1.5,1.5],"texture":"#5"}}},{"from":[28,-14.12,20.5],"to":[30,-12.12,22.5],"rotation":{"angle":0,"axis":"y","origin":[-13.5,-13.87079,20.98998]},"faces":{"north":{"uv":[1,1,1.5,1.5],"texture":"#5"},"east":{"uv":[1,1,1.5,1.5],"texture":"#5"},"south":{"uv":[1,1,1.5,1.5],"texture":"#5"},"west":{"uv":[1,1,1.5,1.5],"texture":"#5"},"up":{"uv":[1,1,1.5,1.5],"texture":"#5"},"down":{"uv":[1,1,1.5,1.5],"texture":"#5"}}},{"from":[28,-14.12,1.5],"to":[30,-12.12,3.5],"rotation":{"angle":0,"axis":"y","origin":[-13.5,-13.87079,20.98998]},"faces":{"north":{"uv":[1,1,1.5,1.5],"texture":"#5"},"east":{"uv":[1,1,1.5,1.5],"texture":"#5"},"south":{"uv":[1,1,1.5,1.5],"texture":"#5"},"west":{"uv":[1,1,1.5,1.5],"texture":"#5"},"up":{"uv":[1,1,1.5,1.5],"texture":"#5"},"down":{"uv":[1,1,1.5,1.5],"texture":"#5"}}},{"name":"metaal","from":[27.5,-11.7,1],"to":[30.5,-11,4],"rotation":{"angle":0,"axis":"y","origin":[-13.5,-13.87079,20.98998]},"faces":{"north":{"uv":[2,7,2.5,7.5],"texture":"#11"},"east":{"uv":[2,7,2.5,7.5],"texture":"#11"},"south":{"uv":[2,7,2.5,7.5],"texture":"#11"},"west":{"uv":[2,7,2.5,7.5],"texture":"#11"},"up":{"uv":[2,7,2.5,7.5],"texture":"#11"},"down":{"uv":[2,7,2.5,7.5],"texture":"#11"}}},{"name":"metaal","from":[27.5,-11.7,20],"to":[30.5,-11,23],"rotation":{"angle":0,"axis":"y","origin":[-13.5,-13.87079,20.98998]},"faces":{"north":{"uv":[2,7,2.5,7.5],"texture":"#11"},"east":{"uv":[2,7,2.5,7.5],"texture":"#11"},"south":{"uv":[2,7,2.5,7.5],"texture":"#11"},"west":{"uv":[2,7,2.5,7.5],"texture":"#11"},"up":{"uv":[2,7,2.5,7.5],"texture":"#11"},"down":{"uv":[2,7,2.5,7.5],"texture":"#11"}}},{"from":[4.5,-12,-8],"to":[12.5,-11,-7],"rotation":{"angle":0,"axis":"y","origin":[9,-8.5,-7.5]},"faces":{"north":{"uv":[0,0,1,1],"rotation":270,"texture":"#11"},"east":{"uv":[0,0,1,1],"rotation":270,"texture":"#11"},"south":{"uv":[0,0,1,1],"rotation":270,"texture":"#11"},"west":{"uv":[0,0,1,1],"rotation":270,"texture":"#11"},"up":{"uv":[0,0,1,1],"rotation":270,"texture":"#11"},"down":{"uv":[0,0,1,1],"rotation":270,"texture":"#11"}}},{"from":[7.5,-12,-11.5],"to":[8.5,-11,-3.5],"rotation":{"angle":0,"axis":"y","origin":[9,-8.5,-7.5]},"faces":{"north":{"uv":[0,0,1,1],"rotation":270,"texture":"#11"},"east":{"uv":[0,0,1,1],"rotation":270,"texture":"#11"},"south":{"uv":[0,0,1,1],"rotation":270,"texture":"#11"},"west":{"uv":[0,0,1,1],"rotation":270,"texture":"#11"},"up":{"uv":[0,0,1,1],"rotation":270,"texture":"#11"},"down":{"uv":[0,0,1,1],"rotation":270,"texture":"#11"}}},{"from":[11.35355,-12.64645,-8],"to":[12.35355,-10.64645,-7],"rotation":{"angle":45,"axis":"z","origin":[12.85355,-10.64645,-7.5]},"faces":{"north":{"uv":[0,0,1,1],"rotation":270,"texture":"#11"},"east":{"uv":[0,0,1,1],"rotation":270,"texture":"#11"},"south":{"uv":[0,0,1,1],"rotation":270,"texture":"#11"},"west":{"uv":[0,0,1,1],"rotation":270,"texture":"#11"},"up":{"uv":[0,0,1,1],"rotation":270,"texture":"#11"},"down":{"uv":[0,0,1,1],"rotation":270,"texture":"#11"}}},{"from":[4.5,-13,-8],"to":[5.5,-11,-7],"rotation":{"angle":-45,"axis":"z","origin":[4.5,-11,-7.5]},"faces":{"north":{"uv":[0,0,1,1],"rotation":270,"texture":"#11"},"east":{"uv":[0,0,1,1],"rotation":270,"texture":"#11"},"south":{"uv":[0,0,1,1],"rotation":270,"texture":"#11"},"west":{"uv":[0,0,1,1],"rotation":270,"texture":"#11"},"up":{"uv":[0,0,1,1],"rotation":270,"texture":"#11"},"down":{"uv":[0,0,1,1],"rotation":270,"texture":"#11"}}},{"from":[7.5,-13,-11.5],"to":[8.5,-11,-10.5],"rotation":{"angle":45,"axis":"x","origin":[9,-11,-11.5]},"faces":{"north":{"uv":[0,0,1,1],"rotation":270,"texture":"#11"},"east":{"uv":[0,0,1,1],"rotation":270,"texture":"#11"},"south":{"uv":[0,0,1,1],"rotation":270,"texture":"#11"},"west":{"uv":[0,0,1,1],"rotation":270,"texture":"#11"},"up":{"uv":[0,0,1,1],"rotation":270,"texture":"#11"},"down":{"uv":[0,0,1,1],"rotation":270,"texture":"#11"}}},{"from":[7.5,-12,-3.5],"to":[8.5,-11,-1.5],"rotation":{"angle":45,"axis":"x","origin":[9,-11,-3.5]},"faces":{"north":{"uv":[0,0,1,1],"rotation":270,"texture":"#11"},"east":{"uv":[0,0,1,1],"rotation":270,"texture":"#11"},"south":{"uv":[0,0,1,1],"rotation":270,"texture":"#11"},"west":{"uv":[0,0,1,1],"rotation":270,"texture":"#11"},"up":{"uv":[0,0,1,1],"rotation":270,"texture":"#11"},"down":{"uv":[0,0,1,1],"rotation":270,"texture":"#11"}}},{"from":[7.5,-11,-8],"to":[8.5,-3,-7],"rotation":{"angle":0,"axis":"y","origin":[9,7,8]},"faces":{"north":{"uv":[15,1,16,9],"texture":"#11"},"east":{"uv":[15,1,16,9],"texture":"#11"},"south":{"uv":[15,1,16,9],"texture":"#11"},"west":{"uv":[15,1,16,9],"texture":"#11"},"up":{"uv":[15,2,16,3],"texture":"#11"},"down":{"uv":[15,2,16,3],"texture":"#11"}}},{"from":[4.5,-3,-11.5],"to":[12.5,1,-3.5],"rotation":{"angle":0,"axis":"y","origin":[9,7,9]},"faces":{"north":{"uv":[0,0,8,4],"texture":"#5"},"east":{"uv":[0,0,8,4],"texture":"#5"},"south":{"uv":[0,0,8,4],"texture":"#5"},"west":{"uv":[0,0,8,4],"texture":"#5"},"up":{"uv":[0,0,8,8],"texture":"#5"},"down":{"uv":[0,0,8,8],"texture":"#5"}}},{"from":[12.9,-13.12,-8.1],"to":[14.1,-12.32,-6.9],"rotation":{"angle":0,"axis":"y","origin":[-12.1,-14.12248,10.99399]},"faces":{"north":{"uv":[1,1,1.5,1.5],"texture":"#11"},"east":{"uv":[1,1,1.5,1.5],"texture":"#11"},"south":{"uv":[1,1,1.5,1.5],"texture":"#11"},"west":{"uv":[1,1,1.5,1.5],"texture":"#11"},"up":{"uv":[1,1,1.5,1.5],"texture":"#11"},"down":{"uv":[1,1,1.5,1.5],"texture":"#11"}}},{"from":[2.9,-13.12,-8.1],"to":[4.1,-12.32,-6.9],"rotation":{"angle":0,"axis":"y","origin":[-12.1,-14.12248,10.99399]},"faces":{"north":{"uv":[1,1,1.5,1.5],"texture":"#11"},"east":{"uv":[1,1,1.5,1.5],"texture":"#11"},"south":{"uv":[1,1,1.5,1.5],"texture":"#11"},"west":{"uv":[1,1,1.5,1.5],"texture":"#11"},"up":{"uv":[1,1,1.5,1.5],"texture":"#11"},"down":{"uv":[1,1,1.5,1.5],"texture":"#11"}}},{"from":[7.4,-13.12,-13.1],"to":[8.6,-12.32,-11.9],"rotation":{"angle":0,"axis":"y","origin":[-12.1,-14.12248,10.99399]},"faces":{"north":{"uv":[1,1,1.5,1.5],"texture":"#11"},"east":{"uv":[1,1,1.5,1.5],"texture":"#11"},"south":{"uv":[1,1,1.5,1.5],"texture":"#11"},"west":{"uv":[1,1,1.5,1.5],"texture":"#11"},"up":{"uv":[1,1,1.5,1.5],"texture":"#11"},"down":{"uv":[1,1,1.5,1.5],"texture":"#11"}}},{"from":[2.9,-14.12,-8.1],"to":[4.1,-13.12,-6.9],"rotation":{"angle":0,"axis":"y","origin":[-1.5,-13.62,-7.5]},"faces":{"north":{"uv":[1,1,1.5,1.5],"texture":"#5"},"east":{"uv":[1,1,1.5,1.5],"texture":"#5"},"south":{"uv":[1,1,1.5,1.5],"texture":"#5"},"west":{"uv":[1,1,1.5,1.5],"texture":"#5"},"up":{"uv":[1,1,1.5,1.5],"texture":"#5"},"down":{"uv":[1,1,1.5,1.5],"texture":"#5"}}},{"from":[7.4,-14.12,-3.1],"to":[8.6,-13.12,-1.9],"rotation":{"angle":0,"axis":"y","origin":[3,-13.62,-2.5]},"faces":{"north":{"uv":[1,1,1.5,1.5],"texture":"#5"},"east":{"uv":[1,1,1.5,1.5],"texture":"#5"},"south":{"uv":[1,1,1.5,1.5],"texture":"#5"},"west":{"uv":[1,1,1.5,1.5],"texture":"#5"},"up":{"uv":[1,1,1.5,1.5],"texture":"#5"},"down":{"uv":[1,1,1.5,1.5],"texture":"#5"}}},{"from":[12.9,-14.12,-8.1],"to":[14.1,-13.12,-6.9],"rotation":{"angle":0,"axis":"y","origin":[8.5,-13.62,-7.5]},"faces":{"north":{"uv":[1,1,1.5,1.5],"texture":"#5"},"east":{"uv":[1,1,1.5,1.5],"texture":"#5"},"south":{"uv":[1,1,1.5,1.5],"texture":"#5"},"west":{"uv":[1,1,1.5,1.5],"texture":"#5"},"up":{"uv":[1,1,1.5,1.5],"texture":"#5"},"down":{"uv":[1,1,1.5,1.5],"texture":"#5"}}},{"from":[7.4,-14.12,-13.1],"to":[8.6,-13.12,-11.9],"rotation":{"angle":0,"axis":"y","origin":[3,-13.62,-12.5]},"faces":{"north":{"uv":[1,1,1.5,1.5],"texture":"#5"},"east":{"uv":[1,1,1.5,1.5],"texture":"#5"},"south":{"uv":[1,1,1.5,1.5],"texture":"#5"},"west":{"uv":[1,1,1.5,1.5],"texture":"#5"},"up":{"uv":[1,1,1.5,1.5],"texture":"#5"},"down":{"uv":[1,1,1.5,1.5],"texture":"#5"}}},{"from":[7.4,-13.12,-3.1],"to":[8.6,-12.32,-1.9],"rotation":{"angle":0,"axis":"y","origin":[-12.1,-14.12248,10.99399]},"faces":{"north":{"uv":[1,1,1.5,1.5],"texture":"#11"},"east":{"uv":[1,1,1.5,1.5],"texture":"#11"},"south":{"uv":[1,1,1.5,1.5],"texture":"#11"},"west":{"uv":[1,1,1.5,1.5],"texture":"#11"},"up":{"uv":[1,1,1.5,1.5],"texture":"#11"},"down":{"uv":[1,1,1.5,1.5],"texture":"#11"}}},{"from":[6.75,-4.36986,-7.71678],"to":[7.25,-1.86986,-7.46678],"rotation":{"angle":22.5,"axis":"x","origin":[6.75,-2.36986,-8.21678]},"faces":{"north":{"uv":[1,8,2,9],"rotation":180,"texture":"#11"},"east":{"uv":[1,8,2,9],"texture":"#11"},"south":{"uv":[1,8,2,9],"texture":"#11"},"west":{"uv":[1,8,2,9],"texture":"#11"},"up":{"uv":[1,8,2,9],"texture":"#11"},"down":{"uv":[1,8,2,9],"texture":"#11"}}},{"from":[6.5,-4.50463,-9.78924],"to":[7.5,-4.00463,-8.28924],"rotation":{"angle":0,"axis":"x","origin":[7,-3.75463,-7.78924]},"faces":{"north":{"uv":[1,8,2,9],"texture":"#11"},"east":{"uv":[1,8,2,9],"texture":"#11"},"south":{"uv":[1,8,2,9],"texture":"#11"},"west":{"uv":[1,8,2,9],"texture":"#11"},"up":{"uv":[1,8,2,9],"texture":"#11"},"down":{"uv":[1,8,2,9],"texture":"#11"}}},{"from":[3.5,12.65992,6.9],"to":[12.5,21.65992,6.9],"rotation":{"angle":22.5,"axis":"x","origin":[3.5,17.15992,7.71069]},"faces":{"north":{"uv":[2,1,15,15],"texture":"#13"},"east":{"uv":[0,0,1,1],"texture":"#13"},"south":{"uv":[15,1,2,15],"texture":"#13"},"west":{"uv":[0,0,1,1],"texture":"#13"},"up":{"uv":[0,0,1,1],"texture":"#13"},"down":{"uv":[0,0,1,1],"texture":"#13"}}}],"display":{"thirdperson_righthand":{"translation":[0,7.75,0]},"ground":{"translation":[0,12.5,0],"scale":[0.7,0.7,0.7]},"gui":{"rotation":[30,-135,0],"translation":[0.25,-0.25,0.75],"scale":[0.2,0.2,0.2]},"head":{"rotation":[0,-180,0],"translation":[0.75,17,-19],"scale":[1.25,1.25,1.25]}},"groups":[{"name":"blok voor","origin":[35,10,8],"color":0,"children":[0,1,2,3,4,5]},{"name":"frame","origin":[35,24,30],"color":0,"children":[6,7,8,9,10,11,12,13,14,15,16,17]},{"name":"kast","origin":[8,8,18],"color":0,"children":[18,19,20,21,22,23,24,25,26]},{"name":"deksel","origin":[24,31,17],"color":0,"children":[27,28,29]},{"name":"bodem","origin":[24,31,17],"color":0,"children":[30,31,32]},{"name":"piano","origin":[8,8,8],"color":0,"children":[33,34,35,36,37,38]},{"name":"zwarte toetsen","origin":[32,13,11],"color":0,"children":[39,40,41,42,43,44,45,46,47,48,49,50,51,52]},{"name":"kelp","origin":[4,10,9],"color":0,"children":[53,54,55,56,57,58,59,60,61,62]},{"name":"pedalen","origin":[8,8,8],"color":0,"children":[63,64,65,66,67,68]},{"name":"wielen","origin":[8,-2,8],"color":0,"children":[69]},{"name":"wielen","origin":[8,-2,8],"color":0,"children":[70,71,72,73,74,75,76,77,78]},{"name":"wielen","origin":[8,-2,8],"color":0,"children":[79]},{"name":"wielen","origin":[8,-2,8],"color":0,"children":[80]},{"name":"stoel","origin":[8,-2,8],"color":0,"children":[{"name":"group","origin":[8,8,8],"color":0,"children":[81,82,83,84,85,86,87,88]},{"name":"wielen","origin":[8,-2,8],"color":0,"children":[89]},{"name":"wielen","origin":[8,-2,8],"color":0,"children":[90]},{"name":"wielen","origin":[8,-2,8],"color":0,"children":[91,92,93,94,95]},{"name":"wielen","origin":[8,-2,8],"color":0,"children":[96]},97,98]},99],"credit":"Model by Craftventure"}