{"textures":{"0":"block/iron_block","1":"block/anvil","2":"block/black_concrete","3":"block/light_gray_concrete"},"elements":[{"from":[0,0,0],"to":[1,17,1],"faces":{"north":{"uv":[0,0,1,16],"texture":"#0"},"east":{"uv":[0,0,1,16],"texture":"#0"},"south":{"uv":[0,0,1,16],"texture":"#0"},"west":{"uv":[0,0,1,16],"texture":"#0"},"up":{"uv":[0,0,1,1],"texture":"#0"},"down":{"uv":[0,0,1,1],"texture":"#0"}}},{"from":[12,0,0],"to":[13,13,1],"faces":{"north":{"uv":[0,0,1,13],"texture":"#0"},"east":{"uv":[0,0,1,13],"texture":"#0"},"south":{"uv":[0,0,1,13],"texture":"#0"},"west":{"uv":[0,0,1,13],"texture":"#0"},"up":{"uv":[0,0,1,1],"texture":"#0"},"down":{"uv":[0,0,1,1],"texture":"#0"}}},{"from":[12,0,15],"to":[13,13,16],"faces":{"north":{"uv":[0,0,1,13],"texture":"#0"},"east":{"uv":[0,0,1,13],"texture":"#0"},"south":{"uv":[0,0,1,13],"texture":"#0"},"west":{"uv":[0,0,1,13],"texture":"#0"},"up":{"uv":[0,0,1,1],"texture":"#0"},"down":{"uv":[0,0,1,1],"texture":"#0"}}},{"from":[0,0,15],"to":[1,17,16],"faces":{"north":{"uv":[0,0,1,16],"texture":"#0"},"east":{"uv":[0,0,1,16],"texture":"#0"},"south":{"uv":[0,0,1,16],"texture":"#0"},"west":{"uv":[0,0,1,16],"texture":"#0"},"up":{"uv":[0,0,1,1],"texture":"#0"},"down":{"uv":[0,0,1,1],"texture":"#0"}}},{"from":[-3,16,15],"to":[0,17,16],"faces":{"north":{"uv":[0,0,3,1],"texture":"#0"},"east":{"uv":[0,0,1,1],"texture":"#0"},"south":{"uv":[0,0,3,1],"texture":"#0"},"west":{"uv":[0,0,1,1],"texture":"#0"},"up":{"uv":[0,0,3,1],"texture":"#0"},"down":{"uv":[0,0,3,1],"texture":"#0"}}},{"from":[-3,16,0],"to":[0,17,1],"faces":{"north":{"uv":[0,0,3,1],"texture":"#0"},"east":{"uv":[0,0,1,1],"texture":"#0"},"south":{"uv":[0,0,3,1],"texture":"#0"},"west":{"uv":[0,0,1,1],"texture":"#0"},"up":{"uv":[0,0,3,1],"texture":"#0"},"down":{"uv":[0,0,3,1],"texture":"#0"}}},{"from":[1,12,15],"to":[12,13,16],"faces":{"north":{"uv":[0,0,11,1],"texture":"#0"},"east":{"uv":[0,0,1,1],"texture":"#0"},"south":{"uv":[0,0,11,1],"texture":"#0"},"west":{"uv":[0,0,1,1],"texture":"#0"},"up":{"uv":[0,0,11,1],"texture":"#0"},"down":{"uv":[0,0,11,1],"texture":"#0"}}},{"from":[1,12,0],"to":[12,13,1],"faces":{"north":{"uv":[0,0,11,1],"texture":"#0"},"east":{"uv":[0,0,1,1],"texture":"#0"},"south":{"uv":[0,0,11,1],"texture":"#0"},"west":{"uv":[0,0,1,1],"texture":"#0"},"up":{"uv":[0,0,11,1],"texture":"#0"},"down":{"uv":[0,0,11,1],"texture":"#0"}}},{"from":[1,0,0],"to":[12,1,1],"faces":{"north":{"uv":[0,0,11,1],"texture":"#0"},"east":{"uv":[0,0,1,1],"texture":"#0"},"south":{"uv":[0,0,11,1],"texture":"#0"},"west":{"uv":[0,0,1,1],"texture":"#0"},"up":{"uv":[0,0,11,1],"texture":"#0"},"down":{"uv":[0,0,11,1],"texture":"#0"}}},{"from":[1,0,15],"to":[12,1,16],"faces":{"north":{"uv":[0,0,11,1],"texture":"#0"},"east":{"uv":[0,0,1,1],"texture":"#0"},"south":{"uv":[0,0,11,1],"texture":"#0"},"west":{"uv":[0,0,1,1],"texture":"#0"},"up":{"uv":[0,0,11,1],"texture":"#0"},"down":{"uv":[0,0,11,1],"texture":"#0"}}},{"from":[1,6,15],"to":[12,7.5,16],"faces":{"north":{"uv":[0,0,11,1.5],"texture":"#0"},"east":{"uv":[0,0,1,1.5],"texture":"#0"},"south":{"uv":[0,0,11,1.5],"texture":"#0"},"west":{"uv":[0,0,1,1.5],"texture":"#0"},"up":{"uv":[0,0,11,1],"texture":"#0"},"down":{"uv":[0,0,11,1],"texture":"#0"}}},{"from":[1,6,0],"to":[12,7.5,1],"faces":{"north":{"uv":[0,0,11,1.5],"texture":"#0"},"east":{"uv":[0,0,1,1.5],"texture":"#0"},"south":{"uv":[0,0,11,1.5],"texture":"#0"},"west":{"uv":[0,0,1,1.5],"texture":"#0"},"up":{"uv":[0,0,11,1],"texture":"#0"},"down":{"uv":[0,0,11,1],"texture":"#0"}}},{"from":[1,6.3,1],"to":[12,7.3,15],"faces":{"north":{"uv":[0,0,11,1],"texture":"#0"},"east":{"uv":[0,0,14,1],"texture":"#0"},"south":{"uv":[0,0,11,1],"texture":"#0"},"west":{"uv":[0,0,14,1],"texture":"#0"},"up":{"uv":[0,0,11,14],"texture":"#0"},"down":{"uv":[0,0,11,14],"texture":"#0"}}},{"from":[1,8,0.2],"to":[12,11,0.8],"faces":{"north":{"uv":[0,0,11,3],"texture":"#0"},"east":{"uv":[0,0,0.6,3],"texture":"#0"},"south":{"uv":[0,0,11,3],"texture":"#0"},"west":{"uv":[0,0,0.6,3],"texture":"#0"},"up":{"uv":[0,0,11,0.6],"texture":"#0"},"down":{"uv":[0,0,11,0.6],"texture":"#0"}}},{"from":[1,8,15.2],"to":[12,11,15.8],"faces":{"north":{"uv":[0,0,11,3],"texture":"#0"},"east":{"uv":[0,0,0.6,3],"texture":"#0"},"south":{"uv":[0,0,11,3],"texture":"#0"},"west":{"uv":[0,0,0.6,3],"texture":"#0"},"up":{"uv":[0,0,11,0.6],"texture":"#0"},"down":{"uv":[0,0,11,0.6],"texture":"#0"}}},{"from":[0.2,9.3,1],"to":[0.8,14.3,15],"faces":{"north":{"uv":[0,0,0.6,5],"texture":"#1"},"east":{"uv":[0,0,14,5],"texture":"#1"},"south":{"uv":[0,0,0.6,5],"texture":"#1"},"west":{"uv":[0,0,14,5],"texture":"#1"},"up":{"uv":[0,0,0.6,14],"texture":"#1"},"down":{"uv":[0,0,0.6,14],"texture":"#1"}}},{"from":[13,5,15.2],"to":[14,5.6,15.8],"faces":{"north":{"uv":[0,0,1,0.6],"texture":"#0"},"east":{"uv":[0,0,0.6,0.6],"texture":"#0"},"south":{"uv":[0,0,1,0.6],"texture":"#0"},"west":{"uv":[0,0,0.6,0.6],"texture":"#0"},"up":{"uv":[0,0,1,0.6],"texture":"#0"},"down":{"uv":[0,0,1,0.6],"texture":"#0"}}},{"from":[13.95,9.95,15.2],"to":[17.95,10.55,15.8],"rotation":{"angle":-45,"axis":"z","origin":[8,8,8]},"faces":{"north":{"uv":[0,0,4,0.6],"texture":"#0"},"east":{"uv":[0,0,0.6,0.6],"texture":"#0"},"south":{"uv":[0,0,4,0.6],"texture":"#0"},"west":{"uv":[0,0,0.6,0.6],"texture":"#0"},"up":{"uv":[0,0,4,0.6],"texture":"#0"},"down":{"uv":[0,0,4,0.6],"texture":"#0"}}},{"from":[13,5,0.2],"to":[14,5.6,0.8],"faces":{"north":{"uv":[0,0,1,0.6],"texture":"#0"},"east":{"uv":[0,0,0.6,0.6],"texture":"#0"},"south":{"uv":[0,0,1,0.6],"texture":"#0"},"west":{"uv":[0,0,0.6,0.6],"texture":"#0"},"up":{"uv":[0,0,1,0.6],"texture":"#0"},"down":{"uv":[0,0,1,0.6],"texture":"#0"}}},{"from":[13.95,9.95,0.2],"to":[17.95,10.55,0.8],"rotation":{"angle":-45,"axis":"z","origin":[8,8,8]},"faces":{"north":{"uv":[0,0,4,0.6],"texture":"#0"},"east":{"uv":[0,0,0.6,0.6],"texture":"#0"},"south":{"uv":[0,0,4,0.6],"texture":"#0"},"west":{"uv":[0,0,0.6,0.6],"texture":"#0"},"up":{"uv":[0,0,4,0.6],"texture":"#0"},"down":{"uv":[0,0,4,0.6],"texture":"#0"}}},{"from":[17.95,9.95,0.2],"to":[18.35,13.55,3.8],"rotation":{"angle":-45,"axis":"z","origin":[8,8,8]},"faces":{"north":{"uv":[0,0,0.4,3.6],"texture":"#1"},"east":{"uv":[0,0,3.6,3.6],"texture":"#1"},"south":{"uv":[0,0,0.4,3.6],"texture":"#1"},"west":{"uv":[0,0,3.6,3.6],"texture":"#1"},"up":{"uv":[0,0,0.4,3.6],"texture":"#1"},"down":{"uv":[0,0,0.4,3.6],"texture":"#1"}}},{"from":[17.95,9.95,12.2],"to":[18.35,13.55,15.8],"rotation":{"angle":-45,"axis":"z","origin":[8,8,8]},"faces":{"north":{"uv":[0,0,0.4,3.6],"texture":"#1"},"east":{"uv":[0,0,3.6,3.6],"texture":"#1"},"south":{"uv":[0,0,0.4,3.6],"texture":"#1"},"west":{"uv":[0,0,3.6,3.6],"texture":"#1"},"up":{"uv":[0,0,0.4,3.6],"texture":"#1"},"down":{"uv":[0,0,0.4,3.6],"texture":"#1"}}},{"from":[-2.5,10,16.2],"to":[3.5,10.6,16.8],"faces":{"north":{"uv":[0,0,6,0.6],"texture":"#2"},"east":{"uv":[0,0,0.6,0.6],"texture":"#2"},"south":{"uv":[0,0,6,0.6],"texture":"#2"},"west":{"uv":[0,0,0.6,0.6],"texture":"#2"},"up":{"uv":[0,0,6,0.6],"texture":"#2"},"down":{"uv":[0,0,6,0.6],"texture":"#2"}}},{"from":[-2.5,-3,16.2],"to":[3.5,-2.4,16.8],"faces":{"north":{"uv":[0,0,6,0.6],"texture":"#2"},"east":{"uv":[0,0,0.6,0.6],"texture":"#2"},"south":{"uv":[0,0,6,0.6],"texture":"#2"},"west":{"uv":[0,0,0.6,0.6],"texture":"#2"},"up":{"uv":[0,0,6,0.6],"texture":"#2"},"down":{"uv":[0,0,6,0.6],"texture":"#2"}}},{"from":[-6.7,1.2,16.2],"to":[-6.1,6.5,16.8],"faces":{"north":{"uv":[0,0,0.6,5.3],"texture":"#2"},"east":{"uv":[0,0,0.6,5.3],"texture":"#2"},"south":{"uv":[0,0,0.6,5.3],"texture":"#2"},"west":{"uv":[0,0,0.6,5.3],"texture":"#2"},"up":{"uv":[0,0,0.6,0.6],"texture":"#2"},"down":{"uv":[0,0,0.6,0.6],"texture":"#2"}}},{"from":[-1.3,-3.5,16.2],"to":[-0.7,2.4,16.8],"rotation":{"angle":-45,"axis":"z","origin":[8,8,8]},"faces":{"north":{"uv":[0,0,0.6,5.9],"texture":"#2"},"east":{"uv":[0,0,0.6,5.9],"texture":"#2"},"south":{"uv":[0,0,0.6,5.9],"texture":"#2"},"west":{"uv":[0,0,0.6,5.9],"texture":"#2"},"up":{"uv":[0,0,0.6,0.6],"texture":"#2"},"down":{"uv":[0,0,0.6,0.6],"texture":"#2"}}},{"from":[12,-3,16.2],"to":[12.6,3,16.8],"rotation":{"angle":-45,"axis":"z","origin":[8,8,8]},"faces":{"north":{"uv":[0,0,0.6,6],"texture":"#2"},"east":{"uv":[0,0,0.6,6],"texture":"#2"},"south":{"uv":[0,0,0.6,6],"texture":"#2"},"west":{"uv":[0,0,0.6,6],"texture":"#2"},"up":{"uv":[0,0,0.6,0.6],"texture":"#2"},"down":{"uv":[0,0,0.6,0.6],"texture":"#2"}}},{"from":[6.1,7.1,16.2],"to":[6.7,13,16.8],"rotation":{"angle":45,"axis":"z","origin":[8,8,8]},"faces":{"north":{"uv":[0,0,0.6,5.9],"texture":"#2"},"east":{"uv":[0,0,0.6,5.9],"texture":"#2"},"south":{"uv":[0,0,0.6,5.9],"texture":"#2"},"west":{"uv":[0,0,0.6,5.9],"texture":"#2"},"up":{"uv":[0,0,0.6,0.6],"texture":"#2"},"down":{"uv":[0,0,0.6,0.6],"texture":"#2"}}},{"from":[7.1,1.2,16.2],"to":[7.7,6.5,16.8],"faces":{"north":{"uv":[0,0,0.6,5.3],"texture":"#2"},"east":{"uv":[0,0,0.6,5.3],"texture":"#2"},"south":{"uv":[0,0,0.6,5.3],"texture":"#2"},"west":{"uv":[0,0,0.6,5.3],"texture":"#2"},"up":{"uv":[0,0,0.6,0.6],"texture":"#2"},"down":{"uv":[0,0,0.6,0.6],"texture":"#2"}}},{"from":[-7.2,7.7,16.2],"to":[-6.6,13.6,16.8],"rotation":{"angle":45,"axis":"z","origin":[8,8,8]},"faces":{"north":{"uv":[0,0,0.6,5.9],"texture":"#2"},"east":{"uv":[0,0,0.6,5.9],"texture":"#2"},"south":{"uv":[0,0,0.6,5.9],"texture":"#2"},"west":{"uv":[0,0,0.6,5.9],"texture":"#2"},"up":{"uv":[0,0,0.6,0.6],"texture":"#2"},"down":{"uv":[0,0,0.6,0.6],"texture":"#2"}}},{"from":[-6.6,9.9,16.3],"to":[6.1,10.8,16.7],"rotation":{"angle":45,"axis":"z","origin":[8,8,8]},"faces":{"north":{"uv":[0,0,12.7,0.9],"texture":"#1"},"east":{"uv":[0,0,0.4,0.9],"texture":"#1"},"south":{"uv":[0,0,12.7,0.9],"texture":"#1"},"west":{"uv":[0,0,0.4,0.9],"texture":"#1"},"up":{"uv":[0,0,12.7,0.4],"texture":"#1"},"down":{"uv":[0,0,12.7,0.4],"texture":"#1"}}},{"from":[-0.7,-0.6,16.3],"to":[12.1,0.3,16.7],"rotation":{"angle":-45,"axis":"z","origin":[8,8,8]},"faces":{"north":{"uv":[0,0,12.8,0.9],"texture":"#1"},"east":{"uv":[0,0,0.4,0.9],"texture":"#1"},"south":{"uv":[0,0,12.8,0.9],"texture":"#1"},"west":{"uv":[0,0,0.4,0.9],"texture":"#1"},"up":{"uv":[0,0,12.8,0.4],"texture":"#1"},"down":{"uv":[0,0,12.8,0.4],"texture":"#1"}}},{"from":[-6.5,3.4,16.3],"to":[7.2,4.3,16.7],"faces":{"north":{"uv":[0,0,13.7,0.9],"texture":"#1"},"east":{"uv":[0,0,0.4,0.9],"texture":"#1"},"south":{"uv":[0,0,13.7,0.9],"texture":"#1"},"west":{"uv":[0,0,0.4,0.9],"texture":"#1"},"up":{"uv":[0,0,13.7,0.4],"texture":"#1"},"down":{"uv":[0,0,13.7,0.4],"texture":"#1"}}},{"from":[0.1,-2.6,16.3],"to":[1,10,16.7],"faces":{"north":{"uv":[0,0,0.9,12.6],"texture":"#1"},"east":{"uv":[0,0,0.4,12.6],"texture":"#1"},"south":{"uv":[0,0,0.9,12.6],"texture":"#1"},"west":{"uv":[0,0,0.4,12.6],"texture":"#1"},"up":{"uv":[0,0,0.9,0.4],"texture":"#1"},"down":{"uv":[0,0,0.9,0.4],"texture":"#1"}}},{"from":[-6.7,1.2,-0.8],"to":[-6.1,6.5,-0.2],"faces":{"north":{"uv":[0,0,0.6,5.3],"texture":"#2"},"east":{"uv":[0,0,0.6,5.3],"texture":"#2"},"south":{"uv":[0,0,0.6,5.3],"texture":"#2"},"west":{"uv":[0,0,0.6,5.3],"texture":"#2"},"up":{"uv":[0,0,0.6,0.6],"texture":"#2"},"down":{"uv":[0,0,0.6,0.6],"texture":"#2"}}},{"from":[-2.5,-3,-0.8],"to":[3.5,-2.4,-0.2],"faces":{"north":{"uv":[0,0,6,0.6],"texture":"#2"},"east":{"uv":[0,0,0.6,0.6],"texture":"#2"},"south":{"uv":[0,0,6,0.6],"texture":"#2"},"west":{"uv":[0,0,0.6,0.6],"texture":"#2"},"up":{"uv":[0,0,6,0.6],"texture":"#2"},"down":{"uv":[0,0,6,0.6],"texture":"#2"}}},{"from":[7.1,1.2,-0.8],"to":[7.7,6.5,-0.2],"faces":{"north":{"uv":[0,0,0.6,5.3],"texture":"#2"},"east":{"uv":[0,0,0.6,5.3],"texture":"#2"},"south":{"uv":[0,0,0.6,5.3],"texture":"#2"},"west":{"uv":[0,0,0.6,5.3],"texture":"#2"},"up":{"uv":[0,0,0.6,0.6],"texture":"#2"},"down":{"uv":[0,0,0.6,0.6],"texture":"#2"}}},{"from":[-2.5,10,-0.8],"to":[3.5,10.6,-0.2],"faces":{"north":{"uv":[0,0,6,0.6],"texture":"#2"},"east":{"uv":[0,0,0.6,0.6],"texture":"#2"},"south":{"uv":[0,0,6,0.6],"texture":"#2"},"west":{"uv":[0,0,0.6,0.6],"texture":"#2"},"up":{"uv":[0,0,6,0.6],"texture":"#2"},"down":{"uv":[0,0,6,0.6],"texture":"#2"}}},{"from":[-1.3,-3.5,-0.8],"to":[-0.7,2.4,-0.2],"rotation":{"angle":-45,"axis":"z","origin":[8,8,8]},"faces":{"north":{"uv":[0,0,0.6,5.9],"texture":"#2"},"east":{"uv":[0,0,0.6,5.9],"texture":"#2"},"south":{"uv":[0,0,0.6,5.9],"texture":"#2"},"west":{"uv":[0,0,0.6,5.9],"texture":"#2"},"up":{"uv":[0,0,0.6,0.6],"texture":"#2"},"down":{"uv":[0,0,0.6,0.6],"texture":"#2"}}},{"from":[-7.2,7.7,-0.8],"to":[-6.6,13.6,-0.2],"rotation":{"angle":45,"axis":"z","origin":[8,8,8]},"faces":{"north":{"uv":[0,0,0.6,5.9],"texture":"#2"},"east":{"uv":[0,0,0.6,5.9],"texture":"#2"},"south":{"uv":[0,0,0.6,5.9],"texture":"#2"},"west":{"uv":[0,0,0.6,5.9],"texture":"#2"},"up":{"uv":[0,0,0.6,0.6],"texture":"#2"},"down":{"uv":[0,0,0.6,0.6],"texture":"#2"}}},{"from":[12,-3,-0.8],"to":[12.6,3,-0.2],"rotation":{"angle":-45,"axis":"z","origin":[8,8,8]},"faces":{"north":{"uv":[0,0,0.6,6],"texture":"#2"},"east":{"uv":[0,0,0.6,6],"texture":"#2"},"south":{"uv":[0,0,0.6,6],"texture":"#2"},"west":{"uv":[0,0,0.6,6],"texture":"#2"},"up":{"uv":[0,0,0.6,0.6],"texture":"#2"},"down":{"uv":[0,0,0.6,0.6],"texture":"#2"}}},{"from":[6.1,7.1,-0.8],"to":[6.7,13,-0.2],"rotation":{"angle":45,"axis":"z","origin":[8,8,8]},"faces":{"north":{"uv":[0,0,0.6,5.9],"texture":"#2"},"east":{"uv":[0,0,0.6,5.9],"texture":"#2"},"south":{"uv":[0,0,0.6,5.9],"texture":"#2"},"west":{"uv":[0,0,0.6,5.9],"texture":"#2"},"up":{"uv":[0,0,0.6,0.6],"texture":"#2"},"down":{"uv":[0,0,0.6,0.6],"texture":"#2"}}},{"from":[-6.5,3.4,-0.7],"to":[7.2,4.3,-0.3],"faces":{"north":{"uv":[0,0,13.7,0.9],"texture":"#1"},"east":{"uv":[0,0,0.4,0.9],"texture":"#1"},"south":{"uv":[0,0,13.7,0.9],"texture":"#1"},"west":{"uv":[0,0,0.4,0.9],"texture":"#1"},"up":{"uv":[0,0,13.7,0.4],"texture":"#1"},"down":{"uv":[0,0,13.7,0.4],"texture":"#1"}}},{"from":[-0.7,-0.6,-0.7],"to":[12.1,0.3,-0.3],"rotation":{"angle":-45,"axis":"z","origin":[8,8,8]},"faces":{"north":{"uv":[0,0,12.8,0.9],"texture":"#1"},"east":{"uv":[0,0,0.4,0.9],"texture":"#1"},"south":{"uv":[0,0,12.8,0.9],"texture":"#1"},"west":{"uv":[0,0,0.4,0.9],"texture":"#1"},"up":{"uv":[0,0,12.8,0.4],"texture":"#1"},"down":{"uv":[0,0,12.8,0.4],"texture":"#1"}}},{"from":[-6.6,9.9,-0.7],"to":[6.1,10.8,-0.3],"rotation":{"angle":45,"axis":"z","origin":[8,8,8]},"faces":{"north":{"uv":[0,0,12.7,0.9],"texture":"#1"},"east":{"uv":[0,0,0.4,0.9],"texture":"#1"},"south":{"uv":[0,0,12.7,0.9],"texture":"#1"},"west":{"uv":[0,0,0.4,0.9],"texture":"#1"},"up":{"uv":[0,0,12.7,0.4],"texture":"#1"},"down":{"uv":[0,0,12.7,0.4],"texture":"#1"}}},{"from":[0.1,-2.6,-0.7],"to":[1,10,-0.3],"faces":{"north":{"uv":[0,0,0.9,12.6],"texture":"#1"},"east":{"uv":[0,0,0.4,12.6],"texture":"#1"},"south":{"uv":[0,0,0.9,12.6],"texture":"#1"},"west":{"uv":[0,0,0.4,12.6],"texture":"#1"},"up":{"uv":[0,0,0.9,0.4],"texture":"#1"},"down":{"uv":[0,0,0.9,0.4],"texture":"#1"}}},{"from":[11.5,-3,16.2],"to":[13.5,-2.4,16.8],"faces":{"north":{"uv":[0,0,2,0.6],"texture":"#2"},"east":{"uv":[0,0,0.6,0.6],"texture":"#2"},"south":{"uv":[0,0,2,0.6],"texture":"#2"},"west":{"uv":[0,0,0.6,0.6],"texture":"#2"},"up":{"uv":[0,0,2,0.6],"texture":"#2"},"down":{"uv":[0,0,2,0.6],"texture":"#2"}}},{"from":[11.5,1.3,16.2],"to":[13.5,1.9,16.8],"faces":{"north":{"uv":[0,0,2,0.6],"texture":"#2"},"east":{"uv":[0,0,0.6,0.6],"texture":"#2"},"south":{"uv":[0,0,2,0.6],"texture":"#2"},"west":{"uv":[0,0,0.6,0.6],"texture":"#2"},"up":{"uv":[0,0,2,0.6],"texture":"#2"},"down":{"uv":[0,0,2,0.6],"texture":"#2"}}},{"from":[14.35,-1.5,16.2],"to":[14.95,0.5,16.8],"faces":{"north":{"uv":[0,0,0.6,2],"texture":"#2"},"east":{"uv":[0,0,0.6,2],"texture":"#2"},"south":{"uv":[0,0,0.6,2],"texture":"#2"},"west":{"uv":[0,0,0.6,2],"texture":"#2"},"up":{"uv":[0,0,0.6,0.6],"texture":"#2"},"down":{"uv":[0,0,0.6,0.6],"texture":"#2"}}},{"from":[10,-1.5,16.2],"to":[10.6,0.4,16.8],"faces":{"north":{"uv":[0,0,0.6,1.9],"texture":"#2"},"east":{"uv":[0,0,0.6,1.9],"texture":"#2"},"south":{"uv":[0,0,0.6,1.9],"texture":"#2"},"west":{"uv":[0,0,0.6,1.9],"texture":"#2"},"up":{"uv":[0,0,0.6,0.6],"texture":"#2"},"down":{"uv":[0,0,0.6,0.6],"texture":"#2"}}},{"from":[16.1,2.7,16.2],"to":[18.2,3.3,16.8],"rotation":{"angle":-45,"axis":"z","origin":[8,8,8]},"faces":{"north":{"uv":[0,0,2.1,0.6],"texture":"#2"},"east":{"uv":[0,0,0.6,0.6],"texture":"#2"},"south":{"uv":[0,0,2.1,0.6],"texture":"#2"},"west":{"uv":[0,0,0.6,0.6],"texture":"#2"},"up":{"uv":[0,0,2.1,0.6],"texture":"#2"},"down":{"uv":[0,0,2.1,0.6],"texture":"#2"}}},{"from":[16.25,7,16.2],"to":[18.25,7.6,16.8],"rotation":{"angle":-45,"axis":"z","origin":[8,8,8]},"faces":{"north":{"uv":[0,0,2,0.6],"texture":"#2"},"east":{"uv":[0,0,0.6,0.6],"texture":"#2"},"south":{"uv":[0,0,2,0.6],"texture":"#2"},"west":{"uv":[0,0,0.6,0.6],"texture":"#2"},"up":{"uv":[0,0,2,0.6],"texture":"#2"},"down":{"uv":[0,0,2,0.6],"texture":"#2"}}},{"from":[4.05,0.6,16.2],"to":[6.15,1.2,16.8],"rotation":{"angle":45,"axis":"z","origin":[8,8,8]},"faces":{"north":{"uv":[0,0,2.1,0.6],"texture":"#2"},"east":{"uv":[0,0,0.6,0.6],"texture":"#2"},"south":{"uv":[0,0,2.1,0.6],"texture":"#2"},"west":{"uv":[0,0,0.6,0.6],"texture":"#2"},"up":{"uv":[0,0,2.1,0.6],"texture":"#2"},"down":{"uv":[0,0,2.1,0.6],"texture":"#2"}}},{"from":[4.05,-3.65,16.2],"to":[6.15,-3.05,16.8],"rotation":{"angle":45,"axis":"z","origin":[8,8,8]},"faces":{"north":{"uv":[0,0,2.1,0.6],"texture":"#2"},"east":{"uv":[0,0,0.6,0.6],"texture":"#2"},"south":{"uv":[0,0,2.1,0.6],"texture":"#2"},"west":{"uv":[0,0,0.6,0.6],"texture":"#2"},"up":{"uv":[0,0,2.1,0.6],"texture":"#2"},"down":{"uv":[0,0,2.1,0.6],"texture":"#2"}}},{"from":[12,-1,15],"to":[13,0,16],"faces":{"north":{"uv":[0,0,1,1],"texture":"#3"},"east":{"uv":[0,0,1,1],"texture":"#3"},"south":{"uv":[0,0,1,1],"texture":"#3"},"west":{"uv":[0,0,1,1],"texture":"#3"},"up":{"uv":[0,0,1,1],"texture":"#3"},"down":{"uv":[0,0,1,1],"texture":"#3"}}},{"from":[10.5,-0.8,16.3],"to":[14.4,-0.2,16.7],"faces":{"north":{"uv":[0,0,3.9,0.6],"texture":"#1"},"east":{"uv":[0,0,0.4,0.6],"texture":"#1"},"south":{"uv":[0,0,3.9,0.6],"texture":"#1"},"west":{"uv":[0,0,0.4,0.6],"texture":"#1"},"up":{"uv":[0,0,3.9,0.4],"texture":"#1"},"down":{"uv":[0,0,3.9,0.4],"texture":"#1"}}},{"from":[3.2,-1.5,16.3],"to":[7.1,-0.9,16.7],"rotation":{"angle":45,"axis":"z","origin":[8,8,8]},"faces":{"north":{"uv":[0,0,3.9,0.6],"texture":"#1"},"east":{"uv":[0,0,0.4,0.6],"texture":"#1"},"south":{"uv":[0,0,3.9,0.6],"texture":"#1"},"west":{"uv":[0,0,0.4,0.6],"texture":"#1"},"up":{"uv":[0,0,3.9,0.4],"texture":"#1"},"down":{"uv":[0,0,3.9,0.4],"texture":"#1"}}},{"from":[15.2,4.9,16.3],"to":[19.1,5.5,16.7],"rotation":{"angle":-45,"axis":"z","origin":[8,8,8]},"faces":{"north":{"uv":[0,0,3.9,0.6],"texture":"#1"},"east":{"uv":[0,0,0.4,0.6],"texture":"#1"},"south":{"uv":[0,0,3.9,0.6],"texture":"#1"},"west":{"uv":[0,0,0.4,0.6],"texture":"#1"},"up":{"uv":[0,0,3.9,0.4],"texture":"#1"},"down":{"uv":[0,0,3.9,0.4],"texture":"#1"}}},{"from":[12.2,-2.4,16.3],"to":[12.8,1.5,16.7],"faces":{"north":{"uv":[0,0,0.6,3.9],"texture":"#1"},"east":{"uv":[0,0,0.4,3.9],"texture":"#1"},"south":{"uv":[0,0,0.6,3.9],"texture":"#1"},"west":{"uv":[0,0,0.4,3.9],"texture":"#1"},"up":{"uv":[0,0,0.6,0.4],"texture":"#1"},"down":{"uv":[0,0,0.6,0.4],"texture":"#1"}}},{"from":[12,-1,0],"to":[13,0,1],"faces":{"north":{"uv":[0,0,1,1],"texture":"#3"},"east":{"uv":[0,0,1,1],"texture":"#3"},"south":{"uv":[0,0,1,1],"texture":"#3"},"west":{"uv":[0,0,1,1],"texture":"#3"},"up":{"uv":[0,0,1,1],"texture":"#3"},"down":{"uv":[0,0,1,1],"texture":"#3"}}},{"from":[1.1,6.4,2],"to":[12.2,7.4,14],"faces":{"north":{"uv":[0,0,11.1,1],"texture":"#1"},"east":{"uv":[0,0,12,1],"texture":"#1"},"south":{"uv":[0,0,11.1,1],"texture":"#1"},"west":{"uv":[0,0,12,1],"texture":"#1"},"up":{"uv":[0,0,11.1,12],"texture":"#1"},"down":{"uv":[0,0,11.1,12],"texture":"#1"}}},{"from":[14.35,-1.5,-0.8],"to":[14.95,0.5,-0.2],"faces":{"north":{"uv":[0,0,0.6,2],"texture":"#2"},"east":{"uv":[0,0,0.6,2],"texture":"#2"},"south":{"uv":[0,0,0.6,2],"texture":"#2"},"west":{"uv":[0,0,0.6,2],"texture":"#2"},"up":{"uv":[0,0,0.6,0.6],"texture":"#2"},"down":{"uv":[0,0,0.6,0.6],"texture":"#2"}}},{"from":[16.25,7,-0.8],"to":[18.25,7.6,-0.2],"rotation":{"angle":-45,"axis":"z","origin":[8,8,8]},"faces":{"north":{"uv":[0,0,2,0.6],"texture":"#2"},"east":{"uv":[0,0,0.6,0.6],"texture":"#2"},"south":{"uv":[0,0,2,0.6],"texture":"#2"},"west":{"uv":[0,0,0.6,0.6],"texture":"#2"},"up":{"uv":[0,0,2,0.6],"texture":"#2"},"down":{"uv":[0,0,2,0.6],"texture":"#2"}}},{"from":[11.5,1.3,-0.8],"to":[13.5,1.9,-0.2],"faces":{"north":{"uv":[0,0,2,0.6],"texture":"#2"},"east":{"uv":[0,0,0.6,0.6],"texture":"#2"},"south":{"uv":[0,0,2,0.6],"texture":"#2"},"west":{"uv":[0,0,0.6,0.6],"texture":"#2"},"up":{"uv":[0,0,2,0.6],"texture":"#2"},"down":{"uv":[0,0,2,0.6],"texture":"#2"}}},{"from":[4.05,0.6,-0.8],"to":[6.15,1.2,-0.2],"rotation":{"angle":45,"axis":"z","origin":[8,8,8]},"faces":{"north":{"uv":[0,0,2.1,0.6],"texture":"#2"},"east":{"uv":[0,0,0.6,0.6],"texture":"#2"},"south":{"uv":[0,0,2.1,0.6],"texture":"#2"},"west":{"uv":[0,0,0.6,0.6],"texture":"#2"},"up":{"uv":[0,0,2.1,0.6],"texture":"#2"},"down":{"uv":[0,0,2.1,0.6],"texture":"#2"}}},{"from":[10,-1.5,-0.8],"to":[10.6,0.4,-0.2],"faces":{"north":{"uv":[0,0,0.6,1.9],"texture":"#2"},"east":{"uv":[0,0,0.6,1.9],"texture":"#2"},"south":{"uv":[0,0,0.6,1.9],"texture":"#2"},"west":{"uv":[0,0,0.6,1.9],"texture":"#2"},"up":{"uv":[0,0,0.6,0.6],"texture":"#2"},"down":{"uv":[0,0,0.6,0.6],"texture":"#2"}}},{"from":[11.5,-3,-0.8],"to":[13.5,-2.4,-0.2],"faces":{"north":{"uv":[0,0,2,0.6],"texture":"#2"},"east":{"uv":[0,0,0.6,0.6],"texture":"#2"},"south":{"uv":[0,0,2,0.6],"texture":"#2"},"west":{"uv":[0,0,0.6,0.6],"texture":"#2"},"up":{"uv":[0,0,2,0.6],"texture":"#2"},"down":{"uv":[0,0,2,0.6],"texture":"#2"}}},{"from":[16.1,2.7,-0.8],"to":[18.2,3.3,-0.2],"rotation":{"angle":-45,"axis":"z","origin":[8,8,8]},"faces":{"north":{"uv":[0,0,2.1,0.6],"texture":"#2"},"east":{"uv":[0,0,0.6,0.6],"texture":"#2"},"south":{"uv":[0,0,2.1,0.6],"texture":"#2"},"west":{"uv":[0,0,0.6,0.6],"texture":"#2"},"up":{"uv":[0,0,2.1,0.6],"texture":"#2"},"down":{"uv":[0,0,2.1,0.6],"texture":"#2"}}},{"from":[4.05,-3.65,-0.8],"to":[6.15,-3.05,-0.2],"rotation":{"angle":45,"axis":"z","origin":[8,8,8]},"faces":{"north":{"uv":[0,0,2.1,0.6],"texture":"#2"},"east":{"uv":[0,0,0.6,0.6],"texture":"#2"},"south":{"uv":[0,0,2.1,0.6],"texture":"#2"},"west":{"uv":[0,0,0.6,0.6],"texture":"#2"},"up":{"uv":[0,0,2.1,0.6],"texture":"#2"},"down":{"uv":[0,0,2.1,0.6],"texture":"#2"}}},{"from":[10.5,-0.8,-0.7],"to":[14.4,-0.2,-0.3],"faces":{"north":{"uv":[0,0,3.9,0.6],"texture":"#1"},"east":{"uv":[0,0,0.4,0.6],"texture":"#1"},"south":{"uv":[0,0,3.9,0.6],"texture":"#1"},"west":{"uv":[0,0,0.4,0.6],"texture":"#1"},"up":{"uv":[0,0,3.9,0.4],"texture":"#1"},"down":{"uv":[0,0,3.9,0.4],"texture":"#1"}}},{"from":[3.2,-1.5,-0.7],"to":[7.1,-0.9,-0.3],"rotation":{"angle":45,"axis":"z","origin":[8,8,8]},"faces":{"north":{"uv":[0,0,3.9,0.6],"texture":"#1"},"east":{"uv":[0,0,0.4,0.6],"texture":"#1"},"south":{"uv":[0,0,3.9,0.6],"texture":"#1"},"west":{"uv":[0,0,0.4,0.6],"texture":"#1"},"up":{"uv":[0,0,3.9,0.4],"texture":"#1"},"down":{"uv":[0,0,3.9,0.4],"texture":"#1"}}},{"from":[15.2,4.9,-0.7],"to":[19.1,5.5,-0.3],"rotation":{"angle":-45,"axis":"z","origin":[8,8,8]},"faces":{"north":{"uv":[0,0,3.9,0.6],"texture":"#1"},"east":{"uv":[0,0,0.4,0.6],"texture":"#1"},"south":{"uv":[0,0,3.9,0.6],"texture":"#1"},"west":{"uv":[0,0,0.4,0.6],"texture":"#1"},"up":{"uv":[0,0,3.9,0.4],"texture":"#1"},"down":{"uv":[0,0,3.9,0.4],"texture":"#1"}}},{"from":[12.2,-2.4,-0.7],"to":[12.8,1.5,-0.3],"faces":{"north":{"uv":[0,0,0.6,3.9],"texture":"#1"},"east":{"uv":[0,0,0.4,3.9],"texture":"#1"},"south":{"uv":[0,0,0.6,3.9],"texture":"#1"},"west":{"uv":[0,0,0.4,3.9],"texture":"#1"},"up":{"uv":[0,0,0.6,0.4],"texture":"#1"},"down":{"uv":[0,0,0.6,0.4],"texture":"#1"}}},{"from":[3,12.1,-0.1],"to":[11,13.1,1.1],"faces":{"north":{"uv":[0,0,8,1],"texture":"#1"},"east":{"uv":[0,0,1.2,1],"texture":"#1"},"south":{"uv":[0,0,8,1],"texture":"#1"},"west":{"uv":[0,0,1.2,1],"texture":"#1"},"up":{"uv":[0,0,8,1.2],"texture":"#1"},"down":{"uv":[0,0,8,1.2],"texture":"#1"}}},{"from":[3,12.1,14.9],"to":[11,13.1,16.1],"faces":{"north":{"uv":[0,0,8,1],"texture":"#1"},"east":{"uv":[0,0,1.2,1],"texture":"#1"},"south":{"uv":[0,0,8,1],"texture":"#1"},"west":{"uv":[0,0,1.2,1],"texture":"#1"},"up":{"uv":[0,0,8,1.2],"texture":"#1"},"down":{"uv":[0,0,8,1.2],"texture":"#1"}}},{"from":[-4,15.9,14.9],"to":[-1,17.1,16.1],"faces":{"north":{"uv":[0,0,3,1.2],"texture":"#1"},"east":{"uv":[0,0,1.2,1.2],"texture":"#1"},"south":{"uv":[0,0,3,1.2],"texture":"#1"},"west":{"uv":[0,0,1.2,1.2],"texture":"#1"},"up":{"uv":[0,0,3,1.2],"texture":"#1"},"down":{"uv":[0,0,3,1.2],"texture":"#1"}}},{"from":[-4,15.9,-0.1],"to":[-1,17.1,1.1],"faces":{"north":{"uv":[0,0,3,1.2],"texture":"#1"},"east":{"uv":[0,0,1.2,1.2],"texture":"#1"},"south":{"uv":[0,0,3,1.2],"texture":"#1"},"west":{"uv":[0,0,1.2,1.2],"texture":"#1"},"up":{"uv":[0,0,3,1.2],"texture":"#1"},"down":{"uv":[0,0,3,1.2],"texture":"#1"}}},{"from":[12.3,-0.8,15.7],"to":[12.7,-0.4,16.4],"faces":{"north":{"uv":[0,0,0.4,0.4],"texture":"#2"},"east":{"uv":[0,0,0.7,0.4],"texture":"#2"},"south":{"uv":[0,0,0.4,0.4],"texture":"#2"},"west":{"uv":[0,0,0.7,0.4],"texture":"#2"},"up":{"uv":[0,0,0.4,0.7],"texture":"#2"},"down":{"uv":[0,0,0.4,0.7],"texture":"#2"}}},{"from":[12.3,-0.8,-0.3],"to":[12.7,-0.4,0.4],"faces":{"north":{"uv":[0,0,0.4,0.4],"texture":"#2"},"east":{"uv":[0,0,0.7,0.4],"texture":"#2"},"south":{"uv":[0,0,0.4,0.4],"texture":"#2"},"west":{"uv":[0,0,0.7,0.4],"texture":"#2"},"up":{"uv":[0,0,0.4,0.7],"texture":"#2"},"down":{"uv":[0,0,0.4,0.7],"texture":"#2"}}},{"from":[0.3,3.7,-0.3],"to":[0.7,4.1,0.4],"faces":{"north":{"uv":[0,0,0.4,0.4],"texture":"#2"},"east":{"uv":[0,0,0.7,0.4],"texture":"#2"},"south":{"uv":[0,0,0.4,0.4],"texture":"#2"},"west":{"uv":[0,0,0.7,0.4],"texture":"#2"},"up":{"uv":[0,0,0.4,0.7],"texture":"#2"},"down":{"uv":[0,0,0.4,0.7],"texture":"#2"}}},{"from":[0.3,3.7,15.7],"to":[0.7,4.1,16.4],"faces":{"north":{"uv":[0,0,0.4,0.4],"texture":"#2"},"east":{"uv":[0,0,0.7,0.4],"texture":"#2"},"south":{"uv":[0,0,0.4,0.4],"texture":"#2"},"west":{"uv":[0,0,0.7,0.4],"texture":"#2"},"up":{"uv":[0,0,0.4,0.7],"texture":"#2"},"down":{"uv":[0,0,0.4,0.7],"texture":"#2"}}}],"display":{"gui":{"rotation":[30,-45,0],"translation":[0.5,0,0],"scale":[0.4,0.4,0.4]},"head":{"rotation":[0,90,0],"translation":[0,1,-5],"scale":[1.4,1.4,1.4]}},"credit":"Model by Craftventure"}