{"textures":{"1":"block/waffleman"},"elements":[{"name":"Element","from":[0,0,0],"to":[4,12,4],"faces":{"north":{"uv":[11,5,12,8],"texture":"#1"},"east":{"uv":[10,5,11,8],"texture":"#1"},"south":{"uv":[12,5,13,8],"texture":"#1"},"west":{"uv":[13,5,14,8],"texture":"#1"},"up":{"uv":[11,4,12,5],"texture":"#1"},"down":{"uv":[12,4,13,5],"texture":"#1"}}}],"display":{"thirdperson_righthand":{"rotation":[90,0,0],"translation":[6,-8,8]},"thirdperson_lefthand":{"rotation":[90,90,0],"translation":[6,-8,8]},"gui":{"rotation":[30,-135,0],"translation":[-8,1.5,0]}},"groups":[{"name":"arm","origin":[8,8,8],"children":[0]}],"credit":"Model by Craftventure"}