{"texture_size":[32,32],"textures":{"particle":"block/scarf1"},"elements":[{"from":[3,7,3],"to":[13,9,13],"faces":{"north":{"uv":[0,0,5,1],"texture":"#particle"},"east":{"uv":[5,0,0,1],"texture":"#particle"},"south":{"uv":[5,1,0,2],"texture":"#particle"},"west":{"uv":[0,1,5,2],"texture":"#particle"},"up":{"uv":[5,7,0,2],"texture":"#particle"},"down":{"uv":[5,2,0,7],"texture":"#particle"}}},{"from":[3,6,3],"to":[9,7,11],"faces":{"north":{"uv":[0,0,3,0.5],"texture":"#particle"},"east":{"uv":[0,1.5,4,2],"texture":"#particle"},"south":{"uv":[0,0,3,0.5],"texture":"#particle"},"west":{"uv":[0.5,0,4.5,0.5],"texture":"#particle"},"up":{"uv":[0,0,3,4],"texture":"#particle"},"down":{"uv":[0.5,3,4.5,6],"rotation":90,"texture":"#particle"}}},{"from":[5.5,1,4],"to":[9.5,5,5],"rotation":{"angle":22.5,"axis":"z","origin":[0,0,0]},"faces":{"north":{"uv":[2,1,4,3],"rotation":90,"texture":"#particle"},"east":{"uv":[1.5,0,3.5,0.5],"rotation":90,"texture":"#particle"},"south":{"uv":[2,1,4,3],"rotation":90,"texture":"#particle"},"west":{"uv":[1.5,0,3.5,0.5],"rotation":90,"texture":"#particle"},"up":{"uv":[0,0,2,0.5],"texture":"#particle"},"down":{"uv":[0,0,2,0.5],"texture":"#particle"}}},{"from":[4.48,0.575,4.01],"to":[8.38,4.575,5.01],"faces":{"north":{"uv":[1,1,3,2.95],"rotation":90,"texture":"#particle"},"east":{"uv":[0.5,0,2.5,0.5],"rotation":90,"texture":"#particle"},"south":{"uv":[1,1,3,2.95],"rotation":90,"texture":"#particle"},"west":{"uv":[1.5,0,3.5,0.5],"rotation":90,"texture":"#particle"},"up":{"uv":[0,0,2,0.5],"texture":"#particle"},"down":{"uv":[1.5,3,3.5,3.5],"texture":"#particle"}}},{"from":[9.03,1,4.01],"to":[12.93,7,5.01],"faces":{"north":{"uv":[1,1,4,2.95],"rotation":90,"texture":"#particle"},"east":{"uv":[1,1.5,4,2],"rotation":90,"texture":"#particle"},"south":{"uv":[1,1,4,2.95],"rotation":90,"texture":"#particle"},"west":{"uv":[1,1.5,4,2],"rotation":90,"texture":"#particle"},"up":{"uv":[0,0,2,0.5],"texture":"#particle"},"down":{"uv":[1.5,3,3.5,3.5],"texture":"#particle"}}}],"display":{"ground":{"translation":[0,6.75,0]},"gui":{"rotation":[25,-145,0],"translation":[0,2,0]},"head":{"translation":[0,-5.25,0],"scale":[1.5,1.5,1.5]},"fixed":{"rotation":[-90,0,0],"translation":[0,-10,-1],"scale":[2,2,2]}},"credit":"Model by Craftventure"}