{"textures":{"0":"entity/seaserpent/seaserpent1","2":"entity/seaserpent/seaserpent3","4":"entity/seaserpent/seaserpent2","particle":"entity/seaserpent/seaserpent1"},"elements":[{"from":[0,-3,6],"to":[16,13,22],"faces":{"north":{"uv":[0,0,8,8],"texture":"#4"},"east":{"uv":[16,0,8,8],"texture":"#4"},"south":{"uv":[0,4,5,8.5],"texture":"#0"},"west":{"uv":[8,0,16,8],"texture":"#4"},"up":{"uv":[0,0,5,5.25],"texture":"#0"},"down":{"uv":[8,0,16,8],"rotation":90,"texture":"#2"}}},{"from":[3,3,-11],"to":[13,12,6],"faces":{"north":{"uv":[0,11.5,5,16],"texture":"#4"},"east":{"uv":[14.5,8.5,10,0],"rotation":90,"texture":"#0"},"south":{"uv":[0,11.5,5,16],"texture":"#4"},"west":{"uv":[14.5,0,10,8.5],"rotation":90,"texture":"#0"},"up":{"uv":[0,0,5,8.5],"texture":"#0"},"down":{"uv":[5,0,10,8.5],"texture":"#0"}}},{"from":[3.5,1,-6],"to":[3.75,3,6],"faces":{"east":{"uv":[1.5,10,9.75,8.5],"texture":"#0"},"west":{"uv":[9.75,10,1.5,8.5],"texture":"#0"}}},{"from":[4,1,-8],"to":[4.25,3,-6.5],"faces":{"east":{"uv":[12.75,10,13.75,8.5],"texture":"#0"},"west":{"uv":[13.75,10,12.75,8.5],"texture":"#0"}}},{"from":[11.75,1,-8],"to":[12,3,-6.5],"faces":{"east":{"uv":[12.75,10,13.75,8.5],"texture":"#0"},"west":{"uv":[13.75,10,12.75,8.5],"texture":"#0"}}},{"from":[11.25,0,-10.5],"to":[11.5,3,-8.5],"faces":{"east":{"uv":[14,10,15,8.5],"texture":"#0"},"west":{"uv":[15,10,14,8.5],"texture":"#0"}}},{"from":[4.5,0,-10.5],"to":[4.75,3,-8.5],"faces":{"east":{"uv":[12.75,10,13.75,8.5],"texture":"#0"},"west":{"uv":[13.75,10,12.75,8.5],"texture":"#0"}}},{"from":[12.25,1,-6],"to":[12.5,3,6],"faces":{"east":{"uv":[4,10,11,8.5],"texture":"#0"},"west":{"uv":[11,10,4,8.5],"texture":"#0"}}},{"from":[-16,-4,8],"to":[-3,16,8.55],"rotation":{"angle":45,"axis":"y","origin":[8,8,8]},"faces":{"north":{"uv":[0,0.25,6,7.75],"texture":"#2"},"south":{"uv":[6,0.25,0,7.75],"texture":"#2"}}},{"from":[19,-4,8],"to":[32,16,8.55],"rotation":{"angle":-45,"axis":"y","origin":[8,8,8]},"faces":{"north":{"uv":[6,0.25,0,7.75],"texture":"#2"},"south":{"uv":[0,0.25,6,7.75],"texture":"#2"}}},{"from":[7.725,8,8],"to":[8.275,20,25],"rotation":{"angle":0,"axis":"y","origin":[8,14,16.5]},"faces":{"east":{"uv":[0,0.25,5.75,7.75],"rotation":270,"texture":"#2"},"west":{"uv":[0,7.75,5.75,0.25],"rotation":270,"texture":"#2"}}}],"display":{"gui":{"rotation":[30,-135,0],"translation":[0.5,0,0],"scale":[0.3,0.3,0.3]},"head":{"rotation":[90,0,0],"translation":[0,-13.25,18],"scale":[3,3,3]}},"groups":[0,{"name":"bovenkaak","origin":[8,8,8],"color":0,"children":[1,2,3,4,5,6,7]},8,9,10],"credit":"Model by Craftventure"}