{"textures":{"0":"entity/seaserpent/seaserpent1","particle":"entity/seaserpent/seaserpent1"},"elements":[{"name":"kaakje","from":[11.375,2,-9.5],"to":[11.5,3,6],"faces":{"east":{"uv":[15.25,0,16,10],"rotation":90,"texture":"#0"},"west":{"uv":[15.25,10,16,0],"rotation":90,"texture":"#0"}}},{"name":"kaakje","from":[4.5,2,-9.5],"to":[4.625,3,6],"faces":{"east":{"uv":[15.25,0,16,10],"rotation":90,"texture":"#0"},"west":{"uv":[15.25,10,16,0],"rotation":90,"texture":"#0"}}},{"name":"onderkaak","from":[4,-2,-10],"to":[12,2,6],"faces":{"north":{"uv":[8,14,12,16],"texture":"#0"},"east":{"uv":[8,14,0,16],"texture":"#0"},"south":{"uv":[8,14,11.75,16],"texture":"#0"},"west":{"uv":[0,14,8,16],"texture":"#0"},"up":{"uv":[0,10,8,14],"rotation":270,"texture":"#0"},"down":{"uv":[8,10,16,14],"rotation":270,"texture":"#0"}}}],"display":{"gui":{"rotation":[30,-135,0],"translation":[-2,3,0],"scale":[0.4,0.4,0.4]},"head":{"rotation":[90,0,0],"translation":[0,-13.25,18],"scale":[3,3,3]}},"groups":[{"name":"onderkaak","origin":[8,8,-3],"children":[0,1,2]}],"credit":"Model by Craftventure"}