{"textures":{"0":"minecraft:custom/skin/gon_bao","particle":"minecraft:custom/skin/gon_bao"},"elements":[{"name":"inner","from":[4,17,11.5],"to":[12,21,12],"rotation":{"angle":0,"axis":"y","origin":[8,4,8]},"faces":{"north":{"uv":[2,3,4,4],"texture":"#0"},"east":{"uv":[5.75,3,6,4],"texture":"#0"},"south":{"uv":[2,3,4,4],"texture":"#0"},"west":{"uv":[1.75,2,2,4],"texture":"#0"},"up":{"uv":[4.5,3.5,4.75,3.75],"texture":"#0"},"down":{"uv":[4.01,0.01,5.99,1.99],"rotation":180,"texture":"#0"}}},{"name":"inner","from":[4,21,11.5],"to":[5,22,12],"faces":{"north":{"uv":[5.25,3.5,5.5,3.75],"texture":"#0"},"east":{"uv":[5.75,3.5,6.25,4],"texture":"#0"},"south":{"uv":[2,2.75,2.25,3],"texture":"#0"},"west":{"uv":[1.75,2.5,2,2.75],"texture":"#0"},"up":{"uv":[2.01,0.01,3.99,1.99],"texture":"#0"},"down":{"uv":[4.01,0.01,5.99,1.99],"rotation":180,"texture":"#0"}}},{"name":"inner","from":[5,21,11.5],"to":[6,22,12],"rotation":{"angle":0,"axis":"y","origin":[9,8,8]},"faces":{"north":{"uv":[2.25,2.75,2.5,3],"texture":"#0"},"east":{"uv":[5.75,3.5,6.25,4],"texture":"#0"},"south":{"uv":[2.25,2.75,2.5,3],"texture":"#0"},"west":{"uv":[1.75,2.5,2,2.75],"texture":"#0"},"up":{"uv":[2.01,0.01,3.99,1.99],"texture":"#0"},"down":{"uv":[4.01,0.01,5.99,1.99],"rotation":180,"texture":"#0"}}},{"name":"inner","from":[10,21,11.5],"to":[11,22,12],"rotation":{"angle":0,"axis":"y","origin":[14,8,8]},"faces":{"north":{"uv":[3.25,2.75,3.5,3],"texture":"#0"},"east":{"uv":[5.75,3.5,6.25,4],"texture":"#0"},"south":{"uv":[3.25,2.75,3.5,3],"texture":"#0"},"west":{"uv":[1.75,2.5,2,2.75],"texture":"#0"},"up":{"uv":[2.01,0.01,3.99,1.99],"texture":"#0"},"down":{"uv":[4.01,0.01,5.99,1.99],"rotation":180,"texture":"#0"}}},{"name":"inner","from":[9,21,11.5],"to":[10,22,12],"rotation":{"angle":0,"axis":"y","origin":[13,8,8]},"faces":{"north":{"uv":[2.5,2.75,2.75,3],"texture":"#0"},"east":{"uv":[5.75,3.5,6.25,4],"texture":"#0"},"south":{"uv":[2.5,2.75,2.75,3],"texture":"#0"},"west":{"uv":[2.5,2.75,2.75,3],"texture":"#0"},"up":{"uv":[2.01,0.01,3.99,1.99],"texture":"#0"},"down":{"uv":[4.01,0.01,5.99,1.99],"rotation":180,"texture":"#0"}}},{"name":"inner","from":[6,21,11.5],"to":[7,22,12],"rotation":{"angle":0,"axis":"y","origin":[10,8,8]},"faces":{"north":{"uv":[2.5,2.75,2.75,3],"texture":"#0"},"east":{"uv":[2.5,2.75,2.75,3],"texture":"#0"},"south":{"uv":[2.5,2.75,2.75,3],"texture":"#0"},"west":{"uv":[1.75,2.5,2,2.75],"texture":"#missing"},"up":{"uv":[2.01,0.01,3.99,1.99],"texture":"#missing"},"down":{"uv":[4.01,0.01,5.99,1.99],"rotation":180,"texture":"#missing"}}},{"name":"inner","from":[11,21,11.5],"to":[12,22,12],"rotation":{"angle":0,"axis":"y","origin":[15,8,8]},"faces":{"north":{"uv":[5.25,3.5,5.5,3.75],"texture":"#0"},"east":{"uv":[5.75,3.75,6,4],"texture":"#0"},"south":{"uv":[3.75,2.75,4,3],"texture":"#0"},"west":{"uv":[1.75,2.5,2,2.75],"texture":"#0"},"up":{"uv":[2.01,0.01,3.99,1.99],"texture":"#0"},"down":{"uv":[4.01,0.01,5.99,1.99],"rotation":180,"texture":"#0"}}},{"name":"inner","from":[7,21,11.5],"to":[9,22,12],"rotation":{"angle":0,"axis":"y","origin":[11,8,8]},"faces":{"north":{"uv":[5.25,3.5,5.5,3.75],"texture":"#0"},"east":{"uv":[2.75,2.75,3.25,3],"texture":"#0"},"south":{"uv":[2,2.75,2.25,3],"texture":"#0"},"west":{"uv":[1.75,2.5,2,2.75],"texture":"#0"},"up":{"uv":[1,3.75,1.25,4],"texture":"#0"},"down":{"uv":[4.01,0.01,5.99,1.99],"rotation":180,"texture":"#0"}}},{"name":"inner","from":[4,22,11.5],"to":[12,25,12],"rotation":{"angle":0,"axis":"y","origin":[8,4,8]},"faces":{"north":{"uv":[2,2,4,2.75],"texture":"#0"},"east":{"uv":[5.75,2,6,2.75],"texture":"#0"},"south":{"uv":[2,2,4,2.75],"texture":"#0"},"west":{"uv":[5.75,2,6,2.75],"texture":"#0"},"up":{"uv":[2,1.75,4,2],"texture":"#0"},"down":{"uv":[4.01,0.01,5.99,1.99],"rotation":180,"texture":"#0"}}},{"name":"outer","from":[3.5,16.5,11],"to":[12.5,25.5,12.5],"rotation":{"angle":0,"axis":"y","origin":[8,4,8]},"faces":{"north":{"uv":[14.01,2.01,15.99,3.99],"texture":"#0"},"east":{"uv":[9.5,1.5,9.75,5],"texture":"#0"},"south":{"uv":[10.01,2.01,11.99,3.99],"texture":"#0"},"west":{"uv":[9.5,1.5,9.75,5],"texture":"#0"},"up":{"uv":[10,1.5,12,2],"texture":"#0"},"down":{"uv":[12.01,0.01,13.99,1.99],"rotation":180,"texture":"#0"}}},{"from":[4,21,2.7],"to":[5,22,11.5],"rotation":{"angle":0,"axis":"y","origin":[12,29,18.5]},"faces":{"north":{"uv":[4.25,5,4.5,5.25],"texture":"#0"},"east":{"uv":[4.25,5,4.5,5.25],"texture":"#0"},"south":{"uv":[4.25,5,4.5,5.25],"texture":"#0"},"west":{"uv":[4.25,5,4.5,5.25],"texture":"#0"},"up":{"uv":[4.25,5,4.5,5.25],"texture":"#0"},"down":{"uv":[4.25,5,4.5,5.25],"texture":"#0"}}},{"from":[5,21,2.7],"to":[11,22,3.7],"rotation":{"angle":0,"axis":"y","origin":[12,29,10.7]},"faces":{"north":{"uv":[4.25,5,4.5,5.25],"texture":"#0"},"east":{"uv":[4.25,5,4.5,5.25],"texture":"#0"},"south":{"uv":[4.25,5,4.5,5.25],"texture":"#0"},"west":{"uv":[4.25,5,4.5,5.25],"texture":"#0"},"up":{"uv":[4.25,5,4.5,5.25],"texture":"#0"},"down":{"uv":[4.25,5,4.5,5.25],"texture":"#0"}}},{"from":[11,21,2.7],"to":[12,22,11.5],"rotation":{"angle":0,"axis":"y","origin":[19,29,18.5]},"faces":{"north":{"uv":[4.25,5,4.5,5.25],"texture":"#0"},"east":{"uv":[4.25,5,4.5,5.25],"texture":"#0"},"south":{"uv":[4.25,5,4.5,5.25],"texture":"#0"},"west":{"uv":[4.25,5,4.5,5.25],"texture":"#0"},"up":{"uv":[4.25,5,4.5,5.25],"texture":"#0"},"down":{"uv":[4.25,5,4.5,5.25],"texture":"#0"}}}],"display":{"thirdperson_righthand":{"rotation":[59,-180,0],"translation":[0,0,12],"scale":[0.2,0.2,0.2]},"thirdperson_lefthand":{"rotation":[59,-180,0],"translation":[0,0,12],"scale":[0.2,0.2,0.2]},"firstperson_righthand":{"rotation":[-26,-13,49],"translation":[10,-4,0.5],"scale":[0.5,0.5,0.5]},"firstperson_lefthand":{"rotation":[-9,-25,47],"translation":[11,-5,1],"scale":[0.5,0.5,0.5]},"gui":{"rotation":[30,45,0],"translation":[0.5,-11.5,0]},"head":{"rotation":[0,-180,0],"translation":[0,-23.7,-1.5],"scale":[1.8,1.8,1.8]}},"groups":[{"name":"head","origin":[8,8,8],"children":[0,1,2,3,4,5,6,7,8,9,10,11,12]}],"credit":"Model by Craftventure"}