{"textures":{"0":"block/polarbear","2":"block/smooth_stone","3":"block/anvil","7":"block/cyan_concrete","particle":"block/anvil"},"elements":[{"from":[-0.75,7.625,7.0625],"to":[16.75,8.625,8.0625],"rotation":{"angle":-22.5,"axis":"x","origin":[13.25,8.625,7.0625]},"faces":{"north":{"uv":[0,0,3.5,1],"texture":"#7"},"east":{"uv":[0,0,1,1],"texture":"#7"},"south":{"uv":[0,0,3.5,1],"texture":"#7"},"west":{"uv":[0,0,1,1],"texture":"#7"},"up":{"uv":[0,0,15.499,0.999],"texture":"#7"},"down":{"uv":[0,0,3.5,1],"texture":"#7"}}},{"from":[-0.75,8,8],"to":[16.75,9,13],"rotation":{"angle":0,"axis":"y","origin":[7.25,8,11]},"faces":{"north":{"uv":[0,0,8,1],"texture":"#7"},"east":{"uv":[0,0,5,1],"texture":"#7"},"south":{"uv":[0,0,8,1],"texture":"#7"},"west":{"uv":[0,0,5,1],"texture":"#7"},"up":{"uv":[0,0,15.999,5],"texture":"#7"},"down":{"uv":[0,0,8,5],"texture":"#7"}}},{"from":[12.25,8.5625,7.625],"to":[13.25,9.5625,9.125],"rotation":{"angle":22.5,"axis":"x","origin":[12.25,9.5625,7.625]},"faces":{"north":{"uv":[0,0,1,1],"texture":"#7"},"east":{"uv":[0,0,1.5,1],"texture":"#7"},"south":{"uv":[0,0,1,1],"texture":"#7"},"west":{"uv":[0,0,1.5,1],"texture":"#7"},"up":{"uv":[0,0,1,1.5],"texture":"#7"},"down":{"uv":[0,0,1,1.5],"texture":"#7"}}},{"from":[-0.75,8.125,13.8125],"to":[16.75,10.125,14.8125],"rotation":{"angle":45,"axis":"x","origin":[8.75,10.125,13.8125]},"faces":{"north":{"uv":[0,0,15.999,2],"texture":"#7"},"east":{"uv":[0,0,1,2],"texture":"#7"},"south":{"uv":[0,0,8,2],"texture":"#7"},"west":{"uv":[0,0,1,2],"texture":"#7"},"up":{"uv":[0,0,8,1],"texture":"#7"},"down":{"uv":[0,0,8,1],"texture":"#7"}}},{"from":[-0.75,9.5,14.5],"to":[16.75,12,15.5],"rotation":{"angle":22.5,"axis":"x","origin":[8.75,12,14.5]},"faces":{"north":{"uv":[0,0,15.999,2.5],"texture":"#7"},"east":{"uv":[0,0,1,2.5],"texture":"#7"},"south":{"uv":[0,0,8,2.5],"texture":"#7"},"west":{"uv":[0,0,1,2.5],"texture":"#7"},"up":{"uv":[0,0,8,1],"texture":"#7"},"down":{"uv":[0,0,8,1],"texture":"#7"}}},{"from":[-0.75,11.5,14.5],"to":[16.75,17,15.5],"rotation":{"angle":0,"axis":"y","origin":[7.25,8,11]},"faces":{"north":{"uv":[0,0,15.999,5.5],"texture":"#7"},"east":{"uv":[0,0,1,5.5],"texture":"#7"},"south":{"uv":[0,0,8,5.5],"texture":"#7"},"west":{"uv":[0,0,1,5.5],"texture":"#7"},"up":{"uv":[0,0,8,1],"texture":"#7"},"down":{"uv":[0,0,8,1],"texture":"#7"}}},{"from":[2.75,8.5625,7.625],"to":[3.75,9.5625,9.125],"rotation":{"angle":22.5,"axis":"x","origin":[2.75,9.5625,7.625]},"faces":{"north":{"uv":[0,0,1,1],"texture":"#7"},"east":{"uv":[0,0,1.5,1],"texture":"#7"},"south":{"uv":[0,0,1,1],"texture":"#7"},"west":{"uv":[0,0,1.5,1],"texture":"#7"},"up":{"uv":[0,0,1,1.5],"texture":"#7"},"down":{"uv":[0,0,1,1.5],"texture":"#7"}}},{"from":[1.61732,13.07612,-3],"to":[2.61732,14.07612,0],"rotation":{"angle":-22.5,"axis":"x","origin":[2.11732,13.57612,-1.5]},"faces":{"north":{"uv":[0,0,1,1],"rotation":180,"texture":"#3"},"east":{"uv":[0,0,1,3],"rotation":270,"texture":"#3"},"south":{"uv":[0,0,1,1],"texture":"#3"},"west":{"uv":[0,0,1,3],"rotation":90,"texture":"#3"},"up":{"uv":[0,0,1,3],"rotation":180,"texture":"#3"},"down":{"uv":[0,0,1,3],"texture":"#3"}}},{"from":[13.61732,13.07612,-3],"to":[14.61732,14.07612,0],"rotation":{"angle":-22.5,"axis":"x","origin":[14.11732,13.57612,-1.5]},"faces":{"north":{"uv":[0,0,1,1],"rotation":180,"texture":"#3"},"east":{"uv":[0,0,1,3],"rotation":270,"texture":"#3"},"south":{"uv":[0,0,1,1],"texture":"#3"},"west":{"uv":[0,0,1,3],"rotation":90,"texture":"#3"},"up":{"uv":[0,0,1,3],"rotation":180,"texture":"#3"},"down":{"uv":[0,0,1,3],"texture":"#3"}}},{"from":[-0.38268,13.75,-0.5],"to":[16.61732,14.75,0.5],"rotation":{"angle":0,"axis":"y","origin":[13.11732,14.11209,0.19448]},"faces":{"north":{"uv":[0,15,16,16],"rotation":180,"texture":"#3"},"east":{"uv":[0,15,1,16],"rotation":180,"texture":"#3"},"south":{"uv":[0,15,16,16],"texture":"#3"},"west":{"uv":[0,15,1,16],"rotation":180,"texture":"#3"},"up":{"uv":[0,15,16,16],"texture":"#3"},"down":{"uv":[0,15,16,16],"texture":"#3"}}},{"from":[-1.5,3.2,15.35],"to":[17.5,15.2,17.15],"rotation":{"angle":0,"axis":"y","origin":[8,12.8,7.55]},"faces":{"north":{"uv":[14,4,10,7],"texture":"#0"},"east":{"uv":[0.499,4,0,6.999],"texture":"#0"},"south":{"uv":[14,4,10,7],"texture":"#0"},"west":{"uv":[0.499,4,0,6.999],"texture":"#0"},"up":{"uv":[10,5,14,4.5],"texture":"#0"},"down":{"uv":[6.5,16,10.5,15.5],"texture":"#0"}}},{"from":[0.5,13.35111,-3.40111],"to":[15.5,15.35111,-1.60111],"rotation":{"angle":0,"axis":"y","origin":[8,12.95111,6.19889]},"faces":{"north":{"uv":[4,4,8,4.5],"texture":"#0"},"east":{"uv":[4,4,8,4.5],"texture":"#0"},"south":{"uv":[4,3.5,8,4],"texture":"#0"},"west":{"uv":[4,4,8,4.5],"texture":"#0"},"up":{"uv":[3.5,3,7,3.5],"texture":"#0"},"down":{"uv":[4,4,8,4.5],"texture":"#0"}}},{"from":[-1.5,4.60111,-3.40111],"to":[17.5,13.35111,-1.60111],"rotation":{"angle":0,"axis":"y","origin":[8,12.95111,6.19889]},"faces":{"north":{"uv":[2.5,4.5,8,7],"texture":"#0"},"east":{"uv":[10,4.5,10.5,7],"texture":"#0"},"south":{"uv":[10,4.5,14,7],"texture":"#0"},"west":{"uv":[10,4.5,10.5,7],"texture":"#0"},"up":{"uv":[4,3.5,8,4],"texture":"#0"},"down":{"uv":[4,7,8,7.499],"texture":"#0"}}},{"from":[5.8,4.6,-4],"to":[10.3,7.8,-2],"rotation":{"angle":0,"axis":"y","origin":[2,12.95111,5.19889]},"faces":{"north":{"uv":[4.5,6,6,7],"texture":"#0"},"east":{"uv":[4.5,6,6,7],"texture":"#0"},"south":{"uv":[4.5,6,6,7],"texture":"#0"},"west":{"uv":[4.5,6,6,7],"texture":"#0"},"up":{"uv":[4.5,6,6,7],"texture":"#0"},"down":{"uv":[4.5,6,6,7],"texture":"#0"}}},{"from":[16.9,13.2,10.55],"to":[18.2,15.2,16.55],"rotation":{"angle":0,"axis":"y","origin":[7.4,12.8,7.05]},"faces":{"north":{"uv":[8,4,8.5,4.5],"texture":"#0"},"east":{"uv":[8,4,9.5,4.5],"texture":"#0"},"south":{"uv":[8,4,9.5,4.5],"texture":"#0"},"west":{"uv":[8,4,9.5,4.5],"texture":"#0"},"up":{"uv":[11,5,12.5,5.5],"rotation":90,"texture":"#0"},"down":{"uv":[8,4,9.5,4.5],"texture":"#0"}}},{"from":[16.901,11.39676,9.28681],"to":[18.196,13.39676,12.11681],"rotation":{"angle":-45,"axis":"x","origin":[17.54362,12.40899,9.156]},"faces":{"north":{"uv":[12,5,12.498,5.5],"rotation":90,"texture":"#0"},"east":{"uv":[12,5,12.498,5.5],"rotation":90,"texture":"#0"},"south":{"uv":[12,5,12.498,5.5],"rotation":90,"texture":"#0"},"west":{"uv":[12,5,12.498,5.5],"rotation":90,"texture":"#0"},"up":{"uv":[12,5,12.498,5.5],"rotation":90,"texture":"#0"},"down":{"uv":[12,5,12.498,5.5],"rotation":90,"texture":"#0"}}},{"from":[14.39191,12.64201,-3.39808],"to":[17.22191,14.64201,-1.60308],"rotation":{"angle":-45,"axis":"z","origin":[15.79917,13.65969,-2.76149]},"faces":{"north":{"uv":[12,5,12.498,5.5],"rotation":90,"texture":"#0"},"east":{"uv":[12,5,12.498,5.5],"rotation":90,"texture":"#0"},"south":{"uv":[12,5,12.498,5.5],"rotation":90,"texture":"#0"},"west":{"uv":[12,5,12.498,5.5],"rotation":90,"texture":"#0"},"up":{"uv":[12,5,12.498,5.5],"rotation":180,"texture":"#0"},"down":{"uv":[12,5,12.498,5.5],"texture":"#0"}}},{"from":[14.39191,13.64201,-3.6],"to":[17.22191,16.64201,-2.6],"rotation":{"angle":-22.5,"axis":"z","origin":[15.79917,14.65969,-3.76149]},"faces":{"north":{"uv":[13.5,0.5,14.5,1.5],"texture":"#0"},"east":{"uv":[13,1,13.5,1.5],"rotation":90,"texture":"#0"},"south":{"uv":[13,1,13.5,1.5],"rotation":90,"texture":"#0"},"west":{"uv":[13,1,13.5,1.5],"rotation":90,"texture":"#0"},"up":{"uv":[13,1,13.5,1.5],"rotation":90,"texture":"#0"},"down":{"uv":[13,1,13.5,1.5],"rotation":90,"texture":"#0"}}},{"from":[-0.60809,13.64201,-3.6],"to":[2.22191,16.64201,-2.6],"rotation":{"angle":22.5,"axis":"z","origin":[0.79917,14.65969,-3.76149]},"faces":{"north":{"uv":[13.5,0.5,14.5,1.5],"rotation":90,"texture":"#0"},"east":{"uv":[13,1,13.5,1.5],"rotation":90,"texture":"#0"},"south":{"uv":[12,5,12.498,5.5],"rotation":90,"texture":"#0"},"west":{"uv":[13,1,13.5,1.5],"rotation":90,"texture":"#0"},"up":{"uv":[13,1,13.5,1.5],"rotation":90,"texture":"#0"},"down":{"uv":[13,1,13.5,1.5],"rotation":90,"texture":"#0"}}},{"from":[-1.22191,12.64201,-3.39808],"to":[1.60809,14.64201,-1.60308],"rotation":{"angle":45,"axis":"z","origin":[0.20083,13.65969,-2.76149]},"faces":{"north":{"uv":[12,5.5,12.498,5],"rotation":90,"texture":"#0"},"east":{"uv":[12,5.5,12.498,5],"rotation":90,"texture":"#0"},"south":{"uv":[12,5.5,12.498,5],"rotation":90,"texture":"#0"},"west":{"uv":[12,5.5,12.498,5],"rotation":90,"texture":"#0"},"up":{"uv":[12.498,5,12,5.5],"rotation":180,"texture":"#0"},"down":{"uv":[12.498,5,12,5.5],"texture":"#0"}}},{"from":[-2.196,11.39676,9.28681],"to":[-0.901,13.39676,12.11681],"rotation":{"angle":-45,"axis":"x","origin":[-1.54362,12.40899,9.156]},"faces":{"north":{"uv":[12,5.5,12.498,5],"rotation":90,"texture":"#0"},"east":{"uv":[12,5.5,12.498,5],"rotation":90,"texture":"#0"},"south":{"uv":[12,5.5,12.498,5],"rotation":90,"texture":"#0"},"west":{"uv":[12,5.5,12.498,5],"rotation":90,"texture":"#0"},"up":{"uv":[12,5.5,12.498,5],"rotation":90,"texture":"#0"},"down":{"uv":[12,5.5,12.498,5],"rotation":90,"texture":"#0"}}},{"from":[-1.4905,2.89266,-2.69345],"to":[17.4905,5.72266,-0.69345],"rotation":{"angle":-45,"axis":"x","origin":[8,4.30766,-1.69345]},"faces":{"north":{"uv":[6.5,12.5,11.5,13.5],"texture":"#0"},"east":{"uv":[0,6.5,0.5,7],"rotation":90,"texture":"#0"},"south":{"uv":[10,6.5,14,7],"texture":"#0"},"west":{"uv":[0,6.5,0.5,7],"rotation":270,"texture":"#0"},"up":{"uv":[3.5,7,8.499,7.999],"texture":"#0"},"down":{"uv":[3.5,7,8.499,7.999],"texture":"#0"}}},{"from":[-1.231,3.39266,-0.69345],"to":[8,5.47266,-0.56845],"rotation":{"angle":-45,"axis":"x","origin":[8.0095,4.30766,-1.69345]},"faces":{"north":{"uv":[3.5,7,8.499,7.999],"texture":"#2"},"east":{"uv":[3,7,3.999,7.998],"texture":"#2"},"south":{"uv":[0,0,11,2],"texture":"#2"},"west":{"uv":[2,7,2.999,7.998],"texture":"#2"},"up":{"uv":[3.5,7,8.499,7.999],"texture":"#2"},"down":{"uv":[3.5,7,8.499,7.999],"texture":"#2"}}},{"from":[8,3.39266,-0.69345],"to":[17.231,5.47266,-0.56845],"rotation":{"angle":-45,"axis":"x","origin":[7.9905,4.30766,-1.69345]},"faces":{"north":{"uv":[8.499,7,3.5,7.999],"texture":"#2"},"east":{"uv":[2.999,7,2,7.998],"texture":"#2"},"south":{"uv":[16,14,5,15.999],"rotation":180,"texture":"#2"},"west":{"uv":[3.999,7,3,7.998],"texture":"#2"},"up":{"uv":[8.499,7,3.5,7.999],"texture":"#2"},"down":{"uv":[8.499,7,3.5,7.999],"texture":"#2"}}},{"from":[-2.2,13.2,10.55],"to":[-0.9,15.2,16.55],"rotation":{"angle":0,"axis":"y","origin":[8.6,12.8,7.05]},"faces":{"north":{"uv":[8.5,4,8,4.5],"texture":"#0"},"east":{"uv":[9.5,4,8,4.5],"texture":"#0"},"south":{"uv":[9.5,4,8,4.5],"texture":"#0"},"west":{"uv":[9.5,4,8,4.5],"texture":"#0"},"up":{"uv":[11,5.5,12.5,5],"rotation":90,"texture":"#0"},"down":{"uv":[9.5,4,8,4.5],"texture":"#0"}}},{"from":[16.9,3.2,8.55],"to":[18.2,13.2,16.55],"rotation":{"angle":0,"axis":"y","origin":[7.4,12.8,7.05]},"faces":{"north":{"uv":[12,4.5,12.5,7],"texture":"#0"},"east":{"uv":[8,4.5,9.999,7],"texture":"#0"},"south":{"uv":[7.5,4.5,8,7],"texture":"#0"},"west":{"uv":[0,4.5,2,7],"texture":"#0"},"up":{"uv":[0,4,1.998,4.5],"rotation":90,"texture":"#0"},"down":{"uv":[8,7,10,6.5],"rotation":90,"texture":"#0"}}},{"from":[-2.2,3.2,8.55],"to":[-0.9,13.2,16.55],"rotation":{"angle":0,"axis":"y","origin":[8.6,12.8,7.05]},"faces":{"north":{"uv":[12.5,4.5,12,7],"texture":"#0"},"east":{"uv":[2,4.5,0,7],"texture":"#0"},"south":{"uv":[7.5,4.5,8,7],"texture":"#0"},"west":{"uv":[9.999,4.5,8,7],"texture":"#0"},"up":{"uv":[0,4.5,1.998,4],"rotation":90,"texture":"#0"},"down":{"uv":[8,7,10,6.5],"rotation":90,"texture":"#0"}}},{"from":[-1.5,2.6,-1.4],"to":[17.5,4.4,16.55],"rotation":{"angle":0,"axis":"y","origin":[8,12.2,6.95]},"faces":{"north":{"uv":[4,7,8,7.998],"texture":"#0"},"east":{"uv":[9.5,14,13.5,14.5],"texture":"#0"},"south":{"uv":[10,6,14,7],"texture":"#0"},"west":{"uv":[9.5,14,13.5,14.5],"rotation":180,"texture":"#0"},"up":{"uv":[10,4.5,14,7],"rotation":180,"texture":"#0"},"down":{"uv":[7,0,10.5,3.5],"texture":"#0"}}},{"from":[-1.25,4.275,-0.4],"to":[8,4.525,9.05],"rotation":{"angle":0,"axis":"y","origin":[8,12.325,6.95]},"faces":{"north":{"uv":[4,7,8,7.998],"texture":"#2"},"east":{"uv":[0,7,4,7.998],"texture":"#2"},"south":{"uv":[12,7,15.999,7.998],"texture":"#2"},"west":{"uv":[8,7,12,7.999],"texture":"#2"},"up":{"uv":[0,7,11,15.999],"texture":"#2"},"down":{"uv":[8,0,12,3.998],"texture":"#2"}}},{"from":[8,4.275,-0.4],"to":[17.25,4.525,9.05],"rotation":{"angle":0,"axis":"y","origin":[8,12.325,6.95]},"faces":{"north":{"uv":[8,7,4,7.998],"texture":"#2"},"east":{"uv":[12,7,8,7.999],"texture":"#2"},"south":{"uv":[15.999,7,12,7.998],"texture":"#2"},"west":{"uv":[4,7,0,7.998],"texture":"#2"},"up":{"uv":[16,0,5,8.999],"rotation":180,"texture":"#2"},"down":{"uv":[12,0,8,3.998],"texture":"#2"}}},{"from":[-1.5,4.35,8.85],"to":[17.5,8.4,16.55],"rotation":{"angle":0,"axis":"y","origin":[8,13.95,6.95]},"faces":{"north":{"uv":[10,5,14,7],"texture":"#0"},"up":{"uv":[12,5.999,15.999,6.998],"texture":"#0"}}},{"from":[-1.91865,-0.3,-3],"to":[-0.91865,0.7,18],"rotation":{"angle":0,"axis":"z","origin":[-1.41865,1.88164,6.5]},"faces":{"north":{"uv":[0,0,1,1],"texture":"#3"},"east":{"uv":[0,0,16,1],"rotation":180,"texture":"#3"},"south":{"uv":[0,0,1,1],"texture":"#3"},"west":{"uv":[0,0,16,1],"texture":"#3"},"up":{"uv":[0,0,16,1],"rotation":90,"texture":"#3"},"down":{"uv":[0,0,16,1],"rotation":270,"texture":"#3"}}},{"from":[-1.91865,0.04462,-4.73254],"to":[-0.91865,1.04462,-2.73254],"rotation":{"angle":22.5,"axis":"x","origin":[-1.41865,0.54462,-3.73254]},"faces":{"north":{"uv":[0,0,1,1],"texture":"#3"},"east":{"uv":[0,0,2,1],"rotation":180,"texture":"#3"},"south":{"uv":[0,0,1,1],"texture":"#3"},"west":{"uv":[0,0,2,1],"texture":"#3"},"up":{"uv":[0,0,2,1],"rotation":90,"texture":"#3"},"down":{"uv":[0,0,2,1],"rotation":270,"texture":"#3"}}},{"from":[16.91865,0.04462,-4.73254],"to":[17.91865,1.04462,-2.73254],"rotation":{"angle":22.5,"axis":"x","origin":[17.41865,0.54462,-3.73254]},"faces":{"north":{"uv":[0,0,1,1],"texture":"#3"},"east":{"uv":[0,0,2,1],"rotation":180,"texture":"#3"},"south":{"uv":[0,0,1,1],"texture":"#3"},"west":{"uv":[0,0,2,1],"texture":"#3"},"up":{"uv":[0,0,2,1],"rotation":90,"texture":"#3"},"down":{"uv":[0,0,2,1],"rotation":270,"texture":"#3"}}},{"from":[-1.91865,0.52603,-5.70131],"to":[-0.91865,2.52603,-4.70131],"rotation":{"angle":-45,"axis":"x","origin":[-1.41865,1.52603,-5.20131]},"faces":{"north":{"uv":[0,0,2,1],"rotation":90,"texture":"#3"},"east":{"uv":[0,0,2,1],"rotation":90,"texture":"#3"},"south":{"uv":[0,0,2,1],"rotation":90,"texture":"#3"},"west":{"uv":[0,0,2,1],"rotation":90,"texture":"#3"},"up":{"uv":[0,0,1,1],"rotation":180,"texture":"#3"},"down":{"uv":[0,0,1,1],"texture":"#3"}}},{"from":[-1.91865,1.9948,-6.68272],"to":[-0.91865,3.9948,-5.68272],"rotation":{"angle":-22.5,"axis":"x","origin":[-1.41865,2.9948,-6.18272]},"faces":{"north":{"uv":[0,0,2,1],"rotation":90,"texture":"#3"},"east":{"uv":[0,0,2,1],"rotation":90,"texture":"#3"},"south":{"uv":[0,0,2,1],"rotation":90,"texture":"#3"},"west":{"uv":[0,0,2,1],"rotation":90,"texture":"#3"},"up":{"uv":[0,0,1,1],"rotation":180,"texture":"#3"},"down":{"uv":[0,0,1,1],"texture":"#3"}}},{"from":[16.91865,1.9948,-6.68272],"to":[17.91865,3.9948,-5.68272],"rotation":{"angle":-22.5,"axis":"x","origin":[17.41865,2.9948,-6.18272]},"faces":{"north":{"uv":[0,0,2,1],"rotation":90,"texture":"#3"},"east":{"uv":[0,0,2,1],"rotation":90,"texture":"#3"},"south":{"uv":[0,0,2,1],"rotation":90,"texture":"#3"},"west":{"uv":[0,0,2,1],"rotation":90,"texture":"#3"},"up":{"uv":[0,0,1,1],"rotation":180,"texture":"#3"},"down":{"uv":[0,0,1,1],"texture":"#3"}}},{"from":[16.91865,0.52603,-5.70131],"to":[17.91865,2.52603,-4.70131],"rotation":{"angle":-45,"axis":"x","origin":[17.41865,1.52603,-5.20131]},"faces":{"north":{"uv":[0,0,2,1],"rotation":90,"texture":"#3"},"east":{"uv":[0,0,2,1],"rotation":90,"texture":"#3"},"south":{"uv":[0,0,2,1],"rotation":90,"texture":"#3"},"west":{"uv":[0,0,2,1],"rotation":90,"texture":"#3"},"up":{"uv":[0,0,1,1],"rotation":180,"texture":"#3"},"down":{"uv":[0,0,1,1],"texture":"#3"}}},{"from":[16.91865,-0.3,-3],"to":[17.91865,0.7,18],"rotation":{"angle":0,"axis":"z","origin":[17.41865,1.56329,6.5]},"faces":{"north":{"uv":[0,0,1,1],"texture":"#3"},"east":{"uv":[0,0,16,1],"rotation":180,"texture":"#3"},"south":{"uv":[0,0,1,1],"texture":"#3"},"west":{"uv":[0,0,16,1],"texture":"#3"},"up":{"uv":[0,0,16,1],"rotation":90,"texture":"#3"},"down":{"uv":[0,0,16,1],"rotation":270,"texture":"#3"}}},{"from":[-1,0,0],"to":[0,3,1],"rotation":{"angle":-22.5,"axis":"z","origin":[-0.5,2.5,-8.5]},"faces":{"north":{"uv":[0,0,1,3],"texture":"#3"},"east":{"uv":[0,0,1,3],"texture":"#3"},"south":{"uv":[0,0,1,3],"texture":"#3"},"west":{"uv":[0,0,1,3],"texture":"#3"},"up":{"uv":[0,0,1,1],"texture":"#3"},"down":{"uv":[0,0,1,1],"texture":"#3"}}},{"from":[16,0,0],"to":[17,3,1],"rotation":{"angle":22.5,"axis":"z","origin":[16.5,2.5,-8.5]},"faces":{"north":{"uv":[0,0,1,3],"texture":"#3"},"east":{"uv":[0,0,1,3],"texture":"#3"},"south":{"uv":[0,0,1,3],"texture":"#3"},"west":{"uv":[0,0,1,3],"texture":"#3"},"up":{"uv":[0,0,1,1],"texture":"#3"},"down":{"uv":[0,0,1,1],"texture":"#3"}}},{"from":[-1,0,13],"to":[0,3,14],"rotation":{"angle":-22.5,"axis":"z","origin":[-0.5,2.5,4.5]},"faces":{"north":{"uv":[0,0,1,3],"texture":"#3"},"east":{"uv":[0,0,1,3],"texture":"#3"},"south":{"uv":[0,0,1,3],"texture":"#3"},"west":{"uv":[0,0,1,3],"texture":"#3"},"up":{"uv":[0,0,1,1],"texture":"#3"},"down":{"uv":[0,0,1,1],"texture":"#3"}}},{"from":[16,0,13],"to":[17,3,14],"rotation":{"angle":22.5,"axis":"z","origin":[16.5,2.5,4.5]},"faces":{"north":{"uv":[0,0,1,3],"texture":"#3"},"east":{"uv":[0,0,1,3],"texture":"#3"},"south":{"uv":[0,0,1,3],"texture":"#3"},"west":{"uv":[0,0,1,3],"texture":"#3"},"up":{"uv":[0,0,1,1],"texture":"#3"},"down":{"uv":[0,0,1,1],"texture":"#3"}}}],"display":{"gui":{"rotation":[30,-135,0],"translation":[-0.75,-0.25,0],"scale":[0.45,0.45,0.45]},"head":{"scale":[2.2,2.2,2.2]},"fixed":{"translation":[0,-1.25,9.75]}},"groups":[{"name":"group","origin":[-1.5,8.625,4.125],"children":[{"name":"group","origin":[8,8,8],"children":[0,1,2,3,4,5]},{"name":"group","origin":[-1.5,8.625,4.125],"children":[6]}]},{"name":"group","origin":[8,8,8],"children":[7,8,9]},{"name":"group","origin":[8,8,8],"children":[10,11,12,13,14,15,16,17,18,19,20,21,22,23,24,25,26,27,28,29,30]},{"name":"group","origin":[8,8,8],"children":[31,32,33,34,35,36,37,38,39,40,41,42]}],"credit":"Model by Craftventure"}