{"textures":{"texture":"block/brown_terracotta","oak_log_top":"block/oak_log_top","red_terracotta":"block/red_terracotta","yellow_terracotta":"block/yellow_terracotta","stone_slab_top":"block/smooth_stone"},"elements":[{"from":[-3.5,-5.5,10.5],"to":[19.5,3.5,11.5],"faces":{"north":{"uv":[0,7,16,15],"texture":"#red_terracotta"},"east":{"uv":[2,7,3.5,15],"texture":"#red_terracotta"},"south":{"uv":[0,7,16,15],"texture":"#red_terracotta"},"west":{"uv":[12.5,7,14,15],"texture":"#red_terracotta"},"up":{"uv":[0,12.5,16,14],"texture":"#red_terracotta"},"down":{"uv":[16,14,0,12.5],"texture":"#red_terracotta"}}},{"from":[-4.5,-5,6.5],"to":[-3.5,0.5,11.5],"faces":{"north":{"uv":[15,6,16,12],"texture":"#texture"},"east":{"uv":[10,8,15,15],"texture":"#texture"},"south":{"uv":[15,6,16,12],"texture":"#texture"},"west":{"uv":[10,8,15,15],"texture":"#texture"},"up":{"uv":[15,6,16,12],"texture":"#texture"},"down":{"uv":[15,6,16,12],"texture":"#texture"}}},{"from":[-4.5,-9.625,1.9375],"to":[20.5,-8.125,13.9375],"rotation":{"angle":-22.5,"axis":"x","origin":[-4.5,-8.125,1.9375]},"faces":{"north":{"uv":[0,15,16,16],"texture":"#texture"},"east":{"uv":[1.5,15,14,16],"texture":"#texture"},"south":{"uv":[0,15,16,16],"texture":"#texture"},"west":{"uv":[2,15,14.5,16],"texture":"#texture"},"up":{"uv":[0,2,16,14.5],"texture":"#texture"},"down":{"uv":[16,14.5,0,2],"texture":"#texture"}}},{"from":[-5,-6.5,6],"to":[-3,0.5,6.5],"faces":{"north":{"uv":[14,5.5,16,6.5],"texture":"#yellow_terracotta"},"east":{"uv":[14,5.5,16,6.5],"texture":"#yellow_terracotta"},"south":{"uv":[14,5.5,16,6.5],"texture":"#yellow_terracotta"},"west":{"uv":[14,5.5,16,6.5],"texture":"#yellow_terracotta"},"up":{"uv":[14,5.5,16,6.5],"texture":"#yellow_terracotta"},"down":{"uv":[14,5.5,16,6.5],"texture":"#yellow_terracotta"}}},{"from":[-5,-0.5,6],"to":[-3,0.5,12],"rotation":{"angle":-22.5,"axis":"x","origin":[-5,0.5,6]},"faces":{"north":{"uv":[14,5.5,16,6.5],"texture":"#yellow_terracotta"},"east":{"uv":[14,5.5,16,6.5],"texture":"#yellow_terracotta"},"south":{"uv":[14,5.5,16,6.5],"texture":"#yellow_terracotta"},"west":{"uv":[14,5.5,16,6.5],"texture":"#yellow_terracotta"},"up":{"uv":[14,5.5,16,6.5],"texture":"#yellow_terracotta"},"down":{"uv":[14,5.5,16,6.5],"texture":"#yellow_terracotta"}}},{"from":[19,-4.5,11.5],"to":[21,2,12],"faces":{"north":{"uv":[14,5.5,16,6.5],"texture":"#yellow_terracotta"},"east":{"uv":[14,5.5,16,6.5],"texture":"#yellow_terracotta"},"south":{"uv":[14,5.5,16,6.5],"texture":"#yellow_terracotta"},"west":{"uv":[14,5.5,16,6.5],"texture":"#yellow_terracotta"},"up":{"uv":[14,5.5,16,6.5],"texture":"#yellow_terracotta"},"down":{"uv":[14,5.5,16,6.5],"texture":"#yellow_terracotta"}}},{"from":[-4,-2.5,16],"to":[-2,4.5,16.5],"faces":{"north":{"uv":[14,5.5,16,6.5],"texture":"#yellow_terracotta"},"east":{"uv":[14,5.5,16,6.5],"texture":"#yellow_terracotta"},"south":{"uv":[14,5.5,16,6.5],"texture":"#yellow_terracotta"},"west":{"uv":[14,5.5,16,6.5],"texture":"#yellow_terracotta"},"up":{"uv":[14,5.5,16,6.5],"texture":"#yellow_terracotta"},"down":{"uv":[14,5.5,16,6.5],"texture":"#yellow_terracotta"}}},{"from":[-4,3.5,16],"to":[-2,4.5,22],"rotation":{"angle":-22.5,"axis":"x","origin":[-4,4.5,16]},"faces":{"north":{"uv":[14,5.5,16,6.5],"texture":"#yellow_terracotta"},"east":{"uv":[14,5.5,16,6.5],"texture":"#yellow_terracotta"},"south":{"uv":[14,5.5,16,6.5],"texture":"#yellow_terracotta"},"west":{"uv":[14,5.5,16,6.5],"texture":"#yellow_terracotta"},"up":{"uv":[14,5.5,16,6.5],"texture":"#yellow_terracotta"},"down":{"uv":[14,5.5,16,6.5],"texture":"#yellow_terracotta"}}},{"from":[-4,0.5,21.5],"to":[-2,6,22],"faces":{"north":{"uv":[14,5.5,16,6.5],"texture":"#yellow_terracotta"},"east":{"uv":[14,5.5,16,6.5],"texture":"#yellow_terracotta"},"south":{"uv":[14,5.5,16,6.5],"texture":"#yellow_terracotta"},"west":{"uv":[14,5.5,16,6.5],"texture":"#yellow_terracotta"},"up":{"uv":[14,5.5,16,6.5],"texture":"#yellow_terracotta"},"down":{"uv":[14,5.5,16,6.5],"texture":"#yellow_terracotta"}}},{"from":[-3.5,-6,7],"to":[19.5,-2,11],"faces":{"north":{"uv":[0,14,16,16],"texture":"#red_terracotta"},"east":{"uv":[0,14,16,16],"texture":"#red_terracotta"},"south":{"uv":[0,14,16,16],"texture":"#red_terracotta"},"west":{"uv":[0,14,16,16],"texture":"#red_terracotta"},"up":{"uv":[0,14,16,16],"texture":"#red_terracotta"},"down":{"uv":[0,14,16,16],"texture":"#red_terracotta"}}},{"from":[-3.5,1.9,10.5],"to":[-2.5,3.5,11.5],"rotation":{"angle":-45,"axis":"z","origin":[-3.5,3.5,10.5]},"faces":{"north":{"uv":[0,0,1,1.6],"texture":"#red_terracotta"},"east":{"uv":[0,0,1,1.6],"texture":"#red_terracotta"},"south":{"uv":[0,0,1,1.6],"texture":"#red_terracotta"},"west":{"uv":[0,0,1,1.6],"texture":"#red_terracotta"},"up":{"uv":[0,0,1,1],"texture":"#red_terracotta"},"down":{"uv":[0,0,1,1],"texture":"#red_terracotta"}}},{"from":[19,-0.5,6],"to":[21,0.5,12],"rotation":{"angle":-22.5,"axis":"x","origin":[19,0.5,6]},"faces":{"north":{"uv":[14,5.5,16,6.5],"texture":"#yellow_terracotta"},"east":{"uv":[14,5.5,16,6.5],"texture":"#yellow_terracotta"},"south":{"uv":[14,5.5,16,6.5],"texture":"#yellow_terracotta"},"west":{"uv":[14,5.5,16,6.5],"texture":"#yellow_terracotta"},"up":{"uv":[14,5.5,16,6.5],"texture":"#yellow_terracotta"},"down":{"uv":[14,5.5,16,6.5],"texture":"#yellow_terracotta"}}},{"from":[-5,-4.5,11.5],"to":[-3,2,12],"faces":{"north":{"uv":[14,5.5,16,6.5],"texture":"#yellow_terracotta"},"east":{"uv":[14,5.5,16,6.5],"texture":"#yellow_terracotta"},"south":{"uv":[14,5.5,16,6.5],"texture":"#yellow_terracotta"},"west":{"uv":[14,5.5,16,6.5],"texture":"#yellow_terracotta"},"up":{"uv":[14,5.5,16,6.5],"texture":"#yellow_terracotta"},"down":{"uv":[14,5.5,16,6.5],"texture":"#yellow_terracotta"}}},{"from":[19,-6.5,6],"to":[21,0.5,6.5],"faces":{"north":{"uv":[14,5.5,16,6.5],"texture":"#yellow_terracotta"},"east":{"uv":[14,5.5,16,6.5],"texture":"#yellow_terracotta"},"south":{"uv":[14,5.5,16,6.5],"texture":"#yellow_terracotta"},"west":{"uv":[14,5.5,16,6.5],"texture":"#yellow_terracotta"},"up":{"uv":[14,5.5,16,6.5],"texture":"#yellow_terracotta"},"down":{"uv":[14,5.5,16,6.5],"texture":"#yellow_terracotta"}}},{"from":[18.79289,1.19289,10.5],"to":[19.79289,2.79289,11.5],"rotation":{"angle":45,"axis":"z","origin":[18.79289,2.79289,10.5]},"faces":{"north":{"uv":[0,0,1,1.6],"texture":"#red_terracotta"},"east":{"uv":[0,0,1,1.6],"texture":"#red_terracotta"},"south":{"uv":[0,0,1,1.6],"texture":"#red_terracotta"},"west":{"uv":[0,0,1,1.6],"texture":"#red_terracotta"},"up":{"uv":[0,0,1,1],"texture":"#red_terracotta"},"down":{"uv":[0,0,1,1],"texture":"#red_terracotta"}}},{"from":[-4.5,0.5,8.5],"to":[-3.5,1.5,11.5],"faces":{"north":{"uv":[15,6,16,12],"texture":"#texture"},"east":{"uv":[15,6,16,12],"texture":"#texture"},"south":{"uv":[15,6,16,12],"texture":"#texture"},"west":{"uv":[15,6,16,12],"texture":"#texture"},"up":{"uv":[15,6,16,12],"texture":"#texture"},"down":{"uv":[15,6,16,12],"texture":"#texture"}}},{"from":[-4.5,-6,6.5],"to":[-3.5,-5,9.5],"faces":{"north":{"uv":[15,6,16,12],"texture":"#texture"},"east":{"uv":[15,6,16,12],"texture":"#texture"},"south":{"uv":[15,6,16,12],"texture":"#texture"},"west":{"uv":[15,6,16,12],"texture":"#texture"},"up":{"uv":[15,6,16,12],"texture":"#texture"},"down":{"uv":[15,6,16,12],"texture":"#texture"}}},{"from":[19.5,-5,6.5],"to":[20.5,0.5,11.5],"faces":{"north":{"uv":[15,6,16,12],"texture":"#texture"},"east":{"uv":[10,8,15,15],"texture":"#texture"},"south":{"uv":[15,6,16,12],"texture":"#texture"},"west":{"uv":[10,8,15,15],"texture":"#texture"},"up":{"uv":[15,6,16,12],"texture":"#texture"},"down":{"uv":[15,6,16,12],"texture":"#texture"}}},{"from":[19.5,0.5,8.5],"to":[20.5,1.5,11.5],"faces":{"north":{"uv":[15,6,16,12],"texture":"#texture"},"east":{"uv":[15,6,16,12],"texture":"#texture"},"south":{"uv":[15,6,16,12],"texture":"#texture"},"west":{"uv":[15,6,16,12],"texture":"#texture"},"up":{"uv":[15,6,16,12],"texture":"#texture"},"down":{"uv":[15,6,16,12],"texture":"#texture"}}},{"from":[19.5,-6,6.5],"to":[20.5,-5,9.5],"faces":{"north":{"uv":[15,6,16,12],"texture":"#texture"},"east":{"uv":[15,6,16,12],"texture":"#texture"},"south":{"uv":[15,6,16,12],"texture":"#texture"},"west":{"uv":[15,6,16,12],"texture":"#texture"},"up":{"uv":[15,6,16,12],"texture":"#texture"},"down":{"uv":[15,6,16,12],"texture":"#texture"}}},{"from":[-3.5,-5,13],"to":[19.5,-3.5,23],"rotation":{"angle":-22.5,"axis":"x","origin":[-3.5,-3.5,13]},"faces":{"north":{"uv":[0,15,16,16],"texture":"#texture"},"east":{"uv":[1.5,15,14,16],"texture":"#texture"},"south":{"uv":[0,15,16,16],"texture":"#texture"},"west":{"uv":[2,15,14.5,16],"texture":"#texture"},"up":{"uv":[0,2,16,14.5],"texture":"#texture"},"down":{"uv":[16,14.5,0,2],"texture":"#texture"}}},{"from":[-5,-9,2],"to":[-3,-8,14.5],"rotation":{"angle":-22.5,"axis":"x","origin":[-5,-8,2]},"faces":{"north":{"uv":[14,5.5,16,6.5],"texture":"#yellow_terracotta"},"east":{"uv":[14,5.5,16,6.5],"texture":"#yellow_terracotta"},"south":{"uv":[14,5.5,16,6.5],"texture":"#yellow_terracotta"},"west":{"uv":[14,5.5,16,6.5],"texture":"#yellow_terracotta"},"up":{"uv":[14,5.5,16,6.5],"texture":"#yellow_terracotta"},"down":{"uv":[14,5.5,16,6.5],"texture":"#yellow_terracotta"}}},{"from":[-4,-4.5,12.5],"to":[-2,-3.5,23.5],"rotation":{"angle":-22.5,"axis":"x","origin":[-4,-3.5,12.5]},"faces":{"north":{"uv":[14,5.5,16,6.5],"texture":"#yellow_terracotta"},"east":{"uv":[14,5.5,16,6.5],"texture":"#yellow_terracotta"},"south":{"uv":[14,5.5,16,6.5],"texture":"#yellow_terracotta"},"west":{"uv":[14,5.5,16,6.5],"texture":"#yellow_terracotta"},"up":{"uv":[14,5.5,16,6.5],"texture":"#yellow_terracotta"},"down":{"uv":[14,5.5,16,6.5],"texture":"#yellow_terracotta"}}},{"from":[-5,-3.5,7.5],"to":[-4.5,-0.5,10.5],"faces":{"north":{"uv":[0,0,1,16],"texture":"#oak_log_top"},"east":{"uv":[0,0,16,16],"texture":"#oak_log_top"},"south":{"uv":[0,0,1,16],"texture":"#oak_log_top"},"west":{"uv":[0,0,16,16],"texture":"#oak_log_top"},"up":{"uv":[0,0,1,16],"texture":"#oak_log_top"},"down":{"uv":[0,0,1,16],"texture":"#oak_log_top"}}},{"from":[-4,0.5,17.5],"to":[-3.5,3.5,20.5],"faces":{"north":{"uv":[0,0,1,16],"texture":"#oak_log_top"},"east":{"uv":[0,0,16,16],"texture":"#oak_log_top"},"south":{"uv":[0,0,1,16],"texture":"#oak_log_top"},"west":{"uv":[0,0,16,16],"texture":"#oak_log_top"},"up":{"uv":[0,0,1,16],"texture":"#oak_log_top"},"down":{"uv":[0,0,1,16],"texture":"#oak_log_top"}}},{"from":[19,-9,2],"to":[21,-8,14.5],"rotation":{"angle":-22.5,"axis":"x","origin":[19,-8,2]},"faces":{"north":{"uv":[14,5.5,16,6.5],"texture":"#yellow_terracotta"},"east":{"uv":[14,5.5,16,6.5],"texture":"#yellow_terracotta"},"south":{"uv":[14,5.5,16,6.5],"texture":"#yellow_terracotta"},"west":{"uv":[14,5.5,16,6.5],"texture":"#yellow_terracotta"},"up":{"uv":[14,5.5,16,6.5],"texture":"#yellow_terracotta"},"down":{"uv":[14,5.5,16,6.5],"texture":"#yellow_terracotta"}}},{"from":[18,-4.5,12.5],"to":[20,-3.5,23.5],"rotation":{"angle":-22.5,"axis":"x","origin":[18,-3.5,12.5]},"faces":{"north":{"uv":[14,5.5,16,6.5],"texture":"#yellow_terracotta"},"east":{"uv":[14,5.5,16,6.5],"texture":"#yellow_terracotta"},"south":{"uv":[14,5.5,16,6.5],"texture":"#yellow_terracotta"},"west":{"uv":[14,5.5,16,6.5],"texture":"#yellow_terracotta"},"up":{"uv":[14,5.5,16,6.5],"texture":"#yellow_terracotta"},"down":{"uv":[14,5.5,16,6.5],"texture":"#yellow_terracotta"}}},{"from":[18,3.5,16],"to":[20,4.5,22],"rotation":{"angle":-22.5,"axis":"x","origin":[18,4.5,16]},"faces":{"north":{"uv":[14,5.5,16,6.5],"texture":"#yellow_terracotta"},"east":{"uv":[14,5.5,16,6.5],"texture":"#yellow_terracotta"},"south":{"uv":[14,5.5,16,6.5],"texture":"#yellow_terracotta"},"west":{"uv":[14,5.5,16,6.5],"texture":"#yellow_terracotta"},"up":{"uv":[14,5.5,16,6.5],"texture":"#yellow_terracotta"},"down":{"uv":[14,5.5,16,6.5],"texture":"#yellow_terracotta"}}},{"from":[18,0,21.5],"to":[20,6,22],"faces":{"north":{"uv":[14,5.5,16,6.5],"texture":"#yellow_terracotta"},"east":{"uv":[14,5.5,16,6.5],"texture":"#yellow_terracotta"},"south":{"uv":[14,5.5,16,6.5],"texture":"#yellow_terracotta"},"west":{"uv":[14,5.5,16,6.5],"texture":"#yellow_terracotta"},"up":{"uv":[14,5.5,16,6.5],"texture":"#yellow_terracotta"},"down":{"uv":[14,5.5,16,6.5],"texture":"#yellow_terracotta"}}},{"from":[18,-2.5,16],"to":[20,4.5,16.5],"faces":{"north":{"uv":[14,5.5,16,6.5],"texture":"#yellow_terracotta"},"east":{"uv":[14,5.5,16,6.5],"texture":"#yellow_terracotta"},"south":{"uv":[14,5.5,16,6.5],"texture":"#yellow_terracotta"},"west":{"uv":[14,5.5,16,6.5],"texture":"#yellow_terracotta"},"up":{"uv":[14,5.5,16,6.5],"texture":"#yellow_terracotta"},"down":{"uv":[14,5.5,16,6.5],"texture":"#yellow_terracotta"}}},{"from":[-2.5,-1.5,20.5],"to":[18.5,7.5,21.5],"faces":{"north":{"uv":[0,7,16,15],"texture":"#red_terracotta"},"east":{"uv":[2,7,3.5,15],"texture":"#red_terracotta"},"south":{"uv":[0,7,16,15],"texture":"#red_terracotta"},"west":{"uv":[12.5,7,14,15],"texture":"#red_terracotta"},"up":{"uv":[0,12.5,16,14],"texture":"#red_terracotta"},"down":{"uv":[16,14,0,12.5],"texture":"#red_terracotta"}}},{"from":[-4,-11.125,1.9375],"to":[20,-9.625,14.4375],"rotation":{"angle":-22.5,"axis":"x","origin":[-4,-9.625,1.9375]},"faces":{"north":{"uv":[0,15,16,16],"texture":"#texture"},"east":{"uv":[1.5,15,14,16],"texture":"#texture"},"south":{"uv":[0,15,16,16],"texture":"#texture"},"west":{"uv":[2,15,14.5,16],"texture":"#texture"},"up":{"uv":[0,2,16,14.5],"texture":"#texture"},"down":{"uv":[16,14.5,0,2],"texture":"#texture"}}},{"from":[-3,-12.625,1.9375],"to":[19,-11.125,14.9375],"rotation":{"angle":-22.5,"axis":"x","origin":[-3,-11.125,1.9375]},"faces":{"north":{"uv":[0,15,16,16],"texture":"#texture"},"east":{"uv":[1.5,15,14,16],"texture":"#texture"},"south":{"uv":[0,15,16,16],"texture":"#texture"},"west":{"uv":[2,15,14.5,16],"texture":"#texture"},"up":{"uv":[0,2,16,14.5],"texture":"#texture"},"down":{"uv":[16,14.5,0,2],"texture":"#texture"}}},{"from":[-0.5,-14.0625,2.3125],"to":[16.5,-13.5625,15.8125],"rotation":{"angle":-22.5,"axis":"x","origin":[-0.5,-13.5625,2.3125]},"faces":{"north":{"uv":[0,15,16,16],"texture":"#texture"},"east":{"uv":[1.5,15,14,16],"texture":"#texture"},"south":{"uv":[0,15,16,16],"texture":"#texture"},"west":{"uv":[2,15,14.5,16],"texture":"#texture"},"up":{"uv":[0,2,16,14.5],"texture":"#texture"},"down":{"uv":[16,14.5,0,2],"texture":"#texture"}}},{"from":[-2,-13.5625,2.125],"to":[18,-12.5625,15.625],"rotation":{"angle":-22.5,"axis":"x","origin":[-2,-12.5625,2.125]},"faces":{"north":{"uv":[0,15,16,16],"texture":"#texture"},"east":{"uv":[1.5,15,14,16],"texture":"#texture"},"south":{"uv":[0,15,16,16],"texture":"#texture"},"west":{"uv":[2,15,14.5,16],"texture":"#texture"},"up":{"uv":[0,2,16,14.5],"texture":"#texture"},"down":{"uv":[16,14.5,0,2],"texture":"#texture"}}},{"from":[-3.5,-5,13],"to":[19.5,-3.5,23],"rotation":{"angle":-22.5,"axis":"x","origin":[-3.5,-3.5,13]},"faces":{"north":{"uv":[0,15,16,16],"texture":"#texture"},"east":{"uv":[1.5,15,14,16],"texture":"#texture"},"south":{"uv":[0,15,16,16],"texture":"#texture"},"west":{"uv":[2,15,14.5,16],"texture":"#texture"},"up":{"uv":[0,2,16,14.5],"texture":"#texture"},"down":{"uv":[16,14.5,0,2],"texture":"#texture"}}},{"from":[-2.5,5.9,20.5],"to":[-1.5,7.5,21.5],"rotation":{"angle":-45,"axis":"z","origin":[-2.5,7.5,20.5]},"faces":{"north":{"uv":[0,0,1,1.6],"texture":"#red_terracotta"},"east":{"uv":[0,0,1,1.6],"texture":"#red_terracotta"},"south":{"uv":[0,0,1,1.6],"texture":"#red_terracotta"},"west":{"uv":[0,0,1,1.6],"texture":"#red_terracotta"},"up":{"uv":[0,0,1,1],"texture":"#red_terracotta"},"down":{"uv":[0,0,1,1],"texture":"#red_terracotta"}}},{"from":[17.79289,5.19289,20.5],"to":[18.79289,6.79289,21.5],"rotation":{"angle":45,"axis":"z","origin":[17.79289,6.79289,20.5]},"faces":{"north":{"uv":[0,0,1,1.6],"texture":"#red_terracotta"},"east":{"uv":[0,0,1,1.6],"texture":"#red_terracotta"},"south":{"uv":[0,0,1,1.6],"texture":"#red_terracotta"},"west":{"uv":[0,0,1,1.6],"texture":"#red_terracotta"},"up":{"uv":[0,0,1,1],"texture":"#red_terracotta"},"down":{"uv":[0,0,1,1],"texture":"#red_terracotta"}}},{"from":[-3,-6.5,12.9375],"to":[19,-5,23.4375],"rotation":{"angle":-22.5,"axis":"x","origin":[-3,-5,12.9375]},"faces":{"north":{"uv":[0,15,16,16],"texture":"#texture"},"east":{"uv":[1.5,15,14,16],"texture":"#texture"},"south":{"uv":[0,15,16,16],"texture":"#texture"},"west":{"uv":[2,15,14.5,16],"texture":"#texture"},"up":{"uv":[0,2,16,14.5],"texture":"#texture"},"down":{"uv":[16,14.5,0,2],"texture":"#texture"}}},{"from":[-2,-7.5,13.5],"to":[18,-6,24],"rotation":{"angle":-22.5,"axis":"x","origin":[-2,-6,13.5]},"faces":{"north":{"uv":[0,15,16,16],"texture":"#texture"},"east":{"uv":[1.5,15,14,16],"texture":"#texture"},"south":{"uv":[0,15,16,16],"texture":"#texture"},"west":{"uv":[2,15,14.5,16],"texture":"#texture"},"up":{"uv":[0,2,16,14.5],"texture":"#texture"},"down":{"uv":[16,14.5,0,2],"texture":"#texture"}}},{"from":[-1,-8.5,13.5],"to":[17,-7.5,24.5],"rotation":{"angle":-22.5,"axis":"x","origin":[-1,-7.5,13.5]},"faces":{"north":{"uv":[0,15,16,16],"texture":"#texture"},"east":{"uv":[1.5,15,14,16],"texture":"#texture"},"south":{"uv":[0,15,16,16],"texture":"#texture"},"west":{"uv":[2,15,14.5,16],"texture":"#texture"},"up":{"uv":[0,2,16,14.5],"texture":"#texture"},"down":{"uv":[16,14.5,0,2],"texture":"#texture"}}},{"from":[0.5,-8.5,14.5],"to":[15.5,-8,25],"rotation":{"angle":-22.5,"axis":"x","origin":[0.5,-8,14.5]},"faces":{"north":{"uv":[0,15,16,16],"texture":"#texture"},"east":{"uv":[1.5,15,14,16],"texture":"#texture"},"south":{"uv":[0,15,16,16],"texture":"#texture"},"west":{"uv":[2,15,14.5,16],"texture":"#texture"},"up":{"uv":[0,2,16,14.5],"texture":"#texture"},"down":{"uv":[16,14.5,0,2],"texture":"#texture"}}},{"from":[-2.5,-2,17],"to":[18.5,2,21],"faces":{"north":{"uv":[0,14,16,16],"texture":"#red_terracotta"},"east":{"uv":[0,14,16,16],"texture":"#red_terracotta"},"south":{"uv":[0,14,16,16],"texture":"#red_terracotta"},"west":{"uv":[0,14,16,16],"texture":"#red_terracotta"},"up":{"uv":[0,14,16,16],"texture":"#red_terracotta"},"down":{"uv":[0,14,16,16],"texture":"#red_terracotta"}}},{"from":[19.5,0.5,17.5],"to":[20,3.5,20.5],"faces":{"north":{"uv":[0,0,1,16],"texture":"#oak_log_top"},"east":{"uv":[0,0,16,16],"texture":"#oak_log_top"},"south":{"uv":[0,0,1,16],"texture":"#oak_log_top"},"west":{"uv":[0,0,16,16],"texture":"#oak_log_top"},"up":{"uv":[0,0,1,16],"texture":"#oak_log_top"},"down":{"uv":[0,0,1,16],"texture":"#oak_log_top"}}},{"from":[20.5,-3.5,7.5],"to":[21,-0.5,10.5],"faces":{"north":{"uv":[0,0,1,16],"texture":"#oak_log_top"},"east":{"uv":[0,0,16,16],"texture":"#oak_log_top"},"south":{"uv":[0,0,1,16],"texture":"#oak_log_top"},"west":{"uv":[0,0,16,16],"texture":"#oak_log_top"},"up":{"uv":[0,0,1,16],"texture":"#oak_log_top"},"down":{"uv":[0,0,1,16],"texture":"#oak_log_top"}}},{"from":[18.5,-1,16.5],"to":[19.5,4.5,21.5],"faces":{"north":{"uv":[15,6,16,12],"texture":"#texture"},"east":{"uv":[10,8,15,15],"texture":"#texture"},"south":{"uv":[15,6,16,12],"texture":"#texture"},"west":{"uv":[1,8,6,15],"texture":"#texture"},"up":{"uv":[15,6,16,12],"texture":"#texture"},"down":{"uv":[15,6,16,12],"texture":"#texture"}}},{"from":[-3.5,-1,16.5],"to":[-2.5,4.5,21.5],"faces":{"north":{"uv":[15,6,16,12],"texture":"#texture"},"east":{"uv":[10,8,15,15],"texture":"#texture"},"south":{"uv":[15,6,16,12],"texture":"#texture"},"west":{"uv":[10,8,15,15],"texture":"#texture"},"up":{"uv":[15,6,16,12],"texture":"#texture"},"down":{"uv":[15,6,16,12],"texture":"#texture"}}},{"from":[-3.5,4.5,18.5],"to":[-2.5,5.5,21.5],"faces":{"north":{"uv":[15,6,16,12],"texture":"#texture"},"east":{"uv":[15,6,16,12],"texture":"#texture"},"south":{"uv":[15,6,16,12],"texture":"#texture"},"west":{"uv":[15,6,16,12],"texture":"#texture"},"up":{"uv":[15,6,16,12],"texture":"#texture"},"down":{"uv":[15,6,16,12],"texture":"#texture"}}},{"from":[18.5,4.5,18.5],"to":[19.5,5.5,21.5],"faces":{"north":{"uv":[15,6,16,12],"texture":"#texture"},"east":{"uv":[15,6,16,12],"texture":"#texture"},"south":{"uv":[15,6,16,12],"texture":"#texture"},"west":{"uv":[15,6,16,12],"texture":"#texture"},"up":{"uv":[15,6,16,12],"texture":"#texture"},"down":{"uv":[15,6,16,12],"texture":"#texture"}}},{"from":[18.5,-2,16.5],"to":[19.5,-1,19],"faces":{"north":{"uv":[15,6,16,12],"texture":"#texture"},"east":{"uv":[15,6,16,12],"texture":"#texture"},"south":{"uv":[15,6,16,12],"texture":"#texture"},"west":{"uv":[15,6,16,12],"texture":"#texture"},"up":{"uv":[15,6,16,12],"texture":"#texture"},"down":{"uv":[15,6,16,12],"texture":"#texture"}}},{"from":[-3.5,-2,16.5],"to":[-2.5,-1,19],"faces":{"north":{"uv":[15,6,16,12],"texture":"#texture"},"east":{"uv":[15,6,16,12],"texture":"#texture"},"south":{"uv":[15,6,16,12],"texture":"#texture"},"west":{"uv":[15,6,16,12],"texture":"#texture"},"up":{"uv":[15,6,16,12],"texture":"#texture"},"down":{"uv":[15,6,16,12],"texture":"#texture"}}},{"from":[-2,-1.5,21.9375],"to":[18,0,25.4375],"rotation":{"angle":-22.5,"axis":"x","origin":[-2,0,21.9375]},"faces":{"north":{"uv":[0,15,16,16],"texture":"#texture"},"east":{"uv":[1.5,15,14,16],"texture":"#texture"},"south":{"uv":[0,15,16,16],"texture":"#texture"},"west":{"uv":[2,15,14.5,16],"texture":"#texture"},"up":{"uv":[0,2,16,14.5],"texture":"#texture"},"down":{"uv":[16,14.5,0,2],"texture":"#texture"}}},{"from":[-1.5,-2.5,22.5],"to":[17.5,-1,26],"rotation":{"angle":-22.5,"axis":"x","origin":[-1.5,-1,22.5]},"faces":{"north":{"uv":[0,15,16,16],"texture":"#texture"},"east":{"uv":[1.5,15,14,16],"texture":"#texture"},"south":{"uv":[0,15,16,16],"texture":"#texture"},"west":{"uv":[2,15,14.5,16],"texture":"#texture"},"up":{"uv":[0,2,16,14.5],"texture":"#texture"},"down":{"uv":[16,14.5,0,2],"texture":"#texture"}}},{"from":[-0.5,-3.5,22.9375],"to":[16.5,-2,26.4375],"rotation":{"angle":-22.5,"axis":"x","origin":[-0.5,-2,22.9375]},"faces":{"north":{"uv":[0,15,16,16],"texture":"#texture"},"east":{"uv":[1.5,15,14,16],"texture":"#texture"},"south":{"uv":[0,15,16,16],"texture":"#texture"},"west":{"uv":[2,15,14.5,16],"texture":"#texture"},"up":{"uv":[0,2,16,14.5],"texture":"#texture"},"down":{"uv":[16,14.5,0,2],"texture":"#texture"}}},{"from":[0.5,-4.5,23],"to":[15.5,-3.5,27],"rotation":{"angle":-22.5,"axis":"x","origin":[0.5,-3.5,23]},"faces":{"north":{"uv":[0,15,16,16],"texture":"#texture"},"east":{"uv":[1.5,15,14,16],"texture":"#texture"},"south":{"uv":[0,15,16,16],"texture":"#texture"},"west":{"uv":[2,15,14.5,16],"texture":"#texture"},"up":{"uv":[0,2,16,14.5],"texture":"#texture"},"down":{"uv":[16,14.5,0,2],"texture":"#texture"}}},{"from":[2,-4.5,24],"to":[14,-4,27],"rotation":{"angle":-22.5,"axis":"x","origin":[2,-4,24]},"faces":{"north":{"uv":[0,15,16,16],"texture":"#texture"},"east":{"uv":[1.5,15,14,16],"texture":"#texture"},"south":{"uv":[0,15,16,16],"texture":"#texture"},"west":{"uv":[2,15,14.5,16],"texture":"#texture"},"up":{"uv":[0,2,16,14.5],"texture":"#texture"},"down":{"uv":[16,14.5,0,2],"texture":"#texture"}}},{"from":[-0.5,-0.4375,24.4375],"to":[16.5,1.0625,26.4375],"rotation":{"angle":-45,"axis":"x","origin":[-0.5,1.0625,24.4375]},"faces":{"north":{"uv":[0,15,16,16],"texture":"#texture"},"east":{"uv":[1.5,15,14,16],"texture":"#texture"},"south":{"uv":[0,15,16,16],"texture":"#texture"},"west":{"uv":[2,15,14.5,16],"texture":"#texture"},"up":{"uv":[0,2,16,14.5],"texture":"#texture"},"down":{"uv":[16,14.5,0,2],"texture":"#texture"}}},{"from":[16.5,-0.5,21.5],"to":[18.5,0.5,25.5],"rotation":{"angle":-22.5,"axis":"x","origin":[16.5,0.5,21.5]},"faces":{"north":{"uv":[14,5.5,16,6.5],"texture":"#yellow_terracotta"},"east":{"uv":[14,5.5,16,6.5],"texture":"#yellow_terracotta"},"south":{"uv":[14,5.5,16,6.5],"texture":"#yellow_terracotta"},"west":{"uv":[14,5.5,16,6.5],"texture":"#yellow_terracotta"},"up":{"uv":[14,5.5,16,6.5],"texture":"#yellow_terracotta"},"down":{"uv":[14,5.5,16,6.5],"texture":"#yellow_terracotta"}}},{"from":[-2.5,-0.5,21.5],"to":[-0.5,0.5,25.5],"rotation":{"angle":-22.5,"axis":"x","origin":[-2.5,0.5,21.5]},"faces":{"north":{"uv":[14,5.5,16,6.5],"texture":"#yellow_terracotta"},"east":{"uv":[14,5.5,16,6.5],"texture":"#yellow_terracotta"},"south":{"uv":[14,5.5,16,6.5],"texture":"#yellow_terracotta"},"west":{"uv":[14,5.5,16,6.5],"texture":"#yellow_terracotta"},"up":{"uv":[14,5.5,16,6.5],"texture":"#yellow_terracotta"},"down":{"uv":[14,5.5,16,6.5],"texture":"#yellow_terracotta"}}},{"from":[0,-1.3125,24.9375],"to":[16,0.1875,27.4375],"rotation":{"angle":-45,"axis":"x","origin":[0,0.1875,24.9375]},"faces":{"north":{"uv":[0,15,16,16],"texture":"#texture"},"east":{"uv":[1.5,15,14,16],"texture":"#texture"},"south":{"uv":[0,15,16,16],"texture":"#texture"},"west":{"uv":[2,15,14.5,16],"texture":"#texture"},"up":{"uv":[0,2,16,14.5],"texture":"#texture"},"down":{"uv":[16,14.5,0,2],"texture":"#texture"}}},{"from":[1,-2.25,25.625],"to":[15,-0.75,28.625],"rotation":{"angle":-45,"axis":"x","origin":[1,-0.75,25.625]},"faces":{"north":{"uv":[0,15,16,16],"texture":"#texture"},"east":{"uv":[1.5,15,14,16],"texture":"#texture"},"south":{"uv":[0,15,16,16],"texture":"#texture"},"west":{"uv":[2,15,14.5,16],"texture":"#texture"},"up":{"uv":[0,2,16,14.5],"texture":"#texture"},"down":{"uv":[16,14.5,0,2],"texture":"#texture"}}},{"from":[2,-3.0625,26.125],"to":[14,-2.0625,29.625],"rotation":{"angle":-45,"axis":"x","origin":[2,-2.0625,26.125]},"faces":{"north":{"uv":[0,15,16,16],"texture":"#texture"},"east":{"uv":[1.5,15,14,16],"texture":"#texture"},"south":{"uv":[0,15,16,16],"texture":"#texture"},"west":{"uv":[2,15,14.5,16],"texture":"#texture"},"up":{"uv":[0,2,16,14.5],"texture":"#texture"},"down":{"uv":[16,14.5,0,2],"texture":"#texture"}}},{"from":[3.5,-3.5625,26.3125],"to":[12.5,-3.0625,30.3125],"rotation":{"angle":-45,"axis":"x","origin":[3.5,-3.0625,26.3125]},"faces":{"north":{"uv":[0,15,16,16],"texture":"#texture"},"east":{"uv":[1.5,15,14,16],"texture":"#texture"},"south":{"uv":[0,15,16,16],"texture":"#texture"},"west":{"uv":[2,15,14.5,16],"texture":"#texture"},"up":{"uv":[0,2,16,14.5],"texture":"#texture"},"down":{"uv":[16,14.5,0,2],"texture":"#texture"}}},{"from":[1,1.5,25.5],"to":[15,8.5,26.5],"faces":{"north":{"uv":[0,15,16,16],"texture":"#texture"},"east":{"uv":[1.5,15,14,16],"texture":"#texture"},"south":{"uv":[0,15,16,16],"texture":"#texture"},"west":{"uv":[2,15,14.5,16],"texture":"#texture"},"up":{"uv":[0,2,16,14.5],"texture":"#texture"},"down":{"uv":[16,14.5,0,2],"texture":"#texture"}}},{"from":[2,1,26.5],"to":[14,8.5,27.5],"faces":{"north":{"uv":[0,15,16,16],"texture":"#texture"},"east":{"uv":[1.5,15,14,16],"texture":"#texture"},"south":{"uv":[0,15,16,16],"texture":"#texture"},"west":{"uv":[2,15,14.5,16],"texture":"#texture"},"up":{"uv":[0,2,16,14.5],"texture":"#texture"},"down":{"uv":[16,14.5,0,2],"texture":"#texture"}}},{"from":[-1,0.75,24.625],"to":[1,1.75,26.125],"rotation":{"angle":-45,"axis":"x","origin":[-1,1.75,24.625]},"faces":{"north":{"uv":[14,5.5,16,6.5],"texture":"#yellow_terracotta"},"east":{"uv":[14,5.5,16,6.5],"texture":"#yellow_terracotta"},"south":{"uv":[14,5.5,16,6.5],"texture":"#yellow_terracotta"},"west":{"uv":[14,5.5,16,6.5],"texture":"#yellow_terracotta"},"up":{"uv":[14,5.5,16,6.5],"texture":"#yellow_terracotta"},"down":{"uv":[14,5.5,16,6.5],"texture":"#yellow_terracotta"}}},{"from":[15,0.75,24.625],"to":[17,1.75,26.125],"rotation":{"angle":-45,"axis":"x","origin":[15,1.75,24.625]},"faces":{"north":{"uv":[14,5.5,16,6.5],"texture":"#yellow_terracotta"},"east":{"uv":[14,5.5,16,6.5],"texture":"#yellow_terracotta"},"south":{"uv":[14,5.5,16,6.5],"texture":"#yellow_terracotta"},"west":{"uv":[14,5.5,16,6.5],"texture":"#yellow_terracotta"},"up":{"uv":[14,5.5,16,6.5],"texture":"#yellow_terracotta"},"down":{"uv":[14,5.5,16,6.5],"texture":"#yellow_terracotta"}}},{"from":[3,-0.5,27.5],"to":[13,8.5,28.5],"faces":{"north":{"uv":[0,15,16,16],"texture":"#texture"},"east":{"uv":[1.5,15,14,16],"texture":"#texture"},"south":{"uv":[0,15,16,16],"texture":"#texture"},"west":{"uv":[2,15,14.5,16],"texture":"#texture"},"up":{"uv":[0,2,16,14.5],"texture":"#texture"},"down":{"uv":[16,14.5,0,2],"texture":"#texture"}}},{"from":[3.5,-0.5,28.5],"to":[12.5,8.5,29.5],"faces":{"north":{"uv":[0,15,16,16],"texture":"#texture"},"east":{"uv":[1.5,15,14,16],"texture":"#texture"},"south":{"uv":[0,15,16,16],"texture":"#texture"},"west":{"uv":[2,15,14.5,16],"texture":"#texture"},"up":{"uv":[0,2,16,14.5],"texture":"#texture"},"down":{"uv":[16,14.5,0,2],"texture":"#texture"}}},{"from":[0.5,2,25],"to":[2.5,9,26],"faces":{"north":{"uv":[14,5.5,16,6.5],"texture":"#yellow_terracotta"},"east":{"uv":[14,5.5,16,6.5],"texture":"#yellow_terracotta"},"south":{"uv":[14,5.5,16,6.5],"texture":"#yellow_terracotta"},"west":{"uv":[14,5.5,16,6.5],"texture":"#yellow_terracotta"},"up":{"uv":[14,5.5,16,6.5],"texture":"#yellow_terracotta"},"down":{"uv":[14,5.5,16,6.5],"texture":"#yellow_terracotta"}}},{"from":[-2,-0.5,20.5],"to":[18,5,23],"rotation":{"angle":-22.5,"axis":"x","origin":[-2,5,20.5]},"faces":{"north":{"uv":[15,6,16,12],"texture":"#texture"},"east":{"uv":[15,6,16,12],"texture":"#texture"},"south":{"uv":[15,6,16,12],"texture":"#texture"},"west":{"uv":[15,6,16,12],"texture":"#texture"},"up":{"uv":[15,6,16,12],"texture":"#texture"},"down":{"uv":[15,6,16,12],"texture":"#texture"}}},{"from":[13.5,-0.5,21],"to":[16.5,4.5,22.5],"rotation":{"angle":-45,"axis":"x","origin":[13.5,4.5,21]},"faces":{"north":{"uv":[15,6,16,12],"texture":"#texture"},"east":{"uv":[15,6,16,12],"texture":"#texture"},"south":{"uv":[15,6,16,12],"texture":"#texture"},"west":{"uv":[15,6,16,12],"texture":"#texture"},"up":{"uv":[15,6,16,12],"texture":"#texture"},"down":{"uv":[15,6,16,12],"texture":"#texture"}}},{"from":[1,1,21.5],"to":[15,6.5,25.5],"faces":{"north":{"uv":[15,6,16,12],"texture":"#texture"},"east":{"uv":[15,6,16,12],"texture":"#texture"},"south":{"uv":[15,6,16,12],"texture":"#texture"},"west":{"uv":[15,6,16,12],"texture":"#texture"},"up":{"uv":[15,6,16,12],"texture":"#texture"},"down":{"uv":[15,6,16,12],"texture":"#texture"}}},{"from":[13.5,2,25],"to":[15.5,9,26],"faces":{"north":{"uv":[14,5.5,16,6.5],"texture":"#yellow_terracotta"},"east":{"uv":[14,5.5,16,6.5],"texture":"#yellow_terracotta"},"south":{"uv":[14,5.5,16,6.5],"texture":"#yellow_terracotta"},"west":{"uv":[14,5.5,16,6.5],"texture":"#yellow_terracotta"},"up":{"uv":[14,5.5,16,6.5],"texture":"#yellow_terracotta"},"down":{"uv":[14,5.5,16,6.5],"texture":"#yellow_terracotta"}}},{"from":[-0.5,-0.5,21.5],"to":[2.5,4.5,23],"rotation":{"angle":-45,"axis":"x","origin":[-0.5,4.5,21.5]},"faces":{"north":{"uv":[15,6,16,12],"texture":"#texture"},"east":{"uv":[15,6,16,12],"texture":"#texture"},"south":{"uv":[15,6,16,12],"texture":"#texture"},"west":{"uv":[15,6,16,12],"texture":"#texture"},"up":{"uv":[15,6,16,12],"texture":"#texture"},"down":{"uv":[15,6,16,12],"texture":"#texture"}}},{"from":[2.5,7.5625,22.875],"to":[13.5,14.7375,23.875],"rotation":{"angle":-22.5,"axis":"x","origin":[2.5,14.5625,22.875]},"faces":{"north":{"uv":[0,15,16,16],"texture":"#texture"},"east":{"uv":[1.5,15,14,16],"texture":"#texture"},"south":{"uv":[0,15,16,16],"texture":"#texture"},"west":{"uv":[2,15,14.5,16],"texture":"#texture"},"up":{"uv":[0,2,16,14.5],"texture":"#texture"},"down":{"uv":[16,14.5,0,2],"texture":"#texture"}}},{"from":[3.5,7.5625,23.6875],"to":[12.5,15.0625,24.6875],"rotation":{"angle":-22.5,"axis":"x","origin":[3.5,15.0625,23.6875]},"faces":{"north":{"uv":[0,15,16,16],"texture":"#texture"},"east":{"uv":[1.5,15,14,16],"texture":"#texture"},"south":{"uv":[0,15,16,16],"texture":"#texture"},"west":{"uv":[2,15,14.5,16],"texture":"#texture"},"up":{"uv":[0,2,16,14.5],"texture":"#texture"},"down":{"uv":[16,14.5,0,2],"texture":"#texture"}}},{"from":[4.5,7.5,24.5],"to":[11.5,15.5,25.5],"rotation":{"angle":-22.5,"axis":"x","origin":[4.5,15.5,24.5]},"faces":{"north":{"uv":[0,15,16,16],"texture":"#texture"},"east":{"uv":[1.5,15,14,16],"texture":"#texture"},"south":{"uv":[0,15,16,16],"texture":"#texture"},"west":{"uv":[2,15,14.5,16],"texture":"#texture"},"up":{"uv":[0,2,16,14.5],"texture":"#texture"},"down":{"uv":[16,14.5,0,2],"texture":"#texture"}}},{"from":[6,7.5,25.3125],"to":[10,16,26.3125],"rotation":{"angle":-22.5,"axis":"x","origin":[6,16,25.3125]},"faces":{"north":{"uv":[0,15,16,16],"texture":"#texture"},"east":{"uv":[1.5,15,14,16],"texture":"#texture"},"south":{"uv":[0,15,16,16],"texture":"#texture"},"west":{"uv":[2,15,14.5,16],"texture":"#texture"},"up":{"uv":[0,2,16,14.5],"texture":"#texture"},"down":{"uv":[16,14.5,0,2],"texture":"#texture"}}},{"from":[2,8.125,22.5625],"to":[4,14.775,23.5625],"rotation":{"angle":-22.5,"axis":"x","origin":[2,14.625,22.5625]},"faces":{"north":{"uv":[14,5.5,16,6.5],"texture":"#yellow_terracotta"},"east":{"uv":[14,5.5,16,6.5],"texture":"#yellow_terracotta"},"south":{"uv":[14,5.5,16,6.5],"texture":"#yellow_terracotta"},"west":{"uv":[14,5.5,16,6.5],"texture":"#yellow_terracotta"},"up":{"uv":[14,5.5,16,6.5],"texture":"#yellow_terracotta"},"down":{"uv":[14,5.5,16,6.5],"texture":"#yellow_terracotta"}}},{"from":[12,8.125,22.5625],"to":[14,14.75,23.5625],"rotation":{"angle":-22.5,"axis":"x","origin":[12,14.625,22.5625]},"faces":{"north":{"uv":[14,5.5,16,6.5],"texture":"#yellow_terracotta"},"east":{"uv":[14,5.5,16,6.5],"texture":"#yellow_terracotta"},"south":{"uv":[14,5.5,16,6.5],"texture":"#yellow_terracotta"},"west":{"uv":[14,5.5,16,6.5],"texture":"#yellow_terracotta"},"up":{"uv":[14,5.5,16,6.5],"texture":"#yellow_terracotta"},"down":{"uv":[14,5.5,16,6.5],"texture":"#yellow_terracotta"}}},{"from":[4,14.7,22.825],"to":[12,19.5,24],"faces":{"north":{"uv":[0,15,16,16],"texture":"#texture"},"east":{"uv":[1.5,15,14,16],"texture":"#texture"},"south":{"uv":[0,15,16,16],"texture":"#texture"},"west":{"uv":[2,15,14.5,16],"texture":"#texture"},"up":{"uv":[0,2,16,14.5],"texture":"#texture"},"down":{"uv":[16,14.5,0,2],"texture":"#texture"}}},{"from":[5,14.5,24],"to":[11,19.5,25],"faces":{"north":{"uv":[0,15,16,16],"texture":"#texture"},"east":{"uv":[1.5,15,14,16],"texture":"#texture"},"south":{"uv":[0,15,16,16],"texture":"#texture"},"west":{"uv":[2,15,14.5,16],"texture":"#texture"},"up":{"uv":[0,2,16,14.5],"texture":"#texture"},"down":{"uv":[16,14.5,0,2],"texture":"#texture"}}},{"from":[6,14.5,25],"to":[10,19.5,25.5],"faces":{"north":{"uv":[0,15,16,16],"texture":"#texture"},"east":{"uv":[1.5,15,14,16],"texture":"#texture"},"south":{"uv":[0,15,16,16],"texture":"#texture"},"west":{"uv":[2,15,14.5,16],"texture":"#texture"},"up":{"uv":[0,2,16,14.5],"texture":"#texture"},"down":{"uv":[16,14.5,0,2],"texture":"#texture"}}},{"from":[7.5,14.5,25.5],"to":[8.5,19.5,26],"faces":{"north":{"uv":[0,15,16,16],"texture":"#texture"},"east":{"uv":[1.5,15,14,16],"texture":"#texture"},"south":{"uv":[0,15,16,16],"texture":"#texture"},"west":{"uv":[2,15,14.5,16],"texture":"#texture"},"up":{"uv":[0,2,16,14.5],"texture":"#texture"},"down":{"uv":[16,14.5,0,2],"texture":"#texture"}}},{"from":[3.5,14.7,22.5],"to":[5.5,19.525,23.5],"faces":{"north":{"uv":[14,5.5,16,6.5],"texture":"#yellow_terracotta"},"east":{"uv":[14,5.5,16,6.5],"texture":"#yellow_terracotta"},"south":{"uv":[14,5.5,16,6.5],"texture":"#yellow_terracotta"},"west":{"uv":[14,5.5,16,6.5],"texture":"#yellow_terracotta"},"up":{"uv":[14,5.5,16,6.5],"texture":"#yellow_terracotta"},"down":{"uv":[14,5.5,16,6.5],"texture":"#yellow_terracotta"}}},{"from":[10.5,14.7,22.5],"to":[12.5,19.525,23.5],"faces":{"north":{"uv":[14,5.5,16,6.5],"texture":"#yellow_terracotta"},"east":{"uv":[14,5.5,16,6.5],"texture":"#yellow_terracotta"},"south":{"uv":[14,5.5,16,6.5],"texture":"#yellow_terracotta"},"west":{"uv":[14,5.5,16,6.5],"texture":"#yellow_terracotta"},"up":{"uv":[14,5.5,16,6.5],"texture":"#yellow_terracotta"},"down":{"uv":[14,5.5,16,6.5],"texture":"#yellow_terracotta"}}},{"from":[5.5,19.05,24.7625],"to":[10.5,24.125,25.9375],"rotation":{"angle":22.5,"axis":"x","origin":[5.5,24.125,24.9375]},"faces":{"north":{"uv":[0,15,16,16],"texture":"#texture"},"east":{"uv":[1.5,15,14,16],"texture":"#texture"},"south":{"uv":[0,15,16,16],"texture":"#texture"},"west":{"uv":[2,15,14.5,16],"texture":"#texture"},"up":{"uv":[0,2,16,14.5],"texture":"#texture"},"down":{"uv":[16,14.5,0,2],"texture":"#texture"}}},{"from":[7,19,25.5],"to":[9,24,27],"rotation":{"angle":22.5,"axis":"x","origin":[7,24,25.5]},"faces":{"north":{"uv":[0,15,16,16],"texture":"#texture"},"east":{"uv":[1.5,15,14,16],"texture":"#texture"},"south":{"uv":[0,15,16,16],"texture":"#texture"},"west":{"uv":[2,15,14.5,16],"texture":"#texture"},"up":{"uv":[0,2,16,14.5],"texture":"#texture"},"down":{"uv":[16,14.5,0,2],"texture":"#texture"}}},{"from":[5,19.1875,24.25],"to":[7,23.6875,25.25],"rotation":{"angle":22.5,"axis":"x","origin":[5,23.6875,24.25]},"faces":{"north":{"uv":[14,5.5,16,6.5],"texture":"#yellow_terracotta"},"east":{"uv":[14,5.5,16,6.5],"texture":"#yellow_terracotta"},"south":{"uv":[14,5.5,16,6.5],"texture":"#yellow_terracotta"},"west":{"uv":[14,5.5,16,6.5],"texture":"#yellow_terracotta"},"up":{"uv":[14,5.5,16,6.5],"texture":"#yellow_terracotta"},"down":{"uv":[14,5.5,16,6.5],"texture":"#yellow_terracotta"}}},{"from":[9,19.1875,24.25],"to":[11,23.6875,25.25],"rotation":{"angle":22.5,"axis":"x","origin":[9,23.6875,24.25]},"faces":{"north":{"uv":[14,5.5,16,6.5],"texture":"#yellow_terracotta"},"east":{"uv":[14,5.5,16,6.5],"texture":"#yellow_terracotta"},"south":{"uv":[14,5.5,16,6.5],"texture":"#yellow_terracotta"},"west":{"uv":[14,5.5,16,6.5],"texture":"#yellow_terracotta"},"up":{"uv":[14,5.5,16,6.5],"texture":"#yellow_terracotta"},"down":{"uv":[14,5.5,16,6.5],"texture":"#yellow_terracotta"}}},{"from":[0.5,6,21.5],"to":[2.5,7,25.5],"faces":{"north":{"uv":[14,5.5,16,6.5],"texture":"#yellow_terracotta"},"east":{"uv":[14,5.5,16,6.5],"texture":"#yellow_terracotta"},"south":{"uv":[14,5.5,16,6.5],"texture":"#yellow_terracotta"},"west":{"uv":[14,5.5,16,6.5],"texture":"#yellow_terracotta"},"up":{"uv":[14,5.5,16,6.5],"texture":"#yellow_terracotta"},"down":{"uv":[14,5.5,16,6.5],"texture":"#yellow_terracotta"}}},{"from":[13.5,6,21.5],"to":[15.5,7,25.5],"faces":{"north":{"uv":[14,5.5,16,6.5],"texture":"#yellow_terracotta"},"east":{"uv":[14,5.5,16,6.5],"texture":"#yellow_terracotta"},"south":{"uv":[14,5.5,16,6.5],"texture":"#yellow_terracotta"},"west":{"uv":[14,5.5,16,6.5],"texture":"#yellow_terracotta"},"up":{"uv":[14,5.5,16,6.5],"texture":"#yellow_terracotta"},"down":{"uv":[14,5.5,16,6.5],"texture":"#yellow_terracotta"}}},{"from":[5,23.625,24.9375],"to":[11,27.625,28.9375],"rotation":{"angle":22.5,"axis":"x","origin":[5,27.625,24.9375]},"faces":{"north":{"uv":[14,5.5,16,6.5],"texture":"#yellow_terracotta"},"east":{"uv":[14,5.5,16,6.5],"texture":"#yellow_terracotta"},"south":{"uv":[14,5.5,16,6.5],"texture":"#yellow_terracotta"},"west":{"uv":[14,5.5,16,6.5],"texture":"#yellow_terracotta"},"up":{"uv":[14,5.5,16,6.5],"texture":"#yellow_terracotta"},"down":{"uv":[14,5.5,16,6.5],"texture":"#yellow_terracotta"}}},{"from":[4.5,23.9375,25.1875],"to":[11.5,26.9375,28.1875],"rotation":{"angle":22.5,"axis":"x","origin":[4.5,26.9375,25.1875]},"faces":{"north":{"uv":[14,5.5,16,6.5],"texture":"#yellow_terracotta"},"east":{"uv":[14,5.5,16,6.5],"texture":"#yellow_terracotta"},"south":{"uv":[14,5.5,16,6.5],"texture":"#yellow_terracotta"},"west":{"uv":[14,5.5,16,6.5],"texture":"#yellow_terracotta"},"up":{"uv":[14,5.5,16,6.5],"texture":"#yellow_terracotta"},"down":{"uv":[14,5.5,16,6.5],"texture":"#yellow_terracotta"}}},{"from":[-1.9,-6,3.2],"to":[-0.9,0.8,3.8],"rotation":{"angle":22.5,"axis":"x","origin":[-1.9,1,3]},"faces":{"north":{"uv":[0,0,1,1],"texture":"#stone_slab_top"},"east":{"uv":[0,0,1,1],"texture":"#stone_slab_top"},"south":{"uv":[0,0,1,1],"texture":"#stone_slab_top"},"west":{"uv":[0,0,1,1],"texture":"#stone_slab_top"},"up":{"uv":[0,0,1,1],"texture":"#stone_slab_top"},"down":{"uv":[0,0,1,1],"texture":"#stone_slab_top"}}},{"from":[-3,0.5,3],"to":[19,1,4],"rotation":{"angle":22.5,"axis":"x","origin":[-3,1,3]},"faces":{"north":{"uv":[0,0,1,1],"texture":"#stone_slab_top"},"east":{"uv":[0,0,1,1],"texture":"#stone_slab_top"},"south":{"uv":[0,0,1,1],"texture":"#stone_slab_top"},"west":{"uv":[0,0,1,1],"texture":"#stone_slab_top"},"up":{"uv":[0,0,1,1],"texture":"#stone_slab_top"},"down":{"uv":[0,0,1,1],"texture":"#stone_slab_top"}}},{"from":[7.6,-6,3.2],"to":[8.6,0.8,3.8],"rotation":{"angle":22.5,"axis":"x","origin":[7.6,1,3]},"faces":{"north":{"uv":[0,0,1,1],"texture":"#stone_slab_top"},"east":{"uv":[0,0,1,1],"texture":"#stone_slab_top"},"south":{"uv":[0,0,1,1],"texture":"#stone_slab_top"},"west":{"uv":[0,0,1,1],"texture":"#stone_slab_top"},"up":{"uv":[0,0,1,1],"texture":"#stone_slab_top"},"down":{"uv":[0,0,1,1],"texture":"#stone_slab_top"}}},{"from":[17,-6,3.2],"to":[18,0.8,3.8],"rotation":{"angle":22.5,"axis":"x","origin":[17,1,3]},"faces":{"north":{"uv":[0,0,1,1],"texture":"#stone_slab_top"},"east":{"uv":[0,0,1,1],"texture":"#stone_slab_top"},"south":{"uv":[0,0,1,1],"texture":"#stone_slab_top"},"west":{"uv":[0,0,1,1],"texture":"#stone_slab_top"},"up":{"uv":[0,0,1,1],"texture":"#stone_slab_top"},"down":{"uv":[0,0,1,1],"texture":"#stone_slab_top"}}},{"from":[-2,4.125,13.25],"to":[18,4.625,14.25],"rotation":{"angle":22.5,"axis":"x","origin":[-2,4.625,13.25]},"faces":{"north":{"uv":[0,0,1,1],"texture":"#stone_slab_top"},"east":{"uv":[0,0,1,1],"texture":"#stone_slab_top"},"south":{"uv":[0,0,1,1],"texture":"#stone_slab_top"},"west":{"uv":[0,0,1,1],"texture":"#stone_slab_top"},"up":{"uv":[0,0,1,1],"texture":"#stone_slab_top"},"down":{"uv":[0,0,1,1],"texture":"#stone_slab_top"}}},{"from":[-1,-2.375,13.45],"to":[0,4.425,14.05],"rotation":{"angle":22.5,"axis":"x","origin":[-1,4.625,13.25]},"faces":{"north":{"uv":[0,0,1,1],"texture":"#stone_slab_top"},"east":{"uv":[0,0,1,1],"texture":"#stone_slab_top"},"south":{"uv":[0,0,1,1],"texture":"#stone_slab_top"},"west":{"uv":[0,0,1,1],"texture":"#stone_slab_top"},"up":{"uv":[0,0,1,1],"texture":"#stone_slab_top"},"down":{"uv":[0,0,1,1],"texture":"#stone_slab_top"}}},{"from":[16,-2.375,13.45],"to":[17,4.425,14.05],"rotation":{"angle":22.5,"axis":"x","origin":[16,4.625,13.25]},"faces":{"north":{"uv":[0,0,1,1],"texture":"#stone_slab_top"},"east":{"uv":[0,0,1,1],"texture":"#stone_slab_top"},"south":{"uv":[0,0,1,1],"texture":"#stone_slab_top"},"west":{"uv":[0,0,1,1],"texture":"#stone_slab_top"},"up":{"uv":[0,0,1,1],"texture":"#stone_slab_top"},"down":{"uv":[0,0,1,1],"texture":"#stone_slab_top"}}},{"from":[7.5,-2.375,13.45],"to":[8.5,4.425,14.05],"rotation":{"angle":22.5,"axis":"x","origin":[7.5,4.625,13.25]},"faces":{"north":{"uv":[0,0,1,1],"texture":"#stone_slab_top"},"east":{"uv":[0,0,1,1],"texture":"#stone_slab_top"},"south":{"uv":[0,0,1,1],"texture":"#stone_slab_top"},"west":{"uv":[0,0,1,1],"texture":"#stone_slab_top"},"up":{"uv":[0,0,1,1],"texture":"#stone_slab_top"},"down":{"uv":[0,0,1,1],"texture":"#stone_slab_top"}}}],"display":{"gui":{"rotation":[30,-135,0],"translation":[1.25,0,0],"scale":[0.3,0.3,0.3]},"head":{"translation":[0,24,24],"scale":[4,4,4]}},"credit":"Model by Craftventure"}