{"textures":{"0":"block/blue_concrete_powder","2":"block/blue_ice","particle":"block/blue_concrete_powder"},"elements":[{"from":[7.5,0,-16],"to":[8.5,1,-8],"rotation":{"angle":0,"axis":"y","origin":[8,0.5,-12]},"faces":{"north":{"uv":[0,0,2,2],"texture":"#0"},"east":{"uv":[0,0,16,2],"texture":"#0"},"south":{"uv":[0,0,2,2],"texture":"#0"},"west":{"uv":[0,0,16,2],"texture":"#0"},"up":{"uv":[0,0,2,16],"texture":"#0"},"down":{"uv":[0,0,2,16],"texture":"#0"}}},{"from":[7.495,2.24744,-8.81426],"to":[8.505,3.24744,-6.81426],"rotation":{"angle":-45,"axis":"x","origin":[8,1.89951,-6.19422]},"faces":{"north":{"uv":[0,0,2,2],"texture":"#0"},"east":{"uv":[0,0,4,2],"texture":"#0"},"south":{"uv":[0,0,2,2],"texture":"#0"},"west":{"uv":[0,0,4,2],"texture":"#0"},"up":{"uv":[0,0,2,4],"texture":"#0"},"down":{"uv":[0,0,2,4],"texture":"#0"}}},{"from":[7.495,2.24744,-8.81426],"to":[8.505,3.24744,-6.81426],"rotation":{"angle":-45,"axis":"x","origin":[8,1.89951,-6.19422]},"faces":{"north":{"uv":[0,0,2,2],"texture":"#0"},"east":{"uv":[0,0,4,2],"texture":"#0"},"south":{"uv":[0,0,2,2],"texture":"#0"},"west":{"uv":[0,0,4,2],"texture":"#0"},"up":{"uv":[0,0,2,4],"texture":"#0"},"down":{"uv":[0,0,2,4],"texture":"#0"}}},{"from":[7.5455,2.0227,-2.83283],"to":[8.4545,2.9227,-1.03283],"rotation":{"angle":-45,"axis":"x","origin":[8,1.70956,-0.4748]},"faces":{"north":{"uv":[0,0,2,2],"texture":"#0"},"east":{"uv":[0,0,4,2],"texture":"#0"},"south":{"uv":[0,0,2,2],"texture":"#0"},"west":{"uv":[0,0,4,2],"texture":"#0"},"up":{"uv":[0,0,2,4],"texture":"#0"},"down":{"uv":[0,0,2,4],"texture":"#0"}}},{"from":[7.59095,1.82043,2.55045],"to":[8.40905,2.63043,4.17045],"rotation":{"angle":-45,"axis":"x","origin":[8,1.5386,4.67268]},"faces":{"north":{"uv":[0,0,2,2],"texture":"#0"},"east":{"uv":[0,0,4,2],"texture":"#0"},"south":{"uv":[0,0,2,2],"texture":"#0"},"west":{"uv":[0,0,4,2],"texture":"#0"},"up":{"uv":[0,0,2,4],"texture":"#0"},"down":{"uv":[0,0,2,4],"texture":"#0"}}},{"from":[7.63186,1.63839,7.39541],"to":[8.36814,2.36739,8.85341],"rotation":{"angle":-45,"axis":"x","origin":[8,1.38474,9.30541]},"faces":{"north":{"uv":[0,0,2,2],"texture":"#0"},"east":{"uv":[0,0,4,2],"texture":"#0"},"south":{"uv":[0,0,2,2],"texture":"#0"},"west":{"uv":[0,0,4,2],"texture":"#0"},"up":{"uv":[0,0,2,4],"texture":"#0"},"down":{"uv":[0,0,2,4],"texture":"#0"}}},{"from":[7.63186,1.63839,12.39541],"to":[8.36814,2.36739,13.85341],"rotation":{"angle":-45,"axis":"x","origin":[8,1.38474,14.30541]},"faces":{"north":{"uv":[0,0,2,2],"texture":"#0"},"east":{"uv":[0,0,4,2],"texture":"#0"},"south":{"uv":[0,0,2,2],"texture":"#0"},"west":{"uv":[0,0,4,2],"texture":"#0"},"up":{"uv":[0,0,2,4],"texture":"#0"},"down":{"uv":[0,0,2,4],"texture":"#0"}}},{"from":[7.63186,1.63839,17.39541],"to":[8.36814,2.36739,18.85341],"rotation":{"angle":-45,"axis":"x","origin":[8,1.38474,19.30541]},"faces":{"north":{"uv":[0,0,2,2],"texture":"#0"},"east":{"uv":[0,0,4,2],"texture":"#0"},"south":{"uv":[0,0,2,2],"texture":"#0"},"west":{"uv":[0,0,4,2],"texture":"#0"},"up":{"uv":[0,0,2,4],"texture":"#0"},"down":{"uv":[0,0,2,4],"texture":"#0"}}},{"from":[7.63186,1.63839,22.39541],"to":[8.36814,2.36739,23.85341],"rotation":{"angle":-45,"axis":"x","origin":[8,1.38474,24.30541]},"faces":{"north":{"uv":[0,0,2,2],"texture":"#0"},"east":{"uv":[0,0,4,2],"texture":"#0"},"south":{"uv":[0,0,2,2],"texture":"#0"},"west":{"uv":[0,0,4,2],"texture":"#0"},"up":{"uv":[0,0,2,4],"texture":"#0"},"down":{"uv":[0,0,2,4],"texture":"#0"}}},{"from":[7.51,1.40756,-7.28289],"to":[8.49,2.90756,-5.78289],"rotation":{"angle":-22.5,"axis":"x","origin":[8,1.89951,-6.19422]},"faces":{"north":{"uv":[0,0,2,2],"texture":"#2"},"east":{"uv":[0,0,3,3],"texture":"#2"},"south":{"uv":[0,0,2,2],"texture":"#2"},"west":{"uv":[0,0,3,3],"texture":"#2"},"up":{"uv":[0,0,2,3],"texture":"#2"},"down":{"uv":[0,0,2,3],"texture":"#2"}}},{"from":[7.51,1.40756,-7.28289],"to":[8.49,2.90756,-5.78289],"rotation":{"angle":-22.5,"axis":"x","origin":[8,1.89951,-6.19422]},"faces":{"north":{"uv":[0,0,2,2],"texture":"#2"},"east":{"uv":[0,0,3,3],"texture":"#2"},"south":{"uv":[0,0,2,2],"texture":"#2"},"west":{"uv":[0,0,3,3],"texture":"#2"},"up":{"uv":[0,0,2,3],"texture":"#2"},"down":{"uv":[0,0,2,3],"texture":"#2"}}},{"from":[7.559,1.26681,-1.4546],"to":[8.441,2.61681,-0.1046],"rotation":{"angle":-22.5,"axis":"x","origin":[8,1.70956,-0.4748]},"faces":{"north":{"uv":[0,0,2,2],"texture":"#2"},"east":{"uv":[0,0,3,3],"texture":"#2"},"south":{"uv":[0,0,2,2],"texture":"#2"},"west":{"uv":[0,0,3,3],"texture":"#2"},"up":{"uv":[0,0,2,3],"texture":"#2"},"down":{"uv":[0,0,2,3],"texture":"#2"}}},{"from":[7.6031,1.14012,3.79086],"to":[8.3969,2.35512,5.00586],"rotation":{"angle":-22.5,"axis":"x","origin":[8,1.5386,4.67268]},"faces":{"north":{"uv":[0,0,2,2],"texture":"#2"},"east":{"uv":[0,0,3,3],"texture":"#2"},"south":{"uv":[0,0,2,2],"texture":"#2"},"west":{"uv":[0,0,3,3],"texture":"#2"},"up":{"uv":[0,0,2,3],"texture":"#2"},"down":{"uv":[0,0,2,3],"texture":"#2"}}},{"from":[7.64279,1.02611,8.51177],"to":[8.35721,2.11961,9.60527],"rotation":{"angle":-22.5,"axis":"x","origin":[8,1.38474,9.30541]},"faces":{"north":{"uv":[0,0,2,2],"texture":"#2"},"east":{"uv":[0,0,3,3],"texture":"#2"},"south":{"uv":[0,0,2,2],"texture":"#2"},"west":{"uv":[0,0,3,3],"texture":"#2"},"up":{"uv":[0,0,2,3],"texture":"#2"},"down":{"uv":[0,0,2,3],"texture":"#2"}}},{"from":[7.64279,1.02611,13.51177],"to":[8.35721,2.11961,14.60527],"rotation":{"angle":-22.5,"axis":"x","origin":[8,1.38474,14.30541]},"faces":{"north":{"uv":[0,0,2,2],"texture":"#2"},"east":{"uv":[0,0,3,3],"texture":"#2"},"south":{"uv":[0,0,2,2],"texture":"#2"},"west":{"uv":[0,0,3,3],"texture":"#2"},"up":{"uv":[0,0,2,3],"texture":"#2"},"down":{"uv":[0,0,2,3],"texture":"#2"}}},{"from":[7.64279,1.02611,18.51177],"to":[8.35721,2.11961,19.60527],"rotation":{"angle":-22.5,"axis":"x","origin":[8,1.38474,19.30541]},"faces":{"north":{"uv":[0,0,2,2],"texture":"#2"},"east":{"uv":[0,0,3,3],"texture":"#2"},"south":{"uv":[0,0,2,2],"texture":"#2"},"west":{"uv":[0,0,3,3],"texture":"#2"},"up":{"uv":[0,0,2,3],"texture":"#2"},"down":{"uv":[0,0,2,3],"texture":"#2"}}},{"from":[7.64279,1.02611,23.51177],"to":[8.35721,2.11961,24.60527],"rotation":{"angle":-22.5,"axis":"x","origin":[8,1.38474,24.30541]},"faces":{"north":{"uv":[0,0,2,2],"texture":"#2"},"east":{"uv":[0,0,3,3],"texture":"#2"},"south":{"uv":[0,0,2,2],"texture":"#2"},"west":{"uv":[0,0,3,3],"texture":"#2"},"up":{"uv":[0,0,2,3],"texture":"#2"},"down":{"uv":[0,0,2,3],"texture":"#2"}}},{"from":[7.52,2.48824,-6.19997],"to":[8.48,2.98824,-4.69997],"rotation":{"angle":0,"axis":"y","origin":[8,1.89951,-6.19422]},"faces":{"north":{"uv":[0,0,2,1],"texture":"#2"},"east":{"uv":[0,0,3,1],"texture":"#2"},"south":{"uv":[0,0,2,1],"texture":"#2"},"west":{"uv":[0,0,3,1],"texture":"#2"},"up":{"uv":[0,0,2,3],"texture":"#2"},"down":{"uv":[0,0,2,3],"texture":"#2"}}},{"from":[7.568,2.23941,-0.47997],"to":[8.432,2.68941,0.87003],"rotation":{"angle":0,"axis":"y","origin":[8,1.70956,-0.4748]},"faces":{"north":{"uv":[0,0,2,1],"texture":"#2"},"east":{"uv":[0,0,3,1],"texture":"#2"},"south":{"uv":[0,0,2,1],"texture":"#2"},"west":{"uv":[0,0,3,1],"texture":"#2"},"up":{"uv":[0,0,2,3],"texture":"#2"},"down":{"uv":[0,0,2,3],"texture":"#2"}}},{"from":[7.6112,2.01547,4.66803],"to":[8.3888,2.42047,5.88303],"rotation":{"angle":0,"axis":"y","origin":[8,1.5386,4.67268]},"faces":{"north":{"uv":[0,0,2,1],"texture":"#2"},"east":{"uv":[0,0,3,1],"texture":"#2"},"south":{"uv":[0,0,2,1],"texture":"#2"},"west":{"uv":[0,0,3,1],"texture":"#2"},"up":{"uv":[0,0,2,3],"texture":"#2"},"down":{"uv":[0,0,2,3],"texture":"#2"}}},{"from":[7.65008,1.81393,9.30122],"to":[8.34992,2.17843,10.39472],"rotation":{"angle":0,"axis":"y","origin":[8,1.38474,9.30541]},"faces":{"north":{"uv":[0,0,2,1],"texture":"#2"},"east":{"uv":[0,0,3,1],"texture":"#2"},"south":{"uv":[0,0,2,1],"texture":"#2"},"west":{"uv":[0,0,3,1],"texture":"#2"},"up":{"uv":[0,0,2,3],"texture":"#2"},"down":{"uv":[0,0,2,3],"texture":"#2"}}},{"from":[7.65008,1.81393,14.30122],"to":[8.34992,2.17843,15.39472],"rotation":{"angle":0,"axis":"y","origin":[8,1.38474,14.30541]},"faces":{"north":{"uv":[0,0,2,1],"texture":"#2"},"east":{"uv":[0,0,3,1],"texture":"#2"},"south":{"uv":[0,0,2,1],"texture":"#2"},"west":{"uv":[0,0,3,1],"texture":"#2"},"up":{"uv":[0,0,2,3],"texture":"#2"},"down":{"uv":[0,0,2,3],"texture":"#2"}}},{"from":[7.65008,1.81393,19.30122],"to":[8.34992,2.17843,20.39472],"rotation":{"angle":0,"axis":"y","origin":[8,1.38474,19.30541]},"faces":{"north":{"uv":[0,0,2,1],"texture":"#2"},"east":{"uv":[0,0,3,1],"texture":"#2"},"south":{"uv":[0,0,2,1],"texture":"#2"},"west":{"uv":[0,0,3,1],"texture":"#2"},"up":{"uv":[0,0,2,3],"texture":"#2"},"down":{"uv":[0,0,2,3],"texture":"#2"}}},{"from":[7.65008,1.81393,24.30122],"to":[8.34992,2.17843,25.39472],"rotation":{"angle":0,"axis":"y","origin":[8,1.38474,24.30541]},"faces":{"north":{"uv":[0,0,2,1],"texture":"#2"},"east":{"uv":[0,0,3,1],"texture":"#2"},"south":{"uv":[0,0,2,1],"texture":"#2"},"west":{"uv":[0,0,3,1],"texture":"#2"},"up":{"uv":[0,0,2,3],"texture":"#2"},"down":{"uv":[0,0,2,3],"texture":"#2"}}},{"from":[7.525,1.2592,-6.02133],"to":[8.475,1.7592,-4.72133],"rotation":{"angle":-45,"axis":"x","origin":[8,1.89951,-6.19422]},"faces":{"north":{"uv":[0,0,2,1],"texture":"#2"},"east":{"uv":[0,0,2,1],"texture":"#2"},"south":{"uv":[0,0,2,1],"texture":"#2"},"west":{"uv":[0,0,2,1],"texture":"#2"},"up":{"uv":[0,0,2,2],"texture":"#2"},"down":{"uv":[0,0,2,2],"texture":"#2"}}},{"from":[7.5725,1.13328,-0.3192],"to":[8.4275,1.58328,0.8508],"rotation":{"angle":-45,"axis":"x","origin":[8,1.70956,-0.4748]},"faces":{"north":{"uv":[0,0,2,1],"texture":"#2"},"east":{"uv":[0,0,2,1],"texture":"#2"},"south":{"uv":[0,0,2,1],"texture":"#2"},"west":{"uv":[0,0,2,1],"texture":"#2"},"up":{"uv":[0,0,2,2],"texture":"#2"},"down":{"uv":[0,0,2,2],"texture":"#2"}}},{"from":[7.61525,1.01995,4.81272],"to":[8.38475,1.42495,5.86572],"rotation":{"angle":-45,"axis":"x","origin":[8,1.5386,4.67268]},"faces":{"north":{"uv":[0,0,2,1],"texture":"#2"},"east":{"uv":[0,0,2,1],"texture":"#2"},"south":{"uv":[0,0,2,1],"texture":"#2"},"west":{"uv":[0,0,2,1],"texture":"#2"},"up":{"uv":[0,0,2,2],"texture":"#2"},"down":{"uv":[0,0,2,2],"texture":"#2"}}},{"from":[7.65373,0.91796,9.43145],"to":[8.34628,1.28246,10.37915],"rotation":{"angle":-45,"axis":"x","origin":[8,1.38474,9.30541]},"faces":{"north":{"uv":[0,0,2,1],"texture":"#2"},"east":{"uv":[0,0,2,1],"texture":"#2"},"south":{"uv":[0,0,2,1],"texture":"#2"},"west":{"uv":[0,0,2,1],"texture":"#2"},"up":{"uv":[0,0,2,2],"texture":"#2"},"down":{"uv":[0,0,2,2],"texture":"#2"}}},{"from":[7.65373,0.91796,14.43145],"to":[8.34628,1.28246,15.37915],"rotation":{"angle":-45,"axis":"x","origin":[8,1.38474,14.30541]},"faces":{"north":{"uv":[0,0,2,1],"texture":"#2"},"east":{"uv":[0,0,2,1],"texture":"#2"},"south":{"uv":[0,0,2,1],"texture":"#2"},"west":{"uv":[0,0,2,1],"texture":"#2"},"up":{"uv":[0,0,2,2],"texture":"#2"},"down":{"uv":[0,0,2,2],"texture":"#2"}}},{"from":[7.65373,0.91796,19.43145],"to":[8.34628,1.28246,20.37915],"rotation":{"angle":-45,"axis":"x","origin":[8,1.38474,19.30541]},"faces":{"north":{"uv":[0,0,2,1],"texture":"#2"},"east":{"uv":[0,0,2,1],"texture":"#2"},"south":{"uv":[0,0,2,1],"texture":"#2"},"west":{"uv":[0,0,2,1],"texture":"#2"},"up":{"uv":[0,0,2,2],"texture":"#2"},"down":{"uv":[0,0,2,2],"texture":"#2"}}},{"from":[7.65373,0.91796,24.43145],"to":[8.34628,1.28246,25.37915],"rotation":{"angle":-45,"axis":"x","origin":[8,1.38474,24.30541]},"faces":{"north":{"uv":[0,0,2,1],"texture":"#2"},"east":{"uv":[0,0,2,1],"texture":"#2"},"south":{"uv":[0,0,2,1],"texture":"#2"},"west":{"uv":[0,0,2,1],"texture":"#2"},"up":{"uv":[0,0,2,2],"texture":"#2"},"down":{"uv":[0,0,2,2],"texture":"#2"}}},{"from":[7.53,1.7592,-5.92133],"to":[8.47,2.2592,-5.22133],"rotation":{"angle":-45,"axis":"x","origin":[8,1.89951,-6.19422]},"faces":{"north":{"uv":[0,0,2,1],"texture":"#2"},"east":{"uv":[3,13,4,14],"texture":"#2"},"south":{"uv":[0,0,2,1],"texture":"#2"},"west":{"uv":[3,13,4,14],"texture":"#2"},"up":{"uv":[0,0,2,1],"texture":"#2"},"down":{"uv":[0,0,2,1],"texture":"#2"}}},{"from":[7.577,1.58328,-0.2292],"to":[8.423,2.03328,0.4008],"rotation":{"angle":-45,"axis":"x","origin":[8,1.70956,-0.4748]},"faces":{"north":{"uv":[0,0,2,1],"texture":"#2"},"east":{"uv":[3,13,4,14],"texture":"#2"},"south":{"uv":[0,0,2,1],"texture":"#2"},"west":{"uv":[3,13,4,14],"texture":"#2"},"up":{"uv":[0,0,2,1],"texture":"#2"},"down":{"uv":[0,0,2,1],"texture":"#2"}}},{"from":[7.6193,1.42495,4.89372],"to":[8.3807,1.82995,5.46072],"rotation":{"angle":-45,"axis":"x","origin":[8,1.5386,4.67268]},"faces":{"north":{"uv":[0,0,2,1],"texture":"#2"},"east":{"uv":[3,13,4,14],"texture":"#2"},"south":{"uv":[0,0,2,1],"texture":"#2"},"west":{"uv":[3,13,4,14],"texture":"#2"},"up":{"uv":[0,0,2,1],"texture":"#2"},"down":{"uv":[0,0,2,1],"texture":"#2"}}},{"from":[7.65737,1.28246,9.50435],"to":[8.34263,1.64696,10.01465],"rotation":{"angle":-45,"axis":"x","origin":[8,1.38474,9.30541]},"faces":{"north":{"uv":[0,0,2,1],"texture":"#2"},"east":{"uv":[3,13,4,14],"texture":"#2"},"south":{"uv":[0,0,2,1],"texture":"#2"},"west":{"uv":[3,13,4,14],"texture":"#2"},"up":{"uv":[0,0,2,1],"texture":"#2"},"down":{"uv":[0,0,2,1],"texture":"#2"}}},{"from":[7.65737,1.28246,14.50435],"to":[8.34263,1.64696,15.01465],"rotation":{"angle":-45,"axis":"x","origin":[8,1.38474,14.30541]},"faces":{"north":{"uv":[0,0,2,1],"texture":"#2"},"east":{"uv":[3,13,4,14],"texture":"#2"},"south":{"uv":[0,0,2,1],"texture":"#2"},"west":{"uv":[3,13,4,14],"texture":"#2"},"up":{"uv":[0,0,2,1],"texture":"#2"},"down":{"uv":[0,0,2,1],"texture":"#2"}}},{"from":[7.65737,1.28246,19.50435],"to":[8.34263,1.64696,20.01465],"rotation":{"angle":-45,"axis":"x","origin":[8,1.38474,19.30541]},"faces":{"north":{"uv":[0,0,2,1],"texture":"#2"},"east":{"uv":[3,13,4,14],"texture":"#2"},"south":{"uv":[0,0,2,1],"texture":"#2"},"west":{"uv":[3,13,4,14],"texture":"#2"},"up":{"uv":[0,0,2,1],"texture":"#2"},"down":{"uv":[0,0,2,1],"texture":"#2"}}},{"from":[7.65737,1.28246,24.50435],"to":[8.34263,1.64696,25.01465],"rotation":{"angle":-45,"axis":"x","origin":[8,1.38474,24.30541]},"faces":{"north":{"uv":[0,0,2,1],"texture":"#2"},"east":{"uv":[3,13,4,14],"texture":"#2"},"south":{"uv":[0,0,2,1],"texture":"#2"},"west":{"uv":[3,13,4,14],"texture":"#2"},"up":{"uv":[0,0,2,1],"texture":"#2"},"down":{"uv":[0,0,2,1],"texture":"#2"}}},{"from":[7.505,0.48891,-6.01229],"to":[8.495,1.48891,-5.51229],"rotation":{"angle":-22.5,"axis":"x","origin":[8,1.89951,-6.19422]},"faces":{"north":{"uv":[0,0,2,2],"rotation":180,"texture":"#0"},"east":{"uv":[0,0,2,1],"rotation":90,"texture":"#0"},"south":{"uv":[0,0,2,2],"texture":"#0"},"west":{"uv":[0,0,2,1],"rotation":270,"texture":"#0"},"up":{"uv":[0,0,2,1],"texture":"#0"},"down":{"uv":[0,0,2,1],"rotation":180,"texture":"#0"}}},{"from":[7.505,0.48891,-6.01229],"to":[8.495,1.48891,-5.51229],"rotation":{"angle":-22.5,"axis":"x","origin":[8,1.89951,-6.19422]},"faces":{"north":{"uv":[0,0,2,2],"rotation":180,"texture":"#0"},"east":{"uv":[0,0,2,1],"rotation":90,"texture":"#0"},"south":{"uv":[0,0,2,2],"texture":"#0"},"west":{"uv":[0,0,2,1],"rotation":270,"texture":"#0"},"up":{"uv":[0,0,2,1],"texture":"#0"},"down":{"uv":[0,0,2,1],"rotation":180,"texture":"#0"}}},{"from":[7.5545,0.44002,-0.31106],"to":[8.4455,1.34002,0.13894],"rotation":{"angle":-22.5,"axis":"x","origin":[8,1.70956,-0.4748]},"faces":{"north":{"uv":[0,0,2,2],"rotation":180,"texture":"#0"},"east":{"uv":[0,0,2,1],"rotation":90,"texture":"#0"},"south":{"uv":[0,0,2,2],"texture":"#0"},"west":{"uv":[0,0,2,1],"rotation":270,"texture":"#0"},"up":{"uv":[0,0,2,1],"texture":"#0"},"down":{"uv":[0,0,2,1],"rotation":180,"texture":"#0"}}},{"from":[7.59905,0.39602,4.82004],"to":[8.40095,1.20602,5.22504],"rotation":{"angle":-22.5,"axis":"x","origin":[8,1.5386,4.67268]},"faces":{"north":{"uv":[0,0,2,2],"rotation":180,"texture":"#0"},"east":{"uv":[0,0,2,1],"rotation":90,"texture":"#0"},"south":{"uv":[0,0,2,2],"texture":"#0"},"west":{"uv":[0,0,2,1],"rotation":270,"texture":"#0"},"up":{"uv":[0,0,2,1],"texture":"#0"},"down":{"uv":[0,0,2,1],"rotation":180,"texture":"#0"}}},{"from":[7.63915,0.35642,9.43804],"to":[8.36086,1.08542,9.80254],"rotation":{"angle":-22.5,"axis":"x","origin":[8,1.38474,9.30541]},"faces":{"north":{"uv":[0,0,2,2],"rotation":180,"texture":"#0"},"east":{"uv":[0,0,2,1],"rotation":90,"texture":"#0"},"south":{"uv":[0,0,2,2],"texture":"#0"},"west":{"uv":[0,0,2,1],"rotation":270,"texture":"#0"},"up":{"uv":[0,0,2,1],"texture":"#0"},"down":{"uv":[0,0,2,1],"rotation":180,"texture":"#0"}}},{"from":[7.63915,0.35642,14.43804],"to":[8.36086,1.08542,14.80254],"rotation":{"angle":-22.5,"axis":"x","origin":[8,1.38474,14.30541]},"faces":{"north":{"uv":[0,0,2,2],"rotation":180,"texture":"#0"},"east":{"uv":[0,0,2,1],"rotation":90,"texture":"#0"},"south":{"uv":[0,0,2,2],"texture":"#0"},"west":{"uv":[0,0,2,1],"rotation":270,"texture":"#0"},"up":{"uv":[0,0,2,1],"texture":"#0"},"down":{"uv":[0,0,2,1],"rotation":180,"texture":"#0"}}},{"from":[7.63915,0.35642,19.43804],"to":[8.36086,1.08542,19.80254],"rotation":{"angle":-22.5,"axis":"x","origin":[8,1.38474,19.30541]},"faces":{"north":{"uv":[0,0,2,2],"rotation":180,"texture":"#0"},"east":{"uv":[0,0,2,1],"rotation":90,"texture":"#0"},"south":{"uv":[0,0,2,2],"texture":"#0"},"west":{"uv":[0,0,2,1],"rotation":270,"texture":"#0"},"up":{"uv":[0,0,2,1],"texture":"#0"},"down":{"uv":[0,0,2,1],"rotation":180,"texture":"#0"}}},{"from":[7.63915,0.35642,24.43804],"to":[8.36086,1.08542,24.80254],"rotation":{"angle":-22.5,"axis":"x","origin":[8,1.38474,24.30541]},"faces":{"north":{"uv":[0,0,2,2],"rotation":180,"texture":"#0"},"east":{"uv":[0,0,2,1],"rotation":90,"texture":"#0"},"south":{"uv":[0,0,2,2],"texture":"#0"},"west":{"uv":[0,0,2,1],"rotation":270,"texture":"#0"},"up":{"uv":[0,0,2,1],"texture":"#0"},"down":{"uv":[0,0,2,1],"rotation":180,"texture":"#0"}}},{"from":[7.5,0,-8],"to":[8.5,1,0],"rotation":{"angle":0,"axis":"y","origin":[8,0.5,-4]},"faces":{"north":{"uv":[0,0,2,2],"texture":"#0"},"east":{"uv":[0,0,16,2],"texture":"#0"},"south":{"uv":[0,0,2,2],"texture":"#0"},"west":{"uv":[0,0,16,2],"texture":"#0"},"up":{"uv":[0,0,2,16],"texture":"#0"},"down":{"uv":[0,0,2,16],"texture":"#0"}}},{"from":[7.5,1,-8],"to":[8.5,1.7,-5.5],"rotation":{"angle":0,"axis":"y","origin":[8,1.89951,-6.19422]},"faces":{"north":{"uv":[0,0,2,2],"texture":"#0"},"east":{"uv":[0,0,5,1],"texture":"#0"},"south":{"uv":[0,0,2,2],"texture":"#0"},"west":{"uv":[0,0,5,1],"texture":"#0"},"up":{"uv":[0,0,2,5],"texture":"#0"},"down":{"uv":[0,0,2,5],"texture":"#0"}}},{"from":[7.5,1,-8],"to":[8.5,1.7,-5.5],"rotation":{"angle":0,"axis":"y","origin":[8,1.89951,-6.19422]},"faces":{"north":{"uv":[0,0,2,2],"texture":"#0"},"east":{"uv":[0,0,5,1],"texture":"#0"},"south":{"uv":[0,0,2,2],"texture":"#0"},"west":{"uv":[0,0,5,1],"texture":"#0"},"up":{"uv":[0,0,2,5],"texture":"#0"},"down":{"uv":[0,0,2,5],"texture":"#0"}}},{"from":[7.55,0.9,-2.1],"to":[8.45,1.53,0.15],"rotation":{"angle":0,"axis":"y","origin":[8,1.70956,-0.4748]},"faces":{"north":{"uv":[0,0,2,2],"texture":"#0"},"east":{"uv":[0,0,5,1],"texture":"#0"},"south":{"uv":[0,0,2,2],"texture":"#0"},"west":{"uv":[0,0,5,1],"texture":"#0"},"up":{"uv":[0,0,2,5],"texture":"#0"},"down":{"uv":[0,0,2,5],"texture":"#0"}}},{"from":[7.595,0.81,3.21],"to":[8.405,1.377,5.235],"rotation":{"angle":0,"axis":"y","origin":[8,1.5386,4.67268]},"faces":{"north":{"uv":[0,0,2,2],"texture":"#0"},"east":{"uv":[0,0,5,1],"texture":"#0"},"south":{"uv":[0,0,2,2],"texture":"#0"},"west":{"uv":[0,0,5,1],"texture":"#0"},"up":{"uv":[0,0,2,5],"texture":"#0"},"down":{"uv":[0,0,2,5],"texture":"#0"}}},{"from":[7.6355,0.729,7.989],"to":[8.3645,1.2393,9.8115],"rotation":{"angle":0,"axis":"y","origin":[8,1.38474,9.30541]},"faces":{"north":{"uv":[0,0,2,2],"texture":"#0"},"east":{"uv":[0,0,5,1],"texture":"#0"},"south":{"uv":[0,0,2,2],"texture":"#0"},"west":{"uv":[0,0,5,1],"texture":"#0"},"up":{"uv":[0,0,2,5],"texture":"#0"},"down":{"uv":[0,0,2,5],"texture":"#0"}}},{"from":[7.6355,0.729,12.989],"to":[8.3645,1.2393,14.8115],"rotation":{"angle":0,"axis":"y","origin":[8,1.38474,14.30541]},"faces":{"north":{"uv":[0,0,2,2],"texture":"#0"},"east":{"uv":[0,0,5,1],"texture":"#0"},"south":{"uv":[0,0,2,2],"texture":"#0"},"west":{"uv":[0,0,5,1],"texture":"#0"},"up":{"uv":[0,0,2,5],"texture":"#0"},"down":{"uv":[0,0,2,5],"texture":"#0"}}},{"from":[7.6355,0.729,17.989],"to":[8.3645,1.2393,19.8115],"rotation":{"angle":0,"axis":"y","origin":[8,1.38474,19.30541]},"faces":{"north":{"uv":[0,0,2,2],"texture":"#0"},"east":{"uv":[0,0,5,1],"texture":"#0"},"south":{"uv":[0,0,2,2],"texture":"#0"},"west":{"uv":[0,0,5,1],"texture":"#0"},"up":{"uv":[0,0,2,5],"texture":"#0"},"down":{"uv":[0,0,2,5],"texture":"#0"}}},{"from":[7.6355,0.729,22.989],"to":[8.3645,1.2393,24.8115],"rotation":{"angle":0,"axis":"y","origin":[8,1.38474,24.30541]},"faces":{"north":{"uv":[0,0,2,2],"texture":"#0"},"east":{"uv":[0,0,5,1],"texture":"#0"},"south":{"uv":[0,0,2,2],"texture":"#0"},"west":{"uv":[0,0,5,1],"texture":"#0"},"up":{"uv":[0,0,2,5],"texture":"#0"},"down":{"uv":[0,0,2,5],"texture":"#0"}}},{"from":[7.5,0,0],"to":[8.5,1,8],"rotation":{"angle":0,"axis":"y","origin":[8,0.5,4]},"faces":{"north":{"uv":[0,0,2,2],"texture":"#0"},"east":{"uv":[0,0,16,2],"texture":"#0"},"south":{"uv":[0,0,2,2],"texture":"#0"},"west":{"uv":[0,0,16,2],"texture":"#0"},"up":{"uv":[0,0,2,16],"texture":"#0"},"down":{"uv":[0,0,2,16],"texture":"#0"}}},{"from":[7.5,0,8],"to":[8.5,1,16],"rotation":{"angle":0,"axis":"y","origin":[8,0.5,12]},"faces":{"north":{"uv":[0,0,2,2],"texture":"#0"},"east":{"uv":[0,0,16,2],"texture":"#0"},"south":{"uv":[0,0,2,2],"texture":"#0"},"west":{"uv":[0,0,16,2],"texture":"#0"},"up":{"uv":[0,0,2,16],"texture":"#0"},"down":{"uv":[0,0,2,16],"texture":"#0"}}},{"from":[7.5,0,16],"to":[8.5,1,24],"rotation":{"angle":0,"axis":"y","origin":[8,0.5,20]},"faces":{"north":{"uv":[0,0,2,2],"texture":"#0"},"east":{"uv":[0,0,16,2],"texture":"#0"},"south":{"uv":[0,0,2,2],"texture":"#0"},"west":{"uv":[0,0,16,2],"texture":"#0"},"up":{"uv":[0,0,2,16],"texture":"#0"},"down":{"uv":[0,0,2,16],"texture":"#0"}}},{"from":[7.5,0,24],"to":[8.5,1,26],"rotation":{"angle":0,"axis":"y","origin":[8,0.5,28]},"faces":{"north":{"uv":[0,0,2,2],"texture":"#0"},"east":{"uv":[0,0,4,2],"texture":"#0"},"south":{"uv":[0,0,2,2],"texture":"#0"},"west":{"uv":[0,0,4,2],"texture":"#0"},"up":{"uv":[0,0,2,4],"texture":"#0"},"down":{"uv":[0,0,2,4],"texture":"#0"}}},{"from":[7.75,0.25,26],"to":[8.25,0.75,32],"rotation":{"angle":0,"axis":"y","origin":[8,0.5,30]},"faces":{"north":{"uv":[0,0,2,2],"texture":"#0"},"east":{"uv":[4,0,16,2],"texture":"#0"},"south":{"uv":[0,0,2,2],"texture":"#0"},"west":{"uv":[4,0,16,2],"texture":"#0"},"up":{"uv":[0,4,2,16],"texture":"#0"},"down":{"uv":[0,4,2,16],"texture":"#0"}}}],"display":{"gui":{"rotation":[30,-135,0],"translation":[0,2,0],"scale":[0.4,0.4,0.4]},"head":{"rotation":[-86.5,0,0],"translation":[0,80,-23],"scale":[4,4,4]}},"credit":"Model by Craftventure"}