{"textures":{"0":"entity/dolphin","1":"entity/horse/donkey","particle":"entity/dolphin"},"elements":[{"from":[-3.72248,4.70368,4],"to":[2.27752,11.70368,12],"rotation":{"angle":0,"axis":"z","origin":[8.29268,7.2794,8]},"faces":{"north":{"uv":[0,1.5,1.5,3.25],"texture":"#0"},"east":{"uv":[5,1.5,7,3.25],"texture":"#0"},"south":{"uv":[3.5,1.5,5,3.25],"texture":"#0"},"west":{"uv":[1.5,1.5,3.5,3.25],"texture":"#0"},"up":{"uv":[1.5,0,3.5,1.5],"rotation":90,"texture":"#0"},"down":{"uv":[3.5,0,5.5,1.5],"rotation":90,"texture":"#0"}}},{"from":[0.6432,10.66924,7.5],"to":[4.6432,15.66924,8.5],"rotation":{"angle":-22.5,"axis":"z","origin":[3.79268,7.2794,8]},"faces":{"north":{"uv":[12.75,1.25,14,2.25],"rotation":90,"texture":"#0"},"east":{"uv":[14.25,0,14.5,1.25],"rotation":180,"texture":"#0"},"south":{"uv":[14,6.75,15.75,7.75],"rotation":270,"texture":"#0"},"west":{"uv":[14,0,14.25,1.25],"texture":"#0"},"up":{"uv":[15.5,1.25,15.75,2.25],"rotation":270,"texture":"#0"},"down":{"uv":[14,1.25,14.25,2.25],"rotation":270,"texture":"#0"}}},{"from":[2.73464,6.6562,-3.0454],"to":[6.73464,7.6562,3.9546],"rotation":{"angle":-22.5,"axis":"x","origin":[8.29268,7.2794,8]},"faces":{"north":{"uv":[13.75,6.75,14,7.75],"rotation":90,"texture":"#0"},"east":{"uv":[14,5,14.25,6.75],"rotation":270,"texture":"#0"},"south":{"uv":[15.75,6.75,16,7.75],"rotation":270,"texture":"#0"},"west":{"uv":[13.75,5,14,6.75],"rotation":270,"texture":"#0"},"up":{"uv":[14,6.75,15.75,7.75],"rotation":270,"texture":"#0"},"down":{"uv":[12,6.75,13.75,7.75],"rotation":270,"texture":"#0"}}},{"from":[2.73464,6.6562,12.0454],"to":[6.73464,7.6562,19.0454],"rotation":{"angle":22.5,"axis":"x","origin":[8.29268,7.2794,8]},"faces":{"north":{"uv":[15.75,7.75,16,6.75],"rotation":270,"texture":"#0"},"east":{"uv":[14,6.75,14.25,5],"rotation":270,"texture":"#0"},"south":{"uv":[13.75,7.75,14,6.75],"rotation":90,"texture":"#0"},"west":{"uv":[13.75,6.75,14,5],"rotation":270,"texture":"#0"},"up":{"uv":[15.75,6.75,14,7.75],"rotation":270,"texture":"#0"},"down":{"uv":[13.75,6.75,12,7.75],"rotation":270,"texture":"#0"}}},{"from":[2.27752,4.70368,4],"to":[9.27752,11.70368,12],"rotation":{"angle":0,"axis":"z","origin":[8.29268,7.2794,8]},"faces":{"north":{"uv":[7,3.25,8.75,5],"texture":"#0"},"east":{"uv":[14,3.25,16,5],"texture":"#0"},"south":{"uv":[10.75,3.25,12.5,5],"texture":"#0"},"west":{"uv":[8.75,3.25,10.75,5],"texture":"#0"},"up":{"uv":[8.75,1.5,10.75,3.25],"rotation":90,"texture":"#0"},"down":{"uv":[10.75,1.5,12.75,3.25],"rotation":90,"texture":"#0"}}},{"from":[9.27752,4.70368,4],"to":[15.27752,11.70368,12],"rotation":{"angle":0,"axis":"z","origin":[8.29268,7.2794,8]},"faces":{"north":{"uv":[5.5,3.25,7,5],"texture":"#0"},"east":{"uv":[14,3.25,16,5],"texture":"#0"},"south":{"uv":[12.5,3.25,14,5],"texture":"#0"},"west":{"uv":[8.75,3.25,10.75,5],"texture":"#0"},"up":{"uv":[8.75,0,10.75,1.5],"rotation":90,"texture":"#0"},"down":{"uv":[10.75,0,12.75,1.5],"rotation":90,"texture":"#0"}}},{"from":[5.77752,10.32868,3.9375],"to":[12.77752,11.76618,12.0625],"rotation":{"angle":0,"axis":"z","origin":[4.79268,7.2794,8]},"faces":{"north":{"uv":[9,0,11.25,0.499],"texture":"#1"},"south":{"uv":[9,0,11.25,0.499],"texture":"#1"},"up":{"uv":[8.75,0,11.25,2.25],"rotation":90,"texture":"#1"}}},{"from":[5.77752,3.76618,3.9375],"to":[12.77752,10.32868,12.0625],"rotation":{"angle":0,"axis":"z","origin":[4.79268,5.8419,8]},"faces":{"north":{"uv":[6.5,2.25,8.75,4.499],"texture":"#1"},"south":{"uv":[11.25,2.25,13.5,4.499],"texture":"#1"},"up":{"uv":[8.75,0,11.25,2.25],"rotation":90,"texture":"#1"}}},{"from":[1.09002,5.82868,3.9375],"to":[7.34002,8.20368,12.0625],"rotation":{"angle":0,"axis":"z","origin":[-0.64482,3.7169,8]},"faces":{"north":{"uv":[8,4.5,9.999,5.249],"texture":"#1"},"south":{"uv":[9.999,4.5,8,5.249],"texture":"#1"}}},{"from":[-3.78498,3.95368,3.9375],"to":[1.09002,5.82868,12.0625],"rotation":{"angle":0,"axis":"z","origin":[-6.89482,1.3419,8]},"faces":{"north":{"uv":[0.5,2.25,2.498,2.999],"texture":"#1"},"south":{"uv":[2.5,2.25,4.498,2.999],"texture":"#1"},"west":{"uv":[0.75,2.25,3.997,2.999],"texture":"#1"}}},{"from":[15.27752,4.70368,6],"to":[24.27752,9.70368,10],"rotation":{"angle":0,"axis":"z","origin":[8.29268,7.2794,8]},"faces":{"north":{"uv":[0,7.5,2.25,8.75],"texture":"#0"},"east":{"uv":[6.5,7.5,7.5,8.75],"texture":"#0"},"south":{"uv":[4.25,7.5,6.5,8.75],"texture":"#0"},"west":{"uv":[3.25,7.5,4.25,8.75],"texture":"#0"},"up":{"uv":[2.75,4.75,3.75,7],"rotation":90,"texture":"#0"},"down":{"uv":[3.75,4.75,4.75,7],"rotation":90,"texture":"#0"}}},{"from":[22.27752,6.70368,3],"to":[28.27752,7.70368,13],"rotation":{"angle":0,"axis":"z","origin":[8.29268,7.2794,8]},"faces":{"north":{"uv":[4.75,6.5,6.25,6.75],"texture":"#0"},"east":{"uv":[6.25,6.5,8.75,6.75],"texture":"#0"},"south":{"uv":[11.25,6.5,12.75,6.75],"texture":"#0"},"west":{"uv":[8.75,6.5,11.25,6.75],"texture":"#0"},"up":{"uv":[6.25,5,8.75,6.5],"rotation":90,"texture":"#0"},"down":{"uv":[8.75,5,11.25,6.5],"rotation":90,"texture":"#0"}}},{"from":[-7.72248,4.70368,7],"to":[-3.72248,6.70368,9],"rotation":{"angle":0,"axis":"z","origin":[8.29268,7.2794,8]},"faces":{"north":{"uv":[0,4.25,1,4.75],"texture":"#0"},"east":{"uv":[2.5,4.25,3,4.75],"texture":"#0"},"south":{"uv":[1.5,4.25,2.5,4.75],"texture":"#0"},"west":{"uv":[1,4.25,1.5,4.75],"texture":"#0"},"up":{"uv":[1,3.25,1.5,4.25],"rotation":90,"texture":"#0"},"down":{"uv":[1.5,3.25,2,4.25],"rotation":90,"texture":"#0"}}}],"display":{"gui":{"rotation":[30,135,0],"translation":[1.25,0,0],"scale":[0.5,0.5,0.5]},"head":{"rotation":[0,-90,0],"translation":[0,-9.75,-5],"scale":[2,2,2]}},"groups":[{"name":"group","origin":[8,8,15],"children":[0,1,2,3,4,5,6,7,8,9,10,11,12]}],"credit":"Model by Craftventure"}