{"textures":{"anvil":"block/anvil","stone_slab_top":"block/coal_block","bone_block_side":"block/bone_block_side"},"elements":[{"from":[4,3,5],"to":[12,4,10],"faces":{"north":{"uv":[0,0,8,1],"texture":"#anvil"},"east":{"uv":[0,0,5,1],"texture":"#anvil"},"south":{"uv":[0,0,8,1],"texture":"#anvil"},"west":{"uv":[0,0,5,1],"texture":"#anvil"},"up":{"uv":[0,0,8,5],"texture":"#anvil"},"down":{"uv":[0,0,8,5],"texture":"#anvil"}}},{"from":[7.5,3.5625,5.57018],"to":[8.5,4.5625,7.07018],"rotation":{"angle":22.5,"axis":"x","origin":[7.5,4.5625,5.57018]},"faces":{"north":{"uv":[0,0,1,1],"texture":"#anvil"},"east":{"uv":[0,0,1.5,1],"texture":"#anvil"},"south":{"uv":[0,0,1,1],"texture":"#anvil"},"west":{"uv":[0,0,1.5,1],"texture":"#anvil"},"up":{"uv":[0,0,1,1.5],"texture":"#anvil"},"down":{"uv":[0,0,1,1.5],"texture":"#anvil"}}},{"from":[4,2.61732,4.07612],"to":[7.5,3.61732,5.07612],"rotation":{"angle":-22.5,"axis":"x","origin":[4,3.61732,4.07612]},"faces":{"north":{"uv":[0,0,3.5,1],"texture":"#anvil"},"east":{"uv":[0,0,1,1],"texture":"#anvil"},"south":{"uv":[0,0,3.5,1],"texture":"#anvil"},"west":{"uv":[0,0,1,1],"texture":"#anvil"},"up":{"uv":[0,0,3.5,1],"texture":"#anvil"},"down":{"uv":[0,0,3.5,1],"texture":"#anvil"}}},{"from":[4,3.12132,10.70711],"to":[12,5.12132,11.70711],"rotation":{"angle":45,"axis":"x","origin":[4,5.12132,10.70711]},"faces":{"north":{"uv":[0,0,8,2],"texture":"#anvil"},"east":{"uv":[0,0,1,2],"texture":"#anvil"},"south":{"uv":[0,0,8,2],"texture":"#anvil"},"west":{"uv":[0,0,1,2],"texture":"#anvil"},"up":{"uv":[0,0,8,1],"texture":"#anvil"},"down":{"uv":[0,0,8,1],"texture":"#anvil"}}},{"from":[4,4.6066,11.44704],"to":[12,7.4316,12.44704],"rotation":{"angle":22.5,"axis":"x","origin":[4,7.1066,11.44704]},"faces":{"north":{"uv":[0,0,8,2.5],"texture":"#anvil"},"east":{"uv":[0,0,1,2.5],"texture":"#anvil"},"south":{"uv":[0,0,8,2.5],"texture":"#anvil"},"west":{"uv":[0,0,1,2.5],"texture":"#anvil"},"up":{"uv":[0,0,8,1],"texture":"#anvil"},"down":{"uv":[0,0,8,1],"texture":"#anvil"}}},{"from":[4,7.02417,11.5],"to":[12,12,12.49529],"faces":{"north":{"uv":[0,0,8,5.5],"texture":"#anvil"},"east":{"uv":[0,0,1,5.5],"texture":"#anvil"},"south":{"uv":[0,0,8,5.5],"texture":"#anvil"},"west":{"uv":[0,0,1,5.5],"texture":"#anvil"},"up":{"uv":[0,0,8,1],"texture":"#anvil"},"down":{"uv":[0,0,8,1],"texture":"#anvil"}}},{"from":[5,12,11.5],"to":[11,15.525,12.5],"faces":{"north":{"uv":[0,0,6,3.5],"texture":"#anvil"},"east":{"uv":[0,0,1,3.5],"texture":"#anvil"},"south":{"uv":[0,0,6,3.5],"texture":"#anvil"},"west":{"uv":[0,0,1,3.5],"texture":"#anvil"},"up":{"uv":[0,0,6,1],"texture":"#anvil"},"down":{"uv":[0,0,6,1],"texture":"#anvil"}}},{"from":[5.53073,11.69552,11.501],"to":[6.53073,15.39552,12.501],"rotation":{"angle":-22.5,"axis":"z","origin":[5.53073,15.69552,11.501]},"faces":{"north":{"uv":[0,0,1,4],"texture":"#anvil"},"east":{"uv":[0,0,1,4],"texture":"#anvil"},"south":{"uv":[0,0,1,4],"texture":"#anvil"},"west":{"uv":[0,0,1,4],"texture":"#anvil"},"up":{"uv":[0,0,1,1],"texture":"#anvil"},"down":{"uv":[0,0,1,1],"texture":"#anvil"}}},{"from":[9.54539,11.31283,11.501],"to":[10.54539,15.06283,12.501],"rotation":{"angle":22.5,"axis":"z","origin":[9.54539,15.31283,11.501]},"faces":{"north":{"uv":[0,0,1,4],"texture":"#anvil"},"east":{"uv":[0,0,1,4],"texture":"#anvil"},"south":{"uv":[0,0,1,4],"texture":"#anvil"},"west":{"uv":[0,0,1,4],"texture":"#anvil"},"up":{"uv":[0,0,1,1],"texture":"#anvil"},"down":{"uv":[0,0,1,1],"texture":"#anvil"}}},{"from":[6,15.0548,11],"to":[10,16.0548,12],"rotation":{"angle":-22.5,"axis":"x","origin":[6,16.0548,11]},"faces":{"north":{"uv":[0,0,4,1],"texture":"#anvil"},"east":{"uv":[0,0,1,1],"texture":"#anvil"},"south":{"uv":[0,0,4,1],"texture":"#anvil"},"west":{"uv":[0,0,1,1],"texture":"#anvil"},"up":{"uv":[0,0,4,1],"texture":"#anvil"},"down":{"uv":[0,0,4,1],"texture":"#anvil"}}},{"from":[6,16,11],"to":[10,20.5,12],"faces":{"north":{"uv":[0,0,4,4.5],"texture":"#anvil"},"east":{"uv":[0,0,1,4.5],"texture":"#anvil"},"south":{"uv":[0,0,4,4.5],"texture":"#anvil"},"west":{"uv":[0,0,1,4.5],"texture":"#anvil"},"up":{"uv":[0,0,4,1],"texture":"#anvil"},"down":{"uv":[0,0,4,1],"texture":"#anvil"}}},{"from":[4.5,2,7],"to":[11.5,3,10],"faces":{"north":{"uv":[0,0,7,1],"texture":"#stone_slab_top"},"east":{"uv":[0,0,3,1],"texture":"#stone_slab_top"},"south":{"uv":[0,0,7,1],"texture":"#stone_slab_top"},"west":{"uv":[0,0,3,1],"texture":"#stone_slab_top"},"up":{"uv":[0,0,7,3],"texture":"#stone_slab_top"},"down":{"uv":[0,0,7,3],"texture":"#stone_slab_top"}}},{"from":[8.5,2.61732,4.07612],"to":[12,3.61732,5.07612],"rotation":{"angle":-22.5,"axis":"x","origin":[8.5,3.61732,4.07612]},"faces":{"north":{"uv":[0,0,3.5,1],"texture":"#anvil"},"east":{"uv":[0,0,1,1],"texture":"#anvil"},"south":{"uv":[0,0,3.5,1],"texture":"#anvil"},"west":{"uv":[0,0,1,1],"texture":"#anvil"},"up":{"uv":[0,0,3.5,1],"texture":"#anvil"},"down":{"uv":[0,0,3.5,1],"texture":"#anvil"}}},{"from":[6.025,15.5,12],"to":[9.975,19,13.5],"faces":{"north":{"uv":[0,0,1,1],"texture":"#stone_slab_top"},"east":{"uv":[0,0,1,1],"texture":"#stone_slab_top"},"south":{"uv":[0,0,1,1],"texture":"#stone_slab_top"},"west":{"uv":[0,0,1,1],"texture":"#stone_slab_top"},"up":{"uv":[0,0,1,1],"texture":"#stone_slab_top"},"down":{"uv":[0,0,1,1],"texture":"#stone_slab_top"}}},{"from":[6.5,17.3768,11],"to":[9.5,19.3768,12.5],"rotation":{"angle":-45,"axis":"x","origin":[6.5,19.3768,11]},"faces":{"north":{"uv":[0,0,1,1],"texture":"#stone_slab_top"},"east":{"uv":[0,0,1,1],"texture":"#stone_slab_top"},"south":{"uv":[0,0,1,1],"texture":"#stone_slab_top"},"west":{"uv":[0,0,1,1],"texture":"#stone_slab_top"},"up":{"uv":[0,0,1,1],"texture":"#stone_slab_top"},"down":{"uv":[0,0,1,1],"texture":"#stone_slab_top"}}},{"from":[3,3.00369,8],"to":[4,5.00369,11],"rotation":{"angle":-45,"axis":"x","origin":[3,5.00369,8]},"faces":{"north":{"uv":[0,0,1,2],"texture":"#anvil"},"east":{"uv":[0,0,3,2],"texture":"#anvil"},"south":{"uv":[0,0,1,2],"texture":"#anvil"},"west":{"uv":[0,0,3,2],"texture":"#anvil"},"up":{"uv":[0,0,1,3],"texture":"#anvil"},"down":{"uv":[0,0,1,3],"texture":"#anvil"}}},{"from":[12,3.00369,8],"to":[13,5.00369,11],"rotation":{"angle":-45,"axis":"x","origin":[12,5.00369,8]},"faces":{"north":{"uv":[0,0,1,2],"texture":"#anvil"},"east":{"uv":[0,0,3,2],"texture":"#anvil"},"south":{"uv":[0,0,1,2],"texture":"#anvil"},"west":{"uv":[0,0,3,2],"texture":"#anvil"},"up":{"uv":[0,0,1,3],"texture":"#anvil"},"down":{"uv":[0,0,1,3],"texture":"#anvil"}}},{"from":[5.5,3.5,12],"to":[10.5,15.5,14.5],"faces":{"north":{"uv":[0,0,1,1],"texture":"#stone_slab_top"},"east":{"uv":[0,0,1,1],"texture":"#stone_slab_top"},"south":{"uv":[0,0,1,1],"texture":"#stone_slab_top"},"west":{"uv":[0,0,1,1],"texture":"#stone_slab_top"},"up":{"uv":[0,0,1,1],"texture":"#stone_slab_top"},"down":{"uv":[0,0,1,1],"texture":"#stone_slab_top"}}},{"from":[5.5,2,12],"to":[10.5,6,15.5],"rotation":{"angle":45,"axis":"x","origin":[5.5,6,12]},"faces":{"north":{"uv":[0,0,1,1],"texture":"#stone_slab_top"},"east":{"uv":[0,0,1,1],"texture":"#stone_slab_top"},"south":{"uv":[0,0,1,1],"texture":"#stone_slab_top"},"west":{"uv":[0,0,1,1],"texture":"#stone_slab_top"},"up":{"uv":[0,0,1,1],"texture":"#stone_slab_top"},"down":{"uv":[0,0,1,1],"texture":"#stone_slab_top"}}},{"from":[5.5,0.5,11.5],"to":[10.5,4,13.5],"rotation":{"angle":22.5,"axis":"x","origin":[5.5,4,11.5]},"faces":{"north":{"uv":[0,0,1,1],"texture":"#stone_slab_top"},"east":{"uv":[0,0,1,1],"texture":"#stone_slab_top"},"south":{"uv":[0,0,1,1],"texture":"#stone_slab_top"},"west":{"uv":[0,0,1,1],"texture":"#stone_slab_top"},"up":{"uv":[0,0,1,1],"texture":"#stone_slab_top"},"down":{"uv":[0,0,1,1],"texture":"#stone_slab_top"}}},{"from":[5.5,0,6.25],"to":[10.5,3,12],"faces":{"north":{"uv":[0,0,1,1],"texture":"#stone_slab_top"},"east":{"uv":[0,0,1,1],"texture":"#stone_slab_top"},"south":{"uv":[0,0,1,1],"texture":"#stone_slab_top"},"west":{"uv":[0,0,1,1],"texture":"#stone_slab_top"},"up":{"uv":[0,0,1,1],"texture":"#stone_slab_top"},"down":{"uv":[0,0,1,1],"texture":"#stone_slab_top"}}},{"from":[5.5,-0.25,5],"to":[10.5,3,7],"rotation":{"angle":-22.5,"axis":"x","origin":[5.5,3,5]},"faces":{"north":{"uv":[0,0,1,1],"texture":"#stone_slab_top"},"east":{"uv":[0,0,1,1],"texture":"#stone_slab_top"},"south":{"uv":[0,0,1,1],"texture":"#stone_slab_top"},"west":{"uv":[0,0,1,1],"texture":"#stone_slab_top"},"up":{"uv":[0,0,1,1],"texture":"#stone_slab_top"},"down":{"uv":[0,0,1,1],"texture":"#stone_slab_top"}}},{"from":[2,5.5,17],"to":[5.5,28,21],"faces":{"north":{"uv":[10.5,0,14,10.5],"texture":"#bone_block_side"},"east":{"uv":[10.5,0,14,10.5],"texture":"#bone_block_side"},"south":{"uv":[2,0,5.5,10.5],"texture":"#bone_block_side"},"west":{"uv":[10.5,0,14,10.5],"texture":"#bone_block_side"},"up":{"uv":[2,16,5.5,16],"texture":"#bone_block_side"},"down":{"uv":[14,16,10.5,16],"texture":"#bone_block_side"}}},{"from":[6,3,16.9516],"to":[7.5,8.5,18.4516],"rotation":{"angle":45,"axis":"x","origin":[6,8.5,16.9516]},"faces":{"north":{"uv":[0,0,1.5,5.5],"texture":"#stone_slab_top"},"east":{"uv":[0,0,1.5,5.5],"texture":"#stone_slab_top"},"south":{"uv":[0,0,1.5,5.5],"texture":"#stone_slab_top"},"west":{"uv":[0,0,1.5,5.5],"texture":"#stone_slab_top"},"up":{"uv":[0,0,1.5,1.5],"texture":"#stone_slab_top"},"down":{"uv":[0,0,1.5,1.5],"texture":"#stone_slab_top"}}},{"from":[8.5,3,16.9516],"to":[10,8.5,18.4516],"rotation":{"angle":45,"axis":"x","origin":[8.5,8.5,16.9516]},"faces":{"north":{"uv":[0,0,1.5,5.5],"texture":"#stone_slab_top"},"east":{"uv":[0,0,1.5,5.5],"texture":"#stone_slab_top"},"south":{"uv":[0,0,1.5,5.5],"texture":"#stone_slab_top"},"west":{"uv":[0,0,1.5,5.5],"texture":"#stone_slab_top"},"up":{"uv":[0,0,1.5,1.5],"texture":"#stone_slab_top"},"down":{"uv":[0,0,1.5,1.5],"texture":"#stone_slab_top"}}},{"from":[7.5,14.5,17.5],"to":[8.5,27.5,18.5],"rotation":{"angle":22.5,"axis":"x","origin":[7.5,27.5,17.5]},"faces":{"north":{"uv":[12.5,5.5,14.5,9.5],"texture":"#stone_slab_top"},"east":{"uv":[3,5.5,4,9.5],"texture":"#stone_slab_top"},"south":{"uv":[1.5,5.5,3.5,9.5],"texture":"#stone_slab_top"},"west":{"uv":[12,5.5,13,9.5],"texture":"#stone_slab_top"},"up":{"uv":[1.5,12,3.5,13],"texture":"#stone_slab_top"},"down":{"uv":[14.5,13,12.5,12],"texture":"#stone_slab_top"}}},{"from":[2,28,16.5],"to":[14,28.5,21.5],"faces":{"north":{"uv":[5,0,11,1],"texture":"#bone_block_side"},"east":{"uv":[5,0,11,1],"texture":"#bone_block_side"},"south":{"uv":[5,0,11,1],"texture":"#bone_block_side"},"west":{"uv":[5,0,11,1],"texture":"#bone_block_side"},"up":{"uv":[5,0,11,1],"texture":"#bone_block_side"},"down":{"uv":[5,0,11,1],"texture":"#bone_block_side"}}},{"from":[10.5,5.5,17],"to":[14,28,21],"faces":{"north":{"uv":[10.5,0,14,10.5],"texture":"#bone_block_side"},"east":{"uv":[10.5,0,14,10.5],"texture":"#bone_block_side"},"south":{"uv":[10.5,0,14,10.5],"texture":"#bone_block_side"},"west":{"uv":[10.5,0,14,10.5],"texture":"#bone_block_side"},"up":{"uv":[10.5,0,14,10.5],"texture":"#bone_block_side"},"down":{"uv":[10.5,0,14,10.5],"texture":"#bone_block_side"}}},{"from":[2,5,16.5],"to":[14,5.5,21.5],"faces":{"north":{"uv":[5,0,11,1],"texture":"#bone_block_side"},"east":{"uv":[5,0,11,1],"texture":"#bone_block_side"},"south":{"uv":[5,0,11,1],"texture":"#bone_block_side"},"west":{"uv":[5,0,11,1],"texture":"#bone_block_side"},"up":{"uv":[5,0,11,1],"texture":"#bone_block_side"},"down":{"uv":[5,0,11,1],"texture":"#bone_block_side"}}},{"from":[5,22.5,17],"to":[11,28,21],"faces":{"north":{"uv":[5,0,11,1],"texture":"#bone_block_side"},"east":{"uv":[5,0,11,1],"texture":"#bone_block_side"},"south":{"uv":[5,0,11,1],"texture":"#bone_block_side"},"west":{"uv":[5,0,11,1],"texture":"#bone_block_side"},"up":{"uv":[5,0,11,1],"texture":"#bone_block_side"},"down":{"uv":[5,0,11,1],"texture":"#bone_block_side"}}},{"from":[5,5.5,17],"to":[11,12.5,21],"faces":{"north":{"uv":[5,0,11,1],"texture":"#bone_block_side"},"east":{"uv":[5,0,11,1],"texture":"#bone_block_side"},"south":{"uv":[5,0,11,1],"texture":"#bone_block_side"},"west":{"uv":[5,0,11,1],"texture":"#bone_block_side"},"up":{"uv":[5,0,11,1],"texture":"#bone_block_side"},"down":{"uv":[5,0,11,1],"texture":"#bone_block_side"}}},{"from":[5.5,12.5,17.001],"to":[8.5,14,21.001],"rotation":{"angle":-45,"axis":"z","origin":[5.5,14,17.001]},"faces":{"north":{"uv":[5,0,11,1],"texture":"#bone_block_side"},"east":{"uv":[5,0,11,1],"texture":"#bone_block_side"},"south":{"uv":[5,0,11,1],"texture":"#bone_block_side"},"west":{"uv":[5,0,11,1],"texture":"#bone_block_side"},"up":{"uv":[5,0,11,1],"texture":"#bone_block_side"},"down":{"uv":[5,0,11,1],"texture":"#bone_block_side"}}},{"from":[8.4375,10.4375,17.001],"to":[11.4375,11.9375,21.001],"rotation":{"angle":45,"axis":"z","origin":[8.4375,11.9375,17.001]},"faces":{"north":{"uv":[5,0,11,1],"texture":"#bone_block_side"},"east":{"uv":[5,0,11,1],"texture":"#bone_block_side"},"south":{"uv":[5,0,11,1],"texture":"#bone_block_side"},"west":{"uv":[5,0,11,1],"texture":"#bone_block_side"},"up":{"uv":[5,0,11,1],"texture":"#bone_block_side"},"down":{"uv":[5,0,11,1],"texture":"#bone_block_side"}}},{"from":[9.5,22.625,17.001],"to":[12.5,24.125,21.001],"rotation":{"angle":-45,"axis":"z","origin":[9.5,24.125,17.001]},"faces":{"north":{"uv":[5,0,11,1],"texture":"#bone_block_side"},"east":{"uv":[5,0,11,1],"texture":"#bone_block_side"},"south":{"uv":[5,0,11,1],"texture":"#bone_block_side"},"west":{"uv":[5,0,11,1],"texture":"#bone_block_side"},"up":{"uv":[5,0,11,1],"texture":"#bone_block_side"},"down":{"uv":[5,0,11,1],"texture":"#bone_block_side"}}},{"from":[4.375,20.5,17.001],"to":[7.375,22,21.001],"rotation":{"angle":45,"axis":"z","origin":[4.375,22,17.001]},"faces":{"north":{"uv":[5,0,11,1],"texture":"#bone_block_side"},"east":{"uv":[5,0,11,1],"texture":"#bone_block_side"},"south":{"uv":[5,0,11,1],"texture":"#bone_block_side"},"west":{"uv":[5,0,11,1],"texture":"#bone_block_side"},"up":{"uv":[5,0,11,1],"texture":"#bone_block_side"},"down":{"uv":[5,0,11,1],"texture":"#bone_block_side"}}},{"from":[7,24.5,17],"to":[9,27.5,19],"rotation":{"angle":22.5,"axis":"x","origin":[7,27.5,17]},"faces":{"north":{"uv":[5,0,11,1],"texture":"#bone_block_side"},"east":{"uv":[5,0,11,1],"texture":"#bone_block_side"},"south":{"uv":[5,0,11,1],"texture":"#bone_block_side"},"west":{"uv":[5,0,11,1],"texture":"#bone_block_side"},"up":{"uv":[5,0,11,1],"texture":"#bone_block_side"},"down":{"uv":[5,0,11,1],"texture":"#bone_block_side"}}}],"display":{"gui":{"rotation":[30,-135,0],"translation":[1.75,-4,0],"scale":[0.45,0.45,0.45]},"head":{"translation":[0,8,-1],"scale":[2,2,2]}},"credit":"Model by Craftventure"}