{"textures":{"texture":"block/coal_block","wielen inner":"block/piston_inner","cauldron_inner":"block/cauldron_inner","anvil":"block/anvil","stone_slab":"block/smooth_stone","versiering":"block/magma"},"elements":[{"from":[4,5.5,6.25],"to":[4.75,6.75,7.5],"faces":{"north":{"uv":[4,4,12,12],"texture":"#wielen inner"},"east":{"uv":[4,4,12,12],"texture":"#wielen inner"},"south":{"uv":[5,5,11,11],"texture":"#wielen inner"},"west":{"uv":[4,4,12,12],"texture":"#wielen inner"},"up":{"uv":[4,4,12,12],"texture":"#wielen inner"},"down":{"uv":[4,4,12,12],"texture":"#wielen inner"}}},{"from":[4,6.75,6.25],"to":[4.75,7,7.5],"faces":{"north":{"uv":[6,0,7.5,1],"texture":"#cauldron_inner"},"east":{"uv":[6,0,7.5,1],"texture":"#cauldron_inner"},"south":{"uv":[6,0,7.5,1],"texture":"#cauldron_inner"},"west":{"uv":[6,0,7.5,1],"texture":"#cauldron_inner"},"up":{"uv":[6,0,7.5,1],"texture":"#cauldron_inner"},"down":{"uv":[6,0,7.5,1],"texture":"#cauldron_inner"}}},{"from":[4,5.25,6.25],"to":[4.75,5.5,7.5],"faces":{"north":{"uv":[6,0,7.5,1],"texture":"#cauldron_inner"},"east":{"uv":[6,0,7.5,1],"texture":"#cauldron_inner"},"south":{"uv":[6,0,7.5,1],"texture":"#cauldron_inner"},"west":{"uv":[6,0,7.5,1],"texture":"#cauldron_inner"},"up":{"uv":[6,0,7.5,1],"texture":"#cauldron_inner"},"down":{"uv":[6,0,7.5,1],"texture":"#cauldron_inner"}}},{"from":[11.25,5.5,8.5],"to":[12,6.75,9.75],"faces":{"north":{"uv":[4,4,12,12],"texture":"#wielen inner"},"east":{"uv":[4,4,12,12],"texture":"#wielen inner"},"south":{"uv":[4,4,12,12],"texture":"#wielen inner"},"west":{"uv":[4,4,12,12],"texture":"#wielen inner"},"up":{"uv":[4,4,12,12],"texture":"#wielen inner"},"down":{"uv":[4,4,12,12],"texture":"#wielen inner"}}},{"from":[12,4.5,6.5],"to":[12.25,5,7.5],"faces":{"north":{"uv":[6,0,7.5,1],"texture":"#cauldron_inner"},"east":{"uv":[6,0,7.5,1],"texture":"#cauldron_inner"},"south":{"uv":[6,0,7.5,1],"texture":"#cauldron_inner"},"west":{"uv":[6,0,7.5,1],"texture":"#cauldron_inner"},"up":{"uv":[6,0,7.5,1],"texture":"#cauldron_inner"},"down":{"uv":[6,0,7.5,1],"texture":"#cauldron_inner"}}},{"from":[12.25,4.5,9.5],"to":[13.25,5,9.75],"faces":{"north":{"uv":[6,0,7.5,1],"texture":"#cauldron_inner"},"east":{"uv":[6,0,7.5,1],"texture":"#cauldron_inner"},"south":{"uv":[6,0,7.5,1],"texture":"#cauldron_inner"},"west":{"uv":[6,0,7.5,1],"texture":"#cauldron_inner"},"up":{"uv":[6,0,7.5,1],"texture":"#cauldron_inner"},"down":{"uv":[6,0,7.5,1],"texture":"#cauldron_inner"}}},{"from":[4,5.5,6],"to":[4.75,6.75,6.25],"faces":{"north":{"uv":[6,0,7.5,1],"texture":"#cauldron_inner"},"east":{"uv":[6,0,7.5,1],"texture":"#cauldron_inner"},"south":{"uv":[6,0,7.5,1],"texture":"#cauldron_inner"},"west":{"uv":[6,0,7.5,1],"texture":"#cauldron_inner"},"up":{"uv":[6,0,7.5,1],"texture":"#cauldron_inner"},"down":{"uv":[6,0,7.5,1],"texture":"#cauldron_inner"}}},{"from":[12.25,4.5,6.25],"to":[13.25,5,6.5],"faces":{"north":{"uv":[6,0,7.5,1],"texture":"#cauldron_inner"},"east":{"uv":[6,0,7.5,1],"texture":"#cauldron_inner"},"south":{"uv":[6,0,7.5,1],"texture":"#cauldron_inner"},"west":{"uv":[6,0,7.5,1],"texture":"#cauldron_inner"},"up":{"uv":[6,0,7.5,1],"texture":"#cauldron_inner"},"down":{"uv":[6,0,7.5,1],"texture":"#cauldron_inner"}}},{"from":[4,5.5,7.5],"to":[4.75,6.75,7.75],"faces":{"north":{"uv":[6,0,7.5,1],"texture":"#cauldron_inner"},"east":{"uv":[6,0,7.5,1],"texture":"#cauldron_inner"},"south":{"uv":[6,0,7.5,1],"texture":"#cauldron_inner"},"west":{"uv":[6,0,7.5,1],"texture":"#cauldron_inner"},"up":{"uv":[6,0,7.5,1],"texture":"#cauldron_inner"},"down":{"uv":[6,0,7.5,1],"texture":"#cauldron_inner"}}},{"from":[3.75,5.75,6.75],"to":[4,6.5,9.25],"faces":{"north":{"uv":[15,11.5,16,12.5],"texture":"#stone_slab"},"east":{"uv":[15,11.5,16,12.5],"texture":"#stone_slab"},"south":{"uv":[15,11.5,16,12.5],"texture":"#stone_slab"},"west":{"uv":[15,11.5,16,12.5],"texture":"#stone_slab"},"up":{"uv":[15,11.5,16,12.5],"texture":"#stone_slab"},"down":{"uv":[15,11.5,16,12.5],"texture":"#stone_slab"}}},{"from":[11.25,5.5,9.75],"to":[12,6.75,10],"faces":{"north":{"uv":[6,0,7.5,1],"texture":"#cauldron_inner"},"east":{"uv":[6,0,7.5,1],"texture":"#cauldron_inner"},"south":{"uv":[6,0,7.5,1],"texture":"#cauldron_inner"},"west":{"uv":[6,0,7.5,1],"texture":"#cauldron_inner"},"up":{"uv":[6,0,7.5,1],"texture":"#cauldron_inner"},"down":{"uv":[6,0,7.5,1],"texture":"#cauldron_inner"}}},{"from":[11.25,5.25,8.5],"to":[12,5.5,9.75],"faces":{"north":{"uv":[6,0,7.5,1],"texture":"#cauldron_inner"},"east":{"uv":[6,0,7.5,1],"texture":"#cauldron_inner"},"south":{"uv":[6,0,7.5,1],"texture":"#cauldron_inner"},"west":{"uv":[6,0,7.5,1],"texture":"#cauldron_inner"},"up":{"uv":[6,0,7.5,1],"texture":"#cauldron_inner"},"down":{"uv":[6,0,7.5,1],"texture":"#cauldron_inner"}}},{"from":[11.25,6.75,8.5],"to":[12,7,9.75],"faces":{"north":{"uv":[6,0,7.5,1],"texture":"#cauldron_inner"},"east":{"uv":[6,0,7.5,1],"texture":"#cauldron_inner"},"south":{"uv":[6,0,7.5,1],"texture":"#cauldron_inner"},"west":{"uv":[6,0,7.5,1],"texture":"#cauldron_inner"},"up":{"uv":[6,0,7.5,1],"texture":"#cauldron_inner"},"down":{"uv":[6,0,7.5,1],"texture":"#cauldron_inner"}}},{"from":[12,5.75,6.75],"to":[12.25,6.5,9.25],"faces":{"north":{"uv":[15,11.5,16,12.5],"texture":"#stone_slab"},"east":{"uv":[15,11.5,16,12.5],"texture":"#stone_slab"},"south":{"uv":[15,11.5,16,12.5],"texture":"#stone_slab"},"west":{"uv":[15,11.5,16,12.5],"texture":"#stone_slab"},"up":{"uv":[15,11.5,16,12.5],"texture":"#stone_slab"},"down":{"uv":[15,11.5,16,12.5],"texture":"#stone_slab"}}},{"from":[12.25,6,7.5],"to":[13.75,6.5,8.5],"rotation":{"angle":-45,"axis":"z","origin":[12.25,6.5,7.5]},"faces":{"north":{"uv":[15,11.5,16,12.5],"texture":"#stone_slab"},"east":{"uv":[15,11.5,16,12.5],"texture":"#stone_slab"},"south":{"uv":[15,11.5,16,12.5],"texture":"#stone_slab"},"west":{"uv":[15,11.5,16,12.5],"texture":"#stone_slab"},"up":{"uv":[15,11.5,16,12.5],"texture":"#stone_slab"},"down":{"uv":[15,11.5,16,12.5],"texture":"#stone_slab"}}},{"from":[12.75,5,7.5],"to":[13.5,5.5,8.5],"faces":{"north":{"uv":[15,11.5,16,12.5],"texture":"#stone_slab"},"east":{"uv":[15,11.5,16,12.5],"texture":"#stone_slab"},"south":{"uv":[15,11.5,16,12.5],"texture":"#stone_slab"},"west":{"uv":[15,11.5,16,12.5],"texture":"#stone_slab"},"up":{"uv":[15,11.5,16,12.5],"texture":"#stone_slab"},"down":{"uv":[15,11.5,16,12.5],"texture":"#stone_slab"}}},{"from":[12.5,4.25,7],"to":[13.25,4.5,9],"faces":{"north":{"uv":[15,11.5,16,12.5],"texture":"#stone_slab"},"east":{"uv":[15,11.5,16,12.5],"texture":"#stone_slab"},"south":{"uv":[15,11.5,16,12.5],"texture":"#stone_slab"},"west":{"uv":[15,11.5,16,12.5],"texture":"#stone_slab"},"up":{"uv":[15,11.5,16,12.5],"texture":"#stone_slab"},"down":{"uv":[15,11.5,16,12.5],"texture":"#stone_slab"}}},{"from":[13.25,4.25,7.75],"to":[13.5,5.5,8.25],"faces":{"north":{"uv":[15,11.5,16,12.5],"texture":"#stone_slab"},"east":{"uv":[15,11.5,16,12.5],"texture":"#stone_slab"},"south":{"uv":[15,11.5,16,12.5],"texture":"#stone_slab"},"west":{"uv":[15,11.5,16,12.5],"texture":"#stone_slab"},"up":{"uv":[15,11.5,16,12.5],"texture":"#stone_slab"},"down":{"uv":[15,11.5,16,12.5],"texture":"#stone_slab"}}},{"from":[12.5,5,7],"to":[13.25,5.25,9],"faces":{"north":{"uv":[15,11.5,16,12.5],"texture":"#stone_slab"},"east":{"uv":[15,11.5,16,12.5],"texture":"#stone_slab"},"south":{"uv":[15,11.5,16,12.5],"texture":"#stone_slab"},"west":{"uv":[15,11.5,16,12.5],"texture":"#stone_slab"},"up":{"uv":[15,11.5,16,12.5],"texture":"#stone_slab"},"down":{"uv":[15,11.5,16,12.5],"texture":"#stone_slab"}}},{"from":[12.25,4.5,6.5],"to":[13.25,5,7.5],"faces":{"north":{"uv":[4,4,12,12],"texture":"#wielen inner"},"east":{"uv":[4,4,12,12],"texture":"#wielen inner"},"south":{"uv":[4,4,12,12],"texture":"#wielen inner"},"west":{"uv":[4,4,12,12],"texture":"#wielen inner"},"up":{"uv":[4,4,12,12],"texture":"#wielen inner"},"down":{"uv":[4,4,12,12],"texture":"#wielen inner"}}},{"from":[11.25,5.5,8.25],"to":[12,6.75,8.5],"faces":{"north":{"uv":[6,0,7.5,1],"texture":"#cauldron_inner"},"east":{"uv":[6,0,7.5,1],"texture":"#cauldron_inner"},"south":{"uv":[6,0,7.5,1],"texture":"#cauldron_inner"},"west":{"uv":[6,0,7.5,1],"texture":"#cauldron_inner"},"up":{"uv":[6,0,7.5,1],"texture":"#cauldron_inner"},"down":{"uv":[6,0,7.5,1],"texture":"#cauldron_inner"}}},{"from":[11.25,5.5,7.5],"to":[12,6.75,7.75],"faces":{"north":{"uv":[6,0,7.5,1],"texture":"#cauldron_inner"},"east":{"uv":[6,0,7.5,1],"texture":"#cauldron_inner"},"south":{"uv":[6,0,7.5,1],"texture":"#cauldron_inner"},"west":{"uv":[6,0,7.5,1],"texture":"#cauldron_inner"},"up":{"uv":[6,0,7.5,1],"texture":"#cauldron_inner"},"down":{"uv":[6,0,7.5,1],"texture":"#cauldron_inner"}}},{"from":[11.25,6.75,6.25],"to":[12,7,7.5],"faces":{"north":{"uv":[6,0,7.5,1],"texture":"#cauldron_inner"},"east":{"uv":[6,0,7.5,1],"texture":"#cauldron_inner"},"south":{"uv":[6,0,7.5,1],"texture":"#cauldron_inner"},"west":{"uv":[6,0,7.5,1],"texture":"#cauldron_inner"},"up":{"uv":[6,0,7.5,1],"texture":"#cauldron_inner"},"down":{"uv":[6,0,7.5,1],"texture":"#cauldron_inner"}}},{"from":[11.25,5.25,6.25],"to":[12,5.5,7.5],"faces":{"north":{"uv":[6,0,7.5,1],"texture":"#cauldron_inner"},"east":{"uv":[6,0,7.5,1],"texture":"#cauldron_inner"},"south":{"uv":[6,0,7.5,1],"texture":"#cauldron_inner"},"west":{"uv":[6,0,7.5,1],"texture":"#cauldron_inner"},"up":{"uv":[6,0,7.5,1],"texture":"#cauldron_inner"},"down":{"uv":[6,0,7.5,1],"texture":"#cauldron_inner"}}},{"from":[11.25,5.5,6],"to":[12,6.75,6.25],"faces":{"north":{"uv":[6,0,7.5,1],"texture":"#cauldron_inner"},"east":{"uv":[6,0,7.5,1],"texture":"#cauldron_inner"},"south":{"uv":[6,0,7.5,1],"texture":"#cauldron_inner"},"west":{"uv":[6,0,7.5,1],"texture":"#cauldron_inner"},"up":{"uv":[6,0,7.5,1],"texture":"#cauldron_inner"},"down":{"uv":[6,0,7.5,1],"texture":"#cauldron_inner"}}},{"from":[11.25,5.5,6.25],"to":[12,6.75,7.5],"faces":{"north":{"uv":[4,4,12,12],"texture":"#wielen inner"},"east":{"uv":[4,4,12,12],"texture":"#wielen inner"},"south":{"uv":[4,4,12,12],"texture":"#wielen inner"},"west":{"uv":[4,4,12,12],"texture":"#wielen inner"},"up":{"uv":[4,4,12,12],"texture":"#wielen inner"},"down":{"uv":[4,4,12,12],"texture":"#wielen inner"}}},{"from":[11.75,6.5,7.75],"to":[12.25,8,8.25],"faces":{"north":{"uv":[15,11.5,16,12.5],"texture":"#stone_slab"},"east":{"uv":[15,11.5,16,12.5],"texture":"#stone_slab"},"south":{"uv":[15,11.5,16,12.5],"texture":"#stone_slab"},"west":{"uv":[15,11.5,16,12.5],"texture":"#stone_slab"},"up":{"uv":[15,11.5,16,12.5],"texture":"#stone_slab"},"down":{"uv":[15,11.5,16,12.5],"texture":"#stone_slab"}}},{"from":[13.25,4.5,6.5],"to":[13.5,5,7.5],"faces":{"north":{"uv":[6,0,7.5,1],"texture":"#cauldron_inner"},"east":{"uv":[6,0,7.5,1],"texture":"#cauldron_inner"},"south":{"uv":[6,0,7.5,1],"texture":"#cauldron_inner"},"west":{"uv":[6,0,7.5,1],"texture":"#cauldron_inner"},"up":{"uv":[6,0,7.5,1],"texture":"#cauldron_inner"},"down":{"uv":[6,0,7.5,1],"texture":"#cauldron_inner"}}},{"from":[12.25,4.5,8.25],"to":[13.25,5,8.5],"faces":{"north":{"uv":[6,0,7.5,1],"texture":"#cauldron_inner"},"east":{"uv":[6,0,7.5,1],"texture":"#cauldron_inner"},"south":{"uv":[6,0,7.5,1],"texture":"#cauldron_inner"},"west":{"uv":[6,0,7.5,1],"texture":"#cauldron_inner"},"up":{"uv":[6,0,7.5,1],"texture":"#cauldron_inner"},"down":{"uv":[6,0,7.5,1],"texture":"#cauldron_inner"}}},{"from":[12.25,4.5,8.5],"to":[13.25,5,9.5],"faces":{"north":{"uv":[4,4,12,12],"texture":"#wielen inner"},"east":{"uv":[4,4,12,12],"texture":"#wielen inner"},"south":{"uv":[4,4,12,12],"texture":"#wielen inner"},"west":{"uv":[4,4,12,12],"texture":"#wielen inner"},"up":{"uv":[4,4,12,12],"texture":"#wielen inner"},"down":{"uv":[4,4,12,12],"texture":"#wielen inner"}}},{"from":[13.25,4.5,8.5],"to":[13.5,5,9.5],"faces":{"north":{"uv":[6,0,7.5,1],"texture":"#cauldron_inner"},"east":{"uv":[6,0,7.5,1],"texture":"#cauldron_inner"},"south":{"uv":[6,0,7.5,1],"texture":"#cauldron_inner"},"west":{"uv":[6,0,7.5,1],"texture":"#cauldron_inner"},"up":{"uv":[6,0,7.5,1],"texture":"#cauldron_inner"},"down":{"uv":[6,0,7.5,1],"texture":"#cauldron_inner"}}},{"from":[12,4.5,8.5],"to":[12.25,5,9.5],"faces":{"north":{"uv":[6,0,7.5,1],"texture":"#cauldron_inner"},"east":{"uv":[6,0,7.5,1],"texture":"#cauldron_inner"},"south":{"uv":[6,0,7.5,1],"texture":"#cauldron_inner"},"west":{"uv":[6,0,7.5,1],"texture":"#cauldron_inner"},"up":{"uv":[6,0,7.5,1],"texture":"#cauldron_inner"},"down":{"uv":[6,0,7.5,1],"texture":"#cauldron_inner"}}},{"from":[12.25,4.5,7.5],"to":[13.25,5,7.75],"faces":{"north":{"uv":[6,0,7.5,1],"texture":"#cauldron_inner"},"east":{"uv":[6,0,7.5,1],"texture":"#cauldron_inner"},"south":{"uv":[6,0,7.5,1],"texture":"#cauldron_inner"},"west":{"uv":[6,0,7.5,1],"texture":"#cauldron_inner"},"up":{"uv":[6,0,7.5,1],"texture":"#cauldron_inner"},"down":{"uv":[6,0,7.5,1],"texture":"#cauldron_inner"}}},{"from":[4,5.5,8.5],"to":[4.75,6.75,9.75],"faces":{"north":{"uv":[4,4,12,12],"texture":"#wielen inner"},"east":{"uv":[4,4,12,12],"texture":"#wielen inner"},"south":{"uv":[4,4,12,12],"texture":"#wielen inner"},"west":{"uv":[4,4,12,12],"texture":"#wielen inner"},"up":{"uv":[4,4,12,12],"texture":"#wielen inner"},"down":{"uv":[4,4,12,12],"texture":"#wielen inner"}}},{"from":[4,5.5,8.25],"to":[4.75,6.75,8.5],"faces":{"north":{"uv":[6,0,7.5,1],"texture":"#cauldron_inner"},"east":{"uv":[6,0,7.5,1],"texture":"#cauldron_inner"},"south":{"uv":[6,0,7.5,1],"texture":"#cauldron_inner"},"west":{"uv":[6,0,7.5,1],"texture":"#cauldron_inner"},"up":{"uv":[6,0,7.5,1],"texture":"#cauldron_inner"},"down":{"uv":[6,0,7.5,1],"texture":"#cauldron_inner"}}},{"from":[4,5.5,9.75],"to":[4.75,6.75,10],"faces":{"north":{"uv":[6,0,7.5,1],"texture":"#cauldron_inner"},"east":{"uv":[6,0,7.5,1],"texture":"#cauldron_inner"},"south":{"uv":[6,0,7.5,1],"texture":"#cauldron_inner"},"west":{"uv":[6,0,7.5,1],"texture":"#cauldron_inner"},"up":{"uv":[6,0,7.5,1],"texture":"#cauldron_inner"},"down":{"uv":[6,0,7.5,1],"texture":"#cauldron_inner"}}},{"from":[4,6.75,8.5],"to":[4.75,7,9.75],"faces":{"north":{"uv":[6,0,7.5,1],"texture":"#cauldron_inner"},"east":{"uv":[6,0,7.5,1],"texture":"#cauldron_inner"},"south":{"uv":[6,0,7.5,1],"texture":"#cauldron_inner"},"west":{"uv":[6,0,7.5,1],"texture":"#cauldron_inner"},"up":{"uv":[6,0,7.5,1],"texture":"#cauldron_inner"},"down":{"uv":[6,0,7.5,1],"texture":"#cauldron_inner"}}},{"from":[4,5.25,8.5],"to":[4.75,5.5,9.75],"faces":{"north":{"uv":[6,0,7.5,1],"texture":"#cauldron_inner"},"east":{"uv":[6,0,7.5,1],"texture":"#cauldron_inner"},"south":{"uv":[6,0,7.5,1],"texture":"#cauldron_inner"},"west":{"uv":[6,0,7.5,1],"texture":"#cauldron_inner"},"up":{"uv":[6,0,7.5,1],"texture":"#cauldron_inner"},"down":{"uv":[6,0,7.5,1],"texture":"#cauldron_inner"}}},{"from":[2.75,4.5,8.5],"to":[3.75,5,9.5],"faces":{"north":{"uv":[4,4,12,12],"texture":"#wielen inner"},"east":{"uv":[4,4,12,12],"texture":"#wielen inner"},"south":{"uv":[4,4,12,12],"texture":"#wielen inner"},"west":{"uv":[4,4,12,12],"texture":"#wielen inner"},"up":{"uv":[4,4,12,12],"texture":"#wielen inner"},"down":{"uv":[4,4,12,12],"texture":"#wielen inner"}}},{"from":[2.5,4.5,8.5],"to":[2.75,5,9.5],"faces":{"north":{"uv":[6,0,7.5,1],"texture":"#cauldron_inner"},"east":{"uv":[6,0,7.5,1],"texture":"#cauldron_inner"},"south":{"uv":[6,0,7.5,1],"texture":"#cauldron_inner"},"west":{"uv":[6,0,7.5,1],"texture":"#cauldron_inner"},"up":{"uv":[6,0,7.5,1],"texture":"#cauldron_inner"},"down":{"uv":[6,0,7.5,1],"texture":"#cauldron_inner"}}},{"from":[3.75,4.5,8.5],"to":[4,5,9.5],"faces":{"north":{"uv":[6,0,7.5,1],"texture":"#cauldron_inner"},"east":{"uv":[6,0,7.5,1],"texture":"#cauldron_inner"},"south":{"uv":[6,0,7.5,1],"texture":"#cauldron_inner"},"west":{"uv":[6,0,7.5,1],"texture":"#cauldron_inner"},"up":{"uv":[6,0,7.5,1],"texture":"#cauldron_inner"},"down":{"uv":[6,0,7.5,1],"texture":"#cauldron_inner"}}},{"from":[2.75,4.5,9.5],"to":[3.75,5,9.75],"faces":{"north":{"uv":[6,0,7.5,1],"texture":"#cauldron_inner"},"east":{"uv":[6,0,7.5,1],"texture":"#cauldron_inner"},"south":{"uv":[6,0,7.5,1],"texture":"#cauldron_inner"},"west":{"uv":[6,0,7.5,1],"texture":"#cauldron_inner"},"up":{"uv":[6,0,7.5,1],"texture":"#cauldron_inner"},"down":{"uv":[6,0,7.5,1],"texture":"#cauldron_inner"}}},{"from":[2.75,4.5,8.25],"to":[3.75,5,8.5],"faces":{"north":{"uv":[6,0,7.5,1],"texture":"#cauldron_inner"},"east":{"uv":[6,0,7.5,1],"texture":"#cauldron_inner"},"south":{"uv":[6,0,7.5,1],"texture":"#cauldron_inner"},"west":{"uv":[6,0,7.5,1],"texture":"#cauldron_inner"},"up":{"uv":[6,0,7.5,1],"texture":"#cauldron_inner"},"down":{"uv":[6,0,7.5,1],"texture":"#cauldron_inner"}}},{"from":[2.75,4.5,6.5],"to":[3.75,5,7.5],"faces":{"north":{"uv":[4,4,12,12],"texture":"#wielen inner"},"east":{"uv":[4,4,12,12],"texture":"#wielen inner"},"south":{"uv":[4,4,12,12],"texture":"#wielen inner"},"west":{"uv":[4,4,12,12],"texture":"#wielen inner"},"up":{"uv":[4,4,12,12],"texture":"#wielen inner"},"down":{"uv":[4,4,12,12],"texture":"#wielen inner"}}},{"from":[2.75,4.5,6.25],"to":[3.75,5,6.5],"faces":{"north":{"uv":[6,0,7.5,1],"texture":"#cauldron_inner"},"east":{"uv":[6,0,7.5,1],"texture":"#cauldron_inner"},"south":{"uv":[6,0,7.5,1],"texture":"#cauldron_inner"},"west":{"uv":[6,0,7.5,1],"texture":"#cauldron_inner"},"up":{"uv":[6,0,7.5,1],"texture":"#cauldron_inner"},"down":{"uv":[6,0,7.5,1],"texture":"#cauldron_inner"}}},{"from":[3.75,4.5,6.5],"to":[4,5,7.5],"faces":{"north":{"uv":[6,0,7.5,1],"texture":"#cauldron_inner"},"east":{"uv":[6,0,7.5,1],"texture":"#cauldron_inner"},"south":{"uv":[6,0,7.5,1],"texture":"#cauldron_inner"},"west":{"uv":[6,0,7.5,1],"texture":"#cauldron_inner"},"up":{"uv":[6,0,7.5,1],"texture":"#cauldron_inner"},"down":{"uv":[6,0,7.5,1],"texture":"#cauldron_inner"}}},{"from":[2.75,4.5,7.5],"to":[3.75,5,7.75],"faces":{"north":{"uv":[6,0,7.5,1],"texture":"#cauldron_inner"},"east":{"uv":[6,0,7.5,1],"texture":"#cauldron_inner"},"south":{"uv":[6,0,7.5,1],"texture":"#cauldron_inner"},"west":{"uv":[6,0,7.5,1],"texture":"#cauldron_inner"},"up":{"uv":[6,0,7.5,1],"texture":"#cauldron_inner"},"down":{"uv":[6,0,7.5,1],"texture":"#cauldron_inner"}}},{"from":[2.5,4.5,6.5],"to":[2.75,5,7.5],"faces":{"north":{"uv":[6,0,7.5,1],"texture":"#cauldron_inner"},"east":{"uv":[6,0,7.5,1],"texture":"#cauldron_inner"},"south":{"uv":[6,0,7.5,1],"texture":"#cauldron_inner"},"west":{"uv":[6,0,7.5,1],"texture":"#cauldron_inner"},"up":{"uv":[6,0,7.5,1],"texture":"#cauldron_inner"},"down":{"uv":[6,0,7.5,1],"texture":"#cauldron_inner"}}},{"from":[2.6875,5,7.5],"to":[4.1875,5.5,8.5],"rotation":{"angle":45,"axis":"z","origin":[2.6875,5.5,7.5]},"faces":{"north":{"uv":[15,11.5,16,12.5],"texture":"#stone_slab"},"east":{"uv":[15,11.5,16,12.5],"texture":"#stone_slab"},"south":{"uv":[15,11.5,16,12.5],"texture":"#stone_slab"},"west":{"uv":[15,11.5,16,12.5],"texture":"#stone_slab"},"up":{"uv":[15,11.5,16,12.5],"texture":"#stone_slab"},"down":{"uv":[15,11.5,16,12.5],"texture":"#stone_slab"}}},{"from":[2.5,4.5,7.5],"to":[3.25,5,8.5],"faces":{"north":{"uv":[15.5,11.5,16,12.5],"texture":"#stone_slab"},"east":{"uv":[15.5,11.5,16,12.5],"texture":"#stone_slab"},"south":{"uv":[15.5,11.5,16,12.5],"texture":"#stone_slab"},"west":{"uv":[15.5,11.5,16,12.5],"texture":"#stone_slab"},"up":{"uv":[15.5,11.5,16,12.5],"texture":"#stone_slab"},"down":{"uv":[15.5,11.5,16,12.5],"texture":"#stone_slab"}}},{"from":[2.5,4.25,7.75],"to":[2.75,5.5,8.25],"faces":{"north":{"uv":[15,11.5,16,12.5],"texture":"#stone_slab"},"east":{"uv":[15,11.5,16,12.5],"texture":"#stone_slab"},"south":{"uv":[15,11.5,16,12.5],"texture":"#stone_slab"},"west":{"uv":[15,11.5,16,12.5],"texture":"#stone_slab"},"up":{"uv":[15,11.5,16,12.5],"texture":"#stone_slab"},"down":{"uv":[15,11.5,16,12.5],"texture":"#stone_slab"}}},{"from":[2.75,5,7],"to":[3.5,5.25,9],"faces":{"north":{"uv":[15,11.5,16,12.5],"texture":"#stone_slab"},"east":{"uv":[15,11.5,16,12.5],"texture":"#stone_slab"},"south":{"uv":[15,11.5,16,12.5],"texture":"#stone_slab"},"west":{"uv":[15,11.5,16,12.5],"texture":"#stone_slab"},"up":{"uv":[15,11.5,16,12.5],"texture":"#stone_slab"},"down":{"uv":[15,11.5,16,12.5],"texture":"#stone_slab"}}},{"from":[2.75,4.25,7],"to":[3.5,4.5,9],"faces":{"north":{"uv":[15,11.5,16,12.5],"texture":"#stone_slab"},"east":{"uv":[15,11.5,16,12.5],"texture":"#stone_slab"},"south":{"uv":[15,11.5,16,12.5],"texture":"#stone_slab"},"west":{"uv":[15,11.5,16,12.5],"texture":"#stone_slab"},"up":{"uv":[15,11.5,16,12.5],"texture":"#stone_slab"},"down":{"uv":[15,11.5,16,12.5],"texture":"#stone_slab"}}},{"from":[3.75,6.5,7.75],"to":[4.25,8,8.25],"faces":{"north":{"uv":[15,11.5,16,12.5],"texture":"#stone_slab"},"east":{"uv":[15,11.5,16,12.5],"texture":"#stone_slab"},"south":{"uv":[15,11.5,16,12.5],"texture":"#stone_slab"},"west":{"uv":[15,11.5,16,12.5],"texture":"#stone_slab"},"up":{"uv":[15,11.5,16,12.5],"texture":"#stone_slab"},"down":{"uv":[15,11.5,16,12.5],"texture":"#stone_slab"}}},{"from":[2.5,5,7.5],"to":[3.25,5.5,8.5],"faces":{"north":{"uv":[15,11.5,16,12.5],"texture":"#stone_slab"},"east":{"uv":[15,11.5,16,12.5],"texture":"#stone_slab"},"south":{"uv":[15,11.5,16,12.5],"texture":"#stone_slab"},"west":{"uv":[15,11.5,16,12.5],"texture":"#stone_slab"},"up":{"uv":[15,11.5,16,12.5],"texture":"#stone_slab"},"down":{"uv":[15,11.5,16,12.5],"texture":"#stone_slab"}}},{"from":[2,7,7.25],"to":[14,9,8.75],"faces":{"north":{"uv":[0,0,12,2],"texture":"#texture"},"east":{"uv":[0,0,1.5,2],"texture":"#texture"},"south":{"uv":[0,0,12,2],"texture":"#texture"},"west":{"uv":[0,0,1.5,2],"texture":"#texture"},"up":{"uv":[0,0,12,1.5],"texture":"#texture"},"down":{"uv":[0,0,12,1.5],"texture":"#texture"}}},{"from":[12.375,2.34375,7.2501],"to":[14.125,8.59375,8.7501],"rotation":{"angle":22.5,"axis":"z","origin":[12.375,8.59375,7.25]},"faces":{"north":{"uv":[0,0,1.75,6.5],"texture":"#texture"},"east":{"uv":[0,0,1.5,6.5],"texture":"#texture"},"south":{"uv":[0,0,1.75,6.5],"texture":"#texture"},"west":{"uv":[0,0,1.5,6.5],"texture":"#texture"},"up":{"uv":[0,0,1.75,1.5],"texture":"#texture"},"down":{"uv":[0,0,1.75,1.5],"texture":"#texture"}}},{"from":[2,2.75,7.2501],"to":[3.75,9.25,8.7501],"rotation":{"angle":-22.5,"axis":"z","origin":[2,9.25,7.25]},"faces":{"north":{"uv":[0,0,1.75,6.5],"texture":"#texture"},"east":{"uv":[0,0,1.5,6.5],"texture":"#texture"},"south":{"uv":[0,0,1.75,6.5],"texture":"#texture"},"west":{"uv":[0,0,1.5,6.5],"texture":"#texture"},"up":{"uv":[0,0,1.75,1.5],"texture":"#texture"},"down":{"uv":[0,0,1.75,1.5],"texture":"#texture"}}},{"from":[6.5,7.75,3.75],"to":[9.5,9.25,7.25],"faces":{"north":{"uv":[5,0,11,3],"texture":"#texture"},"east":{"uv":[0,0,7,3],"texture":"#texture"},"south":{"uv":[5,0,11,3],"texture":"#texture"},"west":{"uv":[0,0,7,3],"texture":"#texture"},"up":{"uv":[5,0,11,7],"texture":"#texture"},"down":{"uv":[5,0,11,7],"texture":"#texture"}}},{"from":[7,8.25,3],"to":[7.75,9,3.75],"faces":{"north":{"uv":[6,0,7.5,1],"texture":"#cauldron_inner"},"east":{"uv":[6,0,7.5,1],"texture":"#cauldron_inner"},"south":{"uv":[6,0,7.5,1],"texture":"#cauldron_inner"},"west":{"uv":[6,0,7.5,1],"texture":"#cauldron_inner"},"up":{"uv":[6,0,7.5,1],"texture":"#cauldron_inner"},"down":{"uv":[6,0,7.5,1],"texture":"#cauldron_inner"}}},{"from":[8.25,8.25,3],"to":[9,9,3.75],"faces":{"north":{"uv":[6,0,7.5,1],"texture":"#cauldron_inner"},"east":{"uv":[6,0,7.5,1],"texture":"#cauldron_inner"},"south":{"uv":[6,0,7.5,1],"texture":"#cauldron_inner"},"west":{"uv":[6,0,7.5,1],"texture":"#cauldron_inner"},"up":{"uv":[6,0,7.5,1],"texture":"#cauldron_inner"},"down":{"uv":[6,0,7.5,1],"texture":"#cauldron_inner"}}},{"from":[13,2.5,5.25],"to":[13.25,7.25,10.75],"rotation":{"angle":22.5,"axis":"z","origin":[13,7.25,5.25]},"faces":{"north":{"uv":[0,0,0.25,4.75],"texture":"#texture"},"east":{"uv":[0,0,5.5,4.75],"texture":"#texture"},"south":{"uv":[0,0,0.25,4.75],"texture":"#texture"},"west":{"uv":[0,0,5.5,4.75],"texture":"#texture"},"up":{"uv":[0,0,0.25,5.5],"texture":"#texture"},"down":{"uv":[0,0,0.25,5.5],"texture":"#texture"}}},{"from":[2.78125,2.59375,5.25],"to":[3.03125,7.34375,10.75],"rotation":{"angle":-22.5,"axis":"z","origin":[2.78125,7.34375,5.25]},"faces":{"north":{"uv":[0,0,0.25,4.75],"texture":"#texture"},"east":{"uv":[0,0,5.5,4.75],"texture":"#texture"},"south":{"uv":[0,0,0.25,4.75],"texture":"#texture"},"west":{"uv":[0,0,5.5,4.75],"texture":"#texture"},"up":{"uv":[0,0,0.25,5.5],"texture":"#texture"},"down":{"uv":[0,0,0.25,5.5],"texture":"#texture"}}},{"from":[13.875,7.09375,5.25],"to":[14.125,9.34375,10.75],"rotation":{"angle":-22.5,"axis":"z","origin":[13.875,9.34375,5.25]},"faces":{"north":{"uv":[0,0,0.25,2.25],"texture":"#texture"},"east":{"uv":[0,0,5.5,2.25],"texture":"#texture"},"south":{"uv":[0,0,0.25,2.25],"texture":"#texture"},"west":{"uv":[0,0,5.5,2.25],"texture":"#texture"},"up":{"uv":[0,0,0.25,5.5],"texture":"#texture"},"down":{"uv":[0,0,0.25,5.5],"texture":"#texture"}}},{"from":[1.90625,6.96875,5.25],"to":[2.15625,9.21875,10.75],"rotation":{"angle":22.5,"axis":"z","origin":[1.90625,9.21875,5.25]},"faces":{"north":{"uv":[0,0,0.25,2.25],"texture":"#texture"},"east":{"uv":[0,0,5.5,2.25],"texture":"#texture"},"south":{"uv":[0,0,0.25,2.25],"texture":"#texture"},"west":{"uv":[0,0,5.5,2.25],"texture":"#texture"},"up":{"uv":[0,0,0.25,5.5],"texture":"#texture"},"down":{"uv":[0,0,0.25,5.5],"texture":"#texture"}}},{"from":[8,8.75,5],"to":[14.25,9.75,10],"rotation":{"angle":-22.5,"axis":"y","origin":[8,8.75,5]},"faces":{"north":{"uv":[3.5,0,16,2],"texture":"#versiering"},"east":{"uv":[2,0,12,2],"texture":"#versiering"},"south":{"uv":[3.5,0,16,2],"texture":"#versiering"},"west":{"uv":[2,0,12,2],"texture":"#versiering"},"up":{"uv":[3.5,2,16,12],"texture":"#versiering"},"down":{"uv":[3.5,2,16,12],"texture":"#versiering"}}},{"from":[8,9.75,7.25],"to":[16,10.25,8.75],"rotation":{"angle":-22.5,"axis":"y","origin":[8,9.75,7.25]},"faces":{"north":{"uv":[0,0,16,1],"texture":"#versiering"},"east":{"uv":[6.5,0,9.5,1],"texture":"#versiering"},"south":{"uv":[0,0,16,1],"texture":"#versiering"},"west":{"uv":[6.5,0,9.5,1],"texture":"#versiering"},"up":{"uv":[0,6.5,16,9.5],"texture":"#versiering"},"down":{"uv":[0,6.5,16,9.5],"texture":"#versiering"}}},{"from":[2.21875,8.75,7.40625],"to":[8.46875,9.75,12.4063],"rotation":{"angle":22.5,"axis":"y","origin":[2.21875,8.75,7.40625]},"faces":{"north":{"uv":[0,0,12.5,2],"texture":"#versiering"},"east":{"uv":[6,0,16,2],"texture":"#versiering"},"south":{"uv":[0,0,12.5,2],"texture":"#versiering"},"west":{"uv":[6,0,16,2],"texture":"#versiering"},"up":{"uv":[0,6,12.5,16],"texture":"#versiering"},"down":{"uv":[0,6,12.5,16],"texture":"#versiering"}}},{"from":[8,9.5,5.75],"to":[15.25,10,9.5],"rotation":{"angle":-22.5,"axis":"y","origin":[8,9.5,5.75]},"faces":{"north":{"uv":[1.5,0,16,1],"texture":"#versiering"},"east":{"uv":[3.5,0,11,1],"texture":"#versiering"},"south":{"uv":[1.5,0,16,1],"texture":"#versiering"},"west":{"uv":[3.5,0,11,1],"texture":"#versiering"},"up":{"uv":[1.5,3.5,16,11],"texture":"#versiering"},"down":{"uv":[1.5,3.5,16,11],"texture":"#versiering"}}},{"from":[0.59375,9.75,10.3125],"to":[8.59375,10.25,11.8125],"rotation":{"angle":22.5,"axis":"y","origin":[0.59375,9.75,10.3125]},"faces":{"north":{"uv":[0,0,16,1],"texture":"#versiering"},"east":{"uv":[12.625,0,15.625,1],"texture":"#versiering"},"south":{"uv":[0,0,16,1],"texture":"#versiering"},"west":{"uv":[12.625,0,15.625,1],"texture":"#versiering"},"up":{"uv":[0,12.5,16,15.5],"texture":"#versiering"},"down":{"uv":[0,12.5,16,15.5],"texture":"#versiering"}}},{"from":[7.5,8.65625,4.03125],"to":[8.5,9.40625,7.53125],"rotation":{"angle":-22.5,"axis":"x","origin":[7.5,9.40625,4.03125]},"faces":{"north":{"uv":[7,0,9,1.5],"texture":"#versiering"},"east":{"uv":[0.0625,0,7.0625,1.5],"texture":"#versiering"},"south":{"uv":[7,0,9,1.5],"texture":"#versiering"},"west":{"uv":[0.0625,0,7.0625,1.5],"texture":"#versiering"},"up":{"uv":[7,0.0625,9,7.0625],"texture":"#versiering"},"down":{"uv":[7,0.0625,9,7.0625],"texture":"#versiering"}}},{"from":[7.5,10,7.25],"to":[8.5,10.75,8.5],"faces":{"north":{"uv":[7,0,9,1.5],"texture":"#versiering"},"east":{"uv":[6.5,0,9,1.5],"texture":"#versiering"},"south":{"uv":[7,0,9,1.5],"texture":"#versiering"},"west":{"uv":[6.5,0,9,1.5],"texture":"#versiering"},"up":{"uv":[7,6.5,9,9],"texture":"#versiering"},"down":{"uv":[7,6.5,9,9],"texture":"#versiering"}}},{"from":[7.5,10,8.5],"to":[8.5,10.75,11],"rotation":{"angle":22.5,"axis":"x","origin":[7.5,10.75,8.5]},"faces":{"north":{"uv":[7,0,9,1.5],"texture":"#versiering"},"east":{"uv":[9,0,14,1.5],"texture":"#versiering"},"south":{"uv":[7,0,9,1.5],"texture":"#versiering"},"west":{"uv":[9,0,14,1.5],"texture":"#versiering"},"up":{"uv":[7,9,9,14],"texture":"#versiering"},"down":{"uv":[7,9,9,14],"texture":"#versiering"}}},{"from":[7.5,9.25,10.5],"to":[8.5,10,12],"faces":{"north":{"uv":[7,0,9,1.5],"texture":"#versiering"},"east":{"uv":[13,0,16,1.5],"texture":"#versiering"},"south":{"uv":[7,0,9,1.5],"texture":"#versiering"},"west":{"uv":[13,0,16,1.5],"texture":"#versiering"},"up":{"uv":[7,13,9,16],"texture":"#versiering"},"down":{"uv":[7,13,9,16],"texture":"#versiering"}}},{"from":[1.3125,9.5,8.53125],"to":[8.5625,10,12.2813],"rotation":{"angle":22.5,"axis":"y","origin":[1.3125,9.5,8.53125]},"faces":{"north":{"uv":[0,0,14.5,1],"texture":"#versiering"},"east":{"uv":[8.5,0,16,1],"texture":"#versiering"},"south":{"uv":[0,0,14.5,1],"texture":"#versiering"},"west":{"uv":[8.5,0,16,1],"texture":"#versiering"},"up":{"uv":[0,8.5,14.5,16],"texture":"#versiering"},"down":{"uv":[0,8.5,14.5,16],"texture":"#versiering"}}},{"from":[16.75,3.80866,6.03806],"to":[18.5,4.30866,6.53806],"rotation":{"angle":-22.5,"axis":"x","origin":[16.75,4.30866,6.03806]},"faces":{"north":{"uv":[0,0,1.75,0.5],"texture":"#anvil"},"east":{"uv":[0,0,0.5,0.5],"texture":"#anvil"},"south":{"uv":[0,0,1.75,0.5],"texture":"#anvil"},"west":{"uv":[0,0,0.5,0.5],"texture":"#anvil"},"up":{"uv":[0,0,1.75,0.5],"texture":"#anvil"},"down":{"uv":[0,0,1.75,0.5],"texture":"#anvil"}}},{"from":[16.75,4,6.5],"to":[20.75,4.5,9],"faces":{"north":{"uv":[0,0,4,0.5],"texture":"#anvil"},"east":{"uv":[0,0,2.5,0.5],"texture":"#anvil"},"south":{"uv":[0,0,4,0.5],"texture":"#anvil"},"west":{"uv":[0,0,2.5,0.5],"texture":"#anvil"},"up":{"uv":[0,0,4,2.5],"texture":"#anvil"},"down":{"uv":[0,0,4,2.5],"texture":"#anvil"}}},{"from":[24,11.1884,9.5],"to":[25.5,12.1884,10.25],"rotation":{"angle":-45,"axis":"x","origin":[24,12.1884,9.5]},"faces":{"north":{"uv":[0,0,1.5,1],"texture":"#texture"},"east":{"uv":[0,0,0.75,1],"texture":"#texture"},"south":{"uv":[0,0,1.5,1],"texture":"#texture"},"west":{"uv":[0,0,0.75,1],"texture":"#texture"},"up":{"uv":[0,0,1.5,0.75],"texture":"#texture"},"down":{"uv":[0,0,1.5,0.75],"texture":"#texture"}}},{"from":[23.75,9.75,10.2813],"to":[25.75,10.5,10.7813],"rotation":{"angle":22.5,"axis":"x","origin":[23.75,10.5,10.2813]},"faces":{"north":{"uv":[0,0,2,0.75],"texture":"#texture"},"east":{"uv":[0,0,0.5,0.75],"texture":"#texture"},"south":{"uv":[0,0,2,0.75],"texture":"#texture"},"west":{"uv":[0,0,0.5,0.75],"texture":"#texture"},"up":{"uv":[0,0,2,0.5],"texture":"#texture"},"down":{"uv":[0,0,2,0.5],"texture":"#texture"}}},{"from":[23.75,10.25,10],"to":[25.75,12,10.75],"faces":{"north":{"uv":[0,0,2,1.75],"texture":"#texture"},"east":{"uv":[0,0,0.75,1.75],"texture":"#texture"},"south":{"uv":[0,0,2,1.75],"texture":"#texture"},"west":{"uv":[0,0,0.75,1.75],"texture":"#texture"},"up":{"uv":[0,0,2,0.75],"texture":"#texture"},"down":{"uv":[0,0,2,0.75],"texture":"#texture"}}},{"from":[24,9.5,10.25],"to":[25.5,10.25,10.5],"faces":{"north":{"uv":[0,0,1.5,0.75],"texture":"#texture"},"east":{"uv":[0,0,0.25,0.75],"texture":"#texture"},"south":{"uv":[0,0,1.5,0.75],"texture":"#texture"},"west":{"uv":[0,0,0.25,0.75],"texture":"#texture"},"up":{"uv":[0,0,1.5,0.25],"texture":"#texture"},"down":{"uv":[0,0,1.5,0.25],"texture":"#texture"}}},{"from":[24.25,5.03787,10],"to":[25.25,9.5,10.49497],"faces":{"north":{"uv":[0,0,1,4.46213],"texture":"#texture"},"east":{"uv":[0,0,0.49497,4.46213],"texture":"#texture"},"south":{"uv":[0,0,1,4.46213],"texture":"#texture"},"west":{"uv":[0,0,0.49497,4.46213],"texture":"#texture"},"up":{"uv":[0,0,1,0.49497],"texture":"#texture"},"down":{"uv":[0,0,1,0.49497],"texture":"#texture"}}},{"from":[24.25,3.25,9.875],"to":[25.25,5.45,10.5],"rotation":{"angle":45,"axis":"x","origin":[24.25,5.25,10]},"faces":{"north":{"uv":[0,0,1,2.2],"texture":"#texture"},"east":{"uv":[0,0,0.625,2.2],"texture":"#texture"},"south":{"uv":[0,0,1,2.2],"texture":"#texture"},"west":{"uv":[0,0,0.625,2.2],"texture":"#texture"},"up":{"uv":[0,0,1,0.625],"texture":"#texture"},"down":{"uv":[0,0,1,0.625],"texture":"#texture"}}},{"from":[23,3.5,7.25],"to":[26.5,4,9],"faces":{"north":{"uv":[0,0,3.5,0.5],"texture":"#texture"},"east":{"uv":[0,0,1.75,0.5],"texture":"#texture"},"south":{"uv":[0,0,3.5,0.5],"texture":"#texture"},"west":{"uv":[0,0,1.75,0.5],"texture":"#texture"},"up":{"uv":[0,0,3.5,1.75],"texture":"#texture"},"down":{"uv":[0,0,3.5,1.75],"texture":"#texture"}}},{"from":[24.25,2.525,8.5625],"to":[25.25,4.5,9.5625],"rotation":{"angle":22.5,"axis":"x","origin":[24.25,4.5,8.5625]},"faces":{"north":{"uv":[0,0,1,1.75],"texture":"#texture"},"east":{"uv":[0,0,1,1.75],"texture":"#texture"},"south":{"uv":[0,0,1,1.75],"texture":"#texture"},"west":{"uv":[0,0,1,1.75],"texture":"#texture"},"up":{"uv":[0,0,1,1],"texture":"#texture"},"down":{"uv":[0,0,1,1],"texture":"#texture"}}},{"from":[24.25,2.25,7.225],"to":[25.25,3.75,8.75],"faces":{"north":{"uv":[0,0,1,1.5],"texture":"#texture"},"east":{"uv":[0,0,1.5,1.5],"texture":"#texture"},"south":{"uv":[0,0,1,1.5],"texture":"#texture"},"west":{"uv":[0,0,1.5,1.5],"texture":"#texture"},"up":{"uv":[0,0,1,1.5],"texture":"#texture"},"down":{"uv":[0,0,1,1.5],"texture":"#texture"}}},{"from":[24.25,2.12356,6.5],"to":[25.25,4.02356,7.5],"rotation":{"angle":-22.5,"axis":"x","origin":[24.25,4.02356,6.5]},"faces":{"north":{"uv":[0,0,1,1.75],"texture":"#texture"},"east":{"uv":[0,0,1,1.75],"texture":"#texture"},"south":{"uv":[0,0,1,1.75],"texture":"#texture"},"west":{"uv":[0,0,1,1.75],"texture":"#texture"},"up":{"uv":[0,0,1,1],"texture":"#texture"},"down":{"uv":[0,0,1,1],"texture":"#texture"}}},{"from":[14.75,2.5,7.25],"to":[24.5,3.5,8.75],"faces":{"north":{"uv":[0,0,9.75,1],"texture":"#texture"},"east":{"uv":[0,0,1.5,1],"texture":"#texture"},"south":{"uv":[0,0,9.75,1],"texture":"#texture"},"west":{"uv":[0,0,1.5,1],"texture":"#texture"},"up":{"uv":[0,0,9.75,1.5],"texture":"#texture"},"down":{"uv":[0,0,9.75,1.5],"texture":"#texture"}}},{"from":[17,3.5,7.25],"to":[20.5,4,9],"faces":{"north":{"uv":[0,0,3.5,0.5],"texture":"#texture"},"east":{"uv":[0,0,1.75,0.5],"texture":"#texture"},"south":{"uv":[0,0,3.5,0.5],"texture":"#texture"},"west":{"uv":[0,0,1.75,0.5],"texture":"#texture"},"up":{"uv":[0,0,3.5,1.75],"texture":"#texture"},"down":{"uv":[0,0,3.5,1.75],"texture":"#texture"}}},{"from":[18.25,2.12356,6.5],"to":[19.25,4.02356,7.5],"rotation":{"angle":-22.5,"axis":"x","origin":[18.25,4.02356,6.5]},"faces":{"north":{"uv":[0,0,1,1.75],"texture":"#texture"},"east":{"uv":[0,0,1,1.75],"texture":"#texture"},"south":{"uv":[0,0,1,1.75],"texture":"#texture"},"west":{"uv":[0,0,1,1.75],"texture":"#texture"},"up":{"uv":[0,0,1,1],"texture":"#texture"},"down":{"uv":[0,0,1,1],"texture":"#texture"}}},{"from":[18.25,2.25,7.225],"to":[19.25,3.75,8.75],"faces":{"north":{"uv":[0,0,1,1.5],"texture":"#texture"},"east":{"uv":[0,0,1.5,1.5],"texture":"#texture"},"south":{"uv":[0,0,1,1.5],"texture":"#texture"},"west":{"uv":[0,0,1.5,1.5],"texture":"#texture"},"up":{"uv":[0,0,1,1.5],"texture":"#texture"},"down":{"uv":[0,0,1,1.5],"texture":"#texture"}}},{"from":[18.25,2.525,8.5625],"to":[19.25,4.5,9.5625],"rotation":{"angle":22.5,"axis":"x","origin":[18.25,4.5,8.5625]},"faces":{"north":{"uv":[0,0,1,1.75],"texture":"#texture"},"east":{"uv":[0,0,1,1.75],"texture":"#texture"},"south":{"uv":[0,0,1,1.75],"texture":"#texture"},"west":{"uv":[0,0,1,1.75],"texture":"#texture"},"up":{"uv":[0,0,1,1],"texture":"#texture"},"down":{"uv":[0,0,1,1],"texture":"#texture"}}},{"from":[18.25,3.25,9.975],"to":[19.25,5.45,10.5],"rotation":{"angle":45,"axis":"x","origin":[18.25,5.25,10]},"faces":{"north":{"uv":[0,0,1,2.2],"texture":"#texture"},"east":{"uv":[0,0,0.525,2.2],"texture":"#texture"},"south":{"uv":[0,0,1,2.2],"texture":"#texture"},"west":{"uv":[0,0,0.525,2.2],"texture":"#texture"},"up":{"uv":[0,0,1,0.525],"texture":"#texture"},"down":{"uv":[0,0,1,0.525],"texture":"#texture"}}},{"from":[18.25,5.03787,10],"to":[19.25,9.5,10.49497],"faces":{"north":{"uv":[0,0,1,4.46213],"texture":"#texture"},"east":{"uv":[0,0,0.49497,4.46213],"texture":"#texture"},"south":{"uv":[0,0,1,4.46213],"texture":"#texture"},"west":{"uv":[0,0,0.49497,4.46213],"texture":"#texture"},"up":{"uv":[0,0,1,0.49497],"texture":"#texture"},"down":{"uv":[0,0,1,0.49497],"texture":"#texture"}}},{"from":[18,9.5,10.25],"to":[19.5,10.25,10.5],"faces":{"north":{"uv":[0,0,1.5,0.75],"texture":"#texture"},"east":{"uv":[0,0,0.25,0.75],"texture":"#texture"},"south":{"uv":[0,0,1.5,0.75],"texture":"#texture"},"west":{"uv":[0,0,0.25,0.75],"texture":"#texture"},"up":{"uv":[0,0,1.5,0.25],"texture":"#texture"},"down":{"uv":[0,0,1.5,0.25],"texture":"#texture"}}},{"from":[17.75,9.75,10.2813],"to":[19.75,10.5,10.7813],"rotation":{"angle":22.5,"axis":"x","origin":[17.75,10.5,10.2813]},"faces":{"north":{"uv":[0,0,2,0.75],"texture":"#texture"},"east":{"uv":[0,0,0.5,0.75],"texture":"#texture"},"south":{"uv":[0,0,2,0.75],"texture":"#texture"},"west":{"uv":[0,0,0.5,0.75],"texture":"#texture"},"up":{"uv":[0,0,2,0.5],"texture":"#texture"},"down":{"uv":[0,0,2,0.5],"texture":"#texture"}}},{"from":[17.75,10.25,10],"to":[19.75,12,10.75],"faces":{"north":{"uv":[0,0,2,1.75],"texture":"#texture"},"east":{"uv":[0,0,0.75,1.75],"texture":"#texture"},"south":{"uv":[0,0,2,1.75],"texture":"#texture"},"west":{"uv":[0,0,0.75,1.75],"texture":"#texture"},"up":{"uv":[0,0,2,0.75],"texture":"#texture"},"down":{"uv":[0,0,2,0.75],"texture":"#texture"}}},{"from":[18,11.1447,9.625],"to":[19.5,12.2197,10.225],"rotation":{"angle":-45,"axis":"x","origin":[18,12.1947,9.475]},"faces":{"north":{"uv":[0,0,1.5,1.075],"texture":"#texture"},"east":{"uv":[0,0,0.6,1.075],"texture":"#texture"},"south":{"uv":[0,0,1.5,1.075],"texture":"#texture"},"west":{"uv":[0,0,0.6,1.075],"texture":"#texture"},"up":{"uv":[0,0,1.5,0.6],"texture":"#texture"},"down":{"uv":[0,0,1.5,0.6],"texture":"#texture"}}},{"from":[19,3.80866,6.03806],"to":[20.75,4.30866,6.53806],"rotation":{"angle":-22.5,"axis":"x","origin":[19,4.30866,6.03806]},"faces":{"north":{"uv":[0,0,1.75,0.5],"texture":"#anvil"},"east":{"uv":[0,0,0.5,0.5],"texture":"#anvil"},"south":{"uv":[0,0,1.75,0.5],"texture":"#anvil"},"west":{"uv":[0,0,0.5,0.5],"texture":"#anvil"},"up":{"uv":[0,0,1.75,0.5],"texture":"#anvil"},"down":{"uv":[0,0,1.75,0.5],"texture":"#anvil"}}},{"from":[22.75,4,6.5],"to":[26.75,4.5,9],"faces":{"north":{"uv":[0,0,4,0.5],"texture":"#anvil"},"east":{"uv":[0,0,2.5,0.5],"texture":"#anvil"},"south":{"uv":[0,0,4,0.5],"texture":"#anvil"},"west":{"uv":[0,0,2.5,0.5],"texture":"#anvil"},"up":{"uv":[0,0,4,2.5],"texture":"#anvil"},"down":{"uv":[0,0,4,2.5],"texture":"#anvil"}}},{"from":[22.75,3.80866,6.03806],"to":[24.5,4.30866,6.53806],"rotation":{"angle":-22.5,"axis":"x","origin":[22.75,4.30866,6.03806]},"faces":{"north":{"uv":[0,0,1.75,0.5],"texture":"#anvil"},"east":{"uv":[0,0,0.5,0.5],"texture":"#anvil"},"south":{"uv":[0,0,1.75,0.5],"texture":"#anvil"},"west":{"uv":[0,0,0.5,0.5],"texture":"#anvil"},"up":{"uv":[0,0,1.75,0.5],"texture":"#anvil"},"down":{"uv":[0,0,1.75,0.5],"texture":"#anvil"}}},{"from":[24.5,4.28125,6.78509],"to":[25,4.78125,7.53509],"rotation":{"angle":22.5,"axis":"x","origin":[24.5,4.78125,6.78509]},"faces":{"north":{"uv":[0,0,0.5,0.5],"texture":"#anvil"},"east":{"uv":[0,0,0.75,0.5],"texture":"#anvil"},"south":{"uv":[0,0,0.5,0.5],"texture":"#anvil"},"west":{"uv":[0,0,0.75,0.5],"texture":"#anvil"},"up":{"uv":[0,0,0.5,0.75],"texture":"#anvil"},"down":{"uv":[0,0,0.5,0.75],"texture":"#anvil"}}},{"from":[25,3.80866,6.03806],"to":[26.75,4.30866,6.53806],"rotation":{"angle":-22.5,"axis":"x","origin":[25,4.30866,6.03806]},"faces":{"north":{"uv":[0,0,1.75,0.5],"texture":"#anvil"},"east":{"uv":[0,0,0.5,0.5],"texture":"#anvil"},"south":{"uv":[0,0,1.75,0.5],"texture":"#anvil"},"west":{"uv":[0,0,0.5,0.5],"texture":"#anvil"},"up":{"uv":[0,0,1.75,0.5],"texture":"#anvil"},"down":{"uv":[0,0,1.75,0.5],"texture":"#anvil"}}},{"from":[26.5,4.00184,8],"to":[27,5.00184,9.5],"rotation":{"angle":-45,"axis":"x","origin":[26.5,5.00184,8]},"faces":{"north":{"uv":[0,0,0.5,1],"texture":"#anvil"},"east":{"uv":[0,0,1.5,1],"texture":"#anvil"},"south":{"uv":[0,0,0.5,1],"texture":"#anvil"},"west":{"uv":[0,0,1.5,1],"texture":"#anvil"},"up":{"uv":[0,0,0.5,1.5],"texture":"#anvil"},"down":{"uv":[0,0,0.5,1.5],"texture":"#anvil"}}},{"from":[22.75,4.06066,9.35355],"to":[26.75,5.06066,9.85355],"rotation":{"angle":45,"axis":"x","origin":[22.75,5.06066,9.35355]},"faces":{"north":{"uv":[0,0,4,1],"texture":"#anvil"},"east":{"uv":[0,0,0.5,1],"texture":"#anvil"},"south":{"uv":[0,0,4,1],"texture":"#anvil"},"west":{"uv":[0,0,0.5,1],"texture":"#anvil"},"up":{"uv":[0,0,4,0.5],"texture":"#anvil"},"down":{"uv":[0,0,4,0.5],"texture":"#anvil"}}},{"from":[22.75,4.8033,9.72352],"to":[26.75,6.2283,10.22352],"rotation":{"angle":22.5,"axis":"x","origin":[22.75,6.0533,9.72352]},"faces":{"north":{"uv":[0,0,4,1.425],"texture":"#anvil"},"east":{"uv":[0,0,0.5,1.425],"texture":"#anvil"},"south":{"uv":[0,0,4,1.425],"texture":"#anvil"},"west":{"uv":[0,0,0.5,1.425],"texture":"#anvil"},"up":{"uv":[0,0,4,0.5],"texture":"#anvil"},"down":{"uv":[0,0,4,0.5],"texture":"#anvil"}}},{"from":[22.5,4.00184,8],"to":[23,5.00184,9.5],"rotation":{"angle":-45,"axis":"x","origin":[22.5,5.00184,8]},"faces":{"north":{"uv":[0,0,0.5,1],"texture":"#anvil"},"east":{"uv":[0,0,1.5,1],"texture":"#anvil"},"south":{"uv":[0,0,0.5,1],"texture":"#anvil"},"west":{"uv":[0,0,1.5,1],"texture":"#anvil"},"up":{"uv":[0,0,0.5,1.5],"texture":"#anvil"},"down":{"uv":[0,0,0.5,1.5],"texture":"#anvil"}}},{"from":[22.75,6.02363,9.75],"to":[26.75,8.5,10.25243],"faces":{"north":{"uv":[0,0,4,2.47637],"texture":"#anvil"},"east":{"uv":[0,0,0.50243,2.47637],"texture":"#anvil"},"south":{"uv":[0,0,4,2.47637],"texture":"#anvil"},"west":{"uv":[0,0,0.50243,2.47637],"texture":"#anvil"},"up":{"uv":[0,0,4,0.50243],"texture":"#anvil"},"down":{"uv":[0,0,4,0.50243],"texture":"#anvil"}}},{"from":[23.25,8.5,9.75],"to":[26.25,10.25,10.25],"faces":{"north":{"uv":[0,0,3,1.75],"texture":"#anvil"},"east":{"uv":[0,0,0.5,1.75],"texture":"#anvil"},"south":{"uv":[0,0,3,1.75],"texture":"#anvil"},"west":{"uv":[0,0,0.5,1.75],"texture":"#anvil"},"up":{"uv":[0,0,3,0.5],"texture":"#anvil"},"down":{"uv":[0,0,3,0.5],"texture":"#anvil"}}},{"from":[23.51537,8.34776,9.7501],"to":[24.01537,10.22276,10.2501],"rotation":{"angle":-22.5,"axis":"z","origin":[23.51537,10.34776,9.7501]},"faces":{"north":{"uv":[0,0,0.5,1.875],"texture":"#anvil"},"east":{"uv":[0,0,0.5,1.875],"texture":"#anvil"},"south":{"uv":[0,0,0.5,1.875],"texture":"#anvil"},"west":{"uv":[0,0,0.5,1.875],"texture":"#anvil"},"up":{"uv":[0,0,0.5,0.5],"texture":"#anvil"},"down":{"uv":[0,0,0.5,0.5],"texture":"#anvil"}}},{"from":[25.52269,8.15642,9.7501],"to":[26.02269,10.03142,10.2501],"rotation":{"angle":22.5,"axis":"z","origin":[25.52269,10.15642,9.7501]},"faces":{"north":{"uv":[0,0,0.5,1.875],"texture":"#anvil"},"east":{"uv":[0,0,0.5,1.875],"texture":"#anvil"},"south":{"uv":[0,0,0.5,1.875],"texture":"#anvil"},"west":{"uv":[0,0,0.5,1.875],"texture":"#anvil"},"up":{"uv":[0,0,0.5,0.5],"texture":"#anvil"},"down":{"uv":[0,0,0.5,0.5],"texture":"#anvil"}}},{"from":[23.75,10.0274,9.5],"to":[25.75,10.5274,10],"rotation":{"angle":-22.5,"axis":"x","origin":[23.75,10.5274,9.5]},"faces":{"north":{"uv":[0,0,2,0.5],"texture":"#anvil"},"east":{"uv":[0,0,0.5,0.5],"texture":"#anvil"},"south":{"uv":[0,0,2,0.5],"texture":"#anvil"},"west":{"uv":[0,0,0.5,0.5],"texture":"#anvil"},"up":{"uv":[0,0,2,0.5],"texture":"#anvil"},"down":{"uv":[0,0,2,0.5],"texture":"#anvil"}}},{"from":[23.75,10.5,9.5],"to":[25.75,12.75,10],"faces":{"north":{"uv":[0,0,2,2.25],"texture":"#anvil"},"east":{"uv":[0,0,0.5,2.25],"texture":"#anvil"},"south":{"uv":[0,0,2,2.25],"texture":"#anvil"},"west":{"uv":[0,0,0.5,2.25],"texture":"#anvil"},"up":{"uv":[0,0,2,0.5],"texture":"#anvil"},"down":{"uv":[0,0,2,0.5],"texture":"#anvil"}}},{"from":[17.75,10.5,9.5],"to":[19.75,12.75,10],"faces":{"north":{"uv":[0,0,2,2.25],"texture":"#anvil"},"east":{"uv":[0,0,0.5,2.25],"texture":"#anvil"},"south":{"uv":[0,0,2,2.25],"texture":"#anvil"},"west":{"uv":[0,0,0.5,2.25],"texture":"#anvil"},"up":{"uv":[0,0,2,0.5],"texture":"#anvil"},"down":{"uv":[0,0,2,0.5],"texture":"#anvil"}}},{"from":[17.75,10.0274,9.5],"to":[19.75,10.5274,10],"rotation":{"angle":-22.5,"axis":"x","origin":[17.75,10.5274,9.5]},"faces":{"north":{"uv":[0,0,2,0.5],"texture":"#anvil"},"east":{"uv":[0,0,0.5,0.5],"texture":"#anvil"},"south":{"uv":[0,0,2,0.5],"texture":"#anvil"},"west":{"uv":[0,0,0.5,0.5],"texture":"#anvil"},"up":{"uv":[0,0,2,0.5],"texture":"#anvil"},"down":{"uv":[0,0,2,0.5],"texture":"#anvil"}}},{"from":[17.25,8.5,9.75],"to":[20.25,10.25,10.25],"faces":{"north":{"uv":[0,0,3,1.75],"texture":"#anvil"},"east":{"uv":[0,0,0.5,1.75],"texture":"#anvil"},"south":{"uv":[0,0,3,1.75],"texture":"#anvil"},"west":{"uv":[0,0,0.5,1.75],"texture":"#anvil"},"up":{"uv":[0,0,3,0.5],"texture":"#anvil"},"down":{"uv":[0,0,3,0.5],"texture":"#anvil"}}},{"from":[19.52269,8.15642,9.7501],"to":[20.02269,10.00642,10.2501],"rotation":{"angle":22.5,"axis":"z","origin":[19.52269,10.15642,9.7501]},"faces":{"north":{"uv":[0,0,0.5,1.85],"texture":"#anvil"},"east":{"uv":[0,0,0.5,1.85],"texture":"#anvil"},"south":{"uv":[0,0,0.5,1.85],"texture":"#anvil"},"west":{"uv":[0,0,0.5,1.85],"texture":"#anvil"},"up":{"uv":[0,0,0.5,0.5],"texture":"#anvil"},"down":{"uv":[0,0,0.5,0.5],"texture":"#anvil"}}},{"from":[17.51537,8.34776,9.7501],"to":[18.01537,10.19776,10.2501],"rotation":{"angle":-22.5,"axis":"z","origin":[17.51537,10.34776,9.7501]},"faces":{"north":{"uv":[0,0,0.5,1.85],"texture":"#anvil"},"east":{"uv":[0,0,0.5,1.85],"texture":"#anvil"},"south":{"uv":[0,0,0.5,1.85],"texture":"#anvil"},"west":{"uv":[0,0,0.5,1.85],"texture":"#anvil"},"up":{"uv":[0,0,0.5,0.5],"texture":"#anvil"},"down":{"uv":[0,0,0.5,0.5],"texture":"#anvil"}}},{"from":[16.75,5.88689,9.75],"to":[20.75,8.5,10.24772],"faces":{"north":{"uv":[0,0,4,2.61311],"texture":"#anvil"},"east":{"uv":[0,0,0.49772,2.61311],"texture":"#anvil"},"south":{"uv":[0,0,4,2.61311],"texture":"#anvil"},"west":{"uv":[0,0,0.49772,2.61311],"texture":"#anvil"},"up":{"uv":[0,0,4,0.49772],"texture":"#anvil"},"down":{"uv":[0,0,4,0.49772],"texture":"#anvil"}}},{"from":[16.75,4.80514,9.77622],"to":[20.75,6.08014,10.27622],"rotation":{"angle":22.5,"axis":"x","origin":[16.75,6.05514,9.77622]},"faces":{"north":{"uv":[0,0,4,1.275],"texture":"#anvil"},"east":{"uv":[0,0,0.5,1.275],"texture":"#anvil"},"south":{"uv":[0,0,4,1.275],"texture":"#anvil"},"west":{"uv":[0,0,0.5,1.275],"texture":"#anvil"},"up":{"uv":[0,0,4,0.5],"texture":"#anvil"},"down":{"uv":[0,0,4,0.5],"texture":"#anvil"}}},{"from":[16.75,4.0625,9.40625],"to":[20.75,5.0625,9.90625],"rotation":{"angle":45,"axis":"x","origin":[16.75,5.0625,9.40625]},"faces":{"north":{"uv":[0,0,4,1],"texture":"#anvil"},"east":{"uv":[0,0,0.5,1],"texture":"#anvil"},"south":{"uv":[0,0,4,1],"texture":"#anvil"},"west":{"uv":[0,0,0.5,1],"texture":"#anvil"},"up":{"uv":[0,0,4,0.5],"texture":"#anvil"},"down":{"uv":[0,0,4,0.5],"texture":"#anvil"}}},{"from":[16.5,4.00184,8],"to":[17,5.00184,9.5],"rotation":{"angle":-45,"axis":"x","origin":[16.5,5.00184,8]},"faces":{"north":{"uv":[0,0,0.5,1],"texture":"#anvil"},"east":{"uv":[0,0,1.5,1],"texture":"#anvil"},"south":{"uv":[0,0,0.5,1],"texture":"#anvil"},"west":{"uv":[0,0,1.5,1],"texture":"#anvil"},"up":{"uv":[0,0,0.5,1.5],"texture":"#anvil"},"down":{"uv":[0,0,0.5,1.5],"texture":"#anvil"}}},{"from":[18.5,4.28125,6.78509],"to":[19,4.78125,7.53509],"rotation":{"angle":22.5,"axis":"x","origin":[18.5,4.78125,6.78509]},"faces":{"north":{"uv":[0,0,0.5,0.5],"texture":"#anvil"},"east":{"uv":[0,0,0.75,0.5],"texture":"#anvil"},"south":{"uv":[0,0,0.5,0.5],"texture":"#anvil"},"west":{"uv":[0,0,0.75,0.5],"texture":"#anvil"},"up":{"uv":[0,0,0.5,0.75],"texture":"#anvil"},"down":{"uv":[0,0,0.5,0.75],"texture":"#anvil"}}},{"from":[20.5,4.00184,8],"to":[21,5.00184,9.5],"rotation":{"angle":-45,"axis":"x","origin":[20.5,5.00184,8]},"faces":{"north":{"uv":[0,0,0.5,1],"texture":"#anvil"},"east":{"uv":[0,0,1.5,1],"texture":"#anvil"},"south":{"uv":[0,0,0.5,1],"texture":"#anvil"},"west":{"uv":[0,0,1.5,1],"texture":"#anvil"},"up":{"uv":[0,0,0.5,1.5],"texture":"#anvil"},"down":{"uv":[0,0,0.5,1.5],"texture":"#anvil"}}},{"from":[-2.5,3.80866,6.03806],"to":[-0.75,4.30866,6.53806],"rotation":{"angle":-22.5,"axis":"x","origin":[-0.75,4.30866,6.03806]},"faces":{"north":{"uv":[1.75,0,0,0.5],"texture":"#anvil"},"east":{"uv":[0.5,0,0,0.5],"texture":"#anvil"},"south":{"uv":[1.75,0,0,0.5],"texture":"#anvil"},"west":{"uv":[0.5,0,0,0.5],"texture":"#anvil"},"up":{"uv":[1.75,0,0,0.5],"texture":"#anvil"},"down":{"uv":[1.75,0,0,0.5],"texture":"#anvil"}}},{"from":[-4.75,4,6.5],"to":[-0.75,4.5,9],"faces":{"north":{"uv":[4,0,0,0.5],"texture":"#anvil"},"east":{"uv":[2.5,0,0,0.5],"texture":"#anvil"},"south":{"uv":[4,0,0,0.5],"texture":"#anvil"},"west":{"uv":[2.5,0,0,0.5],"texture":"#anvil"},"up":{"uv":[4,0,0,2.5],"texture":"#anvil"},"down":{"uv":[4,0,0,2.5],"texture":"#anvil"}}},{"from":[-10.5,3.5,7.25],"to":[-7,4,9],"faces":{"north":{"uv":[3.5,0,0,0.5],"texture":"#texture"},"east":{"uv":[1.75,0,0,0.5],"texture":"#texture"},"south":{"uv":[3.5,0,0,0.5],"texture":"#texture"},"west":{"uv":[1.75,0,0,0.5],"texture":"#texture"},"up":{"uv":[3.5,0,0,1.75],"texture":"#texture"},"down":{"uv":[3.5,0,0,1.75],"texture":"#texture"}}},{"from":[-9.25,2.525,8.5625],"to":[-8.25,4.5,9.5625],"rotation":{"angle":22.5,"axis":"x","origin":[-8.25,4.5,8.5625]},"faces":{"north":{"uv":[1,0,0,1.75],"texture":"#texture"},"east":{"uv":[1,0,0,1.75],"texture":"#texture"},"south":{"uv":[1,0,0,1.75],"texture":"#texture"},"west":{"uv":[1,0,0,1.75],"texture":"#texture"},"up":{"uv":[1,0,0,1],"texture":"#texture"},"down":{"uv":[1,0,0,1],"texture":"#texture"}}},{"from":[-9.25,2.25,7.225],"to":[-8.25,3.75,8.75],"faces":{"north":{"uv":[1,0,0,1.5],"texture":"#texture"},"east":{"uv":[1.5,0,0,1.5],"texture":"#texture"},"south":{"uv":[1,0,0,1.5],"texture":"#texture"},"west":{"uv":[1.5,0,0,1.5],"texture":"#texture"},"up":{"uv":[1,0,0,1.5],"texture":"#texture"},"down":{"uv":[1,0,0,1.5],"texture":"#texture"}}},{"from":[-9.25,2.12356,6.5],"to":[-8.25,4.02356,7.5],"rotation":{"angle":-22.5,"axis":"x","origin":[-8.25,4.02356,6.5]},"faces":{"north":{"uv":[1,0,0,1.75],"texture":"#texture"},"east":{"uv":[1,0,0,1.75],"texture":"#texture"},"south":{"uv":[1,0,0,1.75],"texture":"#texture"},"west":{"uv":[1,0,0,1.75],"texture":"#texture"},"up":{"uv":[1,0,0,1],"texture":"#texture"},"down":{"uv":[1,0,0,1],"texture":"#texture"}}},{"from":[-8.5,2.5,7.25],"to":[1.25,3.5,8.75],"faces":{"north":{"uv":[9.75,0,0,1],"texture":"#texture"},"east":{"uv":[1.5,0,0,1],"texture":"#texture"},"south":{"uv":[9.75,0,0,1],"texture":"#texture"},"west":{"uv":[1.5,0,0,1],"texture":"#texture"},"up":{"uv":[9.75,0,0,1.5],"texture":"#texture"},"down":{"uv":[9.75,0,0,1.5],"texture":"#texture"}}},{"from":[-4.5,3.5,7.25],"to":[-1,4,9],"faces":{"north":{"uv":[3.5,0,0,0.5],"texture":"#texture"},"east":{"uv":[1.75,0,0,0.5],"texture":"#texture"},"south":{"uv":[3.5,0,0,0.5],"texture":"#texture"},"west":{"uv":[1.75,0,0,0.5],"texture":"#texture"},"up":{"uv":[3.5,0,0,1.75],"texture":"#texture"},"down":{"uv":[3.5,0,0,1.75],"texture":"#texture"}}},{"from":[-3.25,2.12356,6.5],"to":[-2.25,4.02356,7.5],"rotation":{"angle":-22.5,"axis":"x","origin":[-2.25,4.02356,6.5]},"faces":{"north":{"uv":[1,0,0,1.75],"texture":"#texture"},"east":{"uv":[1,0,0,1.75],"texture":"#texture"},"south":{"uv":[1,0,0,1.75],"texture":"#texture"},"west":{"uv":[1,0,0,1.75],"texture":"#texture"},"up":{"uv":[1,0,0,1],"texture":"#texture"},"down":{"uv":[1,0,0,1],"texture":"#texture"}}},{"from":[-3.25,2.25,7.225],"to":[-2.25,3.75,8.75],"faces":{"north":{"uv":[1,0,0,1.5],"texture":"#texture"},"east":{"uv":[1.5,0,0,1.5],"texture":"#texture"},"south":{"uv":[1,0,0,1.5],"texture":"#texture"},"west":{"uv":[1.5,0,0,1.5],"texture":"#texture"},"up":{"uv":[1,0,0,1.5],"texture":"#texture"},"down":{"uv":[1,0,0,1.5],"texture":"#texture"}}},{"from":[-3.25,2.525,8.5625],"to":[-2.25,4.5,9.5625],"rotation":{"angle":22.5,"axis":"x","origin":[-2.25,4.5,8.5625]},"faces":{"north":{"uv":[1,0,0,1.75],"texture":"#texture"},"east":{"uv":[1,0,0,1.75],"texture":"#texture"},"south":{"uv":[1,0,0,1.75],"texture":"#texture"},"west":{"uv":[1,0,0,1.75],"texture":"#texture"},"up":{"uv":[1,0,0,1],"texture":"#texture"},"down":{"uv":[1,0,0,1],"texture":"#texture"}}},{"from":[-4.75,3.80866,6.03806],"to":[-3,4.30866,6.53806],"rotation":{"angle":-22.5,"axis":"x","origin":[-3,4.30866,6.03806]},"faces":{"north":{"uv":[1.75,0,0,0.5],"texture":"#anvil"},"east":{"uv":[0.5,0,0,0.5],"texture":"#anvil"},"south":{"uv":[1.75,0,0,0.5],"texture":"#anvil"},"west":{"uv":[0.5,0,0,0.5],"texture":"#anvil"},"up":{"uv":[1.75,0,0,0.5],"texture":"#anvil"},"down":{"uv":[1.75,0,0,0.5],"texture":"#anvil"}}},{"from":[-10.75,4,6.5],"to":[-6.75,4.5,9],"faces":{"north":{"uv":[4,0,0,0.5],"texture":"#anvil"},"east":{"uv":[2.5,0,0,0.5],"texture":"#anvil"},"south":{"uv":[4,0,0,0.5],"texture":"#anvil"},"west":{"uv":[2.5,0,0,0.5],"texture":"#anvil"},"up":{"uv":[4,0,0,2.5],"texture":"#anvil"},"down":{"uv":[4,0,0,2.5],"texture":"#anvil"}}},{"from":[-8.5,3.80866,6.03806],"to":[-6.75,4.30866,6.53806],"rotation":{"angle":-22.5,"axis":"x","origin":[-6.75,4.30866,6.03806]},"faces":{"north":{"uv":[1.75,0,0,0.5],"texture":"#anvil"},"east":{"uv":[0.5,0,0,0.5],"texture":"#anvil"},"south":{"uv":[1.75,0,0,0.5],"texture":"#anvil"},"west":{"uv":[0.5,0,0,0.5],"texture":"#anvil"},"up":{"uv":[1.75,0,0,0.5],"texture":"#anvil"},"down":{"uv":[1.75,0,0,0.5],"texture":"#anvil"}}},{"from":[-9,4.28125,6.78509],"to":[-8.5,4.78125,7.53509],"rotation":{"angle":22.5,"axis":"x","origin":[-8.5,4.78125,6.78509]},"faces":{"north":{"uv":[0.5,0,0,0.5],"texture":"#anvil"},"east":{"uv":[0.75,0,0,0.5],"texture":"#anvil"},"south":{"uv":[0.5,0,0,0.5],"texture":"#anvil"},"west":{"uv":[0.75,0,0,0.5],"texture":"#anvil"},"up":{"uv":[0.5,0,0,0.75],"texture":"#anvil"},"down":{"uv":[0.5,0,0,0.75],"texture":"#anvil"}}},{"from":[-10.75,3.80866,6.03806],"to":[-9,4.30866,6.53806],"rotation":{"angle":-22.5,"axis":"x","origin":[-9,4.30866,6.03806]},"faces":{"north":{"uv":[1.75,0,0,0.5],"texture":"#anvil"},"east":{"uv":[0.5,0,0,0.5],"texture":"#anvil"},"south":{"uv":[1.75,0,0,0.5],"texture":"#anvil"},"west":{"uv":[0.5,0,0,0.5],"texture":"#anvil"},"up":{"uv":[1.75,0,0,0.5],"texture":"#anvil"},"down":{"uv":[1.75,0,0,0.5],"texture":"#anvil"}}},{"from":[-3,4.28125,6.78509],"to":[-2.5,4.78125,7.53509],"rotation":{"angle":22.5,"axis":"x","origin":[-2.5,4.78125,6.78509]},"faces":{"north":{"uv":[0.5,0,0,0.5],"texture":"#anvil"},"east":{"uv":[0.75,0,0,0.5],"texture":"#anvil"},"south":{"uv":[0.5,0,0,0.5],"texture":"#anvil"},"west":{"uv":[0.75,0,0,0.5],"texture":"#anvil"},"up":{"uv":[0.5,0,0,0.75],"texture":"#anvil"},"down":{"uv":[0.5,0,0,0.75],"texture":"#anvil"}}}],"display":{"gui":{"rotation":[30,-135,0],"translation":[-0.5,-0.5,0],"scale":[0.4,0.4,0.4]},"head":{"translation":[0,-24,0],"scale":[3.3,3.3,3.3]}},"groups":[0,1,2,3,4,5,6,7,8,9,10,11,12,13,14,15,16,17,18,19,20,21,22,23,24,25,26,27,28,29,30,31,32,33,34,35,36,37,38,39,40,41,42,43,44,45,46,47,48,49,50,51,52,53,54,55,56,57,58,59,60,61,62,63,64,65,66,67,68,69,70,71,72,73,74,{"name":"STOELEN","origin":[8,8,8],"color":0,"children":[75,76,77,78,79,80,81,82,83,84,85,86,87,88,89,90,91,92,93,94,95,96,97,98,99,100,101,102,103,104,105,106,107,108,109,110,111,112,113,114,115,116,117,118,119,120,121,122,123,124,125,126,127,128,129,130,131,132,133,134,135,136,137,138,139,140]}],"credit":"Model by Craftventure"}