{"texture_size":[64,64],"textures":{"0":"block/fenrir2","particle":"block/fenrir2"},"elements":[{"from":[-3.5,3,21.5],"to":[19.5,6,29.5],"rotation":{"angle":0,"axis":"y","origin":[8,4.18561,13.52221]},"faces":{"east":{"uv":[1.5,5.75,3.5,6.5],"texture":"#0"},"south":{"uv":[5.75,15.25,11.5,16],"texture":"#0"},"west":{"uv":[3.5,5.75,1.5,6.5],"texture":"#0"},"up":{"uv":[0.5,13.25,6.25,15.25],"texture":"#0"},"down":{"uv":[0.5,15.25,6.25,13.25],"texture":"#0"}}},{"from":[-3.5,3,-1.5],"to":[19.5,4,6.5],"rotation":{"angle":0,"axis":"y","origin":[8,4.18561,13.52221]},"faces":{"east":{"uv":[2.25,6.5,4.25,6.75],"texture":"#0"},"west":{"uv":[4.25,6.5,2.25,6.75],"texture":"#0"},"up":{"uv":[0.5,11.25,6.25,13.25],"texture":"#0"},"down":{"uv":[6.25,13.25,12,11.25],"texture":"#0"}}},{"from":[-1.5,3,-2.5],"to":[17.5,4,-1.5],"rotation":{"angle":0,"axis":"y","origin":[8,4.18561,13.52221]},"faces":{"up":{"uv":[0,15.25,4.75,15.5],"texture":"#0"},"down":{"uv":[4.75,15.25,0,15.5],"texture":"#0"}}},{"from":[-3.477,6.62529,4.72119],"to":[19.477,7.62529,7.34619],"rotation":{"angle":-22.5,"axis":"x","origin":[8,4.18561,13.52221]},"faces":{"east":{"uv":[1.5,6.5,2.25,6.75],"texture":"#0"},"west":{"uv":[2.25,6.5,1.5,6.75],"texture":"#0"},"up":{"uv":[6.25,10,12,10.75],"texture":"#0"}}},{"from":[-3.477,1.80892,18.96206],"to":[19.477,2.80892,21.58706],"rotation":{"angle":-22.5,"axis":"x","origin":[8,4.18561,13.52221]},"faces":{"east":{"uv":[3.5,0.75,4.25,1],"texture":"#0"},"west":{"uv":[4.25,0.75,3.5,1],"texture":"#0"},"up":{"uv":[6.25,14.5,12,15.25],"texture":"#0"}}},{"from":[-3.5,3,6.5],"to":[19.5,5,21.5],"rotation":{"angle":0,"axis":"y","origin":[8,4.18561,13.52221]},"faces":{"east":{"uv":[0,11.25,0.5,15],"rotation":90,"texture":"#0"},"west":{"uv":[0,15,0.5,11.25],"rotation":90,"texture":"#0"},"up":{"uv":[6.25,10.75,12,14.5],"texture":"#0"},"down":{"uv":[6.25,14,12,10.25],"texture":"#0"}}},{"from":[19.5,1,1.5],"to":[19.5,3,24.5],"rotation":{"angle":0,"axis":"y","origin":[26.5,9,15]},"faces":{"east":{"uv":[0,15.5,5.75,16],"texture":"#0"},"west":{"uv":[5.75,15.5,0,16],"texture":"#0"}}},{"from":[-3.5,1,1.5],"to":[-3.5,3,24.5],"rotation":{"angle":0,"axis":"y","origin":[3.5,9,15]},"faces":{"east":{"uv":[0,15.5,5.75,16],"texture":"#0"},"west":{"uv":[5.75,15.5,0,16],"texture":"#0"}}},{"from":[0.5,3,-3.5],"to":[15.5,10,-2.5],"rotation":{"angle":0,"axis":"y","origin":[8,9.75,-3.25]},"faces":{"north":{"uv":[0,7.75,3.75,9.5],"texture":"#0"},"south":{"uv":[3.75,7.75,0,9.5],"texture":"#0"},"up":{"uv":[0,7.75,3.75,8],"rotation":180,"texture":"#0"},"down":{"uv":[0,9.25,3.75,9.5],"rotation":180,"texture":"#0"}}},{"from":[14.73775,3,-0.66793],"to":[19.23775,10,0.33207],"rotation":{"angle":-22.5,"axis":"y","origin":[22.23775,6.5,-0.16793]},"faces":{"north":{"uv":[1.25,9.5,2.5,11.25],"texture":"#0"},"east":{"uv":[1.25,9.5,1.5,11.25],"texture":"#0"},"south":{"uv":[2.5,9.5,1.25,11.25],"texture":"#0"},"up":{"uv":[1.25,9.5,2.5,9.75],"rotation":180,"texture":"#0"},"down":{"uv":[1.25,11,2.5,11.25],"rotation":180,"texture":"#0"}}},{"from":[-3.23775,3,-0.66793],"to":[1.26225,10,0.33207],"rotation":{"angle":22.5,"axis":"y","origin":[-6.23775,6.5,-0.16793]},"faces":{"north":{"uv":[1.25,9.5,0,11.25],"texture":"#0"},"south":{"uv":[0,9.5,1.25,11.25],"texture":"#0"},"west":{"uv":[0.25,9.5,0,11.25],"texture":"#0"},"up":{"uv":[1.25,9.5,0,9.75],"rotation":180,"texture":"#0"},"down":{"uv":[1.25,11,0,11.25],"rotation":180,"texture":"#0"}}},{"from":[0.5,12,-3.5],"to":[15.5,13,-2.5],"rotation":{"angle":0,"axis":"y","origin":[8,18.75,-3.25]},"faces":{"north":{"uv":[0,1.75,3.75,2],"texture":"#0"},"south":{"uv":[0,1.75,3.75,2],"texture":"#0"},"up":{"uv":[0,1.75,3.75,2],"rotation":180,"texture":"#0"},"down":{"uv":[0,1.75,3.75,2],"texture":"#0"}}},{"from":[2.5,9.67426,-3.11824],"to":[13.5,12.17426,-3.11824],"rotation":{"angle":22.5,"axis":"x","origin":[8,10.67426,-3.11824]},"faces":{"north":{"uv":[0,2,2.75,2.75],"texture":"#0"},"south":{"uv":[2.75,2,0,2.75],"texture":"#0"},"up":{"uv":[0,1.75,3.75,2],"rotation":180,"texture":"#0"},"down":{"uv":[0,1.75,3.75,2],"texture":"#0"}}},{"from":[14.73775,12.01,-0.66793],"to":[18.73775,12.99,0.33207],"rotation":{"angle":-22.5,"axis":"y","origin":[22.23775,12.5,-0.16793]},"faces":{"north":{"uv":[2.75,1.75,3.75,2],"texture":"#0"},"east":{"uv":[2.75,1.75,3,2],"texture":"#0"},"south":{"uv":[2.75,1.75,3.75,2],"rotation":180,"texture":"#0"},"up":{"uv":[2.75,1.75,3.75,2],"rotation":180,"texture":"#0"},"down":{"uv":[2.75,1.75,3.75,2],"rotation":180,"texture":"#0"}}},{"from":[-2.73775,12.01,-0.66793],"to":[1.26225,12.99,0.33207],"rotation":{"angle":22.5,"axis":"y","origin":[-6.23775,12.5,-0.16793]},"faces":{"north":{"uv":[3.75,1.75,2.75,2],"texture":"#0"},"south":{"uv":[3.75,1.75,2.75,2],"rotation":180,"texture":"#0"},"west":{"uv":[3,1.75,2.75,2],"texture":"#0"},"up":{"uv":[3.75,1.75,2.75,2],"rotation":180,"texture":"#0"},"down":{"uv":[3.75,1.75,2.75,2],"rotation":180,"texture":"#0"}}},{"from":[-4.1,-3.25,28.4],"to":[-0.9,-1.25,31.6],"rotation":{"angle":0,"axis":"z","origin":[-2.5,-2.25,27.6]},"faces":{"north":{"uv":[1,0,1.5,1],"rotation":270,"texture":"#0"},"east":{"uv":[1.5,0,1,1],"rotation":90,"texture":"#0"},"south":{"uv":[2,0,2.5,1],"rotation":90,"texture":"#0"},"west":{"uv":[1.5,0,2,1],"rotation":90,"texture":"#0"},"up":{"uv":[0,0,1,1],"rotation":90,"texture":"#0"},"down":{"uv":[1,0,0,1],"rotation":90,"texture":"#0"}}},{"from":[-3.334,-3.4375,23.04],"to":[-0.916,-1.0625,30.96],"rotation":{"angle":0,"axis":"z","origin":[-2.5,-2.25,27]},"faces":{"up":{"uv":[0,1,2.5,1.75],"rotation":90,"texture":"#0"},"down":{"uv":[2.5,1,0,1.75],"rotation":90,"texture":"#0"}}},{"from":[-3.78,-3.125,28.72],"to":[-1.22,-1.375,31.28],"rotation":{"angle":0,"axis":"z","origin":[-2.5,-2.25,27.6]},"faces":{"up":{"uv":[2.5,0,3.5,1],"rotation":90,"texture":"#0"},"down":{"uv":[3.5,0,2.5,1],"rotation":90,"texture":"#0"}}},{"from":[-4.1,-3.25,22.4],"to":[-0.9,-1.25,25.6],"rotation":{"angle":0,"axis":"z","origin":[-2.5,-2.25,26.4]},"faces":{"north":{"uv":[1,0,1.5,1],"rotation":270,"texture":"#0"},"east":{"uv":[1.5,0,1,1],"rotation":90,"texture":"#0"},"south":{"uv":[2,0,2.5,1],"rotation":90,"texture":"#0"},"west":{"uv":[1.5,0,2,1],"rotation":90,"texture":"#0"},"up":{"uv":[0,0,1,1],"rotation":90,"texture":"#0"},"down":{"uv":[1,0,0,1],"rotation":90,"texture":"#0"}}},{"from":[-3.78,-3.125,22.72],"to":[-1.22,-1.375,25.28],"rotation":{"angle":0,"axis":"z","origin":[-2.5,-2.25,26.4]},"faces":{"up":{"uv":[2.5,0,3.5,1],"rotation":90,"texture":"#0"},"down":{"uv":[3.5,0,2.5,1],"rotation":90,"texture":"#0"}}},{"from":[-0.5,-1.25,28],"to":[1.5,2.75,32],"rotation":{"angle":0,"axis":"y","origin":[7.5,8,36]},"faces":{"north":{"uv":[1,0,1.5,1],"texture":"#0"},"east":{"uv":[1,0,0,1],"texture":"#0"},"south":{"uv":[2,0,2.5,1],"texture":"#0"},"west":{"uv":[0,0,1,1],"texture":"#0"},"up":{"uv":[1.5,0,1,1],"texture":"#0"},"down":{"uv":[1.5,0,2,1],"texture":"#0"}}},{"from":[-0.6875,-0.084,23.04],"to":[1.6875,2.334,30.96],"rotation":{"angle":0,"axis":"y","origin":[7.0645,6.492,34.128]},"faces":{"east":{"uv":[2.5,1,0,1.75],"texture":"#0"},"west":{"uv":[0,1,2.5,1.75],"texture":"#0"}}},{"from":[-0.375,-0.85,28.4],"to":[1.375,2.35,31.6],"rotation":{"angle":0,"axis":"y","origin":[7.25,6.55,34.8]},"faces":{"east":{"uv":[3.5,0,2.5,1],"texture":"#0"},"west":{"uv":[2.5,0,3.5,1],"texture":"#0"}}},{"from":[-0.5,-1.25,22],"to":[1.5,2.75,26],"rotation":{"angle":0,"axis":"y","origin":[7.5,8,30]},"faces":{"north":{"uv":[1,0,1.5,1],"texture":"#0"},"east":{"uv":[1,0,0,1],"texture":"#0"},"south":{"uv":[2,0,2.5,1],"texture":"#0"},"west":{"uv":[0,0,1,1],"texture":"#0"},"up":{"uv":[1.5,0,1,1],"texture":"#0"},"down":{"uv":[1.5,0,2,1],"texture":"#0"}}},{"from":[-0.375,-0.85,22.4],"to":[1.375,2.35,25.6],"rotation":{"angle":0,"axis":"y","origin":[7.25,6.55,28.8]},"faces":{"east":{"uv":[3.5,0,2.5,1],"texture":"#0"},"west":{"uv":[2.5,0,3.5,1],"texture":"#0"}}},{"from":[-1.875,-2.5,26.5],"to":[0.125,1.5,27.5],"rotation":{"angle":-45,"axis":"z","origin":[-0.875,0,27]},"faces":{"north":{"uv":[1,1.25,0,1.75],"rotation":270,"texture":"#0"},"east":{"uv":[0,1.5,1,1.75],"rotation":90,"texture":"#0"},"south":{"uv":[0,1.25,1,1.75],"rotation":90,"texture":"#0"},"west":{"uv":[0,1.25,1,1.5],"rotation":90,"texture":"#0"}}},{"from":[-3.5,-3.5,26],"to":[-1.5,-0.5,28],"rotation":{"angle":0,"axis":"y","origin":[5,4,34]},"faces":{"north":{"uv":[4,0,3.5,0.75],"texture":"#0"},"east":{"uv":[3.5,0,4,0.75],"texture":"#0"},"south":{"uv":[4,0,3.5,0.75],"texture":"#0"},"west":{"uv":[3.5,0,4,0.75],"texture":"#0"},"up":{"uv":[0,1.25,0.5,1.75],"texture":"#0"},"down":{"uv":[2.5,0,3,0.5],"texture":"#0"}}},{"from":[-0.5,0.5,26],"to":[1.5,3.5,28],"rotation":{"angle":0,"axis":"y","origin":[8,8,34]},"faces":{"north":{"uv":[4,0,3.5,0.75],"texture":"#0"},"east":{"uv":[3.5,0,4,0.75],"texture":"#0"},"south":{"uv":[4,0,3.5,0.75],"texture":"#0"},"west":{"uv":[3.5,0,4,0.75],"texture":"#0"},"down":{"uv":[2.5,0,3,0.5],"texture":"#0"}}},{"from":[16.9,-3.25,22.4],"to":[20.1,-1.25,25.6],"rotation":{"angle":0,"axis":"z","origin":[18.5,-2.25,26.4]},"faces":{"north":{"uv":[2,0,2.5,1],"rotation":90,"texture":"#0"},"east":{"uv":[1.5,0,2,1],"rotation":90,"texture":"#0"},"south":{"uv":[1,0,1.5,1],"rotation":270,"texture":"#0"},"west":{"uv":[1.5,0,1,1],"rotation":90,"texture":"#0"},"up":{"uv":[1,1,0,0],"rotation":90,"texture":"#0"},"down":{"uv":[0,1,1,0],"rotation":90,"texture":"#0"}}},{"from":[16.916,-3.4375,23.04],"to":[19.334,-1.0625,30.96],"rotation":{"angle":0,"axis":"z","origin":[18.5,-2.25,27]},"faces":{"up":{"uv":[2.5,1.75,0,1],"rotation":90,"texture":"#0"},"down":{"uv":[0,1.75,2.5,1],"rotation":90,"texture":"#0"}}},{"from":[17.22,-3.125,22.72],"to":[19.78,-1.375,25.28],"rotation":{"angle":0,"axis":"z","origin":[18.5,-2.25,26.4]},"faces":{"up":{"uv":[3.5,1,2.5,0],"rotation":90,"texture":"#0"},"down":{"uv":[2.5,1,3.5,0],"rotation":90,"texture":"#0"}}},{"from":[16.9,-3.25,28.4],"to":[20.1,-1.25,31.6],"rotation":{"angle":0,"axis":"z","origin":[18.5,-2.25,27.6]},"faces":{"north":{"uv":[2,0,2.5,1],"rotation":90,"texture":"#0"},"east":{"uv":[1.5,0,2,1],"rotation":90,"texture":"#0"},"south":{"uv":[1,0,1.5,1],"rotation":270,"texture":"#0"},"west":{"uv":[1.5,0,1,1],"rotation":90,"texture":"#0"},"up":{"uv":[1,1,0,0],"rotation":90,"texture":"#0"},"down":{"uv":[0,1,1,0],"rotation":90,"texture":"#0"}}},{"from":[17.22,-3.125,28.72],"to":[19.78,-1.375,31.28],"rotation":{"angle":0,"axis":"z","origin":[18.5,-2.25,27.6]},"faces":{"up":{"uv":[3.5,1,2.5,0],"rotation":90,"texture":"#0"},"down":{"uv":[2.5,1,3.5,0],"rotation":90,"texture":"#0"}}},{"from":[14.5,-1.25,22],"to":[16.5,2.75,26],"rotation":{"angle":0,"axis":"y","origin":[8.5,8,18]},"faces":{"north":{"uv":[2,0,2.5,1],"texture":"#0"},"east":{"uv":[0,0,1,1],"texture":"#0"},"south":{"uv":[1,0,1.5,1],"texture":"#0"},"west":{"uv":[1,0,0,1],"texture":"#0"},"up":{"uv":[1,1,1.5,0],"texture":"#0"},"down":{"uv":[2,1,1.5,0],"texture":"#0"}}},{"from":[14.3125,-0.084,23.04],"to":[16.6875,2.334,30.96],"rotation":{"angle":0,"axis":"y","origin":[8.9355,6.492,19.872]},"faces":{"east":{"uv":[0,1,2.5,1.75],"texture":"#0"},"west":{"uv":[2.5,1,0,1.75],"texture":"#0"}}},{"from":[14.625,-0.85,22.4],"to":[16.375,2.35,25.6],"rotation":{"angle":0,"axis":"y","origin":[8.75,6.55,19.2]},"faces":{"east":{"uv":[2.5,0,3.5,1],"texture":"#0"},"west":{"uv":[3.5,0,2.5,1],"texture":"#0"}}},{"from":[14.5,-1.25,28],"to":[16.5,2.75,32],"rotation":{"angle":0,"axis":"y","origin":[8.5,8,24]},"faces":{"north":{"uv":[2,0,2.5,1],"texture":"#0"},"east":{"uv":[0,0,1,1],"texture":"#0"},"south":{"uv":[1,0,1.5,1],"texture":"#0"},"west":{"uv":[1,0,0,1],"texture":"#0"},"up":{"uv":[1,1,1.5,0],"texture":"#0"},"down":{"uv":[2,1,1.5,0],"texture":"#0"}}},{"from":[14.625,-0.85,28.4],"to":[16.375,2.35,31.6],"rotation":{"angle":0,"axis":"y","origin":[8.75,6.55,25.2]},"faces":{"east":{"uv":[2.5,0,3.5,1],"texture":"#0"},"west":{"uv":[3.5,0,2.5,1],"texture":"#0"}}},{"from":[15.875,-2.5,26.5],"to":[17.875,1.5,27.5],"rotation":{"angle":45,"axis":"z","origin":[16.875,0,27]},"faces":{"north":{"uv":[0,1.25,1,1.75],"rotation":90,"texture":"#0"},"east":{"uv":[0,1.25,1,1.5],"rotation":90,"texture":"#0"},"south":{"uv":[1,1.25,0,1.75],"rotation":270,"texture":"#0"},"west":{"uv":[0,1.5,1,1.75],"rotation":90,"texture":"#0"}}},{"from":[17.5,-3.5,26],"to":[19.5,-0.5,28],"rotation":{"angle":0,"axis":"y","origin":[11,4,20]},"faces":{"north":{"uv":[4,0,3.5,0.75],"texture":"#0"},"east":{"uv":[3.5,0,4,0.75],"texture":"#0"},"south":{"uv":[4,0,3.5,0.75],"texture":"#0"},"west":{"uv":[3.5,0,4,0.75],"texture":"#0"},"up":{"uv":[0.5,1.75,0,1.25],"texture":"#0"},"down":{"uv":[3,0.5,2.5,0],"texture":"#0"}}},{"from":[14.5,0.5,26],"to":[16.5,3.5,28],"rotation":{"angle":0,"axis":"y","origin":[8,8,20]},"faces":{"north":{"uv":[4,0,3.5,0.75],"texture":"#0"},"east":{"uv":[3.5,0,4,0.75],"texture":"#0"},"south":{"uv":[4,0,3.5,0.75],"texture":"#0"},"west":{"uv":[3.5,0,4,0.75],"texture":"#0"},"down":{"uv":[3,0.5,2.5,0],"texture":"#0"}}},{"from":[11.5,21,11],"to":[16.5,26,12],"rotation":{"angle":0,"axis":"x","origin":[14,18,11.5]},"faces":{"north":{"uv":[5.5,7.5,6.75,8.75],"texture":"#0"},"east":{"uv":[5.5,7.5,5.75,8.75],"texture":"#0"},"south":{"uv":[6.75,7.5,5.5,8.75],"texture":"#0"},"west":{"uv":[6.5,7.5,6.75,8.75],"texture":"#0"},"up":{"uv":[5.5,7.5,6.75,7.75],"rotation":180,"texture":"#0"},"down":{"uv":[5.5,8.5,6.75,8.75],"rotation":180,"texture":"#0"}}},{"from":[10.5,8,4.5],"to":[17.5,9,11.5],"rotation":{"angle":0,"axis":"y","origin":[20,16.5,13.5]},"faces":{"north":{"uv":[6.75,7.75,8.5,8],"texture":"#0"},"east":{"uv":[8.25,7.75,8.5,9.5],"rotation":90,"texture":"#0"},"south":{"uv":[6.75,7.75,8.5,9.5],"texture":"#0"},"west":{"uv":[6.75,7.75,7,9.5],"rotation":90,"texture":"#0"},"up":{"uv":[6.75,7.75,8.5,9.5],"texture":"#0"},"down":{"uv":[6.75,7.75,8.5,9.5],"texture":"#0"}}},{"from":[11.5,4,5.5],"to":[16.5,8,11.5],"rotation":{"angle":0,"axis":"y","origin":[20,15.5,13.5]},"faces":{"north":{"uv":[13.5,15,14.75,16],"texture":"#0"},"east":{"uv":[12,15,13.5,16],"texture":"#0"},"south":{"uv":[13.5,15,14.75,16],"texture":"#0"},"west":{"uv":[12,15,13.5,16],"texture":"#0"}}},{"from":[10.5,8,11.5],"to":[17.5,21,12.5],"rotation":{"angle":0,"axis":"x","origin":[14,12.5,12]},"faces":{"north":{"uv":[2.75,9.5,6,11.25],"rotation":90,"texture":"#0"},"east":{"uv":[2.75,11,6,11.25],"rotation":90,"texture":"#0"},"south":{"uv":[2.75,11.25,6,9.5],"rotation":90,"texture":"#0"},"west":{"uv":[2.75,9.5,6,9.75],"rotation":90,"texture":"#0"},"up":{"uv":[2.75,9.5,3,11.25],"rotation":90,"texture":"#0"},"down":{"uv":[5.75,9.5,6,11.25],"rotation":270,"texture":"#0"}}},{"from":[12.5,7,11.5],"to":[15.5,23,13.5],"rotation":{"angle":0,"axis":"x","origin":[14,12.5,13]},"faces":{"east":{"uv":[15.5,15.75,16,11.75],"texture":"#0"},"south":{"uv":[15,15.75,15.75,11.75],"texture":"#0"},"west":{"uv":[14.75,15.75,15.25,11.75],"texture":"#0"},"down":{"uv":[15,12,15.75,11.5],"texture":"#0"}}},{"from":[12.515,23,12.375],"to":[15.485,25.125,13.5],"rotation":{"angle":-45,"axis":"x","origin":[14,23,13.5]},"faces":{"east":{"uv":[15.5,10.75,15.75,10.25],"texture":"#0"},"south":{"uv":[15,10.75,15.75,10.25],"texture":"#0"},"west":{"uv":[15,10.75,15.25,10.25],"texture":"#0"}}},{"from":[8.5,18,12],"to":[10.5,21,12],"rotation":{"angle":-22.5,"axis":"y","origin":[10.5,15,12.5]},"faces":{"north":{"uv":[3,7.25,3.75,7.75],"rotation":90,"texture":"#0"},"south":{"uv":[3,7.75,3.75,7.25],"rotation":90,"texture":"#0"}}},{"from":[17.5,18,12],"to":[19.5,21,12],"rotation":{"angle":22.5,"axis":"y","origin":[17.5,15,12.5]},"faces":{"north":{"uv":[4.5,6.75,5.25,7.25],"rotation":90,"texture":"#0"},"south":{"uv":[5.25,6.75,4.5,7.25],"rotation":270,"texture":"#0"}}},{"from":[8.5,8,12],"to":[10.5,12,12],"rotation":{"angle":-22.5,"axis":"y","origin":[10.5,6,12.5]},"faces":{"north":{"uv":[3.75,6.75,4.25,7.75],"rotation":180,"texture":"#0"},"south":{"uv":[4.25,6.75,3.75,7.75],"rotation":180,"texture":"#0"}}},{"from":[17.5,8,12],"to":[19.5,12,12],"rotation":{"angle":22.5,"axis":"y","origin":[17.5,6,12.5]},"faces":{"north":{"uv":[4.25,8.5,5.25,9],"rotation":90,"texture":"#0"},"south":{"uv":[4.25,9,5.25,8.5],"rotation":90,"texture":"#0"}}},{"from":[8.5,12,11.5],"to":[10.5,18,12.5],"rotation":{"angle":-22.5,"axis":"y","origin":[10.5,15,12.5]},"faces":{"north":{"uv":[4.25,9,5.75,9.5],"rotation":90,"texture":"#0"},"south":{"uv":[4.25,9.5,5.75,9],"rotation":90,"texture":"#0"},"west":{"uv":[4.25,9,5.75,9.25],"rotation":90,"texture":"#0"},"up":{"uv":[4.25,9,4.5,9.5],"rotation":270,"texture":"#0"},"down":{"uv":[5.5,9,5.75,9.5],"rotation":270,"texture":"#0"}}},{"from":[17.5,12,11.5],"to":[19.5,18,12.5],"rotation":{"angle":22.5,"axis":"y","origin":[17.5,15,12.5]},"faces":{"north":{"uv":[3.75,8,4.25,9.5],"texture":"#0"},"east":{"uv":[3.75,8,4,9.5],"texture":"#0"},"south":{"uv":[4.25,8,3.75,9.5],"texture":"#0"},"up":{"uv":[3.75,8,4.25,8.25],"rotation":180,"texture":"#0"},"down":{"uv":[3.75,9.25,4.25,9.5],"rotation":180,"texture":"#0"}}},{"from":[17.23254,8.34462,4.5],"to":[19.23254,9.34462,10.5],"rotation":{"angle":22.5,"axis":"z","origin":[18.23254,8.84462,7.5]},"faces":{"north":{"uv":[8.25,7.75,7.75,8],"rotation":180,"texture":"#0"},"east":{"uv":[7.75,9.25,8,7.75],"rotation":270,"texture":"#0"},"south":{"uv":[8.25,9,7.75,9.25],"texture":"#0"},"up":{"uv":[8.25,7.75,7.75,9.25],"texture":"#0"},"down":{"uv":[8.25,7.75,7.75,9.25],"texture":"#0"}}},{"from":[8.76746,8.34462,4.5],"to":[10.76746,9.34462,10.5],"rotation":{"angle":-22.5,"axis":"z","origin":[9.76746,8.84462,7.5]},"faces":{"north":{"uv":[7.75,7.75,8.25,8],"rotation":180,"texture":"#0"},"south":{"uv":[7.75,9,8.25,9.25],"texture":"#0"},"west":{"uv":[7.75,7.75,8,9.25],"rotation":270,"texture":"#0"},"up":{"uv":[7.75,7.75,8.25,9.25],"texture":"#0"},"down":{"uv":[7.75,7.75,8.25,9.25],"texture":"#0"}}},{"from":[8.45998,9.1508,4.5],"to":[8.45998,11.1508,10.5],"rotation":{"angle":22.5,"axis":"z","origin":[8.45998,10.1508,7.5]},"faces":{"east":{"uv":[6,3.5,7.5,4],"texture":"#0"},"west":{"uv":[7.5,3.5,6,4],"texture":"#0"}}},{"from":[19.54002,9.1508,4.5],"to":[19.54002,11.1508,10.5],"rotation":{"angle":-22.5,"axis":"z","origin":[19.54002,10.1508,7.5]},"faces":{"east":{"uv":[6,3.5,7.5,4],"texture":"#0"},"west":{"uv":[7.5,3.5,6,4],"texture":"#0"}}},{"from":[-0.5,21,11],"to":[4.5,26,12],"rotation":{"angle":0,"axis":"x","origin":[2,18,11.5]},"faces":{"north":{"uv":[5.5,7.5,6.75,8.75],"texture":"#0"},"east":{"uv":[5.5,7.5,5.75,8.75],"texture":"#0"},"south":{"uv":[6.75,7.5,5.5,8.75],"texture":"#0"},"west":{"uv":[6.5,7.5,6.75,8.75],"texture":"#0"},"up":{"uv":[5.5,7.5,6.75,7.75],"rotation":180,"texture":"#0"},"down":{"uv":[5.5,8.5,6.75,8.75],"rotation":180,"texture":"#0"}}},{"from":[-1.5,8,4.5],"to":[5.5,9,11.5],"rotation":{"angle":0,"axis":"y","origin":[8,16.5,13.5]},"faces":{"north":{"uv":[6.75,7.75,8.5,8],"texture":"#0"},"east":{"uv":[8.25,7.75,8.5,9.5],"rotation":90,"texture":"#0"},"south":{"uv":[6.75,7.75,8.5,9.5],"texture":"#0"},"west":{"uv":[6.75,7.75,7,9.5],"rotation":90,"texture":"#0"},"up":{"uv":[6.75,7.75,8.5,9.5],"texture":"#0"},"down":{"uv":[6.75,7.75,8.5,9.5],"texture":"#0"}}},{"from":[-0.5,4,5.5],"to":[4.5,8,11.5],"rotation":{"angle":0,"axis":"y","origin":[8,15.5,13.5]},"faces":{"north":{"uv":[13.5,15,14.75,16],"texture":"#0"},"east":{"uv":[12,15,13.5,16],"texture":"#0"},"south":{"uv":[13.5,15,14.75,16],"texture":"#0"},"west":{"uv":[12,15,13.5,16],"texture":"#0"}}},{"from":[-1.5,8,11.5],"to":[5.5,21,12.5],"rotation":{"angle":0,"axis":"x","origin":[2,12.5,12]},"faces":{"north":{"uv":[2.75,9.5,6,11.25],"rotation":90,"texture":"#0"},"east":{"uv":[2.75,11,6,11.25],"rotation":90,"texture":"#0"},"south":{"uv":[2.75,11.25,6,9.5],"rotation":90,"texture":"#0"},"west":{"uv":[2.75,9.5,6,9.75],"rotation":90,"texture":"#0"},"up":{"uv":[2.75,9.5,3,11.25],"rotation":90,"texture":"#0"},"down":{"uv":[5.75,9.5,6,11.25],"rotation":270,"texture":"#0"}}},{"from":[0.5,7,11.5],"to":[3.5,23,13.5],"rotation":{"angle":0,"axis":"x","origin":[2,12.5,13]},"faces":{"east":{"uv":[15.5,15.75,16,11.75],"texture":"#0"},"south":{"uv":[15,15.75,15.75,11.75],"texture":"#0"},"west":{"uv":[14.75,15.75,15.25,11.75],"texture":"#0"},"down":{"uv":[15,12,15.75,11.5],"texture":"#0"}}},{"from":[0.515,23,12.375],"to":[3.485,25.125,13.5],"rotation":{"angle":-45,"axis":"x","origin":[2,23,13.5]},"faces":{"east":{"uv":[15.5,10.75,15.75,10.25],"texture":"#0"},"south":{"uv":[15,10.75,15.75,10.25],"texture":"#0"},"west":{"uv":[15,10.75,15.25,10.25],"texture":"#0"}}},{"from":[-3.5,18,12],"to":[-1.5,21,12],"rotation":{"angle":-22.5,"axis":"y","origin":[-1.5,15,12.5]},"faces":{"north":{"uv":[3,7.25,3.75,7.75],"rotation":90,"texture":"#0"},"south":{"uv":[3,7.75,3.75,7.25],"rotation":90,"texture":"#0"}}},{"from":[5.5,18,12],"to":[7.5,21,12],"rotation":{"angle":22.5,"axis":"y","origin":[5.5,15,12.5]},"faces":{"north":{"uv":[4.5,6.75,5.25,7.25],"rotation":90,"texture":"#0"},"south":{"uv":[5.25,6.75,4.5,7.25],"rotation":270,"texture":"#0"}}},{"from":[-3.5,8,12],"to":[-1.5,12,12],"rotation":{"angle":-22.5,"axis":"y","origin":[-1.5,6,12.5]},"faces":{"north":{"uv":[3.75,6.75,4.25,7.75],"rotation":180,"texture":"#0"},"south":{"uv":[4.25,6.75,3.75,7.75],"rotation":180,"texture":"#0"}}},{"from":[5.5,8,12],"to":[7.5,12,12],"rotation":{"angle":22.5,"axis":"y","origin":[5.5,6,12.5]},"faces":{"north":{"uv":[4.25,8.5,5.25,9],"rotation":90,"texture":"#0"},"south":{"uv":[4.25,9,5.25,8.5],"rotation":90,"texture":"#0"}}},{"from":[-3.5,12,11.5],"to":[-1.5,18,12.5],"rotation":{"angle":-22.5,"axis":"y","origin":[-1.5,15,12.5]},"faces":{"north":{"uv":[4.25,9,5.75,9.5],"rotation":90,"texture":"#0"},"south":{"uv":[4.25,9.5,5.75,9],"rotation":90,"texture":"#0"},"west":{"uv":[4.25,9,5.75,9.25],"rotation":90,"texture":"#0"},"up":{"uv":[4.25,9,4.5,9.5],"rotation":270,"texture":"#0"},"down":{"uv":[5.5,9,5.75,9.5],"rotation":270,"texture":"#0"}}},{"from":[5.5,12,11.5],"to":[7.5,18,12.5],"rotation":{"angle":22.5,"axis":"y","origin":[5.5,15,12.5]},"faces":{"north":{"uv":[3.75,8,4.25,9.5],"texture":"#0"},"east":{"uv":[3.75,8,4,9.5],"texture":"#0"},"south":{"uv":[4.25,8,3.75,9.5],"texture":"#0"},"up":{"uv":[3.75,8,4.25,8.25],"rotation":180,"texture":"#0"},"down":{"uv":[3.75,9.25,4.25,9.5],"rotation":180,"texture":"#0"}}},{"from":[5.23254,8.34462,4.5],"to":[7.23254,9.34462,10.5],"rotation":{"angle":22.5,"axis":"z","origin":[6.23254,8.84462,7.5]},"faces":{"north":{"uv":[8.25,7.75,7.75,8],"rotation":180,"texture":"#0"},"east":{"uv":[7.75,9.25,8,7.75],"rotation":270,"texture":"#0"},"south":{"uv":[8.25,9,7.75,9.25],"texture":"#0"},"up":{"uv":[8.25,7.75,7.75,9.25],"texture":"#0"},"down":{"uv":[8.25,7.75,7.75,9.25],"texture":"#0"}}},{"from":[-3.23254,8.34462,4.5],"to":[-1.23254,9.34462,10.5],"rotation":{"angle":-22.5,"axis":"z","origin":[-2.23254,8.84462,7.5]},"faces":{"north":{"uv":[7.75,7.75,8.25,8],"rotation":180,"texture":"#0"},"south":{"uv":[7.75,9,8.25,9.25],"texture":"#0"},"west":{"uv":[7.75,7.75,8,9.25],"rotation":270,"texture":"#0"},"up":{"uv":[7.75,7.75,8.25,9.25],"texture":"#0"},"down":{"uv":[7.75,7.75,8.25,9.25],"texture":"#0"}}},{"from":[-3.54002,9.1508,4.5],"to":[-3.54002,11.1508,10.5],"rotation":{"angle":22.5,"axis":"z","origin":[-3.54002,10.1508,7.5]},"faces":{"east":{"uv":[6,3.5,7.5,4],"texture":"#0"},"west":{"uv":[7.5,3.5,6,4],"texture":"#0"}}},{"from":[7.54002,9.1508,4.5],"to":[7.54002,11.1508,10.5],"rotation":{"angle":-22.5,"axis":"z","origin":[7.54002,10.1508,7.5]},"faces":{"east":{"uv":[6,3.5,7.5,4],"texture":"#0"},"west":{"uv":[7.5,3.5,6,4],"texture":"#0"}}},{"from":[11.5,21,28],"to":[16.5,26,29],"rotation":{"angle":0,"axis":"x","origin":[14,18,28.5]},"faces":{"north":{"uv":[5.5,7.5,6.75,8.75],"texture":"#0"},"east":{"uv":[5.5,7.5,5.75,8.75],"texture":"#0"},"south":{"uv":[6.75,7.5,5.5,8.75],"texture":"#0"},"west":{"uv":[6.5,7.5,6.75,8.75],"texture":"#0"},"up":{"uv":[5.5,7.5,6.75,7.75],"rotation":180,"texture":"#0"},"down":{"uv":[5.5,8.5,6.75,8.75],"rotation":180,"texture":"#0"}}},{"from":[10.5,8,21.5],"to":[17.5,9,28.5],"rotation":{"angle":0,"axis":"y","origin":[20,16.5,30.5]},"faces":{"north":{"uv":[6.75,7.75,8.5,8],"texture":"#0"},"east":{"uv":[8.25,7.75,8.5,9.5],"rotation":90,"texture":"#0"},"south":{"uv":[6.75,7.75,8.5,9.5],"texture":"#0"},"west":{"uv":[6.75,7.75,7,9.5],"rotation":90,"texture":"#0"},"up":{"uv":[6.75,7.75,8.5,9.5],"texture":"#0"},"down":{"uv":[6.75,7.75,8.5,9.5],"texture":"#0"}}},{"from":[11.5,4,22.5],"to":[16.5,8,28.5],"rotation":{"angle":0,"axis":"y","origin":[20,15.5,30.5]},"faces":{"north":{"uv":[13.5,15,14.75,16],"texture":"#0"},"east":{"uv":[12,15,13.5,16],"texture":"#0"},"south":{"uv":[13.5,15,14.75,16],"texture":"#0"},"west":{"uv":[12,15,13.5,16],"texture":"#0"}}},{"from":[10.5,8,28.5],"to":[17.5,21,29.5],"rotation":{"angle":0,"axis":"x","origin":[14,12.5,29]},"faces":{"north":{"uv":[2.75,9.5,6,11.25],"rotation":90,"texture":"#0"},"east":{"uv":[2.75,11,6,11.25],"rotation":90,"texture":"#0"},"south":{"uv":[2.75,11.25,6,9.5],"rotation":90,"texture":"#0"},"west":{"uv":[2.75,9.5,6,9.75],"rotation":90,"texture":"#0"},"up":{"uv":[2.75,9.5,3,11.25],"rotation":90,"texture":"#0"},"down":{"uv":[5.75,9.5,6,11.25],"rotation":270,"texture":"#0"}}},{"from":[12.5,7,28.5],"to":[15.5,23,30.5],"rotation":{"angle":0,"axis":"x","origin":[14,12.5,30]},"faces":{"east":{"uv":[15.5,15.75,16,11.75],"texture":"#0"},"south":{"uv":[15,15.75,15.75,11.75],"texture":"#0"},"west":{"uv":[14.75,15.75,15.25,11.75],"texture":"#0"},"down":{"uv":[15,12,15.75,11.5],"texture":"#0"}}},{"from":[12.515,23,29.375],"to":[15.485,25.125,30.5],"rotation":{"angle":-45,"axis":"x","origin":[14,23,30.5]},"faces":{"east":{"uv":[15.5,10.75,15.75,10.25],"texture":"#0"},"south":{"uv":[15,10.75,15.75,10.25],"texture":"#0"},"west":{"uv":[15,10.75,15.25,10.25],"texture":"#0"}}},{"from":[8.5,18,29],"to":[10.5,21,29],"rotation":{"angle":-22.5,"axis":"y","origin":[10.5,15,29.5]},"faces":{"north":{"uv":[3,7.25,3.75,7.75],"rotation":90,"texture":"#0"},"south":{"uv":[3,7.75,3.75,7.25],"rotation":90,"texture":"#0"}}},{"from":[17.5,18,29],"to":[19.5,21,29],"rotation":{"angle":22.5,"axis":"y","origin":[17.5,15,29.5]},"faces":{"north":{"uv":[4.5,6.75,5.25,7.25],"rotation":90,"texture":"#0"},"south":{"uv":[5.25,6.75,4.5,7.25],"rotation":270,"texture":"#0"}}},{"from":[8.5,8,29],"to":[10.5,12,29],"rotation":{"angle":-22.5,"axis":"y","origin":[10.5,6,29.5]},"faces":{"north":{"uv":[3.75,6.75,4.25,7.75],"rotation":180,"texture":"#0"},"south":{"uv":[4.25,6.75,3.75,7.75],"rotation":180,"texture":"#0"}}},{"from":[17.5,8,29],"to":[19.5,12,29],"rotation":{"angle":22.5,"axis":"y","origin":[17.5,6,29.5]},"faces":{"north":{"uv":[4.25,8.5,5.25,9],"rotation":90,"texture":"#0"},"south":{"uv":[4.25,9,5.25,8.5],"rotation":90,"texture":"#0"}}},{"from":[8.5,12,28.5],"to":[10.5,18,29.5],"rotation":{"angle":-22.5,"axis":"y","origin":[10.5,15,29.5]},"faces":{"north":{"uv":[4.25,9,5.75,9.5],"rotation":90,"texture":"#0"},"south":{"uv":[4.25,9.5,5.75,9],"rotation":90,"texture":"#0"},"west":{"uv":[4.25,9,5.75,9.25],"rotation":90,"texture":"#0"},"up":{"uv":[4.25,9,4.5,9.5],"rotation":270,"texture":"#0"},"down":{"uv":[5.5,9,5.75,9.5],"rotation":270,"texture":"#0"}}},{"from":[17.5,12,28.5],"to":[19.5,18,29.5],"rotation":{"angle":22.5,"axis":"y","origin":[17.5,15,29.5]},"faces":{"north":{"uv":[3.75,8,4.25,9.5],"texture":"#0"},"east":{"uv":[3.75,8,4,9.5],"texture":"#0"},"south":{"uv":[4.25,8,3.75,9.5],"texture":"#0"},"up":{"uv":[3.75,8,4.25,8.25],"rotation":180,"texture":"#0"},"down":{"uv":[3.75,9.25,4.25,9.5],"rotation":180,"texture":"#0"}}},{"from":[17.23254,8.34462,21.5],"to":[19.23254,9.34462,27.5],"rotation":{"angle":22.5,"axis":"z","origin":[18.23254,8.84462,24.5]},"faces":{"north":{"uv":[8.25,7.75,7.75,8],"rotation":180,"texture":"#0"},"east":{"uv":[7.75,9.25,8,7.75],"rotation":270,"texture":"#0"},"south":{"uv":[8.25,9,7.75,9.25],"texture":"#0"},"up":{"uv":[8.25,7.75,7.75,9.25],"texture":"#0"},"down":{"uv":[8.25,7.75,7.75,9.25],"texture":"#0"}}},{"from":[8.76746,8.34462,21.5],"to":[10.76746,9.34462,27.5],"rotation":{"angle":-22.5,"axis":"z","origin":[9.76746,8.84462,24.5]},"faces":{"north":{"uv":[7.75,7.75,8.25,8],"rotation":180,"texture":"#0"},"south":{"uv":[7.75,9,8.25,9.25],"texture":"#0"},"west":{"uv":[7.75,7.75,8,9.25],"rotation":270,"texture":"#0"},"up":{"uv":[7.75,7.75,8.25,9.25],"texture":"#0"},"down":{"uv":[7.75,7.75,8.25,9.25],"texture":"#0"}}},{"from":[8.45998,9.1508,21.5],"to":[8.45998,11.1508,27.5],"rotation":{"angle":22.5,"axis":"z","origin":[8.45998,10.1508,24.5]},"faces":{"east":{"uv":[6,3.5,7.5,4],"texture":"#0"},"west":{"uv":[7.5,3.5,6,4],"texture":"#0"}}},{"from":[19.54002,9.1508,21.5],"to":[19.54002,11.1508,27.5],"rotation":{"angle":-22.5,"axis":"z","origin":[19.54002,10.1508,24.5]},"faces":{"east":{"uv":[6,3.5,7.5,4],"texture":"#0"},"west":{"uv":[7.5,3.5,6,4],"texture":"#0"}}},{"from":[-0.5,21,28],"to":[4.5,26,29],"rotation":{"angle":0,"axis":"x","origin":[2,18,28.5]},"faces":{"north":{"uv":[5.5,7.5,6.75,8.75],"texture":"#0"},"east":{"uv":[5.5,7.5,5.75,8.75],"texture":"#0"},"south":{"uv":[6.75,7.5,5.5,8.75],"texture":"#0"},"west":{"uv":[6.5,7.5,6.75,8.75],"texture":"#0"},"up":{"uv":[5.5,7.5,6.75,7.75],"rotation":180,"texture":"#0"},"down":{"uv":[5.5,8.5,6.75,8.75],"rotation":180,"texture":"#0"}}},{"from":[-1.5,8,21.5],"to":[5.5,9,28.5],"rotation":{"angle":0,"axis":"y","origin":[8,16.5,30.5]},"faces":{"north":{"uv":[6.75,7.75,8.5,8],"texture":"#0"},"east":{"uv":[8.25,7.75,8.5,9.5],"rotation":90,"texture":"#0"},"south":{"uv":[6.75,7.75,8.5,9.5],"texture":"#0"},"west":{"uv":[6.75,7.75,7,9.5],"rotation":90,"texture":"#0"},"up":{"uv":[6.75,7.75,8.5,9.5],"texture":"#0"},"down":{"uv":[6.75,7.75,8.5,9.5],"texture":"#0"}}},{"from":[-0.5,4,22.5],"to":[4.5,8,28.5],"rotation":{"angle":0,"axis":"y","origin":[8,15.5,30.5]},"faces":{"north":{"uv":[13.5,15,14.75,16],"texture":"#0"},"east":{"uv":[12,15,13.5,16],"texture":"#0"},"south":{"uv":[13.5,15,14.75,16],"texture":"#0"},"west":{"uv":[12,15,13.5,16],"texture":"#0"}}},{"from":[-1.5,8,28.5],"to":[5.5,21,29.5],"rotation":{"angle":0,"axis":"x","origin":[2,12.5,29]},"faces":{"north":{"uv":[2.75,9.5,6,11.25],"rotation":90,"texture":"#0"},"east":{"uv":[2.75,11,6,11.25],"rotation":90,"texture":"#0"},"south":{"uv":[2.75,11.25,6,9.5],"rotation":90,"texture":"#0"},"west":{"uv":[2.75,9.5,6,9.75],"rotation":90,"texture":"#0"},"up":{"uv":[2.75,9.5,3,11.25],"rotation":90,"texture":"#0"},"down":{"uv":[5.75,9.5,6,11.25],"rotation":270,"texture":"#0"}}},{"from":[0.5,7,28.5],"to":[3.5,23,30.5],"rotation":{"angle":0,"axis":"x","origin":[2,12.5,30]},"faces":{"east":{"uv":[15.5,15.75,16,11.75],"texture":"#0"},"south":{"uv":[15,15.75,15.75,11.75],"texture":"#0"},"west":{"uv":[14.75,15.75,15.25,11.75],"texture":"#0"},"down":{"uv":[15,12,15.75,11.5],"texture":"#0"}}},{"from":[0.515,23,29.375],"to":[3.485,25.125,30.5],"rotation":{"angle":-45,"axis":"x","origin":[2,23,30.5]},"faces":{"east":{"uv":[15.5,10.75,15.75,10.25],"texture":"#0"},"south":{"uv":[15,10.75,15.75,10.25],"texture":"#0"},"west":{"uv":[15,10.75,15.25,10.25],"texture":"#0"}}},{"from":[-3.5,18,29],"to":[-1.5,21,29],"rotation":{"angle":-22.5,"axis":"y","origin":[-1.5,15,29.5]},"faces":{"north":{"uv":[3,7.25,3.75,7.75],"rotation":90,"texture":"#0"},"south":{"uv":[3,7.75,3.75,7.25],"rotation":90,"texture":"#0"}}},{"from":[5.5,18,29],"to":[7.5,21,29],"rotation":{"angle":22.5,"axis":"y","origin":[5.5,15,29.5]},"faces":{"north":{"uv":[4.5,6.75,5.25,7.25],"rotation":90,"texture":"#0"},"south":{"uv":[5.25,6.75,4.5,7.25],"rotation":270,"texture":"#0"}}},{"from":[-3.5,8,29],"to":[-1.5,12,29],"rotation":{"angle":-22.5,"axis":"y","origin":[-1.5,6,29.5]},"faces":{"north":{"uv":[3.75,6.75,4.25,7.75],"rotation":180,"texture":"#0"},"south":{"uv":[4.25,6.75,3.75,7.75],"rotation":180,"texture":"#0"}}},{"from":[5.5,8,29],"to":[7.5,12,29],"rotation":{"angle":22.5,"axis":"y","origin":[5.5,6,29.5]},"faces":{"north":{"uv":[4.25,8.5,5.25,9],"rotation":90,"texture":"#0"},"south":{"uv":[4.25,9,5.25,8.5],"rotation":90,"texture":"#0"}}},{"from":[-3.5,12,28.5],"to":[-1.5,18,29.5],"rotation":{"angle":-22.5,"axis":"y","origin":[-1.5,15,29.5]},"faces":{"north":{"uv":[4.25,9,5.75,9.5],"rotation":90,"texture":"#0"},"south":{"uv":[4.25,9.5,5.75,9],"rotation":90,"texture":"#0"},"west":{"uv":[4.25,9,5.75,9.25],"rotation":90,"texture":"#0"},"up":{"uv":[4.25,9,4.5,9.5],"rotation":270,"texture":"#0"},"down":{"uv":[5.5,9,5.75,9.5],"rotation":270,"texture":"#0"}}},{"from":[5.5,12,28.5],"to":[7.5,18,29.5],"rotation":{"angle":22.5,"axis":"y","origin":[5.5,15,29.5]},"faces":{"north":{"uv":[3.75,8,4.25,9.5],"texture":"#0"},"east":{"uv":[3.75,8,4,9.5],"texture":"#0"},"south":{"uv":[4.25,8,3.75,9.5],"texture":"#0"},"up":{"uv":[3.75,8,4.25,8.25],"rotation":180,"texture":"#0"},"down":{"uv":[3.75,9.25,4.25,9.5],"rotation":180,"texture":"#0"}}},{"from":[5.23254,8.34462,21.5],"to":[7.23254,9.34462,27.5],"rotation":{"angle":22.5,"axis":"z","origin":[6.23254,8.84462,24.5]},"faces":{"north":{"uv":[8.25,7.75,7.75,8],"rotation":180,"texture":"#0"},"east":{"uv":[7.75,9.25,8,7.75],"rotation":270,"texture":"#0"},"south":{"uv":[8.25,9,7.75,9.25],"texture":"#0"},"up":{"uv":[8.25,7.75,7.75,9.25],"texture":"#0"},"down":{"uv":[8.25,7.75,7.75,9.25],"texture":"#0"}}},{"from":[-3.23254,8.34462,21.5],"to":[-1.23254,9.34462,27.5],"rotation":{"angle":-22.5,"axis":"z","origin":[-2.23254,8.84462,24.5]},"faces":{"north":{"uv":[7.75,7.75,8.25,8],"rotation":180,"texture":"#0"},"south":{"uv":[7.75,9,8.25,9.25],"texture":"#0"},"west":{"uv":[7.75,7.75,8,9.25],"rotation":270,"texture":"#0"},"up":{"uv":[7.75,7.75,8.25,9.25],"texture":"#0"},"down":{"uv":[7.75,7.75,8.25,9.25],"texture":"#0"}}},{"from":[-3.54002,9.1508,21.5],"to":[-3.54002,11.1508,27.5],"rotation":{"angle":22.5,"axis":"z","origin":[-3.54002,10.1508,24.5]},"faces":{"east":{"uv":[6,3.5,7.5,4],"texture":"#0"},"west":{"uv":[7.5,3.5,6,4],"texture":"#0"}}},{"from":[7.54002,9.1508,21.5],"to":[7.54002,11.1508,27.5],"rotation":{"angle":-22.5,"axis":"z","origin":[7.54002,10.1508,24.5]},"faces":{"east":{"uv":[6,3.5,7.5,4],"texture":"#0"},"west":{"uv":[7.5,3.5,6,4],"texture":"#0"}}}],"display":{"gui":{"rotation":[30,-135,0],"translation":[1.75,-2.75,0],"scale":[0.38,0.38,0.38]},"head":{"translation":[9.26,-0.57,1],"scale":[1.6,1.6,1.6]}},"groups":[{"name":"group","origin":[8,8,8],"children":[{"name":"group","origin":[26.5,11,15],"children":[0,1,2,3,4,5,6,7]},{"name":"front","origin":[-6.23775,12.5,-0.16793],"children":[8,9,10,11,12,13,14]},{"name":"newwheels","origin":[8,8,8],"children":[{"name":"group","origin":[8,8,8],"children":[{"name":"group","origin":[8,8,8],"children":[{"name":"group","origin":[7.25,6.55,8.8],"children":[15,16,17]},{"name":"group","origin":[7.25,6.55,8.8],"children":[18,19]}]},{"name":"group","origin":[8,8,8],"children":[{"name":"group","origin":[7.25,6.55,8.8],"children":[20,21,22]},{"name":"group","origin":[7.25,6.55,8.8],"children":[23,24]}]},25,26,27]},{"name":"group","origin":[8,8,8],"children":[{"name":"group","origin":[8,8,8],"children":[{"name":"group","origin":[7.25,6.55,8.8],"children":[28,29,30]},{"name":"group","origin":[7.25,6.55,8.8],"children":[31,32]}]},{"name":"group","origin":[8,8,8],"children":[{"name":"group","origin":[7.25,6.55,8.8],"children":[33,34,35]},{"name":"group","origin":[7.25,6.55,8.8],"children":[36,37]}]},38,39,40]}]}]},{"name":"group","origin":[8,8,8],"children":[{"name":"group","origin":[8,8,8],"children":[{"name":"group","origin":[7.54002,10.1508,7.5],"children":[41,42,43,44,45,46,47,48,49,50,51,52,53,54,55,56]},{"name":"group","origin":[7.54002,10.1508,7.5],"children":[57,58,59,60,61,62,63,64,65,66,67,68,69,70,71,72]}]},{"name":"group","origin":[8,8,8],"children":[{"name":"group","origin":[7.54002,10.1508,7.5],"children":[73,74,75,76,77,78,79,80,81,82,83,84,85,86,87,88]},{"name":"group","origin":[7.54002,10.1508,7.5],"children":[89,90,91,92,93,94,95,96,97,98,99,100,101,102,103,104]}]}]}],"credit":"Model by Craftventure"}