{"textures":{"0":"block/green_terracotta","1":"block/black_concrete","2":"block/anvil","5":"block/gray_concrete","6":"block/grill2","7":"block/brown_terracotta","9":"block/white_wool","10":"block/crafting_table_side","11":"block/crafting_table_front","12":"block/crafting_table_top","13":"block/tnt_side","14":"block/tnt_top"},"elements":[{"name":"Element","from":[-2,-1,-15],"to":[2.5,3,0],"faces":{"north":{"uv":[0,15,16,16],"texture":"#0"},"east":{"uv":[8,15,16,16],"texture":"#0"},"south":{"uv":[0,15,16,16],"texture":"#0"},"west":{"uv":[0,15,8,16],"texture":"#0"},"up":{"uv":[0,0,16,8],"texture":"#0"},"down":{"uv":[16,8,0,0],"texture":"#0"}}},{"name":"Element","from":[-7,-0.4375,23.5],"to":[-4,2.0625,27.5],"faces":{"north":{"uv":[14,14,15,15],"texture":"#1"},"east":{"uv":[14,14,15,15],"texture":"#1"},"south":{"uv":[14,14,15,15],"texture":"#1"},"west":{"uv":[14,14,15,15],"texture":"#1"},"up":{"uv":[14,14,15,15],"texture":"#1"},"down":{"uv":[14,14,15,15],"texture":"#1"}}},{"name":"Element","from":[0,-1.5,-15.5],"to":[2,-1,-13.5],"faces":{"north":{"uv":[0,15,16,16],"texture":"#2"},"east":{"uv":[8,15,16,16],"texture":"#2"},"south":{"uv":[0,15,16,16],"texture":"#2"},"west":{"uv":[0,15,8,16],"texture":"#2"},"up":{"uv":[0,0,16,8],"texture":"#2"},"down":{"uv":[16,8,0,0],"texture":"#2"}}},{"name":"Element","from":[14,-1.5,-15.4],"to":[16,-1,-13.4],"faces":{"north":{"uv":[0,15,16,16],"texture":"#2"},"east":{"uv":[8,15,16,16],"texture":"#2"},"south":{"uv":[0,15,16,16],"texture":"#2"},"west":{"uv":[0,15,8,16],"texture":"#2"},"up":{"uv":[0,0,16,8],"texture":"#2"},"down":{"uv":[16,8,0,0],"texture":"#2"}}},{"name":"Element","from":[-4,-2.4,-15.7],"to":[20,-0.4,-15.2],"faces":{"north":{"uv":[0,15,16,16],"texture":"#2"},"east":{"uv":[8,15,16,16],"texture":"#2"},"south":{"uv":[0,15,16,16],"texture":"#2"},"west":{"uv":[0,15,8,16],"texture":"#2"},"up":{"uv":[0,0,16,8],"texture":"#2"},"down":{"uv":[16,8,0,0],"texture":"#2"}}},{"name":"Element","from":[-7.5,3.7,-13.05],"to":[-2.5,4.7,-5.15],"faces":{"north":{"uv":[0,16,16,12],"texture":"#0"},"east":{"uv":[16,16,14,9],"texture":"#0"},"south":{"uv":[0,16,16,7],"texture":"#0"},"west":{"uv":[0,16,2,11],"texture":"#0"},"up":{"uv":[0,4,16,5],"texture":"#0"},"down":{"uv":[16,0,0,1],"texture":"#0"}}},{"name":"Element","from":[-7,0,30.8],"to":[-5,7,31.6],"faces":{"north":{"uv":[0,15,16,16],"texture":"#0"},"east":{"uv":[0,15,8,16],"texture":"#0"},"south":{"uv":[0,15,16,16],"texture":"#0"},"west":{"uv":[8,15,16,16],"texture":"#0"},"up":{"uv":[0,8,16,16],"texture":"#0"},"down":{"uv":[16,16,0,8],"texture":"#0"}}},{"name":"Element","from":[-7,3.2,21],"to":[-5,7,30],"faces":{"north":{"uv":[0,15,16,16],"texture":"#0"},"east":{"uv":[0,15,8,16],"texture":"#0"},"south":{"uv":[0,15,16,16],"texture":"#0"},"west":{"uv":[8,15,16,16],"texture":"#0"},"up":{"uv":[0,8,16,16],"texture":"#0"},"down":{"uv":[16,16,0,8],"texture":"#0"}}},{"name":"Element","from":[-2,-2,-12],"to":[18,-0.8,28.5],"faces":{"north":{"uv":[0,15,16,16],"texture":"#2"},"east":{"uv":[8,15,16,16],"texture":"#2"},"south":{"uv":[0,15,16,16],"texture":"#2"},"west":{"uv":[0,15,8,16],"texture":"#2"},"up":{"uv":[0,0,16,8],"texture":"#2"},"down":{"uv":[16,8,0,0],"texture":"#2"}}},{"name":"Element","from":[-5,0,29.9],"to":[21,6.7,31.6],"faces":{"north":{"uv":[0,15,16,16],"texture":"#0"},"east":{"uv":[0,15,8,16],"texture":"#0"},"south":{"uv":[0,15,16,16],"texture":"#0"},"west":{"uv":[8,15,16,16],"texture":"#0"},"up":{"uv":[0,8,16,16],"texture":"#0"},"down":{"uv":[16,16,0,8],"texture":"#0"}}},{"name":"Element","from":[-3.2,1.375,-5.2],"to":[-0.2,3.875,1.4],"rotation":{"angle":45,"axis":"x","origin":[-4,3.875,-1.9375]},"faces":{"north":{"uv":[1,14,2,15],"texture":"#0"},"east":{"uv":[1,14,2,15],"texture":"#0"},"south":{"uv":[1,14,2,15],"texture":"#0"},"west":{"uv":[1,14,2,15],"texture":"#0"},"up":{"uv":[1,14,2,15],"texture":"#0"},"down":{"uv":[1,14,2,15],"texture":"#0"}}},{"name":"Element","from":[-3.4,0,-0.4375],"to":[-0.4,2,4.7625],"rotation":{"angle":22.5,"axis":"x","origin":[-4,2,-0.4375]},"faces":{"north":{"uv":[0,16,16,16],"texture":"#0"},"east":{"uv":[16,16,16,16],"texture":"#0"},"south":{"uv":[0,16,16,16],"texture":"#0"},"west":{"uv":[0,16,0,16],"texture":"#0"},"up":{"uv":[0,0,16,0],"texture":"#0"},"down":{"uv":[16,0,0,0],"texture":"#0"}}},{"name":"Element","from":[-3.4,-0.8,-1.5],"to":[18.6,0,30.3],"faces":{"north":{"uv":[1,14,2,15],"texture":"#0"},"east":{"uv":[1,14,2,15],"texture":"#0"},"south":{"uv":[1,14,2,15],"texture":"#0"},"west":{"uv":[1,14,2,15],"texture":"#0"},"up":{"uv":[1,14,2,15],"texture":"#0"},"down":{"uv":[1,14,2,15],"texture":"#0"}}},{"name":"Element","from":[-7.5,3.45,-3.75],"to":[-3.1,4.45,4.9875],"rotation":{"angle":45,"axis":"x","origin":[-8,6.25,-4.0625]},"faces":{"north":{"uv":[0,16,16,15],"texture":"#0"},"east":{"uv":[16,16,14,14],"texture":"#0"},"south":{"uv":[0,16,15,13],"texture":"#0"},"west":{"uv":[0,16,3,12],"texture":"#0"},"up":{"uv":[0,0,16,2],"texture":"#0"},"down":{"uv":[16,0,0,1],"texture":"#0"}}},{"name":"Element","from":[20,-7.5,23.5],"to":[23,-5,27.5],"faces":{"north":{"uv":[14,14,15,15],"texture":"#1"},"east":{"uv":[14,14,15,15],"texture":"#1"},"south":{"uv":[14,14,15,15],"texture":"#1"},"west":{"uv":[14,14,15,15],"texture":"#1"},"up":{"uv":[14,14,15,15],"texture":"#1"},"down":{"uv":[14,14,15,15],"texture":"#1"}}},{"name":"Element","from":[20,-4.75,27.8125],"to":[23,-0.75,30.3125],"faces":{"north":{"uv":[14,14,15,15],"texture":"#1"},"east":{"uv":[14,14,15,15],"texture":"#1"},"south":{"uv":[14,14,15,15],"texture":"#1"},"west":{"uv":[14,14,15,15],"texture":"#1"},"up":{"uv":[14,14,15,15],"texture":"#1"},"down":{"uv":[14,14,15,15],"texture":"#1"}}},{"name":"Element","from":[20,-4.6875,20.625],"to":[23,-0.6875,23.125],"faces":{"north":{"uv":[14,14,15,15],"texture":"#1"},"east":{"uv":[14,14,15,15],"texture":"#1"},"south":{"uv":[14,14,15,15],"texture":"#1"},"west":{"uv":[14,14,15,15],"texture":"#1"},"up":{"uv":[14,14,15,15],"texture":"#1"},"down":{"uv":[14,14,15,15],"texture":"#1"}}},{"name":"Element","from":[20,-8.6875,20.6875],"to":[23,-4.6875,23.1875],"rotation":{"angle":-45,"axis":"x","origin":[20,-4.6875,20.6875]},"faces":{"north":{"uv":[14,14,15,15],"texture":"#1"},"east":{"uv":[14,14,15,15],"texture":"#1"},"south":{"uv":[14,14,15,15],"texture":"#1"},"west":{"uv":[14,14,15,15],"texture":"#1"},"up":{"uv":[14,14,15,15],"texture":"#1"},"down":{"uv":[14,14,15,15],"texture":"#1"}}},{"name":"Element","from":[20,-1.9375,23.4375],"to":[23,2.0625,25.9375],"rotation":{"angle":45,"axis":"x","origin":[20,2.0625,23.4375]},"faces":{"north":{"uv":[14,14,15,15],"texture":"#1"},"east":{"uv":[14,14,15,15],"texture":"#1"},"south":{"uv":[14,14,15,15],"texture":"#1"},"west":{"uv":[14,14,15,15],"texture":"#1"},"up":{"uv":[14,14,15,15],"texture":"#1"},"down":{"uv":[14,14,15,15],"texture":"#1"}}},{"name":"Element","from":[20,-3.6875,25.6875],"to":[23,0.3125,28.1875],"rotation":{"angle":-45,"axis":"x","origin":[20,0.3125,25.6875]},"faces":{"north":{"uv":[14,14,15,15],"texture":"#1"},"east":{"uv":[14,14,15,15],"texture":"#1"},"south":{"uv":[14,14,15,15],"texture":"#1"},"west":{"uv":[14,14,15,15],"texture":"#1"},"up":{"uv":[14,14,15,15],"texture":"#1"},"down":{"uv":[14,14,15,15],"texture":"#1"}}},{"name":"Element","from":[20,-6.9375,28.5625],"to":[23,-2.9375,31.0625],"rotation":{"angle":45,"axis":"x","origin":[20,-2.9375,28.5625]},"faces":{"north":{"uv":[14,14,15,15],"texture":"#1"},"east":{"uv":[14,14,15,15],"texture":"#1"},"south":{"uv":[14,14,15,15],"texture":"#1"},"west":{"uv":[14,14,15,15],"texture":"#1"},"up":{"uv":[14,14,15,15],"texture":"#1"},"down":{"uv":[14,14,15,15],"texture":"#1"}}},{"name":"Element","from":[20,-7.5,-10.5],"to":[23,-5,-6.5],"faces":{"north":{"uv":[14,14,15,15],"texture":"#1"},"east":{"uv":[14,14,15,15],"texture":"#1"},"south":{"uv":[14,14,15,15],"texture":"#1"},"west":{"uv":[14,14,15,15],"texture":"#1"},"up":{"uv":[14,14,15,15],"texture":"#1"},"down":{"uv":[14,14,15,15],"texture":"#1"}}},{"name":"Element","from":[20,-4.75,-6.1875],"to":[23,-0.75,-3.6875],"faces":{"north":{"uv":[14,14,15,15],"texture":"#1"},"east":{"uv":[14,14,15,15],"texture":"#1"},"south":{"uv":[14,14,15,15],"texture":"#1"},"west":{"uv":[14,14,15,15],"texture":"#1"},"up":{"uv":[14,14,15,15],"texture":"#1"},"down":{"uv":[14,14,15,15],"texture":"#1"}}},{"name":"Element","from":[20,-4.6875,-13.375],"to":[23,-0.6875,-10.875],"faces":{"north":{"uv":[14,14,15,15],"texture":"#1"},"east":{"uv":[14,14,15,15],"texture":"#1"},"south":{"uv":[14,14,15,15],"texture":"#1"},"west":{"uv":[14,14,15,15],"texture":"#1"},"up":{"uv":[14,14,15,15],"texture":"#1"},"down":{"uv":[14,14,15,15],"texture":"#1"}}},{"name":"Element","from":[20,-8.6875,-13.3125],"to":[23,-4.6875,-10.8125],"rotation":{"angle":-45,"axis":"x","origin":[20,-4.6875,-13.3125]},"faces":{"north":{"uv":[14,14,15,15],"texture":"#1"},"east":{"uv":[14,14,15,15],"texture":"#1"},"south":{"uv":[14,14,15,15],"texture":"#1"},"west":{"uv":[14,14,15,15],"texture":"#1"},"up":{"uv":[14,14,15,15],"texture":"#1"},"down":{"uv":[14,14,15,15],"texture":"#1"}}},{"name":"Element","from":[20,-1.85,-10.5625],"to":[23,2.15,-8.0625],"rotation":{"angle":45,"axis":"x","origin":[20,2.0625,-10.5625]},"faces":{"north":{"uv":[14,14,15,15],"texture":"#1"},"east":{"uv":[14,14,15,15],"texture":"#1"},"south":{"uv":[14,14,15,15],"texture":"#1"},"west":{"uv":[14,14,15,15],"texture":"#1"},"up":{"uv":[14,14,15,15],"texture":"#1"},"down":{"uv":[14,14,15,15],"texture":"#1"}}},{"name":"Element","from":[20,-3.6875,-8.3125],"to":[23,0.3125,-5.8125],"rotation":{"angle":-45,"axis":"x","origin":[20,0.3125,-8.3125]},"faces":{"north":{"uv":[14,14,15,15],"texture":"#1"},"east":{"uv":[14,14,15,15],"texture":"#1"},"south":{"uv":[14,14,15,15],"texture":"#1"},"west":{"uv":[14,14,15,15],"texture":"#1"},"up":{"uv":[14,14,15,15],"texture":"#1"},"down":{"uv":[14,14,15,15],"texture":"#1"}}},{"name":"Element","from":[20,-6.9375,-5.4375],"to":[23,-2.9375,-2.9375],"rotation":{"angle":45,"axis":"x","origin":[20,-2.9375,-5.4375]},"faces":{"north":{"uv":[14,14,15,15],"texture":"#1"},"east":{"uv":[14,14,15,15],"texture":"#1"},"south":{"uv":[14,14,15,15],"texture":"#1"},"west":{"uv":[14,14,15,15],"texture":"#1"},"up":{"uv":[14,14,15,15],"texture":"#1"},"down":{"uv":[14,14,15,15],"texture":"#1"}}},{"name":"Element","from":[-7,-7.5,23.5],"to":[-4,-5,27.5],"faces":{"north":{"uv":[14,14,15,15],"texture":"#1"},"east":{"uv":[14,14,15,15],"texture":"#1"},"south":{"uv":[14,14,15,15],"texture":"#1"},"west":{"uv":[14,14,15,15],"texture":"#1"},"up":{"uv":[14,14,15,15],"texture":"#1"},"down":{"uv":[14,14,15,15],"texture":"#1"}}},{"name":"Element","from":[-7,-4.75,27.8125],"to":[-4,-0.75,30.3125],"faces":{"north":{"uv":[14,14,15,15],"texture":"#1"},"east":{"uv":[14,14,15,15],"texture":"#1"},"south":{"uv":[14,14,15,15],"texture":"#1"},"west":{"uv":[14,14,15,15],"texture":"#1"},"up":{"uv":[14,14,15,15],"texture":"#1"},"down":{"uv":[14,14,15,15],"texture":"#1"}}},{"name":"Element","from":[-7,-4.6875,20.625],"to":[-4,-0.6875,23.125],"faces":{"north":{"uv":[14,14,15,15],"texture":"#1"},"east":{"uv":[14,14,15,15],"texture":"#1"},"south":{"uv":[14,14,15,15],"texture":"#1"},"west":{"uv":[14,14,15,15],"texture":"#1"},"up":{"uv":[14,14,15,15],"texture":"#1"},"down":{"uv":[14,14,15,15],"texture":"#1"}}},{"name":"Element","from":[-7,-8.6875,20.6875],"to":[-4,-4.6875,23.1875],"rotation":{"angle":-45,"axis":"x","origin":[-7,-4.6875,20.6875]},"faces":{"north":{"uv":[14,14,15,15],"texture":"#1"},"east":{"uv":[14,14,15,15],"texture":"#1"},"south":{"uv":[14,14,15,15],"texture":"#1"},"west":{"uv":[14,14,15,15],"texture":"#1"},"up":{"uv":[14,14,15,15],"texture":"#1"},"down":{"uv":[14,14,15,15],"texture":"#1"}}},{"name":"Element","from":[-7,-1.9375,23.4375],"to":[-4,2.0625,25.9375],"rotation":{"angle":45,"axis":"x","origin":[-7,2.0625,23.4375]},"faces":{"north":{"uv":[14,14,15,15],"texture":"#1"},"east":{"uv":[14,14,15,15],"texture":"#1"},"south":{"uv":[14,14,15,15],"texture":"#1"},"west":{"uv":[14,14,15,15],"texture":"#1"},"up":{"uv":[14,14,15,15],"texture":"#1"},"down":{"uv":[14,14,15,15],"texture":"#1"}}},{"name":"Element","from":[-7,-3.6875,25.6875],"to":[-4,0.3125,28.1875],"rotation":{"angle":-45,"axis":"x","origin":[-7,0.3125,25.6875]},"faces":{"north":{"uv":[14,14,15,15],"texture":"#1"},"east":{"uv":[14,14,15,15],"texture":"#1"},"south":{"uv":[14,14,15,15],"texture":"#1"},"west":{"uv":[14,14,15,15],"texture":"#1"},"up":{"uv":[14,14,15,15],"texture":"#1"},"down":{"uv":[14,14,15,15],"texture":"#1"}}},{"name":"Element","from":[-7,-6.9375,28.5625],"to":[-4,-2.9375,31.0625],"rotation":{"angle":45,"axis":"x","origin":[-7,-2.9375,28.5625]},"faces":{"north":{"uv":[14,14,15,15],"texture":"#1"},"east":{"uv":[14,14,15,15],"texture":"#1"},"south":{"uv":[14,14,15,15],"texture":"#1"},"west":{"uv":[14,14,15,15],"texture":"#1"},"up":{"uv":[14,14,15,15],"texture":"#1"},"down":{"uv":[14,14,15,15],"texture":"#1"}}},{"name":"Element","from":[-7.4375,-5.38467,23.47159],"to":[-3.625,-2.83467,27.90909],"rotation":{"angle":-45,"axis":"x","origin":[-7.4375,-2.83467,23.47159]},"faces":{"north":{"uv":[14,14,15,15],"texture":"#5"},"east":{"uv":[14,14,15,15],"texture":"#5"},"south":{"uv":[14,14,15,15],"texture":"#5"},"west":{"uv":[14,14,15,15],"texture":"#5"},"up":{"uv":[14,14,15,15],"texture":"#5"},"down":{"uv":[14,14,15,15],"texture":"#5"}}},{"name":"Element","from":[-7.4375,-6.42929,22.44768],"to":[-3.625,-3.92929,23.94768],"rotation":{"angle":-45,"axis":"x","origin":[-7.4375,-3.92929,22.44768]},"faces":{"north":{"uv":[14,14,15,15],"texture":"#5"},"east":{"uv":[14,14,15,15],"texture":"#5"},"south":{"uv":[14,14,15,15],"texture":"#5"},"west":{"uv":[14,14,15,15],"texture":"#5"},"up":{"uv":[14,14,15,15],"texture":"#5"},"down":{"uv":[14,14,15,15],"texture":"#5"}}},{"name":"Element","from":[-7.4375,-4,26.9125],"to":[-3.625,-1.5,28.4125],"faces":{"north":{"uv":[14,14,15,15],"texture":"#5"},"east":{"uv":[14,14,15,15],"texture":"#5"},"south":{"uv":[14,14,15,15],"texture":"#5"},"west":{"uv":[14,14,15,15],"texture":"#5"},"up":{"uv":[14,14,15,15],"texture":"#5"},"down":{"uv":[14,14,15,15],"texture":"#5"}}},{"name":"Element","from":[-7.4375,-5.25472,27.22254],"to":[-3.625,-2.85472,28.84754],"rotation":{"angle":45,"axis":"x","origin":[-7.4375,-2.90222,27.24754]},"faces":{"north":{"uv":[14,14,15,15],"texture":"#5"},"east":{"uv":[14,14,15,15],"texture":"#5"},"south":{"uv":[14,14,15,15],"texture":"#5"},"west":{"uv":[14,14,15,15],"texture":"#5"},"up":{"uv":[14,14,15,15],"texture":"#5"},"down":{"uv":[14,14,15,15],"texture":"#5"}}},{"name":"Element","from":[-7.4375,-1.20294,24.07402],"to":[-3.625,0.29706,26.57402],"faces":{"north":{"uv":[14,14,15,15],"texture":"#5"},"east":{"uv":[14,14,15,15],"texture":"#5"},"south":{"uv":[14,14,15,15],"texture":"#5"},"west":{"uv":[14,14,15,15],"texture":"#5"},"up":{"uv":[14,14,15,15],"texture":"#5"},"down":{"uv":[14,14,15,15],"texture":"#5"}}},{"name":"Element","from":[-7.4375,-5.69706,24.21544],"to":[-3.625,-4.19706,26.71544],"faces":{"north":{"uv":[14,14,15,15],"texture":"#5"},"east":{"uv":[14,14,15,15],"texture":"#5"},"south":{"uv":[14,14,15,15],"texture":"#5"},"west":{"uv":[14,14,15,15],"texture":"#5"},"up":{"uv":[14,14,15,15],"texture":"#5"},"down":{"uv":[14,14,15,15],"texture":"#5"}}},{"name":"Element","from":[-7.4375,-3.92929,22.44768],"to":[-3.625,-1.32929,23.94768],"faces":{"north":{"uv":[14,14,15,15],"texture":"#5"},"east":{"uv":[14,14,15,15],"texture":"#5"},"south":{"uv":[14,14,15,15],"texture":"#5"},"west":{"uv":[14,14,15,15],"texture":"#5"},"up":{"uv":[14,14,15,15],"texture":"#5"},"down":{"uv":[14,14,15,15],"texture":"#5"}}},{"name":"Element","from":[-7.4375,-2.03223,24.14473],"to":[-3.625,0.26777,28.70723],"rotation":{"angle":45,"axis":"x","origin":[-7.4375,0.36777,24.14473]},"faces":{"north":{"uv":[14,14,15,15],"texture":"#5"},"east":{"uv":[14,14,15,15],"texture":"#5"},"south":{"uv":[14,14,15,15],"texture":"#5"},"west":{"uv":[14,14,15,15],"texture":"#5"},"up":{"uv":[14,14,15,15],"texture":"#5"},"down":{"uv":[14,14,15,15],"texture":"#5"}}},{"name":"Element","from":[-7,-7.5,-10.5],"to":[-4,-5,-6.5],"faces":{"north":{"uv":[14,14,15,15],"texture":"#1"},"east":{"uv":[14,14,15,15],"texture":"#1"},"south":{"uv":[14,14,15,15],"texture":"#1"},"west":{"uv":[14,14,15,15],"texture":"#1"},"up":{"uv":[14,14,15,15],"texture":"#1"},"down":{"uv":[14,14,15,15],"texture":"#1"}}},{"name":"Element","from":[-7,-4.75,-6.1875],"to":[-4,-0.75,-3.6875],"faces":{"north":{"uv":[14,14,15,15],"texture":"#1"},"east":{"uv":[14,14,15,15],"texture":"#1"},"south":{"uv":[14,14,15,15],"texture":"#1"},"west":{"uv":[14,14,15,15],"texture":"#1"},"up":{"uv":[14,14,15,15],"texture":"#1"},"down":{"uv":[14,14,15,15],"texture":"#1"}}},{"name":"Element","from":[-7,-4.6875,-13.375],"to":[-4,-0.6875,-10.875],"faces":{"north":{"uv":[14,14,15,15],"texture":"#1"},"east":{"uv":[14,14,15,15],"texture":"#1"},"south":{"uv":[14,14,15,15],"texture":"#1"},"west":{"uv":[14,14,15,15],"texture":"#1"},"up":{"uv":[14,14,15,15],"texture":"#1"},"down":{"uv":[14,14,15,15],"texture":"#1"}}},{"name":"Element","from":[-7,-8.6875,-13.3125],"to":[-4,-4.6875,-10.8125],"rotation":{"angle":-45,"axis":"x","origin":[-7,-4.6875,-13.3125]},"faces":{"north":{"uv":[14,14,15,15],"texture":"#1"},"east":{"uv":[14,14,15,15],"texture":"#1"},"south":{"uv":[14,14,15,15],"texture":"#1"},"west":{"uv":[14,14,15,15],"texture":"#1"},"up":{"uv":[14,14,15,15],"texture":"#1"},"down":{"uv":[14,14,15,15],"texture":"#1"}}},{"name":"Element","from":[-7,-1.9375,-10.5625],"to":[-4,2.0625,-8.0625],"rotation":{"angle":45,"axis":"x","origin":[-7,2.0625,-10.5625]},"faces":{"north":{"uv":[14,14,15,15],"texture":"#1"},"east":{"uv":[14,14,15,15],"texture":"#1"},"south":{"uv":[14,14,15,15],"texture":"#1"},"west":{"uv":[14,14,15,15],"texture":"#1"},"up":{"uv":[14,14,15,15],"texture":"#1"},"down":{"uv":[14,14,15,15],"texture":"#1"}}},{"name":"Element","from":[-7,-3.6875,-8.3125],"to":[-4,0.3125,-5.8125],"rotation":{"angle":-45,"axis":"x","origin":[-7,0.3125,-8.3125]},"faces":{"north":{"uv":[14,14,15,15],"texture":"#1"},"east":{"uv":[14,14,15,15],"texture":"#1"},"south":{"uv":[14,14,15,15],"texture":"#1"},"west":{"uv":[14,14,15,15],"texture":"#1"},"up":{"uv":[14,14,15,15],"texture":"#1"},"down":{"uv":[14,14,15,15],"texture":"#1"}}},{"name":"Element","from":[-7,-6.9375,-5.4375],"to":[-4,-2.9375,-2.9375],"rotation":{"angle":45,"axis":"x","origin":[-7,-2.9375,-5.4375]},"faces":{"north":{"uv":[14,14,15,15],"texture":"#1"},"east":{"uv":[14,14,15,15],"texture":"#1"},"south":{"uv":[14,14,15,15],"texture":"#1"},"west":{"uv":[14,14,15,15],"texture":"#1"},"up":{"uv":[14,14,15,15],"texture":"#1"},"down":{"uv":[14,14,15,15],"texture":"#1"}}},{"name":"Element","from":[-7.4375,-5.375,-10.5],"to":[-3.625,-2.875,-6.1625],"rotation":{"angle":-45,"axis":"x","origin":[-7.4375,-2.875,-10.5]},"faces":{"north":{"uv":[14,14,15,15],"texture":"#5"},"east":{"uv":[14,14,15,15],"texture":"#5"},"south":{"uv":[14,14,15,15],"texture":"#5"},"west":{"uv":[14,14,15,15],"texture":"#5"},"up":{"uv":[14,14,15,15],"texture":"#5"},"down":{"uv":[14,14,15,15],"texture":"#5"}}},{"name":"Element","from":[-7.4375,-6.5,-11.5],"to":[-3.625,-4,-10],"rotation":{"angle":-45,"axis":"x","origin":[-7.4375,-4,-11.5]},"faces":{"north":{"uv":[14,14,15,15],"texture":"#5"},"east":{"uv":[14,14,15,15],"texture":"#5"},"south":{"uv":[14,14,15,15],"texture":"#5"},"west":{"uv":[14,14,15,15],"texture":"#5"},"up":{"uv":[14,14,15,15],"texture":"#5"},"down":{"uv":[14,14,15,15],"texture":"#5"}}},{"name":"Element","from":[-7.4375,-4,-7.1875],"to":[-3.625,-1.5,-5.6875],"faces":{"north":{"uv":[14,14,15,15],"texture":"#5"},"east":{"uv":[14,14,15,15],"texture":"#5"},"south":{"uv":[14,14,15,15],"texture":"#5"},"west":{"uv":[14,14,15,15],"texture":"#5"},"up":{"uv":[14,14,15,15],"texture":"#5"},"down":{"uv":[14,14,15,15],"texture":"#5"}}},{"name":"Element","from":[-7.4375,-5.4375,-7.75],"to":[-3.625,-2.9375,-5.25],"rotation":{"angle":45,"axis":"x","origin":[-7.4375,-2.9375,-6.75]},"faces":{"north":{"uv":[14,14,15,15],"texture":"#5"},"east":{"uv":[14,14,15,15],"texture":"#5"},"south":{"uv":[14,14,15,15],"texture":"#5"},"west":{"uv":[14,14,15,15],"texture":"#5"},"up":{"uv":[14,14,15,15],"texture":"#5"},"down":{"uv":[14,14,15,15],"texture":"#5"}}},{"name":"Element","from":[-7.4375,-1.25,-10],"to":[-3.625,0.15,-7.5],"faces":{"north":{"uv":[14,14,15,15],"texture":"#5"},"east":{"uv":[14,14,15,15],"texture":"#5"},"south":{"uv":[14,14,15,15],"texture":"#5"},"west":{"uv":[14,14,15,15],"texture":"#5"},"up":{"uv":[14,14,15,15],"texture":"#5"},"down":{"uv":[14,14,15,15],"texture":"#5"}}},{"name":"Element","from":[-7.4375,-5.75,-9.7375],"to":[-3.625,-4.25,-7.5375],"faces":{"north":{"uv":[14,14,15,15],"texture":"#5"},"east":{"uv":[14,14,15,15],"texture":"#5"},"south":{"uv":[14,14,15,15],"texture":"#5"},"west":{"uv":[14,14,15,15],"texture":"#5"},"up":{"uv":[14,14,15,15],"texture":"#5"},"down":{"uv":[14,14,15,15],"texture":"#5"}}},{"name":"Element","from":[-7.4375,-3.9,-11.5],"to":[-3.625,-1.4,-10],"faces":{"north":{"uv":[14,14,15,15],"texture":"#5"},"east":{"uv":[14,14,15,15],"texture":"#5"},"south":{"uv":[14,14,15,15],"texture":"#5"},"west":{"uv":[14,14,15,15],"texture":"#5"},"up":{"uv":[14,14,15,15],"texture":"#5"},"down":{"uv":[14,14,15,15],"texture":"#5"}}},{"name":"Element","from":[-7.4375,-2.0875,-9.8125],"to":[-3.625,0.0125,-5.45],"rotation":{"angle":45,"axis":"x","origin":[-7.4375,0.3125,-9.8125]},"faces":{"north":{"uv":[14,14,15,15],"texture":"#5"},"east":{"uv":[14,14,15,15],"texture":"#5"},"south":{"uv":[14,14,15,15],"texture":"#5"},"west":{"uv":[14,14,15,15],"texture":"#5"},"up":{"uv":[14,14,15,15],"texture":"#5"},"down":{"uv":[14,14,15,15],"texture":"#5"}}},{"name":"Cube","from":[-7.5,26.45,20.0375],"to":[-4.5,27.45,24.975],"rotation":{"angle":45,"axis":"x","origin":[-8,6.25,-4.0625]},"faces":{"north":{"uv":[1,14,2,15],"texture":"#0"},"east":{"uv":[1,14,2,15],"texture":"#0"},"south":{"uv":[1,14,2,15],"texture":"#0"},"west":{"uv":[1,14,2,15],"texture":"#0"},"up":{"uv":[1,14,2,15],"texture":"#0"},"down":{"uv":[1,14,2,15],"texture":"#0"}}},{"name":"Cube","from":[-7.5,-14.95,5.3375],"to":[-4.5,-13.95,13.275],"rotation":{"angle":-45,"axis":"x","origin":[-8,6.25,-4.0625]},"faces":{"north":{"uv":[1,14,2,15],"texture":"#0"},"east":{"uv":[1,14,2,15],"texture":"#0"},"south":{"uv":[1,14,2,15],"texture":"#0"},"west":{"uv":[1,14,2,15],"texture":"#0"},"up":{"uv":[1,14,2,15],"texture":"#0"},"down":{"uv":[1,14,2,15],"texture":"#0"}}},{"name":"Cube","from":[-7.5,3.2,22.5],"to":[-4.5,4.2,28],"faces":{"north":{"uv":[1,14,2,15],"texture":"#0"},"east":{"uv":[1,14,2,15],"texture":"#0"},"south":{"uv":[1,14,2,15],"texture":"#0"},"west":{"uv":[1,14,2,15],"texture":"#0"},"up":{"uv":[1,14,2,15],"texture":"#0"},"down":{"uv":[1,14,2,15],"texture":"#0"}}},{"name":"Cube","from":[-3.5,5.5,-15],"to":[2.5,8.5,1],"faces":{"north":{"uv":[0,15,16,16],"texture":"#0"},"east":{"uv":[8,15,16,16],"texture":"#0"},"south":{"uv":[0,15,16,16],"texture":"#0"},"west":{"uv":[0,15,8,16],"texture":"#0"},"up":{"uv":[0,0,16,8],"texture":"#0"},"down":{"uv":[16,8,0,0],"texture":"#0"}}},{"name":"Cube","from":[-3.6,5.6,-15],"to":[-0.6,10.1,1],"rotation":{"angle":22.5,"axis":"z","origin":[8,8,8]},"faces":{"north":{"uv":[0,15,16,16],"texture":"#0"},"east":{"uv":[8,15,16,16],"texture":"#0"},"south":{"uv":[0,15,16,16],"texture":"#0"},"west":{"uv":[0,15,8,16],"texture":"#0"},"up":{"uv":[0,0,16,8],"texture":"#0"},"down":{"uv":[16,8,0,0],"texture":"#0"}}},{"name":"Cube","from":[16.6,5.6,-15],"to":[19.6,10.1,1],"rotation":{"angle":-22.5,"axis":"z","origin":[8,8,8]},"faces":{"north":{"uv":[0,15,16,16],"texture":"#0"},"east":{"uv":[8,15,16,16],"texture":"#0"},"south":{"uv":[0,15,16,16],"texture":"#0"},"west":{"uv":[0,15,8,16],"texture":"#0"},"up":{"uv":[0,0,16,8],"texture":"#0"},"down":{"uv":[16,8,0,0],"texture":"#0"}}},{"name":"Cube","from":[-1.5,3,-15],"to":[2.5,6,1],"faces":{"north":{"uv":[0,15,16,16],"texture":"#0"},"east":{"uv":[8,15,16,16],"texture":"#0"},"south":{"uv":[0,15,16,16],"texture":"#0"},"west":{"uv":[0,15,8,16],"texture":"#0"},"up":{"uv":[0,0,16,8],"texture":"#0"},"down":{"uv":[16,8,0,0],"texture":"#0"}}},{"name":"Cube","from":[-7,0,13.8],"to":[-5,7,19.6],"faces":{"north":{"uv":[0,15,16,16],"texture":"#0"},"east":{"uv":[0,15,8,16],"texture":"#0"},"south":{"uv":[0,15,16,16],"texture":"#0"},"west":{"uv":[8,15,16,16],"texture":"#0"},"up":{"uv":[0,8,16,16],"texture":"#0"},"down":{"uv":[16,16,0,8],"texture":"#0"}}},{"name":"Cube","from":[-7,0.8,30],"to":[-5,7,30.8],"faces":{"north":{"uv":[0,15,16,16],"texture":"#0"},"east":{"uv":[0,15,8,16],"texture":"#0"},"south":{"uv":[0,15,16,16],"texture":"#0"},"west":{"uv":[8,15,16,16],"texture":"#0"},"up":{"uv":[0,8,16,16],"texture":"#0"},"down":{"uv":[16,16,0,8],"texture":"#0"}}},{"name":"Cube","from":[-7,1.3,19.6],"to":[-5,7,21],"faces":{"north":{"uv":[0,15,16,16],"texture":"#0"},"east":{"uv":[0,15,8,16],"texture":"#0"},"south":{"uv":[0,15,16,16],"texture":"#0"},"west":{"uv":[8,15,16,16],"texture":"#0"},"up":{"uv":[0,8,16,16],"texture":"#0"},"down":{"uv":[16,16,0,8],"texture":"#0"}}},{"name":"Cube","from":[-6.2,7.3,30.4],"to":[-5.7,8.4,30.9],"faces":{"north":{"uv":[0,15,16,16],"texture":"#2"},"east":{"uv":[0,15,8,16],"texture":"#2"},"south":{"uv":[0,15,16,16],"texture":"#2"},"west":{"uv":[8,15,16,16],"texture":"#2"},"up":{"uv":[0,8,16,16],"texture":"#2"},"down":{"uv":[16,16,0,8],"texture":"#2"}}},{"name":"Cube","from":[-7,-0.4,-10.5],"to":[-4,2.1,-6.5],"faces":{"north":{"uv":[14,14,15,15],"texture":"#1"},"east":{"uv":[14,14,15,15],"texture":"#1"},"south":{"uv":[14,14,15,15],"texture":"#1"},"west":{"uv":[14,14,15,15],"texture":"#1"},"up":{"uv":[14,14,15,15],"texture":"#1"},"down":{"uv":[14,14,15,15],"texture":"#1"}}},{"name":"Cube","from":[2.5,0.1,-14.71],"to":[13.5,7.5,-14.61],"faces":{"north":{"uv":[3,12,10,5],"texture":"#6"},"east":{"uv":[8,15,16,16],"texture":"#6"},"south":{"uv":[0,15,16,16],"texture":"#6"},"west":{"uv":[0,15,8,16],"texture":"#6"},"up":{"uv":[0,0,16,8],"texture":"#6"},"down":{"uv":[16,8,0,0],"texture":"#6"}}},{"name":"Cube","from":[18.7,3.7,-13.05],"to":[23.7,4.7,-5.15],"faces":{"north":{"uv":[0,16,16,12],"texture":"#0"},"east":{"uv":[16,16,14,9],"texture":"#0"},"south":{"uv":[0,16,16,7],"texture":"#0"},"west":{"uv":[0,16,2,11],"texture":"#0"},"up":{"uv":[0,4,16,5],"texture":"#0"},"down":{"uv":[16,0,0,1],"texture":"#0"}}},{"name":"Cube","from":[-7.5,12,-15.6],"to":[-2.5,13,-12.7],"rotation":{"angle":-22.5,"axis":"x","origin":[8,8,8]},"faces":{"north":{"uv":[0,16,16,12],"texture":"#0"},"east":{"uv":[16,16,14,9],"texture":"#0"},"south":{"uv":[0,16,16,7],"texture":"#0"},"west":{"uv":[0,16,2,11],"texture":"#0"},"up":{"uv":[0,4,16,5],"texture":"#0"},"down":{"uv":[16,0,0,1],"texture":"#0"}}},{"name":"Cube","from":[18.7,12,-15.6],"to":[23.7,13,-12.7],"rotation":{"angle":-22.5,"axis":"x","origin":[8,8,8]},"faces":{"north":{"uv":[0,16,16,12],"texture":"#0"},"east":{"uv":[16,16,14,9],"texture":"#0"},"south":{"uv":[0,16,7,6],"texture":"#0"},"west":{"uv":[0,16,2,11],"texture":"#0"},"up":{"uv":[0,4,16,5],"texture":"#0"},"down":{"uv":[16,0,0,1],"texture":"#0"}}},{"name":"Cube","from":[20,-0.4,-10.5],"to":[23,2.1,-6.5],"faces":{"north":{"uv":[14,14,15,15],"texture":"#1"},"east":{"uv":[14,14,15,15],"texture":"#1"},"south":{"uv":[14,14,15,15],"texture":"#1"},"west":{"uv":[14,14,15,15],"texture":"#1"},"up":{"uv":[14,14,15,15],"texture":"#1"},"down":{"uv":[14,14,15,15],"texture":"#1"}}},{"name":"Cube","from":[-5.9,-1.1,3.75],"to":[-4.9,1.9,13.65],"rotation":{"angle":-22.5,"axis":"y","origin":[8,8,8]},"faces":{"north":{"uv":[1,14,2,15],"texture":"#0"},"east":{"uv":[1,14,2,15],"texture":"#0"},"south":{"uv":[1,14,2,15],"texture":"#0"},"west":{"uv":[1,14,2,15],"texture":"#0"},"up":{"uv":[1,14,2,15],"texture":"#0"},"down":{"uv":[1,14,2,15],"texture":"#0"}}},{"name":"Cube","from":[-7.5,-2.1,0.35],"to":[-2.5,-1.1,17.55],"faces":{"north":{"uv":[0,16,16,12],"texture":"#0"},"east":{"uv":[16,16,14,9],"texture":"#0"},"south":{"uv":[0,16,16,7],"texture":"#0"},"west":{"uv":[0,16,2,11],"texture":"#0"},"up":{"uv":[0,4,16,5],"texture":"#0"},"down":{"uv":[16,0,0,1],"texture":"#0"}}},{"name":"Cube","from":[-3.4,5.3,-3.5],"to":[19.4,16.3,-0.4],"rotation":{"angle":-45,"axis":"x","origin":[8,8,8]},"faces":{"north":{"uv":[1,14,2,15],"texture":"#0"},"east":{"uv":[1,14,2,15],"texture":"#0"},"south":{"uv":[1,14,2,15],"texture":"#0"},"west":{"uv":[1,14,2,15],"texture":"#0"},"up":{"uv":[1,14,2,15],"texture":"#0"},"down":{"uv":[1,14,2,15],"texture":"#0"}}},{"name":"Cube","from":[-5.9,1.9,1.8],"to":[-4.9,3.2,7.7],"rotation":{"angle":-22.5,"axis":"y","origin":[8,8,8]},"faces":{"north":{"uv":[1,14,2,15],"texture":"#0"},"east":{"uv":[1,14,2,15],"texture":"#0"},"south":{"uv":[1,14,2,15],"texture":"#0"},"west":{"uv":[1,14,2,15],"texture":"#0"},"up":{"uv":[1,14,2,15],"texture":"#0"},"down":{"uv":[1,14,2,15],"texture":"#0"}}},{"name":"Cube","from":[-7,-1.1,7.9],"to":[-6,1.9,16],"faces":{"north":{"uv":[1,14,2,15],"texture":"#0"},"east":{"uv":[1,14,2,15],"texture":"#0"},"south":{"uv":[1,14,2,15],"texture":"#0"},"west":{"uv":[1,14,2,15],"texture":"#0"},"up":{"uv":[1,14,2,15],"texture":"#0"},"down":{"uv":[1,14,2,15],"texture":"#0"}}},{"name":"Cube","from":[-7,-1.1,16],"to":[-6,0,18.5],"faces":{"north":{"uv":[1,14,2,15],"texture":"#0"},"east":{"uv":[1,14,2,15],"texture":"#0"},"south":{"uv":[1,14,2,15],"texture":"#0"},"west":{"uv":[1,14,2,15],"texture":"#0"},"up":{"uv":[1,14,2,15],"texture":"#0"},"down":{"uv":[1,14,2,15],"texture":"#0"}}},{"name":"Cube","from":[-7,2.2,21],"to":[-6,3.3,21.8],"faces":{"north":{"uv":[1,14,2,15],"texture":"#0"},"east":{"uv":[1,14,2,15],"texture":"#0"},"south":{"uv":[1,14,2,15],"texture":"#0"},"west":{"uv":[1,14,2,15],"texture":"#0"},"up":{"uv":[1,14,2,15],"texture":"#0"},"down":{"uv":[1,14,2,15],"texture":"#0"}}},{"name":"Cube","from":[-7,2.1,29],"to":[-6,3.2,30],"faces":{"north":{"uv":[1,14,2,15],"texture":"#0"},"east":{"uv":[1,14,2,15],"texture":"#0"},"south":{"uv":[1,14,2,15],"texture":"#0"},"west":{"uv":[1,14,2,15],"texture":"#0"},"up":{"uv":[1,14,2,15],"texture":"#0"},"down":{"uv":[1,14,2,15],"texture":"#0"}}},{"name":"Cube","from":[-7,2.1,13.8],"to":[-5,9.1,17.4],"rotation":{"angle":22.5,"axis":"x","origin":[8,8,8]},"faces":{"north":{"uv":[1,14,2,15],"texture":"#0"},"east":{"uv":[1,14,2,15],"texture":"#0"},"south":{"uv":[1,14,2,15],"texture":"#0"},"west":{"uv":[1,14,2,15],"texture":"#0"},"up":{"uv":[1,14,2,15],"texture":"#0"},"down":{"uv":[1,14,2,15],"texture":"#0"}}},{"name":"Cube","from":[-6,1.3,9.75],"to":[-4.8,2,13.65],"rotation":{"angle":-22.5,"axis":"y","origin":[8,8,8]},"faces":{"north":{"uv":[0,16,15,7],"texture":"#2"},"east":{"uv":[16,16,11,10],"texture":"#2"},"south":{"uv":[0,16,14,10],"texture":"#2"},"west":{"uv":[0,16,6,11],"texture":"#2"},"up":{"uv":[0,0,15,4],"texture":"#2"},"down":{"uv":[16,0,0,3],"texture":"#2"}}},{"name":"Cube","from":[-7.1,1.3,7.85],"to":[-5.9,2,10.75],"faces":{"north":{"uv":[0,16,15,7],"texture":"#2"},"east":{"uv":[16,16,11,10],"texture":"#2"},"south":{"uv":[0,16,14,10],"texture":"#2"},"west":{"uv":[0,16,6,11],"texture":"#2"},"up":{"uv":[0,0,15,4],"texture":"#2"},"down":{"uv":[16,0,0,3],"texture":"#2"}}},{"name":"Cube","from":[-5,5.7,19],"to":[-2.4,6.7,30],"faces":{"north":{"uv":[0,15,16,16],"texture":"#0"},"east":{"uv":[0,15,8,16],"texture":"#0"},"south":{"uv":[0,15,16,16],"texture":"#0"},"west":{"uv":[8,15,16,16],"texture":"#0"},"up":{"uv":[0,8,16,16],"texture":"#0"},"down":{"uv":[16,16,0,8],"texture":"#0"}}},{"name":"Cube","from":[-6.2,7.3,26.8],"to":[-5.7,8.4,27.3],"faces":{"north":{"uv":[0,15,16,16],"texture":"#2"},"east":{"uv":[0,15,8,16],"texture":"#2"},"south":{"uv":[0,15,16,16],"texture":"#2"},"west":{"uv":[8,15,16,16],"texture":"#2"},"up":{"uv":[0,8,16,16],"texture":"#2"},"down":{"uv":[16,16,0,8],"texture":"#2"}}},{"name":"Cube","from":[-6.2,7.3,22.8],"to":[-5.7,8.4,23.3],"faces":{"north":{"uv":[0,15,16,16],"texture":"#2"},"east":{"uv":[0,15,8,16],"texture":"#2"},"south":{"uv":[0,15,16,16],"texture":"#2"},"west":{"uv":[8,15,16,16],"texture":"#2"},"up":{"uv":[0,8,16,16],"texture":"#2"},"down":{"uv":[16,16,0,8],"texture":"#2"}}},{"name":"Cube","from":[-6.2,6.8,18.8],"to":[-5.7,8.5,19.3],"faces":{"north":{"uv":[0,15,16,16],"texture":"#2"},"east":{"uv":[0,15,8,16],"texture":"#2"},"south":{"uv":[0,15,16,16],"texture":"#2"},"west":{"uv":[8,15,16,16],"texture":"#2"},"up":{"uv":[0,8,16,16],"texture":"#2"},"down":{"uv":[16,16,0,8],"texture":"#2"}}},{"name":"Cube","from":[-6.2,7.3,14.8],"to":[-5.7,8.5,15.3],"faces":{"north":{"uv":[0,15,16,16],"texture":"#2"},"east":{"uv":[0,15,8,16],"texture":"#2"},"south":{"uv":[0,15,16,16],"texture":"#2"},"west":{"uv":[8,15,16,16],"texture":"#2"},"up":{"uv":[0,8,16,16],"texture":"#2"},"down":{"uv":[16,16,0,8],"texture":"#2"}}},{"name":"Cube","from":[-7.1,6.7,13.7],"to":[-4.9,7.3,31.7],"faces":{"north":{"uv":[0,15,16,16],"texture":"#7"},"east":{"uv":[0,15,8,16],"texture":"#7"},"south":{"uv":[0,15,16,16],"texture":"#7"},"west":{"uv":[8,15,16,16],"texture":"#7"},"up":{"uv":[0,8,16,16],"texture":"#7"},"down":{"uv":[16,16,0,8],"texture":"#7"}}},{"name":"Cube","from":[-6.4,8.3,14.5],"to":[-5.5,8.7,31.1],"faces":{"north":{"uv":[0,15,16,16],"texture":"#5"},"east":{"uv":[0,15,8,16],"texture":"#5"},"south":{"uv":[0,15,16,16],"texture":"#5"},"west":{"uv":[8,15,16,16],"texture":"#5"},"up":{"uv":[0,8,16,16],"texture":"#5"},"down":{"uv":[16,16,0,8],"texture":"#5"}}},{"name":"Cube","from":[-4.9,6.7,29.5],"to":[21.1,7.3,31.7],"faces":{"north":{"uv":[0,15,16,16],"texture":"#7"},"east":{"uv":[0,15,8,16],"texture":"#7"},"south":{"uv":[0,15,16,16],"texture":"#7"},"west":{"uv":[8,15,16,16],"texture":"#7"},"up":{"uv":[0,8,16,16],"texture":"#7"},"down":{"uv":[16,16,0,8],"texture":"#7"}}},{"name":"Cube","from":[-3.4,2.6,8],"to":[6.6,3,16],"faces":{"north":{"uv":[0,15,16,16],"texture":"#2"},"east":{"uv":[0,15,8,16],"texture":"#2"},"south":{"uv":[0,15,16,16],"texture":"#2"},"west":{"uv":[8,15,16,16],"texture":"#2"},"up":{"uv":[0,8,16,16],"texture":"#2"},"down":{"uv":[16,16,0,8],"texture":"#2"}}},{"name":"Cube","from":[9.6,2.6,8],"to":[19.6,3,16],"faces":{"north":{"uv":[0,15,16,16],"texture":"#2"},"east":{"uv":[0,15,8,16],"texture":"#2"},"south":{"uv":[0,15,16,16],"texture":"#2"},"west":{"uv":[8,15,16,16],"texture":"#2"},"up":{"uv":[0,8,16,16],"texture":"#2"},"down":{"uv":[16,16,0,8],"texture":"#2"}}},{"name":"Cube","from":[-3.4,5.6,16],"to":[6.6,11.6,16.4],"faces":{"north":{"uv":[0,15,16,16],"texture":"#2"},"east":{"uv":[0,15,8,16],"texture":"#2"},"south":{"uv":[0,15,16,16],"texture":"#2"},"west":{"uv":[8,15,16,16],"texture":"#2"},"up":{"uv":[0,8,16,16],"texture":"#2"},"down":{"uv":[16,16,0,8],"texture":"#2"}}},{"name":"Cube","from":[-4.9,6.7,17],"to":[21.1,7.3,19.2],"faces":{"north":{"uv":[0,15,16,16],"texture":"#7"},"east":{"uv":[0,15,8,16],"texture":"#7"},"south":{"uv":[0,15,16,16],"texture":"#7"},"west":{"uv":[8,15,16,16],"texture":"#7"},"up":{"uv":[0,8,16,16],"texture":"#7"},"down":{"uv":[16,16,0,8],"texture":"#7"}}},{"name":"Cube","from":[19,0.8,30],"to":[21,7,30.8],"faces":{"north":{"uv":[0,15,16,16],"texture":"#0"},"east":{"uv":[0,15,8,16],"texture":"#0"},"south":{"uv":[0,15,16,16],"texture":"#0"},"west":{"uv":[8,15,16,16],"texture":"#0"},"up":{"uv":[0,8,16,16],"texture":"#0"},"down":{"uv":[16,16,0,8],"texture":"#0"}}},{"name":"Cube","from":[20.7,26.45,20.0375],"to":[23.7,27.45,24.975],"rotation":{"angle":45,"axis":"x","origin":[-8,6.25,-4.0625]},"faces":{"north":{"uv":[1,14,2,15],"texture":"#0"},"east":{"uv":[1,14,2,15],"texture":"#0"},"south":{"uv":[1,14,2,15],"texture":"#0"},"west":{"uv":[1,14,2,15],"texture":"#0"},"up":{"uv":[1,14,2,15],"texture":"#0"},"down":{"uv":[1,14,2,15],"texture":"#0"}}},{"name":"Cube","from":[21.1,3.2,21],"to":[23.1,7,30],"faces":{"north":{"uv":[0,15,16,16],"texture":"#0"},"east":{"uv":[0,15,8,16],"texture":"#0"},"south":{"uv":[0,15,16,16],"texture":"#0"},"west":{"uv":[8,15,16,16],"texture":"#0"},"up":{"uv":[0,8,16,16],"texture":"#0"},"down":{"uv":[16,16,0,8],"texture":"#0"}}},{"name":"Cube","from":[20.7,3.2,22.5],"to":[23.7,4.2,28],"faces":{"north":{"uv":[1,14,2,15],"texture":"#0"},"east":{"uv":[1,14,2,15],"texture":"#0"},"south":{"uv":[1,14,2,15],"texture":"#0"},"west":{"uv":[1,14,2,15],"texture":"#0"},"up":{"uv":[1,14,2,15],"texture":"#0"},"down":{"uv":[1,14,2,15],"texture":"#0"}}},{"name":"Cube","from":[21.9,2.1,29],"to":[22.9,3.2,30],"faces":{"north":{"uv":[0,16,16,16],"texture":"#0"},"east":{"uv":[16,16,16,16],"texture":"#0"},"south":{"uv":[0,16,16,16],"texture":"#0"},"west":{"uv":[0,16,0,16],"texture":"#0"},"up":{"uv":[0,0,16,0],"texture":"#0"},"down":{"uv":[16,0,0,0],"texture":"#0"}}},{"name":"Cube","from":[21.1,1.3,19.6],"to":[23.1,7,21],"faces":{"north":{"uv":[0,15,16,16],"texture":"#0"},"east":{"uv":[0,15,8,16],"texture":"#0"},"south":{"uv":[0,15,16,16],"texture":"#0"},"west":{"uv":[8,15,16,16],"texture":"#0"},"up":{"uv":[0,8,16,16],"texture":"#0"},"down":{"uv":[16,16,0,8],"texture":"#0"}}},{"name":"Cube","from":[20.7,-14.95,5.3375],"to":[23.7,-13.95,13.275],"rotation":{"angle":-45,"axis":"x","origin":[-8,6.25,-4.0625]},"faces":{"north":{"uv":[1,14,2,15],"texture":"#0"},"east":{"uv":[1,14,2,15],"texture":"#0"},"south":{"uv":[1,14,2,15],"texture":"#0"},"west":{"uv":[1,14,2,15],"texture":"#0"},"up":{"uv":[1,14,2,15],"texture":"#0"},"down":{"uv":[1,14,2,15],"texture":"#0"}}},{"name":"Cube","from":[21.1,0,13.8],"to":[23.1,7,19.6],"faces":{"north":{"uv":[0,15,16,16],"texture":"#0"},"east":{"uv":[0,15,8,16],"texture":"#0"},"south":{"uv":[0,15,16,16],"texture":"#0"},"west":{"uv":[8,15,16,16],"texture":"#0"},"up":{"uv":[0,8,16,16],"texture":"#0"},"down":{"uv":[16,16,0,8],"texture":"#0"}}},{"name":"Cube","from":[21.1,2.1,13.8],"to":[23.1,9.1,17.4],"rotation":{"angle":22.5,"axis":"x","origin":[8,8,8]},"faces":{"north":{"uv":[1,14,2,15],"texture":"#0"},"east":{"uv":[1,14,2,15],"texture":"#0"},"south":{"uv":[1,14,2,15],"texture":"#0"},"west":{"uv":[1,14,2,15],"texture":"#0"},"up":{"uv":[1,14,2,15],"texture":"#0"},"down":{"uv":[1,14,2,15],"texture":"#0"}}},{"name":"Cube","from":[22.1,-1.1,7.95],"to":[23.1,1.9,16.25],"faces":{"north":{"uv":[1,14,2,15],"texture":"#0"},"east":{"uv":[1,14,2,15],"texture":"#0"},"south":{"uv":[1,14,2,15],"texture":"#0"},"west":{"uv":[1,14,2,15],"texture":"#0"},"up":{"uv":[1,14,2,15],"texture":"#0"},"down":{"uv":[1,14,2,15],"texture":"#0"}}},{"name":"Cube","from":[18.7,-2.1,0.35],"to":[23.7,-1.1,17.55],"faces":{"north":{"uv":[0,16,16,12],"texture":"#0"},"east":{"uv":[16,16,14,9],"texture":"#0"},"south":{"uv":[0,16,16,7],"texture":"#0"},"west":{"uv":[0,16,2,11],"texture":"#0"},"up":{"uv":[0,4,16,5],"texture":"#0"},"down":{"uv":[16,0,0,1],"texture":"#0"}}},{"name":"Cube","from":[19.3,3.45,-3.75],"to":[23.7,4.45,4.9875],"rotation":{"angle":45,"axis":"x","origin":[-8,6.25,-4.0625]},"faces":{"north":{"uv":[0,16,16,15],"texture":"#0"},"east":{"uv":[16,16,14,14],"texture":"#0"},"south":{"uv":[0,16,15,13],"texture":"#0"},"west":{"uv":[0,16,3,12],"texture":"#0"},"up":{"uv":[0,0,16,2],"texture":"#0"},"down":{"uv":[16,0,0,1],"texture":"#0"}}},{"name":"Cube","from":[20.95,-1.1,3.75],"to":[21.95,1.9,13.75],"rotation":{"angle":22.5,"axis":"y","origin":[8,8,8]},"faces":{"north":{"uv":[1,14,2,15],"texture":"#0"},"east":{"uv":[1,14,2,15],"texture":"#0"},"south":{"uv":[1,14,2,15],"texture":"#0"},"west":{"uv":[1,14,2,15],"texture":"#0"},"up":{"uv":[1,14,2,15],"texture":"#0"},"down":{"uv":[1,14,2,15],"texture":"#0"}}},{"name":"Cube","from":[22,1.3,7.85],"to":[23.2,2,10.75],"faces":{"north":{"uv":[0,16,15,7],"texture":"#2"},"east":{"uv":[16,16,11,10],"texture":"#2"},"south":{"uv":[0,16,14,10],"texture":"#2"},"west":{"uv":[0,16,6,11],"texture":"#2"},"up":{"uv":[0,0,15,4],"texture":"#2"},"down":{"uv":[16,0,0,3],"texture":"#2"}}},{"name":"Cube","from":[20.9,1.3,9.85],"to":[22.1,2,13.75],"rotation":{"angle":22.5,"axis":"y","origin":[8,8,8]},"faces":{"north":{"uv":[0,16,15,7],"texture":"#2"},"east":{"uv":[16,16,11,10],"texture":"#2"},"south":{"uv":[0,16,14,10],"texture":"#2"},"west":{"uv":[0,16,6,11],"texture":"#2"},"up":{"uv":[0,0,15,4],"texture":"#2"},"down":{"uv":[16,0,0,3],"texture":"#2"}}},{"name":"Cube","from":[20,-0.4375,23.5],"to":[23,2.0625,27.5],"faces":{"north":{"uv":[14,14,15,15],"texture":"#1"},"east":{"uv":[14,14,15,15],"texture":"#1"},"south":{"uv":[14,14,15,15],"texture":"#1"},"west":{"uv":[14,14,15,15],"texture":"#1"},"up":{"uv":[14,14,15,15],"texture":"#1"},"down":{"uv":[14,14,15,15],"texture":"#1"}}},{"name":"Cube","from":[-3,3,8.5],"to":[6,3.6,15.5],"faces":{"north":{"uv":[0,15,16,16],"texture":"#7"},"east":{"uv":[0,15,8,16],"texture":"#7"},"south":{"uv":[0,15,16,16],"texture":"#7"},"west":{"uv":[8,15,16,16],"texture":"#7"},"up":{"uv":[0,8,16,16],"texture":"#7"},"down":{"uv":[16,16,0,8],"texture":"#7"}}},{"name":"Cube","from":[-3.4,2.6,16],"to":[-2.4,5.6,16.4],"faces":{"north":{"uv":[0,15,8,7],"texture":"#2"},"east":{"uv":[0,15,4,9],"texture":"#2"},"south":{"uv":[0,15,6,7],"texture":"#2"},"west":{"uv":[8,15,16,8],"texture":"#2"},"up":{"uv":[0,8,16,16],"texture":"#2"},"down":{"uv":[16,16,0,8],"texture":"#2"}}},{"name":"Cube","from":[5.6,2.6,16],"to":[6.6,5.6,16.4],"faces":{"north":{"uv":[0,15,8,7],"texture":"#2"},"east":{"uv":[0,15,4,9],"texture":"#2"},"south":{"uv":[0,15,6,7],"texture":"#2"},"west":{"uv":[8,15,16,8],"texture":"#2"},"up":{"uv":[0,8,16,16],"texture":"#2"},"down":{"uv":[16,16,0,8],"texture":"#2"}}},{"name":"Cube","from":[-3,6,15.6],"to":[6,11.3,16],"faces":{"north":{"uv":[0,15,16,16],"texture":"#7"},"east":{"uv":[0,15,8,16],"texture":"#7"},"south":{"uv":[0,15,16,16],"texture":"#7"},"west":{"uv":[8,15,16,16],"texture":"#7"},"up":{"uv":[0,8,16,16],"texture":"#7"},"down":{"uv":[16,16,0,8],"texture":"#7"}}},{"name":"Cube","from":[10,3,8.5],"to":[19,3.6,15.5],"faces":{"north":{"uv":[0,15,16,16],"texture":"#7"},"east":{"uv":[0,15,8,16],"texture":"#7"},"south":{"uv":[0,15,16,16],"texture":"#7"},"west":{"uv":[8,15,16,16],"texture":"#7"},"up":{"uv":[0,8,16,16],"texture":"#7"},"down":{"uv":[16,16,0,8],"texture":"#7"}}},{"name":"Cube","from":[-3.4,-2.2,5.6],"to":[19.4,-0.2,9.3],"rotation":{"angle":22.5,"axis":"x","origin":[8,8,8]},"faces":{"north":{"uv":[1,14,2,15],"texture":"#0"},"east":{"uv":[1,14,2,15],"texture":"#0"},"south":{"uv":[1,14,2,15],"texture":"#0"},"west":{"uv":[1,14,2,15],"texture":"#0"},"up":{"uv":[1,14,2,15],"texture":"#0"},"down":{"uv":[1,14,2,15],"texture":"#0"}}},{"name":"Cube","from":[-6.5,-1,7.5],"to":[-3.4,0,18.5],"faces":{"north":{"uv":[1,14,2,15],"texture":"#0"},"east":{"uv":[1,14,2,15],"texture":"#0"},"south":{"uv":[1,14,2,15],"texture":"#0"},"west":{"uv":[1,14,2,15],"texture":"#0"},"up":{"uv":[1,14,2,15],"texture":"#0"},"down":{"uv":[1,14,2,15],"texture":"#0"}}},{"name":"Cube","from":[-5.5,-1,5.5],"to":[-2.4,0,13.5],"rotation":{"angle":-22.5,"axis":"y","origin":[8,8,8]},"faces":{"north":{"uv":[1,14,2,15],"texture":"#0"},"east":{"uv":[1,14,2,15],"texture":"#0"},"south":{"uv":[1,14,2,15],"texture":"#0"},"west":{"uv":[1,14,2,15],"texture":"#0"},"up":{"uv":[1,14,2,15],"texture":"#0"},"down":{"uv":[1,14,2,15],"texture":"#0"}}},{"name":"Cube","from":[18.6,-1,7.5],"to":[22.2,0,18.5],"faces":{"north":{"uv":[1,14,2,15],"texture":"#0"},"east":{"uv":[1,14,2,15],"texture":"#0"},"south":{"uv":[1,14,2,15],"texture":"#0"},"west":{"uv":[1,14,2,15],"texture":"#0"},"up":{"uv":[1,14,2,15],"texture":"#0"},"down":{"uv":[1,14,2,15],"texture":"#0"}}},{"name":"Cube","from":[18,-1,4.5],"to":[21.6,0,13.5],"rotation":{"angle":22.5,"axis":"y","origin":[8,8,8]},"faces":{"north":{"uv":[1,14,2,15],"texture":"#0"},"east":{"uv":[1,14,2,15],"texture":"#0"},"south":{"uv":[1,14,2,15],"texture":"#0"},"west":{"uv":[1,14,2,15],"texture":"#0"},"up":{"uv":[1,14,2,15],"texture":"#0"},"down":{"uv":[1,14,2,15],"texture":"#0"}}},{"name":"Cube","from":[18.6,2.6,16],"to":[19.6,5.6,16.4],"faces":{"north":{"uv":[0,15,8,7],"texture":"#2"},"east":{"uv":[0,15,4,9],"texture":"#2"},"south":{"uv":[0,15,6,7],"texture":"#2"},"west":{"uv":[8,15,16,8],"texture":"#2"},"up":{"uv":[0,8,16,16],"texture":"#2"},"down":{"uv":[16,16,0,8],"texture":"#2"}}},{"name":"Cube","from":[9.6,2.6,16],"to":[10.6,5.6,16.4],"faces":{"north":{"uv":[0,15,8,7],"texture":"#2"},"east":{"uv":[0,15,4,9],"texture":"#2"},"south":{"uv":[0,15,6,7],"texture":"#2"},"west":{"uv":[8,15,16,8],"texture":"#2"},"up":{"uv":[0,8,16,16],"texture":"#2"},"down":{"uv":[16,16,0,8],"texture":"#2"}}},{"name":"Cube","from":[9.6,5.6,16],"to":[19.6,11.6,16.4],"faces":{"north":{"uv":[0,15,16,16],"texture":"#2"},"east":{"uv":[0,15,8,16],"texture":"#2"},"south":{"uv":[0,15,16,16],"texture":"#2"},"west":{"uv":[8,15,16,16],"texture":"#2"},"up":{"uv":[0,8,16,16],"texture":"#2"},"down":{"uv":[16,16,0,8],"texture":"#2"}}},{"name":"Cube","from":[10,6,15.6],"to":[19,11.3,16],"faces":{"north":{"uv":[0,15,16,16],"texture":"#7"},"east":{"uv":[0,15,8,16],"texture":"#7"},"south":{"uv":[0,15,16,16],"texture":"#7"},"west":{"uv":[8,15,16,16],"texture":"#7"},"up":{"uv":[0,8,16,16],"texture":"#7"},"down":{"uv":[16,16,0,8],"texture":"#7"}}},{"name":"Cube","from":[-2.5,8.5,-13.7],"to":[18.5,8.9,0.3],"faces":{"north":{"uv":[0,15,16,16],"texture":"#0"},"east":{"uv":[8,15,16,16],"texture":"#0"},"south":{"uv":[0,15,16,16],"texture":"#0"},"west":{"uv":[0,15,8,16],"texture":"#0"},"up":{"uv":[0,0,16,8],"texture":"#0"},"down":{"uv":[16,8,0,0],"texture":"#0"}}},{"name":"Cube","from":[20.95,1.8,1.8],"to":[21.95,3.1,7.7],"rotation":{"angle":22.5,"axis":"y","origin":[8,8,8]},"faces":{"north":{"uv":[1,14,2,15],"texture":"#0"},"east":{"uv":[1,14,2,15],"texture":"#0"},"south":{"uv":[1,14,2,15],"texture":"#0"},"west":{"uv":[1,14,2,15],"texture":"#0"},"up":{"uv":[1,14,2,15],"texture":"#0"},"down":{"uv":[1,14,2,15],"texture":"#0"}}},{"name":"Cube","from":[17.6,5.7,19],"to":[21.1,6.7,30],"faces":{"north":{"uv":[0,15,16,16],"texture":"#0"},"east":{"uv":[0,15,8,16],"texture":"#0"},"south":{"uv":[0,15,16,16],"texture":"#0"},"west":{"uv":[8,15,16,16],"texture":"#0"},"up":{"uv":[0,8,16,16],"texture":"#0"},"down":{"uv":[16,16,0,8],"texture":"#0"}}},{"name":"Cube","from":[21,6.7,13.7],"to":[23.2,7.3,31.7],"faces":{"north":{"uv":[0,15,16,16],"texture":"#7"},"east":{"uv":[0,15,8,16],"texture":"#7"},"south":{"uv":[0,15,16,16],"texture":"#7"},"west":{"uv":[8,15,16,16],"texture":"#7"},"up":{"uv":[0,8,16,16],"texture":"#7"},"down":{"uv":[16,16,0,8],"texture":"#7"}}},{"name":"Cube","from":[-0.9,5.5,-15.4],"to":[1.5,7.9,-15],"faces":{"north":{"uv":[3,12,4,11],"texture":"#9"},"east":{"uv":[8,15,16,16],"texture":"#2"},"south":{"uv":[0,15,16,16],"texture":"#2"},"west":{"uv":[0,15,8,16],"texture":"#2"},"up":{"uv":[0,0,16,8],"texture":"#2"},"down":{"uv":[16,8,0,0],"texture":"#2"}}},{"name":"Cube","from":[14.5,5.5,-15.4],"to":[16.9,7.9,-15],"faces":{"north":{"uv":[3,12,4,11],"texture":"#9"},"east":{"uv":[8,15,16,16],"texture":"#2"},"south":{"uv":[0,15,16,16],"texture":"#2"},"west":{"uv":[0,15,8,16],"texture":"#2"},"up":{"uv":[0,0,16,8],"texture":"#2"},"down":{"uv":[16,8,0,0],"texture":"#2"}}},{"name":"Cube","from":[19.6,-5.75,24.2625],"to":[23.4125,-4.25,26.7625],"faces":{"north":{"uv":[14,14,15,15],"texture":"#5"},"east":{"uv":[14,14,15,15],"texture":"#5"},"south":{"uv":[14,14,15,15],"texture":"#5"},"west":{"uv":[14,14,15,15],"texture":"#5"},"up":{"uv":[14,14,15,15],"texture":"#5"},"down":{"uv":[14,14,15,15],"texture":"#5"}}},{"name":"Cube","from":[19.6,-6.5,22.5],"to":[23.4125,-4,24],"rotation":{"angle":-45,"axis":"x","origin":[-7.4375,-4,22.5]},"faces":{"north":{"uv":[14,14,15,15],"texture":"#5"},"east":{"uv":[14,14,15,15],"texture":"#5"},"south":{"uv":[14,14,15,15],"texture":"#5"},"west":{"uv":[14,14,15,15],"texture":"#5"},"up":{"uv":[14,14,15,15],"texture":"#5"},"down":{"uv":[14,14,15,15],"texture":"#5"}}},{"name":"Cube","from":[19.6,-4,22.5],"to":[23.4125,-1.4,24],"faces":{"north":{"uv":[14,14,15,15],"texture":"#5"},"east":{"uv":[14,14,15,15],"texture":"#5"},"south":{"uv":[14,14,15,15],"texture":"#5"},"west":{"uv":[14,14,15,15],"texture":"#5"},"up":{"uv":[14,14,15,15],"texture":"#5"},"down":{"uv":[14,14,15,15],"texture":"#5"}}},{"name":"Cube","from":[19.6,-5.29,27.35],"to":[23.4125,-2.89,28.85],"rotation":{"angle":45,"axis":"x","origin":[-7.4375,-2.9375,27.25]},"faces":{"north":{"uv":[14,14,15,15],"texture":"#5"},"east":{"uv":[14,14,15,15],"texture":"#5"},"south":{"uv":[14,14,15,15],"texture":"#5"},"west":{"uv":[14,14,15,15],"texture":"#5"},"up":{"uv":[14,14,15,15],"texture":"#5"},"down":{"uv":[14,14,15,15],"texture":"#5"}}},{"name":"Cube","from":[19.6,-4,26.9125],"to":[23.4125,-1.5,28.4125],"faces":{"north":{"uv":[14,14,15,15],"texture":"#5"},"east":{"uv":[14,14,15,15],"texture":"#5"},"south":{"uv":[14,14,15,15],"texture":"#5"},"west":{"uv":[14,14,15,15],"texture":"#5"},"up":{"uv":[14,14,15,15],"texture":"#5"},"down":{"uv":[14,14,15,15],"texture":"#5"}}},{"name":"Cube","from":[19.6,-1.25,24.1],"to":[23.4125,0.25,26.6],"faces":{"north":{"uv":[14,14,15,15],"texture":"#5"},"east":{"uv":[14,14,15,15],"texture":"#5"},"south":{"uv":[14,14,15,15],"texture":"#5"},"west":{"uv":[14,14,15,15],"texture":"#5"},"up":{"uv":[14,14,15,15],"texture":"#5"},"down":{"uv":[14,14,15,15],"texture":"#5"}}},{"name":"Cube","from":[19.6,-2.0875,24.1875],"to":[23.4125,0.2125,28.75],"rotation":{"angle":45,"axis":"x","origin":[-7.4375,0.3125,24.1875]},"faces":{"north":{"uv":[14,14,15,15],"texture":"#5"},"east":{"uv":[14,14,15,15],"texture":"#5"},"south":{"uv":[14,14,15,15],"texture":"#5"},"west":{"uv":[14,14,15,15],"texture":"#5"},"up":{"uv":[14,14,15,15],"texture":"#5"},"down":{"uv":[14,14,15,15],"texture":"#5"}}},{"name":"Cube","from":[19.6,-5.375,23.5],"to":[23.4125,-2.875,27.9375],"rotation":{"angle":-45,"axis":"x","origin":[-7.4375,-2.875,23.5]},"faces":{"north":{"uv":[14,14,15,15],"texture":"#5"},"east":{"uv":[14,14,15,15],"texture":"#5"},"south":{"uv":[14,14,15,15],"texture":"#5"},"west":{"uv":[14,14,15,15],"texture":"#5"},"up":{"uv":[14,14,15,15],"texture":"#5"},"down":{"uv":[14,14,15,15],"texture":"#5"}}},{"name":"Cube","from":[19.6,-5.75,-9.7375],"to":[23.4125,-4.25,-7.5375],"faces":{"north":{"uv":[14,14,15,15],"texture":"#5"},"east":{"uv":[14,14,15,15],"texture":"#5"},"south":{"uv":[14,14,15,15],"texture":"#5"},"west":{"uv":[14,14,15,15],"texture":"#5"},"up":{"uv":[14,14,15,15],"texture":"#5"},"down":{"uv":[14,14,15,15],"texture":"#5"}}},{"name":"Cube","from":[19.6,-6.5,-11.5],"to":[23.4125,-4,-10],"rotation":{"angle":-45,"axis":"x","origin":[-7.4375,-4,-11.5]},"faces":{"north":{"uv":[14,14,15,15],"texture":"#5"},"east":{"uv":[14,14,15,15],"texture":"#5"},"south":{"uv":[14,14,15,15],"texture":"#5"},"west":{"uv":[14,14,15,15],"texture":"#5"},"up":{"uv":[14,14,15,15],"texture":"#5"},"down":{"uv":[14,14,15,15],"texture":"#5"}}},{"name":"Cube","from":[19.6,-5.4375,-7.75],"to":[23.4125,-2.9375,-5.25],"rotation":{"angle":45,"axis":"x","origin":[-7.4375,-2.9375,-6.75]},"faces":{"north":{"uv":[14,14,15,15],"texture":"#5"},"east":{"uv":[14,14,15,15],"texture":"#5"},"south":{"uv":[14,14,15,15],"texture":"#5"},"west":{"uv":[14,14,15,15],"texture":"#5"},"up":{"uv":[14,14,15,15],"texture":"#5"},"down":{"uv":[14,14,15,15],"texture":"#5"}}},{"name":"Cube","from":[19.6,-3.9,-11.5],"to":[23.4125,-1.4,-10],"faces":{"north":{"uv":[14,14,15,15],"texture":"#5"},"east":{"uv":[14,14,15,15],"texture":"#5"},"south":{"uv":[14,14,15,15],"texture":"#5"},"west":{"uv":[14,14,15,15],"texture":"#5"},"up":{"uv":[14,14,15,15],"texture":"#5"},"down":{"uv":[14,14,15,15],"texture":"#5"}}},{"name":"Cube","from":[19.6,-4,-7.1875],"to":[23.4125,-1.5,-5.6875],"faces":{"north":{"uv":[14,14,15,15],"texture":"#5"},"east":{"uv":[14,14,15,15],"texture":"#5"},"south":{"uv":[14,14,15,15],"texture":"#5"},"west":{"uv":[14,14,15,15],"texture":"#5"},"up":{"uv":[14,14,15,15],"texture":"#5"},"down":{"uv":[14,14,15,15],"texture":"#5"}}},{"name":"Cube","from":[19.6,-1.25,-10],"to":[23.4125,0.15,-7.5],"faces":{"north":{"uv":[14,14,15,15],"texture":"#5"},"east":{"uv":[14,14,15,15],"texture":"#5"},"south":{"uv":[14,14,15,15],"texture":"#5"},"west":{"uv":[14,14,15,15],"texture":"#5"},"up":{"uv":[14,14,15,15],"texture":"#5"},"down":{"uv":[14,14,15,15],"texture":"#5"}}},{"name":"Cube","from":[19.6,-5.375,-10.5],"to":[23.4125,-2.875,-6.1625],"rotation":{"angle":-45,"axis":"x","origin":[-7.4375,-2.875,-10.5]},"faces":{"north":{"uv":[14,14,15,15],"texture":"#5"},"east":{"uv":[14,14,15,15],"texture":"#5"},"south":{"uv":[14,14,15,15],"texture":"#5"},"west":{"uv":[14,14,15,15],"texture":"#5"},"up":{"uv":[14,14,15,15],"texture":"#5"},"down":{"uv":[14,14,15,15],"texture":"#5"}}},{"name":"Cube","from":[19.6,-2.0875,-9.8125],"to":[23.4125,0.0125,-5.45],"rotation":{"angle":45,"axis":"x","origin":[-7.4375,0.3125,-9.8125]},"faces":{"north":{"uv":[14,14,15,15],"texture":"#5"},"east":{"uv":[14,14,15,15],"texture":"#5"},"south":{"uv":[14,14,15,15],"texture":"#5"},"west":{"uv":[14,14,15,15],"texture":"#5"},"up":{"uv":[14,14,15,15],"texture":"#5"},"down":{"uv":[14,14,15,15],"texture":"#5"}}},{"name":"Cube","from":[0.1,15,0.5],"to":[0.6,19,1],"rotation":{"angle":45,"axis":"z","origin":[8,8,8]},"faces":{"north":{"uv":[0,15,16,16],"texture":"#0"},"east":{"uv":[0,15,8,16],"texture":"#0"},"south":{"uv":[0,15,16,16],"texture":"#0"},"west":{"uv":[8,15,16,16],"texture":"#0"},"up":{"uv":[0,8,16,16],"texture":"#0"},"down":{"uv":[16,16,0,8],"texture":"#0"}}},{"name":"Cube","from":[-6.4,9.6,0.4],"to":[-4.4,11.6,1.1],"faces":{"north":{"uv":[0,15,16,16],"texture":"#0"},"east":{"uv":[0,15,8,16],"texture":"#0"},"south":{"uv":[0,15,2,14],"texture":"#9"},"west":{"uv":[8,15,16,16],"texture":"#0"},"up":{"uv":[0,8,16,16],"texture":"#0"},"down":{"uv":[16,16,0,8],"texture":"#0"}}},{"name":"Cube","from":[11.6,8.8,-12.6],"to":[12.6,9.2,-7.9],"faces":{"north":{"uv":[0,15,16,16],"texture":"#7"},"east":{"uv":[0,15,8,16],"texture":"#7"},"south":{"uv":[0,15,2,14],"texture":"#7"},"west":{"uv":[8,15,16,16],"texture":"#7"},"up":{"uv":[0,8,16,16],"texture":"#7"},"down":{"uv":[16,16,0,8],"texture":"#7"}}},{"name":"Cube","from":[3.6,8.8,-12.6],"to":[4.6,9.2,-7.9],"faces":{"north":{"uv":[0,15,16,16],"texture":"#7"},"east":{"uv":[0,15,8,16],"texture":"#7"},"south":{"uv":[0,15,2,14],"texture":"#7"},"west":{"uv":[8,15,16,16],"texture":"#7"},"up":{"uv":[0,8,16,16],"texture":"#7"},"down":{"uv":[16,16,0,8],"texture":"#7"}}},{"name":"Cube","from":[-3.4,-0.1,19],"to":[-2.4,5.7,30],"faces":{"north":{"uv":[0,15,16,16],"texture":"#0"},"east":{"uv":[0,15,8,16],"texture":"#0"},"south":{"uv":[0,15,16,16],"texture":"#0"},"west":{"uv":[8,15,16,16],"texture":"#0"},"up":{"uv":[0,8,16,16],"texture":"#0"},"down":{"uv":[16,16,0,8],"texture":"#0"}}},{"name":"Cube","from":[17.6,-0.1,19],"to":[18.6,5.7,30],"faces":{"north":{"uv":[0,15,16,16],"texture":"#0"},"east":{"uv":[0,15,8,16],"texture":"#0"},"south":{"uv":[0,15,16,16],"texture":"#0"},"west":{"uv":[8,15,16,16],"texture":"#0"},"up":{"uv":[0,8,16,16],"texture":"#0"},"down":{"uv":[16,16,0,8],"texture":"#0"}}},{"name":"Cube","from":[22.1,-1.1,16],"to":[23.1,0,18.5],"faces":{"north":{"uv":[1,14,2,15],"texture":"#0"},"east":{"uv":[1,14,2,15],"texture":"#0"},"south":{"uv":[1,14,2,15],"texture":"#0"},"west":{"uv":[1,14,2,15],"texture":"#0"},"up":{"uv":[1,14,2,15],"texture":"#0"},"down":{"uv":[1,14,2,15],"texture":"#0"}}},{"name":"Cube","from":[-3,-0.3,19],"to":[17.6,1.7,30],"faces":{"north":{"uv":[0,15,16,16],"texture":"#0"},"east":{"uv":[0,15,8,16],"texture":"#0"},"south":{"uv":[0,15,16,16],"texture":"#0"},"west":{"uv":[8,15,16,16],"texture":"#0"},"up":{"uv":[0,8,16,16],"texture":"#0"},"down":{"uv":[16,16,0,8],"texture":"#0"}}},{"name":"Cube","from":[-5.1,0,17.2],"to":[21.2,6.7,19.2],"faces":{"north":{"uv":[0,15,16,16],"texture":"#0"},"east":{"uv":[0,15,8,16],"texture":"#0"},"south":{"uv":[0,15,16,16],"texture":"#0"},"west":{"uv":[8,15,16,16],"texture":"#0"},"up":{"uv":[0,8,16,16],"texture":"#0"},"down":{"uv":[16,16,0,8],"texture":"#0"}}},{"name":"Cube","from":[9.5,1.7,20.8],"to":[17.5,9.7,28.8],"faces":{"north":{"uv":[0,0,16,16],"texture":"#10"},"east":{"uv":[0,0,16,16],"texture":"#11"},"south":{"uv":[0,0,16,16],"texture":"#10"},"west":{"uv":[0,0,16,16],"texture":"#11"},"up":{"uv":[0,0,16,16],"texture":"#12"},"down":{"uv":[0,0,16,16],"texture":"#12"}}},{"name":"Cube","from":[-1.5,1.7,20.8],"to":[6.5,9.7,28.8],"faces":{"north":{"uv":[0,0,16,16],"texture":"#13"},"east":{"uv":[0,0,16,16],"texture":"#13"},"south":{"uv":[0,0,16,16],"texture":"#13"},"west":{"uv":[0,0,16,16],"texture":"#13"},"up":{"uv":[0,0,16,16],"texture":"#14"},"down":{"uv":[0,0,16,16],"texture":"#13"}}},{"name":"Cube","from":[16.5,9.7,19.8],"to":[20.5,13.7,23.8],"rotation":{"angle":-22.5,"axis":"y","origin":[8,8,8]},"faces":{"north":{"uv":[0,0,16,16],"texture":"#13"},"east":{"uv":[0,0,16,16],"texture":"#13"},"south":{"uv":[0,0,16,16],"texture":"#13"},"west":{"uv":[0,0,16,16],"texture":"#13"},"up":{"uv":[0,0,16,16],"texture":"#14"},"down":{"uv":[0,0,16,16],"texture":"#13"}}},{"name":"Cube","from":[-2.4,-0.1,9],"to":[5.6,2.7,16],"faces":{"north":{"uv":[0,15,16,16],"texture":"#2"},"east":{"uv":[0,15,8,16],"texture":"#2"},"south":{"uv":[0,15,16,16],"texture":"#2"},"west":{"uv":[8,15,16,16],"texture":"#2"},"up":{"uv":[0,8,16,16],"texture":"#2"},"down":{"uv":[16,16,0,8],"texture":"#2"}}},{"name":"Cube","from":[10.6,-0.1,9],"to":[18.6,2.7,16],"faces":{"north":{"uv":[0,15,16,16],"texture":"#2"},"east":{"uv":[0,15,8,16],"texture":"#2"},"south":{"uv":[0,15,16,16],"texture":"#2"},"west":{"uv":[8,15,16,16],"texture":"#2"},"up":{"uv":[0,8,16,16],"texture":"#2"},"down":{"uv":[16,16,0,8],"texture":"#2"}}},{"name":"Cube","from":[21.8,7.3,14.8],"to":[22.3,8.5,15.3],"faces":{"north":{"uv":[0,15,16,16],"texture":"#2"},"east":{"uv":[0,15,8,16],"texture":"#2"},"south":{"uv":[0,15,16,16],"texture":"#2"},"west":{"uv":[8,15,16,16],"texture":"#2"},"up":{"uv":[0,8,16,16],"texture":"#2"},"down":{"uv":[16,16,0,8],"texture":"#2"}}},{"name":"Cube","from":[21.8,6.8,18.8],"to":[22.3,8.5,19.3],"faces":{"north":{"uv":[0,15,16,16],"texture":"#2"},"east":{"uv":[0,15,8,16],"texture":"#2"},"south":{"uv":[0,15,16,16],"texture":"#2"},"west":{"uv":[8,15,16,16],"texture":"#2"},"up":{"uv":[0,8,16,16],"texture":"#2"},"down":{"uv":[16,16,0,8],"texture":"#2"}}},{"name":"Cube","from":[21.8,7.3,22.8],"to":[22.3,8.4,23.3],"faces":{"north":{"uv":[0,15,16,16],"texture":"#2"},"east":{"uv":[0,15,8,16],"texture":"#2"},"south":{"uv":[0,15,16,16],"texture":"#2"},"west":{"uv":[8,15,16,16],"texture":"#2"},"up":{"uv":[0,8,16,16],"texture":"#2"},"down":{"uv":[16,16,0,8],"texture":"#2"}}},{"name":"Cube","from":[21.8,7.3,26.8],"to":[22.3,8.4,27.3],"faces":{"north":{"uv":[0,15,16,16],"texture":"#2"},"east":{"uv":[0,15,8,16],"texture":"#2"},"south":{"uv":[0,15,16,16],"texture":"#2"},"west":{"uv":[8,15,16,16],"texture":"#2"},"up":{"uv":[0,8,16,16],"texture":"#2"},"down":{"uv":[16,16,0,8],"texture":"#2"}}},{"name":"Cube","from":[21.8,7.3,30.4],"to":[22.3,8.4,30.9],"faces":{"north":{"uv":[0,15,16,16],"texture":"#2"},"east":{"uv":[0,15,8,16],"texture":"#2"},"south":{"uv":[0,15,16,16],"texture":"#2"},"west":{"uv":[8,15,16,16],"texture":"#2"},"up":{"uv":[0,8,16,16],"texture":"#2"},"down":{"uv":[16,16,0,8],"texture":"#2"}}},{"name":"Cube","from":[21.6,8.3,14.5],"to":[22.5,8.7,31.1],"faces":{"north":{"uv":[0,15,16,16],"texture":"#5"},"east":{"uv":[0,15,8,16],"texture":"#5"},"south":{"uv":[0,15,16,16],"texture":"#5"},"west":{"uv":[8,15,16,16],"texture":"#5"},"up":{"uv":[0,8,16,16],"texture":"#5"},"down":{"uv":[16,16,0,8],"texture":"#5"}}},{"name":"Cube","from":[-5.5,8.3,30.2],"to":[21.6,8.7,31.1],"faces":{"north":{"uv":[0,15,16,16],"texture":"#5"},"east":{"uv":[0,15,8,16],"texture":"#5"},"south":{"uv":[0,15,16,16],"texture":"#5"},"west":{"uv":[8,15,16,16],"texture":"#5"},"up":{"uv":[0,8,16,16],"texture":"#5"},"down":{"uv":[16,16,0,8],"texture":"#5"}}},{"name":"Cube","from":[-5.5,4.7,-7.6],"to":[-3.1,7.1,-6.9],"faces":{"north":{"uv":[1,15,2,16],"texture":"#9"},"east":{"uv":[0,15,8,16],"texture":"#0"},"south":{"uv":[0,15,2,14],"texture":"#0"},"west":{"uv":[8,15,16,16],"texture":"#0"},"up":{"uv":[0,8,16,16],"texture":"#0"},"down":{"uv":[16,16,0,8],"texture":"#0"}}},{"name":"Cube","from":[19.2,4.7,-7.6],"to":[21.6,7.1,-6.9],"faces":{"north":{"uv":[1,15,2,16],"texture":"#9"},"east":{"uv":[0,15,8,16],"texture":"#0"},"south":{"uv":[0,15,2,14],"texture":"#0"},"west":{"uv":[8,15,16,16],"texture":"#0"},"up":{"uv":[0,8,16,16],"texture":"#0"},"down":{"uv":[16,16,0,8],"texture":"#0"}}},{"name":"Cube","from":[21,0,30.8],"to":[23.1,7,31.6],"faces":{"north":{"uv":[0,15,16,16],"texture":"#0"},"east":{"uv":[0,15,8,16],"texture":"#0"},"south":{"uv":[0,15,16,16],"texture":"#0"},"west":{"uv":[8,15,16,16],"texture":"#0"},"up":{"uv":[0,8,16,16],"texture":"#0"},"down":{"uv":[16,16,0,8],"texture":"#0"}}},{"name":"Cube","from":[21.1,0.8,30],"to":[23.1,7,30.8],"faces":{"north":{"uv":[0,15,16,16],"texture":"#0"},"east":{"uv":[0,15,8,16],"texture":"#0"},"south":{"uv":[0,15,16,16],"texture":"#0"},"west":{"uv":[8,15,16,16],"texture":"#0"},"up":{"uv":[0,8,16,16],"texture":"#0"},"down":{"uv":[16,16,0,8],"texture":"#0"}}},{"name":"Cube","from":[22.1,2.2,21],"to":[23.1,3.3,21.8],"faces":{"north":{"uv":[1,14,2,15],"texture":"#0"},"east":{"uv":[1,14,2,15],"texture":"#0"},"south":{"uv":[1,14,2,15],"texture":"#0"},"west":{"uv":[1,14,2,15],"texture":"#0"},"up":{"uv":[1,14,2,15],"texture":"#0"},"down":{"uv":[1,14,2,15],"texture":"#0"}}},{"name":"Cube","from":[22.1,2,28.8],"to":[23.1,3.2,30],"faces":{"north":{"uv":[1,14,2,15],"texture":"#0"},"east":{"uv":[1,14,2,15],"texture":"#0"},"south":{"uv":[1,14,2,15],"texture":"#0"},"west":{"uv":[1,14,2,15],"texture":"#0"},"up":{"uv":[1,14,2,15],"texture":"#0"},"down":{"uv":[1,14,2,15],"texture":"#0"}}},{"name":"Cube","from":[13.5,-1,-15],"to":[18.1,3,0],"faces":{"north":{"uv":[0,15,16,16],"texture":"#0"},"east":{"uv":[8,15,16,16],"texture":"#0"},"south":{"uv":[0,15,16,16],"texture":"#0"},"west":{"uv":[0,15,8,16],"texture":"#0"},"up":{"uv":[0,0,16,8],"texture":"#0"},"down":{"uv":[16,8,0,0],"texture":"#0"}}},{"name":"Cube","from":[13.5,3,-15],"to":[17.5,6,1],"faces":{"north":{"uv":[0,15,16,16],"texture":"#0"},"east":{"uv":[8,15,16,16],"texture":"#0"},"south":{"uv":[0,15,16,16],"texture":"#0"},"west":{"uv":[0,15,8,16],"texture":"#0"},"up":{"uv":[0,0,16,8],"texture":"#0"},"down":{"uv":[16,8,0,0],"texture":"#0"}}},{"name":"Cube","from":[13.5,5.5,-15],"to":[19.5,8.5,1],"faces":{"north":{"uv":[0,15,16,16],"texture":"#0"},"east":{"uv":[8,15,16,16],"texture":"#0"},"south":{"uv":[0,15,16,16],"texture":"#0"},"west":{"uv":[0,15,8,16],"texture":"#0"},"up":{"uv":[0,0,16,8],"texture":"#0"},"down":{"uv":[16,8,0,0],"texture":"#0"}}},{"name":"Cube","from":[2.5,7.5,-15],"to":[13.5,8.5,1],"faces":{"north":{"uv":[0,15,16,16],"texture":"#0"},"east":{"uv":[8,15,16,16],"texture":"#0"},"south":{"uv":[0,15,16,16],"texture":"#0"},"west":{"uv":[0,15,8,16],"texture":"#0"},"up":{"uv":[0,0,16,8],"texture":"#0"},"down":{"uv":[16,8,0,0],"texture":"#0"}}},{"name":"Cube","from":[2.5,-1,-15],"to":[13.5,0,1],"faces":{"north":{"uv":[0,15,16,16],"texture":"#0"},"east":{"uv":[8,15,16,16],"texture":"#0"},"south":{"uv":[0,15,16,16],"texture":"#0"},"west":{"uv":[0,15,8,16],"texture":"#0"},"up":{"uv":[0,0,16,8],"texture":"#0"},"down":{"uv":[16,8,0,0],"texture":"#0"}}},{"name":"Cube","from":[2.5,2.5,-1],"to":[13.5,7.5,1],"faces":{"north":{"uv":[0,15,16,16],"texture":"#0"},"east":{"uv":[8,15,16,16],"texture":"#0"},"south":{"uv":[0,15,16,16],"texture":"#0"},"west":{"uv":[0,15,8,16],"texture":"#0"},"up":{"uv":[0,0,16,8],"texture":"#0"},"down":{"uv":[16,8,0,0],"texture":"#0"}}},{"name":"Cube","from":[18.1,8.5,-3.6],"to":[19.1,9.2,-1.9],"faces":{"north":{"uv":[0,15,16,16],"texture":"#7"},"east":{"uv":[0,15,8,16],"texture":"#7"},"south":{"uv":[0,15,2,14],"texture":"#7"},"west":{"uv":[8,15,16,16],"texture":"#7"},"up":{"uv":[0,8,16,16],"texture":"#7"},"down":{"uv":[16,16,0,8],"texture":"#7"}}},{"name":"Cube","from":[-3.1,8.5,-3.6],"to":[-2.1,9.2,-1.9],"faces":{"north":{"uv":[0,15,16,16],"texture":"#7"},"east":{"uv":[0,15,8,16],"texture":"#7"},"south":{"uv":[0,15,2,14],"texture":"#7"},"west":{"uv":[8,15,16,16],"texture":"#7"},"up":{"uv":[0,8,16,16],"texture":"#7"},"down":{"uv":[16,16,0,8],"texture":"#7"}}},{"name":"Cube","from":[-4,-3.5,25],"to":[20,-2.3,26.5],"faces":{"north":{"uv":[0,15,16,16],"texture":"#2"},"east":{"uv":[8,15,16,16],"texture":"#2"},"south":{"uv":[0,15,16,16],"texture":"#2"},"west":{"uv":[0,15,9,14],"texture":"#2"},"up":{"uv":[0,2,15,6],"texture":"#2"},"down":{"uv":[16,8,0,5],"texture":"#2"}}},{"name":"Cube","from":[-4,-3.5,-9.3],"to":[20,-2.3,-7.8],"faces":{"north":{"uv":[0,15,16,16],"texture":"#2"},"east":{"uv":[8,15,16,16],"texture":"#2"},"south":{"uv":[0,15,16,16],"texture":"#2"},"west":{"uv":[0,15,9,14],"texture":"#2"},"up":{"uv":[0,2,15,6],"texture":"#2"},"down":{"uv":[16,8,0,5],"texture":"#2"}}},{"name":"Cube","from":[2.4,-4,24],"to":[13.4,-1.8,27.5],"faces":{"north":{"uv":[0,15,16,16],"texture":"#5"},"east":{"uv":[8,15,16,16],"texture":"#5"},"south":{"uv":[0,15,16,16],"texture":"#5"},"west":{"uv":[0,15,9,14],"texture":"#5"},"up":{"uv":[0,2,15,6],"texture":"#5"},"down":{"uv":[16,8,0,5],"texture":"#5"}}},{"name":"Cube","from":[2.4,-4,-10.3],"to":[13.4,-1.8,-6.8],"faces":{"north":{"uv":[0,15,16,16],"texture":"#5"},"east":{"uv":[8,15,16,16],"texture":"#5"},"south":{"uv":[0,15,16,16],"texture":"#5"},"west":{"uv":[0,15,9,14],"texture":"#5"},"up":{"uv":[0,2,15,6],"texture":"#5"},"down":{"uv":[16,8,0,5],"texture":"#5"}}},{"name":"Cube","from":[-1.4,6.4,0.1],"to":[-0.1,9,0.5],"rotation":{"angle":-45,"axis":"x","origin":[8,8,8]},"faces":{"north":{"uv":[0,16,8,8],"texture":"#2"},"east":{"uv":[16,16,13,12],"texture":"#2"},"south":{"uv":[0,16,14,11],"texture":"#2"},"west":{"uv":[0,16,2,12],"texture":"#2"},"up":{"uv":[0,0,15,4],"texture":"#2"},"down":{"uv":[16,0,1,4],"texture":"#2"}}},{"name":"Cube","from":[2.6,6.6,0.1],"to":[3.9,8.6,0.5],"rotation":{"angle":-45,"axis":"x","origin":[8,8,8]},"faces":{"north":{"uv":[0,16,8,12],"texture":"#2"},"east":{"uv":[16,16,14,14],"texture":"#2"},"south":{"uv":[0,16,16,13],"texture":"#2"},"west":{"uv":[0,16,2,14],"texture":"#2"},"up":{"uv":[0,0,16,2],"texture":"#2"},"down":{"uv":[16,0,0,2],"texture":"#2"}}},{"name":"Cube","from":[3,7.3,-0.7],"to":[3.6,7.7,0.1],"rotation":{"angle":-45,"axis":"x","origin":[8,8,8]},"faces":{"north":{"uv":[0,16,8,12],"texture":"#2"},"east":{"uv":[16,16,14,14],"texture":"#2"},"south":{"uv":[0,16,16,13],"texture":"#2"},"west":{"uv":[0,16,2,14],"texture":"#2"},"up":{"uv":[0,0,16,2],"texture":"#2"},"down":{"uv":[16,0,0,2],"texture":"#2"}}},{"name":"Cube","from":[-1.1,7.3,-0.7],"to":[-0.5,7.7,0.1],"rotation":{"angle":-45,"axis":"x","origin":[8,8,8]},"faces":{"north":{"uv":[0,16,8,12],"texture":"#2"},"east":{"uv":[16,16,14,14],"texture":"#2"},"south":{"uv":[0,16,16,13],"texture":"#2"},"west":{"uv":[0,16,2,14],"texture":"#2"},"up":{"uv":[0,0,16,2],"texture":"#2"},"down":{"uv":[16,0,0,2],"texture":"#2"}}},{"name":"Cube","from":[6.8,0,6.7],"to":[9.4,3.6,17.2],"faces":{"north":{"uv":[0,16,8,8],"texture":"#0"},"east":{"uv":[16,16,13,12],"texture":"#0"},"south":{"uv":[0,16,14,11],"texture":"#0"},"west":{"uv":[0,16,2,12],"texture":"#0"},"up":{"uv":[0,0,15,4],"texture":"#0"},"down":{"uv":[16,0,1,4],"texture":"#0"}}},{"name":"Cube","from":[6.8,3.2,-0.42],"to":[9.4,5.8,3.98],"rotation":{"angle":-45,"axis":"x","origin":[8,8,8]},"faces":{"north":{"uv":[0,16,8,8],"texture":"#0"},"east":{"uv":[16,16,13,12],"texture":"#0"},"south":{"uv":[0,16,14,11],"texture":"#0"},"west":{"uv":[0,16,2,12],"texture":"#0"},"up":{"uv":[0,0,15,4],"texture":"#0"},"down":{"uv":[16,0,1,4],"texture":"#0"}}},{"name":"Cube","from":[6.9,-2.1,9.18],"to":[9.3,0.5,13.58],"rotation":{"angle":-45,"axis":"x","origin":[8,8,8]},"faces":{"north":{"uv":[0,16,8,8],"texture":"#0"},"east":{"uv":[16,16,13,12],"texture":"#0"},"south":{"uv":[0,16,14,11],"texture":"#0"},"west":{"uv":[0,16,2,12],"texture":"#0"},"up":{"uv":[0,0,15,4],"texture":"#0"},"down":{"uv":[16,0,1,4],"texture":"#0"}}},{"name":"Cube","from":[7.3,3.6,8.4],"to":[8.9,3.7,9.9],"faces":{"north":{"uv":[0,16,8,8],"texture":"#2"},"east":{"uv":[16,16,13,12],"texture":"#2"},"south":{"uv":[0,16,14,11],"texture":"#2"},"west":{"uv":[0,16,2,12],"texture":"#2"},"up":{"uv":[0,0,15,4],"texture":"#2"},"down":{"uv":[16,0,1,4],"texture":"#2"}}},{"name":"Cube","from":[7.9,3.1,7.2],"to":[8.3,5.2,7.6],"rotation":{"angle":-22.5,"axis":"x","origin":[8,8,8]},"faces":{"north":{"uv":[0,16,8,8],"texture":"#1"},"east":{"uv":[16,16,13,12],"texture":"#1"},"south":{"uv":[0,16,14,11],"texture":"#1"},"west":{"uv":[0,16,2,12],"texture":"#1"},"up":{"uv":[0,0,15,4],"texture":"#1"},"down":{"uv":[16,0,1,4],"texture":"#1"}}},{"name":"Cube","from":[7.8,5,7.1],"to":[8.4,5.7,7.7],"rotation":{"angle":-22.5,"axis":"x","origin":[8,8,8]},"faces":{"north":{"uv":[0,16,8,8],"texture":"#2"},"east":{"uv":[16,16,13,12],"texture":"#2"},"south":{"uv":[0,16,14,11],"texture":"#2"},"west":{"uv":[0,16,2,12],"texture":"#2"},"up":{"uv":[0,0,15,4],"texture":"#2"},"down":{"uv":[16,0,1,4],"texture":"#2"}}},{"name":"Cube","from":[1.3,10.7,0.7],"to":[2.1,11.5,5.1],"rotation":{"angle":-45,"axis":"x","origin":[8,8,8]},"faces":{"north":{"uv":[0,16,8,12],"texture":"#0"},"east":{"uv":[16,16,14,14],"texture":"#0"},"south":{"uv":[0,16,16,13],"texture":"#0"},"west":{"uv":[0,16,2,14],"texture":"#0"},"up":{"uv":[0,0,16,2],"texture":"#0"},"down":{"uv":[16,0,0,2],"texture":"#0"}}},{"name":"Cube","from":[-0.8,10.8,4.6],"to":[4.2,11.4,5],"rotation":{"angle":-45,"axis":"x","origin":[8,8,8]},"faces":{"north":{"uv":[0,16,8,12],"texture":"#0"},"east":{"uv":[16,16,14,14],"texture":"#0"},"south":{"uv":[0,16,16,13],"texture":"#0"},"west":{"uv":[0,16,2,14],"texture":"#0"},"up":{"uv":[0,0,16,2],"texture":"#0"},"down":{"uv":[16,0,0,2],"texture":"#0"}}},{"name":"Cube","from":[-0.8,13.6,4.6],"to":[4.2,14.1,5],"rotation":{"angle":-45,"axis":"x","origin":[8,8,8]},"faces":{"north":{"uv":[0,16,8,12],"texture":"#0"},"east":{"uv":[16,16,14,14],"texture":"#0"},"south":{"uv":[0,16,16,13],"texture":"#0"},"west":{"uv":[0,16,2,14],"texture":"#0"},"up":{"uv":[0,0,16,2],"texture":"#0"},"down":{"uv":[16,0,0,2],"texture":"#0"}}},{"name":"Cube","from":[-0.8,8.2,4.6],"to":[4.2,8.7,5],"rotation":{"angle":-45,"axis":"x","origin":[8,8,8]},"faces":{"north":{"uv":[0,16,8,12],"texture":"#0"},"east":{"uv":[16,16,14,14],"texture":"#0"},"south":{"uv":[0,16,16,13],"texture":"#0"},"west":{"uv":[0,16,2,14],"texture":"#0"},"up":{"uv":[0,0,16,2],"texture":"#0"},"down":{"uv":[16,0,0,2],"texture":"#0"}}},{"name":"Cube","from":[4.2,8.6,4.6],"to":[4.7,13.6,5],"rotation":{"angle":-45,"axis":"x","origin":[8,8,8]},"faces":{"north":{"uv":[0,16,8,12],"texture":"#0"},"east":{"uv":[16,16,14,14],"texture":"#0"},"south":{"uv":[0,16,16,13],"texture":"#0"},"west":{"uv":[0,16,2,14],"texture":"#0"},"up":{"uv":[0,0,16,2],"texture":"#0"},"down":{"uv":[16,0,0,2],"texture":"#0"}}},{"name":"Cube","from":[-1.3,8.6,4.6],"to":[-0.8,13.6,5],"rotation":{"angle":-45,"axis":"x","origin":[8,8,8]},"faces":{"north":{"uv":[0,16,8,12],"texture":"#0"},"east":{"uv":[16,16,14,14],"texture":"#0"},"south":{"uv":[0,16,16,13],"texture":"#0"},"west":{"uv":[0,16,2,14],"texture":"#0"},"up":{"uv":[0,0,16,2],"texture":"#0"},"down":{"uv":[16,0,0,2],"texture":"#0"}}},{"name":"Cube","from":[1.4,10.8,5.1],"to":[2,11.4,5.2],"rotation":{"angle":-45,"axis":"x","origin":[8,8,8]},"faces":{"north":{"uv":[0,16,8,12],"texture":"#2"},"east":{"uv":[16,16,14,14],"texture":"#2"},"south":{"uv":[0,16,16,13],"texture":"#2"},"west":{"uv":[0,16,2,14],"texture":"#2"},"up":{"uv":[0,0,16,2],"texture":"#2"},"down":{"uv":[16,0,0,2],"texture":"#2"}}}],"display":{"gui":{"rotation":[30,-135,0],"translation":[0,1,0],"scale":[0.25,0.25,0.25]},"head":{"translation":[12,12,-11],"scale":[1.85,2.1,2]}},"credit":"Model by Craftventure"}