{"textures":{"texture":"block/oak_log_top","anvil":"block/anvil","log_oak":"block/log_oak_2","stone_slab_top":"block/smooth_stone"},"elements":[{"from":[4.5,4.5,-12.75],"to":[11.5,8.5,8],"rotation":{"angle":0,"axis":"y","origin":[8,6.5,8]},"faces":{"east":{"uv":[0,0,16,4],"texture":"#anvil"},"west":{"uv":[0,0,16,4],"texture":"#anvil"},"up":{"uv":[0,0,7,16],"texture":"#anvil"},"down":{"uv":[0,0,7,16],"texture":"#anvil"}}},{"from":[4.5,4.5,8],"to":[11.5,8.5,28.75],"rotation":{"angle":0,"axis":"y","origin":[8,6.5,8]},"faces":{"east":{"uv":[0,0,16,4],"texture":"#anvil"},"west":{"uv":[0,0,16,4],"texture":"#anvil"},"up":{"uv":[7,16,0,0],"texture":"#anvil"},"down":{"uv":[7,16,0,0],"texture":"#anvil"}}},{"from":[-1,-1,-16],"to":[17,17,-13],"faces":{"north":{"uv":[0,0,16,16],"texture":"#texture"},"east":{"uv":[13,0,15.999,15.999],"texture":"#log_oak"},"south":{"uv":[0,0,16,16],"texture":"#texture"},"west":{"uv":[0,0,2.999,15.999],"texture":"#log_oak"},"up":{"uv":[5,0,7.999,15.999],"rotation":90,"texture":"#log_oak"},"down":{"uv":[13,0,15.998,15.999],"rotation":90,"texture":"#log_oak"}}},{"from":[-1,-1,29],"to":[17,17,32],"faces":{"north":{"uv":[0,0,16,16],"texture":"#texture"},"east":{"uv":[0,0,2.999,15.999],"texture":"#log_oak"},"south":{"uv":[0,0,16,16],"texture":"#texture"},"west":{"uv":[13,0,15.999,15.999],"texture":"#log_oak"},"up":{"uv":[7.999,15.999,5,0],"rotation":90,"texture":"#log_oak"},"down":{"uv":[13.998,15.999,11,0],"rotation":90,"texture":"#log_oak"}}},{"from":[14.9786,12,27],"to":[16.4786,12.5,28],"rotation":{"angle":-45,"axis":"z","origin":[14.9786,12.5,27]},"faces":{"north":{"uv":[15,15,16,16],"texture":"#stone_slab_top"},"east":{"uv":[15,15,16,16],"texture":"#stone_slab_top"},"south":{"uv":[15,15,16,16],"texture":"#stone_slab_top"},"west":{"uv":[15,15,16,16],"texture":"#stone_slab_top"},"up":{"uv":[15,15,16,16],"texture":"#stone_slab_top"},"down":{"uv":[15,15,16,16],"texture":"#stone_slab_top"}}},{"from":[14.9786,12,7.5],"to":[16.4786,12.5,8.5],"rotation":{"angle":-45,"axis":"z","origin":[14.9786,12.5,7.5]},"faces":{"north":{"uv":[15,15,16,16],"texture":"#stone_slab_top"},"east":{"uv":[15,15,16,16],"texture":"#stone_slab_top"},"south":{"uv":[15,15,16,16],"texture":"#stone_slab_top"},"west":{"uv":[15,15,16,16],"texture":"#stone_slab_top"},"up":{"uv":[15,15,16,16],"texture":"#stone_slab_top"},"down":{"uv":[15,15,16,16],"texture":"#stone_slab_top"}}},{"from":[14.9786,12,-11.5],"to":[16.4786,12.5,-10.5],"rotation":{"angle":-45,"axis":"z","origin":[14.9786,12.5,-11.5]},"faces":{"north":{"uv":[15,15,16,16],"texture":"#stone_slab_top"},"east":{"uv":[15,15,16,16],"texture":"#stone_slab_top"},"south":{"uv":[15,15,16,16],"texture":"#stone_slab_top"},"west":{"uv":[15,15,16,16],"texture":"#stone_slab_top"},"up":{"uv":[15,15,16,16],"texture":"#stone_slab_top"},"down":{"uv":[15,15,16,16],"texture":"#stone_slab_top"}}},{"from":[-0.0625,10.9375,27],"to":[1.4375,11.4375,28],"rotation":{"angle":45,"axis":"z","origin":[-0.0625,11.4375,27]},"faces":{"north":{"uv":[15,15,16,16],"texture":"#stone_slab_top"},"east":{"uv":[15,15,16,16],"texture":"#stone_slab_top"},"south":{"uv":[15,15,16,16],"texture":"#stone_slab_top"},"west":{"uv":[15,15,16,16],"texture":"#stone_slab_top"},"up":{"uv":[15,15,16,16],"texture":"#stone_slab_top"},"down":{"uv":[15,15,16,16],"texture":"#stone_slab_top"}}},{"from":[-0.0625,10.9375,-11.5],"to":[1.4375,11.4375,-10.5],"rotation":{"angle":45,"axis":"z","origin":[-0.0625,11.4375,-11.5]},"faces":{"north":{"uv":[15,15,16,16],"texture":"#stone_slab_top"},"east":{"uv":[15,15,16,16],"texture":"#stone_slab_top"},"south":{"uv":[15,15,16,16],"texture":"#stone_slab_top"},"west":{"uv":[15,15,16,16],"texture":"#stone_slab_top"},"up":{"uv":[15,15,16,16],"texture":"#stone_slab_top"},"down":{"uv":[15,15,16,16],"texture":"#stone_slab_top"}}},{"from":[-0.0625,10.9375,7.5],"to":[1.4375,11.4375,8.5],"rotation":{"angle":45,"axis":"z","origin":[-0.0625,11.4375,7.5]},"faces":{"north":{"uv":[15,15,16,16],"texture":"#stone_slab_top"},"east":{"uv":[15,15,16,16],"texture":"#stone_slab_top"},"south":{"uv":[15,15,16,16],"texture":"#stone_slab_top"},"west":{"uv":[15,15,16,16],"texture":"#stone_slab_top"},"up":{"uv":[15,15,16,16],"texture":"#stone_slab_top"},"down":{"uv":[15,15,16,16],"texture":"#stone_slab_top"}}},{"from":[0,4.5,-13],"to":[16,16,-12.5],"faces":{"north":{"uv":[0,0,16,11.5],"texture":"#anvil"},"east":{"uv":[0,0,0.5,11.5],"texture":"#anvil"},"south":{"uv":[0,0,16,11.5],"texture":"#anvil"},"west":{"uv":[0,0,0.5,11.5],"texture":"#anvil"},"up":{"uv":[0,0,16,0.5],"texture":"#anvil"},"down":{"uv":[0,0,16,0.5],"texture":"#anvil"}}},{"from":[4.5,4.5,28.5],"to":[11.5,16,29],"faces":{"north":{"uv":[0,0,7,11.5],"texture":"#anvil"},"east":{"uv":[0,0,0.5,11.5],"texture":"#anvil"},"south":{"uv":[0,0,7,11.5],"texture":"#anvil"},"west":{"uv":[0,0,0.5,11.5],"texture":"#anvil"},"up":{"uv":[0,0,7,0.5],"texture":"#anvil"},"down":{"uv":[0,0,7,0.5],"texture":"#anvil"}}},{"from":[0.5,-1,-13],"to":[15.5,0,1],"faces":{"down":{"uv":[0,1,13.998,15],"rotation":270,"texture":"#log_oak"}}},{"from":[0.5,-1,1],"to":[15.5,0,15],"rotation":{"angle":0,"axis":"y","origin":[8,8,22]},"faces":{"down":{"uv":[0,1,13.998,15],"rotation":270,"texture":"#log_oak"}}},{"from":[0.5,-1,15],"to":[15.5,0,29],"rotation":{"angle":0,"axis":"y","origin":[8,8,36]},"faces":{"down":{"uv":[0,1,13.998,15],"rotation":270,"texture":"#log_oak"}}},{"from":[0.5,1.3,-12.5],"to":[15.5,4.5,-4.25],"rotation":{"angle":0,"axis":"y","origin":[8,8,8.5]},"faces":{"up":{"uv":[1,1,7.998,14.998],"rotation":90,"texture":"#texture"}}},{"from":[0.5,1.3,20.25],"to":[15.5,4.5,28.5],"rotation":{"angle":0,"axis":"y","origin":[8,8,7.5]},"faces":{"up":{"uv":[7.998,14.998,1,1],"rotation":90,"texture":"#texture"}}},{"from":[0.5,1.3,-4.25],"to":[15.5,4.5,8],"rotation":{"angle":0,"axis":"y","origin":[8,2.9,8]},"faces":{"up":{"uv":[3,1,12.997,14.997],"rotation":90,"texture":"#texture"}}},{"from":[0.5,1.3,8],"to":[15.5,4.5,20.25],"rotation":{"angle":0,"axis":"y","origin":[8,2.9,8]},"faces":{"up":{"uv":[3,1,12.997,14.997],"rotation":90,"texture":"#texture"}}},{"from":[-1,-1,5.5],"to":[0.5,13,24],"rotation":{"angle":0,"axis":"y","origin":[-0.25,6,12.5]},"faces":{"north":{"uv":[0,0,2,16],"texture":"#log_oak"},"east":{"uv":[0,0,16,16],"texture":"#log_oak"},"south":{"uv":[0,0,2,16],"texture":"#log_oak"},"west":{"uv":[0,3,16,15.499],"rotation":180,"texture":"#log_oak"},"up":{"uv":[0,0,16,2],"rotation":90,"texture":"#log_oak"},"down":{"uv":[0,0,2,15.5],"texture":"#log_oak"}}},{"from":[-1,-1,24],"to":[0.5,13,29],"rotation":{"angle":0,"axis":"y","origin":[-0.25,6,12.5]},"faces":{"north":{"uv":[6,1,10.999,13.498],"rotation":180,"texture":"#log_oak"},"east":{"uv":[6,1,10.999,13.498],"rotation":180,"texture":"#log_oak"},"south":{"uv":[6,1,10.999,13.498],"rotation":180,"texture":"#log_oak"},"west":{"uv":[6,1,10.999,13.498],"rotation":180,"texture":"#log_oak"},"up":{"uv":[7.999,2,12.999,3.999],"rotation":90,"texture":"#log_oak"},"down":{"uv":[3,2,7.999,3.998],"rotation":90,"texture":"#log_oak"}}},{"from":[-1,-1,-13],"to":[0.5,13,5.5],"rotation":{"angle":0,"axis":"y","origin":[-0.25,6,12.5]},"faces":{"east":{"uv":[0,0,16,16],"texture":"#log_oak"},"west":{"uv":[0,3,16,15.499],"rotation":180,"texture":"#log_oak"},"up":{"uv":[0,5,15.999,6.999],"rotation":90,"texture":"#log_oak"},"down":{"uv":[0,0,2,15.5],"texture":"#log_oak"}}},{"from":[15.5,-1,-8],"to":[17,13,10.5],"rotation":{"angle":0,"axis":"y","origin":[16.25,6,3.5]},"faces":{"north":{"uv":[0,0,2,16],"texture":"#log_oak"},"east":{"uv":[0,3,16,15.499],"rotation":180,"texture":"#log_oak"},"south":{"uv":[0,0,2,16],"texture":"#log_oak"},"west":{"uv":[0,0,16,16],"texture":"#log_oak"},"up":{"uv":[16,2,0,0],"rotation":90,"texture":"#log_oak"},"down":{"uv":[2,15.5,0,0],"texture":"#log_oak"}}},{"from":[15.5,-1,-13],"to":[17,13,-8],"rotation":{"angle":0,"axis":"y","origin":[16.25,6,3.5]},"faces":{"north":{"uv":[6,1,10.999,13.498],"rotation":180,"texture":"#log_oak"},"east":{"uv":[6,1,10.999,13.498],"rotation":180,"texture":"#log_oak"},"south":{"uv":[6,1,10.999,13.498],"rotation":180,"texture":"#log_oak"},"west":{"uv":[6,1,10.999,13.498],"rotation":180,"texture":"#log_oak"},"up":{"uv":[12.999,3.999,7.999,2],"rotation":90,"texture":"#log_oak"},"down":{"uv":[7.999,3.998,3,2],"rotation":90,"texture":"#log_oak"}}},{"from":[15.5,-1,10.5],"to":[17,13,29],"rotation":{"angle":0,"axis":"y","origin":[16.25,6,3.5]},"faces":{"east":{"uv":[0,3,16,15.499],"rotation":180,"texture":"#log_oak"},"west":{"uv":[0,0,16,16],"texture":"#log_oak"},"up":{"uv":[15.999,6.999,0,5],"rotation":90,"texture":"#log_oak"},"down":{"uv":[2,15.5,0,0],"texture":"#log_oak"}}},{"from":[1,12,-12],"to":[2,12.5,8.25],"faces":{"north":{"uv":[0,0,1,1],"texture":"#stone_slab_top"},"east":{"uv":[2,0,2.999,15],"rotation":90,"texture":"#stone_slab_top"},"west":{"uv":[5,0,5.999,15],"rotation":270,"texture":"#stone_slab_top"},"up":{"uv":[1,0,2,15],"texture":"#stone_slab_top"},"down":{"uv":[4,0,4.999,15],"rotation":180,"texture":"#stone_slab_top"}}},{"from":[1,12,8.25],"to":[2,12.5,28.5],"rotation":{"angle":0,"axis":"y","origin":[8,8,8.5]},"faces":{"east":{"uv":[7.999,15,8.998,0],"rotation":90,"texture":"#stone_slab_top"},"south":{"uv":[1,0,0,1],"texture":"#stone_slab_top"},"west":{"uv":[12,15,12.998,0],"rotation":270,"texture":"#stone_slab_top"},"up":{"uv":[3,15,3.999,0],"texture":"#stone_slab_top"},"down":{"uv":[10,15,10.998,0],"rotation":180,"texture":"#stone_slab_top"}}},{"from":[14,12,7.75],"to":[15,12.5,28],"faces":{"east":{"uv":[5,0,5.999,15],"rotation":270,"texture":"#stone_slab_top"},"south":{"uv":[0,0,1,1],"texture":"#stone_slab_top"},"west":{"uv":[2,0,2.999,15],"rotation":90,"texture":"#stone_slab_top"},"up":{"uv":[2,15,1,0],"texture":"#stone_slab_top"},"down":{"uv":[4.999,15,4,0],"rotation":180,"texture":"#stone_slab_top"}}},{"from":[14,12,-12.5],"to":[15,12.5,7.75],"rotation":{"angle":0,"axis":"y","origin":[8,8,7.5]},"faces":{"north":{"uv":[1,0,0,1],"texture":"#stone_slab_top"},"east":{"uv":[12,15,12.998,0],"rotation":270,"texture":"#stone_slab_top"},"west":{"uv":[7.999,15,8.998,0],"rotation":90,"texture":"#stone_slab_top"},"up":{"uv":[3.999,0,3,15],"texture":"#stone_slab_top"},"down":{"uv":[10.998,0,10,15],"rotation":180,"texture":"#stone_slab_top"}}}],"display":{"gui":{"rotation":[30,-135,0],"scale":[0.275,0.275,0.275]},"head":{"translation":[0,0,18],"scale":[1.7,1.7,1.7]}},"groups":[0,1,2,3,4,5,6,7,8,9,10,11,12,13,14,15,16,17,18,{"name":"group","origin":[-0.25,6,12.5],"children":[19,20,21]},{"name":"group","origin":[-0.25,6,12.5],"children":[22,23,24]},{"name":"group","origin":[8,8,8.5],"children":[25,26]},{"name":"group","origin":[8,8,8.5],"children":[27,28]}],"credit":"Model by Craftventure"}