{"textures":{"0":"block/spruce_log","1":"block/sandstone","2":"block/oak_planks","3":"block/spruce_planks","4":"block/light_gray_terracotta","5":"block/polished_granite","6":"block/spruce_log_top","7":"block/dark_oak_planks","8":"block/cobblestone","9":"block/oak_trapdoor","10":"block/nether_bricks","11":"block/redstone_lamp","12":"block/hopper_outside","particle":"block/spruce_planks","1_0":"block/bierglas"},"elements":[{"name":"log","from":[4,12,24],"to":[12,20,32],"faces":{"north":{"uv":[0,0,16,16],"texture":"#6"},"east":{"uv":[0,0,16,16],"texture":"#0"},"south":{"uv":[0,0,16,16],"texture":"#6"},"west":{"uv":[0,0,16,16],"texture":"#0"},"up":{"uv":[0,0,16,16],"texture":"#6"},"down":{"uv":[0,0,16,16],"texture":"#0"}}},{"name":"lamp","from":[4,20,0],"to":[12,28,8],"faces":{"north":{"uv":[0,0,16,16],"texture":"#11"},"east":{"uv":[0,0,16,16],"texture":"#11"},"south":{"uv":[0,0,16,16],"texture":"#11"},"west":{"uv":[0,0,16,16],"texture":"#11"},"up":{"uv":[0,0,16,16],"texture":"#11"},"down":{"uv":[0,0,16,16],"texture":"#11"}}},{"name":"log","from":[4,-12,0],"to":[12,-4,8],"faces":{"north":{"uv":[0,0,16,16],"texture":"#0"},"east":{"uv":[0,0,16,16],"texture":"#0"},"south":{"uv":[0,0,16,16],"texture":"#0"},"west":{"uv":[0,0,16,16],"texture":"#0"},"up":{"uv":[0,0,16,16],"texture":"#6"},"down":{"uv":[0,0,16,16],"texture":"#0"}}},{"from":[4,-16,-8],"to":[12,-12,0],"faces":{"north":{"uv":[0,0,16,16],"texture":"#0"},"east":{"uv":[0,0,16,16],"texture":"#0"},"south":{"uv":[0,0,16,16],"texture":"#0"},"west":{"uv":[0,0,16,16],"texture":"#0"},"up":{"uv":[0,0,16,16],"texture":"#6"},"down":{"uv":[0,0,16,16],"texture":"#6"}}},{"from":[4,-16,8],"to":[12,-12,16],"faces":{"north":{"uv":[0,0,16,16],"texture":"#0"},"east":{"uv":[0,0,16,16],"texture":"#0"},"south":{"uv":[0,0,16,16],"texture":"#0"},"west":{"uv":[0,0,16,16],"texture":"#0"},"up":{"uv":[0,0,16,16],"texture":"#6"},"down":{"uv":[0,0,16,16],"texture":"#6"}}},{"from":[4,-16,16],"to":[12,-12,24],"faces":{"north":{"uv":[0,0,16,16],"texture":"#0"},"east":{"uv":[0,0,16,16],"texture":"#0"},"south":{"uv":[0,0,16,16],"texture":"#0"},"west":{"uv":[0,0,16,16],"texture":"#0"},"up":{"uv":[0,0,16,16],"texture":"#6"},"down":{"uv":[0,0,16,16],"texture":"#6"}}},{"from":[4,-16,0],"to":[12,-12,8],"faces":{"north":{"uv":[0,0,16,16],"texture":"#3"},"east":{"uv":[0,0,16,16],"texture":"#3"},"south":{"uv":[0,0,16,16],"texture":"#3"},"west":{"uv":[0,0,16,16],"texture":"#3"},"up":{"uv":[0,0,16,16],"texture":"#3"},"down":{"uv":[0,0,16,16],"texture":"#3"}}},{"from":[4,-16,24],"to":[12,-12,32],"faces":{"north":{"uv":[0,0,16,16],"texture":"#3"},"east":{"uv":[0,0,16,16],"texture":"#3"},"south":{"uv":[0,0,16,16],"texture":"#3"},"west":{"uv":[0,0,16,16],"texture":"#3"},"up":{"uv":[0,0,16,16],"texture":"#3"},"down":{"uv":[0,0,16,16],"texture":"#3"}}},{"from":[12,-16,8],"to":[20,-12,16],"faces":{"north":{"uv":[0,0,16,16],"texture":"#2"},"east":{"uv":[0,0,16,16],"texture":"#2"},"south":{"uv":[0,0,16,16],"texture":"#2"},"west":{"uv":[0,0,16,16],"texture":"#2"},"up":{"uv":[0,0,16,16],"texture":"#2"},"down":{"uv":[0,0,16,16],"texture":"#2"}}},{"from":[-4,-16,8],"to":[4,-12,16],"faces":{"north":{"uv":[0,0,16,16],"texture":"#2"},"east":{"uv":[0,0,16,16],"texture":"#2"},"south":{"uv":[0,0,16,16],"texture":"#2"},"west":{"uv":[0,0,16,16],"texture":"#2"},"up":{"uv":[0,16,16,0],"texture":"#2"},"down":{"uv":[0,0,16,16],"texture":"#2"}}},{"from":[12,-16,24],"to":[20,-12,32],"faces":{"north":{"uv":[0,0,16,16],"texture":"#2"},"east":{"uv":[0,0,16,16],"texture":"#2"},"south":{"uv":[0,0,16,16],"texture":"#2"},"west":{"uv":[0,0,16,16],"texture":"#2"},"up":{"uv":[0,0,16,16],"texture":"#2"},"down":{"uv":[0,0,16,16],"texture":"#2"}}},{"from":[-4,-16,24],"to":[4,-12,32],"faces":{"north":{"uv":[0,0,16,16],"texture":"#2"},"east":{"uv":[0,0,16,16],"texture":"#2"},"south":{"uv":[0,0,16,16],"texture":"#2"},"west":{"uv":[0,0,16,16],"texture":"#2"},"up":{"uv":[0,16,16,0],"texture":"#2"},"down":{"uv":[0,0,16,16],"texture":"#2"}}},{"from":[12,-16,16],"to":[20,-12,24],"faces":{"north":{"uv":[0,0,16,16],"texture":"#2"},"east":{"uv":[0,0,16,16],"texture":"#2"},"south":{"uv":[0,0,16,16],"texture":"#2"},"west":{"uv":[0,0,16,16],"texture":"#2"},"up":{"uv":[0,0,16,16],"texture":"#2"},"down":{"uv":[0,0,16,16],"texture":"#2"}}},{"from":[-4,-16,16],"to":[4,-12,24],"faces":{"north":{"uv":[0,0,16,16],"texture":"#2"},"east":{"uv":[0,0,16,16],"texture":"#2"},"south":{"uv":[0,0,16,16],"texture":"#2"},"west":{"uv":[0,0,16,16],"texture":"#2"},"up":{"uv":[0,16,16,0],"texture":"#2"},"down":{"uv":[0,0,16,16],"texture":"#2"}}},{"from":[12,-16,0],"to":[20,-12,8],"faces":{"north":{"uv":[0,0,16,16],"texture":"#2"},"east":{"uv":[0,0,16,16],"texture":"#2"},"south":{"uv":[0,0,16,16],"texture":"#2"},"west":{"uv":[0,0,16,16],"texture":"#2"},"up":{"uv":[0,0,16,16],"texture":"#2"},"down":{"uv":[0,0,16,16],"texture":"#2"}}},{"from":[-4,-16,0],"to":[4,-12,8],"faces":{"north":{"uv":[0,0,16,16],"texture":"#2"},"east":{"uv":[0,0,16,16],"texture":"#2"},"south":{"uv":[0,0,16,16],"texture":"#2"},"west":{"uv":[0,0,16,16],"texture":"#2"},"up":{"uv":[0,16,16,0],"texture":"#2"},"down":{"uv":[0,0,16,16],"texture":"#2"}}},{"from":[-4,-16,-8],"to":[4,-12,0],"faces":{"north":{"uv":[0,0,16,16],"texture":"#2"},"east":{"uv":[0,0,16,16],"texture":"#2"},"south":{"uv":[0,0,16,16],"texture":"#2"},"west":{"uv":[0,0,16,16],"texture":"#2"},"up":{"uv":[0,16,16,0],"texture":"#2"},"down":{"uv":[0,0,16,16],"texture":"#2"}}},{"from":[12,-16,-8],"to":[20,-12,0],"faces":{"north":{"uv":[0,0,16,16],"texture":"#2"},"east":{"uv":[0,0,16,16],"texture":"#2"},"south":{"uv":[0,0,16,16],"texture":"#2"},"west":{"uv":[0,0,16,16],"texture":"#2"},"up":{"uv":[0,0,16,16],"texture":"#2"},"down":{"uv":[0,0,16,16],"texture":"#2"}}},{"from":[4,-8,-8],"to":[12,-4,0],"faces":{"north":{"uv":[0,0,16,8],"texture":"#7"},"east":{"uv":[0,0,16,8],"texture":"#7"},"south":{"uv":[0,0,16,8],"texture":"#7"},"west":{"uv":[0,0,16,8],"texture":"#7"},"up":{"uv":[0,0,16,16],"texture":"#7"},"down":{"uv":[0,0,16,16],"texture":"#7"}}},{"from":[4,-8,8],"to":[12,-4,16],"faces":{"north":{"uv":[0,0,16,8],"texture":"#7"},"east":{"uv":[0,0,16,8],"texture":"#7"},"south":{"uv":[0,0,16,8],"texture":"#7"},"west":{"uv":[0,0,16,8],"texture":"#7"},"up":{"uv":[0,0,16,16],"texture":"#7"},"down":{"uv":[0,0,16,16],"texture":"#7"}}},{"from":[4,-12,8],"to":[12,-8,12],"faces":{"north":{"uv":[0,0,16,8],"texture":"#7"},"east":{"uv":[0,8,8,16],"texture":"#7"},"south":{"uv":[0,0,16,8],"texture":"#7"},"west":{"uv":[0,8,8,16],"texture":"#7"},"up":{"uv":[0,0,16,16],"texture":"#7"},"down":{"uv":[0,0,16,16],"texture":"#7"}}},{"from":[4,-12,-4],"to":[12,-8,0],"faces":{"north":{"uv":[0,0,16,8],"texture":"#7"},"east":{"uv":[8,8,16,16],"texture":"#7"},"south":{"uv":[0,0,16,8],"texture":"#7"},"west":{"uv":[8,8,16,16],"texture":"#7"},"up":{"uv":[0,0,16,16],"texture":"#7"},"down":{"uv":[0,0,16,16],"texture":"#7"}}},{"from":[4,-12,20],"to":[12,-8,24],"faces":{"north":{"uv":[0,0,16,8],"texture":"#7"},"east":{"uv":[8,8,16,16],"texture":"#7"},"south":{"uv":[0,0,16,8],"texture":"#7"},"west":{"uv":[8,8,16,16],"texture":"#7"},"up":{"uv":[0,0,16,16],"texture":"#7"},"down":{"uv":[0,0,16,16],"texture":"#7"}}},{"from":[12,20,24],"to":[20,24,32],"faces":{"north":{"uv":[0,8,16,16],"texture":"#7"},"east":{"uv":[0,8,16,16],"texture":"#7"},"south":{"uv":[0,8,16,16],"texture":"#7"},"west":{"uv":[0,8,16,16],"texture":"#7"},"up":{"uv":[0,0,16,16],"texture":"#7"},"down":{"uv":[0,0,16,16],"texture":"#7"}}},{"from":[12,24,24],"to":[16,28,32],"faces":{"north":{"uv":[8,0,16,8],"texture":"#7"},"east":{"uv":[0,8,16,16],"texture":"#7"},"south":{"uv":[8,0,16,8],"texture":"#7"},"west":{"uv":[0,8,16,16],"texture":"#7"},"up":{"uv":[0,0,16,16],"texture":"#7"},"down":{"uv":[0,0,16,16],"texture":"#7"}}},{"from":[0,24,24],"to":[4,28,32],"faces":{"north":{"uv":[0,0,8,8],"texture":"#7"},"east":{"uv":[0,8,16,16],"texture":"#7"},"south":{"uv":[0,0,8,8],"texture":"#7"},"west":{"uv":[0,8,16,16],"texture":"#7"},"up":{"uv":[0,0,16,16],"texture":"#7"},"down":{"uv":[0,0,16,16],"texture":"#7"}}},{"from":[4,28,24],"to":[12,32,32],"faces":{"north":{"uv":[0,8,16,16],"texture":"#7"},"east":{"uv":[0,8,16,16],"texture":"#7"},"south":{"uv":[0,8,16,16],"texture":"#7"},"west":{"uv":[0,8,16,16],"texture":"#7"},"up":{"uv":[0,0,16,16],"texture":"#7"},"down":{"uv":[0,0,16,16],"texture":"#7"}}},{"from":[-4,20,24],"to":[4,24,32],"faces":{"north":{"uv":[0,8,16,16],"texture":"#7"},"east":{"uv":[0,8,16,16],"texture":"#7"},"south":{"uv":[0,8,16,16],"texture":"#7"},"west":{"uv":[0,8,16,16],"texture":"#7"},"up":{"uv":[0,0,16,16],"texture":"#7"},"down":{"uv":[0,0,16,16],"texture":"#7"}}},{"from":[4,-8,16],"to":[12,-4,24],"faces":{"north":{"uv":[0,0,16,8],"texture":"#9"},"east":{"uv":[0,0,16,8],"texture":"#7"},"south":{"uv":[0,0,16,8],"texture":"#7"},"west":{"uv":[0,0,16,8],"texture":"#7"},"up":{"uv":[0,0,16,16],"texture":"#7"},"down":{"uv":[0,0,16,16],"texture":"#7"}}},{"name":"bierout","from":[5.875,-4.125,9.875],"to":[10.125,0.125,14.125],"rotation":{"angle":0,"axis":"y","origin":[8,-2,12]},"faces":{"north":{"uv":[8,2,10,4],"texture":"#1_0"},"east":{"uv":[14,2,16,4],"texture":"#1_0"},"south":{"uv":[10,2,12,4],"texture":"#1_0"},"west":{"uv":[12,2,14,4],"texture":"#1_0"},"up":{"uv":[10,0,12,2],"texture":"#1_0"},"down":{"uv":[12,0,14,2],"texture":"#1_0"}}},{"name":"bierin","from":[6,-4,10],"to":[10,0,14],"rotation":{"angle":0,"axis":"y","origin":[8,-2,12]},"faces":{"north":{"uv":[0,2,2,4],"texture":"#1_0"},"east":{"uv":[6,2,8,4],"texture":"#1_0"},"south":{"uv":[2,2,4,4],"texture":"#1_0"},"west":{"uv":[4,2,6,4],"texture":"#1_0"},"up":{"uv":[2,0,4,2],"texture":"#1_0"},"down":{"uv":[4,0,6,2],"texture":"#1_0"}}},{"name":"bierout","from":[5.875,-4.125,-6.125],"to":[10.125,0.125,-1.875],"rotation":{"angle":45,"axis":"y","origin":[8,-2,-4]},"faces":{"north":{"uv":[12,2,14,4],"texture":"#1_0"},"east":{"uv":[8,2,10,4],"texture":"#1_0"},"south":{"uv":[14,2,16,4],"texture":"#1_0"},"west":{"uv":[10,2,12,4],"texture":"#1_0"},"up":{"uv":[10,0,12,2],"rotation":90,"texture":"#1_0"},"down":{"uv":[12,0,14,2],"rotation":270,"texture":"#1_0"}}},{"name":"bierin","from":[6,-4,-6],"to":[10,0,-2],"rotation":{"angle":45,"axis":"y","origin":[8,-2,-4]},"faces":{"north":{"uv":[4,2,6,4],"texture":"#1_0"},"east":{"uv":[0,2,2,4],"texture":"#1_0"},"south":{"uv":[6,2,8,4],"texture":"#1_0"},"west":{"uv":[2,2,4,4],"texture":"#1_0"},"up":{"uv":[2,0,4,2],"rotation":90,"texture":"#1_0"},"down":{"uv":[4,0,6,2],"rotation":270,"texture":"#1_0"}}},{"name":"log","from":[4,20,24],"to":[12,28,32],"rotation":{"angle":0,"axis":"y","origin":[-24,28,60]},"faces":{"north":{"uv":[0,0,16,16],"texture":"#5"},"east":{"uv":[0,0,16,16],"texture":"#5"},"south":{"uv":[0,0,16,16],"texture":"#5"},"west":{"uv":[0,0,16,16],"texture":"#5"},"up":{"uv":[0,0,16,16],"texture":"#5"},"down":{"uv":[0,0,16,16],"texture":"#5"}}},{"name":"log","from":[-4,12,24],"to":[4,20,32],"rotation":{"angle":0,"axis":"y","origin":[-32,20,60]},"faces":{"north":{"uv":[0,0,16,16],"texture":"#5"},"east":{"uv":[0,0,16,16],"texture":"#5"},"south":{"uv":[0,0,16,16],"texture":"#5"},"west":{"uv":[0,0,16,16],"texture":"#5"},"up":{"uv":[0,0,16,16],"texture":"#5"},"down":{"uv":[0,0,16,16],"texture":"#5"}}},{"name":"log","from":[12,12,24],"to":[20,20,32],"rotation":{"angle":0,"axis":"y","origin":[-16,20,60]},"faces":{"north":{"uv":[0,0,16,16],"texture":"#5"},"east":{"uv":[0,0,16,16],"texture":"#5"},"south":{"uv":[0,0,16,16],"texture":"#5"},"west":{"uv":[0,0,16,16],"texture":"#5"},"up":{"uv":[0,0,16,16],"texture":"#5"},"down":{"uv":[0,0,16,16],"texture":"#5"}}},{"name":"log","from":[4,4,24],"to":[12,12,32],"rotation":{"angle":0,"axis":"y","origin":[-24,12,60]},"faces":{"north":{"uv":[0,0,16,16],"texture":"#5"},"east":{"uv":[0,0,16,16],"texture":"#5"},"south":{"uv":[0,0,16,16],"texture":"#5"},"west":{"uv":[0,0,16,16],"texture":"#5"},"up":{"uv":[0,0,16,16],"texture":"#5"},"down":{"uv":[0,0,16,16],"texture":"#5"}}},{"name":"log","from":[-4,4,24],"to":[4,12,32],"rotation":{"angle":0,"axis":"y","origin":[-32,12,60]},"faces":{"north":{"uv":[0,0,16,16],"texture":"#4"},"east":{"uv":[0,0,16,16],"texture":"#4"},"south":{"uv":[0,0,16,16],"texture":"#4"},"west":{"uv":[0,0,16,16],"texture":"#4"},"up":{"uv":[0,0,16,16],"texture":"#4"},"down":{"uv":[0,0,16,16],"texture":"#4"}}},{"name":"log","from":[12,4,24],"to":[20,12,32],"rotation":{"angle":0,"axis":"y","origin":[-16,12,60]},"faces":{"north":{"uv":[0,0,16,16],"texture":"#4"},"east":{"uv":[0,0,16,16],"texture":"#4"},"south":{"uv":[0,0,16,16],"texture":"#4"},"west":{"uv":[0,0,16,16],"texture":"#4"},"up":{"uv":[0,0,16,16],"texture":"#4"},"down":{"uv":[0,0,16,16],"texture":"#4"}}},{"name":"log","from":[12,-4,24],"to":[20,4,32],"rotation":{"angle":0,"axis":"y","origin":[-16,4,60]},"faces":{"north":{"uv":[0,0,16,16],"texture":"#4"},"east":{"uv":[0,0,16,16],"texture":"#4"},"south":{"uv":[0,0,16,16],"texture":"#4"},"west":{"uv":[0,0,16,16],"texture":"#4"},"up":{"uv":[0,0,16,16],"texture":"#4"},"down":{"uv":[0,0,16,16],"texture":"#4"}}},{"name":"log","from":[4,-4,24],"to":[12,4,32],"rotation":{"angle":0,"axis":"y","origin":[-24,4,60]},"faces":{"north":{"uv":[0,0,16,16],"texture":"#4"},"east":{"uv":[0,0,16,16],"texture":"#4"},"south":{"uv":[0,0,16,16],"texture":"#4"},"west":{"uv":[0,0,16,16],"texture":"#4"},"up":{"uv":[0,0,16,16],"texture":"#4"},"down":{"uv":[0,0,16,16],"texture":"#4"}}},{"name":"log","from":[-4,-4,24],"to":[4,4,32],"rotation":{"angle":0,"axis":"y","origin":[-32,4,60]},"faces":{"north":{"uv":[0,0,16,16],"texture":"#4"},"east":{"uv":[0,0,16,16],"texture":"#4"},"south":{"uv":[0,0,16,16],"texture":"#4"},"west":{"uv":[0,0,16,16],"texture":"#4"},"up":{"uv":[0,0,16,16],"texture":"#4"},"down":{"uv":[0,0,16,16],"texture":"#4"}}},{"name":"log","from":[12,-12,24],"to":[20,-4,32],"rotation":{"angle":0,"axis":"y","origin":[-16,-4,60]},"faces":{"north":{"uv":[0,0,16,16],"texture":"#1"},"east":{"uv":[0,0,16,16],"texture":"#1"},"south":{"uv":[0,0,16,16],"texture":"#1"},"west":{"uv":[0,0,16,16],"texture":"#1"},"up":{"uv":[0,0,16,16],"texture":"#1"},"down":{"uv":[0,0,16,16],"texture":"#1"}}},{"name":"log","from":[-4,-12,24],"to":[4,-4,32],"rotation":{"angle":0,"axis":"y","origin":[-32,-4,60]},"faces":{"north":{"uv":[0,0,16,16],"texture":"#1"},"east":{"uv":[0,0,16,16],"texture":"#1"},"south":{"uv":[0,0,16,16],"texture":"#1"},"west":{"uv":[0,0,16,16],"texture":"#1"},"up":{"uv":[0,0,16,16],"texture":"#1"},"down":{"uv":[0,0,16,16],"texture":"#1"}}},{"name":"log","from":[4,-12,24],"to":[12,-4,32],"rotation":{"angle":0,"axis":"y","origin":[-24,-4,60]},"faces":{"north":{"uv":[0,0,16,16],"texture":"#1"},"east":{"uv":[0,0,16,16],"texture":"#1"},"south":{"uv":[0,0,16,16],"texture":"#1"},"west":{"uv":[0,0,16,16],"texture":"#1"},"up":{"uv":[0,0,16,16],"texture":"#1"},"down":{"uv":[0,0,16,16],"texture":"#1"}}},{"from":[4,17,0],"to":[12,20,8],"faces":{"north":{"uv":[0,0,16,6],"texture":"#12"},"east":{"uv":[0,0,16,6],"texture":"#12"},"south":{"uv":[0,0,16,6],"texture":"#12"},"west":{"uv":[0,0,16,6],"texture":"#12"},"up":{"uv":[0,0,16,16],"texture":"#12"},"down":{"uv":[0,0,16,16],"texture":"#12"}}},{"from":[6,14,2],"to":[10,17,6],"faces":{"north":{"uv":[4,6,12,12],"texture":"#12"},"east":{"uv":[4,6,12,12],"texture":"#12"},"south":{"uv":[4,6,12,12],"texture":"#12"},"west":{"uv":[4,6,12,12],"texture":"#12"},"up":{"uv":[4,6,12,12],"texture":"#12"},"down":{"uv":[0,0,7,7],"texture":"#12"}}},{"from":[7,12,3],"to":[9,14,5],"faces":{"north":{"uv":[6,12,10,16],"texture":"#12"},"east":{"uv":[6,12,10,16],"texture":"#12"},"south":{"uv":[6,12,10,16],"texture":"#12"},"west":{"uv":[6,12,10,16],"texture":"#12"},"up":{"uv":[3,3,8,8],"texture":"#12"},"down":{"uv":[3,3,8,8],"texture":"#12"}}},{"from":[7,4,3],"to":[9,12,5],"faces":{"north":{"uv":[6,0,10,16],"texture":"#10"},"east":{"uv":[6,0,10,16],"texture":"#10"},"south":{"uv":[6,0,10,16],"texture":"#10"},"west":{"uv":[6,0,10,16],"texture":"#10"},"up":{"uv":[3,3,8,8],"texture":"#10"},"down":{"uv":[3,3,8,8],"texture":"#10"}}},{"from":[6,-4,2],"to":[10,4,6],"faces":{"north":{"uv":[0,0,8,16],"texture":"#8"},"east":{"uv":[0,0,8,16],"texture":"#8"},"south":{"uv":[0,0,8,16],"texture":"#8"},"west":{"uv":[0,0,8,16],"texture":"#8"},"up":{"uv":[0,0,8,8],"texture":"#8"},"down":{"uv":[0,0,8,8],"texture":"#8"}}},{"name":"log","from":[6.5,7,23],"to":[9.5,9,24],"faces":{"north":{"uv":[11,5,5,9],"texture":"#3"},"east":{"uv":[1,2,3,6],"texture":"#3"},"south":{"uv":[0,0,0,0],"texture":"#3"},"west":{"uv":[10,6,8,10],"texture":"#3"},"up":{"uv":[3,6,9,4],"texture":"#3"},"down":{"uv":[5,7,11,9],"texture":"#3"}}},{"name":"log","from":[6.5,23,23],"to":[9.5,25,24],"faces":{"north":{"uv":[11,5,5,9],"texture":"#3"},"east":{"uv":[1,2,3,6],"texture":"#3"},"south":{"uv":[0,0,0,0],"texture":"#3"},"west":{"uv":[10,6,8,10],"texture":"#3"},"up":{"uv":[3,6,9,4],"texture":"#3"},"down":{"uv":[5,7,11,9],"texture":"#3"}}},{"name":"log","from":[14.5,15,23],"to":[17.5,17,24],"faces":{"north":{"uv":[11,5,5,9],"texture":"#3"},"east":{"uv":[1,2,3,6],"texture":"#3"},"south":{"uv":[0,0,0,0],"texture":"#3"},"west":{"uv":[10,6,8,10],"texture":"#3"},"up":{"uv":[3,6,9,4],"texture":"#3"},"down":{"uv":[5,7,11,9],"texture":"#3"}}},{"name":"log","from":[-1.5,15,23],"to":[1.5,17,24],"faces":{"north":{"uv":[11,5,5,9],"texture":"#3"},"east":{"uv":[1,2,3,6],"texture":"#3"},"south":{"uv":[0,0,0,0],"texture":"#3"},"west":{"uv":[10,6,8,10],"texture":"#3"},"up":{"uv":[3,6,9,4],"texture":"#3"},"down":{"uv":[5,7,11,9],"texture":"#3"}}},{"name":"log","from":[4,12,23],"to":[12,20,24],"faces":{"north":{"uv":[0,0,16,16],"texture":"#9"},"east":{"uv":[13,0,16,16],"texture":"#9"},"west":{"uv":[16,0,13,16],"texture":"#9"},"up":{"uv":[0,16,16,13],"texture":"#9"},"down":{"uv":[0,13,16,16],"texture":"#9"}}}],"display":{"gui":{"rotation":[30,45,0],"translation":[-0.5,1,0],"scale":[0.25,0.25,0.25]},"head":{"rotation":[0,-90,0],"translation":[-77,-56,0],"scale":[3.2,3.2,3.2]}},"groups":[{"name":"group","origin":[8,8,8],"children":[{"name":"LOG","origin":[8,8,8],"children":[0,1,2]},{"name":"PLANKS SPRUCE","origin":[8,8,8],"children":[3,4,5,6,7]},{"name":"PLANKS OAK","origin":[8,8,8],"children":[8,9,10,11,12,13,14,15,16,17]},{"name":"planks dark oak","origin":[8,8,8],"children":[18,19,20,21,22,23,24,25,26,27,28]},{"name":"madhouse_tafel_midden","origin":[8,8,8],"children":[29,30,31,32]},{"name":"granniet","origin":[8,8,8],"children":[33,34,35,36]},{"name":"saaie muur","origin":[8,8,8],"children":[37,38,39,40,41]},{"name":"sandblock","origin":[8,8,8],"children":[42,43,44]},{"name":"dispenser","origin":[8,8,8],"children":[45,46,47]},{"name":"cobble","origin":[8,8,8],"children":[{"name":"group","origin":[8,8,8],"children":[48,49]}]},{"name":"button","origin":[8,8,8],"children":[50,51,52,53]},{"name":"oak_trapdoor","origin":[8,8,8],"children":[54]}]}],"credit":"Model by Craftventure"}