{"textures":{"0":"block/spruce_log","1":"block/birch_planks","3":"block/spruce_planks","4":"block/nether_bricks","5":"block/oak_trapdoor","particle":"block/spruce_planks"},"elements":[{"name":"log","from":[24,-4,24],"to":[32,4,32],"rotation":{"angle":0,"axis":"y","origin":[-4,4,60]},"faces":{"north":{"uv":[0,0,16,16],"texture":"#0"},"east":{"uv":[0,0,16,16],"texture":"#0"},"south":{"uv":[0,0,16,16],"texture":"#0"},"west":{"uv":[0,0,16,16],"texture":"#0"},"up":{"uv":[0,0,16,16],"texture":"#0"},"down":{"uv":[0,0,16,16],"texture":"#0"}}},{"name":"log","from":[8,-12,-16],"to":[16,-4,-8],"faces":{"north":{"uv":[0,0,16,16],"texture":"#0"},"east":{"uv":[0,0,16,16],"texture":"#0"},"south":{"uv":[0,0,16,16],"texture":"#0"},"west":{"uv":[0,0,16,16],"texture":"#0"},"up":{"uv":[0,0,16,16],"texture":"#0"},"down":{"uv":[0,0,16,16],"texture":"#0"}}},{"name":"log","from":[8,-12,24],"to":[16,-4,32],"faces":{"north":{"uv":[0,0,16,16],"texture":"#0"},"east":{"uv":[0,0,16,16],"texture":"#0"},"south":{"uv":[0,0,16,16],"texture":"#0"},"west":{"uv":[0,0,16,16],"texture":"#0"},"up":{"uv":[0,0,16,16],"texture":"#0"},"down":{"uv":[0,0,16,16],"texture":"#0"}}},{"name":"log","from":[24,-4,-16],"to":[32,4,-8],"faces":{"north":{"uv":[0,0,16,16],"texture":"#0"},"east":{"uv":[0,0,16,16],"texture":"#0"},"south":{"uv":[0,0,16,16],"texture":"#0"},"west":{"uv":[0,0,16,16],"texture":"#0"},"up":{"uv":[0,0,16,16],"texture":"#0"},"down":{"uv":[0,0,16,16],"texture":"#0"}}},{"name":"birch","from":[8,-4,24],"to":[16,0,32],"faces":{"north":{"uv":[0,0,16,8],"texture":"#1"},"east":{"uv":[0,0,16,8],"texture":"#1"},"south":{"uv":[0,0,16,8],"texture":"#1"},"west":{"uv":[0,0,16,8],"texture":"#1"},"up":{"uv":[0,0,16,16],"texture":"#1"},"down":{"uv":[0,0,16,16],"texture":"#1"}}},{"name":"birch","from":[8,-4,-16],"to":[16,0,-8],"faces":{"north":{"uv":[0,0,16,8],"texture":"#1"},"east":{"uv":[0,0,16,8],"texture":"#1"},"south":{"uv":[0,0,16,8],"texture":"#1"},"west":{"uv":[0,0,16,8],"texture":"#1"},"up":{"uv":[0,0,16,16],"texture":"#1"},"down":{"uv":[0,0,16,16],"texture":"#1"}}},{"name":"birch","from":[24,4,24],"to":[32,8,32],"faces":{"north":{"uv":[0,0,16,8],"texture":"#1"},"east":{"uv":[0,0,16,8],"texture":"#1"},"south":{"uv":[0,0,16,8],"texture":"#1"},"west":{"uv":[0,0,16,8],"texture":"#1"},"up":{"uv":[0,0,16,16],"texture":"#1"},"down":{"uv":[0,0,16,16],"texture":"#1"}}},{"name":"birch","from":[28,8,-16],"to":[32,12,-8],"faces":{"north":{"uv":[0,0,8,8],"texture":"#1"},"east":{"uv":[0,0,16,8],"texture":"#1"},"south":{"uv":[8,0,16,8],"texture":"#1"},"west":{"uv":[0,0,16,8],"texture":"#1"},"up":{"uv":[0,0,16,16],"texture":"#1"},"down":{"uv":[0,0,16,16],"texture":"#1"}}},{"name":"birch","from":[28,8,24],"to":[32,12,32],"faces":{"north":{"uv":[0,0,8,8],"texture":"#1"},"east":{"uv":[0,0,16,8],"texture":"#1"},"south":{"uv":[8,0,16,8],"texture":"#1"},"west":{"uv":[0,0,16,8],"texture":"#1"},"up":{"uv":[0,0,16,16],"texture":"#1"},"down":{"uv":[0,0,16,16],"texture":"#1"}}},{"name":"birch","from":[12,0,24],"to":[16,4,32],"faces":{"north":{"uv":[0,0,8,8],"texture":"#1"},"east":{"uv":[0,0,16,8],"texture":"#1"},"south":{"uv":[8,0,16,8],"texture":"#1"},"west":{"uv":[0,0,16,8],"texture":"#1"},"up":{"uv":[0,0,16,16],"texture":"#1"},"down":{"uv":[0,0,16,16],"texture":"#1"}}},{"name":"birch","from":[12,0,-16],"to":[16,4,-8],"faces":{"north":{"uv":[0,0,8,8],"texture":"#1"},"east":{"uv":[0,0,16,8],"texture":"#1"},"south":{"uv":[8,0,16,8],"texture":"#1"},"west":{"uv":[0,0,16,8],"texture":"#1"},"up":{"uv":[0,0,16,16],"texture":"#1"},"down":{"uv":[0,0,16,16],"texture":"#1"}}},{"name":"birch","from":[24,4,-16],"to":[32,8,-8],"faces":{"north":{"uv":[0,0,16,8],"texture":"#1"},"east":{"uv":[0,0,16,8],"texture":"#1"},"south":{"uv":[0,0,16,8],"texture":"#1"},"west":{"uv":[0,0,16,8],"texture":"#1"},"up":{"uv":[0,0,16,16],"texture":"#1"},"down":{"uv":[0,0,16,16],"texture":"#1"}}},{"from":[0,-16,-16],"to":[8,-12,-8],"faces":{"north":{"uv":[0,0,16,16],"texture":"#3"},"east":{"uv":[0,0,16,16],"texture":"#3"},"south":{"uv":[0,0,16,16],"texture":"#3"},"west":{"uv":[0,0,16,16],"texture":"#3"},"up":{"uv":[0,0,16,16],"texture":"#3"},"down":{"uv":[0,0,16,16],"texture":"#3"}}},{"from":[0,-16,-8],"to":[8,-12,0],"faces":{"north":{"uv":[0,0,16,16],"texture":"#3"},"east":{"uv":[0,0,16,16],"texture":"#3"},"south":{"uv":[0,0,16,16],"texture":"#3"},"west":{"uv":[0,0,16,16],"texture":"#3"},"up":{"uv":[0,0,16,16],"texture":"#3"},"down":{"uv":[0,0,16,16],"texture":"#3"}}},{"from":[0,-16,0],"to":[8,-12,8],"faces":{"north":{"uv":[0,0,16,16],"texture":"#3"},"east":{"uv":[0,0,16,16],"texture":"#3"},"south":{"uv":[0,0,16,16],"texture":"#3"},"west":{"uv":[0,0,16,16],"texture":"#3"},"up":{"uv":[0,0,16,16],"texture":"#3"},"down":{"uv":[0,0,16,16],"texture":"#3"}}},{"from":[0,-16,8],"to":[8,-12,16],"faces":{"north":{"uv":[0,0,16,16],"texture":"#3"},"east":{"uv":[0,0,16,16],"texture":"#3"},"south":{"uv":[0,0,16,16],"texture":"#3"},"west":{"uv":[0,0,16,16],"texture":"#3"},"up":{"uv":[0,0,16,16],"texture":"#3"},"down":{"uv":[0,0,16,16],"texture":"#3"}}},{"from":[0,-16,24],"to":[8,-12,32],"faces":{"north":{"uv":[0,0,16,16],"texture":"#3"},"east":{"uv":[0,0,16,16],"texture":"#3"},"south":{"uv":[0,0,16,16],"texture":"#3"},"west":{"uv":[0,0,16,16],"texture":"#3"},"up":{"uv":[0,0,16,16],"texture":"#3"},"down":{"uv":[0,0,16,16],"texture":"#3"}}},{"from":[0,-16,16],"to":[8,-12,24],"faces":{"north":{"uv":[0,0,16,16],"texture":"#3"},"east":{"uv":[0,0,16,16],"texture":"#3"},"south":{"uv":[0,0,16,16],"texture":"#3"},"west":{"uv":[0,0,16,16],"texture":"#3"},"up":{"uv":[0,0,16,16],"texture":"#3"},"down":{"uv":[0,0,16,16],"texture":"#3"}}},{"from":[16,-12,24],"to":[24,-4,32],"faces":{"north":{"uv":[0,0,16,16],"texture":"#3"},"east":{"uv":[0,0,16,16],"texture":"#3"},"south":{"uv":[0,0,16,16],"texture":"#3"},"west":{"uv":[0,0,16,16],"texture":"#3"},"up":{"uv":[0,0,16,16],"texture":"#3"},"down":{"uv":[0,0,16,16],"texture":"#3"}}},{"from":[16,-12,16],"to":[24,-4,24],"faces":{"north":{"uv":[0,0,16,16],"texture":"#3"},"east":{"uv":[0,0,16,16],"texture":"#3"},"south":{"uv":[0,0,16,16],"texture":"#3"},"west":{"uv":[0,0,16,16],"texture":"#3"},"up":{"uv":[0,0,16,16],"texture":"#3"},"down":{"uv":[0,0,16,16],"texture":"#3"}}},{"from":[16,-12,8],"to":[24,-4,16],"faces":{"north":{"uv":[0,0,16,16],"texture":"#3"},"east":{"uv":[0,0,16,16],"texture":"#3"},"south":{"uv":[0,0,16,16],"texture":"#3"},"west":{"uv":[0,0,16,16],"texture":"#3"},"up":{"uv":[0,0,16,16],"texture":"#3"},"down":{"uv":[0,0,16,16],"texture":"#3"}}},{"from":[16,-12,0],"to":[24,-4,8],"faces":{"north":{"uv":[0,0,16,16],"texture":"#3"},"east":{"uv":[0,0,16,16],"texture":"#3"},"south":{"uv":[0,0,16,16],"texture":"#3"},"west":{"uv":[0,0,16,16],"texture":"#3"},"up":{"uv":[0,0,16,16],"texture":"#3"},"down":{"uv":[0,0,16,16],"texture":"#3"}}},{"from":[16,-12,-8],"to":[24,-4,0],"faces":{"north":{"uv":[0,0,16,16],"texture":"#3"},"east":{"uv":[0,0,16,16],"texture":"#3"},"south":{"uv":[0,0,16,16],"texture":"#3"},"west":{"uv":[0,0,16,16],"texture":"#3"},"up":{"uv":[0,0,16,16],"texture":"#3"},"down":{"uv":[0,0,16,16],"texture":"#3"}}},{"from":[16,-12,-16],"to":[24,-4,-8],"faces":{"north":{"uv":[0,0,16,16],"texture":"#3"},"east":{"uv":[0,0,16,16],"texture":"#3"},"south":{"uv":[0,0,16,16],"texture":"#3"},"west":{"uv":[0,0,16,16],"texture":"#3"},"up":{"uv":[0,0,16,16],"texture":"#3"},"down":{"uv":[0,0,16,16],"texture":"#3"}}},{"name":"BOVEN","from":[28,0,-8],"to":[32,4,0],"faces":{"north":{"uv":[0,0,8,8],"texture":"#4"},"east":{"uv":[0,0,16,8],"texture":"#4"},"south":{"uv":[0,0,8,8],"texture":"#4"},"west":{"uv":[0,0,16,8],"texture":"#4"},"up":{"uv":[8,16,0,0],"texture":"#4"},"down":{"uv":[0,0,8,16],"texture":"#4"}}},{"name":"BOVEN","from":[28,0,0],"to":[32,4,8],"faces":{"north":{"uv":[0,0,8,8],"texture":"#4"},"east":{"uv":[0,0,16,8],"texture":"#4"},"south":{"uv":[0,0,8,8],"texture":"#4"},"west":{"uv":[0,0,16,8],"texture":"#4"},"up":{"uv":[8,16,0,0],"texture":"#4"},"down":{"uv":[0,0,8,16],"texture":"#4"}}},{"name":"BOVEN","from":[28,0,8],"to":[32,4,16],"faces":{"north":{"uv":[0,0,8,8],"texture":"#4"},"east":{"uv":[0,0,16,8],"texture":"#4"},"south":{"uv":[0,0,8,8],"texture":"#4"},"west":{"uv":[0,0,16,8],"texture":"#4"},"up":{"uv":[8,16,0,0],"texture":"#4"},"down":{"uv":[0,0,8,16],"texture":"#4"}}},{"name":"BOVEN","from":[28,0,16],"to":[32,4,24],"faces":{"north":{"uv":[0,0,8,8],"texture":"#4"},"east":{"uv":[0,0,16,8],"texture":"#4"},"south":{"uv":[0,0,8,8],"texture":"#4"},"west":{"uv":[0,0,16,8],"texture":"#4"},"up":{"uv":[8,16,0,0],"texture":"#4"},"down":{"uv":[0,0,8,16],"texture":"#4"}}},{"name":"BOVEN","from":[12,-8,16],"to":[16,-4,24],"faces":{"north":{"uv":[0,0,8,8],"texture":"#4"},"east":{"uv":[0,0,16,8],"texture":"#4"},"south":{"uv":[0,0,8,8],"texture":"#4"},"west":{"uv":[0,0,16,8],"texture":"#4"},"up":{"uv":[8,16,0,0],"texture":"#4"},"down":{"uv":[0,0,8,16],"texture":"#4"}}},{"name":"BOVEN","from":[12,-8,8],"to":[16,-4,16],"faces":{"north":{"uv":[0,0,8,8],"texture":"#4"},"east":{"uv":[0,0,16,8],"texture":"#4"},"south":{"uv":[0,0,8,8],"texture":"#4"},"west":{"uv":[0,0,16,8],"texture":"#4"},"up":{"uv":[8,16,0,0],"texture":"#4"},"down":{"uv":[0,0,8,16],"texture":"#4"}}},{"name":"ONDER","from":[24,-8,-8],"to":[32,0,0],"faces":{"north":{"uv":[0,0,16,16],"texture":"#4"},"east":{"uv":[0,0,16,16],"texture":"#4"},"south":{"uv":[0,0,16,16],"texture":"#4"},"west":{"uv":[0,0,16,16],"texture":"#4"},"up":{"uv":[16,16,0,0],"texture":"#4"},"down":{"uv":[0,0,16,16],"texture":"#4"}}},{"name":"ONDER","from":[24,-8,0],"to":[32,0,8],"faces":{"north":{"uv":[0,0,16,16],"texture":"#4"},"east":{"uv":[0,0,16,16],"texture":"#4"},"south":{"uv":[0,0,16,16],"texture":"#4"},"west":{"uv":[0,0,16,16],"texture":"#4"},"up":{"uv":[16,16,0,0],"texture":"#4"},"down":{"uv":[0,0,16,16],"texture":"#4"}}},{"name":"ONDER","from":[24,-8,8],"to":[32,0,16],"faces":{"north":{"uv":[0,0,16,16],"texture":"#4"},"east":{"uv":[0,0,16,16],"texture":"#4"},"south":{"uv":[0,0,16,16],"texture":"#4"},"west":{"uv":[0,0,16,16],"texture":"#4"},"up":{"uv":[16,16,0,0],"texture":"#4"},"down":{"uv":[0,0,16,16],"texture":"#4"}}},{"name":"ONDER","from":[24,-8,16],"to":[32,0,24],"faces":{"north":{"uv":[0,0,16,16],"texture":"#4"},"east":{"uv":[0,0,16,16],"texture":"#4"},"south":{"uv":[0,0,16,16],"texture":"#4"},"west":{"uv":[0,0,16,16],"texture":"#4"},"up":{"uv":[16,16,0,0],"texture":"#4"},"down":{"uv":[0,0,16,16],"texture":"#4"}}},{"name":"ONDER","from":[8,-16,16],"to":[16,-8,24],"faces":{"north":{"uv":[0,0,16,16],"texture":"#4"},"east":{"uv":[0,0,16,16],"texture":"#4"},"south":{"uv":[0,0,16,16],"texture":"#4"},"west":{"uv":[0,0,16,16],"texture":"#4"},"up":{"uv":[16,16,0,0],"texture":"#4"},"down":{"uv":[0,0,16,16],"texture":"#4"}}},{"name":"ONDER","from":[8,-16,8],"to":[16,-8,16],"faces":{"north":{"uv":[0,0,16,16],"texture":"#4"},"east":{"uv":[0,0,16,16],"texture":"#4"},"south":{"uv":[0,0,16,16],"texture":"#4"},"west":{"uv":[0,0,16,16],"texture":"#4"},"up":{"uv":[16,16,0,0],"texture":"#4"},"down":{"uv":[0,0,16,16],"texture":"#4"}}},{"name":"ONDER","from":[8,-16,-8],"to":[16,-8,0],"faces":{"north":{"uv":[0,0,16,16],"texture":"#4"},"east":{"uv":[0,0,16,16],"texture":"#4"},"south":{"uv":[0,0,16,16],"texture":"#4"},"west":{"uv":[0,0,16,16],"texture":"#4"},"up":{"uv":[16,16,0,0],"texture":"#4"},"down":{"uv":[0,0,16,16],"texture":"#4"}}},{"name":"ONDER","from":[8,-16,0],"to":[16,-8,8],"faces":{"north":{"uv":[0,0,16,16],"texture":"#4"},"east":{"uv":[0,0,16,16],"texture":"#4"},"south":{"uv":[0,0,16,16],"texture":"#4"},"west":{"uv":[0,0,16,16],"texture":"#4"},"up":{"uv":[16,16,0,0],"texture":"#4"},"down":{"uv":[0,0,16,16],"texture":"#4"}}},{"name":"BOVEN","from":[12,-8,-8],"to":[16,-4,0],"faces":{"north":{"uv":[0,0,8,8],"texture":"#4"},"east":{"uv":[0,0,16,8],"texture":"#4"},"south":{"uv":[0,0,8,8],"texture":"#4"},"west":{"uv":[0,0,16,8],"texture":"#4"},"up":{"uv":[8,16,0,0],"texture":"#4"},"down":{"uv":[0,0,8,16],"texture":"#4"}}},{"name":"BOVEN","from":[12,-8,0],"to":[16,-4,8],"faces":{"north":{"uv":[0,0,8,8],"texture":"#4"},"east":{"uv":[0,0,16,8],"texture":"#4"},"south":{"uv":[0,0,8,8],"texture":"#4"},"west":{"uv":[0,0,16,8],"texture":"#4"},"up":{"uv":[8,16,0,0],"texture":"#4"},"down":{"uv":[0,0,8,16],"texture":"#4"}}},{"name":"oak_trapdoor","from":[30.5,4,-8],"to":[32,12,0],"faces":{"east":{"uv":[0,0,16,16],"texture":"#5"},"south":{"uv":[16,0,13,16],"texture":"#5"},"west":{"uv":[0,0,16,16],"texture":"#5"},"up":{"uv":[16,16,13,0],"texture":"#5"}}},{"name":"oak_trapdoor","from":[30.5,4,0],"to":[32,12,8],"faces":{"north":{"uv":[13,0,16,16],"texture":"#5"},"east":{"uv":[0,0,16,16],"texture":"#5"},"south":{"uv":[16,0,13,16],"texture":"#5"},"west":{"uv":[0,0,16,16],"texture":"#5"},"up":{"uv":[16,16,13,0],"texture":"#5"}}},{"name":"oak_trapdoor","from":[30.5,4,8],"to":[32,12,16],"faces":{"north":{"uv":[13,0,16,16],"texture":"#5"},"east":{"uv":[0,0,16,16],"texture":"#5"},"south":{"uv":[16,0,13,16],"texture":"#5"},"west":{"uv":[0,0,16,16],"texture":"#5"},"up":{"uv":[16,16,13,0],"texture":"#5"}}},{"name":"oak_trapdoor","from":[30.5,4,16],"to":[32,12,24],"faces":{"north":{"uv":[13,0,16,16],"texture":"#5"},"east":{"uv":[0,0,16,16],"texture":"#5"},"west":{"uv":[0,0,16,16],"texture":"#5"},"up":{"uv":[16,16,13,0],"texture":"#5"}}},{"name":"oak_trapdoor","from":[14.5,-4,16],"to":[16,4,24],"faces":{"north":{"uv":[13,0,16,16],"texture":"#5"},"east":{"uv":[0,0,16,16],"texture":"#5"},"west":{"uv":[0,0,16,16],"texture":"#5"},"up":{"uv":[16,16,13,0],"texture":"#5"}}},{"name":"oak_trapdoor","from":[14.5,-4,8],"to":[16,4,16],"faces":{"north":{"uv":[13,0,16,16],"texture":"#5"},"east":{"uv":[0,0,16,16],"texture":"#5"},"south":{"uv":[16,0,13,16],"texture":"#5"},"west":{"uv":[0,0,16,16],"texture":"#5"},"up":{"uv":[16,16,13,0],"texture":"#5"}}},{"name":"oak_trapdoor","from":[14.5,-4,-8],"to":[16,4,0],"faces":{"east":{"uv":[0,0,16,16],"texture":"#5"},"south":{"uv":[16,0,13,16],"texture":"#5"},"west":{"uv":[0,0,16,16],"texture":"#5"},"up":{"uv":[16,16,13,0],"texture":"#5"}}},{"name":"oak_trapdoor","from":[22.5,-4,-16],"to":[24,4,-8],"faces":{"north":{"uv":[13,0,16,16],"texture":"#5"},"east":{"uv":[3,3,6,6],"texture":"#5"},"south":{"uv":[16,0,13,16],"texture":"#5"},"west":{"uv":[0,0,16,16],"texture":"#5"},"up":{"uv":[16,16,13,0],"texture":"#5"}}},{"name":"oak_trapdoor","from":[22.5,-4,24],"to":[24,4,32],"faces":{"north":{"uv":[13,0,16,16],"texture":"#5"},"east":{"uv":[3,3,6,6],"texture":"#5"},"south":{"uv":[16,0,13,16],"texture":"#5"},"west":{"uv":[0,0,16,16],"texture":"#5"},"up":{"uv":[16,16,13,0],"texture":"#5"}}},{"name":"oak_trapdoor","from":[6.5,-12,24],"to":[8,-4,32],"faces":{"north":{"uv":[13,0,16,16],"texture":"#5"},"east":{"uv":[3,3,6,6],"texture":"#5"},"south":{"uv":[16,0,13,16],"texture":"#5"},"west":{"uv":[0,0,16,16],"texture":"#5"},"up":{"uv":[16,16,13,0],"texture":"#5"}}},{"name":"oak_trapdoor","from":[6.5,-12,-16],"to":[8,-4,-8],"faces":{"north":{"uv":[13,0,16,16],"texture":"#5"},"east":{"uv":[3,3,6,6],"texture":"#5"},"south":{"uv":[16,0,13,16],"texture":"#5"},"west":{"uv":[0,0,16,16],"texture":"#5"},"up":{"uv":[16,16,13,0],"texture":"#5"}}},{"name":"oak_trapdoor","from":[14.5,-4,0],"to":[16,4,8],"faces":{"north":{"uv":[13,0,16,16],"texture":"#5"},"east":{"uv":[0,0,16,16],"texture":"#5"},"south":{"uv":[16,0,13,16],"texture":"#5"},"west":{"uv":[0,0,16,16],"texture":"#5"},"up":{"uv":[16,16,13,0],"texture":"#5"}}}],"display":{"gui":{"rotation":[30,135,0],"translation":[1.25,1,0],"scale":[0.25,0.25,0.25]},"head":{"rotation":[0,-90,0],"translation":[0,-56,64],"scale":[3.2,3.2,3.2]}},"groups":[{"name":"group","origin":[8,8,8],"children":[{"name":"LOG","origin":[8,8,8],"children":[0,1,2,3]},{"name":"BIRCH SLAB","origin":[8,8,8],"children":[4,5,6,7,8,9,10,11]},{"name":"PLANKS BIG OAK","origin":[8,8,8],"children":[]},{"name":"PLANKS SPRUCE","origin":[8,8,8],"children":[12,13,14,15,16,17,18,19,20,21,22,23]},{"name":"NETHER","origin":[8,8,8],"children":[24,25,26,27,28,29,30,31,32,33,34,35,36,37,38,39]},{"name":"oak_trapdoor","origin":[8,8,8],"children":[40,41,42,43,44,45,46,47,48,49,50,51]}]}],"credit":"Model by Craftventure"}