{"textures":{"0":"block/barrel_bottom","1":"block/barrel_side","2":"block/barrel_top","4":"block/mat","5":"block/brown_mushroom_block","6":"block/cake_inner","7":"block/cake_side","8":"block/cake_top","9":"block/lantern_emissive","10":"block/redstone_block","11":"block/copper_block","12":"block/red_shulker_box","13":"block/jungle_door_top","14":"block/gray_concrete","particle":"block/barrel_bottom"},"elements":[{"from":[1,0,-11],"to":[15,16,-9],"rotation":{"angle":0,"axis":"y","origin":[7.98203,10.82138,4.9109]},"faces":{"north":{"uv":[1,0,15,16],"texture":"#4","tintindex":1},"east":{"uv":[0,0,2,16],"texture":"#4","tintindex":1},"south":{"uv":[1,0,15,16],"texture":"#4","tintindex":1},"west":{"uv":[0,0,2,16],"texture":"#4","tintindex":1},"up":{"uv":[0,0,14,2],"texture":"#4","tintindex":1},"down":{"uv":[1,0,15,2],"texture":"#4","tintindex":1}}},{"from":[-6,0,26],"to":[8,3,28],"rotation":{"angle":0,"axis":"y","origin":[7.98203,10.82138,4.9109]},"faces":{"north":{"uv":[0,0,14,3],"texture":"#4","tintindex":1},"east":{"uv":[0,0,2,3],"texture":"#4","tintindex":1},"south":{"uv":[0,0,14,3],"texture":"#4","tintindex":1},"west":{"uv":[0,0,2,3],"texture":"#4","tintindex":1},"up":{"uv":[0,0,14,2],"texture":"#4","tintindex":1},"down":{"uv":[0,0,14,2],"texture":"#4","tintindex":1}}},{"from":[11.59327,0,29.12415],"to":[14.42327,3,31.12415],"rotation":{"angle":-45,"axis":"y","origin":[7.98203,10.82138,4.9109]},"faces":{"north":{"uv":[0,0,2.83,3],"texture":"#4","tintindex":1},"east":{"uv":[0,0,2,3],"texture":"#4","tintindex":1},"south":{"uv":[0,0,2.83,3],"texture":"#4","tintindex":1},"west":{"uv":[0,0,2,3],"texture":"#4","tintindex":1},"up":{"uv":[0,0,2.83,2],"texture":"#4","tintindex":1},"down":{"uv":[0,0,2.83,2],"texture":"#4","tintindex":1}}},{"from":[1.5662,0,29.14957],"to":[4.3962,3,31.14957],"rotation":{"angle":45,"axis":"y","origin":[7.98203,10.82138,4.9109]},"faces":{"north":{"uv":[0,0,2.83,3],"texture":"#4","tintindex":1},"east":{"uv":[0,0,2,3],"texture":"#4","tintindex":1},"south":{"uv":[0,0,2.83,3],"texture":"#4","tintindex":1},"west":{"uv":[0,0,2,3],"texture":"#4","tintindex":1},"up":{"uv":[0,0,2.83,2],"texture":"#4","tintindex":1},"down":{"uv":[0,0,2.83,2],"texture":"#4","tintindex":1}}},{"from":[8,0,26],"to":[22,3,28],"rotation":{"angle":0,"axis":"y","origin":[7.98203,10.82138,4.9109]},"faces":{"north":{"uv":[0,0,14,3],"texture":"#4","tintindex":1},"east":{"uv":[0,0,2,3],"texture":"#4","tintindex":1},"south":{"uv":[0,0,14,3],"texture":"#4","tintindex":1},"west":{"uv":[0,0,2,3],"texture":"#4","tintindex":1},"up":{"uv":[0,0,14,2],"texture":"#4","tintindex":1},"down":{"uv":[0,0,14,2],"texture":"#4","tintindex":1}}},{"from":[-8,0,-0.4],"to":[-6,5,14.6],"rotation":{"angle":0,"axis":"y","origin":[7.98203,10.82138,4.9109]},"faces":{"north":{"uv":[0,0,2,5],"texture":"#4","tintindex":1},"east":{"uv":[0,0,15,5],"texture":"#4","tintindex":1},"south":{"uv":[0,0,2,5],"texture":"#4","tintindex":1},"west":{"uv":[0,0,15,5],"texture":"#4","tintindex":1},"up":{"uv":[0,0,2,15],"texture":"#4","tintindex":1},"down":{"uv":[0,0,2,15],"texture":"#4","tintindex":1}}},{"from":[-6,1,11.6],"to":[8,5,13.6],"rotation":{"angle":0,"axis":"y","origin":[7.98203,10.82138,4.9109]},"faces":{"north":{"uv":[0,0,14,4],"texture":"#4","tintindex":1},"east":{"uv":[0,0,2,4],"texture":"#4","tintindex":1},"south":{"uv":[0,0,14,4],"texture":"#4","tintindex":1},"west":{"uv":[0,0,2,4],"texture":"#4","tintindex":1},"up":{"uv":[0,0,14,2],"texture":"#4","tintindex":1},"down":{"uv":[0,0,14,2],"texture":"#4","tintindex":1}}},{"from":[8,1,11.6],"to":[22,5,13.6],"rotation":{"angle":0,"axis":"y","origin":[7.98203,10.82138,4.9109]},"faces":{"north":{"uv":[0,0,14,4],"texture":"#4","tintindex":1},"east":{"uv":[0,0,2,4],"texture":"#4","tintindex":1},"south":{"uv":[0,0,14,4],"texture":"#4","tintindex":1},"west":{"uv":[0,0,2,4],"texture":"#4","tintindex":1},"up":{"uv":[0,0,14,2],"texture":"#4","tintindex":1},"down":{"uv":[0,0,14,2],"texture":"#4","tintindex":1}}},{"from":[22,0,-0.4],"to":[24,5,14.6],"rotation":{"angle":0,"axis":"y","origin":[7.98203,10.82138,4.9109]},"faces":{"north":{"uv":[0,0,2,5],"texture":"#4","tintindex":1},"east":{"uv":[1,0,16,5],"texture":"#4","tintindex":1},"south":{"uv":[0,0,2,5],"texture":"#4","tintindex":1},"west":{"uv":[0,0,15,5],"texture":"#4","tintindex":1},"up":{"uv":[0,0,2,15],"texture":"#4","tintindex":1},"down":{"uv":[0,0,2,15],"texture":"#4","tintindex":1}}},{"from":[-8,0,14.6],"to":[-6,3,26],"rotation":{"angle":0,"axis":"y","origin":[7.98203,10.82138,4.9109]},"faces":{"north":{"uv":[0,0,2,3],"texture":"#4","tintindex":1},"east":{"uv":[0,0,11.4,3],"texture":"#4","tintindex":1},"south":{"uv":[0,0,2,3],"texture":"#4","tintindex":1},"west":{"uv":[0,0,11.4,3],"texture":"#4","tintindex":1},"up":{"uv":[0,0,2,11.4],"texture":"#4","tintindex":1},"down":{"uv":[0,0,2,11.4],"texture":"#4","tintindex":1}}},{"from":[-8,7.15098,16.09021],"to":[-6,9.15098,21.49021],"rotation":{"angle":22.5,"axis":"x","origin":[7.98203,10.82138,4.9109]},"faces":{"north":{"uv":[0,0,2,2],"texture":"#4","tintindex":1},"east":{"uv":[0,0,5.4,2],"texture":"#4","tintindex":1},"south":{"uv":[0,0,2,2],"texture":"#4","tintindex":1},"west":{"uv":[0,0,5.4,2],"texture":"#4","tintindex":1},"up":{"uv":[0,0,2,5.4],"texture":"#4","tintindex":1},"down":{"uv":[0,0,2,5.4],"texture":"#4","tintindex":1}}},{"from":[22,7.15098,16.09021],"to":[24,9.15098,21.49021],"rotation":{"angle":22.5,"axis":"x","origin":[7.98203,10.82138,4.9109]},"faces":{"north":{"uv":[0,0,2,2],"texture":"#4","tintindex":1},"east":{"uv":[0,0,5.4,2],"texture":"#4","tintindex":1},"south":{"uv":[0,0,2,2],"texture":"#4","tintindex":1},"west":{"uv":[0,0,5.4,2],"texture":"#4","tintindex":1},"up":{"uv":[0,0,2,5.4],"texture":"#4","tintindex":1},"down":{"uv":[0,0,2,5.4],"texture":"#4","tintindex":1}}},{"from":[22,0,14.6],"to":[24,3,26],"rotation":{"angle":0,"axis":"y","origin":[7.98203,10.82138,4.9109]},"faces":{"north":{"uv":[0,0,2,3],"texture":"#4","tintindex":1},"east":{"uv":[0,0,11.4,3],"texture":"#4","tintindex":1},"south":{"uv":[0,0,2,3],"texture":"#4","tintindex":1},"west":{"uv":[0,0,11.4,3],"texture":"#4","tintindex":1},"up":{"uv":[0,0,2,11.4],"texture":"#4","tintindex":1},"down":{"uv":[0,0,2,11.4],"texture":"#4","tintindex":1}}},{"from":[-8.8,0,-2.87431],"to":[-6.8,16,0.12569],"rotation":{"angle":-22.5,"axis":"y","origin":[7.98203,10.82138,4.9109]},"faces":{"north":{"uv":[0,0,2,16],"texture":"#4","tintindex":1},"east":{"uv":[0,0,3,16],"texture":"#4","tintindex":1},"south":{"uv":[0,0,2,16],"texture":"#4","tintindex":1},"west":{"uv":[13,0,16,16],"texture":"#4","tintindex":1},"up":{"uv":[0,0,2,3],"texture":"#4","tintindex":1},"down":{"uv":[0,0,2,3],"texture":"#4","tintindex":1}}},{"from":[-8.8,0,0.12569],"to":[-6.8,5,6.12569],"rotation":{"angle":-22.5,"axis":"y","origin":[7.98203,10.82138,4.9109]},"faces":{"north":{"uv":[0,0,2,5],"texture":"#4","tintindex":1},"east":{"uv":[10,0,16,5],"texture":"#4","tintindex":1},"south":{"uv":[0,0,2,5],"texture":"#4","tintindex":1},"west":{"uv":[10,0,16,5],"texture":"#4","tintindex":1},"up":{"uv":[0,0,2,6],"texture":"#4","tintindex":1},"down":{"uv":[0,0,2,6],"texture":"#4","tintindex":1}}},{"from":[22.79727,0,0.13945],"to":[24.79727,5,6.13945],"rotation":{"angle":22.5,"axis":"y","origin":[7.98203,10.82138,4.9109]},"faces":{"north":{"uv":[0,0,2,5],"texture":"#4","tintindex":1},"east":{"uv":[0,0,6,5],"texture":"#4","tintindex":1},"south":{"uv":[0,0,2,5],"texture":"#4","tintindex":1},"west":{"uv":[0,0,6,5],"texture":"#4","tintindex":1},"up":{"uv":[14,0,16,6],"texture":"#4","tintindex":1},"down":{"uv":[0,0,2,6],"texture":"#4","tintindex":1}}},{"from":[22.79727,0,-2.86056],"to":[24.79727,16,0.13944],"rotation":{"angle":22.5,"axis":"y","origin":[7.98203,10.82138,4.9109]},"faces":{"north":{"uv":[0,0,2,16],"texture":"#4","tintindex":1},"east":{"uv":[0,0,3,16],"texture":"#4","tintindex":1},"south":{"uv":[14,0,16,16],"texture":"#4","tintindex":1},"west":{"uv":[13,0,16,16],"texture":"#4","tintindex":1},"up":{"uv":[14,0,16,3],"texture":"#4","tintindex":1},"down":{"uv":[14,0,16,3],"texture":"#4","tintindex":1}}},{"from":[1.62031,0,-12.46076],"to":[7.62031,16,-10.46076],"rotation":{"angle":22.5,"axis":"y","origin":[7.98203,10.82138,4.9109]},"faces":{"north":{"uv":[10,0,16,16],"texture":"#4","tintindex":1},"east":{"uv":[0,0,2,16],"texture":"#4","tintindex":1},"south":{"uv":[0,0,6,16],"texture":"#4","tintindex":1},"west":{"uv":[0,0,2,16],"texture":"#4","tintindex":1},"up":{"uv":[0,0,6,2],"texture":"#4","tintindex":1},"down":{"uv":[0,0,6,2],"texture":"#4","tintindex":1}}},{"from":[8.37696,0,-12.47452],"to":[14.37696,16,-10.47452],"rotation":{"angle":-22.5,"axis":"y","origin":[7.98203,10.82138,4.9109]},"faces":{"north":{"uv":[0,0,6,16],"texture":"#4","tintindex":1},"east":{"uv":[0,0,2,16],"texture":"#4","tintindex":1},"south":{"uv":[10,0,16,16],"texture":"#4","tintindex":1},"west":{"uv":[0,0,2,16],"texture":"#4","tintindex":1},"up":{"uv":[10,0,16,2],"texture":"#4","tintindex":1},"down":{"uv":[10,0,16,2],"texture":"#4","tintindex":1}}},{"from":[-7,4,2],"to":[-5,11,11],"rotation":{"angle":0,"axis":"y","origin":[7.98203,10.82138,4.9109]},"faces":{"north":{"uv":[14,0,16,7],"texture":"#4","tintindex":1},"east":{"uv":[0,0,9,7],"texture":"#4","tintindex":1},"south":{"uv":[0,0,2,7],"texture":"#4","tintindex":1},"west":{"uv":[0,0,9,7],"texture":"#4","tintindex":1},"up":{"uv":[0,0,2,5],"texture":"#4","tintindex":1},"down":{"uv":[0,0,2,9],"texture":"#4","tintindex":1}}},{"from":[-7,11,6.65],"to":[-5,21,11],"rotation":{"angle":0,"axis":"y","origin":[7.98203,10.82138,4.9109]},"faces":{"north":{"uv":[0,0,2,10],"texture":"#4","tintindex":1},"east":{"uv":[0,0,4.35,10],"texture":"#4","tintindex":1},"south":{"uv":[0,0,2,10],"texture":"#4","tintindex":1},"west":{"uv":[0,0,4.35,10],"texture":"#4","tintindex":1},"up":{"uv":[0,0,2,4.35],"texture":"#4","tintindex":1},"down":{"uv":[0,0,2,4.35],"texture":"#4","tintindex":1}}},{"from":[21,11,6.65],"to":[23,21,11],"rotation":{"angle":0,"axis":"y","origin":[7.98203,10.82138,4.9109]},"faces":{"north":{"uv":[0,0,2,10],"texture":"#4","tintindex":1},"east":{"uv":[0,0,4.35,10],"texture":"#4","tintindex":1},"south":{"uv":[0,0,2,10],"texture":"#4","tintindex":1},"west":{"uv":[0,0,4.35,10],"texture":"#4","tintindex":1},"up":{"uv":[0,0,2,4.35],"texture":"#4","tintindex":1},"down":{"uv":[0,0,2,4.35],"texture":"#4","tintindex":1}}},{"from":[-7,11,5],"to":[-5,17,6.65],"rotation":{"angle":0,"axis":"y","origin":[7.98203,10.82138,4.9109]},"faces":{"north":{"uv":[0,0,2,6],"texture":"#4","tintindex":1},"east":{"uv":[0,0,1.65,6],"texture":"#4","tintindex":1},"south":{"uv":[0,0,2,6],"texture":"#4","tintindex":1},"west":{"uv":[0,0,1.65,6],"texture":"#4","tintindex":1},"up":{"uv":[0,0,2,1.65],"texture":"#4","tintindex":1},"down":{"uv":[0,0,2,1.65],"texture":"#4","tintindex":1}}},{"from":[21,11,5],"to":[23,17,6.65],"rotation":{"angle":0,"axis":"y","origin":[7.98203,10.82138,4.9109]},"faces":{"north":{"uv":[0,0,2,6],"texture":"#4","tintindex":1},"east":{"uv":[0,0,1.65,6],"texture":"#4","tintindex":1},"south":{"uv":[0,0,2,6],"texture":"#4","tintindex":1},"west":{"uv":[0,0,1.65,6],"texture":"#4","tintindex":1},"up":{"uv":[0,0,2,1.65],"texture":"#4","tintindex":1},"down":{"uv":[0,0,2,1.65],"texture":"#4","tintindex":1}}},{"from":[-7,16.56378,2.62876],"to":[-5,20.89378,4.27876],"rotation":{"angle":22.5,"axis":"x","origin":[7.98203,10.82138,4.9109]},"faces":{"north":{"uv":[0,0,2,4.33],"texture":"#4","tintindex":1},"east":{"uv":[0,0,1.65,4.33],"texture":"#4","tintindex":1},"south":{"uv":[0,0,2,4.33],"texture":"#4","tintindex":1},"west":{"uv":[0,0,1.65,4.33],"texture":"#4","tintindex":1},"up":{"uv":[0,0,2,1.65],"texture":"#4","tintindex":1},"down":{"uv":[0,0,2,1.65],"texture":"#4","tintindex":1}}},{"from":[21,16.56378,2.62876],"to":[23,20.89378,4.27876],"rotation":{"angle":22.5,"axis":"x","origin":[7.98203,10.82138,4.9109]},"faces":{"north":{"uv":[0,0,2,4.33],"texture":"#4","tintindex":1},"east":{"uv":[0,0,1.65,4.33],"texture":"#4","tintindex":1},"south":{"uv":[0,0,2,4.33],"texture":"#4","tintindex":1},"west":{"uv":[0,0,1.65,4.33],"texture":"#4","tintindex":1},"up":{"uv":[0,0,2,1.65],"texture":"#4","tintindex":1},"down":{"uv":[0,0,2,1.65],"texture":"#4","tintindex":1}}},{"from":[21,4,2],"to":[23,11,11],"rotation":{"angle":0,"axis":"y","origin":[7.98203,10.82138,4.9109]},"faces":{"north":{"uv":[0,0,2,7],"texture":"#4","tintindex":1},"east":{"uv":[7,0,16,7],"texture":"#4","tintindex":1},"south":{"uv":[0,0,2,7],"texture":"#4","tintindex":1},"west":{"uv":[0,0,9,7],"texture":"#4","tintindex":1},"up":{"uv":[0,0,2,5],"texture":"#4","tintindex":1},"down":{"uv":[0,0,2,9],"texture":"#4","tintindex":1}}},{"from":[-5,5,11],"to":[8,21,13],"rotation":{"angle":0,"axis":"y","origin":[7.98203,10.82138,4.9109]},"faces":{"north":{"uv":[3,0,16,16],"texture":"#4","tintindex":1},"east":{"uv":[0,0,2,16],"texture":"#4","tintindex":1},"south":{"uv":[0,0,13,16],"texture":"#4","tintindex":1},"west":{"uv":[0,0,2,16],"texture":"#4","tintindex":1},"up":{"uv":[0,0,2,5],"texture":"#4","tintindex":1},"down":{"uv":[0,0,13,2],"texture":"#4","tintindex":1}}},{"from":[3,21,11],"to":[13,23,13],"rotation":{"angle":0,"axis":"y","origin":[7.98203,10.82138,4.9109]},"faces":{"north":{"uv":[0,0,10,2],"texture":"#4","tintindex":1},"east":{"uv":[0,0,2,2],"texture":"#4","tintindex":1},"south":{"uv":[0,0,10,2],"texture":"#4","tintindex":1},"west":{"uv":[0,0,2,2],"texture":"#4","tintindex":1},"up":{"uv":[0,0,10,2],"texture":"#4","tintindex":1},"down":{"uv":[0,0,10,2],"texture":"#4","tintindex":1}}},{"from":[2.03978,21.9795,11],"to":[8.03978,23.9795,13],"rotation":{"angle":22.5,"axis":"z","origin":[7.98203,10.82138,4.9109]},"faces":{"north":{"uv":[0,0,6,2],"texture":"#4","tintindex":1},"east":{"uv":[0,0,2,2],"texture":"#4","tintindex":1},"south":{"uv":[0,0,6,2],"texture":"#4","tintindex":1},"west":{"uv":[0,0,2,2],"texture":"#4","tintindex":1},"up":{"uv":[0,0,6,2],"texture":"#4","tintindex":1},"down":{"uv":[0,0,6,2],"texture":"#4","tintindex":1}}},{"from":[7.95748,21.99326,11],"to":[13.95748,23.99326,13],"rotation":{"angle":-22.5,"axis":"z","origin":[7.98203,10.82138,4.9109]},"faces":{"north":{"uv":[0,0,6,2],"texture":"#4","tintindex":1},"east":{"uv":[0,0,2,2],"texture":"#4","tintindex":1},"south":{"uv":[0,0,6,2],"texture":"#4","tintindex":1},"west":{"uv":[0,0,2,2],"texture":"#4","tintindex":1},"up":{"uv":[0,0,6,2],"texture":"#4","tintindex":1},"down":{"uv":[0,0,6,2],"texture":"#4","tintindex":1}}},{"from":[8,5,11],"to":[21,21,13],"rotation":{"angle":0,"axis":"y","origin":[7.98203,10.82138,4.9109]},"faces":{"north":{"uv":[0,0,13,16],"texture":"#4","tintindex":1},"east":{"uv":[0,0,2,16],"texture":"#4","tintindex":1},"south":{"uv":[3,0,16,16],"texture":"#4","tintindex":1},"west":{"uv":[0,0,2,16],"texture":"#4","tintindex":1},"up":{"uv":[0,0,2,5],"texture":"#4","tintindex":1},"down":{"uv":[0,0,13,2],"texture":"#4","tintindex":1}}},{"from":[11.46726,5,17.83586],"to":[14.29726,21,19.83586],"rotation":{"angle":45,"axis":"y","origin":[7.98203,10.82138,4.9109]},"faces":{"north":{"uv":[0,0,2.83,16],"texture":"#4","tintindex":1},"east":{"uv":[0,0,2,16],"texture":"#4","tintindex":1},"south":{"uv":[13,0,15.83,16],"texture":"#4","tintindex":1},"west":{"uv":[0,0,2,16],"texture":"#4","tintindex":1},"up":{"uv":[0,0,2.83,2],"texture":"#4","tintindex":1},"down":{"uv":[0,0,2.83,2],"texture":"#4","tintindex":1}}},{"from":[1.69221,5,17.81044],"to":[4.52221,21,19.81044],"rotation":{"angle":-45,"axis":"y","origin":[7.98203,10.82138,4.9109]},"faces":{"north":{"uv":[0,0,2.83,16],"texture":"#4","tintindex":1},"east":{"uv":[0,0,2,16],"texture":"#4","tintindex":1},"south":{"uv":[0,0,2.83,16],"texture":"#4","tintindex":1},"west":{"uv":[0,0,2,16],"texture":"#4","tintindex":1},"up":{"uv":[0,0,2.83,2],"texture":"#4","tintindex":1},"down":{"uv":[0,0,2.83,2],"texture":"#4","tintindex":1}}},{"from":[-6,0.1,10],"to":[8,2.85,26],"rotation":{"angle":0,"axis":"y","origin":[7.98203,10.82138,4.9109]},"faces":{"north":{"uv":[0,0,14,2.75],"texture":"#5"},"east":{"uv":[0,0,16,2.75],"texture":"#5"},"south":{"uv":[0,0,14,2.75],"texture":"#5"},"west":{"uv":[0,0,16,2.75],"texture":"#5"},"up":{"uv":[1,1,15,15],"texture":"#5"},"down":{"uv":[1,1,15,15],"texture":"#14"}}},{"from":[-6,0.1,2.5],"to":[8,11.85,10],"rotation":{"angle":0,"axis":"y","origin":[7.98203,10.82138,4.9109]},"faces":{"north":{"uv":[1,1,15,12.75],"texture":"#5"},"east":{"uv":[0,0,7.5,11.75],"texture":"#5"},"south":{"uv":[0,0,14,11.75],"texture":"#5"},"west":{"uv":[0,0,7.5,11.75],"texture":"#5"},"up":{"uv":[0,0,14,7.5],"texture":"#5"},"down":{"uv":[0,0,14,7.5],"texture":"#14"}}},{"from":[8,0.1,2.5],"to":[22,11.85,10],"rotation":{"angle":0,"axis":"y","origin":[7.98203,10.82138,4.9109]},"faces":{"north":{"uv":[1,1,15,12.75],"texture":"#5"},"east":{"uv":[0,0,7.5,11.75],"texture":"#5"},"south":{"uv":[0,0,14,11.75],"texture":"#5"},"west":{"uv":[0,0,7.5,11.75],"texture":"#5"},"up":{"uv":[0,0,14,7.5],"texture":"#5"},"down":{"uv":[0,0,14,7.5],"texture":"#14"}}},{"from":[8,0.1,-9],"to":[16,4.85,3],"rotation":{"angle":0,"axis":"y","origin":[7.98203,10.82138,4.9109]},"faces":{"north":{"uv":[0,0,8,4.75],"texture":"#5"},"east":{"uv":[0,0,12,4.75],"texture":"#5"},"south":{"uv":[0,0,8,4.75],"texture":"#5"},"west":{"uv":[0,0,12,4.75],"texture":"#5"},"up":{"uv":[4,2,12,14],"texture":"#5"},"down":{"uv":[0,0,8,12],"texture":"#14"}}},{"from":[0,0.1,-9],"to":[8,4.85,3],"rotation":{"angle":0,"axis":"y","origin":[7.98203,10.82138,4.9109]},"faces":{"north":{"uv":[0,0,8,4.75],"texture":"#5"},"east":{"uv":[0,0,12,4.75],"texture":"#5"},"south":{"uv":[0,0,8,4.75],"texture":"#5"},"west":{"uv":[0,0,12,4.75],"texture":"#5"},"up":{"uv":[4,2,12,14],"texture":"#5"},"down":{"uv":[0,0,8,12],"texture":"#14"}}},{"from":[-6,0.1,-5],"to":[0,4.85,3],"rotation":{"angle":0,"axis":"y","origin":[7.98203,10.82138,4.9109]},"faces":{"north":{"uv":[0,0,6,4.75],"texture":"#5"},"east":{"uv":[0,0,8,4.75],"texture":"#5"},"south":{"uv":[0,0,6,4.75],"texture":"#5"},"west":{"uv":[0,0,8,4.75],"texture":"#5"},"up":{"uv":[7,6,13,14],"texture":"#5"},"down":{"uv":[0,0,6,8],"texture":"#14"}}},{"from":[16,0.1,-8.5],"to":[20,4.85,-5],"rotation":{"angle":0,"axis":"y","origin":[7.98203,10.82138,4.9109]},"faces":{"north":{"uv":[0,0,4,4.75],"texture":"#5"},"east":{"uv":[0,0,3.5,4.75],"texture":"#5"},"south":{"uv":[0,0,4,4.75],"texture":"#5"},"west":{"uv":[0,0,3.5,4.75],"texture":"#5"},"up":{"uv":[5,2,9,5.5],"texture":"#5"},"down":{"uv":[0,0,4,3.5],"texture":"#14"}}},{"from":[-4,0.1,-8.5],"to":[0,4.85,-5],"rotation":{"angle":0,"axis":"y","origin":[7.98203,10.82138,4.9109]},"faces":{"north":{"uv":[0,0,4,4.75],"texture":"#5"},"east":{"uv":[0,0,3.5,4.75],"texture":"#5"},"south":{"uv":[0,0,4,4.75],"texture":"#5"},"west":{"uv":[0,0,3.5,4.75],"texture":"#5"},"up":{"uv":[5,2,9,5.5],"texture":"#5"},"down":{"uv":[0,0,4,3.5],"texture":"#14"}}},{"from":[16,0.1,-5],"to":[22,4.85,3],"rotation":{"angle":0,"axis":"y","origin":[7.98203,10.82138,4.9109]},"faces":{"north":{"uv":[0,0,6,4.75],"texture":"#5"},"east":{"uv":[0,0,8,4.75],"texture":"#5"},"south":{"uv":[0,0,6,4.75],"texture":"#5"},"west":{"uv":[0,0,8,4.75],"texture":"#5"},"up":{"uv":[7,6,13,14],"texture":"#5"},"down":{"uv":[0,0,6,8],"texture":"#14"}}},{"from":[8,0.1,10],"to":[22,2.85,26],"rotation":{"angle":0,"axis":"y","origin":[7.98203,10.82138,4.9109]},"faces":{"north":{"uv":[0,0,14,2.75],"texture":"#5"},"east":{"uv":[0,0,16,2.75],"texture":"#5"},"south":{"uv":[0,0,14,2.75],"texture":"#5"},"west":{"uv":[0,0,16,2.75],"texture":"#5"},"up":{"uv":[1,1,15,15],"texture":"#5"},"down":{"uv":[1,1,15,15],"texture":"#14"}}},{"from":[-1.72512,15,16.54296],"to":[6.27488,21,24.54296],"rotation":{"angle":45,"axis":"y","origin":[7.98203,10.82138,4.9109]},"faces":{"north":{"uv":[2,10,10,16],"texture":"#7"},"east":{"uv":[2,10,10,16],"texture":"#7"},"south":{"uv":[2,10,10,16],"texture":"#7"},"west":{"uv":[2,10,10,16],"texture":"#7"},"up":{"uv":[6,2,14,10],"texture":"#8"},"down":{"uv":[4,4,12,12],"texture":"#5"}}},{"from":[-10.91751,9,7.35057],"to":[-4.91751,14,13.35057],"rotation":{"angle":45,"axis":"y","origin":[7.98203,10.82138,4.9109]},"faces":{"north":{"uv":[5,10,11,15],"texture":"#7"},"east":{"uv":[3,10,9,15],"texture":"#7"},"south":{"uv":[5,10,11,15],"texture":"#7"},"west":{"uv":[3,10,9,15],"texture":"#7"},"up":{"uv":[9,8,15,14],"texture":"#8"},"down":{"uv":[4,4,10,10],"texture":"#5"}}},{"from":[-11.91751,3,6.35057],"to":[-3.91751,9,14.35057],"rotation":{"angle":45,"axis":"y","origin":[7.98203,10.82138,4.9109]},"faces":{"north":{"uv":[2,10,10,16],"texture":"#7"},"east":{"uv":[2,10,10,16],"texture":"#7"},"south":{"uv":[2,10,10,16],"texture":"#7"},"west":{"uv":[2,10,10,16],"texture":"#7"},"up":{"uv":[6,3,14,11],"texture":"#8"},"down":{"uv":[3,2,11,10],"texture":"#5"}}},{"from":[9,3,14],"to":[21,15,26],"rotation":{"angle":0,"axis":"y","origin":[7.98203,10.82138,4.9109]},"faces":{"north":{"uv":[0,2,12,14],"texture":"#1"},"east":{"uv":[0,2,12,14],"texture":"#1"},"south":{"uv":[0,2,12,14],"texture":"#1"},"west":{"uv":[0,2,12,14],"texture":"#1"},"up":{"uv":[2,2,14,14],"texture":"#2"},"down":{"uv":[2,2,14,14],"texture":"#0"}}},{"from":[-5,11,10.5],"to":[8,20.5,11],"rotation":{"angle":0,"axis":"y","origin":[7.98203,10.82138,4.9109]},"faces":{"north":{"uv":[16,0,3,9.5],"texture":"#12"},"east":{"uv":[0,0,0.5,9.5],"texture":"#12"},"south":{"uv":[0,0,13,9.5],"texture":"#12"},"west":{"uv":[0,0,0.5,9.5],"texture":"#12"},"up":{"uv":[3,3,4,4.5],"texture":"#12"},"down":{"uv":[0,0,13,0.5],"texture":"#12"}}},{"from":[-6.5,11,5],"to":[8,12,10.5],"rotation":{"angle":0,"axis":"y","origin":[7.98203,10.82138,4.9109]},"faces":{"north":{"uv":[3,0,17.5,1],"texture":"#missing"},"east":{"uv":[0,0,5.5,1],"texture":"#12"},"south":{"uv":[0,0,14.5,1],"texture":"#12"},"west":{"uv":[0,0,5.5,1],"texture":"#missing"},"up":{"uv":[14.5,7,0,12.5],"texture":"#12"},"down":{"uv":[0,0,14.5,5.5],"texture":"#12"}}},{"from":[-7,11,2],"to":[8,12,5],"rotation":{"angle":0,"axis":"y","origin":[7.98203,10.82138,4.9109]},"faces":{"north":{"uv":[0,0,15,1],"texture":"#12"},"east":{"uv":[0,0,3,1],"texture":"#12"},"south":{"uv":[0,0,15,1],"texture":"#12"},"west":{"uv":[1,0,4,1],"texture":"#12"},"up":{"uv":[1,0,16,3],"texture":"#12"},"down":{"uv":[0,0,15,3],"texture":"#12"}}},{"from":[8,11,2],"to":[23,12,5],"rotation":{"angle":0,"axis":"y","origin":[7.98203,10.82138,4.9109]},"faces":{"north":{"uv":[1,0,16,1],"texture":"#12"},"east":{"uv":[0,0,3,1],"texture":"#12"},"south":{"uv":[0,0,15,1],"texture":"#12"},"west":{"uv":[0,0,3,1],"texture":"#missing"},"up":{"uv":[0,0,15,3],"texture":"#12"},"down":{"uv":[0,0,15,3],"texture":"#12"}}},{"from":[8,11,5],"to":[22.5,12,10.5],"rotation":{"angle":0,"axis":"y","origin":[7.98203,10.82138,4.9109]},"faces":{"north":{"uv":[3,0,17.5,1],"texture":"#missing"},"east":{"uv":[0,0,5.5,1],"texture":"#12"},"south":{"uv":[0,0,14.5,1],"texture":"#12"},"west":{"uv":[0,0,5.5,1],"texture":"#missing"},"up":{"uv":[0,3,14.5,8.5],"texture":"#12"},"down":{"uv":[0,0,14.5,5.5],"texture":"#12"}}},{"from":[3,20.5,10.5],"to":[13,22.5,11],"rotation":{"angle":0,"axis":"y","origin":[7.98203,10.82138,4.9109]},"faces":{"north":{"uv":[3,14,13,16],"texture":"#12"},"east":{"uv":[0,0,0.5,2],"texture":"#12"},"south":{"uv":[0,0,10,2],"texture":"#12"},"west":{"uv":[0,0,0.5,2],"texture":"#12"},"up":{"uv":[3,3,4,4.5],"texture":"#12"},"down":{"uv":[0,0,10,0.5],"texture":"#12"}}},{"from":[1.84845,21.51756,10.51],"to":[7.84845,23.51756,11.005],"rotation":{"angle":22.5,"axis":"z","origin":[7.98203,10.82138,4.9109]},"faces":{"north":{"uv":[3,0,9,2],"texture":"#12"},"east":{"uv":[0,0,0.5,2],"texture":"#12"},"south":{"uv":[0,0,6,2],"texture":"#12"},"west":{"uv":[0,0,0.5,2],"texture":"#12"},"up":{"uv":[3,3,4,4.5],"texture":"#12"},"down":{"uv":[0,0,6,0.5],"texture":"#12"}}},{"from":[8.14881,21.53131,10.51],"to":[14.14881,23.53131,11.005],"rotation":{"angle":-22.5,"axis":"z","origin":[7.98203,10.82138,4.9109]},"faces":{"north":{"uv":[3,0,9,2],"texture":"#12"},"east":{"uv":[0,0,0.5,2],"texture":"#12"},"south":{"uv":[0,0,6,2],"texture":"#12"},"west":{"uv":[0,0,0.5,2],"texture":"#12"},"up":{"uv":[3,3,4,4.5],"texture":"#12"},"down":{"uv":[0,0,6,0.5],"texture":"#12"}}},{"from":[8,11,10.5],"to":[21,20.5,11],"rotation":{"angle":0,"axis":"y","origin":[7.98203,10.82138,4.9109]},"faces":{"north":{"uv":[3,0,16,9.5],"texture":"#12"},"east":{"uv":[0,0,0.5,9.5],"texture":"#12"},"south":{"uv":[0,0,13,9.5],"texture":"#12"},"west":{"uv":[0,0,0.5,9.5],"texture":"#12"},"up":{"uv":[3,3,4,4.5],"texture":"#12"},"down":{"uv":[0,0,13,0.5],"texture":"#12"}}},{"from":[20.5,11.0004,7.15702],"to":[21,20.5004,11.15702],"rotation":{"angle":0,"axis":"y","origin":[7.98203,10.82138,4.9109]},"faces":{"north":{"uv":[3,0,3.5,9.5],"texture":"#missing"},"east":{"uv":[0,0,4,9.5],"texture":"#missing"},"south":{"uv":[0,0,0.5,9.5],"texture":"#missing"},"west":{"uv":[3,0,7,9.5],"texture":"#12"},"up":{"uv":[3,3,4,4.5],"texture":"#12"},"down":{"uv":[0,0,0.5,4],"texture":"#missing"}}},{"from":[-5,11,5.5],"to":[-4.5,16.5,7.15],"rotation":{"angle":0,"axis":"y","origin":[7.98203,10.82138,4.9109]},"faces":{"north":{"uv":[0,0,0.5,5.5],"texture":"#12"},"east":{"uv":[14,3,16,8.5],"texture":"#12"},"south":{"uv":[0,0,0.5,5.5],"texture":"#12"},"west":{"uv":[0,0,2,5.5],"texture":"#12"},"up":{"uv":[0,0,0.5,2],"texture":"#missing"},"down":{"uv":[0,0,0.5,2],"texture":"#12"}}},{"from":[-5,16.29319,3.28204],"to":[-4.505,20.62319,5.28204],"rotation":{"angle":22.5,"axis":"x","origin":[7.98203,10.82138,4.9109]},"faces":{"north":{"uv":[3,3,4,4.5],"texture":"#12"},"east":{"uv":[0,1,2,5.33],"texture":"#12"},"south":{"uv":[0,0,0.5,4.33],"texture":"#12"},"west":{"uv":[0,0,2,4.33],"texture":"#12"},"up":{"uv":[0,0,0.5,2],"texture":"#missing"},"down":{"uv":[0,0,0.5,2],"texture":"#12"}}},{"from":[20.505,16.29319,3.28204],"to":[21,20.62319,5.28204],"rotation":{"angle":22.5,"axis":"x","origin":[7.98203,10.82138,4.9109]},"faces":{"north":{"uv":[3,3,4,4.5],"texture":"#12"},"east":{"uv":[0,0,2,4.33],"texture":"#missing"},"south":{"uv":[0,0,0.5,4.33],"texture":"#missing"},"west":{"uv":[0,1,2,5.33],"texture":"#12"},"up":{"uv":[0,0,0.5,2],"texture":"#missing"},"down":{"uv":[0,0,0.5,2],"texture":"#missing"}}},{"from":[20.5,11,5.5],"to":[21,16.5,7.15],"rotation":{"angle":0,"axis":"y","origin":[7.98203,10.82138,4.9109]},"faces":{"north":{"uv":[3,3,4,4.5],"texture":"#12"},"east":{"uv":[3,3,4,4.5],"texture":"#12"},"south":{"uv":[3,3,4,4.5],"texture":"#12"},"west":{"uv":[0,3,2,8.5],"texture":"#12"},"up":{"uv":[3,3,4,4.5],"texture":"#12"},"down":{"uv":[3,3,4,4.5],"texture":"#12"}}},{"from":[-5,11.0004,7.15702],"to":[-4.5,20.5004,11.15702],"rotation":{"angle":0,"axis":"y","origin":[7.98203,10.82138,4.9109]},"faces":{"north":{"uv":[3,0,3.5,9.5],"texture":"#12"},"east":{"uv":[9,0,13,9.5],"texture":"#12"},"south":{"uv":[0,0,0.5,9.5],"texture":"#12"},"west":{"uv":[0,0,4,9.5],"texture":"#12"},"up":{"uv":[3,3,4,4.5],"texture":"#12"},"down":{"uv":[0,0,0.5,4],"texture":"#12"}}},{"from":[-2.10131,11,13.89451],"to":[0.89869,20.5,14.89451],"rotation":{"angle":-22.5,"axis":"y","origin":[7.98203,10.82138,4.9109]},"faces":{"north":{"uv":[3,0,6,9.5],"texture":"#12"},"east":{"uv":[0,0,1,9.5],"texture":"#12"},"south":{"uv":[0,0,3,9.5],"texture":"#12"},"west":{"uv":[0,0,1,9.5],"texture":"#12"},"up":{"uv":[3,3,4,4.5],"texture":"#12"},"down":{"uv":[0,0,3,1],"texture":"#12"}}},{"from":[-5.73201,11,2.98819],"to":[-4.73201,20.5,5.98819],"rotation":{"angle":22.5,"axis":"y","origin":[7.98203,10.82138,4.9109]},"faces":{"north":{"uv":[0,0,1,9.5],"texture":"#12"},"east":{"uv":[8,0,11,9.5],"texture":"#12"},"south":{"uv":[0,0,1,9.5],"texture":"#12"},"west":{"uv":[0,0,3,9.5],"texture":"#12"},"up":{"uv":[3,3,4,4.5],"texture":"#12"},"down":{"uv":[0,0,3,1],"rotation":270,"texture":"#12"}}},{"from":[20.72927,11,2.97443],"to":[21.72927,20.5,5.97443],"rotation":{"angle":-22.5,"axis":"y","origin":[7.98203,10.82138,4.9109]},"faces":{"north":{"uv":[0,0,1,9.5],"texture":"#missing"},"east":{"uv":[0,0,3,9.5],"texture":"#missing"},"south":{"uv":[0,0,1,9.5],"texture":"#missing"},"west":{"uv":[9,0,12,9.5],"texture":"#12"},"up":{"uv":[3,3,4,4.5],"texture":"#12"},"down":{"uv":[0,0,3,1],"rotation":270,"texture":"#missing"}}},{"from":[15.09857,11,13.90827],"to":[18.09857,20.5,14.90827],"rotation":{"angle":22.5,"axis":"y","origin":[7.98203,10.82138,4.9109]},"faces":{"north":{"uv":[6,0,9,9.5],"texture":"#12"},"east":{"uv":[0,0,1,9.5],"texture":"#12"},"south":{"uv":[0,0,3,9.5],"texture":"#12"},"west":{"uv":[0,0,1,9.5],"texture":"#12"},"up":{"uv":[3,3,4,4.5],"texture":"#12"},"down":{"uv":[0,0,3,1],"texture":"#12"}}},{"from":[0.50447,-4.88885,24],"to":[2.50447,-2.88885,28],"rotation":{"angle":-45,"axis":"z","origin":[7.98203,10.82138,4.9109]},"faces":{"north":{"uv":[2,2,4,4],"texture":"#11"},"east":{"uv":[1,4,5,6],"texture":"#11"},"south":{"uv":[2,2,4,4],"texture":"#11"},"west":{"uv":[1,4,5,6],"texture":"#11"},"up":{"uv":[2,4,4,8],"texture":"#11"},"down":{"uv":[2,4,4,8],"texture":"#11"}}},{"from":[21.71768,16.32435,24],"to":[23.71768,18.32435,28],"rotation":{"angle":-45,"axis":"z","origin":[7.98203,10.82138,4.9109]},"faces":{"north":{"uv":[2,2,4,4],"texture":"#11"},"east":{"uv":[1,4,5,6],"texture":"#11"},"south":{"uv":[2,2,4,4],"texture":"#11"},"west":{"uv":[1,4,5,6],"texture":"#11"},"up":{"uv":[2,4,4,8],"texture":"#11"},"down":{"uv":[2,4,4,8],"texture":"#11"}}},{"from":[-7.5,-7.79299,9.79259],"to":[-6.5,-6.79299,14.79259],"rotation":{"angle":-45,"axis":"x","origin":[7.98203,10.82138,4.9109]},"faces":{"north":{"uv":[0,0,1,1],"texture":"#11"},"east":{"uv":[0,0,5,1],"texture":"#11"},"south":{"uv":[0,0,1,1],"texture":"#11"},"west":{"uv":[0,0,5,1],"texture":"#11"},"up":{"uv":[0,0,1,5],"texture":"#11"},"down":{"uv":[0,0,1,5],"texture":"#11"}}},{"from":[22.5,-7.79299,9.79259],"to":[23.5,-6.79299,14.79259],"rotation":{"angle":-45,"axis":"x","origin":[7.98203,10.82138,4.9109]},"faces":{"north":{"uv":[0,0,1,1],"texture":"#11"},"east":{"uv":[0,0,5,1],"texture":"#11"},"south":{"uv":[0,0,1,1],"texture":"#11"},"west":{"uv":[0,0,5,1],"texture":"#11"},"up":{"uv":[0,0,1,5],"texture":"#11"},"down":{"uv":[0,0,1,5],"texture":"#11"}}},{"from":[0.75447,-4.63885,28.05],"to":[2.25447,-3.13885,28.05],"rotation":{"angle":-45,"axis":"z","origin":[7.98203,10.82138,4.9109]},"faces":{"north":{"uv":[1,1,2,2],"texture":"#10"},"east":{"uv":[1,1,2,2],"texture":"#10"},"south":{"uv":[8,8,9,9],"texture":"#10"},"west":{"uv":[1,1,2,2],"texture":"#10"},"up":{"uv":[1,1,2,2],"texture":"#10"},"down":{"uv":[1,1,2,2],"texture":"#10"}}},{"from":[21.96768,16.57435,28.05],"to":[23.46768,18.07435,28.05],"rotation":{"angle":-45,"axis":"z","origin":[7.98203,10.82138,4.9109]},"faces":{"north":{"uv":[1,1,2,2],"texture":"#10"},"east":{"uv":[1,1,2,2],"texture":"#10"},"south":{"uv":[8,8,9,9],"texture":"#10"},"west":{"uv":[1,1,2,2],"texture":"#10"},"up":{"uv":[1,1,2,2],"texture":"#10"},"down":{"uv":[1,1,2,2],"texture":"#10"}}},{"from":[-8.2551,17,-2.76592],"to":[-7.2551,18,0.23408],"rotation":{"angle":-22.5,"axis":"y","origin":[7.98203,10.82138,4.9109]},"faces":{"north":{"uv":[0,0,1,0.5],"texture":"#11"},"east":{"uv":[1,0,4,0.5],"texture":"#11"},"south":{"uv":[0,0,1,0.5],"texture":"#11"},"west":{"uv":[1,0,4,0.5],"texture":"#11"},"up":{"uv":[1,0,4,1],"rotation":270,"texture":"#11"},"down":{"uv":[1,0,4,1],"rotation":90,"texture":"#11"}}},{"from":[-8.15511,16,-1.66592],"to":[-7.35511,17,-0.86592],"rotation":{"angle":-22.5,"axis":"y","origin":[7.98203,10.82138,4.9109]},"faces":{"north":{"uv":[0,0,0.8,1],"texture":"#11"},"east":{"uv":[1,0,1.8,1],"texture":"#11"},"south":{"uv":[0,0,0.8,1],"texture":"#11"},"west":{"uv":[1,0,1.8,1],"texture":"#11"},"up":{"uv":[1,0,1.8,0.8],"rotation":270,"texture":"#11"},"down":{"uv":[1,0,1.8,0.8],"rotation":90,"texture":"#11"}}},{"from":[23.25237,17,-2.75217],"to":[24.25237,18,0.24783],"rotation":{"angle":22.5,"axis":"y","origin":[7.98203,10.82138,4.9109]},"faces":{"north":{"uv":[0,0,1,0.5],"texture":"#11"},"east":{"uv":[1,0,4,0.5],"texture":"#11"},"south":{"uv":[0,0,1,0.5],"texture":"#11"},"west":{"uv":[1,0,4,0.5],"texture":"#11"},"up":{"uv":[1,0,4,1],"rotation":270,"texture":"#11"},"down":{"uv":[1,0,4,1],"rotation":90,"texture":"#11"}}},{"from":[23.35238,16,-1.65216],"to":[24.15238,17,-0.85216],"rotation":{"angle":22.5,"axis":"y","origin":[7.98203,10.82138,4.9109]},"faces":{"north":{"uv":[0,0,0.8,1],"texture":"#11"},"east":{"uv":[1,0,1.8,1],"texture":"#11"},"south":{"uv":[0,0,0.8,1],"texture":"#11"},"west":{"uv":[1,0,1.8,1],"texture":"#11"},"up":{"uv":[1,0,1.8,0.8],"rotation":270,"texture":"#11"},"down":{"uv":[1,0,1.8,0.8],"rotation":90,"texture":"#11"}}},{"from":[1.92897,17,-11.99882],"to":[7.42897,17.99,-10.99882],"rotation":{"angle":22.5,"axis":"y","origin":[7.98203,10.82138,4.9109]},"faces":{"north":{"uv":[1,0,6.5,0.4595],"texture":"#11"},"east":{"uv":[0,0,1,0.4595],"texture":"#11"},"south":{"uv":[1,0,6.5,0.4595],"texture":"#11"},"west":{"uv":[0,0,1,0.4595],"texture":"#11"},"up":{"uv":[1,0,6.5,1],"texture":"#11"},"down":{"uv":[1,0,6.5,1],"texture":"#11"}}},{"from":[8.5683,17,-12.01258],"to":[14.0683,17.99,-11.01258],"rotation":{"angle":-22.5,"axis":"y","origin":[7.98203,10.82138,4.9109]},"faces":{"north":{"uv":[1,0,6.5,0.4595],"texture":"#11"},"east":{"uv":[0,0,1,0.4595],"texture":"#11"},"south":{"uv":[1,0,6.5,0.4595],"texture":"#11"},"west":{"uv":[0,0,1,0.4595],"texture":"#11"},"up":{"uv":[1,0,6.5,1],"texture":"#11"},"down":{"uv":[1,0,6.5,1],"texture":"#11"}}},{"from":[1,17,-10.5],"to":[15,18,-9.5],"rotation":{"angle":0,"axis":"y","origin":[7.98203,10.82138,4.9109]},"faces":{"north":{"uv":[1,0,15,0.5],"texture":"#11"},"east":{"uv":[0,0,1,0.5],"texture":"#11"},"south":{"uv":[1,0,15,0.5],"texture":"#11"},"west":{"uv":[0,0,1,0.5],"texture":"#11"},"up":{"uv":[1,0,15,1],"texture":"#11"},"down":{"uv":[1,0,15,1],"texture":"#11"}}},{"from":[2.80866,23.96194,11.5],"to":[13.20866,24.96194,12.5],"rotation":{"angle":0,"axis":"y","origin":[7.79069,10.78332,4.9109]},"faces":{"north":{"uv":[1,0,15,0.5],"texture":"#11"},"east":{"uv":[0,0,1,0.5],"texture":"#11"},"south":{"uv":[1,0,15,0.5],"texture":"#11"},"west":{"uv":[0,0,1,0.5],"texture":"#11"},"up":{"uv":[1,0,15,1],"texture":"#11"},"down":{"uv":[1,0,15,1],"texture":"#11"}}},{"from":[17.7237,22.00218,11.5],"to":[20.7237,23.00218,12.5],"rotation":{"angle":0,"axis":"y","origin":[7.98203,10.82138,4.9109]},"faces":{"north":{"uv":[1,0,4,1],"texture":"#11"},"east":{"uv":[0,0,1,0.5],"texture":"#11"},"south":{"uv":[1,0,4,1],"texture":"#11"},"west":{"uv":[0,0,1,0.5],"texture":"#11"},"up":{"uv":[1,0,4,1],"texture":"#11"},"down":{"uv":[1,0,4,1],"texture":"#11"}}},{"from":[-4.7237,22.00218,11.5],"to":[-1.7237,23.00218,12.5],"rotation":{"angle":0,"axis":"y","origin":[-14.46537,10.82138,4.9109]},"faces":{"north":{"uv":[1,0,4,1],"texture":"#11"},"east":{"uv":[0,0,1,0.5],"texture":"#11"},"south":{"uv":[1,0,4,1],"texture":"#11"},"west":{"uv":[0,0,1,0.5],"texture":"#11"},"up":{"uv":[1,0,4,1],"texture":"#11"},"down":{"uv":[1,0,4,1],"texture":"#11"}}},{"from":[7.52852,24.85021,11.51],"to":[12.84852,25.85021,12.49],"rotation":{"angle":-22.5,"axis":"z","origin":[8.1271,11.17159,4.9109]},"faces":{"north":{"uv":[1,0,6.32,1],"texture":"#11"},"east":{"uv":[0,0,1,1],"texture":"#11"},"south":{"uv":[1,0,6.32,1],"texture":"#11"},"west":{"uv":[0,0,1,0.5],"texture":"#11"},"up":{"uv":[1,0,6.32,1],"texture":"#11"},"down":{"uv":[1,0,6.32,1],"texture":"#11"}}},{"from":[3.15254,24.83721,11.51],"to":[8.47254,25.83721,12.49],"rotation":{"angle":22.5,"axis":"z","origin":[7.84076,11.16243,4.9109]},"faces":{"north":{"uv":[1,0,6.32,1],"texture":"#11"},"east":{"uv":[0,0,1,0.5],"texture":"#11"},"south":{"uv":[1,0,6.32,1],"texture":"#11"},"west":{"uv":[0,0,1,0.5],"texture":"#11"},"up":{"uv":[1,0,6.32,1],"texture":"#11"},"down":{"uv":[1,0,6.32,1],"texture":"#11"}}},{"from":[13.1,16,-10.4],"to":[13.9,17,-9.6],"rotation":{"angle":0,"axis":"y","origin":[7.98203,10.82138,4.9109]},"faces":{"north":{"uv":[1,0,1.8,1],"texture":"#11"},"east":{"uv":[0,0,0.8,1],"texture":"#11"},"south":{"uv":[1,0,1.8,1],"texture":"#11"},"west":{"uv":[0,0,0.8,1],"texture":"#11"},"up":{"uv":[1,0,1.8,0.8],"texture":"#11"},"down":{"uv":[1,0,1.8,0.8],"texture":"#11"}}},{"from":[2.1,16,-10.4],"to":[2.9,17,-9.6],"rotation":{"angle":0,"axis":"y","origin":[7.98203,10.82138,4.9109]},"faces":{"north":{"uv":[1,0,1.8,1],"texture":"#11"},"east":{"uv":[0,0,0.8,1],"texture":"#11"},"south":{"uv":[1,0,1.8,1],"texture":"#11"},"west":{"uv":[0,0,0.8,1],"texture":"#11"},"up":{"uv":[1,0,1.8,0.8],"texture":"#11"},"down":{"uv":[1,0,1.8,0.8],"texture":"#11"}}},{"from":[11.1,23,11.6],"to":[11.9,24,12.4],"rotation":{"angle":0,"axis":"y","origin":[7.98203,10.82138,4.9109]},"faces":{"north":{"uv":[1,0,1.8,1],"texture":"#11"},"east":{"uv":[0,0,0.8,1],"texture":"#11"},"south":{"uv":[1,0,1.8,1],"texture":"#11"},"west":{"uv":[0,0,0.8,1],"texture":"#11"},"up":{"uv":[1,0,1.8,0.8],"texture":"#11"},"down":{"uv":[1,0,1.8,0.8],"texture":"#11"}}},{"from":[19.1,21,11.6],"to":[19.9,22,12.4],"rotation":{"angle":0,"axis":"y","origin":[7.98203,10.82138,4.9109]},"faces":{"north":{"uv":[1,0,1.8,1],"texture":"#11"},"east":{"uv":[0,0,0.8,1],"texture":"#11"},"south":{"uv":[1,0,1.8,1],"texture":"#11"},"west":{"uv":[0,0,0.8,1],"texture":"#11"},"up":{"uv":[1,0,1.8,0.8],"texture":"#11"},"down":{"uv":[1,0,1.8,0.8],"texture":"#11"}}},{"from":[-3.9,21,11.6],"to":[-3.1,22,12.4],"rotation":{"angle":0,"axis":"y","origin":[7.98203,10.82138,4.9109]},"faces":{"north":{"uv":[1,0,1.8,1],"texture":"#11"},"east":{"uv":[0,0,0.8,1],"texture":"#11"},"south":{"uv":[1,0,1.8,1],"texture":"#11"},"west":{"uv":[0,0,0.8,1],"texture":"#11"},"up":{"uv":[1,0,1.8,0.8],"texture":"#11"},"down":{"uv":[1,0,1.8,0.8],"texture":"#11"}}},{"from":[4.1,23,11.6],"to":[4.9,24,12.4],"rotation":{"angle":0,"axis":"y","origin":[7.98203,10.82138,4.9109]},"faces":{"north":{"uv":[1,0,1.8,1],"texture":"#11"},"east":{"uv":[0,0,0.8,1],"texture":"#11"},"south":{"uv":[1,0,1.8,1],"texture":"#11"},"west":{"uv":[0,0,0.8,1],"texture":"#11"},"up":{"uv":[1,0,1.8,0.8],"texture":"#11"},"down":{"uv":[1,0,1.8,0.8],"texture":"#11"}}},{"from":[-1.5,10,-11.5],"to":[1.5,13,-9.5],"rotation":{"angle":0,"axis":"y","origin":[7.98203,10.82138,4.9109]},"faces":{"north":{"uv":[5,2,7,4],"texture":"#11"},"east":{"uv":[0,1,2,4],"texture":"#11"},"south":{"uv":[0,0,3,3],"texture":"#11"},"west":{"uv":[0,1,2,4],"texture":"#11"},"up":{"uv":[2,0,5,2],"texture":"#11"},"down":{"uv":[1,0,4,2],"texture":"#11"}}},{"from":[-1,10.5,-13.5],"to":[1,12.5,-11.5],"rotation":{"angle":0,"axis":"y","origin":[7.98203,10.82138,4.9109]},"faces":{"north":{"uv":[2,5,4,7],"texture":"#9"},"east":{"uv":[5,2,7,4],"texture":"#11"},"south":{"uv":[2,5,4,7],"texture":"#9"},"west":{"uv":[2,5,4,7],"texture":"#11"},"up":{"uv":[5,2,7,4],"texture":"#11"},"down":{"uv":[0,0,2,2],"texture":"#11"}}},{"from":[-1,10.5,-13.65],"to":[1,12.5,-13.5],"rotation":{"angle":0,"axis":"y","origin":[7.98203,10.82138,5.7609]},"faces":{"north":{"uv":[2,5,4,7],"texture":"#9"},"east":{"uv":[2,5,3,7],"texture":"#9"},"south":{"uv":[2,5,4,7],"texture":"#9"},"west":{"uv":[2,5,3,7],"texture":"#9"},"up":{"uv":[2,5,4,6],"texture":"#9"},"down":{"uv":[2,6,4,7],"texture":"#9"}}},{"from":[15,10.5,-13.65],"to":[17,12.5,-13.5],"rotation":{"angle":0,"axis":"y","origin":[7.98203,10.82138,5.7609]},"faces":{"north":{"uv":[2,5,4,7],"texture":"#9"},"east":{"uv":[2,5,3,7],"texture":"#9"},"south":{"uv":[2,5,4,7],"texture":"#9"},"west":{"uv":[2,5,3,7],"texture":"#9"},"up":{"uv":[2,5,4,6],"texture":"#9"},"down":{"uv":[2,6,4,7],"texture":"#9"}}},{"from":[-1.5,12.5,-13.5],"to":[1.5,13,-12.5],"rotation":{"angle":0,"axis":"y","origin":[7.98203,10.82138,4.9109]},"faces":{"north":{"uv":[0,0,3,0.5],"texture":"#11"},"east":{"uv":[0,0,0.5,0.5],"texture":"#11"},"south":{"uv":[0,0,3,0.5],"texture":"#11"},"west":{"uv":[0,0,0.5,0.5],"texture":"#11"},"up":{"uv":[0,0,3,0.5],"texture":"#11"},"down":{"uv":[0,0,3,0.5],"texture":"#11"}}},{"from":[-1.5,10,-13.5],"to":[1.5,10.5,-12.5],"rotation":{"angle":0,"axis":"y","origin":[7.98203,10.82138,4.9109]},"faces":{"north":{"uv":[0,0,3,0.5],"texture":"#11"},"east":{"uv":[0,0,0.5,0.5],"texture":"#11"},"south":{"uv":[0,0,3,0.5],"texture":"#11"},"west":{"uv":[0,0,0.5,0.5],"texture":"#11"},"up":{"uv":[0,0,3,0.5],"texture":"#11"},"down":{"uv":[0,0,3,0.5],"texture":"#11"}}},{"from":[-1.5,10.5,-13.5],"to":[-1,12.5,-12.5],"rotation":{"angle":0,"axis":"y","origin":[7.98203,10.82138,4.9109]},"faces":{"north":{"uv":[0,0,0.5,2],"texture":"#11"},"east":{"uv":[0,0,0.5,2],"texture":"#11"},"south":{"uv":[0,0,0.5,2],"texture":"#11"},"west":{"uv":[0,0,0.5,2],"texture":"#11"},"up":{"uv":[0,0,0.5,0.5],"texture":"#11"},"down":{"uv":[0,0,0.5,0.5],"texture":"#11"}}},{"from":[1,10.5,-13.5],"to":[1.5,12.5,-12.5],"rotation":{"angle":0,"axis":"y","origin":[7.98203,10.82138,4.9109]},"faces":{"north":{"uv":[0,0,0.5,2],"texture":"#11"},"east":{"uv":[0,0,0.5,2],"texture":"#11"},"south":{"uv":[0,0,0.5,2],"texture":"#11"},"west":{"uv":[0,0,0.5,2],"texture":"#11"},"up":{"uv":[0,0,0.5,0.5],"texture":"#11"},"down":{"uv":[0,0,0.5,0.5],"texture":"#11"}}},{"from":[14.5,10,-11.5],"to":[17.5,13,-9.5],"rotation":{"angle":0,"axis":"y","origin":[7.98203,10.82138,4.9109]},"faces":{"north":{"uv":[0,0,3,3],"texture":"#11"},"east":{"uv":[0,2,2,5],"texture":"#11"},"south":{"uv":[0,0,3,3],"texture":"#11"},"west":{"uv":[0,1,2,4],"texture":"#11"},"up":{"uv":[0,0,3,2],"texture":"#11"},"down":{"uv":[1,0,4,2],"texture":"#11"}}},{"from":[15,10.5,-13.5],"to":[17,12.5,-11.5],"rotation":{"angle":0,"axis":"y","origin":[7.98203,10.82138,4.9109]},"faces":{"north":{"uv":[2,5,4,7],"texture":"#9"},"east":{"uv":[5,2,7,4],"texture":"#11"},"south":{"uv":[2,5,4,7],"texture":"#9"},"west":{"uv":[2,5,4,7],"texture":"#11"},"up":{"uv":[5,2,7,4],"texture":"#11"},"down":{"uv":[0,0,2,2],"texture":"#11"}}},{"from":[14.5,12.5,-13.5],"to":[17.5,13,-12.5],"rotation":{"angle":0,"axis":"y","origin":[7.98203,10.82138,4.9109]},"faces":{"north":{"uv":[0,0,3,0.5],"texture":"#11"},"east":{"uv":[0,0,0.5,0.5],"texture":"#11"},"south":{"uv":[0,0,3,0.5],"texture":"#11"},"west":{"uv":[0,0,0.5,0.5],"texture":"#11"},"up":{"uv":[0,0,3,0.5],"texture":"#11"},"down":{"uv":[0,0,3,0.5],"texture":"#11"}}},{"from":[14.5,10,-13.5],"to":[17.5,10.5,-12.5],"rotation":{"angle":0,"axis":"y","origin":[7.98203,10.82138,4.9109]},"faces":{"north":{"uv":[0,0,3,0.5],"texture":"#11"},"east":{"uv":[0,0,0.5,0.5],"texture":"#11"},"south":{"uv":[0,0,3,0.5],"texture":"#11"},"west":{"uv":[0,0,0.5,0.5],"texture":"#11"},"up":{"uv":[0,0,3,0.5],"texture":"#11"},"down":{"uv":[0,0,3,0.5],"texture":"#11"}}},{"from":[14.5,10.5,-13.5],"to":[15,12.5,-12.5],"rotation":{"angle":0,"axis":"y","origin":[7.98203,10.82138,4.9109]},"faces":{"north":{"uv":[0,0,0.5,2],"texture":"#11"},"east":{"uv":[0,0,0.5,2],"texture":"#11"},"south":{"uv":[0,0,0.5,2],"texture":"#11"},"west":{"uv":[0,0,0.5,2],"texture":"#11"},"up":{"uv":[0,0,0.5,0.5],"texture":"#11"},"down":{"uv":[0,0,0.5,0.5],"texture":"#11"}}},{"from":[17,10.5,-13.5],"to":[17.5,12.5,-12.5],"rotation":{"angle":0,"axis":"y","origin":[7.98203,10.82138,4.9109]},"faces":{"north":{"uv":[0,0,0.5,2],"texture":"#11"},"east":{"uv":[0,0,0.5,2],"texture":"#11"},"south":{"uv":[0,0,0.5,2],"texture":"#11"},"west":{"uv":[0,0,0.5,2],"texture":"#11"},"up":{"uv":[0,0,0.5,0.5],"texture":"#11"},"down":{"uv":[0,0,0.5,0.5],"texture":"#11"}}},{"from":[2,2,-12],"to":[3,3,-11],"rotation":{"angle":0,"axis":"y","origin":[7.98203,10.82138,4.9109]},"faces":{"north":{"uv":[0,0,1,1],"texture":"#11"},"east":{"uv":[0,0,1,1],"texture":"#11"},"south":{"uv":[0,0,1,1],"texture":"#11"},"west":{"uv":[0,0,1,1],"texture":"#11"},"up":{"uv":[0,0,1,1],"texture":"#11"},"down":{"uv":[0,0,1,1],"texture":"#11"}}},{"from":[0,1.5,28],"to":[1,2.5,29],"rotation":{"angle":0,"axis":"y","origin":[7.98203,10.82138,4.9109]},"faces":{"north":{"uv":[0,0,1,1],"texture":"#11"},"east":{"uv":[0,0,1,1],"texture":"#11"},"south":{"uv":[0,0,1,1],"texture":"#11"},"west":{"uv":[0,0,1,1],"texture":"#11"},"up":{"uv":[0,0,1,1],"texture":"#11"},"down":{"uv":[0,0,1,1],"texture":"#11"}}},{"from":[13,2,-12],"to":[14,3,-11],"rotation":{"angle":0,"axis":"y","origin":[7.98203,10.82138,4.9109]},"faces":{"north":{"uv":[0,0,1,1],"texture":"#11"},"east":{"uv":[0,0,1,1],"texture":"#11"},"south":{"uv":[0,0,1,1],"texture":"#11"},"west":{"uv":[0,0,1,1],"texture":"#11"},"up":{"uv":[0,0,1,1],"texture":"#11"},"down":{"uv":[0,0,1,1],"texture":"#11"}}},{"from":[15,1.5,28],"to":[16,2.5,29],"rotation":{"angle":0,"axis":"y","origin":[7.98203,10.82138,4.9109]},"faces":{"north":{"uv":[0,0,1,1],"texture":"#11"},"east":{"uv":[0,0,1,1],"texture":"#11"},"south":{"uv":[0,0,1,1],"texture":"#11"},"west":{"uv":[0,0,1,1],"texture":"#11"},"up":{"uv":[0,0,1,1],"texture":"#11"},"down":{"uv":[0,0,1,1],"texture":"#11"}}},{"from":[1,1.5,-12.5],"to":[15,3.5,-11.5],"rotation":{"angle":0,"axis":"y","origin":[7.98203,10.82138,4.9109]},"faces":{"north":{"uv":[1,0,15,2],"texture":"#11"},"east":{"uv":[0,0,0.5,2],"texture":"#11"},"south":{"uv":[1,0,15,2],"texture":"#11"},"west":{"uv":[0,0,0.5,2],"texture":"#11"},"up":{"uv":[0,0,14,1],"texture":"#11"},"down":{"uv":[0,0,14,1],"texture":"#11"}}},{"from":[8,1,29],"to":[18,3,30],"rotation":{"angle":0,"axis":"y","origin":[18.98203,10.82138,4.9109]},"faces":{"north":{"uv":[3,14,13,16],"texture":"#11"},"east":{"uv":[0,13,1,15],"texture":"#11"},"south":{"uv":[5,14,15,16],"texture":"#11"},"west":{"uv":[0,0,1,2],"texture":"#11"},"up":{"uv":[0,0,10,1],"texture":"#11"},"down":{"uv":[0,0,10,1],"texture":"#11"}}},{"from":[-2,1,29],"to":[8,3,30],"rotation":{"angle":0,"axis":"y","origin":[8.98203,10.82138,4.9109]},"faces":{"north":{"uv":[3,14,13,16],"texture":"#11"},"east":{"uv":[0,13,1,15],"texture":"#11"},"south":{"uv":[3,14,13,16],"texture":"#11"},"west":{"uv":[0,0,1,2],"texture":"#11"},"up":{"uv":[0,0,10,1],"texture":"#11"},"down":{"uv":[0,0,10,1],"texture":"#11"}}},{"from":[4.19433,1.5,-13.84658],"to":[8.19433,3.49,-12.84658],"rotation":{"angle":22.5,"axis":"y","origin":[7.98203,10.82138,4.9109]},"faces":{"north":{"uv":[1,0,5,2],"texture":"#11"},"east":{"uv":[0,0,1,2],"texture":"#11"},"south":{"uv":[1,4,5,6],"texture":"#11"},"west":{"uv":[0,0,1,2],"texture":"#11"},"up":{"uv":[0,0,4,1],"texture":"#11"},"down":{"uv":[0,0,4,1],"texture":"#11"}}},{"from":[7.80293,1.5,-13.86033],"to":[11.80293,3.49,-12.86033],"rotation":{"angle":-22.5,"axis":"y","origin":[7.98203,10.82138,4.9109]},"faces":{"north":{"uv":[1,0,5,2],"texture":"#11"},"east":{"uv":[0,0,1,2],"texture":"#11"},"south":{"uv":[1,4,5,6],"texture":"#11"},"west":{"uv":[0,0,0.5,2],"texture":"#11"},"up":{"uv":[0,0,4,1],"texture":"#11"},"down":{"uv":[0,0,4,1],"texture":"#11"}}},{"from":[-8.6,5.05,0.72569],"to":[-7,5.05,5.52569],"rotation":{"angle":-22.5,"axis":"y","origin":[7.98203,10.82138,4.9109]},"faces":{"north":{"uv":[0,0,1.6,0.4],"texture":"#11"},"east":{"uv":[10,0,14.8,0.4],"texture":"#11"},"south":{"uv":[2,5,3,7],"texture":"#9"},"west":{"uv":[10,0,14.8,0.4],"texture":"#11"},"up":{"uv":[8,1,9.6,5.8],"texture":"#11"},"down":{"uv":[2,5,3,7],"texture":"#9"}}},{"from":[22.99727,5.05,0.73945],"to":[24.59727,5.05,5.53945],"rotation":{"angle":22.5,"axis":"y","origin":[7.98203,10.82138,4.9109]},"faces":{"north":{"uv":[0,0,1.6,0.4],"texture":"#11"},"east":{"uv":[0,0,4.8,0.4],"texture":"#11"},"south":{"uv":[0,0,1.6,0.4],"texture":"#11"},"west":{"uv":[0,0,4.8,0.4],"texture":"#11"},"up":{"uv":[6,1,7.6,5.8],"texture":"#11"},"down":{"uv":[5,2,6.6,6.8],"texture":"#11"}}},{"from":[11,3,-11.3],"to":[12,9,-10.3],"rotation":{"angle":0,"axis":"y","origin":[7.98203,10.82138,4.9109]},"faces":{"north":{"uv":[0,0,1,6],"texture":"#11"},"east":{"uv":[0,0,1,6],"texture":"#11"},"south":{"uv":[0,0,1,6],"texture":"#11"},"west":{"uv":[0,0,1,6],"texture":"#11"},"up":{"uv":[0,0,1,1],"texture":"#11"},"down":{"uv":[0,0,6,1],"texture":"#11"}}},{"from":[4,3,-11.3],"to":[5,9,-10.3],"rotation":{"angle":0,"axis":"y","origin":[7.98203,10.82138,4.9109]},"faces":{"north":{"uv":[0,0,1,6],"texture":"#11"},"east":{"uv":[0,0,1,6],"texture":"#11"},"south":{"uv":[0,0,1,6],"texture":"#11"},"west":{"uv":[0,0,1,6],"texture":"#11"},"up":{"uv":[0,0,1,1],"texture":"#11"},"down":{"uv":[0,0,6,1],"texture":"#11"}}},{"from":[5,3,-11.3],"to":[11,4,-10.3],"rotation":{"angle":0,"axis":"y","origin":[7.98203,10.82138,4.9109]},"faces":{"north":{"uv":[0,0,6,1],"texture":"#11"},"east":{"uv":[0,0,1,1],"texture":"#11"},"south":{"uv":[0,0,6,1],"texture":"#11"},"west":{"uv":[0,0,1,1],"texture":"#11"},"up":{"uv":[0,0,6,1],"texture":"#11"},"down":{"uv":[0,0,6,1],"texture":"#11"}}},{"from":[6,10,-11.3],"to":[10,11,-10.3],"rotation":{"angle":0,"axis":"y","origin":[7.98203,10.82138,4.9109]},"faces":{"north":{"uv":[0,0,4,1],"texture":"#11"},"east":{"uv":[0,0,1,1],"texture":"#11"},"south":{"uv":[0,0,4,1],"texture":"#11"},"west":{"uv":[0,0,1,1],"texture":"#11"},"up":{"uv":[0,0,4,1],"texture":"#11"},"down":{"uv":[0,0,6,1],"texture":"#11"}}},{"from":[5,4,-11.2],"to":[11,10,-11.2],"rotation":{"angle":0,"axis":"y","origin":[7.98203,10.82138,4.9109]},"faces":{"north":{"uv":[11,2,5,8],"texture":"#13"},"east":{"uv":[5,2,11,8],"texture":"#13"},"south":{"uv":[5,2,11,8],"texture":"#13"},"west":{"uv":[5,2,11,8],"texture":"#13"},"up":{"uv":[5,2,11,8],"texture":"#13"},"down":{"uv":[5,2,11,8],"texture":"#13"}}},{"from":[5,4,-11.1],"to":[11,10,-10.9],"rotation":{"angle":0,"axis":"y","origin":[7.98203,10.82138,4.9109]},"faces":{"north":{"uv":[5,10,11,16],"texture":"#6"},"east":{"uv":[5,10,11,16],"texture":"#6"},"south":{"uv":[5,10,11,16],"texture":"#6"},"west":{"uv":[5,10,11,16],"texture":"#6"},"up":{"uv":[5,10,11,16],"texture":"#6"},"down":{"uv":[5,10,11,16],"texture":"#6"}}},{"from":[9.28265,11.37461,-11.295],"to":[12.11465,12.37461,-10.295],"rotation":{"angle":-45,"axis":"z","origin":[7.98203,10.82138,4.9109]},"faces":{"north":{"uv":[0,0,2.832,1],"texture":"#11"},"east":{"uv":[0,0,1,1],"texture":"#11"},"south":{"uv":[0,0,2.832,1],"texture":"#11"},"west":{"uv":[0,0,1,1],"texture":"#11"},"up":{"uv":[0,0,2.832,1],"texture":"#11"},"down":{"uv":[0,0,6,1],"texture":"#11"}}},{"from":[3.87482,11.34919,-11.295],"to":[6.70682,12.34919,-10.295],"rotation":{"angle":45,"axis":"z","origin":[7.98203,10.82138,4.9109]},"faces":{"north":{"uv":[0,0,2.832,1],"texture":"#11"},"east":{"uv":[0,0,1,1],"texture":"#11"},"south":{"uv":[0,0,2.832,1],"texture":"#11"},"west":{"uv":[0,0,1,1],"texture":"#11"},"up":{"uv":[0,0,2.832,1],"texture":"#11"},"down":{"uv":[0,0,6,1],"texture":"#11"}}},{"from":[31.5,2.00984,8.46456],"to":[32,2.50984,11.36456],"rotation":{"angle":-45,"axis":"y","origin":[7.98203,10.82138,4.9109]},"faces":{"north":{"uv":[0,0,0.5,0.5],"texture":"#11"},"east":{"uv":[0,0,2.9,0.5],"texture":"#11"},"south":{"uv":[0,0,0.5,0.5],"texture":"#11"},"west":{"uv":[0,0,2.9,0.5],"texture":"#11"},"up":{"uv":[0,0,2.9,0.5],"rotation":270,"texture":"#11"},"down":{"uv":[0,0,2.9,0.5],"rotation":90,"texture":"#11"}}}],"display":{"thirdperson_righthand":{"scale":[0.2,0.2,0.2]},"gui":{"rotation":[30,-135,0],"translation":[0.3,0,0],"scale":[0.3,0.3,0.3]},"head":{"translation":[0,-8.25,2.75],"scale":[1.7,1.7,1.7]}},"groups":[{"name":"group","origin":[8,8,8],"color":0,"children":[{"name":"kar","origin":[8,8,8],"color":0,"children":[0,1,2,3,4,5,6,7,8,9,10,11,12,13,14,15,16,17,18,19,20,21,22,23,24,25,26,27,28,29,30,31,32,33]},{"name":"onderkant","origin":[8,8,8],"color":0,"children":[34,35,36,37,38,39,40,41,42,43]},{"name":"achterkant","origin":[8,8,8],"color":0,"children":[44,45,46,47]},{"name":"stoel bekleding","origin":[8,8,8],"color":0,"children":[48,49,50,51,52,53,54,55,56,57,58,59,60,61,62,63,64,65,66]},{"name":"achterlampen","origin":[8,8,8],"color":0,"children":[67,68,69,70,71,72]},{"name":"balustrade","origin":[22,8,-3],"color":0,"children":[73,74,75,76,77,78,79,80,81,82,83,84,85,86,87,88,89,90]},{"name":"voorlamp v2","origin":[8,8,8],"color":0,"children":[91,92,93,94,95,96,97,98]},{"name":"voorlamp v2","origin":[8,8,8],"color":0,"children":[99,100,101,102,103,104,{"name":"lampen","origin":[8,8,8],"color":0,"children":[]}]},{"name":"bumper","origin":[8,8,8],"color":0,"children":[105,106,107,108,109,110,111,112,113,114,115]},{"name":"randjes","origin":[8,8,8],"color":0,"children":[]},{"name":"randjes","origin":[8,8,8],"color":0,"children":[]},{"name":"rand achter","origin":[8,8,8],"color":0,"children":[]},{"name":"grill","origin":[8,8,8],"color":0,"children":[116,117,118,119,120,121,122,123]},{"name":"randvoor","origin":[8,8,8],"color":0,"children":[124]}]}],"credit":"Model by Craftventure"}