{"textures":{"0":"block/mushroom_stem","1":"block/blue_concrete","3":"block/anvil","4":"block/spruce_planks","5":"block/helicopter","7":"item/fishing_rod_cast","8":"block/black_shulker_box","12":"item/cod","13":"item/salmon","16":"block/stripped_oak_log","17":"block/stripped_oak_log_top","18":"block/red_shulker_box","particle":"block/white_shulker_box","4_0":"block/white_shulker_box","4_1":"block/oak_planks","4_2":"block/poseidonouzo","4_3":"block/blue_shulker_box"},"elements":[{"from":[6.491,10.27945,-6.20218],"to":[9.491,11.27945,-4.70218],"faces":{"north":{"uv":[0,0,1.5,4.5],"rotation":90,"texture":"#0"},"east":{"uv":[0,0,1.5,2.25],"rotation":90,"texture":"#0"},"south":{"uv":[0,0,1.5,4.5],"rotation":90,"texture":"#0"},"west":{"uv":[0,0,1.5,2.25],"rotation":90,"texture":"#0"},"up":{"uv":[0,0,2.25,4.5],"rotation":90,"texture":"#0"},"down":{"uv":[0,0,2.25,4.5],"rotation":90,"texture":"#0"}}},{"from":[6.5,8.17445,-6.62101],"to":[9.5,9.67445,-1.12101],"rotation":{"angle":22.5,"axis":"x","origin":[7.98376,8.18595,-1.13205]},"faces":{"north":{"uv":[0,0,2.25,4.5],"rotation":90,"texture":"#0"},"east":{"uv":[0,0,2.25,8.25],"rotation":90,"texture":"#0"},"south":{"uv":[0,0,2.25,4.5],"rotation":90,"texture":"#0"},"west":{"uv":[0,0,2.25,8.25],"rotation":90,"texture":"#0"},"up":{"uv":[0,0,8.25,4.5],"rotation":90,"texture":"#0"},"down":{"uv":[0,0,8.25,4.5],"rotation":90,"texture":"#0"}}},{"from":[4.5,8.17445,-5.12101],"to":[11.5,10.17445,-1.12101],"rotation":{"angle":45,"axis":"x","origin":[7.98376,8.18595,-1.13205]},"faces":{"north":{"uv":[0,0,3,10.5],"rotation":90,"texture":"#0"},"east":{"uv":[0,0,3,6],"rotation":90,"texture":"#0"},"south":{"uv":[0,0,3,10.5],"rotation":90,"texture":"#0"},"west":{"uv":[0,0,3,6],"rotation":90,"texture":"#0"},"up":{"uv":[0,0,6,10.5],"rotation":90,"texture":"#0"},"down":{"uv":[0,0,6,10.5],"rotation":90,"texture":"#0"}}},{"from":[7.68629,11,20.17157],"to":[11.47056,14,22.17157],"faces":{"north":{"uv":[0,0,4.5,5.67641],"rotation":90,"texture":"#0"},"east":{"uv":[0,0,4.5,3],"rotation":90,"texture":"#0"},"south":{"uv":[0,0,4.5,5.67641],"rotation":90,"texture":"#0"},"west":{"uv":[0,0,4.5,3],"rotation":90,"texture":"#0"},"up":{"uv":[0,0,3,5.67641],"rotation":90,"texture":"#0"},"down":{"uv":[0,0,3,5.67641],"rotation":90,"texture":"#0"}}},{"from":[7.68815,9.63376,17.91306],"to":[11.47242,11.63376,21.91306],"rotation":{"angle":-45,"axis":"x","origin":[7.892,10.62572,20.38984]},"faces":{"north":{"uv":[0,0,3,5.6764],"rotation":90,"texture":"#0"},"east":{"uv":[0,0,3,6],"rotation":90,"texture":"#0"},"south":{"uv":[0,0,3,5.6764],"rotation":90,"texture":"#0"},"west":{"uv":[0,0,3,6],"rotation":90,"texture":"#0"},"up":{"uv":[0,0,6,5.6764],"rotation":90,"texture":"#0"},"down":{"uv":[0,0,6,5.6764],"rotation":90,"texture":"#0"}}},{"from":[4.52944,11,20.17157],"to":[7.81371,14,22.17157],"faces":{"north":{"uv":[0,0,4.5,4.92641],"rotation":90,"texture":"#0"},"east":{"uv":[0,0,4.5,3],"rotation":90,"texture":"#0"},"south":{"uv":[0,0,4.5,4.92641],"rotation":90,"texture":"#0"},"west":{"uv":[0,0,4.5,3],"rotation":90,"texture":"#0"},"up":{"uv":[0,0,3,4.92641],"rotation":90,"texture":"#0"},"down":{"uv":[0,0,3,4.92641],"rotation":90,"texture":"#0"}}},{"from":[4.5313,9.63376,17.91306],"to":[7.81557,11.63376,21.91306],"rotation":{"angle":-45,"axis":"x","origin":[7.892,10.62572,20.38984]},"faces":{"north":{"uv":[0,0,3,4.92641],"rotation":90,"texture":"#0"},"east":{"uv":[0,0,3,6],"rotation":90,"texture":"#0"},"south":{"uv":[0,0,3,4.92641],"rotation":90,"texture":"#0"},"west":{"uv":[0,0,3,6],"rotation":90,"texture":"#0"},"up":{"uv":[0,0,6,4.92641],"rotation":90,"texture":"#0"},"down":{"uv":[0,0,6,4.92641],"rotation":90,"texture":"#0"}}},{"from":[4.35786,11,23],"to":[8.64214,14,25],"rotation":{"angle":45,"axis":"y","origin":[4.5,13,15]},"faces":{"north":{"uv":[0,0,4.5,6.42642],"rotation":90,"texture":"#0"},"east":{"uv":[0,0,4.5,3],"rotation":90,"texture":"#0"},"south":{"uv":[0,0,4.5,6.42642],"rotation":90,"texture":"#0"},"west":{"uv":[0,0,4.5,3],"rotation":90,"texture":"#0"},"up":{"uv":[0,0,3,6.42642],"rotation":90,"texture":"#0"},"down":{"uv":[0,0,3,6.42642],"rotation":90,"texture":"#0"}}},{"from":[7.35786,11,23],"to":[11.64214,14,25],"rotation":{"angle":-45,"axis":"y","origin":[11.5,13,15]},"faces":{"north":{"uv":[0,0,4.5,6.42642],"rotation":90,"texture":"#0"},"east":{"uv":[0,0,4.5,3],"rotation":90,"texture":"#0"},"south":{"uv":[0,0,4.5,6.42642],"rotation":90,"texture":"#0"},"west":{"uv":[0,0,4.5,3],"rotation":90,"texture":"#0"},"up":{"uv":[0,0,3,6.42642],"rotation":90,"texture":"#0"},"down":{"uv":[0,0,3,6.42642],"rotation":90,"texture":"#0"}}},{"from":[13.25,11,-1.14214],"to":[14.5,15.25,7.14214],"rotation":{"angle":45,"axis":"y","origin":[4.5,13,3]},"faces":{"north":{"uv":[0,0,6.375,1.875],"rotation":90,"texture":"#0"},"east":{"uv":[0,0,6.375,12.42642],"rotation":90,"texture":"#0"},"south":{"uv":[0,0,6.375,1.875],"rotation":90,"texture":"#0"},"west":{"uv":[0,0,6.375,12.42642],"rotation":90,"texture":"#0"},"up":{"uv":[0,0,12.42642,1.875],"rotation":90,"texture":"#0"},"down":{"uv":[0,0,12.42642,1.875],"rotation":90,"texture":"#0"}}},{"from":[13.25,11,0.35786],"to":[14.5,11.5,8.64214],"rotation":{"angle":45,"axis":"y","origin":[4.5,13,4.5]},"faces":{"north":{"uv":[0,0,0.75,1.875],"rotation":90,"texture":"#0"},"east":{"uv":[0,0,0.75,12.42642],"rotation":90,"texture":"#0"},"south":{"uv":[0,0,0.75,1.875],"rotation":90,"texture":"#0"},"west":{"uv":[0,0,0.75,12.42642],"rotation":90,"texture":"#0"},"up":{"uv":[0,0,12.42642,1.875],"rotation":90,"texture":"#0"},"down":{"uv":[0,0,12.42642,1.875],"rotation":90,"texture":"#0"}}},{"from":[1.5,11,-1.14214],"to":[2.75,15.25,7.14214],"rotation":{"angle":-45,"axis":"y","origin":[11.5,13,3]},"faces":{"north":{"uv":[0,0,6.375,1.875],"rotation":90,"texture":"#0"},"east":{"uv":[0,0,6.375,12.42642],"rotation":90,"texture":"#0"},"south":{"uv":[0,0,6.375,1.875],"rotation":90,"texture":"#0"},"west":{"uv":[0,0,6.375,12.42642],"rotation":90,"texture":"#0"},"up":{"uv":[0,0,12.42642,1.875],"rotation":90,"texture":"#0"},"down":{"uv":[0,0,12.42642,1.875],"rotation":90,"texture":"#0"}}},{"from":[1.5,11,0.35786],"to":[2.75,11.5,8.64214],"rotation":{"angle":-45,"axis":"y","origin":[11.5,13,4.5]},"faces":{"north":{"uv":[0,0,0.75,1.875],"rotation":90,"texture":"#0"},"east":{"uv":[0,0,0.75,12.42642],"rotation":90,"texture":"#0"},"south":{"uv":[0,0,0.75,1.875],"rotation":90,"texture":"#0"},"west":{"uv":[0,0,0.75,12.42642],"rotation":90,"texture":"#0"},"up":{"uv":[0,0,12.42642,1.875],"rotation":90,"texture":"#0"},"down":{"uv":[0,0,12.42642,1.875],"rotation":90,"texture":"#0"}}},{"from":[1.5,11,-1.14214],"to":[2.5,14,9],"faces":{"north":{"uv":[0,0,4.5,1.5],"rotation":90,"texture":"#0"},"east":{"uv":[0,0,4.5,15.21321],"rotation":90,"texture":"#0"},"west":{"uv":[0,0,4.5,15.21321],"rotation":90,"texture":"#0"},"up":{"uv":[0,0,15.21321,1.5],"rotation":90,"texture":"#0"},"down":{"uv":[0,0,15.21321,1.5],"rotation":90,"texture":"#0"}}},{"from":[13.5,11,-1.14214],"to":[14.5,14,9],"faces":{"north":{"uv":[0,1.5,4.5,0],"rotation":90,"texture":"#0"},"east":{"uv":[0,15.21321,4.5,0],"rotation":90,"texture":"#0"},"west":{"uv":[0,15.21321,4.5,0],"rotation":90,"texture":"#0"},"up":{"uv":[0,1.5,15.21321,0],"rotation":90,"texture":"#0"},"down":{"uv":[0,1.5,15.21321,0],"rotation":90,"texture":"#0"}}},{"from":[1.5,11,9],"to":[2.5,14,19.14214],"faces":{"east":{"uv":[0,15.21321,4.5,0],"rotation":90,"texture":"#0"},"south":{"uv":[0,1.5,4.5,0],"rotation":90,"texture":"#0"},"west":{"uv":[0,0,4.5,15.21321],"rotation":90,"texture":"#0"},"up":{"uv":[15.21321,0,0,1.5],"rotation":90,"texture":"#0"},"down":{"uv":[15.21321,0,0,1.5],"rotation":90,"texture":"#0"}}},{"from":[13.5,11,9],"to":[14.5,14,19.14214],"faces":{"east":{"uv":[0,15.21321,4.5,0],"rotation":90,"texture":"#0"},"south":{"uv":[0,0,4.5,1.5],"rotation":90,"texture":"#0"},"west":{"uv":[0,0,4.5,15.21321],"rotation":90,"texture":"#0"},"up":{"uv":[15.21321,1.5,0,0],"rotation":90,"texture":"#0"},"down":{"uv":[15.21321,1.5,0,0],"rotation":90,"texture":"#0"}}},{"from":[1.5,14,-1.14214],"to":[2.5,15.25,5.14214],"faces":{"north":{"uv":[0,0,1.875,1.5],"rotation":90,"texture":"#0"},"east":{"uv":[3,7,4.875,16.42642],"rotation":90,"texture":"#0"},"south":{"uv":[0,0,1.875,1.5],"rotation":90,"texture":"#0"},"west":{"uv":[3,6,4.875,15.42642],"rotation":90,"texture":"#0"},"up":{"uv":[0,0,9.42642,1.5],"rotation":90,"texture":"#0"},"down":{"uv":[0,0,9.42642,1.5],"rotation":90,"texture":"#0"}}},{"from":[13.5,14,-1.14214],"to":[14.5,15.25,5.14214],"faces":{"north":{"uv":[0,1.5,1.875,0],"rotation":90,"texture":"#0"},"east":{"uv":[3,15.42642,4.875,6],"rotation":90,"texture":"#0"},"south":{"uv":[0,1.5,1.875,0],"rotation":90,"texture":"#0"},"west":{"uv":[3,13.42642,4.875,4],"rotation":90,"texture":"#0"},"up":{"uv":[0,1.5,9.42642,0],"rotation":90,"texture":"#0"},"down":{"uv":[0,1.5,9.42642,0],"rotation":90,"texture":"#0"}}},{"from":[1.50649,12.82751,4.71038],"to":[2.50549,13.82751,7.99465],"rotation":{"angle":22.5,"axis":"x","origin":[2.48371,13.32834,7.87348]},"faces":{"north":{"uv":[0,0,1.5,1.4985],"rotation":90,"texture":"#0"},"east":{"uv":[3,5,4.5,9.92641],"rotation":90,"texture":"#0"},"south":{"uv":[0,0,1.5,1.4985],"rotation":90,"texture":"#0"},"west":{"uv":[5,3,6.5,7.92641],"rotation":90,"texture":"#0"},"up":{"uv":[0,0,4.92641,1.4985],"rotation":90,"texture":"#0"},"down":{"uv":[0,0,4.92641,1.4985],"rotation":90,"texture":"#0"}}},{"from":[13.49451,12.82751,4.71038],"to":[14.49351,13.82751,7.99465],"rotation":{"angle":22.5,"axis":"x","origin":[13.51629,13.32834,7.87348]},"faces":{"north":{"uv":[0,1.4985,1.5,0],"rotation":90,"texture":"#0"},"east":{"uv":[5,7.92641,6.5,3],"rotation":90,"texture":"#0"},"south":{"uv":[0,1.4985,1.5,0],"rotation":90,"texture":"#0"},"west":{"uv":[4,7.92641,5.5,3],"rotation":90,"texture":"#0"},"up":{"uv":[0,1.4985,4.92641,0],"rotation":90,"texture":"#0"},"down":{"uv":[0,1.4985,4.92641,0],"rotation":90,"texture":"#0"}}},{"from":[-0.0211,14.65419,-1.13762],"to":[1.9789,18.65419,9.00452],"rotation":{"angle":45,"axis":"z","origin":[9.9789,16.65419,0.93345]},"faces":{"north":{"uv":[0,0,6,3],"rotation":90,"texture":"#0"},"east":{"uv":[0,0,6,15.2132],"rotation":90,"texture":"#0"},"west":{"uv":[0,0,6,15.2132],"rotation":90,"texture":"#0"},"up":{"uv":[0,0,15.2132,3],"rotation":90,"texture":"#0"},"down":{"uv":[0,0,15.2132,3],"rotation":90,"texture":"#0"}}},{"from":[14.0211,14.65419,-1.13762],"to":[16.0211,18.65419,9.00452],"rotation":{"angle":-45,"axis":"z","origin":[6.0211,16.65419,0.93345]},"faces":{"north":{"uv":[0,3,6,0],"rotation":90,"texture":"#0"},"east":{"uv":[0,15.2132,6,0],"rotation":90,"texture":"#0"},"west":{"uv":[0,15.2132,6,0],"rotation":90,"texture":"#0"},"up":{"uv":[0,3,15.2132,0],"rotation":90,"texture":"#0"},"down":{"uv":[0,3,15.2132,0],"rotation":90,"texture":"#0"}}},{"from":[-0.0211,14.65419,8.99549],"to":[1.9789,18.65419,19.13762],"rotation":{"angle":45,"axis":"z","origin":[9.9789,16.65419,14.89989]},"faces":{"east":{"uv":[0,15.2132,6,0],"rotation":90,"texture":"#0"},"south":{"uv":[0,3,6,0],"rotation":90,"texture":"#0"},"west":{"uv":[0,0,6,15.2132],"rotation":90,"texture":"#0"},"up":{"uv":[15.2132,0,0,3],"rotation":90,"texture":"#0"},"down":{"uv":[15.2132,0,0,3],"rotation":90,"texture":"#0"}}},{"from":[14.0211,14.65419,8.99549],"to":[16.0211,18.65419,19.13762],"rotation":{"angle":-45,"axis":"z","origin":[6.0211,16.65419,14.89989]},"faces":{"east":{"uv":[0,15.2132,6,0],"rotation":90,"texture":"#0"},"south":{"uv":[0,0,6,3],"rotation":90,"texture":"#0"},"west":{"uv":[0,0,6,15.2132],"rotation":90,"texture":"#0"},"up":{"uv":[15.2132,3,0,0],"rotation":90,"texture":"#0"},"down":{"uv":[15.2132,3,0,0],"rotation":90,"texture":"#0"}}},{"from":[4.32205,8.16891,-1.21549],"to":[7.82205,10.16891,9.00452],"faces":{"north":{"uv":[0,0,3,5.25],"rotation":90,"texture":"#0"},"east":{"uv":[0,0,3,15.33],"rotation":90,"texture":"#0"},"west":{"uv":[0,0,3,15.33],"rotation":90,"texture":"#0"},"up":{"uv":[0,0,15.33,5.25],"rotation":90,"texture":"#0"},"down":{"uv":[0,0,5.25,15.33],"texture":"#0"}}},{"from":[8.17795,8.16891,-1.21549],"to":[11.67795,10.16891,9.00452],"faces":{"north":{"uv":[0,5.25,3,0],"rotation":90,"texture":"#0"},"east":{"uv":[0,15.33,3,0],"rotation":90,"texture":"#0"},"west":{"uv":[0,15.33,3,0],"rotation":90,"texture":"#0"},"up":{"uv":[0,5.25,15.33,0],"rotation":90,"texture":"#0"},"down":{"uv":[5.25,0,0,15.33],"texture":"#0"}}},{"from":[4.32205,8.16891,8.99549],"to":[7.82205,10.16891,19.21549],"faces":{"east":{"uv":[0,15.33,3,0],"rotation":90,"texture":"#0"},"south":{"uv":[0,5.25,3,0],"rotation":90,"texture":"#0"},"west":{"uv":[0,15.33,3,0],"rotation":90,"texture":"#0"},"up":{"uv":[15.33,0,0,5.25],"rotation":90,"texture":"#0"},"down":{"uv":[0,0,5.25,15.33],"texture":"#0"}}},{"from":[8.17795,8.16891,8.99549],"to":[11.67795,10.16891,19.21549],"faces":{"east":{"uv":[0,0,3,15.33],"rotation":90,"texture":"#0"},"south":{"uv":[0,0,3,5.25],"rotation":90,"texture":"#0"},"west":{"uv":[0,0,3,15.33],"rotation":90,"texture":"#0"},"up":{"uv":[15.33,5.25,0,0],"rotation":90,"texture":"#0"},"down":{"uv":[5.25,0,0,15.33],"texture":"#0"}}},{"from":[8,14.5,3.5],"to":[12,15,7.5],"faces":{"north":{"uv":[0,0,11,2],"texture":"#4"},"east":{"uv":[5,0,7,11],"rotation":90,"texture":"#4"},"south":{"uv":[5,12,15.999,13.999],"texture":"#4"},"up":{"uv":[0,0,11,11],"texture":"#4"},"down":{"uv":[0,0,3.5,1.5],"texture":"#4"}}},{"from":[4,14.5,3.5],"to":[8,15,7.5],"faces":{"north":{"uv":[13.999,8,3,9.999],"texture":"#4"},"south":{"uv":[13.998,8,3,9.998],"texture":"#4"},"west":{"uv":[5,11,7,0],"rotation":90,"texture":"#4"},"up":{"uv":[15.999,4,5,14.999],"rotation":180,"texture":"#4"},"down":{"uv":[3.5,0,0,1.5],"texture":"#4"}}},{"from":[4.5,12.5,4],"to":[11.5,14.5,7],"faces":{"north":{"uv":[0,7,16,12],"texture":"#3"},"east":{"uv":[0,7,7,12],"texture":"#3"},"south":{"uv":[0,7,16,12],"texture":"#3"},"west":{"uv":[9,7,15.999,11.999],"texture":"#3"},"up":{"uv":[0,0,16,7],"texture":"#3"},"down":{"uv":[0,0,3.5,1.5],"texture":"#3"}}},{"from":[5.5,6.59446,22.52851],"to":[10.5,11.59446,23.02851],"rotation":{"angle":45,"axis":"z","origin":[8,9.09446,22.77851]},"faces":{"south":{"uv":[0,0,16,16],"rotation":180,"texture":"#5"}}},{"from":[5.5,6.59446,22.52851],"to":[10.5,11.59446,23.02851],"rotation":{"angle":45,"axis":"z","origin":[8,9.09446,22.77851]},"faces":{"south":{"uv":[0,0,16,16],"rotation":270,"texture":"#5"}}},{"from":[7.5,8.59446,21.52],"to":[8.5,9.59446,23.02],"faces":{"north":{"uv":[0,0,1,1],"rotation":270,"texture":"#3"},"east":{"uv":[0,0,1,1.5],"rotation":90,"texture":"#3"},"south":{"uv":[0,0,1,1],"rotation":180,"texture":"#3"},"west":{"uv":[0,0,1,1.5],"rotation":90,"texture":"#3"},"up":{"uv":[0,0,1.5,1],"rotation":90,"texture":"#3"},"down":{"uv":[0,0,1.5,1],"rotation":90,"texture":"#3"}}},{"from":[7,7,-1.5],"to":[9,9,21],"faces":{"north":{"uv":[0,0,3,3],"texture":"#1"},"east":{"uv":[0,0,16,3],"texture":"#1"},"south":{"uv":[0,0,3,3],"texture":"#1"},"west":{"uv":[0,0,16,3],"texture":"#1"},"up":{"uv":[0,0,3,16],"texture":"#1"},"down":{"uv":[0,0,3,16],"texture":"#1"}}},{"from":[7.01196,11.87185,-7.73681],"to":[9.01196,16.87185,-5.73681],"faces":{"north":{"uv":[0,0,3,7.5],"rotation":180,"texture":"#1"},"east":{"uv":[0,0,7.5,3],"rotation":270,"texture":"#1"},"south":{"uv":[0,0,3,7.5],"texture":"#1"},"west":{"uv":[0,0,7.5,3],"rotation":90,"texture":"#1"},"up":{"uv":[0,0,3,3],"rotation":180,"texture":"#1"},"down":{"uv":[0,0,3,3],"texture":"#1"}}},{"from":[7.05666,7.13766,20.03357],"to":[9.05666,14.13766,22.03357],"rotation":{"angle":22.5,"axis":"x","origin":[8.01982,9.66338,21.04473]},"faces":{"north":{"uv":[0,0,3,10.5],"rotation":180,"texture":"#1"},"east":{"uv":[0,0,10.5,3],"rotation":270,"texture":"#1"},"south":{"uv":[0,0,3,10.5],"texture":"#1"},"west":{"uv":[0,0,10.5,3],"rotation":90,"texture":"#1"},"up":{"uv":[0,0,3,3],"rotation":180,"texture":"#1"},"down":{"uv":[0,0,3,3],"texture":"#1"}}},{"from":[7.01196,11.87185,-5.73681],"to":[9.01196,14.87185,-3.73681],"faces":{"north":{"uv":[0,0,3,4.5],"rotation":180,"texture":"#1"},"east":{"uv":[0,0,4.5,3],"rotation":270,"texture":"#1"},"south":{"uv":[0,0,3,4.5],"texture":"#1"},"west":{"uv":[0,0,4.5,3],"rotation":90,"texture":"#1"},"up":{"uv":[0,0,3,3],"rotation":180,"texture":"#1"},"down":{"uv":[0,0,3,3],"texture":"#1"}}},{"from":[7.01196,14.08608,-7.19155],"to":[9.01196,16.58608,-5.19155],"rotation":{"angle":-22.5,"axis":"x","origin":[7.98079,15.35831,-6.18257]},"faces":{"north":{"uv":[0,0,3,3.75],"rotation":180,"texture":"#1"},"east":{"uv":[0,0,3.75,3],"rotation":270,"texture":"#1"},"south":{"uv":[0,0,3,3.75],"texture":"#1"},"west":{"uv":[0,0,3.75,3],"rotation":90,"texture":"#1"},"up":{"uv":[0,0,3,3],"rotation":180,"texture":"#1"},"down":{"uv":[0,0,3,3],"texture":"#1"}}},{"from":[7.01312,13.4315,-6.5159],"to":[9.01312,15.4315,-4.0159],"rotation":{"angle":22.5,"axis":"x","origin":[7.97557,14.45284,-5.28385]},"faces":{"north":{"uv":[0,0,3,3],"texture":"#1"},"east":{"uv":[0,0,3.75,3],"texture":"#1"},"south":{"uv":[0,0,3,3],"texture":"#1"},"west":{"uv":[0,0,3.75,3],"texture":"#1"},"up":{"uv":[0,0,3,3.75],"texture":"#1"},"down":{"uv":[0,0,3,3.75],"texture":"#1"}}},{"from":[7.01196,8.26799,-6.35263],"to":[9.01196,10.26799,-0.85263],"rotation":{"angle":22.5,"axis":"x","origin":[7.9762,9.27764,-4.37878]},"faces":{"north":{"uv":[0,0,3,3],"texture":"#1"},"east":{"uv":[0,0,8.25,3],"texture":"#1"},"south":{"uv":[0,0,3,3],"texture":"#1"},"west":{"uv":[0,0,8.25,3],"texture":"#1"},"up":{"uv":[0,0,3,8.25],"texture":"#1"},"down":{"uv":[0,0,3,8.25],"texture":"#1"}}},{"from":[7.01196,9.29941,-7.62541],"to":[9.01196,12.29941,-5.62541],"rotation":{"angle":-22.5,"axis":"x","origin":[7.99047,11.80562,-6.60637]},"faces":{"north":{"uv":[0,0,3,4.5],"rotation":180,"texture":"#1"},"east":{"uv":[0,0,4.5,3],"rotation":270,"texture":"#1"},"south":{"uv":[0,0,3,4.5],"texture":"#1"},"west":{"uv":[0,0,4.5,3],"rotation":90,"texture":"#1"},"up":{"uv":[0,0,3,3],"rotation":180,"texture":"#1"},"down":{"uv":[0,0,3,3],"texture":"#1"}}},{"from":[4,11.5,-3.5],"to":[12,12.5,-2],"faces":{"up":{"uv":[0,0,6,2],"texture":"#3"},"down":{"uv":[0,0,6,2],"texture":"#3"}}},{"from":[4,11.5,19],"to":[12,12.5,20.5],"faces":{"north":{"uv":[0,0,0,0],"texture":"#3"},"east":{"uv":[0,0,0,0],"texture":"#3"},"south":{"uv":[0,0,0,0],"texture":"#3"},"west":{"uv":[0,0,0,0],"texture":"#3"},"up":{"uv":[0,0,6,2],"texture":"#3"},"down":{"uv":[0,0,0,0],"texture":"#3"}}},{"from":[5.5,11.5,-5],"to":[10.5,12.5,-3.5],"faces":{"up":{"uv":[0,0,6,2],"texture":"#3"}}},{"from":[2.5,11.5,-2],"to":[13.5,12.5,19],"faces":{"up":{"uv":[0,0,11,16],"texture":"#3"},"down":{"uv":[0,0,11,16],"texture":"#3"}}},{"from":[1.44,15.04,-1.22498],"to":[2.98,15.55,7.22498],"rotation":{"angle":-45,"axis":"y","origin":[11.64,13.51,3]},"faces":{"north":{"uv":[2.31,0,0,0.765],"texture":"#1"},"east":{"uv":[12.67494,0,0,0.765],"texture":"#1"},"south":{"uv":[2.31,0,0,0.765],"texture":"#1"},"west":{"uv":[12.67494,0,0,0.765],"texture":"#1"},"up":{"uv":[2.31,0,0,12.67494],"texture":"#1"},"down":{"uv":[2.31,0,0,12.67494],"texture":"#1"}}},{"from":[1.44,15.04,-1.22498],"to":[2.98,15.55,5.18498],"faces":{"north":{"uv":[2.31,0,0,0.765],"texture":"#1"},"east":{"uv":[9.61494,0,0,0.765],"texture":"#1"},"south":{"uv":[2.31,0,0,0.765],"texture":"#1"},"west":{"uv":[9.61494,0,0,0.765],"texture":"#1"},"up":{"uv":[2.31,0,0,9.61494],"texture":"#1"},"down":{"uv":[2.31,0,0,9.61494],"texture":"#1"}}},{"from":[1.43999,13.84406,4.74458],"to":[2.97999,14.35406,7.58454],"rotation":{"angle":22.5,"axis":"x","origin":[2.43775,13.84491,7.97095]},"faces":{"north":{"uv":[2.31,0,0,0.765],"texture":"#1"},"east":{"uv":[4.25994,0,0,0.765],"texture":"#1"},"south":{"uv":[2.31,0,0,0.765],"texture":"#1"},"west":{"uv":[4.25994,0,0,0.765],"texture":"#1"},"up":{"uv":[2.31,0,0,4.25994],"texture":"#1"},"down":{"uv":[2.31,0,0,4.25994],"texture":"#1"}}},{"from":[1.44,14.02,7.44502],"to":[2.98,14.53,19.46498],"faces":{"north":{"uv":[2.31,0,0,0.765],"texture":"#1"},"east":{"uv":[16,0,0,0.765],"texture":"#1"},"south":{"uv":[2.31,0,0,0.765],"texture":"#1"},"west":{"uv":[16,0,0,0.765],"texture":"#1"},"up":{"uv":[2.31,0,0,16],"texture":"#1"},"down":{"uv":[2.31,0,0,16],"texture":"#1"}}},{"from":[7.41502,14.02,23.9],"to":[11.78498,14.53,25.44],"rotation":{"angle":-45,"axis":"y","origin":[11.64,13.51,15.24]},"faces":{"north":{"uv":[6.55494,0,0,0.765],"texture":"#1"},"east":{"uv":[2.31,0,0,0.765],"texture":"#1"},"south":{"uv":[6.55494,0,0,0.765],"texture":"#1"},"west":{"uv":[2.31,0,0,0.765],"texture":"#1"},"up":{"uv":[6.55494,0,0,2.31],"texture":"#1"},"down":{"uv":[6.55494,0,0,2.31],"texture":"#1"}}},{"from":[7.75001,14.02,20.76501],"to":[11.60997,14.53,22.55501],"faces":{"north":{"uv":[0,0,5.78994,0.765],"texture":"#1"},"east":{"uv":[0,0,2.685,0.765],"texture":"#1"},"south":{"uv":[0,0,5.78994,0.765],"texture":"#1"},"west":{"uv":[0,0,2.685,0.765],"texture":"#1"},"up":{"uv":[0,0,5.78994,2.685],"texture":"#1"},"down":{"uv":[0,0,5.78994,2.685],"texture":"#1"}}},{"from":[4.35502,14.02,23.9],"to":[8.72498,14.53,25.44],"rotation":{"angle":45,"axis":"y","origin":[4.5,13.51,15.24]},"faces":{"north":{"uv":[0,0,6.55494,0.765],"texture":"#1"},"east":{"uv":[0,0,2.31,0.765],"texture":"#1"},"south":{"uv":[0,0,6.55494,0.765],"texture":"#1"},"west":{"uv":[0,0,2.31,0.765],"texture":"#1"},"up":{"uv":[0,0,6.55494,2.31],"texture":"#1"},"down":{"uv":[0,0,6.55494,2.31],"texture":"#1"}}},{"from":[13.16,14.02,7.44502],"to":[14.7,14.53,19.46498],"faces":{"north":{"uv":[0,0,2.31,0.765],"texture":"#1"},"east":{"uv":[0,0,16,0.765],"texture":"#1"},"south":{"uv":[0,0,2.31,0.765],"texture":"#1"},"west":{"uv":[0,0,16,0.765],"texture":"#1"},"up":{"uv":[0,0,2.31,16],"texture":"#1"},"down":{"uv":[0,0,2.31,16],"texture":"#1"}}},{"from":[13.16001,13.84406,4.74458],"to":[14.70001,14.35406,7.58454],"rotation":{"angle":22.5,"axis":"x","origin":[13.70225,13.84491,7.97095]},"faces":{"north":{"uv":[0,0,2.31,0.765],"texture":"#1"},"east":{"uv":[0,0,4.25994,0.765],"texture":"#1"},"south":{"uv":[0,0,2.31,0.765],"texture":"#1"},"west":{"uv":[0,0,4.25994,0.765],"texture":"#1"},"up":{"uv":[0,0,2.31,4.25994],"texture":"#1"},"down":{"uv":[0,0,2.31,4.25994],"texture":"#1"}}},{"from":[13.16,15.04,-1.22498],"to":[14.7,15.55,5.18498],"faces":{"north":{"uv":[0,0,2.31,0.765],"texture":"#1"},"east":{"uv":[0,0,9.61494,0.765],"texture":"#1"},"south":{"uv":[0,0,2.31,0.765],"texture":"#1"},"west":{"uv":[0,0,9.61494,0.765],"texture":"#1"},"up":{"uv":[0,0,2.31,9.61494],"texture":"#1"},"down":{"uv":[0,0,2.31,9.61494],"texture":"#1"}}},{"from":[13.16,15.04,-1.22498],"to":[14.7,15.55,7.22498],"rotation":{"angle":45,"axis":"y","origin":[4.5,13.51,3]},"faces":{"north":{"uv":[0,0,2.31,0.765],"texture":"#1"},"east":{"uv":[0,0,12.67494,0.765],"texture":"#1"},"south":{"uv":[0,0,2.31,0.765],"texture":"#1"},"west":{"uv":[0,0,12.67494,0.765],"texture":"#1"},"up":{"uv":[0,0,2.31,12.67494],"texture":"#1"},"down":{"uv":[0,0,2.31,12.67494],"texture":"#1"}}},{"from":[4.53003,14.02,20.76501],"to":[7.87999,14.53,22.55501],"faces":{"north":{"uv":[5.02494,0,0,0.765],"texture":"#1"},"east":{"uv":[2.685,0,0,0.765],"texture":"#1"},"south":{"uv":[5.02494,0,0,0.765],"texture":"#1"},"west":{"uv":[2.685,0,0,0.765],"texture":"#1"},"up":{"uv":[5.02494,0,0,2.685],"texture":"#1"},"down":{"uv":[5.02494,0,0,2.685],"texture":"#1"}}},{"from":[16.05363,16.87286,5.38003],"to":[16.53363,17.59286,5.62003],"rotation":{"angle":-22.5,"axis":"y","origin":[7.98255,17.99997,4.26748]},"faces":{"north":{"uv":[15,1,13,4],"texture":"#7"},"east":{"uv":[15,1,14,4],"texture":"#7"},"south":{"uv":[15,4,13,1],"rotation":180,"texture":"#7"},"west":{"uv":[14,1,13,4],"texture":"#7"},"up":{"uv":[13,1,15,2],"texture":"#7"},"down":{"uv":[15,3,13,4],"rotation":180,"texture":"#7"}}},{"from":[15.81363,16.39286,5.38003],"to":[16.05363,17.35286,5.62003],"rotation":{"angle":-22.5,"axis":"y","origin":[7.98255,17.99997,4.26748]},"faces":{"north":{"uv":[13,2,12,6],"texture":"#7"},"east":{"uv":[13,2,12,6],"texture":"#7"},"south":{"uv":[13,6,12,2],"rotation":180,"texture":"#7"},"west":{"uv":[13,2,12,6],"texture":"#7"},"up":{"uv":[12,2,13,3],"texture":"#7"},"down":{"uv":[13,5,12,6],"rotation":180,"texture":"#7"}}},{"from":[15.57363,16.15286,5.38003],"to":[15.81363,17.11286,5.62003],"rotation":{"angle":-22.5,"axis":"y","origin":[7.98255,17.99997,4.26748]},"faces":{"north":{"uv":[12,3,11,7],"texture":"#7"},"east":{"uv":[12,3,11,7],"texture":"#7"},"south":{"uv":[12,7,11,3],"rotation":180,"texture":"#7"},"west":{"uv":[12,3,11,7],"texture":"#7"},"up":{"uv":[11,3,12,4],"texture":"#7"},"down":{"uv":[12,6,11,7],"rotation":180,"texture":"#7"}}},{"from":[15.33363,15.91286,5.38003],"to":[15.57363,16.87286,5.62003],"rotation":{"angle":-22.5,"axis":"y","origin":[7.98255,17.99997,4.26748]},"faces":{"north":{"uv":[11,4,10,8],"texture":"#7"},"east":{"uv":[11,4,10,8],"texture":"#7"},"south":{"uv":[11,8,10,4],"rotation":180,"texture":"#7"},"west":{"uv":[11,4,10,8],"texture":"#7"},"up":{"uv":[10,4,11,5],"texture":"#7"},"down":{"uv":[11,7,10,8],"rotation":180,"texture":"#7"}}},{"from":[16.05363,16.63286,5.38003],"to":[16.29363,16.87286,5.62003],"rotation":{"angle":-22.5,"axis":"y","origin":[7.98255,17.99997,4.26748]},"faces":{"north":{"uv":[14,4,13,5],"texture":"#7"},"east":{"uv":[14,4,13,5],"texture":"#7"},"south":{"uv":[14,5,13,4],"rotation":180,"texture":"#7"},"west":{"uv":[14,4,13,5],"texture":"#7"},"up":{"uv":[13,4,14,5],"texture":"#7"},"down":{"uv":[14,4,13,5],"rotation":180,"texture":"#7"}}},{"from":[15.09363,15.67286,5.38003],"to":[15.33363,16.63286,5.62003],"rotation":{"angle":-22.5,"axis":"y","origin":[7.98255,17.99997,4.26748]},"faces":{"north":{"uv":[10,5,9,9],"texture":"#7"},"east":{"uv":[10,5,9,9],"texture":"#7"},"south":{"uv":[10,9,9,5],"rotation":180,"texture":"#7"},"west":{"uv":[10,5,9,9],"texture":"#7"},"up":{"uv":[9,5,10,6],"texture":"#7"},"down":{"uv":[10,8,9,9],"rotation":180,"texture":"#7"}}},{"from":[14.85363,15.43286,5.38003],"to":[15.09363,16.39286,5.62003],"rotation":{"angle":-22.5,"axis":"y","origin":[7.98255,17.99997,4.26748]},"faces":{"north":{"uv":[9,6,8,10],"texture":"#7"},"east":{"uv":[9,6,8,10],"texture":"#7"},"south":{"uv":[9,10,8,6],"rotation":180,"texture":"#7"},"west":{"uv":[9,6,8,10],"texture":"#7"},"up":{"uv":[8,6,9,7],"texture":"#7"},"down":{"uv":[9,9,8,10],"rotation":180,"texture":"#7"}}},{"from":[14.61363,14.47286,5.38003],"to":[14.85363,16.15286,5.62003],"rotation":{"angle":-22.5,"axis":"y","origin":[7.98255,17.99997,4.26748]},"faces":{"north":{"uv":[8,7,7,14],"texture":"#7"},"east":{"uv":[8,7,7,14],"texture":"#7"},"south":{"uv":[8,14,7,7],"rotation":180,"texture":"#7"},"west":{"uv":[8,7,7,14],"texture":"#7"},"up":{"uv":[7,7,8,8],"texture":"#7"},"down":{"uv":[8,13,7,14],"rotation":180,"texture":"#7"}}},{"from":[14.37363,14.47286,5.38003],"to":[14.61363,15.91286,5.62003],"rotation":{"angle":-22.5,"axis":"y","origin":[7.98255,17.99997,4.26748]},"faces":{"north":{"uv":[7,8,6,14],"texture":"#7"},"east":{"uv":[7,8,6,14],"texture":"#7"},"south":{"uv":[7,14,6,8],"rotation":180,"texture":"#7"},"west":{"uv":[7,8,6,14],"texture":"#7"},"up":{"uv":[6,8,7,9],"texture":"#7"},"down":{"uv":[7,13,6,14],"rotation":180,"texture":"#7"}}},{"from":[14.13363,14.71286,5.38003],"to":[14.37363,15.67286,5.62003],"rotation":{"angle":-22.5,"axis":"y","origin":[7.98255,17.99997,4.26748]},"faces":{"north":{"uv":[6,9,5,13],"texture":"#7"},"east":{"uv":[6,9,5,13],"texture":"#7"},"south":{"uv":[6,13,5,9],"rotation":180,"texture":"#7"},"west":{"uv":[6,9,5,13],"texture":"#7"},"up":{"uv":[5,9,6,10],"texture":"#7"},"down":{"uv":[6,12,5,13],"rotation":180,"texture":"#7"}}},{"from":[13.89363,14.47286,5.38003],"to":[14.13363,15.19286,5.62003],"rotation":{"angle":-22.5,"axis":"y","origin":[7.98255,17.99997,4.26748]},"faces":{"north":{"uv":[5,11,4,14],"texture":"#7"},"east":{"uv":[5,11,4,14],"texture":"#7"},"south":{"uv":[5,14,4,11],"rotation":180,"texture":"#7"},"west":{"uv":[5,11,4,14],"texture":"#7"},"up":{"uv":[4,11,5,12],"texture":"#7"},"down":{"uv":[5,13,4,14],"rotation":180,"texture":"#7"}}},{"from":[14.85363,14.71286,5.38003],"to":[15.09363,15.19286,5.62003],"rotation":{"angle":-22.5,"axis":"y","origin":[7.98255,17.99997,4.26748]},"faces":{"north":{"uv":[9,11,8,13],"texture":"#7"},"east":{"uv":[9,11,8,13],"texture":"#7"},"south":{"uv":[9,13,8,11],"rotation":180,"texture":"#7"},"west":{"uv":[9,11,8,13],"texture":"#7"},"up":{"uv":[8,11,9,12],"texture":"#7"},"down":{"uv":[9,12,8,13],"rotation":180,"texture":"#7"}}},{"from":[13.65363,14.23286,5.38003],"to":[13.89363,14.95286,5.62003],"rotation":{"angle":-22.5,"axis":"y","origin":[7.98255,17.99997,4.26748]},"faces":{"north":{"uv":[4,12,3,15],"texture":"#7"},"east":{"uv":[4,12,3,15],"texture":"#7"},"south":{"uv":[4,15,3,12],"rotation":180,"texture":"#7"},"west":{"uv":[4,12,3,15],"texture":"#7"},"up":{"uv":[3,12,4,13],"texture":"#7"},"down":{"uv":[4,14,3,15],"rotation":180,"texture":"#7"}}},{"from":[13.41363,14.23286,5.38003],"to":[13.65363,14.71286,5.62003],"rotation":{"angle":-22.5,"axis":"y","origin":[7.98255,17.99997,4.26748]},"faces":{"north":{"uv":[3,13,2,15],"texture":"#7"},"east":{"uv":[3,13,2,15],"texture":"#7"},"south":{"uv":[3,15,2,13],"rotation":180,"texture":"#7"},"west":{"uv":[3,13,2,15],"texture":"#7"},"up":{"uv":[2,13,3,14],"texture":"#7"},"down":{"uv":[3,14,2,15],"rotation":180,"texture":"#7"}}},{"from":[15.36111,12.29444,8.6],"to":[15.66111,12.89444,8.9],"rotation":{"angle":-45,"axis":"y","origin":[15.50303,12.25263,8.74435]},"faces":{"north":{"uv":[0,0,0.75,1.5],"texture":"#0"},"east":{"uv":[0,0,0.75,1.5],"texture":"#0"},"south":{"uv":[0,0,0.75,1.5],"texture":"#0"},"west":{"uv":[0,0,0.75,1.5],"texture":"#0"},"up":{"uv":[0,0,0.75,0.75],"texture":"#0"},"down":{"uv":[0,0,0.75,0.75],"texture":"#0"}}},{"from":[15.26111,12.69444,8.5],"to":[15.76111,12.79444,9],"rotation":{"angle":-45,"axis":"y","origin":[15.50303,12.25263,8.74435]},"faces":{"north":{"uv":[0,0,1.25,0.25],"texture":"#0"},"east":{"uv":[0,0,1.25,0.25],"texture":"#0"},"south":{"uv":[0,0,1.25,0.25],"texture":"#0"},"west":{"uv":[0,0,1.25,0.25],"texture":"#0"},"up":{"uv":[0,0,1.25,1.25],"texture":"#0"},"down":{"uv":[0,0,1.25,1.25],"texture":"#0"}}},{"from":[15.26111,12.49444,8.5],"to":[15.76111,12.69444,9],"rotation":{"angle":-45,"axis":"y","origin":[15.50303,12.25263,8.74435]},"faces":{"north":{"uv":[6,5,9,7],"texture":"#18"},"east":{"uv":[6,5,9,7],"texture":"#18"},"south":{"uv":[6,5,9,7],"texture":"#18"},"west":{"uv":[6,5,9,7],"texture":"#18"},"up":{"uv":[6,5,9,7],"texture":"#18"},"down":{"uv":[6,5,9,7],"texture":"#18"}}},{"from":[15.26111,12.39444,8.5],"to":[15.76111,12.49444,9],"rotation":{"angle":-45,"axis":"y","origin":[15.50303,12.25263,8.74435]},"faces":{"north":{"uv":[0,0,1.25,0.25],"texture":"#0"},"east":{"uv":[0,0,1.25,0.25],"texture":"#0"},"south":{"uv":[0,0,1.25,0.25],"texture":"#0"},"west":{"uv":[0,0,1.25,0.25],"texture":"#0"},"up":{"uv":[0,0,1.25,1.25],"texture":"#0"},"down":{"uv":[0,0,1.25,1.25],"texture":"#0"}}},{"from":[15.46111,12.09444,8.7],"to":[15.56111,12.29444,8.8],"rotation":{"angle":-45,"axis":"y","origin":[15.50303,12.25263,8.74435]},"faces":{"north":{"uv":[0,0,0.25,0.5],"texture":"#3"},"east":{"uv":[0,0,0.25,0.5],"texture":"#3"},"south":{"uv":[0,0,0.25,0.5],"texture":"#3"},"west":{"uv":[0,0,0.25,0.5],"texture":"#3"},"up":{"uv":[0,0,0.25,0.25],"texture":"#3"},"down":{"uv":[0,0,0.25,0.25],"texture":"#3"}}},{"from":[15.36111,12.09444,8.7],"to":[15.46111,12.19444,8.8],"rotation":{"angle":-45,"axis":"y","origin":[15.50303,12.25263,8.74435]},"faces":{"north":{"uv":[0,0,0.25,0.25],"texture":"#3"},"east":{"uv":[0,0,0.25,0.25],"texture":"#3"},"south":{"uv":[0,0,0.25,0.25],"texture":"#3"},"west":{"uv":[0,0,0.25,0.25],"texture":"#3"},"up":{"uv":[0,0,0.25,0.25],"texture":"#3"},"down":{"uv":[0,0,0.25,0.25],"texture":"#3"}}},{"from":[15.26111,11.79444,8.7],"to":[15.36111,12.09444,8.8],"rotation":{"angle":-45,"axis":"y","origin":[15.50303,12.25263,8.74435]},"faces":{"north":{"uv":[0,0,0.25,0.75],"texture":"#3"},"east":{"uv":[0,0,0.25,0.75],"texture":"#3"},"south":{"uv":[0,0,0.25,0.75],"texture":"#3"},"west":{"uv":[0,0,0.25,0.75],"texture":"#3"},"up":{"uv":[0,0,0.25,0.25],"texture":"#3"},"down":{"uv":[0,0,0.25,0.25],"texture":"#3"}}},{"from":[15.36111,11.69444,8.7],"to":[15.66111,11.79444,8.8],"rotation":{"angle":-45,"axis":"y","origin":[15.50303,12.25263,8.74435]},"faces":{"north":{"uv":[0,0,0.75,0.25],"texture":"#3"},"east":{"uv":[0,0,0.25,0.25],"texture":"#3"},"south":{"uv":[0,0,0.75,0.25],"texture":"#3"},"west":{"uv":[0,0,0.25,0.25],"texture":"#3"},"up":{"uv":[0,0,0.75,0.25],"texture":"#3"},"down":{"uv":[0,0,0.75,0.25],"texture":"#3"}}},{"from":[15.66111,11.79444,8.7],"to":[15.76111,11.89444,8.8],"rotation":{"angle":-45,"axis":"y","origin":[15.50303,12.25263,8.74435]},"faces":{"north":{"uv":[0,0,0.25,0.25],"texture":"#3"},"east":{"uv":[0,0,0.25,0.25],"texture":"#3"},"south":{"uv":[0,0,0.25,0.25],"texture":"#3"},"west":{"uv":[0,0,0.25,0.25],"texture":"#3"},"up":{"uv":[0,0,0.25,0.25],"texture":"#3"},"down":{"uv":[0,0,0.25,0.25],"texture":"#3"}}},{"from":[16.53363,12.87286,5.45],"to":[16.63363,17.09286,5.55],"rotation":{"angle":-22.5,"axis":"y","origin":[7.98255,17.49997,4.26748]},"faces":{"north":{"uv":[1,0,1.099,16],"texture":"#8"},"east":{"uv":[0,0,0.1,16],"texture":"#8"},"south":{"uv":[2,0,2.1,16],"texture":"#8"},"west":{"uv":[0,0,0.1,16],"texture":"#8"},"up":{"uv":[0,0,0.1,16],"texture":"#8"},"down":{"uv":[0,0,0.1,16],"texture":"#8"}}},{"from":[1.5012,15.52,8.35612],"to":[2.5204,16.03,19.13568],"faces":{"north":{"uv":[1.5288,0,0,0.765],"texture":"#1"},"east":{"uv":[16,0,0,0.765],"texture":"#1"},"south":{"uv":[1.5288,0,0,0.765],"texture":"#1"},"west":{"uv":[16,0,0,0.765],"texture":"#1"},"up":{"uv":[1.5288,0,0,16],"texture":"#1"},"down":{"uv":[1.5288,0,0,16],"texture":"#1"}}},{"from":[7.35672,15.52,23.972],"to":[11.63928,16.03,24.9912],"rotation":{"angle":-45,"axis":"y","origin":[11.4972,15.01,14.9952]},"faces":{"north":{"uv":[6.42384,0,0,0.765],"texture":"#1"},"east":{"uv":[1.5288,0,0,0.765],"texture":"#1"},"south":{"uv":[6.42384,0,0,0.765],"texture":"#1"},"west":{"uv":[1.5288,0,0,0.765],"texture":"#1"},"up":{"uv":[6.42384,0,0,1.5288],"texture":"#1"},"down":{"uv":[6.42384,0,0,1.5288],"texture":"#1"}}},{"from":[4.52943,15.52,21.14471],"to":[7.81239,16.03,22.16391],"faces":{"north":{"uv":[4.92444,0,0,0.765],"texture":"#1"},"east":{"uv":[1.5288,0,0,0.765],"texture":"#1"},"south":{"uv":[4.92444,0,0,0.765],"texture":"#1"},"west":{"uv":[1.5288,0,0,0.765],"texture":"#1"},"up":{"uv":[4.92444,0,0,1.5288],"texture":"#1"},"down":{"uv":[4.92444,0,0,1.5288],"texture":"#1"}}},{"from":[7.68501,15.52,21.14471],"to":[11.46777,16.03,22.16391],"faces":{"north":{"uv":[0,0,5.67414,0.765],"texture":"#1"},"east":{"uv":[0,0,1.5288,0.765],"texture":"#1"},"south":{"uv":[0,0,5.67414,0.765],"texture":"#1"},"west":{"uv":[0,0,1.5288,0.765],"texture":"#1"},"up":{"uv":[0,0,5.67414,1.5288],"texture":"#1"},"down":{"uv":[0,0,5.67414,1.5288],"texture":"#1"}}},{"from":[4.35792,15.52,23.972],"to":[8.64048,16.03,24.9912],"rotation":{"angle":45,"axis":"y","origin":[4.5,15.01,14.9952]},"faces":{"north":{"uv":[0,0,6.42384,0.765],"texture":"#1"},"east":{"uv":[0,0,1.5288,0.765],"texture":"#1"},"south":{"uv":[0,0,6.42384,0.765],"texture":"#1"},"west":{"uv":[0,0,1.5288,0.765],"texture":"#1"},"up":{"uv":[0,0,6.42384,1.5288],"texture":"#1"},"down":{"uv":[0,0,6.42384,1.5288],"texture":"#1"}}},{"from":[13.4768,15.52,8.35612],"to":[14.496,16.03,19.13568],"faces":{"north":{"uv":[0,0,1.5288,0.765],"texture":"#1"},"east":{"uv":[0,0,16,0.765],"texture":"#1"},"south":{"uv":[0,0,1.5288,0.765],"texture":"#1"},"west":{"uv":[0,0,16,0.765],"texture":"#1"},"up":{"uv":[0,0,1.5288,16],"texture":"#1"},"down":{"uv":[0,0,1.5288,16],"texture":"#1"}}},{"from":[3.75003,14.5,20.78144],"to":[4.25003,16,21.28144],"faces":{"north":{"uv":[0.5,0,1.25,2.25],"texture":"#1"},"east":{"uv":[0.5,0,1.25,2.25],"texture":"#1"},"south":{"uv":[0.5,0,1.25,2.25],"texture":"#1"},"west":{"uv":[0.5,0,1.25,2.25],"texture":"#1"},"up":{"uv":[0.5,0,1.25,0.75],"rotation":90,"texture":"#1"},"down":{"uv":[0.5,0,1.25,0.75],"rotation":270,"texture":"#1"}}},{"from":[1.75,14.5,8.75],"to":[2.25,15.5,9.25],"faces":{"north":{"uv":[0,0,0.75,1.5],"texture":"#1"},"east":{"uv":[0,0,0.75,1.5],"texture":"#1"},"south":{"uv":[0,0,0.75,1.5],"texture":"#1"},"west":{"uv":[0,0,0.75,1.5],"texture":"#1"},"up":{"uv":[0,0,0.75,0.75],"texture":"#1"},"down":{"uv":[0,0,0.75,0.75],"texture":"#1"}}},{"from":[2,15.5,-0.75],"to":[2.5,16.5,-0.25],"faces":{"north":{"uv":[0,0,0.75,1.5],"texture":"#1"},"east":{"uv":[0,0,0.75,1.5],"texture":"#1"},"south":{"uv":[0,0,0.75,1.5],"texture":"#1"},"west":{"uv":[0,0,0.75,1.5],"texture":"#1"},"up":{"uv":[0,0,0.75,0.75],"texture":"#1"},"down":{"uv":[0,0,0.75,0.75],"texture":"#1"}}},{"from":[1.75,15.5,-1],"to":[2.75,16,0],"faces":{"north":{"uv":[0,0,0.75,1.5],"rotation":90,"texture":"#16"},"east":{"uv":[0,0,0.75,1.5],"rotation":90,"texture":"#16"},"south":{"uv":[0,0,0.75,1.5],"rotation":90,"texture":"#16"},"west":{"uv":[0,0,0.75,1.5],"rotation":90,"texture":"#16"},"up":{"uv":[4,4,5.5,5.5],"rotation":90,"texture":"#17"},"down":{"uv":[0,0,1.5,1.5],"rotation":90,"texture":"#16"}}},{"from":[1.5,14.5,8.5],"to":[2.5,15,9.5],"faces":{"north":{"uv":[0,0,0.75,1.5],"rotation":90,"texture":"#16"},"east":{"uv":[0,0,0.75,1.5],"rotation":90,"texture":"#16"},"south":{"uv":[0,0,0.75,1.5],"rotation":90,"texture":"#16"},"west":{"uv":[0,0,0.75,1.5],"rotation":90,"texture":"#16"},"up":{"uv":[4,4,5.5,5.5],"rotation":90,"texture":"#17"},"down":{"uv":[0,0,1.5,1.5],"rotation":90,"texture":"#16"}}},{"from":[13.75,14.5,8.75],"to":[14.25,15.5,9.25],"faces":{"north":{"uv":[0.75,0,0,1.5],"texture":"#1"},"east":{"uv":[0.75,0,0,1.5],"texture":"#1"},"south":{"uv":[0.75,0,0,1.5],"texture":"#1"},"west":{"uv":[0.75,0,0,1.5],"texture":"#1"},"up":{"uv":[0.75,0,0,0.75],"texture":"#1"},"down":{"uv":[0.75,0,0,0.75],"texture":"#1"}}},{"from":[11.75003,14.5,20.78144],"to":[12.25003,16,21.28144],"faces":{"north":{"uv":[0.5,0,1.25,2.25],"texture":"#1"},"east":{"uv":[0.5,0,1.25,2.25],"texture":"#1"},"south":{"uv":[0.5,0,1.25,2.25],"texture":"#1"},"west":{"uv":[0.5,0,1.25,2.25],"texture":"#1"},"up":{"uv":[0.5,0,1.25,0.75],"rotation":90,"texture":"#1"},"down":{"uv":[0.5,0,1.25,0.75],"rotation":270,"texture":"#1"}}},{"from":[1.75,14.5,16.25],"to":[2.25,15.5,16.75],"faces":{"north":{"uv":[0,0,0.75,1.5],"texture":"#1"},"east":{"uv":[0,0,0.75,1.5],"texture":"#1"},"south":{"uv":[0,0,0.75,1.5],"texture":"#1"},"west":{"uv":[0,0,0.75,1.5],"texture":"#1"},"up":{"uv":[0,0,0.75,0.75],"texture":"#1"},"down":{"uv":[0,0,0.75,0.75],"texture":"#1"}}},{"from":[13.75,14.5,16.25],"to":[14.25,15.5,16.75],"faces":{"north":{"uv":[0.5,0,1.25,1.5],"texture":"#1"},"east":{"uv":[0.5,0,1.25,1.5],"texture":"#1"},"south":{"uv":[0.5,0,1.25,1.5],"texture":"#1"},"west":{"uv":[0.5,0,1.25,1.5],"texture":"#1"},"up":{"uv":[0.5,0,1.25,0.75],"texture":"#1"},"down":{"uv":[0.5,0,1.25,0.75],"texture":"#1"}}},{"from":[1.25,12.25,3.00544],"to":[1.65,12.65,4.99456],"rotation":{"angle":45,"axis":"x","origin":[2.25,17.25,4]},"faces":{"north":{"uv":[11,0,15.999,16],"rotation":270,"texture":"#16"},"east":{"uv":[11,0,15.999,16],"rotation":270,"texture":"#16"},"south":{"uv":[11,0,15.999,16],"rotation":270,"texture":"#16"},"west":{"uv":[11,0,15.999,16],"rotation":270,"texture":"#16"},"up":{"uv":[11,0,15.999,16],"texture":"#16"},"down":{"uv":[11,0,15.999,16],"rotation":180,"texture":"#16"}}},{"from":[1.25218,12.24799,3.9672],"to":[1.65218,12.64799,5.95633],"rotation":{"angle":-45,"axis":"x","origin":[2.25218,17.24799,4.96177]},"faces":{"north":{"uv":[11,0,15.999,16],"rotation":270,"texture":"#16"},"east":{"uv":[11,0,15.999,16],"rotation":270,"texture":"#16"},"south":{"uv":[5,5,11,11],"rotation":270,"texture":"#16"},"west":{"uv":[11,0,15.999,16],"rotation":270,"texture":"#16"},"up":{"uv":[11,0,15.999,16],"texture":"#16"},"down":{"uv":[11,0,15.999,16],"rotation":180,"texture":"#16"}}},{"from":[1.25,12.25,3.00544],"to":[1.65,12.65,5.24456],"rotation":{"angle":22.5,"axis":"x","origin":[2.25,17.25,4]},"faces":{"north":{"uv":[0,0,5,16],"rotation":180,"texture":"#16"},"east":{"uv":[0,0,5,16],"rotation":90,"texture":"#16"},"south":{"uv":[0,0,5,16],"texture":"#16"},"west":{"uv":[0,0,5,16],"rotation":270,"texture":"#16"},"up":{"uv":[0,0,5,16],"texture":"#16"},"down":{"uv":[0,0,5,16],"rotation":180,"texture":"#16"}}},{"from":[1.25,16.25544,-1],"to":[1.65,17.74456,-0.6],"rotation":{"angle":-22.5,"axis":"x","origin":[2.25,17.25,4]},"faces":{"north":{"uv":[0,0,5,16],"texture":"#16"},"east":{"uv":[0,0,5,16],"texture":"#16"},"south":{"uv":[0,0,5,16],"texture":"#16"},"west":{"uv":[0,0,5,16],"texture":"#16"},"up":{"uv":[0,0,5,16],"texture":"#16"},"down":{"uv":[0,0,5,16],"texture":"#16"}}},{"from":[1.24969,15.54662,-0.83884],"to":[2.73881,15.94662,-0.43884],"faces":{"north":{"uv":[0,0,5,16],"rotation":270,"texture":"#16"},"east":{"uv":[5,5,10.999,10.999],"rotation":90,"texture":"#16"},"south":{"uv":[0,0,5,16],"rotation":90,"texture":"#16"},"west":{"uv":[5,5,10.999,10.999],"rotation":90,"texture":"#16"},"up":{"uv":[0,0,5,16],"rotation":90,"texture":"#16"},"down":{"uv":[0,0,5,16],"rotation":90,"texture":"#16"}}},{"from":[1.2505,12.24966,3.71721],"to":[1.6505,12.64966,5.95633],"rotation":{"angle":-22.5,"axis":"x","origin":[2.2505,17.24966,4.96177]},"faces":{"north":{"uv":[0,0,5,16],"rotation":90,"texture":"#16"},"east":{"uv":[0,0,5,16],"rotation":90,"texture":"#16"},"south":{"uv":[0,0,5,16],"rotation":90,"texture":"#16"},"west":{"uv":[0,0,5,16],"rotation":90,"texture":"#16"},"up":{"uv":[0,0,5,16],"rotation":180,"texture":"#16"},"down":{"uv":[0,0,5,16],"texture":"#16"}}},{"from":[1.25057,12.15393,3.23624],"to":[1.65057,12.55393,5.72536],"faces":{"north":{"uv":[0,0,5,16],"rotation":90,"texture":"#16"},"east":{"uv":[11,0,15.999,16],"rotation":90,"texture":"#16"},"south":{"uv":[0,0,5,16],"rotation":90,"texture":"#16"},"west":{"uv":[10,0,14.999,16],"rotation":90,"texture":"#16"},"up":{"uv":[7,0,11.999,16],"rotation":180,"texture":"#16"},"down":{"uv":[11,0,15.999,16],"texture":"#16"}}},{"from":[1.4,14.23692,1.21846],"to":[1.6,15.03692,1.53846],"rotation":{"angle":-22.5,"axis":"x","origin":[12.70012,11.00221,3.0023]},"faces":{"north":{"uv":[11,1,12,6],"texture":"#12"},"east":{"uv":[11,6,13,1],"rotation":180,"texture":"#12"},"south":{"uv":[12,1,13,6],"texture":"#12"},"west":{"uv":[11,1,13,6],"texture":"#12"},"up":{"uv":[13,1,11,2],"rotation":270,"texture":"#12"},"down":{"uv":[11,5,13,6],"rotation":270,"texture":"#12"}}},{"from":[1.4,14.23692,1.53846],"to":[1.6,14.87692,1.69846],"rotation":{"angle":-22.5,"axis":"x","origin":[12.70012,11.00221,3.0023]},"faces":{"north":{"uv":[13,2,14,6],"texture":"#12"},"east":{"uv":[13,6,14,2],"rotation":180,"texture":"#12"},"south":{"uv":[13,2,14,6],"texture":"#12"},"west":{"uv":[13,2,14,6],"texture":"#12"},"up":{"uv":[14,2,13,3],"rotation":270,"texture":"#12"},"down":{"uv":[13,5,14,6],"rotation":270,"texture":"#12"}}},{"from":[1.4,13.43692,1.05846],"to":[1.6,14.71692,1.21846],"rotation":{"angle":-22.5,"axis":"x","origin":[12.70012,11.00221,3.0023]},"faces":{"north":{"uv":[10,3,11,11],"texture":"#12"},"east":{"uv":[10,11,11,3],"rotation":180,"texture":"#12"},"south":{"uv":[10,3,11,11],"texture":"#12"},"west":{"uv":[10,3,11,11],"texture":"#12"},"up":{"uv":[11,3,10,4],"rotation":270,"texture":"#12"},"down":{"uv":[10,10,11,11],"rotation":270,"texture":"#12"}}},{"from":[1.4,14.23692,1.69846],"to":[1.6,14.71692,1.85846],"rotation":{"angle":-22.5,"axis":"x","origin":[12.70012,11.00221,3.0023]},"faces":{"north":{"uv":[14,3,15,6],"texture":"#12"},"east":{"uv":[14,6,15,3],"rotation":180,"texture":"#12"},"south":{"uv":[14,3,15,6],"texture":"#12"},"west":{"uv":[14,3,15,6],"texture":"#12"},"up":{"uv":[15,3,14,4],"rotation":270,"texture":"#12"},"down":{"uv":[14,5,15,6],"rotation":270,"texture":"#12"}}},{"from":[1.4,12.95692,0.25846],"to":[1.6,14.55692,0.57846],"rotation":{"angle":-22.5,"axis":"x","origin":[12.70012,11.00221,3.0023]},"faces":{"north":{"uv":[5,4,6,14],"texture":"#12"},"east":{"uv":[5,14,7,4],"rotation":180,"texture":"#12"},"south":{"uv":[6,4,7,14],"texture":"#12"},"west":{"uv":[5,4,7,14],"texture":"#12"},"up":{"uv":[7,4,5,5],"rotation":270,"texture":"#12"},"down":{"uv":[5,13,7,14],"rotation":270,"texture":"#12"}}},{"from":[1.4,13.27692,0.73846],"to":[1.6,14.55692,1.05846],"rotation":{"angle":-22.5,"axis":"x","origin":[12.70012,11.00221,3.0023]},"faces":{"north":{"uv":[8,4,9,12],"texture":"#12"},"east":{"uv":[8,12,10,4],"rotation":180,"texture":"#12"},"south":{"uv":[9,4,10,12],"texture":"#12"},"west":{"uv":[8,4,10,12],"texture":"#12"},"up":{"uv":[10,4,8,5],"rotation":270,"texture":"#12"},"down":{"uv":[8,11,10,12],"rotation":270,"texture":"#12"}}},{"from":[1.4,12.79692,0.09846],"to":[1.6,14.39692,0.25846],"rotation":{"angle":-22.5,"axis":"x","origin":[12.70012,11.00221,3.0023]},"faces":{"north":{"uv":[4,5,5,15],"texture":"#12"},"east":{"uv":[4,15,5,5],"rotation":180,"texture":"#12"},"south":{"uv":[4,5,5,15],"texture":"#12"},"west":{"uv":[4,5,5,15],"texture":"#12"},"up":{"uv":[5,5,4,6],"rotation":270,"texture":"#12"},"down":{"uv":[4,14,5,15],"rotation":270,"texture":"#12"}}},{"from":[1.4,12.95692,0.57846],"to":[1.6,14.39692,0.73846],"rotation":{"angle":-22.5,"axis":"x","origin":[12.70012,11.00221,3.0023]},"faces":{"north":{"uv":[7,5,8,14],"texture":"#12"},"east":{"uv":[7,14,8,5],"rotation":180,"texture":"#12"},"south":{"uv":[7,5,8,14],"texture":"#12"},"west":{"uv":[7,5,8,14],"texture":"#12"},"up":{"uv":[8,5,7,6],"rotation":270,"texture":"#12"},"down":{"uv":[7,13,8,14],"rotation":270,"texture":"#12"}}},{"from":[1.4,13.75692,1.21846],"to":[1.6,14.23692,1.37846],"rotation":{"angle":-22.5,"axis":"x","origin":[12.70012,11.00221,3.0023]},"faces":{"north":{"uv":[11,6,12,9],"texture":"#12"},"east":{"uv":[11,9,12,6],"rotation":180,"texture":"#12"},"south":{"uv":[11,6,12,9],"texture":"#12"},"west":{"uv":[11,6,12,9],"texture":"#12"},"up":{"uv":[12,6,11,7],"rotation":270,"texture":"#12"},"down":{"uv":[11,8,12,9],"rotation":270,"texture":"#12"}}},{"from":[1.4,12.79692,-0.06154],"to":[1.6,13.91692,0.09846],"rotation":{"angle":-22.5,"axis":"x","origin":[12.70012,11.00221,3.0023]},"faces":{"north":{"uv":[3,8,4,15],"texture":"#12"},"east":{"uv":[3,15,4,8],"rotation":180,"texture":"#12"},"south":{"uv":[3,8,4,15],"texture":"#12"},"west":{"uv":[3,8,4,15],"texture":"#12"},"up":{"uv":[4,8,3,9],"rotation":270,"texture":"#12"},"down":{"uv":[3,14,4,15],"rotation":270,"texture":"#12"}}},{"from":[1.4,12.95692,-0.22154],"to":[1.6,13.59692,-0.06154],"rotation":{"angle":-22.5,"axis":"x","origin":[12.70012,11.00221,3.0023]},"faces":{"north":{"uv":[2,10,3,14],"texture":"#12"},"east":{"uv":[2,14,3,10],"rotation":180,"texture":"#12"},"south":{"uv":[2,10,3,14],"texture":"#12"},"west":{"uv":[2,10,3,14],"texture":"#12"},"up":{"uv":[3,10,2,11],"rotation":270,"texture":"#12"},"down":{"uv":[2,13,3,14],"rotation":270,"texture":"#12"}}},{"from":[1.4,13.11692,0.73846],"to":[1.6,13.27692,0.89846],"rotation":{"angle":-22.5,"axis":"x","origin":[12.70012,11.00221,3.0023]},"faces":{"north":{"uv":[8,12,9,13],"texture":"#12"},"east":{"uv":[8,13,9,12],"rotation":180,"texture":"#12"},"south":{"uv":[8,12,9,13],"texture":"#12"},"west":{"uv":[8,12,9,13],"texture":"#12"},"up":{"uv":[9,12,8,13],"rotation":270,"texture":"#12"},"down":{"uv":[8,12,9,13],"rotation":270,"texture":"#12"}}},{"from":[1.4,12.79692,0.25846],"to":[1.6,12.95692,0.41846],"rotation":{"angle":-22.5,"axis":"x","origin":[12.70012,11.00221,3.0023]},"faces":{"north":{"uv":[5,14,6,15],"texture":"#12"},"east":{"uv":[5,15,6,14],"rotation":180,"texture":"#12"},"south":{"uv":[5,14,6,15],"texture":"#12"},"west":{"uv":[5,14,6,15],"texture":"#12"},"up":{"uv":[6,14,5,15],"rotation":270,"texture":"#12"},"down":{"uv":[5,14,6,15],"rotation":270,"texture":"#12"}}},{"from":[1.4,11.68225,5.32737],"to":[1.6,12.48225,5.64737],"rotation":{"angle":-22.5,"axis":"x","origin":[1.49855,11.22479,4.90992]},"faces":{"north":{"uv":[11,1,12,6],"texture":"#12"},"east":{"uv":[11,6,13,1],"rotation":180,"texture":"#12"},"south":{"uv":[12,1,13,6],"texture":"#12"},"west":{"uv":[11,1,13,6],"texture":"#12"},"up":{"uv":[13,1,11,2],"rotation":270,"texture":"#12"},"down":{"uv":[11,5,13,6],"rotation":270,"texture":"#12"}}},{"from":[1.4,11.68225,5.64737],"to":[1.6,12.32225,5.80737],"rotation":{"angle":-22.5,"axis":"x","origin":[1.49855,11.22479,4.90992]},"faces":{"north":{"uv":[13,2,14,6],"texture":"#12"},"east":{"uv":[13,6,14,2],"rotation":180,"texture":"#12"},"south":{"uv":[13,2,14,6],"texture":"#12"},"west":{"uv":[13,2,14,6],"texture":"#12"},"up":{"uv":[14,2,13,3],"rotation":270,"texture":"#12"},"down":{"uv":[13,5,14,6],"rotation":270,"texture":"#12"}}},{"from":[1.4,10.88225,5.16737],"to":[1.6,12.16225,5.32737],"rotation":{"angle":-22.5,"axis":"x","origin":[1.49855,11.22479,4.90992]},"faces":{"north":{"uv":[10,3,11,11],"texture":"#12"},"east":{"uv":[10,11,11,3],"rotation":180,"texture":"#12"},"south":{"uv":[10,3,11,11],"texture":"#12"},"west":{"uv":[10,3,11,11],"texture":"#12"},"up":{"uv":[11,3,10,4],"rotation":270,"texture":"#12"},"down":{"uv":[10,10,11,11],"rotation":270,"texture":"#12"}}},{"from":[1.4,11.68225,5.80737],"to":[1.6,12.16225,5.96737],"rotation":{"angle":-22.5,"axis":"x","origin":[1.49855,11.22479,4.90992]},"faces":{"north":{"uv":[14,3,15,6],"texture":"#12"},"east":{"uv":[14,6,15,3],"rotation":180,"texture":"#12"},"south":{"uv":[14,3,15,6],"texture":"#12"},"west":{"uv":[14,3,15,6],"texture":"#12"},"up":{"uv":[15,3,14,4],"rotation":270,"texture":"#12"},"down":{"uv":[14,5,15,6],"rotation":270,"texture":"#12"}}},{"from":[1.4,10.40225,4.36737],"to":[1.6,12.00225,4.68737],"rotation":{"angle":-22.5,"axis":"x","origin":[1.49855,11.22479,4.90992]},"faces":{"north":{"uv":[5,4,6,14],"texture":"#12"},"east":{"uv":[5,14,7,4],"rotation":180,"texture":"#12"},"south":{"uv":[6,4,7,14],"texture":"#12"},"west":{"uv":[5,4,7,14],"texture":"#12"},"up":{"uv":[7,4,5,5],"rotation":270,"texture":"#12"},"down":{"uv":[5,13,7,14],"rotation":270,"texture":"#12"}}},{"from":[1.4,10.72225,4.84737],"to":[1.6,12.00225,5.16737],"rotation":{"angle":-22.5,"axis":"x","origin":[1.49855,11.22479,4.90992]},"faces":{"north":{"uv":[8,4,9,12],"texture":"#12"},"east":{"uv":[8,12,10,4],"rotation":180,"texture":"#12"},"south":{"uv":[9,4,10,12],"texture":"#12"},"west":{"uv":[8,4,10,12],"texture":"#12"},"up":{"uv":[10,4,8,5],"rotation":270,"texture":"#12"},"down":{"uv":[8,11,10,12],"rotation":270,"texture":"#12"}}},{"from":[1.4,10.24225,4.20737],"to":[1.6,11.84225,4.36737],"rotation":{"angle":-22.5,"axis":"x","origin":[1.49855,11.22479,4.90992]},"faces":{"north":{"uv":[4,5,5,15],"texture":"#12"},"east":{"uv":[4,15,5,5],"rotation":180,"texture":"#12"},"south":{"uv":[4,5,5,15],"texture":"#12"},"west":{"uv":[4,5,5,15],"texture":"#12"},"up":{"uv":[5,5,4,6],"rotation":270,"texture":"#12"},"down":{"uv":[4,14,5,15],"rotation":270,"texture":"#12"}}},{"from":[1.4,10.40225,4.68737],"to":[1.6,11.84225,4.84737],"rotation":{"angle":-22.5,"axis":"x","origin":[1.49855,11.22479,4.90992]},"faces":{"north":{"uv":[7,5,8,14],"texture":"#12"},"east":{"uv":[7,14,8,5],"rotation":180,"texture":"#12"},"south":{"uv":[7,5,8,14],"texture":"#12"},"west":{"uv":[7,5,8,14],"texture":"#12"},"up":{"uv":[8,5,7,6],"rotation":270,"texture":"#12"},"down":{"uv":[7,13,8,14],"rotation":270,"texture":"#12"}}},{"from":[1.4,11.20225,5.32737],"to":[1.6,11.68225,5.48737],"rotation":{"angle":-22.5,"axis":"x","origin":[1.49855,11.22479,4.90992]},"faces":{"north":{"uv":[11,6,12,9],"texture":"#12"},"east":{"uv":[11,9,12,6],"rotation":180,"texture":"#12"},"south":{"uv":[11,6,12,9],"texture":"#12"},"west":{"uv":[11,6,12,9],"texture":"#12"},"up":{"uv":[12,6,11,7],"rotation":270,"texture":"#12"},"down":{"uv":[11,8,12,9],"rotation":270,"texture":"#12"}}},{"from":[1.4,10.24225,4.04737],"to":[1.6,11.36225,4.20737],"rotation":{"angle":-22.5,"axis":"x","origin":[1.49855,11.22479,4.90992]},"faces":{"north":{"uv":[3,8,4,15],"texture":"#12"},"east":{"uv":[3,15,4,8],"rotation":180,"texture":"#12"},"south":{"uv":[3,8,4,15],"texture":"#12"},"west":{"uv":[3,8,4,15],"texture":"#12"},"up":{"uv":[4,8,3,9],"rotation":270,"texture":"#12"},"down":{"uv":[3,14,4,15],"rotation":270,"texture":"#12"}}},{"from":[1.4,10.40225,3.88737],"to":[1.6,11.04225,4.04737],"rotation":{"angle":-22.5,"axis":"x","origin":[1.49855,11.22479,4.90992]},"faces":{"north":{"uv":[2,10,3,14],"texture":"#12"},"east":{"uv":[2,14,3,10],"rotation":180,"texture":"#12"},"south":{"uv":[2,10,3,14],"texture":"#12"},"west":{"uv":[2,10,3,14],"texture":"#12"},"up":{"uv":[3,10,2,11],"rotation":270,"texture":"#12"},"down":{"uv":[2,13,3,14],"rotation":270,"texture":"#12"}}},{"from":[1.4,10.56225,4.84737],"to":[1.6,10.72225,5.00737],"rotation":{"angle":-22.5,"axis":"x","origin":[1.49855,11.22479,4.90992]},"faces":{"north":{"uv":[8,12,9,13],"texture":"#12"},"east":{"uv":[8,13,9,12],"rotation":180,"texture":"#12"},"south":{"uv":[8,12,9,13],"texture":"#12"},"west":{"uv":[8,12,9,13],"texture":"#12"},"up":{"uv":[9,12,8,13],"rotation":270,"texture":"#12"},"down":{"uv":[8,12,9,13],"rotation":270,"texture":"#12"}}},{"from":[1.4,10.24225,4.36737],"to":[1.6,10.40225,4.52737],"rotation":{"angle":-22.5,"axis":"x","origin":[1.49855,11.22479,4.90992]},"faces":{"north":{"uv":[5,14,6,15],"texture":"#12"},"east":{"uv":[5,15,6,14],"rotation":180,"texture":"#12"},"south":{"uv":[5,14,6,15],"texture":"#12"},"west":{"uv":[5,14,6,15],"texture":"#12"},"up":{"uv":[6,14,5,15],"rotation":270,"texture":"#12"},"down":{"uv":[5,14,6,15],"rotation":270,"texture":"#12"}}},{"from":[1.4,12.13829,6.15681],"to":[1.6,12.45829,6.95681],"rotation":{"angle":22.5,"axis":"x","origin":[1.50335,11.72607,7.41505]},"faces":{"north":{"uv":[13,1,11,2],"rotation":90,"texture":"#12"},"east":{"uv":[11,6,13,1],"rotation":270,"texture":"#12"},"south":{"uv":[11,5,13,6],"rotation":270,"texture":"#12"},"west":{"uv":[11,1,13,6],"rotation":270,"texture":"#12"},"up":{"uv":[12,1,13,6],"texture":"#12"},"down":{"uv":[11,1,12,6],"rotation":180,"texture":"#12"}}},{"from":[1.4,12.45829,6.31681],"to":[1.6,12.61829,6.95681],"rotation":{"angle":22.5,"axis":"x","origin":[1.50335,11.72607,7.41505]},"faces":{"north":{"uv":[14,2,13,3],"rotation":90,"texture":"#12"},"east":{"uv":[13,6,14,2],"rotation":270,"texture":"#12"},"south":{"uv":[13,5,14,6],"rotation":270,"texture":"#12"},"west":{"uv":[13,2,14,6],"rotation":270,"texture":"#12"},"up":{"uv":[13,2,14,6],"texture":"#12"},"down":{"uv":[13,2,14,6],"rotation":180,"texture":"#12"}}},{"from":[1.4,11.97829,6.47681],"to":[1.6,12.13829,7.75681],"rotation":{"angle":22.5,"axis":"x","origin":[1.50335,11.72607,7.41505]},"faces":{"north":{"uv":[11,3,10,4],"rotation":90,"texture":"#12"},"east":{"uv":[10,11,11,3],"rotation":270,"texture":"#12"},"south":{"uv":[10,10,11,11],"rotation":270,"texture":"#12"},"west":{"uv":[10,3,11,11],"rotation":270,"texture":"#12"},"up":{"uv":[10,3,11,11],"texture":"#12"},"down":{"uv":[10,3,11,11],"rotation":180,"texture":"#12"}}},{"from":[1.4,12.61829,6.47681],"to":[1.6,12.77829,6.95681],"rotation":{"angle":22.5,"axis":"x","origin":[1.50335,11.72607,7.41505]},"faces":{"north":{"uv":[15,3,14,4],"rotation":90,"texture":"#12"},"east":{"uv":[14,6,15,3],"rotation":270,"texture":"#12"},"south":{"uv":[14,5,15,6],"rotation":270,"texture":"#12"},"west":{"uv":[14,3,15,6],"rotation":270,"texture":"#12"},"up":{"uv":[14,3,15,6],"texture":"#12"},"down":{"uv":[14,3,15,6],"rotation":180,"texture":"#12"}}},{"from":[1.4,11.17829,6.63681],"to":[1.6,11.49829,8.23681],"rotation":{"angle":22.5,"axis":"x","origin":[1.50335,11.72607,7.41505]},"faces":{"north":{"uv":[7,4,5,5],"rotation":90,"texture":"#12"},"east":{"uv":[5,14,7,4],"rotation":270,"texture":"#12"},"south":{"uv":[5,13,7,14],"rotation":270,"texture":"#12"},"west":{"uv":[5,4,7,14],"rotation":270,"texture":"#12"},"up":{"uv":[6,4,7,14],"texture":"#12"},"down":{"uv":[5,4,6,14],"rotation":180,"texture":"#12"}}},{"from":[1.4,11.65829,6.63681],"to":[1.6,11.97829,7.91681],"rotation":{"angle":22.5,"axis":"x","origin":[1.50335,11.72607,7.41505]},"faces":{"north":{"uv":[10,4,8,5],"rotation":90,"texture":"#12"},"east":{"uv":[8,12,10,4],"rotation":270,"texture":"#12"},"south":{"uv":[8,11,10,12],"rotation":270,"texture":"#12"},"west":{"uv":[8,4,10,12],"rotation":270,"texture":"#12"},"up":{"uv":[9,4,10,12],"texture":"#12"},"down":{"uv":[8,4,9,12],"rotation":180,"texture":"#12"}}},{"from":[1.4,11.01829,6.79681],"to":[1.6,11.17829,8.39681],"rotation":{"angle":22.5,"axis":"x","origin":[1.50335,11.72607,7.41505]},"faces":{"north":{"uv":[5,5,4,6],"rotation":90,"texture":"#12"},"east":{"uv":[4,15,5,5],"rotation":270,"texture":"#12"},"south":{"uv":[4,14,5,15],"rotation":270,"texture":"#12"},"west":{"uv":[4,5,5,15],"rotation":270,"texture":"#12"},"up":{"uv":[4,5,5,15],"texture":"#12"},"down":{"uv":[4,5,5,15],"rotation":180,"texture":"#12"}}},{"from":[1.4,11.49829,6.79681],"to":[1.6,11.65829,8.23681],"rotation":{"angle":22.5,"axis":"x","origin":[1.50335,11.72607,7.41505]},"faces":{"north":{"uv":[8,5,7,6],"rotation":90,"texture":"#12"},"east":{"uv":[7,14,8,5],"rotation":270,"texture":"#12"},"south":{"uv":[7,13,8,14],"rotation":270,"texture":"#12"},"west":{"uv":[7,5,8,14],"rotation":270,"texture":"#12"},"up":{"uv":[7,5,8,14],"texture":"#12"},"down":{"uv":[7,5,8,14],"rotation":180,"texture":"#12"}}},{"from":[1.4,12.13829,6.95681],"to":[1.6,12.29829,7.43681],"rotation":{"angle":22.5,"axis":"x","origin":[1.50335,11.72607,7.41505]},"faces":{"north":{"uv":[12,6,11,7],"rotation":90,"texture":"#12"},"east":{"uv":[11,9,12,6],"rotation":270,"texture":"#12"},"south":{"uv":[11,8,12,9],"rotation":270,"texture":"#12"},"west":{"uv":[11,6,12,9],"rotation":270,"texture":"#12"},"up":{"uv":[11,6,12,9],"texture":"#12"},"down":{"uv":[11,6,12,9],"rotation":180,"texture":"#12"}}},{"from":[1.4,10.85829,7.27681],"to":[1.6,11.01829,8.39681],"rotation":{"angle":22.5,"axis":"x","origin":[1.50335,11.72607,7.41505]},"faces":{"north":{"uv":[4,8,3,9],"rotation":90,"texture":"#12"},"east":{"uv":[3,15,4,8],"rotation":270,"texture":"#12"},"south":{"uv":[3,14,4,15],"rotation":270,"texture":"#12"},"west":{"uv":[3,8,4,15],"rotation":270,"texture":"#12"},"up":{"uv":[3,8,4,15],"texture":"#12"},"down":{"uv":[3,8,4,15],"rotation":180,"texture":"#12"}}},{"from":[1.4,10.69829,7.59681],"to":[1.6,10.85829,8.23681],"rotation":{"angle":22.5,"axis":"x","origin":[1.50335,11.72607,7.41505]},"faces":{"north":{"uv":[3,10,2,11],"rotation":90,"texture":"#12"},"east":{"uv":[2,14,3,10],"rotation":270,"texture":"#12"},"south":{"uv":[2,13,3,14],"rotation":270,"texture":"#12"},"west":{"uv":[2,10,3,14],"rotation":270,"texture":"#12"},"up":{"uv":[2,10,3,14],"texture":"#12"},"down":{"uv":[2,10,3,14],"rotation":180,"texture":"#12"}}},{"from":[1.4,11.65829,7.91681],"to":[1.6,11.81829,8.07681],"rotation":{"angle":22.5,"axis":"x","origin":[1.50335,11.72607,7.41505]},"faces":{"north":{"uv":[9,12,8,13],"rotation":90,"texture":"#12"},"east":{"uv":[8,13,9,12],"rotation":270,"texture":"#12"},"south":{"uv":[8,12,9,13],"rotation":270,"texture":"#12"},"west":{"uv":[8,12,9,13],"rotation":270,"texture":"#12"},"up":{"uv":[8,12,9,13],"texture":"#12"},"down":{"uv":[8,12,9,13],"rotation":180,"texture":"#12"}}},{"from":[1.4,11.17829,8.23681],"to":[1.6,11.33829,8.39681],"rotation":{"angle":22.5,"axis":"x","origin":[1.50335,11.72607,7.41505]},"faces":{"north":{"uv":[6,14,5,15],"rotation":90,"texture":"#12"},"east":{"uv":[5,15,6,14],"rotation":270,"texture":"#12"},"south":{"uv":[5,14,6,15],"rotation":270,"texture":"#12"},"west":{"uv":[5,14,6,15],"rotation":270,"texture":"#12"},"up":{"uv":[5,14,6,15],"texture":"#12"},"down":{"uv":[5,14,6,15],"rotation":180,"texture":"#12"}}},{"from":[1.4,11.84385,2.72462],"to":[1.6,12.64385,3.04462],"rotation":{"angle":-45,"axis":"x","origin":[1.5,11.45,2.3]},"faces":{"north":{"uv":[11,6,12,1],"rotation":180,"texture":"#13"},"east":{"uv":[13,1,11,6],"texture":"#13"},"south":{"uv":[12,6,13,1],"rotation":180,"texture":"#13"},"west":{"uv":[13,6,11,1],"rotation":180,"texture":"#13"},"up":{"uv":[11,1,13,2],"rotation":90,"texture":"#13"},"down":{"uv":[13,5,11,6],"rotation":90,"texture":"#13"}}},{"from":[1.4,12.00385,3.04462],"to":[1.6,12.48385,3.20462],"rotation":{"angle":-45,"axis":"x","origin":[1.5,11.45,2.3]},"faces":{"north":{"uv":[13,5,14,2],"rotation":180,"texture":"#13"},"east":{"uv":[14,2,13,5],"texture":"#13"},"south":{"uv":[13,5,14,2],"rotation":180,"texture":"#13"},"west":{"uv":[14,5,13,2],"rotation":180,"texture":"#13"},"up":{"uv":[13,2,14,3],"rotation":90,"texture":"#13"},"down":{"uv":[14,4,13,5],"rotation":90,"texture":"#13"}}},{"from":[1.4,11.04385,2.56462],"to":[1.6,12.32385,2.72462],"rotation":{"angle":-45,"axis":"x","origin":[1.5,11.45,2.3]},"faces":{"north":{"uv":[10,11,11,3],"rotation":180,"texture":"#13"},"east":{"uv":[11,3,10,11],"texture":"#13"},"south":{"uv":[10,11,11,3],"rotation":180,"texture":"#13"},"west":{"uv":[11,11,10,3],"rotation":180,"texture":"#13"},"up":{"uv":[10,3,11,4],"rotation":90,"texture":"#13"},"down":{"uv":[11,10,10,11],"rotation":90,"texture":"#13"}}},{"from":[1.4,12.00385,3.20462],"to":[1.6,12.32385,3.36462],"rotation":{"angle":-45,"axis":"x","origin":[1.5,11.45,2.3]},"faces":{"north":{"uv":[14,5,15,3],"rotation":180,"texture":"#13"},"east":{"uv":[15,3,14,5],"texture":"#13"},"south":{"uv":[14,5,15,3],"rotation":180,"texture":"#13"},"west":{"uv":[15,5,14,3],"rotation":180,"texture":"#13"},"up":{"uv":[14,3,15,4],"rotation":90,"texture":"#13"},"down":{"uv":[15,4,14,5],"rotation":90,"texture":"#13"}}},{"from":[1.4,10.56385,1.76462],"to":[1.6,12.16385,2.08462],"rotation":{"angle":-45,"axis":"x","origin":[1.5,11.45,2.3]},"faces":{"north":{"uv":[5,14,6,4],"rotation":180,"texture":"#13"},"east":{"uv":[7,4,5,14],"texture":"#13"},"south":{"uv":[6,14,7,4],"rotation":180,"texture":"#13"},"west":{"uv":[7,14,5,4],"rotation":180,"texture":"#13"},"up":{"uv":[5,4,7,5],"rotation":90,"texture":"#13"},"down":{"uv":[7,13,5,14],"rotation":90,"texture":"#13"}}},{"from":[1.4,10.88385,2.24462],"to":[1.6,12.16385,2.56462],"rotation":{"angle":-45,"axis":"x","origin":[1.5,11.45,2.3]},"faces":{"north":{"uv":[8,12,9,4],"rotation":180,"texture":"#13"},"east":{"uv":[10,4,8,12],"texture":"#13"},"south":{"uv":[9,12,10,4],"rotation":180,"texture":"#13"},"west":{"uv":[10,12,8,4],"rotation":180,"texture":"#13"},"up":{"uv":[8,4,10,5],"rotation":90,"texture":"#13"},"down":{"uv":[10,11,8,12],"rotation":90,"texture":"#13"}}},{"from":[1.4,10.88385,1.60462],"to":[1.6,12.00385,1.76462],"rotation":{"angle":-45,"axis":"x","origin":[1.5,11.45,2.3]},"faces":{"north":{"uv":[4,12,5,5],"rotation":180,"texture":"#13"},"east":{"uv":[5,5,4,12],"texture":"#13"},"south":{"uv":[4,12,5,5],"rotation":180,"texture":"#13"},"west":{"uv":[5,12,4,5],"rotation":180,"texture":"#13"},"up":{"uv":[4,5,5,6],"rotation":90,"texture":"#13"},"down":{"uv":[5,11,4,12],"rotation":90,"texture":"#13"}}},{"from":[1.4,10.56385,2.08462],"to":[1.6,12.00385,2.24462],"rotation":{"angle":-45,"axis":"x","origin":[1.5,11.45,2.3]},"faces":{"north":{"uv":[7,14,8,5],"rotation":180,"texture":"#13"},"east":{"uv":[8,5,7,14],"texture":"#13"},"south":{"uv":[7,14,8,5],"rotation":180,"texture":"#13"},"west":{"uv":[8,14,7,5],"rotation":180,"texture":"#13"},"up":{"uv":[7,5,8,6],"rotation":90,"texture":"#13"},"down":{"uv":[8,13,7,14],"rotation":90,"texture":"#13"}}},{"from":[1.4,11.36385,2.72462],"to":[1.6,11.84385,2.88462],"rotation":{"angle":-45,"axis":"x","origin":[1.5,11.45,2.3]},"faces":{"north":{"uv":[11,9,12,6],"rotation":180,"texture":"#13"},"east":{"uv":[12,6,11,9],"texture":"#13"},"south":{"uv":[11,9,12,6],"rotation":180,"texture":"#13"},"west":{"uv":[12,9,11,6],"rotation":180,"texture":"#13"},"up":{"uv":[11,6,12,7],"rotation":90,"texture":"#13"},"down":{"uv":[12,8,11,9],"rotation":90,"texture":"#13"}}},{"from":[1.4,10.72385,1.44462],"to":[1.6,11.52385,1.60462],"rotation":{"angle":-45,"axis":"x","origin":[1.5,11.45,2.3]},"faces":{"north":{"uv":[3,13,4,8],"rotation":180,"texture":"#13"},"east":{"uv":[4,8,3,13],"texture":"#13"},"south":{"uv":[3,13,4,8],"rotation":180,"texture":"#13"},"west":{"uv":[4,13,3,8],"rotation":180,"texture":"#13"},"up":{"uv":[3,8,4,9],"rotation":90,"texture":"#13"},"down":{"uv":[4,12,3,13],"rotation":90,"texture":"#13"}}},{"from":[1.4,10.56385,1.28462],"to":[1.6,11.20385,1.44462],"rotation":{"angle":-45,"axis":"x","origin":[1.5,11.45,2.3]},"faces":{"north":{"uv":[2,14,3,10],"rotation":180,"texture":"#13"},"east":{"uv":[3,10,2,14],"texture":"#13"},"south":{"uv":[2,14,3,10],"rotation":180,"texture":"#13"},"west":{"uv":[3,14,2,10],"rotation":180,"texture":"#13"},"up":{"uv":[2,10,3,11],"rotation":90,"texture":"#13"},"down":{"uv":[3,13,2,14],"rotation":90,"texture":"#13"}}},{"from":[1.4,10.72385,2.24462],"to":[1.6,10.88385,2.40462],"rotation":{"angle":-45,"axis":"x","origin":[1.5,11.45,2.3]},"faces":{"north":{"uv":[8,13,9,12],"rotation":180,"texture":"#13"},"east":{"uv":[9,12,8,13],"texture":"#13"},"south":{"uv":[8,13,9,12],"rotation":180,"texture":"#13"},"west":{"uv":[9,13,8,12],"rotation":180,"texture":"#13"},"up":{"uv":[8,12,9,13],"rotation":90,"texture":"#13"},"down":{"uv":[9,12,8,13],"rotation":90,"texture":"#13"}}},{"from":[1.4,10.40385,1.60462],"to":[1.6,10.56385,1.92462],"rotation":{"angle":-45,"axis":"x","origin":[1.5,11.45,2.3]},"faces":{"north":{"uv":[4,15,5,14],"rotation":180,"texture":"#13"},"east":{"uv":[6,14,4,15],"texture":"#13"},"south":{"uv":[5,15,6,14],"rotation":180,"texture":"#13"},"west":{"uv":[6,15,4,14],"rotation":180,"texture":"#13"},"up":{"uv":[4,14,6,15],"rotation":90,"texture":"#13"},"down":{"uv":[6,14,4,15],"rotation":90,"texture":"#13"}}},{"from":[8,11.5,12],"to":[12,15.5,12.5],"faces":{"north":{"uv":[0,0,11,11],"rotation":180,"texture":"#4"},"east":{"uv":[5,0,7,11],"rotation":180,"texture":"#4"},"south":{"uv":[0,0,11,11],"rotation":180,"texture":"#4"},"up":{"uv":[5,12,15.999,13.999],"texture":"#4"},"down":{"uv":[0,0,11,2],"rotation":180,"texture":"#4"}}},{"from":[7.98779,11.50694,17.50528],"to":[11.98779,15.50694,18.00528],"faces":{"north":{"uv":[0,0,11,11],"rotation":180,"texture":"#4"},"east":{"uv":[5,0,7,11],"rotation":180,"texture":"#4"},"south":{"uv":[0,0,11,11],"rotation":180,"texture":"#4"},"up":{"uv":[5,12,15.999,13.999],"texture":"#4"},"down":{"uv":[0,0,11,2],"rotation":180,"texture":"#4"}}},{"from":[7.49041,12.01659,12.49302],"to":[11.49041,12.51659,17.49302],"faces":{"north":{"uv":[0,0,11,2],"texture":"#4"},"east":{"uv":[5,0,7,11],"rotation":90,"texture":"#4"},"south":{"uv":[5,12,15.999,13.999],"texture":"#4"},"up":{"uv":[15.998,2,8,14.998],"texture":"#4"},"down":{"uv":[0,0,11,11],"rotation":180,"texture":"#4"}}},{"from":[11.48866,11.5061,12.50525],"to":[11.98866,15.5061,17.50525],"faces":{"east":{"uv":[0,0,13,11],"rotation":180,"texture":"#4"},"south":{"uv":[5,0,7,11],"rotation":180,"texture":"#4"},"west":{"uv":[0,0,13,11],"rotation":180,"texture":"#4"},"up":{"uv":[3,12,15.998,13.999],"rotation":90,"texture":"#4"},"down":{"uv":[0,0,11,2],"rotation":90,"texture":"#4"}}},{"from":[4,11.5,12],"to":[8,15.5,12.5],"faces":{"north":{"uv":[15.999,4,5,14.999],"texture":"#4"},"south":{"uv":[0,0,11,11],"rotation":180,"texture":"#4"},"west":{"uv":[5,11,7,0],"texture":"#4"},"up":{"uv":[13.998,8,3,9.998],"texture":"#4"},"down":{"uv":[13.999,8,3,9.999],"rotation":180,"texture":"#4"}}},{"from":[3.98779,11.50694,17.50528],"to":[7.98779,15.50694,18.00528],"faces":{"north":{"uv":[15.999,4,5,14.999],"texture":"#4"},"south":{"uv":[0,0,11,11],"rotation":180,"texture":"#4"},"west":{"uv":[5,11,7,0],"texture":"#4"},"up":{"uv":[13.998,8,3,9.998],"texture":"#4"},"down":{"uv":[13.999,8,3,9.999],"rotation":180,"texture":"#4"}}},{"from":[4.49041,12.01659,12.49302],"to":[7.49041,12.51659,17.49302],"faces":{"north":{"uv":[13.999,8,3,9.999],"texture":"#4"},"south":{"uv":[13.998,8,3,9.998],"texture":"#4"},"west":{"uv":[5,11,7,0],"rotation":90,"texture":"#4"},"up":{"uv":[7.998,0,0,12.998],"rotation":180,"texture":"#4"},"down":{"uv":[0,0,11,11],"rotation":180,"texture":"#4"}}},{"from":[3.98864,11.51747,12.49392],"to":[4.48864,15.51747,17.49392],"faces":{"east":{"uv":[0,0,13,11],"rotation":180,"texture":"#4"},"south":{"uv":[5,11,7,0],"texture":"#4"},"west":{"uv":[15.998,4,3,14.999],"texture":"#4"},"up":{"uv":[15.998,8,3,9.998],"rotation":270,"texture":"#4"},"down":{"uv":[13.999,8,3,9.999],"rotation":270,"texture":"#4"}}},{"from":[9.76,17.4,15.64],"to":[10.48,17.52,16.36],"rotation":{"angle":-22.5,"axis":"y","origin":[10,15,16]},"faces":{"north":{"uv":[6,15,12,16],"rotation":180,"texture":"#4_0","tintindex":0},"east":{"uv":[5,15,11,16],"rotation":180,"texture":"#4_0","tintindex":0},"south":{"uv":[4,15,10,16],"rotation":180,"texture":"#4_0","tintindex":0},"west":{"uv":[5,15,11,16],"rotation":180,"texture":"#4_0","tintindex":0},"up":{"uv":[6,5,12,11],"texture":"#4_0","tintindex":0},"down":{"uv":[6,5,12,11],"texture":"#4_0","tintindex":0}}},{"from":[9.85,16.68,15.73],"to":[10.39,17.4,16.27],"rotation":{"angle":-22.5,"axis":"y","origin":[10,15,16]},"faces":{"north":{"uv":[6.75,12,11.25,15],"rotation":180,"texture":"#4_3","tintindex":0},"east":{"uv":[5.75,12,10.25,15],"rotation":180,"texture":"#4_3","tintindex":0},"south":{"uv":[4.75,12,9.25,15],"rotation":180,"texture":"#4_3","tintindex":0},"west":{"uv":[5.75,12,10.25,15],"rotation":180,"texture":"#4_3","tintindex":0},"up":{"uv":[6.75,5.75,11.25,10.25],"texture":"#4_3","tintindex":0},"down":{"uv":[6.75,5.75,11.25,10.25],"texture":"#4_3","tintindex":0}}},{"from":[9.7,16.44,15.58],"to":[10.54,16.68,16.42],"rotation":{"angle":-22.5,"axis":"y","origin":[10,15,16]},"faces":{"north":{"uv":[0,0,7,2],"rotation":180,"texture":"#4_3","tintindex":0},"east":{"uv":[0,0,7,2],"rotation":180,"texture":"#4_3","tintindex":0},"south":{"uv":[0,0,7,2],"rotation":180,"texture":"#4_3","tintindex":0},"west":{"uv":[0,0,7,2],"rotation":180,"texture":"#4_3","tintindex":0},"up":{"uv":[5.5,4.5,12.5,11.5],"texture":"#4_3","tintindex":0},"down":{"uv":[5.5,4.5,12.5,11.5],"texture":"#4_3","tintindex":0}}},{"from":[9.34,16.2,15.22],"to":[10.78,16.44,16.66],"rotation":{"angle":-22.5,"axis":"y","origin":[10,15,16]},"faces":{"north":{"uv":[0,0,14,1],"rotation":180,"texture":"#4_0","tintindex":0},"east":{"uv":[0,0,14,1],"rotation":180,"texture":"#4_0","tintindex":0},"south":{"uv":[0,0,14,1],"rotation":180,"texture":"#4_0","tintindex":0},"west":{"uv":[0,0,14,1],"rotation":180,"texture":"#4_0","tintindex":0},"up":{"uv":[1,1,15,15],"texture":"#4_0","tintindex":0},"down":{"uv":[2.5,2.5,14.5,13.5],"texture":"#4_0","tintindex":0}}},{"from":[9.22,15.96,15.1],"to":[10.9,16.2,16.78],"rotation":{"angle":-22.5,"axis":"y","origin":[10,15,16]},"faces":{"north":{"uv":[0,0,14,1],"rotation":180,"texture":"#4_3","tintindex":0},"east":{"uv":[0,0,14,1],"rotation":180,"texture":"#4_3","tintindex":0},"south":{"uv":[0,0,14,1],"rotation":180,"texture":"#4_3","tintindex":0},"west":{"uv":[0,0,14,1],"rotation":180,"texture":"#4_3","tintindex":0},"up":{"uv":[1,1,15,15],"texture":"#4_3","tintindex":0},"down":{"uv":[1,1,15,14],"texture":"#4_3","tintindex":0}}},{"from":[9.1,12.36,14.98],"to":[11.02,15.96,16.9],"rotation":{"angle":-22.5,"axis":"y","origin":[10,15,16]},"faces":{"north":{"uv":[3,0,11,16],"rotation":180,"texture":"#4_0","tintindex":0},"east":{"uv":[3,0,11,16],"rotation":180,"texture":"#4_0","tintindex":0},"south":{"uv":[3,0,11,16],"rotation":180,"texture":"#4_0","tintindex":0},"west":{"uv":[3,0,11,16],"rotation":180,"texture":"#4_0","tintindex":0},"up":{"uv":[0,0,16,16],"texture":"#4_0","tintindex":0},"down":{"uv":[0,0,16,16],"texture":"#4_0","tintindex":0}}},{"from":[9.22,12.12,15.1],"to":[10.9,12.36,16.78],"rotation":{"angle":-22.5,"axis":"y","origin":[10,15,16]},"faces":{"north":{"uv":[0,0,14,1],"rotation":180,"texture":"#4_3","tintindex":0},"east":{"uv":[0,0,14,1],"rotation":180,"texture":"#4_3","tintindex":0},"south":{"uv":[0,0,14,1],"rotation":180,"texture":"#4_3","tintindex":0},"west":{"uv":[0,0,14,1],"rotation":180,"texture":"#4_3","tintindex":0},"up":{"uv":[1,1,15,15],"texture":"#4_3","tintindex":0},"down":{"uv":[1,1,15,15],"texture":"#4_3","tintindex":0}}},{"from":[9.88,17.46,15.76],"to":[10.36,17.88,16.24],"rotation":{"angle":-22.5,"axis":"y","origin":[10,15,16]},"faces":{"north":{"uv":[0,0,4,3.5],"rotation":180,"texture":"#4_1"},"east":{"uv":[0,0,4,3.5],"rotation":180,"texture":"#4_1"},"south":{"uv":[0,0,4,3.5],"rotation":180,"texture":"#4_1"},"west":{"uv":[0,0,4,3.5],"rotation":180,"texture":"#4_1"},"up":{"uv":[0,0,4,4],"texture":"#4_1"},"down":{"uv":[0,0,4,4],"texture":"#4_1"}}},{"from":[9.076,13.08,15.04],"to":[9.076,14.88,16.84],"rotation":{"angle":-22.5,"axis":"y","origin":[10,15,16]},"faces":{"north":{"uv":[0,0,16,16],"rotation":180,"texture":"#4_2","tintindex":0},"east":{"uv":[2,0,0,1.5],"texture":"#4_2","tintindex":0},"south":{"uv":[0,0,16,16],"rotation":180,"texture":"#4_2","tintindex":0},"west":{"uv":[0,0,16,16],"texture":"#4_2","tintindex":0},"up":{"uv":[0,0,16,16],"texture":"#4_2","tintindex":0},"down":{"uv":[0,0,16,16],"texture":"#4_2","tintindex":0}}},{"from":[5.02648,17.81808,16.94621],"to":[5.74648,17.93808,17.66621],"rotation":{"angle":22.5,"axis":"x","origin":[8.38648,17.41808,17.18621]},"faces":{"north":{"uv":[5,15,11,16],"rotation":180,"texture":"#4_0","tintindex":0},"east":{"uv":[6,15,12,16],"rotation":180,"texture":"#4_0","tintindex":0},"south":{"uv":[5,15,11,16],"rotation":180,"texture":"#4_0","tintindex":0},"west":{"uv":[4,15,10,16],"rotation":180,"texture":"#4_0","tintindex":0},"up":{"uv":[6,5,12,11],"rotation":90,"texture":"#4_0","tintindex":0},"down":{"uv":[6,5,12,11],"rotation":270,"texture":"#4_0","tintindex":0}}},{"from":[5.11648,17.09808,17.03621],"to":[5.65648,17.81808,17.57621],"rotation":{"angle":22.5,"axis":"x","origin":[8.38648,17.41808,17.18621]},"faces":{"north":{"uv":[5.75,12,10.25,15],"rotation":180,"texture":"#4_3","tintindex":0},"east":{"uv":[6.75,12,11.25,15],"rotation":180,"texture":"#4_3","tintindex":0},"south":{"uv":[5.75,12,10.25,15],"rotation":180,"texture":"#4_3","tintindex":0},"west":{"uv":[4.75,12,9.25,15],"rotation":180,"texture":"#4_3","tintindex":0},"up":{"uv":[6.75,5.75,11.25,10.25],"rotation":90,"texture":"#4_3","tintindex":0},"down":{"uv":[6.75,5.75,11.25,10.25],"rotation":270,"texture":"#4_3","tintindex":0}}},{"from":[4.96648,16.85808,16.88621],"to":[5.80648,17.09808,17.72621],"rotation":{"angle":22.5,"axis":"x","origin":[8.38648,17.41808,17.18621]},"faces":{"north":{"uv":[0,0,7,2],"rotation":180,"texture":"#4_3","tintindex":0},"east":{"uv":[0,0,7,2],"rotation":180,"texture":"#4_3","tintindex":0},"south":{"uv":[0,0,7,2],"rotation":180,"texture":"#4_3","tintindex":0},"west":{"uv":[0,0,7,2],"rotation":180,"texture":"#4_3","tintindex":0},"up":{"uv":[5.5,4.5,12.5,11.5],"rotation":90,"texture":"#4_3","tintindex":0},"down":{"uv":[5.5,4.5,12.5,11.5],"rotation":270,"texture":"#4_3","tintindex":0}}},{"from":[4.72648,16.61808,16.52621],"to":[6.16648,16.85808,17.96621],"rotation":{"angle":22.5,"axis":"x","origin":[8.38648,17.41808,17.18621]},"faces":{"north":{"uv":[0,0,14,1],"rotation":180,"texture":"#4_0","tintindex":0},"east":{"uv":[0,0,14,1],"rotation":180,"texture":"#4_0","tintindex":0},"south":{"uv":[0,0,14,1],"rotation":180,"texture":"#4_0","tintindex":0},"west":{"uv":[0,0,14,1],"rotation":180,"texture":"#4_0","tintindex":0},"up":{"uv":[1,1,15,15],"rotation":90,"texture":"#4_0","tintindex":0},"down":{"uv":[2.5,2.5,14.5,13.5],"rotation":270,"texture":"#4_0","tintindex":0}}},{"from":[4.60648,16.37808,16.40621],"to":[6.28648,16.61808,18.08621],"rotation":{"angle":22.5,"axis":"x","origin":[8.38648,17.41808,17.18621]},"faces":{"north":{"uv":[0,0,14,1],"rotation":180,"texture":"#4_3","tintindex":0},"east":{"uv":[0,0,14,1],"rotation":180,"texture":"#4_3","tintindex":0},"south":{"uv":[0,0,14,1],"rotation":180,"texture":"#4_3","tintindex":0},"west":{"uv":[0,0,14,1],"rotation":180,"texture":"#4_3","tintindex":0},"up":{"uv":[1,1,15,15],"rotation":90,"texture":"#4_3","tintindex":0},"down":{"uv":[1,1,15,14],"rotation":270,"texture":"#4_3","tintindex":0}}},{"from":[4.48648,12.77808,16.28621],"to":[6.40648,16.37808,18.20621],"rotation":{"angle":22.5,"axis":"x","origin":[8.38648,17.41808,17.18621]},"faces":{"north":{"uv":[3,0,11,16],"rotation":180,"texture":"#4_0","tintindex":0},"east":{"uv":[3,0,11,16],"rotation":180,"texture":"#4_0","tintindex":0},"south":{"uv":[3,0,11,16],"rotation":180,"texture":"#4_0","tintindex":0},"west":{"uv":[3,0,11,16],"rotation":180,"texture":"#4_0","tintindex":0},"up":{"uv":[0,0,16,16],"rotation":90,"texture":"#4_0","tintindex":0},"down":{"uv":[0,0,16,16],"rotation":270,"texture":"#4_0","tintindex":0}}},{"from":[4.60648,12.53808,16.40621],"to":[6.28648,12.77808,18.08621],"rotation":{"angle":22.5,"axis":"x","origin":[8.38648,17.41808,17.18621]},"faces":{"north":{"uv":[0,0,14,1],"rotation":180,"texture":"#4_3","tintindex":0},"east":{"uv":[0,0,14,1],"rotation":180,"texture":"#4_3","tintindex":0},"south":{"uv":[0,0,14,1],"rotation":180,"texture":"#4_3","tintindex":0},"west":{"uv":[0,0,14,1],"rotation":180,"texture":"#4_3","tintindex":0},"up":{"uv":[1,1,15,15],"rotation":90,"texture":"#4_3","tintindex":0},"down":{"uv":[1,1,15,15],"rotation":270,"texture":"#4_3","tintindex":0}}},{"from":[5.14648,17.87808,17.06621],"to":[5.62648,18.29808,17.54621],"rotation":{"angle":22.5,"axis":"x","origin":[8.38648,17.41808,17.18621]},"faces":{"north":{"uv":[0,0,4,3.5],"rotation":180,"texture":"#4_1"},"east":{"uv":[0,0,4,3.5],"rotation":180,"texture":"#4_1"},"south":{"uv":[0,0,4,3.5],"rotation":180,"texture":"#4_1"},"west":{"uv":[0,0,4,3.5],"rotation":180,"texture":"#4_1"},"up":{"uv":[0,0,4,4],"rotation":90,"texture":"#4_1"},"down":{"uv":[0,0,4,4],"rotation":270,"texture":"#4_1"}}},{"from":[4.54648,13.49808,16.26221],"to":[6.34648,15.29808,16.26221],"rotation":{"angle":22.5,"axis":"x","origin":[8.38648,17.41808,17.18621]},"faces":{"north":{"uv":[0,0,16,16],"texture":"#4_2","tintindex":0},"east":{"uv":[0,0,16,16],"rotation":180,"texture":"#4_2","tintindex":0},"south":{"uv":[2,0,0,1.5],"texture":"#4_2","tintindex":0},"west":{"uv":[0,0,16,16],"rotation":180,"texture":"#4_2","tintindex":0},"up":{"uv":[0,0,16,16],"rotation":90,"texture":"#4_2","tintindex":0},"down":{"uv":[0,0,16,16],"rotation":270,"texture":"#4_2","tintindex":0}}},{"from":[10.09856,17.39948,13.45403],"to":[10.81856,17.51948,14.17403],"faces":{"north":{"uv":[5,15,11,16],"rotation":180,"texture":"#4_0","tintindex":0},"east":{"uv":[6,15,12,16],"rotation":180,"texture":"#4_0","tintindex":0},"south":{"uv":[5,15,11,16],"rotation":180,"texture":"#4_0","tintindex":0},"west":{"uv":[4,15,10,16],"rotation":180,"texture":"#4_0","tintindex":0},"up":{"uv":[6,5,12,11],"rotation":90,"texture":"#4_0","tintindex":0},"down":{"uv":[6,5,12,11],"rotation":270,"texture":"#4_0","tintindex":0}}},{"from":[10.18856,16.67948,13.54403],"to":[10.72856,17.39948,14.08403],"faces":{"north":{"uv":[5.75,12,10.25,15],"rotation":180,"texture":"#4_3","tintindex":0},"east":{"uv":[6.75,12,11.25,15],"rotation":180,"texture":"#4_3","tintindex":0},"south":{"uv":[5.75,12,10.25,15],"rotation":180,"texture":"#4_3","tintindex":0},"west":{"uv":[4.75,12,9.25,15],"rotation":180,"texture":"#4_3","tintindex":0},"up":{"uv":[6.75,5.75,11.25,10.25],"rotation":90,"texture":"#4_3","tintindex":0},"down":{"uv":[6.75,5.75,11.25,10.25],"rotation":270,"texture":"#4_3","tintindex":0}}},{"from":[10.03856,16.43948,13.39403],"to":[10.87856,16.67948,14.23403],"faces":{"north":{"uv":[0,0,7,2],"rotation":180,"texture":"#4_3","tintindex":0},"east":{"uv":[0,0,7,2],"rotation":180,"texture":"#4_3","tintindex":0},"south":{"uv":[0,0,7,2],"rotation":180,"texture":"#4_3","tintindex":0},"west":{"uv":[0,0,7,2],"rotation":180,"texture":"#4_3","tintindex":0},"up":{"uv":[5.5,4.5,12.5,11.5],"rotation":90,"texture":"#4_3","tintindex":0},"down":{"uv":[5.5,4.5,12.5,11.5],"rotation":270,"texture":"#4_3","tintindex":0}}},{"from":[9.79856,16.19948,13.03403],"to":[11.23856,16.43948,14.47403],"faces":{"north":{"uv":[0,0,14,1],"rotation":180,"texture":"#4_0","tintindex":0},"east":{"uv":[0,0,14,1],"rotation":180,"texture":"#4_0","tintindex":0},"south":{"uv":[0,0,14,1],"rotation":180,"texture":"#4_0","tintindex":0},"west":{"uv":[0,0,14,1],"rotation":180,"texture":"#4_0","tintindex":0},"up":{"uv":[1,1,15,15],"rotation":90,"texture":"#4_0","tintindex":0},"down":{"uv":[2.5,2.5,14.5,13.5],"rotation":270,"texture":"#4_0","tintindex":0}}},{"from":[9.67856,15.95948,12.91403],"to":[11.35856,16.19948,14.59403],"faces":{"north":{"uv":[0,0,14,1],"rotation":180,"texture":"#4_3","tintindex":0},"east":{"uv":[0,0,14,1],"rotation":180,"texture":"#4_3","tintindex":0},"south":{"uv":[0,0,14,1],"rotation":180,"texture":"#4_3","tintindex":0},"west":{"uv":[0,0,14,1],"rotation":180,"texture":"#4_3","tintindex":0},"up":{"uv":[1,1,15,15],"rotation":90,"texture":"#4_3","tintindex":0},"down":{"uv":[1,1,15,14],"rotation":270,"texture":"#4_3","tintindex":0}}},{"from":[9.55856,12.35948,12.79403],"to":[11.47856,15.95948,14.71403],"faces":{"north":{"uv":[3,0,11,16],"rotation":180,"texture":"#4_0","tintindex":0},"east":{"uv":[3,0,11,16],"rotation":180,"texture":"#4_0","tintindex":0},"south":{"uv":[3,0,11,16],"rotation":180,"texture":"#4_0","tintindex":0},"west":{"uv":[3,0,11,16],"rotation":180,"texture":"#4_0","tintindex":0},"up":{"uv":[0,0,16,16],"rotation":90,"texture":"#4_0","tintindex":0},"down":{"uv":[0,0,16,16],"rotation":270,"texture":"#4_0","tintindex":0}}},{"from":[9.67856,12.11948,12.91403],"to":[11.35856,12.35948,14.59403],"faces":{"north":{"uv":[0,0,14,1],"rotation":180,"texture":"#4_3","tintindex":0},"east":{"uv":[0,0,14,1],"rotation":180,"texture":"#4_3","tintindex":0},"south":{"uv":[0,0,14,1],"rotation":180,"texture":"#4_3","tintindex":0},"west":{"uv":[0,0,14,1],"rotation":180,"texture":"#4_3","tintindex":0},"up":{"uv":[1,1,15,15],"rotation":90,"texture":"#4_3","tintindex":0},"down":{"uv":[1,1,15,15],"rotation":270,"texture":"#4_3","tintindex":0}}},{"from":[10.21856,17.45948,13.57403],"to":[10.69856,17.87948,14.05403],"faces":{"north":{"uv":[0,0,4,3.5],"rotation":180,"texture":"#4_1"},"east":{"uv":[0,0,4,3.5],"rotation":180,"texture":"#4_1"},"south":{"uv":[0,0,4,3.5],"rotation":180,"texture":"#4_1"},"west":{"uv":[0,0,4,3.5],"rotation":180,"texture":"#4_1"},"up":{"uv":[0,0,4,4],"rotation":90,"texture":"#4_1"},"down":{"uv":[0,0,4,4],"rotation":270,"texture":"#4_1"}}},{"from":[9.61856,13.07948,12.77003],"to":[11.41856,14.87948,12.77003],"faces":{"north":{"uv":[0,0,16,16],"texture":"#4_2","tintindex":0},"east":{"uv":[0,0,16,16],"rotation":180,"texture":"#4_2","tintindex":0},"south":{"uv":[2,0,0,1.5],"texture":"#4_2","tintindex":0},"west":{"uv":[0,0,16,16],"rotation":180,"texture":"#4_2","tintindex":0},"up":{"uv":[0,0,16,16],"rotation":90,"texture":"#4_2","tintindex":0},"down":{"uv":[0,0,16,16],"rotation":270,"texture":"#4_2","tintindex":0}}},{"from":[3.67957,14.78404,13.43439],"to":[3.79957,15.50404,14.15439],"rotation":{"angle":-22.5,"axis":"z","origin":[6.19957,15.26404,13.79439]},"faces":{"north":{"uv":[4,15,10,16],"rotation":270,"texture":"#4_0","tintindex":0},"east":{"uv":[6,5,12,11],"rotation":90,"texture":"#4_0","tintindex":0},"south":{"uv":[6,15,12,16],"rotation":90,"texture":"#4_0","tintindex":0},"west":{"uv":[6,5,12,11],"rotation":90,"texture":"#4_0","tintindex":0},"up":{"uv":[5,15,11,16],"rotation":90,"texture":"#4_0","tintindex":0},"down":{"uv":[5,15,11,16],"rotation":90,"texture":"#4_0","tintindex":0}}},{"from":[3.79957,14.87404,13.52439],"to":[4.51957,15.41404,14.06439],"rotation":{"angle":-22.5,"axis":"z","origin":[6.19957,15.26404,13.79439]},"faces":{"north":{"uv":[4.75,12,9.25,15],"rotation":270,"texture":"#4_3","tintindex":0},"east":{"uv":[6.75,5.75,11.25,10.25],"rotation":90,"texture":"#4_3","tintindex":0},"south":{"uv":[6.75,12,11.25,15],"rotation":90,"texture":"#4_3","tintindex":0},"west":{"uv":[6.75,5.75,11.25,10.25],"rotation":90,"texture":"#4_3","tintindex":0},"up":{"uv":[5.75,12,10.25,15],"rotation":90,"texture":"#4_3","tintindex":0},"down":{"uv":[5.75,12,10.25,15],"rotation":90,"texture":"#4_3","tintindex":0}}},{"from":[4.51957,14.72404,13.37439],"to":[4.75957,15.56404,14.21439],"rotation":{"angle":-22.5,"axis":"z","origin":[6.19957,15.26404,13.79439]},"faces":{"north":{"uv":[0,0,7,2],"rotation":270,"texture":"#4_3","tintindex":0},"east":{"uv":[5.5,4.5,12.5,11.5],"rotation":90,"texture":"#4_3","tintindex":0},"south":{"uv":[0,0,7,2],"rotation":90,"texture":"#4_3","tintindex":0},"west":{"uv":[5.5,4.5,12.5,11.5],"rotation":90,"texture":"#4_3","tintindex":0},"up":{"uv":[0,0,7,2],"rotation":90,"texture":"#4_3","tintindex":0},"down":{"uv":[0,0,7,2],"rotation":90,"texture":"#4_3","tintindex":0}}},{"from":[4.75957,14.48404,13.13439],"to":[4.99957,15.92404,14.57439],"rotation":{"angle":-22.5,"axis":"z","origin":[6.19957,15.26404,13.79439]},"faces":{"north":{"uv":[0,0,14,1],"rotation":270,"texture":"#4_0","tintindex":0},"east":{"uv":[2.5,2.5,14.5,13.5],"rotation":90,"texture":"#4_0","tintindex":0},"south":{"uv":[0,0,14,1],"rotation":90,"texture":"#4_0","tintindex":0},"west":{"uv":[1,1,15,15],"rotation":90,"texture":"#4_0","tintindex":0},"up":{"uv":[0,0,14,1],"rotation":90,"texture":"#4_0","tintindex":0},"down":{"uv":[0,0,14,1],"rotation":90,"texture":"#4_0","tintindex":0}}},{"from":[4.99957,14.36404,13.01439],"to":[5.23957,16.04404,14.69439],"rotation":{"angle":-22.5,"axis":"z","origin":[6.19957,15.26404,13.79439]},"faces":{"north":{"uv":[0,0,14,1],"rotation":270,"texture":"#4_3","tintindex":0},"east":{"uv":[1,1,15,14],"rotation":90,"texture":"#4_3","tintindex":0},"south":{"uv":[0,0,14,1],"rotation":90,"texture":"#4_3","tintindex":0},"west":{"uv":[1,1,15,15],"rotation":90,"texture":"#4_3","tintindex":0},"up":{"uv":[0,0,14,1],"rotation":90,"texture":"#4_3","tintindex":0},"down":{"uv":[0,0,14,1],"rotation":90,"texture":"#4_3","tintindex":0}}},{"from":[5.23957,14.24404,12.89439],"to":[8.83957,16.16404,14.81439],"rotation":{"angle":-22.5,"axis":"z","origin":[6.19957,15.26404,13.79439]},"faces":{"north":{"uv":[3,0,11,16],"rotation":270,"texture":"#4_0","tintindex":0},"east":{"uv":[0,0,16,16],"rotation":90,"texture":"#4_0","tintindex":0},"south":{"uv":[3,0,11,16],"rotation":90,"texture":"#4_0","tintindex":0},"west":{"uv":[0,0,16,16],"rotation":90,"texture":"#4_0","tintindex":0},"up":{"uv":[3,0,11,16],"rotation":90,"texture":"#4_0","tintindex":0},"down":{"uv":[3,0,11,16],"rotation":90,"texture":"#4_0","tintindex":0}}},{"from":[8.83957,14.36404,13.01439],"to":[9.07957,16.04404,14.69439],"rotation":{"angle":-22.5,"axis":"z","origin":[6.19957,15.26404,13.79439]},"faces":{"north":{"uv":[0,0,14,1],"rotation":270,"texture":"#4_3","tintindex":0},"east":{"uv":[1,1,15,15],"rotation":90,"texture":"#4_3","tintindex":0},"south":{"uv":[0,0,14,1],"rotation":90,"texture":"#4_3","tintindex":0},"west":{"uv":[1,1,15,15],"rotation":90,"texture":"#4_3","tintindex":0},"up":{"uv":[0,0,14,1],"rotation":90,"texture":"#4_3","tintindex":0},"down":{"uv":[0,0,14,1],"rotation":90,"texture":"#4_3","tintindex":0}}},{"from":[3.31957,14.90404,13.55439],"to":[3.73957,15.38404,14.03439],"rotation":{"angle":-22.5,"axis":"z","origin":[6.19957,15.26404,13.79439]},"faces":{"north":{"uv":[0,0,4,3.5],"rotation":270,"texture":"#4_1"},"east":{"uv":[0,0,4,4],"rotation":90,"texture":"#4_1"},"south":{"uv":[0,0,4,3.5],"rotation":90,"texture":"#4_1"},"west":{"uv":[0,0,4,4],"rotation":90,"texture":"#4_1"},"up":{"uv":[0,0,4,3.5],"rotation":90,"texture":"#4_1"},"down":{"uv":[0,0,4,3.5],"rotation":90,"texture":"#4_1"}}},{"from":[6.31957,16.18804,12.95439],"to":[8.11957,16.18804,14.75439],"rotation":{"angle":-22.5,"axis":"z","origin":[6.19957,15.26404,13.79439]},"faces":{"north":{"uv":[0,0,16,16],"rotation":270,"texture":"#4_2","tintindex":0},"east":{"uv":[0,0,16,16],"rotation":90,"texture":"#4_2","tintindex":0},"south":{"uv":[0,0,16,16],"rotation":90,"texture":"#4_2","tintindex":0},"west":{"uv":[0,0,16,16],"rotation":90,"texture":"#4_2","tintindex":0},"up":{"uv":[0,0,16,16],"rotation":270,"texture":"#4_2","tintindex":0},"down":{"uv":[2,0,0,1.5],"rotation":270,"texture":"#4_2","tintindex":0}}},{"from":[7.09856,17.39948,15.45403],"to":[7.81856,17.51948,16.17403],"faces":{"north":{"uv":[5,15,11,16],"rotation":180,"texture":"#4_0","tintindex":0},"east":{"uv":[6,15,12,16],"rotation":180,"texture":"#4_0","tintindex":0},"south":{"uv":[5,15,11,16],"rotation":180,"texture":"#4_0","tintindex":0},"west":{"uv":[4,15,10,16],"rotation":180,"texture":"#4_0","tintindex":0},"up":{"uv":[6,5,12,11],"rotation":90,"texture":"#4_0","tintindex":0},"down":{"uv":[6,5,12,11],"rotation":270,"texture":"#4_0","tintindex":0}}},{"from":[7.18856,16.67948,15.54403],"to":[7.72856,17.39948,16.08403],"faces":{"north":{"uv":[5.75,12,10.25,15],"rotation":180,"texture":"#4_3","tintindex":0},"east":{"uv":[6.75,12,11.25,15],"rotation":180,"texture":"#4_3","tintindex":0},"south":{"uv":[5.75,12,10.25,15],"rotation":180,"texture":"#4_3","tintindex":0},"west":{"uv":[4.75,12,9.25,15],"rotation":180,"texture":"#4_3","tintindex":0},"up":{"uv":[6.75,5.75,11.25,10.25],"rotation":90,"texture":"#4_3","tintindex":0},"down":{"uv":[6.75,5.75,11.25,10.25],"rotation":270,"texture":"#4_3","tintindex":0}}},{"from":[7.03856,16.43948,15.39403],"to":[7.87856,16.67948,16.23403],"faces":{"north":{"uv":[0,0,7,2],"rotation":180,"texture":"#4_3","tintindex":0},"east":{"uv":[0,0,7,2],"rotation":180,"texture":"#4_3","tintindex":0},"south":{"uv":[0,0,7,2],"rotation":180,"texture":"#4_3","tintindex":0},"west":{"uv":[0,0,7,2],"rotation":180,"texture":"#4_3","tintindex":0},"up":{"uv":[5.5,4.5,12.5,11.5],"rotation":90,"texture":"#4_3","tintindex":0},"down":{"uv":[5.5,4.5,12.5,11.5],"rotation":270,"texture":"#4_3","tintindex":0}}},{"from":[6.79856,16.19948,15.03403],"to":[8.23856,16.43948,16.47403],"faces":{"north":{"uv":[0,0,14,1],"rotation":180,"texture":"#4_0","tintindex":0},"east":{"uv":[0,0,14,1],"rotation":180,"texture":"#4_0","tintindex":0},"south":{"uv":[0,0,14,1],"rotation":180,"texture":"#4_0","tintindex":0},"west":{"uv":[0,0,14,1],"rotation":180,"texture":"#4_0","tintindex":0},"up":{"uv":[1,1,15,15],"rotation":90,"texture":"#4_0","tintindex":0},"down":{"uv":[2.5,2.5,14.5,13.5],"rotation":270,"texture":"#4_0","tintindex":0}}},{"from":[6.67856,15.95948,14.91403],"to":[8.35856,16.19948,16.59403],"faces":{"north":{"uv":[0,0,14,1],"rotation":180,"texture":"#4_3","tintindex":0},"east":{"uv":[0,0,14,1],"rotation":180,"texture":"#4_3","tintindex":0},"south":{"uv":[0,0,14,1],"rotation":180,"texture":"#4_3","tintindex":0},"west":{"uv":[0,0,14,1],"rotation":180,"texture":"#4_3","tintindex":0},"up":{"uv":[1,1,15,15],"rotation":90,"texture":"#4_3","tintindex":0},"down":{"uv":[1,1,15,14],"rotation":270,"texture":"#4_3","tintindex":0}}},{"from":[6.55856,12.35948,14.79403],"to":[8.47856,15.95948,16.71403],"faces":{"north":{"uv":[3,0,11,16],"rotation":180,"texture":"#4_0","tintindex":0},"east":{"uv":[3,0,11,16],"rotation":180,"texture":"#4_0","tintindex":0},"south":{"uv":[3,0,11,16],"rotation":180,"texture":"#4_0","tintindex":0},"west":{"uv":[3,0,11,16],"rotation":180,"texture":"#4_0","tintindex":0},"up":{"uv":[0,0,16,16],"rotation":90,"texture":"#4_0","tintindex":0},"down":{"uv":[0,0,16,16],"rotation":270,"texture":"#4_0","tintindex":0}}},{"from":[6.67856,12.11948,14.91403],"to":[8.35856,12.35948,16.59403],"faces":{"north":{"uv":[0,0,14,1],"rotation":180,"texture":"#4_3","tintindex":0},"east":{"uv":[0,0,14,1],"rotation":180,"texture":"#4_3","tintindex":0},"south":{"uv":[0,0,14,1],"rotation":180,"texture":"#4_3","tintindex":0},"west":{"uv":[0,0,14,1],"rotation":180,"texture":"#4_3","tintindex":0},"up":{"uv":[1,1,15,15],"rotation":90,"texture":"#4_3","tintindex":0},"down":{"uv":[1,1,15,15],"rotation":270,"texture":"#4_3","tintindex":0}}},{"from":[7.21856,17.45948,15.57403],"to":[7.69856,17.87948,16.05403],"faces":{"north":{"uv":[0,0,4,3.5],"rotation":180,"texture":"#4_1"},"east":{"uv":[0,0,4,3.5],"rotation":180,"texture":"#4_1"},"south":{"uv":[0,0,4,3.5],"rotation":180,"texture":"#4_1"},"west":{"uv":[0,0,4,3.5],"rotation":180,"texture":"#4_1"},"up":{"uv":[0,0,4,4],"rotation":90,"texture":"#4_1"},"down":{"uv":[0,0,4,4],"rotation":270,"texture":"#4_1"}}},{"from":[6.61856,13.07948,14.77003],"to":[8.41856,14.87948,14.77003],"faces":{"north":{"uv":[0,0,16,16],"texture":"#4_2","tintindex":0},"east":{"uv":[0,0,16,16],"rotation":180,"texture":"#4_2","tintindex":0},"south":{"uv":[2,0,0,1.5],"texture":"#4_2","tintindex":0},"west":{"uv":[0,0,16,16],"rotation":180,"texture":"#4_2","tintindex":0},"up":{"uv":[0,0,16,16],"rotation":90,"texture":"#4_2","tintindex":0},"down":{"uv":[0,0,16,16],"rotation":270,"texture":"#4_2","tintindex":0}}}],"display":{"thirdperson_righthand":{"rotation":[0,60,0],"translation":[0,4,1],"scale":[0.25,0.25,0.25]},"thirdperson_lefthand":{"rotation":[0,-120,0],"translation":[0,4,1],"scale":[0.25,0.25,0.25]},"firstperson_righthand":{"rotation":[-30,30,0],"scale":[0.3,0.3,0.3]},"firstperson_lefthand":{"rotation":[-30,-150,0],"scale":[0.3,0.3,0.3]},"ground":{"translation":[0,-3,0]},"gui":{"rotation":[30,-135,0],"translation":[0,-2.25,0],"scale":[0.5,0.5,0.5]},"head":{"translation":[0,-21,9.25],"scale":[3.5,3.5,3.5]},"fixed":{"rotation":[0,-90,0],"translation":[0,-5.25,-7.5]}},"groups":[{"name":"group","origin":[8,8,8],"color":0,"children":[{"name":"body","origin":[8,8,8],"color":0,"children":[0,1,2,{"name":"octagon","origin":[8,8,8],"color":0,"children":[3,4,5,6,7,8,9,10,11,12,13,14,15,16,17,18,19,20,21,22,23,24,25,26,27,28]}]},{"name":"bench","origin":[15.75,15.75,15.75],"color":0,"children":[29,30,31]},{"name":"group","origin":[8,9.09446,21.77851],"color":0,"children":[32,33,34]},{"name":"idk how this is called","origin":[7.99524,9.90281,0.69682],"color":0,"children":[35,36,37,38,39,40,41,42]},{"name":"floor","origin":[15.75,17.75,15.75],"color":0,"children":[43,44,45,46]},{"name":"cabin","origin":[15.875,18.25,15.125],"color":0,"children":[]},{"name":"rim","origin":[6.25,10.5,5.5],"color":0,"children":[47,48,49,50,51,52,53,54,55,56,57,58]},{"name":"fishing rod","origin":[8,8,8],"color":0,"children":[59,60,61,62,63,64,65,66,67,68,69,70,71,72,{"name":"group","origin":[15.75,15.75,15.75],"color":0,"children":[73,74,75,76,77,78,79,80,81]},82]},{"name":"rim2","origin":[4.5,13.51,3],"color":0,"children":[83,84,85,86,87,88,89,90,91,92,93,94,95,96,97]},{"name":"seil","origin":[8,8,8],"color":0,"children":[98,99,100,101,102,103,104,{"name":"cod","origin":[8,8,8],"color":0,"children":[105,106,107,108,109,110,111,112,113,114,115,116,117]},{"name":"cod","origin":[8,8,8],"color":0,"children":[118,119,120,121,122,123,124,125,126,127,128,129,130]},{"name":"cod","origin":[8,8,8],"color":0,"children":[131,132,133,134,135,136,137,138,139,140,141,142,143]},{"name":"salmon","origin":[8,8,8],"color":0,"children":[144,145,146,147,148,149,150,151,152,153,154,155,156]}]},{"name":"box","origin":[8,8,8],"color":0,"children":[157,158,159,160,161,162,163,164]}]},{"name":"ouzobottle","origin":[8,8,8],"color":0,"children":[165,166,167,168,169,170,171,172,173]},{"name":"ouzobottle","origin":[8,8,8],"color":0,"children":[174,175,176,177,178,179,180,181,182]},{"name":"ouzobottle","origin":[8,8,8],"color":0,"children":[183,184,185,186,187,188,189,190,191]},{"name":"ouzobottle","origin":[8,8,8],"color":0,"children":[192,193,194,195,196,197,198,199,200]},{"name":"ouzobottle","origin":[8,8,8],"color":0,"children":[201,202,203,204,205,206,207,208,209]}],"credit":"Model by Craftventure"}