{"textures":{"texture":"block/yellow_terracotta","lime_terracotta":"block/lime_terracotta","stone_slab_top":"block/smooth_stone","white_terracotta":"block/quartz_block_top","red_terracotta":"block/red_terracotta","jungle_log_top":"block/jungle_log_top"},"elements":[{"from":[-9,10,3],"to":[-8,23.5,13],"faces":{"north":{"uv":[0,0,1,13.5],"texture":"#texture"},"east":{"uv":[0,0,10,13.5],"texture":"#texture"},"south":{"uv":[0,0,1,13.5],"texture":"#texture"},"west":{"uv":[0,0,10,13.5],"texture":"#texture"},"up":{"uv":[0,0,1,10],"texture":"#texture"},"down":{"uv":[0,0,1,10],"texture":"#texture"}}},{"from":[3,10,-9],"to":[13,23.5,-8],"faces":{"north":{"uv":[0,0,10,13.5],"texture":"#texture"},"east":{"uv":[0,0,1,13.5],"texture":"#texture"},"south":{"uv":[0,0,10,13.5],"texture":"#texture"},"west":{"uv":[0,0,1,13.5],"texture":"#texture"},"up":{"uv":[0,0,10,1],"texture":"#texture"},"down":{"uv":[0,0,10,1],"texture":"#texture"}}},{"from":[-3.4375,10,-6.3125],"to":[3.5625,23.5,-5.3125],"rotation":{"angle":22.5,"axis":"y","origin":[-3.4375,10,-6.3125]},"faces":{"north":{"uv":[0,0,7,13.5],"texture":"#texture"},"east":{"uv":[0,0,1,13.5],"texture":"#texture"},"south":{"uv":[0,0,7,13.5],"texture":"#texture"},"west":{"uv":[0,0,1,13.5],"texture":"#texture"},"up":{"uv":[0,0,7,1],"texture":"#texture"},"down":{"uv":[0,0,7,1],"texture":"#texture"}}},{"from":[-6.3125,10,-3.4375],"to":[-2.24664,23.5,-2.3625],"rotation":{"angle":45,"axis":"y","origin":[-6.3125,10,-3.4375]},"faces":{"north":{"uv":[0,0,4.06586,13.5],"texture":"#texture"},"east":{"uv":[0,0,1,13.5],"texture":"#texture"},"south":{"uv":[0,0,4.06586,13.5],"texture":"#texture"},"west":{"uv":[0,0,1,13.5],"texture":"#texture"},"up":{"uv":[0,0,4.06586,1],"texture":"#texture"},"down":{"uv":[0,0,4.06586,1],"texture":"#texture"}}},{"from":[-6.3125,10,-3.4375],"to":[-5.3125,23.5,3.5625],"rotation":{"angle":-22.5,"axis":"y","origin":[-6.3125,10,-3.4375]},"faces":{"north":{"uv":[0,0,1,13.5],"texture":"#texture"},"east":{"uv":[0,0,7,13.5],"texture":"#texture"},"south":{"uv":[0,0,1,13.5],"texture":"#texture"},"west":{"uv":[0,0,7,13.5],"texture":"#texture"},"up":{"uv":[0,0,1,7],"texture":"#texture"},"down":{"uv":[0,0,1,7],"texture":"#texture"}}},{"from":[-9,10,13],"to":[-8,23.5,20.05],"rotation":{"angle":22.5,"axis":"y","origin":[-9,10,13]},"faces":{"north":{"uv":[0,0,1,13.5],"texture":"#texture"},"east":{"uv":[0,0,7.05,13.5],"texture":"#texture"},"south":{"uv":[0,0,1,13.5],"texture":"#texture"},"west":{"uv":[0,0,7.05,13.5],"texture":"#texture"},"up":{"uv":[0,0,1,7.05],"texture":"#texture"},"down":{"uv":[0,0,1,7.05],"texture":"#texture"}}},{"from":[-5.36188,10,18.14863],"to":[-1.31188,23.5,19.14863],"rotation":{"angle":-45,"axis":"y","origin":[-6.31188,10,18.14863]},"faces":{"north":{"uv":[0,0,4.05,13.5],"texture":"#texture"},"east":{"uv":[0,0,1,13.5],"texture":"#texture"},"south":{"uv":[0,0,4.05,13.5],"texture":"#texture"},"west":{"uv":[0,0,1,13.5],"texture":"#texture"},"up":{"uv":[0,0,4.05,1],"texture":"#texture"},"down":{"uv":[0,0,4.05,1],"texture":"#texture"}}},{"from":[-3.0625,10,21.375],"to":[3.9375,23.5,22.475],"rotation":{"angle":-22.5,"axis":"y","origin":[-3.0625,10,21.375]},"faces":{"north":{"uv":[0,0,7,13.5],"texture":"#texture"},"east":{"uv":[0,0,1.1,13.5],"texture":"#texture"},"south":{"uv":[0,0,7,13.5],"texture":"#texture"},"west":{"uv":[0,0,1.1,13.5],"texture":"#texture"},"up":{"uv":[0,0,7,1.1],"texture":"#texture"},"down":{"uv":[0,0,7,1.1],"texture":"#texture"}}},{"from":[3,0,17.99982],"to":[13,6,24.74982],"faces":{"north":{"uv":[0,0,10,6],"texture":"#red_terracotta"},"east":{"uv":[0,0,6,6],"texture":"#red_terracotta"},"south":{"uv":[0,0,10,6],"texture":"#red_terracotta"},"west":{"uv":[0,0,6,6],"texture":"#red_terracotta"},"up":{"uv":[4,4,12,11.99922],"rotation":90,"texture":"#jungle_log_top"},"down":{"uv":[0,0,10,6],"texture":"#red_terracotta"}}},{"from":[-1.20389,0,19.22014],"to":[4.79611,10,22.72014],"rotation":{"angle":-22.5,"axis":"y","origin":[-1.20389,0,19.22014]},"faces":{"north":{"uv":[0,0,6,10],"texture":"#red_terracotta"},"east":{"uv":[0,0,3.5,10],"texture":"#red_terracotta"},"south":{"uv":[0,0,6,10],"texture":"#red_terracotta"},"west":{"uv":[0,0,3.5,10],"texture":"#red_terracotta"},"up":{"uv":[0,0,3,1],"texture":"#white_terracotta"},"down":{"uv":[0,0,6,3.5],"texture":"#red_terracotta"}}},{"from":[-8.37491,0,13.37491],"to":[-1.87491,10,19.37491],"rotation":{"angle":22.5,"axis":"y","origin":[-8.37491,0,13.37491]},"faces":{"north":{"uv":[0,0,6.5,10],"texture":"#red_terracotta"},"east":{"uv":[0,0,6,10],"texture":"#red_terracotta"},"south":{"uv":[0,0,6.5,10],"texture":"#red_terracotta"},"west":{"uv":[0,0,6,10],"texture":"#red_terracotta"},"up":{"uv":[0,0,3.5,1],"texture":"#white_terracotta"},"down":{"uv":[0,0,6.5,6],"texture":"#red_terracotta"}}},{"from":[-8.37491,0,3.37491],"to":[-1.87491,10,13.37491],"faces":{"north":{"uv":[0,0,6.5,10],"texture":"#red_terracotta"},"east":{"uv":[0,0,10,10],"texture":"#red_terracotta"},"south":{"uv":[0,0,6.5,10],"texture":"#red_terracotta"},"west":{"uv":[0,0,10,10],"texture":"#red_terracotta"},"up":{"uv":[0,0,3.5,1],"texture":"#white_terracotta"},"down":{"uv":[0,0,6.5,10],"texture":"#red_terracotta"}}},{"from":[17.87491,0,3.37491],"to":[24.37491,10,13.37491],"faces":{"north":{"uv":[0,0,6.5,10],"texture":"#red_terracotta"},"east":{"uv":[0,0,10,10],"texture":"#red_terracotta"},"south":{"uv":[0,0,6.5,10],"texture":"#red_terracotta"},"west":{"uv":[0,0,10,10],"texture":"#red_terracotta"},"up":{"uv":[0,0,3.5,1],"texture":"#white_terracotta"},"down":{"uv":[0,0,6.5,10],"texture":"#red_terracotta"}}},{"from":[3,0,-8],"to":[13,10,-1.5],"faces":{"north":{"uv":[0,0,10,10],"texture":"#red_terracotta"},"east":{"uv":[0,0,6.5,10],"texture":"#red_terracotta"},"south":{"uv":[0,0,10,10],"texture":"#red_terracotta"},"west":{"uv":[0,0,6.5,10],"texture":"#red_terracotta"},"up":{"uv":[0,0,7,1],"texture":"#white_terracotta"},"down":{"uv":[0,0,10,6.5],"texture":"#red_terracotta"}}},{"from":[-6.07881,0,-2.16837],"to":[0.42119,10,3.83163],"rotation":{"angle":-22.5,"axis":"y","origin":[-6.07881,0,-2.16837]},"faces":{"north":{"uv":[0,0,6.5,10],"texture":"#red_terracotta"},"east":{"uv":[0,0,6,10],"texture":"#red_terracotta"},"south":{"uv":[0,0,6.5,10],"texture":"#red_terracotta"},"west":{"uv":[0,0,6,10],"texture":"#red_terracotta"},"up":{"uv":[0,0,3.5,1],"texture":"#white_terracotta"},"down":{"uv":[0,0,6.5,6],"texture":"#red_terracotta"}}},{"from":[18.36969,0,10.88747],"to":[24.86969,10,16.88747],"rotation":{"angle":-22.5,"axis":"y","origin":[18.36969,0,10.88747]},"faces":{"north":{"uv":[0,0,6.5,10],"texture":"#red_terracotta"},"east":{"uv":[0,0,6,10],"texture":"#red_terracotta"},"south":{"uv":[0,0,6.5,10],"texture":"#red_terracotta"},"west":{"uv":[0,0,6,10],"texture":"#red_terracotta"},"up":{"uv":[0,0,3.5,1],"texture":"#white_terracotta"},"down":{"uv":[0,0,6.5,6],"texture":"#red_terracotta"}}},{"from":[16.07359,0,0.31908],"to":[22.57359,10,6.31908],"rotation":{"angle":22.5,"axis":"y","origin":[16.07359,0,0.31908]},"faces":{"north":{"uv":[0,0,6.5,10],"texture":"#red_terracotta"},"east":{"uv":[0,0,6,10],"texture":"#red_terracotta"},"south":{"uv":[0,0,6.5,10],"texture":"#red_terracotta"},"west":{"uv":[0,0,6,10],"texture":"#red_terracotta"},"up":{"uv":[0,0,3.5,1],"texture":"#white_terracotta"},"down":{"uv":[0,0,6.5,6],"texture":"#red_terracotta"}}},{"from":[13,0,-8],"to":[19,10,-1.5],"rotation":{"angle":-22.5,"axis":"y","origin":[13,0,-8]},"faces":{"north":{"uv":[0,0,6,10],"texture":"#red_terracotta"},"east":{"uv":[0,0,6.5,10],"texture":"#red_terracotta"},"south":{"uv":[0,0,6,10],"texture":"#red_terracotta"},"west":{"uv":[0,0,6.5,10],"texture":"#red_terracotta"},"up":{"uv":[0,0,3,1],"texture":"#white_terracotta"},"down":{"uv":[0,0,6,6.5],"texture":"#red_terracotta"}}},{"from":[-2.54328,0,-5.7039],"to":[3.45672,10,0.7961],"rotation":{"angle":22.5,"axis":"y","origin":[-2.54328,0,-5.7039]},"faces":{"north":{"uv":[0,0,6,10],"texture":"#red_terracotta"},"east":{"uv":[0,0,6.5,10],"texture":"#red_terracotta"},"south":{"uv":[0,0,6,10],"texture":"#red_terracotta"},"west":{"uv":[0,0,6.5,10],"texture":"#red_terracotta"},"up":{"uv":[0,0,3,1],"texture":"#white_terracotta"},"down":{"uv":[0,0,6,6.5],"texture":"#red_terracotta"}}},{"from":[13.94708,0,17.85753],"to":[18.94708,10,24.35753],"rotation":{"angle":45,"axis":"y","origin":[13.94708,0,17.85753]},"faces":{"north":{"uv":[0,0,5,10],"texture":"#red_terracotta"},"east":{"uv":[0,0,6.5,10],"texture":"#red_terracotta"},"south":{"uv":[0,0,5,10],"texture":"#red_terracotta"},"west":{"uv":[0,0,6.5,10],"texture":"#red_terracotta"},"up":{"uv":[0,0,2,1],"texture":"#white_terracotta"},"down":{"uv":[0,0,5,6.5],"texture":"#red_terracotta"}}},{"from":[-1.48262,0,14.32199],"to":[3.51738,10,20.82199],"rotation":{"angle":-45,"axis":"y","origin":[-1.48262,0,14.32199]},"faces":{"north":{"uv":[0,0,5,10],"texture":"#red_terracotta"},"east":{"uv":[0,0,6.5,10],"texture":"#red_terracotta"},"south":{"uv":[0,0,5,10],"texture":"#red_terracotta"},"west":{"uv":[0,0,6.5,10],"texture":"#red_terracotta"},"up":{"uv":[0,0,2,1],"texture":"#white_terracotta"},"down":{"uv":[0,0,5,6.5],"texture":"#red_terracotta"}}},{"from":[-6.07881,0,-2.16837],"to":[-1.07881,10,4.33163],"rotation":{"angle":45,"axis":"y","origin":[-6.07881,0,-2.16837]},"faces":{"north":{"uv":[0,0,5,10],"texture":"#red_terracotta"},"east":{"uv":[0,0,6.5,10],"texture":"#red_terracotta"},"south":{"uv":[0,0,5,10],"texture":"#red_terracotta"},"west":{"uv":[0,0,6.5,10],"texture":"#red_terracotta"},"up":{"uv":[0,0,2,1],"texture":"#white_terracotta"},"down":{"uv":[0,0,5,6.5],"texture":"#red_terracotta"}}},{"from":[18.54328,0,-5.7039],"to":[23.54328,10,0.7961],"rotation":{"angle":-45,"axis":"y","origin":[18.54328,0,-5.7039]},"faces":{"north":{"uv":[0,0,5,10],"texture":"#red_terracotta"},"east":{"uv":[0,0,6.5,10],"texture":"#red_terracotta"},"south":{"uv":[0,0,5,10],"texture":"#red_terracotta"},"west":{"uv":[0,0,6.5,10],"texture":"#red_terracotta"},"up":{"uv":[0,0,2,1],"texture":"#white_terracotta"},"down":{"uv":[0,0,5,6.5],"texture":"#red_terracotta"}}},{"from":[11.66061,0,21.51624],"to":[17.66061,10,25.01624],"rotation":{"angle":22.5,"axis":"y","origin":[11.66061,0,21.51624]},"faces":{"north":{"uv":[0,0,6,10],"texture":"#red_terracotta"},"east":{"uv":[0,0,3.5,10],"texture":"#red_terracotta"},"south":{"uv":[0,0,6,10],"texture":"#red_terracotta"},"west":{"uv":[0,0,3.5,10],"texture":"#red_terracotta"},"up":{"uv":[0,0,3,1],"texture":"#white_terracotta"},"down":{"uv":[0,0,6,3.5],"texture":"#red_terracotta"}}},{"from":[12,0,17.5],"to":[16.5,10,21.3],"faces":{"north":{"uv":[0,6,4,16],"texture":"#red_terracotta"},"east":{"uv":[0,6,0,16],"texture":"#red_terracotta"},"south":{"uv":[12,6,16,16],"texture":"#red_terracotta"},"west":{"uv":[16,6,16,16],"texture":"#red_terracotta"},"up":{"uv":[0,0,1,1],"texture":"#white_terracotta"},"down":{"uv":[4,16,0,16],"texture":"#red_terracotta"}}},{"from":[-0.5,0,17.5],"to":[4,10,21.175],"faces":{"north":{"uv":[12,6,16,16],"texture":"#red_terracotta"},"east":{"uv":[0,6,0,16],"texture":"#red_terracotta"},"south":{"uv":[0,6,4,16],"texture":"#red_terracotta"},"west":{"uv":[16,6,16,16],"texture":"#red_terracotta"},"up":{"uv":[0,0,1,1],"texture":"#white_terracotta"},"down":{"uv":[16,16,12,16],"texture":"#red_terracotta"}}},{"from":[11.3875,6,20.9875],"to":[12.3875,15.5,24.9875],"rotation":{"angle":22.5,"axis":"y","origin":[11.3875,6,20.9875]},"faces":{"north":{"uv":[15,0,16,6],"texture":"#texture"},"east":{"uv":[15,0,16,6],"texture":"#texture"},"south":{"uv":[15,0,16,6],"texture":"#texture"},"west":{"uv":[15,0,16,6],"texture":"#texture"},"up":{"uv":[15,0,16,6],"texture":"#texture"},"down":{"uv":[15,0,16,6],"texture":"#texture"}}},{"from":[11.3875,0.5,16.4875],"to":[12.3875,15.5,20.9875],"faces":{"north":{"uv":[15,0,16,6],"texture":"#texture"},"east":{"uv":[15,0,16,6],"texture":"#texture"},"south":{"uv":[15,0,16,6],"texture":"#texture"},"west":{"uv":[15,0,16,6],"texture":"#texture"},"up":{"uv":[15,0,16,6],"texture":"#texture"},"down":{"uv":[15,0,16,6],"texture":"#texture"}}},{"from":[-2,0.5,-1.7],"to":[18,3,18.1],"faces":{"north":{"uv":[0,13,16,15.5],"texture":"#texture"},"east":{"uv":[0,13,16,15.5],"texture":"#texture"},"south":{"uv":[0,13,16,15.5],"texture":"#texture"},"west":{"uv":[0,13,16,15.5],"texture":"#texture"},"up":{"uv":[1,1,15,15],"texture":"#jungle_log_top"},"down":{"uv":[1,1,15,15],"texture":"#texture"}}},{"from":[3.5,8,24],"to":[4,22.5,24.5],"faces":{"north":{"uv":[6.5,0,7,8],"texture":"#stone_slab_top"},"east":{"uv":[6.5,0,7,8],"texture":"#stone_slab_top"},"south":{"uv":[6.5,0,7,8],"texture":"#stone_slab_top"},"west":{"uv":[6.5,0,7,8],"texture":"#stone_slab_top"},"up":{"uv":[6.5,0,7,8],"texture":"#stone_slab_top"},"down":{"uv":[6.5,0,7,8],"texture":"#stone_slab_top"}}},{"from":[6,18,11],"to":[10,18.5,11.5],"faces":{"north":{"uv":[6,0,10,1],"texture":"#stone_slab_top"},"east":{"uv":[6,0,10,1],"texture":"#stone_slab_top"},"south":{"uv":[6,0,10,1],"texture":"#stone_slab_top"},"west":{"uv":[6,0,10,1],"texture":"#stone_slab_top"},"up":{"uv":[6,0,10,1],"texture":"#stone_slab_top"},"down":{"uv":[6,0,10,1],"texture":"#stone_slab_top"}}},{"from":[12,8,24],"to":[12.5,22.5,24.5],"faces":{"north":{"uv":[6.5,0,7,8],"texture":"#stone_slab_top"},"east":{"uv":[6.5,0,7,8],"texture":"#stone_slab_top"},"south":{"uv":[6.5,0,7,8],"texture":"#stone_slab_top"},"west":{"uv":[6.5,0,7,8],"texture":"#stone_slab_top"},"up":{"uv":[6.5,0,7,8],"texture":"#stone_slab_top"},"down":{"uv":[6.5,0,7,8],"texture":"#stone_slab_top"}}},{"from":[9,8,24],"to":[9.5,21.1,24.5],"faces":{"north":{"uv":[6.5,0,7,8],"texture":"#stone_slab_top"},"east":{"uv":[6.5,0,7,8],"texture":"#stone_slab_top"},"south":{"uv":[6.5,0,7,8],"texture":"#stone_slab_top"},"west":{"uv":[6.5,0,7,8],"texture":"#stone_slab_top"},"up":{"uv":[6.5,0,7,8],"texture":"#stone_slab_top"},"down":{"uv":[6.5,0,7,8],"texture":"#stone_slab_top"}}},{"from":[5,8,24.025],"to":[5.5,21.5,24.475],"faces":{"north":{"uv":[6.5,0,7,8],"texture":"#stone_slab_top"},"east":{"uv":[6.5,0,7,8],"texture":"#stone_slab_top"},"south":{"uv":[6.5,0,7,8],"texture":"#stone_slab_top"},"west":{"uv":[6.5,0,7,8],"texture":"#stone_slab_top"},"up":{"uv":[6.5,0,7,8],"texture":"#stone_slab_top"},"down":{"uv":[6.5,0,7,8],"texture":"#stone_slab_top"}}},{"from":[6.5,8,24],"to":[7,21.075,24.5],"faces":{"north":{"uv":[6.5,0,7,8],"texture":"#stone_slab_top"},"east":{"uv":[6.5,0,7,8],"texture":"#stone_slab_top"},"south":{"uv":[6.5,0,7,8],"texture":"#stone_slab_top"},"west":{"uv":[6.5,0,7,8],"texture":"#stone_slab_top"},"up":{"uv":[6.5,0,7,8],"texture":"#stone_slab_top"},"down":{"uv":[6.5,0,7,8],"texture":"#stone_slab_top"}}},{"from":[10.5,8,24.025],"to":[11,21.5,24.475],"faces":{"north":{"uv":[6.5,0,7,8],"texture":"#stone_slab_top"},"east":{"uv":[6.5,0,7,8],"texture":"#stone_slab_top"},"south":{"uv":[6.5,0,7,8],"texture":"#stone_slab_top"},"west":{"uv":[6.5,0,7,8],"texture":"#stone_slab_top"},"up":{"uv":[6.5,0,7,8],"texture":"#stone_slab_top"},"down":{"uv":[6.5,0,7,8],"texture":"#stone_slab_top"}}},{"from":[9.0125,20.625,24],"to":[12.5625,21.125,24.5],"rotation":{"angle":22.5,"axis":"z","origin":[9.0625,21.125,24]},"faces":{"north":{"uv":[3,0,7,1],"texture":"#stone_slab_top"},"east":{"uv":[3,0,7,1],"texture":"#stone_slab_top"},"south":{"uv":[3,0,7,1],"texture":"#stone_slab_top"},"west":{"uv":[3,0,7,1],"texture":"#stone_slab_top"},"up":{"uv":[3,0,7,1],"texture":"#stone_slab_top"},"down":{"uv":[3,0,7,1],"texture":"#stone_slab_top"}}},{"from":[3.6875,21.9375,24],"to":[7.2625,22.4375,24.5],"rotation":{"angle":-22.5,"axis":"z","origin":[3.6875,22.4375,24]},"faces":{"north":{"uv":[3,0,7,1],"texture":"#stone_slab_top"},"east":{"uv":[3,0,7,1],"texture":"#stone_slab_top"},"south":{"uv":[3,0,7,1],"texture":"#stone_slab_top"},"west":{"uv":[3,0,7,1],"texture":"#stone_slab_top"},"up":{"uv":[3,0,7,1],"texture":"#stone_slab_top"},"down":{"uv":[3,0,7,1],"texture":"#stone_slab_top"}}},{"from":[3.5,7.5,24],"to":[7,8,24.5],"faces":{"north":{"uv":[9,0,13,1],"texture":"#stone_slab_top"},"east":{"uv":[9,0,13,1],"texture":"#stone_slab_top"},"south":{"uv":[9,0,13,1],"texture":"#stone_slab_top"},"west":{"uv":[9,0,13,1],"texture":"#stone_slab_top"},"up":{"uv":[9,0,13,1],"texture":"#stone_slab_top"},"down":{"uv":[9,0,13,1],"texture":"#stone_slab_top"}}},{"from":[9,7.5,24],"to":[12.5,8,24.5],"faces":{"north":{"uv":[9,0,13,1],"texture":"#stone_slab_top"},"east":{"uv":[9,0,13,1],"texture":"#stone_slab_top"},"south":{"uv":[9,0,13,1],"texture":"#stone_slab_top"},"west":{"uv":[9,0,13,1],"texture":"#stone_slab_top"},"up":{"uv":[9,0,13,1],"texture":"#stone_slab_top"},"down":{"uv":[9,0,13,1],"texture":"#stone_slab_top"}}},{"from":[7,1,7],"to":[9,18,9],"faces":{"north":{"uv":[6,0,10,1],"texture":"#stone_slab_top"},"east":{"uv":[6,0,10,1],"texture":"#stone_slab_top"},"south":{"uv":[6,0,10,1],"texture":"#stone_slab_top"},"west":{"uv":[6,0,10,1],"texture":"#stone_slab_top"},"up":{"uv":[6,0,10,1],"texture":"#stone_slab_top"},"down":{"uv":[6,0,10,1],"texture":"#stone_slab_top"}}},{"from":[11,18,6],"to":[11.5,18.5,10],"faces":{"north":{"uv":[6,0,10,1],"texture":"#stone_slab_top"},"east":{"uv":[6,0,10,1],"texture":"#stone_slab_top"},"south":{"uv":[6,0,10,1],"texture":"#stone_slab_top"},"west":{"uv":[6,0,10,1],"texture":"#stone_slab_top"},"up":{"uv":[6,0,10,1],"texture":"#stone_slab_top"},"down":{"uv":[6,0,10,1],"texture":"#stone_slab_top"}}},{"from":[4.83934,18,9.73223],"to":[6.93934,18.5,10.23223],"rotation":{"angle":-45,"axis":"y","origin":[4.93934,18,9.73223]},"faces":{"north":{"uv":[6,0,10,1],"texture":"#stone_slab_top"},"east":{"uv":[6,0,10,1],"texture":"#stone_slab_top"},"south":{"uv":[6,0,10,1],"texture":"#stone_slab_top"},"west":{"uv":[6,0,10,1],"texture":"#stone_slab_top"},"up":{"uv":[6,0,10,1],"texture":"#stone_slab_top"},"down":{"uv":[6,0,10,1],"texture":"#stone_slab_top"}}},{"from":[4.5,18,6],"to":[5,18.5,10],"faces":{"north":{"uv":[6,0,10,1],"texture":"#stone_slab_top"},"east":{"uv":[6,0,10,1],"texture":"#stone_slab_top"},"south":{"uv":[6,0,10,1],"texture":"#stone_slab_top"},"west":{"uv":[6,0,10,1],"texture":"#stone_slab_top"},"up":{"uv":[6,0,10,1],"texture":"#stone_slab_top"},"down":{"uv":[6,0,10,1],"texture":"#stone_slab_top"}}},{"from":[6,18,4.5],"to":[10,18.5,5],"faces":{"north":{"uv":[6,0,10,1],"texture":"#stone_slab_top"},"east":{"uv":[6,0,10,1],"texture":"#stone_slab_top"},"south":{"uv":[6,0,10,1],"texture":"#stone_slab_top"},"west":{"uv":[6,0,10,1],"texture":"#stone_slab_top"},"up":{"uv":[6,0,10,1],"texture":"#stone_slab_top"},"down":{"uv":[6,0,10,1],"texture":"#stone_slab_top"}}},{"from":[10,18,4.5],"to":[12.125,18.5,5],"rotation":{"angle":-45,"axis":"y","origin":[10,18,4.5]},"faces":{"north":{"uv":[6,0,10,1],"texture":"#stone_slab_top"},"east":{"uv":[6,0,10,1],"texture":"#stone_slab_top"},"south":{"uv":[6,0,10,1],"texture":"#stone_slab_top"},"west":{"uv":[6,0,10,1],"texture":"#stone_slab_top"},"up":{"uv":[6,0,10,1],"texture":"#stone_slab_top"},"down":{"uv":[6,0,10,1],"texture":"#stone_slab_top"}}},{"from":[4.5,18,6],"to":[6.625,18.5,6.5],"rotation":{"angle":45,"axis":"y","origin":[4.5,18,6]},"faces":{"north":{"uv":[6,0,10,1],"texture":"#stone_slab_top"},"east":{"uv":[6,0,10,1],"texture":"#stone_slab_top"},"south":{"uv":[6,0,10,1],"texture":"#stone_slab_top"},"west":{"uv":[6,0,10,1],"texture":"#stone_slab_top"},"up":{"uv":[6,0,10,1],"texture":"#stone_slab_top"},"down":{"uv":[6,0,10,1],"texture":"#stone_slab_top"}}},{"from":[9.64645,18,11.14645],"to":[11.77145,18.5,11.64645],"rotation":{"angle":45,"axis":"y","origin":[9.64645,18,11.14645]},"faces":{"north":{"uv":[6,0,10,1],"texture":"#stone_slab_top"},"east":{"uv":[6,0,10,1],"texture":"#stone_slab_top"},"south":{"uv":[6,0,10,1],"texture":"#stone_slab_top"},"west":{"uv":[6,0,10,1],"texture":"#stone_slab_top"},"up":{"uv":[6,0,10,1],"texture":"#stone_slab_top"},"down":{"uv":[6,0,10,1],"texture":"#stone_slab_top"}}},{"from":[7.5,16.875,8.25],"to":[8.5,17.375,11.25],"rotation":{"angle":-22.5,"axis":"x","origin":[7.5,17.375,8.25]},"faces":{"north":{"uv":[6,0,10,1],"texture":"#stone_slab_top"},"east":{"uv":[6,0,10,1],"texture":"#stone_slab_top"},"south":{"uv":[6,0,10,1],"texture":"#stone_slab_top"},"west":{"uv":[6,0,10,1],"texture":"#stone_slab_top"},"up":{"uv":[6,0,10,1],"texture":"#stone_slab_top"},"down":{"uv":[6,0,10,1],"texture":"#stone_slab_top"}}},{"from":[7.5,18,5],"to":[8.5,18.5,8],"rotation":{"angle":22.5,"axis":"x","origin":[7.5,18.5,5]},"faces":{"north":{"uv":[6,0,10,1],"texture":"#stone_slab_top"},"east":{"uv":[6,0,10,1],"texture":"#stone_slab_top"},"south":{"uv":[6,0,10,1],"texture":"#stone_slab_top"},"west":{"uv":[6,0,10,1],"texture":"#stone_slab_top"},"up":{"uv":[6,0,10,1],"texture":"#stone_slab_top"},"down":{"uv":[6,0,10,1],"texture":"#stone_slab_top"}}},{"from":[8.25,16.875,7.5],"to":[11.25,17.375,8.5],"rotation":{"angle":22.5,"axis":"z","origin":[8.25,17.375,7.5]},"faces":{"north":{"uv":[6,0,10,1],"texture":"#stone_slab_top"},"east":{"uv":[6,0,10,1],"texture":"#stone_slab_top"},"south":{"uv":[6,0,10,1],"texture":"#stone_slab_top"},"west":{"uv":[6,0,10,1],"texture":"#stone_slab_top"},"up":{"uv":[6,0,10,1],"texture":"#stone_slab_top"},"down":{"uv":[6,0,10,1],"texture":"#stone_slab_top"}}},{"from":[5,18,7.5],"to":[8,18.5,8.5],"rotation":{"angle":-22.5,"axis":"z","origin":[5,18.5,7.5]},"faces":{"north":{"uv":[6,0,10,1],"texture":"#stone_slab_top"},"east":{"uv":[6,0,10,1],"texture":"#stone_slab_top"},"south":{"uv":[6,0,10,1],"texture":"#stone_slab_top"},"west":{"uv":[6,0,10,1],"texture":"#stone_slab_top"},"up":{"uv":[6,0,10,1],"texture":"#stone_slab_top"},"down":{"uv":[6,0,10,1],"texture":"#stone_slab_top"}}},{"from":[2.475,23,-9.5],"to":[13.5,24,-7.5],"faces":{"north":{"uv":[0,0,1,1],"texture":"#lime_terracotta"},"east":{"uv":[0,0,1,1],"texture":"#lime_terracotta"},"south":{"uv":[0,0,1,1],"texture":"#lime_terracotta"},"west":{"uv":[0,0,1,1],"texture":"#lime_terracotta"},"up":{"uv":[0,0,1,1],"texture":"#lime_terracotta"},"down":{"uv":[0,0,1,1],"texture":"#lime_terracotta"}}},{"from":[-9.7669,23,13.45345],"to":[-7.7669,24,19.95345],"rotation":{"angle":22.5,"axis":"y","origin":[-9.7669,23,13.45345]},"faces":{"north":{"uv":[0,0,1,1],"texture":"#lime_terracotta"},"east":{"uv":[0,0,1,1],"texture":"#lime_terracotta"},"south":{"uv":[0,0,1,1],"texture":"#lime_terracotta"},"west":{"uv":[0,0,1,1],"texture":"#lime_terracotta"},"up":{"uv":[0,0,1,1],"texture":"#lime_terracotta"},"down":{"uv":[0,0,1,1],"texture":"#lime_terracotta"}}},{"from":[-7.27945,23,-3.35176],"to":[-5.27945,24,3.14824],"rotation":{"angle":-22.5,"axis":"y","origin":[-7.27945,23,-3.35176]},"faces":{"north":{"uv":[0,0,1,1],"texture":"#lime_terracotta"},"east":{"uv":[0,0,1,1],"texture":"#lime_terracotta"},"south":{"uv":[0,0,1,1],"texture":"#lime_terracotta"},"west":{"uv":[0,0,1,1],"texture":"#lime_terracotta"},"up":{"uv":[0,0,1,1],"texture":"#lime_terracotta"},"down":{"uv":[0,0,1,1],"texture":"#lime_terracotta"}}},{"from":[-9.7669,23,2.65345],"to":[-7.7669,24,13.45345],"faces":{"north":{"uv":[0,0,1,1],"texture":"#lime_terracotta"},"east":{"uv":[0,0,1,1],"texture":"#lime_terracotta"},"south":{"uv":[0,0,1,1],"texture":"#lime_terracotta"},"west":{"uv":[0,0,1,1],"texture":"#lime_terracotta"},"up":{"uv":[0,0,1,1],"texture":"#lime_terracotta"},"down":{"uv":[0,0,1,1],"texture":"#lime_terracotta"}}},{"from":[-3.67321,23,-6.95801],"to":[2.97679,24,-4.95801],"rotation":{"angle":22.5,"axis":"y","origin":[-3.67321,23,-6.95801]},"faces":{"north":{"uv":[0,0,1,1],"texture":"#lime_terracotta"},"east":{"uv":[0,0,1,1],"texture":"#lime_terracotta"},"south":{"uv":[0,0,1,1],"texture":"#lime_terracotta"},"west":{"uv":[0,0,1,1],"texture":"#lime_terracotta"},"up":{"uv":[0,0,1,1],"texture":"#lime_terracotta"},"down":{"uv":[0,0,1,1],"texture":"#lime_terracotta"}}},{"from":[-3.74392,23,-6.9873],"to":[-1.74392,24,-1.8873],"rotation":{"angle":-45,"axis":"y","origin":[-3.74392,23,-6.8873]},"faces":{"north":{"uv":[0,0,1,1],"texture":"#lime_terracotta"},"east":{"uv":[0,0,1,1],"texture":"#lime_terracotta"},"south":{"uv":[0,0,1,1],"texture":"#lime_terracotta"},"west":{"uv":[0,0,1,1],"texture":"#lime_terracotta"},"up":{"uv":[0,0,1,1],"texture":"#lime_terracotta"},"down":{"uv":[0,0,1,1],"texture":"#lime_terracotta"}}},{"from":[-7.27945,23,19.45867],"to":[-5.27945,24,24.95867],"rotation":{"angle":45,"axis":"y","origin":[-7.27945,23,19.45867]},"faces":{"north":{"uv":[0,0,1,1],"texture":"#lime_terracotta"},"east":{"uv":[0,0,1,1],"texture":"#lime_terracotta"},"south":{"uv":[0,0,1,1],"texture":"#lime_terracotta"},"west":{"uv":[0,0,1,1],"texture":"#lime_terracotta"},"up":{"uv":[0,0,1,1],"texture":"#lime_terracotta"},"down":{"uv":[0,0,1,1],"texture":"#lime_terracotta"}}},{"from":[-2.625,23,21.5],"to":[4.375,24,23.5],"rotation":{"angle":-22.5,"axis":"y","origin":[-2.625,23,21.5]},"faces":{"north":{"uv":[0,0,1,1],"texture":"#lime_terracotta"},"east":{"uv":[0,0,1,1],"texture":"#lime_terracotta"},"south":{"uv":[0,0,1,1],"texture":"#lime_terracotta"},"west":{"uv":[0,0,1,1],"texture":"#lime_terracotta"},"up":{"uv":[0,0,1,1],"texture":"#lime_terracotta"},"down":{"uv":[0,0,1,1],"texture":"#lime_terracotta"}}},{"from":[11.175,15.3,16.3],"to":[12.675,16.3,21.3],"faces":{"north":{"uv":[0,0,1,1],"texture":"#lime_terracotta"},"east":{"uv":[0,0,1,1],"texture":"#lime_terracotta"},"south":{"uv":[0,0,1,1],"texture":"#lime_terracotta"},"west":{"uv":[0,0,1,1],"texture":"#lime_terracotta"},"up":{"uv":[0,0,1,1],"texture":"#lime_terracotta"},"down":{"uv":[0,0,1,1],"texture":"#lime_terracotta"}}},{"from":[11.175,15.3,21.3],"to":[12.675,16.3,24.3],"rotation":{"angle":22.5,"axis":"y","origin":[11.175,15.3,21.3]},"faces":{"north":{"uv":[0,0,1,1],"texture":"#lime_terracotta"},"east":{"uv":[0,0,1,1],"texture":"#lime_terracotta"},"south":{"uv":[0,0,1,1],"texture":"#lime_terracotta"},"west":{"uv":[0,0,1,1],"texture":"#lime_terracotta"},"up":{"uv":[0,0,1,1],"texture":"#lime_terracotta"},"down":{"uv":[0,0,1,1],"texture":"#lime_terracotta"}}},{"from":[12.4375,10,-6.3125],"to":[19.4375,23.5,-5.3125],"rotation":{"angle":-22.5,"axis":"y","origin":[19.4375,10,-6.3125]},"faces":{"north":{"uv":[0,0,7,13.5],"texture":"#texture"},"east":{"uv":[0,0,1,13.5],"texture":"#texture"},"south":{"uv":[0,0,7,13.5],"texture":"#texture"},"west":{"uv":[0,0,1,13.5],"texture":"#texture"},"up":{"uv":[0,0,7,1],"texture":"#texture"},"down":{"uv":[0,0,7,1],"texture":"#texture"}}},{"from":[18.24664,10,-3.4375],"to":[22.3125,23.5,-2.3625],"rotation":{"angle":-45,"axis":"y","origin":[22.3125,10,-3.4375]},"faces":{"north":{"uv":[0,0,4.06586,13.5],"texture":"#texture"},"east":{"uv":[0,0,1,13.5],"texture":"#texture"},"south":{"uv":[0,0,4.06586,13.5],"texture":"#texture"},"west":{"uv":[0,0,1,13.5],"texture":"#texture"},"up":{"uv":[0,0,4.06586,1],"texture":"#texture"},"down":{"uv":[0,0,4.06586,1],"texture":"#texture"}}},{"from":[21.3125,10,-3.4375],"to":[22.3125,23.5,3.5625],"rotation":{"angle":22.5,"axis":"y","origin":[22.3125,10,-3.4375]},"faces":{"north":{"uv":[0,0,1,13.5],"texture":"#texture"},"east":{"uv":[0,0,7,13.5],"texture":"#texture"},"south":{"uv":[0,0,1,13.5],"texture":"#texture"},"west":{"uv":[0,0,7,13.5],"texture":"#texture"},"up":{"uv":[0,0,1,7],"texture":"#texture"},"down":{"uv":[0,0,1,7],"texture":"#texture"}}},{"from":[24,10,3],"to":[25,23.5,13],"faces":{"north":{"uv":[0,0,1,13.5],"texture":"#texture"},"east":{"uv":[0,0,10,13.5],"texture":"#texture"},"south":{"uv":[0,0,1,13.5],"texture":"#texture"},"west":{"uv":[0,0,10,13.5],"texture":"#texture"},"up":{"uv":[0,0,1,10],"texture":"#texture"},"down":{"uv":[0,0,1,10],"texture":"#texture"}}},{"from":[24,10,13],"to":[25,23.5,20.05],"rotation":{"angle":-22.5,"axis":"y","origin":[25,10,13]},"faces":{"north":{"uv":[0,0,1,13.5],"texture":"#texture"},"east":{"uv":[0,0,7.05,13.5],"texture":"#texture"},"south":{"uv":[0,0,1,13.5],"texture":"#texture"},"west":{"uv":[0,0,7.05,13.5],"texture":"#texture"},"up":{"uv":[0,0,1,7.05],"texture":"#texture"},"down":{"uv":[0,0,1,7.05],"texture":"#texture"}}},{"from":[17.31188,10,18.14863],"to":[21.36188,23.5,19.14863],"rotation":{"angle":45,"axis":"y","origin":[22.31188,10,18.14863]},"faces":{"north":{"uv":[0,0,4.05,13.5],"texture":"#texture"},"east":{"uv":[0,0,1,13.5],"texture":"#texture"},"south":{"uv":[0,0,4.05,13.5],"texture":"#texture"},"west":{"uv":[0,0,1,13.5],"texture":"#texture"},"up":{"uv":[0,0,4.05,1],"texture":"#texture"},"down":{"uv":[0,0,4.05,1],"texture":"#texture"}}},{"from":[12.0625,10,21.375],"to":[19.0625,23.5,22.475],"rotation":{"angle":22.5,"axis":"y","origin":[19.0625,10,21.375]},"faces":{"north":{"uv":[0,0,7,13.5],"texture":"#texture"},"east":{"uv":[0,0,1.1,13.5],"texture":"#texture"},"south":{"uv":[0,0,7,13.5],"texture":"#texture"},"west":{"uv":[0,0,1.1,13.5],"texture":"#texture"},"up":{"uv":[0,0,7,1.1],"texture":"#texture"},"down":{"uv":[0,0,7,1.1],"texture":"#texture"}}},{"from":[13.02321,23,-6.95801],"to":[19.67321,24,-4.95801],"rotation":{"angle":-22.5,"axis":"y","origin":[19.67321,23,-6.95801]},"faces":{"north":{"uv":[0,0,1,1],"texture":"#lime_terracotta"},"east":{"uv":[0,0,1,1],"texture":"#lime_terracotta"},"south":{"uv":[0,0,1,1],"texture":"#lime_terracotta"},"west":{"uv":[0,0,1,1],"texture":"#lime_terracotta"},"up":{"uv":[0,0,1,1],"texture":"#lime_terracotta"},"down":{"uv":[0,0,1,1],"texture":"#lime_terracotta"}}},{"from":[17.74392,23,-6.9873],"to":[19.74392,24,-1.8873],"rotation":{"angle":45,"axis":"y","origin":[19.74392,23,-6.8873]},"faces":{"north":{"uv":[0,0,1,1],"texture":"#lime_terracotta"},"east":{"uv":[0,0,1,1],"texture":"#lime_terracotta"},"south":{"uv":[0,0,1,1],"texture":"#lime_terracotta"},"west":{"uv":[0,0,1,1],"texture":"#lime_terracotta"},"up":{"uv":[0,0,1,1],"texture":"#lime_terracotta"},"down":{"uv":[0,0,1,1],"texture":"#lime_terracotta"}}},{"from":[21.27945,23,-3.35176],"to":[23.27945,24,3.14824],"rotation":{"angle":22.5,"axis":"y","origin":[23.27945,23,-3.35176]},"faces":{"north":{"uv":[0,0,1,1],"texture":"#lime_terracotta"},"east":{"uv":[0,0,1,1],"texture":"#lime_terracotta"},"south":{"uv":[0,0,1,1],"texture":"#lime_terracotta"},"west":{"uv":[0,0,1,1],"texture":"#lime_terracotta"},"up":{"uv":[0,0,1,1],"texture":"#lime_terracotta"},"down":{"uv":[0,0,1,1],"texture":"#lime_terracotta"}}},{"from":[23.7669,23,2.65345],"to":[25.7669,24,13.45345],"faces":{"north":{"uv":[0,0,1,1],"texture":"#lime_terracotta"},"east":{"uv":[0,0,1,1],"texture":"#lime_terracotta"},"south":{"uv":[0,0,1,1],"texture":"#lime_terracotta"},"west":{"uv":[0,0,1,1],"texture":"#lime_terracotta"},"up":{"uv":[0,0,1,1],"texture":"#lime_terracotta"},"down":{"uv":[0,0,1,1],"texture":"#lime_terracotta"}}},{"from":[23.7669,23,13.45345],"to":[25.7669,24,19.95345],"rotation":{"angle":-22.5,"axis":"y","origin":[25.7669,23,13.45345]},"faces":{"north":{"uv":[0,0,1,1],"texture":"#lime_terracotta"},"east":{"uv":[0,0,1,1],"texture":"#lime_terracotta"},"south":{"uv":[0,0,1,1],"texture":"#lime_terracotta"},"west":{"uv":[0,0,1,1],"texture":"#lime_terracotta"},"up":{"uv":[0,0,1,1],"texture":"#lime_terracotta"},"down":{"uv":[0,0,1,1],"texture":"#lime_terracotta"}}},{"from":[21.27945,23,19.45867],"to":[23.27945,24,24.95867],"rotation":{"angle":-45,"axis":"y","origin":[23.27945,23,19.45867]},"faces":{"north":{"uv":[0,0,1,1],"texture":"#lime_terracotta"},"east":{"uv":[0,0,1,1],"texture":"#lime_terracotta"},"south":{"uv":[0,0,1,1],"texture":"#lime_terracotta"},"west":{"uv":[0,0,1,1],"texture":"#lime_terracotta"},"up":{"uv":[0,0,1,1],"texture":"#lime_terracotta"},"down":{"uv":[0,0,1,1],"texture":"#lime_terracotta"}}},{"from":[11.625,23,21.5],"to":[18.625,24,23.5],"rotation":{"angle":22.5,"axis":"y","origin":[18.625,23,21.5]},"faces":{"north":{"uv":[0,0,1,1],"texture":"#lime_terracotta"},"east":{"uv":[0,0,1,1],"texture":"#lime_terracotta"},"south":{"uv":[0,0,1,1],"texture":"#lime_terracotta"},"west":{"uv":[0,0,1,1],"texture":"#lime_terracotta"},"up":{"uv":[0,0,1,1],"texture":"#lime_terracotta"},"down":{"uv":[0,0,1,1],"texture":"#lime_terracotta"}}},{"from":[3.325,15.3,16.3],"to":[4.825,16.3,21.3],"faces":{"north":{"uv":[1,0,0,1],"texture":"#lime_terracotta"},"east":{"uv":[1,0,0,1],"texture":"#lime_terracotta"},"south":{"uv":[1,0,0,1],"texture":"#lime_terracotta"},"west":{"uv":[1,0,0,1],"texture":"#lime_terracotta"},"up":{"uv":[1,0,0,1],"texture":"#lime_terracotta"},"down":{"uv":[1,0,0,1],"texture":"#lime_terracotta"}}},{"from":[3.325,15.3,21.3],"to":[4.825,16.3,24.3],"rotation":{"angle":-22.5,"axis":"y","origin":[4.825,15.3,21.3]},"faces":{"north":{"uv":[1,0,0,1],"texture":"#lime_terracotta"},"east":{"uv":[1,0,0,1],"texture":"#lime_terracotta"},"south":{"uv":[1,0,0,1],"texture":"#lime_terracotta"},"west":{"uv":[1,0,0,1],"texture":"#lime_terracotta"},"up":{"uv":[1,0,0,1],"texture":"#lime_terracotta"},"down":{"uv":[1,0,0,1],"texture":"#lime_terracotta"}}},{"from":[3.6125,6,20.9875],"to":[4.6125,15.5,24.9875],"rotation":{"angle":-22.5,"axis":"y","origin":[4.6125,6,20.9875]},"faces":{"north":{"uv":[15,0,16,6],"texture":"#texture"},"east":{"uv":[15,0,16,6],"texture":"#texture"},"south":{"uv":[15,0,16,6],"texture":"#texture"},"west":{"uv":[15,0,16,6],"texture":"#texture"},"up":{"uv":[15,0,16,6],"texture":"#texture"},"down":{"uv":[15,0,16,6],"texture":"#texture"}}},{"from":[3.6125,0.5,16.4875],"to":[4.6125,15.5,20.9875],"faces":{"north":{"uv":[15,0,16,6],"texture":"#texture"},"east":{"uv":[15,0,16,6],"texture":"#texture"},"south":{"uv":[15,0,16,6],"texture":"#texture"},"west":{"uv":[15,0,16,6],"texture":"#texture"},"up":{"uv":[15,0,16,6],"texture":"#texture"},"down":{"uv":[15,0,16,6],"texture":"#texture"}}}],"display":{"gui":{"rotation":[30,45,0],"translation":[0,-1.5,0],"scale":[0.375,0.375,0.375]},"head":{"rotation":[0,180,0],"translation":[0,-9,-24],"scale":[1.7,1.7,1.7]}},"credit":"Model by Craftventure"}