{"textures":{"texture":"block/terracotta"},"elements":[{"from":[-6.64,0,-6.64],"to":[22.16,1.416,22.16],"faces":{"north":{"uv":[3,2.5,3.5,3],"texture":"#texture"},"east":{"uv":[2.5,15.5,3,16],"texture":"#texture"},"south":{"uv":[3,2.5,3.5,3],"texture":"#texture"},"west":{"uv":[2.5,15.5,3,16],"texture":"#texture"},"up":{"uv":[2.5,2.5,3,3],"texture":"#texture"},"down":{"uv":[2.5,2.5,3,3],"texture":"#texture"}}},{"from":[24.91485,0,2.17952],"to":[30.57885,1.416,13.70752],"faces":{"north":{"uv":[3,2.5,3.5,3],"texture":"#texture"},"east":{"uv":[2.5,15.5,3,16],"texture":"#texture"},"south":{"uv":[3,2.5,3.5,3],"texture":"#texture"},"west":{"uv":[2.5,15.5,3,16],"texture":"#texture"},"up":{"uv":[2.5,2.5,3,3],"texture":"#texture"},"down":{"uv":[2.5,2.5,3,3],"texture":"#texture"}}},{"from":[-14.72128,0,2.39728],"to":[-8.85728,1.416,13.72528],"faces":{"north":{"uv":[3,2.5,3.5,3],"texture":"#texture"},"east":{"uv":[2.5,15.5,3,16],"texture":"#texture"},"south":{"uv":[3,2.5,3.5,3],"texture":"#texture"},"west":{"uv":[2.5,15.5,3,16],"texture":"#texture"},"up":{"uv":[2.5,2.5,3,3],"texture":"#texture"},"down":{"uv":[2.5,2.5,3,3],"texture":"#texture"}}},{"from":[2.236,0,-14.656],"to":[13.664,1.416,-8.992],"faces":{"north":{"uv":[3,2.5,3.5,3],"texture":"#texture"},"east":{"uv":[2.5,15.5,3,16],"texture":"#texture"},"south":{"uv":[3,2.5,3.5,3],"texture":"#texture"},"west":{"uv":[2.5,15.5,3,16],"texture":"#texture"},"up":{"uv":[2.5,2.5,3,3],"texture":"#texture"},"down":{"uv":[2.5,2.5,3,3],"texture":"#texture"}}},{"from":[2.35376,0,24.98013],"to":[13.68176,1.416,30.64413],"faces":{"north":{"uv":[3,2.5,3.5,3],"texture":"#texture"},"east":{"uv":[2.5,15.5,3,16],"texture":"#texture"},"south":{"uv":[3,2.5,3.5,3],"texture":"#texture"},"west":{"uv":[2.5,15.5,3,16],"texture":"#texture"},"up":{"uv":[2.5,2.5,3,3],"texture":"#texture"},"down":{"uv":[2.5,2.5,3,3],"texture":"#texture"}}},{"from":[13.664,0,-14.656],"to":[22.16,1.416,-8.992],"rotation":{"angle":-22.5,"axis":"y","origin":[13.664,0,-14.656]},"faces":{"north":{"uv":[3,2.5,3.5,3],"texture":"#texture"},"east":{"uv":[2.5,15.5,3,16],"texture":"#texture"},"south":{"uv":[3,2.5,3.5,3],"texture":"#texture"},"west":{"uv":[2.5,15.5,3,16],"texture":"#texture"},"up":{"uv":[2.5,2.5,3,3],"texture":"#texture"},"down":{"uv":[2.5,2.5,3,3],"texture":"#texture"}}},{"from":[22.16,0,-3.353],"to":[27.824,1.416,4.993],"rotation":{"angle":22.5,"axis":"y","origin":[22.16,0,-3.328]},"faces":{"north":{"uv":[3,2.5,3.5,3],"texture":"#texture"},"east":{"uv":[2.5,15.5,3,16],"texture":"#texture"},"south":{"uv":[3,2.5,3.5,3],"texture":"#texture"},"west":{"uv":[2.5,15.5,3,16],"texture":"#texture"},"up":{"uv":[2.5,2.5,3,3],"texture":"#texture"},"down":{"uv":[2.5,2.5,3,3],"texture":"#texture"}}},{"from":[25.346,0,11.54],"to":[31.01,1.416,20.111],"rotation":{"angle":-22.5,"axis":"y","origin":[25.346,0,11.54]},"faces":{"north":{"uv":[3,2.5,3.5,3],"texture":"#texture"},"east":{"uv":[2.5,15.5,3,16],"texture":"#texture"},"south":{"uv":[3,2.5,3.5,3],"texture":"#texture"},"west":{"uv":[2.5,15.5,3,16],"texture":"#texture"},"up":{"uv":[2.5,2.5,3,3],"texture":"#texture"},"down":{"uv":[2.5,2.5,3,3],"texture":"#texture"}}},{"from":[11.51424,0,25.41128],"to":[20.01024,1.416,31.07528],"rotation":{"angle":22.5,"axis":"y","origin":[11.51424,0,25.41128]},"faces":{"north":{"uv":[3,2.5,3.5,3],"texture":"#texture"},"east":{"uv":[2.5,15.5,3,16],"texture":"#texture"},"south":{"uv":[3,2.5,3.5,3],"texture":"#texture"},"west":{"uv":[2.5,15.5,3,16],"texture":"#texture"},"up":{"uv":[2.5,2.5,3,3],"texture":"#texture"},"down":{"uv":[2.5,2.5,3,3],"texture":"#texture"}}},{"from":[-7.62305,0,17.38022],"to":[0.99795,1.416,23.04422],"rotation":{"angle":-45,"axis":"y","origin":[-7.49805,0,17.38022]},"faces":{"north":{"uv":[3,2.5,3.5,3],"texture":"#texture"},"east":{"uv":[2.5,15.5,3,16],"texture":"#texture"},"south":{"uv":[3,2.5,3.5,3],"texture":"#texture"},"west":{"uv":[2.5,15.5,3,16],"texture":"#texture"},"up":{"uv":[2.5,2.5,3,3],"texture":"#texture"},"down":{"uv":[2.5,2.5,3,3],"texture":"#texture"}}},{"from":[-3.328,0,22.16],"to":[5.168,1.416,27.824],"rotation":{"angle":-22.5,"axis":"y","origin":[-3.328,0,22.16]},"faces":{"north":{"uv":[3,2.5,3.5,3],"texture":"#texture"},"east":{"uv":[2.5,15.5,3,16],"texture":"#texture"},"south":{"uv":[3,2.5,3.5,3],"texture":"#texture"},"west":{"uv":[2.5,15.5,3,16],"texture":"#texture"},"up":{"uv":[2.5,2.5,3,3],"texture":"#texture"},"down":{"uv":[2.5,2.5,3,3],"texture":"#texture"}}},{"from":[-14.72128,0,13.72528],"to":[-9.05728,1.416,21.92128],"rotation":{"angle":22.5,"axis":"y","origin":[-14.72128,0,13.72528]},"faces":{"north":{"uv":[3,2.5,3.5,3],"texture":"#texture"},"east":{"uv":[2.5,15.5,3,16],"texture":"#texture"},"south":{"uv":[3,2.5,3.5,3],"texture":"#texture"},"west":{"uv":[2.5,15.5,3,16],"texture":"#texture"},"up":{"uv":[2.5,2.5,3,3],"texture":"#texture"},"down":{"uv":[2.5,2.5,3,3],"texture":"#texture"}}},{"from":[-5.452,0,-11.47],"to":[2.869,1.416,-5.806],"rotation":{"angle":22.5,"axis":"y","origin":[-5.452,0,-11.47]},"faces":{"north":{"uv":[3,2.5,3.5,3],"texture":"#texture"},"east":{"uv":[2.5,15.5,3,16],"texture":"#texture"},"south":{"uv":[3,2.5,3.5,3],"texture":"#texture"},"west":{"uv":[2.5,15.5,3,16],"texture":"#texture"},"up":{"uv":[2.5,2.5,3,3],"texture":"#texture"},"down":{"uv":[2.5,2.5,3,3],"texture":"#texture"}}},{"from":[-11.375,0,-5.08],"to":[-2.68,1.416,0.2],"rotation":{"angle":45,"axis":"y","origin":[-11.8,0,-5.08]},"faces":{"north":{"uv":[3,2.5,3.5,3],"texture":"#texture"},"east":{"uv":[2.5,15.5,3,16],"texture":"#texture"},"south":{"uv":[3,2.5,3.5,3],"texture":"#texture"},"west":{"uv":[2.5,15.5,3,16],"texture":"#texture"},"up":{"uv":[2.5,2.5,3,3],"texture":"#texture"},"down":{"uv":[2.5,2.5,3,3],"texture":"#texture"}}},{"from":[-11.47,0,-5.377],"to":[-5.806,1.416,3.044],"rotation":{"angle":-22.5,"axis":"y","origin":[-11.47,0,-5.452]},"faces":{"north":{"uv":[3,2.5,3.5,3],"texture":"#texture"},"east":{"uv":[2.5,15.5,3,16],"texture":"#texture"},"south":{"uv":[3,2.5,3.5,3],"texture":"#texture"},"west":{"uv":[2.5,15.5,3,16],"texture":"#texture"},"up":{"uv":[2.5,2.5,3,3],"texture":"#texture"},"down":{"uv":[2.5,2.5,3,3],"texture":"#texture"}}},{"from":[17.52599,0,23.3878],"to":[25.67199,1.416,29.0518],"rotation":{"angle":45,"axis":"y","origin":[17.52599,0,23.3878]},"faces":{"north":{"uv":[3,2.5,3.5,3],"texture":"#texture"},"east":{"uv":[2.5,15.5,3,16],"texture":"#texture"},"south":{"uv":[3,2.5,3.5,3],"texture":"#texture"},"west":{"uv":[2.5,15.5,3,16],"texture":"#texture"},"up":{"uv":[2.5,2.5,3,3],"texture":"#texture"},"down":{"uv":[2.5,2.5,3,3],"texture":"#texture"}}},{"from":[21.51328,0,-11.40472],"to":[29.80928,1.416,-5.74072],"rotation":{"angle":-45,"axis":"y","origin":[21.51328,0,-11.40472]},"faces":{"north":{"uv":[3,2.5,3.5,3],"texture":"#texture"},"east":{"uv":[2.5,15.5,3,16],"texture":"#texture"},"south":{"uv":[3,2.5,3.5,3],"texture":"#texture"},"west":{"uv":[2.5,15.5,3,16],"texture":"#texture"},"up":{"uv":[2.5,2.5,3,3],"texture":"#texture"},"down":{"uv":[2.5,2.5,3,3],"texture":"#texture"}}},{"from":[22.16,0,-3.328],"to":[24.992,1.416,20.744],"faces":{"north":{"uv":[3,2.5,3.5,3],"texture":"#texture"},"east":{"uv":[2.5,15.5,3,16],"texture":"#texture"},"south":{"uv":[3,2.5,3.5,3],"texture":"#texture"},"west":{"uv":[2.5,15.5,3,16],"texture":"#texture"},"up":{"uv":[2.5,2.5,3,3],"texture":"#texture"},"down":{"uv":[2.5,2.5,3,3],"texture":"#texture"}}},{"from":[-8.992,0,-3.328],"to":[-6.16,1.416,20.744],"faces":{"north":{"uv":[3,2.5,3.5,3],"texture":"#texture"},"east":{"uv":[2.5,15.5,3,16],"texture":"#texture"},"south":{"uv":[3,2.5,3.5,3],"texture":"#texture"},"west":{"uv":[2.5,15.5,3,16],"texture":"#texture"},"up":{"uv":[2.5,2.5,3,3],"texture":"#texture"},"down":{"uv":[2.5,2.5,3,3],"texture":"#texture"}}},{"from":[-3.328,0,22.16],"to":[19.328,1.416,24.992],"faces":{"north":{"uv":[3,2.5,3.5,3],"texture":"#texture"},"east":{"uv":[2.5,15.5,3,16],"texture":"#texture"},"south":{"uv":[3,2.5,3.5,3],"texture":"#texture"},"west":{"uv":[2.5,15.5,3,16],"texture":"#texture"},"up":{"uv":[2.5,2.5,3,3],"texture":"#texture"},"down":{"uv":[2.5,2.5,3,3],"texture":"#texture"}}},{"from":[-3.328,0,-8.992],"to":[19.328,1.416,-6.16],"faces":{"north":{"uv":[3,2.5,3.5,3],"texture":"#texture"},"east":{"uv":[2.5,15.5,3,16],"texture":"#texture"},"south":{"uv":[3,2.5,3.5,3],"texture":"#texture"},"west":{"uv":[2.5,15.5,3,16],"texture":"#texture"},"up":{"uv":[2.5,2.5,3,3],"texture":"#texture"},"down":{"uv":[2.5,2.5,3,3],"texture":"#texture"}}}],"display":{"gui":{"rotation":[30,-135,0],"translation":[0,1.75,0],"scale":[0.3,0.3,0.3]},"head":{"translation":[0,24,0],"scale":[4,4,4]}},"credit":"Model by Craftventure"}