{"textures":{"texture":"block/red_terracotta","anvil":"block/anvil","cauldron_inner":"block/cauldron_inner","stone_slab_top":"block/smooth_stone","piston_inner":"block/piston_inner"},"elements":[{"from":[1.5,6,-5],"to":[14.5,10,-4],"faces":{"north":{"uv":[0,0,13,4],"texture":"#texture"},"east":{"uv":[0,0,1,4],"texture":"#texture"},"south":{"uv":[0,0,13,4],"texture":"#texture"},"west":{"uv":[0,0,1,4],"texture":"#texture"},"up":{"uv":[0,0,13,1],"texture":"#texture"},"down":{"uv":[0,0,13,1],"texture":"#texture"}}},{"from":[-6.56663,3,1.55837],"to":[-4.56663,6,14.55837],"faces":{"north":{"uv":[0,0,2,3],"texture":"#anvil"},"east":{"uv":[0,0,13,3],"texture":"#anvil"},"south":{"uv":[0,0,2,3],"texture":"#anvil"},"west":{"uv":[0,0,13,3],"texture":"#anvil"},"up":{"uv":[0,0,2,13],"texture":"#anvil"},"down":{"uv":[0,0,2,13],"texture":"#anvil"}}},{"from":[-5,6,1.5],"to":[-4,10,14.5],"faces":{"north":{"uv":[0,0,1,4],"texture":"#texture"},"east":{"uv":[0,0,13,4],"texture":"#texture"},"south":{"uv":[0,0,1,4],"texture":"#texture"},"west":{"uv":[0,0,13,4],"texture":"#texture"},"up":{"uv":[0,0,1,13],"texture":"#texture"},"down":{"uv":[0,0,1,13],"texture":"#texture"}}},{"from":[1.5651,3,-6.57335],"to":[14.5651,6,-4.57335],"faces":{"north":{"uv":[0,0,13,3],"texture":"#anvil"},"east":{"uv":[0,0,2,3],"texture":"#anvil"},"south":{"uv":[0,0,13,3],"texture":"#anvil"},"west":{"uv":[0,0,2,3],"texture":"#anvil"},"up":{"uv":[0,0,13,2],"texture":"#anvil"},"down":{"uv":[0,0,13,2],"texture":"#anvil"}}},{"from":[20.60844,3,1.46999],"to":[22.60844,6,14.34499],"faces":{"north":{"uv":[0,0,2,3],"texture":"#anvil"},"east":{"uv":[0,0,12.875,3],"texture":"#anvil"},"south":{"uv":[0,0,2,3],"texture":"#anvil"},"west":{"uv":[0,0,12.875,3],"texture":"#anvil"},"up":{"uv":[0,0,2,12.875],"texture":"#anvil"},"down":{"uv":[0,0,2,12.875],"texture":"#anvil"}}},{"from":[12.9375,3.001,21.0625],"to":[24.5625,6.001,23.0625],"rotation":{"angle":45,"axis":"y","origin":[13.0625,3.001,21.0625]},"faces":{"north":{"uv":[0,0,11.625,3],"texture":"#anvil"},"east":{"uv":[0,0,2,3],"texture":"#anvil"},"south":{"uv":[0,0,11.625,3],"texture":"#anvil"},"west":{"uv":[0,0,2,3],"texture":"#anvil"},"up":{"uv":[0,0,11.625,2],"texture":"#anvil"},"down":{"uv":[0,0,11.625,2],"texture":"#anvil"}}},{"from":[1.5,6,20],"to":[14.5,10,21],"faces":{"north":{"uv":[0,0,13,4],"texture":"#texture"},"east":{"uv":[0,0,1,4],"texture":"#texture"},"south":{"uv":[0,0,13,4],"texture":"#texture"},"west":{"uv":[0,0,1,4],"texture":"#texture"},"up":{"uv":[0,0,13,1],"texture":"#texture"},"down":{"uv":[0,0,13,1],"texture":"#texture"}}},{"from":[15,6,2.5],"to":[20,7,7],"faces":{"north":{"uv":[0,0,5,1],"texture":"#cauldron_inner"},"east":{"uv":[0,0,4.5,1],"texture":"#cauldron_inner"},"south":{"uv":[0,0,5,1],"texture":"#cauldron_inner"},"west":{"uv":[0,0,4.5,1],"texture":"#cauldron_inner"},"up":{"uv":[0,0,5,4.5],"texture":"#cauldron_inner"},"down":{"uv":[0,0,5,4.5],"texture":"#cauldron_inner"}}},{"from":[9,6,15],"to":[13.5,7,20],"faces":{"north":{"uv":[0,0,4.5,1],"texture":"#cauldron_inner"},"east":{"uv":[0,0,5,1],"texture":"#cauldron_inner"},"south":{"uv":[0,0,4.5,1],"texture":"#cauldron_inner"},"west":{"uv":[0,0,5,1],"texture":"#cauldron_inner"},"up":{"uv":[0,0,4.5,5],"texture":"#cauldron_inner"},"down":{"uv":[0,0,4.5,5],"texture":"#cauldron_inner"}}},{"from":[7.5,6,-4],"to":[8.5,7,-0.5],"faces":{"north":{"uv":[8,15,9,16],"texture":"#cauldron_inner"},"east":{"uv":[8,15,9,16],"texture":"#cauldron_inner"},"south":{"uv":[8,15,9,16],"texture":"#cauldron_inner"},"west":{"uv":[8,15,9,16],"texture":"#cauldron_inner"},"up":{"uv":[8,15,9,16],"texture":"#cauldron_inner"},"down":{"uv":[8,15,9,16],"texture":"#cauldron_inner"}}},{"from":[9,7.5,-4.5],"to":[13.5,11.5,-3.5],"faces":{"north":{"uv":[0,0,4.5,4],"texture":"#cauldron_inner"},"east":{"uv":[0,0,1,4],"texture":"#cauldron_inner"},"south":{"uv":[0,0,4.5,4],"texture":"#cauldron_inner"},"west":{"uv":[0,0,1,4],"texture":"#cauldron_inner"},"up":{"uv":[0,0,4.5,1],"texture":"#cauldron_inner"},"down":{"uv":[0,0,4.5,1],"texture":"#cauldron_inner"}}},{"from":[2.5,7.5,-4.5],"to":[7,11.5,-3.5],"faces":{"north":{"uv":[0,0,4.5,4],"texture":"#cauldron_inner"},"east":{"uv":[0,0,1,4],"texture":"#cauldron_inner"},"south":{"uv":[0,0,4.5,4],"texture":"#cauldron_inner"},"west":{"uv":[0,0,1,4],"texture":"#cauldron_inner"},"up":{"uv":[0,0,4.5,1],"texture":"#cauldron_inner"},"down":{"uv":[0,0,4.5,1],"texture":"#cauldron_inner"}}},{"from":[7.5,7.5,-4.5],"to":[8.5,10,-3.5],"faces":{"north":{"uv":[8,15,9,16],"texture":"#cauldron_inner"},"east":{"uv":[8,15,9,16],"texture":"#cauldron_inner"},"south":{"uv":[8,15,9,16],"texture":"#cauldron_inner"},"west":{"uv":[8,15,9,16],"texture":"#cauldron_inner"},"up":{"uv":[8,15,9,16],"texture":"#cauldron_inner"},"down":{"uv":[8,15,9,16],"texture":"#cauldron_inner"}}},{"from":[4.92807,10.88896,-4.501],"to":[5.92807,13.88896,-3.501],"rotation":{"angle":22.5,"axis":"z","origin":[4.92807,13.88896,-4.501]},"faces":{"north":{"uv":[0,0,1,3],"texture":"#cauldron_inner"},"east":{"uv":[0,0,1,3],"texture":"#cauldron_inner"},"south":{"uv":[0,0,1,3],"texture":"#cauldron_inner"},"west":{"uv":[0,0,1,3],"texture":"#cauldron_inner"},"up":{"uv":[0,0,1,1],"texture":"#cauldron_inner"},"down":{"uv":[0,0,1,1],"texture":"#cauldron_inner"}}},{"from":[10.14805,11.27164,-4.501],"to":[11.14805,14.27164,-3.501],"rotation":{"angle":-22.5,"axis":"z","origin":[10.14805,14.27164,-4.501]},"faces":{"north":{"uv":[0,0,1,3],"texture":"#cauldron_inner"},"east":{"uv":[0,0,1,3],"texture":"#cauldron_inner"},"south":{"uv":[0,0,1,3],"texture":"#cauldron_inner"},"west":{"uv":[0,0,1,3],"texture":"#cauldron_inner"},"up":{"uv":[0,0,1,1],"texture":"#cauldron_inner"},"down":{"uv":[0,0,1,1],"texture":"#cauldron_inner"}}},{"from":[11.42807,10.88896,-4.501],"to":[12.42807,13.88896,-3.501],"rotation":{"angle":22.5,"axis":"z","origin":[11.42807,13.88896,-4.501]},"faces":{"north":{"uv":[0,0,1,3],"texture":"#cauldron_inner"},"east":{"uv":[0,0,1,3],"texture":"#cauldron_inner"},"south":{"uv":[0,0,1,3],"texture":"#cauldron_inner"},"west":{"uv":[0,0,1,3],"texture":"#cauldron_inner"},"up":{"uv":[0,0,1,1],"texture":"#cauldron_inner"},"down":{"uv":[0,0,1,1],"texture":"#cauldron_inner"}}},{"from":[10,13.5,-4.5],"to":[12.5,14.5,-3.5],"faces":{"north":{"uv":[0,0,2.5,1],"texture":"#cauldron_inner"},"east":{"uv":[0,0,1,1],"texture":"#cauldron_inner"},"south":{"uv":[0,0,2.5,1],"texture":"#cauldron_inner"},"west":{"uv":[0,0,1,1],"texture":"#cauldron_inner"},"up":{"uv":[0,0,2.5,1],"texture":"#cauldron_inner"},"down":{"uv":[0,0,2.5,1],"texture":"#cauldron_inner"}}},{"from":[3.5,13.5,-4.5],"to":[6,14.5,-3.5],"faces":{"north":{"uv":[0,0,2.5,1],"texture":"#cauldron_inner"},"east":{"uv":[0,0,1,1],"texture":"#cauldron_inner"},"south":{"uv":[0,0,2.5,1],"texture":"#cauldron_inner"},"west":{"uv":[0,0,1,1],"texture":"#cauldron_inner"},"up":{"uv":[0,0,2.5,1],"texture":"#cauldron_inner"},"down":{"uv":[0,0,2.5,1],"texture":"#cauldron_inner"}}},{"from":[3.5,12,-4.5],"to":[6,13,-3.5],"faces":{"north":{"uv":[0,0,2.5,1],"texture":"#cauldron_inner"},"east":{"uv":[0,0,1,1],"texture":"#cauldron_inner"},"south":{"uv":[0,0,2.5,1],"texture":"#cauldron_inner"},"west":{"uv":[0,0,1,1],"texture":"#cauldron_inner"},"up":{"uv":[0,0,2.5,1],"texture":"#cauldron_inner"},"down":{"uv":[0,0,2.5,1],"texture":"#cauldron_inner"}}},{"from":[10,12,-4.5],"to":[12.5,13,-3.5],"faces":{"north":{"uv":[0,0,2.5,1],"texture":"#cauldron_inner"},"east":{"uv":[0,0,1,1],"texture":"#cauldron_inner"},"south":{"uv":[0,0,2.5,1],"texture":"#cauldron_inner"},"west":{"uv":[0,0,1,1],"texture":"#cauldron_inner"},"up":{"uv":[0,0,2.5,1],"texture":"#cauldron_inner"},"down":{"uv":[0,0,2.5,1],"texture":"#cauldron_inner"}}},{"from":[3.64805,11.27164,-4.501],"to":[4.64805,14.27164,-3.501],"rotation":{"angle":-22.5,"axis":"z","origin":[3.64805,14.27164,-4.501]},"faces":{"north":{"uv":[0,0,1,3],"texture":"#cauldron_inner"},"east":{"uv":[0,0,1,3],"texture":"#cauldron_inner"},"south":{"uv":[0,0,1,3],"texture":"#cauldron_inner"},"west":{"uv":[0,0,1,3],"texture":"#cauldron_inner"},"up":{"uv":[0,0,1,1],"texture":"#cauldron_inner"},"down":{"uv":[0,0,1,1],"texture":"#cauldron_inner"}}},{"from":[3,10,-5],"to":[13,10.5,-4],"faces":{"north":{"uv":[0,0,10,0.5],"texture":"#texture"},"east":{"uv":[0,0,1,0.5],"texture":"#texture"},"south":{"uv":[0,0,10,0.5],"texture":"#texture"},"west":{"uv":[0,0,1,0.5],"texture":"#texture"},"up":{"uv":[0,0,10,1],"texture":"#texture"},"down":{"uv":[0,0,10,1],"texture":"#texture"}}},{"from":[13,10,-5],"to":[14.5,10.5,-4],"rotation":{"angle":-22.5,"axis":"z","origin":[13,10.5,-5]},"faces":{"north":{"uv":[0,0,1.5,0.5],"texture":"#texture"},"east":{"uv":[0,0,1,0.5],"texture":"#texture"},"south":{"uv":[0,0,1.5,0.5],"texture":"#texture"},"west":{"uv":[0,0,1,0.5],"texture":"#texture"},"up":{"uv":[0,0,1.5,1],"texture":"#texture"},"down":{"uv":[0,0,1.5,1],"texture":"#texture"}}},{"from":[1.61418,9.42597,-5],"to":[3.11418,9.92597,-4],"rotation":{"angle":22.5,"axis":"z","origin":[1.61418,9.92597,-5]},"faces":{"north":{"uv":[0,0,1.5,0.5],"texture":"#texture"},"east":{"uv":[0,0,1,0.5],"texture":"#texture"},"south":{"uv":[0,0,1.5,0.5],"texture":"#texture"},"west":{"uv":[0,0,1,0.5],"texture":"#texture"},"up":{"uv":[0,0,1.5,1],"texture":"#texture"},"down":{"uv":[0,0,1.5,1],"texture":"#texture"}}},{"from":[13.79289,6,20.29289],"to":[15.29289,10,21.29289],"rotation":{"angle":45,"axis":"y","origin":[13.79289,6,20.29289]},"faces":{"north":{"uv":[0,0,1.5,4],"texture":"#texture"},"east":{"uv":[0,0,1,4],"texture":"#texture"},"south":{"uv":[0,0,1.5,4],"texture":"#texture"},"west":{"uv":[0,0,1,4],"texture":"#texture"},"up":{"uv":[0,0,1.5,1],"texture":"#texture"},"down":{"uv":[0,0,1.5,1],"texture":"#texture"}}},{"from":[1.14645,6,19.23223],"to":[2.64645,10,20.23223],"rotation":{"angle":-45,"axis":"y","origin":[1.14645,6,19.23223]},"faces":{"north":{"uv":[0,0,1.5,4],"texture":"#texture"},"east":{"uv":[0,0,1,4],"texture":"#texture"},"south":{"uv":[0,0,1.5,4],"texture":"#texture"},"west":{"uv":[0,0,1,4],"texture":"#texture"},"up":{"uv":[0,0,1.5,1],"texture":"#texture"},"down":{"uv":[0,0,1.5,1],"texture":"#texture"}}},{"from":[14.5,6,-5],"to":[16,10,-4],"rotation":{"angle":-45,"axis":"y","origin":[14.5,6,-5]},"faces":{"north":{"uv":[0,0,1.5,4],"texture":"#texture"},"east":{"uv":[0,0,1,4],"texture":"#texture"},"south":{"uv":[0,0,1.5,4],"texture":"#texture"},"west":{"uv":[0,0,1,4],"texture":"#texture"},"up":{"uv":[0,0,1.5,1],"texture":"#texture"},"down":{"uv":[0,0,1.5,1],"texture":"#texture"}}},{"from":[20,6,1.5],"to":[21,10,14.5],"faces":{"north":{"uv":[0,0,1,4],"texture":"#texture"},"east":{"uv":[0,0,13,4],"texture":"#texture"},"south":{"uv":[0,0,1,4],"texture":"#texture"},"west":{"uv":[0,0,13,4],"texture":"#texture"},"up":{"uv":[0,0,1,13],"texture":"#texture"},"down":{"uv":[0,0,1,13],"texture":"#texture"}}},{"from":[-5,6,14.5],"to":[-4,10,16],"rotation":{"angle":45,"axis":"y","origin":[-5,6,14.5]},"faces":{"north":{"uv":[0,0,1,4],"texture":"#texture"},"east":{"uv":[0,0,1.5,4],"texture":"#texture"},"south":{"uv":[0,0,1,4],"texture":"#texture"},"west":{"uv":[0,0,1.5,4],"texture":"#texture"},"up":{"uv":[0,0,1,1.5],"texture":"#texture"},"down":{"uv":[0,0,1,1.5],"texture":"#texture"}}},{"from":[-3.93934,6,0.43934],"to":[-2.93934,10,1.93934],"rotation":{"angle":-45,"axis":"y","origin":[-3.93934,6,0.43934]},"faces":{"north":{"uv":[0,0,1,4],"texture":"#texture"},"east":{"uv":[0,0,1.5,4],"texture":"#texture"},"south":{"uv":[0,0,1,4],"texture":"#texture"},"west":{"uv":[0,0,1.5,4],"texture":"#texture"},"up":{"uv":[0,0,1,1.5],"texture":"#texture"},"down":{"uv":[0,0,1,1.5],"texture":"#texture"}}},{"from":[20.29289,6,13.79289],"to":[21.29289,10,15.29289],"rotation":{"angle":-45,"axis":"y","origin":[20.29289,6,13.79289]},"faces":{"north":{"uv":[0,0,1,4],"texture":"#texture"},"east":{"uv":[0,0,1.5,4],"texture":"#texture"},"south":{"uv":[0,0,1,4],"texture":"#texture"},"west":{"uv":[0,0,1.5,4],"texture":"#texture"},"up":{"uv":[0,0,1,1.5],"texture":"#texture"},"down":{"uv":[0,0,1,1.5],"texture":"#texture"}}},{"from":[0.43934,6,-3.93934],"to":[1.93934,10,-2.93934],"rotation":{"angle":45,"axis":"y","origin":[0.43934,6,-3.93934]},"faces":{"north":{"uv":[0,0,1.5,4],"texture":"#texture"},"east":{"uv":[0,0,1,4],"texture":"#texture"},"south":{"uv":[0,0,1.5,4],"texture":"#texture"},"west":{"uv":[0,0,1,4],"texture":"#texture"},"up":{"uv":[0,0,1.5,1],"texture":"#texture"},"down":{"uv":[0,0,1.5,1],"texture":"#texture"}}},{"from":[19.23223,6,1.14645],"to":[20.23223,10,2.64645],"rotation":{"angle":45,"axis":"y","origin":[19.23223,6,1.14645]},"faces":{"north":{"uv":[0,0,1,4],"texture":"#texture"},"east":{"uv":[0,0,1.5,4],"texture":"#texture"},"south":{"uv":[0,0,1,4],"texture":"#texture"},"west":{"uv":[0,0,1.5,4],"texture":"#texture"},"up":{"uv":[0,0,1,1.5],"texture":"#texture"},"down":{"uv":[0,0,1,1.5],"texture":"#texture"}}},{"from":[1.42368,3,20.54868],"to":[14.39868,6,22.54868],"faces":{"north":{"uv":[0,0,12.975,3],"texture":"#anvil"},"east":{"uv":[0,0,2,3],"texture":"#anvil"},"south":{"uv":[0,0,12.975,3],"texture":"#anvil"},"west":{"uv":[0,0,2,3],"texture":"#anvil"},"up":{"uv":[0,0,12.975,2],"texture":"#anvil"},"down":{"uv":[0,0,12.975,2],"texture":"#anvil"}}},{"from":[-5.15241,3.001,13.14416],"to":[6.14759,6.001,15.14416],"rotation":{"angle":-45,"axis":"y","origin":[-5.15241,3.001,13.14416]},"faces":{"north":{"uv":[0,0,11.3,3],"texture":"#anvil"},"east":{"uv":[0,0,2,3],"texture":"#anvil"},"south":{"uv":[0,0,11.3,3],"texture":"#anvil"},"west":{"uv":[0,0,2,3],"texture":"#anvil"},"up":{"uv":[0,0,11.3,2],"texture":"#anvil"},"down":{"uv":[0,0,11.3,2],"texture":"#anvil"}}},{"from":[14.5651,3.001,-6.57335],"to":[25.9401,6.001,-4.57335],"rotation":{"angle":-45,"axis":"y","origin":[14.5651,3.001,-6.57335]},"faces":{"north":{"uv":[0,0,11.375,3],"texture":"#anvil"},"east":{"uv":[0,0,2,3],"texture":"#anvil"},"south":{"uv":[0,0,11.375,3],"texture":"#anvil"},"west":{"uv":[0,0,2,3],"texture":"#anvil"},"up":{"uv":[0,0,11.375,2],"texture":"#anvil"},"down":{"uv":[0,0,11.375,2],"texture":"#anvil"}}},{"from":[-6.56663,3.001,1.55837],"to":[4.93337,6.001,3.55837],"rotation":{"angle":45,"axis":"y","origin":[-6.56663,3.001,1.55837]},"faces":{"north":{"uv":[0,0,11.5,3],"texture":"#anvil"},"east":{"uv":[0,0,2,3],"texture":"#anvil"},"south":{"uv":[0,0,11.5,3],"texture":"#anvil"},"west":{"uv":[0,0,2,3],"texture":"#anvil"},"up":{"uv":[0,0,11.5,2],"texture":"#anvil"},"down":{"uv":[0,0,11.5,2],"texture":"#anvil"}}},{"from":[3,10,20],"to":[13,10.5,21],"faces":{"north":{"uv":[0,0,10,0.5],"texture":"#texture"},"east":{"uv":[0,0,1,0.5],"texture":"#texture"},"south":{"uv":[0,0,10,0.5],"texture":"#texture"},"west":{"uv":[0,0,1,0.5],"texture":"#texture"},"up":{"uv":[0,0,10,1],"texture":"#texture"},"down":{"uv":[0,0,10,1],"texture":"#texture"}}},{"from":[20,10,3],"to":[21,10.5,13],"faces":{"north":{"uv":[0,0,1,0.5],"texture":"#texture"},"east":{"uv":[0,0,10,0.5],"texture":"#texture"},"south":{"uv":[0,0,1,0.5],"texture":"#texture"},"west":{"uv":[0,0,10,0.5],"texture":"#texture"},"up":{"uv":[0,0,1,10],"texture":"#texture"},"down":{"uv":[0,0,1,10],"texture":"#texture"}}},{"from":[-5,10,3],"to":[-4,10.5,13],"faces":{"north":{"uv":[0,0,1,0.5],"texture":"#texture"},"east":{"uv":[0,0,10,0.5],"texture":"#texture"},"south":{"uv":[0,0,1,0.5],"texture":"#texture"},"west":{"uv":[0,0,10,0.5],"texture":"#texture"},"up":{"uv":[0,0,1,10],"texture":"#texture"},"down":{"uv":[0,0,1,10],"texture":"#texture"}}},{"from":[13,10,20],"to":[14.5,10.5,21],"rotation":{"angle":-22.5,"axis":"z","origin":[13,10.5,20]},"faces":{"north":{"uv":[0,0,1.5,0.5],"texture":"#texture"},"east":{"uv":[0,0,1,0.5],"texture":"#texture"},"south":{"uv":[0,0,1.5,0.5],"texture":"#texture"},"west":{"uv":[0,0,1,0.5],"texture":"#texture"},"up":{"uv":[0,0,1.5,1],"texture":"#texture"},"down":{"uv":[0,0,1.5,1],"texture":"#texture"}}},{"from":[1.61418,9.42597,20],"to":[3.11418,9.92597,21],"rotation":{"angle":22.5,"axis":"z","origin":[1.61418,9.92597,20]},"faces":{"north":{"uv":[0,0,1.5,0.5],"texture":"#texture"},"east":{"uv":[0,0,1,0.5],"texture":"#texture"},"south":{"uv":[0,0,1.5,0.5],"texture":"#texture"},"west":{"uv":[0,0,1,0.5],"texture":"#texture"},"up":{"uv":[0,0,1.5,1],"texture":"#texture"},"down":{"uv":[0,0,1.5,1],"texture":"#texture"}}},{"from":[20,10,13],"to":[21,10.5,14.5],"rotation":{"angle":22.5,"axis":"x","origin":[20,10.5,13]},"faces":{"north":{"uv":[0,0,1,0.5],"texture":"#texture"},"east":{"uv":[0,0,1.5,0.5],"texture":"#texture"},"south":{"uv":[0,0,1,0.5],"texture":"#texture"},"west":{"uv":[0,0,1.5,0.5],"texture":"#texture"},"up":{"uv":[0,0,1,1.5],"texture":"#texture"},"down":{"uv":[0,0,1,1.5],"texture":"#texture"}}},{"from":[20,9.42597,1.61418],"to":[21,9.92597,3.11418],"rotation":{"angle":-22.5,"axis":"x","origin":[20,9.92597,1.61418]},"faces":{"north":{"uv":[0,0,1,0.5],"texture":"#texture"},"east":{"uv":[0,0,1.5,0.5],"texture":"#texture"},"south":{"uv":[0,0,1,0.5],"texture":"#texture"},"west":{"uv":[0,0,1.5,0.5],"texture":"#texture"},"up":{"uv":[0,0,1,1.5],"texture":"#texture"},"down":{"uv":[0,0,1,1.5],"texture":"#texture"}}},{"from":[-5,10,13],"to":[-4,10.5,14.5],"rotation":{"angle":22.5,"axis":"x","origin":[-5,10.5,13]},"faces":{"north":{"uv":[0,0,1,0.5],"texture":"#texture"},"east":{"uv":[0,0,1.5,0.5],"texture":"#texture"},"south":{"uv":[0,0,1,0.5],"texture":"#texture"},"west":{"uv":[0,0,1.5,0.5],"texture":"#texture"},"up":{"uv":[0,0,1,1.5],"texture":"#texture"},"down":{"uv":[0,0,1,1.5],"texture":"#texture"}}},{"from":[-5,9.42597,1.61418],"to":[-4,9.92597,3.11418],"rotation":{"angle":-22.5,"axis":"x","origin":[-5,9.92597,1.61418]},"faces":{"north":{"uv":[0,0,1,0.5],"texture":"#texture"},"east":{"uv":[0,0,1.5,0.5],"texture":"#texture"},"south":{"uv":[0,0,1,0.5],"texture":"#texture"},"west":{"uv":[0,0,1.5,0.5],"texture":"#texture"},"up":{"uv":[0,0,1,1.5],"texture":"#texture"},"down":{"uv":[0,0,1,1.5],"texture":"#texture"}}},{"from":[15.5,3,2.5],"to":[20,6.5,13.5],"faces":{"north":{"uv":[0,0,4.5,3.5],"texture":"#texture"},"east":{"uv":[0,0,11,3.5],"texture":"#texture"},"south":{"uv":[0,0,4.5,3.5],"texture":"#texture"},"west":{"uv":[0,0,11,3.5],"texture":"#texture"},"up":{"uv":[0,0,4.5,11],"texture":"#texture"},"down":{"uv":[0,0,4.5,11],"texture":"#texture"}}},{"from":[2.5,3,-4],"to":[13.5,6.5,0.5],"faces":{"north":{"uv":[0,0,11,3.5],"texture":"#texture"},"east":{"uv":[0,0,4.5,3.5],"texture":"#texture"},"south":{"uv":[0,0,11,3.5],"texture":"#texture"},"west":{"uv":[0,0,4.5,3.5],"texture":"#texture"},"up":{"uv":[0,0,11,4.5],"texture":"#texture"},"down":{"uv":[0,0,11,4.5],"texture":"#texture"}}},{"from":[-4,3,2.5],"to":[0.5,6.5,13.5],"faces":{"north":{"uv":[0,0,4.5,3.5],"texture":"#texture"},"east":{"uv":[0,0,11,3.5],"texture":"#texture"},"south":{"uv":[0,0,4.5,3.5],"texture":"#texture"},"west":{"uv":[0,0,11,3.5],"texture":"#texture"},"up":{"uv":[0,0,4.5,11],"texture":"#texture"},"down":{"uv":[0,0,4.5,11],"texture":"#texture"}}},{"from":[2.5,2.5,15.5],"to":[13.5,6.5,20],"faces":{"north":{"uv":[0,0,11,4],"texture":"#texture"},"east":{"uv":[0,0,4.5,4],"texture":"#texture"},"south":{"uv":[0,0,11,4],"texture":"#texture"},"west":{"uv":[0,0,4.5,4],"texture":"#texture"},"up":{"uv":[0,0,11,4.5],"texture":"#texture"},"down":{"uv":[0,0,11,4.5],"texture":"#texture"}}},{"from":[13.5,5,-5],"to":[24,6.5,-1],"rotation":{"angle":-45,"axis":"y","origin":[13.5,5,-5]},"faces":{"north":{"uv":[0,0,10.5,1.5],"texture":"#texture"},"east":{"uv":[0,0,4,1.5],"texture":"#texture"},"south":{"uv":[0,0,10.5,1.5],"texture":"#texture"},"west":{"uv":[0,0,4,1.5],"texture":"#texture"},"up":{"uv":[0,0,10.5,4],"texture":"#texture"},"down":{"uv":[0,0,10.5,4],"texture":"#texture"}}},{"from":[10.6875,5,18.1875],"to":[21.1875,6.5,22.1875],"rotation":{"angle":45,"axis":"y","origin":[10.6875,5,18.1875]},"faces":{"north":{"uv":[0,0,10.5,1.5],"texture":"#texture"},"east":{"uv":[0,0,4,1.5],"texture":"#texture"},"south":{"uv":[0,0,10.5,1.5],"texture":"#texture"},"west":{"uv":[0,0,4,1.5],"texture":"#texture"},"up":{"uv":[0,0,10.5,4],"texture":"#texture"},"down":{"uv":[0,0,10.5,4],"texture":"#texture"}}},{"from":[-4.9375,5,2.4375],"to":[5.5625,6.5,6.4375],"rotation":{"angle":45,"axis":"y","origin":[-4.9375,5,2.4375]},"faces":{"north":{"uv":[0,0,10.5,1.5],"texture":"#texture"},"east":{"uv":[0,0,4,1.5],"texture":"#texture"},"south":{"uv":[0,0,10.5,1.5],"texture":"#texture"},"west":{"uv":[0,0,4,1.5],"texture":"#texture"},"up":{"uv":[0,0,10.5,4],"texture":"#texture"},"down":{"uv":[0,0,10.5,4],"texture":"#texture"}}},{"from":[-2.125,5,10.75],"to":[8.375,6.5,14.75],"rotation":{"angle":-45,"axis":"y","origin":[-2.125,5,10.75]},"faces":{"north":{"uv":[0,0,10.5,1.5],"texture":"#texture"},"east":{"uv":[0,0,4,1.5],"texture":"#texture"},"south":{"uv":[0,0,10.5,1.5],"texture":"#texture"},"west":{"uv":[0,0,4,1.5],"texture":"#texture"},"up":{"uv":[0,0,10.5,4],"texture":"#texture"},"down":{"uv":[0,0,10.5,4],"texture":"#texture"}}},{"from":[9.6875,3,16.6875],"to":[20.1875,5,18.6875],"rotation":{"angle":45,"axis":"y","origin":[9.6875,3,16.6875]},"faces":{"north":{"uv":[0,0,10.5,2],"texture":"#texture"},"east":{"uv":[0,0,2,2],"texture":"#texture"},"south":{"uv":[0,0,10.5,2],"texture":"#texture"},"west":{"uv":[0,0,2,2],"texture":"#texture"},"up":{"uv":[0,0,10.5,2],"texture":"#texture"},"down":{"uv":[0,0,10.5,2],"texture":"#texture"}}},{"from":[-2.8125,3,5.6875],"to":[7.6875,5,7.6875],"rotation":{"angle":45,"axis":"y","origin":[-2.8125,3,5.6875]},"faces":{"north":{"uv":[0,0,10.5,2],"texture":"#texture"},"east":{"uv":[0,0,2,2],"texture":"#texture"},"south":{"uv":[0,0,10.5,2],"texture":"#texture"},"west":{"uv":[0,0,2,2],"texture":"#texture"},"up":{"uv":[0,0,10.5,2],"texture":"#texture"},"down":{"uv":[0,0,10.5,2],"texture":"#texture"}}},{"from":[-0.6875,3,9.6875],"to":[9.8125,5,11.6875],"rotation":{"angle":-45,"axis":"y","origin":[-0.6875,3,9.6875]},"faces":{"north":{"uv":[0,0,10.5,2],"texture":"#texture"},"east":{"uv":[0,0,2,2],"texture":"#texture"},"south":{"uv":[0,0,10.5,2],"texture":"#texture"},"west":{"uv":[0,0,2,2],"texture":"#texture"},"up":{"uv":[0,0,10.5,2],"texture":"#texture"},"down":{"uv":[0,0,10.5,2],"texture":"#texture"}}},{"from":[10.8125,3,-2.8125],"to":[21.3125,5,-0.8125],"rotation":{"angle":-45,"axis":"y","origin":[10.8125,3,-2.8125]},"faces":{"north":{"uv":[15,6,16,10],"texture":"#texture"},"east":{"uv":[15,6,16,10],"texture":"#texture"},"south":{"uv":[15,6,16,10],"texture":"#texture"},"west":{"uv":[15,6,16,10],"texture":"#texture"},"up":{"uv":[15,6,16,10],"texture":"#texture"},"down":{"uv":[15,6,16,10],"texture":"#texture"}}},{"from":[9,6,-4],"to":[13.5,7,1],"faces":{"north":{"uv":[0,0,4.5,1],"texture":"#cauldron_inner"},"east":{"uv":[0,0,5,1],"texture":"#cauldron_inner"},"south":{"uv":[0,0,4.5,1],"texture":"#cauldron_inner"},"west":{"uv":[0,0,5,1],"texture":"#cauldron_inner"},"up":{"uv":[0,0,4.5,5],"texture":"#cauldron_inner"},"down":{"uv":[0,0,4.5,5],"texture":"#cauldron_inner"}}},{"from":[2.5,6,15],"to":[7,7,20],"faces":{"north":{"uv":[0,0,4.5,1],"texture":"#cauldron_inner"},"east":{"uv":[0,0,5,1],"texture":"#cauldron_inner"},"south":{"uv":[0,0,4.5,1],"texture":"#cauldron_inner"},"west":{"uv":[0,0,5,1],"texture":"#cauldron_inner"},"up":{"uv":[0,0,4.5,5],"texture":"#cauldron_inner"},"down":{"uv":[0,0,4.5,5],"texture":"#cauldron_inner"}}},{"from":[9,7.5,19.5],"to":[13.5,11.5,20.5],"faces":{"north":{"uv":[0,0,4.5,4],"texture":"#cauldron_inner"},"east":{"uv":[0,0,1,4],"texture":"#cauldron_inner"},"south":{"uv":[0,0,4.5,4],"texture":"#cauldron_inner"},"west":{"uv":[0,0,1,4],"texture":"#cauldron_inner"},"up":{"uv":[0,0,4.5,1],"texture":"#cauldron_inner"},"down":{"uv":[0,0,4.5,1],"texture":"#cauldron_inner"}}},{"from":[2.5,7.5,19.5],"to":[7,11.5,20.5],"faces":{"north":{"uv":[0,0,4.5,4],"texture":"#cauldron_inner"},"east":{"uv":[0,0,1,4],"texture":"#cauldron_inner"},"south":{"uv":[0,0,4.5,4],"texture":"#cauldron_inner"},"west":{"uv":[0,0,1,4],"texture":"#cauldron_inner"},"up":{"uv":[0,0,4.5,1],"texture":"#cauldron_inner"},"down":{"uv":[0,0,4.5,1],"texture":"#cauldron_inner"}}},{"from":[3.64805,11.27164,19.501],"to":[4.64805,14.27164,20.501],"rotation":{"angle":-22.5,"axis":"z","origin":[3.64805,14.27164,19.501]},"faces":{"north":{"uv":[0,0,1,3],"texture":"#cauldron_inner"},"east":{"uv":[0,0,1,3],"texture":"#cauldron_inner"},"south":{"uv":[0,0,1,3],"texture":"#cauldron_inner"},"west":{"uv":[0,0,1,3],"texture":"#cauldron_inner"},"up":{"uv":[0,0,1,1],"texture":"#cauldron_inner"},"down":{"uv":[0,0,1,1],"texture":"#cauldron_inner"}}},{"from":[10.14805,11.27164,19.501],"to":[11.14805,14.27164,20.501],"rotation":{"angle":-22.5,"axis":"z","origin":[10.14805,14.27164,19.501]},"faces":{"north":{"uv":[0,0,1,3],"texture":"#cauldron_inner"},"east":{"uv":[0,0,1,3],"texture":"#cauldron_inner"},"south":{"uv":[0,0,1,3],"texture":"#cauldron_inner"},"west":{"uv":[0,0,1,3],"texture":"#cauldron_inner"},"up":{"uv":[0,0,1,1],"texture":"#cauldron_inner"},"down":{"uv":[0,0,1,1],"texture":"#cauldron_inner"}}},{"from":[11.42807,10.88896,19.501],"to":[12.42807,13.88896,20.501],"rotation":{"angle":22.5,"axis":"z","origin":[11.42807,13.88896,19.501]},"faces":{"north":{"uv":[0,0,1,3],"texture":"#cauldron_inner"},"east":{"uv":[0,0,1,3],"texture":"#cauldron_inner"},"south":{"uv":[0,0,1,3],"texture":"#cauldron_inner"},"west":{"uv":[0,0,1,3],"texture":"#cauldron_inner"},"up":{"uv":[0,0,1,1],"texture":"#cauldron_inner"},"down":{"uv":[0,0,1,1],"texture":"#cauldron_inner"}}},{"from":[4.92807,10.88896,19.501],"to":[5.92807,13.88896,20.501],"rotation":{"angle":22.5,"axis":"z","origin":[4.92807,13.88896,19.501]},"faces":{"north":{"uv":[0,0,1,3],"texture":"#cauldron_inner"},"east":{"uv":[0,0,1,3],"texture":"#cauldron_inner"},"south":{"uv":[0,0,1,3],"texture":"#cauldron_inner"},"west":{"uv":[0,0,1,3],"texture":"#cauldron_inner"},"up":{"uv":[0,0,1,1],"texture":"#cauldron_inner"},"down":{"uv":[0,0,1,1],"texture":"#cauldron_inner"}}},{"from":[3.5,13.5,19.5],"to":[6,14.5,20.5],"faces":{"north":{"uv":[0,0,2.5,1],"texture":"#cauldron_inner"},"east":{"uv":[0,0,1,1],"texture":"#cauldron_inner"},"south":{"uv":[0,0,2.5,1],"texture":"#cauldron_inner"},"west":{"uv":[0,0,1,1],"texture":"#cauldron_inner"},"up":{"uv":[0,0,2.5,1],"texture":"#cauldron_inner"},"down":{"uv":[0,0,2.5,1],"texture":"#cauldron_inner"}}},{"from":[3.5,12,19.5],"to":[6,13,20.5],"faces":{"north":{"uv":[0,0,2.5,1],"texture":"#cauldron_inner"},"east":{"uv":[0,0,1,1],"texture":"#cauldron_inner"},"south":{"uv":[0,0,2.5,1],"texture":"#cauldron_inner"},"west":{"uv":[0,0,1,1],"texture":"#cauldron_inner"},"up":{"uv":[0,0,2.5,1],"texture":"#cauldron_inner"},"down":{"uv":[0,0,2.5,1],"texture":"#cauldron_inner"}}},{"from":[10,13.5,19.5],"to":[12.5,14.5,20.5],"faces":{"north":{"uv":[0,0,2.5,1],"texture":"#cauldron_inner"},"east":{"uv":[0,0,1,1],"texture":"#cauldron_inner"},"south":{"uv":[0,0,2.5,1],"texture":"#cauldron_inner"},"west":{"uv":[0,0,1,1],"texture":"#cauldron_inner"},"up":{"uv":[0,0,2.5,1],"texture":"#cauldron_inner"},"down":{"uv":[0,0,2.5,1],"texture":"#cauldron_inner"}}},{"from":[10,12,19.5],"to":[12.5,13,20.5],"faces":{"north":{"uv":[0,0,2.5,1],"texture":"#cauldron_inner"},"east":{"uv":[0,0,1,1],"texture":"#cauldron_inner"},"south":{"uv":[0,0,2.5,1],"texture":"#cauldron_inner"},"west":{"uv":[0,0,1,1],"texture":"#cauldron_inner"},"up":{"uv":[0,0,2.5,1],"texture":"#cauldron_inner"},"down":{"uv":[0,0,2.5,1],"texture":"#cauldron_inner"}}},{"from":[7.5,6,16.5],"to":[8.5,7,20],"faces":{"north":{"uv":[8,15,9,16],"texture":"#cauldron_inner"},"east":{"uv":[8,15,9,16],"texture":"#cauldron_inner"},"south":{"uv":[8,15,9,16],"texture":"#cauldron_inner"},"west":{"uv":[8,15,9,16],"texture":"#cauldron_inner"},"up":{"uv":[8,15,9,16],"texture":"#cauldron_inner"},"down":{"uv":[8,15,9,16],"texture":"#cauldron_inner"}}},{"from":[7.5,7.5,19.5],"to":[8.5,10,20.5],"faces":{"north":{"uv":[8,15,9,16],"texture":"#cauldron_inner"},"east":{"uv":[8,15,9,16],"texture":"#cauldron_inner"},"south":{"uv":[8,15,9,16],"texture":"#cauldron_inner"},"west":{"uv":[8,15,9,16],"texture":"#cauldron_inner"},"up":{"uv":[8,15,9,16],"texture":"#cauldron_inner"},"down":{"uv":[8,15,9,16],"texture":"#cauldron_inner"}}},{"from":[2.5,6,-4],"to":[7,7,1],"faces":{"north":{"uv":[0,0,4.5,1],"texture":"#cauldron_inner"},"east":{"uv":[0,0,5,1],"texture":"#cauldron_inner"},"south":{"uv":[0,0,4.5,1],"texture":"#cauldron_inner"},"west":{"uv":[0,0,5,1],"texture":"#cauldron_inner"},"up":{"uv":[0,0,4.5,5],"texture":"#cauldron_inner"},"down":{"uv":[0,0,4.5,5],"texture":"#cauldron_inner"}}},{"from":[-4,6,9],"to":[1,7,13.5],"faces":{"north":{"uv":[0,0,5,1],"texture":"#cauldron_inner"},"east":{"uv":[0,0,4.5,1],"texture":"#cauldron_inner"},"south":{"uv":[0,0,5,1],"texture":"#cauldron_inner"},"west":{"uv":[0,0,4.5,1],"texture":"#cauldron_inner"},"up":{"uv":[0,0,5,4.5],"texture":"#cauldron_inner"},"down":{"uv":[0,0,5,4.5],"texture":"#cauldron_inner"}}},{"from":[17,6,7.5],"to":[20,7,8.5],"faces":{"north":{"uv":[8,15,9,16],"texture":"#cauldron_inner"},"east":{"uv":[8,15,9,16],"texture":"#cauldron_inner"},"south":{"uv":[8,15,9,16],"texture":"#cauldron_inner"},"west":{"uv":[8,15,9,16],"texture":"#cauldron_inner"},"up":{"uv":[8,15,9,16],"texture":"#cauldron_inner"},"down":{"uv":[8,15,9,16],"texture":"#cauldron_inner"}}},{"from":[19.5,7.5,7.5],"to":[20.5,10,8.5],"faces":{"north":{"uv":[8,15,9,16],"texture":"#cauldron_inner"},"east":{"uv":[8,15,9,16],"texture":"#cauldron_inner"},"south":{"uv":[8,15,9,16],"texture":"#cauldron_inner"},"west":{"uv":[8,15,9,16],"texture":"#cauldron_inner"},"up":{"uv":[8,15,9,16],"texture":"#cauldron_inner"},"down":{"uv":[8,15,9,16],"texture":"#cauldron_inner"}}},{"from":[-4.5,7.5,9],"to":[-3.5,11.5,13.5],"faces":{"north":{"uv":[0,0,1,4],"texture":"#cauldron_inner"},"east":{"uv":[0,0,4.5,4],"texture":"#cauldron_inner"},"south":{"uv":[0,0,1,4],"texture":"#cauldron_inner"},"west":{"uv":[0,0,4.5,4],"texture":"#cauldron_inner"},"up":{"uv":[0,0,1,4.5],"texture":"#cauldron_inner"},"down":{"uv":[0,0,1,4.5],"texture":"#cauldron_inner"}}},{"from":[-4.5,7.5,2.5],"to":[-3.5,11.5,7],"faces":{"north":{"uv":[0,0,1,4],"texture":"#cauldron_inner"},"east":{"uv":[0,0,4.5,4],"texture":"#cauldron_inner"},"south":{"uv":[0,0,1,4],"texture":"#cauldron_inner"},"west":{"uv":[0,0,4.5,4],"texture":"#cauldron_inner"},"up":{"uv":[0,0,1,4.5],"texture":"#cauldron_inner"},"down":{"uv":[0,0,1,4.5],"texture":"#cauldron_inner"}}},{"from":[-4,6,2.5],"to":[1,7,7],"faces":{"north":{"uv":[0,0,5,1],"texture":"#cauldron_inner"},"east":{"uv":[0,0,4.5,1],"texture":"#cauldron_inner"},"south":{"uv":[0,0,5,1],"texture":"#cauldron_inner"},"west":{"uv":[0,0,4.5,1],"texture":"#cauldron_inner"},"up":{"uv":[0,0,5,4.5],"texture":"#cauldron_inner"},"down":{"uv":[0,0,5,4.5],"texture":"#cauldron_inner"}}},{"from":[15,6,9],"to":[20,7,13.5],"faces":{"north":{"uv":[0,0,5,1],"texture":"#cauldron_inner"},"east":{"uv":[0,0,4.5,1],"texture":"#cauldron_inner"},"south":{"uv":[0,0,5,1],"texture":"#cauldron_inner"},"west":{"uv":[0,0,4.5,1],"texture":"#cauldron_inner"},"up":{"uv":[0,0,5,4.5],"texture":"#cauldron_inner"},"down":{"uv":[0,0,5,4.5],"texture":"#cauldron_inner"}}},{"from":[-3.5,6,7.5],"to":[-0.5,7,8.5],"faces":{"north":{"uv":[8,15,9,16],"texture":"#cauldron_inner"},"east":{"uv":[8,15,9,16],"texture":"#cauldron_inner"},"south":{"uv":[8,15,9,16],"texture":"#cauldron_inner"},"west":{"uv":[8,15,9,16],"texture":"#cauldron_inner"},"up":{"uv":[8,15,9,16],"texture":"#cauldron_inner"},"down":{"uv":[8,15,9,16],"texture":"#cauldron_inner"}}},{"from":[-4.5,7.5,7.5],"to":[-3.5,10,8.5],"faces":{"north":{"uv":[8,15,9,16],"texture":"#cauldron_inner"},"east":{"uv":[8,15,9,16],"texture":"#cauldron_inner"},"south":{"uv":[8,15,9,16],"texture":"#cauldron_inner"},"west":{"uv":[8,15,9,16],"texture":"#cauldron_inner"},"up":{"uv":[8,15,9,16],"texture":"#cauldron_inner"},"down":{"uv":[8,15,9,16],"texture":"#cauldron_inner"}}},{"from":[19.5,7.5,9],"to":[20.5,11.5,13.5],"faces":{"north":{"uv":[0,0,1,4],"texture":"#cauldron_inner"},"east":{"uv":[0,0,4.5,4],"texture":"#cauldron_inner"},"south":{"uv":[0,0,1,4],"texture":"#cauldron_inner"},"west":{"uv":[0,0,4.5,4],"texture":"#cauldron_inner"},"up":{"uv":[0,0,1,4.5],"texture":"#cauldron_inner"},"down":{"uv":[0,0,1,4.5],"texture":"#cauldron_inner"}}},{"from":[19.501,7.5,2.5],"to":[20.501,11.5,7],"rotation":{"angle":0,"axis":"y","origin":[8.001,8,1.5]},"faces":{"north":{"uv":[0,0,1,4],"texture":"#cauldron_inner"},"east":{"uv":[0,0,4.5,4],"texture":"#cauldron_inner"},"south":{"uv":[0,0,1,4],"texture":"#cauldron_inner"},"west":{"uv":[0,0,4.5,4],"texture":"#cauldron_inner"},"up":{"uv":[0,0,1,4.5],"texture":"#cauldron_inner"},"down":{"uv":[0,0,1,4.5],"texture":"#cauldron_inner"}}},{"from":[-4.501,11.27164,3.64805],"to":[-3.501,14.27164,4.64805],"rotation":{"angle":22.5,"axis":"x","origin":[-4.501,14.27164,3.64805]},"faces":{"north":{"uv":[0,0,1,3],"texture":"#cauldron_inner"},"east":{"uv":[0,0,1,3],"texture":"#cauldron_inner"},"south":{"uv":[0,0,1,3],"texture":"#cauldron_inner"},"west":{"uv":[0,0,1,3],"texture":"#cauldron_inner"},"up":{"uv":[0,0,1,1],"texture":"#cauldron_inner"},"down":{"uv":[0,0,1,1],"texture":"#cauldron_inner"}}},{"from":[-4.501,10.88896,4.92807],"to":[-3.501,13.88896,5.92807],"rotation":{"angle":-22.5,"axis":"x","origin":[-4.501,13.88896,4.92807]},"faces":{"north":{"uv":[0,0,1,3],"texture":"#cauldron_inner"},"east":{"uv":[0,0,1,3],"texture":"#cauldron_inner"},"south":{"uv":[0,0,1,3],"texture":"#cauldron_inner"},"west":{"uv":[0,0,1,3],"texture":"#cauldron_inner"},"up":{"uv":[0,0,1,1],"texture":"#cauldron_inner"},"down":{"uv":[0,0,1,1],"texture":"#cauldron_inner"}}},{"from":[-4.501,11.27164,10.14805],"to":[-3.501,14.27164,11.14805],"rotation":{"angle":22.5,"axis":"x","origin":[-4.501,14.27164,10.14805]},"faces":{"north":{"uv":[0,0,1,3],"texture":"#cauldron_inner"},"east":{"uv":[0,0,1,3],"texture":"#cauldron_inner"},"south":{"uv":[0,0,1,3],"texture":"#cauldron_inner"},"west":{"uv":[0,0,1,3],"texture":"#cauldron_inner"},"up":{"uv":[0,0,1,1],"texture":"#cauldron_inner"},"down":{"uv":[0,0,1,1],"texture":"#cauldron_inner"}}},{"from":[-4.501,10.88896,11.42807],"to":[-3.501,13.88896,12.42807],"rotation":{"angle":-22.5,"axis":"x","origin":[-4.501,13.88896,11.42807]},"faces":{"north":{"uv":[0,0,1,3],"texture":"#cauldron_inner"},"east":{"uv":[0,0,1,3],"texture":"#cauldron_inner"},"south":{"uv":[0,0,1,3],"texture":"#cauldron_inner"},"west":{"uv":[0,0,1,3],"texture":"#cauldron_inner"},"up":{"uv":[0,0,1,1],"texture":"#cauldron_inner"},"down":{"uv":[0,0,1,1],"texture":"#cauldron_inner"}}},{"from":[19.5,13.5,3.5],"to":[20.5,14.5,6],"faces":{"north":{"uv":[0,0,1,1],"texture":"#cauldron_inner"},"east":{"uv":[0,0,2.5,1],"texture":"#cauldron_inner"},"south":{"uv":[0,0,1,1],"texture":"#cauldron_inner"},"west":{"uv":[0,0,2.5,1],"texture":"#cauldron_inner"},"up":{"uv":[0,0,1,2.5],"texture":"#cauldron_inner"},"down":{"uv":[0,0,1,2.5],"texture":"#cauldron_inner"}}},{"from":[19.5,12,3.5],"to":[20.5,13,6],"faces":{"north":{"uv":[0,0,1,1],"texture":"#cauldron_inner"},"east":{"uv":[0,0,2.5,1],"texture":"#cauldron_inner"},"south":{"uv":[0,0,1,1],"texture":"#cauldron_inner"},"west":{"uv":[0,0,2.5,1],"texture":"#cauldron_inner"},"up":{"uv":[0,0,1,2.5],"texture":"#cauldron_inner"},"down":{"uv":[0,0,1,2.5],"texture":"#cauldron_inner"}}},{"from":[19.5,12,10],"to":[20.5,13,12.5],"faces":{"north":{"uv":[0,0,1,1],"texture":"#cauldron_inner"},"east":{"uv":[0,0,2.5,1],"texture":"#cauldron_inner"},"south":{"uv":[0,0,1,1],"texture":"#cauldron_inner"},"west":{"uv":[0,0,2.5,1],"texture":"#cauldron_inner"},"up":{"uv":[0,0,1,2.5],"texture":"#cauldron_inner"},"down":{"uv":[0,0,1,2.5],"texture":"#cauldron_inner"}}},{"from":[19.5,13.5,10],"to":[20.5,14.5,12.5],"faces":{"north":{"uv":[0,0,1,1],"texture":"#cauldron_inner"},"east":{"uv":[0,0,2.5,1],"texture":"#cauldron_inner"},"south":{"uv":[0,0,1,1],"texture":"#cauldron_inner"},"west":{"uv":[0,0,2.5,1],"texture":"#cauldron_inner"},"up":{"uv":[0,0,1,2.5],"texture":"#cauldron_inner"},"down":{"uv":[0,0,1,2.5],"texture":"#cauldron_inner"}}},{"from":[19.501,10.88896,11.42807],"to":[20.501,13.88896,12.42807],"rotation":{"angle":-22.5,"axis":"x","origin":[19.501,13.88896,11.42807]},"faces":{"north":{"uv":[0,0,1,3],"texture":"#cauldron_inner"},"east":{"uv":[0,0,1,3],"texture":"#cauldron_inner"},"south":{"uv":[0,0,1,3],"texture":"#cauldron_inner"},"west":{"uv":[0,0,1,3],"texture":"#cauldron_inner"},"up":{"uv":[0,0,1,1],"texture":"#cauldron_inner"},"down":{"uv":[0,0,1,1],"texture":"#cauldron_inner"}}},{"from":[19.501,11.27164,10.14805],"to":[20.501,14.27164,11.14805],"rotation":{"angle":22.5,"axis":"x","origin":[19.501,14.27164,10.14805]},"faces":{"north":{"uv":[0,0,1,3],"texture":"#cauldron_inner"},"east":{"uv":[0,0,1,3],"texture":"#cauldron_inner"},"south":{"uv":[0,0,1,3],"texture":"#cauldron_inner"},"west":{"uv":[0,0,1,3],"texture":"#cauldron_inner"},"up":{"uv":[0,0,1,1],"texture":"#cauldron_inner"},"down":{"uv":[0,0,1,1],"texture":"#cauldron_inner"}}},{"from":[19.501,10.88896,4.92807],"to":[20.501,13.88896,5.92807],"rotation":{"angle":-22.5,"axis":"x","origin":[19.501,13.88896,4.92807]},"faces":{"north":{"uv":[0,0,1,3],"texture":"#cauldron_inner"},"east":{"uv":[0,0,1,3],"texture":"#cauldron_inner"},"south":{"uv":[0,0,1,3],"texture":"#cauldron_inner"},"west":{"uv":[0,0,1,3],"texture":"#cauldron_inner"},"up":{"uv":[0,0,1,1],"texture":"#cauldron_inner"},"down":{"uv":[0,0,1,1],"texture":"#cauldron_inner"}}},{"from":[19.501,11.27164,3.64805],"to":[20.501,14.27164,4.64805],"rotation":{"angle":22.5,"axis":"x","origin":[19.501,14.27164,3.64805]},"faces":{"north":{"uv":[0,0,1,3],"texture":"#cauldron_inner"},"east":{"uv":[0,0,1,3],"texture":"#cauldron_inner"},"south":{"uv":[0,0,1,3],"texture":"#cauldron_inner"},"west":{"uv":[0,0,1,3],"texture":"#cauldron_inner"},"up":{"uv":[0,0,1,1],"texture":"#cauldron_inner"},"down":{"uv":[0,0,1,1],"texture":"#cauldron_inner"}}},{"from":[-4.5,13.5,3.5],"to":[-3.5,14.5,6],"faces":{"north":{"uv":[0,0,1,1],"texture":"#cauldron_inner"},"east":{"uv":[0,0,2.5,1],"texture":"#cauldron_inner"},"south":{"uv":[0,0,1,1],"texture":"#cauldron_inner"},"west":{"uv":[0,0,2.5,1],"texture":"#cauldron_inner"},"up":{"uv":[0,0,1,2.5],"texture":"#cauldron_inner"},"down":{"uv":[0,0,1,2.5],"texture":"#cauldron_inner"}}},{"from":[-4.5,12,3.5],"to":[-3.5,13,6],"faces":{"north":{"uv":[0,0,1,1],"texture":"#cauldron_inner"},"east":{"uv":[0,0,2.5,1],"texture":"#cauldron_inner"},"south":{"uv":[0,0,1,1],"texture":"#cauldron_inner"},"west":{"uv":[0,0,2.5,1],"texture":"#cauldron_inner"},"up":{"uv":[0,0,1,2.5],"texture":"#cauldron_inner"},"down":{"uv":[0,0,1,2.5],"texture":"#cauldron_inner"}}},{"from":[-4.5,12,10],"to":[-3.5,13,12.5],"faces":{"north":{"uv":[0,0,1,1],"texture":"#cauldron_inner"},"east":{"uv":[0,0,2.5,1],"texture":"#cauldron_inner"},"south":{"uv":[0,0,1,1],"texture":"#cauldron_inner"},"west":{"uv":[0,0,2.5,1],"texture":"#cauldron_inner"},"up":{"uv":[0,0,1,2.5],"texture":"#cauldron_inner"},"down":{"uv":[0,0,1,2.5],"texture":"#cauldron_inner"}}},{"from":[-4.5,13.5,10],"to":[-3.5,14.5,12.5],"faces":{"north":{"uv":[0,0,1,1],"texture":"#cauldron_inner"},"east":{"uv":[0,0,2.5,1],"texture":"#cauldron_inner"},"south":{"uv":[0,0,1,1],"texture":"#cauldron_inner"},"west":{"uv":[0,0,2.5,1],"texture":"#cauldron_inner"},"up":{"uv":[0,0,1,2.5],"texture":"#cauldron_inner"},"down":{"uv":[0,0,1,2.5],"texture":"#cauldron_inner"}}},{"from":[7.5,3,7.5],"to":[8.5,7,8.5],"faces":{"north":{"uv":[7.5,9,8.5,13],"texture":"#stone_slab_top"},"east":{"uv":[7.5,9,8.5,13],"texture":"#stone_slab_top"},"south":{"uv":[7.5,9,8.5,13],"texture":"#stone_slab_top"},"west":{"uv":[7.5,9,8.5,13],"texture":"#stone_slab_top"},"up":{"uv":[7.5,7.5,8.5,8.5],"texture":"#stone_slab_top"},"down":{"uv":[8.5,8.5,7.5,7.5],"texture":"#stone_slab_top"}}},{"from":[11,9,6.5],"to":[11.5,9.5,9.5],"faces":{"north":{"uv":[4.5,6.5,5,7],"texture":"#stone_slab_top"},"east":{"uv":[6.5,6.5,9.5,7],"texture":"#stone_slab_top"},"south":{"uv":[11,6.5,11.5,7],"texture":"#stone_slab_top"},"west":{"uv":[6.5,6.5,9.5,7],"texture":"#stone_slab_top"},"up":{"uv":[11,6.5,11.5,9.5],"texture":"#stone_slab_top"},"down":{"uv":[5,9.5,4.5,6.5],"texture":"#stone_slab_top"}}},{"from":[6.5,9,4.5],"to":[9.5,9.5,5],"faces":{"north":{"uv":[6.5,6.5,9.5,7],"texture":"#stone_slab_top"},"east":{"uv":[11,6.5,11.5,7],"texture":"#stone_slab_top"},"south":{"uv":[6.5,6.5,9.5,7],"texture":"#stone_slab_top"},"west":{"uv":[4.5,6.5,5,7],"texture":"#stone_slab_top"},"up":{"uv":[6.5,4.5,9.5,5],"texture":"#stone_slab_top"},"down":{"uv":[9.5,5,6.5,4.5],"texture":"#stone_slab_top"}}},{"from":[6.5,9,11],"to":[9.5,9.5,11.5],"faces":{"north":{"uv":[6.5,6.5,9.5,7],"texture":"#stone_slab_top"},"east":{"uv":[4.5,6.5,5,7],"texture":"#stone_slab_top"},"south":{"uv":[6.5,6.5,9.5,7],"texture":"#stone_slab_top"},"west":{"uv":[11,6.5,11.5,7],"texture":"#stone_slab_top"},"up":{"uv":[6.5,11,9.5,11.5],"texture":"#stone_slab_top"},"down":{"uv":[9.5,11.5,6.5,11],"texture":"#stone_slab_top"}}},{"from":[4.5,9,6.5],"to":[5,9.5,9.5],"faces":{"north":{"uv":[11,6.5,11.5,7],"texture":"#stone_slab_top"},"east":{"uv":[6.5,6.5,9.5,7],"texture":"#stone_slab_top"},"south":{"uv":[4.5,6.5,5,7],"texture":"#stone_slab_top"},"west":{"uv":[6.5,6.5,9.5,7],"texture":"#stone_slab_top"},"up":{"uv":[4.5,6.5,5,9.5],"texture":"#stone_slab_top"},"down":{"uv":[11.5,9.5,11,6.5],"texture":"#stone_slab_top"}}},{"from":[4.5,9,9.5],"to":[5,9.5,12.32843],"rotation":{"angle":45,"axis":"y","origin":[4.5,9,9.5]},"faces":{"north":{"uv":[10.5,6,11.5,6.5],"texture":"#stone_slab_top"},"east":{"uv":[4.5,6,6,6.5],"texture":"#stone_slab_top"},"south":{"uv":[4.5,6,5.5,6.5],"texture":"#stone_slab_top"},"west":{"uv":[10,6,11.5,6.5],"texture":"#stone_slab_top"},"up":{"uv":[4.5,10,5.5,11.5],"texture":"#stone_slab_top"},"down":{"uv":[11.5,11.5,10.5,10],"texture":"#stone_slab_top"}}},{"from":[9.02513,9,4.90381],"to":[9.52513,9.5,7.73223],"rotation":{"angle":45,"axis":"y","origin":[9.02513,9,4.73223]},"faces":{"north":{"uv":[10.5,6,11.5,6.5],"texture":"#stone_slab_top"},"east":{"uv":[4.5,6,6,6.5],"texture":"#stone_slab_top"},"south":{"uv":[4.5,6,5.5,6.5],"texture":"#stone_slab_top"},"west":{"uv":[10,6,11.5,6.5],"texture":"#stone_slab_top"},"up":{"uv":[4.5,10,5.5,11.5],"texture":"#stone_slab_top"},"down":{"uv":[11.5,11.5,10.5,10],"texture":"#stone_slab_top"}}},{"from":[11.26777,9,9.1967],"to":[11.76777,9.5,12.02513],"rotation":{"angle":-45,"axis":"y","origin":[11.26777,9,9.02513]},"faces":{"north":{"uv":[10.5,6,11.5,6.5],"texture":"#stone_slab_top"},"east":{"uv":[4.5,6,6,6.5],"texture":"#stone_slab_top"},"south":{"uv":[4.5,6,5.5,6.5],"texture":"#stone_slab_top"},"west":{"uv":[10,6,11.5,6.5],"texture":"#stone_slab_top"},"up":{"uv":[4.5,10,5.5,11.5],"texture":"#stone_slab_top"},"down":{"uv":[11.5,11.5,10.5,10],"texture":"#stone_slab_top"}}},{"from":[6.5,9,4.5],"to":[7,9.5,7.32843],"rotation":{"angle":-45,"axis":"y","origin":[6.5,9,4.5]},"faces":{"north":{"uv":[10.5,6,11.5,6.5],"texture":"#stone_slab_top"},"east":{"uv":[4.5,6,6,6.5],"texture":"#stone_slab_top"},"south":{"uv":[4.5,6,5.5,6.5],"texture":"#stone_slab_top"},"west":{"uv":[10,6,11.5,6.5],"texture":"#stone_slab_top"},"up":{"uv":[4.5,10,5.5,11.5],"texture":"#stone_slab_top"},"down":{"uv":[11.5,11.5,10.5,10],"texture":"#stone_slab_top"}}},{"from":[7.5,9,5],"to":[8.5,9.5,9.5],"rotation":{"angle":45,"axis":"x","origin":[7.5,9.5,5]},"faces":{"north":{"uv":[7.5,4,8.5,4.5],"texture":"#stone_slab_top"},"east":{"uv":[8,4,11,4.5],"texture":"#stone_slab_top"},"south":{"uv":[7.5,4,8.5,4.5],"texture":"#stone_slab_top"},"west":{"uv":[5,4,8,4.5],"texture":"#stone_slab_top"},"up":{"uv":[7.5,5,8.5,8],"texture":"#stone_slab_top"},"down":{"uv":[8.5,8,7.5,5],"texture":"#stone_slab_top"}}},{"from":[7.5,5.8125,7.8125],"to":[8.5,6.3125,12.3125],"rotation":{"angle":-45,"axis":"x","origin":[7.5,6.3125,7.8125]},"faces":{"north":{"uv":[7.5,4,8.5,4.5],"texture":"#stone_slab_top"},"east":{"uv":[8,4,11,4.5],"texture":"#stone_slab_top"},"south":{"uv":[7.5,4,8.5,4.5],"texture":"#stone_slab_top"},"west":{"uv":[5,4,8,4.5],"texture":"#stone_slab_top"},"up":{"uv":[7.5,5,8.5,8],"texture":"#stone_slab_top"},"down":{"uv":[8.5,8,7.5,5],"texture":"#stone_slab_top"}}},{"from":[5,9,7.5],"to":[9.9,9.5,8.5],"rotation":{"angle":-45,"axis":"z","origin":[5,9.5,7.5]},"faces":{"north":{"uv":[7.5,4,8.5,4.5],"texture":"#stone_slab_top"},"east":{"uv":[8,4,11,4.5],"texture":"#stone_slab_top"},"south":{"uv":[7.5,4,8.5,4.5],"texture":"#stone_slab_top"},"west":{"uv":[5,4,8,4.5],"texture":"#stone_slab_top"},"up":{"uv":[7.5,5,8.5,8],"texture":"#stone_slab_top"},"down":{"uv":[8.5,8,7.5,5],"texture":"#stone_slab_top"}}},{"from":[7.5375,5.4375,7.5],"to":[12.4375,5.9375,8.5],"rotation":{"angle":45,"axis":"z","origin":[7.4375,5.9375,7.5]},"faces":{"north":{"uv":[7.5,4,8.5,4.5],"texture":"#stone_slab_top"},"east":{"uv":[8,4,11,4.5],"texture":"#stone_slab_top"},"south":{"uv":[7.5,4,8.5,4.5],"texture":"#stone_slab_top"},"west":{"uv":[5,4,8,4.5],"texture":"#stone_slab_top"},"up":{"uv":[7.5,5,8.5,8],"texture":"#stone_slab_top"},"down":{"uv":[8.5,8,7.5,5],"texture":"#stone_slab_top"}}},{"from":[14,11,19.2],"to":[14.5,11.5,20.7],"faces":{"north":{"uv":[7.5,4,8.5,4.5],"texture":"#stone_slab_top"},"east":{"uv":[8,4,11,4.5],"texture":"#stone_slab_top"},"south":{"uv":[7.5,4,8.5,4.5],"texture":"#stone_slab_top"},"west":{"uv":[5,4,8,4.5],"texture":"#stone_slab_top"},"up":{"uv":[7.5,5,8.5,8],"texture":"#stone_slab_top"},"down":{"uv":[8.5,8,7.5,5],"texture":"#stone_slab_top"}}},{"from":[14,8.5,20.2],"to":[14.5,11,20.7],"faces":{"north":{"uv":[7.5,4,8.5,4.5],"texture":"#stone_slab_top"},"east":{"uv":[8,4,11,4.5],"texture":"#stone_slab_top"},"south":{"uv":[7.5,4,8.5,4.5],"texture":"#stone_slab_top"},"west":{"uv":[5,4,8,4.5],"texture":"#stone_slab_top"},"up":{"uv":[7.5,5,8.5,8],"texture":"#stone_slab_top"},"down":{"uv":[8.5,8,7.5,5],"texture":"#stone_slab_top"}}},{"from":[14,8.87868,17.07868],"to":[14.5,9.37868,20.07868],"rotation":{"angle":-45,"axis":"x","origin":[14,9.37868,17.07868]},"faces":{"north":{"uv":[7.5,4,8.5,4.5],"texture":"#stone_slab_top"},"east":{"uv":[8,4,11,4.5],"texture":"#stone_slab_top"},"south":{"uv":[7.5,4,8.5,4.5],"texture":"#stone_slab_top"},"west":{"uv":[5,4,8,4.5],"texture":"#stone_slab_top"},"up":{"uv":[7.5,5,8.5,8],"texture":"#stone_slab_top"},"down":{"uv":[8.5,8,7.5,5],"texture":"#stone_slab_top"}}},{"from":[14,5.87868,-1.57868],"to":[14.5,9.37868,-1.07868],"faces":{"north":{"uv":[7.5,4,8.5,4.5],"texture":"#stone_slab_top"},"east":{"uv":[8,4,11,4.5],"texture":"#stone_slab_top"},"south":{"uv":[7.5,4,8.5,4.5],"texture":"#stone_slab_top"},"west":{"uv":[5,4,8,4.5],"texture":"#stone_slab_top"},"up":{"uv":[7.5,5,8.5,8],"texture":"#stone_slab_top"},"down":{"uv":[8.5,8,7.5,5],"texture":"#stone_slab_top"}}},{"from":[1.5,11,19.2],"to":[2,11.5,20.7],"faces":{"north":{"uv":[7.5,4,8.5,4.5],"texture":"#stone_slab_top"},"east":{"uv":[8,4,11,4.5],"texture":"#stone_slab_top"},"south":{"uv":[7.5,4,8.5,4.5],"texture":"#stone_slab_top"},"west":{"uv":[5,4,8,4.5],"texture":"#stone_slab_top"},"up":{"uv":[7.5,5,8.5,8],"texture":"#stone_slab_top"},"down":{"uv":[8.5,8,7.5,5],"texture":"#stone_slab_top"}}},{"from":[1.5,8.5,20.2],"to":[2,11,20.7],"faces":{"north":{"uv":[7.5,4,8.5,4.5],"texture":"#stone_slab_top"},"east":{"uv":[8,4,11,4.5],"texture":"#stone_slab_top"},"south":{"uv":[7.5,4,8.5,4.5],"texture":"#stone_slab_top"},"west":{"uv":[5,4,8,4.5],"texture":"#stone_slab_top"},"up":{"uv":[7.5,5,8.5,8],"texture":"#stone_slab_top"},"down":{"uv":[8.5,8,7.5,5],"texture":"#stone_slab_top"}}},{"from":[1.5,8.87868,17.07868],"to":[2,9.37868,20.07868],"rotation":{"angle":-45,"axis":"x","origin":[1.5,9.37868,17.07868]},"faces":{"north":{"uv":[7.5,4,8.5,4.5],"texture":"#stone_slab_top"},"east":{"uv":[8,4,11,4.5],"texture":"#stone_slab_top"},"south":{"uv":[7.5,4,8.5,4.5],"texture":"#stone_slab_top"},"west":{"uv":[5,4,8,4.5],"texture":"#stone_slab_top"},"up":{"uv":[7.5,5,8.5,8],"texture":"#stone_slab_top"},"down":{"uv":[8.5,8,7.5,5],"texture":"#stone_slab_top"}}},{"from":[1.5,5.87868,-1.57868],"to":[2,9.37868,-1.07868],"faces":{"north":{"uv":[7.5,4,8.5,4.5],"texture":"#stone_slab_top"},"east":{"uv":[8,4,11,4.5],"texture":"#stone_slab_top"},"south":{"uv":[7.5,4,8.5,4.5],"texture":"#stone_slab_top"},"west":{"uv":[5,4,8,4.5],"texture":"#stone_slab_top"},"up":{"uv":[7.5,5,8.5,8],"texture":"#stone_slab_top"},"down":{"uv":[8.5,8,7.5,5],"texture":"#stone_slab_top"}}},{"from":[1.5,5.87868,17.07868],"to":[2,9.37868,17.57868],"faces":{"north":{"uv":[7.5,4,8.5,4.5],"texture":"#stone_slab_top"},"east":{"uv":[8,4,11,4.5],"texture":"#stone_slab_top"},"south":{"uv":[7.5,4,8.5,4.5],"texture":"#stone_slab_top"},"west":{"uv":[5,4,8,4.5],"texture":"#stone_slab_top"},"up":{"uv":[7.5,5,8.5,8],"texture":"#stone_slab_top"},"down":{"uv":[8.5,8,7.5,5],"texture":"#stone_slab_top"}}},{"from":[1.5,11,-3.2],"to":[2,11.5,-0.2],"rotation":{"angle":45,"axis":"x","origin":[1.5,11.5,-3.2]},"faces":{"north":{"uv":[7.5,4,8.5,4.5],"texture":"#stone_slab_top"},"east":{"uv":[8,4,11,4.5],"texture":"#stone_slab_top"},"south":{"uv":[7.5,4,8.5,4.5],"texture":"#stone_slab_top"},"west":{"uv":[5,4,8,4.5],"texture":"#stone_slab_top"},"up":{"uv":[7.5,5,8.5,8],"texture":"#stone_slab_top"},"down":{"uv":[8.5,8,7.5,5],"texture":"#stone_slab_top"}}},{"from":[1.5,8.5,-4.7],"to":[2,11,-4.2],"faces":{"north":{"uv":[7.5,4,8.5,4.5],"texture":"#stone_slab_top"},"east":{"uv":[8,4,11,4.5],"texture":"#stone_slab_top"},"south":{"uv":[7.5,4,8.5,4.5],"texture":"#stone_slab_top"},"west":{"uv":[5,4,8,4.5],"texture":"#stone_slab_top"},"up":{"uv":[7.5,5,8.5,8],"texture":"#stone_slab_top"},"down":{"uv":[8.5,8,7.5,5],"texture":"#stone_slab_top"}}},{"from":[14,11,-4.7],"to":[14.5,11.5,-3.2],"faces":{"north":{"uv":[7.5,4,8.5,4.5],"texture":"#stone_slab_top"},"east":{"uv":[8,4,11,4.5],"texture":"#stone_slab_top"},"south":{"uv":[7.5,4,8.5,4.5],"texture":"#stone_slab_top"},"west":{"uv":[5,4,8,4.5],"texture":"#stone_slab_top"},"up":{"uv":[7.5,5,8.5,8],"texture":"#stone_slab_top"},"down":{"uv":[8.5,8,7.5,5],"texture":"#stone_slab_top"}}},{"from":[1.5,11,-4.7],"to":[2,11.5,-3.2],"faces":{"north":{"uv":[7.5,4,8.5,4.5],"texture":"#stone_slab_top"},"east":{"uv":[8,4,11,4.5],"texture":"#stone_slab_top"},"south":{"uv":[7.5,4,8.5,4.5],"texture":"#stone_slab_top"},"west":{"uv":[5,4,8,4.5],"texture":"#stone_slab_top"},"up":{"uv":[7.5,5,8.5,8],"texture":"#stone_slab_top"},"down":{"uv":[8.5,8,7.5,5],"texture":"#stone_slab_top"}}},{"from":[14,11,-3.2],"to":[14.5,11.5,-0.2],"rotation":{"angle":45,"axis":"x","origin":[14,11.5,-3.2]},"faces":{"north":{"uv":[7.5,4,8.5,4.5],"texture":"#stone_slab_top"},"east":{"uv":[8,4,11,4.5],"texture":"#stone_slab_top"},"south":{"uv":[7.5,4,8.5,4.5],"texture":"#stone_slab_top"},"west":{"uv":[5,4,8,4.5],"texture":"#stone_slab_top"},"up":{"uv":[7.5,5,8.5,8],"texture":"#stone_slab_top"},"down":{"uv":[8.5,8,7.5,5],"texture":"#stone_slab_top"}}},{"from":[14,8.5,-4.7],"to":[14.5,11,-4.2],"faces":{"north":{"uv":[7.5,4,8.5,4.5],"texture":"#stone_slab_top"},"east":{"uv":[8,4,11,4.5],"texture":"#stone_slab_top"},"south":{"uv":[7.5,4,8.5,4.5],"texture":"#stone_slab_top"},"west":{"uv":[5,4,8,4.5],"texture":"#stone_slab_top"},"up":{"uv":[7.5,5,8.5,8],"texture":"#stone_slab_top"},"down":{"uv":[8.5,8,7.5,5],"texture":"#stone_slab_top"}}},{"from":[14,5.87868,17.07868],"to":[14.5,9.37868,17.57868],"faces":{"north":{"uv":[7.5,4,8.5,4.5],"texture":"#stone_slab_top"},"east":{"uv":[8,4,11,4.5],"texture":"#stone_slab_top"},"south":{"uv":[7.5,4,8.5,4.5],"texture":"#stone_slab_top"},"west":{"uv":[5,4,8,4.5],"texture":"#stone_slab_top"},"up":{"uv":[7.5,5,8.5,8],"texture":"#stone_slab_top"},"down":{"uv":[8.5,8,7.5,5],"texture":"#stone_slab_top"}}},{"from":[20.2,8.5,14],"to":[20.7,11,14.5],"faces":{"north":{"uv":[7.5,4,8.5,4.5],"texture":"#stone_slab_top"},"east":{"uv":[8,4,11,4.5],"texture":"#stone_slab_top"},"south":{"uv":[7.5,4,8.5,4.5],"texture":"#stone_slab_top"},"west":{"uv":[5,4,8,4.5],"texture":"#stone_slab_top"},"up":{"uv":[7.5,5,8.5,8],"texture":"#stone_slab_top"},"down":{"uv":[8.5,8,7.5,5],"texture":"#stone_slab_top"}}},{"from":[-4.7,8.5,1.5],"to":[-4.2,11,2],"faces":{"north":{"uv":[7.5,4,8.5,4.5],"texture":"#stone_slab_top"},"east":{"uv":[8,4,11,4.5],"texture":"#stone_slab_top"},"south":{"uv":[7.5,4,8.5,4.5],"texture":"#stone_slab_top"},"west":{"uv":[5,4,8,4.5],"texture":"#stone_slab_top"},"up":{"uv":[7.5,5,8.5,8],"texture":"#stone_slab_top"},"down":{"uv":[8.5,8,7.5,5],"texture":"#stone_slab_top"}}},{"from":[20.2,8.5,1.5],"to":[20.7,11,2],"faces":{"north":{"uv":[7.5,4,8.5,4.5],"texture":"#stone_slab_top"},"east":{"uv":[8,4,11,4.5],"texture":"#stone_slab_top"},"south":{"uv":[7.5,4,8.5,4.5],"texture":"#stone_slab_top"},"west":{"uv":[5,4,8,4.5],"texture":"#stone_slab_top"},"up":{"uv":[7.5,5,8.5,8],"texture":"#stone_slab_top"},"down":{"uv":[8.5,8,7.5,5],"texture":"#stone_slab_top"}}},{"from":[-4.7,8.5,14],"to":[-4.2,11,14.5],"faces":{"north":{"uv":[7.5,4,8.5,4.5],"texture":"#stone_slab_top"},"east":{"uv":[8,4,11,4.5],"texture":"#stone_slab_top"},"south":{"uv":[7.5,4,8.5,4.5],"texture":"#stone_slab_top"},"west":{"uv":[5,4,8,4.5],"texture":"#stone_slab_top"},"up":{"uv":[7.5,5,8.5,8],"texture":"#stone_slab_top"},"down":{"uv":[8.5,8,7.5,5],"texture":"#stone_slab_top"}}},{"from":[19.2,11,14],"to":[20.7,11.5,14.5],"faces":{"north":{"uv":[7.5,4,8.5,4.5],"texture":"#stone_slab_top"},"east":{"uv":[8,4,11,4.5],"texture":"#stone_slab_top"},"south":{"uv":[7.5,4,8.5,4.5],"texture":"#stone_slab_top"},"west":{"uv":[5,4,8,4.5],"texture":"#stone_slab_top"},"up":{"uv":[7.5,5,8.5,8],"texture":"#stone_slab_top"},"down":{"uv":[8.5,8,7.5,5],"texture":"#stone_slab_top"}}},{"from":[19.2,11,1.5],"to":[20.7,11.5,2],"faces":{"north":{"uv":[7.5,4,8.5,4.5],"texture":"#stone_slab_top"},"east":{"uv":[8,4,11,4.5],"texture":"#stone_slab_top"},"south":{"uv":[7.5,4,8.5,4.5],"texture":"#stone_slab_top"},"west":{"uv":[5,4,8,4.5],"texture":"#stone_slab_top"},"up":{"uv":[7.5,5,8.5,8],"texture":"#stone_slab_top"},"down":{"uv":[8.5,8,7.5,5],"texture":"#stone_slab_top"}}},{"from":[-4.7,11,1.5],"to":[-3.2,11.5,2],"faces":{"north":{"uv":[7.5,4,8.5,4.5],"texture":"#stone_slab_top"},"east":{"uv":[8,4,11,4.5],"texture":"#stone_slab_top"},"south":{"uv":[7.5,4,8.5,4.5],"texture":"#stone_slab_top"},"west":{"uv":[5,4,8,4.5],"texture":"#stone_slab_top"},"up":{"uv":[7.5,5,8.5,8],"texture":"#stone_slab_top"},"down":{"uv":[8.5,8,7.5,5],"texture":"#stone_slab_top"}}},{"from":[-4.7,11,14],"to":[-3.2,11.5,14.5],"faces":{"north":{"uv":[7.5,4,8.5,4.5],"texture":"#stone_slab_top"},"east":{"uv":[8,4,11,4.5],"texture":"#stone_slab_top"},"south":{"uv":[7.5,4,8.5,4.5],"texture":"#stone_slab_top"},"west":{"uv":[5,4,8,4.5],"texture":"#stone_slab_top"},"up":{"uv":[7.5,5,8.5,8],"texture":"#stone_slab_top"},"down":{"uv":[8.5,8,7.5,5],"texture":"#stone_slab_top"}}},{"from":[-1.57868,5.87868,14],"to":[-1.07868,9.37868,14.5],"faces":{"north":{"uv":[7.5,4,8.5,4.5],"texture":"#stone_slab_top"},"east":{"uv":[8,4,11,4.5],"texture":"#stone_slab_top"},"south":{"uv":[7.5,4,8.5,4.5],"texture":"#stone_slab_top"},"west":{"uv":[5,4,8,4.5],"texture":"#stone_slab_top"},"up":{"uv":[7.5,5,8.5,8],"texture":"#stone_slab_top"},"down":{"uv":[8.5,8,7.5,5],"texture":"#stone_slab_top"}}},{"from":[-1.57868,5.87868,1.5],"to":[-1.07868,9.37868,2],"faces":{"north":{"uv":[7.5,4,8.5,4.5],"texture":"#stone_slab_top"},"east":{"uv":[8,4,11,4.5],"texture":"#stone_slab_top"},"south":{"uv":[7.5,4,8.5,4.5],"texture":"#stone_slab_top"},"west":{"uv":[5,4,8,4.5],"texture":"#stone_slab_top"},"up":{"uv":[7.5,5,8.5,8],"texture":"#stone_slab_top"},"down":{"uv":[8.5,8,7.5,5],"texture":"#stone_slab_top"}}},{"from":[17.07868,5.87868,1.5],"to":[17.57868,9.37868,2],"faces":{"north":{"uv":[7.5,4,8.5,4.5],"texture":"#stone_slab_top"},"east":{"uv":[8,4,11,4.5],"texture":"#stone_slab_top"},"south":{"uv":[7.5,4,8.5,4.5],"texture":"#stone_slab_top"},"west":{"uv":[5,4,8,4.5],"texture":"#stone_slab_top"},"up":{"uv":[7.5,5,8.5,8],"texture":"#stone_slab_top"},"down":{"uv":[8.5,8,7.5,5],"texture":"#stone_slab_top"}}},{"from":[17.07868,5.87868,14],"to":[17.57868,9.37868,14.5],"faces":{"north":{"uv":[7.5,4,8.5,4.5],"texture":"#stone_slab_top"},"east":{"uv":[8,4,11,4.5],"texture":"#stone_slab_top"},"south":{"uv":[7.5,4,8.5,4.5],"texture":"#stone_slab_top"},"west":{"uv":[5,4,8,4.5],"texture":"#stone_slab_top"},"up":{"uv":[7.5,5,8.5,8],"texture":"#stone_slab_top"},"down":{"uv":[8.5,8,7.5,5],"texture":"#stone_slab_top"}}},{"from":[19.2,8.5,14],"to":[19.7,11.5,14.5],"rotation":{"angle":-45,"axis":"z","origin":[19.2,11.5,14]},"faces":{"north":{"uv":[7.5,4,8.5,4.5],"texture":"#stone_slab_top"},"east":{"uv":[8,4,11,4.5],"texture":"#stone_slab_top"},"south":{"uv":[7.5,4,8.5,4.5],"texture":"#stone_slab_top"},"west":{"uv":[5,4,8,4.5],"texture":"#stone_slab_top"},"up":{"uv":[7.5,5,8.5,8],"texture":"#stone_slab_top"},"down":{"uv":[8.5,8,7.5,5],"texture":"#stone_slab_top"}}},{"from":[19.2,8.5,1.5],"to":[19.7,11.5,2],"rotation":{"angle":-45,"axis":"z","origin":[19.2,11.5,1.5]},"faces":{"north":{"uv":[7.5,4,8.5,4.5],"texture":"#stone_slab_top"},"east":{"uv":[8,4,11,4.5],"texture":"#stone_slab_top"},"south":{"uv":[7.5,4,8.5,4.5],"texture":"#stone_slab_top"},"west":{"uv":[5,4,8,4.5],"texture":"#stone_slab_top"},"up":{"uv":[7.5,5,8.5,8],"texture":"#stone_slab_top"},"down":{"uv":[8.5,8,7.5,5],"texture":"#stone_slab_top"}}},{"from":[-3.55355,8.14645,1.5],"to":[-3.05355,11.14645,2],"rotation":{"angle":45,"axis":"z","origin":[-3.55355,11.14645,1.5]},"faces":{"north":{"uv":[7.5,4,8.5,4.5],"texture":"#stone_slab_top"},"east":{"uv":[8,4,11,4.5],"texture":"#stone_slab_top"},"south":{"uv":[7.5,4,8.5,4.5],"texture":"#stone_slab_top"},"west":{"uv":[5,4,8,4.5],"texture":"#stone_slab_top"},"up":{"uv":[7.5,5,8.5,8],"texture":"#stone_slab_top"},"down":{"uv":[8.5,8,7.5,5],"texture":"#stone_slab_top"}}},{"from":[-3.55355,8.14645,14],"to":[-3.05355,11.14645,14.5],"rotation":{"angle":45,"axis":"z","origin":[-3.55355,11.14645,14]},"faces":{"north":{"uv":[7.5,4,8.5,4.5],"texture":"#stone_slab_top"},"east":{"uv":[8,4,11,4.5],"texture":"#stone_slab_top"},"south":{"uv":[7.5,4,8.5,4.5],"texture":"#stone_slab_top"},"west":{"uv":[5,4,8,4.5],"texture":"#stone_slab_top"},"up":{"uv":[7.5,5,8.5,8],"texture":"#stone_slab_top"},"down":{"uv":[8.5,8,7.5,5],"texture":"#stone_slab_top"}}},{"from":[0.5,3,0.5],"to":[15.5,3.5,15.5],"faces":{"north":{"uv":[0,12.5,15.5,13],"texture":"#stone_slab_top"},"east":{"uv":[0.5,12.5,15.5,13],"texture":"#stone_slab_top"},"south":{"uv":[0.5,12.5,16,13],"texture":"#stone_slab_top"},"west":{"uv":[0.5,12.5,15.5,13],"texture":"#stone_slab_top"},"up":{"uv":[1,1,15,15],"texture":"#piston_inner"},"down":{"uv":[1,1,15,15],"texture":"#piston_inner"}}},{"from":[-7.66204,2.001,1.07396],"to":[4.70276,5.101,3.22436],"rotation":{"angle":45,"axis":"y","origin":[-7.66204,2.101,1.07396]},"faces":{"north":{"uv":[0,0,12.3648,3.1],"texture":"#anvil"},"east":{"uv":[0,0,2.1504,3.1],"texture":"#anvil"},"south":{"uv":[0,0,12.3648,3.1],"texture":"#anvil"},"west":{"uv":[0,0,2.1504,3.1],"texture":"#anvil"},"up":{"uv":[0,0,12.3648,2.1504],"texture":"#anvil"},"down":{"uv":[0,0,12.3648,2.1504],"texture":"#anvil"}}},{"from":[-7.66204,2,1.07396],"to":[-5.51164,5.1,15.05156],"faces":{"north":{"uv":[0,0,2.1504,3.1],"texture":"#anvil"},"east":{"uv":[0,0,13.9776,3.1],"texture":"#anvil"},"south":{"uv":[0,0,2.1504,3.1],"texture":"#anvil"},"west":{"uv":[0,0,13.9776,3.1],"texture":"#anvil"},"up":{"uv":[0,0,2.1504,13.9776],"texture":"#anvil"},"down":{"uv":[0,0,2.1504,13.9776],"texture":"#anvil"}}},{"from":[-6.14147,2.001,13.531],"to":[6.00829,5.101,15.6814],"rotation":{"angle":-45,"axis":"y","origin":[-6.14147,2.101,13.531]},"faces":{"north":{"uv":[0,0,12.14976,3.1],"texture":"#anvil"},"east":{"uv":[0,0,2.1504,3.1],"texture":"#anvil"},"south":{"uv":[0,0,12.14976,3.1],"texture":"#anvil"},"west":{"uv":[0,0,2.1504,3.1],"texture":"#anvil"},"up":{"uv":[0,0,12.14976,2.1504],"texture":"#anvil"},"down":{"uv":[0,0,12.14976,2.1504],"texture":"#anvil"}}},{"from":[0.92914,2,21.49234],"to":[14.87986,5.1,23.64274],"faces":{"north":{"uv":[0,0,13.95072,3.1],"texture":"#anvil"},"east":{"uv":[0,0,2.1504,3.1],"texture":"#anvil"},"south":{"uv":[0,0,13.95072,3.1],"texture":"#anvil"},"west":{"uv":[0,0,2.1504,3.1],"texture":"#anvil"},"up":{"uv":[0,0,13.95072,2.1504],"texture":"#anvil"},"down":{"uv":[0,0,13.95072,2.1504],"texture":"#anvil"}}},{"from":[13.3088,2.001,22.0448],"to":[25.808,5.101,24.1952],"rotation":{"angle":45,"axis":"y","origin":[13.4432,2.101,22.0448]},"faces":{"north":{"uv":[0,0,12.4992,3.1],"texture":"#anvil"},"east":{"uv":[0,0,2.1504,3.1],"texture":"#anvil"},"south":{"uv":[0,0,12.4992,3.1],"texture":"#anvil"},"west":{"uv":[0,0,2.1504,3.1],"texture":"#anvil"},"up":{"uv":[0,0,12.4992,2.1504],"texture":"#anvil"},"down":{"uv":[0,0,12.4992,2.1504],"texture":"#anvil"}}},{"from":[21.5566,2,0.97893],"to":[23.707,5.1,14.82213],"faces":{"north":{"uv":[0,0,2.1504,3.1],"texture":"#anvil"},"east":{"uv":[0,0,13.8432,3.1],"texture":"#anvil"},"south":{"uv":[0,0,2.1504,3.1],"texture":"#anvil"},"west":{"uv":[0,0,13.8432,3.1],"texture":"#anvil"},"up":{"uv":[0,0,2.1504,13.8432],"texture":"#anvil"},"down":{"uv":[0,0,2.1504,13.8432],"texture":"#anvil"}}},{"from":[15.0588,2.001,-7.66927],"to":[27.2892,5.101,-5.51887],"rotation":{"angle":-45,"axis":"y","origin":[15.0588,2.101,-7.66927]},"faces":{"north":{"uv":[0,0,12.2304,3.1],"texture":"#anvil"},"east":{"uv":[0,0,2.1504,3.1],"texture":"#anvil"},"south":{"uv":[0,0,12.2304,3.1],"texture":"#anvil"},"west":{"uv":[0,0,2.1504,3.1],"texture":"#anvil"},"up":{"uv":[0,0,12.2304,2.1504],"texture":"#anvil"},"down":{"uv":[0,0,12.2304,2.1504],"texture":"#anvil"}}},{"from":[1.0812,2,-7.66927],"to":[15.0588,5.1,-5.51887],"faces":{"north":{"uv":[0,0,13.9776,3.1],"texture":"#anvil"},"east":{"uv":[0,0,2.1504,3.1],"texture":"#anvil"},"south":{"uv":[0,0,13.9776,3.1],"texture":"#anvil"},"west":{"uv":[0,0,2.1504,3.1],"texture":"#anvil"},"up":{"uv":[0,0,13.9776,2.1504],"texture":"#anvil"},"down":{"uv":[0,0,13.9776,2.1504],"texture":"#anvil"}}},{"from":[14.5651,1.201,-6.57335],"to":[25.9401,2.101,0.12665],"rotation":{"angle":-45,"axis":"y","origin":[14.5651,1.201,-6.57335]},"faces":{"north":{"uv":[0,0,11.375,0.9],"texture":"#anvil"},"east":{"uv":[0,0,6.7,0.9],"texture":"#anvil"},"south":{"uv":[0,0,11.375,0.9],"texture":"#anvil"},"west":{"uv":[0,0,6.7,0.9],"texture":"#anvil"},"up":{"uv":[0,0,11.375,6.7],"texture":"#anvil"},"down":{"uv":[0,0,11.375,6.7],"texture":"#anvil"}}},{"from":[1.5651,1.2,-6.57335],"to":[14.5651,2.1,-4.57335],"faces":{"north":{"uv":[0,0,13,3],"texture":"#anvil"},"east":{"uv":[0,0,2,3],"texture":"#anvil"},"south":{"uv":[0,0,13,3],"texture":"#anvil"},"west":{"uv":[0,0,2,3],"texture":"#anvil"},"up":{"uv":[0,0,13,2],"texture":"#anvil"},"down":{"uv":[0,0,13,2],"texture":"#anvil"}}},{"from":[-6.56663,1.201,1.55837],"to":[4.93337,2.101,7.45837],"rotation":{"angle":45,"axis":"y","origin":[-6.56663,1.201,1.55837]},"faces":{"north":{"uv":[0,0,11.5,0.9],"texture":"#anvil"},"east":{"uv":[0,0,5.9,0.9],"texture":"#anvil"},"south":{"uv":[0,0,11.5,0.9],"texture":"#anvil"},"west":{"uv":[0,0,5.9,0.9],"texture":"#anvil"},"up":{"uv":[0,0,11.5,5.9],"texture":"#anvil"},"down":{"uv":[0,0,11.5,5.9],"texture":"#anvil"}}},{"from":[-6.56663,1.2,1.55837],"to":[-4.26663,2.1,14.55837],"faces":{"north":{"uv":[0,0,2.3,0.9],"texture":"#anvil"},"east":{"uv":[0,0,13,0.9],"texture":"#anvil"},"south":{"uv":[0,0,2.3,0.9],"texture":"#anvil"},"west":{"uv":[0,0,13,0.9],"texture":"#anvil"},"up":{"uv":[0,0,2.3,13],"texture":"#anvil"},"down":{"uv":[0,0,2.3,13],"texture":"#anvil"}}},{"from":[-5.15241,1.201,9.14416],"to":[6.14759,2.101,15.14416],"rotation":{"angle":-45,"axis":"y","origin":[-5.15241,1.201,13.14416]},"faces":{"north":{"uv":[0,0,11.3,0.9],"texture":"#anvil"},"east":{"uv":[0,0,6,0.9],"texture":"#anvil"},"south":{"uv":[0,0,11.3,0.9],"texture":"#anvil"},"west":{"uv":[0,0,6,0.9],"texture":"#anvil"},"up":{"uv":[0,0,11.3,6],"texture":"#anvil"},"down":{"uv":[0,0,11.3,6],"texture":"#anvil"}}},{"from":[1.42368,1.2,-4.65132],"to":[14.39868,2.1,22.54868],"faces":{"north":{"uv":[0,0,12.975,0.9],"texture":"#anvil"},"east":{"uv":[0,0,16,0.9],"texture":"#anvil"},"south":{"uv":[0,0,12.975,0.9],"texture":"#anvil"},"west":{"uv":[0,0,16,0.9],"texture":"#anvil"},"up":{"uv":[0,0,12.975,16],"texture":"#anvil"},"down":{"uv":[0,0,12.975,16],"texture":"#anvil"}}},{"from":[12.9375,1.201,16.6625],"to":[24.5625,2.101,23.0625],"rotation":{"angle":45,"axis":"y","origin":[13.0625,1.201,21.0625]},"faces":{"north":{"uv":[0,0,11.625,0.9],"texture":"#anvil"},"east":{"uv":[0,0,6.4,0.9],"texture":"#anvil"},"south":{"uv":[0,0,11.625,0.9],"texture":"#anvil"},"west":{"uv":[0,0,6.4,0.9],"texture":"#anvil"},"up":{"uv":[0,0,11.625,6.4],"texture":"#anvil"},"down":{"uv":[0,0,11.625,6.4],"texture":"#anvil"}}},{"from":[-4.39156,1.202,1.46999],"to":[22.60844,2.102,14.34499],"faces":{"north":{"uv":[0,0,16,0.9],"texture":"#anvil"},"east":{"uv":[0,0,12.875,0.9],"texture":"#anvil"},"south":{"uv":[0,0,16,0.9],"texture":"#anvil"},"west":{"uv":[0,0,12.875,0.9],"texture":"#anvil"},"up":{"uv":[0,0,16,12.875],"texture":"#anvil"},"down":{"uv":[0,0,16,12.875],"texture":"#anvil"}}},{"from":[-6.69016,2.925,13.7456],"to":[5.93101,4.025,15.97944],"rotation":{"angle":-45,"axis":"y","origin":[-6.69016,3.025,13.7456]},"faces":{"north":{"uv":[0,0,12.14976,1.1],"texture":"#anvil"},"east":{"uv":[0,0,2.1504,1.1],"texture":"#anvil"},"south":{"uv":[0,0,12.14976,1.1],"texture":"#anvil"},"west":{"uv":[0,0,2.1504,1.1],"texture":"#anvil"},"up":{"uv":[0,0,12.14976,2.1504],"texture":"#anvil"},"down":{"uv":[0,0,12.14976,2.1504],"texture":"#anvil"}}},{"from":[0.65479,2.925,22.01584],"to":[15.1468,4.025,24.24968],"faces":{"north":{"uv":[0,0,13.95072,1.1],"texture":"#anvil"},"east":{"uv":[0,0,2.1504,1.1],"texture":"#anvil"},"south":{"uv":[0,0,13.95072,1.1],"texture":"#anvil"},"west":{"uv":[0,0,2.1504,1.1],"texture":"#anvil"},"up":{"uv":[0,0,13.95072,2.1504],"texture":"#anvil"},"down":{"uv":[0,0,13.95072,2.1504],"texture":"#anvil"}}},{"from":[13.51478,2.925,22.58974],"to":[26.49895,4.025,24.82357],"rotation":{"angle":45,"axis":"y","origin":[13.6544,3.025,22.58974]},"faces":{"north":{"uv":[0,0,12.4992,1.1],"texture":"#anvil"},"east":{"uv":[0,0,2.1504,1.1],"texture":"#anvil"},"south":{"uv":[0,0,12.4992,1.1],"texture":"#anvil"},"west":{"uv":[0,0,2.1504,1.1],"texture":"#anvil"},"up":{"uv":[0,0,12.4992,2.1504],"texture":"#anvil"},"down":{"uv":[0,0,12.4992,2.1504],"texture":"#anvil"}}},{"from":[22.08259,2.925,0.70651],"to":[24.31643,4.025,15.08683],"faces":{"north":{"uv":[0,0,2.1504,1.1],"texture":"#anvil"},"east":{"uv":[0,0,13.8432,1.1],"texture":"#anvil"},"south":{"uv":[0,0,2.1504,1.1],"texture":"#anvil"},"west":{"uv":[0,0,13.8432,1.1],"texture":"#anvil"},"up":{"uv":[0,0,2.1504,13.8432],"texture":"#anvil"},"down":{"uv":[0,0,2.1504,13.8432],"texture":"#anvil"}}},{"from":[15.33268,2.925,-8.27724],"to":[28.03762,4.025,-6.0434],"rotation":{"angle":-45,"axis":"y","origin":[15.33268,3.025,-8.27724]},"faces":{"north":{"uv":[0,0,12.2304,1.1],"texture":"#anvil"},"east":{"uv":[0,0,2.1504,1.1],"texture":"#anvil"},"south":{"uv":[0,0,12.2304,1.1],"texture":"#anvil"},"west":{"uv":[0,0,2.1504,1.1],"texture":"#anvil"},"up":{"uv":[0,0,12.2304,2.1504],"texture":"#anvil"},"down":{"uv":[0,0,12.2304,2.1504],"texture":"#anvil"}}},{"from":[0.81275,2.925,-8.27724],"to":[15.33268,4.025,-6.0434],"faces":{"north":{"uv":[0,0,13.9776,1.1],"texture":"#anvil"},"east":{"uv":[0,0,2.1504,1.1],"texture":"#anvil"},"south":{"uv":[0,0,13.9776,1.1],"texture":"#anvil"},"west":{"uv":[0,0,2.1504,1.1],"texture":"#anvil"},"up":{"uv":[0,0,13.9776,2.1504],"texture":"#anvil"},"down":{"uv":[0,0,13.9776,2.1504],"texture":"#anvil"}}},{"from":[-8.26972,2.925,0.80523],"to":[4.57483,4.025,3.03907],"rotation":{"angle":45,"axis":"y","origin":[-8.26972,3.025,0.80523]},"faces":{"north":{"uv":[0,0,12.3648,1.1],"texture":"#anvil"},"east":{"uv":[0,0,2.1504,1.1],"texture":"#anvil"},"south":{"uv":[0,0,12.3648,1.1],"texture":"#anvil"},"west":{"uv":[0,0,2.1504,1.1],"texture":"#anvil"},"up":{"uv":[0,0,12.3648,2.1504],"texture":"#anvil"},"down":{"uv":[0,0,12.3648,2.1504],"texture":"#anvil"}}},{"from":[-8.26972,2.925,0.80523],"to":[-6.03589,4.025,15.32516],"faces":{"north":{"uv":[0,0,2.1504,1.1],"texture":"#anvil"},"east":{"uv":[0,0,13.9776,1.1],"texture":"#anvil"},"south":{"uv":[0,0,2.1504,1.1],"texture":"#anvil"},"west":{"uv":[0,0,13.9776,1.1],"texture":"#anvil"},"up":{"uv":[0,0,2.1504,13.9776],"texture":"#anvil"},"down":{"uv":[0,0,2.1504,13.9776],"texture":"#anvil"}}}],"display":{"gui":{"rotation":[30,-135,0],"scale":[0.4,0.4,0.4]},"head":{"scale":[3.5,3.5,3.5]}},"credit":"Model by Craftventure"}