{"textures":{"1":"block/bubble_coral_block","2":"block/prismarine_bricks","3":"block/tube_coral_block","4":"block/brain_coral_block"},"elements":[{"from":[6.25,-11.67631,26.91991],"to":[9.75,-4.67631,30.41991],"faces":{"north":{"uv":[8,3,11.5,10],"rotation":180,"texture":"#4"},"east":{"uv":[9,12,16,15.5],"rotation":270,"texture":"#3"},"south":{"uv":[9,0,12.5,7],"texture":"#3"},"west":{"uv":[9,8,16,11.5],"rotation":90,"texture":"#3"},"up":{"uv":[0,0,6,6],"rotation":180,"texture":"#3"},"down":{"uv":[0,0,3.5,3.5],"texture":"#3"}}},{"from":[6,-4.67631,26.66991],"to":[10,2.32369,30.66991],"faces":{"north":{"uv":[0,7,4,14],"rotation":180,"texture":"#4"},"east":{"uv":[0,5,7,9],"rotation":270,"texture":"#3"},"south":{"uv":[12,0,16,7],"texture":"#3"},"west":{"uv":[9,12,16,16],"rotation":90,"texture":"#3"},"up":{"uv":[0,0,6,6],"rotation":180,"texture":"#3"},"down":{"uv":[0,0,6,6],"texture":"#3"}}},{"from":[5.75,1.32369,26.41991],"to":[10.25,8.32369,30.91991],"rotation":{"angle":-22.5,"axis":"x","origin":[8,1.57369,28.66991]},"faces":{"north":{"uv":[11,9,15.5,16],"rotation":180,"texture":"#4"},"east":{"uv":[3,5,10,9.5],"rotation":270,"texture":"#3"},"south":{"uv":[0,9,4.5,16],"texture":"#3"},"west":{"uv":[3,11,10,15.5],"rotation":90,"texture":"#3"},"up":{"uv":[0,0,6,6],"rotation":180,"texture":"#3"},"down":{"uv":[0,0,6,6],"texture":"#3"}}},{"from":[5.5,1.593,16.03818],"to":[10.5,10.593,21.03818],"rotation":{"angle":-45,"axis":"x","origin":[8,13.9669,16.1517]},"faces":{"north":{"uv":[5,3,10,12],"rotation":180,"texture":"#4"},"east":{"uv":[7,0,16,5],"rotation":270,"texture":"#3"},"south":{"uv":[0,0,5,9],"texture":"#3"},"west":{"uv":[5,6,14,11],"rotation":90,"texture":"#3"},"up":{"uv":[0,0,6,6],"rotation":180,"texture":"#3"},"down":{"uv":[0,0,6,6],"texture":"#3"}}},{"from":[5,11.68,12.66426],"to":[11,17.68,21.66426],"rotation":{"angle":22.5,"axis":"x","origin":[8,13.9669,16.1517]},"faces":{"north":{"uv":[0,0,6,6],"texture":"#1"},"east":{"uv":[7,10,16,16],"texture":"#3"},"south":{"uv":[0,0,6,6],"texture":"#3"},"west":{"uv":[3,4,12,10],"texture":"#3"},"up":{"uv":[6,0,12,9],"texture":"#3"},"down":{"uv":[4,7,10,16],"texture":"#4"}}},{"from":[4.75,12.82934,2.66426],"to":[11.25,19.32934,14.66426],"faces":{"north":{"uv":[0,0,6,6],"texture":"#1"},"east":{"uv":[0,7,12,13.5],"texture":"#3"},"south":{"uv":[0,0,6,6],"texture":"#3"},"west":{"uv":[0,9,12,15.5],"texture":"#3"},"up":{"uv":[0,4,6.5,16],"texture":"#3"},"down":{"uv":[6,0,12.5,12],"texture":"#4"}}},{"from":[4.25,6.86623,-10.28036],"to":[11.75,14.36623,-1.03036],"rotation":{"angle":-45,"axis":"x","origin":[8.87194,10.98861,-5.76841]},"faces":{"north":{"uv":[0,0,6,6],"texture":"#3"},"east":{"uv":[0,0,9.25,7.5],"texture":"#3"},"south":{"uv":[0,0,6,6],"texture":"#3"},"west":{"uv":[6,0,15.25,7.5],"texture":"#3"},"up":{"uv":[0,0,7.5,9.25],"texture":"#3"},"down":{"uv":[0,5,7.5,14.25],"texture":"#4"}}},{"from":[4.5,11.32934,-3.83574],"to":[11.5,18.32934,4.16426],"rotation":{"angle":-22.5,"axis":"x","origin":[8,14.82934,0.16426]},"faces":{"north":{"uv":[0,0,6,6],"texture":"#1"},"east":{"uv":[8,0,16,7],"texture":"#3"},"south":{"uv":[0,0,6,6],"texture":"#3"},"west":{"uv":[8,0,16,7],"texture":"#3"},"up":{"uv":[9,4,16,12],"texture":"#3"},"down":{"uv":[9,0,16,8],"texture":"#4"}}},{"name":"nop","from":[6.75,15.5,-2],"to":[9.25,16.5,0.5],"rotation":{"angle":-45,"axis":"x","origin":[8,8,8]},"faces":{"north":{"uv":[0,0,2,1],"texture":"#2"},"east":{"uv":[0,0,2,1],"texture":"#2"},"south":{"uv":[0,0,2,1],"texture":"#2"},"west":{"uv":[0,0,2,1],"texture":"#2"},"up":{"uv":[0,0,2,2],"texture":"#2"},"down":{"uv":[0,0,3,3],"texture":"#2"}}},{"name":"nop","from":[7,13.5,2],"to":[9,14.5,4],"rotation":{"angle":-22.5,"axis":"x","origin":[8,8,8]},"faces":{"north":{"uv":[0,0,2,1],"texture":"#2"},"east":{"uv":[0,0,2,1],"texture":"#2"},"south":{"uv":[0,0,2,1],"texture":"#2"},"west":{"uv":[0,0,2,1],"texture":"#2"},"up":{"uv":[0,0,2,2],"texture":"#2"},"down":{"uv":[0,0,2,2],"texture":"#2"}}},{"name":"nop","from":[7,12.5,5.5],"to":[9,13.5,7.5],"faces":{"north":{"uv":[0,0,2,1],"texture":"#2"},"east":{"uv":[0,0,2,1],"texture":"#2"},"south":{"uv":[0,0,2,1],"texture":"#2"},"west":{"uv":[0,0,2,1],"texture":"#2"},"up":{"uv":[0,0,2,2],"texture":"#2"},"down":{"uv":[5,0,7,2],"texture":"#2"}}},{"name":"nop","from":[7,12.5,10.5],"to":[9,13.5,12.5],"faces":{"north":{"uv":[0,0,2,1],"texture":"#2"},"east":{"uv":[0,0,2,1],"texture":"#2"},"south":{"uv":[0,0,2,1],"texture":"#2"},"west":{"uv":[0,0,2,1],"texture":"#2"},"up":{"uv":[0,0,2,2],"texture":"#2"},"down":{"uv":[5,0,7,2],"texture":"#2"}}},{"name":"nop","from":[7.25,14,14],"to":[8.75,15,15.5],"rotation":{"angle":22.5,"axis":"x","origin":[8,8,8]},"faces":{"north":{"uv":[0,0,2,1],"texture":"#2"},"east":{"uv":[0,0,2,1],"texture":"#2"},"south":{"uv":[0,0,2,1],"texture":"#2"},"west":{"uv":[0,0,2,1],"texture":"#2"},"up":{"uv":[0,0,2,2],"texture":"#2"},"down":{"uv":[5,0,7,2],"texture":"#2"}}},{"name":"nop","from":[7.25,17.5,15.5],"to":[8.75,18.5,17],"rotation":{"angle":45,"axis":"x","origin":[8,8,8]},"faces":{"north":{"uv":[0,0,2,1],"texture":"#2"},"east":{"uv":[0,0,2,1],"texture":"#2"},"south":{"uv":[0,0,2,1],"texture":"#2"},"west":{"uv":[0,0,2,1],"texture":"#2"},"up":{"uv":[0,0,2,2],"texture":"#2"},"down":{"uv":[5,0,7,2],"texture":"#2"}}},{"name":"nop","from":[7.25,17.5,20],"to":[8.75,18.5,21.5],"rotation":{"angle":45,"axis":"x","origin":[8,8,8]},"faces":{"north":{"uv":[0,0,2,1],"texture":"#2"},"east":{"uv":[0,0,2,1],"texture":"#2"},"south":{"uv":[0,0,2,1],"texture":"#2"},"west":{"uv":[0,0,2,1],"texture":"#2"},"up":{"uv":[0,0,2,2],"texture":"#2"},"down":{"uv":[5,0,7,2],"texture":"#2"}}},{"name":"nop","from":[7.5,-4.5,22.1],"to":[8.5,-3.5,23.1],"rotation":{"angle":-22.5,"axis":"x","origin":[8,8,8]},"faces":{"north":{"uv":[4,0,5,1],"rotation":180,"texture":"#2"},"east":{"uv":[0,0,2,1],"rotation":270,"texture":"#2"},"south":{"uv":[0,0,2,2],"texture":"#2"},"west":{"uv":[0,0,2,1],"rotation":90,"texture":"#2"},"up":{"uv":[0,0,2,1],"rotation":180,"texture":"#2"},"down":{"uv":[0,0,2,1],"texture":"#2"}}},{"name":"nop","from":[7.5,-1.5,26.4],"to":[8.5,-0.5,27.4],"faces":{"north":{"uv":[11,3,12,4],"rotation":180,"texture":"#2"},"east":{"uv":[0,0,2,1],"rotation":270,"texture":"#2"},"south":{"uv":[0,0,2,2],"texture":"#2"},"west":{"uv":[0,0,2,1],"rotation":90,"texture":"#2"},"up":{"uv":[0,0,2,1],"rotation":180,"texture":"#2"},"down":{"uv":[0,0,2,1],"texture":"#2"}}},{"name":"nop","from":[7.5,-4.5,26.4],"to":[8.5,-3.5,27.4],"faces":{"north":{"uv":[7,0,8,1],"rotation":180,"texture":"#2"},"east":{"uv":[0,0,2,1],"rotation":270,"texture":"#2"},"south":{"uv":[0,0,2,2],"texture":"#2"},"west":{"uv":[0,0,2,1],"rotation":90,"texture":"#2"},"up":{"uv":[0,0,2,1],"rotation":180,"texture":"#2"},"down":{"uv":[0,0,2,1],"texture":"#2"}}},{"name":"nop","from":[7.5,-7.5,26.7],"to":[8.5,-6.5,27.7],"faces":{"north":{"uv":[0,0,1,1],"rotation":180,"texture":"#2"},"east":{"uv":[0,0,2,1],"rotation":270,"texture":"#2"},"south":{"uv":[0,0,2,2],"texture":"#2"},"west":{"uv":[0,0,2,1],"rotation":90,"texture":"#2"},"up":{"uv":[0,0,2,1],"rotation":180,"texture":"#2"},"down":{"uv":[0,0,2,1],"texture":"#2"}}},{"name":"nop","from":[7.5,-10.5,26.7],"to":[8.5,-9.5,27.7],"faces":{"north":{"uv":[3,0,4,1],"rotation":180,"texture":"#2"},"east":{"uv":[0,0,2,1],"rotation":270,"texture":"#2"},"south":{"uv":[0,0,2,2],"texture":"#2"},"west":{"uv":[0,0,2,1],"rotation":90,"texture":"#2"},"up":{"uv":[0,0,2,1],"rotation":180,"texture":"#2"},"down":{"uv":[0,0,2,1],"texture":"#2"}}}],"display":{"gui":{"rotation":[30,-135,0],"translation":[0.75,0,0],"scale":[0.4,0.4,0.4]},"head":{"rotation":[-90,0,0],"scale":[4,4,4]}},"groups":[{"name":"rocktopus_arm","origin":[8,8,8],"children":[0,1,2,3,4,5,6,7]},8,9,10,11,12,13,14,15,16,17,18,19],"credit":"Model by Craftventure"}