{"textures":{"0":"block/tube_coral_block","1":"block/brain_coral_block","2":"block/prismarine_bricks","particle":"block/tube_coral_block"},"elements":[{"from":[6.00227,5.37183,9.72644],"to":[10.00227,7.37183,12.22644],"faces":{"north":{"uv":[0,0,4,2],"texture":"#0"},"east":{"uv":[0,0,5.5,5],"texture":"#0"},"south":{"uv":[0,0,4,2],"texture":"#0"},"west":{"uv":[0,0,5.5,5],"texture":"#0"},"up":{"uv":[0,0,8,4.5],"rotation":180,"texture":"#0"},"down":{"uv":[0,0,8,4.5],"rotation":180,"texture":"#1"}}},{"from":[5.97592,5.38371,3.3646],"to":[9.97592,7.38371,5.8646],"faces":{"north":{"uv":[0,0,4,2],"texture":"#0"},"east":{"uv":[0,0,5.5,5],"texture":"#0"},"south":{"uv":[0,0,4,2],"texture":"#0"},"west":{"uv":[0,0,5.5,5],"texture":"#0"},"up":{"uv":[0,0,8,4.5],"rotation":180,"texture":"#0"},"down":{"uv":[0,0,8,4.5],"rotation":180,"texture":"#1"}}},{"from":[6.00227,7.65965,8.98282],"to":[10.00227,9.65965,13.98282],"rotation":{"angle":45,"axis":"x","origin":[7.98408,4.60035,7.84299]},"faces":{"north":{"uv":[0,0,6,6],"texture":"#0"},"east":{"uv":[0,0,16,6],"texture":"#0"},"south":{"uv":[0,0,6,6],"texture":"#0"},"west":{"uv":[0,0,16,6],"texture":"#0"},"up":{"uv":[0,0,6,16],"rotation":180,"texture":"#0"},"down":{"uv":[0,0,6,16],"rotation":180,"texture":"#1"}}},{"from":[5.98017,2.41542,14.36319],"to":[9.98017,4.41542,26.36319],"faces":{"north":{"uv":[0,0,6,6],"texture":"#0"},"east":{"uv":[0,0,16,6],"texture":"#0"},"south":{"uv":[0,0,6,6],"texture":"#0"},"west":{"uv":[0,0,16,6],"texture":"#0"},"up":{"uv":[0,0,6,16],"rotation":180,"texture":"#0"},"down":{"uv":[8,0,14,16],"rotation":180,"texture":"#1"}}},{"from":[5.97592,7.80587,1.6737],"to":[9.97592,9.80587,6.6737],"rotation":{"angle":-45,"axis":"x","origin":[7.98408,4.60035,7.94295]},"faces":{"north":{"uv":[0,0,6,6],"texture":"#0"},"east":{"uv":[0,0,16,6],"texture":"#0"},"south":{"uv":[0,0,6,6],"texture":"#0"},"west":{"uv":[0,0,16,6],"texture":"#0"},"up":{"uv":[0,0,6,16],"rotation":180,"texture":"#0"},"down":{"uv":[0,0,6,16],"rotation":180,"texture":"#1"}}},{"from":[5.97592,2.43397,-10.75672],"to":[9.97592,4.43397,1.24328],"faces":{"north":{"uv":[0,0,6,6],"texture":"#0"},"east":{"uv":[0,0,16,6],"texture":"#0"},"south":{"uv":[0,0,6,6],"texture":"#0"},"west":{"uv":[0,0,16,6],"texture":"#0"},"up":{"uv":[0,0,6,16],"rotation":180,"texture":"#0"},"down":{"uv":[6,0,12,16],"rotation":180,"texture":"#1"}}},{"name":"NOP","from":[24,2.2,7.25],"to":[25,3.2,8.25],"faces":{"north":{"uv":[0,0,1,1],"texture":"#2"},"east":{"uv":[0,0,1,1],"texture":"#2"},"south":{"uv":[0,0,1,1],"texture":"#2"},"west":{"uv":[0,0,1,1],"texture":"#2"},"up":{"uv":[0,0,1,1],"texture":"#2"},"down":{"uv":[0,0,1,1],"texture":"#2"}}},{"name":"NOP","from":[-1,2.2,7.25],"to":[0,3.2,8.25],"faces":{"north":{"uv":[0,0,1,1],"texture":"#2"},"east":{"uv":[0,0,1,1],"texture":"#2"},"south":{"uv":[0,0,1,1],"texture":"#2"},"west":{"uv":[0,0,1,1],"texture":"#2"},"up":{"uv":[0,0,1,1],"texture":"#2"},"down":{"uv":[0,0,1,1],"texture":"#2"}}},{"name":"NOP","from":[7,5.2,6.75],"to":[9,6.2,8.75],"faces":{"north":{"uv":[0,0,2,1],"texture":"#2"},"east":{"uv":[0,0,2,1],"texture":"#2"},"south":{"uv":[0,0,2,1],"texture":"#2"},"west":{"uv":[0,0,2,1],"texture":"#2"},"up":{"uv":[0,0,2,2],"texture":"#2"},"down":{"uv":[10,2,12,4],"texture":"#2"}}},{"name":"NOP","from":[20,2.2,7.25],"to":[21,3.2,8.25],"faces":{"north":{"uv":[0,0,1,1],"texture":"#2"},"east":{"uv":[0,0,1,1],"texture":"#2"},"south":{"uv":[0,0,1,1],"texture":"#2"},"west":{"uv":[0,0,1,1],"texture":"#2"},"up":{"uv":[0,0,1,1],"texture":"#2"},"down":{"uv":[0,0,1,1],"texture":"#2"}}},{"name":"NOP","from":[-5,2.2,7.25],"to":[-4,3.2,8.25],"faces":{"north":{"uv":[0,0,1,1],"texture":"#2"},"east":{"uv":[0,0,1,1],"texture":"#2"},"south":{"uv":[0,0,1,1],"texture":"#2"},"west":{"uv":[0,0,1,1],"texture":"#2"},"up":{"uv":[0,0,1,1],"texture":"#2"},"down":{"uv":[0,0,1,1],"texture":"#2"}}},{"name":"NOP","from":[16,2.2,7.25],"to":[17,3.2,8.25],"faces":{"north":{"uv":[0,0,1,1],"texture":"#2"},"east":{"uv":[0,0,1,1],"texture":"#2"},"south":{"uv":[0,0,1,1],"texture":"#2"},"west":{"uv":[0,0,1,1],"texture":"#2"},"up":{"uv":[0,0,1,1],"texture":"#2"},"down":{"uv":[0,0,1,1],"texture":"#2"}}},{"name":"NOP","from":[7.5,2.2,-9],"to":[8.5,3.2,-8],"faces":{"north":{"uv":[0,0,1,1],"texture":"#2"},"east":{"uv":[0,0,1,1],"texture":"#2"},"south":{"uv":[0,0,1,1],"texture":"#2"},"west":{"uv":[0,0,1,1],"texture":"#2"},"up":{"uv":[0,0,1,1],"texture":"#2"},"down":{"uv":[0,0,1,1],"texture":"#2"}}},{"name":"NOP","from":[7.5,2.2,16],"to":[8.5,3.2,17],"faces":{"north":{"uv":[0,0,1,1],"texture":"#2"},"east":{"uv":[0,0,1,1],"texture":"#2"},"south":{"uv":[0,0,1,1],"texture":"#2"},"west":{"uv":[0,0,1,1],"texture":"#2"},"up":{"uv":[0,0,1,1],"texture":"#2"},"down":{"uv":[0,0,1,1],"texture":"#2"}}},{"name":"NOP","from":[7.5,2.2,-5],"to":[8.5,3.2,-4],"faces":{"north":{"uv":[0,0,1,1],"texture":"#2"},"east":{"uv":[0,0,1,1],"texture":"#2"},"south":{"uv":[0,0,1,1],"texture":"#2"},"west":{"uv":[0,0,1,1],"texture":"#2"},"up":{"uv":[0,0,1,1],"texture":"#2"},"down":{"uv":[0,0,1,1],"texture":"#2"}}},{"name":"NOP","from":[7.5,2.2,20],"to":[8.5,3.2,21],"faces":{"north":{"uv":[0,0,1,1],"texture":"#2"},"east":{"uv":[0,0,1,1],"texture":"#2"},"south":{"uv":[0,0,1,1],"texture":"#2"},"west":{"uv":[0,0,1,1],"texture":"#2"},"up":{"uv":[0,0,1,1],"texture":"#2"},"down":{"uv":[0,0,1,1],"texture":"#2"}}},{"name":"NOP","from":[7.5,2.2,-1],"to":[8.5,3.2,0],"faces":{"north":{"uv":[0,0,1,1],"texture":"#2"},"east":{"uv":[0,0,1,1],"texture":"#2"},"south":{"uv":[0,0,1,1],"texture":"#2"},"west":{"uv":[0,0,1,1],"texture":"#2"},"up":{"uv":[0,0,1,1],"texture":"#2"},"down":{"uv":[0,0,1,1],"texture":"#2"}}},{"name":"NOP","from":[7.5,2.2,24],"to":[8.5,3.2,25],"faces":{"north":{"uv":[0,0,1,1],"texture":"#2"},"east":{"uv":[0,0,1,1],"texture":"#2"},"south":{"uv":[0,0,1,1],"texture":"#2"},"west":{"uv":[0,0,1,1],"texture":"#2"},"up":{"uv":[0,0,1,1],"texture":"#2"},"down":{"uv":[0,0,1,1],"texture":"#2"}}},{"name":"NOP","from":[-9,2.2,7.25],"to":[-8,3.2,8.25],"faces":{"north":{"uv":[0,0,1,1],"texture":"#2"},"east":{"uv":[0,0,1,1],"texture":"#2"},"south":{"uv":[0,0,1,1],"texture":"#2"},"west":{"uv":[0,0,1,1],"texture":"#2"},"up":{"uv":[0,0,1,1],"texture":"#2"},"down":{"uv":[0,0,1,1],"texture":"#2"}}},{"from":[3.587,5.36149,5.83721],"to":[12.587,7.36149,9.83721],"faces":{"north":{"uv":[0,0,16,6],"texture":"#0"},"east":{"uv":[0,0,6,6],"texture":"#0"},"south":{"uv":[0,0,16,6],"texture":"#0"},"west":{"uv":[0,0,6,6],"texture":"#0"},"up":{"uv":[0,0,6,16],"rotation":270,"texture":"#0"},"down":{"uv":[6,0,12,16],"rotation":90,"texture":"#1"}}},{"from":[1.84425,7.65965,5.86119],"to":[6.84425,9.65965,9.86119],"rotation":{"angle":45,"axis":"z","origin":[7.98408,4.60035,7.84299]},"faces":{"north":{"uv":[0,0,16,6],"texture":"#0"},"east":{"uv":[0,0,6,6],"texture":"#0"},"south":{"uv":[0,0,16,6],"texture":"#0"},"west":{"uv":[0,0,6,6],"texture":"#0"},"up":{"uv":[0,0,6,16],"rotation":270,"texture":"#0"},"down":{"uv":[0,0,6,16],"rotation":90,"texture":"#1"}}},{"from":[-10.53612,2.41542,5.83909],"to":[1.46388,4.41542,9.83909],"faces":{"north":{"uv":[0,0,16,6],"texture":"#0"},"east":{"uv":[0,0,6,6],"texture":"#0"},"south":{"uv":[0,0,16,6],"texture":"#0"},"west":{"uv":[0,0,6,6],"texture":"#0"},"up":{"uv":[0,0,6,16],"rotation":270,"texture":"#0"},"down":{"uv":[0,0,6,16],"rotation":90,"texture":"#1"}}},{"from":[9.25333,7.80587,5.83484],"to":[14.25333,9.80587,9.83484],"rotation":{"angle":-45,"axis":"z","origin":[7.98408,4.60035,7.84299]},"faces":{"north":{"uv":[0,0,16,6],"texture":"#0"},"east":{"uv":[0,0,6,6],"texture":"#0"},"south":{"uv":[0,0,16,6],"texture":"#0"},"west":{"uv":[0,0,6,6],"texture":"#0"},"up":{"uv":[0,0,6,16],"rotation":270,"texture":"#0"},"down":{"uv":[0,0,6,16],"rotation":90,"texture":"#1"}}},{"from":[14.70644,2.41906,5.84264],"to":[26.70644,4.41906,9.84264],"faces":{"north":{"uv":[0,0,16,6],"texture":"#0"},"east":{"uv":[0,0,6,6],"texture":"#0"},"south":{"uv":[0,0,16,6],"texture":"#0"},"west":{"uv":[0,0,6,6],"texture":"#0"},"up":{"uv":[0,0,6,16],"rotation":270,"texture":"#0"},"down":{"uv":[10,0,16,16],"rotation":90,"texture":"#1"}}}],"display":{"thirdperson_righthand":{"scale":[4,4,4]},"gui":{"rotation":[30,-135,0],"translation":[0,1.5,0],"scale":[0.5,0.5,0.5]},"head":{"scale":[4,4,4]}},"groups":[{"name":"group","origin":[8,8,8],"children":[0,1,2,3,4,5,6,7,8,9,10,11,12,13,14,15,16,17,18]},{"name":"group2","origin":[8,8,8],"children":[]},{"name":"group3","origin":[8,8,8],"children":[19,20,21,22,23]}],"credit":"Model by Craftventure"}