{"textures":{"0":"entity/fish/pufferfish","2":"block/smooth_stone","7":"block/cyan_concrete"},"elements":[{"from":[-0.75,7.625,7.0625],"to":[16.75,8.625,8.0625],"rotation":{"angle":-22.5,"axis":"x","origin":[13.25,8.625,7.0625]},"faces":{"north":{"uv":[0,0,3.5,1],"texture":"#7"},"east":{"uv":[0,0,1,1],"texture":"#7"},"south":{"uv":[0,0,3.5,1],"texture":"#7"},"west":{"uv":[0,0,1,1],"texture":"#7"},"up":{"uv":[0,0,15.499,0.999],"texture":"#7"},"down":{"uv":[0,0,3.5,1],"texture":"#7"}}},{"from":[-0.75,8,8],"to":[16.75,9,13],"rotation":{"angle":0,"axis":"y","origin":[7.25,8,11]},"faces":{"north":{"uv":[0,0,8,1],"texture":"#7"},"east":{"uv":[0,0,5,1],"texture":"#7"},"south":{"uv":[0,0,8,1],"texture":"#7"},"west":{"uv":[0,0,5,1],"texture":"#7"},"up":{"uv":[0,0,15.999,5],"texture":"#7"},"down":{"uv":[0,0,8,5],"texture":"#7"}}},{"from":[12.25,8.5625,7.625],"to":[13.25,9.5625,9.125],"rotation":{"angle":22.5,"axis":"x","origin":[12.25,9.5625,7.625]},"faces":{"north":{"uv":[0,0,1,1],"texture":"#7"},"east":{"uv":[0,0,1.5,1],"texture":"#7"},"south":{"uv":[0,0,1,1],"texture":"#7"},"west":{"uv":[0,0,1.5,1],"texture":"#7"},"up":{"uv":[0,0,1,1.5],"texture":"#7"},"down":{"uv":[0,0,1,1.5],"texture":"#7"}}},{"from":[-0.75,8.125,13.8125],"to":[16.75,10.125,14.8125],"rotation":{"angle":45,"axis":"x","origin":[8.75,10.125,13.8125]},"faces":{"north":{"uv":[0,0,15.999,2],"texture":"#7"},"east":{"uv":[0,0,1,2],"texture":"#7"},"south":{"uv":[0,0,8,2],"texture":"#7"},"west":{"uv":[0,0,1,2],"texture":"#7"},"up":{"uv":[0,0,8,1],"texture":"#7"},"down":{"uv":[0,0,8,1],"texture":"#7"}}},{"from":[-0.75,9.5,14.5],"to":[16.75,12,15.5],"rotation":{"angle":22.5,"axis":"x","origin":[8.75,12,14.5]},"faces":{"north":{"uv":[0,0,15.999,2.5],"texture":"#7"},"east":{"uv":[0,0,1,2.5],"texture":"#7"},"south":{"uv":[0,0,8,2.5],"texture":"#7"},"west":{"uv":[0,0,1,2.5],"texture":"#7"},"up":{"uv":[0,0,8,1],"texture":"#7"},"down":{"uv":[0,0,8,1],"texture":"#7"}}},{"from":[-0.75,11.5,14.5],"to":[16.75,17,15.5],"rotation":{"angle":0,"axis":"y","origin":[7.25,8,11]},"faces":{"north":{"uv":[0,0,15.999,5.5],"texture":"#7"},"east":{"uv":[0,0,1,5.5],"texture":"#7"},"south":{"uv":[0,0,8,5.5],"texture":"#7"},"west":{"uv":[0,0,1,5.5],"texture":"#7"},"up":{"uv":[0,0,8,1],"texture":"#7"},"down":{"uv":[0,0,8,1],"texture":"#7"}}},{"from":[2.75,8.5625,7.625],"to":[3.75,9.5625,9.125],"rotation":{"angle":22.5,"axis":"x","origin":[2.75,9.5625,7.625]},"faces":{"north":{"uv":[0,0,1,1],"texture":"#7"},"east":{"uv":[0,0,1.5,1],"texture":"#7"},"south":{"uv":[0,0,1,1],"texture":"#7"},"west":{"uv":[0,0,1.5,1],"texture":"#7"},"up":{"uv":[0,0,1,1.5],"texture":"#7"},"down":{"uv":[0,0,1,1.5],"texture":"#7"}}},{"from":[-1.5,3.2,15.35],"to":[17.5,15.2,17.15],"rotation":{"angle":0,"axis":"y","origin":[8,12.8,7.55]},"faces":{"north":{"uv":[15.999,4,12,6.999],"texture":"#0"},"east":{"uv":[12,4,11.5,6.999],"texture":"#0"},"south":{"uv":[15.999,4,12,6.999],"texture":"#0"},"west":{"uv":[0.499,4,0,6.999],"texture":"#0"},"up":{"uv":[4,4,8,3.5],"texture":"#0"},"down":{"uv":[4,7.499,8,7],"texture":"#0"}}},{"from":[0.5,13.35111,-3.40111],"to":[15.5,15.35111,-1.60111],"rotation":{"angle":0,"axis":"y","origin":[8,12.95111,6.19889]},"faces":{"north":{"uv":[4,4,8,4.5],"texture":"#0"},"east":{"uv":[4,4,8,4.5],"texture":"#0"},"south":{"uv":[4,3.5,8,4],"texture":"#0"},"west":{"uv":[4,4,8,4.5],"texture":"#0"},"up":{"uv":[4,3,8,3.5],"texture":"#0"},"down":{"uv":[4,4,8,4.5],"texture":"#0"}}},{"from":[-1.5,4.60111,-3.40111],"to":[17.5,13.35111,-1.60111],"rotation":{"angle":0,"axis":"y","origin":[8,12.95111,6.19889]},"faces":{"north":{"uv":[3.5,4.5,8.499,7],"texture":"#0"},"east":{"uv":[1,5,1.499,7.5],"texture":"#0"},"south":{"uv":[11,5,16,7.5],"texture":"#0"},"west":{"uv":[10,5,10.499,7.5],"texture":"#0"},"up":{"uv":[4,3.5,8,4],"texture":"#0"},"down":{"uv":[4,7,8,7.499],"texture":"#0"}}},{"from":[16.9,13.2,10.55],"to":[18.2,15.2,16.55],"rotation":{"angle":0,"axis":"y","origin":[7.4,12.8,7.05]},"faces":{"north":{"uv":[8,4,8.5,4.5],"texture":"#0"},"east":{"uv":[8,4,9.5,4.5],"texture":"#0"},"south":{"uv":[8,4,9.5,4.5],"texture":"#0"},"west":{"uv":[8,4,9.5,4.5],"texture":"#0"},"up":{"uv":[11,5,12.5,5.5],"rotation":90,"texture":"#0"},"down":{"uv":[8,4,9.5,4.5],"texture":"#0"}}},{"from":[16.901,11.39676,9.28681],"to":[18.196,13.39676,12.11681],"rotation":{"angle":-45,"axis":"x","origin":[17.54362,12.40899,9.156]},"faces":{"north":{"uv":[12,5,12.498,5.5],"rotation":90,"texture":"#0"},"east":{"uv":[12,5,12.498,5.5],"rotation":90,"texture":"#0"},"south":{"uv":[12,5,12.498,5.5],"rotation":90,"texture":"#0"},"west":{"uv":[12,5,12.498,5.5],"rotation":90,"texture":"#0"},"up":{"uv":[12,5,12.498,5.5],"rotation":90,"texture":"#0"},"down":{"uv":[12,5,12.498,5.5],"rotation":90,"texture":"#0"}}},{"from":[14.39191,12.64201,-3.39808],"to":[17.22191,14.64201,-1.60308],"rotation":{"angle":-45,"axis":"z","origin":[15.79917,13.65969,-2.76149]},"faces":{"north":{"uv":[12,5,12.498,5.5],"rotation":90,"texture":"#0"},"east":{"uv":[12,5,12.498,5.5],"rotation":90,"texture":"#0"},"south":{"uv":[12,5,12.498,5.5],"rotation":90,"texture":"#0"},"west":{"uv":[12,5,12.498,5.5],"rotation":90,"texture":"#0"},"up":{"uv":[12,5,12.498,5.5],"rotation":180,"texture":"#0"},"down":{"uv":[12,5,12.498,5.5],"texture":"#0"}}},{"from":[-1.22191,12.64201,-3.39808],"to":[1.60809,14.64201,-1.60308],"rotation":{"angle":45,"axis":"z","origin":[0.20083,13.65969,-2.76149]},"faces":{"north":{"uv":[12,5.5,12.498,5],"rotation":90,"texture":"#0"},"east":{"uv":[12,5.5,12.498,5],"rotation":90,"texture":"#0"},"south":{"uv":[12,5.5,12.498,5],"rotation":90,"texture":"#0"},"west":{"uv":[12,5.5,12.498,5],"rotation":90,"texture":"#0"},"up":{"uv":[12.498,5,12,5.5],"rotation":180,"texture":"#0"},"down":{"uv":[12.498,5,12,5.5],"texture":"#0"}}},{"from":[-2.196,11.39676,9.28681],"to":[-0.901,13.39676,12.11681],"rotation":{"angle":-45,"axis":"x","origin":[-1.54362,12.40899,9.156]},"faces":{"north":{"uv":[12,5.5,12.498,5],"rotation":90,"texture":"#0"},"east":{"uv":[12,5.5,12.498,5],"rotation":90,"texture":"#0"},"south":{"uv":[12,5.5,12.498,5],"rotation":90,"texture":"#0"},"west":{"uv":[12,5.5,12.498,5],"rotation":90,"texture":"#0"},"up":{"uv":[12,5.5,12.498,5],"rotation":90,"texture":"#0"},"down":{"uv":[12,5.5,12.498,5],"rotation":90,"texture":"#0"}}},{"from":[-1.4905,2.89266,-2.69345],"to":[17.4905,5.72266,-0.69345],"rotation":{"angle":-45,"axis":"x","origin":[8,4.30766,-1.69345]},"faces":{"north":{"uv":[3.5,7,8.499,7.999],"texture":"#0"},"east":{"uv":[3,7,3.999,7.998],"texture":"#0"},"south":{"uv":[11,7,15.999,7.998],"texture":"#0"},"west":{"uv":[2,7,2.999,7.998],"texture":"#0"},"up":{"uv":[3.5,7,8.499,7.999],"texture":"#0"},"down":{"uv":[3.5,7,8.499,7.999],"texture":"#0"}}},{"from":[-1.231,3.39266,-0.69345],"to":[8,5.47266,-0.56845],"rotation":{"angle":-45,"axis":"x","origin":[8.0095,4.30766,-1.69345]},"faces":{"north":{"uv":[3.5,7,8.499,7.999],"texture":"#2"},"east":{"uv":[3,7,3.999,7.998],"texture":"#2"},"south":{"uv":[0,0,11,2],"texture":"#2"},"west":{"uv":[2,7,2.999,7.998],"texture":"#2"},"up":{"uv":[3.5,7,8.499,7.999],"texture":"#2"},"down":{"uv":[3.5,7,8.499,7.999],"texture":"#2"}}},{"from":[8,3.39266,-0.69345],"to":[17.231,5.47266,-0.56845],"rotation":{"angle":-45,"axis":"x","origin":[7.9905,4.30766,-1.69345]},"faces":{"north":{"uv":[8.499,7,3.5,7.999],"texture":"#2"},"east":{"uv":[2.999,7,2,7.998],"texture":"#2"},"south":{"uv":[16,14,5,15.999],"rotation":180,"texture":"#2"},"west":{"uv":[3.999,7,3,7.998],"texture":"#2"},"up":{"uv":[8.499,7,3.5,7.999],"texture":"#2"},"down":{"uv":[8.499,7,3.5,7.999],"texture":"#2"}}},{"from":[-2.2,13.2,10.55],"to":[-0.9,15.2,16.55],"rotation":{"angle":0,"axis":"y","origin":[8.6,12.8,7.05]},"faces":{"north":{"uv":[8.5,4,8,4.5],"texture":"#0"},"east":{"uv":[9.5,4,8,4.5],"texture":"#0"},"south":{"uv":[9.5,4,8,4.5],"texture":"#0"},"west":{"uv":[9.5,4,8,4.5],"texture":"#0"},"up":{"uv":[11,5.5,12.5,5],"rotation":90,"texture":"#0"},"down":{"uv":[9.5,4,8,4.5],"texture":"#0"}}},{"from":[16.9,3.2,8.55],"to":[18.2,13.2,16.55],"rotation":{"angle":0,"axis":"y","origin":[7.4,12.8,7.05]},"faces":{"north":{"uv":[12,5,12.499,7.5],"texture":"#0"},"east":{"uv":[8,4.5,9.999,7],"texture":"#0"},"south":{"uv":[8,4.5,9.999,7],"texture":"#0"},"west":{"uv":[0,5,1.999,7.5],"texture":"#0"},"up":{"uv":[0,4,1.998,4.5],"rotation":90,"texture":"#0"},"down":{"uv":[8,7,9.998,7.499],"rotation":90,"texture":"#0"}}},{"from":[-2.2,3.2,8.55],"to":[-0.9,13.2,16.55],"rotation":{"angle":0,"axis":"y","origin":[8.6,12.8,7.05]},"faces":{"north":{"uv":[12.499,5,12,7.5],"texture":"#0"},"east":{"uv":[1.999,5,0,7.5],"texture":"#0"},"south":{"uv":[9.999,4.5,8,7],"texture":"#0"},"west":{"uv":[9.999,4.5,8,7],"texture":"#0"},"up":{"uv":[0,4.5,1.998,4],"rotation":90,"texture":"#0"},"down":{"uv":[8,7.499,9.998,7],"rotation":90,"texture":"#0"}}},{"from":[20.15,11.2,11.55],"to":[21.15,13.2,13.55],"rotation":{"angle":0,"axis":"y","origin":[10.65,12.8,7.05]},"faces":{"north":{"uv":[2.5,4.5,3,5],"texture":"#0"},"east":{"uv":[2.5,4.5,3.499,5],"rotation":180,"texture":"#0"},"south":{"uv":[3,4.5,3.5,5],"rotation":90,"texture":"#0"},"west":{"uv":[2.5,4.5,3.499,5],"rotation":90,"texture":"#0"},"up":{"uv":[2.5,4.5,3.499,5],"rotation":90,"texture":"#0"},"down":{"uv":[2.5,4.5,3.499,5],"rotation":270,"texture":"#0"}}},{"from":[19.83364,11.20004,13.3036],"to":[20.58364,13.20004,14.7236],"rotation":{"angle":-45,"axis":"y","origin":[20.57636,12.22206,14.1133]},"faces":{"north":{"uv":[3,5,3.5,4.5],"rotation":90,"texture":"#0"},"east":{"uv":[3,5,3.5,4.5],"rotation":90,"texture":"#0"},"south":{"uv":[3,5,3.5,4.5],"rotation":90,"texture":"#0"},"west":{"uv":[3,5,3.5,4.5],"rotation":90,"texture":"#0"},"up":{"uv":[3,5,3.5,4.5],"rotation":90,"texture":"#0"},"down":{"uv":[3,5,3.5,4.5],"rotation":90,"texture":"#0"}}},{"from":[19.83363,11.2,10.37644],"to":[20.58363,13.2,11.79644],"rotation":{"angle":45,"axis":"y","origin":[20.57635,12.22202,10.98675]},"faces":{"north":{"uv":[2.5,4.5,3,5],"rotation":90,"texture":"#0"},"east":{"uv":[2.5,4.5,3,5],"rotation":90,"texture":"#0"},"south":{"uv":[2.5,4.5,3,5],"rotation":90,"texture":"#0"},"west":{"uv":[2.5,4.5,3,5],"rotation":90,"texture":"#0"},"up":{"uv":[2.5,4.5,3,5],"rotation":90,"texture":"#0"},"down":{"uv":[2.5,4.5,3,5],"rotation":90,"texture":"#0"}}},{"from":[18.15,11.2,10.55],"to":[20.15,13.2,14.55],"rotation":{"angle":0,"axis":"y","origin":[8.65,12.8,7.05]},"faces":{"north":{"uv":[2.5,4.5,3,5],"rotation":90,"texture":"#0"},"east":{"uv":[2.5,4.5,3.499,5],"rotation":90,"texture":"#0"},"south":{"uv":[3,4.5,3.5,5],"rotation":90,"texture":"#0"},"west":{"uv":[2.5,4.5,3.499,5],"rotation":90,"texture":"#0"},"up":{"uv":[2.5,4.5,3.499,5],"rotation":90,"texture":"#0"},"down":{"uv":[2.5,4.5,3.499,5],"rotation":270,"texture":"#0"}}},{"from":[-5.15,11.2,11.55],"to":[-4.15,13.2,13.55],"rotation":{"angle":0,"axis":"y","origin":[5.35,12.8,7.05]},"faces":{"north":{"uv":[3,4.5,2.5,5],"texture":"#0"},"east":{"uv":[2.5,5,3.499,4.5],"rotation":90,"texture":"#0"},"south":{"uv":[3,5,3.5,4.5],"rotation":90,"texture":"#0"},"west":{"uv":[3.499,4.5,2.5,5],"rotation":180,"texture":"#0"},"up":{"uv":[2.5,5,3.499,4.5],"rotation":90,"texture":"#0"},"down":{"uv":[2.5,5,3.499,4.5],"rotation":270,"texture":"#0"}}},{"from":[-4.58364,11.20004,13.3036],"to":[-3.83364,13.20004,14.7236],"rotation":{"angle":45,"axis":"y","origin":[-4.57636,12.22206,14.1133]},"faces":{"north":{"uv":[3,4.5,3.5,5],"rotation":90,"texture":"#0"},"east":{"uv":[3,4.5,3.5,5],"rotation":90,"texture":"#0"},"south":{"uv":[3,4.5,3.5,5],"rotation":90,"texture":"#0"},"west":{"uv":[3,4.5,3.5,5],"rotation":90,"texture":"#0"},"up":{"uv":[3,4.5,3.5,5],"rotation":90,"texture":"#0"},"down":{"uv":[3,4.5,3.5,5],"rotation":90,"texture":"#0"}}},{"from":[-4.58363,11.2,10.37644],"to":[-3.83363,13.2,11.79644],"rotation":{"angle":-45,"axis":"y","origin":[-4.57635,12.22202,10.98675]},"faces":{"north":{"uv":[2.5,5,3,4.5],"rotation":90,"texture":"#0"},"east":{"uv":[2.5,5,3,4.5],"rotation":90,"texture":"#0"},"south":{"uv":[2.5,5,3,4.5],"rotation":90,"texture":"#0"},"west":{"uv":[2.5,5,3,4.5],"rotation":90,"texture":"#0"},"up":{"uv":[2.5,5,3,4.5],"rotation":90,"texture":"#0"},"down":{"uv":[2.5,5,3,4.5],"rotation":90,"texture":"#0"}}},{"from":[-4.15,11.2,10.55],"to":[-2.15,13.2,14.55],"rotation":{"angle":0,"axis":"y","origin":[7.35,12.8,7.05]},"faces":{"north":{"uv":[2.5,5,3,4.5],"rotation":90,"texture":"#0"},"east":{"uv":[2.5,5,3.499,4.5],"rotation":90,"texture":"#0"},"south":{"uv":[3,5,3.5,4.5],"rotation":90,"texture":"#0"},"west":{"uv":[2.5,5,3.499,4.5],"rotation":90,"texture":"#0"},"up":{"uv":[2.5,5,3.499,4.5],"rotation":90,"texture":"#0"},"down":{"uv":[2.5,5,3.499,4.5],"rotation":270,"texture":"#0"}}},{"from":[-1.5,2.6,-1.4],"to":[17.5,4.4,16.55],"rotation":{"angle":0,"axis":"y","origin":[8,12.2,6.95]},"faces":{"north":{"uv":[4,7,8,7.998],"texture":"#0"},"east":{"uv":[0,7,4,7.998],"texture":"#0"},"south":{"uv":[12,7,15.999,7.998],"texture":"#0"},"west":{"uv":[8,7,12,7.999],"texture":"#0"},"up":{"uv":[8,7,12,7.999],"texture":"#0"},"down":{"uv":[8,0,12,3.998],"texture":"#0"}}},{"from":[-1.25,4.275,-0.4],"to":[8,4.525,9.05],"rotation":{"angle":0,"axis":"y","origin":[8,12.325,6.95]},"faces":{"north":{"uv":[4,7,8,7.998],"texture":"#2"},"east":{"uv":[0,7,4,7.998],"texture":"#2"},"south":{"uv":[12,7,15.999,7.998],"texture":"#2"},"west":{"uv":[8,7,12,7.999],"texture":"#2"},"up":{"uv":[0,7,11,15.999],"texture":"#2"},"down":{"uv":[8,0,12,3.998],"texture":"#2"}}},{"from":[8,4.275,-0.4],"to":[17.25,4.525,9.05],"rotation":{"angle":0,"axis":"y","origin":[8,12.325,6.95]},"faces":{"north":{"uv":[8,7,4,7.998],"texture":"#2"},"east":{"uv":[12,7,8,7.999],"texture":"#2"},"south":{"uv":[15.999,7,12,7.998],"texture":"#2"},"west":{"uv":[4,7,0,7.998],"texture":"#2"},"up":{"uv":[16,0,5,8.999],"rotation":180,"texture":"#2"},"down":{"uv":[12,0,8,3.998],"texture":"#2"}}},{"from":[-1.5,4.35,8.85],"to":[17.5,8.4,16.55],"rotation":{"angle":0,"axis":"y","origin":[8,13.95,6.95]},"faces":{"north":{"uv":[12,5.999,15.999,7.999],"texture":"#0"},"up":{"uv":[12,5.999,15.999,6.998],"texture":"#0"}}}],"display":{"gui":{"rotation":[30,-135,0],"translation":[0,-0.75,0],"scale":[0.5,0.5,0.5]},"head":{"scale":[2.2,2.2,2.2]},"fixed":{"translation":[0,-1.25,9.75]}},"groups":[{"name":"group","origin":[-1.5,8.625,4.125],"children":[{"name":"group","origin":[8,8,8],"children":[0,1,2,3,4,5]},{"name":"group","origin":[-1.5,8.625,4.125],"children":[6]}]},{"name":"group","origin":[8,8,8],"children":[7,8,9,10,11,12,13,14,15,16,17,18,19,20,{"name":"group","origin":[8.65,12.8,4.05],"children":[21,22,23,24]},{"name":"group","origin":[8.65,12.8,4.05],"children":[25,26,27,28]},29,30,31,32]}],"credit":"Model by Craftventure"}