{"textures":{"0":"block/spruce_planks","1":"block/dark_oak_planks","2":"block/iron_block","3":"block/cauldron_inner","4":"block/red_concrete","particle":"block/dark_oak_planks"},"elements":[{"name":"Baseplate1","from":[11.76,-7.354,0.2],"to":[24.24,-6.574,1.76],"rotation":{"angle":-22.5,"axis":"x","origin":[18,-4,8]},"faces":{"north":{"uv":[0,0,16,1],"texture":"#0"},"east":{"uv":[0,0,2,1],"texture":"#0"},"south":{"uv":[0,0,16,1],"texture":"#0"},"west":{"uv":[0,0,2,1],"texture":"#0"},"up":{"uv":[0,0,16,2],"texture":"#0"},"down":{"uv":[0,0,16,2],"texture":"#0"}}},{"name":"Baseplate2","from":[11.76,-9.46,3.71],"to":[24.24,-8.68,5.27],"faces":{"north":{"uv":[0,0,16,1],"texture":"#0"},"east":{"uv":[0,0,2,1],"texture":"#0"},"south":{"uv":[0,0,16,1],"texture":"#0"},"west":{"uv":[0,0,2,1],"texture":"#0"},"up":{"uv":[0,0,16,2],"texture":"#0"},"down":{"uv":[0,0,16,2],"texture":"#0"}}},{"name":"Baseplate3","from":[11.76,-9.46,5.66],"to":[24.24,-8.68,7.22],"faces":{"north":{"uv":[0,0,16,1],"texture":"#0"},"east":{"uv":[0,0,2,1],"texture":"#0"},"south":{"uv":[0,0,16,1],"texture":"#0"},"west":{"uv":[0,0,2,1],"texture":"#0"},"up":{"uv":[0,0,16,2],"texture":"#0"},"down":{"uv":[0,0,16,2],"texture":"#0"}}},{"name":"Baseplate4","from":[11.76,-9.46,7.61],"to":[24.24,-8.68,9.17],"faces":{"north":{"uv":[0,0,16,1],"texture":"#0"},"east":{"uv":[0,0,2,1],"texture":"#0"},"south":{"uv":[0,0,16,1],"texture":"#0"},"west":{"uv":[0,0,2,1],"texture":"#0"},"up":{"uv":[0,0,16,2],"texture":"#0"},"down":{"uv":[0,0,16,2],"texture":"#0"}}},{"name":"Baseplate5","from":[11.76,-9.46,9.56],"to":[24.24,-8.68,11.12],"faces":{"north":{"uv":[0,0,16,1],"texture":"#0"},"east":{"uv":[0,0,2,1],"texture":"#0"},"south":{"uv":[0,0,16,1],"texture":"#0"},"west":{"uv":[0,0,2,1],"texture":"#0"},"up":{"uv":[0,0,16,2],"texture":"#0"},"down":{"uv":[0,0,16,2],"texture":"#0"}}},{"name":"Backplate1","from":[11.76,-7.12,11.12],"to":[24.24,-5.56,11.9],"rotation":{"angle":22.5,"axis":"x","origin":[18,-7.9,8]},"faces":{"north":{"uv":[0,0,16,2],"texture":"#0"},"east":{"uv":[0,0,1,2],"texture":"#0"},"south":{"uv":[0,0,16,2],"texture":"#0"},"west":{"uv":[0,0,1,2],"texture":"#0"},"up":{"uv":[0,0,16,1],"texture":"#0"},"down":{"uv":[0,0,16,1],"texture":"#0"}}},{"name":"Backplate2","from":[11.76,-5.17,11.12],"to":[24.24,-3.61,11.9],"rotation":{"angle":22.5,"axis":"x","origin":[18,-7.9,8]},"faces":{"north":{"uv":[0,0,16,2],"texture":"#0"},"east":{"uv":[2,2,3,4],"texture":"#0"},"south":{"uv":[0,0,16,2],"texture":"#0"},"west":{"uv":[0,0,1,2],"texture":"#0"},"up":{"uv":[0,0,16,1],"texture":"#0"},"down":{"uv":[0,0,16,1],"texture":"#0"}}},{"name":"Backplate3","from":[11.76,-3.22,11.12],"to":[24.24,-1.66,11.9],"rotation":{"angle":22.5,"axis":"x","origin":[18,-7.9,8]},"faces":{"north":{"uv":[0,0,16,2],"texture":"#0"},"east":{"uv":[0,0,1,2],"texture":"#0"},"south":{"uv":[0,0,16,2],"texture":"#0"},"west":{"uv":[0,0,1,2],"texture":"#0"},"up":{"uv":[0,0,16,1],"texture":"#0"},"down":{"uv":[0,0,16,1],"texture":"#0"}}},{"name":"Backplate4","from":[11.76,-1.27,11.12],"to":[24.24,0.29,11.9],"rotation":{"angle":22.5,"axis":"x","origin":[18,-7.9,8]},"faces":{"north":{"uv":[0,0,16,2],"texture":"#0"},"east":{"uv":[0,0,1,2],"texture":"#0"},"south":{"uv":[0,0,16,2],"texture":"#0"},"west":{"uv":[0,0,1,2],"texture":"#0"},"up":{"uv":[0,0,16,1],"texture":"#0"},"down":{"uv":[0,0,16,1],"texture":"#0"}}},{"name":"Backplate5","from":[11.76,0.68,11.12],"to":[24.24,2.24,11.9],"rotation":{"angle":22.5,"axis":"x","origin":[18,-7.9,8]},"faces":{"north":{"uv":[0,0,16,2],"texture":"#0"},"east":{"uv":[0,0,1,2],"texture":"#0"},"south":{"uv":[0,0,16,2],"texture":"#0"},"west":{"uv":[0,0,1,2],"texture":"#0"},"up":{"uv":[0,0,16,1],"texture":"#0"},"down":{"uv":[0,0,16,1],"texture":"#0"}}},{"name":"Bottomconnector2","from":[21.12,-9.85,2.93],"to":[22.68,-9.07,11.9],"faces":{"north":{"uv":[0,0,2,1],"texture":"#1"},"east":{"uv":[0,0,11.5,1],"texture":"#1"},"south":{"uv":[0,0,2,1],"texture":"#1"},"west":{"uv":[0,0,11.5,1],"texture":"#1"},"up":{"uv":[0,0,2,11.5],"texture":"#1"},"down":{"uv":[0,0,2,11.5],"texture":"#1"}}},{"name":"Backconnector2","from":[21.12,-8.20829,11.44655],"to":[22.68,1.46371,12.22655],"rotation":{"angle":22.5,"axis":"x","origin":[18,-8.20829,7.93655]},"faces":{"north":{"uv":[0,0,2,12.4],"texture":"#1"},"east":{"uv":[0,0,1,12.4],"texture":"#1"},"south":{"uv":[0,0,2,12.4],"texture":"#1"},"west":{"uv":[0,0,1,12.4],"texture":"#1"},"up":{"uv":[0,0,2,1],"texture":"#1"},"down":{"uv":[0,0,2,1],"texture":"#1"}}},{"name":"armrest4.4","from":[1.14,-14.03902,2.04512],"to":[1.92,-9.38402,2.82512],"rotation":{"angle":45,"axis":"x","origin":[0.905,-11.79902,2.43512]},"faces":{"north":{"uv":[0,0,1,6],"texture":"#1"},"east":{"uv":[0,0,1,6],"texture":"#1"},"south":{"uv":[0,0,1,6],"texture":"#1"},"west":{"uv":[0,0,1,6],"texture":"#1"},"up":{"uv":[0,0,1,1],"texture":"#1"},"down":{"uv":[0,0,1,1],"texture":"#1"}}},{"name":"armrest5.5","from":[-0.11,-14.03902,2.04512],"to":[0.67,-9.38402,2.82512],"rotation":{"angle":45,"axis":"x","origin":[0.905,-11.79902,2.43512]},"faces":{"north":{"uv":[0,0,1,6],"texture":"#1"},"east":{"uv":[0,0,1,6],"texture":"#1"},"south":{"uv":[0,0,1,6],"texture":"#1"},"west":{"uv":[0,0,1,6],"texture":"#1"},"up":{"uv":[0,0,1,1],"texture":"#1"},"down":{"uv":[0,0,1,1],"texture":"#1"}}},{"name":"armrest5.5","from":[14.08,-14.03902,2.04512],"to":[14.86,-9.38402,2.82512],"rotation":{"angle":45,"axis":"x","origin":[15.095,-11.79902,2.43512]},"faces":{"north":{"uv":[1,0,0,6],"texture":"#1"},"east":{"uv":[1,0,0,6],"texture":"#1"},"south":{"uv":[1,0,0,6],"texture":"#1"},"west":{"uv":[1,0,0,6],"texture":"#1"},"up":{"uv":[1,0,0,1],"texture":"#1"},"down":{"uv":[1,0,0,1],"texture":"#1"}}},{"name":"armrest6.6","from":[15.33,-14.03902,2.04512],"to":[16.11,-9.38402,2.82512],"rotation":{"angle":45,"axis":"x","origin":[15.095,-11.79902,2.43512]},"faces":{"north":{"uv":[1,0,0,6],"texture":"#1"},"east":{"uv":[1,0,0,6],"texture":"#1"},"south":{"uv":[1,0,0,6],"texture":"#1"},"west":{"uv":[1,0,0,6],"texture":"#1"},"up":{"uv":[1,0,0,1],"texture":"#1"},"down":{"uv":[1,0,0,1],"texture":"#1"}}},{"name":"Backconnector3","from":[-6.68,-8.20829,11.44655],"to":[-5.12,1.46371,12.22655],"rotation":{"angle":22.5,"axis":"x","origin":[-2,-8.20829,7.93655]},"faces":{"north":{"uv":[2,0,0,12.4],"texture":"#1"},"east":{"uv":[1,0,0,12.4],"texture":"#1"},"south":{"uv":[2,0,0,12.4],"texture":"#1"},"west":{"uv":[1,0,0,12.4],"texture":"#1"},"up":{"uv":[2,0,0,1],"texture":"#1"},"down":{"uv":[2,0,0,1],"texture":"#1"}}},{"name":"Bottomconnector3","from":[-6.68,-9.85,2.93],"to":[-5.12,-9.07,11.9],"faces":{"north":{"uv":[2,0,0,1],"texture":"#1"},"east":{"uv":[11.5,0,0,1],"texture":"#1"},"south":{"uv":[2,0,0,1],"texture":"#1"},"west":{"uv":[11.5,0,0,1],"texture":"#1"},"up":{"uv":[2,0,0,11.5],"texture":"#1"},"down":{"uv":[2,0,0,11.5],"texture":"#1"}}},{"name":"Backplate6","from":[-8.24,0.68,11.12],"to":[11.76,2.24,11.9],"rotation":{"angle":22.5,"axis":"x","origin":[-2,-7.9,8]},"faces":{"north":{"uv":[16,0,0,2],"texture":"#0"},"east":{"uv":[1,0,0,2],"texture":"#0"},"south":{"uv":[16,0,0,2],"texture":"#0"},"west":{"uv":[1,0,0,2],"texture":"#0"},"up":{"uv":[16,0,0,1],"texture":"#0"},"down":{"uv":[16,0,0,1],"texture":"#0"}}},{"name":"Backplate5","from":[-8.24,-1.27,11.12],"to":[11.76,0.29,11.9],"rotation":{"angle":22.5,"axis":"x","origin":[-2,-7.9,8]},"faces":{"north":{"uv":[16,0,0,2],"texture":"#0"},"east":{"uv":[1,0,0,2],"texture":"#0"},"south":{"uv":[16,0,0,2],"texture":"#0"},"west":{"uv":[1,0,0,2],"texture":"#0"},"up":{"uv":[16,0,0,1],"texture":"#0"},"down":{"uv":[16,0,0,1],"texture":"#0"}}},{"name":"Backplate4","from":[-8.24,-3.22,11.12],"to":[11.76,-1.66,11.9],"rotation":{"angle":22.5,"axis":"x","origin":[-2,-7.9,8]},"faces":{"north":{"uv":[16,0,0,2],"texture":"#0"},"east":{"uv":[1,0,0,2],"texture":"#0"},"south":{"uv":[16,0,0,2],"texture":"#0"},"west":{"uv":[1,0,0,2],"texture":"#0"},"up":{"uv":[16,0,0,1],"texture":"#0"},"down":{"uv":[16,0,0,1],"texture":"#0"}}},{"name":"Backplate3","from":[-8.24,-5.17,11.12],"to":[11.76,-3.61,11.9],"rotation":{"angle":22.5,"axis":"x","origin":[-2,-7.9,8]},"faces":{"north":{"uv":[16,0,0,2],"texture":"#0"},"east":{"uv":[1,0,0,2],"texture":"#0"},"south":{"uv":[16,0,0,2],"texture":"#0"},"west":{"uv":[3,2,2,4],"texture":"#0"},"up":{"uv":[16,0,0,1],"texture":"#0"},"down":{"uv":[16,0,0,1],"texture":"#0"}}},{"name":"Backplate2","from":[-8.24,-7.12,11.12],"to":[11.76,-5.56,11.9],"rotation":{"angle":22.5,"axis":"x","origin":[-2,-7.9,8]},"faces":{"north":{"uv":[16,0,0,2],"texture":"#0"},"east":{"uv":[1,0,0,2],"texture":"#0"},"south":{"uv":[16,0,0,2],"texture":"#0"},"west":{"uv":[1,0,0,2],"texture":"#0"},"up":{"uv":[16,0,0,1],"texture":"#0"},"down":{"uv":[16,0,0,1],"texture":"#0"}}},{"name":"Baseplate6","from":[-8.24,-9.46,9.56],"to":[11.76,-8.68,11.12],"faces":{"north":{"uv":[16,0,0,1],"texture":"#0"},"east":{"uv":[2,0,0,1],"texture":"#0"},"south":{"uv":[16,0,0,1],"texture":"#0"},"west":{"uv":[2,0,0,1],"texture":"#0"},"up":{"uv":[16,0,0,2],"texture":"#0"},"down":{"uv":[16,0,0,2],"texture":"#0"}}},{"name":"Baseplate5","from":[-8.24,-9.46,7.61],"to":[11.76,-8.68,9.17],"faces":{"north":{"uv":[16,0,0,1],"texture":"#0"},"east":{"uv":[2,0,0,1],"texture":"#0"},"south":{"uv":[16,0,0,1],"texture":"#0"},"west":{"uv":[2,0,0,1],"texture":"#0"},"up":{"uv":[0,0,16,1.56],"texture":"#0"},"down":{"uv":[16,0,0,2],"texture":"#0"}}},{"name":"Baseplate4","from":[-8.24,-9.46,5.66],"to":[11.76,-8.68,7.22],"faces":{"north":{"uv":[16,0,0,1],"texture":"#0"},"east":{"uv":[2,0,0,1],"texture":"#0"},"south":{"uv":[16,0,0,1],"texture":"#0"},"west":{"uv":[2,0,0,1],"texture":"#0"},"up":{"uv":[16,0,0,2],"texture":"#0"},"down":{"uv":[16,0,0,2],"texture":"#0"}}},{"name":"Baseplate3","from":[-8.24,-9.46,3.71],"to":[11.76,-8.68,5.27],"faces":{"north":{"uv":[16,0,0,1],"texture":"#0"},"east":{"uv":[2,0,0,1],"texture":"#0"},"south":{"uv":[16,0,0,1],"texture":"#0"},"west":{"uv":[2,0,0,1],"texture":"#0"},"up":{"uv":[16,0,0,2],"texture":"#0"},"down":{"uv":[16,0,0,2],"texture":"#0"}}},{"name":"Baseplate2","from":[-8.24,-7.354,0.2],"to":[11.76,-6.574,1.76],"rotation":{"angle":-22.5,"axis":"x","origin":[-2,-4,8]},"faces":{"north":{"uv":[16,0,0,1],"texture":"#0"},"east":{"uv":[2,0,0,1],"texture":"#0"},"south":{"uv":[16,0,0,1],"texture":"#0"},"west":{"uv":[2,0,0,1],"texture":"#0"},"up":{"uv":[16,0,0,2],"texture":"#0"},"down":{"uv":[16,0,0,2],"texture":"#0"}}},{"name":"Baseplate5","from":[-9.24,-10.46,3.16],"to":[25.26,-9.68,11.72],"faces":{"north":{"uv":[16,0,0,1],"texture":"#1"},"east":{"uv":[2,0,0,1],"texture":"#1"},"south":{"uv":[16,0,0,1],"texture":"#1"},"west":{"uv":[2,0,0,1],"texture":"#1"},"up":{"uv":[0,1,16,4.55938],"texture":"#1"},"down":{"uv":[0,2,16,5.55938],"texture":"#1"}}},{"name":"Baseplate3","from":[-3.24,-13.71,0.21],"to":[5.24,-12.93,1.77],"faces":{"north":{"uv":[0,0,16,1],"texture":"#3"},"east":{"uv":[0,0,2,1],"texture":"#3"},"south":{"uv":[0,0,16,1],"texture":"#3"},"west":{"uv":[0,0,2,1],"texture":"#3"},"up":{"uv":[0,0,16,2],"texture":"#3"},"down":{"uv":[0,0,16,2],"texture":"#3"}}},{"name":"Baseplate4","from":[10.76,-13.71,0.21],"to":[19.24,-12.93,1.77],"faces":{"north":{"uv":[16,0,0,1],"texture":"#3"},"east":{"uv":[2,0,0,1],"texture":"#3"},"south":{"uv":[16,0,0,1],"texture":"#3"},"west":{"uv":[2,0,0,1],"texture":"#3"},"up":{"uv":[16,0,0,2],"texture":"#3"},"down":{"uv":[16,0,0,2],"texture":"#3"}}},{"name":"Baseplate6","from":[-8.74,-9.71,4.66],"to":[-8.24,-4.90952,11.27063],"faces":{"north":{"uv":[0,0,0.5,4.80048],"texture":"#3"},"east":{"uv":[0,0,6.61063,4.80048],"texture":"#3"},"south":{"uv":[0,0,0.5,4.80048],"texture":"#3"},"west":{"uv":[0,0,6.61063,4.80048],"texture":"#3"},"up":{"uv":[0,0,0.5,6.61063],"texture":"#3"},"down":{"uv":[0,0,0.5,6.61063],"texture":"#3"}}},{"name":"Baseplate7","from":[-9.49,-9.21,6.16],"to":[-8.74,-6.93,9.97],"faces":{"north":{"uv":[0,0,0.75,2.28],"texture":"#3"},"east":{"uv":[0,0,6.56,2.28],"texture":"#3"},"south":{"uv":[0,0,0.75,2.28],"texture":"#3"},"west":{"uv":[0,0,6.56,2.28],"texture":"#3"},"up":{"uv":[0,0,0.5,7.56],"texture":"#3"},"down":{"uv":[0,2,16,5.55938],"texture":"#3"}}},{"name":"Baseplate8","from":[-9.415,-6.96,7.16],"to":[-8.74,4.32,8.97],"faces":{"north":{"uv":[0,0,0.75,2.28],"texture":"#3"},"east":{"uv":[0,0,1.56,2.28],"texture":"#3"},"south":{"uv":[0,0,0.75,2.28],"texture":"#3"},"west":{"uv":[0,0,1.56,2.28],"texture":"#3"},"up":{"uv":[0,0,0.5,7.56],"texture":"#3"},"down":{"uv":[0,2,16,5.55938],"texture":"#3"}}},{"name":"Baseplate9","from":[-7.85192,1.25813,7.16],"to":[-7.17692,6.53813,8.97],"rotation":{"angle":-22.5,"axis":"z","origin":[-0.93692,6.71813,8.5]},"faces":{"north":{"uv":[0,0,0.75,2.28],"texture":"#3"},"east":{"uv":[0,0,1.56,2.28],"texture":"#3"},"south":{"uv":[0,0,0.75,2.28],"texture":"#3"},"west":{"uv":[0,0,1.56,2.28],"texture":"#3"},"up":{"uv":[0,0,0.5,7.56],"texture":"#3"},"down":{"uv":[0,2,16,5.55938],"texture":"#3"}}},{"name":"Baseplate10","from":[-5.16379,11.13891,7.16],"to":[0.11621,11.81391,8.97],"rotation":{"angle":22.5,"axis":"z","origin":[0.29621,4.89891,8.5]},"faces":{"north":{"uv":[0,0,0.75,2.28],"rotation":270,"texture":"#3"},"east":{"uv":[0,0,0.5,7.56],"rotation":270,"texture":"#3"},"south":{"uv":[0,0,0.75,2.28],"rotation":90,"texture":"#3"},"west":{"uv":[0,2,16,5.55938],"rotation":270,"texture":"#3"},"up":{"uv":[0,0,1.56,2.28],"rotation":90,"texture":"#3"},"down":{"uv":[0,0,1.56,2.28],"rotation":270,"texture":"#3"}}},{"name":"Baseplate11","from":[-2.51635,10.54365,7.16],"to":[5.76365,11.21865,8.97],"faces":{"north":{"uv":[0,0,0.75,2.28],"rotation":270,"texture":"#3"},"east":{"uv":[0,0,0.5,7.56],"rotation":270,"texture":"#3"},"south":{"uv":[0,0,0.75,2.28],"rotation":90,"texture":"#3"},"west":{"uv":[0,2,16,5.55938],"rotation":270,"texture":"#3"},"up":{"uv":[0,0,1.56,2.28],"rotation":90,"texture":"#3"},"down":{"uv":[0,0,1.56,2.28],"rotation":270,"texture":"#3"}}},{"name":"Baseplate12","from":[10.23635,10.54365,7.16],"to":[18.51635,11.21865,8.97],"faces":{"north":{"uv":[0,2.28,0.75,0],"rotation":270,"texture":"#3"},"east":{"uv":[0,5.55938,16,2],"rotation":270,"texture":"#3"},"south":{"uv":[0,2.28,0.75,0],"rotation":90,"texture":"#3"},"west":{"uv":[0,7.56,0.5,0],"rotation":270,"texture":"#3"},"up":{"uv":[0,2.28,1.56,0],"rotation":90,"texture":"#3"},"down":{"uv":[0,2.28,1.56,0],"rotation":270,"texture":"#3"}}},{"name":"Baseplate11","from":[15.88379,11.13891,7.16],"to":[21.16379,11.81391,8.97],"rotation":{"angle":-22.5,"axis":"z","origin":[15.70379,4.89891,8.5]},"faces":{"north":{"uv":[0,2.28,0.75,0],"rotation":270,"texture":"#3"},"east":{"uv":[0,5.55938,16,2],"rotation":270,"texture":"#3"},"south":{"uv":[0,2.28,0.75,0],"rotation":90,"texture":"#3"},"west":{"uv":[0,7.56,0.5,0],"rotation":270,"texture":"#3"},"up":{"uv":[0,2.28,1.56,0],"rotation":90,"texture":"#3"},"down":{"uv":[0,2.28,1.56,0],"rotation":270,"texture":"#3"}}},{"name":"Baseplate10","from":[23.17692,1.25813,7.16],"to":[23.85192,6.53813,8.97],"rotation":{"angle":22.5,"axis":"z","origin":[16.93692,6.71813,8.5]},"faces":{"north":{"uv":[0.75,0,0,2.28],"texture":"#3"},"east":{"uv":[1.56,0,0,2.28],"texture":"#3"},"south":{"uv":[0.75,0,0,2.28],"texture":"#3"},"west":{"uv":[1.56,0,0,2.28],"texture":"#3"},"up":{"uv":[0.5,0,0,7.56],"texture":"#3"},"down":{"uv":[16,2,0,5.55938],"texture":"#3"}}},{"name":"Baseplate9","from":[24.74,-6.96,7.16],"to":[25.415,4.32,8.97],"faces":{"north":{"uv":[0.75,0,0,2.28],"texture":"#3"},"east":{"uv":[1.56,0,0,2.28],"texture":"#3"},"south":{"uv":[0.75,0,0,2.28],"texture":"#3"},"west":{"uv":[1.56,0,0,2.28],"texture":"#3"},"up":{"uv":[0.5,0,0,7.56],"texture":"#3"},"down":{"uv":[16,2,0,5.55938],"texture":"#3"}}},{"name":"Baseplate8","from":[24.74,-9.21,6.16],"to":[25.49,-6.93,9.97],"faces":{"north":{"uv":[0.75,0,0,2.28],"texture":"#3"},"east":{"uv":[6.56,0,0,2.28],"texture":"#3"},"south":{"uv":[0.75,0,0,2.28],"texture":"#3"},"west":{"uv":[6.56,0,0,2.28],"texture":"#3"},"up":{"uv":[0.5,0,0,7.56],"texture":"#3"},"down":{"uv":[16,2,0,5.55938],"texture":"#3"}}},{"name":"Baseplate13","from":[2.48635,10.29365,6.91],"to":[13.51635,11.46865,9.22],"faces":{"north":{"uv":[0,0,11.03,1.175],"rotation":180,"texture":"#1"},"east":{"uv":[0,0,2.31,1.175],"rotation":270,"texture":"#1"},"south":{"uv":[0,0,11.03,1.175],"rotation":180,"texture":"#1"},"west":{"uv":[0,0,2.31,1.175],"rotation":270,"texture":"#1"},"up":{"uv":[0,0,10.0297,1.30938],"rotation":180,"texture":"#1"},"down":{"uv":[0,0,11.03,2.31],"rotation":180,"texture":"#1"}}},{"name":"Baseplate9","from":[-9.315,-4.36,8.91],"to":[-8.84,-3.78,14.52],"faces":{"north":{"uv":[0,0,0.75,2.28],"texture":"#3"},"east":{"uv":[0,0,5.61,0.58],"texture":"#3"},"south":{"uv":[0,0,0.75,2.28],"texture":"#3"},"west":{"uv":[0,0,5.61,0.58],"texture":"#3"},"up":{"uv":[0,0,0.5,7.56],"texture":"#3"},"down":{"uv":[0,0,0.475,5.61],"texture":"#3"}}},{"name":"Baseplate10","from":[-8.84,-4.36,14.045],"to":[2.635,-3.78,14.52],"faces":{"north":{"uv":[0,0,0.75,2.28],"texture":"#3"},"east":{"uv":[0,0,1.56,2.28],"texture":"#3"},"south":{"uv":[0,0,11.475,0.58],"texture":"#3"},"west":{"uv":[0,0,1.56,2.28],"texture":"#3"},"up":{"uv":[0,0,11.475,0.475],"texture":"#3"},"down":{"uv":[0,0,11.475,0.475],"texture":"#3"}}},{"name":"Baseplate11","from":[2.635,-4.36,14.045],"to":[24.84,-3.78,14.52],"faces":{"north":{"uv":[0.75,0,0,2.28],"texture":"#3"},"east":{"uv":[1.56,0,0,2.28],"texture":"#3"},"south":{"uv":[11.475,0,0,0.58],"texture":"#3"},"west":{"uv":[1.56,0,0,2.28],"texture":"#3"},"up":{"uv":[11.475,0,0,0.475],"texture":"#3"},"down":{"uv":[11.475,0,0,0.475],"texture":"#3"}}},{"name":"Baseplate10","from":[24.84,-4.36,8.91],"to":[25.315,-3.78,14.52],"faces":{"north":{"uv":[0.75,0,0,2.28],"texture":"#3"},"east":{"uv":[5.61,0,0,0.58],"texture":"#3"},"south":{"uv":[0.75,0,0,2.28],"texture":"#3"},"west":{"uv":[5.61,0,0,0.58],"texture":"#3"},"up":{"uv":[0.5,0,0,7.56],"texture":"#3"},"down":{"uv":[0.475,0,0,5.61],"texture":"#3"}}},{"name":"Baseplate11","from":[6.53621,10.18609,7.16],"to":[11.81621,10.86109,8.97],"rotation":{"angle":-22.5,"axis":"z","origin":[11.99621,17.10109,8.5]},"faces":{"north":{"uv":[0.75,0,0,2.28],"rotation":270,"texture":"#3"},"east":{"uv":[0.5,0,0,7.56],"rotation":270,"texture":"#3"},"south":{"uv":[0.75,0,0,2.28],"rotation":90,"texture":"#3"},"west":{"uv":[16,2,0,5.55938],"rotation":270,"texture":"#3"},"up":{"uv":[1.56,0,0,2.28],"rotation":270,"texture":"#3"},"down":{"uv":[1.56,0,0,2.28],"rotation":90,"texture":"#3"}}},{"name":"Baseplate10","from":[3.84808,15.46187,7.16],"to":[4.52308,18.74187,8.97],"rotation":{"angle":22.5,"axis":"z","origin":[10.76308,15.28187,8.5]},"faces":{"north":{"uv":[0,2.28,0.75,0],"texture":"#3"},"east":{"uv":[0,2.28,1.56,0],"texture":"#3"},"south":{"uv":[0,2.28,0.75,0],"texture":"#3"},"west":{"uv":[0,2.28,1.56,0],"texture":"#3"},"up":{"uv":[0,5.55938,16,2],"texture":"#3"},"down":{"uv":[0,7.56,0.5,0],"texture":"#3"}}},{"name":"Baseplate11","from":[3.05037,15.83224,7.16],"to":[3.72537,22.81224,8.97],"faces":{"north":{"uv":[0,0,0.675,1.28],"texture":"#3"},"east":{"uv":[0,0,1.81,1.28],"texture":"#3"},"south":{"uv":[0,0,0.675,1.28],"texture":"#3"},"west":{"uv":[0,0,1.81,1.28],"texture":"#3"},"up":{"uv":[0,0,0.675,1.81],"texture":"#3"},"down":{"uv":[0,0,0.675,1.81],"texture":"#3"}}},{"name":"Baseplate12","from":[7.5,28.58224,7.15],"to":[8.5,29.86224,8.96],"faces":{"north":{"uv":[0,0,1,1.28],"texture":"#3"},"east":{"uv":[0,0,1.81,1.28],"texture":"#3"},"south":{"uv":[0,0,1,1.28],"texture":"#3"},"west":{"uv":[0,0,1.81,1.28],"texture":"#3"},"up":{"uv":[0,0,1,1.81],"texture":"#3"},"down":{"uv":[0,0,1,1.81],"texture":"#3"}}},{"name":"Baseplate13","from":[6.825,27.83224,7.15],"to":[7.5,29.86224,8.96],"faces":{"north":{"uv":[0,0,0.675,2.03],"texture":"#3"},"east":{"uv":[0,0,1.81,2.03],"texture":"#3"},"south":{"uv":[0,0,0.675,2.03],"texture":"#3"},"west":{"uv":[0,0,1.81,2.03],"texture":"#3"},"up":{"uv":[0,0,0.675,1.81],"texture":"#3"},"down":{"uv":[0,0,0.675,1.81],"texture":"#3"}}},{"name":"Baseplate14","from":[8.5,27.83224,7.15],"to":[9.175,29.86224,8.96],"faces":{"north":{"uv":[0,0,0.675,2.03],"texture":"#3"},"east":{"uv":[0,0,1.81,2.03],"texture":"#3"},"south":{"uv":[0,0,0.675,2.03],"texture":"#3"},"west":{"uv":[0,0,1.81,2.03],"texture":"#3"},"up":{"uv":[0,0,0.675,1.81],"texture":"#3"},"down":{"uv":[0,0,0.675,1.81],"texture":"#3"}}},{"name":"Baseplate12","from":[2.85511,20.07968,7.16],"to":[3.53011,27.40968,8.97],"rotation":{"angle":-22.5,"axis":"z","origin":[9.77011,20.94968,8.5]},"faces":{"north":{"uv":[0,2.28,0.75,0],"texture":"#3"},"east":{"uv":[0,2.28,1.56,0],"texture":"#3"},"south":{"uv":[0,2.28,0.75,0],"texture":"#3"},"west":{"uv":[0,2.28,1.56,0],"texture":"#3"},"up":{"uv":[0,0,0.675,1.81],"texture":"#3"},"down":{"uv":[0,7.56,0.5,0],"texture":"#3"}}},{"name":"Baseplate14","from":[4.73635,29.19365,7.01],"to":[9.51635,29.96865,9.12],"faces":{"north":{"uv":[0,2.28,0.75,0],"rotation":270,"texture":"#2"},"east":{"uv":[0,5.55938,16,2],"rotation":270,"texture":"#2"},"south":{"uv":[0,2.28,0.75,0],"rotation":90,"texture":"#2"},"west":{"uv":[0,7.56,0.5,0],"rotation":270,"texture":"#2"},"up":{"uv":[0,2.28,1.56,0],"rotation":90,"texture":"#2"},"down":{"uv":[0,2.28,1.56,0],"rotation":270,"texture":"#2"}}},{"name":"Baseplate15","from":[3.93635,29.29365,7.76],"to":[10.31635,29.86865,8.37],"faces":{"north":{"uv":[0,2.28,0.75,0],"rotation":270,"texture":"#2"},"east":{"uv":[0,5.55938,16,2],"rotation":270,"texture":"#2"},"south":{"uv":[0,2.28,0.75,0],"rotation":90,"texture":"#2"},"west":{"uv":[0,7.56,0.5,0],"rotation":270,"texture":"#2"},"up":{"uv":[0,2.28,1.56,0],"rotation":90,"texture":"#2"},"down":{"uv":[0,2.28,1.56,0],"rotation":270,"texture":"#2"}}},{"name":"Baseplate12","from":[3.65037,29.18224,7.61],"to":[4.02537,29.96224,8.52],"faces":{"north":{"uv":[0,2.28,0.75,0],"texture":"#3"},"east":{"uv":[0,2.28,1.56,0],"texture":"#3"},"south":{"uv":[0,2.28,0.75,0],"texture":"#3"},"west":{"uv":[0,2.28,1.56,0],"texture":"#3"},"up":{"uv":[0,0,0.675,1.81],"texture":"#3"},"down":{"uv":[0,7.56,0.5,0],"texture":"#3"}}},{"name":"Baseplate13","from":[10.15037,29.18224,7.61],"to":[10.52537,29.96224,8.52],"faces":{"north":{"uv":[0,2.28,0.75,0],"texture":"#3"},"east":{"uv":[0,2.28,1.56,0],"texture":"#3"},"south":{"uv":[0,2.28,0.75,0],"texture":"#3"},"west":{"uv":[0,2.28,1.56,0],"texture":"#3"},"up":{"uv":[0,0,0.675,1.81],"texture":"#3"},"down":{"uv":[0,7.56,0.5,0],"texture":"#3"}}},{"name":"Baseplate15","from":[4.13109,30.03333,7.51],"to":[6.91109,30.80833,8.62],"rotation":{"angle":-45,"axis":"z","origin":[5.52109,30.42083,8.065]},"faces":{"north":{"uv":[0,0,2.78,0.775],"rotation":270,"texture":"#4"},"east":{"uv":[0,0,1.11,0.775],"rotation":270,"texture":"#4"},"south":{"uv":[0,0,2.78,0.775],"rotation":90,"texture":"#4"},"west":{"uv":[0,0,1.11,0.775],"rotation":270,"texture":"#4"},"up":{"uv":[0,0,2.78,1.11],"rotation":90,"texture":"#4"},"down":{"uv":[0,0,2.78,1.11],"rotation":270,"texture":"#4"}}},{"name":"Baseplate16","from":[7.38891,30.03333,7.51],"to":[10.16891,30.80833,8.62],"rotation":{"angle":45,"axis":"z","origin":[8.77891,30.42083,8.065]},"faces":{"north":{"uv":[0,0.775,2.78,0],"rotation":270,"texture":"#4"},"east":{"uv":[0,0.775,1.11,0],"rotation":270,"texture":"#4"},"south":{"uv":[0,0.775,2.78,0],"rotation":90,"texture":"#4"},"west":{"uv":[0,0.775,1.11,0],"rotation":270,"texture":"#4"},"up":{"uv":[0,1.11,2.78,0],"rotation":90,"texture":"#4"},"down":{"uv":[0,1.11,2.78,0],"rotation":270,"texture":"#4"}}},{"name":"Baseplate16","from":[4.03109,29.93333,7.41],"to":[4.31109,30.90833,8.72],"rotation":{"angle":-45,"axis":"z","origin":[5.52109,30.42083,8.065]},"faces":{"north":{"uv":[0,0,0.28,0.975],"rotation":270,"texture":"#3"},"east":{"uv":[0,0,1.31,0.975],"rotation":270,"texture":"#3"},"south":{"uv":[0,0,0.28,0.975],"rotation":90,"texture":"#3"},"west":{"uv":[0,0,1.31,0.975],"rotation":270,"texture":"#3"},"up":{"uv":[0,0,0.28,1.31],"rotation":90,"texture":"#3"},"down":{"uv":[0,0,0.28,1.31],"rotation":270,"texture":"#3"}}},{"name":"Baseplate17","from":[10.01391,29.93333,7.41],"to":[10.29391,30.90833,8.72],"rotation":{"angle":45,"axis":"z","origin":[8.80391,30.42083,8.065]},"faces":{"north":{"uv":[0,0,0.28,0.975],"rotation":270,"texture":"#3"},"east":{"uv":[0,0,1.31,0.975],"rotation":270,"texture":"#3"},"south":{"uv":[0,0,0.28,0.975],"rotation":90,"texture":"#3"},"west":{"uv":[0,0,1.31,0.975],"rotation":270,"texture":"#3"},"up":{"uv":[0,0,0.28,1.31],"rotation":90,"texture":"#3"},"down":{"uv":[0,0,0.28,1.31],"rotation":270,"texture":"#3"}}},{"name":"Baseplate7","from":[-8.741,-10.41,14.66],"to":[-8.241,-5.53,16.745],"rotation":{"angle":22.5,"axis":"x","origin":[8,3.3,14.525]},"faces":{"north":{"uv":[0,0,0.5,4.88],"texture":"#3"},"east":{"uv":[0,0,2.085,4.88],"texture":"#3"},"south":{"uv":[0,0,0.5,4.88],"texture":"#3"},"west":{"uv":[0,0,2.085,4.88],"texture":"#3"},"up":{"uv":[0,0,0.5,2.085],"texture":"#3"},"down":{"uv":[0,0,0.5,2.085],"texture":"#3"}}},{"name":"Baseplate8","from":[-8.741,-10.41,-0.81437],"to":[-8.241,-5.53,1.27063],"rotation":{"angle":-22.5,"axis":"x","origin":[8,3.3,1.40563]},"faces":{"north":{"uv":[0,0,0.5,4.88],"texture":"#3"},"east":{"uv":[0,0,2.085,4.88],"texture":"#3"},"south":{"uv":[0,0,0.5,4.88],"texture":"#3"},"west":{"uv":[0,0,2.085,4.88],"texture":"#3"},"up":{"uv":[0,0,0.5,2.085],"texture":"#3"},"down":{"uv":[0,0,0.5,2.085],"texture":"#3"}}},{"name":"Baseplate9","from":[-8.74,-8.88741,2.73371],"to":[-8.24,-5.70741,4.11871],"faces":{"north":{"uv":[0,0,0.5,3.18],"texture":"#3"},"east":{"uv":[0,0,1.385,3.18],"texture":"#3"},"south":{"uv":[0,0,0.5,3.18],"texture":"#3"},"west":{"uv":[0,0,1.385,3.18],"texture":"#3"},"up":{"uv":[0,0,0.5,1.385],"texture":"#3"},"down":{"uv":[0,0,0.5,1.385],"texture":"#3"}}},{"name":"Baseplate10","from":[-8.742,-10.09,-0.81437],"to":[-8.242,-8.71,0.57063],"rotation":{"angle":-22.5,"axis":"x","origin":[8,0.12,1.40563]},"faces":{"north":{"uv":[0,0,0.5,1.38],"texture":"#3"},"east":{"uv":[0,0,1.385,1.38],"texture":"#3"},"south":{"uv":[0,0,0.5,1.38],"texture":"#3"},"west":{"uv":[0,0,1.385,1.38],"texture":"#3"},"up":{"uv":[0,0,0.5,1.385],"texture":"#3"},"down":{"uv":[0,0,0.5,1.385],"texture":"#3"}}},{"name":"Baseplate7","from":[24.24,-9.71,4.66],"to":[24.74,-4.90952,11.27063],"faces":{"north":{"uv":[0.5,0,0,4.80048],"texture":"#3"},"east":{"uv":[6.61063,0,0,4.80048],"texture":"#3"},"south":{"uv":[0.5,0,0,4.80048],"texture":"#3"},"west":{"uv":[6.61063,0,0,4.80048],"texture":"#3"},"up":{"uv":[0.5,0,0,6.61063],"texture":"#3"},"down":{"uv":[0.5,0,0,6.61063],"texture":"#3"}}},{"name":"Baseplate9","from":[24.241,-10.41,-0.81437],"to":[24.741,-5.53,1.27063],"rotation":{"angle":-22.5,"axis":"x","origin":[8,3.3,1.40563]},"faces":{"north":{"uv":[0.5,0,0,4.88],"texture":"#3"},"east":{"uv":[2.085,0,0,4.88],"texture":"#3"},"south":{"uv":[0.5,0,0,4.88],"texture":"#3"},"west":{"uv":[2.085,0,0,4.88],"texture":"#3"},"up":{"uv":[0.5,0,0,2.085],"texture":"#3"},"down":{"uv":[0.5,0,0,2.085],"texture":"#3"}}},{"name":"Baseplate10","from":[24.24,-8.88741,2.73371],"to":[24.74,-5.70741,4.11871],"faces":{"north":{"uv":[0.5,0,0,3.18],"texture":"#3"},"east":{"uv":[1.385,0,0,3.18],"texture":"#3"},"south":{"uv":[0.5,0,0,3.18],"texture":"#3"},"west":{"uv":[1.385,0,0,3.18],"texture":"#3"},"up":{"uv":[0.5,0,0,1.385],"texture":"#3"},"down":{"uv":[0.5,0,0,1.385],"texture":"#3"}}},{"name":"Baseplate11","from":[24.242,-10.09,-0.81437],"to":[24.742,-8.71,0.57063],"rotation":{"angle":-22.5,"axis":"x","origin":[8,0.12,1.40563]},"faces":{"north":{"uv":[0.5,0,0,1.38],"texture":"#3"},"east":{"uv":[1.385,0,0,1.38],"texture":"#3"},"south":{"uv":[0.5,0,0,1.38],"texture":"#3"},"west":{"uv":[1.385,0,0,1.38],"texture":"#3"},"up":{"uv":[0.5,0,0,1.385],"texture":"#3"},"down":{"uv":[0.5,0,0,1.385],"texture":"#3"}}},{"name":"Baseplate8","from":[24.241,-10.41,14.66],"to":[24.741,-5.53,16.745],"rotation":{"angle":22.5,"axis":"x","origin":[8,3.3,14.525]},"faces":{"north":{"uv":[0.5,0,0,4.88],"texture":"#3"},"east":{"uv":[2.085,0,0,4.88],"texture":"#3"},"south":{"uv":[0.5,0,0,4.88],"texture":"#3"},"west":{"uv":[2.085,0,0,4.88],"texture":"#3"},"up":{"uv":[0.5,0,0,2.085],"texture":"#3"},"down":{"uv":[0.5,0,0,2.085],"texture":"#3"}}}],"display":{"thirdperson_righthand":{"rotation":[0,180,0],"translation":[0,2,0],"scale":[0.3,0.3,0.3]},"thirdperson_lefthand":{"rotation":[0,180,0],"translation":[0,2,0],"scale":[0.3,0.3,0.3]},"firstperson_righthand":{"rotation":[0,155,0],"translation":[6.5,3.5,-9],"scale":[0.4,0.4,0.4]},"firstperson_lefthand":{"rotation":[0,155,0],"translation":[6.5,3.5,-9],"scale":[0.4,0.4,0.4]},"gui":{"rotation":[30,-135,0],"translation":[0,0.5,0],"scale":[0.3,0.3,0.3]},"head":{"translation":[0,32,0],"scale":[1.9,1.9,1.9]}},"groups":[0,1,2,3,4,5,6,7,8,9,10,11,{"name":"group","origin":[8,8,8],"children":[12,13,14,15]},16,17,18,19,20,21,22,23,24,25,26,27,28,29,30,31,32,33,34,35,36,37,38,39,40,41,42,43,44,45,46,47,48,49,50,51,52,53,54,55,56,57,58,59,60,61,62,63,64,65,66,67,68,69,70],"credit":"Model by Craftventure"}