{"textures":{"texture":"block/coal_block","anvil":"block/anvil","stone_slab_top":"block/red_terracotta"},"elements":[{"from":[1.35,-1.4,5.9],"to":[6.95,-0.7,9.4],"faces":{"north":{"uv":[0,0,5.6,0.7],"texture":"#anvil"},"east":{"uv":[0,0,3.5,0.7],"texture":"#anvil"},"south":{"uv":[0,0,5.6,0.7],"texture":"#anvil"},"west":{"uv":[0,0,3.5,0.7],"texture":"#anvil"},"up":{"uv":[0,0,5.6,3.5],"texture":"#anvil"},"down":{"uv":[0,0,5.6,3.5],"texture":"#anvil"}}},{"from":[9.05,-1.4,5.9],"to":[14.65,-0.7,9.4],"faces":{"north":{"uv":[0,0,5.6,0.7],"texture":"#anvil"},"east":{"uv":[0,0,3.5,0.7],"texture":"#anvil"},"south":{"uv":[0,0,5.6,0.7],"texture":"#anvil"},"west":{"uv":[0,0,3.5,0.7],"texture":"#anvil"},"up":{"uv":[0,0,5.6,3.5],"texture":"#anvil"},"down":{"uv":[0,0,5.6,3.5],"texture":"#anvil"}}},{"from":[9.05,-0.35,10.45],"to":[14.65,1.4,11.15],"rotation":{"angle":22.5,"axis":"x","origin":[9.05,1.4,10.45]},"faces":{"north":{"uv":[0,0,5.6,1.75],"texture":"#anvil"},"east":{"uv":[0,0,0.7,1.75],"texture":"#anvil"},"south":{"uv":[0,0,5.6,1.75],"texture":"#anvil"},"west":{"uv":[0,0,0.7,1.75],"texture":"#anvil"},"up":{"uv":[0,0,5.6,0.7],"texture":"#anvil"},"down":{"uv":[0,0,5.6,0.7],"texture":"#anvil"}}},{"from":[9.4,-2.1,6.95],"to":[14.3,-1.4,9.4],"faces":{"north":{"uv":[0,8,6,9],"texture":"#stone_slab_top"},"east":{"uv":[6,8,9.5,9],"texture":"#stone_slab_top"},"south":{"uv":[10,8,16,9],"texture":"#stone_slab_top"},"west":{"uv":[6.5,8,10,9],"texture":"#stone_slab_top"},"up":{"uv":[10,6.5,16,10],"texture":"#stone_slab_top"},"down":{"uv":[6,10,0,6.5],"texture":"#stone_slab_top"}}},{"from":[10.45,7,10.1],"to":[13.25,7.7,10.8],"rotation":{"angle":-22.5,"axis":"x","origin":[10.45,7.7,10.1]},"faces":{"north":{"uv":[0,0,2.8,0.7],"texture":"#anvil"},"east":{"uv":[0,0,0.7,0.7],"texture":"#anvil"},"south":{"uv":[0,0,2.8,0.7],"texture":"#anvil"},"west":{"uv":[0,0,0.7,0.7],"texture":"#anvil"},"up":{"uv":[0,0,2.8,0.7],"texture":"#anvil"},"down":{"uv":[0,0,2.8,0.7],"texture":"#anvil"}}},{"from":[10.12151,4.68686,10.451],"to":[10.82151,7.18686,11.151],"rotation":{"angle":-22.5,"axis":"z","origin":[10.12151,7.48686,10.451]},"faces":{"north":{"uv":[0,0,0.7,2.8],"texture":"#anvil"},"east":{"uv":[0,0,0.7,2.8],"texture":"#anvil"},"south":{"uv":[0,0,0.7,2.8],"texture":"#anvil"},"west":{"uv":[0,0,0.7,2.8],"texture":"#anvil"},"up":{"uv":[0,0,0.7,0.7],"texture":"#anvil"},"down":{"uv":[0,0,0.7,0.7],"texture":"#anvil"}}},{"from":[17.82151,4.68686,10.451],"to":[18.52141,7.18686,11.151],"rotation":{"angle":-22.5,"axis":"z","origin":[17.82151,7.48686,10.451]},"faces":{"north":{"uv":[0,0,0.6999,2.8],"texture":"#anvil"},"east":{"uv":[0,0,0.7,2.8],"texture":"#anvil"},"south":{"uv":[0,0,0.6999,2.8],"texture":"#anvil"},"west":{"uv":[0,0,0.7,2.8],"texture":"#anvil"},"up":{"uv":[0,0,0.6999,0.7],"texture":"#anvil"},"down":{"uv":[0,0,0.6999,0.7],"texture":"#anvil"}}},{"from":[9.05,-1.66788,5.25328],"to":[11.5,-0.96788,5.95328],"rotation":{"angle":-22.5,"axis":"x","origin":[9.05,-0.96788,5.25328]},"faces":{"north":{"uv":[0,0,2.45,0.7],"texture":"#anvil"},"east":{"uv":[0,0,0.7,0.7],"texture":"#anvil"},"south":{"uv":[0,0,2.45,0.7],"texture":"#anvil"},"west":{"uv":[0,0,0.7,0.7],"texture":"#anvil"},"up":{"uv":[0,0,2.45,0.7],"texture":"#anvil"},"down":{"uv":[0,0,2.45,0.7],"texture":"#anvil"}}},{"from":[3.8,-1.00625,6.3375],"to":[4.5,-0.30625,7.3875],"rotation":{"angle":22.5,"axis":"x","origin":[3.8,-0.30625,6.3375]},"faces":{"north":{"uv":[0,0,0.7,0.7],"texture":"#anvil"},"east":{"uv":[0,0,1.05,0.7],"texture":"#anvil"},"south":{"uv":[0,0,0.7,0.7],"texture":"#anvil"},"west":{"uv":[0,0,1.05,0.7],"texture":"#anvil"},"up":{"uv":[0,0,0.7,1.05],"texture":"#anvil"},"down":{"uv":[0,0,0.7,1.05],"texture":"#anvil"}}},{"from":[9.05,1.05,10.45],"to":[14.65,4.9,11.15],"faces":{"north":{"uv":[0,0,5.6,3.85],"texture":"#anvil"},"east":{"uv":[0,0,0.7,3.85],"texture":"#anvil"},"south":{"uv":[0,0,5.6,3.85],"texture":"#anvil"},"west":{"uv":[0,0,0.7,3.85],"texture":"#anvil"},"up":{"uv":[0,0,5.6,0.7],"texture":"#anvil"},"down":{"uv":[0,0,5.6,0.7],"texture":"#anvil"}}},{"from":[4.5,-1.66788,5.25328],"to":[6.95,-0.96788,5.95328],"rotation":{"angle":-22.5,"axis":"x","origin":[4.5,-0.96788,5.25328]},"faces":{"north":{"uv":[0,0,2.45,0.7],"texture":"#anvil"},"east":{"uv":[0,0,0.7,0.7],"texture":"#anvil"},"south":{"uv":[0,0,2.45,0.7],"texture":"#anvil"},"west":{"uv":[0,0,0.7,0.7],"texture":"#anvil"},"up":{"uv":[0,0,2.45,0.7],"texture":"#anvil"},"down":{"uv":[0,0,2.45,0.7],"texture":"#anvil"}}},{"from":[19.2,-1.00625,6.3375],"to":[19.9,-0.30625,7.3875],"rotation":{"angle":22.5,"axis":"x","origin":[19.2,-0.30625,6.3375]},"faces":{"north":{"uv":[0,0,0.7,0.7],"texture":"#anvil"},"east":{"uv":[0,0,1.05,0.7],"texture":"#anvil"},"south":{"uv":[0,0,0.7,0.7],"texture":"#anvil"},"west":{"uv":[0,0,1.05,0.7],"texture":"#anvil"},"up":{"uv":[0,0,0.7,1.05],"texture":"#anvil"},"down":{"uv":[0,0,0.7,1.05],"texture":"#anvil"}}},{"from":[1.35,-1.3125,9.96875],"to":[6.95,0.0875,10.6687],"rotation":{"angle":45,"axis":"x","origin":[1.35,0.0875,9.96875]},"faces":{"north":{"uv":[0,0,5.6,1.4],"texture":"#anvil"},"east":{"uv":[0,0,0.69995,1.4],"texture":"#anvil"},"south":{"uv":[0,0,5.6,1.4],"texture":"#anvil"},"west":{"uv":[0,0,0.69995,1.4],"texture":"#anvil"},"up":{"uv":[0,0,5.6,0.69995],"texture":"#anvil"},"down":{"uv":[0,0,5.6,0.69995],"texture":"#anvil"}}},{"from":[1.35,-0.35,10.45],"to":[6.95,1.4,11.15],"rotation":{"angle":22.5,"axis":"x","origin":[1.35,1.4,10.45]},"faces":{"north":{"uv":[0,0,5.6,1.75],"texture":"#anvil"},"east":{"uv":[0,0,0.7,1.75],"texture":"#anvil"},"south":{"uv":[0,0,5.6,1.75],"texture":"#anvil"},"west":{"uv":[0,0,0.7,1.75],"texture":"#anvil"},"up":{"uv":[0,0,5.6,0.7],"texture":"#anvil"},"down":{"uv":[0,0,5.6,0.7],"texture":"#anvil"}}},{"from":[1.35,1.05,10.45],"to":[6.95,4.9,11.15],"faces":{"north":{"uv":[0,0,5.6,3.85],"texture":"#anvil"},"east":{"uv":[0,0,0.7,3.85],"texture":"#anvil"},"south":{"uv":[0,0,5.6,3.85],"texture":"#anvil"},"west":{"uv":[0,0,0.7,3.85],"texture":"#anvil"},"up":{"uv":[0,0,5.6,0.7],"texture":"#anvil"},"down":{"uv":[0,0,5.6,0.7],"texture":"#anvil"}}},{"from":[2.05,4.9,10.45],"to":[6.25,7.35,11.15],"faces":{"north":{"uv":[0,0,4.2,3.15],"texture":"#anvil"},"east":{"uv":[0,0,0.7,3.15],"texture":"#anvil"},"south":{"uv":[0,0,4.2,3.15],"texture":"#anvil"},"west":{"uv":[0,0,0.7,3.15],"texture":"#anvil"},"up":{"uv":[0,0,4.2,0.7],"texture":"#anvil"},"down":{"uv":[0,0,4.2,0.7],"texture":"#anvil"}}},{"from":[2.42151,4.68686,10.451],"to":[3.12151,7.18686,11.151],"rotation":{"angle":-22.5,"axis":"z","origin":[2.42151,7.48686,10.451]},"faces":{"north":{"uv":[0,0,0.7,2.8],"texture":"#anvil"},"east":{"uv":[0,0,0.7,2.8],"texture":"#anvil"},"south":{"uv":[0,0,0.7,2.8],"texture":"#anvil"},"west":{"uv":[0,0,0.7,2.8],"texture":"#anvil"},"up":{"uv":[0,0,0.7,0.7],"texture":"#anvil"},"down":{"uv":[0,0,0.7,0.7],"texture":"#anvil"}}},{"from":[5.23177,4.41898,10.451],"to":[5.93177,6.91898,11.151],"rotation":{"angle":22.5,"axis":"z","origin":[5.23177,7.21898,10.451]},"faces":{"north":{"uv":[0,0,0.7,2.8],"texture":"#anvil"},"east":{"uv":[0,0,0.7,2.8],"texture":"#anvil"},"south":{"uv":[0,0,0.7,2.8],"texture":"#anvil"},"west":{"uv":[0,0,0.7,2.8],"texture":"#anvil"},"up":{"uv":[0,0,0.7,0.7],"texture":"#anvil"},"down":{"uv":[0,0,0.7,0.7],"texture":"#anvil"}}},{"from":[2.75,7,10.1],"to":[5.55,7.7,10.8],"rotation":{"angle":-22.5,"axis":"x","origin":[2.75,7.7,10.1]},"faces":{"north":{"uv":[0,0,2.8,0.7],"texture":"#anvil"},"east":{"uv":[0,0,0.7,0.7],"texture":"#anvil"},"south":{"uv":[0,0,2.8,0.7],"texture":"#anvil"},"west":{"uv":[0,0,0.7,0.7],"texture":"#anvil"},"up":{"uv":[0,0,2.8,0.7],"texture":"#anvil"},"down":{"uv":[0,0,2.8,0.7],"texture":"#anvil"}}},{"from":[2.75,7.7,10.1],"to":[5.55,10.85,10.8],"faces":{"north":{"uv":[0,0,2.8,3.15],"texture":"#anvil"},"east":{"uv":[0,0,0.7,3.15],"texture":"#anvil"},"south":{"uv":[0,0,2.8,3.15],"texture":"#anvil"},"west":{"uv":[0,0,0.7,3.15],"texture":"#anvil"},"up":{"uv":[0,0,2.8,0.7],"texture":"#anvil"},"down":{"uv":[0,0,2.8,0.7],"texture":"#anvil"}}},{"from":[3.1,6.3,11.15],"to":[5.2,7.35,11.5],"faces":{"north":{"uv":[10.5,0,16,0],"texture":"#stone_slab_top"},"east":{"uv":[3,0,3.5,0],"texture":"#stone_slab_top"},"south":{"uv":[0,0,5.5,0],"texture":"#stone_slab_top"},"west":{"uv":[12.5,0,13,0],"texture":"#stone_slab_top"},"up":{"uv":[0,12.5,5.5,13],"texture":"#stone_slab_top"},"down":{"uv":[16,13,10.5,12.5],"texture":"#stone_slab_top"}}},{"from":[1.7,-2.1,6.95],"to":[6.6,-1.4,9.4],"faces":{"north":{"uv":[10,8,16,9],"texture":"#stone_slab_top"},"east":{"uv":[6,8,9.5,9],"texture":"#stone_slab_top"},"south":{"uv":[0,8,6,9],"texture":"#stone_slab_top"},"west":{"uv":[6.5,8,10,9],"texture":"#stone_slab_top"},"up":{"uv":[0,6.5,6,10],"texture":"#stone_slab_top"},"down":{"uv":[16,10,10,6.5],"texture":"#stone_slab_top"}}},{"from":[1.35,-1.66788,5.25328],"to":[3.8,-0.96788,5.95328],"rotation":{"angle":-22.5,"axis":"x","origin":[1.35,-0.96788,5.25328]},"faces":{"north":{"uv":[0,0,2.45,0.7],"texture":"#anvil"},"east":{"uv":[0,0,0.7,0.7],"texture":"#anvil"},"south":{"uv":[0,0,2.45,0.7],"texture":"#anvil"},"west":{"uv":[0,0,0.7,0.7],"texture":"#anvil"},"up":{"uv":[0,0,2.45,0.7],"texture":"#anvil"},"down":{"uv":[0,0,2.45,0.7],"texture":"#anvil"}}},{"from":[12.2,-1.66788,5.25328],"to":[14.65,-0.96788,5.95328],"rotation":{"angle":-22.5,"axis":"x","origin":[12.2,-0.96788,5.25328]},"faces":{"north":{"uv":[0,0,2.45,0.7],"texture":"#anvil"},"east":{"uv":[0,0,0.7,0.7],"texture":"#anvil"},"south":{"uv":[0,0,2.45,0.7],"texture":"#anvil"},"west":{"uv":[0,0,0.7,0.7],"texture":"#anvil"},"up":{"uv":[0,0,2.45,0.7],"texture":"#anvil"},"down":{"uv":[0,0,2.45,0.7],"texture":"#anvil"}}},{"from":[9.05,-1.3125,9.96875],"to":[14.65,0.0875,10.6687],"rotation":{"angle":45,"axis":"x","origin":[9.05,0.0875,9.96875]},"faces":{"north":{"uv":[0,0,5.6,1.4],"texture":"#anvil"},"east":{"uv":[0,0,0.69995,1.4],"texture":"#anvil"},"south":{"uv":[0,0,5.6,1.4],"texture":"#anvil"},"west":{"uv":[0,0,0.69995,1.4],"texture":"#anvil"},"up":{"uv":[0,0,5.6,0.69995],"texture":"#anvil"},"down":{"uv":[0,0,5.6,0.69995],"texture":"#anvil"}}},{"from":[9.75,4.9,10.45],"to":[13.95,7.35,11.15],"faces":{"north":{"uv":[0,0,4.2,3.15],"texture":"#anvil"},"east":{"uv":[0,0,0.7,3.15],"texture":"#anvil"},"south":{"uv":[0,0,4.2,3.15],"texture":"#anvil"},"west":{"uv":[0,0,0.7,3.15],"texture":"#anvil"},"up":{"uv":[0,0,4.2,0.7],"texture":"#anvil"},"down":{"uv":[0,0,4.2,0.7],"texture":"#anvil"}}},{"from":[10.45,7.7,10.1],"to":[13.25,10.85,10.8],"faces":{"north":{"uv":[0,0,2.8,3.15],"texture":"#anvil"},"east":{"uv":[0,0,0.7,3.15],"texture":"#anvil"},"south":{"uv":[0,0,2.8,3.15],"texture":"#anvil"},"west":{"uv":[0,0,0.7,3.15],"texture":"#anvil"},"up":{"uv":[0,0,2.8,0.7],"texture":"#anvil"},"down":{"uv":[0,0,2.8,0.7],"texture":"#anvil"}}},{"from":[1,-1.4,8],"to":[1.7,0,10.1],"rotation":{"angle":-45,"axis":"x","origin":[1,0,8]},"faces":{"north":{"uv":[0,0,0.7,1.4],"texture":"#anvil"},"east":{"uv":[0,0,2.1,1.4],"texture":"#anvil"},"south":{"uv":[0,0,0.7,1.4],"texture":"#anvil"},"west":{"uv":[0,0,2.1,1.4],"texture":"#anvil"},"up":{"uv":[0,0,0.7,2.1],"texture":"#anvil"},"down":{"uv":[0,0,0.7,2.1],"texture":"#anvil"}}},{"from":[6.6,-1.4,8],"to":[7.3,0,10.1],"rotation":{"angle":-45,"axis":"x","origin":[6.6,0,8]},"faces":{"north":{"uv":[0,0,0.7,1.4],"texture":"#anvil"},"east":{"uv":[0,0,2.1,1.4],"texture":"#anvil"},"south":{"uv":[0,0,0.7,1.4],"texture":"#anvil"},"west":{"uv":[0,0,2.1,1.4],"texture":"#anvil"},"up":{"uv":[0,0,0.7,2.1],"texture":"#anvil"},"down":{"uv":[0,0,0.7,2.1],"texture":"#anvil"}}},{"from":[8.7,-1.4,8],"to":[9.4,0,10.1],"rotation":{"angle":-45,"axis":"x","origin":[8.7,0,8]},"faces":{"north":{"uv":[0,0,0.7,1.4],"texture":"#anvil"},"east":{"uv":[0,0,2.1,1.4],"texture":"#anvil"},"south":{"uv":[0,0,0.7,1.4],"texture":"#anvil"},"west":{"uv":[0,0,2.1,1.4],"texture":"#anvil"},"up":{"uv":[0,0,0.7,2.1],"texture":"#anvil"},"down":{"uv":[0,0,0.7,2.1],"texture":"#anvil"}}},{"from":[14.3,-1.4,8],"to":[15,0,10.1],"rotation":{"angle":-45,"axis":"x","origin":[14.3,0,8]},"faces":{"north":{"uv":[0,0,0.7,1.4],"texture":"#anvil"},"east":{"uv":[0,0,2.1,1.4],"texture":"#anvil"},"south":{"uv":[0,0,0.7,1.4],"texture":"#anvil"},"west":{"uv":[0,0,2.1,1.4],"texture":"#anvil"},"up":{"uv":[0,0,0.7,2.1],"texture":"#anvil"},"down":{"uv":[0,0,0.7,2.1],"texture":"#anvil"}}},{"from":[10.8,6.3,11.15],"to":[12.9,7.35,11.5],"faces":{"north":{"uv":[10.5,0,16,0],"texture":"#stone_slab_top"},"east":{"uv":[3,0,3.5,0],"texture":"#stone_slab_top"},"south":{"uv":[0,0,5.5,0],"texture":"#stone_slab_top"},"west":{"uv":[12.5,0,13,0],"texture":"#stone_slab_top"},"up":{"uv":[0,12.5,5.5,13],"texture":"#stone_slab_top"},"down":{"uv":[16,13,10.5,12.5],"texture":"#stone_slab_top"}}},{"from":[16.4,-1.4,8],"to":[17.1,0,10.1],"rotation":{"angle":-45,"axis":"x","origin":[16.4,0,8]},"faces":{"north":{"uv":[0,0,0.7,1.4],"texture":"#anvil"},"east":{"uv":[0,0,2.1,1.4],"texture":"#anvil"},"south":{"uv":[0,0,0.7,1.4],"texture":"#anvil"},"west":{"uv":[0,0,2.1,1.4],"texture":"#anvil"},"up":{"uv":[0,0,0.7,2.1],"texture":"#anvil"},"down":{"uv":[0,0,0.7,2.1],"texture":"#anvil"}}},{"from":[24.45,-1.4,5.9],"to":[30.05,-0.7,9.4],"faces":{"north":{"uv":[0,0,5.6,0.7],"texture":"#anvil"},"east":{"uv":[0,0,3.5,0.7],"texture":"#anvil"},"south":{"uv":[0,0,5.6,0.7],"texture":"#anvil"},"west":{"uv":[0,0,3.5,0.7],"texture":"#anvil"},"up":{"uv":[0,0,5.6,3.5],"texture":"#anvil"},"down":{"uv":[0,0,5.6,3.5],"texture":"#anvil"}}},{"from":[22,-1.4,8],"to":[22.7,0,10.1],"rotation":{"angle":-45,"axis":"x","origin":[22,0,8]},"faces":{"north":{"uv":[0,0,0.7,1.4],"texture":"#anvil"},"east":{"uv":[0,0,2.1,1.4],"texture":"#anvil"},"south":{"uv":[0,0,0.7,1.4],"texture":"#anvil"},"west":{"uv":[0,0,2.1,1.4],"texture":"#anvil"},"up":{"uv":[0,0,0.7,2.1],"texture":"#anvil"},"down":{"uv":[0,0,0.7,2.1],"texture":"#anvil"}}},{"from":[19.9,-1.66788,5.25328],"to":[22.35,-0.96788,5.95328],"rotation":{"angle":-22.5,"axis":"x","origin":[19.9,-0.96788,5.25328]},"faces":{"north":{"uv":[0,0,2.45,0.7],"texture":"#anvil"},"east":{"uv":[0,0,0.7,0.7],"texture":"#anvil"},"south":{"uv":[0,0,2.45,0.7],"texture":"#anvil"},"west":{"uv":[0,0,0.7,0.7],"texture":"#anvil"},"up":{"uv":[0,0,2.45,0.7],"texture":"#anvil"},"down":{"uv":[0,0,2.45,0.7],"texture":"#anvil"}}},{"from":[16.75,-1.66788,5.25328],"to":[19.2,-0.96788,5.95328],"rotation":{"angle":-22.5,"axis":"x","origin":[16.75,-0.96788,5.25328]},"faces":{"north":{"uv":[0,0,2.45,0.7],"texture":"#anvil"},"east":{"uv":[0,0,0.7,0.7],"texture":"#anvil"},"south":{"uv":[0,0,2.45,0.7],"texture":"#anvil"},"west":{"uv":[0,0,0.7,0.7],"texture":"#anvil"},"up":{"uv":[0,0,2.45,0.7],"texture":"#anvil"},"down":{"uv":[0,0,2.45,0.7],"texture":"#anvil"}}},{"from":[11.5,-1.00625,6.3375],"to":[12.2,-0.30625,7.3875],"rotation":{"angle":22.5,"axis":"x","origin":[11.5,-0.30625,6.3375]},"faces":{"north":{"uv":[0,0,0.7,0.7],"texture":"#anvil"},"east":{"uv":[0,0,1.05,0.7],"texture":"#anvil"},"south":{"uv":[0,0,0.7,0.7],"texture":"#anvil"},"west":{"uv":[0,0,1.05,0.7],"texture":"#anvil"},"up":{"uv":[0,0,0.7,1.05],"texture":"#anvil"},"down":{"uv":[0,0,0.7,1.05],"texture":"#anvil"}}},{"from":[16.75,-1.3125,9.96875],"to":[22.35,0.0875,10.6687],"rotation":{"angle":45,"axis":"x","origin":[16.75,0.0875,9.96875]},"faces":{"north":{"uv":[0,0,5.6,1.4],"texture":"#anvil"},"east":{"uv":[0,0,0.69995,1.4],"texture":"#anvil"},"south":{"uv":[0,0,5.6,1.4],"texture":"#anvil"},"west":{"uv":[0,0,0.69995,1.4],"texture":"#anvil"},"up":{"uv":[0,0,5.6,0.69995],"texture":"#anvil"},"down":{"uv":[0,0,5.6,0.69995],"texture":"#anvil"}}},{"from":[16.75,-0.35,10.45],"to":[22.35,1.4,11.15],"rotation":{"angle":22.5,"axis":"x","origin":[16.75,1.4,10.45]},"faces":{"north":{"uv":[0,0,5.6,1.75],"texture":"#anvil"},"east":{"uv":[0,0,0.7,1.75],"texture":"#anvil"},"south":{"uv":[0,0,5.6,1.75],"texture":"#anvil"},"west":{"uv":[0,0,0.7,1.75],"texture":"#anvil"},"up":{"uv":[0,0,5.6,0.7],"texture":"#anvil"},"down":{"uv":[0,0,5.6,0.7],"texture":"#anvil"}}},{"from":[18.15,7.7,10.1],"to":[20.95,10.85,10.8],"faces":{"north":{"uv":[0,0,2.8,3.15],"texture":"#anvil"},"east":{"uv":[0,0,0.7,3.15],"texture":"#anvil"},"south":{"uv":[0,0,2.8,3.15],"texture":"#anvil"},"west":{"uv":[0,0,0.7,3.15],"texture":"#anvil"},"up":{"uv":[0,0,2.8,0.7],"texture":"#anvil"},"down":{"uv":[0,0,2.8,0.7],"texture":"#anvil"}}},{"from":[12.93186,4.41902,10.451],"to":[13.63176,6.91902,11.151],"rotation":{"angle":22.5,"axis":"z","origin":[12.93186,7.21902,10.451]},"faces":{"north":{"uv":[0,0,0.6999,2.8],"texture":"#anvil"},"east":{"uv":[0,0,0.7,2.8],"texture":"#anvil"},"south":{"uv":[0,0,0.6999,2.8],"texture":"#anvil"},"west":{"uv":[0,0,0.7,2.8],"texture":"#anvil"},"up":{"uv":[0,0,0.6999,0.7],"texture":"#anvil"},"down":{"uv":[0,0,0.6999,0.7],"texture":"#anvil"}}},{"from":[17.45,4.9,10.45],"to":[21.65,7.35,11.15],"faces":{"north":{"uv":[0,0,4.2,3.15],"texture":"#anvil"},"east":{"uv":[0,0,0.7,3.15],"texture":"#anvil"},"south":{"uv":[0,0,4.2,3.15],"texture":"#anvil"},"west":{"uv":[0,0,0.7,3.15],"texture":"#anvil"},"up":{"uv":[0,0,4.2,0.7],"texture":"#anvil"},"down":{"uv":[0,0,4.2,0.7],"texture":"#anvil"}}},{"from":[20.63177,4.41898,10.451],"to":[21.33177,6.91898,11.151],"rotation":{"angle":22.5,"axis":"z","origin":[20.63177,7.21898,10.451]},"faces":{"north":{"uv":[0,0,0.7,2.8],"texture":"#anvil"},"east":{"uv":[0,0,0.7,2.8],"texture":"#anvil"},"south":{"uv":[0,0,0.7,2.8],"texture":"#anvil"},"west":{"uv":[0,0,0.7,2.8],"texture":"#anvil"},"up":{"uv":[0,0,0.7,0.7],"texture":"#anvil"},"down":{"uv":[0,0,0.7,0.7],"texture":"#anvil"}}},{"from":[16.75,1.05,10.45],"to":[22.35,4.9,11.15],"faces":{"north":{"uv":[0,0,5.6,3.85],"texture":"#anvil"},"east":{"uv":[0,0,0.7,3.85],"texture":"#anvil"},"south":{"uv":[0,0,5.6,3.85],"texture":"#anvil"},"west":{"uv":[0,0,0.7,3.85],"texture":"#anvil"},"up":{"uv":[0,0,5.6,0.7],"texture":"#anvil"},"down":{"uv":[0,0,5.6,0.7],"texture":"#anvil"}}},{"from":[18.15,7,10.1],"to":[20.95,7.7,10.8],"rotation":{"angle":-22.5,"axis":"x","origin":[18.15,7.7,10.1]},"faces":{"north":{"uv":[0,0,2.8,0.7],"texture":"#anvil"},"east":{"uv":[0,0,0.7,0.7],"texture":"#anvil"},"south":{"uv":[0,0,2.8,0.7],"texture":"#anvil"},"west":{"uv":[0,0,0.7,0.7],"texture":"#anvil"},"up":{"uv":[0,0,2.8,0.7],"texture":"#anvil"},"down":{"uv":[0,0,2.8,0.7],"texture":"#anvil"}}},{"from":[18.5,6.3,11.15],"to":[20.6,7.35,11.5],"faces":{"north":{"uv":[10.5,0,16,0],"texture":"#stone_slab_top"},"east":{"uv":[3,0,3.5,0],"texture":"#stone_slab_top"},"south":{"uv":[0,0,5.5,0],"texture":"#stone_slab_top"},"west":{"uv":[12.5,0,13,0],"texture":"#stone_slab_top"},"up":{"uv":[0,12.5,5.5,13],"texture":"#stone_slab_top"},"down":{"uv":[16,13,10.5,12.5],"texture":"#stone_slab_top"}}},{"from":[17.1,-2.1,6.95],"to":[22,-1.4,9.4],"faces":{"north":{"uv":[0,8,6,9],"texture":"#stone_slab_top"},"east":{"uv":[6,8,9.5,9],"texture":"#stone_slab_top"},"south":{"uv":[10,8,16,9],"texture":"#stone_slab_top"},"west":{"uv":[6.5,8,10,9],"texture":"#stone_slab_top"},"up":{"uv":[10,6.5,16,10],"texture":"#stone_slab_top"},"down":{"uv":[6,10,0,6.5],"texture":"#stone_slab_top"}}},{"from":[24.1,-1.4,8],"to":[24.8,0,10.1],"rotation":{"angle":-45,"axis":"x","origin":[24.1,0,8]},"faces":{"north":{"uv":[0,0,0.7,1.4],"texture":"#anvil"},"east":{"uv":[0,0,2.1,1.4],"texture":"#anvil"},"south":{"uv":[0,0,0.7,1.4],"texture":"#anvil"},"west":{"uv":[0,0,2.1,1.4],"texture":"#anvil"},"up":{"uv":[0,0,0.7,2.1],"texture":"#anvil"},"down":{"uv":[0,0,0.7,2.1],"texture":"#anvil"}}},{"from":[29.7,-1.4,8],"to":[30.4,0,10.1],"rotation":{"angle":-45,"axis":"x","origin":[29.7,0,8]},"faces":{"north":{"uv":[0,0,0.7,1.4],"texture":"#anvil"},"east":{"uv":[0,0,2.1,1.4],"texture":"#anvil"},"south":{"uv":[0,0,0.7,1.4],"texture":"#anvil"},"west":{"uv":[0,0,2.1,1.4],"texture":"#anvil"},"up":{"uv":[0,0,0.7,2.1],"texture":"#anvil"},"down":{"uv":[0,0,0.7,2.1],"texture":"#anvil"}}},{"from":[16.75,-1.4,5.9],"to":[22.35,-0.7,9.4],"faces":{"north":{"uv":[0,0,5.6,0.7],"texture":"#anvil"},"east":{"uv":[0,0,3.5,0.7],"texture":"#anvil"},"south":{"uv":[0,0,5.6,0.7],"texture":"#anvil"},"west":{"uv":[0,0,3.5,0.7],"texture":"#anvil"},"up":{"uv":[0,0,5.6,3.5],"texture":"#anvil"},"down":{"uv":[0,0,5.6,3.5],"texture":"#anvil"}}},{"from":[24.45,-1.31511,9.89501],"to":[30.05,0.08489,10.59496],"rotation":{"angle":45,"axis":"x","origin":[24.45,0.08489,9.89501]},"faces":{"north":{"uv":[0,0,5.6,1.4],"texture":"#anvil"},"east":{"uv":[0,0,0.69995,1.4],"texture":"#anvil"},"south":{"uv":[0,0,5.6,1.4],"texture":"#anvil"},"west":{"uv":[0,0,0.69995,1.4],"texture":"#anvil"},"up":{"uv":[0,0,5.6,0.69995],"texture":"#anvil"},"down":{"uv":[0,0,5.6,0.69995],"texture":"#anvil"}}},{"from":[24.45,-0.27538,10.41293],"to":[30.05,1.69962,11.11293],"rotation":{"angle":22.5,"axis":"x","origin":[24.45,1.47462,10.41293]},"faces":{"north":{"uv":[0,0,5.6,1.75],"texture":"#anvil"},"east":{"uv":[0,0,0.7,1.75],"texture":"#anvil"},"south":{"uv":[0,0,5.6,1.75],"texture":"#anvil"},"west":{"uv":[0,0,0.7,1.75],"texture":"#anvil"},"up":{"uv":[0,0,5.6,0.7],"texture":"#anvil"},"down":{"uv":[0,0,5.6,0.7],"texture":"#anvil"}}},{"from":[24.45,1.4,10.45],"to":[30.05,4.9,11.15],"faces":{"north":{"uv":[0,0,5.6,3.85],"texture":"#anvil"},"east":{"uv":[0,0,0.7,3.85],"texture":"#anvil"},"south":{"uv":[0,0,5.6,3.85],"texture":"#anvil"},"west":{"uv":[0,0,0.7,3.85],"texture":"#anvil"},"up":{"uv":[0,0,5.6,0.7],"texture":"#anvil"},"down":{"uv":[0,0,5.6,0.7],"texture":"#anvil"}}},{"from":[25.15,4.9,10.45],"to":[29.35,7.35,11.15],"faces":{"north":{"uv":[0,0,4.2,3.15],"texture":"#anvil"},"east":{"uv":[0,0,0.7,3.15],"texture":"#anvil"},"south":{"uv":[0,0,4.2,3.15],"texture":"#anvil"},"west":{"uv":[0,0,0.7,3.15],"texture":"#anvil"},"up":{"uv":[0,0,4.2,0.7],"texture":"#anvil"},"down":{"uv":[0,0,4.2,0.7],"texture":"#anvil"}}},{"from":[25.52151,4.68686,10.451],"to":[26.22151,7.18686,11.151],"rotation":{"angle":-22.5,"axis":"z","origin":[25.52151,7.48686,10.451]},"faces":{"north":{"uv":[0,0,0.7,2.8],"texture":"#anvil"},"east":{"uv":[0,0,0.7,2.8],"texture":"#anvil"},"south":{"uv":[0,0,0.7,2.8],"texture":"#anvil"},"west":{"uv":[0,0,0.7,2.8],"texture":"#anvil"},"up":{"uv":[0,0,0.7,0.7],"texture":"#anvil"},"down":{"uv":[0,0,0.7,0.7],"texture":"#anvil"}}},{"from":[28.33177,4.41898,10.451],"to":[29.03177,6.91898,11.151],"rotation":{"angle":22.5,"axis":"z","origin":[28.33177,7.21898,10.451]},"faces":{"north":{"uv":[0,0,0.7,2.8],"texture":"#anvil"},"east":{"uv":[0,0,0.7,2.8],"texture":"#anvil"},"south":{"uv":[0,0,0.7,2.8],"texture":"#anvil"},"west":{"uv":[0,0,0.7,2.8],"texture":"#anvil"},"up":{"uv":[0,0,0.7,0.7],"texture":"#anvil"},"down":{"uv":[0,0,0.7,0.7],"texture":"#anvil"}}},{"from":[25.85,7.7,10.1],"to":[28.65,10.85,10.8],"faces":{"north":{"uv":[0,0,2.8,3.15],"texture":"#anvil"},"east":{"uv":[0,0,0.7,3.15],"texture":"#anvil"},"south":{"uv":[0,0,2.8,3.15],"texture":"#anvil"},"west":{"uv":[0,0,0.7,3.15],"texture":"#anvil"},"up":{"uv":[0,0,2.8,0.7],"texture":"#anvil"},"down":{"uv":[0,0,2.8,0.7],"texture":"#anvil"}}},{"from":[-5.65,4.9,10.45],"to":[-1.45,7.35,11.15],"faces":{"north":{"uv":[0,0,4.2,3.15],"texture":"#anvil"},"east":{"uv":[0,0,0.7,3.15],"texture":"#anvil"},"south":{"uv":[0,0,4.2,3.15],"texture":"#anvil"},"west":{"uv":[0,0,0.7,3.15],"texture":"#anvil"},"up":{"uv":[0,0,4.2,0.7],"texture":"#anvil"},"down":{"uv":[0,0,4.2,0.7],"texture":"#anvil"}}},{"from":[25.85,7,10.1],"to":[28.65,7.7,10.8],"rotation":{"angle":-22.5,"axis":"x","origin":[25.85,7.7,10.1]},"faces":{"north":{"uv":[0,0,2.8,0.7],"texture":"#anvil"},"east":{"uv":[0,0,0.7,0.7],"texture":"#anvil"},"south":{"uv":[0,0,2.8,0.7],"texture":"#anvil"},"west":{"uv":[0,0,0.7,0.7],"texture":"#anvil"},"up":{"uv":[0,0,2.8,0.7],"texture":"#anvil"},"down":{"uv":[0,0,2.8,0.7],"texture":"#anvil"}}},{"from":[27.6,-1.66788,5.25328],"to":[30.05,-0.96788,5.95328],"rotation":{"angle":-22.5,"axis":"x","origin":[27.6,-0.96788,5.25328]},"faces":{"north":{"uv":[0,0,2.45,0.7],"texture":"#anvil"},"east":{"uv":[0,0,0.7,0.7],"texture":"#anvil"},"south":{"uv":[0,0,2.45,0.7],"texture":"#anvil"},"west":{"uv":[0,0,0.7,0.7],"texture":"#anvil"},"up":{"uv":[0,0,2.45,0.7],"texture":"#anvil"},"down":{"uv":[0,0,2.45,0.7],"texture":"#anvil"}}},{"from":[24.45,-1.66788,5.25328],"to":[26.9,-0.96788,5.95328],"rotation":{"angle":-22.5,"axis":"x","origin":[24.45,-0.96788,5.25328]},"faces":{"north":{"uv":[0,0,2.45,0.7],"texture":"#anvil"},"east":{"uv":[0,0,0.7,0.7],"texture":"#anvil"},"south":{"uv":[0,0,2.45,0.7],"texture":"#anvil"},"west":{"uv":[0,0,0.7,0.7],"texture":"#anvil"},"up":{"uv":[0,0,2.45,0.7],"texture":"#anvil"},"down":{"uv":[0,0,2.45,0.7],"texture":"#anvil"}}},{"from":[26.9,-1.00625,6.3375],"to":[27.6,-0.30625,7.3875],"rotation":{"angle":22.5,"axis":"x","origin":[26.9,-0.30625,6.3375]},"faces":{"north":{"uv":[0,0,0.7,0.7],"texture":"#anvil"},"east":{"uv":[0,0,1.05,0.7],"texture":"#anvil"},"south":{"uv":[0,0,0.7,0.7],"texture":"#anvil"},"west":{"uv":[0,0,1.05,0.7],"texture":"#anvil"},"up":{"uv":[0,0,0.7,1.05],"texture":"#anvil"},"down":{"uv":[0,0,0.7,1.05],"texture":"#anvil"}}},{"from":[26.2,6.3,11.15],"to":[28.3,7.35,11.5],"faces":{"north":{"uv":[10.5,0,16,0],"texture":"#stone_slab_top"},"east":{"uv":[3,0,3.5,0],"texture":"#stone_slab_top"},"south":{"uv":[0,0,5.5,0],"texture":"#stone_slab_top"},"west":{"uv":[12.5,0,13,0],"texture":"#stone_slab_top"},"up":{"uv":[0,12.5,5.5,13],"texture":"#stone_slab_top"},"down":{"uv":[16,13,10.5,12.5],"texture":"#stone_slab_top"}}},{"from":[24.8,-2.1,6.95],"to":[29.7,-1.4,9.4],"faces":{"north":{"uv":[0,8,6,9],"texture":"#stone_slab_top"},"east":{"uv":[6,8,9.5,9],"texture":"#stone_slab_top"},"south":{"uv":[10,8,16,9],"texture":"#stone_slab_top"},"west":{"uv":[6.5,8,10,9],"texture":"#stone_slab_top"},"up":{"uv":[10,6.5,16,10],"texture":"#stone_slab_top"},"down":{"uv":[6,10,0,6.5],"texture":"#stone_slab_top"}}},{"from":[-13.35,4.9,10.45],"to":[-9.15,7.35,11.15],"faces":{"north":{"uv":[0,0,4.2,3.15],"texture":"#anvil"},"east":{"uv":[0,0,0.7,3.15],"texture":"#anvil"},"south":{"uv":[0,0,4.2,3.15],"texture":"#anvil"},"west":{"uv":[0,0,0.7,3.15],"texture":"#anvil"},"up":{"uv":[0,0,4.2,0.7],"texture":"#anvil"},"down":{"uv":[0,0,4.2,0.7],"texture":"#anvil"}}},{"from":[-5.27849,4.68686,10.451],"to":[-4.57849,7.18686,11.151],"rotation":{"angle":-22.5,"axis":"z","origin":[-5.27849,7.48686,10.451]},"faces":{"north":{"uv":[0,0,0.7,2.8],"texture":"#anvil"},"east":{"uv":[0,0,0.7,2.8],"texture":"#anvil"},"south":{"uv":[0,0,0.7,2.8],"texture":"#anvil"},"west":{"uv":[0,0,0.7,2.8],"texture":"#anvil"},"up":{"uv":[0,0,0.7,0.7],"texture":"#anvil"},"down":{"uv":[0,0,0.7,0.7],"texture":"#anvil"}}},{"from":[-12.97849,4.68686,10.451],"to":[-12.27849,7.18686,11.151],"rotation":{"angle":-22.5,"axis":"z","origin":[-12.97849,7.48686,10.451]},"faces":{"north":{"uv":[0,0,0.7,2.8],"texture":"#anvil"},"east":{"uv":[0,0,0.7,2.8],"texture":"#anvil"},"south":{"uv":[0,0,0.7,2.8],"texture":"#anvil"},"west":{"uv":[0,0,0.7,2.8],"texture":"#anvil"},"up":{"uv":[0,0,0.7,0.7],"texture":"#anvil"},"down":{"uv":[0,0,0.7,0.7],"texture":"#anvil"}}},{"from":[-10.16828,4.41897,10.451],"to":[-9.46823,6.91897,11.151],"rotation":{"angle":22.5,"axis":"z","origin":[-10.16828,7.21897,10.451]},"faces":{"north":{"uv":[0,0,0.70005,2.8],"texture":"#anvil"},"east":{"uv":[0,0,0.7,2.8],"texture":"#anvil"},"south":{"uv":[0,0,0.70005,2.8],"texture":"#anvil"},"west":{"uv":[0,0,0.7,2.8],"texture":"#anvil"},"up":{"uv":[0,0,0.70005,0.7],"texture":"#anvil"},"down":{"uv":[0,0,0.70005,0.7],"texture":"#anvil"}}},{"from":[-2.46823,4.41898,10.451],"to":[-1.76823,6.91898,11.151],"rotation":{"angle":22.5,"axis":"z","origin":[-2.46823,7.21898,10.451]},"faces":{"north":{"uv":[0,0,0.7,2.8],"texture":"#anvil"},"east":{"uv":[0,0,0.7,2.8],"texture":"#anvil"},"south":{"uv":[0,0,0.7,2.8],"texture":"#anvil"},"west":{"uv":[0,0,0.7,2.8],"texture":"#anvil"},"up":{"uv":[0,0,0.7,0.7],"texture":"#anvil"},"down":{"uv":[0,0,0.7,0.7],"texture":"#anvil"}}},{"from":[-14.05,1.4,10.45],"to":[-8.45,4.9,11.15],"faces":{"north":{"uv":[0,0,5.6,3.85],"texture":"#anvil"},"east":{"uv":[0,0,0.7,3.85],"texture":"#anvil"},"south":{"uv":[0,0,5.6,3.85],"texture":"#anvil"},"west":{"uv":[0,0,0.7,3.85],"texture":"#anvil"},"up":{"uv":[0,0,5.6,0.7],"texture":"#anvil"},"down":{"uv":[0,0,5.6,0.7],"texture":"#anvil"}}},{"from":[-6.35,1.05,10.45],"to":[-0.75,4.9,11.15],"faces":{"north":{"uv":[0,0,5.6,3.85],"texture":"#anvil"},"east":{"uv":[0,0,0.7,3.85],"texture":"#anvil"},"south":{"uv":[0,0,5.6,3.85],"texture":"#anvil"},"west":{"uv":[0,0,0.7,3.85],"texture":"#anvil"},"up":{"uv":[0,0,5.6,0.7],"texture":"#anvil"},"down":{"uv":[0,0,5.6,0.7],"texture":"#anvil"}}},{"from":[-6.35,-0.35,10.45],"to":[-0.75,1.4,11.15],"rotation":{"angle":22.5,"axis":"x","origin":[-6.35,1.4,10.45]},"faces":{"north":{"uv":[0,0,5.6,1.75],"texture":"#anvil"},"east":{"uv":[0,0,0.7,1.75],"texture":"#anvil"},"south":{"uv":[0,0,5.6,1.75],"texture":"#anvil"},"west":{"uv":[0,0,0.7,1.75],"texture":"#anvil"},"up":{"uv":[0,0,5.6,0.7],"texture":"#anvil"},"down":{"uv":[0,0,5.6,0.7],"texture":"#anvil"}}},{"from":[-1.1,-1.4,8],"to":[-0.4,0,10.1],"rotation":{"angle":-45,"axis":"x","origin":[-1.1,0,8]},"faces":{"north":{"uv":[0,0,0.7,1.4],"texture":"#anvil"},"east":{"uv":[0,0,2.1,1.4],"texture":"#anvil"},"south":{"uv":[0,0,0.7,1.4],"texture":"#anvil"},"west":{"uv":[0,0,2.1,1.4],"texture":"#anvil"},"up":{"uv":[0,0,0.7,2.1],"texture":"#anvil"},"down":{"uv":[0,0,0.7,2.1],"texture":"#anvil"}}},{"from":[-6.7,-1.4,8],"to":[-6,0,10.1],"rotation":{"angle":-45,"axis":"x","origin":[-6.7,0,8]},"faces":{"north":{"uv":[0,0,0.7,1.4],"texture":"#anvil"},"east":{"uv":[0,0,2.1,1.4],"texture":"#anvil"},"south":{"uv":[0,0,0.7,1.4],"texture":"#anvil"},"west":{"uv":[0,0,2.1,1.4],"texture":"#anvil"},"up":{"uv":[0,0,0.7,2.1],"texture":"#anvil"},"down":{"uv":[0,0,0.7,2.1],"texture":"#anvil"}}},{"from":[-8.8,-1.4,8],"to":[-8.1,0,10.1],"rotation":{"angle":-45,"axis":"x","origin":[-8.8,0,8]},"faces":{"north":{"uv":[0,0,0.7,1.4],"texture":"#anvil"},"east":{"uv":[0,0,2.1,1.4],"texture":"#anvil"},"south":{"uv":[0,0,0.7,1.4],"texture":"#anvil"},"west":{"uv":[0,0,2.1,1.4],"texture":"#anvil"},"up":{"uv":[0,0,0.7,2.1],"texture":"#anvil"},"down":{"uv":[0,0,0.7,2.1],"texture":"#anvil"}}},{"from":[-14.4,-1.4,8],"to":[-13.7,0,10.1],"rotation":{"angle":-45,"axis":"x","origin":[-14.4,0,8]},"faces":{"north":{"uv":[0,0,0.7,1.4],"texture":"#anvil"},"east":{"uv":[0,0,2.1,1.4],"texture":"#anvil"},"south":{"uv":[0,0,0.7,1.4],"texture":"#anvil"},"west":{"uv":[0,0,2.1,1.4],"texture":"#anvil"},"up":{"uv":[0,0,0.7,2.1],"texture":"#anvil"},"down":{"uv":[0,0,0.7,2.1],"texture":"#anvil"}}},{"from":[-14.05,-0.27538,10.41293],"to":[-8.45,1.69962,11.11293],"rotation":{"angle":22.5,"axis":"x","origin":[-14.05,1.47462,10.41293]},"faces":{"north":{"uv":[0,0,5.6,1.75],"texture":"#anvil"},"east":{"uv":[0,0,0.7,1.75],"texture":"#anvil"},"south":{"uv":[0,0,5.6,1.75],"texture":"#anvil"},"west":{"uv":[0,0,0.7,1.75],"texture":"#anvil"},"up":{"uv":[0,0,5.6,0.7],"texture":"#anvil"},"down":{"uv":[0,0,5.6,0.7],"texture":"#anvil"}}},{"from":[-6.35,-1.4,5.9],"to":[-0.75,-0.7,9.4],"faces":{"north":{"uv":[0,0,5.6,0.7],"texture":"#anvil"},"east":{"uv":[0,0,3.5,0.7],"texture":"#anvil"},"south":{"uv":[0,0,5.6,0.7],"texture":"#anvil"},"west":{"uv":[0,0,3.5,0.7],"texture":"#anvil"},"up":{"uv":[0,0,5.6,3.5],"texture":"#anvil"},"down":{"uv":[0,0,5.6,3.5],"texture":"#anvil"}}},{"from":[-14.05,-1.4,5.9],"to":[-8.45,-0.7,9.4],"faces":{"north":{"uv":[0,0,5.6,0.7],"texture":"#anvil"},"east":{"uv":[0,0,3.5,0.7],"texture":"#anvil"},"south":{"uv":[0,0,5.6,0.7],"texture":"#anvil"},"west":{"uv":[0,0,3.5,0.7],"texture":"#anvil"},"up":{"uv":[0,0,5.6,3.5],"texture":"#anvil"},"down":{"uv":[0,0,5.6,3.5],"texture":"#anvil"}}},{"from":[-6.35,-1.4,9.96875],"to":[-0.75,0,10.6687],"rotation":{"angle":45,"axis":"x","origin":[-6.35,0,9.96875]},"faces":{"north":{"uv":[0,0,5.6,1.4],"texture":"#anvil"},"east":{"uv":[0,0,0.69995,1.4],"texture":"#anvil"},"south":{"uv":[0,0,5.6,1.4],"texture":"#anvil"},"west":{"uv":[0,0,0.69995,1.4],"texture":"#anvil"},"up":{"uv":[0,0,5.6,0.69995],"texture":"#anvil"},"down":{"uv":[0,0,5.6,0.69995],"texture":"#anvil"}}},{"from":[-14.05,-1.31511,9.89501],"to":[-8.45,0.08489,10.59496],"rotation":{"angle":45,"axis":"x","origin":[-14.05,0.08489,9.89501]},"faces":{"north":{"uv":[0,0,5.6,1.4],"texture":"#anvil"},"east":{"uv":[0,0,0.69995,1.4],"texture":"#anvil"},"south":{"uv":[0,0,5.6,1.4],"texture":"#anvil"},"west":{"uv":[0,0,0.69995,1.4],"texture":"#anvil"},"up":{"uv":[0,0,5.6,0.69995],"texture":"#anvil"},"down":{"uv":[0,0,5.6,0.69995],"texture":"#anvil"}}},{"from":[-6,-2.1,6.95],"to":[-1.1,-1.4,9.4],"faces":{"north":{"uv":[10,8,16,9],"texture":"#stone_slab_top"},"east":{"uv":[6,8,9.5,9],"texture":"#stone_slab_top"},"south":{"uv":[0,8,6,9],"texture":"#stone_slab_top"},"west":{"uv":[6.5,8,10,9],"texture":"#stone_slab_top"},"up":{"uv":[0,6.5,6,10],"texture":"#stone_slab_top"},"down":{"uv":[16,10,10,6.5],"texture":"#stone_slab_top"}}},{"from":[-13.7,-2.1,6.95],"to":[-8.8,-1.4,9.4],"faces":{"north":{"uv":[0,0,4.9,0.7],"texture":"#stone_slab_top"},"east":{"uv":[0,0,2.45,0.7],"texture":"#stone_slab_top"},"south":{"uv":[0,0,4.9,0.7],"texture":"#stone_slab_top"},"west":{"uv":[0,0,2.45,0.7],"texture":"#stone_slab_top"},"up":{"uv":[0,0,4.9,2.45],"texture":"#stone_slab_top"},"down":{"uv":[0,0,4.9,2.45],"texture":"#stone_slab_top"}}},{"from":[-13.7,-0.35,10.8],"to":[29.7,11.2,12.2],"faces":{"north":{"uv":[0,0,16,11.55],"texture":"#stone_slab_top"},"east":{"uv":[0,0,1.4,11.55],"texture":"#stone_slab_top"},"south":{"uv":[0,0,16,11.55],"texture":"#stone_slab_top"},"west":{"uv":[0,0,1.4,11.55],"texture":"#stone_slab_top"},"up":{"uv":[0,0,16,1.4],"texture":"#stone_slab_top"},"down":{"uv":[0,0,16,1.4],"texture":"#stone_slab_top"}}},{"from":[-13.7,-3.325,10.975],"to":[29.7,0.875,12.725],"rotation":{"angle":45,"axis":"x","origin":[-13.7,0.875,10.975]},"faces":{"north":{"uv":[0,0,16,4.2],"texture":"#stone_slab_top"},"east":{"uv":[0,0,1.75,4.2],"texture":"#stone_slab_top"},"south":{"uv":[0,0,16,4.2],"texture":"#stone_slab_top"},"west":{"uv":[0,0,1.75,4.2],"texture":"#stone_slab_top"},"up":{"uv":[0,0,16,1.75],"texture":"#stone_slab_top"},"down":{"uv":[0,0,16,1.75],"texture":"#stone_slab_top"}}},{"from":[-13.7,-3.5,8.175],"to":[29.7,-1.05,10.1],"rotation":{"angle":22.5,"axis":"x","origin":[-13.7,-1.05,8.7]},"faces":{"north":{"uv":[12.5,8,14.5,11.5],"texture":"#stone_slab_top"},"east":{"uv":[7,8,9,11.5],"texture":"#stone_slab_top"},"south":{"uv":[1.5,8,3.5,11.5],"texture":"#stone_slab_top"},"west":{"uv":[7,8,9,11.5],"texture":"#stone_slab_top"},"up":{"uv":[1.5,7,3.5,9],"texture":"#stone_slab_top"},"down":{"uv":[14.5,9,12.5,7],"texture":"#stone_slab_top"}}},{"from":[-13.7,-3.85,6.95],"to":[29.7,-1.75,9.05],"faces":{"north":{"uv":[0,0,16,2.1],"texture":"#stone_slab_top"},"east":{"uv":[0,0,2.1,2.1],"texture":"#stone_slab_top"},"south":{"uv":[0,0,16,2.1],"texture":"#stone_slab_top"},"west":{"uv":[0,0,2.1,2.1],"texture":"#stone_slab_top"},"up":{"uv":[0,0,16,2.1],"texture":"#stone_slab_top"},"down":{"uv":[0,0,16,2.1],"texture":"#stone_slab_top"}}},{"from":[-13.7,-4.06532,5.9325],"to":[29.7,-1.375,7.3],"rotation":{"angle":-22.5,"axis":"x","origin":[-13.7,-1.4,5.9]},"faces":{"north":{"uv":[0,0,16,2.69032],"texture":"#stone_slab_top"},"east":{"uv":[0,0,1.3675,2.69032],"texture":"#stone_slab_top"},"south":{"uv":[0,0,16,2.69032],"texture":"#stone_slab_top"},"west":{"uv":[0,0,1.3675,2.69032],"texture":"#stone_slab_top"},"up":{"uv":[0,0,16,1.3675],"texture":"#stone_slab_top"},"down":{"uv":[0,0,16,1.3675],"texture":"#stone_slab_top"}}},{"from":[-4.95,7.7,10.1],"to":[-2.15,10.85,10.8],"faces":{"north":{"uv":[0,0,2.8,3.15],"texture":"#anvil"},"east":{"uv":[0,0,0.7,3.15],"texture":"#anvil"},"south":{"uv":[0,0,2.8,3.15],"texture":"#anvil"},"west":{"uv":[0,0,0.7,3.15],"texture":"#anvil"},"up":{"uv":[0,0,2.8,0.7],"texture":"#anvil"},"down":{"uv":[0,0,2.8,0.7],"texture":"#anvil"}}},{"from":[-12.65,7.7,10.1],"to":[-9.85,10.85,10.8],"faces":{"north":{"uv":[0,0,2.8,3.15],"texture":"#anvil"},"east":{"uv":[0,0,0.7,3.15],"texture":"#anvil"},"south":{"uv":[0,0,2.8,3.15],"texture":"#anvil"},"west":{"uv":[0,0,0.7,3.15],"texture":"#anvil"},"up":{"uv":[0,0,2.8,0.7],"texture":"#anvil"},"down":{"uv":[0,0,2.8,0.7],"texture":"#anvil"}}},{"from":[-4.95,7,10.1],"to":[-2.15,7.7,10.8],"rotation":{"angle":-22.5,"axis":"x","origin":[-4.95,7.7,10.1]},"faces":{"north":{"uv":[0,0,2.8,0.7],"texture":"#anvil"},"east":{"uv":[0,0,0.7,0.7],"texture":"#anvil"},"south":{"uv":[0,0,2.8,0.7],"texture":"#anvil"},"west":{"uv":[0,0,0.7,0.7],"texture":"#anvil"},"up":{"uv":[0,0,2.8,0.7],"texture":"#anvil"},"down":{"uv":[0,0,2.8,0.7],"texture":"#anvil"}}},{"from":[-12.65,7,10.1],"to":[-9.85,7.7,10.8],"rotation":{"angle":-22.5,"axis":"x","origin":[-12.65,7.7,10.1]},"faces":{"north":{"uv":[0,0,2.8,0.7],"texture":"#anvil"},"east":{"uv":[0,0,0.7,0.7],"texture":"#anvil"},"south":{"uv":[0,0,2.8,0.7],"texture":"#anvil"},"west":{"uv":[0,0,0.7,0.7],"texture":"#anvil"},"up":{"uv":[0,0,2.8,0.7],"texture":"#anvil"},"down":{"uv":[0,0,2.8,0.7],"texture":"#anvil"}}},{"from":[-4.6,6.3,11.15],"to":[-2.5,7.35,11.5],"faces":{"north":{"uv":[10.5,0,16,0],"texture":"#stone_slab_top"},"east":{"uv":[3,0,3.5,0],"texture":"#stone_slab_top"},"south":{"uv":[0,0,5.5,0],"texture":"#stone_slab_top"},"west":{"uv":[12.5,0,13,0],"texture":"#stone_slab_top"},"up":{"uv":[0,12.5,5.5,13],"texture":"#stone_slab_top"},"down":{"uv":[16,13,10.5,12.5],"texture":"#stone_slab_top"}}},{"from":[-12.3,6.3,11.15],"to":[-10.2,7.35,11.5],"faces":{"north":{"uv":[10.5,0,16,0],"texture":"#stone_slab_top"},"east":{"uv":[3,0,3.5,0],"texture":"#stone_slab_top"},"south":{"uv":[0,0,5.5,0],"texture":"#stone_slab_top"},"west":{"uv":[12.5,0,13,0],"texture":"#stone_slab_top"},"up":{"uv":[0,12.5,5.5,13],"texture":"#stone_slab_top"},"down":{"uv":[16,13,10.5,12.5],"texture":"#stone_slab_top"}}},{"from":[-14.05,-1.66788,5.25328],"to":[-11.6,-0.96788,5.95328],"rotation":{"angle":-22.5,"axis":"x","origin":[-14.05,-0.96788,5.25328]},"faces":{"north":{"uv":[0,0,2.45,0.7],"texture":"#anvil"},"east":{"uv":[0,0,0.7,0.7],"texture":"#anvil"},"south":{"uv":[0,0,2.45,0.7],"texture":"#anvil"},"west":{"uv":[0,0,0.7,0.7],"texture":"#anvil"},"up":{"uv":[0,0,2.45,0.7],"texture":"#anvil"},"down":{"uv":[0,0,2.45,0.7],"texture":"#anvil"}}},{"from":[-10.9,-1.66788,5.25328],"to":[-8.45,-0.96788,5.95328],"rotation":{"angle":-22.5,"axis":"x","origin":[-10.9,-0.96788,5.25328]},"faces":{"north":{"uv":[0,0,2.45,0.7],"texture":"#anvil"},"east":{"uv":[0,0,0.7,0.7],"texture":"#anvil"},"south":{"uv":[0,0,2.45,0.7],"texture":"#anvil"},"west":{"uv":[0,0,0.7,0.7],"texture":"#anvil"},"up":{"uv":[0,0,2.45,0.7],"texture":"#anvil"},"down":{"uv":[0,0,2.45,0.7],"texture":"#anvil"}}},{"from":[-3.2,-1.66788,5.25328],"to":[-0.75,-0.96788,5.95328],"rotation":{"angle":-22.5,"axis":"x","origin":[-3.2,-0.96788,5.25328]},"faces":{"north":{"uv":[0,0,2.45,0.7],"texture":"#anvil"},"east":{"uv":[0,0,0.7,0.7],"texture":"#anvil"},"south":{"uv":[0,0,2.45,0.7],"texture":"#anvil"},"west":{"uv":[0,0,0.7,0.7],"texture":"#anvil"},"up":{"uv":[0,0,2.45,0.7],"texture":"#anvil"},"down":{"uv":[0,0,2.45,0.7],"texture":"#anvil"}}},{"from":[-6.35,-1.66788,5.25328],"to":[-3.9,-0.96788,5.95328],"rotation":{"angle":-22.5,"axis":"x","origin":[-6.35,-0.96788,5.25328]},"faces":{"north":{"uv":[0,0,2.45,0.7],"texture":"#anvil"},"east":{"uv":[0,0,0.7,0.7],"texture":"#anvil"},"south":{"uv":[0,0,2.45,0.7],"texture":"#anvil"},"west":{"uv":[0,0,0.7,0.7],"texture":"#anvil"},"up":{"uv":[0,0,2.45,0.7],"texture":"#anvil"},"down":{"uv":[0,0,2.45,0.7],"texture":"#anvil"}}},{"from":[-11.6,-1.05,6.25],"to":[-10.9,-0.35,7.3],"rotation":{"angle":22.5,"axis":"x","origin":[-11.6,-0.35,6.25]},"faces":{"north":{"uv":[0,0,0.7,0.7],"texture":"#anvil"},"east":{"uv":[0,0,1.05,0.7],"texture":"#anvil"},"south":{"uv":[0,0,0.7,0.7],"texture":"#anvil"},"west":{"uv":[0,0,1.05,0.7],"texture":"#anvil"},"up":{"uv":[0,0,0.7,1.05],"texture":"#anvil"},"down":{"uv":[0,0,0.7,1.05],"texture":"#anvil"}}},{"from":[-3.9,-1.05,6.25],"to":[-3.2,-0.35,7.3],"rotation":{"angle":22.5,"axis":"x","origin":[-3.9,-0.35,6.25]},"faces":{"north":{"uv":[0,0,0.7,0.7],"texture":"#anvil"},"east":{"uv":[0,0,1.05,0.7],"texture":"#anvil"},"south":{"uv":[0,0,0.7,0.7],"texture":"#anvil"},"west":{"uv":[0,0,1.05,0.7],"texture":"#anvil"},"up":{"uv":[0,0,0.7,1.05],"texture":"#anvil"},"down":{"uv":[0,0,0.7,1.05],"texture":"#anvil"}}},{"from":[-14.05,9.45,10.0125],"to":[30.05,11.55,12.1125],"rotation":{"angle":-45,"axis":"x","origin":[-14.05,11.55,10.0125]},"faces":{"north":{"uv":[0,4.5,1,5.5],"texture":"#anvil"},"east":{"uv":[0,4.5,1,5.5],"texture":"#anvil"},"south":{"uv":[0,4.5,1,5.5],"texture":"#anvil"},"west":{"uv":[0,4.5,1,5.5],"texture":"#anvil"},"up":{"uv":[0,4.5,1,5.5],"texture":"#anvil"},"down":{"uv":[0,4.5,1,5.5],"texture":"#anvil"}}},{"from":[-13.7,12.95,3.8],"to":[29.7,14,6.95],"faces":{"north":{"uv":[0,4.5,1,5.5],"texture":"#anvil"},"east":{"uv":[0,4.5,1,5.5],"texture":"#anvil"},"south":{"uv":[0,4.5,1,5.5],"texture":"#anvil"},"west":{"uv":[0,4.5,1,5.5],"texture":"#anvil"},"up":{"uv":[0,4.5,1,5.5],"texture":"#anvil"},"down":{"uv":[0,4.5,1,5.5],"texture":"#anvil"}}},{"from":[-13.7,12.95,6.95],"to":[29.7,14,11.5],"rotation":{"angle":22.5,"axis":"x","origin":[-13.7,14,6.95]},"faces":{"north":{"uv":[0,4.5,1,5.5],"texture":"#anvil"},"east":{"uv":[0,4.5,1,5.5],"texture":"#anvil"},"south":{"uv":[0,4.5,1,5.5],"texture":"#anvil"},"west":{"uv":[0,4.5,1,5.5],"texture":"#anvil"},"up":{"uv":[0,4.5,1,5.5],"texture":"#anvil"},"down":{"uv":[0,4.5,1,5.5],"texture":"#anvil"}}},{"from":[-7.4,4.9,13.6],"to":[-6,12.6,15],"faces":{"north":{"uv":[0,0,1.4,7.7],"texture":"#texture"},"east":{"uv":[0,0,1.4,7.7],"texture":"#texture"},"south":{"uv":[0,0,1.4,7.7],"texture":"#texture"},"west":{"uv":[0,0,1.4,7.7],"texture":"#texture"},"up":{"uv":[0,0,1.4,1.4],"texture":"#texture"},"down":{"uv":[0,0,1.4,1.4],"texture":"#texture"}}},{"from":[7.3,4.9,13.6],"to":[8.7,12.6,15],"faces":{"north":{"uv":[0,0,1.4,7.7],"texture":"#texture"},"east":{"uv":[0,0,1.4,7.7],"texture":"#texture"},"south":{"uv":[0,0,1.4,7.7],"texture":"#texture"},"west":{"uv":[0,0,1.4,7.7],"texture":"#texture"},"up":{"uv":[0,0,1.4,1.4],"texture":"#texture"},"down":{"uv":[0,0,1.4,1.4],"texture":"#texture"}}},{"from":[-7.4,2.05625,13.9938],"to":[-6,5.90625,15.3938],"rotation":{"angle":45,"axis":"x","origin":[-7.4,5.90625,13.9938]},"faces":{"north":{"uv":[0,0,1.4,3.85],"texture":"#texture"},"east":{"uv":[0,0,1.4,3.85],"texture":"#texture"},"south":{"uv":[0,0,1.4,3.85],"texture":"#texture"},"west":{"uv":[0,0,1.4,3.85],"texture":"#texture"},"up":{"uv":[0,0,1.4,1.4],"texture":"#texture"},"down":{"uv":[0,0,1.4,1.4],"texture":"#texture"}}},{"from":[22,4.9,13.6],"to":[23.4,12.6,15],"faces":{"north":{"uv":[0,0,1.4,7.7],"texture":"#texture"},"east":{"uv":[0,0,1.4,7.7],"texture":"#texture"},"south":{"uv":[0,0,1.4,7.7],"texture":"#texture"},"west":{"uv":[0,0,1.4,7.7],"texture":"#texture"},"up":{"uv":[0,0,1.4,1.4],"texture":"#texture"},"down":{"uv":[0,0,1.4,1.4],"texture":"#texture"}}},{"from":[22,2.05625,13.9938],"to":[23.4,5.90625,15.3938],"rotation":{"angle":45,"axis":"x","origin":[22,5.90625,13.9938]},"faces":{"north":{"uv":[0,0,1.4,3.85],"texture":"#texture"},"east":{"uv":[0,0,1.4,3.85],"texture":"#texture"},"south":{"uv":[0,0,1.4,3.85],"texture":"#texture"},"west":{"uv":[0,0,1.4,3.85],"texture":"#texture"},"up":{"uv":[0,0,1.4,1.4],"texture":"#texture"},"down":{"uv":[0,0,1.4,1.4],"texture":"#texture"}}},{"from":[7.3,2.05625,13.9938],"to":[8.7,5.90625,15.3938],"rotation":{"angle":45,"axis":"x","origin":[7.3,5.90625,13.9938]},"faces":{"north":{"uv":[0,0,1.4,3.85],"texture":"#texture"},"east":{"uv":[0,0,1.4,3.85],"texture":"#texture"},"south":{"uv":[0,0,1.4,3.85],"texture":"#texture"},"west":{"uv":[0,0,1.4,3.85],"texture":"#texture"},"up":{"uv":[0,0,1.4,1.4],"texture":"#texture"},"down":{"uv":[0,0,1.4,1.4],"texture":"#texture"}}},{"from":[-7.4,10.0625,10.3188],"to":[-6,15.3125,11.7188],"rotation":{"angle":-45,"axis":"x","origin":[-7.4,15.3125,10.3188]},"faces":{"north":{"uv":[0,0,1.4,5.25],"texture":"#texture"},"east":{"uv":[0,0,1.4,5.25],"texture":"#texture"},"south":{"uv":[0,0,1.4,5.25],"texture":"#texture"},"west":{"uv":[0,0,1.4,5.25],"texture":"#texture"},"up":{"uv":[0,0,1.4,1.4],"texture":"#texture"},"down":{"uv":[0,0,1.4,1.4],"texture":"#texture"}}},{"from":[-7.4,12.2063,10.8438],"to":[-6,15.3563,12.2438],"rotation":{"angle":45,"axis":"x","origin":[-7.4,16.7563,10.8438]},"faces":{"north":{"uv":[0,0,1.4,4.55],"texture":"#texture"},"east":{"uv":[0,0,1.4,4.55],"texture":"#texture"},"south":{"uv":[0,0,1.4,4.55],"texture":"#texture"},"west":{"uv":[0,0,1.4,4.55],"texture":"#texture"},"up":{"uv":[0,0,1.4,1.4],"texture":"#texture"},"down":{"uv":[0,0,1.4,1.4],"texture":"#texture"}}},{"from":[7.3,12.25,10.8],"to":[8.7,15.4,12.2],"rotation":{"angle":45,"axis":"x","origin":[7.3,16.8,10.8]},"faces":{"north":{"uv":[4,0,5,2],"texture":"#texture"},"east":{"uv":[0.5,0,2,2],"texture":"#texture"},"south":{"uv":[11,0,12,2],"texture":"#texture"},"west":{"uv":[14,0,15.5,2],"texture":"#texture"},"up":{"uv":[11,14,12,15.5],"texture":"#texture"},"down":{"uv":[5,15.5,4,14],"texture":"#texture"}}},{"from":[22,12.25,10.8],"to":[23.4,15.4,12.2],"rotation":{"angle":45,"axis":"x","origin":[22,16.8,10.8]},"faces":{"north":{"uv":[4,0,5,2],"texture":"#texture"},"east":{"uv":[0.5,0,2,2],"texture":"#texture"},"south":{"uv":[11,0,12,2],"texture":"#texture"},"west":{"uv":[14,0,15.5,2],"texture":"#texture"},"up":{"uv":[11,14,12,15.5],"texture":"#texture"},"down":{"uv":[5,15.5,4,14],"texture":"#texture"}}},{"from":[7.3,10.0625,10.3188],"to":[8.7,15.3125,11.7188],"rotation":{"angle":-45,"axis":"x","origin":[7.3,15.3125,10.3188]},"faces":{"north":{"uv":[0,0,1.4,5.25],"texture":"#texture"},"east":{"uv":[0,0,1.4,5.25],"texture":"#texture"},"south":{"uv":[0,0,1.4,5.25],"texture":"#texture"},"west":{"uv":[0,0,1.4,5.25],"texture":"#texture"},"up":{"uv":[0,0,1.4,1.4],"texture":"#texture"},"down":{"uv":[0,0,1.4,1.4],"texture":"#texture"}}},{"from":[22,10.0625,10.3188],"to":[23.4,15.3125,11.7188],"rotation":{"angle":-45,"axis":"x","origin":[22,15.3125,10.3188]},"faces":{"north":{"uv":[0,0,1.4,5.25],"texture":"#texture"},"east":{"uv":[0,0,1.4,5.25],"texture":"#texture"},"south":{"uv":[0,0,1.4,5.25],"texture":"#texture"},"west":{"uv":[0,0,1.4,5.25],"texture":"#texture"},"up":{"uv":[0,0,1.4,1.4],"texture":"#texture"},"down":{"uv":[0,0,1.4,1.4],"texture":"#texture"}}},{"from":[-8.1,15.4,10.8],"to":[24.1,16.8,12.2],"rotation":{"angle":45,"axis":"x","origin":[-8.1,16.8,10.8]},"faces":{"north":{"uv":[0,0,16,1.4],"texture":"#texture"},"east":{"uv":[0,0,1.4,1.4],"texture":"#texture"},"south":{"uv":[0,0,16,1.4],"texture":"#texture"},"west":{"uv":[0,0,1.4,1.4],"texture":"#texture"},"up":{"uv":[0,0,16,1.4],"texture":"#texture"},"down":{"uv":[0,0,16,1.4],"texture":"#texture"}}},{"from":[-8.1,12.2062,13.9938],"to":[24.1,13.6062,15.3938],"rotation":{"angle":45,"axis":"x","origin":[-8.1,13.6062,13.9938]},"faces":{"north":{"uv":[0,0,16,1.4],"texture":"#texture"},"east":{"uv":[0,0,1.4,1.4],"texture":"#texture"},"south":{"uv":[0,0,16,1.4],"texture":"#texture"},"west":{"uv":[0,0,1.4,1.4],"texture":"#texture"},"up":{"uv":[0,0,16,1.4],"texture":"#texture"},"down":{"uv":[0,0,16,1.4],"texture":"#texture"}}},{"from":[17,16,10],"to":[18.4,21,11.5],"faces":{"north":{"uv":[0,0,1.4,5],"texture":"#texture"},"east":{"uv":[0,0,1.5,5],"texture":"#texture"},"south":{"uv":[0,0,1.4,5],"texture":"#texture"},"west":{"uv":[0,0,1.5,5],"texture":"#texture"},"up":{"uv":[0,0,1.4,1.5],"texture":"#texture"},"down":{"uv":[0,0,1.4,1.5],"texture":"#texture"}}},{"from":[17,19.5,11.5],"to":[18.4,21,17],"faces":{"north":{"uv":[0,0,1.4,1.5],"texture":"#texture"},"east":{"uv":[0,0,7,1.5],"texture":"#texture"},"south":{"uv":[0,0,1.4,1.5],"texture":"#texture"},"west":{"uv":[0,0,7,1.5],"texture":"#texture"},"up":{"uv":[0,0,1.4,7],"texture":"#texture"},"down":{"uv":[0,0,1.4,7],"texture":"#texture"}}},{"from":[-2.5,16,10],"to":[-1.1,21,11.5],"faces":{"north":{"uv":[0,0,1.4,5],"texture":"#texture"},"east":{"uv":[0,0,1.5,5],"texture":"#texture"},"south":{"uv":[0,0,1.4,5],"texture":"#texture"},"west":{"uv":[0,0,1.5,5],"texture":"#texture"},"up":{"uv":[0,0,1.4,1.5],"texture":"#texture"},"down":{"uv":[0,0,1.4,1.5],"texture":"#texture"}}},{"from":[-2.5,19.5,11.5],"to":[-1.1,21,17],"faces":{"north":{"uv":[0,0,1.4,1.5],"texture":"#texture"},"east":{"uv":[0,0,7,1.5],"texture":"#texture"},"south":{"uv":[0,0,1.4,1.5],"texture":"#texture"},"west":{"uv":[0,0,7,1.5],"texture":"#texture"},"up":{"uv":[0,0,1.4,7],"texture":"#texture"},"down":{"uv":[0,0,1.4,7],"texture":"#texture"}}},{"from":[-8.6,-1.65,7.175],"to":[24.6,-0.85,8.225],"faces":{"north":{"uv":[0,0,16,0.8],"texture":"#stone_slab_top"},"east":{"uv":[0,0,1.05,0.8],"texture":"#stone_slab_top"},"south":{"uv":[0,0,16,0.8],"texture":"#stone_slab_top"},"west":{"uv":[0,0,1.05,0.8],"texture":"#stone_slab_top"},"up":{"uv":[0,0,16,1.05],"texture":"#stone_slab_top"},"down":{"uv":[0,0,16,1.05],"texture":"#stone_slab_top"}}}],"display":{"gui":{"rotation":[30,-135,0],"scale":[0.3,0.3,0.3]},"head":{"translation":[12.5,28,-2],"scale":[3.3,3.3,3.3]}},"credit":"Model by Craftventure"}