{"textures":{"texture":"block/black_terracotta","anvil":"block/anvil","wielen":"block/coal_block","oranje":"block/orange_terracotta","stone_slab_top":"block/smooth_stone"},"elements":[{"from":[-2,-2,-3.5],"to":[6,-1,1.5],"faces":{"north":{"uv":[0,0,8,1],"texture":"#anvil"},"east":{"uv":[0,0,5,1],"texture":"#anvil"},"south":{"uv":[0,0,8,1],"texture":"#anvil"},"west":{"uv":[0,0,5,1],"texture":"#anvil"},"up":{"uv":[0,0,8,5],"texture":"#anvil"},"down":{"uv":[0,0,8,5],"texture":"#anvil"}}},{"from":[10,-2,-3.5],"to":[18,-1,1.5],"faces":{"north":{"uv":[0,0,8,1],"texture":"#anvil"},"east":{"uv":[0,0,5,1],"texture":"#anvil"},"south":{"uv":[0,0,8,1],"texture":"#anvil"},"west":{"uv":[0,0,5,1],"texture":"#anvil"},"up":{"uv":[0,0,8,5],"texture":"#anvil"},"down":{"uv":[0,0,8,5],"texture":"#anvil"}}},{"from":[10,-0.5,3],"to":[18,2,4],"rotation":{"angle":22.5,"axis":"x","origin":[10,2,3]},"faces":{"north":{"uv":[0,0,8,2.5],"texture":"#anvil"},"east":{"uv":[0,0,1,2.5],"texture":"#anvil"},"south":{"uv":[0,0,8,2.5],"texture":"#anvil"},"west":{"uv":[0,0,1,2.5],"texture":"#anvil"},"up":{"uv":[0,0,8,1],"texture":"#anvil"},"down":{"uv":[0,0,8,1],"texture":"#anvil"}}},{"from":[12.5,9,4],"to":[15.5,10.5,4.5],"faces":{"north":{"uv":[10.5,15,14,16],"texture":"#oranje"},"east":{"uv":[10.5,15,14,16],"texture":"#oranje"},"south":{"uv":[10.5,15,14,16],"texture":"#oranje"},"west":{"uv":[10.5,15,14,16],"texture":"#oranje"},"up":{"uv":[10.5,15,14,16],"texture":"#oranje"},"down":{"uv":[10.5,15,14,16],"texture":"#oranje"}}},{"from":[12.5,9,11.575],"to":[15.5,10.5,12.075],"rotation":{"angle":0,"axis":"y","origin":[8,8,8.075]},"faces":{"north":{"uv":[14,15,10.5,16],"texture":"#oranje"},"east":{"uv":[14,15,10.5,16],"texture":"#oranje"},"south":{"uv":[14,15,10.5,16],"texture":"#oranje"},"west":{"uv":[14,15,10.5,16],"texture":"#oranje"},"up":{"uv":[10.5,16,14,15],"texture":"#oranje"},"down":{"uv":[10.5,16,14,15],"texture":"#oranje"}}},{"from":[12,10,2.5],"to":[16,11,3.5],"rotation":{"angle":-22.5,"axis":"x","origin":[12,11,2.5]},"faces":{"north":{"uv":[0,0,4,1],"texture":"#anvil"},"east":{"uv":[0,0,1,1],"texture":"#anvil"},"south":{"uv":[0,0,4,1],"texture":"#anvil"},"west":{"uv":[0,0,1,1],"texture":"#anvil"},"up":{"uv":[0,0,4,1],"texture":"#anvil"},"down":{"uv":[0,0,4,1],"texture":"#anvil"}}},{"from":[11.53073,6.69552,3.001],"to":[12.53073,10.39552,4.001],"rotation":{"angle":-22.5,"axis":"z","origin":[11.53073,10.69552,3.001]},"faces":{"north":{"uv":[0,0,1,4],"texture":"#anvil"},"east":{"uv":[0,0,1,4],"texture":"#anvil"},"south":{"uv":[0,0,1,4],"texture":"#anvil"},"west":{"uv":[0,0,1,4],"texture":"#anvil"},"up":{"uv":[0,0,1,1],"texture":"#anvil"},"down":{"uv":[0,0,1,1],"texture":"#anvil"}}},{"from":[10,-2.375,-4.375],"to":[13.5,-1.375,-3.375],"rotation":{"angle":-22.5,"axis":"x","origin":[10,-1.375,-4.375]},"faces":{"north":{"uv":[0,0,3.5,1],"texture":"#anvil"},"east":{"uv":[0,0,1,1],"texture":"#anvil"},"south":{"uv":[0,0,3.5,1],"texture":"#anvil"},"west":{"uv":[0,0,1,1],"texture":"#anvil"},"up":{"uv":[0,0,3.5,1],"texture":"#anvil"},"down":{"uv":[0,0,3.5,1],"texture":"#anvil"}}},{"from":[-10.5,-2.0625,17.625],"to":[-9.5,-1.0625,19.125],"rotation":{"angle":-22.5,"axis":"x","origin":[-10.5,-1.0625,17.625]},"faces":{"north":{"uv":[0,0,1,1],"texture":"#anvil"},"east":{"uv":[0,0,1.5,1],"texture":"#anvil"},"south":{"uv":[0,0,1,1],"texture":"#anvil"},"west":{"uv":[0,0,1.5,1],"texture":"#anvil"},"up":{"uv":[0,0,1,1.5],"texture":"#anvil"},"down":{"uv":[0,0,1,1.5],"texture":"#anvil"}}},{"from":[10,1.5,3],"to":[18,7,4],"faces":{"north":{"uv":[0,0,8,5.5],"texture":"#anvil"},"east":{"uv":[0,0,1,5.5],"texture":"#anvil"},"south":{"uv":[0,0,8,5.5],"texture":"#anvil"},"west":{"uv":[0,0,1,5.5],"texture":"#anvil"},"up":{"uv":[0,0,8,1],"texture":"#anvil"},"down":{"uv":[0,0,8,1],"texture":"#anvil"}}},{"from":[2.5,-2.375,-4.4375],"to":[6,-1.375,-3.4375],"rotation":{"angle":-22.5,"axis":"x","origin":[2.5,-1.375,-4.4375]},"faces":{"north":{"uv":[0,0,3.5,1],"texture":"#anvil"},"east":{"uv":[0,0,1,1],"texture":"#anvil"},"south":{"uv":[0,0,3.5,1],"texture":"#anvil"},"west":{"uv":[0,0,1,1],"texture":"#anvil"},"up":{"uv":[0,0,3.5,1],"texture":"#anvil"},"down":{"uv":[0,0,3.5,1],"texture":"#anvil"}}},{"from":[13.5,-1.4375,-2.875],"to":[14.5,-0.4375,-1.375],"rotation":{"angle":22.5,"axis":"x","origin":[13.5,-0.4375,-2.875]},"faces":{"north":{"uv":[0,0,1,1],"texture":"#anvil"},"east":{"uv":[0,0,1.5,1],"texture":"#anvil"},"south":{"uv":[0,0,1,1],"texture":"#anvil"},"west":{"uv":[0,0,1.5,1],"texture":"#anvil"},"up":{"uv":[0,0,1,1.5],"texture":"#anvil"},"down":{"uv":[0,0,1,1.5],"texture":"#anvil"}}},{"from":[-2,-1.8125,2.3125],"to":[6,0.1875,3.3125],"rotation":{"angle":45,"axis":"x","origin":[-2,0.1875,2.3125]},"faces":{"north":{"uv":[0,0,8,2],"texture":"#anvil"},"east":{"uv":[0,0,1,2],"texture":"#anvil"},"south":{"uv":[0,0,8,2],"texture":"#anvil"},"west":{"uv":[0,0,1,2],"texture":"#anvil"},"up":{"uv":[0,0,8,1],"texture":"#anvil"},"down":{"uv":[0,0,8,1],"texture":"#anvil"}}},{"from":[-2,-0.5,3],"to":[6,2,4],"rotation":{"angle":22.5,"axis":"x","origin":[-2,2,3]},"faces":{"north":{"uv":[0,0,8,2.5],"texture":"#anvil"},"east":{"uv":[0,0,1,2.5],"texture":"#anvil"},"south":{"uv":[0,0,8,2.5],"texture":"#anvil"},"west":{"uv":[0,0,1,2.5],"texture":"#anvil"},"up":{"uv":[0,0,8,1],"texture":"#anvil"},"down":{"uv":[0,0,8,1],"texture":"#anvil"}}},{"from":[-2,1.5,3],"to":[6,7,4],"faces":{"north":{"uv":[0,0,8,5.5],"texture":"#anvil"},"east":{"uv":[0,0,1,5.5],"texture":"#anvil"},"south":{"uv":[0,0,8,5.5],"texture":"#anvil"},"west":{"uv":[0,0,1,5.5],"texture":"#anvil"},"up":{"uv":[0,0,8,1],"texture":"#anvil"},"down":{"uv":[0,0,8,1],"texture":"#anvil"}}},{"from":[-1,7,3],"to":[5,10.5,4],"faces":{"north":{"uv":[0,0,6,3.5],"texture":"#anvil"},"east":{"uv":[0,0,1,3.5],"texture":"#anvil"},"south":{"uv":[0,0,6,3.5],"texture":"#anvil"},"west":{"uv":[0,0,1,3.5],"texture":"#anvil"},"up":{"uv":[0,0,6,1],"texture":"#anvil"},"down":{"uv":[0,0,6,1],"texture":"#anvil"}}},{"from":[-0.46927,6.69552,3.001],"to":[0.53073,10.39552,4.001],"rotation":{"angle":-22.5,"axis":"z","origin":[-0.46927,10.69552,3.001]},"faces":{"north":{"uv":[0,0,1,4],"texture":"#anvil"},"east":{"uv":[0,0,1,4],"texture":"#anvil"},"south":{"uv":[0,0,1,4],"texture":"#anvil"},"west":{"uv":[0,0,1,4],"texture":"#anvil"},"up":{"uv":[0,0,1,1],"texture":"#anvil"},"down":{"uv":[0,0,1,1],"texture":"#anvil"}}},{"from":[3.54539,6.31283,12.001],"to":[4.54539,10.01283,13.001],"rotation":{"angle":22.5,"axis":"z","origin":[3.54539,10.31283,12.001]},"faces":{"north":{"uv":[0,0,1,4],"texture":"#anvil"},"east":{"uv":[0,0,1,4],"texture":"#anvil"},"south":{"uv":[0,0,1,4],"texture":"#anvil"},"west":{"uv":[0,0,1,4],"texture":"#anvil"},"up":{"uv":[0,0,1,1],"texture":"#anvil"},"down":{"uv":[0,0,1,1],"texture":"#anvil"}}},{"from":[0,10,2.5],"to":[4,11,3.5],"rotation":{"angle":-22.5,"axis":"x","origin":[0,11,2.5]},"faces":{"north":{"uv":[0,0,4,1],"texture":"#anvil"},"east":{"uv":[0,0,1,1],"texture":"#anvil"},"south":{"uv":[0,0,4,1],"texture":"#anvil"},"west":{"uv":[0,0,1,1],"texture":"#anvil"},"up":{"uv":[0,0,4,1],"texture":"#anvil"},"down":{"uv":[0,0,4,1],"texture":"#anvil"}}},{"from":[0,11,2.5],"to":[4,15.5,3.5],"faces":{"north":{"uv":[0,0,4,4.5],"texture":"#anvil"},"east":{"uv":[0,0,1,4.5],"texture":"#anvil"},"south":{"uv":[0,0,4,4.5],"texture":"#anvil"},"west":{"uv":[0,0,1,4.5],"texture":"#anvil"},"up":{"uv":[0,0,4,1],"texture":"#anvil"},"down":{"uv":[0,0,4,1],"texture":"#anvil"}}},{"from":[0.5,9,4],"to":[3.5,10.5,4.5],"faces":{"north":{"uv":[10.5,15,14,16],"texture":"#oranje"},"east":{"uv":[10.5,15,14,16],"texture":"#oranje"},"south":{"uv":[10.5,15,14,16],"texture":"#oranje"},"west":{"uv":[10.5,15,14,16],"texture":"#oranje"},"up":{"uv":[10.5,15,14,16],"texture":"#oranje"},"down":{"uv":[10.5,15,14,16],"texture":"#oranje"}}},{"from":[0.5,9,11.575],"to":[3.5,10.5,12.075],"rotation":{"angle":0,"axis":"y","origin":[8,8,8.075]},"faces":{"north":{"uv":[14,15,10.5,16],"texture":"#oranje"},"east":{"uv":[14,15,10.5,16],"texture":"#oranje"},"south":{"uv":[14,15,10.5,16],"texture":"#oranje"},"west":{"uv":[14,15,10.5,16],"texture":"#oranje"},"up":{"uv":[10.5,16,14,15],"texture":"#oranje"},"down":{"uv":[10.5,16,14,15],"texture":"#oranje"}}},{"from":[-15.5,0.5,4],"to":[31.5,9,12],"faces":{"north":{"uv":[0,0,16,8.5],"texture":"#texture"},"east":{"uv":[0,0,8,8.5],"texture":"#texture"},"south":{"uv":[0,0,16,8.5],"texture":"#texture"},"west":{"uv":[0,0,8,8.5],"texture":"#texture"},"up":{"uv":[0,0,16,8],"texture":"#texture"},"down":{"uv":[0,0,16,8],"texture":"#texture"}}},{"from":[-2,-2.375,-4.375],"to":[1.5,-1.375,-3.375],"rotation":{"angle":-22.5,"axis":"x","origin":[-2,-1.375,-4.375]},"faces":{"north":{"uv":[0,0,3.5,1],"texture":"#anvil"},"east":{"uv":[0,0,1,1],"texture":"#anvil"},"south":{"uv":[0,0,3.5,1],"texture":"#anvil"},"west":{"uv":[0,0,1,1],"texture":"#anvil"},"up":{"uv":[0,0,3.5,1],"texture":"#anvil"},"down":{"uv":[0,0,3.5,1],"texture":"#anvil"}}},{"from":[14.5,-2.375,-4.4375],"to":[18,-1.375,-3.4375],"rotation":{"angle":-22.5,"axis":"x","origin":[14.5,-1.375,-4.4375]},"faces":{"north":{"uv":[0,0,3.5,1],"texture":"#anvil"},"east":{"uv":[0,0,1,1],"texture":"#anvil"},"south":{"uv":[0,0,3.5,1],"texture":"#anvil"},"west":{"uv":[0,0,1,1],"texture":"#anvil"},"up":{"uv":[0,0,3.5,1],"texture":"#anvil"},"down":{"uv":[0,0,3.5,1],"texture":"#anvil"}}},{"from":[10,-1.8125,2.3125],"to":[18,0.1875,3.3125],"rotation":{"angle":45,"axis":"x","origin":[10,0.1875,2.3125]},"faces":{"north":{"uv":[0,0,16,16],"texture":"#anvil"},"east":{"uv":[0,0,16,16],"texture":"#anvil"},"south":{"uv":[0,0,16,16],"texture":"#anvil"},"west":{"uv":[0,0,16,16],"texture":"#anvil"},"up":{"uv":[0,0,16,16],"texture":"#anvil"},"down":{"uv":[0,0,16,16],"texture":"#anvil"}}},{"from":[11,7,3],"to":[17,10.5,4],"faces":{"north":{"uv":[0,0,6,3.5],"texture":"#anvil"},"east":{"uv":[0,0,1,3.5],"texture":"#anvil"},"south":{"uv":[0,0,6,3.5],"texture":"#anvil"},"west":{"uv":[0,0,1,3.5],"texture":"#anvil"},"up":{"uv":[0,0,6,1],"texture":"#anvil"},"down":{"uv":[0,0,6,1],"texture":"#anvil"}}},{"from":[12,11,2.5],"to":[16,15.5,3.5],"faces":{"north":{"uv":[0,0,4,4.5],"texture":"#anvil"},"east":{"uv":[0,0,1,4.5],"texture":"#anvil"},"south":{"uv":[0,0,4,4.5],"texture":"#anvil"},"west":{"uv":[0,0,1,4.5],"texture":"#anvil"},"up":{"uv":[0,0,4,1],"texture":"#anvil"},"down":{"uv":[0,0,4,1],"texture":"#anvil"}}},{"from":[0,10.5,3.5],"to":[4,14,5],"faces":{"north":{"uv":[10.5,15,14,16],"texture":"#oranje"},"east":{"uv":[10.5,15,14,16],"texture":"#oranje"},"south":{"uv":[10.5,15,14,16],"texture":"#oranje"},"west":{"uv":[10.5,15,14,16],"texture":"#oranje"},"up":{"uv":[10.5,15,14,16],"texture":"#oranje"},"down":{"uv":[10.5,15,14,16],"texture":"#oranje"}}},{"from":[0,10.5,11.075],"to":[4,14,12.575],"rotation":{"angle":0,"axis":"y","origin":[8,8,8.075]},"faces":{"north":{"uv":[14,15,10.5,16],"texture":"#oranje"},"east":{"uv":[14,15,10.5,16],"texture":"#oranje"},"south":{"uv":[14,15,10.5,16],"texture":"#oranje"},"west":{"uv":[14,15,10.5,16],"texture":"#oranje"},"up":{"uv":[10.5,16,14,15],"texture":"#oranje"},"down":{"uv":[10.5,16,14,15],"texture":"#oranje"}}},{"from":[0.5,13.9,3.5625],"to":[3.5,15.4,5.5625],"rotation":{"angle":45,"axis":"x","origin":[0.5,15.4,3.5625]},"faces":{"north":{"uv":[10.5,15,14,16],"texture":"#oranje"},"east":{"uv":[10.5,15,14,16],"texture":"#oranje"},"south":{"uv":[10.5,15,14,16],"texture":"#oranje"},"west":{"uv":[10.5,15,14,16],"texture":"#oranje"},"up":{"uv":[10.5,15,14,16],"texture":"#oranje"},"down":{"uv":[10.5,15,14,16],"texture":"#oranje"}}},{"from":[0.5,14.1,10.5125],"to":[3.5,15.4,12.5125],"rotation":{"angle":-45,"axis":"x","origin":[0.5,15.4,12.5125]},"faces":{"north":{"uv":[14,15,10.5,16],"texture":"#oranje"},"east":{"uv":[14,15,10.5,16],"texture":"#oranje"},"south":{"uv":[14,15,10.5,16],"texture":"#oranje"},"west":{"uv":[14,15,10.5,16],"texture":"#oranje"},"up":{"uv":[10.5,16,14,15],"texture":"#oranje"},"down":{"uv":[10.5,16,14,15],"texture":"#oranje"}}},{"from":[12.5,13.9,3.5625],"to":[15.5,15.4,5.5625],"rotation":{"angle":45,"axis":"x","origin":[12.5,15.4,3.5625]},"faces":{"north":{"uv":[10.5,15,14,16],"texture":"#oranje"},"east":{"uv":[10.5,15,14,16],"texture":"#oranje"},"south":{"uv":[10.5,15,14,16],"texture":"#oranje"},"west":{"uv":[10.5,15,14,16],"texture":"#oranje"},"up":{"uv":[10.5,15,14,16],"texture":"#oranje"},"down":{"uv":[10.5,15,14,16],"texture":"#oranje"}}},{"from":[12.5,14.1,10.5125],"to":[15.5,15.4,12.5125],"rotation":{"angle":-45,"axis":"x","origin":[12.5,15.4,12.5125]},"faces":{"north":{"uv":[14,15,10.5,16],"texture":"#oranje"},"east":{"uv":[14,15,10.5,16],"texture":"#oranje"},"south":{"uv":[14,15,10.5,16],"texture":"#oranje"},"west":{"uv":[14,15,10.5,16],"texture":"#oranje"},"up":{"uv":[10.5,16,14,15],"texture":"#oranje"},"down":{"uv":[10.5,16,14,15],"texture":"#oranje"}}},{"from":[24,10.5,3.5],"to":[28,14,5],"faces":{"north":{"uv":[10.5,15,14,16],"texture":"#oranje"},"east":{"uv":[10.5,15,14,16],"texture":"#oranje"},"south":{"uv":[10.5,15,14,16],"texture":"#oranje"},"west":{"uv":[10.5,15,14,16],"texture":"#oranje"},"up":{"uv":[10.5,15,14,16],"texture":"#oranje"},"down":{"uv":[10.5,15,14,16],"texture":"#oranje"}}},{"from":[24,10.5,11.075],"to":[28,14,12.575],"rotation":{"angle":0,"axis":"y","origin":[8,8,8.075]},"faces":{"north":{"uv":[14,15,10.5,16],"texture":"#oranje"},"east":{"uv":[14,15,10.5,16],"texture":"#oranje"},"south":{"uv":[14,15,10.5,16],"texture":"#oranje"},"west":{"uv":[14,15,10.5,16],"texture":"#oranje"},"up":{"uv":[10.5,16,14,15],"texture":"#oranje"},"down":{"uv":[10.5,16,14,15],"texture":"#oranje"}}},{"from":[0,9.5,4.0625],"to":[4,11,5.0625],"rotation":{"angle":22.5,"axis":"x","origin":[0,11,4.0625]},"faces":{"north":{"uv":[10.5,15,14,16],"texture":"#oranje"},"east":{"uv":[10.5,15,14,16],"texture":"#oranje"},"south":{"uv":[10.5,15,14,16],"texture":"#oranje"},"west":{"uv":[10.5,15,14,16],"texture":"#oranje"},"up":{"uv":[10.5,15,14,16],"texture":"#oranje"},"down":{"uv":[10.5,15,14,16],"texture":"#oranje"}}},{"from":[0,9.5,11.0125],"to":[4,11,12.0125],"rotation":{"angle":-22.5,"axis":"x","origin":[0,11,12.0125]},"faces":{"north":{"uv":[14,15,10.5,16],"texture":"#oranje"},"east":{"uv":[14,15,10.5,16],"texture":"#oranje"},"south":{"uv":[14,15,10.5,16],"texture":"#oranje"},"west":{"uv":[14,15,10.5,16],"texture":"#oranje"},"up":{"uv":[10.5,16,14,15],"texture":"#oranje"},"down":{"uv":[10.5,16,14,15],"texture":"#oranje"}}},{"from":[12,9.375,4.0625],"to":[16,10.875,5.0625],"rotation":{"angle":22.5,"axis":"x","origin":[12,10.875,4.0625]},"faces":{"north":{"uv":[10.5,15,14,16],"texture":"#oranje"},"east":{"uv":[10.5,15,14,16],"texture":"#oranje"},"south":{"uv":[10.5,15,14,16],"texture":"#oranje"},"west":{"uv":[10.5,15,14,16],"texture":"#oranje"},"up":{"uv":[10.5,15,14,16],"texture":"#oranje"},"down":{"uv":[10.5,15,14,16],"texture":"#oranje"}}},{"from":[12,9.375,11.0125],"to":[16,10.875,12.0125],"rotation":{"angle":-22.5,"axis":"x","origin":[12,10.875,12.0125]},"faces":{"north":{"uv":[14,15,10.5,16],"texture":"#oranje"},"east":{"uv":[14,15,10.5,16],"texture":"#oranje"},"south":{"uv":[14,15,10.5,16],"texture":"#oranje"},"west":{"uv":[14,15,10.5,16],"texture":"#oranje"},"up":{"uv":[10.5,16,14,15],"texture":"#oranje"},"down":{"uv":[10.5,16,14,15],"texture":"#oranje"}}},{"from":[22,-2,-3.5],"to":[30,-1,1.5],"faces":{"north":{"uv":[0,0,8,1],"texture":"#anvil"},"east":{"uv":[0,0,5,1],"texture":"#anvil"},"south":{"uv":[0,0,8,1],"texture":"#anvil"},"west":{"uv":[0,0,5,1],"texture":"#anvil"},"up":{"uv":[0,0,8,5],"texture":"#anvil"},"down":{"uv":[0,0,8,5],"texture":"#anvil"}}},{"from":[-14,-2,-3.5],"to":[-6,-1,1.5],"faces":{"north":{"uv":[0,0,8,1],"texture":"#anvil"},"east":{"uv":[0,0,5,1],"texture":"#anvil"},"south":{"uv":[0,0,8,1],"texture":"#anvil"},"west":{"uv":[0,0,5,1],"texture":"#anvil"},"up":{"uv":[0,0,8,5],"texture":"#anvil"},"down":{"uv":[0,0,8,5],"texture":"#anvil"}}},{"from":[-14,-2.375,-4.375],"to":[-10.5,-1.375,-3.375],"rotation":{"angle":-22.5,"axis":"x","origin":[-14,-1.375,-4.375]},"faces":{"north":{"uv":[0,0,3.5,1],"texture":"#anvil"},"east":{"uv":[0,0,1,1],"texture":"#anvil"},"south":{"uv":[0,0,3.5,1],"texture":"#anvil"},"west":{"uv":[0,0,1,1],"texture":"#anvil"},"up":{"uv":[0,0,3.5,1],"texture":"#anvil"},"down":{"uv":[0,0,3.5,1],"texture":"#anvil"}}},{"from":[-9.5,-2.375,-4.4375],"to":[-6,-1.375,-3.4375],"rotation":{"angle":-22.5,"axis":"x","origin":[-9.5,-1.375,-4.4375]},"faces":{"north":{"uv":[0,0,3.5,1],"texture":"#anvil"},"east":{"uv":[0,0,1,1],"texture":"#anvil"},"south":{"uv":[0,0,3.5,1],"texture":"#anvil"},"west":{"uv":[0,0,1,1],"texture":"#anvil"},"up":{"uv":[0,0,3.5,1],"texture":"#anvil"},"down":{"uv":[0,0,3.5,1],"texture":"#anvil"}}},{"from":[-14,-2.5,12.8125],"to":[-6,-0.5,13.8125],"rotation":{"angle":-45,"axis":"x","origin":[-14,-0.5,12.8125]},"faces":{"north":{"uv":[0,0,8,2],"texture":"#anvil"},"east":{"uv":[0,0,1,2],"texture":"#anvil"},"south":{"uv":[0,0,8,2],"texture":"#anvil"},"west":{"uv":[0,0,1,2],"texture":"#anvil"},"up":{"uv":[0,0,8,1],"texture":"#anvil"},"down":{"uv":[0,0,8,1],"texture":"#anvil"}}},{"from":[-14,-0.5,3],"to":[-6,2,4],"rotation":{"angle":22.5,"axis":"x","origin":[-14,2,3]},"faces":{"north":{"uv":[0,0,8,2.5],"texture":"#anvil"},"east":{"uv":[0,0,1,2.5],"texture":"#anvil"},"south":{"uv":[0,0,8,2.5],"texture":"#anvil"},"west":{"uv":[0,0,1,2.5],"texture":"#anvil"},"up":{"uv":[0,0,8,1],"texture":"#anvil"},"down":{"uv":[0,0,8,1],"texture":"#anvil"}}},{"from":[-12.46927,6.69552,3.001],"to":[-11.46927,10.39552,4.001],"rotation":{"angle":-22.5,"axis":"z","origin":[-12.46927,10.69552,3.001]},"faces":{"north":{"uv":[0,0,1,4],"texture":"#anvil"},"east":{"uv":[0,0,1,4],"texture":"#anvil"},"south":{"uv":[0,0,1,4],"texture":"#anvil"},"west":{"uv":[0,0,1,4],"texture":"#anvil"},"up":{"uv":[0,0,1,1],"texture":"#anvil"},"down":{"uv":[0,0,1,1],"texture":"#anvil"}}},{"from":[-13,7,3],"to":[-7,10.5,4],"faces":{"north":{"uv":[0,0,6,3.5],"texture":"#anvil"},"east":{"uv":[0,0,1,3.5],"texture":"#anvil"},"south":{"uv":[0,0,6,3.5],"texture":"#anvil"},"west":{"uv":[0,0,1,3.5],"texture":"#anvil"},"up":{"uv":[0,0,6,1],"texture":"#anvil"},"down":{"uv":[0,0,6,1],"texture":"#anvil"}}},{"from":[3.54539,6.31283,3.001],"to":[4.54539,10.01283,4.001],"rotation":{"angle":22.5,"axis":"z","origin":[3.54539,10.31283,3.001]},"faces":{"north":{"uv":[0,0,1,4],"texture":"#anvil"},"east":{"uv":[0,0,1,4],"texture":"#anvil"},"south":{"uv":[0,0,1,4],"texture":"#anvil"},"west":{"uv":[0,0,1,4],"texture":"#anvil"},"up":{"uv":[0,0,1,1],"texture":"#anvil"},"down":{"uv":[0,0,1,1],"texture":"#anvil"}}},{"from":[15.54539,6.31283,3.001],"to":[16.54539,10.01283,4.001],"rotation":{"angle":22.5,"axis":"z","origin":[15.54539,10.31283,3.001]},"faces":{"north":{"uv":[0,0,1,4],"texture":"#anvil"},"east":{"uv":[0,0,1,4],"texture":"#anvil"},"south":{"uv":[0,0,1,4],"texture":"#anvil"},"west":{"uv":[0,0,1,4],"texture":"#anvil"},"up":{"uv":[0,0,1,1],"texture":"#anvil"},"down":{"uv":[0,0,1,1],"texture":"#anvil"}}},{"from":[-14,1.5,3],"to":[-6,7,4],"faces":{"north":{"uv":[0,0,8,5.5],"texture":"#anvil"},"east":{"uv":[0,0,1,5.5],"texture":"#anvil"},"south":{"uv":[0,0,8,5.5],"texture":"#anvil"},"west":{"uv":[0,0,1,5.5],"texture":"#anvil"},"up":{"uv":[0,0,8,1],"texture":"#anvil"},"down":{"uv":[0,0,8,1],"texture":"#anvil"}}},{"from":[-12,9.5,4.0625],"to":[-8,11,5.0625],"rotation":{"angle":22.5,"axis":"x","origin":[-12,11,4.0625]},"faces":{"north":{"uv":[10.5,15,14,16],"texture":"#oranje"},"east":{"uv":[10.5,15,14,16],"texture":"#oranje"},"south":{"uv":[10.5,15,14,16],"texture":"#oranje"},"west":{"uv":[10.5,15,14,16],"texture":"#oranje"},"up":{"uv":[10.5,15,14,16],"texture":"#oranje"},"down":{"uv":[10.5,15,14,16],"texture":"#oranje"}}},{"from":[-12,9.5,11.0125],"to":[-8,11,12.0125],"rotation":{"angle":-22.5,"axis":"x","origin":[-12,11,12.0125]},"faces":{"north":{"uv":[14,15,10.5,16],"texture":"#oranje"},"east":{"uv":[14,15,10.5,16],"texture":"#oranje"},"south":{"uv":[14,15,10.5,16],"texture":"#oranje"},"west":{"uv":[14,15,10.5,16],"texture":"#oranje"},"up":{"uv":[10.5,16,14,15],"texture":"#oranje"},"down":{"uv":[10.5,16,14,15],"texture":"#oranje"}}},{"from":[-11.5,9,4],"to":[-8.5,10.5,4.5],"faces":{"north":{"uv":[10.5,15,14,16],"texture":"#oranje"},"east":{"uv":[10.5,15,14,16],"texture":"#oranje"},"south":{"uv":[10.5,15,14,16],"texture":"#oranje"},"west":{"uv":[10.5,15,14,16],"texture":"#oranje"},"up":{"uv":[10.5,15,14,16],"texture":"#oranje"},"down":{"uv":[10.5,15,14,16],"texture":"#oranje"}}},{"from":[-11.5,9,11.575],"to":[-8.5,10.5,12.075],"rotation":{"angle":0,"axis":"y","origin":[8,8,8.075]},"faces":{"north":{"uv":[14,15,10.5,16],"texture":"#oranje"},"east":{"uv":[14,15,10.5,16],"texture":"#oranje"},"south":{"uv":[14,15,10.5,16],"texture":"#oranje"},"west":{"uv":[14,15,10.5,16],"texture":"#oranje"},"up":{"uv":[10.5,16,14,15],"texture":"#oranje"},"down":{"uv":[10.5,16,14,15],"texture":"#oranje"}}},{"from":[-12,10.5,3.5],"to":[-8,14,5],"faces":{"north":{"uv":[10.5,15,14,16],"texture":"#oranje"},"east":{"uv":[10.5,15,14,16],"texture":"#oranje"},"south":{"uv":[10.5,15,14,16],"texture":"#oranje"},"west":{"uv":[10.5,15,14,16],"texture":"#oranje"},"up":{"uv":[10.5,15,14,16],"texture":"#oranje"},"down":{"uv":[10.5,15,14,16],"texture":"#oranje"}}},{"from":[-12,10.5,11.075],"to":[-8,14,12.575],"rotation":{"angle":0,"axis":"y","origin":[8,8,8.075]},"faces":{"north":{"uv":[14,15,10.5,16],"texture":"#oranje"},"east":{"uv":[14,15,10.5,16],"texture":"#oranje"},"south":{"uv":[14,15,10.5,16],"texture":"#oranje"},"west":{"uv":[14,15,10.5,16],"texture":"#oranje"},"up":{"uv":[10.5,16,14,15],"texture":"#oranje"},"down":{"uv":[10.5,16,14,15],"texture":"#oranje"}}},{"from":[-11.5,13.9,3.5625],"to":[-8.5,15.4,5.5625],"rotation":{"angle":45,"axis":"x","origin":[-11.5,15.4,3.5625]},"faces":{"north":{"uv":[10.5,15,14,16],"texture":"#oranje"},"east":{"uv":[10.5,15,14,16],"texture":"#oranje"},"south":{"uv":[10.5,15,14,16],"texture":"#oranje"},"west":{"uv":[10.5,15,14,16],"texture":"#oranje"},"up":{"uv":[10.5,15,14,16],"texture":"#oranje"},"down":{"uv":[10.5,15,14,16],"texture":"#oranje"}}},{"from":[-11.5,14.1,10.5125],"to":[-8.5,15.4,12.5125],"rotation":{"angle":-45,"axis":"x","origin":[-11.5,15.4,12.5125]},"faces":{"north":{"uv":[14,15,10.5,16],"texture":"#oranje"},"east":{"uv":[14,15,10.5,16],"texture":"#oranje"},"south":{"uv":[14,15,10.5,16],"texture":"#oranje"},"west":{"uv":[14,15,10.5,16],"texture":"#oranje"},"up":{"uv":[10.5,16,14,15],"texture":"#oranje"},"down":{"uv":[10.5,16,14,15],"texture":"#oranje"}}},{"from":[-12,11,2.5],"to":[-8,15.5,3.5],"faces":{"north":{"uv":[0,0,4,4.5],"texture":"#anvil"},"east":{"uv":[0,0,1,4.5],"texture":"#anvil"},"south":{"uv":[0,0,4,4.5],"texture":"#anvil"},"west":{"uv":[0,0,1,4.5],"texture":"#anvil"},"up":{"uv":[0,0,4,1],"texture":"#anvil"},"down":{"uv":[0,0,4,1],"texture":"#anvil"}}},{"from":[-12,10,2.5],"to":[-8,11,3.5],"rotation":{"angle":-22.5,"axis":"x","origin":[-12,11,2.5]},"faces":{"north":{"uv":[0,0,4,1],"texture":"#anvil"},"east":{"uv":[0,0,1,1],"texture":"#anvil"},"south":{"uv":[0,0,4,1],"texture":"#anvil"},"west":{"uv":[0,0,1,1],"texture":"#anvil"},"up":{"uv":[0,0,4,1],"texture":"#anvil"},"down":{"uv":[0,0,4,1],"texture":"#anvil"}}},{"from":[-14,-2,14.5],"to":[-6,-1,19.5],"faces":{"north":{"uv":[0,0,8,1],"texture":"#anvil"},"east":{"uv":[0,0,5,1],"texture":"#anvil"},"south":{"uv":[0,0,8,1],"texture":"#anvil"},"west":{"uv":[0,0,5,1],"texture":"#anvil"},"up":{"uv":[0,0,8,5],"texture":"#anvil"},"down":{"uv":[0,0,8,5],"texture":"#anvil"}}},{"from":[-14,-2,19.5],"to":[-10.5,-1,20.5],"rotation":{"angle":22.5,"axis":"x","origin":[-14,-1,19.5]},"faces":{"north":{"uv":[0,0,3.5,1],"texture":"#anvil"},"east":{"uv":[0,0,1,1],"texture":"#anvil"},"south":{"uv":[0,0,3.5,1],"texture":"#anvil"},"west":{"uv":[0,0,1,1],"texture":"#anvil"},"up":{"uv":[0,0,3.5,1],"texture":"#anvil"},"down":{"uv":[0,0,3.5,1],"texture":"#anvil"}}},{"from":[-9.5,-2,19.5],"to":[-6,-1,20.5],"rotation":{"angle":22.5,"axis":"x","origin":[-9.5,-1,19.5]},"faces":{"north":{"uv":[0,0,3.5,1],"texture":"#anvil"},"east":{"uv":[0,0,1,1],"texture":"#anvil"},"south":{"uv":[0,0,3.5,1],"texture":"#anvil"},"west":{"uv":[0,0,1,1],"texture":"#anvil"},"up":{"uv":[0,0,3.5,1],"texture":"#anvil"},"down":{"uv":[0,0,3.5,1],"texture":"#anvil"}}},{"from":[-14,1.5,12],"to":[-6,7,13],"faces":{"north":{"uv":[0,0,8,5.5],"texture":"#anvil"},"east":{"uv":[0,0,1,5.5],"texture":"#anvil"},"south":{"uv":[0,0,8,5.5],"texture":"#anvil"},"west":{"uv":[0,0,1,5.5],"texture":"#anvil"},"up":{"uv":[0,0,8,1],"texture":"#anvil"},"down":{"uv":[0,0,8,1],"texture":"#anvil"}}},{"from":[26.5,-2.375,-4.4375],"to":[30,-1.375,-3.4375],"rotation":{"angle":-22.5,"axis":"x","origin":[26.5,-1.375,-4.4375]},"faces":{"north":{"uv":[0,0,3.5,1],"texture":"#anvil"},"east":{"uv":[0,0,1,1],"texture":"#anvil"},"south":{"uv":[0,0,3.5,1],"texture":"#anvil"},"west":{"uv":[0,0,1,1],"texture":"#anvil"},"up":{"uv":[0,0,3.5,1],"texture":"#anvil"},"down":{"uv":[0,0,3.5,1],"texture":"#anvil"}}},{"from":[22,-2.375,-4.375],"to":[25.5,-1.375,-3.375],"rotation":{"angle":-22.5,"axis":"x","origin":[22,-1.375,-4.375]},"faces":{"north":{"uv":[0,0,3.5,1],"texture":"#anvil"},"east":{"uv":[0,0,1,1],"texture":"#anvil"},"south":{"uv":[0,0,3.5,1],"texture":"#anvil"},"west":{"uv":[0,0,1,1],"texture":"#anvil"},"up":{"uv":[0,0,3.5,1],"texture":"#anvil"},"down":{"uv":[0,0,3.5,1],"texture":"#anvil"}}},{"from":[25.5,-1.4375,-2.875],"to":[26.5,-0.4375,-1.375],"rotation":{"angle":22.5,"axis":"x","origin":[25.5,-0.4375,-2.875]},"faces":{"north":{"uv":[0,0,1,1],"texture":"#anvil"},"east":{"uv":[0,0,1.5,1],"texture":"#anvil"},"south":{"uv":[0,0,1,1],"texture":"#anvil"},"west":{"uv":[0,0,1.5,1],"texture":"#anvil"},"up":{"uv":[0,0,1,1.5],"texture":"#anvil"},"down":{"uv":[0,0,1,1.5],"texture":"#anvil"}}},{"from":[10,-1.8125,2.25],"to":[18,0.1875,3.25],"rotation":{"angle":45,"axis":"x","origin":[10,0.1875,2.25]},"faces":{"north":{"uv":[0,0,8,2],"texture":"#anvil"},"east":{"uv":[0,0,1,2],"texture":"#anvil"},"south":{"uv":[0,0,8,2],"texture":"#anvil"},"west":{"uv":[0,0,1,2],"texture":"#anvil"},"up":{"uv":[0,0,8,1],"texture":"#anvil"},"down":{"uv":[0,0,8,1],"texture":"#anvil"}}},{"from":[22,-0.5,3],"to":[30,2,4],"rotation":{"angle":22.5,"axis":"x","origin":[22,2,3]},"faces":{"north":{"uv":[0,0,8,2.5],"texture":"#anvil"},"east":{"uv":[0,0,1,2.5],"texture":"#anvil"},"south":{"uv":[0,0,8,2.5],"texture":"#anvil"},"west":{"uv":[0,0,1,2.5],"texture":"#anvil"},"up":{"uv":[0,0,8,1],"texture":"#anvil"},"down":{"uv":[0,0,8,1],"texture":"#anvil"}}},{"from":[23,7,3],"to":[29,10.5,4],"faces":{"north":{"uv":[0,0,6,3.5],"texture":"#anvil"},"east":{"uv":[0,0,1,3.5],"texture":"#anvil"},"south":{"uv":[0,0,6,3.5],"texture":"#anvil"},"west":{"uv":[0,0,1,3.5],"texture":"#anvil"},"up":{"uv":[0,0,6,1],"texture":"#anvil"},"down":{"uv":[0,0,6,1],"texture":"#anvil"}}},{"from":[27.54539,6.31283,3.001],"to":[28.54539,10.01283,4.001],"rotation":{"angle":22.5,"axis":"z","origin":[27.54539,10.31283,3.001]},"faces":{"north":{"uv":[0,0,1,4],"texture":"#anvil"},"east":{"uv":[0,0,1,4],"texture":"#anvil"},"south":{"uv":[0,0,1,4],"texture":"#anvil"},"west":{"uv":[0,0,1,4],"texture":"#anvil"},"up":{"uv":[0,0,1,1],"texture":"#anvil"},"down":{"uv":[0,0,1,1],"texture":"#anvil"}}},{"from":[23.53073,6.69552,3.001],"to":[24.53073,10.39552,4.001],"rotation":{"angle":-22.5,"axis":"z","origin":[23.53073,10.69552,3.001]},"faces":{"north":{"uv":[0,0,1,4],"texture":"#anvil"},"east":{"uv":[0,0,1,4],"texture":"#anvil"},"south":{"uv":[0,0,1,4],"texture":"#anvil"},"west":{"uv":[0,0,1,4],"texture":"#anvil"},"up":{"uv":[0,0,1,1],"texture":"#anvil"},"down":{"uv":[0,0,1,1],"texture":"#anvil"}}},{"from":[22,-1.8125,2.3125],"to":[30,0.1875,3.3125],"rotation":{"angle":45,"axis":"x","origin":[22,0.1875,2.3125]},"faces":{"north":{"uv":[0,0,8,2],"texture":"#anvil"},"east":{"uv":[0,0,1,2],"texture":"#anvil"},"south":{"uv":[0,0,8,2],"texture":"#anvil"},"west":{"uv":[0,0,1,2],"texture":"#anvil"},"up":{"uv":[0,0,8,1],"texture":"#anvil"},"down":{"uv":[0,0,8,1],"texture":"#anvil"}}},{"from":[24,11,2.5],"to":[28,15.5,3.5],"faces":{"north":{"uv":[0,0,4,4.5],"texture":"#anvil"},"east":{"uv":[0,0,1,4.5],"texture":"#anvil"},"south":{"uv":[0,0,4,4.5],"texture":"#anvil"},"west":{"uv":[0,0,1,4.5],"texture":"#anvil"},"up":{"uv":[0,0,4,1],"texture":"#anvil"},"down":{"uv":[0,0,4,1],"texture":"#anvil"}}},{"from":[12,10.5,3.5],"to":[16,14,5],"faces":{"north":{"uv":[10.5,15,14,16],"texture":"#oranje"},"east":{"uv":[10.5,15,14,16],"texture":"#oranje"},"south":{"uv":[10.5,15,14,16],"texture":"#oranje"},"west":{"uv":[10.5,15,14,16],"texture":"#oranje"},"up":{"uv":[10.5,15,14,16],"texture":"#oranje"},"down":{"uv":[10.5,15,14,16],"texture":"#oranje"}}},{"from":[12,10.5,11.075],"to":[16,14,12.575],"rotation":{"angle":0,"axis":"y","origin":[8,8,8.075]},"faces":{"north":{"uv":[14,15,10.5,16],"texture":"#oranje"},"east":{"uv":[14,15,10.5,16],"texture":"#oranje"},"south":{"uv":[14,15,10.5,16],"texture":"#oranje"},"west":{"uv":[14,15,10.5,16],"texture":"#oranje"},"up":{"uv":[10.5,16,14,15],"texture":"#oranje"},"down":{"uv":[10.5,16,14,15],"texture":"#oranje"}}},{"from":[24,9.5,4.0625],"to":[28,11,5.0625],"rotation":{"angle":22.5,"axis":"x","origin":[24,11,4.0625]},"faces":{"north":{"uv":[10.5,15,14,16],"texture":"#oranje"},"east":{"uv":[10.5,15,14,16],"texture":"#oranje"},"south":{"uv":[10.5,15,14,16],"texture":"#oranje"},"west":{"uv":[10.5,15,14,16],"texture":"#oranje"},"up":{"uv":[10.5,15,14,16],"texture":"#oranje"},"down":{"uv":[10.5,15,14,16],"texture":"#oranje"}}},{"from":[24,9.5,11.0125],"to":[28,11,12.0125],"rotation":{"angle":-22.5,"axis":"x","origin":[24,11,12.0125]},"faces":{"north":{"uv":[14,15,10.5,16],"texture":"#oranje"},"east":{"uv":[14,15,10.5,16],"texture":"#oranje"},"south":{"uv":[14,15,10.5,16],"texture":"#oranje"},"west":{"uv":[14,15,10.5,16],"texture":"#oranje"},"up":{"uv":[10.5,16,14,15],"texture":"#oranje"},"down":{"uv":[10.5,16,14,15],"texture":"#oranje"}}},{"from":[24.5,13.9,3.5625],"to":[27.5,15.4,5.5625],"rotation":{"angle":45,"axis":"x","origin":[24.5,15.4,3.5625]},"faces":{"north":{"uv":[10.5,15,14,16],"texture":"#oranje"},"east":{"uv":[10.5,15,14,16],"texture":"#oranje"},"south":{"uv":[10.5,15,14,16],"texture":"#oranje"},"west":{"uv":[10.5,15,14,16],"texture":"#oranje"},"up":{"uv":[10.5,15,14,16],"texture":"#oranje"},"down":{"uv":[10.5,15,14,16],"texture":"#oranje"}}},{"from":[24.5,14.1,10.5125],"to":[27.5,15.4,12.5125],"rotation":{"angle":-45,"axis":"x","origin":[24.5,15.4,12.5125]},"faces":{"north":{"uv":[14,15,10.5,16],"texture":"#oranje"},"east":{"uv":[14,15,10.5,16],"texture":"#oranje"},"south":{"uv":[14,15,10.5,16],"texture":"#oranje"},"west":{"uv":[14,15,10.5,16],"texture":"#oranje"},"up":{"uv":[10.5,16,14,15],"texture":"#oranje"},"down":{"uv":[10.5,16,14,15],"texture":"#oranje"}}},{"from":[24,10,2.5],"to":[28,11,3.5],"rotation":{"angle":-22.5,"axis":"x","origin":[24,11,2.5]},"faces":{"north":{"uv":[0,0,4,1],"texture":"#anvil"},"east":{"uv":[0,0,1,1],"texture":"#anvil"},"south":{"uv":[0,0,4,1],"texture":"#anvil"},"west":{"uv":[0,0,1,1],"texture":"#anvil"},"up":{"uv":[0,0,4,1],"texture":"#anvil"},"down":{"uv":[0,0,4,1],"texture":"#anvil"}}},{"from":[22,1.5,3],"to":[30,7,4],"faces":{"north":{"uv":[0,0,8,5.5],"texture":"#anvil"},"east":{"uv":[0,0,1,5.5],"texture":"#anvil"},"south":{"uv":[0,0,8,5.5],"texture":"#anvil"},"west":{"uv":[0,0,1,5.5],"texture":"#anvil"},"up":{"uv":[0,0,8,1],"texture":"#anvil"},"down":{"uv":[0,0,8,1],"texture":"#anvil"}}},{"from":[-16,-10.5,1],"to":[32,-4,15],"faces":{"north":{"uv":[0,0,16,6.5],"texture":"#texture"},"east":{"uv":[0,0,14,6.5],"texture":"#texture"},"south":{"uv":[0,0,16,6.5],"texture":"#texture"},"west":{"uv":[0,0,14,6.5],"texture":"#texture"},"up":{"uv":[0,0,16,14],"texture":"#texture"},"down":{"uv":[0,0,16,14],"texture":"#texture"}}},{"from":[-16,-11,-2],"to":[32,-3,0.5],"rotation":{"angle":-22.5,"axis":"x","origin":[-16,-3,-2]},"faces":{"north":{"uv":[0,0,16,8],"texture":"#texture"},"east":{"uv":[0,0,2.5,8],"texture":"#texture"},"south":{"uv":[0,0,16,8],"texture":"#texture"},"west":{"uv":[0,0,2.5,8],"texture":"#texture"},"up":{"uv":[0,0,16,2.5],"texture":"#texture"},"down":{"uv":[0,0,16,2.5],"texture":"#texture"}}},{"from":[-16,-3,-3],"to":[32,-2,19],"faces":{"north":{"uv":[0,0,16,1],"texture":"#texture"},"east":{"uv":[0,0,16,1],"texture":"#texture"},"south":{"uv":[0,0,16,1],"texture":"#texture"},"west":{"uv":[0,0,16,1],"texture":"#texture"},"up":{"uv":[0,0,16,16],"texture":"#texture"},"down":{"uv":[0,0,16,16],"texture":"#texture"}}},{"from":[-16,-10.0625,15.6875],"to":[32,-2.0625,18.1875],"rotation":{"angle":22.5,"axis":"x","origin":[-16,-2.0625,15.6875]},"faces":{"north":{"uv":[0,0,16,8],"texture":"#texture"},"east":{"uv":[0,0,2.5,8],"texture":"#texture"},"south":{"uv":[0,0,16,8],"texture":"#texture"},"west":{"uv":[0,0,2.5,8],"texture":"#texture"},"up":{"uv":[0,0,16,2.5],"texture":"#texture"},"down":{"uv":[0,0,16,2.5],"texture":"#texture"}}},{"from":[-14,-0.875,12.0625],"to":[-6,1.625,13.0625],"rotation":{"angle":-22.5,"axis":"x","origin":[-14,1.625,12.0625]},"faces":{"north":{"uv":[0,0,8,2.5],"texture":"#anvil"},"east":{"uv":[0,0,1,2.5],"texture":"#anvil"},"south":{"uv":[0,0,8,2.5],"texture":"#anvil"},"west":{"uv":[0,0,1,2.5],"texture":"#anvil"},"up":{"uv":[0,0,8,1],"texture":"#anvil"},"down":{"uv":[0,0,8,1],"texture":"#anvil"}}},{"from":[-14,-1.8125,2.1875],"to":[-6,0.1875,3.1875],"rotation":{"angle":45,"axis":"x","origin":[-14,0.1875,2.1875]},"faces":{"north":{"uv":[0,0,8,2],"texture":"#anvil"},"east":{"uv":[0,0,1,2],"texture":"#anvil"},"south":{"uv":[0,0,8,2],"texture":"#anvil"},"west":{"uv":[0,0,1,2],"texture":"#anvil"},"up":{"uv":[0,0,8,1],"texture":"#anvil"},"down":{"uv":[0,0,8,1],"texture":"#anvil"}}},{"from":[-15.5,-2,2.5],"to":[31.5,0.5,13.5],"faces":{"north":{"uv":[0,0,16,2.5],"texture":"#texture"},"east":{"uv":[0,0,11,2.5],"texture":"#texture"},"south":{"uv":[0,0,16,2.5],"texture":"#texture"},"west":{"uv":[0,0,11,2.5],"texture":"#texture"},"up":{"uv":[0,0,16,11],"texture":"#texture"},"down":{"uv":[0,0,16,11],"texture":"#texture"}}},{"from":[-12.46927,6.69552,12.001],"to":[-11.46927,10.39552,13.001],"rotation":{"angle":-22.5,"axis":"z","origin":[-12.46927,10.69552,12.001]},"faces":{"north":{"uv":[0,0,1,4],"texture":"#anvil"},"east":{"uv":[0,0,1,4],"texture":"#anvil"},"south":{"uv":[0,0,1,4],"texture":"#anvil"},"west":{"uv":[0,0,1,4],"texture":"#anvil"},"up":{"uv":[0,0,1,1],"texture":"#anvil"},"down":{"uv":[0,0,1,1],"texture":"#anvil"}}},{"from":[-8.45461,6.31283,3.001],"to":[-7.45461,10.01283,4.001],"rotation":{"angle":22.5,"axis":"z","origin":[-8.45461,10.31283,3.001]},"faces":{"north":{"uv":[0,0,1,4],"texture":"#anvil"},"east":{"uv":[0,0,1,4],"texture":"#anvil"},"south":{"uv":[0,0,1,4],"texture":"#anvil"},"west":{"uv":[0,0,1,4],"texture":"#anvil"},"up":{"uv":[0,0,1,1],"texture":"#anvil"},"down":{"uv":[0,0,1,1],"texture":"#anvil"}}},{"from":[-13,7,12],"to":[-7,10.5,13],"faces":{"north":{"uv":[0,0,6,3.5],"texture":"#anvil"},"east":{"uv":[0,0,1,3.5],"texture":"#anvil"},"south":{"uv":[0,0,6,3.5],"texture":"#anvil"},"west":{"uv":[0,0,1,3.5],"texture":"#anvil"},"up":{"uv":[0,0,6,1],"texture":"#anvil"},"down":{"uv":[0,0,6,1],"texture":"#anvil"}}},{"from":[-12,11,12.5],"to":[-8,15.5,13.5],"faces":{"north":{"uv":[0,0,4,4.5],"texture":"#anvil"},"east":{"uv":[0,0,1,4.5],"texture":"#anvil"},"south":{"uv":[0,0,4,4.5],"texture":"#anvil"},"west":{"uv":[0,0,1,4.5],"texture":"#anvil"},"up":{"uv":[0,0,4,1],"texture":"#anvil"},"down":{"uv":[0,0,4,1],"texture":"#anvil"}}},{"from":[-12,10.375,12.5625],"to":[-8,11.375,13.5625],"rotation":{"angle":22.5,"axis":"x","origin":[-12,11.375,12.5625]},"faces":{"north":{"uv":[0,0,4,1],"texture":"#anvil"},"east":{"uv":[0,0,1,1],"texture":"#anvil"},"south":{"uv":[0,0,4,1],"texture":"#anvil"},"west":{"uv":[0,0,1,1],"texture":"#anvil"},"up":{"uv":[0,0,4,1],"texture":"#anvil"},"down":{"uv":[0,0,4,1],"texture":"#anvil"}}},{"from":[24.5,9,3.9375],"to":[27.5,10.5,4.4375],"faces":{"north":{"uv":[10.5,15,14,16],"texture":"#oranje"},"east":{"uv":[10.5,15,14,16],"texture":"#oranje"},"south":{"uv":[10.5,15,14,16],"texture":"#oranje"},"west":{"uv":[10.5,15,14,16],"texture":"#oranje"},"up":{"uv":[10.5,15,14,16],"texture":"#oranje"},"down":{"uv":[10.5,15,14,16],"texture":"#oranje"}}},{"from":[24.5,9,11.6375],"to":[27.5,10.5,12.1375],"rotation":{"angle":0,"axis":"y","origin":[8,8,8.075]},"faces":{"north":{"uv":[14,15,10.5,16],"texture":"#oranje"},"east":{"uv":[14,15,10.5,16],"texture":"#oranje"},"south":{"uv":[14,15,10.5,16],"texture":"#oranje"},"west":{"uv":[14,15,10.5,16],"texture":"#oranje"},"up":{"uv":[10.5,16,14,15],"texture":"#oranje"},"down":{"uv":[10.5,16,14,15],"texture":"#oranje"}}},{"from":[1.5,-1.4375,-2.875],"to":[2.5,-0.4375,-1.375],"rotation":{"angle":22.5,"axis":"x","origin":[1.5,-0.4375,-2.875]},"faces":{"north":{"uv":[0,0,1,1],"texture":"#anvil"},"east":{"uv":[0,0,1.5,1],"texture":"#anvil"},"south":{"uv":[0,0,1,1],"texture":"#anvil"},"west":{"uv":[0,0,1.5,1],"texture":"#anvil"},"up":{"uv":[0,0,1,1.5],"texture":"#anvil"},"down":{"uv":[0,0,1,1.5],"texture":"#anvil"}}},{"from":[-10.5,-1.4375,-2.875],"to":[-9.5,-0.4375,-1.375],"rotation":{"angle":22.5,"axis":"x","origin":[-10.5,-0.4375,-2.875]},"faces":{"north":{"uv":[0,0,1,1],"texture":"#anvil"},"east":{"uv":[0,0,1.5,1],"texture":"#anvil"},"south":{"uv":[0,0,1,1],"texture":"#anvil"},"west":{"uv":[0,0,1.5,1],"texture":"#anvil"},"up":{"uv":[0,0,1,1.5],"texture":"#anvil"},"down":{"uv":[0,0,1,1.5],"texture":"#anvil"}}},{"from":[-2,-2,14.5],"to":[6,-1,19.5],"faces":{"north":{"uv":[0,0,8,1],"texture":"#anvil"},"east":{"uv":[0,0,5,1],"texture":"#anvil"},"south":{"uv":[0,0,8,1],"texture":"#anvil"},"west":{"uv":[0,0,5,1],"texture":"#anvil"},"up":{"uv":[0,0,8,5],"texture":"#anvil"},"down":{"uv":[0,0,8,5],"texture":"#anvil"}}},{"from":[10,-2,14.5],"to":[18,-1,19.5],"faces":{"north":{"uv":[0,0,8,1],"texture":"#anvil"},"east":{"uv":[0,0,5,1],"texture":"#anvil"},"south":{"uv":[0,0,8,1],"texture":"#anvil"},"west":{"uv":[0,0,5,1],"texture":"#anvil"},"up":{"uv":[0,0,8,5],"texture":"#anvil"},"down":{"uv":[0,0,8,5],"texture":"#anvil"}}},{"from":[22,-2,14.5],"to":[30,-1,19.5],"faces":{"north":{"uv":[0,0,8,1],"texture":"#anvil"},"east":{"uv":[0,0,5,1],"texture":"#anvil"},"south":{"uv":[0,0,8,1],"texture":"#anvil"},"west":{"uv":[0,0,5,1],"texture":"#anvil"},"up":{"uv":[0,0,8,5],"texture":"#anvil"},"down":{"uv":[0,0,8,5],"texture":"#anvil"}}},{"from":[-2,-2,19.5],"to":[1.5,-1,20.5],"rotation":{"angle":22.5,"axis":"x","origin":[-2,-1,19.5]},"faces":{"north":{"uv":[0,0,3.5,1],"texture":"#anvil"},"east":{"uv":[0,0,1,1],"texture":"#anvil"},"south":{"uv":[0,0,3.5,1],"texture":"#anvil"},"west":{"uv":[0,0,1,1],"texture":"#anvil"},"up":{"uv":[0,0,3.5,1],"texture":"#anvil"},"down":{"uv":[0,0,3.5,1],"texture":"#anvil"}}},{"from":[2.5,-2,19.5],"to":[6,-1,20.5],"rotation":{"angle":22.5,"axis":"x","origin":[2.5,-1,19.5]},"faces":{"north":{"uv":[0,0,3.5,1],"texture":"#anvil"},"east":{"uv":[0,0,1,1],"texture":"#anvil"},"south":{"uv":[0,0,3.5,1],"texture":"#anvil"},"west":{"uv":[0,0,1,1],"texture":"#anvil"},"up":{"uv":[0,0,3.5,1],"texture":"#anvil"},"down":{"uv":[0,0,3.5,1],"texture":"#anvil"}}},{"from":[10,-2,19.5],"to":[13.5,-1,20.5],"rotation":{"angle":22.5,"axis":"x","origin":[10,-1,19.5]},"faces":{"north":{"uv":[0,0,3.5,1],"texture":"#anvil"},"east":{"uv":[0,0,1,1],"texture":"#anvil"},"south":{"uv":[0,0,3.5,1],"texture":"#anvil"},"west":{"uv":[0,0,1,1],"texture":"#anvil"},"up":{"uv":[0,0,3.5,1],"texture":"#anvil"},"down":{"uv":[0,0,3.5,1],"texture":"#anvil"}}},{"from":[14.5,-2,19.5],"to":[18,-1,20.5],"rotation":{"angle":22.5,"axis":"x","origin":[14.5,-1,19.5]},"faces":{"north":{"uv":[0,0,3.5,1],"texture":"#anvil"},"east":{"uv":[0,0,1,1],"texture":"#anvil"},"south":{"uv":[0,0,3.5,1],"texture":"#anvil"},"west":{"uv":[0,0,1,1],"texture":"#anvil"},"up":{"uv":[0,0,3.5,1],"texture":"#anvil"},"down":{"uv":[0,0,3.5,1],"texture":"#anvil"}}},{"from":[22,-2,19.5],"to":[25.5,-1,20.5],"rotation":{"angle":22.5,"axis":"x","origin":[22,-1,19.5]},"faces":{"north":{"uv":[0,0,3.5,1],"texture":"#anvil"},"east":{"uv":[0,0,1,1],"texture":"#anvil"},"south":{"uv":[0,0,3.5,1],"texture":"#anvil"},"west":{"uv":[0,0,1,1],"texture":"#anvil"},"up":{"uv":[0,0,3.5,1],"texture":"#anvil"},"down":{"uv":[0,0,3.5,1],"texture":"#anvil"}}},{"from":[1.5,-2.0625,17.625],"to":[2.5,-1.0625,19.125],"rotation":{"angle":-22.5,"axis":"x","origin":[1.5,-1.0625,17.625]},"faces":{"north":{"uv":[0,0,1,1],"texture":"#anvil"},"east":{"uv":[0,0,1.5,1],"texture":"#anvil"},"south":{"uv":[0,0,1,1],"texture":"#anvil"},"west":{"uv":[0,0,1.5,1],"texture":"#anvil"},"up":{"uv":[0,0,1,1.5],"texture":"#anvil"},"down":{"uv":[0,0,1,1.5],"texture":"#anvil"}}},{"from":[13.5,-2.0625,17.625],"to":[14.5,-1.0625,19.125],"rotation":{"angle":-22.5,"axis":"x","origin":[13.5,-1.0625,17.625]},"faces":{"north":{"uv":[0,0,1,1],"texture":"#anvil"},"east":{"uv":[0,0,1.5,1],"texture":"#anvil"},"south":{"uv":[0,0,1,1],"texture":"#anvil"},"west":{"uv":[0,0,1.5,1],"texture":"#anvil"},"up":{"uv":[0,0,1,1.5],"texture":"#anvil"},"down":{"uv":[0,0,1,1.5],"texture":"#anvil"}}},{"from":[25.5,-2.0625,17.625],"to":[26.5,-1.0625,19.125],"rotation":{"angle":-22.5,"axis":"x","origin":[25.5,-1.0625,17.625]},"faces":{"north":{"uv":[0,0,1,1],"texture":"#anvil"},"east":{"uv":[0,0,1.5,1],"texture":"#anvil"},"south":{"uv":[0,0,1,1],"texture":"#anvil"},"west":{"uv":[0,0,1.5,1],"texture":"#anvil"},"up":{"uv":[0,0,1,1.5],"texture":"#anvil"},"down":{"uv":[0,0,1,1.5],"texture":"#anvil"}}},{"from":[26.5,-2,19.5],"to":[30,-1,20.5],"rotation":{"angle":22.5,"axis":"x","origin":[26.5,-1,19.5]},"faces":{"north":{"uv":[0,0,3.5,1],"texture":"#anvil"},"east":{"uv":[0,0,1,1],"texture":"#anvil"},"south":{"uv":[0,0,3.5,1],"texture":"#anvil"},"west":{"uv":[0,0,1,1],"texture":"#anvil"},"up":{"uv":[0,0,3.5,1],"texture":"#anvil"},"down":{"uv":[0,0,3.5,1],"texture":"#anvil"}}},{"from":[10,-2.5,12.8125],"to":[18,-0.5,13.8125],"rotation":{"angle":-45,"axis":"x","origin":[10,-0.5,12.8125]},"faces":{"north":{"uv":[0,0,8,2],"texture":"#anvil"},"east":{"uv":[0,0,1,2],"texture":"#anvil"},"south":{"uv":[0,0,8,2],"texture":"#anvil"},"west":{"uv":[0,0,1,2],"texture":"#anvil"},"up":{"uv":[0,0,8,1],"texture":"#anvil"},"down":{"uv":[0,0,8,1],"texture":"#anvil"}}},{"from":[-2,-2.5,12.8125],"to":[6,-0.5,13.8125],"rotation":{"angle":-45,"axis":"x","origin":[-2,-0.5,12.8125]},"faces":{"north":{"uv":[0,0,8,2],"texture":"#anvil"},"east":{"uv":[0,0,1,2],"texture":"#anvil"},"south":{"uv":[0,0,8,2],"texture":"#anvil"},"west":{"uv":[0,0,1,2],"texture":"#anvil"},"up":{"uv":[0,0,8,1],"texture":"#anvil"},"down":{"uv":[0,0,8,1],"texture":"#anvil"}}},{"from":[22,-2.5,12.8125],"to":[30,-0.5,13.8125],"rotation":{"angle":-45,"axis":"x","origin":[22,-0.5,12.8125]},"faces":{"north":{"uv":[0,0,8,2],"texture":"#anvil"},"east":{"uv":[0,0,1,2],"texture":"#anvil"},"south":{"uv":[0,0,8,2],"texture":"#anvil"},"west":{"uv":[0,0,1,2],"texture":"#anvil"},"up":{"uv":[0,0,8,1],"texture":"#anvil"},"down":{"uv":[0,0,8,1],"texture":"#anvil"}}},{"from":[-2,-0.875,12],"to":[6,1.625,13],"rotation":{"angle":-22.5,"axis":"x","origin":[-2,1.625,12]},"faces":{"north":{"uv":[0,0,8,2.5],"texture":"#anvil"},"east":{"uv":[0,0,1,2.5],"texture":"#anvil"},"south":{"uv":[0,0,8,2.5],"texture":"#anvil"},"west":{"uv":[0,0,1,2.5],"texture":"#anvil"},"up":{"uv":[0,0,8,1],"texture":"#anvil"},"down":{"uv":[0,0,8,1],"texture":"#anvil"}}},{"from":[10,-0.875,12],"to":[18,1.625,13],"rotation":{"angle":-22.5,"axis":"x","origin":[10,1.625,12]},"faces":{"north":{"uv":[0,0,8,2.5],"texture":"#anvil"},"east":{"uv":[0,0,1,2.5],"texture":"#anvil"},"south":{"uv":[0,0,8,2.5],"texture":"#anvil"},"west":{"uv":[0,0,1,2.5],"texture":"#anvil"},"up":{"uv":[0,0,8,1],"texture":"#anvil"},"down":{"uv":[0,0,8,1],"texture":"#anvil"}}},{"from":[22,-0.875,12],"to":[30,1.625,13],"rotation":{"angle":-22.5,"axis":"x","origin":[22,1.625,12]},"faces":{"north":{"uv":[0,0,8,2.5],"texture":"#anvil"},"east":{"uv":[0,0,1,2.5],"texture":"#anvil"},"south":{"uv":[0,0,8,2.5],"texture":"#anvil"},"west":{"uv":[0,0,1,2.5],"texture":"#anvil"},"up":{"uv":[0,0,8,1],"texture":"#anvil"},"down":{"uv":[0,0,8,1],"texture":"#anvil"}}},{"from":[-2,1.5,12],"to":[6,7,13],"faces":{"north":{"uv":[0,0,8,5.5],"texture":"#anvil"},"east":{"uv":[0,0,1,5.5],"texture":"#anvil"},"south":{"uv":[0,0,8,5.5],"texture":"#anvil"},"west":{"uv":[0,0,1,5.5],"texture":"#anvil"},"up":{"uv":[0,0,8,1],"texture":"#anvil"},"down":{"uv":[0,0,8,1],"texture":"#anvil"}}},{"from":[10,1.5,12],"to":[18,7,13],"faces":{"north":{"uv":[0,0,8,5.5],"texture":"#anvil"},"east":{"uv":[0,0,1,5.5],"texture":"#anvil"},"south":{"uv":[0,0,8,5.5],"texture":"#anvil"},"west":{"uv":[0,0,1,5.5],"texture":"#anvil"},"up":{"uv":[0,0,8,1],"texture":"#anvil"},"down":{"uv":[0,0,8,1],"texture":"#anvil"}}},{"from":[22,1.5,12],"to":[30,7,13],"faces":{"north":{"uv":[0,0,8,5.5],"texture":"#anvil"},"east":{"uv":[0,0,1,5.5],"texture":"#anvil"},"south":{"uv":[0,0,8,5.5],"texture":"#anvil"},"west":{"uv":[0,0,1,5.5],"texture":"#anvil"},"up":{"uv":[0,0,8,1],"texture":"#anvil"},"down":{"uv":[0,0,8,1],"texture":"#anvil"}}},{"from":[0,11,12.5],"to":[4,15.5,13.5],"faces":{"north":{"uv":[0,0,4,4.5],"texture":"#anvil"},"east":{"uv":[0,0,1,4.5],"texture":"#anvil"},"south":{"uv":[0,0,4,4.5],"texture":"#anvil"},"west":{"uv":[0,0,1,4.5],"texture":"#anvil"},"up":{"uv":[0,0,4,1],"texture":"#anvil"},"down":{"uv":[0,0,4,1],"texture":"#anvil"}}},{"from":[12,11,12.5],"to":[16,15.5,13.5],"faces":{"north":{"uv":[0,0,4,4.5],"texture":"#anvil"},"east":{"uv":[0,0,1,4.5],"texture":"#anvil"},"south":{"uv":[0,0,4,4.5],"texture":"#anvil"},"west":{"uv":[0,0,1,4.5],"texture":"#anvil"},"up":{"uv":[0,0,4,1],"texture":"#anvil"},"down":{"uv":[0,0,4,1],"texture":"#anvil"}}},{"from":[24,11,12.5],"to":[28,15.5,13.5],"faces":{"north":{"uv":[0,0,4,4.5],"texture":"#anvil"},"east":{"uv":[0,0,1,4.5],"texture":"#anvil"},"south":{"uv":[0,0,4,4.5],"texture":"#anvil"},"west":{"uv":[0,0,1,4.5],"texture":"#anvil"},"up":{"uv":[0,0,4,1],"texture":"#anvil"},"down":{"uv":[0,0,4,1],"texture":"#anvil"}}},{"from":[-1,7,12],"to":[5,10.5,13],"faces":{"north":{"uv":[0,0,6,3.5],"texture":"#anvil"},"east":{"uv":[0,0,1,3.5],"texture":"#anvil"},"south":{"uv":[0,0,6,3.5],"texture":"#anvil"},"west":{"uv":[0,0,1,3.5],"texture":"#anvil"},"up":{"uv":[0,0,6,1],"texture":"#anvil"},"down":{"uv":[0,0,6,1],"texture":"#anvil"}}},{"from":[11,7,12],"to":[17,10.5,13],"faces":{"north":{"uv":[0,0,6,3.5],"texture":"#anvil"},"east":{"uv":[0,0,1,3.5],"texture":"#anvil"},"south":{"uv":[0,0,6,3.5],"texture":"#anvil"},"west":{"uv":[0,0,1,3.5],"texture":"#anvil"},"up":{"uv":[0,0,6,1],"texture":"#anvil"},"down":{"uv":[0,0,6,1],"texture":"#anvil"}}},{"from":[23,7,12],"to":[29,10.5,13],"faces":{"north":{"uv":[0,0,6,3.5],"texture":"#anvil"},"east":{"uv":[0,0,1,3.5],"texture":"#anvil"},"south":{"uv":[0,0,6,3.5],"texture":"#anvil"},"west":{"uv":[0,0,1,3.5],"texture":"#anvil"},"up":{"uv":[0,0,6,1],"texture":"#anvil"},"down":{"uv":[0,0,6,1],"texture":"#anvil"}}},{"from":[-8.45461,6.31283,12.001],"to":[-7.45461,10.01283,13.001],"rotation":{"angle":22.5,"axis":"z","origin":[-8.45461,10.31283,12.001]},"faces":{"north":{"uv":[0,0,1,4],"texture":"#anvil"},"east":{"uv":[0,0,1,4],"texture":"#anvil"},"south":{"uv":[0,0,1,4],"texture":"#anvil"},"west":{"uv":[0,0,1,4],"texture":"#anvil"},"up":{"uv":[0,0,1,1],"texture":"#anvil"},"down":{"uv":[0,0,1,1],"texture":"#anvil"}}},{"from":[27.54539,6.31283,12.001],"to":[28.54539,10.01283,13.001],"rotation":{"angle":22.5,"axis":"z","origin":[27.54539,10.31283,12.001]},"faces":{"north":{"uv":[0,0,1,4],"texture":"#anvil"},"east":{"uv":[0,0,1,4],"texture":"#anvil"},"south":{"uv":[0,0,1,4],"texture":"#anvil"},"west":{"uv":[0,0,1,4],"texture":"#anvil"},"up":{"uv":[0,0,1,1],"texture":"#anvil"},"down":{"uv":[0,0,1,1],"texture":"#anvil"}}},{"from":[15.54539,6.31283,12.001],"to":[16.54539,10.01283,13.001],"rotation":{"angle":22.5,"axis":"z","origin":[15.54539,10.31283,12.001]},"faces":{"north":{"uv":[0,0,1,4],"texture":"#anvil"},"east":{"uv":[0,0,1,4],"texture":"#anvil"},"south":{"uv":[0,0,1,4],"texture":"#anvil"},"west":{"uv":[0,0,1,4],"texture":"#anvil"},"up":{"uv":[0,0,1,1],"texture":"#anvil"},"down":{"uv":[0,0,1,1],"texture":"#anvil"}}},{"from":[-0.46927,6.69552,12.001],"to":[0.53073,10.39552,13.001],"rotation":{"angle":-22.5,"axis":"z","origin":[-0.46927,10.69552,12.001]},"faces":{"north":{"uv":[0,0,1,4],"texture":"#anvil"},"east":{"uv":[0,0,1,4],"texture":"#anvil"},"south":{"uv":[0,0,1,4],"texture":"#anvil"},"west":{"uv":[0,0,1,4],"texture":"#anvil"},"up":{"uv":[0,0,1,1],"texture":"#anvil"},"down":{"uv":[0,0,1,1],"texture":"#anvil"}}},{"from":[11.53073,6.69552,12.001],"to":[12.53073,10.39552,13.001],"rotation":{"angle":-22.5,"axis":"z","origin":[11.53073,10.69552,12.001]},"faces":{"north":{"uv":[0,0,1,4],"texture":"#anvil"},"east":{"uv":[0,0,1,4],"texture":"#anvil"},"south":{"uv":[0,0,1,4],"texture":"#anvil"},"west":{"uv":[0,0,1,4],"texture":"#anvil"},"up":{"uv":[0,0,1,1],"texture":"#anvil"},"down":{"uv":[0,0,1,1],"texture":"#anvil"}}},{"from":[23.53073,6.69552,12.001],"to":[24.53073,10.39552,13.001],"rotation":{"angle":-22.5,"axis":"z","origin":[23.53073,10.69552,12.001]},"faces":{"north":{"uv":[0,0,1,4],"texture":"#anvil"},"east":{"uv":[0,0,1,4],"texture":"#anvil"},"south":{"uv":[0,0,1,4],"texture":"#anvil"},"west":{"uv":[0,0,1,4],"texture":"#anvil"},"up":{"uv":[0,0,1,1],"texture":"#anvil"},"down":{"uv":[0,0,1,1],"texture":"#anvil"}}},{"from":[24,10.5,12.5625],"to":[28,11.5,13.5625],"rotation":{"angle":22.5,"axis":"x","origin":[24,11.5,12.5625]},"faces":{"north":{"uv":[0,0,4,1],"texture":"#anvil"},"east":{"uv":[0,0,1,1],"texture":"#anvil"},"south":{"uv":[0,0,4,1],"texture":"#anvil"},"west":{"uv":[0,0,1,1],"texture":"#anvil"},"up":{"uv":[0,0,4,1],"texture":"#anvil"},"down":{"uv":[0,0,4,1],"texture":"#anvil"}}},{"from":[12,10.5,12.5625],"to":[16,11.5,13.5625],"rotation":{"angle":22.5,"axis":"x","origin":[12,11.5,12.5625]},"faces":{"north":{"uv":[0,0,4,1],"texture":"#anvil"},"east":{"uv":[0,0,1,1],"texture":"#anvil"},"south":{"uv":[0,0,4,1],"texture":"#anvil"},"west":{"uv":[0,0,1,1],"texture":"#anvil"},"up":{"uv":[0,0,4,1],"texture":"#anvil"},"down":{"uv":[0,0,4,1],"texture":"#anvil"}}},{"from":[0,10.5,12.5625],"to":[4,11.5,13.5625],"rotation":{"angle":22.5,"axis":"x","origin":[0,11.5,12.5625]},"faces":{"north":{"uv":[0,0,4,1],"texture":"#anvil"},"east":{"uv":[0,0,1,1],"texture":"#anvil"},"south":{"uv":[0,0,4,1],"texture":"#anvil"},"west":{"uv":[0,0,1,1],"texture":"#anvil"},"up":{"uv":[0,0,4,1],"texture":"#anvil"},"down":{"uv":[0,0,4,1],"texture":"#anvil"}}},{"from":[-6,9,4],"to":[-2,10.5,12],"faces":{"north":{"uv":[0,0,4,1.5],"texture":"#wielen"},"east":{"uv":[0,0,8,1.5],"texture":"#wielen"},"south":{"uv":[0,0,4,1.5],"texture":"#wielen"},"west":{"uv":[0,0,8,1.5],"texture":"#wielen"},"up":{"uv":[0,0,4,8],"texture":"#wielen"},"down":{"uv":[0,0,4,8],"texture":"#wielen"}}},{"from":[-6,-2,12],"to":[-2,8,14.5],"faces":{"north":{"uv":[0,0,4,10],"texture":"#wielen"},"east":{"uv":[0,0,2.5,10],"texture":"#wielen"},"south":{"uv":[0,0,4,10],"texture":"#wielen"},"west":{"uv":[0,0,2.5,10],"texture":"#wielen"},"up":{"uv":[0,0,4,2.5],"texture":"#wielen"},"down":{"uv":[0,0,4,2.5],"texture":"#wielen"}}},{"from":[6,-2,1.5],"to":[10,8,4],"faces":{"north":{"uv":[0,0,4,10],"texture":"#wielen"},"east":{"uv":[0,0,2.5,10],"texture":"#wielen"},"south":{"uv":[0,0,4,10],"texture":"#wielen"},"west":{"uv":[0,0,2.5,10],"texture":"#wielen"},"up":{"uv":[0,0,4,2.5],"texture":"#wielen"},"down":{"uv":[0,0,4,2.5],"texture":"#wielen"}}},{"from":[-6.001,8.5,12],"to":[-2.001,10.5,15.5],"rotation":{"angle":45,"axis":"x","origin":[-6.001,10.5,12]},"faces":{"north":{"uv":[0,0,4,2],"texture":"#wielen"},"east":{"uv":[0,0,3.5,2],"texture":"#wielen"},"south":{"uv":[0,0,4,2],"texture":"#wielen"},"west":{"uv":[0,0,3.5,2],"texture":"#wielen"},"up":{"uv":[0,0,4,3.5],"texture":"#wielen"},"down":{"uv":[0,0,4,3.5],"texture":"#wielen"}}},{"from":[-6.001,6,1.5],"to":[-2.001,8,5],"rotation":{"angle":-45,"axis":"x","origin":[-6.001,8,1.5]},"faces":{"north":{"uv":[0,0,4,2],"texture":"#wielen"},"east":{"uv":[0,0,3.5,2],"texture":"#wielen"},"south":{"uv":[0,0,4,2],"texture":"#wielen"},"west":{"uv":[0,0,3.5,2],"texture":"#wielen"},"up":{"uv":[0,0,4,3.5],"texture":"#wielen"},"down":{"uv":[0,0,4,3.5],"texture":"#wielen"}}},{"from":[-6,-2,14.5],"to":[-2,1,17.5],"faces":{"north":{"uv":[0,0,4,3],"texture":"#wielen"},"east":{"uv":[0,0,3,3],"texture":"#wielen"},"south":{"uv":[0,0,4,3],"texture":"#wielen"},"west":{"uv":[0,0,3,3],"texture":"#wielen"},"up":{"uv":[0,0,4,3],"texture":"#wielen"},"down":{"uv":[0,0,4,3],"texture":"#wielen"}}},{"from":[-6.001,-3.05,15.625],"to":[-2.001,0.25,17.625],"rotation":{"angle":-22.5,"axis":"x","origin":[-6.001,0.25,15.625]},"faces":{"north":{"uv":[0,0,4,3],"texture":"#wielen"},"east":{"uv":[0,0,2,3],"texture":"#wielen"},"south":{"uv":[0,0,4,3],"texture":"#wielen"},"west":{"uv":[0,0,2,3],"texture":"#wielen"},"up":{"uv":[0,0,4,2],"texture":"#wielen"},"down":{"uv":[0,0,4,2],"texture":"#wielen"}}},{"from":[-6,-2,-1.5],"to":[-2,1,1.5],"faces":{"north":{"uv":[0,0,4,3],"texture":"#wielen"},"east":{"uv":[0,0,3,3],"texture":"#wielen"},"south":{"uv":[0,0,4,3],"texture":"#wielen"},"west":{"uv":[0,0,3,3],"texture":"#wielen"},"up":{"uv":[0,0,4,3],"texture":"#wielen"},"down":{"uv":[0,0,4,3],"texture":"#wielen"}}},{"from":[-6.001,-2.4,-1.5],"to":[-2.001,1,0.5],"rotation":{"angle":22.5,"axis":"x","origin":[-6.001,1,-1.5]},"faces":{"north":{"uv":[0,0,4,3],"texture":"#wielen"},"east":{"uv":[0,0,2,3],"texture":"#wielen"},"south":{"uv":[0,0,4,3],"texture":"#wielen"},"west":{"uv":[0,0,2,3],"texture":"#wielen"},"up":{"uv":[0,0,4,2],"texture":"#wielen"},"down":{"uv":[0,0,4,2],"texture":"#wielen"}}},{"from":[-5.5,1,15.5],"to":[-5,6,16],"faces":{"north":{"uv":[15,12,16,13],"texture":"#stone_slab_top"},"east":{"uv":[15,12,16,13],"texture":"#stone_slab_top"},"south":{"uv":[15,12,16,13],"texture":"#stone_slab_top"},"west":{"uv":[15,12,16,13],"texture":"#stone_slab_top"},"up":{"uv":[15,12,16,13],"texture":"#stone_slab_top"},"down":{"uv":[15,12,16,13],"texture":"#stone_slab_top"}}},{"from":[-3,1,15.5],"to":[-2.5,6,16],"faces":{"north":{"uv":[15,12,16,13],"texture":"#stone_slab_top"},"east":{"uv":[15,12,16,13],"texture":"#stone_slab_top"},"south":{"uv":[15,12,16,13],"texture":"#stone_slab_top"},"west":{"uv":[15,12,16,13],"texture":"#stone_slab_top"},"up":{"uv":[15,12,16,13],"texture":"#stone_slab_top"},"down":{"uv":[15,12,16,13],"texture":"#stone_slab_top"}}},{"from":[-5.5,4.9375,13.875],"to":[-5,7.4375,14.375],"rotation":{"angle":-45,"axis":"x","origin":[-5.5,7.4375,13.875]},"faces":{"north":{"uv":[15,12,16,13],"texture":"#stone_slab_top"},"east":{"uv":[15,12,16,13],"texture":"#stone_slab_top"},"south":{"uv":[15,12,16,13],"texture":"#stone_slab_top"},"west":{"uv":[15,12,16,13],"texture":"#stone_slab_top"},"up":{"uv":[15,12,16,13],"texture":"#stone_slab_top"},"down":{"uv":[15,12,16,13],"texture":"#stone_slab_top"}}},{"from":[6,9,4],"to":[10,10.5,12],"faces":{"north":{"uv":[0,0,4,1.5],"texture":"#wielen"},"east":{"uv":[0,0,8,1.5],"texture":"#wielen"},"south":{"uv":[0,0,4,1.5],"texture":"#wielen"},"west":{"uv":[0,0,8,1.5],"texture":"#wielen"},"up":{"uv":[0,0,4,8],"texture":"#wielen"},"down":{"uv":[0,0,4,8],"texture":"#wielen"}}},{"from":[18,9,4],"to":[22,10.5,12],"faces":{"north":{"uv":[0,0,4,1.5],"texture":"#wielen"},"east":{"uv":[0,0,8,1.5],"texture":"#wielen"},"south":{"uv":[0,0,4,1.5],"texture":"#wielen"},"west":{"uv":[0,0,8,1.5],"texture":"#wielen"},"up":{"uv":[0,0,4,8],"texture":"#wielen"},"down":{"uv":[0,0,4,8],"texture":"#wielen"}}},{"from":[-6,-2,1.5],"to":[-2,8,4],"faces":{"north":{"uv":[0,0,4,10],"texture":"#wielen"},"east":{"uv":[0,0,2.5,10],"texture":"#wielen"},"south":{"uv":[0,0,4,10],"texture":"#wielen"},"west":{"uv":[0,0,2.5,10],"texture":"#wielen"},"up":{"uv":[0,0,4,2.5],"texture":"#wielen"},"down":{"uv":[0,0,4,2.5],"texture":"#wielen"}}},{"from":[18,-2,1.5],"to":[22,8,4],"faces":{"north":{"uv":[0,0,4,10],"texture":"#wielen"},"east":{"uv":[0,0,2.5,10],"texture":"#wielen"},"south":{"uv":[0,0,4,10],"texture":"#wielen"},"west":{"uv":[0,0,2.5,10],"texture":"#wielen"},"up":{"uv":[0,0,4,2.5],"texture":"#wielen"},"down":{"uv":[0,0,4,2.5],"texture":"#wielen"}}},{"from":[18.001,8.5,12],"to":[22.001,10.5,15.5],"rotation":{"angle":45,"axis":"x","origin":[18.001,10.5,12]},"faces":{"north":{"uv":[0,0,4,2],"texture":"#wielen"},"east":{"uv":[0,0,3.5,2],"texture":"#wielen"},"south":{"uv":[0,0,4,2],"texture":"#wielen"},"west":{"uv":[0,0,3.5,2],"texture":"#wielen"},"up":{"uv":[0,0,4,3.5],"texture":"#wielen"},"down":{"uv":[0,0,4,3.5],"texture":"#wielen"}}},{"from":[6.001,8.5,12],"to":[10.001,10.5,15.5],"rotation":{"angle":45,"axis":"x","origin":[6.001,10.5,12]},"faces":{"north":{"uv":[0,0,4,2],"texture":"#wielen"},"east":{"uv":[0,0,3.5,2],"texture":"#wielen"},"south":{"uv":[0,0,4,2],"texture":"#wielen"},"west":{"uv":[0,0,3.5,2],"texture":"#wielen"},"up":{"uv":[0,0,4,3.5],"texture":"#wielen"},"down":{"uv":[0,0,4,3.5],"texture":"#wielen"}}},{"from":[18,-2,12],"to":[22,8,14.5],"faces":{"north":{"uv":[0,0,4,10],"texture":"#wielen"},"east":{"uv":[0,0,2.5,10],"texture":"#wielen"},"south":{"uv":[0,0,4,10],"texture":"#wielen"},"west":{"uv":[0,0,2.5,10],"texture":"#wielen"},"up":{"uv":[0,0,4,2.5],"texture":"#wielen"},"down":{"uv":[0,0,4,2.5],"texture":"#wielen"}}},{"from":[6,-2,12],"to":[10,8,14.5],"faces":{"north":{"uv":[0,0,4,10],"texture":"#wielen"},"east":{"uv":[0,0,2.5,10],"texture":"#wielen"},"south":{"uv":[0,0,4,10],"texture":"#wielen"},"west":{"uv":[0,0,2.5,10],"texture":"#wielen"},"up":{"uv":[0,0,4,2.5],"texture":"#wielen"},"down":{"uv":[0,0,4,2.5],"texture":"#wielen"}}},{"from":[18.001,6,1.5],"to":[22.001,8,5],"rotation":{"angle":-45,"axis":"x","origin":[18.001,8,1.5]},"faces":{"north":{"uv":[0,0,4,2],"texture":"#wielen"},"east":{"uv":[0,0,3.5,2],"texture":"#wielen"},"south":{"uv":[0,0,4,2],"texture":"#wielen"},"west":{"uv":[0,0,3.5,2],"texture":"#wielen"},"up":{"uv":[0,0,4,3.5],"texture":"#wielen"},"down":{"uv":[0,0,4,3.5],"texture":"#wielen"}}},{"from":[6.001,6,1.5],"to":[10.001,8,5],"rotation":{"angle":-45,"axis":"x","origin":[6.001,8,1.5]},"faces":{"north":{"uv":[0,0,4,2],"texture":"#wielen"},"east":{"uv":[0,0,3.5,2],"texture":"#wielen"},"south":{"uv":[0,0,4,2],"texture":"#wielen"},"west":{"uv":[0,0,3.5,2],"texture":"#wielen"},"up":{"uv":[0,0,4,3.5],"texture":"#wielen"},"down":{"uv":[0,0,4,3.5],"texture":"#wielen"}}},{"from":[6,-2,14.5],"to":[10,1,17.5],"faces":{"north":{"uv":[0,0,4,3],"texture":"#wielen"},"east":{"uv":[0,0,3,3],"texture":"#wielen"},"south":{"uv":[0,0,4,3],"texture":"#wielen"},"west":{"uv":[0,0,3,3],"texture":"#wielen"},"up":{"uv":[0,0,4,3],"texture":"#wielen"},"down":{"uv":[0,0,4,3],"texture":"#wielen"}}},{"from":[18,-2,14.5],"to":[22,1,17.5],"faces":{"north":{"uv":[0,0,4,3],"texture":"#wielen"},"east":{"uv":[0,0,3,3],"texture":"#wielen"},"south":{"uv":[0,0,4,3],"texture":"#wielen"},"west":{"uv":[0,0,3,3],"texture":"#wielen"},"up":{"uv":[0,0,4,3],"texture":"#wielen"},"down":{"uv":[0,0,4,3],"texture":"#wielen"}}},{"from":[6.001,-3.05,15.625],"to":[10.001,0.25,17.625],"rotation":{"angle":-22.5,"axis":"x","origin":[6.001,0.25,15.625]},"faces":{"north":{"uv":[0,0,4,3],"texture":"#wielen"},"east":{"uv":[0,0,2,3],"texture":"#wielen"},"south":{"uv":[0,0,4,3],"texture":"#wielen"},"west":{"uv":[0,0,2,3],"texture":"#wielen"},"up":{"uv":[0,0,4,2],"texture":"#wielen"},"down":{"uv":[0,0,4,2],"texture":"#wielen"}}},{"from":[18.001,-3.05,15.625],"to":[22.001,0.25,17.625],"rotation":{"angle":-22.5,"axis":"x","origin":[18.001,0.25,15.625]},"faces":{"north":{"uv":[0,0,4,3],"texture":"#wielen"},"east":{"uv":[0,0,2,3],"texture":"#wielen"},"south":{"uv":[0,0,4,3],"texture":"#wielen"},"west":{"uv":[0,0,2,3],"texture":"#wielen"},"up":{"uv":[0,0,4,2],"texture":"#wielen"},"down":{"uv":[0,0,4,2],"texture":"#wielen"}}},{"from":[6.5,4.9375,13.875],"to":[7,7.4375,14.375],"rotation":{"angle":-45,"axis":"x","origin":[6.5,7.4375,13.875]},"faces":{"north":{"uv":[15,12,16,13],"texture":"#stone_slab_top"},"east":{"uv":[15,12,16,13],"texture":"#stone_slab_top"},"south":{"uv":[15,12,16,13],"texture":"#stone_slab_top"},"west":{"uv":[15,12,16,13],"texture":"#stone_slab_top"},"up":{"uv":[15,12,16,13],"texture":"#stone_slab_top"},"down":{"uv":[15,12,16,13],"texture":"#stone_slab_top"}}},{"from":[9,4.9375,13.875],"to":[9.5,7.4375,14.375],"rotation":{"angle":-45,"axis":"x","origin":[9,7.4375,13.875]},"faces":{"north":{"uv":[15,12,16,13],"texture":"#stone_slab_top"},"east":{"uv":[15,12,16,13],"texture":"#stone_slab_top"},"south":{"uv":[15,12,16,13],"texture":"#stone_slab_top"},"west":{"uv":[15,12,16,13],"texture":"#stone_slab_top"},"up":{"uv":[15,12,16,13],"texture":"#stone_slab_top"},"down":{"uv":[15,12,16,13],"texture":"#stone_slab_top"}}},{"from":[18.5,4.9375,13.875],"to":[19,7.4375,14.375],"rotation":{"angle":-45,"axis":"x","origin":[18.5,7.4375,13.875]},"faces":{"north":{"uv":[15,12,16,13],"texture":"#stone_slab_top"},"east":{"uv":[15,12,16,13],"texture":"#stone_slab_top"},"south":{"uv":[15,12,16,13],"texture":"#stone_slab_top"},"west":{"uv":[15,12,16,13],"texture":"#stone_slab_top"},"up":{"uv":[15,12,16,13],"texture":"#stone_slab_top"},"down":{"uv":[15,12,16,13],"texture":"#stone_slab_top"}}},{"from":[21,4.9375,13.875],"to":[21.5,7.4375,14.375],"rotation":{"angle":-45,"axis":"x","origin":[21,7.4375,13.875]},"faces":{"north":{"uv":[15,12,16,13],"texture":"#stone_slab_top"},"east":{"uv":[15,12,16,13],"texture":"#stone_slab_top"},"south":{"uv":[15,12,16,13],"texture":"#stone_slab_top"},"west":{"uv":[15,12,16,13],"texture":"#stone_slab_top"},"up":{"uv":[15,12,16,13],"texture":"#stone_slab_top"},"down":{"uv":[15,12,16,13],"texture":"#stone_slab_top"}}},{"from":[9,1,15.5],"to":[9.5,6,16],"faces":{"north":{"uv":[15,12,16,13],"texture":"#stone_slab_top"},"east":{"uv":[15,12,16,13],"texture":"#stone_slab_top"},"south":{"uv":[15,12,16,13],"texture":"#stone_slab_top"},"west":{"uv":[15,12,16,13],"texture":"#stone_slab_top"},"up":{"uv":[15,12,16,13],"texture":"#stone_slab_top"},"down":{"uv":[15,12,16,13],"texture":"#stone_slab_top"}}},{"from":[6.5,1,15.5],"to":[7,6,16],"faces":{"north":{"uv":[15,12,16,13],"texture":"#stone_slab_top"},"east":{"uv":[15,12,16,13],"texture":"#stone_slab_top"},"south":{"uv":[15,12,16,13],"texture":"#stone_slab_top"},"west":{"uv":[15,12,16,13],"texture":"#stone_slab_top"},"up":{"uv":[15,12,16,13],"texture":"#stone_slab_top"},"down":{"uv":[15,12,16,13],"texture":"#stone_slab_top"}}},{"from":[21,1,15.5],"to":[21.5,6,16],"faces":{"north":{"uv":[15,12,16,13],"texture":"#stone_slab_top"},"east":{"uv":[15,12,16,13],"texture":"#stone_slab_top"},"south":{"uv":[15,12,16,13],"texture":"#stone_slab_top"},"west":{"uv":[15,12,16,13],"texture":"#stone_slab_top"},"up":{"uv":[15,12,16,13],"texture":"#stone_slab_top"},"down":{"uv":[15,12,16,13],"texture":"#stone_slab_top"}}},{"from":[18.5,1,15.5],"to":[19,6,16],"faces":{"north":{"uv":[15,12,16,13],"texture":"#stone_slab_top"},"east":{"uv":[15,12,16,13],"texture":"#stone_slab_top"},"south":{"uv":[15,12,16,13],"texture":"#stone_slab_top"},"west":{"uv":[15,12,16,13],"texture":"#stone_slab_top"},"up":{"uv":[15,12,16,13],"texture":"#stone_slab_top"},"down":{"uv":[15,12,16,13],"texture":"#stone_slab_top"}}},{"from":[6,-2,-1.5],"to":[10,1,1.5],"faces":{"north":{"uv":[0,0,4,3],"texture":"#wielen"},"east":{"uv":[0,0,3,3],"texture":"#wielen"},"south":{"uv":[0,0,4,3],"texture":"#wielen"},"west":{"uv":[0,0,3,3],"texture":"#wielen"},"up":{"uv":[0,0,4,3],"texture":"#wielen"},"down":{"uv":[0,0,4,3],"texture":"#wielen"}}},{"from":[30,-2,-1.5],"to":[32,1,1.5],"faces":{"north":{"uv":[0,0,2,3],"texture":"#wielen"},"east":{"uv":[0,0,3,3],"texture":"#wielen"},"south":{"uv":[0,0,2,3],"texture":"#wielen"},"west":{"uv":[0,0,3,3],"texture":"#wielen"},"up":{"uv":[0,0,2,3],"texture":"#wielen"},"down":{"uv":[0,0,2,3],"texture":"#wielen"}}},{"from":[6.001,-2.4,-1.5],"to":[10.001,1,0.5],"rotation":{"angle":22.5,"axis":"x","origin":[6.001,1,-1.5]},"faces":{"north":{"uv":[0,0,4,3],"texture":"#wielen"},"east":{"uv":[0,0,2,3],"texture":"#wielen"},"south":{"uv":[0,0,4,3],"texture":"#wielen"},"west":{"uv":[0,0,2,3],"texture":"#wielen"},"up":{"uv":[0,0,4,2],"texture":"#wielen"},"down":{"uv":[0,0,4,2],"texture":"#wielen"}}},{"from":[18.001,-2.4,-1.5],"to":[22.001,1,0.5],"rotation":{"angle":22.5,"axis":"x","origin":[18.001,1,-1.5]},"faces":{"north":{"uv":[0,0,4,3],"texture":"#wielen"},"east":{"uv":[0,0,2,3],"texture":"#wielen"},"south":{"uv":[0,0,4,3],"texture":"#wielen"},"west":{"uv":[0,0,2,3],"texture":"#wielen"},"up":{"uv":[0,0,4,2],"texture":"#wielen"},"down":{"uv":[0,0,4,2],"texture":"#wielen"}}},{"from":[-5.5,1,0],"to":[-5,6,0.5],"faces":{"north":{"uv":[15,12,16,13],"texture":"#stone_slab_top"},"east":{"uv":[15,12,16,13],"texture":"#stone_slab_top"},"south":{"uv":[15,12,16,13],"texture":"#stone_slab_top"},"west":{"uv":[15,12,16,13],"texture":"#stone_slab_top"},"up":{"uv":[15,12,16,13],"texture":"#stone_slab_top"},"down":{"uv":[15,12,16,13],"texture":"#stone_slab_top"}}},{"from":[18.5,1,0],"to":[19,6,0.5],"faces":{"north":{"uv":[15,12,16,13],"texture":"#stone_slab_top"},"east":{"uv":[15,12,16,13],"texture":"#stone_slab_top"},"south":{"uv":[15,12,16,13],"texture":"#stone_slab_top"},"west":{"uv":[15,12,16,13],"texture":"#stone_slab_top"},"up":{"uv":[15,12,16,13],"texture":"#stone_slab_top"},"down":{"uv":[15,12,16,13],"texture":"#stone_slab_top"}}},{"from":[-3,1,0],"to":[-2.5,6,0.5],"faces":{"north":{"uv":[15,12,16,13],"texture":"#stone_slab_top"},"east":{"uv":[15,12,16,13],"texture":"#stone_slab_top"},"south":{"uv":[15,12,16,13],"texture":"#stone_slab_top"},"west":{"uv":[15,12,16,13],"texture":"#stone_slab_top"},"up":{"uv":[15,12,16,13],"texture":"#stone_slab_top"},"down":{"uv":[15,12,16,13],"texture":"#stone_slab_top"}}},{"from":[6.5,1,0],"to":[7,6,0.5],"faces":{"north":{"uv":[15,12,16,13],"texture":"#stone_slab_top"},"east":{"uv":[15,12,16,13],"texture":"#stone_slab_top"},"south":{"uv":[15,12,16,13],"texture":"#stone_slab_top"},"west":{"uv":[15,12,16,13],"texture":"#stone_slab_top"},"up":{"uv":[15,12,16,13],"texture":"#stone_slab_top"},"down":{"uv":[15,12,16,13],"texture":"#stone_slab_top"}}},{"from":[9,1,0],"to":[9.5,6,0.5],"faces":{"north":{"uv":[15,12,16,13],"texture":"#stone_slab_top"},"east":{"uv":[15,12,16,13],"texture":"#stone_slab_top"},"south":{"uv":[15,12,16,13],"texture":"#stone_slab_top"},"west":{"uv":[15,12,16,13],"texture":"#stone_slab_top"},"up":{"uv":[15,12,16,13],"texture":"#stone_slab_top"},"down":{"uv":[15,12,16,13],"texture":"#stone_slab_top"}}},{"from":[21,1,0],"to":[21.5,6,0.5],"faces":{"north":{"uv":[15,12,16,13],"texture":"#stone_slab_top"},"east":{"uv":[15,12,16,13],"texture":"#stone_slab_top"},"south":{"uv":[15,12,16,13],"texture":"#stone_slab_top"},"west":{"uv":[15,12,16,13],"texture":"#stone_slab_top"},"up":{"uv":[15,12,16,13],"texture":"#stone_slab_top"},"down":{"uv":[15,12,16,13],"texture":"#stone_slab_top"}}},{"from":[-3,4.9375,13.875],"to":[-2.5,7.4375,14.375],"rotation":{"angle":-45,"axis":"x","origin":[-3,7.4375,13.875]},"faces":{"north":{"uv":[15,12,16,13],"texture":"#stone_slab_top"},"east":{"uv":[15,12,16,13],"texture":"#stone_slab_top"},"south":{"uv":[15,12,16,13],"texture":"#stone_slab_top"},"west":{"uv":[15,12,16,13],"texture":"#stone_slab_top"},"up":{"uv":[15,12,16,13],"texture":"#stone_slab_top"},"down":{"uv":[15,12,16,13],"texture":"#stone_slab_top"}}},{"from":[-5.5,5.25,1.75],"to":[-5,7.75,2.25],"rotation":{"angle":45,"axis":"x","origin":[-5.5,7.75,1.75]},"faces":{"north":{"uv":[15,12,16,13],"texture":"#stone_slab_top"},"east":{"uv":[15,12,16,13],"texture":"#stone_slab_top"},"south":{"uv":[15,12,16,13],"texture":"#stone_slab_top"},"west":{"uv":[15,12,16,13],"texture":"#stone_slab_top"},"up":{"uv":[15,12,16,13],"texture":"#stone_slab_top"},"down":{"uv":[15,12,16,13],"texture":"#stone_slab_top"}}},{"from":[18.5,5.25,1.75],"to":[19,7.75,2.25],"rotation":{"angle":45,"axis":"x","origin":[18.5,7.75,1.75]},"faces":{"north":{"uv":[15,12,16,13],"texture":"#stone_slab_top"},"east":{"uv":[15,12,16,13],"texture":"#stone_slab_top"},"south":{"uv":[15,12,16,13],"texture":"#stone_slab_top"},"west":{"uv":[15,12,16,13],"texture":"#stone_slab_top"},"up":{"uv":[15,12,16,13],"texture":"#stone_slab_top"},"down":{"uv":[15,12,16,13],"texture":"#stone_slab_top"}}},{"from":[-3,5.25,1.75],"to":[-2.5,7.75,2.25],"rotation":{"angle":45,"axis":"x","origin":[-3,7.75,1.75]},"faces":{"north":{"uv":[15,12,16,13],"texture":"#stone_slab_top"},"east":{"uv":[15,12,16,13],"texture":"#stone_slab_top"},"south":{"uv":[15,12,16,13],"texture":"#stone_slab_top"},"west":{"uv":[15,12,16,13],"texture":"#stone_slab_top"},"up":{"uv":[15,12,16,13],"texture":"#stone_slab_top"},"down":{"uv":[15,12,16,13],"texture":"#stone_slab_top"}}},{"from":[6.5,5.25,1.75],"to":[7,7.75,2.25],"rotation":{"angle":45,"axis":"x","origin":[6.5,7.75,1.75]},"faces":{"north":{"uv":[15,12,16,13],"texture":"#stone_slab_top"},"east":{"uv":[15,12,16,13],"texture":"#stone_slab_top"},"south":{"uv":[15,12,16,13],"texture":"#stone_slab_top"},"west":{"uv":[15,12,16,13],"texture":"#stone_slab_top"},"up":{"uv":[15,12,16,13],"texture":"#stone_slab_top"},"down":{"uv":[15,12,16,13],"texture":"#stone_slab_top"}}},{"from":[9,5.25,1.75],"to":[9.5,7.75,2.25],"rotation":{"angle":45,"axis":"x","origin":[9,7.75,1.75]},"faces":{"north":{"uv":[15,12,16,13],"texture":"#stone_slab_top"},"east":{"uv":[15,12,16,13],"texture":"#stone_slab_top"},"south":{"uv":[15,12,16,13],"texture":"#stone_slab_top"},"west":{"uv":[15,12,16,13],"texture":"#stone_slab_top"},"up":{"uv":[15,12,16,13],"texture":"#stone_slab_top"},"down":{"uv":[15,12,16,13],"texture":"#stone_slab_top"}}},{"from":[30.5,5.25,1.75],"to":[31,7.75,2.25],"rotation":{"angle":45,"axis":"x","origin":[30.5,7.75,1.75]},"faces":{"north":{"uv":[15,12,16,13],"texture":"#stone_slab_top"},"east":{"uv":[15,12,16,13],"texture":"#stone_slab_top"},"south":{"uv":[15,12,16,13],"texture":"#stone_slab_top"},"west":{"uv":[15,12,16,13],"texture":"#stone_slab_top"},"up":{"uv":[15,12,16,13],"texture":"#stone_slab_top"},"down":{"uv":[15,12,16,13],"texture":"#stone_slab_top"}}},{"from":[-16,9,4],"to":[-14,10.5,12],"faces":{"north":{"uv":[0,0,2,1.5],"texture":"#wielen"},"east":{"uv":[0,0,8,1.5],"texture":"#wielen"},"south":{"uv":[0,0,2,1.5],"texture":"#wielen"},"west":{"uv":[0,0,8,1.5],"texture":"#wielen"},"up":{"uv":[0,0,2,8],"texture":"#wielen"},"down":{"uv":[0,0,2,8],"texture":"#wielen"}}},{"from":[-15.998,6,1.5],"to":[-13.998,8,5],"rotation":{"angle":-45,"axis":"x","origin":[-15.998,8,1.5]},"faces":{"north":{"uv":[0,0,2,2],"texture":"#wielen"},"east":{"uv":[0,0,3.5,2],"texture":"#wielen"},"south":{"uv":[0,0,2,2],"texture":"#wielen"},"west":{"uv":[0,0,3.5,2],"texture":"#wielen"},"up":{"uv":[0,0,2,3.5],"texture":"#wielen"},"down":{"uv":[0,0,2,3.5],"texture":"#wielen"}}},{"from":[-15.998,8.5,12],"to":[-13.998,10.5,15.5],"rotation":{"angle":45,"axis":"x","origin":[-15.998,10.5,12]},"faces":{"north":{"uv":[0,0,2,2],"texture":"#wielen"},"east":{"uv":[0,0,3.5,2],"texture":"#wielen"},"south":{"uv":[0,0,2,2],"texture":"#wielen"},"west":{"uv":[0,0,3.5,2],"texture":"#wielen"},"up":{"uv":[0,0,2,3.5],"texture":"#wielen"},"down":{"uv":[0,0,2,3.5],"texture":"#wielen"}}},{"from":[-16,-2,1.5],"to":[-14,8,4],"faces":{"north":{"uv":[0,0,2,10],"texture":"#wielen"},"east":{"uv":[0,0,2.5,10],"texture":"#wielen"},"south":{"uv":[0,0,2,10],"texture":"#wielen"},"west":{"uv":[0,0,2.5,10],"texture":"#wielen"},"up":{"uv":[0,0,2,2.5],"texture":"#wielen"},"down":{"uv":[0,0,2,2.5],"texture":"#wielen"}}},{"from":[-16,-2,12],"to":[-14,8,14.5],"faces":{"north":{"uv":[0,0,2,10],"texture":"#wielen"},"east":{"uv":[0,0,2.5,10],"texture":"#wielen"},"south":{"uv":[0,0,2,10],"texture":"#wielen"},"west":{"uv":[0,0,2.5,10],"texture":"#wielen"},"up":{"uv":[0,0,2,2.5],"texture":"#wielen"},"down":{"uv":[0,0,2,2.5],"texture":"#wielen"}}},{"from":[-16,-2,14.5],"to":[-14,1,17.5],"faces":{"north":{"uv":[0,0,2,3],"texture":"#wielen"},"east":{"uv":[0,0,3,3],"texture":"#wielen"},"south":{"uv":[0,0,2,3],"texture":"#wielen"},"west":{"uv":[0,0,3,3],"texture":"#wielen"},"up":{"uv":[0,0,2,3],"texture":"#wielen"},"down":{"uv":[0,0,2,3],"texture":"#wielen"}}},{"from":[-15.998,-3.05,15.625],"to":[-13.998,0.25,17.625],"rotation":{"angle":-22.5,"axis":"x","origin":[-15.998,0.25,15.625]},"faces":{"north":{"uv":[0,0,2,3],"texture":"#wielen"},"east":{"uv":[0,0,2,3],"texture":"#wielen"},"south":{"uv":[0,0,2,3],"texture":"#wielen"},"west":{"uv":[0,0,2,3],"texture":"#wielen"},"up":{"uv":[0,0,2,2],"texture":"#wielen"},"down":{"uv":[0,0,2,2],"texture":"#wielen"}}},{"from":[-16,-2,-1.5],"to":[-14,1,1.5],"faces":{"north":{"uv":[0,0,2,3],"texture":"#wielen"},"east":{"uv":[0,0,3,3],"texture":"#wielen"},"south":{"uv":[0,0,2,3],"texture":"#wielen"},"west":{"uv":[0,0,3,3],"texture":"#wielen"},"up":{"uv":[0,0,2,3],"texture":"#wielen"},"down":{"uv":[0,0,2,3],"texture":"#wielen"}}},{"from":[-15.998,-2.4,-1.5],"to":[-13.998,1,0.5],"rotation":{"angle":22.5,"axis":"x","origin":[-15.998,1,-1.5]},"faces":{"north":{"uv":[0,0,2,3],"texture":"#wielen"},"east":{"uv":[0,0,2,3],"texture":"#wielen"},"south":{"uv":[0,0,2,3],"texture":"#wielen"},"west":{"uv":[0,0,2,3],"texture":"#wielen"},"up":{"uv":[0,0,2,2],"texture":"#wielen"},"down":{"uv":[0,0,2,2],"texture":"#wielen"}}},{"from":[-15,5.25,1.75],"to":[-14.5,7.75,2.25],"rotation":{"angle":45,"axis":"x","origin":[-15,7.75,1.75]},"faces":{"north":{"uv":[15,12,16,13],"texture":"#stone_slab_top"},"east":{"uv":[15,12,16,13],"texture":"#stone_slab_top"},"south":{"uv":[15,12,16,13],"texture":"#stone_slab_top"},"west":{"uv":[15,12,16,13],"texture":"#stone_slab_top"},"up":{"uv":[15,12,16,13],"texture":"#stone_slab_top"},"down":{"uv":[15,12,16,13],"texture":"#stone_slab_top"}}},{"from":[-15,4.9375,13.875],"to":[-14.5,7.4375,14.375],"rotation":{"angle":-45,"axis":"x","origin":[-15,7.4375,13.875]},"faces":{"north":{"uv":[15,12,16,13],"texture":"#stone_slab_top"},"east":{"uv":[15,12,16,13],"texture":"#stone_slab_top"},"south":{"uv":[15,12,16,13],"texture":"#stone_slab_top"},"west":{"uv":[15,12,16,13],"texture":"#stone_slab_top"},"up":{"uv":[15,12,16,13],"texture":"#stone_slab_top"},"down":{"uv":[15,12,16,13],"texture":"#stone_slab_top"}}},{"from":[-15,1,15.5],"to":[-14.5,6,16],"faces":{"north":{"uv":[15,12,16,13],"texture":"#stone_slab_top"},"east":{"uv":[15,12,16,13],"texture":"#stone_slab_top"},"south":{"uv":[15,12,16,13],"texture":"#stone_slab_top"},"west":{"uv":[15,12,16,13],"texture":"#stone_slab_top"},"up":{"uv":[15,12,16,13],"texture":"#stone_slab_top"},"down":{"uv":[15,12,16,13],"texture":"#stone_slab_top"}}},{"from":[-15,1,0],"to":[-14.5,6,0.5],"faces":{"north":{"uv":[15,12,16,13],"texture":"#stone_slab_top"},"east":{"uv":[15,12,16,13],"texture":"#stone_slab_top"},"south":{"uv":[15,12,16,13],"texture":"#stone_slab_top"},"west":{"uv":[15,12,16,13],"texture":"#stone_slab_top"},"up":{"uv":[15,12,16,13],"texture":"#stone_slab_top"},"down":{"uv":[15,12,16,13],"texture":"#stone_slab_top"}}},{"from":[30,9,4],"to":[32,10.5,12],"faces":{"north":{"uv":[0,0,2,1.5],"texture":"#wielen"},"east":{"uv":[0,0,8,1.5],"texture":"#wielen"},"south":{"uv":[0,0,2,1.5],"texture":"#wielen"},"west":{"uv":[0,0,8,1.5],"texture":"#wielen"},"up":{"uv":[0,0,2,8],"texture":"#wielen"},"down":{"uv":[0,0,2,8],"texture":"#wielen"}}},{"from":[30,-2,1.5],"to":[32,8,4],"faces":{"north":{"uv":[0,0,2,10],"texture":"#wielen"},"east":{"uv":[0,0,2.5,10],"texture":"#wielen"},"south":{"uv":[0,0,2,10],"texture":"#wielen"},"west":{"uv":[0,0,2.5,10],"texture":"#wielen"},"up":{"uv":[0,0,2,2.5],"texture":"#wielen"},"down":{"uv":[0,0,2,2.5],"texture":"#wielen"}}},{"from":[29.998,8.5,12],"to":[31.998,10.5,15.5],"rotation":{"angle":45,"axis":"x","origin":[29.998,10.5,12]},"faces":{"north":{"uv":[0,0,2,2],"texture":"#wielen"},"east":{"uv":[0,0,3.5,2],"texture":"#wielen"},"south":{"uv":[0,0,2,2],"texture":"#wielen"},"west":{"uv":[0,0,3.5,2],"texture":"#wielen"},"up":{"uv":[0,0,2,3.5],"texture":"#wielen"},"down":{"uv":[0,0,2,3.5],"texture":"#wielen"}}},{"from":[30,-2,14.5],"to":[32,1,17.5],"faces":{"north":{"uv":[0,0,2,3],"texture":"#wielen"},"east":{"uv":[0,0,3,3],"texture":"#wielen"},"south":{"uv":[0,0,2,3],"texture":"#wielen"},"west":{"uv":[0,0,3,3],"texture":"#wielen"},"up":{"uv":[0,0,2,3],"texture":"#wielen"},"down":{"uv":[0,0,2,3],"texture":"#wielen"}}},{"from":[29.998,-3.05,15.625],"to":[31.998,0.25,17.625],"rotation":{"angle":-22.5,"axis":"x","origin":[29.998,0.25,15.625]},"faces":{"north":{"uv":[0,0,2,3],"texture":"#wielen"},"east":{"uv":[0,0,2,3],"texture":"#wielen"},"south":{"uv":[0,0,2,3],"texture":"#wielen"},"west":{"uv":[0,0,2,3],"texture":"#wielen"},"up":{"uv":[0,0,2,2],"texture":"#wielen"},"down":{"uv":[0,0,2,2],"texture":"#wielen"}}},{"from":[30,-2,12],"to":[32,8,14.5],"faces":{"north":{"uv":[0,0,2,10],"texture":"#wielen"},"east":{"uv":[0,0,2.5,10],"texture":"#wielen"},"south":{"uv":[0,0,2,10],"texture":"#wielen"},"west":{"uv":[0,0,2.5,10],"texture":"#wielen"},"up":{"uv":[0,0,2,2.5],"texture":"#wielen"},"down":{"uv":[0,0,2,2.5],"texture":"#wielen"}}},{"from":[29.998,6,1.5],"to":[31.998,8,5],"rotation":{"angle":-45,"axis":"x","origin":[29.998,8,1.5]},"faces":{"north":{"uv":[0,0,2,2],"texture":"#wielen"},"east":{"uv":[0,0,3.5,2],"texture":"#wielen"},"south":{"uv":[0,0,2,2],"texture":"#wielen"},"west":{"uv":[0,0,3.5,2],"texture":"#wielen"},"up":{"uv":[0,0,2,3.5],"texture":"#wielen"},"down":{"uv":[0,0,2,3.5],"texture":"#wielen"}}},{"from":[18,-2,-1.5],"to":[22,1,1.5],"faces":{"north":{"uv":[0,0,4,3],"texture":"#wielen"},"east":{"uv":[0,0,3,3],"texture":"#wielen"},"south":{"uv":[0,0,4,3],"texture":"#wielen"},"west":{"uv":[0,0,3,3],"texture":"#wielen"},"up":{"uv":[0,0,4,3],"texture":"#wielen"},"down":{"uv":[0,0,4,3],"texture":"#wielen"}}},{"from":[29.998,-2.4,-1.5],"to":[31.998,1,0.5],"rotation":{"angle":22.5,"axis":"x","origin":[29.998,1,-1.5]},"faces":{"north":{"uv":[0,0,2,3],"texture":"#wielen"},"east":{"uv":[0,0,2,3],"texture":"#wielen"},"south":{"uv":[0,0,2,3],"texture":"#wielen"},"west":{"uv":[0,0,2,3],"texture":"#wielen"},"up":{"uv":[0,0,2,2],"texture":"#wielen"},"down":{"uv":[0,0,2,2],"texture":"#wielen"}}},{"from":[21,5.25,1.75],"to":[21.5,7.75,2.25],"rotation":{"angle":45,"axis":"x","origin":[21,7.75,1.75]},"faces":{"north":{"uv":[15,12,16,13],"texture":"#stone_slab_top"},"east":{"uv":[15,12,16,13],"texture":"#stone_slab_top"},"south":{"uv":[15,12,16,13],"texture":"#stone_slab_top"},"west":{"uv":[15,12,16,13],"texture":"#stone_slab_top"},"up":{"uv":[15,12,16,13],"texture":"#stone_slab_top"},"down":{"uv":[15,12,16,13],"texture":"#stone_slab_top"}}},{"from":[30.5,4.9375,13.875],"to":[31,7.4375,14.375],"rotation":{"angle":-45,"axis":"x","origin":[30.5,7.4375,13.875]},"faces":{"north":{"uv":[15,12,16,13],"texture":"#stone_slab_top"},"east":{"uv":[15,12,16,13],"texture":"#stone_slab_top"},"south":{"uv":[15,12,16,13],"texture":"#stone_slab_top"},"west":{"uv":[15,12,16,13],"texture":"#stone_slab_top"},"up":{"uv":[15,12,16,13],"texture":"#stone_slab_top"},"down":{"uv":[15,12,16,13],"texture":"#stone_slab_top"}}},{"from":[30.5,1,0],"to":[31,6,0.5],"faces":{"north":{"uv":[15,12,16,13],"texture":"#stone_slab_top"},"east":{"uv":[15,12,16,13],"texture":"#stone_slab_top"},"south":{"uv":[15,12,16,13],"texture":"#stone_slab_top"},"west":{"uv":[15,12,16,13],"texture":"#stone_slab_top"},"up":{"uv":[15,12,16,13],"texture":"#stone_slab_top"},"down":{"uv":[15,12,16,13],"texture":"#stone_slab_top"}}},{"from":[30.5,1,15.5],"to":[31,6,16],"faces":{"north":{"uv":[15,12,16,13],"texture":"#stone_slab_top"},"east":{"uv":[15,12,16,13],"texture":"#stone_slab_top"},"south":{"uv":[15,12,16,13],"texture":"#stone_slab_top"},"west":{"uv":[15,12,16,13],"texture":"#stone_slab_top"},"up":{"uv":[15,12,16,13],"texture":"#stone_slab_top"},"down":{"uv":[15,12,16,13],"texture":"#stone_slab_top"}}},{"from":[-16,-4,0.6],"to":[32,-3,15.4],"faces":{"north":{"uv":[0,0,16,1],"texture":"#texture"},"east":{"uv":[0,0,14.8,1],"texture":"#texture"},"south":{"uv":[0,0,16,1],"texture":"#texture"},"west":{"uv":[0,0,14.8,1],"texture":"#texture"},"up":{"uv":[0,0,16,14.8],"texture":"#texture"},"down":{"uv":[0,0,16,14.8],"texture":"#texture"}}}],"display":{"gui":{"rotation":[30,-135,0],"translation":[0,1,0],"scale":[0.3,0.3,0.3]},"head":{"translation":[0,-21,0],"scale":[1.6,1.6,1.6]}},"credit":"Model by Craftventure"}