{"textures":{"0":"block/gray_concrete","1":"block/orange_terracotta","2":"block/carved_pumpkin","3":"block/cauldron_inner","4":"block/repeating_command_block_back","particle":"block/gray_concrete"},"elements":[{"name":"octagon","from":[3.24544,-0.11987,-3.47853],"to":[12.75456,2.43776,19.47853],"rotation":{"angle":45,"axis":"y","origin":[8,1.31494,8]},"faces":{"north":{"uv":[6.1,10.1,6.9,10.9],"texture":"#4"},"east":{"uv":[6.1,10.1,6.9,10.9],"texture":"#4"},"south":{"uv":[6.1,10.1,6.9,10.9],"texture":"#4"},"west":{"uv":[6.1,10.1,6.9,10.9],"texture":"#4"},"up":{"uv":[6.1,10.1,6.9,10.9],"texture":"#4"},"down":{"uv":[6.1,10.1,6.9,10.9],"texture":"#4"}}},{"name":"octagon","from":[3.24544,-0.11987,-3.47853],"to":[12.75456,2.43776,19.47853],"rotation":{"angle":0,"axis":"y","origin":[8,1.31494,8]},"faces":{"north":{"uv":[6.1,10.1,6.9,10.9],"texture":"#4"},"east":{"uv":[6.1,10.1,6.9,10.9],"texture":"#4"},"south":{"uv":[6.1,10.1,6.9,10.9],"texture":"#4"},"west":{"uv":[6.1,10.1,6.9,10.9],"texture":"#4"},"up":{"uv":[6.1,10.1,6.9,10.9],"texture":"#4"},"down":{"uv":[6.1,10.1,6.9,10.9],"texture":"#4"}}},{"name":"octagon","from":[-3.47853,-0.11987,3.24544],"to":[19.47853,2.43776,12.75456],"rotation":{"angle":45,"axis":"y","origin":[8,1.31494,8]},"faces":{"north":{"uv":[6.1,10.1,6.9,10.9],"texture":"#4"},"east":{"uv":[6.1,10.1,6.9,10.9],"texture":"#4"},"south":{"uv":[6.1,10.1,6.9,10.9],"texture":"#4"},"west":{"uv":[6.1,10.1,6.9,10.9],"texture":"#4"},"up":{"uv":[6.1,10.1,6.9,10.9],"texture":"#4"},"down":{"uv":[6.1,10.1,6.9,10.9],"texture":"#4"}}},{"name":"octagon","from":[-3.47853,-0.11987,3.24544],"to":[19.47853,2.43776,12.75456],"rotation":{"angle":0,"axis":"y","origin":[8,1.31494,8]},"faces":{"north":{"uv":[6.1,10.1,6.9,10.9],"texture":"#4"},"east":{"uv":[6.1,10.1,6.9,10.9],"texture":"#4"},"south":{"uv":[6.1,10.1,6.9,10.9],"texture":"#4"},"west":{"uv":[6.1,10.1,6.9,10.9],"texture":"#4"},"up":{"uv":[6.1,10.1,6.9,10.9],"texture":"#4"},"down":{"uv":[6.1,10.1,6.9,10.9],"texture":"#4"}}},{"name":"octagon","from":[3.43372,-0.83987,-3.02398],"to":[12.56628,-0.10624,19.02398],"rotation":{"angle":45,"axis":"y","origin":[8,-0.74906,8]},"faces":{"north":{"uv":[0,0,1,1],"texture":"#0"},"east":{"uv":[0,0,1,1],"texture":"#0"},"south":{"uv":[0,0,1,1],"texture":"#0"},"west":{"uv":[0,0,1,1],"texture":"#0"},"up":{"uv":[0,0,1,1],"texture":"#0"},"down":{"uv":[0,0,1,1],"texture":"#0"}}},{"name":"octagon","from":[3.43372,-0.83987,-3.02398],"to":[12.56628,-0.10624,19.02398],"rotation":{"angle":0,"axis":"y","origin":[8,-0.74906,8]},"faces":{"north":{"uv":[0,0,1,1],"texture":"#0"},"east":{"uv":[0,0,1,1],"texture":"#0"},"south":{"uv":[0,0,1,1],"texture":"#0"},"west":{"uv":[0,0,1,1],"texture":"#0"},"up":{"uv":[0,0,1,1],"texture":"#0"},"down":{"uv":[0,0,1,1],"texture":"#0"}}},{"name":"octagon","from":[-3.02398,-0.83987,3.43372],"to":[19.02398,-0.10624,12.56628],"rotation":{"angle":45,"axis":"y","origin":[8,-0.74906,8]},"faces":{"north":{"uv":[0,0,1,1],"texture":"#0"},"east":{"uv":[0,0,1,1],"texture":"#0"},"south":{"uv":[0,0,1,1],"texture":"#0"},"west":{"uv":[0,0,1,1],"texture":"#0"},"up":{"uv":[0,0,1,1],"texture":"#0"},"down":{"uv":[0,0,1,1],"texture":"#0"}}},{"name":"octagon","from":[-3.02398,-0.83987,3.43372],"to":[19.02398,-0.10624,12.56628],"rotation":{"angle":0,"axis":"y","origin":[8,-0.74906,8]},"faces":{"north":{"uv":[0,0,1,1],"texture":"#0"},"east":{"uv":[0,0,1,1],"texture":"#0"},"south":{"uv":[0,0,1,1],"texture":"#0"},"west":{"uv":[0,0,1,1],"texture":"#0"},"up":{"uv":[0,0,1,1],"texture":"#0"},"down":{"uv":[0,0,1,1],"texture":"#0"}}},{"name":"octagon","from":[3.79902,3.52813,16.57794],"to":[5.48098,4.47776,18.62206],"rotation":{"angle":45,"axis":"y","origin":[8,3.61894,8.48]},"faces":{"north":{"uv":[0,0,1,1],"texture":"#1"},"east":{"uv":[0,0,1,1],"texture":"#1"},"south":{"uv":[0,0,1,1],"texture":"#1"},"west":{"uv":[0,0,1,1],"texture":"#1"},"up":{"uv":[0,0,1,1],"texture":"#1"},"down":{"uv":[0,0,1,1],"texture":"#1"}}},{"name":"octagon","from":[3.79902,3.52813,16.57794],"to":[12.20098,4.47776,18.62206],"rotation":{"angle":0,"axis":"y","origin":[8,3.61894,8.48]},"faces":{"north":{"uv":[0,0,1,1],"texture":"#1"},"east":{"uv":[0,0,1,1],"texture":"#1"},"south":{"uv":[0,0,1,1],"texture":"#1"},"west":{"uv":[0,0,1,1],"texture":"#1"},"up":{"uv":[0,0,1,1],"texture":"#1"},"down":{"uv":[0,0,1,1],"texture":"#1"}}},{"name":"octagon","from":[-2.14206,3.48013,10.99902],"to":[-0.09794,4.47776,12.68098],"rotation":{"angle":45,"axis":"y","origin":[8,3.61894,8.48]},"faces":{"north":{"uv":[0,0,1,1],"texture":"#1"},"east":{"uv":[0,0,1,1],"texture":"#1"},"south":{"uv":[0,0,1,1],"texture":"#1"},"west":{"uv":[0,0,1,1],"texture":"#1"},"up":{"uv":[0,0,1,1],"texture":"#1"},"down":{"uv":[0,0,1,1],"texture":"#1"}}},{"name":"octagon","from":[3.15415,1.56639,-3.69892],"to":[12.84585,2.44512,19.69892],"rotation":{"angle":45,"axis":"y","origin":[8,3.79676,8]},"faces":{"north":{"uv":[0,0,9.70723,0.11092],"texture":"#0"},"east":{"uv":[0,0,16,0.11092],"texture":"#0"},"south":{"uv":[0,0,9.70723,0.11092],"texture":"#0"},"west":{"uv":[0,0,16,0.11092],"texture":"#0"},"up":{"uv":[1,0,9.70703,16],"texture":"#0"},"down":{"uv":[0,0,9.70723,16],"texture":"#0"}}},{"name":"octagon","from":[-3.69892,1.56439,3.15415],"to":[19.69892,2.44313,12.84585],"rotation":{"angle":45,"axis":"y","origin":[8,3.79476,8]},"faces":{"north":{"uv":[0,0,16,0.11092],"texture":"#0"},"east":{"uv":[0,0,9.70723,0.11092],"texture":"#0"},"south":{"uv":[0,0,16,0.11092],"texture":"#0"},"west":{"uv":[0,0,9.70723,0.11092],"texture":"#0"},"up":{"uv":[0,1,16,9.70703],"texture":"#0"},"down":{"uv":[0,0,16,9.70723],"texture":"#0"}}},{"name":"octagon","from":[3.15415,1.56339,-3.69892],"to":[12.84585,2.44213,19.69892],"rotation":{"angle":0,"axis":"y","origin":[8,3.79376,8]},"faces":{"north":{"uv":[0,0,9.70723,0.11092],"texture":"#0"},"east":{"uv":[0,0,16,0.11092],"texture":"#0"},"south":{"uv":[0,0,9.70723,0.11092],"texture":"#0"},"west":{"uv":[0,0,16,0.11092],"texture":"#0"},"up":{"uv":[1,0,9.70703,16],"texture":"#0"},"down":{"uv":[0,0,9.70723,16],"texture":"#0"}}},{"name":"octagon","from":[-3.69892,1.56535,3.15415],"to":[19.69892,2.4441,12.84585],"rotation":{"angle":0,"axis":"y","origin":[8,3.79572,8]},"faces":{"north":{"uv":[0,0,16,0.11092],"texture":"#0"},"east":{"uv":[0,0,9.70723,0.11092],"texture":"#0"},"south":{"uv":[0,0,16,0.11092],"texture":"#0"},"west":{"uv":[0,0,9.70723,0.11092],"texture":"#0"},"up":{"uv":[0,1,16,9.70703],"texture":"#0"},"down":{"uv":[0,0,16,9.70723],"texture":"#0"}}},{"name":"octagon","from":[4.23002,1.80173,14.60073],"to":[11.76998,6.58327,16.30135],"rotation":{"angle":0,"axis":"y","origin":[8,3.69331,6.20288]},"faces":{"north":{"uv":[0,0,1,1],"texture":"#1"},"east":{"uv":[0,0,1,1],"texture":"#1"},"south":{"uv":[0,0,1,1],"texture":"#1"},"west":{"uv":[0,0,1,1],"texture":"#1"},"up":{"uv":[0,0,1,1],"texture":"#1"},"down":{"uv":[0,0,1,1],"texture":"#1"}}},{"name":"octagon","from":[4.23002,2.61277,15.8206],"to":[11.76998,5.69703,16.53721],"rotation":{"angle":-22.5,"axis":"x","origin":[8,4.00513,6.43874]},"faces":{"north":{"uv":[0,0,1,1],"texture":"#1"},"east":{"uv":[0,0,1,1],"texture":"#1"},"south":{"uv":[0,0,1,1],"texture":"#1"},"west":{"uv":[0,0,1,1],"texture":"#1"},"up":{"uv":[0,0,1,1],"texture":"#1"},"down":{"uv":[0,0,1,1],"texture":"#1"}}},{"name":"octagon","from":[7.13673,1.80173,6.87782],"to":[8.81335,9.42871,14.66534],"rotation":{"angle":0,"axis":"y","origin":[-1.28512,3.69331,10.89536]},"faces":{"north":{"uv":[0,0,1,1],"texture":"#1"},"east":{"uv":[0,0,1,1],"texture":"#1"},"south":{"uv":[0,0,1,1],"texture":"#1"},"west":{"uv":[0,0,1,1],"texture":"#1"},"up":{"uv":[0,0,1,1],"rotation":270,"texture":"#1"},"down":{"uv":[0,0,1,1],"rotation":90,"texture":"#1"}}},{"name":"octagon","from":[4.23002,8.79114,14.43606],"to":[11.76998,9.43275,15.12105],"rotation":{"angle":0,"axis":"y","origin":[8,10.18351,5.15021]},"faces":{"north":{"uv":[0,0,1,1],"texture":"#1"},"east":{"uv":[0,0,1,1],"texture":"#1"},"south":{"uv":[0,0,1,1],"texture":"#1"},"west":{"uv":[0,0,1,1],"texture":"#1"},"up":{"uv":[0,0,1,1],"texture":"#1"},"down":{"uv":[0,0,1,1],"texture":"#1"}}},{"name":"octagon","from":[7.13673,1.80173,1.33466],"to":[8.81335,9.42871,6.87782],"rotation":{"angle":0,"axis":"y","origin":[-1.28512,3.69331,5.10464]},"faces":{"north":{"uv":[1,0,0,1],"texture":"#1"},"east":{"uv":[1,0,0,1],"texture":"#1"},"south":{"uv":[1,0,0,1],"texture":"#1"},"west":{"uv":[1,0,0,1],"texture":"#1"},"up":{"uv":[0,1,1,0],"rotation":270,"texture":"#1"},"down":{"uv":[0,1,1,0],"rotation":90,"texture":"#1"}}},{"name":"octagon","from":[-2.14206,3.48013,3.31902],"to":[-0.09794,4.47776,5.00098],"rotation":{"angle":-45,"axis":"y","origin":[8,3.61894,7.52]},"faces":{"north":{"uv":[1,0,0,1],"texture":"#1"},"east":{"uv":[1,0,0,1],"texture":"#1"},"south":{"uv":[1,0,0,1],"texture":"#1"},"west":{"uv":[1,0,0,1],"texture":"#1"},"up":{"uv":[0,1,1,0],"texture":"#1"},"down":{"uv":[0,1,1,0],"texture":"#1"}}},{"name":"octagon","from":[3.79902,3.52813,-2.62206],"to":[12.20098,4.47776,-0.57794],"rotation":{"angle":0,"axis":"y","origin":[8,3.61894,7.52]},"faces":{"north":{"uv":[1,0,0,1],"texture":"#1"},"east":{"uv":[1,0,0,1],"texture":"#1"},"south":{"uv":[1,0,0,1],"texture":"#1"},"west":{"uv":[1,0,0,1],"texture":"#1"},"up":{"uv":[0,1,1,0],"texture":"#1"},"down":{"uv":[0,1,1,0],"texture":"#1"}}},{"name":"octagon","from":[3.79902,3.52813,-2.62206],"to":[5.48098,4.47776,-0.57794],"rotation":{"angle":-45,"axis":"y","origin":[8,3.61894,7.52]},"faces":{"north":{"uv":[1,0,0,1],"texture":"#1"},"east":{"uv":[1,0,0,1],"texture":"#1"},"south":{"uv":[1,0,0,1],"texture":"#1"},"west":{"uv":[1,0,0,1],"texture":"#1"},"up":{"uv":[0,1,1,0],"texture":"#1"},"down":{"uv":[0,1,1,0],"texture":"#1"}}},{"name":"octagon","from":[4.60702,3.15149,15.79886],"to":[11.39298,5.92732,16.7318],"rotation":{"angle":-22.5,"axis":"x","origin":[8,4.40462,7.64319]},"faces":{"north":{"uv":[6.1,10.1,6.9,10.9],"texture":"#4"},"east":{"uv":[6.1,10.1,6.9,10.9],"texture":"#4"},"south":{"uv":[6.1,10.1,6.9,10.9],"texture":"#4"},"west":{"uv":[6.1,10.1,6.9,10.9],"texture":"#4"},"up":{"uv":[6.1,10.1,6.9,10.9],"texture":"#4"},"down":{"uv":[6.1,10.1,6.9,10.9],"texture":"#4"}}},{"name":"octagon","from":[4.60702,2.42156,15.01058],"to":[11.39298,6.72495,16.51953],"rotation":{"angle":0,"axis":"y","origin":[8,4.12397,7.43091]},"faces":{"north":{"uv":[6.1,10.1,6.9,10.9],"texture":"#4"},"east":{"uv":[6.1,10.1,6.9,10.9],"texture":"#4"},"south":{"uv":[6.1,10.1,6.9,10.9],"texture":"#4"},"west":{"uv":[6.1,10.1,6.9,10.9],"texture":"#4"},"up":{"uv":[6.1,10.1,6.9,10.9],"texture":"#4"},"down":{"uv":[6.1,10.1,6.9,10.9],"texture":"#4"}}},{"name":"octagon","from":[5.55705,4.1846,15.80528],"to":[10.44295,6.18319,16.89173],"rotation":{"angle":-22.5,"axis":"x","origin":[8,5.08685,10.34792]},"faces":{"north":{"uv":[0,0,1,1],"texture":"#1"},"east":{"uv":[0,0,1,1],"texture":"#1"},"south":{"uv":[16,0,0,8],"texture":"#2"},"west":{"uv":[0,0,1,1],"texture":"#1"},"up":{"uv":[0,0,1,1],"texture":"#1"},"down":{"uv":[0,0,1,1],"texture":"#1"}}},{"name":"octagon","from":[5.55705,3.65904,15.65245],"to":[10.44295,6.75748,16.73889],"rotation":{"angle":0,"axis":"y","origin":[8,4.88478,10.19508]},"faces":{"north":{"uv":[0,0,1,1],"texture":"#1"},"east":{"uv":[0,0,1,1],"texture":"#1"},"south":{"uv":[16,8,0,16],"texture":"#2"},"west":{"uv":[0,0,1,1],"texture":"#1"},"up":{"uv":[0,0,1,1],"texture":"#1"},"down":{"uv":[0,0,1,1],"texture":"#1"}}},{"name":"octagon","from":[4.23002,2.28173,1.32105],"to":[11.76998,4.81687,14.62473],"rotation":{"angle":0,"axis":"y","origin":[8,4.17331,4.5056]},"faces":{"north":{"uv":[0,0,1,1],"texture":"#1"},"east":{"uv":[0,0,1,1],"texture":"#1"},"south":{"uv":[0,0,1,1],"texture":"#1"},"west":{"uv":[0,0,1,1],"texture":"#1"},"up":{"uv":[0,0,1,1],"texture":"#1"},"down":{"uv":[0,0,1,1],"texture":"#1"}}},{"name":"octagon","from":[4.23002,2.28173,7.62057],"to":[11.76998,7.06327,8.36119],"rotation":{"angle":0,"axis":"y","origin":[8,4.17331,-1.28128]},"faces":{"north":{"uv":[0,0,1,1],"texture":"#1"},"east":{"uv":[0,0,1,1],"texture":"#1"},"south":{"uv":[0,0,1,1],"texture":"#1"},"west":{"uv":[0,0,1,1],"texture":"#1"},"up":{"uv":[0,0,1,1],"texture":"#1"},"down":{"uv":[0,0,1,1],"texture":"#1"}}},{"name":"octagon","from":[10.99902,3.48013,-2.14206],"to":[12.68098,4.47776,-0.09794],"rotation":{"angle":-45,"axis":"y","origin":[8.48,3.61894,8]},"faces":{"north":{"uv":[1,0,0,1],"texture":"#1"},"east":{"uv":[1,0,0,1],"texture":"#1"},"south":{"uv":[1,0,0,1],"texture":"#1"},"west":{"uv":[1,0,0,1],"texture":"#1"},"up":{"uv":[0,1,1,0],"rotation":90,"texture":"#1"},"down":{"uv":[0,1,1,0],"rotation":270,"texture":"#1"}}},{"name":"octagon","from":[16.57794,3.52813,3.79902],"to":[18.62206,4.47776,12.20098],"rotation":{"angle":0,"axis":"y","origin":[8.48,3.61894,8]},"faces":{"north":{"uv":[1,0,0,1],"texture":"#1"},"east":{"uv":[1,0,0,1],"texture":"#1"},"south":{"uv":[1,0,0,1],"texture":"#1"},"west":{"uv":[1,0,0,1],"texture":"#1"},"up":{"uv":[0,1,1,0],"rotation":90,"texture":"#1"},"down":{"uv":[0,1,1,0],"rotation":270,"texture":"#1"}}},{"name":"octagon","from":[16.57794,3.52813,3.79902],"to":[18.62206,4.47776,5.48098],"rotation":{"angle":-45,"axis":"y","origin":[8.48,3.61894,8]},"faces":{"north":{"uv":[1,0,0,1],"texture":"#1"},"east":{"uv":[1,0,0,1],"texture":"#1"},"south":{"uv":[1,0,0,1],"texture":"#1"},"west":{"uv":[1,0,0,1],"texture":"#1"},"up":{"uv":[0,1,1,0],"rotation":90,"texture":"#1"},"down":{"uv":[0,1,1,0],"rotation":270,"texture":"#1"}}},{"name":"octagon","from":[-2.62206,3.52813,3.79902],"to":[-0.57794,4.47776,5.48098],"rotation":{"angle":45,"axis":"y","origin":[7.52,3.61894,8]},"faces":{"north":{"uv":[0,0,1,1],"texture":"#1"},"east":{"uv":[0,0,1,1],"texture":"#1"},"south":{"uv":[0,0,1,1],"texture":"#1"},"west":{"uv":[0,0,1,1],"texture":"#1"},"up":{"uv":[1,1,0,0],"rotation":90,"texture":"#1"},"down":{"uv":[1,1,0,0],"rotation":270,"texture":"#1"}}},{"name":"octagon","from":[-2.62206,3.52813,3.79902],"to":[-0.57794,4.47776,12.20098],"rotation":{"angle":0,"axis":"y","origin":[7.52,3.61894,8]},"faces":{"north":{"uv":[0,0,1,1],"texture":"#1"},"east":{"uv":[0,0,1,1],"texture":"#1"},"south":{"uv":[0,0,1,1],"texture":"#1"},"west":{"uv":[0,0,1,1],"texture":"#1"},"up":{"uv":[1,1,0,0],"rotation":90,"texture":"#1"},"down":{"uv":[1,1,0,0],"rotation":270,"texture":"#1"}}},{"name":"octagon","from":[3.31902,3.48013,-2.14206],"to":[5.00098,4.47776,-0.09794],"rotation":{"angle":45,"axis":"y","origin":[7.52,3.61894,8]},"faces":{"north":{"uv":[0,0,1,1],"texture":"#1"},"east":{"uv":[0,0,1,1],"texture":"#1"},"south":{"uv":[0,0,1,1],"texture":"#1"},"west":{"uv":[0,0,1,1],"texture":"#1"},"up":{"uv":[1,1,0,0],"rotation":90,"texture":"#1"},"down":{"uv":[1,1,0,0],"rotation":270,"texture":"#1"}}},{"name":"octagon","from":[4.11002,3.91373,8.61705],"to":[8.52998,5.05687,14.12073],"rotation":{"angle":0,"axis":"y","origin":[8,5.13331,4.4576]},"faces":{"north":{"uv":[0,0,4.57912,1.06577],"texture":"#3"},"east":{"uv":[0,0,4.483,1.06577],"texture":"#3"},"south":{"uv":[0,0,4.57912,1.06577],"texture":"#3"},"west":{"uv":[0,0,4.483,1.06577],"texture":"#3"},"up":{"uv":[0,0,4.57912,4.483],"texture":"#3"},"down":{"uv":[0,0,4.57912,4.483],"texture":"#3"}}},{"name":"octagon","from":[6.94202,5.40173,8.61705],"to":[8.52998,9.25687,14.12073],"rotation":{"angle":0,"axis":"y","origin":[8,5.90131,4.4576]},"faces":{"north":{"uv":[0,0,4.57912,1.06577],"texture":"#3"},"east":{"uv":[0,0,4.483,1.06577],"texture":"#3"},"south":{"uv":[0,0,4.57912,1.06577],"texture":"#3"},"west":{"uv":[0,0,4.483,1.06577],"texture":"#3"},"up":{"uv":[0,0,4.57912,4.483],"texture":"#3"},"down":{"uv":[0,0,4.57912,4.483],"texture":"#3"}}},{"name":"octagon","from":[4.23087,4.77685,14.43606],"to":[11.77086,8.79029,15.30006],"rotation":{"angle":0,"axis":"y","origin":[8.00088,3.69242,5.96959]},"faces":{"north":{"uv":[0,0,1,1],"texture":"#1"},"east":{"uv":[0,0,1,1],"texture":"#1"},"south":{"uv":[0,0,1,1],"texture":"#1"},"west":{"uv":[0,0,1,1],"texture":"#1"},"up":{"uv":[0,0,1,1],"texture":"#1"},"down":{"uv":[0,0,1,1],"texture":"#1"}}},{"name":"octagon","from":[5.55705,4.1846,-0.89173],"to":[10.44295,6.18319,0.19472],"rotation":{"angle":22.5,"axis":"x","origin":[8,5.08685,5.65208]},"faces":{"north":{"uv":[16,0,0,8],"texture":"#2"},"east":{"uv":[1,0,0,1],"texture":"#2"},"south":{"uv":[1,0,0,1],"texture":"#2"},"west":{"uv":[1,0,0,1],"texture":"#2"},"up":{"uv":[0,1,1,0],"texture":"#2"},"down":{"uv":[0,1,1,0],"texture":"#2"}}},{"name":"octagon","from":[4.60702,2.42156,-0.51953],"to":[11.39298,6.72495,0.98942],"rotation":{"angle":0,"axis":"y","origin":[8,4.12397,8.56909]},"faces":{"north":{"uv":[6.1,10.1,6.9,10.9],"texture":"#4"},"east":{"uv":[6.1,10.1,6.9,10.9],"texture":"#4"},"south":{"uv":[6.1,10.1,6.9,10.9],"texture":"#4"},"west":{"uv":[6.1,10.1,6.9,10.9],"texture":"#4"},"up":{"uv":[6.1,10.1,6.9,10.9],"texture":"#4"},"down":{"uv":[6.1,10.1,6.9,10.9],"texture":"#4"}}},{"name":"octagon","from":[5.55705,3.65904,-0.73889],"to":[10.44295,6.75748,0.34755],"rotation":{"angle":0,"axis":"y","origin":[8,4.88478,5.80492]},"faces":{"north":{"uv":[16,8,0,16],"texture":"#2"},"east":{"uv":[1,0,0,1],"texture":"#2"},"south":{"uv":[1,0,0,1],"texture":"#2"},"west":{"uv":[1,0,0,1],"texture":"#2"},"up":{"uv":[0,1,1,0],"texture":"#2"},"down":{"uv":[0,1,1,0],"texture":"#2"}}},{"name":"octagon","from":[-2.63895,3.54125,5.09222],"to":[-0.51305,4.52887,5.33222],"rotation":{"angle":45,"axis":"y","origin":[7.9088,3.63571,7.952]},"faces":{"north":{"uv":[0,0,1,1],"texture":"#0"},"east":{"uv":[0,0,1,1],"texture":"#0"},"south":{"uv":[0,0,1,1],"texture":"#0"},"west":{"uv":[0,0,1,1],"texture":"#0"},"up":{"uv":[1,1,0,0],"rotation":90,"texture":"#0"},"down":{"uv":[1,1,0,0],"rotation":270,"texture":"#0"}}},{"name":"octagon","from":[-2.6176,3.53047,10.86042],"to":[-1.8117,4.51809,11.10042],"rotation":{"angle":45,"axis":"y","origin":[7.88215,3.62492,7.9602]},"faces":{"north":{"uv":[0,0,1,1],"texture":"#0"},"east":{"uv":[0,0,1,1],"texture":"#0"},"south":{"uv":[0,0,1,1],"texture":"#0"},"west":{"uv":[0,0,1,1],"texture":"#0"},"up":{"uv":[1,1,0,0],"rotation":90,"texture":"#0"},"down":{"uv":[1,1,0,0],"rotation":270,"texture":"#0"}}},{"name":"octagon","from":[-2.63895,3.54125,10.66778],"to":[-0.51305,4.52887,10.90778],"rotation":{"angle":-45,"axis":"y","origin":[7.9088,3.63571,8.048]},"faces":{"north":{"uv":[1,0,0,1],"texture":"#0"},"east":{"uv":[1,0,0,1],"texture":"#0"},"south":{"uv":[1,0,0,1],"texture":"#0"},"west":{"uv":[1,0,0,1],"texture":"#0"},"up":{"uv":[1,0,0,1],"rotation":90,"texture":"#0"},"down":{"uv":[1,0,0,1],"rotation":270,"texture":"#0"}}},{"name":"octagon","from":[-2.6176,3.53047,4.89958],"to":[-1.8117,4.51809,5.13958],"rotation":{"angle":-45,"axis":"y","origin":[7.88215,3.62492,8.0398]},"faces":{"north":{"uv":[1,0,0,1],"texture":"#0"},"east":{"uv":[1,0,0,1],"texture":"#0"},"south":{"uv":[1,0,0,1],"texture":"#0"},"west":{"uv":[1,0,0,1],"texture":"#0"},"up":{"uv":[1,0,0,1],"rotation":90,"texture":"#0"},"down":{"uv":[1,0,0,1],"rotation":270,"texture":"#0"}}},{"name":"octagon","from":[16.51305,3.54125,10.66778],"to":[18.63895,4.52887,10.90778],"rotation":{"angle":45,"axis":"y","origin":[8.0912,3.63571,8.048]},"faces":{"north":{"uv":[0,0,1,1],"texture":"#0"},"east":{"uv":[0,0,1,1],"texture":"#0"},"south":{"uv":[0,0,1,1],"texture":"#0"},"west":{"uv":[0,0,1,1],"texture":"#0"},"up":{"uv":[0,0,1,1],"rotation":90,"texture":"#0"},"down":{"uv":[0,0,1,1],"rotation":270,"texture":"#0"}}},{"name":"octagon","from":[17.8117,3.53047,4.89958],"to":[18.6176,4.51809,5.13958],"rotation":{"angle":45,"axis":"y","origin":[8.11785,3.62492,8.0398]},"faces":{"north":{"uv":[0,0,1,1],"texture":"#0"},"east":{"uv":[0,0,1,1],"texture":"#0"},"south":{"uv":[0,0,1,1],"texture":"#0"},"west":{"uv":[0,0,1,1],"texture":"#0"},"up":{"uv":[0,0,1,1],"rotation":90,"texture":"#0"},"down":{"uv":[0,0,1,1],"rotation":270,"texture":"#0"}}},{"name":"octagon","from":[17.8117,3.53047,10.86042],"to":[18.6176,4.51809,11.10042],"rotation":{"angle":-45,"axis":"y","origin":[8.11785,3.62492,7.9602]},"faces":{"north":{"uv":[1,0,0,1],"texture":"#0"},"east":{"uv":[1,0,0,1],"texture":"#0"},"south":{"uv":[1,0,0,1],"texture":"#0"},"west":{"uv":[1,0,0,1],"texture":"#0"},"up":{"uv":[0,1,1,0],"rotation":90,"texture":"#0"},"down":{"uv":[0,1,1,0],"rotation":270,"texture":"#0"}}},{"name":"octagon","from":[16.51305,3.54125,5.09222],"to":[18.63895,4.52887,5.33222],"rotation":{"angle":-45,"axis":"y","origin":[8.0912,3.63571,7.952]},"faces":{"north":{"uv":[1,0,0,1],"texture":"#0"},"east":{"uv":[1,0,0,1],"texture":"#0"},"south":{"uv":[1,0,0,1],"texture":"#0"},"west":{"uv":[1,0,0,1],"texture":"#0"},"up":{"uv":[0,1,1,0],"rotation":90,"texture":"#0"},"down":{"uv":[0,1,1,0],"rotation":270,"texture":"#0"}}},{"name":"octagon","from":[4.23087,4.77685,15.30006],"to":[11.77086,7.15829,15.56406],"rotation":{"angle":0,"axis":"y","origin":[8.00088,3.69242,6.83359]},"faces":{"north":{"uv":[0,0,1,1],"texture":"#1"},"east":{"uv":[0,0,1,1],"texture":"#1"},"south":{"uv":[0,0,1,1],"texture":"#1"},"west":{"uv":[0,0,1,1],"texture":"#1"},"up":{"uv":[0,0,1,1],"texture":"#1"},"down":{"uv":[0,0,1,1],"texture":"#1"}}},{"name":"octagon","from":[4.23002,1.80173,-0.30135],"to":[11.76998,6.58327,1.39927],"rotation":{"angle":0,"axis":"y","origin":[8,3.69331,9.79712]},"faces":{"north":{"uv":[1,0,0,1],"texture":"#1"},"east":{"uv":[1,0,0,1],"texture":"#1"},"south":{"uv":[1,0,0,1],"texture":"#1"},"west":{"uv":[1,0,0,1],"texture":"#1"},"up":{"uv":[0,1,1,0],"texture":"#1"},"down":{"uv":[0,1,1,0],"texture":"#1"}}},{"name":"octagon","from":[4.23002,8.79114,0.87895],"to":[11.76998,9.43275,1.56394],"rotation":{"angle":0,"axis":"y","origin":[8,10.18351,10.84979]},"faces":{"north":{"uv":[1,0,0,1],"texture":"#1"},"east":{"uv":[1,0,0,1],"texture":"#1"},"south":{"uv":[1,0,0,1],"texture":"#1"},"west":{"uv":[1,0,0,1],"texture":"#1"},"up":{"uv":[0,1,1,0],"texture":"#1"},"down":{"uv":[0,1,1,0],"texture":"#1"}}},{"name":"octagon","from":[4.60702,3.15149,-0.7318],"to":[11.39298,5.92732,0.20114],"rotation":{"angle":22.5,"axis":"x","origin":[8,4.40462,8.35681]},"faces":{"north":{"uv":[6.1,10.1,6.9,10.9],"texture":"#4"},"east":{"uv":[6.1,10.1,6.9,10.9],"texture":"#4"},"south":{"uv":[6.1,10.1,6.9,10.9],"texture":"#4"},"west":{"uv":[6.1,10.1,6.9,10.9],"texture":"#4"},"up":{"uv":[6.1,10.1,6.9,10.9],"texture":"#4"},"down":{"uv":[6.1,10.1,6.9,10.9],"texture":"#4"}}},{"name":"octagon","from":[4.23087,4.77685,0.69994],"to":[11.77086,8.79029,1.56394],"rotation":{"angle":0,"axis":"y","origin":[8.00088,3.69242,10.03041]},"faces":{"north":{"uv":[1,0,0,1],"texture":"#1"},"east":{"uv":[1,0,0,1],"texture":"#1"},"south":{"uv":[1,0,0,1],"texture":"#1"},"west":{"uv":[1,0,0,1],"texture":"#1"},"up":{"uv":[0,1,1,0],"texture":"#1"},"down":{"uv":[0,1,1,0],"texture":"#1"}}},{"name":"octagon","from":[4.23002,2.61277,-0.53721],"to":[11.76998,5.69703,0.1794],"rotation":{"angle":22.5,"axis":"x","origin":[8,4.00513,9.56126]},"faces":{"north":{"uv":[1,0,0,1],"texture":"#1"},"east":{"uv":[1,0,0,1],"texture":"#1"},"south":{"uv":[1,0,0,1],"texture":"#1"},"west":{"uv":[1,0,0,1],"texture":"#1"},"up":{"uv":[0,1,1,0],"texture":"#1"},"down":{"uv":[0,1,1,0],"texture":"#1"}}},{"name":"octagon","from":[4.23087,4.77685,0.43594],"to":[11.77086,7.15829,0.69994],"rotation":{"angle":0,"axis":"y","origin":[8.00088,3.69242,9.16641]},"faces":{"north":{"uv":[1,0,0,1],"texture":"#1"},"east":{"uv":[1,0,0,1],"texture":"#1"},"south":{"uv":[1,0,0,1],"texture":"#1"},"west":{"uv":[1,0,0,1],"texture":"#1"},"up":{"uv":[0,1,1,0],"texture":"#1"},"down":{"uv":[0,1,1,0],"texture":"#1"}}},{"name":"octagon","from":[6.94202,5.40173,1.87927],"to":[8.52998,9.25687,7.38295],"rotation":{"angle":0,"axis":"y","origin":[8,5.90131,11.5424]},"faces":{"north":{"uv":[4.57912,0,0,1.06577],"texture":"#3"},"east":{"uv":[4.483,0,0,1.06577],"texture":"#3"},"south":{"uv":[4.57912,0,0,1.06577],"texture":"#3"},"west":{"uv":[4.483,0,0,1.06577],"texture":"#3"},"up":{"uv":[0,4.483,4.57912,0],"texture":"#3"},"down":{"uv":[0,4.483,4.57912,0],"texture":"#3"}}},{"name":"octagon","from":[4.11002,3.91373,1.87927],"to":[8.52998,5.05687,7.38295],"rotation":{"angle":0,"axis":"y","origin":[8,5.13331,11.5424]},"faces":{"north":{"uv":[4.57912,0,0,1.06577],"texture":"#3"},"east":{"uv":[4.483,0,0,1.06577],"texture":"#3"},"south":{"uv":[4.57912,0,0,1.06577],"texture":"#3"},"west":{"uv":[4.483,0,0,1.06577],"texture":"#3"},"up":{"uv":[0,4.483,4.57912,0],"texture":"#3"},"down":{"uv":[0,4.483,4.57912,0],"texture":"#3"}}},{"name":"octagon","from":[7.47002,5.40173,8.61705],"to":[9.05798,9.25687,14.12073],"rotation":{"angle":0,"axis":"y","origin":[8,5.90131,4.4576]},"faces":{"north":{"uv":[4.57912,0,0,1.06577],"texture":"#3"},"east":{"uv":[4.483,0,0,1.06577],"texture":"#3"},"south":{"uv":[4.57912,0,0,1.06577],"texture":"#3"},"west":{"uv":[4.483,0,0,1.06577],"texture":"#3"},"up":{"uv":[4.57912,0,0,4.483],"texture":"#3"},"down":{"uv":[4.57912,0,0,4.483],"texture":"#3"}}},{"name":"octagon","from":[7.47002,5.40173,1.87927],"to":[9.05798,9.25687,7.38295],"rotation":{"angle":0,"axis":"y","origin":[8,5.90131,11.5424]},"faces":{"north":{"uv":[0,0,4.57912,1.06577],"texture":"#3"},"east":{"uv":[0,0,4.483,1.06577],"texture":"#3"},"south":{"uv":[0,0,4.57912,1.06577],"texture":"#3"},"west":{"uv":[0,0,4.483,1.06577],"texture":"#3"},"up":{"uv":[4.57912,4.483,0,0],"texture":"#3"},"down":{"uv":[4.57912,4.483,0,0],"texture":"#3"}}},{"name":"octagon","from":[7.47002,3.91373,1.87927],"to":[11.88998,5.05687,7.38295],"rotation":{"angle":0,"axis":"y","origin":[8,5.13331,11.5424]},"faces":{"north":{"uv":[0,0,4.57912,1.06577],"texture":"#3"},"east":{"uv":[0,0,4.483,1.06577],"texture":"#3"},"south":{"uv":[0,0,4.57912,1.06577],"texture":"#3"},"west":{"uv":[0,0,4.483,1.06577],"texture":"#3"},"up":{"uv":[4.57912,4.483,0,0],"texture":"#3"},"down":{"uv":[4.57912,4.483,0,0],"texture":"#3"}}},{"name":"octagon","from":[7.47002,3.91373,8.61705],"to":[11.88998,5.05687,14.12073],"rotation":{"angle":0,"axis":"y","origin":[8,5.13331,4.4576]},"faces":{"north":{"uv":[4.57912,0,0,1.06577],"texture":"#3"},"east":{"uv":[4.483,0,0,1.06577],"texture":"#3"},"south":{"uv":[4.57912,0,0,1.06577],"texture":"#3"},"west":{"uv":[4.483,0,0,1.06577],"texture":"#3"},"up":{"uv":[4.57912,0,0,4.483],"texture":"#3"},"down":{"uv":[4.57912,0,0,4.483],"texture":"#3"}}},{"name":"octagon","from":[3.4579,2.35213,16.05949],"to":[5.46843,3.51776,19.4456],"rotation":{"angle":45,"axis":"y","origin":[8,2.56294,8.48]},"faces":{"north":{"uv":[6.1,10.1,6.9,10.9],"texture":"#4"},"east":{"uv":[6.1,10.1,6.9,10.9],"texture":"#4"},"south":{"uv":[6.1,10.1,6.9,10.9],"texture":"#4"},"west":{"uv":[6.1,10.1,6.9,10.9],"texture":"#4"},"up":{"uv":[6.1,10.1,6.9,10.9],"texture":"#4"},"down":{"uv":[6.1,10.1,6.9,10.9],"texture":"#4"}}},{"name":"octagon","from":[3.4579,2.35213,17.23549],"to":[12.5421,3.51776,19.4456],"rotation":{"angle":0,"axis":"y","origin":[8,2.56294,8.48]},"faces":{"north":{"uv":[6.1,10.1,6.9,10.9],"texture":"#4"},"east":{"uv":[6.1,10.1,6.9,10.9],"texture":"#4"},"south":{"uv":[6.1,10.1,6.9,10.9],"texture":"#4"},"west":{"uv":[6.1,10.1,6.9,10.9],"texture":"#4"},"up":{"uv":[6.1,10.1,6.9,10.9],"texture":"#4"},"down":{"uv":[6.1,10.1,6.9,10.9],"texture":"#4"}}},{"name":"octagon","from":[-2.9656,2.35213,10.98757],"to":[0.44451,3.51776,13.0221],"rotation":{"angle":45,"axis":"y","origin":[8,2.56294,8.48]},"faces":{"north":{"uv":[6.1,10.1,6.9,10.9],"texture":"#4"},"east":{"uv":[6.1,10.1,6.9,10.9],"texture":"#4"},"south":{"uv":[6.1,10.1,6.9,10.9],"texture":"#4"},"west":{"uv":[6.1,10.1,6.9,10.9],"texture":"#4"},"up":{"uv":[6.1,10.1,6.9,10.9],"texture":"#4"},"down":{"uv":[6.1,10.1,6.9,10.9],"texture":"#4"}}},{"name":"octagon","from":[3.4579,2.35213,-3.4456],"to":[12.5421,3.51776,-1.23549],"rotation":{"angle":0,"axis":"y","origin":[8,2.56294,7.52]},"faces":{"north":{"uv":[6.1,10.1,6.9,10.9],"texture":"#4"},"east":{"uv":[6.1,10.1,6.9,10.9],"texture":"#4"},"south":{"uv":[6.1,10.1,6.9,10.9],"texture":"#4"},"west":{"uv":[6.1,10.1,6.9,10.9],"texture":"#4"},"up":{"uv":[6.1,10.1,6.9,10.9],"texture":"#4"},"down":{"uv":[6.1,10.1,6.9,10.9],"texture":"#4"}}},{"name":"octagon","from":[-2.9656,2.35213,2.9779],"to":[0.44451,3.51776,5.01243],"rotation":{"angle":-45,"axis":"y","origin":[8,2.56294,7.52]},"faces":{"north":{"uv":[6.1,10.1,6.9,10.9],"texture":"#4"},"east":{"uv":[6.1,10.1,6.9,10.9],"texture":"#4"},"south":{"uv":[6.1,10.1,6.9,10.9],"texture":"#4"},"west":{"uv":[6.1,10.1,6.9,10.9],"texture":"#4"},"up":{"uv":[6.1,10.1,6.9,10.9],"texture":"#4"},"down":{"uv":[6.1,10.1,6.9,10.9],"texture":"#4"}}},{"name":"octagon","from":[3.4579,2.35213,-3.4456],"to":[5.46843,3.51776,-0.05949],"rotation":{"angle":-45,"axis":"y","origin":[8,2.56294,7.52]},"faces":{"north":{"uv":[6.1,10.1,6.9,10.9],"texture":"#4"},"east":{"uv":[6.1,10.1,6.9,10.9],"texture":"#4"},"south":{"uv":[6.1,10.1,6.9,10.9],"texture":"#4"},"west":{"uv":[6.1,10.1,6.9,10.9],"texture":"#4"},"up":{"uv":[6.1,10.1,6.9,10.9],"texture":"#4"},"down":{"uv":[6.1,10.1,6.9,10.9],"texture":"#4"}}},{"name":"octagon","from":[17.23549,2.35213,3.4579],"to":[19.4456,3.51776,12.5421],"rotation":{"angle":0,"axis":"y","origin":[8.48,2.56294,8]},"faces":{"north":{"uv":[6.1,10.1,6.9,10.9],"texture":"#4"},"east":{"uv":[6.1,10.1,6.9,10.9],"texture":"#4"},"south":{"uv":[6.1,10.1,6.9,10.9],"texture":"#4"},"west":{"uv":[6.1,10.1,6.9,10.9],"texture":"#4"},"up":{"uv":[6.1,10.1,6.9,10.9],"texture":"#4"},"down":{"uv":[6.1,10.1,6.9,10.9],"texture":"#4"}}},{"name":"octagon","from":[10.98757,2.35213,-2.9656],"to":[13.0221,3.51776,0.44451],"rotation":{"angle":-45,"axis":"y","origin":[8.48,2.56294,8]},"faces":{"north":{"uv":[6.1,10.1,6.9,10.9],"texture":"#4"},"east":{"uv":[6.1,10.1,6.9,10.9],"texture":"#4"},"south":{"uv":[6.1,10.1,6.9,10.9],"texture":"#4"},"west":{"uv":[6.1,10.1,6.9,10.9],"texture":"#4"},"up":{"uv":[6.1,10.1,6.9,10.9],"texture":"#4"},"down":{"uv":[6.1,10.1,6.9,10.9],"texture":"#4"}}},{"name":"octagon","from":[16.05949,2.35213,3.4579],"to":[19.4456,3.51776,5.46843],"rotation":{"angle":-45,"axis":"y","origin":[8.48,2.56294,8]},"faces":{"north":{"uv":[6.1,10.1,6.9,10.9],"texture":"#4"},"east":{"uv":[6.1,10.1,6.9,10.9],"texture":"#4"},"south":{"uv":[6.1,10.1,6.9,10.9],"texture":"#4"},"west":{"uv":[6.1,10.1,6.9,10.9],"texture":"#4"},"up":{"uv":[6.1,10.1,6.9,10.9],"texture":"#4"},"down":{"uv":[6.1,10.1,6.9,10.9],"texture":"#4"}}},{"name":"octagon","from":[-3.4456,2.35213,3.4579],"to":[-0.05949,3.51776,5.46843],"rotation":{"angle":45,"axis":"y","origin":[7.52,2.56294,8]},"faces":{"north":{"uv":[6.1,10.1,6.9,10.9],"texture":"#4"},"east":{"uv":[6.1,10.1,6.9,10.9],"texture":"#4"},"south":{"uv":[6.1,10.1,6.9,10.9],"texture":"#4"},"west":{"uv":[6.1,10.1,6.9,10.9],"texture":"#4"},"up":{"uv":[6.1,10.1,6.9,10.9],"texture":"#4"},"down":{"uv":[6.1,10.1,6.9,10.9],"texture":"#4"}}},{"name":"octagon","from":[-3.4456,2.35213,3.4579],"to":[-1.23549,3.51776,12.5421],"rotation":{"angle":0,"axis":"y","origin":[7.52,2.56294,8]},"faces":{"north":{"uv":[6.1,10.1,6.9,10.9],"texture":"#4"},"east":{"uv":[6.1,10.1,6.9,10.9],"texture":"#4"},"south":{"uv":[6.1,10.1,6.9,10.9],"texture":"#4"},"west":{"uv":[6.1,10.1,6.9,10.9],"texture":"#4"},"up":{"uv":[6.1,10.1,6.9,10.9],"texture":"#4"},"down":{"uv":[6.1,10.1,6.9,10.9],"texture":"#4"}}},{"name":"octagon","from":[2.9779,2.35213,-2.9656],"to":[5.01243,3.51776,0.44451],"rotation":{"angle":45,"axis":"y","origin":[7.52,2.56294,8]},"faces":{"north":{"uv":[6.1,10.1,6.9,10.9],"texture":"#4"},"east":{"uv":[6.1,10.1,6.9,10.9],"texture":"#4"},"south":{"uv":[6.1,10.1,6.9,10.9],"texture":"#4"},"west":{"uv":[6.1,10.1,6.9,10.9],"texture":"#4"},"up":{"uv":[6.1,10.1,6.9,10.9],"texture":"#4"},"down":{"uv":[6.1,10.1,6.9,10.9],"texture":"#4"}}},{"name":"octagon","from":[-3.49542,2.31821,5.07917],"to":[0.02613,3.53047,5.31917],"rotation":{"angle":45,"axis":"y","origin":[7.9088,2.53747,7.952]},"faces":{"north":{"uv":[0,0,1,1],"texture":"#0"},"east":{"uv":[0,0,1,1],"texture":"#0"},"south":{"uv":[0,0,1,1],"texture":"#0"},"west":{"uv":[0,0,1,1],"texture":"#0"},"up":{"uv":[1,1,0,0],"rotation":90,"texture":"#0"},"down":{"uv":[1,1,0,0],"rotation":270,"texture":"#0"}}},{"name":"octagon","from":[-3.44742,2.31821,10.83917],"to":[-0.18987,3.53047,11.07917],"rotation":{"angle":45,"axis":"y","origin":[7.9088,2.53747,7.952]},"faces":{"north":{"uv":[0,0,1,1],"texture":"#0"},"east":{"uv":[0,0,1,1],"texture":"#0"},"south":{"uv":[0,0,1,1],"texture":"#0"},"west":{"uv":[0,0,1,1],"texture":"#0"},"up":{"uv":[1,1,0,0],"rotation":90,"texture":"#0"},"down":{"uv":[1,1,0,0],"rotation":270,"texture":"#0"}}},{"name":"octagon","from":[-3.49542,2.31821,10.68083],"to":[0.02613,3.53047,10.92083],"rotation":{"angle":-45,"axis":"y","origin":[7.9088,2.53747,8.048]},"faces":{"north":{"uv":[1,0,0,1],"texture":"#0"},"east":{"uv":[1,0,0,1],"texture":"#0"},"south":{"uv":[1,0,0,1],"texture":"#0"},"west":{"uv":[1,0,0,1],"texture":"#0"},"up":{"uv":[1,0,0,1],"rotation":90,"texture":"#0"},"down":{"uv":[1,0,0,1],"rotation":270,"texture":"#0"}}},{"name":"octagon","from":[-3.44742,2.31821,4.92083],"to":[-0.18987,3.53047,5.16083],"rotation":{"angle":-45,"axis":"y","origin":[7.9088,2.53747,8.048]},"faces":{"north":{"uv":[1,0,0,1],"texture":"#0"},"east":{"uv":[1,0,0,1],"texture":"#0"},"south":{"uv":[1,0,0,1],"texture":"#0"},"west":{"uv":[1,0,0,1],"texture":"#0"},"up":{"uv":[1,0,0,1],"rotation":90,"texture":"#0"},"down":{"uv":[1,0,0,1],"rotation":270,"texture":"#0"}}},{"name":"octagon","from":[15.97387,2.31821,10.68083],"to":[19.49542,3.53047,10.92083],"rotation":{"angle":45,"axis":"y","origin":[8.0912,2.53747,8.048]},"faces":{"north":{"uv":[0,0,1,1],"texture":"#0"},"east":{"uv":[0,0,1,1],"texture":"#0"},"south":{"uv":[0,0,1,1],"texture":"#0"},"west":{"uv":[0,0,1,1],"texture":"#0"},"up":{"uv":[0,0,1,1],"rotation":90,"texture":"#0"},"down":{"uv":[0,0,1,1],"rotation":270,"texture":"#0"}}},{"name":"octagon","from":[16.18987,2.31821,4.92083],"to":[19.44742,3.53047,5.16083],"rotation":{"angle":45,"axis":"y","origin":[8.0912,2.53747,8.048]},"faces":{"north":{"uv":[0,0,1,1],"texture":"#0"},"east":{"uv":[0,0,1,1],"texture":"#0"},"south":{"uv":[0,0,1,1],"texture":"#0"},"west":{"uv":[0,0,1,1],"texture":"#0"},"up":{"uv":[0,0,1,1],"rotation":90,"texture":"#0"},"down":{"uv":[0,0,1,1],"rotation":270,"texture":"#0"}}},{"name":"octagon","from":[16.18987,2.31821,10.83917],"to":[19.44742,3.53047,11.07917],"rotation":{"angle":-45,"axis":"y","origin":[8.0912,2.53747,7.952]},"faces":{"north":{"uv":[1,0,0,1],"texture":"#0"},"east":{"uv":[1,0,0,1],"texture":"#0"},"south":{"uv":[1,0,0,1],"texture":"#0"},"west":{"uv":[1,0,0,1],"texture":"#0"},"up":{"uv":[0,1,1,0],"rotation":90,"texture":"#0"},"down":{"uv":[0,1,1,0],"rotation":270,"texture":"#0"}}},{"name":"octagon","from":[15.97387,2.31821,5.07917],"to":[19.49542,3.53047,5.31917],"rotation":{"angle":-45,"axis":"y","origin":[8.0912,2.53747,7.952]},"faces":{"north":{"uv":[1,0,0,1],"texture":"#0"},"east":{"uv":[1,0,0,1],"texture":"#0"},"south":{"uv":[1,0,0,1],"texture":"#0"},"west":{"uv":[1,0,0,1],"texture":"#0"},"up":{"uv":[0,1,1,0],"rotation":90,"texture":"#0"},"down":{"uv":[0,1,1,0],"rotation":270,"texture":"#0"}}},{"name":"octagon","from":[-3.50651,2.35213,3.36706],"to":[-0.05268,2.65376,5.4178],"rotation":{"angle":45,"axis":"y","origin":[7.6784,2.56294,8]},"faces":{"north":{"uv":[0,0,1,1],"texture":"#0"},"east":{"uv":[0,0,1,1],"texture":"#0"},"south":{"uv":[0,0,1,1],"texture":"#0"},"west":{"uv":[0,0,1,1],"texture":"#0"},"up":{"uv":[1,1,0,0],"rotation":90,"texture":"#0"},"down":{"uv":[1,1,0,0],"rotation":270,"texture":"#0"}}},{"name":"octagon","from":[-3.50651,2.35213,3.36706],"to":[-1.2522,2.65376,12.63294],"rotation":{"angle":0,"axis":"y","origin":[7.6784,2.56294,8]},"faces":{"north":{"uv":[0,0,1,1],"texture":"#0"},"east":{"uv":[0,0,1,1],"texture":"#0"},"south":{"uv":[0,0,1,1],"texture":"#0"},"west":{"uv":[0,0,1,1],"texture":"#0"},"up":{"uv":[1,1,0,0],"rotation":90,"texture":"#0"},"down":{"uv":[1,1,0,0],"rotation":270,"texture":"#0"}}},{"name":"octagon","from":[3.04546,2.35213,-3.18491],"to":[5.12068,2.65376,0.2934],"rotation":{"angle":45,"axis":"y","origin":[7.6784,2.56294,8]},"faces":{"north":{"uv":[0,0,1,1],"texture":"#0"},"east":{"uv":[0,0,1,1],"texture":"#0"},"south":{"uv":[0,0,1,1],"texture":"#0"},"west":{"uv":[0,0,1,1],"texture":"#0"},"up":{"uv":[1,1,0,0],"rotation":90,"texture":"#0"},"down":{"uv":[1,1,0,0],"rotation":270,"texture":"#0"}}},{"name":"octagon","from":[10.87932,2.35213,-3.18491],"to":[12.95454,2.65376,0.2934],"rotation":{"angle":-45,"axis":"y","origin":[8.3216,2.56294,8]},"faces":{"north":{"uv":[1,0,0,1],"texture":"#0"},"east":{"uv":[1,0,0,1],"texture":"#0"},"south":{"uv":[1,0,0,1],"texture":"#0"},"west":{"uv":[1,0,0,1],"texture":"#0"},"up":{"uv":[0,1,1,0],"rotation":90,"texture":"#0"},"down":{"uv":[0,1,1,0],"rotation":270,"texture":"#0"}}},{"name":"octagon","from":[17.2522,2.35213,3.36706],"to":[19.50651,2.65376,12.63294],"rotation":{"angle":0,"axis":"y","origin":[8.3216,2.56294,8]},"faces":{"north":{"uv":[1,0,0,1],"texture":"#0"},"east":{"uv":[1,0,0,1],"texture":"#0"},"south":{"uv":[1,0,0,1],"texture":"#0"},"west":{"uv":[1,0,0,1],"texture":"#0"},"up":{"uv":[0,1,1,0],"rotation":90,"texture":"#0"},"down":{"uv":[0,1,1,0],"rotation":270,"texture":"#0"}}},{"name":"octagon","from":[16.05268,2.35213,3.36706],"to":[19.50651,2.65376,5.4178],"rotation":{"angle":-45,"axis":"y","origin":[8.3216,2.56294,8]},"faces":{"north":{"uv":[1,0,0,1],"texture":"#0"},"east":{"uv":[1,0,0,1],"texture":"#0"},"south":{"uv":[1,0,0,1],"texture":"#0"},"west":{"uv":[1,0,0,1],"texture":"#0"},"up":{"uv":[0,1,1,0],"rotation":90,"texture":"#0"},"down":{"uv":[0,1,1,0],"rotation":270,"texture":"#0"}}},{"name":"octagon","from":[4.1351,3.52108,15.9301],"to":[5.4905,4.94674,17.8107],"rotation":{"angle":45,"axis":"y","origin":[8,4.15663,8.48]},"faces":{"north":{"uv":[0,0,1,1],"texture":"#1"},"east":{"uv":[0,0,1,1],"texture":"#1"},"south":{"uv":[0,0,1,1],"texture":"#1"},"west":{"uv":[0,0,1,1],"texture":"#1"},"up":{"uv":[0,0,1,1],"texture":"#1"},"down":{"uv":[0,0,1,1],"texture":"#1"}}},{"name":"octagon","from":[4.1351,4.43308,15.9301],"to":[11.8649,4.94674,17.8107],"rotation":{"angle":0,"axis":"y","origin":[8,4.15663,8.48]},"faces":{"north":{"uv":[0,0,1,1],"texture":"#1"},"east":{"uv":[0,0,1,1],"texture":"#1"},"south":{"uv":[0,0,1,1],"texture":"#1"},"west":{"uv":[0,0,1,1],"texture":"#1"},"up":{"uv":[0,0,1,1],"texture":"#1"},"down":{"uv":[0,0,1,1],"texture":"#1"}}},{"name":"octagon","from":[-1.3307,3.23308,10.9895],"to":[0.5499,4.94674,12.3449],"rotation":{"angle":45,"axis":"y","origin":[8,4.15663,8.48]},"faces":{"north":{"uv":[0,0,1,1],"texture":"#1"},"east":{"uv":[0,0,1,1],"texture":"#1"},"south":{"uv":[0,0,1,1],"texture":"#1"},"west":{"uv":[0,0,1,1],"texture":"#1"},"up":{"uv":[0,0,1,1],"texture":"#1"},"down":{"uv":[0,0,1,1],"texture":"#1"}}},{"name":"octagon","from":[4.1351,4.43308,-1.8107],"to":[11.8649,4.94674,0.0699],"rotation":{"angle":0,"axis":"y","origin":[8,4.15663,7.52]},"faces":{"north":{"uv":[1,0,0,1],"texture":"#1"},"east":{"uv":[1,0,0,1],"texture":"#1"},"south":{"uv":[1,0,0,1],"texture":"#1"},"west":{"uv":[1,0,0,1],"texture":"#1"},"up":{"uv":[0,1,1,0],"texture":"#1"},"down":{"uv":[0,1,1,0],"texture":"#1"}}},{"name":"octagon","from":[-1.3307,3.23308,3.6551],"to":[0.5499,4.94674,5.0105],"rotation":{"angle":-45,"axis":"y","origin":[8,4.15663,7.52]},"faces":{"north":{"uv":[1,0,0,1],"texture":"#1"},"east":{"uv":[1,0,0,1],"texture":"#1"},"south":{"uv":[1,0,0,1],"texture":"#1"},"west":{"uv":[1,0,0,1],"texture":"#1"},"up":{"uv":[0,1,1,0],"texture":"#1"},"down":{"uv":[0,1,1,0],"texture":"#1"}}},{"name":"octagon","from":[4.1351,3.52108,-1.8107],"to":[5.4905,4.94674,0.0699],"rotation":{"angle":-45,"axis":"y","origin":[8,4.15663,7.52]},"faces":{"north":{"uv":[1,0,0,1],"texture":"#1"},"east":{"uv":[1,0,0,1],"texture":"#1"},"south":{"uv":[1,0,0,1],"texture":"#1"},"west":{"uv":[1,0,0,1],"texture":"#1"},"up":{"uv":[0,1,1,0],"texture":"#1"},"down":{"uv":[0,1,1,0],"texture":"#1"}}},{"name":"octagon","from":[4.90808,4.88726,15.44808],"to":[11.09192,5.2982,16.95256],"rotation":{"angle":0,"axis":"y","origin":[8,4.6661,9.488]},"faces":{"north":{"uv":[0,0,1,1],"texture":"#1"},"east":{"uv":[0,0,1,1],"texture":"#1"},"south":{"uv":[0,0,1,1],"texture":"#1"},"west":{"uv":[0,0,1,1],"texture":"#1"},"up":{"uv":[0,0,1,1],"texture":"#1"},"down":{"uv":[0,0,1,1],"texture":"#1"}}},{"name":"octagon","from":[4.90808,4.15766,15.44808],"to":[5.8484,5.2982,16.95256],"rotation":{"angle":45,"axis":"y","origin":[8,4.6661,9.488]},"faces":{"north":{"uv":[0,0,1,1],"texture":"#1"},"east":{"uv":[0,0,1,1],"texture":"#1"},"south":{"uv":[0,0,1,1],"texture":"#1"},"west":{"uv":[0,0,1,1],"texture":"#1"},"up":{"uv":[0,0,1,1],"texture":"#1"},"down":{"uv":[0,0,1,1],"texture":"#1"}}},{"name":"octagon","from":[0.53544,3.92726,11.6396],"to":[2.03992,5.2982,12.57992],"rotation":{"angle":45,"axis":"y","origin":[8,4.6661,9.488]},"faces":{"north":{"uv":[0,0,1,1],"texture":"#1"},"east":{"uv":[0,0,1,1],"texture":"#1"},"south":{"uv":[0,0,1,1],"texture":"#1"},"west":{"uv":[0,0,1,1],"texture":"#1"},"up":{"uv":[0,0,1,1],"texture":"#1"},"down":{"uv":[0,0,1,1],"texture":"#1"}}},{"name":"octagon","from":[4.90808,4.15766,-0.95256],"to":[5.8484,5.2982,0.55192],"rotation":{"angle":-45,"axis":"y","origin":[8,4.6661,6.512]},"faces":{"north":{"uv":[1,0,0,1],"texture":"#1"},"east":{"uv":[1,0,0,1],"texture":"#1"},"south":{"uv":[1,0,0,1],"texture":"#1"},"west":{"uv":[1,0,0,1],"texture":"#1"},"up":{"uv":[0,1,1,0],"texture":"#1"},"down":{"uv":[0,1,1,0],"texture":"#1"}}},{"name":"octagon","from":[4.90808,4.88726,-0.95256],"to":[11.09192,5.2982,0.55192],"rotation":{"angle":0,"axis":"y","origin":[8,4.6661,6.512]},"faces":{"north":{"uv":[1,0,0,1],"texture":"#1"},"east":{"uv":[1,0,0,1],"texture":"#1"},"south":{"uv":[1,0,0,1],"texture":"#1"},"west":{"uv":[1,0,0,1],"texture":"#1"},"up":{"uv":[0,1,1,0],"texture":"#1"},"down":{"uv":[0,1,1,0],"texture":"#1"}}},{"name":"octagon","from":[0.53544,3.92726,3.42008],"to":[2.03992,5.2982,4.3604],"rotation":{"angle":-45,"axis":"y","origin":[8,4.6661,6.512]},"faces":{"north":{"uv":[1,0,0,1],"texture":"#1"},"east":{"uv":[1,0,0,1],"texture":"#1"},"south":{"uv":[1,0,0,1],"texture":"#1"},"west":{"uv":[1,0,0,1],"texture":"#1"},"up":{"uv":[0,1,1,0],"texture":"#1"},"down":{"uv":[0,1,1,0],"texture":"#1"}}},{"name":"octagon","from":[15.9301,3.52108,4.1351],"to":[17.8107,4.94674,5.4905],"rotation":{"angle":-45,"axis":"y","origin":[8.48,4.15663,8]},"faces":{"north":{"uv":[1,0,0,1],"texture":"#1"},"east":{"uv":[1,0,0,1],"texture":"#1"},"south":{"uv":[1,0,0,1],"texture":"#1"},"west":{"uv":[1,0,0,1],"texture":"#1"},"up":{"uv":[0,1,1,0],"rotation":90,"texture":"#1"},"down":{"uv":[0,1,1,0],"rotation":270,"texture":"#1"}}},{"name":"octagon","from":[15.9301,4.43308,4.1351],"to":[17.8107,4.94674,11.8649],"rotation":{"angle":0,"axis":"y","origin":[8.48,4.15663,8]},"faces":{"north":{"uv":[1,0,0,1],"texture":"#1"},"east":{"uv":[1,0,0,1],"texture":"#1"},"south":{"uv":[1,0,0,1],"texture":"#1"},"west":{"uv":[1,0,0,1],"texture":"#1"},"up":{"uv":[0,1,1,0],"rotation":90,"texture":"#1"},"down":{"uv":[0,1,1,0],"rotation":270,"texture":"#1"}}},{"name":"octagon","from":[15.44808,2.42966,4.90808],"to":[16.95256,5.2982,6.2084],"rotation":{"angle":-45,"axis":"y","origin":[9.488,4.6661,8]},"faces":{"north":{"uv":[1,0,0,1],"texture":"#1"},"east":{"uv":[1,0,0,1],"texture":"#1"},"south":{"uv":[1,0,0,1],"texture":"#1"},"west":{"uv":[1,0,0,1],"texture":"#1"},"up":{"uv":[0,1,1,0],"rotation":90,"texture":"#1"},"down":{"uv":[0,1,1,0],"rotation":270,"texture":"#1"}}},{"name":"octagon","from":[15.64008,2.41526,4.90808],"to":[16.95256,5.2982,11.09192],"rotation":{"angle":0,"axis":"y","origin":[9.488,4.6661,8]},"faces":{"north":{"uv":[1,0,0,1],"texture":"#1"},"east":{"uv":[1,0,0,1],"texture":"#1"},"south":{"uv":[1,0,0,1],"texture":"#1"},"west":{"uv":[1,0,0,1],"texture":"#1"},"up":{"uv":[0,1,1,0],"rotation":90,"texture":"#1"},"down":{"uv":[0,1,1,0],"rotation":270,"texture":"#1"}}},{"name":"octagon","from":[11.2796,2.41526,0.53544],"to":[12.57992,5.2982,2.03992],"rotation":{"angle":-45,"axis":"y","origin":[9.488,4.6661,8]},"faces":{"north":{"uv":[1,0,0,1],"texture":"#1"},"east":{"uv":[1,0,0,1],"texture":"#1"},"south":{"uv":[1,0,0,1],"texture":"#1"},"west":{"uv":[1,0,0,1],"texture":"#1"},"up":{"uv":[0,1,1,0],"rotation":90,"texture":"#1"},"down":{"uv":[0,1,1,0],"rotation":270,"texture":"#1"}}},{"name":"octagon","from":[10.9895,3.23308,-1.3307],"to":[12.3449,4.94674,0.5499],"rotation":{"angle":-45,"axis":"y","origin":[8.48,4.15663,8]},"faces":{"north":{"uv":[1,0,0,1],"texture":"#1"},"east":{"uv":[1,0,0,1],"texture":"#1"},"south":{"uv":[1,0,0,1],"texture":"#1"},"west":{"uv":[1,0,0,1],"texture":"#1"},"up":{"uv":[0,1,1,0],"rotation":90,"texture":"#1"},"down":{"uv":[0,1,1,0],"rotation":270,"texture":"#1"}}},{"name":"octagon","from":[-0.95256,2.41526,4.90808],"to":[0.35992,5.2982,11.09192],"rotation":{"angle":0,"axis":"y","origin":[6.512,4.6661,8]},"faces":{"north":{"uv":[0,0,1,1],"texture":"#1"},"east":{"uv":[0,0,1,1],"texture":"#1"},"south":{"uv":[0,0,1,1],"texture":"#1"},"west":{"uv":[0,0,1,1],"texture":"#1"},"up":{"uv":[1,1,0,0],"rotation":90,"texture":"#1"},"down":{"uv":[1,1,0,0],"rotation":270,"texture":"#1"}}},{"name":"octagon","from":[-0.95256,2.42966,4.90808],"to":[0.55192,5.2982,6.2084],"rotation":{"angle":45,"axis":"y","origin":[6.512,4.6661,8]},"faces":{"north":{"uv":[0,0,1,1],"texture":"#1"},"east":{"uv":[0,0,1,1],"texture":"#1"},"south":{"uv":[0,0,1,1],"texture":"#1"},"west":{"uv":[0,0,1,1],"texture":"#1"},"up":{"uv":[1,1,0,0],"rotation":90,"texture":"#1"},"down":{"uv":[1,1,0,0],"rotation":270,"texture":"#1"}}},{"name":"octagon","from":[-1.8107,3.52108,4.1351],"to":[0.0699,4.94674,5.4905],"rotation":{"angle":45,"axis":"y","origin":[7.52,4.15663,8]},"faces":{"north":{"uv":[0,0,1,1],"texture":"#1"},"east":{"uv":[0,0,1,1],"texture":"#1"},"south":{"uv":[0,0,1,1],"texture":"#1"},"west":{"uv":[0,0,1,1],"texture":"#1"},"up":{"uv":[1,1,0,0],"rotation":90,"texture":"#1"},"down":{"uv":[1,1,0,0],"rotation":270,"texture":"#1"}}},{"name":"octagon","from":[-1.8107,4.43308,4.1351],"to":[0.0699,4.94674,11.8649],"rotation":{"angle":0,"axis":"y","origin":[7.52,4.15663,8]},"faces":{"north":{"uv":[0,0,1,1],"texture":"#1"},"east":{"uv":[0,0,1,1],"texture":"#1"},"south":{"uv":[0,0,1,1],"texture":"#1"},"west":{"uv":[0,0,1,1],"texture":"#1"},"up":{"uv":[1,1,0,0],"rotation":90,"texture":"#1"},"down":{"uv":[1,1,0,0],"rotation":270,"texture":"#1"}}},{"name":"octagon","from":[3.42008,2.41526,0.53544],"to":[4.7204,5.2982,2.03992],"rotation":{"angle":45,"axis":"y","origin":[6.512,4.6661,8]},"faces":{"north":{"uv":[0,0,1,1],"texture":"#1"},"east":{"uv":[0,0,1,1],"texture":"#1"},"south":{"uv":[0,0,1,1],"texture":"#1"},"west":{"uv":[0,0,1,1],"texture":"#1"},"up":{"uv":[1,1,0,0],"rotation":90,"texture":"#1"},"down":{"uv":[1,1,0,0],"rotation":270,"texture":"#1"}}},{"name":"octagon","from":[3.6551,3.23308,-1.3307],"to":[5.0105,4.94674,0.5499],"rotation":{"angle":45,"axis":"y","origin":[7.52,4.15663,8]},"faces":{"north":{"uv":[0,0,1,1],"texture":"#1"},"east":{"uv":[0,0,1,1],"texture":"#1"},"south":{"uv":[0,0,1,1],"texture":"#1"},"west":{"uv":[0,0,1,1],"texture":"#1"},"up":{"uv":[1,1,0,0],"rotation":90,"texture":"#1"},"down":{"uv":[1,1,0,0],"rotation":270,"texture":"#1"}}},{"name":"octagon","from":[-1.79513,3.53393,5.10212],"to":[0.1607,5.01661,5.34212],"rotation":{"angle":45,"axis":"y","origin":[7.9088,4.1949,7.952]},"faces":{"north":{"uv":[0,0,1,1],"texture":"#0"},"east":{"uv":[0,0,1,1],"texture":"#0"},"south":{"uv":[0,0,1,1],"texture":"#0"},"west":{"uv":[0,0,1,1],"texture":"#0"},"up":{"uv":[1,1,0,0],"rotation":90,"texture":"#0"},"down":{"uv":[1,1,0,0],"rotation":270,"texture":"#0"}}},{"name":"octagon","from":[-0.90266,2.39884,5.84874],"to":[0.66199,5.38212,6.08874],"rotation":{"angle":45,"axis":"y","origin":[6.86048,4.72475,7.952]},"faces":{"north":{"uv":[0,0,1,1],"texture":"#0"},"east":{"uv":[0,0,1,1],"texture":"#0"},"south":{"uv":[0,0,1,1],"texture":"#0"},"west":{"uv":[0,0,1,1],"texture":"#0"},"up":{"uv":[1,1,0,0],"rotation":90,"texture":"#0"},"down":{"uv":[1,1,0,0],"rotation":270,"texture":"#0"}}},{"name":"octagon","from":[-1.82165,3.53047,10.85619],"to":[-0.20184,5.01315,11.09619],"rotation":{"angle":45,"axis":"y","origin":[7.88228,4.19144,7.94607]},"faces":{"north":{"uv":[0,0,1,1],"texture":"#0"},"east":{"uv":[0,0,1,1],"texture":"#0"},"south":{"uv":[0,0,1,1],"texture":"#0"},"west":{"uv":[0,0,1,1],"texture":"#0"},"up":{"uv":[1,1,0,0],"rotation":90,"texture":"#0"},"down":{"uv":[1,1,0,0],"rotation":270,"texture":"#0"}}},{"name":"octagon","from":[-0.90266,2.39884,9.91126],"to":[0.66199,5.38212,10.15126],"rotation":{"angle":-45,"axis":"y","origin":[6.86048,4.72475,8.048]},"faces":{"north":{"uv":[1,0,0,1],"texture":"#0"},"east":{"uv":[1,0,0,1],"texture":"#0"},"south":{"uv":[1,0,0,1],"texture":"#0"},"west":{"uv":[1,0,0,1],"texture":"#0"},"up":{"uv":[1,0,0,1],"rotation":90,"texture":"#0"},"down":{"uv":[1,0,0,1],"rotation":270,"texture":"#0"}}},{"name":"octagon","from":[-1.79513,3.53393,10.65788],"to":[0.1607,5.01661,10.89788],"rotation":{"angle":-45,"axis":"y","origin":[7.9088,4.1949,8.048]},"faces":{"north":{"uv":[1,0,0,1],"texture":"#0"},"east":{"uv":[1,0,0,1],"texture":"#0"},"south":{"uv":[1,0,0,1],"texture":"#0"},"west":{"uv":[1,0,0,1],"texture":"#0"},"up":{"uv":[1,0,0,1],"rotation":90,"texture":"#0"},"down":{"uv":[1,0,0,1],"rotation":270,"texture":"#0"}}},{"name":"octagon","from":[-1.82165,3.53047,4.90381],"to":[-0.20184,5.01315,5.14381],"rotation":{"angle":-45,"axis":"y","origin":[7.88228,4.19144,8.05393]},"faces":{"north":{"uv":[1,0,0,1],"texture":"#0"},"east":{"uv":[1,0,0,1],"texture":"#0"},"south":{"uv":[1,0,0,1],"texture":"#0"},"west":{"uv":[1,0,0,1],"texture":"#0"},"up":{"uv":[1,0,0,1],"rotation":90,"texture":"#0"},"down":{"uv":[1,0,0,1],"rotation":270,"texture":"#0"}}},{"name":"octagon","from":[15.33801,2.39884,9.91126],"to":[16.90266,5.38212,10.15126],"rotation":{"angle":45,"axis":"y","origin":[9.13952,4.72475,8.048]},"faces":{"north":{"uv":[0,0,1,1],"texture":"#0"},"east":{"uv":[0,0,1,1],"texture":"#0"},"south":{"uv":[0,0,1,1],"texture":"#0"},"west":{"uv":[0,0,1,1],"texture":"#0"},"up":{"uv":[0,0,1,1],"rotation":90,"texture":"#0"},"down":{"uv":[0,0,1,1],"rotation":270,"texture":"#0"}}},{"name":"octagon","from":[15.8393,3.53393,10.65788],"to":[17.79513,5.01661,10.89788],"rotation":{"angle":45,"axis":"y","origin":[8.0912,4.1949,8.048]},"faces":{"north":{"uv":[0,0,1,1],"texture":"#0"},"east":{"uv":[0,0,1,1],"texture":"#0"},"south":{"uv":[0,0,1,1],"texture":"#0"},"west":{"uv":[0,0,1,1],"texture":"#0"},"up":{"uv":[0,0,1,1],"rotation":90,"texture":"#0"},"down":{"uv":[0,0,1,1],"rotation":270,"texture":"#0"}}},{"name":"octagon","from":[16.20184,3.53047,4.90381],"to":[17.82165,5.01315,5.14381],"rotation":{"angle":45,"axis":"y","origin":[8.11772,4.19144,8.05393]},"faces":{"north":{"uv":[0,0,1,1],"texture":"#0"},"east":{"uv":[0,0,1,1],"texture":"#0"},"south":{"uv":[0,0,1,1],"texture":"#0"},"west":{"uv":[0,0,1,1],"texture":"#0"},"up":{"uv":[0,0,1,1],"rotation":90,"texture":"#0"},"down":{"uv":[0,0,1,1],"rotation":270,"texture":"#0"}}},{"name":"octagon","from":[16.20184,3.53047,10.85619],"to":[17.82165,5.01315,11.09619],"rotation":{"angle":-45,"axis":"y","origin":[8.11772,4.19144,7.94607]},"faces":{"north":{"uv":[1,0,0,1],"texture":"#0"},"east":{"uv":[1,0,0,1],"texture":"#0"},"south":{"uv":[1,0,0,1],"texture":"#0"},"west":{"uv":[1,0,0,1],"texture":"#0"},"up":{"uv":[0,1,1,0],"rotation":90,"texture":"#0"},"down":{"uv":[0,1,1,0],"rotation":270,"texture":"#0"}}},{"name":"octagon","from":[15.33801,2.39884,5.84874],"to":[16.90266,5.38212,6.08874],"rotation":{"angle":-45,"axis":"y","origin":[9.13952,4.72475,7.952]},"faces":{"north":{"uv":[1,0,0,1],"texture":"#0"},"east":{"uv":[1,0,0,1],"texture":"#0"},"south":{"uv":[1,0,0,1],"texture":"#0"},"west":{"uv":[1,0,0,1],"texture":"#0"},"up":{"uv":[0,1,1,0],"rotation":90,"texture":"#0"},"down":{"uv":[0,1,1,0],"rotation":270,"texture":"#0"}}},{"name":"octagon","from":[15.8393,3.53393,5.10212],"to":[17.79513,5.01661,5.34212],"rotation":{"angle":-45,"axis":"y","origin":[8.0912,4.1949,7.952]},"faces":{"north":{"uv":[1,0,0,1],"texture":"#0"},"east":{"uv":[1,0,0,1],"texture":"#0"},"south":{"uv":[1,0,0,1],"texture":"#0"},"west":{"uv":[1,0,0,1],"texture":"#0"},"up":{"uv":[0,1,1,0],"rotation":90,"texture":"#0"},"down":{"uv":[0,1,1,0],"rotation":270,"texture":"#0"}}},{"name":"octagon","from":[0.1949,5.18718,5.517],"to":[0.4102,5.38212,10.483],"rotation":{"angle":0,"axis":"y","origin":[7.65946,4.70203,8.35108]},"faces":{"north":{"uv":[0,0,1,1],"texture":"#0"},"east":{"uv":[0,0,1,1],"texture":"#0"},"south":{"uv":[0,0,1,1],"texture":"#0"},"west":{"uv":[0,0,1,1],"texture":"#0"},"up":{"uv":[1,1,0,0],"rotation":90,"texture":"#0"},"down":{"uv":[1,1,0,0],"rotation":270,"texture":"#0"}}},{"name":"octagon","from":[0.1949,5.20158,4.29916],"to":[0.49938,5.38212,5.11948],"rotation":{"angle":45,"axis":"y","origin":[7.65946,4.70203,7.39108]},"faces":{"north":{"uv":[0,0,1,1],"texture":"#0"},"east":{"uv":[0,0,1,1],"texture":"#0"},"south":{"uv":[0,0,1,1],"texture":"#0"},"west":{"uv":[0,0,1,1],"texture":"#0"},"up":{"uv":[1,1,0,0],"rotation":90,"texture":"#0"},"down":{"uv":[1,1,0,0],"rotation":270,"texture":"#0"}}},{"name":"octagon","from":[4.56754,5.18718,1.14436],"to":[5.38786,5.38212,1.44884],"rotation":{"angle":45,"axis":"y","origin":[7.65946,4.70203,8.60892]},"faces":{"north":{"uv":[0,0,1,1],"texture":"#0"},"east":{"uv":[0,0,1,1],"texture":"#0"},"south":{"uv":[0,0,1,1],"texture":"#0"},"west":{"uv":[0,0,1,1],"texture":"#0"},"up":{"uv":[1,1,0,0],"rotation":90,"texture":"#0"},"down":{"uv":[1,1,0,0],"rotation":270,"texture":"#0"}}},{"name":"octagon","from":[15.50062,5.20158,4.29916],"to":[15.8051,5.38212,5.11948],"rotation":{"angle":-45,"axis":"y","origin":[8.34054,4.70203,7.39108]},"faces":{"north":{"uv":[1,0,0,1],"texture":"#0"},"east":{"uv":[1,0,0,1],"texture":"#0"},"south":{"uv":[1,0,0,1],"texture":"#0"},"west":{"uv":[1,0,0,1],"texture":"#0"},"up":{"uv":[0,1,1,0],"rotation":90,"texture":"#0"},"down":{"uv":[0,1,1,0],"rotation":270,"texture":"#0"}}},{"name":"octagon","from":[15.5898,5.18718,5.517],"to":[15.8051,5.38212,10.483],"rotation":{"angle":0,"axis":"y","origin":[8.34054,4.70203,8.35108]},"faces":{"north":{"uv":[1,0,0,1],"texture":"#0"},"east":{"uv":[1,0,0,1],"texture":"#0"},"south":{"uv":[1,0,0,1],"texture":"#0"},"west":{"uv":[1,0,0,1],"texture":"#0"},"up":{"uv":[0,1,1,0],"rotation":90,"texture":"#0"},"down":{"uv":[0,1,1,0],"rotation":270,"texture":"#0"}}},{"name":"octagon","from":[10.61214,5.18718,1.14436],"to":[11.43246,5.38212,1.44884],"rotation":{"angle":-45,"axis":"y","origin":[8.34054,4.70203,8.60892]},"faces":{"north":{"uv":[1,0,0,1],"texture":"#0"},"east":{"uv":[1,0,0,1],"texture":"#0"},"south":{"uv":[1,0,0,1],"texture":"#0"},"west":{"uv":[1,0,0,1],"texture":"#0"},"up":{"uv":[0,1,1,0],"rotation":90,"texture":"#0"},"down":{"uv":[0,1,1,0],"rotation":270,"texture":"#0"}}},{"from":[4.0064,2.5904,13.136],"to":[4.28288,3.7424,14.288],"faces":{"north":{"uv":[7,3.5,10,4],"texture":"#1"},"east":{"uv":[4,4,13,13],"texture":"#4"},"south":{"uv":[7,3.5,10,4],"texture":"#1"},"west":{"uv":[4.5,4.5,12.5,12.5],"texture":"#4"},"up":{"uv":[3.5,7,4,10],"texture":"#1"},"down":{"uv":[3.5,7,4,10],"texture":"#1"}}},{"from":[4.0064,3.2816,14.288],"to":[4.2368,3.512,14.7488],"faces":{"north":{"uv":[11.06,4.5,12.5,4.94],"texture":"#4"},"east":{"uv":[4.06,4.06,4.5,4.5],"texture":"#4"},"south":{"uv":[11.06,4.5,12.5,4.94],"texture":"#4"},"west":{"uv":[4.06,4.06,4.5,4.5],"texture":"#4"},"up":{"uv":[5.06,4.06,6.5,4.5],"texture":"#4"},"down":{"uv":[5.06,4.06,6.5,4.5],"texture":"#4"}}},{"from":[4.0064,3.26406,14.66063],"to":[4.2368,3.49446,14.89103],"rotation":{"angle":-22.5,"axis":"x","origin":[4.0064,3.49446,14.66063]},"faces":{"north":{"uv":[5.06,5.06,10.94,10.94],"texture":"#4"},"east":{"uv":[4.06,4.06,6.94,4.5],"texture":"#4"},"south":{"uv":[5.06,5.06,11.94,11.94],"texture":"#4"},"west":{"uv":[4.06,4.06,6.94,4.5],"texture":"#4"},"up":{"uv":[4.06,4.06,4.5,6.94],"texture":"#4"},"down":{"uv":[4.06,4.06,4.5,6.94],"texture":"#4"}}},{"from":[4.0064,2.8208,14.288],"to":[4.2368,3.0512,14.7488],"faces":{"north":{"uv":[11.06,4.5,12.5,4.94],"texture":"#4"},"east":{"uv":[4.06,4.06,4.5,4.5],"texture":"#4"},"south":{"uv":[11.06,4.5,12.5,4.94],"texture":"#4"},"west":{"uv":[4.06,4.06,4.5,4.5],"texture":"#4"},"up":{"uv":[5.06,4.06,6.5,4.5],"texture":"#4"},"down":{"uv":[5.06,4.06,6.5,4.5],"texture":"#4"}}},{"from":[4.0064,2.80326,14.66063],"to":[4.2368,3.03366,15.29423],"rotation":{"angle":-22.5,"axis":"x","origin":[4.0064,3.03366,14.66063]},"faces":{"north":{"uv":[5.06,5.06,10.94,10.94],"texture":"#4"},"east":{"uv":[4.06,4.06,6.94,4.5],"texture":"#4"},"south":{"uv":[5.06,5.06,11.94,11.94],"texture":"#4"},"west":{"uv":[4.06,4.06,6.94,4.5],"texture":"#4"},"up":{"uv":[4.06,4.06,4.5,6.94],"texture":"#4"},"down":{"uv":[4.06,4.06,4.5,6.94],"texture":"#4"}}},{"from":[4.00657,3.30205,14.79882],"to":[4.23697,3.53245,15.02922],"rotation":{"angle":-45,"axis":"x","origin":[4.00657,3.53245,14.79882]},"faces":{"north":{"uv":[5,5,11,11],"texture":"#4"},"east":{"uv":[4,4,7,4.5],"texture":"#4"},"south":{"uv":[5,5,12,12],"texture":"#4"},"west":{"uv":[4,4,7,4.5],"texture":"#4"},"up":{"uv":[4,4,4.5,7],"texture":"#4"},"down":{"uv":[4,4,4.5,7],"texture":"#4"}}},{"from":[4.00662,3.62042,14.91194],"to":[4.23702,3.85082,15.14234],"rotation":{"angle":22.5,"axis":"x","origin":[4.00662,3.62042,14.91194]},"faces":{"north":{"uv":[4.06,4.06,4.5,6.94],"rotation":180,"texture":"#4"},"east":{"uv":[4.06,4.06,6.94,4.5],"rotation":90,"texture":"#4"},"south":{"uv":[4.06,4.06,4.5,6.94],"texture":"#4"},"west":{"uv":[4.06,4.06,6.94,4.5],"rotation":270,"texture":"#4"},"up":{"uv":[5.06,5.06,11.94,11.94],"texture":"#4"},"down":{"uv":[5.06,5.06,10.94,10.94],"rotation":180,"texture":"#4"}}},{"from":[4.00652,3.74499,14.98279],"to":[4.23692,4.24419,15.21319],"rotation":{"angle":0,"axis":"x","origin":[4.00652,3.74499,14.98279]},"faces":{"north":{"uv":[4.06,4.06,4.5,6.94],"rotation":180,"texture":"#4"},"east":{"uv":[4.06,4.06,6.94,4.5],"rotation":90,"texture":"#4"},"south":{"uv":[4.06,4.06,4.5,6.94],"texture":"#4"},"west":{"uv":[4.06,4.06,6.94,4.5],"rotation":270,"texture":"#4"},"up":{"uv":[5.06,5.06,11.94,11.94],"texture":"#4"},"down":{"uv":[5.06,5.06,10.94,10.94],"rotation":180,"texture":"#4"}}},{"from":[4.00646,2.99578,15.1712],"to":[4.23686,3.22618,15.4016],"rotation":{"angle":-45,"axis":"x","origin":[4.00646,3.22618,15.1712]},"faces":{"north":{"uv":[5.06,5.06,10.94,10.94],"texture":"#4"},"east":{"uv":[4.06,4.06,6.94,4.5],"texture":"#4"},"south":{"uv":[5.06,5.06,11.94,11.94],"texture":"#4"},"west":{"uv":[4.06,4.06,6.94,4.5],"texture":"#4"},"up":{"uv":[4.06,4.06,4.5,6.94],"texture":"#4"},"down":{"uv":[4.06,4.06,4.5,6.94],"texture":"#4"}}},{"from":[4.00651,3.31415,15.28433],"to":[4.23691,3.54455,15.51473],"rotation":{"angle":22.5,"axis":"x","origin":[4.00651,3.31415,15.28433]},"faces":{"north":{"uv":[4.06,4.06,4.5,6.94],"rotation":180,"texture":"#4"},"east":{"uv":[4.06,4.06,6.94,4.5],"rotation":90,"texture":"#4"},"south":{"uv":[4.06,4.06,4.5,6.94],"texture":"#4"},"west":{"uv":[4.06,4.06,6.94,4.5],"rotation":270,"texture":"#4"},"up":{"uv":[5.06,5.06,11.94,11.94],"texture":"#4"},"down":{"uv":[5.06,5.06,10.94,10.94],"rotation":180,"texture":"#4"}}},{"from":[4.00641,3.43872,15.35517],"to":[4.23681,6.43392,15.58557],"rotation":{"angle":0,"axis":"x","origin":[4.00641,3.43872,15.35517]},"faces":{"north":{"uv":[4.06,4.06,4.5,6.94],"rotation":180,"texture":"#4"},"east":{"uv":[4.06,4.06,6.94,4.5],"rotation":90,"texture":"#4"},"south":{"uv":[4.06,4.06,4.5,6.94],"texture":"#4"},"west":{"uv":[4.06,4.06,6.94,4.5],"rotation":270,"texture":"#4"},"up":{"uv":[5.06,5.06,11.94,11.94],"texture":"#4"},"down":{"uv":[5.06,5.06,10.94,10.94],"rotation":180,"texture":"#4"}}},{"from":[4.00751,6.60231,15.76904],"to":[4.23791,7.24551,15.99944],"rotation":{"angle":-22.5,"axis":"x","origin":[4.00751,5.64231,15.76904]},"faces":{"north":{"uv":[4.06,4.06,4.5,6.94],"rotation":180,"texture":"#4"},"east":{"uv":[4.06,4.06,6.94,4.5],"rotation":90,"texture":"#4"},"south":{"uv":[4.06,4.06,4.5,6.94],"texture":"#4"},"west":{"uv":[4.06,4.06,6.94,4.5],"rotation":270,"texture":"#4"},"up":{"uv":[5.06,5.06,11.94,11.94],"texture":"#4"},"down":{"uv":[5.06,5.06,10.94,10.94],"rotation":180,"texture":"#4"}}},{"from":[3.9824,6.2624,15.248],"to":[4.28288,6.6944,15.68],"faces":{"north":{"uv":[7,3.5,10,4],"texture":"#1"},"east":{"uv":[4,4,13,13],"texture":"#4"},"south":{"uv":[7,3.5,10,4],"texture":"#1"},"west":{"uv":[4.5,4.5,12.5,12.5],"texture":"#4"},"up":{"uv":[3.5,7,4,10],"texture":"#1"},"down":{"uv":[3.5,7,4,10],"texture":"#1"}}},{"from":[4.00645,7.3297,15.88556],"to":[4.23685,7.9729,16.11596],"rotation":{"angle":-45,"axis":"x","origin":[4.00645,6.3697,15.88556]},"faces":{"north":{"uv":[4.06,4.06,4.5,6.94],"rotation":180,"texture":"#4"},"east":{"uv":[4.06,4.06,6.94,4.5],"rotation":90,"texture":"#4"},"south":{"uv":[4.06,4.06,4.5,6.94],"texture":"#4"},"west":{"uv":[4.06,4.06,6.94,4.5],"rotation":270,"texture":"#4"},"up":{"uv":[5.06,5.06,11.94,11.94],"texture":"#4"},"down":{"uv":[5.06,5.06,10.94,10.94],"rotation":180,"texture":"#4"}}},{"from":[3.9824,7.4144,14.576],"to":[4.28288,7.8464,15.008],"rotation":{"angle":45,"axis":"x","origin":[4.13264,7.6304,14.792]},"faces":{"north":{"uv":[7,3.5,10,4],"texture":"#1"},"east":{"uv":[4,4,13,13],"texture":"#4"},"south":{"uv":[7,3.5,10,4],"texture":"#1"},"west":{"uv":[4.5,4.5,12.5,12.5],"texture":"#4"},"up":{"uv":[3.5,7,4,10],"texture":"#1"},"down":{"uv":[3.5,7,4,10],"texture":"#1"}}},{"from":[4.0064,5.5664,0.08],"to":[4.28288,6.7184,1.232],"faces":{"north":{"uv":[7,3.5,10,4],"texture":"#1"},"east":{"uv":[4,4,13,13],"texture":"#4"},"south":{"uv":[7,3.5,10,4],"texture":"#1"},"west":{"uv":[4.5,4.5,12.5,12.5],"texture":"#4"},"up":{"uv":[3.5,7,4,10],"texture":"#1"},"down":{"uv":[3.5,7,4,10],"texture":"#1"}}},{"from":[4.05452,3.74499,0.82279],"to":[4.23692,6.16419,1.05319],"rotation":{"angle":0,"axis":"x","origin":[4.00652,3.74499,0.82279]},"faces":{"north":{"uv":[4.06,4.06,4.5,6.94],"rotation":180,"texture":"#4"},"east":{"uv":[4.06,4.06,6.94,4.5],"rotation":90,"texture":"#4"},"south":{"uv":[4.06,4.06,4.5,6.94],"texture":"#4"},"west":{"uv":[4.06,4.06,6.94,4.5],"rotation":270,"texture":"#4"},"up":{"uv":[5.06,5.06,11.94,11.94],"texture":"#4"},"down":{"uv":[5.06,5.06,10.94,10.94],"rotation":180,"texture":"#4"}}},{"from":[3.9824,3.5504,0.728],"to":[4.28288,3.9824,1.16],"faces":{"north":{"uv":[7,3.5,10,4],"texture":"#1"},"east":{"uv":[4,4,13,13],"texture":"#4"},"south":{"uv":[7,3.5,10,4],"texture":"#1"},"west":{"uv":[4.5,4.5,12.5,12.5],"texture":"#4"},"up":{"uv":[3.5,7,4,10],"texture":"#1"},"down":{"uv":[3.5,7,4,10],"texture":"#1"}}},{"from":[3.9824,4.1504,14.864],"to":[4.28288,4.5824,15.296],"faces":{"north":{"uv":[7,3.5,10,4],"texture":"#1"},"east":{"uv":[4,4,13,13],"texture":"#4"},"south":{"uv":[7,3.5,10,4],"texture":"#1"},"west":{"uv":[4.5,4.5,12.5,12.5],"texture":"#4"},"up":{"uv":[3.5,7,4,10],"texture":"#1"},"down":{"uv":[3.5,7,4,10],"texture":"#1"}}},{"from":[11.71712,7.4144,14.576],"to":[12.0176,7.8464,15.008],"rotation":{"angle":45,"axis":"x","origin":[11.86736,7.6304,14.792]},"faces":{"north":{"uv":[10,3.5,7,4],"texture":"#1"},"east":{"uv":[12.5,4.5,4.5,12.5],"texture":"#4"},"south":{"uv":[10,3.5,7,4],"texture":"#1"},"west":{"uv":[13,4,4,13],"texture":"#4"},"up":{"uv":[4,7,3.5,10],"texture":"#1"},"down":{"uv":[4,7,3.5,10],"texture":"#1"}}},{"from":[11.76315,7.3297,15.88556],"to":[11.99355,7.9729,16.11596],"rotation":{"angle":-45,"axis":"x","origin":[11.99355,6.3697,15.88556]},"faces":{"north":{"uv":[4.5,4.06,4.06,6.94],"rotation":180,"texture":"#4"},"east":{"uv":[6.94,4.06,4.06,4.5],"rotation":270,"texture":"#4"},"south":{"uv":[4.5,4.06,4.06,6.94],"texture":"#4"},"west":{"uv":[6.94,4.06,4.06,4.5],"rotation":90,"texture":"#4"},"up":{"uv":[11.94,5.06,5.06,11.94],"texture":"#4"},"down":{"uv":[10.94,5.06,5.06,10.94],"rotation":180,"texture":"#4"}}},{"from":[11.76209,6.60231,15.76904],"to":[11.99249,7.24551,15.99944],"rotation":{"angle":-22.5,"axis":"x","origin":[11.99249,5.64231,15.76904]},"faces":{"north":{"uv":[4.5,4.06,4.06,6.94],"rotation":180,"texture":"#4"},"east":{"uv":[6.94,4.06,4.06,4.5],"rotation":270,"texture":"#4"},"south":{"uv":[4.5,4.06,4.06,6.94],"texture":"#4"},"west":{"uv":[6.94,4.06,4.06,4.5],"rotation":90,"texture":"#4"},"up":{"uv":[11.94,5.06,5.06,11.94],"texture":"#4"},"down":{"uv":[10.94,5.06,5.06,10.94],"rotation":180,"texture":"#4"}}},{"from":[11.71712,6.2624,15.248],"to":[12.0176,6.6944,15.68],"faces":{"north":{"uv":[10,3.5,7,4],"texture":"#1"},"east":{"uv":[12.5,4.5,4.5,12.5],"texture":"#4"},"south":{"uv":[10,3.5,7,4],"texture":"#1"},"west":{"uv":[13,4,4,13],"texture":"#4"},"up":{"uv":[4,7,3.5,10],"texture":"#1"},"down":{"uv":[4,7,3.5,10],"texture":"#1"}}},{"from":[11.76319,3.43872,15.35517],"to":[11.99359,6.43392,15.58557],"rotation":{"angle":0,"axis":"x","origin":[11.99359,3.43872,15.35517]},"faces":{"north":{"uv":[4.5,4.06,4.06,6.94],"rotation":180,"texture":"#4"},"east":{"uv":[6.94,4.06,4.06,4.5],"rotation":270,"texture":"#4"},"south":{"uv":[4.5,4.06,4.06,6.94],"texture":"#4"},"west":{"uv":[6.94,4.06,4.06,4.5],"rotation":90,"texture":"#4"},"up":{"uv":[11.94,5.06,5.06,11.94],"texture":"#4"},"down":{"uv":[10.94,5.06,5.06,10.94],"rotation":180,"texture":"#4"}}},{"from":[11.71712,4.1504,14.864],"to":[12.0176,4.5824,15.296],"faces":{"north":{"uv":[10,3.5,7,4],"texture":"#1"},"east":{"uv":[12.5,4.5,4.5,12.5],"texture":"#4"},"south":{"uv":[10,3.5,7,4],"texture":"#1"},"west":{"uv":[13,4,4,13],"texture":"#4"},"up":{"uv":[4,7,3.5,10],"texture":"#1"},"down":{"uv":[4,7,3.5,10],"texture":"#1"}}},{"from":[11.76308,3.74499,14.98279],"to":[11.99348,4.24419,15.21319],"rotation":{"angle":0,"axis":"x","origin":[11.99348,3.74499,14.98279]},"faces":{"north":{"uv":[4.5,4.06,4.06,6.94],"rotation":180,"texture":"#4"},"east":{"uv":[6.94,4.06,4.06,4.5],"rotation":270,"texture":"#4"},"south":{"uv":[4.5,4.06,4.06,6.94],"texture":"#4"},"west":{"uv":[6.94,4.06,4.06,4.5],"rotation":90,"texture":"#4"},"up":{"uv":[11.94,5.06,5.06,11.94],"texture":"#4"},"down":{"uv":[10.94,5.06,5.06,10.94],"rotation":180,"texture":"#4"}}},{"from":[11.76298,3.62042,14.91194],"to":[11.99338,3.85082,15.14234],"rotation":{"angle":22.5,"axis":"x","origin":[11.99338,3.62042,14.91194]},"faces":{"north":{"uv":[4.5,4.06,4.06,6.94],"rotation":180,"texture":"#4"},"east":{"uv":[6.94,4.06,4.06,4.5],"rotation":270,"texture":"#4"},"south":{"uv":[4.5,4.06,4.06,6.94],"texture":"#4"},"west":{"uv":[6.94,4.06,4.06,4.5],"rotation":90,"texture":"#4"},"up":{"uv":[11.94,5.06,5.06,11.94],"texture":"#4"},"down":{"uv":[10.94,5.06,5.06,10.94],"rotation":180,"texture":"#4"}}},{"from":[11.76303,3.30205,14.79882],"to":[11.99343,3.53245,15.02922],"rotation":{"angle":-45,"axis":"x","origin":[11.99343,3.53245,14.79882]},"faces":{"north":{"uv":[11,5,5,11],"texture":"#4"},"east":{"uv":[7,4,4,4.5],"texture":"#4"},"south":{"uv":[12,5,5,12],"texture":"#4"},"west":{"uv":[7,4,4,4.5],"texture":"#4"},"up":{"uv":[4.5,4,4,7],"texture":"#4"},"down":{"uv":[4.5,4,4,7],"texture":"#4"}}},{"from":[11.7632,3.26406,14.66063],"to":[11.9936,3.49446,14.89103],"rotation":{"angle":-22.5,"axis":"x","origin":[11.9936,3.49446,14.66063]},"faces":{"north":{"uv":[10.94,5.06,5.06,10.94],"texture":"#4"},"east":{"uv":[6.94,4.06,4.06,4.5],"texture":"#4"},"south":{"uv":[11.94,5.06,5.06,11.94],"texture":"#4"},"west":{"uv":[6.94,4.06,4.06,4.5],"texture":"#4"},"up":{"uv":[4.5,4.06,4.06,6.94],"texture":"#4"},"down":{"uv":[4.5,4.06,4.06,6.94],"texture":"#4"}}},{"from":[11.7632,3.2816,14.288],"to":[11.9936,3.512,14.7488],"faces":{"north":{"uv":[12.5,4.5,11.06,4.94],"texture":"#4"},"east":{"uv":[4.5,4.06,4.06,4.5],"texture":"#4"},"south":{"uv":[12.5,4.5,11.06,4.94],"texture":"#4"},"west":{"uv":[4.5,4.06,4.06,4.5],"texture":"#4"},"up":{"uv":[6.5,4.06,5.06,4.5],"texture":"#4"},"down":{"uv":[6.5,4.06,5.06,4.5],"texture":"#4"}}},{"from":[11.7632,2.8208,14.288],"to":[11.9936,3.0512,14.7488],"faces":{"north":{"uv":[12.5,4.5,11.06,4.94],"texture":"#4"},"east":{"uv":[4.5,4.06,4.06,4.5],"texture":"#4"},"south":{"uv":[12.5,4.5,11.06,4.94],"texture":"#4"},"west":{"uv":[4.5,4.06,4.06,4.5],"texture":"#4"},"up":{"uv":[6.5,4.06,5.06,4.5],"texture":"#4"},"down":{"uv":[6.5,4.06,5.06,4.5],"texture":"#4"}}},{"from":[11.7632,2.80326,14.66063],"to":[11.9936,3.03366,15.29423],"rotation":{"angle":-22.5,"axis":"x","origin":[11.9936,3.03366,14.66063]},"faces":{"north":{"uv":[10.94,5.06,5.06,10.94],"texture":"#4"},"east":{"uv":[6.94,4.06,4.06,4.5],"texture":"#4"},"south":{"uv":[11.94,5.06,5.06,11.94],"texture":"#4"},"west":{"uv":[6.94,4.06,4.06,4.5],"texture":"#4"},"up":{"uv":[4.5,4.06,4.06,6.94],"texture":"#4"},"down":{"uv":[4.5,4.06,4.06,6.94],"texture":"#4"}}},{"from":[11.76314,2.99578,15.1712],"to":[11.99354,3.22618,15.4016],"rotation":{"angle":-45,"axis":"x","origin":[11.99354,3.22618,15.1712]},"faces":{"north":{"uv":[10.94,5.06,5.06,10.94],"texture":"#4"},"east":{"uv":[6.94,4.06,4.06,4.5],"texture":"#4"},"south":{"uv":[11.94,5.06,5.06,11.94],"texture":"#4"},"west":{"uv":[6.94,4.06,4.06,4.5],"texture":"#4"},"up":{"uv":[4.5,4.06,4.06,6.94],"texture":"#4"},"down":{"uv":[4.5,4.06,4.06,6.94],"texture":"#4"}}},{"from":[11.76309,3.31415,15.28433],"to":[11.99349,3.54455,15.51473],"rotation":{"angle":22.5,"axis":"x","origin":[11.99349,3.31415,15.28433]},"faces":{"north":{"uv":[4.5,4.06,4.06,6.94],"rotation":180,"texture":"#4"},"east":{"uv":[6.94,4.06,4.06,4.5],"rotation":270,"texture":"#4"},"south":{"uv":[4.5,4.06,4.06,6.94],"texture":"#4"},"west":{"uv":[6.94,4.06,4.06,4.5],"rotation":90,"texture":"#4"},"up":{"uv":[11.94,5.06,5.06,11.94],"texture":"#4"},"down":{"uv":[10.94,5.06,5.06,10.94],"rotation":180,"texture":"#4"}}},{"from":[11.71712,2.5904,13.136],"to":[11.9936,3.7424,14.288],"faces":{"north":{"uv":[10,3.5,7,4],"texture":"#1"},"east":{"uv":[12.5,4.5,4.5,12.5],"texture":"#4"},"south":{"uv":[10,3.5,7,4],"texture":"#1"},"west":{"uv":[13,4,4,13],"texture":"#4"},"up":{"uv":[4,7,3.5,10],"texture":"#1"},"down":{"uv":[4,7,3.5,10],"texture":"#1"}}},{"from":[11.71712,5.5664,0.08],"to":[11.9936,6.7184,1.232],"faces":{"north":{"uv":[10,3.5,7,4],"texture":"#1"},"east":{"uv":[12.5,4.5,4.5,12.5],"texture":"#4"},"south":{"uv":[10,3.5,7,4],"texture":"#1"},"west":{"uv":[13,4,4,13],"texture":"#4"},"up":{"uv":[4,7,3.5,10],"texture":"#1"},"down":{"uv":[4,7,3.5,10],"texture":"#1"}}},{"from":[11.76308,3.74499,0.82279],"to":[11.94548,6.16419,1.05319],"rotation":{"angle":0,"axis":"x","origin":[11.99348,3.74499,0.82279]},"faces":{"north":{"uv":[4.5,4.06,4.06,6.94],"rotation":180,"texture":"#4"},"east":{"uv":[6.94,4.06,4.06,4.5],"rotation":270,"texture":"#4"},"south":{"uv":[4.5,4.06,4.06,6.94],"texture":"#4"},"west":{"uv":[6.94,4.06,4.06,4.5],"rotation":90,"texture":"#4"},"up":{"uv":[11.94,5.06,5.06,11.94],"texture":"#4"},"down":{"uv":[10.94,5.06,5.06,10.94],"rotation":180,"texture":"#4"}}},{"from":[11.71712,3.5504,0.728],"to":[12.0176,3.9824,1.16],"faces":{"north":{"uv":[10,3.5,7,4],"texture":"#1"},"east":{"uv":[12.5,4.5,4.5,12.5],"texture":"#4"},"south":{"uv":[10,3.5,7,4],"texture":"#1"},"west":{"uv":[13,4,4,13],"texture":"#4"},"up":{"uv":[4,7,3.5,10],"texture":"#1"},"down":{"uv":[4,7,3.5,10],"texture":"#1"}}}],"display":{"gui":{"rotation":[30,135,0],"translation":[0,2,0],"scale":[0.6,0.6,0.6]},"head":{"rotation":[0,90,0],"scale":[3,3,3]}},"groups":[{"name":"octagon","origin":[8,8,8],"children":[0,1,2,3,4,5,6,7,8,9,10,11,12,13,14,15,16,17,18,19,20,21,22,23,24,25,26,27,28,29,30,31,32,33,34,35,36,37,38,39,40,41,42,43,44,45,46,47,48,49,50,51,52,53,54,55,56,57,58,59,60,61]},{"name":"group","origin":[8,8,8],"children":[62,63,64,65,66,67,68,69,70,71,72,73,74,75,76,77,78,79,80,81,82,83,84,85,86,87]},{"name":"group","origin":[8,8,8],"children":[88,89,90,91,92,93,94,95,96,97,98,99,100,101,102,103,104,105,106,107,108,109,110,111,112,113,114,115,116,117,118,119,120,121,122,123,124,125,126,127,128,129]},{"name":"FuturePanel","origin":[8,8,8],"children":[130,131,132,133,134,135,136,137,138,139,140,141,142,143,144,145,146,147,148,149,150,151,152,153,154,155,156,157,158,159,160,161,162,163,164,165,166,167]}],"credit":"Model by Craftventure"}