{"textures":{"3":"block/white_concrete_powder","7":"block/vleugel_twee","8":"block/vleugel_een","9":"block/skin_drie","10":"block/skin_een","11":"block/green_terracotta"},"elements":[{"from":[3.1553,4.03136,3.22136],"to":[12.8897,12.79232,20.66984],"faces":{"north":{"uv":[0,0,8,7],"texture":"#8"},"east":{"uv":[0,0,12,7],"texture":"#8"},"south":{"uv":[0,0,8,7],"texture":"#8"},"west":{"uv":[0,0,12,7],"texture":"#8"},"up":{"uv":[0,0,8,12],"texture":"#8"},"down":{"uv":[0,0,8,12],"texture":"#8"}}},{"from":[2.42522,4.27472,4.1948],"to":[13.61978,13.5224,17.82296],"faces":{"north":{"uv":[0,0,9.5,8.5],"texture":"#8"},"east":{"uv":[0,0,10,8.5],"rotation":90,"texture":"#8"},"south":{"uv":[3,4,4.5,5.5],"texture":"#8"},"west":{"uv":[0,0,10,8.5],"rotation":270,"texture":"#8"},"up":{"uv":[0,0,9.5,10],"texture":"#8"},"down":{"uv":[0,0,9.5,10],"texture":"#8"}}},{"from":[2.42522,2.32784,4.1948],"to":[13.61978,4.27472,17.82296],"faces":{"north":{"uv":[0,1,12,4],"texture":"#7"},"east":{"uv":[1,2,13,5],"texture":"#7"},"south":{"uv":[1,1,13,4],"texture":"#7"},"west":{"uv":[0,1,12,4],"texture":"#7"},"up":{"uv":[0,0,9.5,10],"texture":"#7"},"down":{"uv":[0,4,3.5,5],"texture":"#7"}}},{"from":[3.58361,0.1486,10.36732],"to":[6.85437,2.60166,13.40445],"faces":{"north":{"uv":[2,7,3,8],"texture":"#7"},"east":{"uv":[2,7,3,8],"texture":"#7"},"south":{"uv":[2,7,3,8],"texture":"#7"},"west":{"uv":[1,7,3,10],"texture":"#7"},"up":{"uv":[2,7,3,8],"texture":"#7"},"down":{"uv":[2,7,3,8],"texture":"#7"}}},{"from":[3.81724,-0.43547,10.60094],"to":[6.62075,0.49903,13.17082],"faces":{"north":{"uv":[2,7,3,8],"texture":"#7"},"east":{"uv":[2,7,3,8],"texture":"#7"},"south":{"uv":[2,7,3,8],"texture":"#7"},"west":{"uv":[1,7,3,10],"texture":"#7"},"up":{"uv":[2,7,3,8],"texture":"#7"},"down":{"uv":[2,7,3,8],"texture":"#7"}}},{"from":[4.05086,-2.67743,10.87111],"to":[6.38712,-0.38011,12.85692],"faces":{"north":{"uv":[5,0,10.29937,6.25],"texture":"#9"},"east":{"uv":[5,0,10.29937,6.25],"texture":"#9"},"south":{"uv":[5,0,10.29937,6.25],"texture":"#9"},"west":{"uv":[5,0,10.29937,6.25],"texture":"#9"},"up":{"uv":[0,0,1.6,1.3],"rotation":180,"texture":"#9"},"down":{"uv":[4,2,5.59951,3.29934],"texture":"#9"}}},{"from":[4.37697,-9.05575,11.15921],"to":[6.09022,-6.43232,12.55123],"rotation":{"angle":22.5,"axis":"x","origin":[7.53578,-5.5757,16.67374]},"faces":{"north":{"uv":[5,0,10.29937,5.25],"texture":"#9"},"east":{"uv":[5,0,10.29937,5.25],"texture":"#9"},"south":{"uv":[5,0,10.29937,5.25],"texture":"#9"},"west":{"uv":[5,0,10.29937,5.25],"texture":"#9"},"up":{"uv":[0,0,1.6,1.3],"rotation":180,"texture":"#9"},"down":{"uv":[0,0,1.6,1.3],"texture":"#9"}}},{"from":[4.37804,-12.31578,9.69096],"to":[6.09129,-10.44191,11.08298],"rotation":{"angle":45,"axis":"x","origin":[7.53578,-9.37112,15.2055]},"faces":{"north":{"uv":[5,0,10.29937,5.25],"texture":"#9"},"east":{"uv":[5,0,10.29937,5.25],"texture":"#9"},"south":{"uv":[5,0,10.29937,5.25],"texture":"#9"},"west":{"uv":[5,1,10.29937,5.25],"texture":"#9"},"up":{"uv":[5,2,10.29937,6.25],"texture":"#9"},"down":{"uv":[5,2,10.29937,6.25],"texture":"#9"}}},{"from":[4.37697,-8.53826,8.33437],"to":[6.09022,-7.14624,10.20824],"faces":{"north":{"uv":[4,3,11.59868,10.75],"texture":"#9"},"east":{"uv":[4,3,11.59868,10.75],"texture":"#9"},"south":{"uv":[4,3,11.59868,10.75],"texture":"#9"},"west":{"uv":[4,3,11.59868,10.75],"texture":"#9"},"up":{"uv":[4,3,11.59868,10.75],"texture":"#9"},"down":{"uv":[4,3,11.59868,10.75],"texture":"#9"}}},{"from":[4.6982,-8.3241,7.33814],"to":[5.76899,-7.36039,8.9233],"faces":{"north":{"uv":[3,1,10.29937,1.75],"rotation":270,"texture":"#9"},"east":{"uv":[3,1,10.29937,1.75],"rotation":270,"texture":"#9"},"south":{"uv":[3,1,10.29937,1.75],"rotation":270,"texture":"#9"},"west":{"uv":[3,1,10.29937,1.75],"rotation":270,"texture":"#9"},"up":{"uv":[3,1,10.29937,1.75],"rotation":180,"texture":"#9"},"down":{"uv":[3,1,10.29937,1.75],"texture":"#9"}}},{"from":[4.6982,-6.0145,8.98397],"to":[5.76899,-5.0508,10.77245],"rotation":{"angle":-45,"axis":"x","origin":[7.53556,-10.35118,11.84322]},"faces":{"north":{"uv":[6,1,9.59868,5.75],"rotation":270,"texture":"#9"},"east":{"uv":[6,1,9.59868,5.75],"rotation":270,"texture":"#9"},"south":{"uv":[6,1,9.59868,5.75],"rotation":270,"texture":"#9"},"west":{"uv":[6,1,9.59868,5.75],"rotation":90,"texture":"#9"},"up":{"uv":[6,1,9.59868,5.75],"rotation":180,"texture":"#9"},"down":{"uv":[6,1,9.59868,5.75],"texture":"#9"}}},{"from":[5.71775,-8.3241,8.68238],"to":[6.62792,-7.36039,9.75316],"faces":{"north":{"uv":[3,1,10.29937,1.75],"rotation":270,"texture":"#9"},"east":{"uv":[3,1,10.29937,1.75],"rotation":270,"texture":"#9"},"south":{"uv":[3,1,10.29937,1.75],"rotation":270,"texture":"#9"},"west":{"uv":[3,1,10.29937,1.75],"rotation":270,"texture":"#9"},"up":{"uv":[3,1,10.29937,1.75],"rotation":270,"texture":"#9"},"down":{"uv":[3,1,10.29937,1.75],"rotation":270,"texture":"#9"}}},{"from":[3.19359,-6.01449,8.6826],"to":[4.53207,-5.05079,9.75339],"rotation":{"angle":-45,"axis":"z","origin":[2.12282,-10.35117,11.51995]},"faces":{"north":{"uv":[6,1,9.59868,5.75],"rotation":90,"texture":"#9"},"east":{"uv":[6,1,9.59868,5.75],"rotation":270,"texture":"#9"},"south":{"uv":[6,1,9.59868,5.75],"rotation":270,"texture":"#9"},"west":{"uv":[6,1,9.59868,5.75],"rotation":270,"texture":"#9"},"up":{"uv":[6,1,9.59868,5.75],"rotation":270,"texture":"#9"},"down":{"uv":[6,1,9.59868,5.75],"rotation":270,"texture":"#9"}}},{"from":[6.60436,-10.89856,8.68238],"to":[7.56807,-10.41671,9.75316],"rotation":{"angle":22.5,"axis":"z","origin":[2.26769,-9.34593,11.51995]},"faces":{"north":{"uv":[9.59868,5.75,6,3],"rotation":180,"texture":"#9"},"east":{"uv":[9.59868,5.75,6,3],"rotation":180,"texture":"#9"},"south":{"uv":[9.59868,5.75,6,3],"rotation":180,"texture":"#9"},"west":{"uv":[9.59868,5.75,6,3],"rotation":180,"texture":"#9"},"up":{"uv":[6,1,9.59868,5.75],"rotation":270,"texture":"#9"},"down":{"uv":[6,1,9.59868,5.75],"rotation":270,"texture":"#9"}}},{"from":[6.60436,-11.24657,8.68238],"to":[7.56807,-10.89856,9.75316],"rotation":{"angle":22.5,"axis":"z","origin":[2.26769,-9.34593,11.51995]},"faces":{"north":{"uv":[2,7,3,7.89967],"rotation":270,"texture":"#7"},"east":{"uv":[2,7,3,7.89967],"rotation":270,"texture":"#7"},"south":{"uv":[2,7,3,7.89967],"rotation":270,"texture":"#7"},"west":{"uv":[2,7,3,7.89967],"rotation":270,"texture":"#7"},"up":{"uv":[2,7,3,7.89967],"rotation":270,"texture":"#7"},"down":{"uv":[2,7,3,7.89967],"rotation":270,"texture":"#7"}}},{"from":[6.71144,-11.35365,8.78946],"to":[7.46099,-11.2198,9.64608],"rotation":{"angle":22.5,"axis":"z","origin":[2.26769,-9.34593,11.51995]},"faces":{"north":{"uv":[2,7,3,7.89967],"rotation":270,"texture":"#7"},"east":{"uv":[2,7,3,7.89967],"rotation":270,"texture":"#7"},"south":{"uv":[2,7,3,7.89967],"rotation":270,"texture":"#7"},"west":{"uv":[2,7,3,7.89967],"rotation":270,"texture":"#7"},"up":{"uv":[2,7,3,7.89967],"rotation":270,"texture":"#7"},"down":{"uv":[2,7,3,7.89967],"rotation":270,"texture":"#7"}}},{"from":[9.95478,-9.05575,11.15921],"to":[11.66803,-6.43232,12.55123],"rotation":{"angle":22.5,"axis":"x","origin":[8.50922,-5.5757,16.67374]},"faces":{"north":{"uv":[10.29937,0,5,5.25],"texture":"#9"},"east":{"uv":[10.29937,0,5,5.25],"texture":"#9"},"south":{"uv":[10.29937,0,5,5.25],"texture":"#9"},"west":{"uv":[10.29937,0,5,5.25],"texture":"#9"},"up":{"uv":[1.6,0,0,1.3],"rotation":180,"texture":"#9"},"down":{"uv":[1.6,0,0,1.3],"texture":"#9"}}},{"from":[9.95371,-12.31578,9.69096],"to":[11.66696,-10.44191,11.08298],"rotation":{"angle":45,"axis":"x","origin":[8.50922,-9.37112,15.2055]},"faces":{"north":{"uv":[10.29937,0,5,5.25],"texture":"#9"},"east":{"uv":[10.29937,1,5,5.25],"texture":"#9"},"south":{"uv":[10.29937,0,5,5.25],"texture":"#9"},"west":{"uv":[10.29937,0,5,5.25],"texture":"#9"},"up":{"uv":[10.29937,2,5,6.25],"texture":"#9"},"down":{"uv":[10.29937,2,5,6.25],"texture":"#9"}}},{"from":[9.95478,-8.53826,8.33437],"to":[11.66803,-7.14624,10.20824],"faces":{"north":{"uv":[11.59868,3,4,10.75],"texture":"#9"},"east":{"uv":[11.59868,3,4,10.75],"texture":"#9"},"south":{"uv":[11.59868,3,4,10.75],"texture":"#9"},"west":{"uv":[11.59868,3,4,10.75],"texture":"#9"},"up":{"uv":[11.59868,3,4,10.75],"texture":"#9"},"down":{"uv":[11.59868,3,4,10.75],"texture":"#9"}}},{"from":[9.68708,-8.3241,8.68238],"to":[10.59725,-7.36039,9.75316],"faces":{"north":{"uv":[3,1.75,10.29937,1],"rotation":270,"texture":"#9"},"east":{"uv":[3,1.75,10.29937,1],"rotation":270,"texture":"#9"},"south":{"uv":[3,1.75,10.29937,1],"rotation":270,"texture":"#9"},"west":{"uv":[3,1.75,10.29937,1],"rotation":270,"texture":"#9"},"up":{"uv":[3,1.75,10.29937,1],"rotation":270,"texture":"#9"},"down":{"uv":[3,1.75,10.29937,1],"rotation":270,"texture":"#9"}}},{"from":[11.78293,-6.01449,8.6826],"to":[13.12141,-5.05079,9.75339],"rotation":{"angle":45,"axis":"z","origin":[14.19218,-10.35117,11.51995]},"faces":{"north":{"uv":[6,5.75,9.59868,1],"rotation":90,"texture":"#9"},"east":{"uv":[6,5.75,9.59868,1],"rotation":270,"texture":"#9"},"south":{"uv":[6,5.75,9.59868,1],"rotation":270,"texture":"#9"},"west":{"uv":[6,5.75,9.59868,1],"rotation":270,"texture":"#9"},"up":{"uv":[6,5.75,9.59868,1],"rotation":270,"texture":"#9"},"down":{"uv":[6,5.75,9.59868,1],"rotation":270,"texture":"#9"}}},{"from":[8.74693,-10.89856,8.68238],"to":[9.71064,-10.41671,9.75316],"rotation":{"angle":-22.5,"axis":"z","origin":[14.04731,-9.34593,11.51995]},"faces":{"north":{"uv":[6,5.75,9.59868,3],"rotation":180,"texture":"#9"},"east":{"uv":[6,5.75,9.59868,3],"rotation":180,"texture":"#9"},"south":{"uv":[6,5.75,9.59868,3],"rotation":180,"texture":"#9"},"west":{"uv":[6,5.75,9.59868,3],"rotation":180,"texture":"#9"},"up":{"uv":[6,5.75,9.59868,1],"rotation":270,"texture":"#9"},"down":{"uv":[6,5.75,9.59868,1],"rotation":270,"texture":"#9"}}},{"from":[8.74693,-11.24657,8.68238],"to":[9.71064,-10.89856,9.75316],"rotation":{"angle":-22.5,"axis":"z","origin":[14.04731,-9.34593,11.51995]},"faces":{"north":{"uv":[2,7.89967,3,7],"rotation":270,"texture":"#7"},"east":{"uv":[2,7.89967,3,7],"rotation":270,"texture":"#7"},"south":{"uv":[2,7.89967,3,7],"rotation":270,"texture":"#7"},"west":{"uv":[2,7.89967,3,7],"rotation":270,"texture":"#7"},"up":{"uv":[2,7.89967,3,7],"rotation":270,"texture":"#7"},"down":{"uv":[2,7.89967,3,7],"rotation":270,"texture":"#7"}}},{"from":[8.85401,-11.35365,8.78946],"to":[9.60356,-11.2198,9.64608],"rotation":{"angle":-22.5,"axis":"z","origin":[14.04731,-9.34593,11.51995]},"faces":{"north":{"uv":[2,7.89967,3,7],"rotation":270,"texture":"#7"},"east":{"uv":[2,7.89967,3,7],"rotation":270,"texture":"#7"},"south":{"uv":[2,7.89967,3,7],"rotation":270,"texture":"#7"},"west":{"uv":[2,7.89967,3,7],"rotation":270,"texture":"#7"},"up":{"uv":[2,7.89967,3,7],"rotation":270,"texture":"#7"},"down":{"uv":[2,7.89967,3,7],"rotation":270,"texture":"#7"}}},{"from":[4.6982,-11.6234,6.07979],"to":[5.76899,-10.73492,7.0435],"rotation":{"angle":22.5,"axis":"x","origin":[7.53556,-9.66414,11.38017]},"faces":{"north":{"uv":[6,1,9.59868,5.75],"texture":"#9"},"east":{"uv":[6,1,9.59868,5.75],"texture":"#9"},"south":{"uv":[6,1,9.59868,5.75],"texture":"#9"},"west":{"uv":[6,1,9.59868,5.75],"texture":"#9"},"up":{"uv":[6,1,9.59868,5.75],"rotation":270,"texture":"#9"},"down":{"uv":[6,1,9.59868,5.75],"rotation":90,"texture":"#9"}}},{"from":[4.6982,-11.94045,5.92418],"to":[5.76899,-11.59244,6.88789],"rotation":{"angle":22.5,"axis":"x","origin":[2.93141,-10.03981,11.22457]},"faces":{"north":{"uv":[2,7.89967,3,7],"rotation":270,"texture":"#7"},"east":{"uv":[2,7.89967,3,7],"rotation":270,"texture":"#7"},"south":{"uv":[2,7.89967,3,7],"rotation":270,"texture":"#7"},"west":{"uv":[2,7.89967,3,7],"rotation":270,"texture":"#7"},"up":{"uv":[3,7,2,7.89967],"rotation":180,"texture":"#7"},"down":{"uv":[3,7,2,7.89967],"texture":"#7"}}},{"from":[4.80528,-12.04753,6.03126],"to":[5.66191,-11.91368,6.78081],"rotation":{"angle":22.5,"axis":"x","origin":[2.93141,-10.03981,11.22457]},"faces":{"north":{"uv":[2,7.89967,3,7],"rotation":270,"texture":"#7"},"east":{"uv":[2,7.89967,3,7],"rotation":270,"texture":"#7"},"south":{"uv":[2,7.89967,3,7],"rotation":270,"texture":"#7"},"west":{"uv":[2,7.89967,3,7],"rotation":270,"texture":"#7"},"up":{"uv":[3,7,2,7.89967],"rotation":180,"texture":"#7"},"down":{"uv":[3,7,2,7.89967],"texture":"#7"}}},{"from":[3.41043,-8.3241,8.72567],"to":[4.9956,-7.36039,9.79646],"faces":{"north":{"uv":[3,1,10.29937,1.75],"rotation":270,"texture":"#9"},"east":{"uv":[3,1,10.29937,1.75],"rotation":270,"texture":"#9"},"south":{"uv":[3,1,10.29937,1.75],"rotation":270,"texture":"#9"},"west":{"uv":[3,1,10.29937,1.75],"rotation":270,"texture":"#9"},"up":{"uv":[3,1,10.29937,1.75],"rotation":90,"texture":"#9"},"down":{"uv":[3,1,10.29937,1.75],"rotation":90,"texture":"#9"}}},{"from":[5.05626,-6.0145,8.72567],"to":[6.84474,-5.0508,9.79646],"rotation":{"angle":45,"axis":"z","origin":[7.91552,-10.35118,6.9591]},"faces":{"north":{"uv":[6,1,9.59868,5.75],"rotation":270,"texture":"#9"},"east":{"uv":[6,1,9.59868,5.75],"rotation":270,"texture":"#9"},"south":{"uv":[6,1,9.59868,5.75],"rotation":90,"texture":"#9"},"west":{"uv":[6,1,9.59868,5.75],"rotation":270,"texture":"#9"},"up":{"uv":[6,1,9.59868,5.75],"rotation":90,"texture":"#9"},"down":{"uv":[6,1,9.59868,5.75],"rotation":90,"texture":"#9"}}},{"from":[2.15208,-11.6234,8.72567],"to":[3.11579,-10.73492,9.79646],"rotation":{"angle":-22.5,"axis":"z","origin":[7.45246,-9.66414,6.9591]},"faces":{"north":{"uv":[6,1,9.59868,5.75],"texture":"#9"},"east":{"uv":[6,1,9.59868,5.75],"texture":"#9"},"south":{"uv":[6,1,9.59868,5.75],"texture":"#9"},"west":{"uv":[6,1,9.59868,5.75],"texture":"#9"},"up":{"uv":[6,1,9.59868,5.75],"rotation":180,"texture":"#9"},"down":{"uv":[6,1,9.59868,5.75],"rotation":180,"texture":"#9"}}},{"from":[1.99648,-11.94045,8.72567],"to":[2.96018,-11.59244,9.79646],"rotation":{"angle":-22.5,"axis":"z","origin":[7.29686,-10.03981,11.56325]},"faces":{"north":{"uv":[2,7.89967,3,7],"rotation":270,"texture":"#7"},"east":{"uv":[2,7.89967,3,7],"rotation":270,"texture":"#7"},"south":{"uv":[2,7.89967,3,7],"rotation":270,"texture":"#7"},"west":{"uv":[2,7.89967,3,7],"rotation":270,"texture":"#7"},"up":{"uv":[3,7,2,7.89967],"rotation":90,"texture":"#7"},"down":{"uv":[3,7,2,7.89967],"rotation":90,"texture":"#7"}}},{"from":[2.10356,-12.04753,8.83275],"to":[2.8531,-11.91368,9.68938],"rotation":{"angle":-22.5,"axis":"z","origin":[7.29686,-10.03981,11.56325]},"faces":{"north":{"uv":[2,7.89967,3,7],"rotation":270,"texture":"#7"},"east":{"uv":[2,7.89967,3,7],"rotation":270,"texture":"#7"},"south":{"uv":[2,7.89967,3,7],"rotation":270,"texture":"#7"},"west":{"uv":[2,7.89967,3,7],"rotation":270,"texture":"#7"},"up":{"uv":[3,7,2,7.89967],"rotation":90,"texture":"#7"},"down":{"uv":[3,7,2,7.89967],"rotation":90,"texture":"#7"}}},{"from":[10.27601,-8.3241,7.33814],"to":[11.3468,-7.36039,8.9233],"faces":{"north":{"uv":[3,1.75,10.29937,1],"rotation":270,"texture":"#9"},"east":{"uv":[3,1.75,10.29937,1],"rotation":270,"texture":"#9"},"south":{"uv":[3,1.75,10.29937,1],"rotation":270,"texture":"#9"},"west":{"uv":[3,1.75,10.29937,1],"rotation":270,"texture":"#9"},"up":{"uv":[10.29937,1,3,1.75],"rotation":180,"texture":"#9"},"down":{"uv":[10.29937,1,3,1.75],"texture":"#9"}}},{"from":[10.27601,-6.0145,8.98397],"to":[11.3468,-5.0508,10.77245],"rotation":{"angle":-45,"axis":"x","origin":[8.50944,-10.35118,11.84322]},"faces":{"north":{"uv":[6,5.75,9.59868,1],"rotation":270,"texture":"#9"},"east":{"uv":[6,5.75,9.59868,1],"rotation":90,"texture":"#9"},"south":{"uv":[6,5.75,9.59868,1],"rotation":270,"texture":"#9"},"west":{"uv":[6,5.75,9.59868,1],"rotation":270,"texture":"#9"},"up":{"uv":[9.59868,1,6,5.75],"rotation":180,"texture":"#9"},"down":{"uv":[9.59868,1,6,5.75],"texture":"#9"}}},{"from":[10.27601,-11.6234,6.07979],"to":[11.3468,-10.73492,7.0435],"rotation":{"angle":22.5,"axis":"x","origin":[8.50944,-9.66414,11.38017]},"faces":{"north":{"uv":[9.59868,1,6,5.75],"texture":"#9"},"east":{"uv":[9.59868,1,6,5.75],"texture":"#9"},"south":{"uv":[9.59868,1,6,5.75],"texture":"#9"},"west":{"uv":[9.59868,1,6,5.75],"texture":"#9"},"up":{"uv":[6,5.75,9.59868,1],"rotation":270,"texture":"#9"},"down":{"uv":[6,5.75,9.59868,1],"rotation":90,"texture":"#9"}}},{"from":[10.27601,-11.94045,5.92418],"to":[11.3468,-11.59244,6.88789],"rotation":{"angle":22.5,"axis":"x","origin":[13.11359,-10.03981,11.22457]},"faces":{"north":{"uv":[2,7,3,7.89967],"rotation":270,"texture":"#7"},"east":{"uv":[2,7,3,7.89967],"rotation":270,"texture":"#7"},"south":{"uv":[2,7,3,7.89967],"rotation":270,"texture":"#7"},"west":{"uv":[2,7,3,7.89967],"rotation":270,"texture":"#7"},"up":{"uv":[2,7,3,7.89967],"rotation":180,"texture":"#7"},"down":{"uv":[2,7,3,7.89967],"texture":"#7"}}},{"from":[10.38309,-12.04753,6.03126],"to":[11.23972,-11.91368,6.78081],"rotation":{"angle":22.5,"axis":"x","origin":[13.11359,-10.03981,11.22457]},"faces":{"north":{"uv":[2,7,3,7.89967],"rotation":270,"texture":"#7"},"east":{"uv":[2,7,3,7.89967],"rotation":270,"texture":"#7"},"south":{"uv":[2,7,3,7.89967],"rotation":270,"texture":"#7"},"west":{"uv":[2,7,3,7.89967],"rotation":270,"texture":"#7"},"up":{"uv":[2,7,3,7.89967],"rotation":180,"texture":"#7"},"down":{"uv":[2,7,3,7.89967],"texture":"#7"}}},{"from":[11.0494,-8.3241,8.72567],"to":[12.63457,-7.36039,9.79646],"faces":{"north":{"uv":[3,1.75,10.29937,1],"rotation":270,"texture":"#9"},"east":{"uv":[3,1.75,10.29937,1],"rotation":270,"texture":"#9"},"south":{"uv":[3,1.75,10.29937,1],"rotation":270,"texture":"#9"},"west":{"uv":[3,1.75,10.29937,1],"rotation":270,"texture":"#9"},"up":{"uv":[3,1.75,10.29937,1],"rotation":90,"texture":"#9"},"down":{"uv":[3,1.75,10.29937,1],"rotation":90,"texture":"#9"}}},{"from":[9.20026,-6.0145,8.72567],"to":[10.98874,-5.0508,9.79646],"rotation":{"angle":-45,"axis":"z","origin":[8.12948,-10.35118,6.9591]},"faces":{"north":{"uv":[6,5.75,9.59868,1],"rotation":270,"texture":"#9"},"east":{"uv":[6,5.75,9.59868,1],"rotation":270,"texture":"#9"},"south":{"uv":[6,5.75,9.59868,1],"rotation":90,"texture":"#9"},"west":{"uv":[6,5.75,9.59868,1],"rotation":270,"texture":"#9"},"up":{"uv":[6,5.75,9.59868,1],"rotation":90,"texture":"#9"},"down":{"uv":[6,5.75,9.59868,1],"rotation":90,"texture":"#9"}}},{"from":[12.92921,-11.6234,8.72567],"to":[13.89292,-10.73492,9.79646],"rotation":{"angle":22.5,"axis":"z","origin":[8.59254,-9.66414,6.9591]},"faces":{"north":{"uv":[9.59868,1,6,5.75],"texture":"#9"},"east":{"uv":[9.59868,1,6,5.75],"texture":"#9"},"south":{"uv":[9.59868,1,6,5.75],"texture":"#9"},"west":{"uv":[9.59868,1,6,5.75],"texture":"#9"},"up":{"uv":[9.59868,1,6,5.75],"rotation":180,"texture":"#9"},"down":{"uv":[9.59868,1,6,5.75],"rotation":180,"texture":"#9"}}},{"from":[13.08482,-11.94045,8.72567],"to":[14.04852,-11.59244,9.79646],"rotation":{"angle":22.5,"axis":"z","origin":[8.74814,-10.03981,11.56325]},"faces":{"north":{"uv":[2,7,3,7.89967],"rotation":270,"texture":"#7"},"east":{"uv":[2,7,3,7.89967],"rotation":270,"texture":"#7"},"south":{"uv":[2,7,3,7.89967],"rotation":270,"texture":"#7"},"west":{"uv":[2,7,3,7.89967],"rotation":270,"texture":"#7"},"up":{"uv":[3,7.89967,2,7],"rotation":90,"texture":"#7"},"down":{"uv":[3,7.89967,2,7],"rotation":90,"texture":"#7"}}},{"from":[13.1919,-12.04753,8.83275],"to":[13.94144,-11.91368,9.68938],"rotation":{"angle":22.5,"axis":"z","origin":[8.74814,-10.03981,11.56325]},"faces":{"north":{"uv":[2,7,3,7.89967],"rotation":270,"texture":"#7"},"east":{"uv":[2,7,3,7.89967],"rotation":270,"texture":"#7"},"south":{"uv":[2,7,3,7.89967],"rotation":270,"texture":"#7"},"west":{"uv":[2,7,3,7.89967],"rotation":270,"texture":"#7"},"up":{"uv":[3,7.89967,2,7],"rotation":90,"texture":"#7"},"down":{"uv":[3,7.89967,2,7],"rotation":90,"texture":"#7"}}},{"from":[4.24555,-4.819,11.0658],"to":[6.19243,-2.61902,12.66224],"faces":{"north":{"uv":[5,0,10.29937,6.25],"texture":"#9"},"east":{"uv":[5,0,10.29937,6.25],"texture":"#9"},"south":{"uv":[5,0,10.29937,6.25],"texture":"#9"},"west":{"uv":[5,0,10.29937,6.25],"texture":"#9"},"up":{"uv":[0,0,1.6,1.3],"rotation":180,"texture":"#9"},"down":{"uv":[4,2,5.59951,3.29934],"texture":"#9"}}},{"from":[9.19063,0.1486,10.36732],"to":[12.46139,2.60166,13.40445],"faces":{"north":{"uv":[3,7,2,8],"texture":"#7"},"east":{"uv":[3,7,1,10],"texture":"#7"},"south":{"uv":[3,7,2,8],"texture":"#7"},"west":{"uv":[3,7,2,8],"texture":"#7"},"up":{"uv":[3,7,2,8],"texture":"#7"},"down":{"uv":[3,7,2,8],"texture":"#7"}}},{"from":[9.42425,-0.43547,10.60094],"to":[12.22776,0.49903,13.17082],"faces":{"north":{"uv":[3,7,2,8],"texture":"#7"},"east":{"uv":[3,7,1,10],"texture":"#7"},"south":{"uv":[3,7,2,8],"texture":"#7"},"west":{"uv":[3,7,2,8],"texture":"#7"},"up":{"uv":[3,7,2,8],"texture":"#7"},"down":{"uv":[3,7,2,8],"texture":"#7"}}},{"from":[9.65788,-2.67743,10.87111],"to":[11.99414,-0.38011,12.85692],"faces":{"north":{"uv":[10.29937,0,5,6.25],"texture":"#9"},"east":{"uv":[10.29937,0,5,6.25],"texture":"#9"},"south":{"uv":[10.29937,0,5,6.25],"texture":"#9"},"west":{"uv":[10.29937,0,5,6.25],"texture":"#9"},"up":{"uv":[1.6,0,0,1.3],"rotation":180,"texture":"#9"},"down":{"uv":[5.59951,2,4,3.29934],"texture":"#9"}}},{"from":[9.85257,-4.819,11.0658],"to":[11.79945,-2.61902,12.66224],"faces":{"north":{"uv":[10.29937,0,5,6.25],"texture":"#9"},"east":{"uv":[10.29937,0,5,6.25],"texture":"#9"},"south":{"uv":[10.29937,0,5,6.25],"texture":"#9"},"west":{"uv":[10.29937,0,5,6.25],"texture":"#9"},"up":{"uv":[1.6,0,0,1.3],"rotation":180,"texture":"#9"},"down":{"uv":[5.59951,2,4,3.29934],"texture":"#9"}}},{"from":[6.91361,10.65593,3.05632],"to":[9.28437,12.79306,5.50939],"rotation":{"angle":-22.5,"axis":"x","origin":[10.16047,6.07633,7.90405]},"faces":{"north":{"uv":[2,7,3,8],"rotation":180,"texture":"#7"},"east":{"uv":[2,7,3,8],"rotation":270,"texture":"#7"},"south":{"uv":[2,7,3,8],"texture":"#7"},"west":{"uv":[1,7,3,10],"rotation":90,"texture":"#7"},"up":{"uv":[2,7,3,8],"rotation":180,"texture":"#7"},"down":{"uv":[2,7,3,8],"texture":"#7"}}},{"from":[6.91361,11.95007,2.44995],"to":[9.28437,14.0872,4.90302],"rotation":{"angle":-45,"axis":"x","origin":[10.16047,7.37047,7.29768]},"faces":{"north":{"uv":[2,7,3,8],"rotation":180,"texture":"#7"},"east":{"uv":[2,7,3,8],"rotation":270,"texture":"#7"},"south":{"uv":[2,7,3,8],"texture":"#7"},"west":{"uv":[1,7,3,10],"rotation":90,"texture":"#7"},"up":{"uv":[2,7,3,8],"rotation":180,"texture":"#7"},"down":{"uv":[2,7,3,8],"texture":"#7"}}},{"from":[7.09361,12.13007,-2.39005],"to":[9.10437,13.9072,2.47302],"rotation":{"angle":-45,"axis":"x","origin":[10.16047,7.37047,7.29768]},"faces":{"north":{"uv":[2,7,3,8],"rotation":180,"texture":"#7"},"east":{"uv":[2,7,3,8],"rotation":270,"texture":"#7"},"south":{"uv":[2,7,3,8],"texture":"#7"},"west":{"uv":[1,7,3,10],"rotation":90,"texture":"#7"},"up":{"uv":[2,7,3,8],"rotation":180,"texture":"#7"},"down":{"uv":[2,7,3,8],"texture":"#7"}}},{"from":[3.00928,1.88979,4.87621],"to":[13.13306,3.00925,17.2389],"faces":{"north":{"uv":[1,5,2.5,6],"texture":"#7"},"east":{"uv":[1,5,2.5,6],"texture":"#7"},"south":{"uv":[1,5,2.5,6],"texture":"#7"},"west":{"uv":[1,5,2.5,6],"texture":"#7"},"up":{"uv":[1,5,2.5,6],"texture":"#7"},"down":{"uv":[1,5,2.5,6],"texture":"#7"}}},{"from":[6.07126,4.90121,23.98337],"to":[8.22435,7.25615,29.56796],"rotation":{"angle":45,"axis":"x","origin":[10.84844,11.62962,22.63769]},"faces":{"north":{"uv":[0,0,1.6,1.75],"texture":"#3"},"east":{"uv":[0,0,4.15,1.75],"texture":"#3"},"south":{"uv":[0,0,1.6,1.75],"texture":"#3"},"west":{"uv":[0,0,4.15,1.75],"texture":"#3"},"up":{"uv":[0,0,1.6,4.15],"texture":"#3"},"down":{"uv":[0,0,1.6,4.15],"texture":"#3"}}},{"from":[5.26385,2.89236,21.33794],"to":[8.22435,6.18928,23.35647],"rotation":{"angle":-22.5,"axis":"x","origin":[7.75336,6.45842,28.06636]},"faces":{"north":{"uv":[0,0,2.2,2.45],"rotation":180,"texture":"#3"},"east":{"uv":[0,0,1.5,2.45],"rotation":270,"texture":"#3"},"south":{"uv":[0,0,2.2,2.45],"texture":"#3"},"west":{"uv":[0,0,1.5,2.45],"rotation":90,"texture":"#3"},"up":{"uv":[0,0,2.2,1.5],"rotation":180,"texture":"#3"},"down":{"uv":[0,0,2.2,1.5],"texture":"#3"}}},{"from":[7.82065,4.90121,23.98337],"to":[9.97374,7.25615,29.56796],"rotation":{"angle":45,"axis":"x","origin":[5.19656,11.62962,22.63769]},"faces":{"north":{"uv":[0,0,1.6,1.75],"texture":"#3"},"east":{"uv":[0,0,4.15,1.75],"texture":"#3"},"south":{"uv":[0,0,1.6,1.75],"texture":"#3"},"west":{"uv":[0,0,4.15,1.75],"texture":"#3"},"up":{"uv":[0,0,1.6,4.15],"texture":"#3"},"down":{"uv":[0,0,1.6,4.15],"texture":"#3"}}},{"from":[7.82065,2.89236,21.33794],"to":[10.78115,6.18928,23.35647],"rotation":{"angle":-22.5,"axis":"x","origin":[8.29164,6.45842,28.06636]},"faces":{"north":{"uv":[0,0,2.2,2.45],"rotation":180,"texture":"#3"},"east":{"uv":[0,0,1.5,2.45],"rotation":90,"texture":"#3"},"south":{"uv":[0,0,2.2,2.45],"texture":"#3"},"west":{"uv":[0,0,1.5,2.45],"rotation":270,"texture":"#3"},"up":{"uv":[0,0,2.2,1.5],"rotation":180,"texture":"#3"},"down":{"uv":[0,0,2.2,1.5],"texture":"#3"}}},{"from":[7.82065,0.90245,22.49663],"to":[11.45399,3.12283,23.84231],"rotation":{"angle":-22.5,"axis":"x","origin":[8.29164,3.6611,29.22505]},"faces":{"north":{"uv":[0,0,2.7,1.65],"rotation":180,"texture":"#3"},"east":{"uv":[0,0,1,1.65],"rotation":90,"texture":"#3"},"south":{"uv":[0,0,2.7,1.65],"texture":"#3"},"west":{"uv":[0,0,1,1.65],"rotation":270,"texture":"#3"},"up":{"uv":[0,0,2.7,1],"rotation":180,"texture":"#3"},"down":{"uv":[0,0,2.7,1],"texture":"#3"}}},{"from":[4.59101,0.90245,22.49663],"to":[8.22435,3.12283,23.84231],"rotation":{"angle":-22.5,"axis":"x","origin":[7.75336,3.6611,29.22505]},"faces":{"north":{"uv":[0,0,2.7,1.65],"rotation":180,"texture":"#3"},"east":{"uv":[0,0,1,1.65],"rotation":270,"texture":"#3"},"south":{"uv":[0,0,2.7,1.65],"texture":"#3"},"west":{"uv":[0,0,1,1.65],"rotation":90,"texture":"#3"},"up":{"uv":[0,0,2.7,1],"rotation":180,"texture":"#3"},"down":{"uv":[0,0,2.7,1],"texture":"#3"}}},{"from":[2.57248,-2.87819,24.06505],"to":[5.93669,-1.66708,25.00703],"faces":{"north":{"uv":[0,0,2.5,0.9],"rotation":180,"texture":"#8"},"east":{"uv":[0,0,0.7,0.9],"rotation":270,"texture":"#8"},"south":{"uv":[0,0,2.5,0.9],"texture":"#8"},"west":{"uv":[0,0,0.7,0.9],"rotation":90,"texture":"#8"},"up":{"uv":[0,0,2.5,0.7],"rotation":180,"texture":"#8"},"down":{"uv":[0,0,2.5,0.7],"texture":"#8"}}},{"from":[5.93669,-2.87819,24.06505],"to":[10.10831,-1.66708,25.00703],"faces":{"north":{"uv":[0,0,3.1,0.9],"rotation":180,"texture":"#8"},"east":{"uv":[0,0,0.7,0.9],"rotation":270,"texture":"#8"},"south":{"uv":[0,0,3.1,0.9],"texture":"#8"},"west":{"uv":[0,0,0.7,0.9],"rotation":90,"texture":"#8"},"up":{"uv":[0,0,3.1,0.7],"rotation":180,"texture":"#8"},"down":{"uv":[0,0,3.1,0.7],"texture":"#8"}}},{"from":[10.10831,-2.87819,24.06505],"to":[13.47252,-1.66708,25.00703],"faces":{"north":{"uv":[0,0,2.5,0.9],"rotation":180,"texture":"#8"},"east":{"uv":[0,0,0.7,0.9],"rotation":90,"texture":"#8"},"south":{"uv":[0,0,2.5,0.9],"texture":"#8"},"west":{"uv":[0,0,0.7,0.9],"rotation":270,"texture":"#8"},"up":{"uv":[0,0,2.5,0.7],"rotation":180,"texture":"#8"},"down":{"uv":[0,0,2.5,0.7],"texture":"#8"}}},{"from":[10.10831,-1.66708,24.06505],"to":[13.20338,-0.38868,25.41074],"faces":{"north":{"uv":[0,0,2.3,0.95],"rotation":180,"texture":"#8"},"east":{"uv":[0,0,1,0.95],"rotation":90,"texture":"#8"},"south":{"uv":[0,0,2.3,0.95],"texture":"#8"},"west":{"uv":[0,0,1,0.95],"rotation":270,"texture":"#8"},"up":{"uv":[0,0,2.3,1],"rotation":180,"texture":"#8"},"down":{"uv":[0,0,2.3,1],"texture":"#8"}}},{"from":[5.93669,-1.66708,24.06505],"to":[10.10831,-0.38868,25.41074],"faces":{"north":{"uv":[0,0,3.1,0.95],"rotation":180,"texture":"#8"},"east":{"uv":[0,0,1,0.95],"rotation":270,"texture":"#8"},"south":{"uv":[0,0,3.1,0.95],"texture":"#8"},"west":{"uv":[0,0,1,0.95],"rotation":90,"texture":"#8"},"up":{"uv":[0,0,3.1,1],"rotation":180,"texture":"#8"},"down":{"uv":[0,0,3.1,1],"texture":"#8"}}},{"from":[2.84162,-1.66708,24.06505],"to":[5.93669,-0.38868,25.41074],"faces":{"north":{"uv":[0,0,2.3,0.95],"rotation":180,"texture":"#8"},"east":{"uv":[0,0,1,0.95],"rotation":270,"texture":"#8"},"south":{"uv":[0,0,2.3,0.95],"texture":"#8"},"west":{"uv":[0,0,1,0.95],"rotation":90,"texture":"#8"},"up":{"uv":[0,0,2.3,1],"rotation":180,"texture":"#8"},"down":{"uv":[0,0,2.3,1],"texture":"#8"}}},{"from":[3.37989,-0.71019,23.79441],"to":[5.93669,0.97192,25.14009],"rotation":{"angle":-22.5,"axis":"x","origin":[4.65829,0.13087,24.46725]},"faces":{"north":{"uv":[0,0,1.9,1.25],"rotation":180,"texture":"#8"},"east":{"uv":[0,0,1,1.25],"rotation":270,"texture":"#8"},"south":{"uv":[0,0,1.9,1.25],"texture":"#8"},"west":{"uv":[0,0,1,1.25],"rotation":90,"texture":"#8"},"up":{"uv":[0,0,1.9,1],"rotation":180,"texture":"#8"},"down":{"uv":[0,0,1.9,1],"texture":"#8"}}},{"from":[10.10831,-0.71019,23.79441],"to":[12.66511,0.97192,25.14009],"rotation":{"angle":-22.5,"axis":"x","origin":[11.38671,0.13087,24.46725]},"faces":{"north":{"uv":[0,0,1.9,1.25],"rotation":180,"texture":"#8"},"east":{"uv":[0,0,1,1.25],"rotation":90,"texture":"#8"},"south":{"uv":[0,0,1.9,1.25],"texture":"#8"},"west":{"uv":[0,0,1,1.25],"rotation":270,"texture":"#8"},"up":{"uv":[0,0,1.9,1],"rotation":180,"texture":"#8"},"down":{"uv":[0,0,1.9,1],"texture":"#8"}}},{"from":[5.93669,-0.71019,23.79441],"to":[10.10831,0.97192,25.14009],"rotation":{"angle":-22.5,"axis":"x","origin":[8.0225,0.13087,24.46725]},"faces":{"north":{"uv":[0,0,3.1,1.25],"rotation":180,"texture":"#8"},"east":{"uv":[0,0,1,1.25],"rotation":270,"texture":"#8"},"south":{"uv":[0,0,3.1,1.25],"texture":"#8"},"west":{"uv":[0,0,1,1.25],"rotation":90,"texture":"#8"},"up":{"uv":[0,0,3.1,1],"rotation":180,"texture":"#8"},"down":{"uv":[0,0,3.1,1],"texture":"#8"}}},{"from":[10.10831,0.9214,22.8676],"to":[11.99227,3.94919,24.88613],"rotation":{"angle":-22.5,"axis":"x","origin":[11.05029,2.4353,23.87686]},"faces":{"north":{"uv":[0,0,1.4,2.25],"rotation":180,"texture":"#8"},"east":{"uv":[0,0,1.5,2.25],"rotation":90,"texture":"#8"},"south":{"uv":[0,0,1.4,2.25],"texture":"#8"},"west":{"uv":[0,0,1.5,2.25],"rotation":270,"texture":"#8"},"up":{"uv":[0,0,1.4,1.5],"rotation":180,"texture":"#8"},"down":{"uv":[0,0,1.4,1.5],"texture":"#8"}}},{"from":[5.93669,0.9214,22.8676],"to":[10.10831,3.94919,24.88613],"rotation":{"angle":-22.5,"axis":"x","origin":[8.0225,2.4353,23.87686]},"faces":{"north":{"uv":[0,0,3.1,2.25],"rotation":180,"texture":"#8"},"east":{"uv":[0,0,1.5,2.25],"rotation":270,"texture":"#8"},"south":{"uv":[0,0,3.1,2.25],"texture":"#8"},"west":{"uv":[0,0,1.5,2.25],"rotation":90,"texture":"#8"},"up":{"uv":[0,0,3.1,1.5],"rotation":180,"texture":"#8"},"down":{"uv":[0,0,3.1,1.5],"texture":"#8"}}},{"from":[4.05273,0.9214,22.8676],"to":[5.93669,3.94919,24.88613],"rotation":{"angle":-22.5,"axis":"x","origin":[4.99471,2.4353,23.87686]},"faces":{"north":{"uv":[0,0,1.4,2.25],"rotation":180,"texture":"#8"},"east":{"uv":[0,0,1.5,2.25],"rotation":270,"texture":"#8"},"south":{"uv":[0,0,1.4,2.25],"texture":"#8"},"west":{"uv":[0,0,1.5,2.25],"rotation":90,"texture":"#8"},"up":{"uv":[0,0,1.4,1.5],"rotation":180,"texture":"#8"},"down":{"uv":[0,0,1.4,1.5],"texture":"#8"}}},{"from":[4.86014,4.36088,18.82657],"to":[5.93669,6.71583,24.54572],"rotation":{"angle":45,"axis":"x","origin":[5.39842,5.53835,21.68614]},"faces":{"north":{"uv":[0,0,0.8,1.75],"texture":"#8"},"east":{"uv":[0,0,4.25,1.75],"texture":"#8"},"south":{"uv":[0,0,0.8,1.75],"texture":"#8"},"west":{"uv":[0,0,4.25,1.75],"texture":"#8"},"up":{"uv":[0,0,0.8,4.25],"texture":"#8"},"down":{"uv":[0,0,0.8,4.25],"texture":"#8"}}},{"from":[5.93669,4.36088,18.82657],"to":[10.10831,6.71583,24.54572],"rotation":{"angle":45,"axis":"x","origin":[8.0225,5.53835,21.68614]},"faces":{"north":{"uv":[0,0,3.1,1.75],"texture":"#8"},"east":{"uv":[0,0,4.25,1.75],"texture":"#8"},"south":{"uv":[0,0,3.1,1.75],"texture":"#8"},"west":{"uv":[0,0,4.25,1.75],"texture":"#8"},"up":{"uv":[0,0,3.1,4.25],"texture":"#8"},"down":{"uv":[0,0,3.1,4.25],"texture":"#8"}}},{"from":[10.10831,4.36088,18.82657],"to":[11.18486,6.71583,24.54572],"rotation":{"angle":45,"axis":"x","origin":[10.64658,5.53835,21.68614]},"faces":{"north":{"uv":[0,0,0.8,1.75],"texture":"#8"},"east":{"uv":[0,0,4.25,1.75],"texture":"#8"},"south":{"uv":[0,0,0.8,1.75],"texture":"#8"},"west":{"uv":[0,0,4.25,1.75],"texture":"#8"},"up":{"uv":[0,0,0.8,4.25],"texture":"#8"},"down":{"uv":[0,0,0.8,4.25],"texture":"#8"}}},{"from":[5.9135,3.00587,-9.04016],"to":[10.21579,7.34873,-2.88015],"faces":{"north":{"uv":[4,2,10.75,11.75],"texture":"#9"},"east":{"uv":[2,2,11.75,11.75],"texture":"#9"},"south":{"uv":[6.25,5.25,7,6],"texture":"#9"},"west":{"uv":[4,2,13.75,11.75],"texture":"#9"},"up":{"uv":[6.25,5.25,7,6],"texture":"#9"},"down":{"uv":[4,2,10.75,11.75],"texture":"#9"}}},{"from":[10.08299,5.08368,-7.37435],"to":[10.49431,7.00397,-5.64609],"faces":{"north":{"uv":[3.25,6,3,6.5],"texture":"#8"},"east":{"uv":[3.25,6,3,6.5],"texture":"#8"},"south":{"uv":[3.25,6,3,6.5],"texture":"#8"},"west":{"uv":[3.25,6,3,6.5],"texture":"#8"},"up":{"uv":[3.25,6,3,6.5],"texture":"#8"},"down":{"uv":[3.25,6,3,6.5],"texture":"#8"}}},{"from":[10.01898,4.69962,-7.75841],"to":[10.4303,7.00397,-5.26203],"faces":{"north":{"uv":[1,0,0,1],"texture":"#3"},"east":{"uv":[6.25,4.75,3,7.25],"texture":"#3"},"south":{"uv":[1,0,0,1],"texture":"#3"},"west":{"uv":[1,0,0,1],"texture":"#3"},"up":{"uv":[1,0,0,1],"texture":"#3"},"down":{"uv":[1,0,0,1],"texture":"#3"}}},{"from":[6.24282,4.79224,-11.29265],"to":[9.9642,6.55999,-8.89176],"faces":{"north":{"uv":[6,5,8,6.25],"texture":"#9"},"east":{"uv":[6,3,10,6.25],"rotation":270,"texture":"#9"},"south":{"uv":[6,5,8,6.25],"texture":"#9"},"west":{"uv":[6,3,10,6.25],"rotation":90,"texture":"#9"},"up":{"uv":[5,1,10,4.25],"rotation":180,"texture":"#9"},"down":{"uv":[6,5,8,6.25],"texture":"#9"}}},{"from":[6.54293,4.39121,-13.30874],"to":[9.66409,5.85885,-10.90785],"rotation":{"angle":-22.5,"axis":"x","origin":[8.10351,5.12503,-12.10829]},"faces":{"north":{"uv":[6,5,8,6.25],"texture":"#9"},"east":{"uv":[6,3,10,6.25],"rotation":270,"texture":"#9"},"south":{"uv":[6,5,8,6.25],"texture":"#9"},"west":{"uv":[6,3,10,6.25],"rotation":90,"texture":"#9"},"up":{"uv":[5,1,10,4.25],"rotation":180,"texture":"#9"},"down":{"uv":[6,5,8,6.25],"texture":"#9"}}},{"from":[6.84304,3.60127,-14.1082],"to":[9.36398,4.82882,-12.78771],"rotation":{"angle":-45,"axis":"x","origin":[8.10351,4.21505,-13.44796]},"faces":{"north":{"uv":[6,5,8,6.25],"texture":"#9"},"east":{"uv":[6,3,10,6.25],"rotation":270,"texture":"#9"},"south":{"uv":[6,5,8,6.25],"texture":"#9"},"west":{"uv":[6,3,10,6.25],"rotation":90,"texture":"#9"},"up":{"uv":[5,2,10,5.25],"rotation":180,"texture":"#9"},"down":{"uv":[6,5,8,6.25],"texture":"#9"}}},{"from":[7.14315,3.11034,-14.30259],"to":[9.06386,3.83061,-13.37516],"rotation":{"angle":22.5,"axis":"x","origin":[8.10351,3.47048,-13.83887]},"faces":{"north":{"uv":[5,2,10,4.25],"texture":"#9"},"east":{"uv":[6,3,10,6.25],"texture":"#9"},"south":{"uv":[6,5,8,6.25],"texture":"#9"},"west":{"uv":[6,3,10,6.25],"texture":"#9"},"up":{"uv":[6,5,8,6.25],"texture":"#9"},"down":{"uv":[6,5,8,6.25],"texture":"#9"}}},{"from":[4.70556,6.83953,-8.79408],"to":[5.51499,7.64896,-4.55264],"faces":{"north":{"uv":[6,5,9.09868,7.625],"texture":"#11"},"east":{"uv":[6,5,9.09868,7.625],"texture":"#11"},"south":{"uv":[6,5,9.09868,7.625],"texture":"#11"},"west":{"uv":[6,5,9.09868,7.625],"texture":"#11"},"up":{"uv":[6,5,9.09868,7.625],"texture":"#11"},"down":{"uv":[6,5,9.09868,7.625],"texture":"#11"}}},{"from":[-9.06299,6.83823,-14.50387],"to":[-8.28593,7.64767,-13.37066],"rotation":{"angle":-45,"axis":"y","origin":[-7.70313,6.32149,5.53773]},"faces":{"north":{"uv":[6,5,9.09868,7.625],"texture":"#11"},"east":{"uv":[6,5,9.09868,7.625],"texture":"#11"},"south":{"uv":[6,5,9.09868,7.625],"texture":"#11"},"west":{"uv":[6,5,9.09868,7.625],"texture":"#11"},"up":{"uv":[6,5,9.09868,7.625],"texture":"#11"},"down":{"uv":[6,5,9.09868,7.625],"texture":"#11"}}},{"from":[12.27164,6.83823,-6.59861],"to":[13.08107,7.64767,-4.42932],"rotation":{"angle":22.5,"axis":"y","origin":[13.63149,6.32149,13.44299]},"faces":{"north":{"uv":[6,5,9.09868,7.625],"texture":"#11"},"east":{"uv":[6,5,9.09868,7.625],"texture":"#11"},"south":{"uv":[6,5,9.09868,7.625],"texture":"#11"},"west":{"uv":[6,5,9.09868,7.625],"texture":"#11"},"up":{"uv":[6,5,9.09868,7.625],"texture":"#11"},"down":{"uv":[6,5,9.09868,7.625],"texture":"#11"}}},{"from":[5.53571,6.83953,-3.35792],"to":[7.64024,7.64896,-2.54848],"faces":{"north":{"uv":[6,5,9.09868,7.625],"texture":"#11"},"east":{"uv":[6,5,9.09868,7.625],"texture":"#11"},"south":{"uv":[6,5,9.09868,7.625],"texture":"#11"},"west":{"uv":[6,5,9.09868,7.625],"texture":"#11"},"up":{"uv":[6,5,9.09868,7.625],"texture":"#11"},"down":{"uv":[6,5,9.09868,7.625],"texture":"#11"}}},{"from":[7.37763,6.83823,-9.4866],"to":[8.15469,7.64767,-8.35339],"rotation":{"angle":45,"axis":"y","origin":[7.76616,7.24425,-8.92]},"faces":{"north":{"uv":[6,5,9.09868,7.625],"texture":"#11"},"east":{"uv":[6,5,9.09868,7.625],"texture":"#11"},"south":{"uv":[6,5,9.09868,7.625],"texture":"#11"},"west":{"uv":[6,5,9.09868,7.625],"texture":"#11"},"up":{"uv":[6,5,9.09868,7.625],"texture":"#11"},"down":{"uv":[6,5,9.09868,7.625],"texture":"#11"}}},{"from":[8.16892,6.83823,-9.4866],"to":[8.94598,7.64767,-8.35339],"rotation":{"angle":-45,"axis":"y","origin":[8.55745,7.24425,-8.92]},"faces":{"north":{"uv":[6,5,9.09868,7.625],"texture":"#11"},"east":{"uv":[6,5,9.09868,7.625],"texture":"#11"},"south":{"uv":[6,5,9.09868,7.625],"texture":"#11"},"west":{"uv":[6,5,9.09868,7.625],"texture":"#11"},"up":{"uv":[6,5,9.09868,7.625],"texture":"#11"},"down":{"uv":[6,5,9.09868,7.625],"texture":"#11"}}},{"from":[8.68337,6.83953,-9.59538],"to":[10.81675,7.64896,-3.35792],"faces":{"north":{"uv":[6,5,9.09868,7.625],"texture":"#11"},"east":{"uv":[6,5,9.09868,7.625],"texture":"#11"},"south":{"uv":[6,5,9.09868,7.625],"texture":"#11"},"west":{"uv":[6,5,9.09868,7.625],"texture":"#11"},"up":{"uv":[6,5,9.09868,7.625],"texture":"#11"},"down":{"uv":[6,5,9.09868,7.625],"texture":"#11"}}},{"from":[24.60954,6.83823,-14.50387],"to":[25.3866,7.64767,-13.37066],"rotation":{"angle":45,"axis":"y","origin":[24.02675,6.32149,5.53773]},"faces":{"north":{"uv":[6,5,9.09868,7.625],"texture":"#11"},"east":{"uv":[6,5,9.09868,7.625],"texture":"#11"},"south":{"uv":[6,5,9.09868,7.625],"texture":"#11"},"west":{"uv":[6,5,9.09868,7.625],"texture":"#11"},"up":{"uv":[6,5,9.09868,7.625],"texture":"#11"},"down":{"uv":[6,5,9.09868,7.625],"texture":"#11"}}},{"from":[10.80862,6.83953,-8.79408],"to":[11.61805,7.64896,-4.55264],"faces":{"north":{"uv":[6,5,9.09868,7.625],"texture":"#11"},"east":{"uv":[6,5,9.09868,7.625],"texture":"#11"},"south":{"uv":[6,5,9.09868,7.625],"texture":"#11"},"west":{"uv":[6,5,9.09868,7.625],"texture":"#11"},"up":{"uv":[6,5,9.09868,7.625],"texture":"#11"},"down":{"uv":[6,5,9.09868,7.625],"texture":"#11"}}},{"from":[3.24254,6.83823,-6.59861],"to":[4.05197,7.64767,-4.42932],"rotation":{"angle":-22.5,"axis":"y","origin":[2.69212,6.32149,13.44299]},"faces":{"north":{"uv":[6,5,9.09868,7.625],"texture":"#11"},"east":{"uv":[6,5,9.09868,7.625],"texture":"#11"},"south":{"uv":[6,5,9.09868,7.625],"texture":"#11"},"west":{"uv":[6,5,9.09868,7.625],"texture":"#11"},"up":{"uv":[6,5,9.09868,7.625],"texture":"#11"},"down":{"uv":[6,5,9.09868,7.625],"texture":"#11"}}},{"from":[8.68337,6.83953,-3.35792],"to":[10.7879,7.64896,-2.54848],"faces":{"north":{"uv":[6,5,9.09868,7.625],"texture":"#11"},"east":{"uv":[6,5,9.09868,7.625],"texture":"#11"},"south":{"uv":[6,5,9.09868,7.625],"texture":"#11"},"west":{"uv":[6,5,9.09868,7.625],"texture":"#11"},"up":{"uv":[6,5,9.09868,7.625],"texture":"#11"},"down":{"uv":[6,5,9.09868,7.625],"texture":"#11"}}},{"from":[8.16892,6.83823,-3.81147],"to":[8.94598,7.64767,-2.67826],"rotation":{"angle":45,"axis":"y","origin":[8.55745,7.24425,-3.24487]},"faces":{"north":{"uv":[6,5,9.09868,7.625],"texture":"#11"},"east":{"uv":[6,5,9.09868,7.625],"texture":"#11"},"south":{"uv":[6,5,9.09868,7.625],"texture":"#11"},"west":{"uv":[6,5,9.09868,7.625],"texture":"#11"},"up":{"uv":[6,5,9.09868,7.625],"texture":"#11"},"down":{"uv":[6,5,9.09868,7.625],"texture":"#11"}}},{"from":[7.37763,6.83823,-3.81147],"to":[8.15469,7.64767,-2.67826],"rotation":{"angle":-45,"axis":"y","origin":[7.76616,7.24425,-3.24487]},"faces":{"north":{"uv":[6,5,9.09868,7.625],"texture":"#11"},"east":{"uv":[6,5,9.09868,7.625],"texture":"#11"},"south":{"uv":[6,5,9.09868,7.625],"texture":"#11"},"west":{"uv":[6,5,9.09868,7.625],"texture":"#11"},"up":{"uv":[6,5,9.09868,7.625],"texture":"#11"},"down":{"uv":[6,5,9.09868,7.625],"texture":"#11"}}},{"from":[7.64729,6.83953,-8.52692],"to":[8.67984,7.64896,-3.61694],"faces":{"north":{"uv":[6,5,9.09868,7.625],"texture":"#11"},"east":{"uv":[6,5,9.09868,7.625],"texture":"#11"},"south":{"uv":[6,5,9.09868,7.625],"texture":"#11"},"west":{"uv":[6,5,9.09868,7.625],"texture":"#11"},"up":{"uv":[6,5,9.09868,7.625],"texture":"#11"},"down":{"uv":[6,5,9.09868,7.625],"texture":"#11"}}},{"from":[-7.34051,7.24308,-13.62773],"to":[-6.64115,7.97157,-12.60784],"rotation":{"angle":-45,"axis":"y","origin":[-6.11664,6.77801,4.40971]},"faces":{"north":{"uv":[6,5,9.09868,7.625],"texture":"#11"},"east":{"uv":[6,5,9.09868,7.625],"texture":"#11"},"south":{"uv":[6,5,9.09868,7.625],"texture":"#11"},"west":{"uv":[6,5,9.09868,7.625],"texture":"#11"},"up":{"uv":[6,5,9.09868,7.625],"texture":"#11"},"down":{"uv":[6,5,9.09868,7.625],"texture":"#11"}}},{"from":[5.77235,7.24425,-9.21009],"to":[7.6924,7.97274,-3.59637],"faces":{"north":{"uv":[6,5,9.09868,7.625],"texture":"#11"},"east":{"uv":[6,5,9.09868,7.625],"texture":"#11"},"south":{"uv":[6,5,9.09868,7.625],"texture":"#11"},"west":{"uv":[6,5,9.09868,7.625],"texture":"#11"},"up":{"uv":[6,5,9.09868,7.625],"texture":"#11"},"down":{"uv":[6,5,9.09868,7.625],"texture":"#11"}}},{"from":[7.45605,7.24308,-9.11219],"to":[8.1554,7.97157,-8.0923],"rotation":{"angle":45,"axis":"y","origin":[7.80572,7.60849,-8.60224]},"faces":{"north":{"uv":[6,5,9.09868,7.625],"texture":"#11"},"east":{"uv":[6,5,9.09868,7.625],"texture":"#11"},"south":{"uv":[6,5,9.09868,7.625],"texture":"#11"},"west":{"uv":[6,5,9.09868,7.625],"texture":"#11"},"up":{"uv":[6,5,9.09868,7.625],"texture":"#11"},"down":{"uv":[6,5,9.09868,7.625],"texture":"#11"}}},{"from":[8.16821,7.24308,-9.11219],"to":[8.86756,7.97157,-8.0923],"rotation":{"angle":-45,"axis":"y","origin":[8.51789,7.60849,-8.60224]},"faces":{"north":{"uv":[6,5,9.09868,7.625],"texture":"#11"},"east":{"uv":[6,5,9.09868,7.625],"texture":"#11"},"south":{"uv":[6,5,9.09868,7.625],"texture":"#11"},"west":{"uv":[6,5,9.09868,7.625],"texture":"#11"},"up":{"uv":[6,5,9.09868,7.625],"texture":"#11"},"down":{"uv":[6,5,9.09868,7.625],"texture":"#11"}}},{"from":[8.63121,7.24425,-9.21009],"to":[10.55126,7.97274,-3.59637],"faces":{"north":{"uv":[6,5,9.09868,7.625],"texture":"#11"},"east":{"uv":[6,5,9.09868,7.625],"texture":"#11"},"south":{"uv":[6,5,9.09868,7.625],"texture":"#11"},"west":{"uv":[6,5,9.09868,7.625],"texture":"#11"},"up":{"uv":[6,5,9.09868,7.625],"texture":"#11"},"down":{"uv":[6,5,9.09868,7.625],"texture":"#11"}}},{"from":[22.96477,7.24308,-13.62773],"to":[23.66412,7.97157,-12.60784],"rotation":{"angle":45,"axis":"y","origin":[22.44025,6.77801,4.40971]},"faces":{"north":{"uv":[6,5,9.09868,7.625],"texture":"#11"},"east":{"uv":[6,5,9.09868,7.625],"texture":"#11"},"south":{"uv":[6,5,9.09868,7.625],"texture":"#11"},"west":{"uv":[6,5,9.09868,7.625],"texture":"#11"},"up":{"uv":[6,5,9.09868,7.625],"texture":"#11"},"down":{"uv":[6,5,9.09868,7.625],"texture":"#11"}}},{"from":[10.54394,7.24425,-8.48892],"to":[11.27243,7.97274,-4.67162],"faces":{"north":{"uv":[6,5,9.09868,7.625],"texture":"#11"},"east":{"uv":[6,5,9.09868,7.625],"texture":"#11"},"south":{"uv":[6,5,9.09868,7.625],"texture":"#11"},"west":{"uv":[6,5,9.09868,7.625],"texture":"#11"},"up":{"uv":[6,5,9.09868,7.625],"texture":"#11"},"down":{"uv":[6,5,9.09868,7.625],"texture":"#11"}}},{"from":[3.73447,7.24308,-6.513],"to":[4.46296,7.97157,-4.56064],"rotation":{"angle":-22.5,"axis":"y","origin":[3.23909,6.77801,11.52445]},"faces":{"north":{"uv":[6,5,9.09868,7.625],"texture":"#11"},"east":{"uv":[6,5,9.09868,7.625],"texture":"#11"},"south":{"uv":[6,5,9.09868,7.625],"texture":"#11"},"west":{"uv":[6,5,9.09868,7.625],"texture":"#11"},"up":{"uv":[6,5,9.09868,7.625],"texture":"#11"},"down":{"uv":[6,5,9.09868,7.625],"texture":"#11"}}},{"from":[8.63121,7.24425,-3.59637],"to":[10.52529,7.97274,-2.86788],"faces":{"north":{"uv":[6,5,9.09868,7.625],"texture":"#11"},"east":{"uv":[6,5,9.09868,7.625],"texture":"#11"},"south":{"uv":[6,5,9.09868,7.625],"texture":"#11"},"west":{"uv":[6,5,9.09868,7.625],"texture":"#11"},"up":{"uv":[6,5,9.09868,7.625],"texture":"#11"},"down":{"uv":[6,5,9.09868,7.625],"texture":"#11"}}},{"from":[8.16821,7.24308,-4.00457],"to":[8.86756,7.97157,-2.98468],"rotation":{"angle":45,"axis":"y","origin":[8.51789,7.60849,-3.49463]},"faces":{"north":{"uv":[6,5,9.09868,7.625],"texture":"#11"},"east":{"uv":[6,5,9.09868,7.625],"texture":"#11"},"south":{"uv":[6,5,9.09868,7.625],"texture":"#11"},"west":{"uv":[6,5,9.09868,7.625],"texture":"#11"},"up":{"uv":[6,5,9.09868,7.625],"texture":"#11"},"down":{"uv":[6,5,9.09868,7.625],"texture":"#11"}}},{"from":[7.45605,7.24308,-4.00457],"to":[8.1554,7.97157,-2.98468],"rotation":{"angle":-45,"axis":"y","origin":[7.80572,7.60849,-3.49463]},"faces":{"north":{"uv":[6,5,9.09868,7.625],"texture":"#11"},"east":{"uv":[6,5,9.09868,7.625],"texture":"#11"},"south":{"uv":[6,5,9.09868,7.625],"texture":"#11"},"west":{"uv":[6,5,9.09868,7.625],"texture":"#11"},"up":{"uv":[6,5,9.09868,7.625],"texture":"#11"},"down":{"uv":[6,5,9.09868,7.625],"texture":"#11"}}},{"from":[7.69875,7.24425,-8.24848],"to":[8.62804,7.97274,-3.82949],"faces":{"north":{"uv":[6,5,9.09868,7.625],"texture":"#11"},"east":{"uv":[6,5,9.09868,7.625],"texture":"#11"},"south":{"uv":[6,5,9.09868,7.625],"texture":"#11"},"west":{"uv":[6,5,9.09868,7.625],"texture":"#11"},"up":{"uv":[6,5,9.09868,7.625],"texture":"#11"},"down":{"uv":[6,5,9.09868,7.625],"texture":"#11"}}},{"from":[5.79832,7.24425,-3.59637],"to":[7.6924,7.97274,-2.86788],"faces":{"north":{"uv":[6,5,9.09868,7.625],"texture":"#11"},"east":{"uv":[6,5,9.09868,7.625],"texture":"#11"},"south":{"uv":[6,5,9.09868,7.625],"texture":"#11"},"west":{"uv":[6,5,9.09868,7.625],"texture":"#11"},"up":{"uv":[6,5,9.09868,7.625],"texture":"#11"},"down":{"uv":[6,5,9.09868,7.625],"texture":"#11"}}},{"from":[11.86065,7.24308,-6.513],"to":[12.58915,7.97157,-4.56064],"rotation":{"angle":22.5,"axis":"y","origin":[13.08452,6.77801,11.52445]},"faces":{"north":{"uv":[6,5,9.09868,7.625],"texture":"#11"},"east":{"uv":[6,5,9.09868,7.625],"texture":"#11"},"south":{"uv":[6,5,9.09868,7.625],"texture":"#11"},"west":{"uv":[6,5,9.09868,7.625],"texture":"#11"},"up":{"uv":[6,5,9.09868,7.625],"texture":"#11"},"down":{"uv":[6,5,9.09868,7.625],"texture":"#11"}}},{"from":[5.05118,7.24425,-8.48892],"to":[5.77968,7.97274,-4.67162],"faces":{"north":{"uv":[6,5,9.09868,7.625],"texture":"#11"},"east":{"uv":[6,5,9.09868,7.625],"texture":"#11"},"south":{"uv":[6,5,9.09868,7.625],"texture":"#11"},"west":{"uv":[6,5,9.09868,7.625],"texture":"#11"},"up":{"uv":[6,5,9.09868,7.625],"texture":"#11"},"down":{"uv":[6,5,9.09868,7.625],"texture":"#11"}}},{"from":[-1.13958,7.74216,-10.73264],"to":[-0.71997,8.17925,-10.12071],"rotation":{"angle":-45,"axis":"y","origin":[-0.40526,7.46312,0.08982]},"faces":{"north":{"uv":[6,5,9.09868,7.625],"texture":"#11"},"east":{"uv":[6,5,9.09868,7.625],"texture":"#11"},"south":{"uv":[6,5,9.09868,7.625],"texture":"#11"},"west":{"uv":[6,5,9.09868,7.625],"texture":"#11"},"up":{"uv":[6,5,9.09868,7.625],"texture":"#11"},"down":{"uv":[6,5,9.09868,7.625],"texture":"#11"}}},{"from":[6.72813,7.74286,-8.08206],"to":[7.88016,8.17995,-4.71383],"faces":{"north":{"uv":[6,5,9.09868,7.625],"texture":"#11"},"east":{"uv":[6,5,9.09868,7.625],"texture":"#11"},"south":{"uv":[6,5,9.09868,7.625],"texture":"#11"},"west":{"uv":[6,5,9.09868,7.625],"texture":"#11"},"up":{"uv":[6,5,9.09868,7.625],"texture":"#11"},"down":{"uv":[6,5,9.09868,7.625],"texture":"#11"}}},{"from":[7.73835,7.74216,-8.02332],"to":[8.15796,8.17925,-7.41139],"rotation":{"angle":45,"axis":"y","origin":[7.94816,7.96141,-7.71735]},"faces":{"north":{"uv":[6,5,9.09868,7.625],"texture":"#11"},"east":{"uv":[6,5,9.09868,7.625],"texture":"#11"},"south":{"uv":[6,5,9.09868,7.625],"texture":"#11"},"west":{"uv":[6,5,9.09868,7.625],"texture":"#11"},"up":{"uv":[6,5,9.09868,7.625],"texture":"#11"},"down":{"uv":[6,5,9.09868,7.625],"texture":"#11"}}},{"from":[8.16565,7.74216,-8.02332],"to":[8.58526,8.17925,-7.41139],"rotation":{"angle":-45,"axis":"y","origin":[8.37546,7.96141,-7.71735]},"faces":{"north":{"uv":[6,5,9.09868,7.625],"texture":"#11"},"east":{"uv":[6,5,9.09868,7.625],"texture":"#11"},"south":{"uv":[6,5,9.09868,7.625],"texture":"#11"},"west":{"uv":[6,5,9.09868,7.625],"texture":"#11"},"up":{"uv":[6,5,9.09868,7.625],"texture":"#11"},"down":{"uv":[6,5,9.09868,7.625],"texture":"#11"}}},{"from":[8.44345,7.74286,-8.08206],"to":[9.59548,8.17995,-4.71383],"faces":{"north":{"uv":[6,5,9.09868,7.625],"texture":"#11"},"east":{"uv":[6,5,9.09868,7.625],"texture":"#11"},"south":{"uv":[6,5,9.09868,7.625],"texture":"#11"},"west":{"uv":[6,5,9.09868,7.625],"texture":"#11"},"up":{"uv":[6,5,9.09868,7.625],"texture":"#11"},"down":{"uv":[6,5,9.09868,7.625],"texture":"#11"}}},{"from":[17.04358,7.74216,-10.73264],"to":[17.46319,8.17925,-10.12071],"rotation":{"angle":45,"axis":"y","origin":[16.72887,7.46312,0.08982]},"faces":{"north":{"uv":[6,5,9.09868,7.625],"texture":"#11"},"east":{"uv":[6,5,9.09868,7.625],"texture":"#11"},"south":{"uv":[6,5,9.09868,7.625],"texture":"#11"},"west":{"uv":[6,5,9.09868,7.625],"texture":"#11"},"up":{"uv":[6,5,9.09868,7.625],"texture":"#11"},"down":{"uv":[6,5,9.09868,7.625],"texture":"#11"}}},{"from":[9.59108,7.74286,-7.64936],"to":[10.02818,8.17995,-5.35898],"faces":{"north":{"uv":[6,5,9.09868,7.625],"texture":"#11"},"east":{"uv":[6,5,9.09868,7.625],"texture":"#11"},"south":{"uv":[6,5,9.09868,7.625],"texture":"#11"},"west":{"uv":[6,5,9.09868,7.625],"texture":"#11"},"up":{"uv":[6,5,9.09868,7.625],"texture":"#11"},"down":{"uv":[6,5,9.09868,7.625],"texture":"#11"}}},{"from":[5.5054,7.74216,-6.4638],"to":[5.9425,8.17925,-5.29239],"rotation":{"angle":-22.5,"axis":"y","origin":[5.20818,7.46312,4.35866]},"faces":{"north":{"uv":[6,5,9.09868,7.625],"texture":"#11"},"east":{"uv":[6,5,9.09868,7.625],"texture":"#11"},"south":{"uv":[6,5,9.09868,7.625],"texture":"#11"},"west":{"uv":[6,5,9.09868,7.625],"texture":"#11"},"up":{"uv":[6,5,9.09868,7.625],"texture":"#11"},"down":{"uv":[6,5,9.09868,7.625],"texture":"#11"}}},{"from":[8.44345,7.74286,-4.71383],"to":[9.5799,8.17995,-4.27674],"faces":{"north":{"uv":[6,5,9.09868,7.625],"texture":"#11"},"east":{"uv":[6,5,9.09868,7.625],"texture":"#11"},"south":{"uv":[6,5,9.09868,7.625],"texture":"#11"},"west":{"uv":[6,5,9.09868,7.625],"texture":"#11"},"up":{"uv":[6,5,9.09868,7.625],"texture":"#11"},"down":{"uv":[6,5,9.09868,7.625],"texture":"#11"}}},{"from":[8.16565,7.74216,-4.95875],"to":[8.58526,8.17925,-4.34682],"rotation":{"angle":45,"axis":"y","origin":[8.37546,7.96141,-4.65278]},"faces":{"north":{"uv":[6,5,9.09868,7.625],"texture":"#11"},"east":{"uv":[6,5,9.09868,7.625],"texture":"#11"},"south":{"uv":[6,5,9.09868,7.625],"texture":"#11"},"west":{"uv":[6,5,9.09868,7.625],"texture":"#11"},"up":{"uv":[6,5,9.09868,7.625],"texture":"#11"},"down":{"uv":[6,5,9.09868,7.625],"texture":"#11"}}},{"from":[7.73835,7.74216,-4.95875],"to":[8.15796,8.17925,-4.34682],"rotation":{"angle":-45,"axis":"y","origin":[7.94816,7.96141,-4.65278]},"faces":{"north":{"uv":[6,5,9.09868,7.625],"texture":"#11"},"east":{"uv":[6,5,9.09868,7.625],"texture":"#11"},"south":{"uv":[6,5,9.09868,7.625],"texture":"#11"},"west":{"uv":[6,5,9.09868,7.625],"texture":"#11"},"up":{"uv":[6,5,9.09868,7.625],"texture":"#11"},"down":{"uv":[6,5,9.09868,7.625],"texture":"#11"}}},{"from":[7.88397,7.74286,-7.50509],"to":[8.44155,8.17995,-4.8537],"faces":{"north":{"uv":[6,5,9.09868,7.625],"texture":"#11"},"east":{"uv":[6,5,9.09868,7.625],"texture":"#11"},"south":{"uv":[6,5,9.09868,7.625],"texture":"#11"},"west":{"uv":[6,5,9.09868,7.625],"texture":"#11"},"up":{"uv":[6,5,9.09868,7.625],"texture":"#11"},"down":{"uv":[6,5,9.09868,7.625],"texture":"#11"}}},{"from":[6.74371,7.74286,-4.71383],"to":[7.88016,8.17995,-4.27674],"faces":{"north":{"uv":[6,5,9.09868,7.625],"texture":"#11"},"east":{"uv":[6,5,9.09868,7.625],"texture":"#11"},"south":{"uv":[6,5,9.09868,7.625],"texture":"#11"},"west":{"uv":[6,5,9.09868,7.625],"texture":"#11"},"up":{"uv":[6,5,9.09868,7.625],"texture":"#11"},"down":{"uv":[6,5,9.09868,7.625],"texture":"#11"}}},{"from":[10.38111,7.74216,-6.4638],"to":[10.81821,8.17925,-5.29239],"rotation":{"angle":22.5,"axis":"y","origin":[11.11543,7.46312,4.35866]},"faces":{"north":{"uv":[6,5,9.09868,7.625],"texture":"#11"},"east":{"uv":[6,5,9.09868,7.625],"texture":"#11"},"south":{"uv":[6,5,9.09868,7.625],"texture":"#11"},"west":{"uv":[6,5,9.09868,7.625],"texture":"#11"},"up":{"uv":[6,5,9.09868,7.625],"texture":"#11"},"down":{"uv":[6,5,9.09868,7.625],"texture":"#11"}}},{"from":[6.29543,7.74286,-7.64936],"to":[6.73253,8.17995,-5.35898],"faces":{"north":{"uv":[6,5,9.09868,7.625],"texture":"#11"},"east":{"uv":[6,5,9.09868,7.625],"texture":"#11"},"south":{"uv":[6,5,9.09868,7.625],"texture":"#11"},"west":{"uv":[6,5,9.09868,7.625],"texture":"#11"},"up":{"uv":[6,5,9.09868,7.625],"texture":"#11"},"down":{"uv":[6,5,9.09868,7.625],"texture":"#11"}}},{"from":[5.50686,6.83953,-9.59538],"to":[7.64024,7.64896,-3.35792],"faces":{"north":{"uv":[6,5,9.09868,7.625],"texture":"#11"},"east":{"uv":[6,5,9.09868,7.625],"texture":"#11"},"south":{"uv":[6,5,9.09868,7.625],"texture":"#11"},"west":{"uv":[6,5,9.09868,7.625],"texture":"#11"},"up":{"uv":[6,5,9.09868,7.625],"texture":"#11"},"down":{"uv":[6,5,9.09868,7.625],"texture":"#11"}}},{"from":[6.71317,3.21632,-10.71498],"to":[9.41612,4.82336,-8.53236],"faces":{"north":{"uv":[6,6.25,8,5],"texture":"#9"},"east":{"uv":[10,3,6,6.25],"rotation":270,"texture":"#9"},"south":{"uv":[6,6.25,8,5],"texture":"#9"},"west":{"uv":[10,3,6,6.25],"rotation":90,"texture":"#9"},"up":{"uv":[6,6.25,8,5],"texture":"#9"},"down":{"uv":[5,4.25,10,1],"rotation":180,"texture":"#9"}}},{"from":[5.63498,5.08368,-7.37435],"to":[6.0463,7.00397,-5.64609],"faces":{"north":{"uv":[3,6,3.25,6.5],"texture":"#8"},"east":{"uv":[3,6,3.25,6.5],"texture":"#8"},"south":{"uv":[3,6,3.25,6.5],"texture":"#8"},"west":{"uv":[3,6,3.25,6.5],"texture":"#8"},"up":{"uv":[3,6,3.25,6.5],"texture":"#8"},"down":{"uv":[3,6,3.25,6.5],"texture":"#8"}}},{"from":[5.69898,4.69962,-7.75841],"to":[6.11031,7.00397,-5.26203],"faces":{"north":{"uv":[0,0,1,1],"texture":"#3"},"east":{"uv":[0,0,1,1],"texture":"#3"},"south":{"uv":[0,0,1,1],"texture":"#3"},"west":{"uv":[3,4.75,6.25,7.25],"texture":"#3"},"up":{"uv":[0,0,1,1],"texture":"#3"},"down":{"uv":[0,0,1,1],"texture":"#3"}}},{"from":[6.3995,2.30117,-8.79716],"to":[9.72979,2.99903,-3.12315],"faces":{"north":{"uv":[5,7,10.83716,7.71793],"texture":"#10"},"east":{"uv":[5,7,10.83716,7.71793],"texture":"#10"},"south":{"uv":[5,7,10.83716,7.71793],"texture":"#10"},"west":{"uv":[5,7,10.83716,7.71793],"texture":"#10"},"up":{"uv":[5,7,10.83716,7.71793],"texture":"#10"},"down":{"uv":[5,7,10.83716,7.71793],"texture":"#10"}}},{"from":[6.8855,1.59647,-7.82516],"to":[9.24379,2.29433,-4.09515],"faces":{"north":{"uv":[5,7,10.83716,7.71793],"texture":"#10"},"east":{"uv":[5,7,10.83716,7.71793],"texture":"#10"},"south":{"uv":[5,7,10.83716,7.71793],"texture":"#10"},"west":{"uv":[5,7,10.83716,7.71793],"texture":"#10"},"up":{"uv":[5,7,10.83716,7.71793],"texture":"#10"},"down":{"uv":[5,7,10.83716,7.71793],"texture":"#10"}}},{"from":[5.7191,2.76287,-6.85316],"to":[6.42499,3.84953,-4.09515],"faces":{"north":{"uv":[5,7,10.83716,7.71793],"texture":"#10"},"east":{"uv":[5,7,10.83716,7.71793],"texture":"#10"},"south":{"uv":[5,7,10.83716,7.71793],"texture":"#10"},"west":{"uv":[5,7,10.83716,7.71793],"texture":"#10"},"up":{"uv":[5,7,10.83716,7.71793],"texture":"#10"},"down":{"uv":[5,7,10.83716,7.71793],"rotation":90,"texture":"#10"}}},{"from":[6.90757,3.41072,-12.68328],"to":[9.22172,4.82336,-10.69506],"faces":{"north":{"uv":[6,6.25,8,5],"texture":"#9"},"east":{"uv":[10,3,6,6.25],"rotation":270,"texture":"#9"},"south":{"uv":[6,6.25,8,5],"texture":"#9"},"west":{"uv":[10,3,6,6.25],"rotation":90,"texture":"#9"},"up":{"uv":[6,6.25,8,5],"texture":"#9"},"down":{"uv":[5,4.25,10,1],"rotation":180,"texture":"#9"}}},{"from":[5.6219,4.41527,-5.00636],"to":[6.42499,6.86273,-2.73435],"faces":{"north":{"uv":[2,6,2.83635,6.71711],"texture":"#9"},"east":{"uv":[2,6,2.83635,6.71711],"texture":"#9"},"south":{"uv":[2,6,2.83635,6.71711],"texture":"#9"},"west":{"uv":[2,6,2.83635,6.71711],"texture":"#9"},"up":{"uv":[2,6,2.83635,6.71711],"texture":"#9"},"down":{"uv":[2,6,2.83635,6.71711],"texture":"#9"}}},{"from":[5.6219,-2.4657,-6.59457],"to":[6.42499,-0.50423,-4.51696],"rotation":{"angle":22.5,"axis":"x","origin":[5.24584,-2.52538,8.74035]},"faces":{"north":{"uv":[2,6,2.83635,6.71711],"texture":"#9"},"east":{"uv":[2,6,2.83635,6.71711],"texture":"#9"},"south":{"uv":[2,6,2.83635,6.71711],"texture":"#9"},"west":{"uv":[2,6,2.83635,6.71711],"texture":"#9"},"up":{"uv":[2,6,2.83635,6.71711],"texture":"#9"},"down":{"uv":[2,6,2.83635,6.71711],"texture":"#9"}}},{"from":[5.6219,-7.46031,-10.87472],"to":[6.42499,-6.17925,-8.79711],"rotation":{"angle":45,"axis":"x","origin":[5.24584,-8.20039,4.4602]},"faces":{"north":{"uv":[2,6,2.83635,6.71711],"texture":"#9"},"east":{"uv":[2,6,2.83635,6.71711],"texture":"#9"},"south":{"uv":[2,6,2.83635,6.71711],"texture":"#9"},"west":{"uv":[2,6,2.83635,6.71711],"texture":"#9"},"up":{"uv":[2,6,2.83635,6.71711],"texture":"#9"},"down":{"uv":[2,6,2.83635,6.71711],"texture":"#9"}}},{"from":[5.7191,3.83207,-5.88116],"to":[6.42499,4.52993,-3.51195],"faces":{"north":{"uv":[5,7,10.83716,7.71793],"texture":"#10"},"east":{"uv":[5,7,10.83716,7.71793],"texture":"#10"},"south":{"uv":[5,7,10.83716,7.71793],"texture":"#10"},"west":{"uv":[5,7,10.83716,7.71793],"texture":"#10"},"up":{"uv":[5,7,10.83716,7.71793],"texture":"#10"},"down":{"uv":[5,7,10.83716,7.71793],"rotation":90,"texture":"#10"}}},{"from":[5.79618,4.45662,-8.00141],"to":[6.20751,7.00397,-5.01903],"faces":{"north":{"uv":[0,0,1,1],"texture":"#10"},"east":{"uv":[0,0,1,1],"texture":"#10"},"south":{"uv":[0,0,1,1],"texture":"#10"},"west":{"uv":[3,4.75,6.25,7.25],"texture":"#10"},"up":{"uv":[0,0,1,1],"texture":"#10"},"down":{"uv":[0,0,1,1],"texture":"#10"}}},{"from":[9.92209,4.45662,-8.00141],"to":[10.33342,7.00397,-5.01903],"faces":{"north":{"uv":[1,0,0,1],"texture":"#10"},"east":{"uv":[6.25,4.75,3,7.25],"texture":"#10"},"south":{"uv":[1,0,0,1],"texture":"#10"},"west":{"uv":[1,0,0,1],"texture":"#10"},"up":{"uv":[1,0,0,1],"texture":"#10"},"down":{"uv":[1,0,0,1],"texture":"#10"}}},{"from":[9.70461,3.83207,-5.88116],"to":[10.4105,4.52993,-3.51195],"faces":{"north":{"uv":[10.83716,7,5,7.71793],"texture":"#10"},"east":{"uv":[10.83716,7,5,7.71793],"texture":"#10"},"south":{"uv":[10.83716,7,5,7.71793],"texture":"#10"},"west":{"uv":[10.83716,7,5,7.71793],"texture":"#10"},"up":{"uv":[10.83716,7,5,7.71793],"texture":"#10"},"down":{"uv":[5,7.71793,10.83716,7],"rotation":90,"texture":"#10"}}},{"from":[9.70461,2.76287,-6.85316],"to":[10.4105,3.84953,-4.09515],"faces":{"north":{"uv":[10.83716,7,5,7.71793],"texture":"#10"},"east":{"uv":[10.83716,7,5,7.71793],"texture":"#10"},"south":{"uv":[10.83716,7,5,7.71793],"texture":"#10"},"west":{"uv":[10.83716,7,5,7.71793],"texture":"#10"},"up":{"uv":[10.83716,7,5,7.71793],"texture":"#10"},"down":{"uv":[5,7.71793,10.83716,7],"rotation":90,"texture":"#10"}}},{"from":[9.70461,-7.46031,-10.87472],"to":[10.5077,-6.17925,-8.79711],"rotation":{"angle":45,"axis":"x","origin":[10.88376,-8.20039,4.4602]},"faces":{"north":{"uv":[2.83635,6,2,6.71711],"texture":"#9"},"east":{"uv":[2.83635,6,2,6.71711],"texture":"#9"},"south":{"uv":[2.83635,6,2,6.71711],"texture":"#9"},"west":{"uv":[2.83635,6,2,6.71711],"texture":"#9"},"up":{"uv":[2.83635,6,2,6.71711],"texture":"#9"},"down":{"uv":[2.83635,6,2,6.71711],"texture":"#9"}}},{"from":[9.70461,-2.4657,-6.59457],"to":[10.5077,-0.50423,-4.51696],"rotation":{"angle":22.5,"axis":"x","origin":[10.88376,-2.52538,8.74035]},"faces":{"north":{"uv":[2.83635,6,2,6.71711],"texture":"#9"},"east":{"uv":[2.83635,6,2,6.71711],"texture":"#9"},"south":{"uv":[2.83635,6,2,6.71711],"texture":"#9"},"west":{"uv":[2.83635,6,2,6.71711],"texture":"#9"},"up":{"uv":[2.83635,6,2,6.71711],"texture":"#9"},"down":{"uv":[2.83635,6,2,6.71711],"texture":"#9"}}},{"from":[9.70461,4.41527,-5.00636],"to":[10.5077,6.86273,-2.73435],"faces":{"north":{"uv":[2.83635,6,2,6.71711],"texture":"#9"},"east":{"uv":[2.83635,6,2,6.71711],"texture":"#9"},"south":{"uv":[2.83635,6,2,6.71711],"texture":"#9"},"west":{"uv":[2.83635,6,2,6.71711],"texture":"#9"},"up":{"uv":[2.83635,6,2,6.71711],"texture":"#9"},"down":{"uv":[2.83635,6,2,6.71711],"texture":"#9"}}},{"from":[7.5855,20.04647,-9.32516],"to":[8.74379,20.74433,-6.49515],"rotation":{"angle":-45,"axis":"x","origin":[8.06464,19.20919,7.97336]},"faces":{"north":{"uv":[5,7,10.83716,7.71793],"texture":"#10"},"east":{"uv":[5,7,10.83716,7.71793],"texture":"#10"},"south":{"uv":[5,7,10.83716,7.71793],"texture":"#10"},"west":{"uv":[5,7,10.83716,7.71793],"texture":"#10"},"up":{"uv":[5,7,10.83716,7.71793],"rotation":90,"texture":"#10"},"down":{"uv":[5,7,10.83716,7.71793],"rotation":90,"texture":"#10"}}},{"from":[7.5855,7.48656,2.54091],"to":[8.74379,10.61657,3.23878],"rotation":{"angle":22.5,"axis":"x","origin":[8.06464,24.08508,4.07606]},"faces":{"north":{"uv":[5,7,10.83716,7.71793],"rotation":90,"texture":"#10"},"east":{"uv":[5,7,10.83716,7.71793],"rotation":90,"texture":"#10"},"south":{"uv":[5,7,10.83716,7.71793],"rotation":90,"texture":"#10"},"west":{"uv":[5,7,10.83716,7.71793],"rotation":270,"texture":"#10"},"up":{"uv":[5,7,10.83716,7.71793],"texture":"#10"},"down":{"uv":[5,7,10.83716,7.71793],"rotation":180,"texture":"#10"}}},{"from":[7.5855,10.61429,2.5524],"to":[8.74379,10.9443,3.25027],"rotation":{"angle":22.5,"axis":"x","origin":[8.06464,24.11281,4.08755]},"faces":{"north":{"uv":[5,7,6.83635,7.71711],"rotation":270,"texture":"#7"},"east":{"uv":[5,7,6.83635,7.71711],"rotation":270,"texture":"#7"},"south":{"uv":[5,7,6.83635,7.71711],"rotation":270,"texture":"#7"},"west":{"uv":[5,7,6.83635,7.71711],"rotation":270,"texture":"#7"},"up":{"uv":[5,7,6.83635,7.71711],"rotation":270,"texture":"#7"},"down":{"uv":[5,7,6.83635,7.71711],"rotation":270,"texture":"#7"}}},{"from":[6.6355,19.22147,-8.60016],"to":[7.59379,19.91933,-6.47015],"rotation":{"angle":-45,"axis":"x","origin":[6.91464,18.38419,7.99836]},"faces":{"north":{"uv":[5,7,10.83716,7.71793],"texture":"#10"},"east":{"uv":[5,7,10.83716,7.71793],"texture":"#10"},"south":{"uv":[5,7,10.83716,7.71793],"texture":"#10"},"west":{"uv":[5,7,10.83716,7.71793],"texture":"#10"},"up":{"uv":[5,7,10.83716,7.71793],"rotation":90,"texture":"#10"},"down":{"uv":[5,7,10.83716,7.71793],"rotation":90,"texture":"#10"}}},{"from":[6.6355,7.16156,2.76591],"to":[7.59379,10.29157,3.46378],"rotation":{"angle":22.5,"axis":"x","origin":[6.91464,23.76008,4.30106]},"faces":{"north":{"uv":[5,7,10.83716,7.71793],"rotation":90,"texture":"#10"},"east":{"uv":[5,7,10.83716,7.71793],"rotation":90,"texture":"#10"},"south":{"uv":[5,7,10.83716,7.71793],"rotation":90,"texture":"#10"},"west":{"uv":[5,7,10.83716,7.71793],"rotation":270,"texture":"#10"},"up":{"uv":[5,7,10.83716,7.71793],"texture":"#10"},"down":{"uv":[5,7,10.83716,7.71793],"rotation":180,"texture":"#10"}}},{"from":[6.6355,10.28929,2.7774],"to":[7.59379,10.6193,3.47527],"rotation":{"angle":22.5,"axis":"x","origin":[6.91464,23.78781,4.31255]},"faces":{"north":{"uv":[5,7,6.83635,7.71711],"rotation":270,"texture":"#7"},"east":{"uv":[5,7,6.83635,7.71711],"rotation":270,"texture":"#7"},"south":{"uv":[5,7,6.83635,7.71711],"rotation":270,"texture":"#7"},"west":{"uv":[5,7,6.83635,7.71711],"rotation":270,"texture":"#7"},"up":{"uv":[5,7,6.83635,7.71711],"rotation":270,"texture":"#7"},"down":{"uv":[5,7,6.83635,7.71711],"rotation":270,"texture":"#7"}}},{"from":[6.1105,18.82147,-8.37516],"to":[6.79379,19.51933,-6.24515],"rotation":{"angle":-45,"axis":"x","origin":[6.11464,17.98419,8.22336]},"faces":{"north":{"uv":[5,7,10.83716,7.71793],"texture":"#10"},"east":{"uv":[5,7,10.83716,7.71793],"texture":"#10"},"south":{"uv":[5,7,10.83716,7.71793],"texture":"#10"},"west":{"uv":[5,7,10.83716,7.71793],"texture":"#10"},"up":{"uv":[5,7,10.83716,7.71793],"rotation":90,"texture":"#10"},"down":{"uv":[5,7,10.83716,7.71793],"rotation":90,"texture":"#10"}}},{"from":[6.1105,6.76156,2.99091],"to":[6.79379,9.89157,3.68878],"rotation":{"angle":22.5,"axis":"x","origin":[6.11464,23.36008,4.52606]},"faces":{"north":{"uv":[5,7,10.83716,7.71793],"rotation":90,"texture":"#10"},"east":{"uv":[5,7,10.83716,7.71793],"rotation":90,"texture":"#10"},"south":{"uv":[5,7,10.83716,7.71793],"rotation":90,"texture":"#10"},"west":{"uv":[5,7,10.83716,7.71793],"rotation":270,"texture":"#10"},"up":{"uv":[5,7,10.83716,7.71793],"texture":"#10"},"down":{"uv":[5,7,10.83716,7.71793],"rotation":180,"texture":"#10"}}},{"from":[6.1105,9.88929,3.0024],"to":[6.79379,10.2193,3.70027],"rotation":{"angle":22.5,"axis":"x","origin":[6.11464,23.38781,4.53755]},"faces":{"north":{"uv":[5,7,6.83635,7.71711],"rotation":270,"texture":"#7"},"east":{"uv":[5,7,6.83635,7.71711],"rotation":270,"texture":"#7"},"south":{"uv":[5,7,6.83635,7.71711],"rotation":270,"texture":"#7"},"west":{"uv":[5,7,6.83635,7.71711],"rotation":270,"texture":"#7"},"up":{"uv":[5,7,6.83635,7.71711],"rotation":270,"texture":"#7"},"down":{"uv":[5,7,6.83635,7.71711],"rotation":270,"texture":"#7"}}},{"from":[5.6105,18.42147,-6.92516],"to":[6.29379,19.11933,-6.09515],"rotation":{"angle":-45,"axis":"x","origin":[5.61464,17.58419,8.37336]},"faces":{"north":{"uv":[5,7,10.83716,7.71793],"texture":"#10"},"east":{"uv":[5,7,10.83716,7.71793],"texture":"#10"},"south":{"uv":[5,7,10.83716,7.71793],"texture":"#10"},"west":{"uv":[5,7,10.83716,7.71793],"texture":"#10"},"up":{"uv":[5,7,10.83716,7.71793],"rotation":90,"texture":"#10"},"down":{"uv":[5,7,10.83716,7.71793],"rotation":90,"texture":"#10"}}},{"from":[5.6105,6.36156,3.14091],"to":[6.29379,9.49157,3.83878],"rotation":{"angle":22.5,"axis":"x","origin":[5.61464,22.96008,4.67606]},"faces":{"north":{"uv":[5,7,10.83716,7.71793],"rotation":90,"texture":"#10"},"east":{"uv":[5,7,10.83716,7.71793],"rotation":90,"texture":"#10"},"south":{"uv":[5,7,10.83716,7.71793],"rotation":90,"texture":"#10"},"west":{"uv":[5,7,10.83716,7.71793],"rotation":270,"texture":"#10"},"up":{"uv":[5,7,10.83716,7.71793],"texture":"#10"},"down":{"uv":[5,7,10.83716,7.71793],"rotation":180,"texture":"#10"}}},{"from":[5.6105,9.48929,3.1524],"to":[6.29379,9.8193,3.85027],"rotation":{"angle":22.5,"axis":"x","origin":[5.61464,22.98781,4.68755]},"faces":{"north":{"uv":[5,7,6.83635,7.71711],"rotation":270,"texture":"#7"},"east":{"uv":[5,7,6.83635,7.71711],"rotation":270,"texture":"#7"},"south":{"uv":[5,7,6.83635,7.71711],"rotation":270,"texture":"#7"},"west":{"uv":[5,7,6.83635,7.71711],"rotation":270,"texture":"#7"},"up":{"uv":[5,7,6.83635,7.71711],"rotation":270,"texture":"#7"},"down":{"uv":[5,7,6.83635,7.71711],"rotation":270,"texture":"#7"}}},{"from":[8.70621,10.28929,2.7774],"to":[9.6645,10.6193,3.47527],"rotation":{"angle":22.5,"axis":"x","origin":[9.38536,23.78781,4.31255]},"faces":{"north":{"uv":[5,7.71711,6.83635,7],"rotation":270,"texture":"#7"},"east":{"uv":[5,7.71711,6.83635,7],"rotation":270,"texture":"#7"},"south":{"uv":[5,7.71711,6.83635,7],"rotation":270,"texture":"#7"},"west":{"uv":[5,7.71711,6.83635,7],"rotation":270,"texture":"#7"},"up":{"uv":[5,7.71711,6.83635,7],"rotation":270,"texture":"#7"},"down":{"uv":[5,7.71711,6.83635,7],"rotation":270,"texture":"#7"}}},{"from":[8.70621,7.16156,2.76591],"to":[9.6645,10.29157,3.46378],"rotation":{"angle":22.5,"axis":"x","origin":[9.38536,23.76008,4.30106]},"faces":{"north":{"uv":[5,7.71793,10.83716,7],"rotation":90,"texture":"#10"},"east":{"uv":[5,7.71793,10.83716,7],"rotation":270,"texture":"#10"},"south":{"uv":[5,7.71793,10.83716,7],"rotation":90,"texture":"#10"},"west":{"uv":[5,7.71793,10.83716,7],"rotation":90,"texture":"#10"},"up":{"uv":[10.83716,7,5,7.71793],"texture":"#10"},"down":{"uv":[10.83716,7,5,7.71793],"rotation":180,"texture":"#10"}}},{"from":[8.70621,19.22147,-8.60016],"to":[9.6645,19.91933,-6.47015],"rotation":{"angle":-45,"axis":"x","origin":[9.38536,18.38419,7.99836]},"faces":{"north":{"uv":[10.83716,7,5,7.71793],"texture":"#10"},"east":{"uv":[10.83716,7,5,7.71793],"texture":"#10"},"south":{"uv":[10.83716,7,5,7.71793],"texture":"#10"},"west":{"uv":[10.83716,7,5,7.71793],"texture":"#10"},"up":{"uv":[5,7.71793,10.83716,7],"rotation":90,"texture":"#10"},"down":{"uv":[5,7.71793,10.83716,7],"rotation":90,"texture":"#10"}}},{"from":[9.50621,6.76156,2.99091],"to":[10.1895,9.89157,3.68878],"rotation":{"angle":22.5,"axis":"x","origin":[10.18536,23.36008,4.52606]},"faces":{"north":{"uv":[5,7.71793,10.83716,7],"rotation":90,"texture":"#10"},"east":{"uv":[5,7.71793,10.83716,7],"rotation":270,"texture":"#10"},"south":{"uv":[5,7.71793,10.83716,7],"rotation":90,"texture":"#10"},"west":{"uv":[5,7.71793,10.83716,7],"rotation":90,"texture":"#10"},"up":{"uv":[10.83716,7,5,7.71793],"texture":"#10"},"down":{"uv":[10.83716,7,5,7.71793],"rotation":180,"texture":"#10"}}},{"from":[9.50621,9.88929,3.0024],"to":[10.1895,10.2193,3.70027],"rotation":{"angle":22.5,"axis":"x","origin":[10.18536,23.38781,4.53755]},"faces":{"north":{"uv":[5,7.71711,6.83635,7],"rotation":270,"texture":"#7"},"east":{"uv":[5,7.71711,6.83635,7],"rotation":270,"texture":"#7"},"south":{"uv":[5,7.71711,6.83635,7],"rotation":270,"texture":"#7"},"west":{"uv":[5,7.71711,6.83635,7],"rotation":270,"texture":"#7"},"up":{"uv":[5,7.71711,6.83635,7],"rotation":270,"texture":"#7"},"down":{"uv":[5,7.71711,6.83635,7],"rotation":270,"texture":"#7"}}},{"from":[10.00621,9.48929,3.1524],"to":[10.6895,9.8193,3.85027],"rotation":{"angle":22.5,"axis":"x","origin":[10.68536,22.98781,4.68755]},"faces":{"north":{"uv":[5,7.71711,6.83635,7],"rotation":270,"texture":"#7"},"east":{"uv":[5,7.71711,6.83635,7],"rotation":270,"texture":"#7"},"south":{"uv":[5,7.71711,6.83635,7],"rotation":270,"texture":"#7"},"west":{"uv":[5,7.71711,6.83635,7],"rotation":270,"texture":"#7"},"up":{"uv":[5,7.71711,6.83635,7],"rotation":270,"texture":"#7"},"down":{"uv":[5,7.71711,6.83635,7],"rotation":270,"texture":"#7"}}},{"from":[10.00621,6.36156,3.14091],"to":[10.6895,9.49157,3.83878],"rotation":{"angle":22.5,"axis":"x","origin":[10.68536,22.96008,4.67606]},"faces":{"north":{"uv":[5,7.71793,10.83716,7],"rotation":90,"texture":"#10"},"east":{"uv":[5,7.71793,10.83716,7],"rotation":270,"texture":"#10"},"south":{"uv":[5,7.71793,10.83716,7],"rotation":90,"texture":"#10"},"west":{"uv":[5,7.71793,10.83716,7],"rotation":90,"texture":"#10"},"up":{"uv":[10.83716,7,5,7.71793],"texture":"#10"},"down":{"uv":[10.83716,7,5,7.71793],"rotation":180,"texture":"#10"}}},{"from":[10.00621,18.42147,-6.92516],"to":[10.6895,19.11933,-6.09515],"rotation":{"angle":-45,"axis":"x","origin":[10.68536,17.58419,8.37336]},"faces":{"north":{"uv":[10.83716,7,5,7.71793],"texture":"#10"},"east":{"uv":[10.83716,7,5,7.71793],"texture":"#10"},"south":{"uv":[10.83716,7,5,7.71793],"texture":"#10"},"west":{"uv":[10.83716,7,5,7.71793],"texture":"#10"},"up":{"uv":[5,7.71793,10.83716,7],"rotation":90,"texture":"#10"},"down":{"uv":[5,7.71793,10.83716,7],"rotation":90,"texture":"#10"}}},{"from":[9.50621,18.82147,-8.37516],"to":[10.1895,19.51933,-6.24515],"rotation":{"angle":-45,"axis":"x","origin":[10.18536,17.98419,8.22336]},"faces":{"north":{"uv":[10.83716,7,5,7.71793],"texture":"#10"},"east":{"uv":[10.83716,7,5,7.71793],"texture":"#10"},"south":{"uv":[10.83716,7,5,7.71793],"texture":"#10"},"west":{"uv":[10.83716,7,5,7.71793],"texture":"#10"},"up":{"uv":[5,7.71793,10.83716,7],"rotation":90,"texture":"#10"},"down":{"uv":[5,7.71793,10.83716,7],"rotation":90,"texture":"#10"}}},{"from":[5.8553,8.08136,2.41136],"to":[10.1897,12.20732,19.85984],"faces":{"north":{"uv":[1,7,3,9],"texture":"#7"},"east":{"uv":[1,6,3,8],"texture":"#7"},"south":{"uv":[1,6,3,8],"texture":"#7"},"west":{"uv":[1,6,3,8],"texture":"#7"},"up":{"uv":[1,6,3,8],"texture":"#7"},"down":{"uv":[1,6,3,8],"texture":"#7"}}},{"from":[6.2153,8.44136,2.05136],"to":[9.8297,11.93732,19.40984],"faces":{"north":{"uv":[1,7,3,9],"texture":"#7"},"east":{"uv":[1,6,3,8],"texture":"#7"},"south":{"uv":[1,6,3,8],"texture":"#7"},"west":{"uv":[1,6,3,8],"texture":"#7"},"up":{"uv":[1,6,3,8],"texture":"#7"},"down":{"uv":[1,6,3,8],"texture":"#7"}}},{"from":[3.32522,13.54472,5.9948],"to":[12.71978,14.4224,15.12296],"faces":{"north":{"uv":[8,3,13.5,11.5],"rotation":180,"texture":"#8"},"east":{"uv":[0,0,3,8.5],"rotation":90,"texture":"#8"},"south":{"uv":[3,4,4.5,5.5],"texture":"#8"},"west":{"uv":[0,0,2,8.5],"rotation":270,"texture":"#8"},"up":{"uv":[0,0,9.5,10],"texture":"#8"},"down":{"uv":[0,0,9.5,10],"texture":"#8"}}}],"display":{"gui":{"rotation":[30,-135,0],"translation":[0,0.5,0],"scale":[0.3,0.3,0.3]},"head":{"translation":[0,6.5,-11],"scale":[3,3,3]}},"groups":[0,1,2,{"name":"Poot1","origin":[8,8,8],"children":[3,4,5,{"name":"group","origin":[8,8,8],"children":[6,7,8,9,10,11,12,13,14,15,16,17,18,19,20,21,22,23,24,25,26,27,28,29,30,31,32,33,34,35,36,37,38,39,40,41]},42,43,44,45,46,47,48,49]},50,{"name":"Kwakje","origin":[8,8,8],"children":[]},{"name":"staart","origin":[8,8,8],"children":[51,52,53,54,55,56,57,58,59,60,61,62,63,64,65,66,67,68,69,70,71]},{"name":"Skull","origin":[8,8,8],"children":[72,73,74,75,76,77,78,{"name":"KWAK","origin":[8,8,8],"children":[79,80,81,82,83,84,85,86,87,88,89,90,91,92,93,94,95,96,97,98,99,100,101,102,103,104,105,106,107,108,109,110,111,112,113,114,115,116,117,118,119,120,121,122,123]},124,125,126,127,128,129,130,131,132,133,134,135,136,137,138,139,140,141,142,143,144,145,146,147,148,149,150,151,152,153,154,155,156,157,158,159,160,161,162]},163,164,165],"credit":"Model by Craftventure"}