{"texture_size":[32,32],"textures":{"main":"block/fish1_pose1"},"elements":[{"name":"body","from":[7,0,5],"to":[9,3,11],"shade":false,"rotation":{"angle":0,"axis":"y","origin":[16,8,16]},"faces":{"north":{"uv":[0.75,0.75,1,1.125],"texture":"#main","tintindex":0},"east":{"uv":[0,0.75,0.75,1.125],"texture":"#main","tintindex":0},"south":{"uv":[1.75,0.75,2,1.125],"texture":"#main","tintindex":0},"west":{"uv":[1,0.75,1.75,1.125],"texture":"#main","tintindex":0},"up":{"uv":[0.75,0,1,0.75],"texture":"#main","tintindex":0},"down":{"uv":[1,0,1.25,0.75],"texture":"#main","tintindex":0}}},{"name":"body","from":[8,3,5],"to":[8,7,11],"shade":false,"rotation":{"angle":0,"axis":"y","origin":[16,8,16]},"faces":{"north":{"uv":[4,0,4.125,0.125],"texture":"#main"},"east":{"uv":[6.75,0,6,0.5],"texture":"#main","tintindex":0},"south":{"uv":[4,0,4.125,0.125],"texture":"#main"},"west":{"uv":[6,0,6.75,0.5],"texture":"#main","tintindex":0},"up":{"uv":[4,0,4.125,0.125],"texture":"#main"},"down":{"uv":[4,0,4.125,0.125],"texture":"#main"}}},{"name":"tailfin","from":[8,0,11],"to":[8,3,15],"shade":false,"rotation":{"angle":22.5,"axis":"y","origin":[8,1.5,11]},"faces":{"north":{"uv":[0,0,0.125,0.125],"texture":"#main"},"east":{"uv":[4,0,3.5,0.375],"texture":"#main","tintindex":0},"south":{"uv":[0,0,0.125,0.125],"texture":"#main"},"west":{"uv":[3.5,0,4,0.375],"texture":"#main","tintindex":0},"up":{"uv":[0,0,0.125,0.125],"texture":"#main"},"down":{"uv":[0,0,0.125,0.125],"texture":"#main"}}},{"name":"leftFin","from":[8.99,0,7.99],"to":[8.99,2,9.99],"shade":false,"rotation":{"angle":22.5,"axis":"y","origin":[8.99,1,7.99]},"faces":{"north":{"uv":[0,0,0.125,0.125],"texture":"#main"},"east":{"uv":[0.5,1.5,0.25,1.75],"texture":"#main","tintindex":0},"south":{"uv":[0,0,0.125,0.125],"texture":"#main"},"west":{"uv":[0.25,1.5,0.5,1.75],"texture":"#main","tintindex":0},"up":{"uv":[0,0,0.125,0.125],"rotation":270,"texture":"#main"},"down":{"uv":[0,0,0.125,0.125],"rotation":90,"texture":"#main"}}},{"name":"rightFin","from":[7.01,0,7.99],"to":[7.01,2,9.99],"shade":false,"rotation":{"angle":-22.5,"axis":"y","origin":[7.01,1,7.99]},"faces":{"north":{"uv":[0,0,0.125,0.125],"texture":"#main"},"east":{"uv":[0.5,1.5,0.25,1.75],"texture":"#main","tintindex":0},"south":{"uv":[0,0,0.125,0.125],"texture":"#main","tintindex":0},"west":{"uv":[0.25,1.5,0.5,1.75],"texture":"#main","tintindex":0},"up":{"uv":[0,0,0.125,0.125],"rotation":270,"texture":"#main"},"down":{"uv":[0,0,0.125,0.125],"rotation":90,"texture":"#main"}}},{"name":"body","from":[7,0,5],"to":[9,3,11],"shade":false,"rotation":{"angle":0,"axis":"y","origin":[16,8,16]},"faces":{"north":{"uv":[8.75,0.75,9,1.125],"texture":"#main","tintindex":0},"east":{"uv":[8,0.75,8.75,1.125],"texture":"#main","tintindex":0},"south":{"uv":[9.75,0.75,10,1.125],"texture":"#main","tintindex":0},"west":{"uv":[9,0.75,9.75,1.125],"texture":"#main","tintindex":0},"up":{"uv":[8.75,0,9,0.75],"texture":"#main","tintindex":0},"down":{"uv":[9,0,9.25,0.75],"texture":"#main","tintindex":0}}},{"name":"body","from":[8,3,5],"to":[8,7,11],"shade":false,"rotation":{"angle":0,"axis":"y","origin":[16,8,16]},"faces":{"north":{"uv":[12,0,12.125,0.125],"texture":"#main"},"east":{"uv":[14.75,0,14,0.5],"texture":"#main","tintindex":0},"south":{"uv":[12,0,12.125,0.125],"texture":"#main"},"west":{"uv":[14,0,14.75,0.5],"texture":"#main","tintindex":0},"up":{"uv":[12,0,12.125,0.125],"texture":"#main"},"down":{"uv":[12,0,12.125,0.125],"texture":"#main"}}},{"name":"tailfin","from":[8,0,11],"to":[8,3,15],"shade":false,"rotation":{"angle":0,"axis":"y","origin":[8,1.5,11]},"faces":{"north":{"uv":[8,0,8.125,0.125],"texture":"#main"},"east":{"uv":[12,0,11.5,0.375],"texture":"#main","tintindex":0},"south":{"uv":[8,0,8.125,0.125],"texture":"#main"},"west":{"uv":[11.5,0,12,0.375],"texture":"#main","tintindex":0},"up":{"uv":[8,0,8.125,0.125],"texture":"#main"},"down":{"uv":[8,0,8.125,0.125],"texture":"#main"}}},{"name":"leftFin","from":[8.99,0,7.99],"to":[8.99,2,9.99],"shade":false,"rotation":{"angle":45,"axis":"y","origin":[8.99,1,7.99]},"faces":{"north":{"uv":[8,0,8.125,0.125],"texture":"#main"},"east":{"uv":[8.5,1.5,8.25,1.75],"texture":"#main","tintindex":0},"south":{"uv":[8,0,8.125,0.125],"texture":"#main"},"west":{"uv":[8.25,1.5,8.5,1.75],"texture":"#main","tintindex":0},"up":{"uv":[8,0,8.125,0.125],"rotation":270,"texture":"#main"},"down":{"uv":[8,0,8.125,0.125],"rotation":90,"texture":"#main"}}},{"name":"rightFin","from":[7.01,0,7.99],"to":[7.01,2,9.99],"shade":false,"rotation":{"angle":-22.5,"axis":"y","origin":[7.01,1,7.99]},"faces":{"north":{"uv":[8,0,8.125,0.125],"texture":"#main"},"east":{"uv":[8.5,1.5,8.25,1.75],"texture":"#main","tintindex":0},"south":{"uv":[8,0,8.125,0.125],"texture":"#main","tintindex":0},"west":{"uv":[8.25,1.5,8.5,1.75],"texture":"#main","tintindex":0},"up":{"uv":[8,0,8.125,0.125],"rotation":270,"texture":"#main"},"down":{"uv":[8,0,8.125,0.125],"rotation":90,"texture":"#main"}}},{"name":"body","from":[7,0,5],"to":[9,3,11],"shade":false,"rotation":{"angle":0,"axis":"y","origin":[16,8,16]},"faces":{"north":{"uv":[0.75,8.75,1,9.125],"texture":"#main","tintindex":0},"east":{"uv":[0,8.75,0.75,9.125],"texture":"#main","tintindex":0},"south":{"uv":[1.75,8.75,2,9.125],"texture":"#main","tintindex":0},"west":{"uv":[1,8.75,1.75,9.125],"texture":"#main","tintindex":0},"up":{"uv":[0.75,8,1,8.75],"texture":"#main","tintindex":0},"down":{"uv":[1,8,1.25,8.75],"texture":"#main","tintindex":0}}},{"name":"body","from":[8,3,5],"to":[8,7,11],"shade":false,"rotation":{"angle":0,"axis":"y","origin":[16,8,16]},"faces":{"north":{"uv":[4,8,4.125,8.125],"texture":"#main"},"east":{"uv":[6.75,8,6,8.5],"texture":"#main","tintindex":0},"south":{"uv":[4,8,4.125,8.125],"texture":"#main"},"west":{"uv":[6,8,6.75,8.5],"texture":"#main","tintindex":0},"up":{"uv":[4,8,4.125,8.125],"texture":"#main"},"down":{"uv":[4,8,4.125,8.125],"texture":"#main"}}},{"name":"tailfin","from":[8,0,11],"to":[8,3,15],"shade":false,"rotation":{"angle":-22.5,"axis":"y","origin":[8,1.5,11]},"faces":{"north":{"uv":[0,8,0.125,8.125],"texture":"#main"},"east":{"uv":[4,8,3.5,8.375],"texture":"#main","tintindex":0},"south":{"uv":[0,8,0.125,8.125],"texture":"#main"},"west":{"uv":[3.5,8,4,8.375],"texture":"#main","tintindex":0},"up":{"uv":[0,8,0.125,8.125],"texture":"#main"},"down":{"uv":[0,8,0.125,8.125],"texture":"#main"}}},{"name":"leftFin","from":[8.99,0,7.99],"to":[10.99,2,7.99],"shade":false,"rotation":{"angle":-22.5,"axis":"y","origin":[8.99,1,7.99]},"faces":{"north":{"uv":[0.5,9.5,0.25,9.75],"texture":"#main","tintindex":0},"east":{"uv":[0,8,0.125,8.125],"texture":"#main"},"south":{"uv":[0.25,9.5,0.5,9.75],"texture":"#main","tintindex":0},"west":{"uv":[0,8,0.125,8.125],"texture":"#main"},"up":{"uv":[0,8,0.125,8.125],"rotation":180,"texture":"#main"},"down":{"uv":[0,8,0.125,8.125],"rotation":180,"texture":"#main"}}},{"name":"rightFin","from":[7.01,0,7.99],"to":[7.01,2,9.99],"shade":false,"rotation":{"angle":-45,"axis":"y","origin":[7.01,1,7.99]},"faces":{"north":{"uv":[0,8,0.125,8.125],"texture":"#main"},"east":{"uv":[0.5,9.5,0.25,9.75],"texture":"#main","tintindex":0},"south":{"uv":[0,8,0.125,8.125],"texture":"#main","tintindex":0},"west":{"uv":[0.25,9.5,0.5,9.75],"texture":"#main","tintindex":0},"up":{"uv":[0,8,0.125,8.125],"rotation":270,"texture":"#main"},"down":{"uv":[0,8,0.125,8.125],"rotation":90,"texture":"#main"}}},{"name":"body","from":[7,0,5],"to":[9,3,11],"shade":false,"rotation":{"angle":0,"axis":"y","origin":[16,8,16]},"faces":{"north":{"uv":[8.75,8.75,9,9.125],"texture":"#main","tintindex":0},"east":{"uv":[8,8.75,8.75,9.125],"texture":"#main","tintindex":0},"south":{"uv":[9.75,8.75,10,9.125],"texture":"#main","tintindex":0},"west":{"uv":[9,8.75,9.75,9.125],"texture":"#main","tintindex":0},"up":{"uv":[8.75,8,9,8.75],"texture":"#main","tintindex":0},"down":{"uv":[9,8,9.25,8.75],"texture":"#main","tintindex":0}}},{"name":"body","from":[8,3,5],"to":[8,7,11],"shade":false,"rotation":{"angle":0,"axis":"y","origin":[16,8,16]},"faces":{"north":{"uv":[12,8,12.125,8.125],"texture":"#main"},"east":{"uv":[14.75,8,14,8.5],"texture":"#main","tintindex":0},"south":{"uv":[12,8,12.125,8.125],"texture":"#main"},"west":{"uv":[14,8,14.75,8.5],"texture":"#main","tintindex":0},"up":{"uv":[12,8,12.125,8.125],"texture":"#main"},"down":{"uv":[12,8,12.125,8.125],"texture":"#main"}}},{"name":"tailfin","from":[8,0,11],"to":[8,3,15],"shade":false,"rotation":{"angle":0,"axis":"y","origin":[8,1.5,11]},"faces":{"north":{"uv":[8,8,8.125,8.125],"texture":"#main"},"east":{"uv":[12,8,11.5,8.375],"texture":"#main","tintindex":0},"south":{"uv":[8,8,8.125,8.125],"texture":"#main"},"west":{"uv":[11.5,8,12,8.375],"texture":"#main","tintindex":0},"up":{"uv":[8,8,8.125,8.125],"texture":"#main"},"down":{"uv":[8,8,8.125,8.125],"texture":"#main"}}},{"name":"leftFin","from":[8.99,0,7.99],"to":[10.99,2,7.99],"shade":false,"rotation":{"angle":-45,"axis":"y","origin":[8.99,1,7.99]},"faces":{"north":{"uv":[8.5,9.5,8.25,9.75],"texture":"#main","tintindex":0},"east":{"uv":[8,8,8.125,8.125],"texture":"#main"},"south":{"uv":[8.25,9.5,8.5,9.75],"texture":"#main","tintindex":0},"west":{"uv":[8,8,8.125,8.125],"texture":"#main"},"up":{"uv":[8,8,8.125,8.125],"rotation":180,"texture":"#main"},"down":{"uv":[8,8,8.125,8.125],"rotation":180,"texture":"#main"}}},{"name":"rightFin","from":[5.01,0,7.99],"to":[7.01,2,7.99],"shade":false,"rotation":{"angle":22.5,"axis":"y","origin":[7.01,1,7.99]},"faces":{"north":{"uv":[8.25,9.5,8.5,9.75],"texture":"#main","tintindex":0},"east":{"uv":[8,8,8.125,8.125],"texture":"#main"},"south":{"uv":[8.5,9.5,8.25,9.75],"texture":"#main","tintindex":0},"west":{"uv":[8,8,8.125,8.125],"texture":"#main","tintindex":0},"up":{"uv":[8,8,8.125,8.125],"texture":"#main"},"down":{"uv":[8,8,8.125,8.125],"texture":"#main"}}}],"display":{"thirdperson_righthand":{"translation":[0,4,0]},"gui":{"rotation":[30,-135,0],"translation":[1.25,10.25,0],"scale":[2,2,2]},"head":{"translation":[0,17.25,0],"scale":[2.8,2.8,2.8]}},"groups":[{"name":"body","shade":false,"origin":[-0.5,0,0],"children":[0,1]},{"name":"tailfin","shade":false,"origin":[0,0,3],"children":[2]},{"name":"leftFin","shade":false,"origin":[0.5,0,1],"rotation":[0,-35,0],"children":[3]},{"name":"rightFin","shade":false,"origin":[-0.5,0,1],"rotation":[0,35,0],"children":[4]}],"credit":"Model by Craftventure"}