{"textures":{"texture":"block/cobblestone","stone":"block/stone","mossy_cobblestone":"block/mossy_cobblestone","andesite":"block/andesite"},"elements":[{"from":[0,0,0],"to":[16,16,16],"faces":{"north":{"uv":[0,0,16,16],"texture":"#texture"},"east":{"uv":[0,0,16,16],"texture":"#texture"},"south":{"uv":[0,0,16,16],"texture":"#texture"},"west":{"uv":[0,0,16,16],"texture":"#texture"},"up":{"uv":[0,0,16,16],"texture":"#texture"},"down":{"uv":[0,0,16,16],"texture":"#texture"}}},{"from":[0,0,16],"to":[16,16,32],"faces":{"north":{"uv":[0,0,16,16],"texture":"#stone"},"east":{"uv":[0,0,16,16],"texture":"#stone"},"south":{"uv":[0,0,16,16],"texture":"#stone"},"west":{"uv":[0,0,16,16],"texture":"#stone"},"up":{"uv":[0,0,16,16],"texture":"#stone"},"down":{"uv":[0,0,16,16],"texture":"#stone"}}},{"from":[0,16,0],"to":[16,32,16],"faces":{"north":{"uv":[0,0,16,16],"texture":"#stone"},"east":{"uv":[0,0,16,16],"texture":"#stone"},"south":{"uv":[0,0,16,16],"texture":"#stone"},"west":{"uv":[0,0,16,16],"texture":"#stone"},"up":{"uv":[0,0,16,16],"texture":"#stone"},"down":{"uv":[0,0,16,16],"texture":"#stone"}}},{"from":[0,0,-16],"to":[16,16,0],"faces":{"north":{"uv":[0,0,16,16],"texture":"#mossy_cobblestone"},"east":{"uv":[0,0,16,16],"texture":"#mossy_cobblestone"},"south":{"uv":[0,0,16,16],"texture":"#mossy_cobblestone"},"west":{"uv":[0,0,16,16],"texture":"#mossy_cobblestone"},"up":{"uv":[0,0,16,16],"texture":"#mossy_cobblestone"},"down":{"uv":[0,0,16,16],"texture":"#mossy_cobblestone"}}},{"from":[-16,0,0],"to":[0,16,16],"faces":{"north":{"uv":[0,0,16,16],"texture":"#mossy_cobblestone"},"east":{"uv":[0,0,16,16],"texture":"#mossy_cobblestone"},"south":{"uv":[0,0,16,16],"texture":"#mossy_cobblestone"},"west":{"uv":[0,0,16,16],"texture":"#mossy_cobblestone"},"up":{"uv":[0,0,16,16],"texture":"#mossy_cobblestone"},"down":{"uv":[0,0,16,16],"texture":"#mossy_cobblestone"}}},{"from":[16,0,0],"to":[32,16,16],"faces":{"north":{"uv":[0,0,16,16],"texture":"#andesite"},"east":{"uv":[0,0,16,16],"texture":"#andesite"},"south":{"uv":[0,0,16,16],"texture":"#andesite"},"west":{"uv":[0,0,16,16],"texture":"#andesite"},"up":{"uv":[0,0,16,16],"texture":"#andesite"},"down":{"uv":[0,0,16,16],"texture":"#andesite"}}},{"from":[0,-16,0],"to":[16,0,16],"faces":{"north":{"uv":[0,0,16,16],"texture":"#andesite"},"east":{"uv":[0,0,16,16],"texture":"#andesite"},"south":{"uv":[0,0,16,16],"texture":"#andesite"},"west":{"uv":[0,0,16,16],"texture":"#andesite"},"up":{"uv":[0,0,16,16],"texture":"#andesite"},"down":{"uv":[0,0,16,16],"texture":"#andesite"}}},{"from":[0,16,16],"to":[16,24,32],"faces":{"north":{"uv":[0,8,16,16],"texture":"#texture"},"east":{"uv":[0,8,16,16],"texture":"#texture"},"south":{"uv":[0,8,16,16],"texture":"#texture"},"west":{"uv":[0,8,16,16],"texture":"#texture"},"up":{"uv":[0,0,16,16],"texture":"#texture"},"down":{"uv":[0,0,16,16],"texture":"#texture"}}},{"from":[0,-8,16],"to":[16,0,32],"faces":{"north":{"uv":[0,0,16,8],"texture":"#texture"},"east":{"uv":[0,0,16,8],"texture":"#texture"},"south":{"uv":[0,0,16,8],"texture":"#texture"},"west":{"uv":[0,0,16,8],"texture":"#texture"},"up":{"uv":[0,0,16,16],"texture":"#texture"},"down":{"uv":[0,0,16,16],"texture":"#texture"}}},{"from":[-16,16,0],"to":[0,24,16],"faces":{"north":{"uv":[0,8,16,16],"texture":"#texture"},"east":{"uv":[0,8,16,16],"texture":"#texture"},"south":{"uv":[0,8,16,16],"texture":"#texture"},"west":{"uv":[0,8,16,16],"texture":"#texture"},"up":{"uv":[0,0,16,16],"texture":"#texture"},"down":{"uv":[0,0,16,16],"texture":"#texture"}}},{"from":[0,16,-16],"to":[16,24,0],"faces":{"north":{"uv":[0,8,16,16],"texture":"#texture"},"east":{"uv":[0,8,16,16],"texture":"#texture"},"south":{"uv":[0,8,16,16],"texture":"#texture"},"west":{"uv":[0,8,16,16],"texture":"#texture"},"up":{"uv":[0,0,16,16],"texture":"#texture"},"down":{"uv":[0,0,16,16],"texture":"#texture"}}},{"from":[16,16,0],"to":[32,24,16],"faces":{"north":{"uv":[0,8,16,16],"texture":"#texture"},"east":{"uv":[0,8,16,16],"texture":"#texture"},"south":{"uv":[0,8,16,16],"texture":"#texture"},"west":{"uv":[0,8,16,16],"texture":"#texture"},"up":{"uv":[0,0,16,16],"texture":"#texture"},"down":{"uv":[0,0,16,16],"texture":"#texture"}}},{"from":[16,24,0],"to":[24,32,16],"faces":{"north":{"uv":[0,0,8,8],"texture":"#texture"},"east":{"uv":[0,0,16,8],"texture":"#texture"},"south":{"uv":[0,0,8,8],"texture":"#texture"},"west":{"uv":[0,0,16,8],"texture":"#texture"},"up":{"uv":[0,0,8,16],"texture":"#texture"},"down":{"uv":[0,0,8,16],"texture":"#texture"}}},{"from":[0,-8,-16],"to":[16,0,0],"faces":{"north":{"uv":[0,0,16,8],"texture":"#texture"},"east":{"uv":[0,0,16,8],"texture":"#texture"},"south":{"uv":[0,0,16,8],"texture":"#texture"},"west":{"uv":[0,0,16,8],"texture":"#texture"},"up":{"uv":[0,0,16,16],"texture":"#texture"},"down":{"uv":[0,0,16,16],"texture":"#texture"}}},{"from":[0,-16,-8],"to":[16,-8,0],"faces":{"north":{"uv":[0,8,16,16],"texture":"#texture"},"east":{"uv":[8,0,16,8],"texture":"#texture"},"south":{"uv":[0,8,16,16],"texture":"#texture"},"west":{"uv":[8,0,16,8],"texture":"#texture"},"up":{"uv":[8,0,16,16],"texture":"#texture"},"down":{"uv":[8,0,16,16],"texture":"#texture"}}},{"from":[-16,-8,0],"to":[0,0,16],"faces":{"north":{"uv":[0,0,16,8],"texture":"#texture"},"east":{"uv":[0,0,16,8],"texture":"#texture"},"south":{"uv":[0,0,16,8],"texture":"#texture"},"west":{"uv":[0,0,16,8],"texture":"#texture"},"up":{"uv":[0,0,16,16],"texture":"#texture"},"down":{"uv":[0,0,16,16],"texture":"#texture"}}},{"from":[16,-8,0],"to":[32,0,16],"faces":{"north":{"uv":[0,0,16,8],"texture":"#texture"},"east":{"uv":[0,0,16,8],"texture":"#texture"},"south":{"uv":[0,0,16,8],"texture":"#texture"},"west":{"uv":[0,0,16,8],"texture":"#texture"},"up":{"uv":[0,0,16,16],"texture":"#texture"},"down":{"uv":[0,0,16,16],"texture":"#texture"}}},{"from":[16,-16,0],"to":[24,-8,16],"faces":{"north":{"uv":[0,0,8,8],"texture":"#texture"},"east":{"uv":[0,9,16,16],"texture":"#texture"},"south":{"uv":[0,0,8,8],"texture":"#texture"},"west":{"uv":[0,9,16,16],"texture":"#texture"},"up":{"uv":[0,0,8,16],"texture":"#texture"},"down":{"uv":[0,0,8,16],"texture":"#texture"}}},{"from":[-8,-16,0],"to":[0,-8,16],"faces":{"north":{"uv":[0,0,8,8],"texture":"#texture"},"east":{"uv":[0,9,16,16],"texture":"#texture"},"south":{"uv":[0,0,8,8],"texture":"#texture"},"west":{"uv":[0,9,16,16],"texture":"#texture"},"up":{"uv":[0,0,8,16],"texture":"#texture"},"down":{"uv":[0,0,8,16],"texture":"#texture"}}},{"from":[20,0,20],"to":[28,16,28],"faces":{"north":{"uv":[0,0,8,16],"texture":"#mossy_cobblestone"},"east":{"uv":[0,0,8,16],"texture":"#mossy_cobblestone"},"south":{"uv":[0,0,8,16],"texture":"#mossy_cobblestone"},"west":{"uv":[0,0,8,16],"texture":"#mossy_cobblestone"},"up":{"uv":[0,0,8,8],"texture":"#mossy_cobblestone"},"down":{"uv":[0,0,8,8],"texture":"#mossy_cobblestone"}}},{"from":[-12,0,-12],"to":[-4,16,-4],"faces":{"north":{"uv":[0,0,8,16],"texture":"#texture"},"east":{"uv":[0,0,8,16],"texture":"#texture"},"south":{"uv":[0,0,8,16],"texture":"#texture"},"west":{"uv":[0,0,8,16],"texture":"#texture"},"up":{"uv":[0,0,8,8],"texture":"#texture"},"down":{"uv":[0,0,8,8],"texture":"#texture"}}},{"from":[20,0,-12],"to":[28,16,-4],"faces":{"north":{"uv":[0,0,8,16],"texture":"#texture"},"east":{"uv":[0,0,8,16],"texture":"#texture"},"south":{"uv":[0,0,8,16],"texture":"#texture"},"west":{"uv":[0,0,8,16],"texture":"#texture"},"up":{"uv":[0,0,8,8],"texture":"#texture"},"down":{"uv":[0,0,8,8],"texture":"#texture"}}},{"from":[-12,0,20],"to":[-4,16,28],"faces":{"north":{"uv":[0,0,8,16],"texture":"#texture"},"east":{"uv":[0,0,8,16],"texture":"#texture"},"south":{"uv":[0,0,8,16],"texture":"#texture"},"west":{"uv":[0,0,8,16],"texture":"#texture"},"up":{"uv":[0,0,8,8],"texture":"#texture"},"down":{"uv":[0,0,8,8],"texture":"#texture"}}},{"from":[-4,2,-10],"to":[0,14,-6],"faces":{"north":{"uv":[0,2,4,14],"texture":"#texture"},"east":{"uv":[0,2,4,14],"texture":"#texture"},"south":{"uv":[0,2,4,14],"texture":"#texture"},"west":{"uv":[0,2,4,14],"texture":"#texture"},"up":{"uv":[0,0,4,4],"texture":"#texture"},"down":{"uv":[0,0,4,4],"texture":"#texture"}}},{"from":[-10,2,-4],"to":[-6,14,0],"faces":{"north":{"uv":[0,2,4,14],"texture":"#texture"},"east":{"uv":[0,2,4,14],"texture":"#texture"},"south":{"uv":[0,2,4,14],"texture":"#texture"},"west":{"uv":[0,2,4,14],"texture":"#texture"},"up":{"uv":[0,0,4,4],"texture":"#texture"},"down":{"uv":[0,0,4,4],"texture":"#texture"}}},{"from":[16,2,-10],"to":[20,14,-6],"faces":{"north":{"uv":[0,2,4,14],"texture":"#texture"},"east":{"uv":[0,2,4,14],"texture":"#texture"},"south":{"uv":[0,2,4,14],"texture":"#texture"},"west":{"uv":[0,2,4,14],"texture":"#texture"},"up":{"uv":[0,0,4,4],"texture":"#texture"},"down":{"uv":[0,0,4,4],"texture":"#texture"}}},{"from":[22,2,-4],"to":[26,14,0],"faces":{"north":{"uv":[0,2,4,14],"texture":"#texture"},"east":{"uv":[0,2,4,14],"texture":"#texture"},"south":{"uv":[0,2,4,14],"texture":"#texture"},"west":{"uv":[0,2,4,14],"texture":"#texture"},"up":{"uv":[0,0,4,4],"texture":"#texture"},"down":{"uv":[0,0,4,4],"texture":"#texture"}}},{"from":[-10,2,16],"to":[-6,14,20],"faces":{"north":{"uv":[0,2,4,14],"texture":"#texture"},"east":{"uv":[0,2,4,14],"texture":"#texture"},"south":{"uv":[0,2,4,14],"texture":"#texture"},"west":{"uv":[0,2,4,14],"texture":"#texture"},"up":{"uv":[0,0,4,4],"texture":"#texture"},"down":{"uv":[0,0,4,4],"texture":"#texture"}}},{"from":[-4,2,22],"to":[0,14,26],"faces":{"north":{"uv":[0,2,4,14],"texture":"#texture"},"east":{"uv":[0,2,4,14],"texture":"#texture"},"south":{"uv":[0,2,4,14],"texture":"#texture"},"west":{"uv":[0,2,4,14],"texture":"#texture"},"up":{"uv":[0,0,4,4],"texture":"#texture"},"down":{"uv":[0,0,4,4],"texture":"#texture"}}},{"from":[16,2,22],"to":[20,14,26],"faces":{"north":{"uv":[0,2,4,14],"texture":"#mossy_cobblestone"},"east":{"uv":[0,2,4,14],"texture":"#mossy_cobblestone"},"south":{"uv":[0,2,4,14],"texture":"#mossy_cobblestone"},"west":{"uv":[0,2,4,14],"texture":"#mossy_cobblestone"},"up":{"uv":[0,0,4,4],"texture":"#mossy_cobblestone"},"down":{"uv":[0,0,4,4],"texture":"#mossy_cobblestone"}}},{"from":[22,2,16],"to":[26,14,20],"faces":{"north":{"uv":[0,2,4,14],"texture":"#mossy_cobblestone"},"east":{"uv":[0,2,4,14],"texture":"#mossy_cobblestone"},"south":{"uv":[0,2,4,14],"texture":"#mossy_cobblestone"},"west":{"uv":[0,2,4,14],"texture":"#mossy_cobblestone"},"up":{"uv":[0,0,4,4],"texture":"#mossy_cobblestone"},"down":{"uv":[0,0,4,4],"texture":"#mossy_cobblestone"}}}],"display":{"firstperson_righthand":{"scale":[0.3,0.3,0.3]},"gui":{"rotation":[30,-135,0],"scale":[0.25,0.25,0.25]},"head":{"scale":[1.6,1.6,1.6]}},"credit":"Model by Craftventure"}