{"textures":{"0":"block/quartz_block_top","1":"block/gold_block","particle":"block/quartz_block_top"},"elements":[{"from":[6.215,-11.51,6.215],"to":[9.785,-10.48,9.785],"rotation":{"angle":0,"axis":"y","origin":[7.235,-9.3325,8]},"faces":{"north":{"uv":[3,7,9,10],"texture":"#1"},"east":{"uv":[5,7,11,10],"texture":"#1"},"south":{"uv":[5,7,11,10],"texture":"#1"},"west":{"uv":[3,7,9,10],"texture":"#1"},"up":{"uv":[3,4,9,10],"texture":"#1"},"down":{"uv":[3,3,10,10],"texture":"#1"}}},{"from":[5.60493,-11.7225,5.5],"to":[6.10493,-11.3475,10.5],"rotation":{"angle":-22.5,"axis":"z","origin":[5.35493,-11.5975,8]},"faces":{"north":{"uv":[12,3,11,3.5],"texture":"#0"},"east":{"uv":[21,3,11,3.5],"texture":"#0"},"south":{"uv":[12,3,11,3.5],"texture":"#0"},"west":{"uv":[15,3,5,3.5],"texture":"#0"},"up":{"uv":[12,3,11,13],"texture":"#0"},"down":{"uv":[12,3,11,13],"texture":"#0"}}},{"from":[9.89508,-11.7225,5.5],"to":[10.39508,-11.3475,10.5],"rotation":{"angle":22.5,"axis":"z","origin":[10.64508,-11.5975,8]},"faces":{"north":{"uv":[3,3,4,3.5],"texture":"#0"},"east":{"uv":[3,3,13,3.5],"texture":"#0"},"south":{"uv":[3,3,4,3.5],"texture":"#0"},"west":{"uv":[3,3,13,3.5],"texture":"#0"},"up":{"uv":[3,3,4,13],"texture":"#0"},"down":{"uv":[3,3,4,13],"texture":"#0"}}},{"from":[6.25,-11.85,6.25],"to":[9.75,-8.35,9.75],"rotation":{"angle":0,"axis":"y","origin":[7.25,-9.375,8]},"faces":{"north":{"uv":[1,1,8,8],"texture":"#0"},"east":{"uv":[8,8,15,15],"texture":"#0"},"south":{"uv":[1,8,8,15],"texture":"#0"},"west":{"uv":[8,1,15,8],"texture":"#0"},"up":{"uv":[0,0,7,7],"texture":"#0"},"down":{"uv":[0,0,7,7],"texture":"#0"}}},{"from":[6.5,-8.35,6.5],"to":[9.5,-8.1,9.5],"rotation":{"angle":0,"axis":"y","origin":[7.25,-5.875,8]},"faces":{"north":{"uv":[3,3,9,3.5],"texture":"#0"},"east":{"uv":[6,2,12,2.5],"texture":"#0"},"south":{"uv":[5,1,11,1.5],"texture":"#0"},"west":{"uv":[2,2,8,2.5],"texture":"#0"},"up":{"uv":[5,4,11,10],"texture":"#0"},"down":{"uv":[0,0,6,6],"texture":"#0"}}},{"from":[6,-12,5],"to":[10,-11.625,5.5],"rotation":{"angle":0,"axis":"y","origin":[8,-11.875,8]},"faces":{"north":{"uv":[2,4,10,4.5],"texture":"#0"},"east":{"uv":[2,4,3,4.5],"texture":"#0"},"south":{"uv":[2,4,10,4.5],"texture":"#0"},"west":{"uv":[2,4,3,4.5],"texture":"#0"},"up":{"uv":[2,4,3,12],"rotation":270,"texture":"#0"},"down":{"uv":[2,4,3,12],"rotation":90,"texture":"#0"}}},{"from":[7,-12,4.5],"to":[9,-11.625,5],"rotation":{"angle":0,"axis":"y","origin":[8,-11.875,8]},"faces":{"north":{"uv":[1,5,5,5.5],"texture":"#0"},"east":{"uv":[1,5,2,5.5],"texture":"#0"},"south":{"uv":[1,5,5,5.5],"texture":"#0"},"west":{"uv":[1,5,2,5.5],"texture":"#0"},"up":{"uv":[1,5,2,9],"rotation":270,"texture":"#0"},"down":{"uv":[1,5,2,9],"rotation":90,"texture":"#0"}}},{"from":[6,-12,10.5],"to":[10,-11.625,11],"rotation":{"angle":0,"axis":"y","origin":[8,-11.875,8]},"faces":{"north":{"uv":[13,4,13.5,12],"rotation":90,"texture":"#0"},"east":{"uv":[13,4,14,4.5],"texture":"#0"},"south":{"uv":[13,4,13.5,12],"rotation":90,"texture":"#0"},"west":{"uv":[13,4,14,4.5],"texture":"#0"},"up":{"uv":[13,4,14,12],"rotation":270,"texture":"#0"},"down":{"uv":[13,4,14,12],"rotation":90,"texture":"#0"}}},{"from":[7,-12,11],"to":[9,-11.625,11.5],"rotation":{"angle":0,"axis":"y","origin":[8,-11.875,8]},"faces":{"north":{"uv":[14,6,14.5,10],"rotation":90,"texture":"#0"},"east":{"uv":[14,6,15,6.5],"texture":"#0"},"south":{"uv":[14,6,14.5,10],"rotation":90,"texture":"#0"},"west":{"uv":[14,6,15,6.5],"texture":"#0"},"up":{"uv":[14,6,15,10],"rotation":270,"texture":"#0"},"down":{"uv":[14,6,15,10],"rotation":90,"texture":"#0"}}},{"from":[6,-12,5.5],"to":[10,-11.625,10.5],"rotation":{"angle":0,"axis":"y","origin":[7.25,-11.875,8]},"faces":{"north":{"uv":[3,3,11,3.5],"texture":"#0"},"east":{"uv":[3,3,13,3.5],"texture":"#0"},"south":{"uv":[3,3,11,3.5],"texture":"#0"},"west":{"uv":[3,3,13,3.5],"texture":"#0"},"up":{"uv":[4,3,12,13],"texture":"#0"},"down":{"uv":[4,3,12,13],"texture":"#0"}}},{"from":[10.39508,-11.7225,6],"to":[10.89508,-11.3475,10],"rotation":{"angle":22.5,"axis":"z","origin":[10.64508,-11.5975,8]},"faces":{"north":{"uv":[2,4,3,4.5],"texture":"#0"},"east":{"uv":[2,4,10,4.5],"texture":"#0"},"south":{"uv":[2,4,3,4.5],"texture":"#0"},"west":{"uv":[2,4,10,4.5],"texture":"#0"},"up":{"uv":[2,4,3,12],"texture":"#0"},"down":{"uv":[2,4,3,12],"texture":"#0"}}},{"from":[10.90872,-11.8307,7],"to":[11.40872,-11.4557,9],"rotation":{"angle":45,"axis":"z","origin":[10.65872,-11.7057,8]},"faces":{"north":{"uv":[1,5,2,5.5],"texture":"#0"},"east":{"uv":[1,5,5,5.5],"texture":"#0"},"south":{"uv":[1,5,2,5.5],"texture":"#0"},"west":{"uv":[1,5,5,5.5],"texture":"#0"},"up":{"uv":[1,5,2,9],"texture":"#0"},"down":{"uv":[1,5,2,9],"texture":"#0"}}},{"from":[5.10493,-11.7225,6],"to":[5.60493,-11.3475,10],"rotation":{"angle":-22.5,"axis":"z","origin":[5.35493,-11.5975,8]},"faces":{"north":{"uv":[13,4,14,4.5],"texture":"#0"},"east":{"uv":[13,4,13.5,12],"rotation":90,"texture":"#0"},"south":{"uv":[13,4,14,4.5],"texture":"#0"},"west":{"uv":[13,4,13.5,12],"rotation":90,"texture":"#0"},"up":{"uv":[13,4,14,12],"texture":"#0"},"down":{"uv":[13,4,14,12],"texture":"#0"}}},{"from":[4.59129,-11.8307,7],"to":[5.09129,-11.4557,9],"rotation":{"angle":-45,"axis":"z","origin":[5.34129,-11.7057,8]},"faces":{"north":{"uv":[14,6,15,6.5],"texture":"#0"},"east":{"uv":[14,6,14.5,10],"rotation":90,"texture":"#0"},"south":{"uv":[14,6,15,6.5],"texture":"#0"},"west":{"uv":[14,6,14.5,10],"rotation":90,"texture":"#0"},"up":{"uv":[14,6,15,10],"texture":"#0"},"down":{"uv":[14,6,15,10],"texture":"#0"}}}],"display":{"thirdperson_righthand":{"translation":[-0.75,6.5,-4.25]},"thirdperson_lefthand":{"translation":[-0.75,6.5,-4.25]},"firstperson_righthand":{"rotation":[0,135,0],"translation":[-0.75,6.5,-4.25]},"firstperson_lefthand":{"rotation":[0,135,0],"translation":[-0.75,6.5,-4.25]},"ground":{"translation":[0,5.75,0]},"gui":{"rotation":[30,45,0],"translation":[0,33.5,0],"scale":[2.1,2.1,2.1]},"head":{"translation":[0,80,0],"scale":[3.8,3.8,3.8]},"fixed":{"translation":[0,8.5,-6.75],"scale":[1.6,1.6,1.6]}},"groups":[{"name":"tophat","origin":[8,8,8],"children":[0,1,2,3,4,{"name":"onderkant","origin":[8,0.25,8],"children":[5,6,7,8,9,{"name":"group","origin":[8,0.25,8],"children":[10,11,12,13]}]}]}],"credit":"Model by Craftventure"}