{"textures":{"0":"block/anvil","1":"block/green_shulker_box","2":"block/green_concrete_powder","3":"block/grill2","4":"block/green_terracotta","particle":"block/black_concrete","2_3":"block/black_concrete","2_4":"block/red_terracotta"},"elements":[{"from":[2.24,13.52,6.32],"to":[13.76,14.96,17.84],"rotation":{"angle":0,"axis":"y","origin":[8,14.24,12.08]},"faces":{"north":{"uv":[0,0,16,4.999],"texture":"#1"},"east":{"uv":[0,0,16,4.999],"texture":"#1"},"south":{"uv":[0,0,16,4.999],"texture":"#1"},"west":{"uv":[0,0,16,4.999],"texture":"#1"},"up":{"uv":[0,0,16,16],"texture":"#1"},"down":{"uv":[0,0,16,4.999],"texture":"#1"}}},{"name":"octagon","from":[-5.2,12.7616,-10.7513],"to":[-1.36,13.472,8.0013],"rotation":{"angle":0,"axis":"x","origin":[-3.28,9.92,-8.32]},"faces":{"north":{"uv":[0,0,0.7104,3.84],"rotation":90,"texture":"#2"},"east":{"uv":[0,0,16,0.7104],"rotation":180,"texture":"#2"},"south":{"uv":[0,0,0.7104,3.84],"rotation":90,"texture":"#2"},"west":{"uv":[0,0,16,0.7104],"texture":"#2"},"up":{"uv":[0,0,16,3.84],"rotation":90,"texture":"#2"},"down":{"uv":[0,0,16,3.84],"rotation":90,"texture":"#2"}}},{"name":"octagon","from":[17.36,12.7616,7.9987],"to":[21.2,13.472,26.7513],"rotation":{"angle":0,"axis":"x","origin":[19.28,9.92,24.32]},"faces":{"north":{"uv":[0,0,0.7104,3.84],"rotation":90,"texture":"#2"},"east":{"uv":[0,0,16,0.7104],"texture":"#2"},"south":{"uv":[0,0,0.7104,3.84],"rotation":90,"texture":"#2"},"west":{"uv":[0,0,16,0.7104],"rotation":180,"texture":"#2"},"up":{"uv":[0,0,16,3.84],"rotation":90,"texture":"#2"},"down":{"uv":[0,0,16,3.84],"rotation":90,"texture":"#2"}}},{"name":"octagon","from":[-5.19808,6.5287,-12.832],"to":[-1.35808,11.3913,-12.1216],"rotation":{"angle":45,"axis":"x","origin":[-3.52,9.92,-9.28]},"faces":{"north":{"uv":[0,0,4.8626,3.84],"rotation":270,"texture":"#2"},"east":{"uv":[0,0,4.8626,0.7104],"rotation":270,"texture":"#2"},"south":{"uv":[0,0,4.8626,3.84],"rotation":270,"texture":"#2"},"west":{"uv":[0,0,4.8626,0.7104],"rotation":270,"texture":"#2"},"up":{"uv":[0,0,0.7104,3.84],"rotation":270,"texture":"#2"},"down":{"uv":[0,0,0.7104,3.84],"rotation":270,"texture":"#2"}}},{"name":"octagon","from":[-5.19808,6.5287,28.1216],"to":[-1.35808,11.3913,28.832],"rotation":{"angle":-45,"axis":"x","origin":[-3.52,9.92,25.28]},"faces":{"north":{"uv":[0,0,4.8626,3.84],"rotation":270,"texture":"#2"},"east":{"uv":[0,0,4.8626,0.7104],"rotation":270,"texture":"#2"},"south":{"uv":[0,0,4.8626,3.84],"rotation":270,"texture":"#2"},"west":{"uv":[0,0,4.8626,0.7104],"rotation":270,"texture":"#2"},"up":{"uv":[0,0,0.7104,3.84],"rotation":270,"texture":"#2"},"down":{"uv":[0,0,0.7104,3.84],"rotation":270,"texture":"#2"}}},{"name":"octagon","from":[-1.575,12.5116,22.7487],"to":[-1.2,13.222,26.5013],"rotation":{"angle":0,"axis":"x","origin":[0.47,9.67,-8.57]},"faces":{"north":{"uv":[0,0,0.7104,0.375],"rotation":90,"texture":"#2"},"east":{"uv":[0,0,3.7526,0.7104],"rotation":180,"texture":"#2"},"south":{"uv":[0,0,0.7104,0.375],"rotation":90,"texture":"#2"},"west":{"uv":[0,0,3.7526,0.7104],"texture":"#2"},"up":{"uv":[0,0,3.7526,0.375],"rotation":90,"texture":"#2"},"down":{"uv":[0,0,3.7526,0.375],"rotation":90,"texture":"#2"}}},{"name":"octagon","from":[-1.57308,6.2787,27.8716],"to":[-1.19808,11.1413,28.582],"rotation":{"angle":-45,"axis":"x","origin":[0.23,9.67,25.03]},"faces":{"north":{"uv":[0,0,4.8626,0.375],"rotation":270,"texture":"#2"},"east":{"uv":[0,0,4.8626,0.7104],"rotation":270,"texture":"#2"},"south":{"uv":[0,0,4.8626,0.375],"rotation":270,"texture":"#2"},"west":{"uv":[0,0,4.8626,0.7104],"rotation":270,"texture":"#2"},"up":{"uv":[0,0,0.7104,0.375],"rotation":270,"texture":"#2"},"down":{"uv":[0,0,0.7104,0.375],"rotation":270,"texture":"#2"}}},{"name":"octagon","from":[-1.57194,12.24334,23.44696],"to":[-1.19694,12.61834,26.55956],"rotation":{"angle":0,"axis":"x","origin":[-1.29274,11.11743,26.5549]},"faces":{"north":{"uv":[0,0,0.375,0.375],"rotation":90,"texture":"#2"},"east":{"uv":[0,0,3.1126,0.375],"texture":"#2"},"south":{"uv":[0,0,0.375,0.375],"rotation":270,"texture":"#2"},"west":{"uv":[0,0,3.1126,0.375],"rotation":180,"texture":"#2"},"up":{"uv":[0,0,3.1126,0.375],"rotation":270,"texture":"#2"},"down":{"uv":[0,0,3.1126,0.375],"rotation":90,"texture":"#2"}}},{"name":"octagon","from":[-1.57194,11.49334,23.69696],"to":[-1.19694,12.24334,27.30956],"rotation":{"angle":0,"axis":"x","origin":[-1.29274,10.36743,27.0549]},"faces":{"north":{"uv":[0,0,0.75,0.375],"rotation":90,"texture":"#2"},"east":{"uv":[0,0,3.6126,0.75],"texture":"#2"},"south":{"uv":[0,0,0.75,0.375],"rotation":270,"texture":"#2"},"west":{"uv":[0,0,3.6126,0.75],"rotation":180,"texture":"#2"},"up":{"uv":[0,0,3.6126,0.375],"rotation":270,"texture":"#2"},"down":{"uv":[0,0,3.6126,0.375],"rotation":90,"texture":"#2"}}},{"name":"octagon","from":[-1.57194,10.74334,24.44696],"to":[-1.19694,11.49334,28.05956],"rotation":{"angle":0,"axis":"x","origin":[-1.29274,9.61743,27.0549]},"faces":{"north":{"uv":[0,0,0.75,0.375],"rotation":90,"texture":"#2"},"east":{"uv":[0,0,3.6126,0.75],"texture":"#2"},"south":{"uv":[0,0,0.75,0.375],"rotation":270,"texture":"#2"},"west":{"uv":[0,0,3.6126,0.75],"rotation":180,"texture":"#2"},"up":{"uv":[0,0,3.6126,0.375],"rotation":270,"texture":"#2"},"down":{"uv":[0,0,3.6126,0.375],"rotation":90,"texture":"#2"}}},{"name":"octagon","from":[-1.57194,9.99334,25.07196],"to":[-1.19694,10.74334,28.80956],"rotation":{"angle":0,"axis":"x","origin":[-1.29274,9.61743,27.0549]},"faces":{"north":{"uv":[0,0,0.75,0.375],"rotation":90,"texture":"#2"},"east":{"uv":[0,0,3.7376,0.75],"texture":"#2"},"south":{"uv":[0,0,0.75,0.375],"rotation":270,"texture":"#2"},"west":{"uv":[0,0,3.7376,0.75],"rotation":180,"texture":"#2"},"up":{"uv":[0,0,3.7376,0.375],"rotation":270,"texture":"#2"},"down":{"uv":[0,0,3.7376,0.375],"rotation":90,"texture":"#2"}}},{"name":"octagon","from":[-1.57194,9.28294,25.82196],"to":[-1.19694,9.99334,29.43456],"rotation":{"angle":0,"axis":"x","origin":[-1.29274,9.61743,27.0549]},"faces":{"north":{"uv":[0,0,0.7104,0.375],"rotation":90,"texture":"#2"},"east":{"uv":[0,0,3.6126,0.7104],"texture":"#2"},"south":{"uv":[0,0,0.7104,0.375],"rotation":270,"texture":"#2"},"west":{"uv":[0,0,3.6126,0.7104],"rotation":180,"texture":"#2"},"up":{"uv":[0,0,3.6126,0.375],"rotation":270,"texture":"#2"},"down":{"uv":[0,0,3.6126,0.375],"rotation":90,"texture":"#2"}}},{"name":"octagon","from":[-1.575,12.5116,-10.5013],"to":[-1.2,13.222,-6.7487],"rotation":{"angle":0,"axis":"x","origin":[0.47,9.67,24.57]},"faces":{"north":{"uv":[0,0,0.7104,0.375],"rotation":90,"texture":"#2"},"east":{"uv":[0,0,3.7526,0.7104],"rotation":180,"texture":"#2"},"south":{"uv":[0,0,0.7104,0.375],"rotation":90,"texture":"#2"},"west":{"uv":[0,0,3.7526,0.7104],"texture":"#2"},"up":{"uv":[0,0,3.7526,0.375],"rotation":90,"texture":"#2"},"down":{"uv":[0,0,3.7526,0.375],"rotation":90,"texture":"#2"}}},{"name":"octagon","from":[-1.57308,6.2787,-12.582],"to":[-1.19808,11.1413,-11.8716],"rotation":{"angle":45,"axis":"x","origin":[0.23,9.67,-9.03]},"faces":{"north":{"uv":[0,0,4.8626,0.375],"rotation":270,"texture":"#2"},"east":{"uv":[0,0,4.8626,0.7104],"rotation":270,"texture":"#2"},"south":{"uv":[0,0,4.8626,0.375],"rotation":270,"texture":"#2"},"west":{"uv":[0,0,4.8626,0.7104],"rotation":270,"texture":"#2"},"up":{"uv":[0,0,0.7104,0.375],"rotation":270,"texture":"#2"},"down":{"uv":[0,0,0.7104,0.375],"rotation":270,"texture":"#2"}}},{"name":"octagon","from":[-1.57194,12.24334,-10.55956],"to":[-1.19694,12.61834,-7.44696],"rotation":{"angle":0,"axis":"x","origin":[-1.29274,11.11743,-10.5549]},"faces":{"north":{"uv":[0,0,0.375,0.375],"rotation":270,"texture":"#2"},"east":{"uv":[0,0,3.1126,0.375],"texture":"#2"},"south":{"uv":[0,0,0.375,0.375],"rotation":90,"texture":"#2"},"west":{"uv":[0,0,3.1126,0.375],"rotation":180,"texture":"#2"},"up":{"uv":[0,0,3.1126,0.375],"rotation":270,"texture":"#2"},"down":{"uv":[0,0,3.1126,0.375],"rotation":90,"texture":"#2"}}},{"name":"octagon","from":[-1.57194,11.49334,-11.30956],"to":[-1.19694,12.24334,-7.69696],"rotation":{"angle":0,"axis":"x","origin":[-1.29274,10.36743,-11.0549]},"faces":{"north":{"uv":[0,0,0.75,0.375],"rotation":270,"texture":"#2"},"east":{"uv":[0,0,3.6126,0.75],"texture":"#2"},"south":{"uv":[0,0,0.75,0.375],"rotation":90,"texture":"#2"},"west":{"uv":[0,0,3.6126,0.75],"rotation":180,"texture":"#2"},"up":{"uv":[0,0,3.6126,0.375],"rotation":270,"texture":"#2"},"down":{"uv":[0,0,3.6126,0.375],"rotation":90,"texture":"#2"}}},{"name":"octagon","from":[-1.57194,10.74334,-12.05956],"to":[-1.19694,11.49334,-8.44696],"rotation":{"angle":0,"axis":"x","origin":[-1.29274,9.61743,-11.0549]},"faces":{"north":{"uv":[0,0,0.75,0.375],"rotation":270,"texture":"#2"},"east":{"uv":[0,0,3.6126,0.75],"texture":"#2"},"south":{"uv":[0,0,0.75,0.375],"rotation":90,"texture":"#2"},"west":{"uv":[0,0,3.6126,0.75],"rotation":180,"texture":"#2"},"up":{"uv":[0,0,3.6126,0.375],"rotation":270,"texture":"#2"},"down":{"uv":[0,0,3.6126,0.375],"rotation":90,"texture":"#2"}}},{"name":"octagon","from":[-1.57194,9.99334,-12.80956],"to":[-1.19694,10.74334,-9.07196],"rotation":{"angle":0,"axis":"x","origin":[-1.29274,9.61743,-11.0549]},"faces":{"north":{"uv":[0,0,0.75,0.375],"rotation":270,"texture":"#2"},"east":{"uv":[0,0,3.7376,0.75],"texture":"#2"},"south":{"uv":[0,0,0.75,0.375],"rotation":90,"texture":"#2"},"west":{"uv":[0,0,3.7376,0.75],"rotation":180,"texture":"#2"},"up":{"uv":[0,0,3.7376,0.375],"rotation":270,"texture":"#2"},"down":{"uv":[0,0,3.7376,0.375],"rotation":90,"texture":"#2"}}},{"name":"octagon","from":[-1.57194,9.28294,-13.43456],"to":[-1.19694,9.99334,-9.82196],"rotation":{"angle":0,"axis":"x","origin":[-1.29274,9.61743,-11.0549]},"faces":{"north":{"uv":[0,0,0.7104,0.375],"rotation":270,"texture":"#2"},"east":{"uv":[0,0,3.6126,0.7104],"texture":"#2"},"south":{"uv":[0,0,0.7104,0.375],"rotation":90,"texture":"#2"},"west":{"uv":[0,0,3.6126,0.7104],"rotation":180,"texture":"#2"},"up":{"uv":[0,0,3.6126,0.375],"rotation":270,"texture":"#2"},"down":{"uv":[0,0,3.6126,0.375],"rotation":90,"texture":"#2"}}},{"name":"octagon","from":[17.36,12.7616,-10.7513],"to":[21.2,13.472,8.0013],"rotation":{"angle":0,"axis":"x","origin":[19.28,9.92,-8.32]},"faces":{"north":{"uv":[0,0,0.7104,3.84],"rotation":90,"texture":"#2"},"east":{"uv":[0,0,16,0.7104],"texture":"#2"},"south":{"uv":[0,0,0.7104,3.84],"rotation":90,"texture":"#2"},"west":{"uv":[0,0,16,0.7104],"rotation":180,"texture":"#2"},"up":{"uv":[0,0,16,3.84],"rotation":90,"texture":"#2"},"down":{"uv":[0,0,16,3.84],"rotation":90,"texture":"#2"}}},{"name":"octagon","from":[-5.2,12.7616,7.9987],"to":[-1.36,13.472,26.7513],"rotation":{"angle":0,"axis":"x","origin":[-3.28,9.92,24.32]},"faces":{"north":{"uv":[0,0,0.7104,3.84],"rotation":90,"texture":"#2"},"east":{"uv":[0,0,16,0.7104],"rotation":180,"texture":"#2"},"south":{"uv":[0,0,0.7104,3.84],"rotation":90,"texture":"#2"},"west":{"uv":[0,0,16,0.7104],"texture":"#2"},"up":{"uv":[0,0,16,3.84],"rotation":90,"texture":"#2"},"down":{"uv":[0,0,16,3.84],"rotation":90,"texture":"#2"}}},{"name":"octagon","from":[17.35808,6.5287,-12.832],"to":[21.19808,11.3913,-12.1216],"rotation":{"angle":45,"axis":"x","origin":[19.52,9.92,-9.28]},"faces":{"north":{"uv":[0,0,4.8626,3.84],"rotation":270,"texture":"#2"},"east":{"uv":[0,0,4.8626,0.7104],"rotation":270,"texture":"#2"},"south":{"uv":[0,0,4.8626,3.84],"rotation":270,"texture":"#2"},"west":{"uv":[0,0,4.8626,0.7104],"rotation":270,"texture":"#2"},"up":{"uv":[0,0,0.7104,3.84],"rotation":270,"texture":"#2"},"down":{"uv":[0,0,0.7104,3.84],"rotation":270,"texture":"#2"}}},{"name":"octagon","from":[17.35808,6.5287,28.1216],"to":[21.19808,11.3913,28.832],"rotation":{"angle":-45,"axis":"x","origin":[19.52,9.92,25.28]},"faces":{"north":{"uv":[0,0,4.8626,3.84],"rotation":270,"texture":"#2"},"east":{"uv":[0,0,4.8626,0.7104],"rotation":270,"texture":"#2"},"south":{"uv":[0,0,4.8626,3.84],"rotation":270,"texture":"#2"},"west":{"uv":[0,0,4.8626,0.7104],"rotation":270,"texture":"#2"},"up":{"uv":[0,0,0.7104,3.84],"rotation":270,"texture":"#2"},"down":{"uv":[0,0,0.7104,3.84],"rotation":270,"texture":"#2"}}},{"name":"octagon","from":[17.2,12.5116,22.7487],"to":[17.575,13.222,26.5013],"rotation":{"angle":0,"axis":"x","origin":[15.53,9.67,-8.57]},"faces":{"north":{"uv":[0,0,0.7104,0.375],"rotation":90,"texture":"#2"},"east":{"uv":[0,0,3.7526,0.7104],"texture":"#2"},"south":{"uv":[0,0,0.7104,0.375],"rotation":90,"texture":"#2"},"west":{"uv":[0,0,3.7526,0.7104],"rotation":180,"texture":"#2"},"up":{"uv":[0,0,3.7526,0.375],"rotation":90,"texture":"#2"},"down":{"uv":[0,0,3.7526,0.375],"rotation":90,"texture":"#2"}}},{"name":"octagon","from":[17.19808,6.2787,27.8716],"to":[17.57308,11.1413,28.582],"rotation":{"angle":-45,"axis":"x","origin":[15.77,9.67,25.03]},"faces":{"north":{"uv":[0,0,4.8626,0.375],"rotation":270,"texture":"#2"},"east":{"uv":[0,0,4.8626,0.7104],"rotation":270,"texture":"#2"},"south":{"uv":[0,0,4.8626,0.375],"rotation":270,"texture":"#2"},"west":{"uv":[0,0,4.8626,0.7104],"rotation":270,"texture":"#2"},"up":{"uv":[0,0,0.7104,0.375],"rotation":270,"texture":"#2"},"down":{"uv":[0,0,0.7104,0.375],"rotation":270,"texture":"#2"}}},{"name":"octagon","from":[17.19694,12.24334,23.44696],"to":[17.57194,12.61834,26.55956],"rotation":{"angle":0,"axis":"x","origin":[17.29274,11.11743,26.5549]},"faces":{"north":{"uv":[0,0,0.375,0.375],"rotation":90,"texture":"#2"},"east":{"uv":[0,0,3.1126,0.375],"rotation":180,"texture":"#2"},"south":{"uv":[0,0,0.375,0.375],"rotation":270,"texture":"#2"},"west":{"uv":[0,0,3.1126,0.375],"texture":"#2"},"up":{"uv":[0,0,3.1126,0.375],"rotation":270,"texture":"#2"},"down":{"uv":[0,0,3.1126,0.375],"rotation":90,"texture":"#2"}}},{"name":"octagon","from":[17.19694,11.49334,23.69696],"to":[17.57194,12.24334,27.30956],"rotation":{"angle":0,"axis":"x","origin":[17.29274,10.36743,27.0549]},"faces":{"north":{"uv":[0,0,0.75,0.375],"rotation":90,"texture":"#2"},"east":{"uv":[0,0,3.6126,0.75],"rotation":180,"texture":"#2"},"south":{"uv":[0,0,0.75,0.375],"rotation":270,"texture":"#2"},"west":{"uv":[0,0,3.6126,0.75],"texture":"#2"},"up":{"uv":[0,0,3.6126,0.375],"rotation":270,"texture":"#2"},"down":{"uv":[0,0,3.6126,0.375],"rotation":90,"texture":"#2"}}},{"name":"octagon","from":[17.19694,10.74334,24.44696],"to":[17.57194,11.49334,28.05956],"rotation":{"angle":0,"axis":"x","origin":[17.29274,9.61743,27.0549]},"faces":{"north":{"uv":[0,0,0.75,0.375],"rotation":90,"texture":"#2"},"east":{"uv":[0,0,3.6126,0.75],"rotation":180,"texture":"#2"},"south":{"uv":[0,0,0.75,0.375],"rotation":270,"texture":"#2"},"west":{"uv":[0,0,3.6126,0.75],"texture":"#2"},"up":{"uv":[0,0,3.6126,0.375],"rotation":270,"texture":"#2"},"down":{"uv":[0,0,3.6126,0.375],"rotation":90,"texture":"#2"}}},{"name":"octagon","from":[17.19694,9.99334,25.07196],"to":[17.57194,10.74334,28.80956],"rotation":{"angle":0,"axis":"x","origin":[17.29274,9.61743,27.0549]},"faces":{"north":{"uv":[0,0,0.75,0.375],"rotation":90,"texture":"#2"},"east":{"uv":[0,0,3.7376,0.75],"rotation":180,"texture":"#2"},"south":{"uv":[0,0,0.75,0.375],"rotation":270,"texture":"#2"},"west":{"uv":[0,0,3.7376,0.75],"texture":"#2"},"up":{"uv":[0,0,3.7376,0.375],"rotation":270,"texture":"#2"},"down":{"uv":[0,0,3.7376,0.375],"rotation":90,"texture":"#2"}}},{"name":"octagon","from":[17.19694,9.28294,25.82196],"to":[17.57194,9.99334,29.43456],"rotation":{"angle":0,"axis":"x","origin":[17.29274,9.61743,27.0549]},"faces":{"north":{"uv":[0,0,0.7104,0.375],"rotation":90,"texture":"#2"},"east":{"uv":[0,0,3.6126,0.7104],"rotation":180,"texture":"#2"},"south":{"uv":[0,0,0.7104,0.375],"rotation":270,"texture":"#2"},"west":{"uv":[0,0,3.6126,0.7104],"texture":"#2"},"up":{"uv":[0,0,3.6126,0.375],"rotation":270,"texture":"#2"},"down":{"uv":[0,0,3.6126,0.375],"rotation":90,"texture":"#2"}}},{"name":"octagon","from":[17.2,12.5116,-10.5013],"to":[17.575,13.222,-6.7487],"rotation":{"angle":0,"axis":"x","origin":[15.53,9.67,24.57]},"faces":{"north":{"uv":[0,0,0.7104,0.375],"rotation":90,"texture":"#2"},"east":{"uv":[0,0,3.7526,0.7104],"texture":"#2"},"south":{"uv":[0,0,0.7104,0.375],"rotation":90,"texture":"#2"},"west":{"uv":[0,0,3.7526,0.7104],"rotation":180,"texture":"#2"},"up":{"uv":[0,0,3.7526,0.375],"rotation":90,"texture":"#2"},"down":{"uv":[0,0,3.7526,0.375],"rotation":90,"texture":"#2"}}},{"name":"octagon","from":[17.19808,6.2787,-12.582],"to":[17.57308,11.1413,-11.8716],"rotation":{"angle":45,"axis":"x","origin":[15.77,9.67,-9.03]},"faces":{"north":{"uv":[0,0,4.8626,0.375],"rotation":270,"texture":"#2"},"east":{"uv":[0,0,4.8626,0.7104],"rotation":270,"texture":"#2"},"south":{"uv":[0,0,4.8626,0.375],"rotation":270,"texture":"#2"},"west":{"uv":[0,0,4.8626,0.7104],"rotation":270,"texture":"#2"},"up":{"uv":[0,0,0.7104,0.375],"rotation":270,"texture":"#2"},"down":{"uv":[0,0,0.7104,0.375],"rotation":270,"texture":"#2"}}},{"name":"octagon","from":[17.19694,12.24334,-10.55956],"to":[17.57194,12.61834,-7.44696],"rotation":{"angle":0,"axis":"x","origin":[17.29274,11.11743,-10.5549]},"faces":{"north":{"uv":[0,0,0.375,0.375],"rotation":270,"texture":"#2"},"east":{"uv":[0,0,3.1126,0.375],"rotation":180,"texture":"#2"},"south":{"uv":[0,0,0.375,0.375],"rotation":90,"texture":"#2"},"west":{"uv":[0,0,3.1126,0.375],"texture":"#2"},"up":{"uv":[0,0,3.1126,0.375],"rotation":270,"texture":"#2"},"down":{"uv":[0,0,3.1126,0.375],"rotation":90,"texture":"#2"}}},{"name":"octagon","from":[17.19694,11.49334,-11.30956],"to":[17.57194,12.24334,-7.69696],"rotation":{"angle":0,"axis":"x","origin":[17.29274,10.36743,-11.0549]},"faces":{"north":{"uv":[0,0,0.75,0.375],"rotation":270,"texture":"#2"},"east":{"uv":[0,0,3.6126,0.75],"rotation":180,"texture":"#2"},"south":{"uv":[0,0,0.75,0.375],"rotation":90,"texture":"#2"},"west":{"uv":[0,0,3.6126,0.75],"texture":"#2"},"up":{"uv":[0,0,3.6126,0.375],"rotation":270,"texture":"#2"},"down":{"uv":[0,0,3.6126,0.375],"rotation":90,"texture":"#2"}}},{"name":"octagon","from":[17.19694,10.74334,-12.05956],"to":[17.57194,11.49334,-8.44696],"rotation":{"angle":0,"axis":"x","origin":[17.29274,9.61743,-11.0549]},"faces":{"north":{"uv":[0,0,0.75,0.375],"rotation":270,"texture":"#2"},"east":{"uv":[0,0,3.6126,0.75],"rotation":180,"texture":"#2"},"south":{"uv":[0,0,0.75,0.375],"rotation":90,"texture":"#2"},"west":{"uv":[0,0,3.6126,0.75],"texture":"#2"},"up":{"uv":[0,0,3.6126,0.375],"rotation":270,"texture":"#2"},"down":{"uv":[0,0,3.6126,0.375],"rotation":90,"texture":"#2"}}},{"name":"octagon","from":[17.19694,9.99334,-12.80956],"to":[17.57194,10.74334,-9.07196],"rotation":{"angle":0,"axis":"x","origin":[17.29274,9.61743,-11.0549]},"faces":{"north":{"uv":[0,0,0.75,0.375],"rotation":270,"texture":"#2"},"east":{"uv":[0,0,3.7376,0.75],"rotation":180,"texture":"#2"},"south":{"uv":[0,0,0.75,0.375],"rotation":90,"texture":"#2"},"west":{"uv":[0,0,3.7376,0.75],"texture":"#2"},"up":{"uv":[0,0,3.7376,0.375],"rotation":270,"texture":"#2"},"down":{"uv":[0,0,3.7376,0.375],"rotation":90,"texture":"#2"}}},{"name":"octagon","from":[17.19694,9.28294,-13.43456],"to":[17.57194,9.99334,-9.82196],"rotation":{"angle":0,"axis":"x","origin":[17.29274,9.61743,-11.0549]},"faces":{"north":{"uv":[0,0,0.7104,0.375],"rotation":270,"texture":"#2"},"east":{"uv":[0,0,3.6126,0.7104],"rotation":180,"texture":"#2"},"south":{"uv":[0,0,0.7104,0.375],"rotation":90,"texture":"#2"},"west":{"uv":[0,0,3.6126,0.7104],"texture":"#2"},"up":{"uv":[0,0,3.6126,0.375],"rotation":270,"texture":"#2"},"down":{"uv":[0,0,3.6126,0.375],"rotation":90,"texture":"#2"}}},{"name":"octagon","from":[-1.6,5.43315,22.98982],"to":[17.6,11.52685,26.39744],"rotation":{"angle":-45,"axis":"x","origin":[8,7.52,21.35936]},"faces":{"north":{"uv":[0,0,16,6.0937],"texture":"#2"},"east":{"uv":[0,0,3.40762,6.0937],"texture":"#2"},"south":{"uv":[0,0,16,6.0937],"texture":"#2"},"west":{"uv":[0,0,3.40762,6.0937],"texture":"#2"},"up":{"uv":[0,0,16,3.40762],"texture":"#2"},"down":{"uv":[0,0,16,3.40762],"texture":"#2"}}},{"name":"octagon","from":[-1.6,5.43315,-10.39744],"to":[17.6,11.52685,-6.98982],"rotation":{"angle":45,"axis":"x","origin":[8,7.52,-5.35936]},"faces":{"north":{"uv":[0,0,16,6.0937],"texture":"#2"},"east":{"uv":[0,0,3.40762,6.0937],"texture":"#2"},"south":{"uv":[0,0,16,6.0937],"texture":"#2"},"west":{"uv":[0,0,3.40762,6.0937],"texture":"#2"},"up":{"uv":[0,0,16,3.40762],"texture":"#2"},"down":{"uv":[0,0,16,3.40762],"texture":"#2"}}},{"name":"octagon","from":[-1.6,5.09544,7.80773],"to":[17.6,8.50306,22.54143],"rotation":{"angle":0,"axis":"x","origin":[8,1.06498,20.45458]},"faces":{"north":{"uv":[0,0,16,3.40762],"texture":"#2"},"east":{"uv":[0,0,3.40762,14.7337],"rotation":90,"texture":"#2"},"south":{"uv":[0,0,16,3.40762],"rotation":180,"texture":"#2"},"west":{"uv":[0,0,3.40762,14.7337],"rotation":270,"texture":"#2"},"up":{"uv":[0,0,16,14.7337],"rotation":180,"texture":"#2"},"down":{"uv":[0,0,16,14.7337],"texture":"#2"}}},{"name":"octagon","from":[-1.6,5.09544,-6.54143],"to":[17.6,8.50306,7.95227],"rotation":{"angle":0,"axis":"x","origin":[8,1.06498,-4.45458]},"faces":{"north":{"uv":[0,0,16,3.40762],"rotation":180,"texture":"#2"},"east":{"uv":[0,0,3.40762,14.4937],"rotation":90,"texture":"#2"},"south":{"uv":[0,0,16,3.40762],"texture":"#2"},"west":{"uv":[0,0,3.40762,14.4937],"rotation":270,"texture":"#2"},"up":{"uv":[0,0,16,14.4937],"rotation":180,"texture":"#2"},"down":{"uv":[0,0,16,14.4937],"texture":"#2"}}},{"name":"octagon","from":[-1.6,8.10988,-6.09034],"to":[17.6,13.9175,8.16335],"rotation":{"angle":0,"axis":"x","origin":[8,8.87942,-4.00349]},"faces":{"north":{"uv":[0,0,16,5.80762],"rotation":180,"texture":"#2"},"east":{"uv":[0,0,5.80762,14.25369],"rotation":90,"texture":"#2"},"south":{"uv":[0,0,16,5.80762],"texture":"#2"},"west":{"uv":[0,0,5.80762,14.25369],"rotation":270,"texture":"#2"},"up":{"uv":[0,0,16,14.253],"rotation":180,"texture":"#2"},"down":{"uv":[0,0,16,14.25369],"texture":"#2"}}},{"name":"octagon","from":[-1.6,8.10988,8.07665],"to":[17.6,13.9175,22.09034],"rotation":{"angle":0,"axis":"x","origin":[8,8.87942,20.00349]},"faces":{"north":{"uv":[0,0,16,5.80762],"texture":"#2"},"east":{"uv":[0,0,5.80762,14.01369],"rotation":90,"texture":"#2"},"south":{"uv":[0,0,16,5.80762],"rotation":180,"texture":"#2"},"west":{"uv":[0,0,5.80762,14.01369],"rotation":270,"texture":"#2"},"up":{"uv":[0,0,16,14.01369],"rotation":180,"texture":"#2"},"down":{"uv":[0,0,16,14.01369],"texture":"#2"}}},{"name":"octagon","from":[-1.6,6.69267,22.02982],"to":[17.6,9.60685,26.39744],"rotation":{"angle":0,"axis":"x","origin":[8,8.77952,21.35936]},"faces":{"north":{"uv":[0,0,16,2.91418],"texture":"#2"},"east":{"uv":[0,0,4.36762,2.91418],"texture":"#2"},"south":{"uv":[0,0,16,2.91418],"texture":"#2"},"west":{"uv":[0,0,4.36762,2.91418],"texture":"#2"},"up":{"uv":[0,0,16,4.36762],"texture":"#2"},"down":{"uv":[0,0,16,4.36762],"texture":"#2"}}},{"name":"octagon","from":[-1.6,6.69267,-10.39744],"to":[17.6,9.60685,-6.02982],"rotation":{"angle":0,"axis":"x","origin":[8,8.77952,-5.35936]},"faces":{"north":{"uv":[0,0,16,2.91418],"texture":"#2"},"east":{"uv":[0,0,4.36762,2.91418],"texture":"#2"},"south":{"uv":[0,0,16,2.91418],"texture":"#2"},"west":{"uv":[0,0,4.36762,2.91418],"texture":"#2"},"up":{"uv":[0,0,16,4.36762],"texture":"#2"},"down":{"uv":[0,0,16,4.36762],"texture":"#2"}}},{"name":"octagon","from":[-1.6,5.51059,20.45464],"to":[17.6,6.9982,24.62831],"rotation":{"angle":-22.5,"axis":"x","origin":[8,10.54867,22.54147]},"faces":{"north":{"uv":[0,0,16,1.48761],"texture":"#2"},"east":{"uv":[0,0,4.17367,1.48761],"texture":"#2"},"south":{"uv":[0,0,16,1.48761],"texture":"#2"},"west":{"uv":[0,0,4.17367,1.48761],"texture":"#2"},"up":{"uv":[0,0,16,4.17367],"texture":"#2"},"down":{"uv":[0,0,16,4.17367],"texture":"#2"}}},{"name":"octagon","from":[-1.6,5.51059,-8.62831],"to":[17.6,6.9982,-4.45464],"rotation":{"angle":22.5,"axis":"x","origin":[8,10.54867,-6.54147]},"faces":{"north":{"uv":[0,0,16,1.48761],"texture":"#2"},"east":{"uv":[0,0,4.17367,1.48761],"texture":"#2"},"south":{"uv":[0,0,16,1.48761],"texture":"#2"},"west":{"uv":[0,0,4.17367,1.48761],"texture":"#2"},"up":{"uv":[0,0,16,4.17367],"texture":"#2"},"down":{"uv":[0,0,16,4.17367],"texture":"#2"}}},{"name":"octagon","from":[17.83808,6.5287,-11.872],"to":[21.67808,9.4713,-11.1616],"rotation":{"angle":45,"axis":"x","origin":[20,8,-8.32]},"faces":{"north":{"uv":[0,2,2,0],"rotation":270,"texture":"#3"},"east":{"uv":[0,1,2,0],"rotation":270,"texture":"#3"},"south":{"uv":[0,2,2,0],"rotation":270,"texture":"#3"},"west":{"uv":[0,1,2,0],"rotation":270,"texture":"#3"},"up":{"uv":[0,2,2,0],"rotation":270,"texture":"#3"},"down":{"uv":[0,2,2,0],"rotation":270,"texture":"#3"}}},{"name":"octagon","from":[17.84,6.5287,27.1616],"to":[21.68,9.4713,27.872],"rotation":{"angle":0,"axis":"x","origin":[19.76,8,24.32]},"faces":{"north":{"uv":[0,2,2,0],"rotation":90,"texture":"#3"},"east":{"uv":[0,1,2,0],"rotation":90,"texture":"#3"},"south":{"uv":[0,2,2,0],"rotation":90,"texture":"#3"},"west":{"uv":[0,1,2,0],"rotation":90,"texture":"#3"},"up":{"uv":[0,2,2,0],"rotation":90,"texture":"#3"},"down":{"uv":[0,2,2,0],"rotation":90,"texture":"#3"}}},{"name":"octagon","from":[17.84,6.5287,-11.872],"to":[21.68,9.4713,-11.1616],"rotation":{"angle":0,"axis":"x","origin":[19.76,8,-8.32]},"faces":{"north":{"uv":[0,0,2,2],"rotation":270,"texture":"#3"},"east":{"uv":[0,0,2,1],"rotation":270,"texture":"#3"},"south":{"uv":[0,0,2,2],"rotation":270,"texture":"#3"},"west":{"uv":[0,0,2,1],"rotation":270,"texture":"#3"},"up":{"uv":[2,2,0,0],"rotation":90,"texture":"#3"},"down":{"uv":[2,2,0,0],"rotation":90,"texture":"#3"}}},{"name":"octagon","from":[17.83808,4.448,20.1369],"to":[21.67808,5.1584,25.7913],"rotation":{"angle":-45,"axis":"x","origin":[20,8,24.32]},"faces":{"north":{"uv":[0,2,3,0],"rotation":90,"texture":"#3"},"east":{"uv":[3,0,0,1],"rotation":180,"texture":"#3"},"south":{"uv":[0,2,3,0],"rotation":90,"texture":"#3"},"west":{"uv":[3,0,0,1],"texture":"#3"},"up":{"uv":[0,2,3,0],"rotation":270,"texture":"#3"},"down":{"uv":[0,2,3,0],"rotation":90,"texture":"#3"}}},{"name":"octagon","from":[17.83808,4.448,-9.7913],"to":[21.67808,5.1584,-4.1369],"rotation":{"angle":45,"axis":"x","origin":[20,8,-8.32]},"faces":{"north":{"uv":[0,0,3,2],"rotation":90,"texture":"#3"},"east":{"uv":[0,0,3,1],"texture":"#3"},"south":{"uv":[0,0,3,2],"rotation":90,"texture":"#3"},"west":{"uv":[0,0,3,1],"rotation":180,"texture":"#3"},"up":{"uv":[3,2,0,0],"rotation":90,"texture":"#3"},"down":{"uv":[3,2,0,0],"rotation":270,"texture":"#3"}}},{"name":"octagon","from":[17.84,2.528,-7.8713],"to":[21.68,3.2384,23.8713],"rotation":{"angle":0,"axis":"x","origin":[19.76,6.08,-6.4]},"faces":{"north":{"uv":[0,2,16,0],"rotation":90,"texture":"#3"},"east":{"uv":[16,0,0,1],"rotation":180,"texture":"#3"},"south":{"uv":[0,2,16,0],"rotation":90,"texture":"#3"},"west":{"uv":[16,0,0,1],"texture":"#3"},"up":{"uv":[0,2,16,0],"rotation":270,"texture":"#3"},"down":{"uv":[0,2,16,0],"rotation":90,"texture":"#3"}}},{"name":"octagon","from":[17.83808,10.8416,22.8487],"to":[21.67808,11.552,25.7913],"rotation":{"angle":45,"axis":"x","origin":[20,8,24.32]},"faces":{"north":{"uv":[0,2,2,0],"rotation":90,"texture":"#3"},"east":{"uv":[2,0,0,1],"texture":"#3"},"south":{"uv":[0,2,2,0],"rotation":90,"texture":"#3"},"west":{"uv":[8.999,0,7,1],"rotation":180,"texture":"#3"},"up":{"uv":[0,2,2,0],"rotation":90,"texture":"#3"},"down":{"uv":[0,2,2,0],"rotation":90,"texture":"#3"}}},{"name":"octagon","from":[17.84,10.8416,-9.7913],"to":[21.68,11.552,25.7913],"rotation":{"angle":0,"axis":"x","origin":[19.76,8,-8.32]},"faces":{"north":{"uv":[0,0,0,0],"rotation":90,"texture":"#3"},"east":{"uv":[16,0,0,1],"texture":"#3"},"south":{"uv":[0,0,0,0],"rotation":90,"texture":"#3"},"west":{"uv":[16,0,0,1],"rotation":180,"texture":"#3"},"up":{"uv":[0,2,16,0],"rotation":90,"texture":"#3"},"down":{"uv":[0,2,16,0],"rotation":90,"texture":"#3"}}},{"from":[18.32,6.08,21.44],"to":[21.2,9.92,22.4],"rotation":{"angle":0,"axis":"x","origin":[19.76,8,24.32]},"faces":{"north":{"uv":[10,4.999,6,8.999],"rotation":180,"texture":"#0"},"east":{"uv":[8.998,10,12.998,8],"rotation":90,"texture":"#0"},"south":{"uv":[2,0,0,2],"texture":"#0"},"west":{"uv":[2,10,6,8],"rotation":270,"texture":"#0"},"up":{"uv":[14,6,10,7.999],"rotation":180,"texture":"#0"},"down":{"uv":[12,11,8,13],"texture":"#0"}}},{"from":[18.32,6.08,26.24],"to":[21.2,9.92,27.2],"rotation":{"angle":0,"axis":"x","origin":[19.76,8,24.32]},"faces":{"north":{"uv":[2,0,0,2],"rotation":180,"texture":"#0"},"east":{"uv":[0,2,4,0],"rotation":270,"texture":"#0"},"south":{"uv":[14,12,10,16],"texture":"#0"},"west":{"uv":[1,12.999,4.999,11],"rotation":90,"texture":"#0"},"up":{"uv":[12,11,8,13],"texture":"#0"},"down":{"uv":[14,6,10,7.999],"rotation":180,"texture":"#0"}}},{"from":[18.32,9.92,22.4],"to":[21.2,10.88,26.24],"rotation":{"angle":0,"axis":"x","origin":[19.76,8,24.32]},"faces":{"north":{"uv":[12,11,8,13],"rotation":180,"texture":"#0"},"east":{"uv":[6,10,2,11.999],"rotation":180,"texture":"#0"},"south":{"uv":[14,6,10,7.999],"rotation":180,"texture":"#0"},"west":{"uv":[8,8,4,10],"rotation":180,"texture":"#0"},"up":{"uv":[8.999,0,4.999,4],"texture":"#0"},"down":{"uv":[2,0,0,2],"texture":"#0"}}},{"from":[18.32,5.12,22.4],"to":[21.2,6.08,26.24],"rotation":{"angle":0,"axis":"x","origin":[19.76,8,24.32]},"faces":{"north":{"uv":[14,6,10,7.999],"texture":"#0"},"east":{"uv":[16,7,12,8.999],"texture":"#0"},"south":{"uv":[12,11,8,13],"texture":"#0"},"west":{"uv":[16,14,12,15.999],"texture":"#0"},"up":{"uv":[2,0,0,2],"texture":"#0"},"down":{"uv":[16,12,12,16],"texture":"#0"}}},{"from":[18.8,6.08,22.4],"to":[20.72,9.92,26.24],"rotation":{"angle":0,"axis":"y","origin":[19.76,8,24.32]},"faces":{"east":{"uv":[14,2,2,14],"texture":"#1"},"west":{"uv":[14,2,2,14],"texture":"#1"}}},{"from":[20.72,7.29,23.61],"to":[21.2,8.71,25.03],"rotation":{"angle":0,"axis":"x","origin":[19.76,8,24.32]},"faces":{"north":{"uv":[6.999,4.999,4.999,10.999],"texture":"#4"},"east":{"uv":[10.999,4.999,4.999,10.999],"texture":"#4"},"south":{"uv":[6.999,4.999,4.999,10.999],"texture":"#4"},"west":{"uv":[10.999,4.999,4.999,10.999],"texture":"#4"},"up":{"uv":[4.999,6.999,10.999,4.999],"rotation":90,"texture":"#4"},"down":{"uv":[6.999,4.999,4.999,10.999],"texture":"#4"}}},{"from":[18.32,4.16,-4.48],"to":[21.2,9.92,-3.52],"rotation":{"angle":0,"axis":"x","origin":[19.96001,7.04,-0.64]},"faces":{"north":{"uv":[8.999,4,4.999,12],"texture":"#0"},"east":{"uv":[10.998,8,8.998,16],"texture":"#0"},"south":{"uv":[10.998,8,8.998,16],"texture":"#0"},"west":{"uv":[10.998,8,8.998,16],"texture":"#0"},"up":{"uv":[5,8,1,10],"texture":"#0"},"down":{"uv":[12.999,8.999,8.999,10.998],"texture":"#0"}}},{"from":[18.32,3.2,-3.52],"to":[21.2,4.16,2.24],"rotation":{"angle":0,"axis":"x","origin":[19.96001,7.04,-0.64]},"faces":{"north":{"uv":[5,8,1,10],"rotation":180,"texture":"#0"},"east":{"uv":[8.998,16,10.998,8],"rotation":270,"texture":"#0"},"south":{"uv":[12.999,8.999,8.999,10.998],"texture":"#0"},"west":{"uv":[8.998,16,10.998,8],"rotation":90,"texture":"#0"},"up":{"uv":[10.998,8,8.998,16],"texture":"#0"},"down":{"uv":[8.999,4,4.999,12],"rotation":180,"texture":"#0"}}},{"from":[18.32,4.16,2.24],"to":[21.2,9.92,3.2],"rotation":{"angle":0,"axis":"x","origin":[19.96001,7.04,-0.64]},"faces":{"north":{"uv":[8.999,4,4.999,12],"texture":"#0"},"east":{"uv":[10.998,8,8.998,16],"texture":"#0"},"south":{"uv":[10.998,8,8.998,16],"texture":"#0"},"west":{"uv":[10.998,8,8.998,16],"texture":"#0"},"up":{"uv":[5,8,1,10],"texture":"#0"},"down":{"uv":[12.999,8.999,8.999,10.998],"texture":"#0"}}},{"from":[18.32,9.92,-3.52],"to":[21.2,10.88,2.24],"rotation":{"angle":0,"axis":"x","origin":[19.96001,7.04,-0.64]},"faces":{"north":{"uv":[5,8,1,10],"rotation":180,"texture":"#0"},"east":{"uv":[8.998,16,10.998,8],"rotation":270,"texture":"#0"},"south":{"uv":[12.999,8.999,8.999,10.998],"texture":"#0"},"west":{"uv":[8.998,16,10.998,8],"rotation":90,"texture":"#0"},"up":{"uv":[10.998,8,8.998,16],"texture":"#0"},"down":{"uv":[8.999,4,4.999,12],"rotation":180,"texture":"#0"}}},{"from":[18.8,4.16,-3.52],"to":[20.72,9.92,2.24],"rotation":{"angle":0,"axis":"y","origin":[19.96001,7.04,-0.64]},"faces":{"east":{"uv":[14,2,2,14],"texture":"#1"},"west":{"uv":[14,2,2,14],"texture":"#1"}}},{"from":[20.72,6.08,-1.6],"to":[21.2,8,0.32],"rotation":{"angle":0,"axis":"x","origin":[19.96001,7.04,-0.64]},"faces":{"north":{"uv":[6.999,4.999,4.999,10.999],"texture":"#4"},"east":{"uv":[10.999,4.999,4.999,10.999],"texture":"#4"},"south":{"uv":[6.999,4.999,4.999,10.999],"texture":"#4"},"west":{"uv":[10.999,4.999,4.999,10.999],"texture":"#4"},"up":{"uv":[4.999,6.999,10.999,4.999],"rotation":90,"texture":"#4"},"down":{"uv":[6.999,4.999,4.999,10.999],"texture":"#4"}}},{"from":[18.32,4.16,12.8],"to":[21.2,9.92,13.76],"rotation":{"angle":0,"axis":"x","origin":[19.96001,7.04,16.64]},"faces":{"north":{"uv":[8.999,4,4.999,12],"texture":"#0"},"east":{"uv":[10.998,8,8.998,16],"texture":"#0"},"south":{"uv":[10.998,8,8.998,16],"texture":"#0"},"west":{"uv":[10.998,8,8.998,16],"texture":"#0"},"up":{"uv":[5,8,1,10],"texture":"#0"},"down":{"uv":[12.999,8.999,8.999,10.998],"texture":"#0"}}},{"from":[18.32,3.2,13.76],"to":[21.2,4.16,19.52],"rotation":{"angle":0,"axis":"x","origin":[19.96001,7.04,16.64]},"faces":{"north":{"uv":[5,8,1,10],"rotation":180,"texture":"#0"},"east":{"uv":[8.998,16,10.998,8],"rotation":270,"texture":"#0"},"south":{"uv":[12.999,8.999,8.999,10.998],"texture":"#0"},"west":{"uv":[8.998,16,10.998,8],"rotation":90,"texture":"#0"},"up":{"uv":[10.998,8,8.998,16],"texture":"#0"},"down":{"uv":[8.999,4,4.999,12],"rotation":180,"texture":"#0"}}},{"from":[18.32,4.16,19.52],"to":[21.2,9.92,20.48],"rotation":{"angle":0,"axis":"x","origin":[19.96001,7.04,16.64]},"faces":{"north":{"uv":[8.999,4,4.999,12],"texture":"#0"},"east":{"uv":[10.998,8,8.998,16],"texture":"#0"},"south":{"uv":[10.998,8,8.998,16],"texture":"#0"},"west":{"uv":[10.998,8,8.998,16],"texture":"#0"},"up":{"uv":[5,8,1,10],"texture":"#0"},"down":{"uv":[12.999,8.999,8.999,10.998],"texture":"#0"}}},{"from":[18.32,9.92,13.76],"to":[21.2,10.88,19.52],"rotation":{"angle":0,"axis":"x","origin":[19.96001,7.04,16.64]},"faces":{"north":{"uv":[5,8,1,10],"rotation":180,"texture":"#0"},"east":{"uv":[8.998,16,10.998,8],"rotation":270,"texture":"#0"},"south":{"uv":[12.999,8.999,8.999,10.998],"texture":"#0"},"west":{"uv":[8.998,16,10.998,8],"rotation":90,"texture":"#0"},"up":{"uv":[10.998,8,8.998,16],"texture":"#0"},"down":{"uv":[8.999,4,4.999,12],"rotation":180,"texture":"#0"}}},{"from":[18.8,4.16,13.76],"to":[20.72,9.92,19.52],"rotation":{"angle":0,"axis":"y","origin":[19.96001,7.04,16.64]},"faces":{"east":{"uv":[14,2,2,14],"texture":"#1"},"west":{"uv":[14,2,2,14],"texture":"#1"}}},{"from":[20.72,6.08,15.68],"to":[21.2,8,17.6],"rotation":{"angle":0,"axis":"x","origin":[19.96001,7.04,16.64]},"faces":{"north":{"uv":[6.999,4.999,4.999,10.999],"texture":"#4"},"east":{"uv":[10.999,4.999,4.999,10.999],"texture":"#4"},"south":{"uv":[6.999,4.999,4.999,10.999],"texture":"#4"},"west":{"uv":[10.999,4.999,4.999,10.999],"texture":"#4"},"up":{"uv":[4.999,6.999,10.999,4.999],"rotation":90,"texture":"#4"},"down":{"uv":[6.999,4.999,4.999,10.999],"texture":"#4"}}},{"from":[18.32,4.16,4.16],"to":[21.2,9.92,5.12],"rotation":{"angle":0,"axis":"x","origin":[19.96001,7.04,8]},"faces":{"north":{"uv":[8.999,4,4.999,12],"texture":"#0"},"east":{"uv":[10.998,8,8.998,16],"texture":"#0"},"south":{"uv":[10.998,8,8.998,16],"texture":"#0"},"west":{"uv":[10.998,8,8.998,16],"texture":"#0"},"up":{"uv":[5,8,1,10],"texture":"#0"},"down":{"uv":[12.999,8.999,8.999,10.998],"texture":"#0"}}},{"from":[18.32,3.2,5.12],"to":[21.2,4.16,10.88],"rotation":{"angle":0,"axis":"x","origin":[19.96001,7.04,8]},"faces":{"north":{"uv":[5,8,1,10],"rotation":180,"texture":"#0"},"east":{"uv":[8.998,16,10.998,8],"rotation":270,"texture":"#0"},"south":{"uv":[12.999,8.999,8.999,10.998],"texture":"#0"},"west":{"uv":[8.998,16,10.998,8],"rotation":90,"texture":"#0"},"up":{"uv":[10.998,8,8.998,16],"texture":"#0"},"down":{"uv":[8.999,4,4.999,12],"rotation":180,"texture":"#0"}}},{"from":[18.32,4.16,10.88],"to":[21.2,9.92,11.84],"rotation":{"angle":0,"axis":"x","origin":[19.96001,7.04,8]},"faces":{"north":{"uv":[8.999,4,4.999,12],"texture":"#0"},"east":{"uv":[10.998,8,8.998,16],"texture":"#0"},"south":{"uv":[10.998,8,8.998,16],"texture":"#0"},"west":{"uv":[10.998,8,8.998,16],"texture":"#0"},"up":{"uv":[5,8,1,10],"texture":"#0"},"down":{"uv":[12.999,8.999,8.999,10.998],"texture":"#0"}}},{"from":[18.32,9.92,5.12],"to":[21.2,10.88,10.88],"rotation":{"angle":0,"axis":"x","origin":[19.96001,7.04,8]},"faces":{"north":{"uv":[5,8,1,10],"rotation":180,"texture":"#0"},"east":{"uv":[8.998,16,10.998,8],"rotation":270,"texture":"#0"},"south":{"uv":[12.999,8.999,8.999,10.998],"texture":"#0"},"west":{"uv":[8.998,16,10.998,8],"rotation":90,"texture":"#0"},"up":{"uv":[10.998,8,8.998,16],"texture":"#0"},"down":{"uv":[8.999,4,4.999,12],"rotation":180,"texture":"#0"}}},{"from":[18.8,4.16,5.12],"to":[20.72,9.92,10.88],"rotation":{"angle":0,"axis":"y","origin":[19.96001,7.04,8]},"faces":{"east":{"uv":[14,2,2,14],"texture":"#1"},"west":{"uv":[14,2,2,14],"texture":"#1"}}},{"from":[20.72,6.08,7.04],"to":[21.2,8,8.96],"rotation":{"angle":0,"axis":"x","origin":[19.96001,7.04,8]},"faces":{"north":{"uv":[6.999,4.999,4.999,10.999],"texture":"#4"},"east":{"uv":[10.999,4.999,4.999,10.999],"texture":"#4"},"south":{"uv":[6.999,4.999,4.999,10.999],"texture":"#4"},"west":{"uv":[10.999,4.999,4.999,10.999],"texture":"#4"},"up":{"uv":[4.999,6.999,10.999,4.999],"rotation":90,"texture":"#4"},"down":{"uv":[6.999,4.999,4.999,10.999],"texture":"#4"}}},{"from":[18.32,6.08,-11.2],"to":[21.2,9.92,-10.24],"rotation":{"angle":0,"axis":"x","origin":[19.76,8,-8.32]},"faces":{"north":{"uv":[10,4.999,6,8.999],"rotation":180,"texture":"#0"},"east":{"uv":[8.998,10,12.998,8],"rotation":90,"texture":"#0"},"south":{"uv":[2,0,0,2],"texture":"#0"},"west":{"uv":[2,10,6,8],"rotation":270,"texture":"#0"},"up":{"uv":[14,6,10,7.999],"rotation":180,"texture":"#0"},"down":{"uv":[12,11,8,13],"texture":"#0"}}},{"from":[18.32,6.08,-6.4],"to":[21.2,9.92,-5.44],"rotation":{"angle":0,"axis":"x","origin":[19.76,8,-8.32]},"faces":{"north":{"uv":[2,0,0,2],"rotation":180,"texture":"#0"},"east":{"uv":[0,2,4,0],"rotation":270,"texture":"#0"},"south":{"uv":[14,12,10,16],"texture":"#0"},"west":{"uv":[1,12.999,4.999,11],"rotation":90,"texture":"#0"},"up":{"uv":[12,11,8,13],"texture":"#0"},"down":{"uv":[14,6,10,7.999],"rotation":180,"texture":"#0"}}},{"from":[18.32,9.92,-10.24],"to":[21.2,10.88,-6.4],"rotation":{"angle":0,"axis":"x","origin":[19.76,8,-8.32]},"faces":{"north":{"uv":[12,11,8,13],"rotation":180,"texture":"#0"},"east":{"uv":[6,10,2,11.999],"rotation":180,"texture":"#0"},"south":{"uv":[14,6,10,7.999],"rotation":180,"texture":"#0"},"west":{"uv":[8,8,4,10],"rotation":180,"texture":"#0"},"up":{"uv":[8.999,0,4.999,4],"texture":"#0"},"down":{"uv":[2,0,0,2],"texture":"#0"}}},{"from":[18.32,5.12,-10.24],"to":[21.2,6.08,-6.4],"rotation":{"angle":0,"axis":"x","origin":[19.76,8,-8.32]},"faces":{"north":{"uv":[14,6,10,7.999],"texture":"#0"},"east":{"uv":[16,7,12,8.999],"texture":"#0"},"south":{"uv":[12,11,8,13],"texture":"#0"},"west":{"uv":[16,14,12,15.999],"texture":"#0"},"up":{"uv":[2,0,0,2],"texture":"#0"},"down":{"uv":[16,12,12,16],"texture":"#0"}}},{"from":[18.8,6.08,-10.24],"to":[20.72,9.92,-6.4],"rotation":{"angle":0,"axis":"y","origin":[19.76,8,-8.32]},"faces":{"east":{"uv":[14,2,2,14],"texture":"#1"},"west":{"uv":[14,2,2,14],"texture":"#1"}}},{"from":[20.72,7.29,-9.03],"to":[21.2,8.71,-7.61],"rotation":{"angle":0,"axis":"x","origin":[19.76,8,-8.32]},"faces":{"north":{"uv":[6.999,4.999,4.999,10.999],"texture":"#4"},"east":{"uv":[10.999,4.999,4.999,10.999],"texture":"#4"},"south":{"uv":[6.999,4.999,4.999,10.999],"texture":"#4"},"west":{"uv":[10.999,4.999,4.999,10.999],"texture":"#4"},"up":{"uv":[4.999,6.999,10.999,4.999],"rotation":90,"texture":"#4"},"down":{"uv":[6.999,4.999,4.999,10.999],"texture":"#4"}}},{"name":"octagon","from":[-5.67808,6.5287,-11.872],"to":[-1.83808,9.4713,-11.1616],"rotation":{"angle":45,"axis":"x","origin":[-4,8,-8.32]},"faces":{"north":{"uv":[0,0,2,2],"rotation":270,"texture":"#3"},"east":{"uv":[0,0,2,1],"rotation":270,"texture":"#3"},"south":{"uv":[0,0,2,2],"rotation":270,"texture":"#3"},"west":{"uv":[0,0,2,1],"rotation":270,"texture":"#3"},"up":{"uv":[0,0,2,2],"rotation":270,"texture":"#3"},"down":{"uv":[0,0,2,2],"rotation":270,"texture":"#3"}}},{"name":"octagon","from":[-5.68,6.5287,27.1616],"to":[-1.84,9.4713,27.872],"rotation":{"angle":0,"axis":"x","origin":[-3.76,8,24.32]},"faces":{"north":{"uv":[0,0,2,2],"rotation":90,"texture":"#3"},"east":{"uv":[0,0,2,1],"rotation":90,"texture":"#3"},"south":{"uv":[0,0,2,2],"rotation":90,"texture":"#3"},"west":{"uv":[0,0,2,1],"rotation":90,"texture":"#3"},"up":{"uv":[0,0,2,2],"rotation":90,"texture":"#3"},"down":{"uv":[0,0,2,2],"rotation":90,"texture":"#3"}}},{"name":"octagon","from":[-5.68,6.5287,-11.872],"to":[-1.84,9.4713,-11.1616],"rotation":{"angle":0,"axis":"x","origin":[-3.76,8,-8.32]},"faces":{"north":{"uv":[0,2,2,0],"rotation":270,"texture":"#3"},"east":{"uv":[0,1,2,0],"rotation":270,"texture":"#3"},"south":{"uv":[0,2,2,0],"rotation":270,"texture":"#3"},"west":{"uv":[0,1,2,0],"rotation":270,"texture":"#3"},"up":{"uv":[2,0,0,2],"rotation":90,"texture":"#3"},"down":{"uv":[2,0,0,2],"rotation":90,"texture":"#3"}}},{"name":"octagon","from":[-5.67808,4.448,20.1369],"to":[-1.83808,5.1584,25.7913],"rotation":{"angle":-45,"axis":"x","origin":[-4,8,24.32]},"faces":{"north":{"uv":[0,0,3,2],"rotation":90,"texture":"#3"},"east":{"uv":[0,0,3,1],"texture":"#3"},"south":{"uv":[0,0,3,2],"rotation":90,"texture":"#3"},"west":{"uv":[0,0,3,1],"rotation":180,"texture":"#3"},"up":{"uv":[0,0,3,2],"rotation":270,"texture":"#3"},"down":{"uv":[0,0,3,2],"rotation":90,"texture":"#3"}}},{"name":"octagon","from":[-5.67808,4.448,-9.7913],"to":[-1.83808,5.1584,-4.1369],"rotation":{"angle":45,"axis":"x","origin":[-4,8,-8.32]},"faces":{"north":{"uv":[0,2,3,0],"rotation":90,"texture":"#3"},"east":{"uv":[3,0,0,1],"rotation":180,"texture":"#3"},"south":{"uv":[0,2,3,0],"rotation":90,"texture":"#3"},"west":{"uv":[3,0,0,1],"texture":"#3"},"up":{"uv":[3,0,0,2],"rotation":90,"texture":"#3"},"down":{"uv":[3,0,0,2],"rotation":270,"texture":"#3"}}},{"name":"octagon","from":[-5.68,2.528,-7.8713],"to":[-1.84,3.2384,23.8713],"rotation":{"angle":0,"axis":"x","origin":[-3.76,6.08,-6.4]},"faces":{"north":{"uv":[0,0,16,2],"rotation":90,"texture":"#3"},"east":{"uv":[0,0,16,1],"texture":"#3"},"south":{"uv":[0,0,16,2],"rotation":90,"texture":"#3"},"west":{"uv":[0,0,16,1],"rotation":180,"texture":"#3"},"up":{"uv":[0,0,16,2],"rotation":270,"texture":"#3"},"down":{"uv":[0,0,16,2],"rotation":90,"texture":"#3"}}},{"name":"octagon","from":[-5.67808,10.8416,22.8487],"to":[-1.83808,11.552,25.7913],"rotation":{"angle":45,"axis":"x","origin":[-4,8,24.32]},"faces":{"north":{"uv":[0,0,2,2],"rotation":90,"texture":"#3"},"east":{"uv":[7,0,8.999,1],"rotation":180,"texture":"#3"},"south":{"uv":[0,0,2,2],"rotation":90,"texture":"#3"},"west":{"uv":[0,0,2,1],"texture":"#3"},"up":{"uv":[0,0,2,2],"rotation":90,"texture":"#3"},"down":{"uv":[0,0,2,2],"rotation":90,"texture":"#3"}}},{"name":"octagon","from":[-5.68,10.8416,-9.7913],"to":[-1.84,11.552,25.7913],"rotation":{"angle":0,"axis":"x","origin":[-3.76,8,-8.32]},"faces":{"north":{"uv":[0,0,0,0],"rotation":90,"texture":"#3"},"east":{"uv":[0,0,16,1],"rotation":180,"texture":"#3"},"south":{"uv":[0,0,0,0],"rotation":90,"texture":"#3"},"west":{"uv":[0,0,16,1],"texture":"#3"},"up":{"uv":[0,0,16,2],"rotation":90,"texture":"#3"},"down":{"uv":[0,0,16,2],"rotation":90,"texture":"#3"}}},{"from":[-5.2,6.08,21.44],"to":[-2.32,9.92,22.4],"rotation":{"angle":0,"axis":"x","origin":[-3.76,8,24.32]},"faces":{"north":{"uv":[6,4.999,10,8.999],"rotation":180,"texture":"#0"},"east":{"uv":[2,8,6,10],"rotation":270,"texture":"#0"},"south":{"uv":[0,0,2,2],"texture":"#0"},"west":{"uv":[8.998,8,12.998,10],"rotation":90,"texture":"#0"},"up":{"uv":[10,6,14,7.999],"rotation":180,"texture":"#0"},"down":{"uv":[8,11,12,13],"texture":"#0"}}},{"from":[-5.2,6.08,26.24],"to":[-2.32,9.92,27.2],"rotation":{"angle":0,"axis":"x","origin":[-3.76,8,24.32]},"faces":{"north":{"uv":[0,0,2,2],"rotation":180,"texture":"#0"},"east":{"uv":[1,11,4.999,12.999],"rotation":90,"texture":"#0"},"south":{"uv":[10,12,14,16],"texture":"#0"},"west":{"uv":[0,0,4,2],"rotation":270,"texture":"#0"},"up":{"uv":[8,11,12,13],"texture":"#0"},"down":{"uv":[10,6,14,7.999],"rotation":180,"texture":"#0"}}},{"from":[-5.2,9.92,22.4],"to":[-2.32,10.88,26.24],"rotation":{"angle":0,"axis":"x","origin":[-3.76,8,24.32]},"faces":{"north":{"uv":[8,11,12,13],"rotation":180,"texture":"#0"},"east":{"uv":[4,8,8,10],"rotation":180,"texture":"#0"},"south":{"uv":[10,6,14,7.999],"rotation":180,"texture":"#0"},"west":{"uv":[2,10,6,11.999],"rotation":180,"texture":"#0"},"up":{"uv":[4.999,0,8.999,4],"texture":"#0"},"down":{"uv":[0,0,2,2],"texture":"#0"}}},{"from":[-5.2,5.12,22.4],"to":[-2.32,6.08,26.24],"rotation":{"angle":0,"axis":"x","origin":[-3.76,8,24.32]},"faces":{"north":{"uv":[10,6,14,7.999],"texture":"#0"},"east":{"uv":[12,14,16,15.999],"texture":"#0"},"south":{"uv":[8,11,12,13],"texture":"#0"},"west":{"uv":[12,7,16,8.999],"texture":"#0"},"up":{"uv":[0,0,2,2],"texture":"#0"},"down":{"uv":[12,12,16,16],"texture":"#0"}}},{"from":[-4.72,6.08,22.4],"to":[-2.8,9.92,26.24],"rotation":{"angle":0,"axis":"y","origin":[-3.76,8,24.32]},"faces":{"east":{"uv":[2,2,14,14],"texture":"#1"},"west":{"uv":[2,2,14,14],"texture":"#1"}}},{"from":[-5.2,7.29,23.61],"to":[-4.72,8.71,25.03],"rotation":{"angle":0,"axis":"x","origin":[-3.76,8,24.32]},"faces":{"north":{"uv":[4.999,4.999,6.999,10.999],"texture":"#4"},"east":{"uv":[4.999,4.999,10.999,10.999],"texture":"#4"},"south":{"uv":[4.999,4.999,6.999,10.999],"texture":"#4"},"west":{"uv":[4.999,4.999,10.999,10.999],"texture":"#4"},"up":{"uv":[4.999,4.999,10.999,6.999],"rotation":90,"texture":"#4"},"down":{"uv":[4.999,4.999,6.999,10.999],"texture":"#4"}}},{"from":[-5.2,4.16,-4.48],"to":[-2.32,9.92,-3.52],"rotation":{"angle":0,"axis":"x","origin":[-3.96001,7.04,-0.64]},"faces":{"north":{"uv":[4.999,4,8.999,12],"texture":"#0"},"east":{"uv":[8.998,8,10.998,16],"texture":"#0"},"south":{"uv":[8.998,8,10.998,16],"texture":"#0"},"west":{"uv":[8.998,8,10.998,16],"texture":"#0"},"up":{"uv":[1,8,5,10],"texture":"#0"},"down":{"uv":[8.999,8.999,12.999,10.998],"texture":"#0"}}},{"from":[-5.2,3.2,-3.52],"to":[-2.32,4.16,2.24],"rotation":{"angle":0,"axis":"x","origin":[-3.96001,7.04,-0.64]},"faces":{"north":{"uv":[1,8,5,10],"rotation":180,"texture":"#0"},"east":{"uv":[8.998,8,10.998,16],"rotation":90,"texture":"#0"},"south":{"uv":[8.999,8.999,12.999,10.998],"texture":"#0"},"west":{"uv":[8.998,8,10.998,16],"rotation":270,"texture":"#0"},"up":{"uv":[8.998,8,10.998,16],"texture":"#0"},"down":{"uv":[4.999,4,8.999,12],"rotation":180,"texture":"#0"}}},{"from":[-5.2,4.16,2.24],"to":[-2.32,9.92,3.2],"rotation":{"angle":0,"axis":"x","origin":[-3.96001,7.04,-0.64]},"faces":{"north":{"uv":[4.999,4,8.999,12],"texture":"#0"},"east":{"uv":[8.998,8,10.998,16],"texture":"#0"},"south":{"uv":[8.998,8,10.998,16],"texture":"#0"},"west":{"uv":[8.998,8,10.998,16],"texture":"#0"},"up":{"uv":[1,8,5,10],"texture":"#0"},"down":{"uv":[8.999,8.999,12.999,10.998],"texture":"#0"}}},{"from":[-5.2,9.92,-3.52],"to":[-2.32,10.88,2.24],"rotation":{"angle":0,"axis":"x","origin":[-3.96001,7.04,-0.64]},"faces":{"north":{"uv":[1,8,5,10],"rotation":180,"texture":"#0"},"east":{"uv":[8.998,8,10.998,16],"rotation":90,"texture":"#0"},"south":{"uv":[8.999,8.999,12.999,10.998],"texture":"#0"},"west":{"uv":[8.998,8,10.998,16],"rotation":270,"texture":"#0"},"up":{"uv":[8.998,8,10.998,16],"texture":"#0"},"down":{"uv":[4.999,4,8.999,12],"rotation":180,"texture":"#0"}}},{"from":[-4.72,4.16,-3.52],"to":[-2.8,9.92,2.24],"rotation":{"angle":0,"axis":"y","origin":[-3.96001,7.04,-0.64]},"faces":{"east":{"uv":[2,2,14,14],"texture":"#1"},"west":{"uv":[2,2,14,14],"texture":"#1"}}},{"from":[-5.2,6.08,-1.6],"to":[-4.72,8,0.32],"rotation":{"angle":0,"axis":"x","origin":[-3.96001,7.04,-0.64]},"faces":{"north":{"uv":[4.999,4.999,6.999,10.999],"texture":"#4"},"east":{"uv":[4.999,4.999,10.999,10.999],"texture":"#4"},"south":{"uv":[4.999,4.999,6.999,10.999],"texture":"#4"},"west":{"uv":[4.999,4.999,10.999,10.999],"texture":"#4"},"up":{"uv":[4.999,4.999,10.999,6.999],"rotation":90,"texture":"#4"},"down":{"uv":[4.999,4.999,6.999,10.999],"texture":"#4"}}},{"from":[-5.2,4.16,12.8],"to":[-2.32,9.92,13.76],"rotation":{"angle":0,"axis":"x","origin":[-3.96001,7.04,16.64]},"faces":{"north":{"uv":[4.999,4,8.999,12],"texture":"#0"},"east":{"uv":[8.998,8,10.998,16],"texture":"#0"},"south":{"uv":[8.998,8,10.998,16],"texture":"#0"},"west":{"uv":[8.998,8,10.998,16],"texture":"#0"},"up":{"uv":[1,8,5,10],"texture":"#0"},"down":{"uv":[8.999,8.999,12.999,10.998],"texture":"#0"}}},{"from":[-5.2,3.2,13.76],"to":[-2.32,4.16,19.52],"rotation":{"angle":0,"axis":"x","origin":[-3.96001,7.04,16.64]},"faces":{"north":{"uv":[1,8,5,10],"rotation":180,"texture":"#0"},"east":{"uv":[8.998,8,10.998,16],"rotation":90,"texture":"#0"},"south":{"uv":[8.999,8.999,12.999,10.998],"texture":"#0"},"west":{"uv":[8.998,8,10.998,16],"rotation":270,"texture":"#0"},"up":{"uv":[8.998,8,10.998,16],"texture":"#0"},"down":{"uv":[4.999,4,8.999,12],"rotation":180,"texture":"#0"}}},{"from":[-5.2,4.16,19.52],"to":[-2.32,9.92,20.48],"rotation":{"angle":0,"axis":"x","origin":[-3.96001,7.04,16.64]},"faces":{"north":{"uv":[4.999,4,8.999,12],"texture":"#0"},"east":{"uv":[8.998,8,10.998,16],"texture":"#0"},"south":{"uv":[8.998,8,10.998,16],"texture":"#0"},"west":{"uv":[8.998,8,10.998,16],"texture":"#0"},"up":{"uv":[1,8,5,10],"texture":"#0"},"down":{"uv":[8.999,8.999,12.999,10.998],"texture":"#0"}}},{"from":[-5.2,9.92,13.76],"to":[-2.32,10.88,19.52],"rotation":{"angle":0,"axis":"x","origin":[-3.96001,7.04,16.64]},"faces":{"north":{"uv":[1,8,5,10],"rotation":180,"texture":"#0"},"east":{"uv":[8.998,8,10.998,16],"rotation":90,"texture":"#0"},"south":{"uv":[8.999,8.999,12.999,10.998],"texture":"#0"},"west":{"uv":[8.998,8,10.998,16],"rotation":270,"texture":"#0"},"up":{"uv":[8.998,8,10.998,16],"texture":"#0"},"down":{"uv":[4.999,4,8.999,12],"rotation":180,"texture":"#0"}}},{"from":[-4.72,4.16,13.76],"to":[-2.8,9.92,19.52],"rotation":{"angle":0,"axis":"y","origin":[-3.96001,7.04,16.64]},"faces":{"east":{"uv":[2,2,14,14],"texture":"#1"},"west":{"uv":[2,2,14,14],"texture":"#1"}}},{"from":[-5.2,6.08,15.68],"to":[-4.72,8,17.6],"rotation":{"angle":0,"axis":"x","origin":[-3.96001,7.04,16.64]},"faces":{"north":{"uv":[4.999,4.999,6.999,10.999],"texture":"#4"},"east":{"uv":[4.999,4.999,10.999,10.999],"texture":"#4"},"south":{"uv":[4.999,4.999,6.999,10.999],"texture":"#4"},"west":{"uv":[4.999,4.999,10.999,10.999],"texture":"#4"},"up":{"uv":[4.999,4.999,10.999,6.999],"rotation":90,"texture":"#4"},"down":{"uv":[4.999,4.999,6.999,10.999],"texture":"#4"}}},{"from":[-5.2,4.16,4.16],"to":[-2.32,9.92,5.12],"rotation":{"angle":0,"axis":"x","origin":[-3.96001,7.04,8]},"faces":{"north":{"uv":[4.999,4,8.999,12],"texture":"#0"},"east":{"uv":[8.998,8,10.998,16],"texture":"#0"},"south":{"uv":[8.998,8,10.998,16],"texture":"#0"},"west":{"uv":[8.998,8,10.998,16],"texture":"#0"},"up":{"uv":[1,8,5,10],"texture":"#0"},"down":{"uv":[8.999,8.999,12.999,10.998],"texture":"#0"}}},{"from":[-5.2,3.2,5.12],"to":[-2.32,4.16,10.88],"rotation":{"angle":0,"axis":"x","origin":[-3.96001,7.04,8]},"faces":{"north":{"uv":[1,8,5,10],"rotation":180,"texture":"#0"},"east":{"uv":[8.998,8,10.998,16],"rotation":90,"texture":"#0"},"south":{"uv":[8.999,8.999,12.999,10.998],"texture":"#0"},"west":{"uv":[8.998,8,10.998,16],"rotation":270,"texture":"#0"},"up":{"uv":[8.998,8,10.998,16],"texture":"#0"},"down":{"uv":[4.999,4,8.999,12],"rotation":180,"texture":"#0"}}},{"from":[-5.2,4.16,10.88],"to":[-2.32,9.92,11.84],"rotation":{"angle":0,"axis":"x","origin":[-3.96001,7.04,8]},"faces":{"north":{"uv":[4.999,4,8.999,12],"texture":"#0"},"east":{"uv":[8.998,8,10.998,16],"texture":"#0"},"south":{"uv":[8.998,8,10.998,16],"texture":"#0"},"west":{"uv":[8.998,8,10.998,16],"texture":"#0"},"up":{"uv":[1,8,5,10],"texture":"#0"},"down":{"uv":[8.999,8.999,12.999,10.998],"texture":"#0"}}},{"from":[-5.2,9.92,5.12],"to":[-2.32,10.88,10.88],"rotation":{"angle":0,"axis":"x","origin":[-3.96001,7.04,8]},"faces":{"north":{"uv":[1,8,5,10],"rotation":180,"texture":"#0"},"east":{"uv":[8.998,8,10.998,16],"rotation":90,"texture":"#0"},"south":{"uv":[8.999,8.999,12.999,10.998],"texture":"#0"},"west":{"uv":[8.998,8,10.998,16],"rotation":270,"texture":"#0"},"up":{"uv":[8.998,8,10.998,16],"texture":"#0"},"down":{"uv":[4.999,4,8.999,12],"rotation":180,"texture":"#0"}}},{"from":[-4.72,4.16,5.12],"to":[-2.8,9.92,10.88],"rotation":{"angle":0,"axis":"y","origin":[-3.96001,7.04,8]},"faces":{"east":{"uv":[2,2,14,14],"texture":"#1"},"west":{"uv":[2,2,14,14],"texture":"#1"}}},{"from":[-5.2,6.08,7.04],"to":[-4.72,8,8.96],"rotation":{"angle":0,"axis":"x","origin":[-3.96001,7.04,8]},"faces":{"north":{"uv":[4.999,4.999,6.999,10.999],"texture":"#4"},"east":{"uv":[4.999,4.999,10.999,10.999],"texture":"#4"},"south":{"uv":[4.999,4.999,6.999,10.999],"texture":"#4"},"west":{"uv":[4.999,4.999,10.999,10.999],"texture":"#4"},"up":{"uv":[4.999,4.999,10.999,6.999],"rotation":90,"texture":"#4"},"down":{"uv":[4.999,4.999,6.999,10.999],"texture":"#4"}}},{"from":[-5.2,6.08,-11.2],"to":[-2.32,9.92,-10.24],"rotation":{"angle":0,"axis":"x","origin":[-3.76,8,-8.32]},"faces":{"north":{"uv":[6,4.999,10,8.999],"rotation":180,"texture":"#0"},"east":{"uv":[2,8,6,10],"rotation":270,"texture":"#0"},"south":{"uv":[0,0,2,2],"texture":"#0"},"west":{"uv":[8.998,8,12.998,10],"rotation":90,"texture":"#0"},"up":{"uv":[10,6,14,7.999],"rotation":180,"texture":"#0"},"down":{"uv":[8,11,12,13],"texture":"#0"}}},{"from":[-5.2,6.08,-6.4],"to":[-2.32,9.92,-5.44],"rotation":{"angle":0,"axis":"x","origin":[-3.76,8,-8.32]},"faces":{"north":{"uv":[0,0,2,2],"rotation":180,"texture":"#0"},"east":{"uv":[1,11,4.999,12.999],"rotation":90,"texture":"#0"},"south":{"uv":[10,12,14,16],"texture":"#0"},"west":{"uv":[0,0,4,2],"rotation":270,"texture":"#0"},"up":{"uv":[8,11,12,13],"texture":"#0"},"down":{"uv":[10,6,14,7.999],"rotation":180,"texture":"#0"}}},{"from":[-5.2,9.92,-10.24],"to":[-2.32,10.88,-6.4],"rotation":{"angle":0,"axis":"x","origin":[-3.76,8,-8.32]},"faces":{"north":{"uv":[8,11,12,13],"rotation":180,"texture":"#0"},"east":{"uv":[4,8,8,10],"rotation":180,"texture":"#0"},"south":{"uv":[10,6,14,7.999],"rotation":180,"texture":"#0"},"west":{"uv":[2,10,6,11.999],"rotation":180,"texture":"#0"},"up":{"uv":[4.999,0,8.999,4],"texture":"#0"},"down":{"uv":[0,0,2,2],"texture":"#0"}}},{"from":[-5.2,5.12,-10.24],"to":[-2.32,6.08,-6.4],"rotation":{"angle":0,"axis":"x","origin":[-3.76,8,-8.32]},"faces":{"north":{"uv":[10,6,14,7.999],"texture":"#0"},"east":{"uv":[12,14,16,15.999],"texture":"#0"},"south":{"uv":[8,11,12,13],"texture":"#0"},"west":{"uv":[12,7,16,8.999],"texture":"#0"},"up":{"uv":[0,0,2,2],"texture":"#0"},"down":{"uv":[12,12,16,16],"texture":"#0"}}},{"from":[-4.72,6.08,-10.24],"to":[-2.8,9.92,-6.4],"rotation":{"angle":0,"axis":"y","origin":[-3.76,8,-8.32]},"faces":{"east":{"uv":[2,2,14,14],"texture":"#1"},"west":{"uv":[2,2,14,14],"texture":"#1"}}},{"from":[-5.2,7.29,-9.03],"to":[-4.72,8.71,-7.61],"rotation":{"angle":0,"axis":"x","origin":[-3.76,8,-8.32]},"faces":{"north":{"uv":[4.999,4.999,6.999,10.999],"texture":"#4"},"east":{"uv":[4.999,4.999,10.999,10.999],"texture":"#4"},"south":{"uv":[4.999,4.999,6.999,10.999],"texture":"#4"},"west":{"uv":[4.999,4.999,10.999,10.999],"texture":"#4"},"up":{"uv":[4.999,4.999,10.999,6.999],"rotation":90,"texture":"#4"},"down":{"uv":[4.999,4.999,6.999,10.999],"texture":"#4"}}},{"name":"Cube","from":[16.30581,13.75756,8.59765],"to":[17.02581,15.37036,9.17365],"rotation":{"angle":-45,"axis":"x","origin":[16.66101,17.33888,8.20193]},"faces":{"north":{"uv":[0,0.75,2.8,0],"rotation":270,"texture":"#2_4"},"east":{"uv":[1,0,0,2.8],"rotation":180,"texture":"#2_4"},"south":{"uv":[0,0.75,2.8,0],"rotation":90,"texture":"#2_4"},"west":{"uv":[1,0,0,2.8],"texture":"#2_4"},"up":{"uv":[0,0.75,1,0],"rotation":90,"texture":"#2_4"},"down":{"uv":[0,0.75,1,0],"rotation":90,"texture":"#2_4"}}},{"name":"Cube","from":[16.30581,15.51436,8.22325],"to":[17.02581,15.94636,9.11605],"rotation":{"angle":-45,"axis":"x","origin":[16.66101,17.33888,8.20193]},"faces":{"north":{"uv":[0,0.75,0.8,0],"rotation":270,"texture":"#2_4"},"east":{"uv":[0.8,0,0,0.8],"rotation":180,"texture":"#2_4"},"south":{"uv":[0,0.75,0.8,0],"rotation":90,"texture":"#2_4"},"west":{"uv":[0.8,0,0,0.8],"texture":"#2_4"},"up":{"uv":[0,0.75,0.8,0],"rotation":90,"texture":"#2_4"},"down":{"uv":[0,0.75,0.8,0],"rotation":90,"texture":"#2_4"}}},{"name":"Cube","from":[16.30581,15.34156,8.65525],"to":[17.02581,15.80236,9.11605],"rotation":{"angle":-45,"axis":"x","origin":[16.66101,17.33888,8.20193]},"faces":{"north":{"uv":[0,0.75,0.8,0],"rotation":270,"texture":"#2_4"},"east":{"uv":[0.8,0,0,0.8],"rotation":180,"texture":"#2_4"},"south":{"uv":[0,0.75,0.8,0],"rotation":90,"texture":"#2_4"},"west":{"uv":[0.8,0,0,0.8],"texture":"#2_4"},"up":{"uv":[0,0.75,0.8,0],"rotation":90,"texture":"#2_4"},"down":{"uv":[0,0.75,0.8,0],"rotation":90,"texture":"#2_4"}}},{"name":"Cube","from":[16.30581,15.6614,8.02705],"to":[17.02581,16.0934,8.91985],"rotation":{"angle":-22.5,"axis":"x","origin":[16.66101,17.33888,8.20193]},"faces":{"north":{"uv":[0,0.75,0.8,0],"rotation":270,"texture":"#2_4"},"east":{"uv":[0.8,0,0,0.8],"rotation":180,"texture":"#2_4"},"south":{"uv":[0,0.75,0.8,0],"rotation":90,"texture":"#2_4"},"west":{"uv":[0.8,0,0,0.8],"texture":"#2_4"},"up":{"uv":[0,0.75,0.8,0],"rotation":90,"texture":"#2_4"},"down":{"uv":[0,0.75,0.8,0],"rotation":90,"texture":"#2_4"}}},{"name":"Cube","from":[16.30581,15.72217,7.7895],"to":[17.02581,16.15417,8.6823],"rotation":{"angle":0,"axis":"y","origin":[16.66101,17.33888,8.20193]},"faces":{"north":{"uv":[0,0.75,0.8,0],"rotation":270,"texture":"#2_4"},"east":{"uv":[0.8,0,0,0.8],"rotation":180,"texture":"#2_4"},"south":{"uv":[0,0.75,0.8,0],"rotation":90,"texture":"#2_4"},"west":{"uv":[0.8,0,0,0.8],"texture":"#2_4"},"up":{"uv":[0,0.75,0.8,0],"rotation":90,"texture":"#2_4"},"down":{"uv":[0,0.75,0.8,0],"rotation":90,"texture":"#2_4"}}},{"name":"Cube","from":[16.30581,15.6298,7.54678],"to":[17.02581,16.177,8.43958],"rotation":{"angle":22.5,"axis":"x","origin":[16.66101,17.33888,8.20193]},"faces":{"north":{"uv":[0,0.75,0.8,0],"rotation":270,"texture":"#2_4"},"east":{"uv":[0.8,0,0,0.8],"rotation":180,"texture":"#2_4"},"south":{"uv":[0,0.75,0.8,0],"rotation":90,"texture":"#2_4"},"west":{"uv":[0.8,0,0,0.8],"texture":"#2_4"},"up":{"uv":[0,0.75,0.8,0],"rotation":90,"texture":"#2_4"},"down":{"uv":[0,0.75,0.8,0],"rotation":90,"texture":"#2_4"}}},{"name":"Cube","from":[16.28181,14.75797,8.08457],"to":[17.00181,19.25077,8.54537],"rotation":{"angle":45,"axis":"x","origin":[16.66101,17.33888,8.20193]},"faces":{"north":{"uv":[0,0.75,7.8,0],"rotation":270,"texture":"#2_4"},"east":{"uv":[0.8,0,0,7.8],"rotation":180,"texture":"#2_4"},"south":{"uv":[0,0.75,7.8,0],"rotation":90,"texture":"#2_4"},"west":{"uv":[0.8,0,0,7.8],"texture":"#2_4"},"up":{"uv":[0,0.75,0.8,0],"rotation":90,"texture":"#2_4"},"down":{"uv":[0,0.75,0.8,0],"rotation":90,"texture":"#2_4"}}},{"name":"Cube","from":[16.28181,16.41944,10.08078],"to":[17.00181,17.74424,10.68558],"rotation":{"angle":-45,"axis":"x","origin":[16.66101,17.33888,8.20193]},"faces":{"north":{"uv":[0,0.75,7.8,0],"rotation":270,"texture":"#2_4"},"east":{"uv":[0.8,0,0,7.8],"rotation":180,"texture":"#2_4"},"south":{"uv":[0,0.75,7.8,0],"rotation":90,"texture":"#2_4"},"west":{"uv":[0.8,0,0,7.8],"texture":"#2_4"},"up":{"uv":[0,0.75,0.8,0],"rotation":90,"texture":"#2_4"},"down":{"uv":[0,0.75,0.8,0],"rotation":90,"texture":"#2_4"}}},{"name":"Cube","from":[16.28181,18.95406,9.24385],"to":[17.00181,19.38172,9.6715],"rotation":{"angle":0,"axis":"y","origin":[16.66101,17.33888,8.20193]},"faces":{"north":{"uv":[0,0.75,7.8,0],"rotation":270,"texture":"#2_4"},"east":{"uv":[0.8,0,0,7.8],"rotation":180,"texture":"#2_4"},"south":{"uv":[0,0.75,7.8,0],"rotation":90,"texture":"#2_4"},"west":{"uv":[0.8,0,0,7.8],"texture":"#2_4"},"up":{"uv":[0,0.75,0.8,0],"rotation":90,"texture":"#2_4"},"down":{"uv":[0,0.75,0.8,0],"rotation":90,"texture":"#2_4"}}},{"name":"Cube","from":[16.30581,15.50918,7.31381],"to":[17.02581,16.052,8.22865],"rotation":{"angle":45,"axis":"x","origin":[16.66101,17.33888,8.20193]},"faces":{"north":{"uv":[0,0.75,0.8,0],"rotation":270,"texture":"#2_4"},"east":{"uv":[0.8,0,0,0.8],"rotation":180,"texture":"#2_4"},"south":{"uv":[0,0.75,0.8,0],"rotation":90,"texture":"#2_4"},"west":{"uv":[0.8,0,0,0.8],"texture":"#2_4"},"up":{"uv":[0,0.75,0.8,0],"rotation":90,"texture":"#2_4"},"down":{"uv":[0,0.75,0.8,0],"rotation":90,"texture":"#2_4"}}},{"name":"Cube","from":[16.30581,17.45921,6.17164],"to":[17.02581,18.06401,6.71884],"rotation":{"angle":-22.5,"axis":"x","origin":[16.66101,17.33888,8.20193]},"faces":{"north":{"uv":[0,0.75,0.8,0],"rotation":270,"texture":"#2_4"},"east":{"uv":[0,0.8,0.8,0],"rotation":270,"texture":"#2_4"},"south":{"uv":[0,0.75,0.8,0],"rotation":90,"texture":"#2_4"},"west":{"uv":[0,0.8,0.8,0],"rotation":270,"texture":"#2_4"},"up":{"uv":[0,0.75,0.8,0],"rotation":90,"texture":"#2_4"},"down":{"uv":[0,0.75,0.8,0],"rotation":90,"texture":"#2_4"}}},{"name":"Cube","from":[16.30581,17.25389,6.10191],"to":[17.02581,17.85869,6.53391],"rotation":{"angle":0,"axis":"y","origin":[16.66101,17.33888,8.20193]},"faces":{"north":{"uv":[0,0.75,0.8,0],"rotation":270,"texture":"#2_4"},"east":{"uv":[0,0.8,0.8,0],"rotation":270,"texture":"#2_4"},"south":{"uv":[0,0.75,0.8,0],"rotation":90,"texture":"#2_4"},"west":{"uv":[0,0.8,0.8,0],"rotation":270,"texture":"#2_4"},"up":{"uv":[0,0.75,0.8,0],"rotation":90,"texture":"#2_4"},"down":{"uv":[0,0.75,0.8,0],"rotation":90,"texture":"#2_4"}}},{"name":"Cube","from":[16.30581,17.01548,6.12044],"to":[17.02581,18.19628,6.43724],"rotation":{"angle":22.5,"axis":"x","origin":[16.66101,17.33888,8.20193]},"faces":{"north":{"uv":[0,0.75,0.8,0],"rotation":270,"texture":"#2_4"},"east":{"uv":[0,0.8,0.8,0],"rotation":270,"texture":"#2_4"},"south":{"uv":[0,0.75,0.8,0],"rotation":90,"texture":"#2_4"},"west":{"uv":[0,0.8,0.8,0],"rotation":270,"texture":"#2_4"},"up":{"uv":[0,0.75,0.8,0],"rotation":90,"texture":"#2_4"},"down":{"uv":[0,0.75,0.8,0],"rotation":90,"texture":"#2_4"}}},{"name":"Cube","from":[16.30581,17.33446,5.95077],"to":[17.02581,18.22726,6.26757],"rotation":{"angle":45,"axis":"x","origin":[16.66101,17.33888,8.20193]},"faces":{"north":{"uv":[0,0.75,0.8,0],"rotation":270,"texture":"#2_4"},"east":{"uv":[0,0.8,0.8,0],"rotation":270,"texture":"#2_4"},"south":{"uv":[0,0.75,0.8,0],"rotation":90,"texture":"#2_4"},"west":{"uv":[0,0.8,0.8,0],"rotation":270,"texture":"#2_4"},"up":{"uv":[0,0.75,0.8,0],"rotation":90,"texture":"#2_4"},"down":{"uv":[0,0.75,0.8,0],"rotation":90,"texture":"#2_4"}}},{"name":"Cube","from":[16.30581,19.48258,8.12048],"to":[17.02581,19.68418,8.72528],"rotation":{"angle":-22.5,"axis":"x","origin":[16.66101,17.33888,8.20193]},"faces":{"north":{"uv":[0,0.75,0.8,0],"rotation":270,"texture":"#2_4"},"east":{"uv":[0.8,0,0,0.8],"texture":"#2_4"},"south":{"uv":[0,0.75,0.8,0],"rotation":90,"texture":"#2_4"},"west":{"uv":[0.8,0,0,0.8],"rotation":180,"texture":"#2_4"},"up":{"uv":[0,0.75,0.8,0],"rotation":90,"texture":"#2_4"},"down":{"uv":[0,0.75,0.8,0],"rotation":90,"texture":"#2_4"}}},{"name":"octagon","from":[3.69908,14.72,0.224],"to":[10.14092,20,1.7792],"rotation":{"angle":45,"axis":"y","origin":[6.92,16.64,8]},"faces":{"north":{"uv":[0,0,6.44184,5.28],"texture":"#2"},"east":{"uv":[0,0,1.5552,5.28],"texture":"#2"},"south":{"uv":[0,0,6.44184,5.28],"texture":"#2"},"west":{"uv":[0,0,1.5552,5.28],"texture":"#2"},"up":{"uv":[0,0,6.44184,1.5552],"texture":"#2"},"down":{"uv":[0,0,6.44184,1.5552],"texture":"#2"}}},{"name":"octagon","from":[6.33908,14.72,1.664],"to":[10.62092,20,3.9392],"rotation":{"angle":45,"axis":"y","origin":[7.4,16.64,9.44]},"faces":{"north":{"uv":[0,0,4.28184,5.28],"texture":"#2"},"east":{"uv":[0,0,2.2752,5.28],"texture":"#2"},"up":{"uv":[0,0,4.28184,2.2752],"texture":"#2"},"down":{"uv":[0,0,4.28184,2.2752],"texture":"#2"}}},{"name":"octagon","from":[3.69908,14.72,0.224],"to":[12.30092,20,1.7792],"rotation":{"angle":0,"axis":"y","origin":[9.08,16.64,8]},"faces":{"north":{"uv":[0,0,8.60184,5.28],"texture":"#2"},"east":{"uv":[0,0,1.5552,5.28],"texture":"#2"},"south":{"uv":[0,0,8.60184,5.28],"texture":"#2"},"west":{"uv":[0,0,1.5552,5.28],"texture":"#2"},"up":{"uv":[0,0,8.60184,1.5552],"texture":"#2"},"down":{"uv":[0,0,8.60184,1.5552],"texture":"#2"}}},{"name":"octagon","from":[4.17908,14.72,1.664],"to":[11.82092,20,4.8992],"rotation":{"angle":0,"axis":"y","origin":[9.08,16.64,9.44]},"faces":{"north":{"uv":[0,0,7.64184,5.28],"texture":"#2"},"east":{"uv":[0,0,3.2352,5.28],"texture":"#2"},"south":{"uv":[0,0,7.64184,5.28],"texture":"#2"},"west":{"uv":[0,0,3.2352,5.28],"texture":"#2"},"up":{"uv":[0,0,7.64184,3.2352],"texture":"#2"},"down":{"uv":[0,0,7.64184,3.2352],"texture":"#2"}}},{"name":"octagon","from":[5.85908,16.22,18.5216],"to":[12.30092,18.56,21.9968],"rotation":{"angle":45,"axis":"y","origin":[9.08,16.64,14.2208]},"faces":{"north":{"uv":[0,0,6.44184,2.34],"texture":"#2"},"east":{"uv":[0,0,3.4752,2.34],"texture":"#2"},"south":{"uv":[0,0,6.44184,2.34],"texture":"#2"},"west":{"uv":[0,0,3.4752,2.34],"texture":"#2"},"up":{"uv":[0,0,6.44184,3.4752],"texture":"#2"},"down":{"uv":[0,0,6.44184,3.4752],"texture":"#2"}}},{"name":"octagon","from":[3.69908,16.22,18.5216],"to":[10.14092,18.56,21.9968],"rotation":{"angle":-45,"axis":"y","origin":[6.92,16.64,14.2208]},"faces":{"north":{"uv":[0,0,6.44184,2.34],"texture":"#2"},"east":{"uv":[0,0,3.4752,2.34],"texture":"#2"},"south":{"uv":[0,0,6.44184,2.34],"texture":"#2"},"west":{"uv":[0,0,3.4752,2.34],"texture":"#2"},"up":{"uv":[0,0,6.44184,3.4752],"texture":"#2"},"down":{"uv":[0,0,6.44184,3.4752],"texture":"#2"}}},{"name":"octagon","from":[3.69908,16.22,14.6816],"to":[12.30092,18.56,21.9968],"rotation":{"angle":0,"axis":"y","origin":[9.08,16.64,14.2208]},"faces":{"north":{"uv":[0,0,8.60184,2.34],"texture":"#2"},"east":{"uv":[0,0,7.3152,2.34],"texture":"#2"},"south":{"uv":[0,0,8.60184,2.34],"texture":"#2"},"west":{"uv":[0,0,7.3152,2.34],"texture":"#2"},"up":{"uv":[0,0,8.60184,7.3152],"texture":"#2"},"down":{"uv":[0,0,8.60184,7.3152],"texture":"#2"}}},{"name":"octagon","from":[3.69908,18.33146,15.3272],"to":[12.30092,19.88666,19.1672],"rotation":{"angle":22.5,"axis":"x","origin":[9.08,12.11066,17.2472]},"faces":{"north":{"uv":[0,0,8.60184,1.5552],"rotation":180,"texture":"#2"},"east":{"uv":[0,0,1.5552,3.84],"rotation":90,"texture":"#2"},"south":{"uv":[0,0,8.60184,1.5552],"texture":"#2"},"west":{"uv":[0,0,1.5552,3.84],"rotation":270,"texture":"#2"},"up":{"uv":[0,0,8.60184,3.84],"texture":"#2"},"down":{"uv":[0,0,8.60184,3.84],"rotation":180,"texture":"#2"}}},{"name":"octagon","from":[3.69908,14.82538,15.33508],"to":[12.30092,16.38058,19.17508],"rotation":{"angle":-22.5,"axis":"x","origin":[9.08,22.60138,17.25508]},"faces":{"north":{"uv":[0,0,8.60184,1.5552],"rotation":180,"texture":"#2"},"east":{"uv":[0,0,1.5552,3.84],"rotation":90,"texture":"#2"},"south":{"uv":[0,0,8.60184,1.5552],"texture":"#2"},"west":{"uv":[0,0,1.5552,3.84],"rotation":270,"texture":"#2"},"up":{"uv":[0,0,8.60184,3.84],"rotation":180,"texture":"#2"},"down":{"uv":[0,0,8.60184,3.84],"texture":"#2"}}},{"name":"octagon","from":[3.69908,18.4448,17.44172],"to":[12.30092,20,18.40172],"rotation":{"angle":0,"axis":"x","origin":[8,19.2224,19.36172]},"faces":{"north":{"uv":[0,0,8.60184,1.5552],"rotation":180,"texture":"#2"},"east":{"uv":[0,0,1.5552,0.96],"rotation":90,"texture":"#2"},"south":{"uv":[0,0,8.60184,1.5552],"texture":"#2"},"west":{"uv":[0,0,1.5552,0.96],"rotation":270,"texture":"#2"},"up":{"uv":[0,0,8.60184,0.96],"texture":"#2"},"down":{"uv":[0,0,8.60184,0.96],"rotation":180,"texture":"#2"}}},{"name":"octagon","from":[3.69908,14.71204,17.4496],"to":[12.30092,16.26724,18.4096],"rotation":{"angle":0,"axis":"x","origin":[8,15.48964,19.3696]},"faces":{"north":{"uv":[0,0,8.60184,1.5552],"rotation":180,"texture":"#2"},"east":{"uv":[0,0,1.5552,0.96],"rotation":90,"texture":"#2"},"south":{"uv":[0,0,8.60184,1.5552],"texture":"#2"},"west":{"uv":[0,0,1.5552,0.96],"rotation":270,"texture":"#2"},"up":{"uv":[0,0,8.60184,0.96],"rotation":180,"texture":"#2"},"down":{"uv":[0,0,8.60184,0.96],"texture":"#2"}}},{"name":"octagon","from":[-0.856,14.72,4.77908],"to":[0.6992,18.56,17.44172],"rotation":{"angle":0,"axis":"y","origin":[6.92,16.64,8]},"faces":{"north":{"uv":[0,0,1.5552,3.84],"texture":"#2"},"east":{"uv":[0,0,12.66264,3.84],"texture":"#2"},"south":{"uv":[0,0,1.5552,3.84],"texture":"#2"},"west":{"uv":[0,0,12.66264,3.84],"texture":"#2"},"up":{"uv":[0,0,1.5552,12.66264],"texture":"#2"},"down":{"uv":[0,0,1.5552,12.66264],"texture":"#2"}}},{"name":"octagon","from":[-0.856,14.72,4.77908],"to":[8.024,15.2,17.44172],"rotation":{"angle":0,"axis":"y","origin":[6.92,12.8,8]},"faces":{"north":{"uv":[0,0,8.88,0.48],"texture":"#2"},"east":{"uv":[0,0,12.66264,0.48],"texture":"#2"},"south":{"uv":[0,0,8.88,0.48],"texture":"#2"},"west":{"uv":[0,0,12.66264,0.48],"texture":"#2"},"up":{"uv":[0,0,8.88,12.66264],"texture":"#2_3"},"down":{"uv":[0,0,8.88,12.66264],"texture":"#2"}}},{"name":"octagon","from":[12.726,18.56,4.77908],"to":[14.481,20,11.81672],"rotation":{"angle":0,"axis":"y","origin":[9.08,16.64,8]},"faces":{"north":{"uv":[0,0,1.505,1.44],"texture":"#2"},"east":{"uv":[0,0,7.03764,1.44],"texture":"#2"},"south":{"uv":[0,0,1.505,1.44],"texture":"#2"},"west":{"uv":[0,0,7.03764,1.44],"texture":"#2"},"up":{"uv":[0,0,1.505,7.03764],"texture":"#2"},"down":{"uv":[0,0,1.505,7.03764],"texture":"#2"}}},{"name":"octagon","from":[1.519,18.56,4.77908],"to":[3.274,20,11.81672],"rotation":{"angle":0,"axis":"y","origin":[6.92,16.64,8]},"faces":{"north":{"uv":[1.505,0,0,1.44],"texture":"#2"},"east":{"uv":[7.03764,0,0,1.44],"texture":"#2"},"south":{"uv":[1.505,0,0,1.44],"texture":"#2"},"west":{"uv":[7.03764,0,0,1.44],"texture":"#2"},"up":{"uv":[1.505,0,0,7.03764],"texture":"#2"},"down":{"uv":[1.505,0,0,7.03764],"texture":"#2"}}},{"name":"octagon","from":[7.976,18.56,11.77908],"to":[14.481,20,17.44172],"rotation":{"angle":0,"axis":"y","origin":[9.08,16.64,8]},"faces":{"north":{"uv":[0,0,6.505,1.44],"texture":"#2"},"east":{"uv":[0,0,5.66264,1.44],"texture":"#2"},"south":{"uv":[0,0,6.505,1.44],"texture":"#2"},"west":{"uv":[0,0,5.66264,1.44],"texture":"#2"},"up":{"uv":[0,0,6.505,5.66264],"texture":"#2"},"down":{"uv":[0,0,6.505,5.66264],"texture":"#2"}}},{"name":"octagon","from":[1.519,18.56,11.77908],"to":[8.024,20,17.44172],"rotation":{"angle":0,"axis":"y","origin":[6.92,16.64,8]},"faces":{"north":{"uv":[0,0,6.505,1.44],"texture":"#2"},"east":{"uv":[0,0,5.66264,1.44],"texture":"#2"},"south":{"uv":[0,0,6.505,1.44],"texture":"#2"},"west":{"uv":[0,0,5.66264,1.44],"texture":"#2"},"up":{"uv":[0,0,6.505,5.66264],"texture":"#2"},"down":{"uv":[0,0,6.505,5.66264],"texture":"#2"}}},{"name":"octagon","from":[0.519,15.06,16.69172],"to":[7.024,16.5,17.44172],"rotation":{"angle":0,"axis":"y","origin":[5.92,13.14,8]},"faces":{"north":{"uv":[0,0,6.505,1.44],"texture":"#2"},"east":{"uv":[0,0,0.75,1.44],"texture":"#2"},"south":{"uv":[0,0,6.505,1.44],"texture":"#2"},"west":{"uv":[0,0,0.75,1.44],"texture":"#2"},"up":{"uv":[0,0,6.505,0.75],"texture":"#2"},"down":{"uv":[0,0,6.505,0.75],"texture":"#2"}}},{"name":"octagon","from":[8.976,15.06,16.69172],"to":[15.481,16.5,17.44172],"rotation":{"angle":0,"axis":"y","origin":[10.08,13.14,8]},"faces":{"north":{"uv":[0,0,6.505,1.44],"texture":"#2"},"east":{"uv":[0,0,0.75,1.44],"texture":"#2"},"south":{"uv":[0,0,6.505,1.44],"texture":"#2"},"west":{"uv":[0,0,0.75,1.44],"texture":"#2"},"up":{"uv":[0,0,6.505,0.75],"texture":"#2"},"down":{"uv":[0,0,6.505,0.75],"texture":"#2"}}},{"name":"octagon","from":[14.476,18.56,4.77908],"to":[16.856,20,17.44172],"rotation":{"angle":0,"axis":"y","origin":[9.08,16.64,8]},"faces":{"north":{"uv":[0,0,2.38,1.44],"texture":"#2"},"east":{"uv":[0,0,12.66264,1.44],"texture":"#2"},"south":{"uv":[0,0,2.38,1.44],"texture":"#2"},"west":{"uv":[0,0,12.66264,1.44],"texture":"#2"},"up":{"uv":[0,0,2.38,12.66264],"texture":"#2"},"down":{"uv":[0,0,2.38,12.66264],"texture":"#2"}}},{"name":"octagon","from":[-0.856,18.56,4.77908],"to":[1.524,20,17.44172],"rotation":{"angle":0,"axis":"y","origin":[6.92,16.64,8]},"faces":{"north":{"uv":[0,0,2.38,1.44],"texture":"#2"},"east":{"uv":[0,0,12.66264,1.44],"texture":"#2"},"south":{"uv":[0,0,2.38,1.44],"texture":"#2"},"west":{"uv":[0,0,12.66264,1.44],"texture":"#2"},"up":{"uv":[0,0,2.38,12.66264],"texture":"#2"},"down":{"uv":[0,0,2.38,12.66264],"texture":"#2"}}},{"name":"octagon","from":[7.976,14.72,4.77908],"to":[16.856,15.2,17.44172],"rotation":{"angle":0,"axis":"y","origin":[9.08,12.8,8]},"faces":{"north":{"uv":[0,0,8.88,0.48],"texture":"#2"},"east":{"uv":[0,0,12.66264,0.48],"texture":"#2"},"south":{"uv":[0,0,8.88,0.48],"texture":"#2"},"west":{"uv":[0,0,12.66264,0.48],"texture":"#2"},"up":{"uv":[0,0,8.88,12.66264],"texture":"#2_3"},"down":{"uv":[0,0,8.88,12.66264],"texture":"#2"}}},{"name":"octagon","from":[15.3008,14.72,4.77908],"to":[16.856,20,11.22092],"rotation":{"angle":45,"axis":"y","origin":[9.08,16.64,8]},"faces":{"north":{"uv":[0,0,1.5552,5.28],"texture":"#2"},"east":{"uv":[0,0,6.44184,5.28],"texture":"#2"},"south":{"uv":[0,0,1.5552,5.28],"texture":"#2"},"west":{"uv":[0,0,6.44184,5.28],"texture":"#2"},"up":{"uv":[0,0,1.5552,6.44184],"texture":"#2"},"down":{"uv":[0,0,1.5552,6.44184],"texture":"#2"}}},{"name":"octagon","from":[14.1008,14.72,6.21908],"to":[16.376,20,10.50092],"rotation":{"angle":45,"axis":"y","origin":[8.6,16.64,9.44]},"faces":{"north":{"uv":[0,0,2.2752,5.28],"texture":"#2"},"east":{"uv":[0,0,4.28184,5.28],"texture":"#2"},"up":{"uv":[0,0,2.2752,4.28184],"texture":"#2"},"down":{"uv":[0,0,2.2752,4.28184],"texture":"#2"}}},{"name":"octagon","from":[15.3008,14.72,4.77908],"to":[16.856,18.56,17.44172],"rotation":{"angle":0,"axis":"y","origin":[9.08,16.64,8]},"faces":{"north":{"uv":[0,0,1.5552,3.84],"texture":"#2"},"east":{"uv":[0,0,12.66264,3.84],"texture":"#2"},"south":{"uv":[0,0,1.5552,3.84],"texture":"#2"},"west":{"uv":[0,0,12.66264,3.84],"texture":"#2"},"up":{"uv":[0,0,1.5552,12.66264],"texture":"#2"},"down":{"uv":[0,0,1.5552,12.66264],"texture":"#2"}}},{"name":"Cube","from":[-1.01621,13.75756,7.23021],"to":[-0.29621,15.37036,7.80621],"rotation":{"angle":45,"axis":"x","origin":[-0.66101,17.33888,8.20193]},"faces":{"north":{"uv":[0,0,2.8,0.75],"rotation":90,"texture":"#2_4"},"east":{"uv":[0,0,1,2.8],"rotation":180,"texture":"#2_4"},"south":{"uv":[0,0,2.8,0.75],"rotation":270,"texture":"#2_4"},"west":{"uv":[0,0,1,2.8],"texture":"#2_4"},"up":{"uv":[0,0,1,0.75],"rotation":270,"texture":"#2_4"},"down":{"uv":[0,0,1,0.75],"rotation":270,"texture":"#2_4"}}},{"name":"Cube","from":[-1.01621,15.51436,7.28781],"to":[-0.29621,15.94636,8.18061],"rotation":{"angle":45,"axis":"x","origin":[-0.66101,17.33888,8.20193]},"faces":{"north":{"uv":[0,0,0.8,0.75],"rotation":90,"texture":"#2_4"},"east":{"uv":[0,0,0.8,0.8],"rotation":180,"texture":"#2_4"},"south":{"uv":[0,0,0.8,0.75],"rotation":270,"texture":"#2_4"},"west":{"uv":[0,0,0.8,0.8],"texture":"#2_4"},"up":{"uv":[0,0,0.8,0.75],"rotation":270,"texture":"#2_4"},"down":{"uv":[0,0,0.8,0.75],"rotation":270,"texture":"#2_4"}}},{"name":"Cube","from":[-1.01621,15.34156,7.28781],"to":[-0.29621,15.80236,7.74861],"rotation":{"angle":45,"axis":"x","origin":[-0.66101,17.33888,8.20193]},"faces":{"north":{"uv":[0,0,0.8,0.75],"rotation":90,"texture":"#2_4"},"east":{"uv":[0,0,0.8,0.8],"rotation":180,"texture":"#2_4"},"south":{"uv":[0,0,0.8,0.75],"rotation":270,"texture":"#2_4"},"west":{"uv":[0,0,0.8,0.8],"texture":"#2_4"},"up":{"uv":[0,0,0.8,0.75],"rotation":270,"texture":"#2_4"},"down":{"uv":[0,0,0.8,0.75],"rotation":270,"texture":"#2_4"}}},{"name":"Cube","from":[-1.01621,15.6614,7.48402],"to":[-0.29621,16.0934,8.37682],"rotation":{"angle":22.5,"axis":"x","origin":[-0.66101,17.33888,8.20193]},"faces":{"north":{"uv":[0,0,0.8,0.75],"rotation":90,"texture":"#2_4"},"east":{"uv":[0,0,0.8,0.8],"rotation":180,"texture":"#2_4"},"south":{"uv":[0,0,0.8,0.75],"rotation":270,"texture":"#2_4"},"west":{"uv":[0,0,0.8,0.8],"texture":"#2_4"},"up":{"uv":[0,0,0.8,0.75],"rotation":270,"texture":"#2_4"},"down":{"uv":[0,0,0.8,0.75],"rotation":270,"texture":"#2_4"}}},{"name":"Cube","from":[-1.01621,15.72217,7.72156],"to":[-0.29621,16.15417,8.61436],"rotation":{"angle":0,"axis":"y","origin":[-0.66101,17.33888,8.20193]},"faces":{"north":{"uv":[0,0,0.8,0.75],"rotation":90,"texture":"#2_4"},"east":{"uv":[0,0,0.8,0.8],"rotation":180,"texture":"#2_4"},"south":{"uv":[0,0,0.8,0.75],"rotation":270,"texture":"#2_4"},"west":{"uv":[0,0,0.8,0.8],"texture":"#2_4"},"up":{"uv":[0,0,0.8,0.75],"rotation":270,"texture":"#2_4"},"down":{"uv":[0,0,0.8,0.75],"rotation":270,"texture":"#2_4"}}},{"name":"Cube","from":[-1.01621,15.6298,7.96428],"to":[-0.29621,16.177,8.85708],"rotation":{"angle":-22.5,"axis":"x","origin":[-0.66101,17.33888,8.20193]},"faces":{"north":{"uv":[0,0,0.8,0.75],"rotation":90,"texture":"#2_4"},"east":{"uv":[0,0,0.8,0.8],"rotation":180,"texture":"#2_4"},"south":{"uv":[0,0,0.8,0.75],"rotation":270,"texture":"#2_4"},"west":{"uv":[0,0,0.8,0.8],"texture":"#2_4"},"up":{"uv":[0,0,0.8,0.75],"rotation":270,"texture":"#2_4"},"down":{"uv":[0,0,0.8,0.75],"rotation":270,"texture":"#2_4"}}},{"name":"Cube","from":[-1.04021,14.75797,7.85849],"to":[-0.32021,19.25077,8.31929],"rotation":{"angle":-45,"axis":"x","origin":[-0.66101,17.33888,8.20193]},"faces":{"north":{"uv":[0,0,7.8,0.75],"rotation":90,"texture":"#2_4"},"east":{"uv":[0,0,0.8,7.8],"rotation":180,"texture":"#2_4"},"south":{"uv":[0,0,7.8,0.75],"rotation":270,"texture":"#2_4"},"west":{"uv":[0,0,0.8,7.8],"texture":"#2_4"},"up":{"uv":[0,0,0.8,0.75],"rotation":270,"texture":"#2_4"},"down":{"uv":[0,0,0.8,0.75],"rotation":270,"texture":"#2_4"}}},{"name":"Cube","from":[-1.04021,16.41944,5.71828],"to":[-0.32021,17.74424,6.32308],"rotation":{"angle":45,"axis":"x","origin":[-0.66101,17.33888,8.20193]},"faces":{"north":{"uv":[0,0,7.8,0.75],"rotation":90,"texture":"#2_4"},"east":{"uv":[0,0,0.8,7.8],"rotation":180,"texture":"#2_4"},"south":{"uv":[0,0,7.8,0.75],"rotation":270,"texture":"#2_4"},"west":{"uv":[0,0,0.8,7.8],"texture":"#2_4"},"up":{"uv":[0,0,0.8,0.75],"rotation":270,"texture":"#2_4"},"down":{"uv":[0,0,0.8,0.75],"rotation":270,"texture":"#2_4"}}},{"name":"Cube","from":[-1.04021,18.95406,6.73236],"to":[-0.32021,19.38172,7.16002],"rotation":{"angle":0,"axis":"y","origin":[-0.66101,17.33888,8.20193]},"faces":{"north":{"uv":[0,0,7.8,0.75],"rotation":90,"texture":"#2_4"},"east":{"uv":[0,0,0.8,7.8],"rotation":180,"texture":"#2_4"},"south":{"uv":[0,0,7.8,0.75],"rotation":270,"texture":"#2_4"},"west":{"uv":[0,0,0.8,7.8],"texture":"#2_4"},"up":{"uv":[0,0,0.8,0.75],"rotation":270,"texture":"#2_4"},"down":{"uv":[0,0,0.8,0.75],"rotation":270,"texture":"#2_4"}}},{"name":"Cube","from":[-1.01621,15.50918,8.17521],"to":[-0.29621,16.052,9.09006],"rotation":{"angle":-45,"axis":"x","origin":[-0.66101,17.33888,8.20193]},"faces":{"north":{"uv":[0,0,0.8,0.75],"rotation":90,"texture":"#2_4"},"east":{"uv":[0,0,0.8,0.8],"rotation":180,"texture":"#2_4"},"south":{"uv":[0,0,0.8,0.75],"rotation":270,"texture":"#2_4"},"west":{"uv":[0,0,0.8,0.8],"texture":"#2_4"},"up":{"uv":[0,0,0.8,0.75],"rotation":270,"texture":"#2_4"},"down":{"uv":[0,0,0.8,0.75],"rotation":270,"texture":"#2_4"}}},{"name":"Cube","from":[-1.01621,17.45921,9.68502],"to":[-0.29621,18.06401,10.23222],"rotation":{"angle":22.5,"axis":"x","origin":[-0.66101,17.33888,8.20193]},"faces":{"north":{"uv":[0,0,0.8,0.75],"rotation":90,"texture":"#2_4"},"east":{"uv":[0,0,0.8,0.8],"rotation":270,"texture":"#2_4"},"south":{"uv":[0,0,0.8,0.75],"rotation":270,"texture":"#2_4"},"west":{"uv":[0,0,0.8,0.8],"rotation":270,"texture":"#2_4"},"up":{"uv":[0,0,0.8,0.75],"rotation":270,"texture":"#2_4"},"down":{"uv":[0,0,0.8,0.75],"rotation":270,"texture":"#2_4"}}},{"name":"Cube","from":[-1.01621,17.25389,9.86995],"to":[-0.29621,17.85869,10.30195],"rotation":{"angle":0,"axis":"y","origin":[-0.66101,17.33888,8.20193]},"faces":{"north":{"uv":[0,0,0.8,0.75],"rotation":90,"texture":"#2_4"},"east":{"uv":[0,0,0.8,0.8],"rotation":270,"texture":"#2_4"},"south":{"uv":[0,0,0.8,0.75],"rotation":270,"texture":"#2_4"},"west":{"uv":[0,0,0.8,0.8],"rotation":270,"texture":"#2_4"},"up":{"uv":[0,0,0.8,0.75],"rotation":270,"texture":"#2_4"},"down":{"uv":[0,0,0.8,0.75],"rotation":270,"texture":"#2_4"}}},{"name":"Cube","from":[-1.01621,17.01548,9.96662],"to":[-0.29621,18.19628,10.28342],"rotation":{"angle":-22.5,"axis":"x","origin":[-0.66101,17.33888,8.20193]},"faces":{"north":{"uv":[0,0,0.8,0.75],"rotation":90,"texture":"#2_4"},"east":{"uv":[0,0,0.8,0.8],"rotation":270,"texture":"#2_4"},"south":{"uv":[0,0,0.8,0.75],"rotation":270,"texture":"#2_4"},"west":{"uv":[0,0,0.8,0.8],"rotation":270,"texture":"#2_4"},"up":{"uv":[0,0,0.8,0.75],"rotation":270,"texture":"#2_4"},"down":{"uv":[0,0,0.8,0.75],"rotation":270,"texture":"#2_4"}}},{"name":"Cube","from":[-1.01621,17.33446,10.13629],"to":[-0.29621,18.22726,10.45309],"rotation":{"angle":-45,"axis":"x","origin":[-0.66101,17.33888,8.20193]},"faces":{"north":{"uv":[0,0,0.8,0.75],"rotation":90,"texture":"#2_4"},"east":{"uv":[0,0,0.8,0.8],"rotation":270,"texture":"#2_4"},"south":{"uv":[0,0,0.8,0.75],"rotation":270,"texture":"#2_4"},"west":{"uv":[0,0,0.8,0.8],"rotation":270,"texture":"#2_4"},"up":{"uv":[0,0,0.8,0.75],"rotation":270,"texture":"#2_4"},"down":{"uv":[0,0,0.8,0.75],"rotation":270,"texture":"#2_4"}}},{"name":"Cube","from":[-1.01621,19.48258,7.67858],"to":[-0.29621,19.68418,8.28338],"rotation":{"angle":22.5,"axis":"x","origin":[-0.66101,17.33888,8.20193]},"faces":{"north":{"uv":[0,0,0.8,0.75],"rotation":90,"texture":"#2_4"},"east":{"uv":[0,0,0.8,0.8],"texture":"#2_4"},"south":{"uv":[0,0,0.8,0.75],"rotation":270,"texture":"#2_4"},"west":{"uv":[0,0,0.8,0.8],"rotation":180,"texture":"#2_4"},"up":{"uv":[0,0,0.8,0.75],"rotation":270,"texture":"#2_4"},"down":{"uv":[0,0,0.8,0.75],"rotation":270,"texture":"#2_4"}}},{"from":[4.025,15,4.175],"to":[11.975,20,5.375],"rotation":{"angle":0,"axis":"y","origin":[8.02613,19.25416,8.99699]},"faces":{"north":{"uv":[0,0,16,16],"texture":"#2_3"},"east":{"uv":[0,0,16,16],"texture":"#2_3"},"south":{"uv":[0,0,16,16],"texture":"#2_3"},"west":{"uv":[0,0,16,16],"texture":"#2_3"},"up":{"uv":[0,0,16,16],"texture":"#2_3"},"down":{"uv":[0,0,16,16],"texture":"#2_3"}}},{"from":[4.025,15,12.575],"to":[11.975,20,13.775],"rotation":{"angle":0,"axis":"y","origin":[8.02613,19.25416,8.99699]},"faces":{"north":{"uv":[0,0,16,16],"texture":"#2_3"},"east":{"uv":[0,0,16,16],"texture":"#2_3"},"south":{"uv":[0,0,16,16],"texture":"#2_3"},"west":{"uv":[0,0,16,16],"texture":"#2_3"},"up":{"uv":[0,0,16,16],"texture":"#2_3"},"down":{"uv":[0,0,16,16],"texture":"#2_3"}}},{"from":[3.2,15,5],"to":[4.4,20,12.95],"rotation":{"angle":0,"axis":"y","origin":[8.02613,19.25416,9.10949]},"faces":{"north":{"uv":[0,0,16,16],"texture":"#2_3"},"east":{"uv":[0,0,16,16],"texture":"#2_3"},"south":{"uv":[0,0,16,16],"texture":"#2_3"},"west":{"uv":[0,0,16,16],"texture":"#2_3"},"up":{"uv":[0,0,16,16],"texture":"#2_3"},"down":{"uv":[0,0,16,16],"texture":"#2_3"}}},{"from":[11.6,15,5],"to":[12.8,20,12.95],"rotation":{"angle":0,"axis":"y","origin":[16.42613,19.25416,9.10949]},"faces":{"north":{"uv":[0,0,16,16],"texture":"#2_3"},"east":{"uv":[0,0,16,16],"texture":"#2_3"},"south":{"uv":[0,0,16,16],"texture":"#2_3"},"west":{"uv":[0,0,16,16],"texture":"#2_3"},"up":{"uv":[0,0,16,16],"texture":"#2_3"},"down":{"uv":[0,0,16,16],"texture":"#2_3"}}},{"from":[4.025,20,4.175],"to":[11.975,21.5,5.375],"rotation":{"angle":0,"axis":"y","origin":[8.02613,20.75416,8.99699]},"faces":{"north":{"uv":[16,0,0,2],"texture":"#1"},"east":{"uv":[2,0,0,2],"texture":"#1"},"south":{"uv":[16,0,0,2],"texture":"#1"},"west":{"uv":[2,0,0,2],"texture":"#1"},"up":{"uv":[16,0,0,2],"rotation":180,"texture":"#1"},"down":{"uv":[16,0,0,2],"texture":"#1"}}},{"from":[4.025,20,12.575],"to":[11.975,21.5,13.775],"rotation":{"angle":0,"axis":"y","origin":[8.02613,20.75416,8.99699]},"faces":{"north":{"uv":[16,0,0,2],"texture":"#1"},"east":{"uv":[2,0,0,2],"texture":"#1"},"south":{"uv":[16,0,0,2],"texture":"#1"},"west":{"uv":[2,0,0,2],"texture":"#1"},"up":{"uv":[16,0,0,2],"texture":"#1"},"down":{"uv":[16,0,0,2],"texture":"#1"}}},{"from":[3.2,20,5],"to":[4.4,21.5,12.95],"rotation":{"angle":0,"axis":"y","origin":[8.02613,20.75416,9.10949]},"faces":{"north":{"uv":[2,0,0,2],"texture":"#1"},"east":{"uv":[16,0,0,2],"texture":"#1"},"south":{"uv":[2,0,0,2],"texture":"#1"},"west":{"uv":[16,0,0,2],"texture":"#1"},"up":{"uv":[0,2,16,0],"rotation":270,"texture":"#1"},"down":{"uv":[16,0,0,2],"texture":"#1"}}},{"from":[11.6,20,5],"to":[12.8,21.5,12.95],"rotation":{"angle":0,"axis":"y","origin":[16.42613,20.75416,9.10949]},"faces":{"north":{"uv":[2,0,0,2],"texture":"#1"},"east":{"uv":[16,0,0,2],"texture":"#1"},"south":{"uv":[2,0,0,2],"texture":"#1"},"west":{"uv":[16,0,0,2],"texture":"#1"},"up":{"uv":[0,2,16,0],"rotation":270,"texture":"#1"},"down":{"uv":[16,0,0,2],"texture":"#1"}}},{"from":[4.67,21.12225,0.8426],"to":[11.33,21.49725,4.9526],"rotation":{"angle":45,"axis":"x","origin":[13.96695,21.49864,4.84692]},"faces":{"north":{"uv":[0,0,4.44,0.25],"rotation":180,"texture":"#2"},"east":{"uv":[0,0,2.74,0.25],"rotation":180,"texture":"#2"},"south":{"uv":[0,0,4.44,0.25],"rotation":180,"texture":"#2"},"west":{"uv":[0,0,2.74,0.25],"rotation":180,"texture":"#2"},"up":{"uv":[0,0,4.44,2.74],"texture":"#2"},"down":{"uv":[3,0,7.44,2.74],"texture":"#2"}}},{"from":[4.67,21.12225,-3.0274],"to":[11.33,21.49725,0.9326],"rotation":{"angle":45,"axis":"x","origin":[13.96695,21.49864,4.84692]},"faces":{"north":{"uv":[0,0,4.44,0.25],"rotation":180,"texture":"#2"},"east":{"uv":[0,0,2.64,0.25],"rotation":180,"texture":"#2"},"south":{"uv":[0,0,4.44,0.25],"rotation":180,"texture":"#2"},"west":{"uv":[0,0,2.64,0.25],"rotation":180,"texture":"#2"},"up":{"uv":[0,0,4.44,2.64],"texture":"#2"},"down":{"uv":[0,0,4.44,2.64],"texture":"#2"}}},{"from":[4.01,21.12225,-2.3674],"to":[4.67,21.49725,4.2926],"rotation":{"angle":45,"axis":"x","origin":[13.96695,21.49864,4.84692]},"faces":{"north":{"uv":[0,0,0.44,0.25],"rotation":180,"texture":"#2"},"east":{"uv":[0,0,4.44,0.25],"rotation":180,"texture":"#2"},"south":{"uv":[0,0,0.44,0.25],"rotation":180,"texture":"#2"},"west":{"uv":[0,0,4.44,0.25],"rotation":180,"texture":"#2"},"up":{"uv":[0,0,0.44,4.44],"texture":"#2"},"down":{"uv":[0,0,4.44,0.44],"rotation":270,"texture":"#2"}}},{"from":[11.33,21.12225,-2.3674],"to":[11.99,21.49725,4.2926],"rotation":{"angle":45,"axis":"x","origin":[13.96695,21.49864,4.84692]},"faces":{"north":{"uv":[0,0,0.44,0.25],"rotation":180,"texture":"#2"},"east":{"uv":[0,0,4.44,0.25],"rotation":180,"texture":"#2"},"south":{"uv":[0,0,0.44,0.25],"rotation":180,"texture":"#2"},"west":{"uv":[0,0,4.44,0.25],"rotation":180,"texture":"#2"},"up":{"uv":[0,0,0.44,4.44],"texture":"#2"},"down":{"uv":[0,0,4.44,0.44],"rotation":270,"texture":"#2"}}},{"name":"octagon","from":[7.73905,16.87,18.25],"to":[8.26095,18.13,32],"rotation":{"angle":22.5,"axis":"z","origin":[8,17.5,19.25]},"faces":{"north":{"uv":[0,0,0.5219,1.26],"texture":"#2"},"east":{"uv":[0,0,13.75,1.26],"texture":"#2"},"south":{"uv":[0,0,1,1],"texture":"#2"},"west":{"uv":[0,0,13.75,1.26],"texture":"#2"},"up":{"uv":[8.999,0,9.521,13.75],"texture":"#2"},"down":{"uv":[11,2,11.521,15.749],"texture":"#2"}}},{"name":"octagon","from":[7.73905,16.87,18.25],"to":[8.26095,18.13,32],"rotation":{"angle":-22.5,"axis":"z","origin":[8,17.5,19.25]},"faces":{"north":{"uv":[0,0,0.5219,1.26],"texture":"#2"},"east":{"uv":[0,0,13.75,1.26],"texture":"#2"},"south":{"uv":[0,0,1,1],"texture":"#2"},"west":{"uv":[0,0,13.75,1.26],"texture":"#2"},"up":{"uv":[0,0,0.5219,13.75],"texture":"#2"},"down":{"uv":[10,2,10.521,15.749],"texture":"#2"}}},{"name":"octagon","from":[7.37,17.23905,18.25],"to":[8.63,17.76095,32],"rotation":{"angle":22.5,"axis":"z","origin":[8,17.5,19.25]},"faces":{"north":{"uv":[0,0,1.26,0.5219],"texture":"#2"},"east":{"uv":[1,2,14.749,2.521],"texture":"#2"},"south":{"uv":[0,0,1,1],"texture":"#2"},"west":{"uv":[2,4.999,15.749,5.521],"texture":"#2"},"up":{"uv":[0,0,1.26,13.75],"texture":"#2"},"down":{"uv":[0,0,1.26,13.75],"texture":"#2"}}},{"name":"octagon","from":[7.37,17.23905,18.25],"to":[8.63,17.76095,32],"rotation":{"angle":-22.5,"axis":"z","origin":[8,17.5,19.25]},"faces":{"north":{"uv":[0,0,1.26,0.5219],"texture":"#2"},"east":{"uv":[2,11,15.749,11.521],"texture":"#2"},"south":{"uv":[0,0,1,1],"texture":"#2"},"west":{"uv":[2,8.999,15.749,9.521],"texture":"#2"},"up":{"uv":[0,0,1.26,13.75],"texture":"#2"},"down":{"uv":[0,0,1.26,13.75],"texture":"#2"}}},{"name":"octagon","from":[7.58579,16.5,16.25],"to":[8.41421,18.5,18.25],"rotation":{"angle":45,"axis":"z","origin":[8,17.5,17.25]},"faces":{"north":{"uv":[0,0,0.82842,2],"texture":"#2"},"east":{"uv":[0,0,2,2],"texture":"#2"},"south":{"uv":[0,0,0.82842,2],"texture":"#2"},"west":{"uv":[0,0,2,2],"texture":"#2"},"up":{"uv":[0,0,0.82842,2],"texture":"#2"},"down":{"uv":[0,0,0.82842,2],"texture":"#2"}}},{"name":"octagon","from":[7.58579,16.5,16.25],"to":[8.41421,18.5,18.25],"rotation":{"angle":0,"axis":"z","origin":[8,17.5,17.25]},"faces":{"north":{"uv":[0,0,0.82842,2],"texture":"#2"},"east":{"uv":[0,0,2,2],"texture":"#2"},"south":{"uv":[0,0,0.82842,2],"texture":"#2"},"west":{"uv":[0,0,2,2],"texture":"#2"},"up":{"uv":[0,0,0.82842,2],"texture":"#2"},"down":{"uv":[0,0,0.82842,2],"texture":"#2"}}},{"name":"octagon","from":[7,17.08579,16.25],"to":[9,17.91421,18.25],"rotation":{"angle":45,"axis":"z","origin":[8,17.5,17.25]},"faces":{"north":{"uv":[0,0,2,0.82842],"texture":"#2"},"east":{"uv":[0,0,2,0.82842],"texture":"#2"},"south":{"uv":[0,0,2,0.82842],"texture":"#2"},"west":{"uv":[0,0,2,0.82842],"texture":"#2"},"up":{"uv":[0,0,2,2],"texture":"#2"},"down":{"uv":[0,0,2,2],"texture":"#2"}}},{"name":"octagon","from":[7,17.08579,16.25],"to":[9,17.91421,18.25],"rotation":{"angle":0,"axis":"z","origin":[8,17.5,17.25]},"faces":{"north":{"uv":[0,0,2,0.82842],"texture":"#2"},"east":{"uv":[0,0,2,0.82842],"texture":"#2"},"south":{"uv":[0,0,2,0.82842],"texture":"#2"},"west":{"uv":[0,0,2,0.82842],"texture":"#2"},"up":{"uv":[0,0,2,2],"texture":"#2"},"down":{"uv":[0,0,2,2],"texture":"#2"}}}],"display":{"thirdperson_righthand":{"rotation":[0,180,0],"scale":[0.3,0.3,0.3]},"thirdperson_lefthand":{"scale":[0.3,0.3,0.3]},"firstperson_righthand":{"rotation":[0,-135,0],"translation":[5,0,-8],"scale":[0.5,0.5,0.5]},"firstperson_lefthand":{"rotation":[0,-135,0],"translation":[5,0,-8],"scale":[0.5,0.5,0.5]},"ground":{"translation":[0,1.75,0],"scale":[0.9,0.9,0.9]},"gui":{"rotation":[30,45,0],"translation":[0,-1,-0.57],"scale":[0.3,0.3,0.3]},"head":{"rotation":[0,180,0],"translation":[0,-41,1],"scale":[2,2,2]},"fixed":{"rotation":[0,-90,0],"translation":[0,0,-14.25]}},"groups":[{"name":"group","origin":[8,8,8],"color":0,"children":[0,{"name":"group","origin":[8,8,8],"color":0,"children":[{"name":"group","origin":[14.125,8,-0.5],"color":0,"children":[1,2,3,4,{"name":"group","origin":[-1.29274,9.61743,27.0549],"color":0,"children":[5,6,7,8,9,10,11]},{"name":"group","origin":[-1.29274,9.61743,27.0549],"color":0,"children":[12,13,14,15,16,17,18]}]},{"name":"group","origin":[14.125,8,-0.5],"color":0,"children":[19,20,21,22,{"name":"group","origin":[-1.29274,9.61743,27.0549],"color":0,"children":[23,24,25,26,27,28,29]},{"name":"group","origin":[-1.29274,9.61743,27.0549],"color":0,"children":[30,31,32,33,34,35,36]}]}]},{"name":"octagon","origin":[8,8,8],"color":0,"children":[37,38,39,40,41,42,43,44,45,46]},{"name":"group","origin":[8,8,8],"color":0,"children":[{"name":"group","origin":[8,8,8],"color":0,"children":[{"name":"octagon","origin":[8,8,8],"color":0,"children":[47,48,49,50,51,52,53,54]},{"name":"group","origin":[8,8,8],"color":0,"children":[{"name":"group","origin":[8,8,8],"color":0,"children":[55,56,57,58,59,60]},{"name":"group","origin":[8,8,8],"color":0,"children":[61,62,63,64,65,66]},{"name":"group","origin":[8,8,8],"color":0,"children":[67,68,69,70,71,72]},{"name":"group","origin":[8,8,8],"color":0,"children":[73,74,75,76,77,78]},{"name":"group","origin":[8,8,8],"color":0,"children":[79,80,81,82,83,84]}]}]},{"name":"group","origin":[8,8,8],"color":0,"children":[{"name":"octagon","origin":[8,8,8],"color":0,"children":[85,86,87,88,89,90,91,92]},{"name":"group","origin":[8,8,8],"color":0,"children":[{"name":"group","origin":[8,8,8],"color":0,"children":[93,94,95,96,97,98]},{"name":"group","origin":[8,8,8],"color":0,"children":[99,100,101,102,103,104]},{"name":"group","origin":[8,8,8],"color":0,"children":[105,106,107,108,109,110]},{"name":"group","origin":[8,8,8],"color":0,"children":[111,112,113,114,115,116]},{"name":"group","origin":[8,8,8],"color":0,"children":[117,118,119,120,121,122]}]}]}]}]},{"name":"turret","origin":[8,8,8],"color":0,"children":[{"name":"group","origin":[8,8,8],"color":0,"children":[{"name":"communism sign","origin":[8,8,8],"color":0,"children":[{"name":"group","origin":[9.79864,6.875,4.59038],"color":0,"children":[123,124,125,126,127,128,129,130,131,132,133,134,135,136,137]}]},{"name":"octagon","origin":[8,8,8],"color":0,"children":[138,139,140,141,142,143,144,145,146,147,148,149,150,151,152,153,154,155,156,157,158,159,160,161,162]},{"name":"communism sign","origin":[8,8,8],"color":0,"children":[{"name":"group","origin":[9.79864,6.875,4.59038],"color":0,"children":[163,164,165,166,167,168,169,170,171,172,173,174,175,176,177]}]}]},{"name":"group","origin":[8,8,8],"color":0,"children":[{"name":"group","origin":[6.38258,20.37777,10.48966],"color":0,"children":[178,179,180,181]},{"name":"group","origin":[6.38258,20.37777,10.48966],"color":0,"children":[182,183,184,185]},{"name":"group","origin":[8,8,8],"color":0,"children":[{"name":"group","origin":[6.38258,20.37777,10.48966],"color":0,"children":[]},{"name":"group","origin":[6.38258,20.37777,10.48966],"color":0,"children":[186,187,188,189]}]}]}]},{"name":"barrel","origin":[8,8,8],"color":0,"children":[{"name":"group","origin":[8,8,8],"color":0,"children":[{"name":"octagon","origin":[8,8,8],"color":0,"children":[190,191,192,193]},{"name":"octagon","origin":[8,8,8],"color":0,"children":[194,195,196,197]}]}]}],"credit":"Model by Craftventure"}