{"textures":{"1":"block/green_shulker_box","2":"block/green_concrete_powder","3":"block/black_concrete","4":"block/red_terracotta","particle":"block/black_concrete"},"elements":[{"name":"Cube","from":[16.30581,13.75756,8.59765],"to":[17.02581,15.37036,9.17365],"rotation":{"angle":-45,"axis":"x","origin":[16.66101,17.33888,8.20193]},"faces":{"north":{"uv":[0,0.75,2.8,0],"rotation":270,"texture":"#4"},"east":{"uv":[1,0,0,2.8],"rotation":180,"texture":"#4"},"south":{"uv":[0,0.75,2.8,0],"rotation":90,"texture":"#4"},"west":{"uv":[1,0,0,2.8],"texture":"#4"},"up":{"uv":[0,0.75,1,0],"rotation":90,"texture":"#4"},"down":{"uv":[0,0.75,1,0],"rotation":90,"texture":"#4"}}},{"name":"Cube","from":[16.30581,15.51436,8.22325],"to":[17.02581,15.94636,9.11605],"rotation":{"angle":-45,"axis":"x","origin":[16.66101,17.33888,8.20193]},"faces":{"north":{"uv":[0,0.75,0.8,0],"rotation":270,"texture":"#4"},"east":{"uv":[0.8,0,0,0.8],"rotation":180,"texture":"#4"},"south":{"uv":[0,0.75,0.8,0],"rotation":90,"texture":"#4"},"west":{"uv":[0.8,0,0,0.8],"texture":"#4"},"up":{"uv":[0,0.75,0.8,0],"rotation":90,"texture":"#4"},"down":{"uv":[0,0.75,0.8,0],"rotation":90,"texture":"#4"}}},{"name":"Cube","from":[16.30581,15.34156,8.65525],"to":[17.02581,15.80236,9.11605],"rotation":{"angle":-45,"axis":"x","origin":[16.66101,17.33888,8.20193]},"faces":{"north":{"uv":[0,0.75,0.8,0],"rotation":270,"texture":"#4"},"east":{"uv":[0.8,0,0,0.8],"rotation":180,"texture":"#4"},"south":{"uv":[0,0.75,0.8,0],"rotation":90,"texture":"#4"},"west":{"uv":[0.8,0,0,0.8],"texture":"#4"},"up":{"uv":[0,0.75,0.8,0],"rotation":90,"texture":"#4"},"down":{"uv":[0,0.75,0.8,0],"rotation":90,"texture":"#4"}}},{"name":"Cube","from":[16.30581,15.6614,8.02705],"to":[17.02581,16.0934,8.91985],"rotation":{"angle":-22.5,"axis":"x","origin":[16.66101,17.33888,8.20193]},"faces":{"north":{"uv":[0,0.75,0.8,0],"rotation":270,"texture":"#4"},"east":{"uv":[0.8,0,0,0.8],"rotation":180,"texture":"#4"},"south":{"uv":[0,0.75,0.8,0],"rotation":90,"texture":"#4"},"west":{"uv":[0.8,0,0,0.8],"texture":"#4"},"up":{"uv":[0,0.75,0.8,0],"rotation":90,"texture":"#4"},"down":{"uv":[0,0.75,0.8,0],"rotation":90,"texture":"#4"}}},{"name":"Cube","from":[16.30581,15.72217,7.7895],"to":[17.02581,16.15417,8.6823],"rotation":{"angle":0,"axis":"y","origin":[16.66101,17.33888,8.20193]},"faces":{"north":{"uv":[0,0.75,0.8,0],"rotation":270,"texture":"#4"},"east":{"uv":[0.8,0,0,0.8],"rotation":180,"texture":"#4"},"south":{"uv":[0,0.75,0.8,0],"rotation":90,"texture":"#4"},"west":{"uv":[0.8,0,0,0.8],"texture":"#4"},"up":{"uv":[0,0.75,0.8,0],"rotation":90,"texture":"#4"},"down":{"uv":[0,0.75,0.8,0],"rotation":90,"texture":"#4"}}},{"name":"Cube","from":[16.30581,15.6298,7.54678],"to":[17.02581,16.177,8.43958],"rotation":{"angle":22.5,"axis":"x","origin":[16.66101,17.33888,8.20193]},"faces":{"north":{"uv":[0,0.75,0.8,0],"rotation":270,"texture":"#4"},"east":{"uv":[0.8,0,0,0.8],"rotation":180,"texture":"#4"},"south":{"uv":[0,0.75,0.8,0],"rotation":90,"texture":"#4"},"west":{"uv":[0.8,0,0,0.8],"texture":"#4"},"up":{"uv":[0,0.75,0.8,0],"rotation":90,"texture":"#4"},"down":{"uv":[0,0.75,0.8,0],"rotation":90,"texture":"#4"}}},{"name":"Cube","from":[16.28181,14.75797,8.08457],"to":[17.00181,19.25077,8.54537],"rotation":{"angle":45,"axis":"x","origin":[16.66101,17.33888,8.20193]},"faces":{"north":{"uv":[0,0.75,7.8,0],"rotation":270,"texture":"#4"},"east":{"uv":[0.8,0,0,7.8],"rotation":180,"texture":"#4"},"south":{"uv":[0,0.75,7.8,0],"rotation":90,"texture":"#4"},"west":{"uv":[0.8,0,0,7.8],"texture":"#4"},"up":{"uv":[0,0.75,0.8,0],"rotation":90,"texture":"#4"},"down":{"uv":[0,0.75,0.8,0],"rotation":90,"texture":"#4"}}},{"name":"Cube","from":[16.28181,16.41944,10.08078],"to":[17.00181,17.74424,10.68558],"rotation":{"angle":-45,"axis":"x","origin":[16.66101,17.33888,8.20193]},"faces":{"north":{"uv":[0,0.75,7.8,0],"rotation":270,"texture":"#4"},"east":{"uv":[0.8,0,0,7.8],"rotation":180,"texture":"#4"},"south":{"uv":[0,0.75,7.8,0],"rotation":90,"texture":"#4"},"west":{"uv":[0.8,0,0,7.8],"texture":"#4"},"up":{"uv":[0,0.75,0.8,0],"rotation":90,"texture":"#4"},"down":{"uv":[0,0.75,0.8,0],"rotation":90,"texture":"#4"}}},{"name":"Cube","from":[16.28181,18.95406,9.24385],"to":[17.00181,19.38172,9.6715],"rotation":{"angle":0,"axis":"y","origin":[16.66101,17.33888,8.20193]},"faces":{"north":{"uv":[0,0.75,7.8,0],"rotation":270,"texture":"#4"},"east":{"uv":[0.8,0,0,7.8],"rotation":180,"texture":"#4"},"south":{"uv":[0,0.75,7.8,0],"rotation":90,"texture":"#4"},"west":{"uv":[0.8,0,0,7.8],"texture":"#4"},"up":{"uv":[0,0.75,0.8,0],"rotation":90,"texture":"#4"},"down":{"uv":[0,0.75,0.8,0],"rotation":90,"texture":"#4"}}},{"name":"Cube","from":[16.30581,15.50918,7.31381],"to":[17.02581,16.052,8.22865],"rotation":{"angle":45,"axis":"x","origin":[16.66101,17.33888,8.20193]},"faces":{"north":{"uv":[0,0.75,0.8,0],"rotation":270,"texture":"#4"},"east":{"uv":[0.8,0,0,0.8],"rotation":180,"texture":"#4"},"south":{"uv":[0,0.75,0.8,0],"rotation":90,"texture":"#4"},"west":{"uv":[0.8,0,0,0.8],"texture":"#4"},"up":{"uv":[0,0.75,0.8,0],"rotation":90,"texture":"#4"},"down":{"uv":[0,0.75,0.8,0],"rotation":90,"texture":"#4"}}},{"name":"Cube","from":[16.30581,17.45921,6.17164],"to":[17.02581,18.06401,6.71884],"rotation":{"angle":-22.5,"axis":"x","origin":[16.66101,17.33888,8.20193]},"faces":{"north":{"uv":[0,0.75,0.8,0],"rotation":270,"texture":"#4"},"east":{"uv":[0,0.8,0.8,0],"rotation":270,"texture":"#4"},"south":{"uv":[0,0.75,0.8,0],"rotation":90,"texture":"#4"},"west":{"uv":[0,0.8,0.8,0],"rotation":270,"texture":"#4"},"up":{"uv":[0,0.75,0.8,0],"rotation":90,"texture":"#4"},"down":{"uv":[0,0.75,0.8,0],"rotation":90,"texture":"#4"}}},{"name":"Cube","from":[16.30581,17.25389,6.10191],"to":[17.02581,17.85869,6.53391],"rotation":{"angle":0,"axis":"y","origin":[16.66101,17.33888,8.20193]},"faces":{"north":{"uv":[0,0.75,0.8,0],"rotation":270,"texture":"#4"},"east":{"uv":[0,0.8,0.8,0],"rotation":270,"texture":"#4"},"south":{"uv":[0,0.75,0.8,0],"rotation":90,"texture":"#4"},"west":{"uv":[0,0.8,0.8,0],"rotation":270,"texture":"#4"},"up":{"uv":[0,0.75,0.8,0],"rotation":90,"texture":"#4"},"down":{"uv":[0,0.75,0.8,0],"rotation":90,"texture":"#4"}}},{"name":"Cube","from":[16.30581,17.01548,6.12044],"to":[17.02581,18.19628,6.43724],"rotation":{"angle":22.5,"axis":"x","origin":[16.66101,17.33888,8.20193]},"faces":{"north":{"uv":[0,0.75,0.8,0],"rotation":270,"texture":"#4"},"east":{"uv":[0,0.8,0.8,0],"rotation":270,"texture":"#4"},"south":{"uv":[0,0.75,0.8,0],"rotation":90,"texture":"#4"},"west":{"uv":[0,0.8,0.8,0],"rotation":270,"texture":"#4"},"up":{"uv":[0,0.75,0.8,0],"rotation":90,"texture":"#4"},"down":{"uv":[0,0.75,0.8,0],"rotation":90,"texture":"#4"}}},{"name":"Cube","from":[16.30581,17.33446,5.95077],"to":[17.02581,18.22726,6.26757],"rotation":{"angle":45,"axis":"x","origin":[16.66101,17.33888,8.20193]},"faces":{"north":{"uv":[0,0.75,0.8,0],"rotation":270,"texture":"#4"},"east":{"uv":[0,0.8,0.8,0],"rotation":270,"texture":"#4"},"south":{"uv":[0,0.75,0.8,0],"rotation":90,"texture":"#4"},"west":{"uv":[0,0.8,0.8,0],"rotation":270,"texture":"#4"},"up":{"uv":[0,0.75,0.8,0],"rotation":90,"texture":"#4"},"down":{"uv":[0,0.75,0.8,0],"rotation":90,"texture":"#4"}}},{"name":"Cube","from":[16.30581,19.48258,8.12048],"to":[17.02581,19.68418,8.72528],"rotation":{"angle":-22.5,"axis":"x","origin":[16.66101,17.33888,8.20193]},"faces":{"north":{"uv":[0,0.75,0.8,0],"rotation":270,"texture":"#4"},"east":{"uv":[0.8,0,0,0.8],"texture":"#4"},"south":{"uv":[0,0.75,0.8,0],"rotation":90,"texture":"#4"},"west":{"uv":[0.8,0,0,0.8],"rotation":180,"texture":"#4"},"up":{"uv":[0,0.75,0.8,0],"rotation":90,"texture":"#4"},"down":{"uv":[0,0.75,0.8,0],"rotation":90,"texture":"#4"}}},{"name":"octagon","from":[3.69908,14.72,0.224],"to":[10.14092,20,1.7792],"rotation":{"angle":45,"axis":"y","origin":[6.92,16.64,8]},"faces":{"north":{"uv":[0,0,6.44184,5.28],"texture":"#2"},"east":{"uv":[0,0,1.5552,5.28],"texture":"#2"},"south":{"uv":[0,0,6.44184,5.28],"texture":"#2"},"west":{"uv":[0,0,1.5552,5.28],"texture":"#2"},"up":{"uv":[0,0,6.44184,1.5552],"texture":"#2"},"down":{"uv":[0,0,6.44184,1.5552],"texture":"#2"}}},{"name":"octagon","from":[6.33908,14.72,1.664],"to":[10.62092,20,3.9392],"rotation":{"angle":45,"axis":"y","origin":[7.4,16.64,9.44]},"faces":{"north":{"uv":[0,0,4.28184,5.28],"texture":"#2"},"east":{"uv":[0,0,2.2752,5.28],"texture":"#2"},"up":{"uv":[0,0,4.28184,2.2752],"texture":"#2"},"down":{"uv":[0,0,4.28184,2.2752],"texture":"#2"}}},{"name":"octagon","from":[3.69908,14.72,0.224],"to":[12.30092,20,1.7792],"rotation":{"angle":0,"axis":"y","origin":[9.08,16.64,8]},"faces":{"north":{"uv":[0,0,8.60184,5.28],"texture":"#2"},"east":{"uv":[0,0,1.5552,5.28],"texture":"#2"},"south":{"uv":[0,0,8.60184,5.28],"texture":"#2"},"west":{"uv":[0,0,1.5552,5.28],"texture":"#2"},"up":{"uv":[0,0,8.60184,1.5552],"texture":"#2"},"down":{"uv":[0,0,8.60184,1.5552],"texture":"#2"}}},{"name":"octagon","from":[4.17908,14.72,1.664],"to":[11.82092,20,4.8992],"rotation":{"angle":0,"axis":"y","origin":[9.08,16.64,9.44]},"faces":{"north":{"uv":[0,0,7.64184,5.28],"texture":"#2"},"east":{"uv":[0,0,3.2352,5.28],"texture":"#2"},"south":{"uv":[0,0,7.64184,5.28],"texture":"#2"},"west":{"uv":[0,0,3.2352,5.28],"texture":"#2"},"up":{"uv":[0,0,7.64184,3.2352],"texture":"#2"},"down":{"uv":[0,0,7.64184,3.2352],"texture":"#2"}}},{"name":"octagon","from":[5.85908,16.22,18.5216],"to":[12.30092,18.56,21.9968],"rotation":{"angle":45,"axis":"y","origin":[9.08,16.64,14.2208]},"faces":{"north":{"uv":[0,0,6.44184,2.34],"texture":"#2"},"east":{"uv":[0,0,3.4752,2.34],"texture":"#2"},"south":{"uv":[0,0,6.44184,2.34],"texture":"#2"},"west":{"uv":[0,0,3.4752,2.34],"texture":"#2"},"up":{"uv":[0,0,6.44184,3.4752],"texture":"#2"},"down":{"uv":[0,0,6.44184,3.4752],"texture":"#2"}}},{"name":"octagon","from":[3.69908,16.22,18.5216],"to":[10.14092,18.56,21.9968],"rotation":{"angle":-45,"axis":"y","origin":[6.92,16.64,14.2208]},"faces":{"north":{"uv":[0,0,6.44184,2.34],"texture":"#2"},"east":{"uv":[0,0,3.4752,2.34],"texture":"#2"},"south":{"uv":[0,0,6.44184,2.34],"texture":"#2"},"west":{"uv":[0,0,3.4752,2.34],"texture":"#2"},"up":{"uv":[0,0,6.44184,3.4752],"texture":"#2"},"down":{"uv":[0,0,6.44184,3.4752],"texture":"#2"}}},{"name":"octagon","from":[3.69908,16.22,14.6816],"to":[12.30092,18.56,21.9968],"rotation":{"angle":0,"axis":"y","origin":[9.08,16.64,14.2208]},"faces":{"north":{"uv":[0,0,8.60184,2.34],"texture":"#2"},"east":{"uv":[0,0,7.3152,2.34],"texture":"#2"},"south":{"uv":[0,0,8.60184,2.34],"texture":"#2"},"west":{"uv":[0,0,7.3152,2.34],"texture":"#2"},"up":{"uv":[0,0,8.60184,7.3152],"texture":"#2"},"down":{"uv":[0,0,8.60184,7.3152],"texture":"#2"}}},{"name":"octagon","from":[3.69908,18.33146,15.3272],"to":[12.30092,19.88666,19.1672],"rotation":{"angle":22.5,"axis":"x","origin":[9.08,12.11066,17.2472]},"faces":{"north":{"uv":[0,0,8.60184,1.5552],"rotation":180,"texture":"#2"},"east":{"uv":[0,0,1.5552,3.84],"rotation":90,"texture":"#2"},"south":{"uv":[0,0,8.60184,1.5552],"texture":"#2"},"west":{"uv":[0,0,1.5552,3.84],"rotation":270,"texture":"#2"},"up":{"uv":[0,0,8.60184,3.84],"texture":"#2"},"down":{"uv":[0,0,8.60184,3.84],"rotation":180,"texture":"#2"}}},{"name":"octagon","from":[3.69908,14.82538,15.33508],"to":[12.30092,16.38058,19.17508],"rotation":{"angle":-22.5,"axis":"x","origin":[9.08,22.60138,17.25508]},"faces":{"north":{"uv":[0,0,8.60184,1.5552],"rotation":180,"texture":"#2"},"east":{"uv":[0,0,1.5552,3.84],"rotation":90,"texture":"#2"},"south":{"uv":[0,0,8.60184,1.5552],"texture":"#2"},"west":{"uv":[0,0,1.5552,3.84],"rotation":270,"texture":"#2"},"up":{"uv":[0,0,8.60184,3.84],"rotation":180,"texture":"#2"},"down":{"uv":[0,0,8.60184,3.84],"texture":"#2"}}},{"name":"octagon","from":[3.69908,18.4448,17.44172],"to":[12.30092,20,18.40172],"rotation":{"angle":0,"axis":"x","origin":[8,19.2224,19.36172]},"faces":{"north":{"uv":[0,0,8.60184,1.5552],"rotation":180,"texture":"#2"},"east":{"uv":[0,0,1.5552,0.96],"rotation":90,"texture":"#2"},"south":{"uv":[0,0,8.60184,1.5552],"texture":"#2"},"west":{"uv":[0,0,1.5552,0.96],"rotation":270,"texture":"#2"},"up":{"uv":[0,0,8.60184,0.96],"texture":"#2"},"down":{"uv":[0,0,8.60184,0.96],"rotation":180,"texture":"#2"}}},{"name":"octagon","from":[3.69908,14.71204,17.4496],"to":[12.30092,16.26724,18.4096],"rotation":{"angle":0,"axis":"x","origin":[8,15.48964,19.3696]},"faces":{"north":{"uv":[0,0,8.60184,1.5552],"rotation":180,"texture":"#2"},"east":{"uv":[0,0,1.5552,0.96],"rotation":90,"texture":"#2"},"south":{"uv":[0,0,8.60184,1.5552],"texture":"#2"},"west":{"uv":[0,0,1.5552,0.96],"rotation":270,"texture":"#2"},"up":{"uv":[0,0,8.60184,0.96],"rotation":180,"texture":"#2"},"down":{"uv":[0,0,8.60184,0.96],"texture":"#2"}}},{"name":"octagon","from":[-0.856,14.72,4.77908],"to":[0.6992,18.56,17.44172],"rotation":{"angle":0,"axis":"y","origin":[6.92,16.64,8]},"faces":{"north":{"uv":[0,0,1.5552,3.84],"texture":"#2"},"east":{"uv":[0,0,12.66264,3.84],"texture":"#2"},"south":{"uv":[0,0,1.5552,3.84],"texture":"#2"},"west":{"uv":[0,0,12.66264,3.84],"texture":"#2"},"up":{"uv":[0,0,1.5552,12.66264],"texture":"#2"},"down":{"uv":[0,0,1.5552,12.66264],"texture":"#2"}}},{"name":"octagon","from":[-0.856,14.72,4.77908],"to":[8.024,15.2,17.44172],"rotation":{"angle":0,"axis":"y","origin":[6.92,12.8,8]},"faces":{"north":{"uv":[0,0,8.88,0.48],"texture":"#2"},"east":{"uv":[0,0,12.66264,0.48],"texture":"#2"},"south":{"uv":[0,0,8.88,0.48],"texture":"#2"},"west":{"uv":[0,0,12.66264,0.48],"texture":"#2"},"up":{"uv":[0,0,8.88,12.66264],"texture":"#3"},"down":{"uv":[0,0,8.88,12.66264],"texture":"#2"}}},{"name":"octagon","from":[12.726,18.56,4.77908],"to":[14.481,20,11.81672],"rotation":{"angle":0,"axis":"y","origin":[9.08,16.64,8]},"faces":{"north":{"uv":[0,0,1.505,1.44],"texture":"#2"},"east":{"uv":[0,0,7.03764,1.44],"texture":"#2"},"south":{"uv":[0,0,1.505,1.44],"texture":"#2"},"west":{"uv":[0,0,7.03764,1.44],"texture":"#2"},"up":{"uv":[0,0,1.505,7.03764],"texture":"#2"},"down":{"uv":[0,0,1.505,7.03764],"texture":"#2"}}},{"name":"octagon","from":[1.519,18.56,4.77908],"to":[3.274,20,11.81672],"rotation":{"angle":0,"axis":"y","origin":[6.92,16.64,8]},"faces":{"north":{"uv":[1.505,0,0,1.44],"texture":"#2"},"east":{"uv":[7.03764,0,0,1.44],"texture":"#2"},"south":{"uv":[1.505,0,0,1.44],"texture":"#2"},"west":{"uv":[7.03764,0,0,1.44],"texture":"#2"},"up":{"uv":[1.505,0,0,7.03764],"texture":"#2"},"down":{"uv":[1.505,0,0,7.03764],"texture":"#2"}}},{"name":"octagon","from":[7.976,18.56,11.77908],"to":[14.481,20,17.44172],"rotation":{"angle":0,"axis":"y","origin":[9.08,16.64,8]},"faces":{"north":{"uv":[0,0,6.505,1.44],"texture":"#2"},"east":{"uv":[0,0,5.66264,1.44],"texture":"#2"},"south":{"uv":[0,0,6.505,1.44],"texture":"#2"},"west":{"uv":[0,0,5.66264,1.44],"texture":"#2"},"up":{"uv":[0,0,6.505,5.66264],"texture":"#2"},"down":{"uv":[0,0,6.505,5.66264],"texture":"#2"}}},{"name":"octagon","from":[1.519,18.56,11.77908],"to":[8.024,20,17.44172],"rotation":{"angle":0,"axis":"y","origin":[6.92,16.64,8]},"faces":{"north":{"uv":[0,0,6.505,1.44],"texture":"#2"},"east":{"uv":[0,0,5.66264,1.44],"texture":"#2"},"south":{"uv":[0,0,6.505,1.44],"texture":"#2"},"west":{"uv":[0,0,5.66264,1.44],"texture":"#2"},"up":{"uv":[0,0,6.505,5.66264],"texture":"#2"},"down":{"uv":[0,0,6.505,5.66264],"texture":"#2"}}},{"name":"octagon","from":[0.519,15.06,16.69172],"to":[7.024,16.5,17.44172],"rotation":{"angle":0,"axis":"y","origin":[5.92,13.14,8]},"faces":{"north":{"uv":[0,0,6.505,1.44],"texture":"#2"},"east":{"uv":[0,0,0.75,1.44],"texture":"#2"},"south":{"uv":[0,0,6.505,1.44],"texture":"#2"},"west":{"uv":[0,0,0.75,1.44],"texture":"#2"},"up":{"uv":[0,0,6.505,0.75],"texture":"#2"},"down":{"uv":[0,0,6.505,0.75],"texture":"#2"}}},{"name":"octagon","from":[8.976,15.06,16.69172],"to":[15.481,16.5,17.44172],"rotation":{"angle":0,"axis":"y","origin":[10.08,13.14,8]},"faces":{"north":{"uv":[0,0,6.505,1.44],"texture":"#2"},"east":{"uv":[0,0,0.75,1.44],"texture":"#2"},"south":{"uv":[0,0,6.505,1.44],"texture":"#2"},"west":{"uv":[0,0,0.75,1.44],"texture":"#2"},"up":{"uv":[0,0,6.505,0.75],"texture":"#2"},"down":{"uv":[0,0,6.505,0.75],"texture":"#2"}}},{"name":"octagon","from":[14.476,18.56,4.77908],"to":[16.856,20,17.44172],"rotation":{"angle":0,"axis":"y","origin":[9.08,16.64,8]},"faces":{"north":{"uv":[0,0,2.38,1.44],"texture":"#2"},"east":{"uv":[0,0,12.66264,1.44],"texture":"#2"},"south":{"uv":[0,0,2.38,1.44],"texture":"#2"},"west":{"uv":[0,0,12.66264,1.44],"texture":"#2"},"up":{"uv":[0,0,2.38,12.66264],"texture":"#2"},"down":{"uv":[0,0,2.38,12.66264],"texture":"#2"}}},{"name":"octagon","from":[-0.856,18.56,4.77908],"to":[1.524,20,17.44172],"rotation":{"angle":0,"axis":"y","origin":[6.92,16.64,8]},"faces":{"north":{"uv":[0,0,2.38,1.44],"texture":"#2"},"east":{"uv":[0,0,12.66264,1.44],"texture":"#2"},"south":{"uv":[0,0,2.38,1.44],"texture":"#2"},"west":{"uv":[0,0,12.66264,1.44],"texture":"#2"},"up":{"uv":[0,0,2.38,12.66264],"texture":"#2"},"down":{"uv":[0,0,2.38,12.66264],"texture":"#2"}}},{"name":"octagon","from":[7.976,14.72,4.77908],"to":[16.856,15.2,17.44172],"rotation":{"angle":0,"axis":"y","origin":[9.08,12.8,8]},"faces":{"north":{"uv":[0,0,8.88,0.48],"texture":"#2"},"east":{"uv":[0,0,12.66264,0.48],"texture":"#2"},"south":{"uv":[0,0,8.88,0.48],"texture":"#2"},"west":{"uv":[0,0,12.66264,0.48],"texture":"#2"},"up":{"uv":[0,0,8.88,12.66264],"texture":"#3"},"down":{"uv":[0,0,8.88,12.66264],"texture":"#2"}}},{"name":"octagon","from":[15.3008,14.72,4.77908],"to":[16.856,20,11.22092],"rotation":{"angle":45,"axis":"y","origin":[9.08,16.64,8]},"faces":{"north":{"uv":[0,0,1.5552,5.28],"texture":"#2"},"east":{"uv":[0,0,6.44184,5.28],"texture":"#2"},"south":{"uv":[0,0,1.5552,5.28],"texture":"#2"},"west":{"uv":[0,0,6.44184,5.28],"texture":"#2"},"up":{"uv":[0,0,1.5552,6.44184],"texture":"#2"},"down":{"uv":[0,0,1.5552,6.44184],"texture":"#2"}}},{"name":"octagon","from":[14.1008,14.72,6.21908],"to":[16.376,20,10.50092],"rotation":{"angle":45,"axis":"y","origin":[8.6,16.64,9.44]},"faces":{"north":{"uv":[0,0,2.2752,5.28],"texture":"#2"},"east":{"uv":[0,0,4.28184,5.28],"texture":"#2"},"up":{"uv":[0,0,2.2752,4.28184],"texture":"#2"},"down":{"uv":[0,0,2.2752,4.28184],"texture":"#2"}}},{"name":"octagon","from":[15.3008,14.72,4.77908],"to":[16.856,18.56,17.44172],"rotation":{"angle":0,"axis":"y","origin":[9.08,16.64,8]},"faces":{"north":{"uv":[0,0,1.5552,3.84],"texture":"#2"},"east":{"uv":[0,0,12.66264,3.84],"texture":"#2"},"south":{"uv":[0,0,1.5552,3.84],"texture":"#2"},"west":{"uv":[0,0,12.66264,3.84],"texture":"#2"},"up":{"uv":[0,0,1.5552,12.66264],"texture":"#2"},"down":{"uv":[0,0,1.5552,12.66264],"texture":"#2"}}},{"name":"Cube","from":[-1.01621,13.75756,7.23021],"to":[-0.29621,15.37036,7.80621],"rotation":{"angle":45,"axis":"x","origin":[-0.66101,17.33888,8.20193]},"faces":{"north":{"uv":[0,0,2.8,0.75],"rotation":90,"texture":"#4"},"east":{"uv":[0,0,1,2.8],"rotation":180,"texture":"#4"},"south":{"uv":[0,0,2.8,0.75],"rotation":270,"texture":"#4"},"west":{"uv":[0,0,1,2.8],"texture":"#4"},"up":{"uv":[0,0,1,0.75],"rotation":270,"texture":"#4"},"down":{"uv":[0,0,1,0.75],"rotation":270,"texture":"#4"}}},{"name":"Cube","from":[-1.01621,15.51436,7.28781],"to":[-0.29621,15.94636,8.18061],"rotation":{"angle":45,"axis":"x","origin":[-0.66101,17.33888,8.20193]},"faces":{"north":{"uv":[0,0,0.8,0.75],"rotation":90,"texture":"#4"},"east":{"uv":[0,0,0.8,0.8],"rotation":180,"texture":"#4"},"south":{"uv":[0,0,0.8,0.75],"rotation":270,"texture":"#4"},"west":{"uv":[0,0,0.8,0.8],"texture":"#4"},"up":{"uv":[0,0,0.8,0.75],"rotation":270,"texture":"#4"},"down":{"uv":[0,0,0.8,0.75],"rotation":270,"texture":"#4"}}},{"name":"Cube","from":[-1.01621,15.34156,7.28781],"to":[-0.29621,15.80236,7.74861],"rotation":{"angle":45,"axis":"x","origin":[-0.66101,17.33888,8.20193]},"faces":{"north":{"uv":[0,0,0.8,0.75],"rotation":90,"texture":"#4"},"east":{"uv":[0,0,0.8,0.8],"rotation":180,"texture":"#4"},"south":{"uv":[0,0,0.8,0.75],"rotation":270,"texture":"#4"},"west":{"uv":[0,0,0.8,0.8],"texture":"#4"},"up":{"uv":[0,0,0.8,0.75],"rotation":270,"texture":"#4"},"down":{"uv":[0,0,0.8,0.75],"rotation":270,"texture":"#4"}}},{"name":"Cube","from":[-1.01621,15.6614,7.48402],"to":[-0.29621,16.0934,8.37682],"rotation":{"angle":22.5,"axis":"x","origin":[-0.66101,17.33888,8.20193]},"faces":{"north":{"uv":[0,0,0.8,0.75],"rotation":90,"texture":"#4"},"east":{"uv":[0,0,0.8,0.8],"rotation":180,"texture":"#4"},"south":{"uv":[0,0,0.8,0.75],"rotation":270,"texture":"#4"},"west":{"uv":[0,0,0.8,0.8],"texture":"#4"},"up":{"uv":[0,0,0.8,0.75],"rotation":270,"texture":"#4"},"down":{"uv":[0,0,0.8,0.75],"rotation":270,"texture":"#4"}}},{"name":"Cube","from":[-1.01621,15.72217,7.72156],"to":[-0.29621,16.15417,8.61436],"rotation":{"angle":0,"axis":"y","origin":[-0.66101,17.33888,8.20193]},"faces":{"north":{"uv":[0,0,0.8,0.75],"rotation":90,"texture":"#4"},"east":{"uv":[0,0,0.8,0.8],"rotation":180,"texture":"#4"},"south":{"uv":[0,0,0.8,0.75],"rotation":270,"texture":"#4"},"west":{"uv":[0,0,0.8,0.8],"texture":"#4"},"up":{"uv":[0,0,0.8,0.75],"rotation":270,"texture":"#4"},"down":{"uv":[0,0,0.8,0.75],"rotation":270,"texture":"#4"}}},{"name":"Cube","from":[-1.01621,15.6298,7.96428],"to":[-0.29621,16.177,8.85708],"rotation":{"angle":-22.5,"axis":"x","origin":[-0.66101,17.33888,8.20193]},"faces":{"north":{"uv":[0,0,0.8,0.75],"rotation":90,"texture":"#4"},"east":{"uv":[0,0,0.8,0.8],"rotation":180,"texture":"#4"},"south":{"uv":[0,0,0.8,0.75],"rotation":270,"texture":"#4"},"west":{"uv":[0,0,0.8,0.8],"texture":"#4"},"up":{"uv":[0,0,0.8,0.75],"rotation":270,"texture":"#4"},"down":{"uv":[0,0,0.8,0.75],"rotation":270,"texture":"#4"}}},{"name":"Cube","from":[-1.04021,14.75797,7.85849],"to":[-0.32021,19.25077,8.31929],"rotation":{"angle":-45,"axis":"x","origin":[-0.66101,17.33888,8.20193]},"faces":{"north":{"uv":[0,0,7.8,0.75],"rotation":90,"texture":"#4"},"east":{"uv":[0,0,0.8,7.8],"rotation":180,"texture":"#4"},"south":{"uv":[0,0,7.8,0.75],"rotation":270,"texture":"#4"},"west":{"uv":[0,0,0.8,7.8],"texture":"#4"},"up":{"uv":[0,0,0.8,0.75],"rotation":270,"texture":"#4"},"down":{"uv":[0,0,0.8,0.75],"rotation":270,"texture":"#4"}}},{"name":"Cube","from":[-1.04021,16.41944,5.71828],"to":[-0.32021,17.74424,6.32308],"rotation":{"angle":45,"axis":"x","origin":[-0.66101,17.33888,8.20193]},"faces":{"north":{"uv":[0,0,7.8,0.75],"rotation":90,"texture":"#4"},"east":{"uv":[0,0,0.8,7.8],"rotation":180,"texture":"#4"},"south":{"uv":[0,0,7.8,0.75],"rotation":270,"texture":"#4"},"west":{"uv":[0,0,0.8,7.8],"texture":"#4"},"up":{"uv":[0,0,0.8,0.75],"rotation":270,"texture":"#4"},"down":{"uv":[0,0,0.8,0.75],"rotation":270,"texture":"#4"}}},{"name":"Cube","from":[-1.04021,18.95406,6.73236],"to":[-0.32021,19.38172,7.16002],"rotation":{"angle":0,"axis":"y","origin":[-0.66101,17.33888,8.20193]},"faces":{"north":{"uv":[0,0,7.8,0.75],"rotation":90,"texture":"#4"},"east":{"uv":[0,0,0.8,7.8],"rotation":180,"texture":"#4"},"south":{"uv":[0,0,7.8,0.75],"rotation":270,"texture":"#4"},"west":{"uv":[0,0,0.8,7.8],"texture":"#4"},"up":{"uv":[0,0,0.8,0.75],"rotation":270,"texture":"#4"},"down":{"uv":[0,0,0.8,0.75],"rotation":270,"texture":"#4"}}},{"name":"Cube","from":[-1.01621,15.50918,8.17521],"to":[-0.29621,16.052,9.09006],"rotation":{"angle":-45,"axis":"x","origin":[-0.66101,17.33888,8.20193]},"faces":{"north":{"uv":[0,0,0.8,0.75],"rotation":90,"texture":"#4"},"east":{"uv":[0,0,0.8,0.8],"rotation":180,"texture":"#4"},"south":{"uv":[0,0,0.8,0.75],"rotation":270,"texture":"#4"},"west":{"uv":[0,0,0.8,0.8],"texture":"#4"},"up":{"uv":[0,0,0.8,0.75],"rotation":270,"texture":"#4"},"down":{"uv":[0,0,0.8,0.75],"rotation":270,"texture":"#4"}}},{"name":"Cube","from":[-1.01621,17.45921,9.68502],"to":[-0.29621,18.06401,10.23222],"rotation":{"angle":22.5,"axis":"x","origin":[-0.66101,17.33888,8.20193]},"faces":{"north":{"uv":[0,0,0.8,0.75],"rotation":90,"texture":"#4"},"east":{"uv":[0,0,0.8,0.8],"rotation":270,"texture":"#4"},"south":{"uv":[0,0,0.8,0.75],"rotation":270,"texture":"#4"},"west":{"uv":[0,0,0.8,0.8],"rotation":270,"texture":"#4"},"up":{"uv":[0,0,0.8,0.75],"rotation":270,"texture":"#4"},"down":{"uv":[0,0,0.8,0.75],"rotation":270,"texture":"#4"}}},{"name":"Cube","from":[-1.01621,17.25389,9.86995],"to":[-0.29621,17.85869,10.30195],"rotation":{"angle":0,"axis":"y","origin":[-0.66101,17.33888,8.20193]},"faces":{"north":{"uv":[0,0,0.8,0.75],"rotation":90,"texture":"#4"},"east":{"uv":[0,0,0.8,0.8],"rotation":270,"texture":"#4"},"south":{"uv":[0,0,0.8,0.75],"rotation":270,"texture":"#4"},"west":{"uv":[0,0,0.8,0.8],"rotation":270,"texture":"#4"},"up":{"uv":[0,0,0.8,0.75],"rotation":270,"texture":"#4"},"down":{"uv":[0,0,0.8,0.75],"rotation":270,"texture":"#4"}}},{"name":"Cube","from":[-1.01621,17.01548,9.96662],"to":[-0.29621,18.19628,10.28342],"rotation":{"angle":-22.5,"axis":"x","origin":[-0.66101,17.33888,8.20193]},"faces":{"north":{"uv":[0,0,0.8,0.75],"rotation":90,"texture":"#4"},"east":{"uv":[0,0,0.8,0.8],"rotation":270,"texture":"#4"},"south":{"uv":[0,0,0.8,0.75],"rotation":270,"texture":"#4"},"west":{"uv":[0,0,0.8,0.8],"rotation":270,"texture":"#4"},"up":{"uv":[0,0,0.8,0.75],"rotation":270,"texture":"#4"},"down":{"uv":[0,0,0.8,0.75],"rotation":270,"texture":"#4"}}},{"name":"Cube","from":[-1.01621,17.33446,10.13629],"to":[-0.29621,18.22726,10.45309],"rotation":{"angle":-45,"axis":"x","origin":[-0.66101,17.33888,8.20193]},"faces":{"north":{"uv":[0,0,0.8,0.75],"rotation":90,"texture":"#4"},"east":{"uv":[0,0,0.8,0.8],"rotation":270,"texture":"#4"},"south":{"uv":[0,0,0.8,0.75],"rotation":270,"texture":"#4"},"west":{"uv":[0,0,0.8,0.8],"rotation":270,"texture":"#4"},"up":{"uv":[0,0,0.8,0.75],"rotation":270,"texture":"#4"},"down":{"uv":[0,0,0.8,0.75],"rotation":270,"texture":"#4"}}},{"name":"Cube","from":[-1.01621,19.48258,7.67858],"to":[-0.29621,19.68418,8.28338],"rotation":{"angle":22.5,"axis":"x","origin":[-0.66101,17.33888,8.20193]},"faces":{"north":{"uv":[0,0,0.8,0.75],"rotation":90,"texture":"#4"},"east":{"uv":[0,0,0.8,0.8],"texture":"#4"},"south":{"uv":[0,0,0.8,0.75],"rotation":270,"texture":"#4"},"west":{"uv":[0,0,0.8,0.8],"rotation":180,"texture":"#4"},"up":{"uv":[0,0,0.8,0.75],"rotation":270,"texture":"#4"},"down":{"uv":[0,0,0.8,0.75],"rotation":270,"texture":"#4"}}},{"from":[4.025,15,4.175],"to":[11.975,20,5.375],"rotation":{"angle":0,"axis":"y","origin":[8.02613,19.25416,8.99699]},"faces":{"north":{"uv":[0,0,16,16],"texture":"#3"},"east":{"uv":[0,0,16,16],"texture":"#3"},"south":{"uv":[0,0,16,16],"texture":"#3"},"west":{"uv":[0,0,16,16],"texture":"#3"},"up":{"uv":[0,0,16,16],"texture":"#3"},"down":{"uv":[0,0,16,16],"texture":"#3"}}},{"from":[4.025,15,12.575],"to":[11.975,20,13.775],"rotation":{"angle":0,"axis":"y","origin":[8.02613,19.25416,8.99699]},"faces":{"north":{"uv":[0,0,16,16],"texture":"#3"},"east":{"uv":[0,0,16,16],"texture":"#3"},"south":{"uv":[0,0,16,16],"texture":"#3"},"west":{"uv":[0,0,16,16],"texture":"#3"},"up":{"uv":[0,0,16,16],"texture":"#3"},"down":{"uv":[0,0,16,16],"texture":"#3"}}},{"from":[3.2,15,5],"to":[4.4,20,12.95],"rotation":{"angle":0,"axis":"y","origin":[8.02613,19.25416,9.10949]},"faces":{"north":{"uv":[0,0,16,16],"texture":"#3"},"east":{"uv":[0,0,16,16],"texture":"#3"},"south":{"uv":[0,0,16,16],"texture":"#3"},"west":{"uv":[0,0,16,16],"texture":"#3"},"up":{"uv":[0,0,16,16],"texture":"#3"},"down":{"uv":[0,0,16,16],"texture":"#3"}}},{"from":[11.6,15,5],"to":[12.8,20,12.95],"rotation":{"angle":0,"axis":"y","origin":[16.42613,19.25416,9.10949]},"faces":{"north":{"uv":[0,0,16,16],"texture":"#3"},"east":{"uv":[0,0,16,16],"texture":"#3"},"south":{"uv":[0,0,16,16],"texture":"#3"},"west":{"uv":[0,0,16,16],"texture":"#3"},"up":{"uv":[0,0,16,16],"texture":"#3"},"down":{"uv":[0,0,16,16],"texture":"#3"}}},{"from":[4.025,20,4.175],"to":[11.975,21.5,5.375],"rotation":{"angle":0,"axis":"y","origin":[8.02613,20.75416,8.99699]},"faces":{"north":{"uv":[16,0,0,2],"texture":"#1"},"east":{"uv":[2,0,0,2],"texture":"#1"},"south":{"uv":[16,0,0,2],"texture":"#1"},"west":{"uv":[2,0,0,2],"texture":"#1"},"up":{"uv":[16,0,0,2],"rotation":180,"texture":"#1"},"down":{"uv":[16,0,0,2],"texture":"#1"}}},{"from":[4.025,20,12.575],"to":[11.975,21.5,13.775],"rotation":{"angle":0,"axis":"y","origin":[8.02613,20.75416,8.99699]},"faces":{"north":{"uv":[16,0,0,2],"texture":"#1"},"east":{"uv":[2,0,0,2],"texture":"#1"},"south":{"uv":[16,0,0,2],"texture":"#1"},"west":{"uv":[2,0,0,2],"texture":"#1"},"up":{"uv":[16,0,0,2],"texture":"#1"},"down":{"uv":[16,0,0,2],"texture":"#1"}}},{"from":[3.2,20,5],"to":[4.4,21.5,12.95],"rotation":{"angle":0,"axis":"y","origin":[8.02613,20.75416,9.10949]},"faces":{"north":{"uv":[2,0,0,2],"texture":"#1"},"east":{"uv":[16,0,0,2],"texture":"#1"},"south":{"uv":[2,0,0,2],"texture":"#1"},"west":{"uv":[16,0,0,2],"texture":"#1"},"up":{"uv":[0,2,16,0],"rotation":270,"texture":"#1"},"down":{"uv":[16,0,0,2],"texture":"#1"}}},{"from":[11.6,20,5],"to":[12.8,21.5,12.95],"rotation":{"angle":0,"axis":"y","origin":[16.42613,20.75416,9.10949]},"faces":{"north":{"uv":[2,0,0,2],"texture":"#1"},"east":{"uv":[16,0,0,2],"texture":"#1"},"south":{"uv":[2,0,0,2],"texture":"#1"},"west":{"uv":[16,0,0,2],"texture":"#1"},"up":{"uv":[0,2,16,0],"rotation":270,"texture":"#1"},"down":{"uv":[16,0,0,2],"texture":"#1"}}},{"from":[4.67,21.12225,0.8426],"to":[11.33,21.49725,4.9526],"rotation":{"angle":45,"axis":"x","origin":[13.96695,21.49864,4.84692]},"faces":{"north":{"uv":[0,0,4.44,0.25],"rotation":180,"texture":"#2"},"east":{"uv":[0,0,2.74,0.25],"rotation":180,"texture":"#2"},"south":{"uv":[0,0,4.44,0.25],"rotation":180,"texture":"#2"},"west":{"uv":[0,0,2.74,0.25],"rotation":180,"texture":"#2"},"up":{"uv":[0,0,4.44,2.74],"texture":"#2"},"down":{"uv":[3,0,7.44,2.74],"texture":"#2"}}},{"from":[4.67,21.12225,-3.0274],"to":[11.33,21.49725,0.9326],"rotation":{"angle":45,"axis":"x","origin":[13.96695,21.49864,4.84692]},"faces":{"north":{"uv":[0,0,4.44,0.25],"rotation":180,"texture":"#2"},"east":{"uv":[0,0,2.64,0.25],"rotation":180,"texture":"#2"},"south":{"uv":[0,0,4.44,0.25],"rotation":180,"texture":"#2"},"west":{"uv":[0,0,2.64,0.25],"rotation":180,"texture":"#2"},"up":{"uv":[0,0,4.44,2.64],"texture":"#2"},"down":{"uv":[0,0,4.44,2.64],"texture":"#2"}}},{"from":[4.01,21.12225,-2.3674],"to":[4.67,21.49725,4.2926],"rotation":{"angle":45,"axis":"x","origin":[13.96695,21.49864,4.84692]},"faces":{"north":{"uv":[0,0,0.44,0.25],"rotation":180,"texture":"#2"},"east":{"uv":[0,0,4.44,0.25],"rotation":180,"texture":"#2"},"south":{"uv":[0,0,0.44,0.25],"rotation":180,"texture":"#2"},"west":{"uv":[0,0,4.44,0.25],"rotation":180,"texture":"#2"},"up":{"uv":[0,0,0.44,4.44],"texture":"#2"},"down":{"uv":[0,0,4.44,0.44],"rotation":270,"texture":"#2"}}},{"from":[11.33,21.12225,-2.3674],"to":[11.99,21.49725,4.2926],"rotation":{"angle":45,"axis":"x","origin":[13.96695,21.49864,4.84692]},"faces":{"north":{"uv":[0,0,0.44,0.25],"rotation":180,"texture":"#2"},"east":{"uv":[0,0,4.44,0.25],"rotation":180,"texture":"#2"},"south":{"uv":[0,0,0.44,0.25],"rotation":180,"texture":"#2"},"west":{"uv":[0,0,4.44,0.25],"rotation":180,"texture":"#2"},"up":{"uv":[0,0,0.44,4.44],"texture":"#2"},"down":{"uv":[0,0,4.44,0.44],"rotation":270,"texture":"#2"}}}],"display":{"thirdperson_righthand":{"scale":[0.3,0.3,0.3]},"thirdperson_lefthand":{"scale":[0.3,0.3,0.3]},"gui":{"rotation":[30,45,0],"translation":[-1,-7,-0.57],"scale":[0.66,0.69,0.63]},"head":{"rotation":[0,180,0],"translation":[0,-46.5,1.25],"scale":[2.1,2.1,2.1]}},"groups":[{"name":"group","origin":[8,8,8],"children":[{"name":"communism sign","origin":[8,8,8],"children":[{"name":"group","origin":[9.79864,6.875,4.59038],"children":[0,1,2,3,4,5,6,7,8,9,10,11,12,13,14]}]},{"name":"octagon","origin":[8,8,8],"children":[15,16,17,18,19,20,21,22,23,24,25,26,27,28,29,30,31,32,33,34,35,36,37,38,39]},{"name":"communism sign","origin":[8,8,8],"children":[{"name":"group","origin":[9.79864,6.875,4.59038],"children":[40,41,42,43,44,45,46,47,48,49,50,51,52,53,54]}]}]},{"name":"group","origin":[8,8,8],"children":[{"name":"group","origin":[6.38258,20.37777,10.48966],"children":[55,56,57,58]},{"name":"group","origin":[6.38258,20.37777,10.48966],"children":[59,60,61,62]},{"name":"group","origin":[8,8,8],"children":[{"name":"group","origin":[6.38258,20.37777,10.48966],"children":[]},{"name":"group","origin":[6.38258,20.37777,10.48966],"children":[63,64,65,66]}]}]}],"credit":"Model by Craftventure"}