{"textures":{"1":"block/blue_concrete","2":"block/red_concrete","3":"block/yellow_concrete","4":"block/green_concrete","5":"block/orange_concrete","6":"block/purple_concrete","particle":"block/red_concrete"},"elements":[{"from":[6,23,6],"to":[11,28,11],"rotation":{"angle":0,"axis":"y","origin":[8,0,8]},"faces":{"north":{"uv":[0,0,1,1],"texture":"#3"},"east":{"uv":[0,0,1,1],"texture":"#4"},"south":{"uv":[0,0,1,1],"texture":"#2"},"west":{"uv":[0,0,1,1],"texture":"#6"},"up":{"uv":[0,0,1,1],"texture":"#1"},"down":{"uv":[0,0,1,1],"texture":"#5"}}},{"from":[7,27,7],"to":[10,30,10],"rotation":{"angle":0,"axis":"y","origin":[8,0,8]},"faces":{"north":{"uv":[0,0,1,1],"texture":"#3"},"east":{"uv":[0,0,1,1],"texture":"#4"},"south":{"uv":[0,0,1,1],"texture":"#2"},"west":{"uv":[0,0,1,1],"texture":"#6"},"up":{"uv":[0,0,1,1],"texture":"#1"},"down":{"uv":[0,0,1,1],"texture":"#5"}}},{"from":[7.5,9,7.5],"to":[9.5,24,9.5],"rotation":{"angle":0,"axis":"y","origin":[8,3,7]},"faces":{"north":{"uv":[0,0,2,15],"texture":"#3"},"east":{"uv":[0,0,2,15],"texture":"#4"},"south":{"uv":[0,0,2,15],"texture":"#2"},"west":{"uv":[0,0,2,15],"texture":"#6"},"up":{"uv":[0,0,2,2],"texture":"#1"},"down":{"uv":[0,0,2,2],"texture":"#5"}}}],"display":{"firstperson_righthand":{"rotation":[-67,0,0],"translation":[-10,0,-54.75]},"head":{"translation":[-0.8,6.25,-0.8],"scale":[1.6,1.6,1.6]}},"credit":"Model by Craftventure"}