{"texture_size":[256,256],"textures":{"2":"block/gci-truck2"},"elements":[{"from":[-9,4,7],"to":[-7,14,16],"rotation":{"angle":0,"axis":"y","origin":[8,8,14]},"faces":{"north":{"uv":[5.0625,5.875,5.1875,6.5],"texture":"#2"},"east":{"uv":[3.125,9.9375,3.6875,10.5625],"texture":"#2"},"south":{"uv":[7.75,13.125,7.875,13.75],"texture":"#2"},"west":{"uv":[3.6875,9.9375,4.25,10.5625],"texture":"#2"}}},{"from":[23.02,12.23882,7.14597],"to":[24.98,16.23882,17.14597],"rotation":{"angle":-22.5,"axis":"x","origin":[-8.02,14.23882,12.14597]},"faces":{"north":{"uv":[4.625,13.9375,4.75,14.1875],"texture":"#2"},"east":{"uv":[12.125,8.8125,12.75,9.0625],"texture":"#2"},"west":{"uv":[12.25,5.25,12.875,5.5],"texture":"#2"},"up":{"uv":[2.5,13.8125,2.375,13.1875],"texture":"#2"}}},{"from":[-8.98,14,6],"to":[-7.02,18,16],"rotation":{"angle":-22.5,"axis":"x","origin":[-8.49,18,16]},"faces":{"north":{"uv":[4.75,13.9375,4.875,14.1875],"texture":"#2"},"east":{"uv":[5.625,12.25,6.25,12.5],"texture":"#2"},"west":{"uv":[12.25,6,12.875,6.25],"texture":"#2"},"up":{"uv":[5.875,13.875,5.75,13.25],"texture":"#2"}}},{"from":[23,4,7],"to":[25,14,16],"rotation":{"angle":0,"axis":"y","origin":[8,8,14]},"faces":{"north":{"uv":[7.375,13.25,7.5,13.875],"texture":"#2"},"east":{"uv":[4.25,9.9375,4.8125,10.5625],"texture":"#2"},"south":{"uv":[10.875,13.25,11,13.875],"texture":"#2"},"west":{"uv":[9.9375,4.625,10.5,5.25],"texture":"#2"}}},{"from":[-8,4,6],"to":[24,10,16],"rotation":{"angle":0,"axis":"y","origin":[8,8,14]},"faces":{"north":{"uv":[8.375,2.875,10.375,3.25],"texture":"#2"},"east":{"uv":[2.625,11.5,3.25,11.875],"texture":"#2"},"west":{"uv":[3.25,11.5,3.875,11.875],"texture":"#2"},"up":{"uv":[9,0.625,7,0],"texture":"#2"}}},{"from":[7,10,6],"to":[9,13,16],"rotation":{"angle":0,"axis":"y","origin":[8,8,14]},"faces":{"north":{"uv":[4.375,4.5625,4.5,4.75],"texture":"#2"},"east":{"uv":[7.875,9,8.5,9.1875],"texture":"#2"},"west":{"uv":[5.0625,10.75,5.6875,10.9375],"texture":"#2"},"up":{"uv":[1.875,13.9375,1.75,13.3125],"texture":"#2"}}},{"from":[-13,2,0],"to":[-5,4,6],"rotation":{"angle":0,"axis":"y","origin":[8,8,0]},"faces":{"east":{"uv":[13.6875,2.625,14.0625,2.75],"texture":"#2"},"west":{"uv":[13.6875,3.5625,14.0625,3.6875],"texture":"#2"},"up":{"uv":[12.3125,12.0625,11.8125,11.6875],"texture":"#2"},"down":{"uv":[3.125,11.875,2.625,12.25],"texture":"#2"}}},{"from":[21,2,0],"to":[29,4,6],"rotation":{"angle":0,"axis":"y","origin":[42,8,0]},"faces":{"east":{"uv":[13.6875,4.5,14.0625,4.625],"texture":"#2"},"west":{"uv":[13.6875,7.625,14.0625,7.75],"texture":"#2"},"up":{"uv":[3.625,12.25,3.125,11.875],"texture":"#2"},"down":{"uv":[4.125,11.875,3.625,12.25],"texture":"#2"}}},{"from":[-13,2,-2],"to":[29,4,0],"rotation":{"angle":0,"axis":"y","origin":[8,8,-6]},"faces":{"north":{"uv":[10.375,2.625,13,2.75],"texture":"#2"},"east":{"uv":[2,9.0625,2.125,9.1875],"texture":"#2"},"south":{"uv":[10.375,2.75,13,2.875],"texture":"#2"},"west":{"uv":[9.875,6.125,10,6.25],"texture":"#2"},"up":{"uv":[13,3,10.375,2.875],"texture":"#2"},"down":{"uv":[13,3,10.375,3.125],"texture":"#2"}}},{"from":[-6,-4,-5],"to":[22,2,13],"rotation":{"angle":0,"axis":"y","origin":[8,6,-17]},"faces":{"east":{"uv":[4.875,9.3125,6,9.6875],"texture":"#2"},"south":{"uv":[8.5,7.8125,10.25,8.1875],"texture":"#2"},"west":{"uv":[0,9.4375,1.125,9.8125],"texture":"#2"},"up":{"uv":[1.75,5.5625,0,4.4375],"texture":"#2"},"down":{"uv":[6.25,3.625,4.5,4.75],"texture":"#2"}}},{"from":[-13,3.01,-2],"to":[8,3.99,6],"rotation":{"angle":22.5,"axis":"y","origin":[-13,3.01,-2]},"faces":{"north":{"uv":[13.3125,0.25,14.625,0.3125],"texture":"#2"},"up":{"uv":[6.1875,3.375,4.875,2.875],"texture":"#2"},"down":{"uv":[6.5625,1.125,5.25,1.625],"texture":"#2"}}},{"from":[8,3.01,-2],"to":[29,3.99,6],"rotation":{"angle":-22.5,"axis":"y","origin":[29,3.01,-2]},"faces":{"north":{"uv":[13.3125,0.3125,14.625,0.375],"texture":"#2"},"up":{"uv":[9.8125,8.6875,8.5,8.1875],"texture":"#2"},"down":{"uv":[2.4375,8.5625,1.125,9.0625],"texture":"#2"}}},{"from":[6,3,-10],"to":[10,4,-2],"rotation":{"angle":0,"axis":"y","origin":[8,8,-8]},"faces":{"north":{"uv":[9.75,13.9375,10,14],"texture":"#2"},"east":{"uv":[3.25,7.125,3.75,7.1875],"texture":"#2"},"west":{"uv":[3.75,7.125,4.25,7.1875],"texture":"#2"},"up":{"uv":[9.125,12.9375,8.875,12.4375],"texture":"#2"},"down":{"uv":[13.1875,12.875,12.9375,13.375],"texture":"#2"}}},{"from":[-6,-3.94,-5],"to":[7,1.94,0],"rotation":{"angle":22.5,"axis":"y","origin":[-6,0.96,-5]},"faces":{"north":{"uv":[3.25,6.75,4.0625,7.125],"texture":"#2"},"up":{"uv":[6.8125,9.625,6,9.3125],"texture":"#2"},"down":{"uv":[0.8125,11.1875,0,11.5],"texture":"#2"}}},{"from":[9,-3.94,-5],"to":[22,1.94,0],"rotation":{"angle":-22.5,"axis":"y","origin":[22,0.96,-5]},"faces":{"north":{"uv":[1.125,10.1875,1.9375,10.5625],"texture":"#2"},"up":{"uv":[1.625,11.5,0.8125,11.1875],"texture":"#2"},"down":{"uv":[2.4375,11.1875,1.625,11.5],"texture":"#2"}}},{"from":[6,-4,-10],"to":[10,2,-5],"rotation":{"angle":0,"axis":"y","origin":[8,6,-8]},"faces":{"north":{"uv":[6.125,11.875,6.375,12.25],"texture":"#2"},"up":{"uv":[7.0625,9.625,6.8125,9.3125],"texture":"#2"},"down":{"uv":[9.75,13.3125,9.5,13.625],"texture":"#2"}}},{"from":[-13,2,6],"to":[29,4,20],"rotation":{"angle":0,"axis":"y","origin":[8,8,14]},"faces":{"north":{"uv":[10.375,3.125,13,3.25],"texture":"#2"},"east":{"uv":[7.9375,1,8.8125,1.125],"texture":"#2"},"south":{"uv":[10.375,3.25,13,3.375],"texture":"#2"},"west":{"uv":[9,6.125,9.875,6.25],"texture":"#2"},"up":{"uv":[2.625,0.875,0,0],"texture":"#2"},"down":{"uv":[2.625,0.875,0,1.75],"texture":"#2"}}},{"from":[-3,18,16],"to":[19,22,20],"rotation":{"angle":0,"axis":"y","origin":[8,8,14]},"faces":{"north":{"uv":[4.875,3.375,6.25,3.625],"texture":"#2"},"south":{"uv":[7.375,6.25,8.75,6.5],"texture":"#2"},"up":{"uv":[11.3125,5.5,9.9375,5.25],"texture":"#2"}}},{"from":[-8.17157,17.82843,16.04],"to":[-2.51472,20.82843,19.96],"rotation":{"angle":45,"axis":"z","origin":[-4.17157,20.82843,18]},"faces":{"north":{"uv":[3,5.6875,3.375,5.875],"texture":"#2"},"south":{"uv":[1.625,6.5625,2,6.75],"texture":"#2"},"up":{"uv":[2.5,9.3125,2.125,9.0625],"texture":"#2"}}},{"from":[18.51472,17.82843,16.04],"to":[24.17157,20.82843,19.96],"rotation":{"angle":-45,"axis":"z","origin":[20.17157,20.82843,18]},"faces":{"north":{"uv":[1.25,7.375,1.625,7.5625],"texture":"#2"},"south":{"uv":[13.5,0.375,13.875,0.5625],"texture":"#2"},"up":{"uv":[9.625,9.9375,9.25,9.6875],"texture":"#2"}}},{"from":[-9,4,16],"to":[25,18,20],"rotation":{"angle":0,"axis":"y","origin":[8,8,14]},"faces":{"north":{"uv":[5.25,4.75,7.375,5.625],"texture":"#2"},"east":{"uv":[6.375,11.5,6.625,12.375],"texture":"#2"},"south":{"uv":[5.25,5.625,7.375,6.5],"texture":"#2"},"west":{"uv":[6.625,11.5,6.875,12.375],"texture":"#2"},"up":{"uv":[11.125,5.875,9,5.625],"texture":"#2"}}},{"from":[7,-4,-16],"to":[9,2,-10],"rotation":{"angle":0,"axis":"y","origin":[8,0,-9]},"faces":{"north":{"uv":[2.1875,13.8125,2.3125,14.1875],"texture":"#2"},"east":{"uv":[12.6875,1.25,13.0625,1.625],"texture":"#2"},"west":{"uv":[2.5,12.6875,2.875,13.0625],"texture":"#2"},"up":{"uv":[2.5,14.1875,2.375,13.8125],"texture":"#2"},"down":{"uv":[6.125,13.8125,6,14.1875],"texture":"#2"}}},{"from":[-1,-7.25,-7],"to":[1,-4.25,18],"rotation":{"angle":0,"axis":"y","origin":[0,-6.25,-8]},"faces":{"east":{"uv":[10.6875,6.125,12.25,6.3125],"texture":"#2"},"west":{"uv":[10.6875,6.3125,12.25,6.5],"texture":"#2"},"up":{"uv":[8,13.0625,7.875,11.5],"texture":"#2"},"down":{"uv":[8.125,11.5,8,13.0625],"texture":"#2"}}},{"from":[1,-7.25,-7],"to":[-1,-4.25,18],"rotation":{"angle":0,"axis":"y","origin":[-2,-6.25,-8]},"faces":{"east":{"uv":[10.6875,6.5,12.25,6.6875],"texture":"#2"},"west":{"uv":[6.5625,10.6875,8.125,10.875],"texture":"#2"},"up":{"uv":[8.25,13.0625,8.125,11.5],"texture":"#2"},"down":{"uv":[8.375,11.5,8.25,13.0625],"texture":"#2"}}},{"from":[15,-7.25,-7],"to":[17,-4.25,18],"rotation":{"angle":0,"axis":"y","origin":[16,-6.25,-8]},"faces":{"east":{"uv":[8.125,10.6875,9.6875,10.875],"texture":"#2"},"west":{"uv":[9.6875,10.6875,11.25,10.875],"texture":"#2"},"up":{"uv":[8.5,13.0625,8.375,11.5],"texture":"#2"},"down":{"uv":[8.625,11.5,8.5,13.0625],"texture":"#2"}}},{"from":[17,-7.25,-7],"to":[15,-4.25,18],"rotation":{"angle":0,"axis":"y","origin":[14,-6.25,-8]},"faces":{"east":{"uv":[10.75,0,12.3125,0.1875],"texture":"#2"},"west":{"uv":[10.75,0.1875,12.3125,0.375],"texture":"#2"},"up":{"uv":[8.75,13.0625,8.625,11.5],"texture":"#2"},"down":{"uv":[8.875,11.5,8.75,13.0625],"texture":"#2"}}},{"from":[-10,-4,7],"to":[-6,2,13],"rotation":{"angle":0,"axis":"y","origin":[-7,0,12]},"faces":{"north":{"uv":[7.5,13.125,7.75,13.5],"texture":"#2"},"south":{"uv":[2.125,13.1875,2.375,13.5625],"texture":"#2"},"west":{"uv":[2.875,12.6875,3.25,13.0625],"texture":"#2"},"down":{"uv":[13.4375,11.9375,13.1875,12.3125],"texture":"#2"}}},{"from":[-8.41421,-2.41421,-1],"to":[-5.41421,3.58579,11],"rotation":{"angle":45,"axis":"z","origin":[-7.41421,0.58579,-9]},"faces":{"north":{"uv":[4.0625,6.75,4.25,7.125],"texture":"#2"},"south":{"uv":[1.9375,10.1875,2.125,10.5625],"texture":"#2"}}},{"from":[21.41421,-2.41421,-1],"to":[24.41421,3.58579,11],"rotation":{"angle":-45,"axis":"z","origin":[23.41421,0.58579,-9]},"faces":{"north":{"uv":[1.875,13.5,2.0625,13.875],"texture":"#2"},"south":{"uv":[13.5,2.375,13.6875,2.75],"texture":"#2"}}},{"from":[22,-3,0],"to":[26,1,6],"rotation":{"angle":0,"axis":"y","origin":[25,0,5]},"faces":{"north":{"uv":[3.875,13.625,4.125,13.875],"texture":"#2"},"east":{"uv":[13.1875,12.3125,13.5625,12.5625],"texture":"#2"},"south":{"uv":[13.625,4,13.875,4.25],"texture":"#2"},"up":{"uv":[13.4375,12.9375,13.1875,12.5625],"texture":"#2"},"down":{"uv":[13.4375,12.9375,13.1875,13.3125],"texture":"#2"}}},{"from":[-10,-3,0],"to":[-6,1,6],"rotation":{"angle":0,"axis":"y","origin":[-9,0,5]},"faces":{"north":{"uv":[4.125,13.625,4.375,13.875],"texture":"#2"},"south":{"uv":[13.625,5.25,13.875,5.5],"texture":"#2"},"west":{"uv":[13.25,1.625,13.625,1.875],"texture":"#2"},"up":{"uv":[3.375,13.625,3.125,13.25],"texture":"#2"},"down":{"uv":[3.625,13.25,3.375,13.625],"texture":"#2"}}},{"from":[22,-4,7],"to":[26,2,13],"rotation":{"angle":0,"axis":"y","origin":[25,0,12]},"faces":{"north":{"uv":[13.25,3.375,13.5,3.75],"texture":"#2"},"east":{"uv":[3.25,12.6875,3.625,13.0625],"texture":"#2"},"south":{"uv":[3.625,13.25,3.875,13.625],"texture":"#2"},"down":{"uv":[4.125,13.25,3.875,13.625],"texture":"#2"}}},{"from":[0,-4,13],"to":[2,2,19],"rotation":{"angle":0,"axis":"y","origin":[1,0,13]},"faces":{"east":{"uv":[3.625,12.6875,4,13.0625],"texture":"#2"},"south":{"uv":[6.125,13.8125,6.25,14.1875],"texture":"#2"},"west":{"uv":[4,12.6875,4.375,13.0625],"texture":"#2"},"down":{"uv":[13.9375,6.125,13.8125,6.5],"texture":"#2"}}},{"from":[14,-4,13],"to":[16,2,19],"rotation":{"angle":0,"axis":"y","origin":[15,0,13]},"faces":{"east":{"uv":[4.375,12.6875,4.75,13.0625],"texture":"#2"},"south":{"uv":[6.25,13.8125,6.375,14.1875],"texture":"#2"},"west":{"uv":[4.75,12.6875,5.125,13.0625],"texture":"#2"},"down":{"uv":[6.5,13.8125,6.375,14.1875],"texture":"#2"}}},{"from":[-5,2,0],"to":[21,3,1],"rotation":{"angle":0,"axis":"y","origin":[8,2.5,0.5]},"faces":{"north":{"uv":[8.75,7.125,10.375,7.1875],"texture":"#2"},"east":{"uv":[7.3125,8.9375,7.375,9],"texture":"#2"},"south":{"uv":[3.125,10.5625,4.75,10.625],"texture":"#2"},"west":{"uv":[10.125,0.9375,10.1875,1],"texture":"#2"},"up":{"uv":[14.5,6.6875,12.875,6.625],"texture":"#2"},"down":{"uv":[14.625,8.3125,13,8.375],"texture":"#2"}}},{"from":[12,15.08759,5.58697],"to":[20,16.08759,9.58697],"rotation":{"angle":0,"axis":"x","origin":[16,15.58759,6.08697]},"faces":{"north":{"uv":[7.125,9.625,7.625,9.6875],"texture":"#2"},"east":{"uv":[13.9375,9.75,14.1875,9.8125],"texture":"#2"},"south":{"uv":[5.4375,10.5625,5.9375,10.625],"texture":"#2"},"west":{"uv":[13.9375,9.8125,14.1875,9.875],"texture":"#2"},"up":{"uv":[13.375,6.625,12.875,6.375],"texture":"#2"},"down":{"uv":[13.375,10.9375,12.875,11.1875],"texture":"#2"}}},{"from":[13,15.08759,8.58697],"to":[19,16.08759,6.58697],"rotation":{"angle":0,"axis":"x","origin":[16,15.58759,68.08697]},"faces":{"north":{"uv":[13.9375,8.9375,14.3125,9],"texture":"#2"},"east":{"uv":[13,2.4375,13.0625,2.5625],"rotation":90,"texture":"#2"},"south":{"uv":[13.9375,9,14.3125,9.0625],"texture":"#2"},"west":{"uv":[13.4375,2.4375,13.5,2.5625],"rotation":270,"texture":"#2"}}},{"from":[15,3,0],"to":[17,17,1],"rotation":{"angle":22.5,"axis":"x","origin":[15,2.5,0.5]},"faces":{"north":{"uv":[4.375,13.0625,4.5,13.9375],"texture":"#2"},"east":{"uv":[8.875,11.5,8.9375,12.375],"texture":"#2"},"south":{"uv":[4.5,13.0625,4.625,13.9375],"texture":"#2"},"west":{"uv":[11.25,13.375,11.3125,14.25],"texture":"#2"},"up":{"uv":[3.0625,10.75,2.9375,10.6875],"texture":"#2"},"down":{"uv":[12.25,8,12.125,8.0625],"texture":"#2"}}},{"from":[-4,15.08759,5.58697],"to":[4,16.08759,9.58697],"rotation":{"angle":0,"axis":"x","origin":[0,15.58759,6.08697]},"faces":{"north":{"uv":[6.5625,10.625,7.0625,10.6875],"texture":"#2"},"east":{"uv":[13.9375,9.875,14.1875,9.9375],"texture":"#2"},"south":{"uv":[1.9375,10.6875,2.4375,10.75],"texture":"#2"},"west":{"uv":[13.9375,9.9375,14.1875,10],"texture":"#2"},"up":{"uv":[13.5,0.625,13,0.375],"texture":"#2"},"down":{"uv":[13.5,0.625,13,0.875],"texture":"#2"}}},{"from":[-3,15.08759,8.58697],"to":[3,16.08759,6.58697],"rotation":{"angle":0,"axis":"x","origin":[0,15.58759,68.08697]},"faces":{"north":{"uv":[14.3125,8.9375,13.9375,9],"texture":"#2"},"east":{"uv":[13.4375,2.5625,13.5,2.4375],"rotation":270,"texture":"#2"},"south":{"uv":[14.3125,9,13.9375,9.0625],"texture":"#2"},"west":{"uv":[13,2.5625,13.0625,2.4375],"rotation":90,"texture":"#2"}}},{"from":[-1,3,0],"to":[1,17,1],"rotation":{"angle":22.5,"axis":"x","origin":[1,2.5,0.5]},"faces":{"north":{"uv":[4.625,13.0625,4.75,13.9375],"texture":"#2"},"east":{"uv":[7.6875,13.5,7.75,14.375],"texture":"#2"},"south":{"uv":[4.75,13.0625,4.875,13.9375],"texture":"#2"},"west":{"uv":[10.8125,13.5,10.875,14.375],"texture":"#2"},"up":{"uv":[5.625,12.875,5.5,12.8125],"texture":"#2"},"down":{"uv":[10.625,12.9375,10.5,13],"texture":"#2"}}},{"from":[26,-5,14],"to":[28,1,20],"rotation":{"angle":0,"axis":"y","origin":[27,-2,10]},"faces":{"north":{"uv":[6.5,13.8125,6.625,14.1875],"texture":"#2"},"south":{"uv":[6.625,13.8125,6.75,14.1875],"texture":"#2"},"up":{"uv":[13.9375,8.9375,13.8125,8.5625],"texture":"#2"},"down":{"uv":[13.9375,8.9375,13.8125,9.3125],"texture":"#2"}}},{"from":[-12,-5,14],"to":[-10,1,20],"rotation":{"angle":0,"axis":"y","origin":[-11,-2,10]},"faces":{"north":{"uv":[13.8125,9.3125,13.9375,9.6875],"texture":"#2"},"south":{"uv":[13.8125,9.6875,13.9375,10.0625],"texture":"#2"},"up":{"uv":[13.9375,11.125,13.8125,10.75],"texture":"#2"},"down":{"uv":[13.9375,11.9375,13.8125,12.3125],"texture":"#2"}}},{"from":[26,-5,20],"to":[28,1,14],"rotation":{"angle":0,"axis":"y","origin":[27,-2,16]},"faces":{"north":{"uv":[13.8125,12.3125,13.9375,12.6875],"texture":"#2"},"south":{"uv":[13.8125,12.6875,13.9375,13.0625],"texture":"#2"},"up":{"uv":[13.9375,13.4375,13.8125,13.0625],"texture":"#2"},"down":{"uv":[13.9375,13.4375,13.8125,13.8125],"texture":"#2"}}},{"from":[-12,-5,20],"to":[-10,1,14],"rotation":{"angle":0,"axis":"y","origin":[-11,-2,16]},"faces":{"north":{"uv":[13.8125,13.8125,13.9375,14.1875],"texture":"#2"},"south":{"uv":[13.875,0.375,14,0.75],"texture":"#2"},"up":{"uv":[14,1.125,13.875,0.75],"texture":"#2"},"down":{"uv":[14,1.125,13.875,1.5],"texture":"#2"}}},{"from":[26,-5,14],"to":[27,1,20],"rotation":{"angle":0,"axis":"y","origin":[26,-2,16]},"faces":{"east":{"uv":[5.125,12.6875,5.5,13.0625],"texture":"#2"},"west":{"uv":[12.6875,7.6875,13.0625,8.0625],"texture":"#2"}}},{"from":[-11,-5,14],"to":[-10,1,20],"rotation":{"angle":0,"axis":"y","origin":[-10,-2,16]},"faces":{"east":{"uv":[12.6875,11.5625,13.0625,11.9375],"texture":"#2"},"west":{"uv":[12.75,4.25,13.125,4.625],"texture":"#2"}}},{"from":[-13,-3,16],"to":[29,-1,18],"rotation":{"angle":0,"axis":"y","origin":[-12,-2,16]},"faces":{"north":{"uv":[10.375,3.375,13,3.5],"texture":"#2"},"east":{"uv":[9.125,10.4375,9.25,10.5625],"texture":"#2"},"south":{"uv":[10.375,3.5,13,3.625],"texture":"#2"},"west":{"uv":[1.9375,10.5625,2.0625,10.6875],"texture":"#2"},"up":{"uv":[13,3.75,10.375,3.625],"texture":"#2"},"down":{"uv":[13,3.75,10.375,3.875],"texture":"#2"}}},{"from":[-9,-5,14],"to":[25,2,20],"rotation":{"angle":0,"axis":"y","origin":[0,0,-22]},"faces":{"east":{"uv":[3.375,12.25,3.75,12.6875],"texture":"#2"},"west":{"uv":[3.75,12.25,4.125,12.6875],"texture":"#2"}}},{"from":[-10,15,16],"to":[26,17,21],"faces":{"east":{"uv":[7.0625,8.8125,7.375,8.9375],"texture":"#2"},"south":{"uv":[0.8125,10.9375,3.0625,11.0625],"texture":"#2"},"west":{"uv":[12.5625,5.5,12.875,5.625],"texture":"#2"},"up":{"uv":[10.625,4.3125,8.375,4],"texture":"#2"},"down":{"uv":[10.625,4.3125,8.375,4.625],"texture":"#2"}}},{"from":[-7.964,11.05794,7.18195],"to":[24.036,13.05794,6.18195],"rotation":{"angle":-22.5,"axis":"x","origin":[6.036,12.05794,6.68195]},"faces":{"east":{"uv":[8.8125,1,8.875,1.125],"texture":"#2"},"west":{"uv":[2.4375,8.9375,2.5,9.0625],"texture":"#2"}}},{"from":[-9.964,14.11941,5.57298],"to":[25.964,16.11941,16.57298],"rotation":{"angle":-22.5,"axis":"x","origin":[8,15.11941,14.07298]},"faces":{"north":{"uv":[3.0625,10.9375,5.3125,11.0625],"texture":"#2"},"east":{"uv":[13.1875,11.4375,13.875,11.5625],"texture":"#2"},"south":{"uv":[0,11.0625,2.25,11.1875],"texture":"#2"},"west":{"uv":[13.25,3.75,13.9375,3.875],"texture":"#2"},"up":{"uv":[6.5,7.1875,4.25,6.5],"texture":"#2"},"down":{"uv":[8.75,6.5,6.5,7.1875],"texture":"#2"}}},{"from":[7.42806,4,-8.12464],"to":[27.42806,20,-8.12464],"rotation":{"angle":-22.5,"axis":"y","origin":[12.42806,8,-7.62464]},"faces":{"north":{"uv":[7.25,7.1875,8.5,8.1875],"texture":"#2"},"south":{"uv":[8.5,7.1875,7.25,8.1875],"texture":"#2"}}},{"from":[-11.42806,4,-8.12464],"to":[8.57194,20,-8.12464],"rotation":{"angle":22.5,"axis":"y","origin":[3.57194,8,-7.62464]},"faces":{"north":{"uv":[7.375,4.625,8.625,5.625],"texture":"#2"},"south":{"uv":[8.625,4.625,7.375,5.625],"texture":"#2"}}}],"display":{"ground":{"translation":[0,2.5,0],"scale":[0.4,0.4,0.4]},"gui":{"rotation":[30,-135,0],"scale":[0.3,0.3,0.3]},"head":{"translation":[0,-15,-4.75],"scale":[1.36,1.36,1.36]},"fixed":{"rotation":[-90,0,0],"translation":[0,0,-16.25],"scale":[2,2,2]}},"groups":[{"name":"group","origin":[8,8,8],"children":[{"name":"gci2","origin":[8,8,8],"children":[{"name":"group","origin":[8,8,8],"children":[{"name":"group","origin":[8,8,8],"children":[0,1,2,3,4,5,6,7,8,9,10,11,12,13,14,15,16,17,18,19,20,21,{"name":"group","origin":[0,-14,-8],"children":[22,23]},{"name":"group","origin":[0,-14,-8],"children":[24,25]},26,27,28,29,30,31,32,33,{"name":"group","origin":[16,15.58759,0.08697],"children":[34,{"name":"group","origin":[15,2.5,0.5],"children":[35,36,37]},{"name":"group","origin":[15,2.5,0.5],"children":[38,39,40]}]}]}]},{"name":"group","origin":[-15,-5,0],"children":[41,42,43,44,45,46,47,48]},49,{"name":"group","origin":[0,0,0],"children":[]},{"name":"group","origin":[8,15.11941,14.07298],"children":[50,51]},{"name":"group","origin":[3.57194,8,-38.62464],"children":[52,53]}]}]}],"credit":"Model by Craftventure"}