{"textures":{"0":"block/greenlight","1":"block/anvil","2":"block/smooth_stone","3":"block/terracotta","4":"block/brown_terracotta","5":"block/yellow_terracotta","6":"block/redlight","7":"block/gold_block","8":"block/dispenser_front_vertical","9":"block/black_stained_glass","particle":"block/greenlight"},"elements":[{"from":[7.39996,6.12458,16.22795],"to":[8.59996,6.93708,25.22795],"rotation":{"angle":0,"axis":"x","origin":[8.02858,6.38713,20.43251]},"faces":{"north":{"uv":[1,1,3,3],"texture":"#2"},"east":{"uv":[1,1,9,3],"texture":"#2"},"south":{"uv":[1,1,3,3],"texture":"#2"},"west":{"uv":[1,1,9,3],"texture":"#2"},"up":{"uv":[1,1,3,9],"texture":"#2"},"down":{"uv":[1,1,3,9],"texture":"#2"}}},{"from":[7.4,8.13626,15.48614],"to":[8.6,9.19876,26.73614],"rotation":{"angle":0,"axis":"x","origin":[8,8.66751,21.11114]},"faces":{"north":{"uv":[1,1,3,3],"texture":"#2"},"east":{"uv":[1,1,9,3],"texture":"#2"},"south":{"uv":[1,1,3,3],"texture":"#2"},"west":{"uv":[1,1,9,3],"texture":"#2"},"up":{"uv":[1,1,3,9],"texture":"#2"},"down":{"uv":[1,1,3,9],"texture":"#2"}}},{"from":[7.4006,5.9276,25.02772],"to":[8.5994,6.6776,27.90272],"rotation":{"angle":22.5,"axis":"x","origin":[8,6.3026,25.77772]},"faces":{"north":{"uv":[1,1,2.5,3],"rotation":90,"texture":"#2"},"east":{"uv":[1,1,4,2.5],"texture":"#2"},"south":{"uv":[1,1,2.5,3],"rotation":270,"texture":"#2"},"west":{"uv":[1,1,4,2.5],"rotation":180,"texture":"#2"},"up":{"uv":[1,1,4,3],"rotation":270,"texture":"#2"},"down":{"uv":[1,1,4,3],"rotation":90,"texture":"#2"}}},{"from":[7.4,5.04985,26.30169],"to":[8.5988,9.11235,27.05169],"rotation":{"angle":-22.5,"axis":"x","origin":[7.9994,8.36235,26.67669]},"faces":{"north":{"uv":[1,1,4,3],"rotation":270,"texture":"#2"},"east":{"uv":[1,1,4,2.5],"rotation":270,"texture":"#2"},"south":{"uv":[1,1,4,3],"rotation":270,"texture":"#2"},"west":{"uv":[1,1,4,2.5],"rotation":270,"texture":"#2"},"up":{"uv":[1,1,2.5,3],"rotation":270,"texture":"#2"},"down":{"uv":[1,1,2.5,3],"rotation":270,"texture":"#2"}}},{"from":[7.65,6.98735,19.92669],"to":[8.3488,7.73735,24.98919],"rotation":{"angle":22.5,"axis":"x","origin":[7.9994,7.36235,22.92669]},"faces":{"east":{"uv":[1,1,6.0625,1.75],"texture":"#2"},"west":{"uv":[1,1,6.0625,1.75],"rotation":180,"texture":"#2"},"up":{"uv":[1,1,6.0625,1.6988],"rotation":270,"texture":"#2"},"down":{"uv":[1,1,6.0625,1.6988],"rotation":90,"texture":"#2"}}},{"from":[7.9,6.3572,17.35995],"to":[8.3488,8.9197,18.10995],"rotation":{"angle":45,"axis":"x","origin":[8.02442,7.61617,17.725]},"faces":{"north":{"uv":[1,1,3.5625,1.4488],"rotation":270,"texture":"#2"},"east":{"uv":[1,1,3.5625,1.75],"rotation":270,"texture":"#2"},"south":{"uv":[1,1,3.5625,1.4488],"rotation":270,"texture":"#2"},"west":{"uv":[1,1,3.5625,1.75],"rotation":270,"texture":"#2"}}},{"from":[7.4006,5.267,15.45909],"to":[8.5994,6.8295,16.27159],"rotation":{"angle":45,"axis":"x","origin":[8.0183,5.94774,15.97738]},"faces":{"north":{"uv":[1,1,4,3],"rotation":270,"texture":"#2"},"east":{"uv":[1,1,4,2.5],"rotation":270,"texture":"#2"},"south":{"uv":[1,1,4,3],"rotation":270,"texture":"#2"},"west":{"uv":[1,1,4,2.5],"rotation":270,"texture":"#2"},"up":{"uv":[1,1,2.5,3],"rotation":270,"texture":"#2"},"down":{"uv":[1,1,2.5,3],"rotation":270,"texture":"#2"}}},{"from":[7.4,-1,14.625],"to":[8.6,6,17.625],"rotation":{"angle":-22.5,"axis":"x","origin":[8,-1.25,15.625]},"faces":{"north":{"uv":[1,1,3,15],"texture":"#2"},"east":{"uv":[1,1,7,15],"texture":"#2"},"south":{"uv":[1,1,3,15],"texture":"#2"},"west":{"uv":[1,1,7,15],"texture":"#2"},"up":{"uv":[1,1,3,7],"texture":"#2"},"down":{"uv":[1,1,3,7],"texture":"#2"}}},{"from":[7.25,-0.5,15.125],"to":[8.75,4.875,17.125],"rotation":{"angle":-22.5,"axis":"x","origin":[8,-1.25,15.625]},"faces":{"north":{"uv":[7,8,9,16],"texture":"#1"},"east":{"uv":[13,0,15.999,8],"texture":"#1"},"south":{"uv":[7,0,9,8],"texture":"#1"},"west":{"uv":[0,0,3,8],"texture":"#1"},"up":{"uv":[0,0,2,2.999],"texture":"#1"},"down":{"uv":[14,13,15.999,15.999],"texture":"#1"}}},{"from":[7.25,3.75642,4.53842],"to":[8.75,5.75642,7.53842],"rotation":{"angle":0,"axis":"x","origin":[7.99878,4.74852,6.0342]},"faces":{"north":{"uv":[0,0,2.999,4.999],"rotation":180,"texture":"#1"},"east":{"uv":[0,0,2.999,4.999],"rotation":90,"texture":"#1"},"south":{"uv":[0,0,2.999,4.999],"texture":"#1"},"west":{"uv":[13,0,15.999,4.999],"rotation":270,"texture":"#1"},"up":{"uv":[5,9,6.998,13.998],"texture":"#1"},"down":{"uv":[9,0,10.998,4.999],"rotation":180,"texture":"#1"}}},{"from":[7.7003,2.15589,9.65188],"to":[8.2997,2.65589,13.15188],"rotation":{"angle":0,"axis":"x","origin":[8,2.40589,14.65188]},"faces":{"north":{"uv":[1,1,2,2],"texture":"#2"},"east":{"uv":[1,1,8,2],"texture":"#2"},"south":{"uv":[1,1,2,2],"texture":"#2"},"west":{"uv":[1,1,8,2],"texture":"#2"},"up":{"uv":[1,1,2,8],"texture":"#2"},"down":{"uv":[1,1,2,8],"texture":"#2"}}},{"from":[7.7003,3.03089,11.27688],"to":[8.2997,5.03089,12.77688],"rotation":{"angle":0,"axis":"x","origin":[8,3.28089,14.65188]},"faces":{"north":{"uv":[8,4,9,8],"texture":"#1"},"east":{"uv":[0,0,3,4],"texture":"#1"},"west":{"uv":[13,0,15.999,4],"texture":"#1"},"down":{"uv":[2,11,3,14],"texture":"#1"}}},{"from":[7.7,2.11835,8.96315],"to":[8.3,5.61835,9.46315],"rotation":{"angle":-22.5,"axis":"x","origin":[8,3.86835,9.21315]},"faces":{"north":{"uv":[1,1,8,2],"rotation":90,"texture":"#2"},"east":{"uv":[1,1,8,2],"rotation":90,"texture":"#2"},"south":{"uv":[1,1,8,2],"rotation":90,"texture":"#2"},"west":{"uv":[1,1,8,2],"rotation":90,"texture":"#2"},"up":{"uv":[1,1,2,2],"rotation":90,"texture":"#2"},"down":{"uv":[1,1,2,2],"rotation":90,"texture":"#2"}}},{"from":[6,5.25,11.75],"to":[10,9.25,15.75],"rotation":{"angle":0,"axis":"y","origin":[22,-9.5,26]},"faces":{"east":{"uv":[2,5,10,13],"texture":"#2"},"south":{"uv":[6,3,14,11],"rotation":180,"texture":"#2"},"west":{"uv":[3,5,11,13],"rotation":180,"texture":"#2"},"up":{"uv":[1,1,9,9],"texture":"#2"},"down":{"uv":[1,1,9,9],"texture":"#2"}}},{"from":[7.12,10.744,6.625],"to":[7.296,12.152,14.625],"rotation":{"angle":0,"axis":"y","origin":[7.99877,11.44477,10.63133]},"faces":{"north":{"uv":[0,1,0.352,3.816],"texture":"#2"},"east":{"uv":[0,1,16,3.816],"texture":"#2"},"south":{"uv":[0,1,0.352,3.816],"texture":"#2"},"west":{"uv":[0,1,16,3.816],"texture":"#2"},"up":{"uv":[0,1,16,1.352],"rotation":90,"texture":"#2"},"down":{"uv":[0,1,16,1.352],"rotation":90,"texture":"#2"}}},{"from":[8.70154,10.73753,6.625],"to":[8.87754,12.14553,14.625],"rotation":{"angle":0,"axis":"z","origin":[7.99877,11.44477,10.63133]},"faces":{"north":{"uv":[0,1,0.352,3.816],"rotation":180,"texture":"#2"},"east":{"uv":[0,1,16,3.816],"rotation":180,"texture":"#2"},"south":{"uv":[0,1,0.352,3.816],"rotation":180,"texture":"#2"},"west":{"uv":[0,1,16,3.816],"rotation":180,"texture":"#2"},"up":{"uv":[0,1,16,1.352],"rotation":270,"texture":"#2"},"down":{"uv":[0,1,16,1.352],"rotation":270,"texture":"#2"}}},{"from":[7.298,12.14754,6.625],"to":[8.706,12.32354,14.625],"rotation":{"angle":0,"axis":"z","origin":[7.99877,11.44477,10.63133]},"faces":{"north":{"uv":[0,1,0.352,3.816],"rotation":270,"texture":"#2"},"east":{"uv":[0,1,16,1.352],"rotation":180,"texture":"#2"},"south":{"uv":[0,1,0.352,3.816],"rotation":90,"texture":"#2"},"west":{"uv":[0,1,16,1.352],"rotation":180,"texture":"#2"},"up":{"uv":[0,1,16,3.816],"rotation":90,"texture":"#2"},"down":{"uv":[0,1,16,3.816],"rotation":90,"texture":"#2"}}},{"from":[7.29154,10.566,6.625],"to":[8.69954,10.742,14.625],"rotation":{"angle":0,"axis":"z","origin":[7.99877,11.44477,10.63133]},"faces":{"north":{"uv":[0,1,0.352,3.816],"rotation":90,"texture":"#2"},"east":{"uv":[0,1,16,1.352],"texture":"#2"},"south":{"uv":[0,1,0.352,3.816],"rotation":270,"texture":"#2"},"west":{"uv":[0,1,16,1.352],"texture":"#2"},"up":{"uv":[0,1,16,3.816],"rotation":270,"texture":"#2"},"down":{"uv":[0,1,16,3.816],"rotation":270,"texture":"#2"}}},{"from":[6.74999,7.95367,12.375],"to":[9.24999,10.45367,13.375],"rotation":{"angle":-45,"axis":"z","origin":[8.01176,9.20218,13.37709]},"faces":{"north":{"uv":[1,1,5,5],"texture":"#2"},"south":{"uv":[1,1,5,5],"texture":"#2"},"west":{"uv":[1,1,5,5],"texture":"#2"},"up":{"uv":[1,1,5,5],"texture":"#2"}}},{"from":[6.74999,7.95367,7.875],"to":[9.24999,10.45367,8.875],"rotation":{"angle":-45,"axis":"z","origin":[8.01176,9.20218,8.37709]},"faces":{"north":{"uv":[1,1,5,5],"texture":"#2"},"south":{"uv":[1,1,5,5],"texture":"#2"},"west":{"uv":[1,1,5,5],"texture":"#2"},"up":{"uv":[1,1,5,5],"texture":"#2"}}},{"from":[6.4,5.65,3.25],"to":[9.6,8.85,5.5],"rotation":{"angle":0,"axis":"y","origin":[19.2,-6.15,26]},"faces":{"north":{"uv":[4,3,11.998,10.998],"texture":"#2"},"east":{"uv":[4,3,9.999,10.999],"texture":"#2"},"west":{"uv":[4,3,9.999,10.999],"texture":"#2"},"up":{"uv":[9,6,14.999,13.998],"rotation":90,"texture":"#2"},"down":{"uv":[4,3,9.999,10.999],"rotation":90,"texture":"#2"}}},{"from":[7,6.25,-0.25],"to":[9,8.25,5],"rotation":{"angle":45,"axis":"z","origin":[8,7.25,0]},"faces":{"north":{"uv":[0,0,4,4],"texture":"#4"},"east":{"uv":[0,0,1,4],"texture":"#4"},"west":{"uv":[0,0,1,4],"texture":"#4"},"up":{"uv":[0,0,4,1],"texture":"#4"},"down":{"uv":[0,0,4,1],"texture":"#4"}}},{"from":[6.38,5.63,-4.0625],"to":[9.62,8.87,-3.5625],"rotation":{"angle":45,"axis":"z","origin":[8,7.25,-2.3125]},"faces":{"north":{"uv":[0,0,4,4],"texture":"#3"},"east":{"uv":[0,0,1,4],"texture":"#3"},"south":{"uv":[0,0,4,4],"texture":"#3"},"west":{"uv":[0,0,1,4],"texture":"#3"},"up":{"uv":[0,0,4,1],"texture":"#3"},"down":{"uv":[0,0,4,1],"texture":"#3"}}},{"from":[6.95,6.2,-6.25],"to":[9.05,8.3,-5.75],"rotation":{"angle":45,"axis":"z","origin":[8,7.25,-4.5]},"faces":{"north":{"uv":[0,0,4,4],"texture":"#3"},"east":{"uv":[0,0,1,4],"texture":"#3"},"south":{"uv":[0,0,4,4],"texture":"#3"},"west":{"uv":[0,0,1,4],"texture":"#3"},"up":{"uv":[0,0,4,1],"texture":"#3"},"down":{"uv":[0,0,4,1],"texture":"#3"}}},{"from":[5.57,4.82,-1.875],"to":[10.43,9.68,-1.375],"rotation":{"angle":45,"axis":"z","origin":[8,7.25,-0.125]},"faces":{"north":{"uv":[0,0,4,4],"texture":"#3"},"east":{"uv":[0,0,1,4],"texture":"#3"},"south":{"uv":[0,0,4,4],"texture":"#3"},"west":{"uv":[0,0,1,4],"texture":"#3"},"up":{"uv":[0,0,4,1],"texture":"#3"},"down":{"uv":[0,0,4,1],"texture":"#3"}}},{"from":[6.38,5.63,-5.1875],"to":[9.62,8.87,-4.6875],"rotation":{"angle":0,"axis":"z","origin":[8,7.25,-2.5625]},"faces":{"north":{"uv":[0,0,4,4],"texture":"#5"},"east":{"uv":[0,0,1,4],"texture":"#5"},"south":{"uv":[0,0,4,4],"texture":"#5"},"west":{"uv":[0,0,1,4],"texture":"#5"},"up":{"uv":[0,0,4,1],"texture":"#5"},"down":{"uv":[0,0,4,1],"texture":"#5"}}},{"from":[5.57,4.82,-3],"to":[10.43,9.68,-2.5],"rotation":{"angle":0,"axis":"z","origin":[8,7.25,-0.375]},"faces":{"north":{"uv":[0,0,4,4],"texture":"#5"},"east":{"uv":[0,0,1,4],"texture":"#5"},"south":{"uv":[0,0,4,4],"texture":"#5"},"west":{"uv":[0,0,1,4],"texture":"#5"},"up":{"uv":[0,0,4,1],"texture":"#5"},"down":{"uv":[0,0,4,1],"texture":"#5"}}},{"from":[7.175,6.425,-8.375],"to":[8.825,8.075,-6.625],"rotation":{"angle":0,"axis":"z","origin":[8,7.25,-1.75]},"faces":{"north":{"uv":[0,0,3.3,3.3],"texture":"#4"},"east":{"uv":[0,0,3.5,3.3],"texture":"#4"},"south":{"uv":[0,0,3.3,3.3],"texture":"#4"},"west":{"uv":[0,0,3.5,3.3],"texture":"#4"},"up":{"uv":[0,0,3.3,3.5],"texture":"#4"},"down":{"uv":[0,0,3.3,3.5],"texture":"#4"}}},{"from":[7.3,6.55,-8.5],"to":[8.7,7.95,4.5],"rotation":{"angle":0,"axis":"z","origin":[8,7.25,4.75]},"faces":{"north":{"uv":[6,6,10,10],"texture":"#8"},"east":{"uv":[0,0,13,2.8],"texture":"#4"},"south":{"uv":[0,0,2.8,2.8],"texture":"#4"},"west":{"uv":[0,0,13,2.8],"texture":"#4"},"up":{"uv":[0,0,2.8,13],"texture":"#4"},"down":{"uv":[0,0,2.8,13],"texture":"#4"}}},{"from":[6.12,5.37,9.5],"to":[9.88,9.13,10.75],"rotation":{"angle":0,"axis":"y","origin":[8.00472,7.24652,10.12368]},"faces":{"east":{"uv":[0,0,2.5,8],"texture":"#0"},"west":{"uv":[0,0,2.5,8],"texture":"#0"},"up":{"uv":[0,0,8,2.5],"texture":"#0"},"down":{"uv":[0,0,8,2.5],"texture":"#0"}}},{"from":[5.6,4.85,10.75],"to":[10.4,9.65,11.75],"rotation":{"angle":0,"axis":"y","origin":[8,7.25,11.375]},"faces":{"north":{"uv":[1,1,10.6,10.6],"texture":"#2"},"east":{"uv":[1,1,3,10.6],"texture":"#2"},"south":{"uv":[1,1,10.6,10.6],"texture":"#2"},"west":{"uv":[1,1,3,10.6],"texture":"#2"},"up":{"uv":[1,1,10.6,3],"texture":"#2"},"down":{"uv":[1,1,10.6,3],"texture":"#2"}}},{"from":[5.475,6.77,11],"to":[6.025,7.73,12],"rotation":{"angle":0,"axis":"y","origin":[8,7.25,11.375]},"faces":{"east":{"uv":[6,1,8,2.92],"texture":"#7"},"south":{"uv":[6,1,7.1,2.92],"texture":"#7"},"west":{"uv":[6,1,8,2.92],"texture":"#7"},"up":{"uv":[6,1,7.1,3],"texture":"#7"},"down":{"uv":[6,1,7.1,3],"texture":"#7"}}},{"from":[9.975,6.77,11],"to":[10.525,7.73,12],"rotation":{"angle":0,"axis":"y","origin":[8,7.25,11.375]},"faces":{"east":{"uv":[8,2.92,6,1],"texture":"#7"},"south":{"uv":[7.1,2.92,6,1],"texture":"#7"},"west":{"uv":[8,2.92,6,1],"texture":"#7"},"up":{"uv":[7.1,3,6,1],"texture":"#7"},"down":{"uv":[7.1,3,6,1],"texture":"#7"}}},{"from":[5.475,6.77,8.5],"to":[5.65,7.73,11],"rotation":{"angle":0,"axis":"y","origin":[8,7.25,11.375]},"faces":{"east":{"uv":[1,1,6,2.92],"texture":"#7"},"west":{"uv":[1,1,6,2.92],"texture":"#7"},"up":{"uv":[1,1,1.35,6],"texture":"#7"},"down":{"uv":[1,1,1.35,6],"texture":"#7"}}},{"from":[10.35,6.77,8.5],"to":[10.525,7.73,11],"rotation":{"angle":0,"axis":"y","origin":[8,7.25,11.375]},"faces":{"east":{"uv":[6,2.92,1,1],"texture":"#7"},"west":{"uv":[6,2.92,1,1],"texture":"#7"},"up":{"uv":[1.35,6,1,1],"texture":"#7"},"down":{"uv":[1.35,6,1,1],"texture":"#7"}}},{"from":[5.725,6.77,12],"to":[6.025,7.73,12.75],"rotation":{"angle":0,"axis":"y","origin":[8,7.25,11.375]},"faces":{"west":{"uv":[1,1,2.5,2.92],"texture":"#7"},"up":{"uv":[1,1,1.6,2.5],"texture":"#7"},"down":{"uv":[1,1,1.6,2.5],"texture":"#7"}}},{"from":[9.975,6.77,12],"to":[10.275,7.73,12.75],"rotation":{"angle":0,"axis":"y","origin":[8,7.25,11.375]},"faces":{"east":{"uv":[2.5,2.92,1,1],"texture":"#7"},"up":{"uv":[1.6,2.5,1,1],"texture":"#7"},"down":{"uv":[1.6,2.5,1,1],"texture":"#7"}}},{"from":[5.725,6.52,12.75],"to":[6.025,7.98,14.25],"rotation":{"angle":0,"axis":"y","origin":[8,7.25,11.375]},"faces":{"north":{"uv":[3,3,3.6,5.92],"texture":"#7"},"east":{"uv":[3,3,6,5.92],"texture":"#7"},"south":{"uv":[3,3,3.6,5.92],"texture":"#7"},"west":{"uv":[3,3,6,5.92],"texture":"#7"},"up":{"uv":[3,3,3.6,6],"texture":"#7"},"down":{"uv":[3,3,3.6,6],"texture":"#7"}}},{"from":[9.975,6.52,12.75],"to":[10.275,7.98,14.25],"rotation":{"angle":0,"axis":"y","origin":[8,7.25,11.375]},"faces":{"north":{"uv":[3.6,5.92,3,3],"texture":"#7"},"east":{"uv":[6,5.92,3,3],"texture":"#7"},"south":{"uv":[3.6,5.92,3,3],"texture":"#7"},"west":{"uv":[6,5.92,3,3],"texture":"#7"},"up":{"uv":[3.6,6,3,3],"texture":"#7"},"down":{"uv":[3.6,6,3,3],"texture":"#7"}}},{"from":[5.475,6.52,7],"to":[5.775,7.98,8.5],"rotation":{"angle":0,"axis":"y","origin":[8,7.25,11.375]},"faces":{"north":{"uv":[3,3,3.6,5.92],"texture":"#7"},"east":{"uv":[3,3,6,5.92],"texture":"#7"},"south":{"uv":[3,3,3.6,5.92],"texture":"#7"},"west":{"uv":[3,3,6,5.92],"texture":"#7"},"up":{"uv":[3,3,3.6,6],"texture":"#7"},"down":{"uv":[3,3,3.6,6],"texture":"#7"}}},{"from":[10.225,6.52,7],"to":[10.525,7.98,8.5],"rotation":{"angle":0,"axis":"y","origin":[8,7.25,11.375]},"faces":{"north":{"uv":[3.6,5.92,3,3],"texture":"#7"},"east":{"uv":[6,5.92,3,3],"texture":"#7"},"south":{"uv":[3.6,5.92,3,3],"texture":"#7"},"west":{"uv":[6,5.92,3,3],"texture":"#7"},"up":{"uv":[3.6,6,3,3],"texture":"#7"},"down":{"uv":[3.6,6,3,3],"texture":"#7"}}},{"from":[4.85,6.625,7.125],"to":[5.525,7.875,8.375],"rotation":{"angle":0,"axis":"y","origin":[8,7.98,11.375]},"faces":{"north":{"uv":[0,0,1.35,2.42],"texture":"#6"},"south":{"uv":[0,0,1.35,2.42],"texture":"#6"},"west":{"uv":[0,0,2.5,2.42],"texture":"#6"},"up":{"uv":[0,0,1.35,2.5],"texture":"#6"},"down":{"uv":[0,0,1.35,2.5],"texture":"#6"}}},{"from":[10.475,6.625,7.125],"to":[11.15,7.875,8.375],"rotation":{"angle":0,"axis":"y","origin":[8,6.52,11.375]},"faces":{"north":{"uv":[1.35,2.42,0,0],"texture":"#6"},"east":{"uv":[2.5,2.42,0,0],"texture":"#6"},"south":{"uv":[1.35,2.42,0,0],"texture":"#6"},"up":{"uv":[1.35,2.5,0,0],"texture":"#6"},"down":{"uv":[1.35,2.5,0,0],"texture":"#6"}}},{"from":[6.08,5.33,5.5],"to":[9.92,9.17,9.5],"rotation":{"angle":0,"axis":"y","origin":[8,7.25,11.375]},"faces":{"north":{"uv":[1,1,10.6,10.6],"texture":"#2"},"east":{"uv":[1,1,9,10.6],"texture":"#2"},"south":{"uv":[1,1,10.6,10.6],"texture":"#2"},"west":{"uv":[1,1,9,10.6],"texture":"#2"},"up":{"uv":[1,1,10.6,9],"texture":"#2"},"down":{"uv":[1,1,10.6,9],"texture":"#2"}}},{"from":[7.125,5,11.625],"to":[8.875,5.25,15.625],"rotation":{"angle":0,"axis":"y","origin":[22,-9.5,26]},"faces":{"north":{"uv":[1,1,4.5,1.5],"texture":"#2"},"east":{"uv":[1,1,9,1.5],"texture":"#2"},"south":{"uv":[1,1,4.5,1.5],"texture":"#2"},"west":{"uv":[1,1,9,1.5],"texture":"#2"},"up":{"uv":[1,1,4.5,9],"texture":"#2"},"down":{"uv":[1,1,4.5,9],"texture":"#2"}}},{"from":[7.296,10.744,6.875],"to":[8.704,12.152,14.375],"rotation":{"angle":0,"axis":"y","origin":[7.99877,11.44477,10.63133]},"faces":{"north":{"uv":[1,1,3,3],"texture":"#9"},"south":{"uv":[1,1,3,3],"texture":"#9"}}}],"display":{"thirdperson_righthand":{"rotation":[14.25,0,0],"translation":[-2,2.25,-2.75],"scale":[0.6,0.6,0.6]},"thirdperson_lefthand":{"rotation":[14.25,0,0],"translation":[-2,2.25,-2.75],"scale":[0.6,0.6,0.6]},"firstperson_righthand":{"rotation":[22.5,0,0],"translation":[0,3.5,-2.25],"scale":[0.5,0.5,0.5]},"firstperson_lefthand":{"rotation":[22.5,0,0],"translation":[0,3.5,-2.25],"scale":[0.5,0.5,0.5]},"ground":{"translation":[0,2.5,0],"scale":[0.6,0.6,0.6]},"gui":{"rotation":[30,-135,0],"translation":[1,0.5,0],"scale":[0.5,0.5,0.5]},"head":{"scale":[0.6,0.6,0.6]},"fixed":{"rotation":[0,90,0],"translation":[-1,1,0],"scale":[0.5,0.5,0.5]}},"groups":[{"name":"group","origin":[8,13.11835,1.58815],"children":[0,1,2,3,4,5,6,7,8,9,10,11,12,13,14,15,16,17,18,19,20,21,22,23,24,25,26,27,28,29,30,31,32,33,34,35,36,37,38,39,40,41,42,43,44]},45],"credit":"Model by Craftventure"}