{"sources":[{"type":"directory","source":"entity/seaserpent","prefix":"entity/seaserpent/"},{"type":"directory","source":"custom","prefix":"custom/"},{"type":"directory","source":"gui/button","prefix":"gui/button/"},{"type":"directory","source":"gui/slot","prefix":"gui/slot/"},{"type":"directory","source":"entity/parrot","prefix":"entity/parrot/"},{"type":"directory","source":"entity/fish","prefix":"entity/fish/"},{"type":"directory","source":"entity/horse","prefix":"entity/horse/"},{"type":"directory","source":"entity/zombie","prefix":"entity/zombie/"},{"type":"directory","source":"entity/bear","prefix":"entity/bear/"},{"type":"directory","source":"entity/rabbit","prefix":"entity/rabbit/"},{"type":"directory","source":"entity/skeleton","prefix":"entity/skeleton/"},{"type":"directory","source":"entity/turtle","prefix":"entity/turtle/"},{"type":"single","resource":"models/armor/gold_layer_1"},{"type":"single","resource":"entity/dolphin"}],"credit":"Model by Craftventure"}