{"textures":{"0":"block/dark_prismarine","2":"block/anvil","particle":"block/dark_prismarine"},"elements":[{"from":[9,2,7],"to":[11,4,9],"faces":{"north":{"uv":[0,0,2,2],"texture":"#0"},"east":{"uv":[0,0,2,2],"texture":"#0"},"south":{"uv":[0,0,2,2],"texture":"#0"},"west":{"uv":[0,0,2,2],"texture":"#0"},"up":{"uv":[0,0,2,2],"texture":"#0"},"down":{"uv":[0,0,2,2],"texture":"#0"}}},{"from":[5,2,7],"to":[7,4,9],"faces":{"north":{"uv":[0,0,2,2],"texture":"#0"},"east":{"uv":[0,0,2,2],"texture":"#0"},"south":{"uv":[0,0,2,2],"texture":"#0"},"west":{"uv":[0,0,2,2],"texture":"#0"},"up":{"uv":[0,0,2,2],"texture":"#0"},"down":{"uv":[0,0,2,2],"texture":"#0"}}},{"from":[-0.60761,8.15337,6.99544],"to":[1.39239,10.15337,8.99544],"faces":{"north":{"uv":[0,0,2,2],"texture":"#0"},"east":{"uv":[0,0,2,2],"texture":"#0"},"south":{"uv":[0,0,2,2],"texture":"#0"},"west":{"uv":[0,0,2,2],"texture":"#0"},"up":{"uv":[0,0,2,2],"texture":"#0"},"down":{"uv":[0,0,2,2],"texture":"#0"}}},{"from":[14.60894,8.15013,7],"to":[16.60894,10.15013,9],"faces":{"north":{"uv":[0,0,2,2],"texture":"#0"},"east":{"uv":[0,0,2,2],"texture":"#0"},"south":{"uv":[0,0,2,2],"texture":"#0"},"west":{"uv":[0,0,2,2],"texture":"#0"},"up":{"uv":[0,0,2,2],"texture":"#0"},"down":{"uv":[0,0,2,2],"texture":"#0"}}},{"from":[7,4,7],"to":[9,29,9],"faces":{"north":{"uv":[0,0,2,16],"texture":"#0"},"east":{"uv":[0,0,2,16],"texture":"#0"},"south":{"uv":[0,0,2,16],"texture":"#0"},"west":{"uv":[0,0,2,16],"texture":"#0"},"up":{"uv":[0,0,2,2],"texture":"#0"},"down":{"uv":[0,0,2,2],"texture":"#0"}}},{"from":[1.61104,3.07193,7],"to":[5.61104,5.07193,9],"rotation":{"angle":-22.5,"axis":"z","origin":[2.61104,4.07193,8]},"faces":{"north":{"uv":[0,0,4,2],"texture":"#0"},"east":{"uv":[0,0,2,2],"texture":"#0"},"south":{"uv":[0,0,4,2],"texture":"#0"},"west":{"uv":[0,0,2,2],"texture":"#0"},"up":{"uv":[0,0,4,2],"texture":"#0"},"down":{"uv":[0,0,4,2],"texture":"#0"}}},{"from":[10.42702,2.88059,7],"to":[14.42702,4.88059,9],"rotation":{"angle":22.5,"axis":"z","origin":[12.92702,3.88059,8]},"faces":{"north":{"uv":[0,0,4,2],"texture":"#0"},"east":{"uv":[0,0,2,2],"texture":"#0"},"south":{"uv":[0,0,4,2],"texture":"#0"},"west":{"uv":[0,0,2,2],"texture":"#0"},"up":{"uv":[0,0,4,2],"texture":"#0"},"down":{"uv":[0,0,4,2],"texture":"#0"}}},{"from":[13.72835,3.72312,7],"to":[15.72835,8.72312,9],"rotation":{"angle":-22.5,"axis":"z","origin":[14.72835,6.22312,8]},"faces":{"north":{"uv":[0,0,5,2],"rotation":90,"texture":"#0"},"east":{"uv":[0,0,5,2],"rotation":270,"texture":"#0"},"south":{"uv":[0,0,5,2],"rotation":270,"texture":"#0"},"west":{"uv":[0,0,5,2],"rotation":270,"texture":"#0"},"up":{"uv":[0,0,2,2],"rotation":270,"texture":"#0"},"down":{"uv":[0,0,2,2],"rotation":270,"texture":"#0"}}},{"from":[0.27232,3.72473,6.99772],"to":[2.27232,8.72473,8.99772],"rotation":{"angle":22.5,"axis":"z","origin":[1.27232,6.22473,7.99772]},"faces":{"north":{"uv":[0,0,5,2],"rotation":270,"texture":"#0"},"east":{"uv":[0,0,5,2],"rotation":90,"texture":"#0"},"south":{"uv":[0,0,5,2],"rotation":90,"texture":"#0"},"west":{"uv":[0,0,5,2],"rotation":90,"texture":"#0"},"up":{"uv":[0,0,2,2],"rotation":90,"texture":"#0"},"down":{"uv":[0,0,2,2],"rotation":90,"texture":"#0"}}},{"from":[-1.00699,9.50392,6.50307],"to":[1.99301,12.50392,9.50307],"rotation":{"angle":45,"axis":"z","origin":[0.49301,11.00392,8.00307]},"faces":{"north":{"uv":[0,0,3,3],"rotation":180,"texture":"#0"},"east":{"uv":[0,0,3,3],"rotation":90,"texture":"#0"},"south":{"uv":[0,0,3,3],"texture":"#0"},"west":{"uv":[0,0,3,3],"rotation":270,"texture":"#0"},"up":{"uv":[0,0,3,3],"texture":"#0"},"down":{"uv":[0,0,3,3],"rotation":180,"texture":"#0"}}},{"from":[0.5,21.5,6.5],"to":[3,24.5,9.5],"faces":{"north":{"uv":[0,0,2.5,3],"rotation":180,"texture":"#0"},"east":{"uv":[0,0,3,3],"rotation":90,"texture":"#0"},"south":{"uv":[0,0,2.5,3],"texture":"#0"},"west":{"uv":[0,0,3,3],"rotation":270,"texture":"#0"},"up":{"uv":[0,0,2.5,3],"texture":"#0"},"down":{"uv":[0,0,2.5,3],"rotation":180,"texture":"#0"}}},{"from":[6.5,20.5,6.5],"to":[9.5,25.5,9.5],"faces":{"north":{"uv":[0,0,3,5],"rotation":180,"texture":"#2"},"east":{"uv":[0,0,5,3],"rotation":90,"texture":"#2"},"south":{"uv":[0,0,3,5],"texture":"#2"},"west":{"uv":[0,0,5,3],"rotation":270,"texture":"#2"},"up":{"uv":[0,0,3,3],"texture":"#2"},"down":{"uv":[0,0,3,3],"rotation":180,"texture":"#2"}}},{"from":[6.5,27.5,6.5],"to":[9.5,28.5,9.5],"faces":{"north":{"uv":[0,0,3,1],"rotation":180,"texture":"#0"},"east":{"uv":[0,0,1,3],"rotation":90,"texture":"#0"},"south":{"uv":[0,0,3,1],"texture":"#0"},"west":{"uv":[0,0,1,3],"rotation":270,"texture":"#0"},"up":{"uv":[0,0,3,3],"texture":"#0"},"down":{"uv":[0,0,3,3],"rotation":180,"texture":"#0"}}},{"from":[13,21.5,6.5],"to":[15.5,24.5,9.5],"faces":{"north":{"uv":[0,0,2.5,3],"rotation":180,"texture":"#0"},"east":{"uv":[0,0,3,3],"rotation":90,"texture":"#0"},"south":{"uv":[0,0,2.5,3],"texture":"#0"},"west":{"uv":[0,0,3,3],"rotation":270,"texture":"#0"},"up":{"uv":[0,0,2.5,3],"texture":"#0"},"down":{"uv":[0,0,2.5,3],"rotation":180,"texture":"#0"}}},{"from":[13.99302,9.49868,6.5083],"to":[16.99302,12.49868,9.5083],"rotation":{"angle":-45,"axis":"z","origin":[15.49302,10.99868,8.0083]},"faces":{"north":{"uv":[0,0,3,3],"rotation":180,"texture":"#0"},"east":{"uv":[0,0,3,3],"rotation":90,"texture":"#0"},"south":{"uv":[0,0,3,3],"texture":"#0"},"west":{"uv":[0,0,3,3],"rotation":270,"texture":"#0"},"up":{"uv":[0,0,3,3],"texture":"#0"},"down":{"uv":[0,0,3,3],"rotation":180,"texture":"#0"}}},{"from":[9,22,7],"to":[17,24,9],"faces":{"north":{"uv":[0,0,8,2],"texture":"#0"},"east":{"uv":[0,0,2,2],"texture":"#0"},"south":{"uv":[0,0,8,2],"texture":"#0"},"west":{"uv":[0,0,2,2],"texture":"#0"},"up":{"uv":[0,0,8,2],"texture":"#0"},"down":{"uv":[0,0,8,2],"texture":"#0"}}},{"from":[-1,22,7],"to":[7,24,9],"faces":{"north":{"uv":[0,0,8,2],"texture":"#0"},"east":{"uv":[0,0,2,2],"texture":"#0"},"south":{"uv":[0,0,8,2],"texture":"#0"},"west":{"uv":[0,0,2,2],"texture":"#0"},"up":{"uv":[0,0,8,2],"texture":"#0"},"down":{"uv":[0,0,8,2],"texture":"#0"}}},{"from":[6.5,1.5,6.5],"to":[9.5,4.5,9.5],"faces":{"north":{"uv":[0,0,3,3],"rotation":180,"texture":"#2"},"east":{"uv":[0,0,3,3],"rotation":90,"texture":"#2"},"south":{"uv":[0,0,3,3],"texture":"#2"},"west":{"uv":[0,0,3,3],"rotation":270,"texture":"#2"},"up":{"uv":[0,0,3,3],"texture":"#2"},"down":{"uv":[0,0,3,3],"rotation":180,"texture":"#2"}}},{"from":[7,1,7],"to":[9,3,9],"faces":{"north":{"uv":[0,0,2,2],"texture":"#2"},"east":{"uv":[0,0,2,2],"texture":"#2"},"south":{"uv":[0,0,2,2],"texture":"#2"},"west":{"uv":[0,0,2,2],"texture":"#2"},"up":{"uv":[0,0,2,2],"texture":"#2"},"down":{"uv":[0,0,2,2],"texture":"#2"}}}],"display":{"gui":{"rotation":[-10,-156,33],"translation":[-1.75,-2.75,0],"scale":[0.5,0.5,0.5]},"head":{"rotation":[-157,-24,79],"translation":[4.75,11,0],"scale":[1.1,1.1,1.1]}},"credit":"Model by Craftventure"}