{"textures":{"0":"block/spruce_planks"},"elements":[{"name":"geweibase1","from":[7,6,7],"to":[9,9,9],"rotation":{"angle":-45,"axis":"z","origin":[8,4,8]},"faces":{"north":{"uv":[0,0,2,3],"texture":"#0"},"east":{"uv":[0,0,2,3],"texture":"#0"},"south":{"uv":[0,0,2,3],"texture":"#0"},"west":{"uv":[0,0,2,3],"texture":"#0"},"up":{"uv":[0,0,2,2],"texture":"#0"},"down":{"uv":[0,0,2,2],"texture":"#0"}}},{"name":"geweibase2","from":[13,7,7.2],"to":[15.6,8.6,8.8],"rotation":{"angle":22.5,"axis":"z","origin":[13,3,8]},"faces":{"north":{"uv":[0,0,2.6,1.6],"texture":"#0"},"east":{"uv":[0,0,1.6,1.6],"texture":"#0"},"south":{"uv":[0,0,2.6,1.6],"texture":"#0"},"west":{"uv":[0,0,1.6,1.6],"texture":"#0"},"up":{"uv":[0,0,2.6,1.6],"texture":"#0"},"down":{"uv":[0,0,2.6,1.6],"texture":"#0"}}},{"name":"geweibase3","from":[13,7.8,7.4],"to":[15.3,9,8.6],"faces":{"north":{"uv":[0,0,2.3,1.2],"texture":"#0"},"east":{"uv":[0,0,1.2,1.2],"texture":"#0"},"south":{"uv":[0,0,2.3,1.2],"texture":"#0"},"west":{"uv":[0,0,1.2,1.2],"texture":"#0"},"up":{"uv":[0,0,2.3,1.2],"texture":"#0"},"down":{"uv":[0,0,2.3,1.2],"texture":"#0"}}},{"name":"geweibase4","from":[15,7.8,7.6],"to":[17,8.6,8.4],"rotation":{"angle":-22.5,"axis":"z","origin":[15.8,8,8]},"faces":{"north":{"uv":[0,0,2,0.8],"texture":"#0"},"east":{"uv":[0,0,0.8,0.8],"texture":"#0"},"south":{"uv":[0,0,2,0.8],"texture":"#0"},"west":{"uv":[0,0,0.8,0.8],"texture":"#0"},"up":{"uv":[0,0,2,0.8],"texture":"#0"},"down":{"uv":[0,0,2,0.8],"texture":"#0"}}},{"name":"geweibase5","from":[16.8,7.4,7.7],"to":[18.2,8,8.3],"faces":{"north":{"uv":[0,0,1.4,0.6],"texture":"#0"},"east":{"uv":[0,0,0.6,0.6],"texture":"#0"},"south":{"uv":[0,0,1.4,0.6],"texture":"#0"},"west":{"uv":[0,0,0.6,0.6],"texture":"#0"},"up":{"uv":[0,0,1.4,0.6],"texture":"#0"},"down":{"uv":[0,0,1.4,0.6],"texture":"#0"}}},{"name":"geweibase6","from":[16.8,7.4,7.7],"to":[18.2,8,8.3],"rotation":{"angle":22.5,"axis":"z","origin":[17.6,11,8]},"faces":{"north":{"uv":[0,0,1.4,0.6],"texture":"#0"},"east":{"uv":[0,0,0.6,0.6],"texture":"#0"},"south":{"uv":[0,0,1.4,0.6],"texture":"#0"},"west":{"uv":[0,0,0.6,0.6],"texture":"#0"},"up":{"uv":[0,0,1.4,0.6],"texture":"#0"},"down":{"uv":[0,0,1.4,0.6],"texture":"#0"}}},{"name":"geweibase7","from":[16.7,7.5,7.8],"to":[18.2,7.9,8.2],"rotation":{"angle":45,"axis":"z","origin":[17.6,11,8]},"faces":{"north":{"uv":[0,0,1.5,0.4],"texture":"#0"},"east":{"uv":[0,0,0.4,0.4],"texture":"#0"},"south":{"uv":[0,0,1.5,0.4],"texture":"#0"},"west":{"uv":[0,0,0.4,0.4],"texture":"#0"},"up":{"uv":[0,0,1.5,0.4],"texture":"#0"},"down":{"uv":[0,0,1.5,0.4],"texture":"#0"}}},{"name":"uit1.1","from":[15.4,8.1,7.7],"to":[17.4,8.7,8.3],"rotation":{"angle":22.5,"axis":"z","origin":[15.8,8,8]},"faces":{"north":{"uv":[0,0,2,0.6],"texture":"#0"},"east":{"uv":[0,0,0.6,0.6],"texture":"#0"},"south":{"uv":[0,0,2,0.6],"texture":"#0"},"west":{"uv":[0,0,0.6,0.6],"texture":"#0"},"up":{"uv":[0,0,2,0.6],"texture":"#0"},"down":{"uv":[0,0,2,0.6],"texture":"#0"}}},{"name":"uit1.2","from":[16.1,8.1,7.8],"to":[17.7,8.5,8.2],"rotation":{"angle":45,"axis":"z","origin":[15.9,9.6,8]},"faces":{"north":{"uv":[0,0,1.6,0.4],"texture":"#0"},"east":{"uv":[0,0,0.4,0.4],"texture":"#0"},"south":{"uv":[0,0,1.6,0.4],"texture":"#0"},"west":{"uv":[0,0,0.4,0.4],"texture":"#0"},"up":{"uv":[0,0,1.6,0.4],"texture":"#0"},"down":{"uv":[0,0,1.6,0.4],"texture":"#0"}}},{"name":"uit2.1","from":[16.1,6.4,7.4],"to":[18.4,7.6,8.6],"rotation":{"angle":45,"axis":"z","origin":[13,3,8]},"faces":{"north":{"uv":[0,0,2.3,1.2],"texture":"#0"},"east":{"uv":[0,0,1.2,1.2],"texture":"#0"},"south":{"uv":[0,0,2.3,1.2],"texture":"#0"},"west":{"uv":[0,0,1.2,1.2],"texture":"#0"},"up":{"uv":[0,0,2.3,1.2],"texture":"#0"},"down":{"uv":[0,0,2.3,1.2],"texture":"#0"}}},{"name":"uit2.2","from":[17.1,6.4,7.6],"to":[17.9,8.2,8.4],"rotation":{"angle":-22.5,"axis":"z","origin":[23.4,17,8]},"faces":{"north":{"uv":[0,0,0.8,1.8],"texture":"#0"},"east":{"uv":[0,0,0.8,1.8],"texture":"#0"},"south":{"uv":[0,0,0.8,1.8],"texture":"#0"},"west":{"uv":[0,0,0.8,1.8],"texture":"#0"},"up":{"uv":[0,0,0.8,0.8],"texture":"#0"},"down":{"uv":[0,0,0.8,0.8],"texture":"#0"}}},{"name":"uit2.3","from":[14.3,10.8,7.7],"to":[14.9,12.6,8.3],"faces":{"north":{"uv":[0,0,0.6,1.8],"texture":"#0"},"east":{"uv":[0,0,0.6,1.8],"texture":"#0"},"south":{"uv":[0,0,0.6,1.8],"texture":"#0"},"west":{"uv":[0,0,0.6,1.8],"texture":"#0"},"up":{"uv":[0,0,0.6,0.6],"texture":"#0"},"down":{"uv":[0,0,0.6,0.6],"texture":"#0"}}},{"name":"uit2.4","from":[16.8,9,7.8],"to":[17.2,10.8,8.2],"rotation":{"angle":-22.5,"axis":"z","origin":[23.4,17,8]},"faces":{"north":{"uv":[0,0,0.4,1.8],"texture":"#0"},"east":{"uv":[0,0,0.4,1.8],"texture":"#0"},"south":{"uv":[0,0,0.4,1.8],"texture":"#0"},"west":{"uv":[0,0,0.4,1.8],"texture":"#0"},"up":{"uv":[0,0,0.4,0.4],"texture":"#0"},"down":{"uv":[0,0,0.4,0.4],"texture":"#0"}}},{"name":"uit2.5","from":[17.8,9,7.8],"to":[18.2,10.8,8.2],"rotation":{"angle":-45,"axis":"z","origin":[16.4,14,8]},"faces":{"north":{"uv":[0,0,0.4,1.8],"texture":"#0"},"east":{"uv":[0,0,0.4,1.8],"texture":"#0"},"south":{"uv":[0,0,0.4,1.8],"texture":"#0"},"west":{"uv":[0,0,0.4,1.8],"texture":"#0"},"up":{"uv":[0,0,0.4,0.4],"texture":"#0"},"down":{"uv":[0,0,0.4,0.4],"texture":"#0"}}},{"name":"uit2.6","from":[17.8,9,7.8],"to":[19.2,9.4,8.2],"rotation":{"angle":22.5,"axis":"z","origin":[13.4,3,8]},"faces":{"north":{"uv":[0,0,1.4,0.4],"texture":"#0"},"east":{"uv":[0,0,0.4,0.4],"texture":"#0"},"south":{"uv":[0,0,1.4,0.4],"texture":"#0"},"west":{"uv":[0,0,0.4,0.4],"texture":"#0"},"up":{"uv":[0,0,1.4,0.4],"texture":"#0"},"down":{"uv":[0,0,1.4,0.4],"texture":"#0"}}},{"name":"uit3.1","from":[16.8,9,7.4],"to":[18,11.2,8.6],"rotation":{"angle":-22.5,"axis":"z","origin":[8.4,26,8]},"faces":{"north":{"uv":[0,0,1.2,2.2],"texture":"#0"},"east":{"uv":[0,0,1.2,2.2],"texture":"#0"},"south":{"uv":[0,0,1.2,2.2],"texture":"#0"},"west":{"uv":[0,0,1.2,2.2],"texture":"#0"},"up":{"uv":[0,0,1.2,1.2],"texture":"#0"},"down":{"uv":[0,0,1.2,1.2],"texture":"#0"}}},{"name":"uit3.2","from":[10.4,8.6,7.4],"to":[11.6,10.8,8.6],"faces":{"north":{"uv":[0,0,1.2,2.2],"texture":"#0"},"east":{"uv":[0,0,1.2,2.2],"texture":"#0"},"south":{"uv":[0,0,1.2,2.2],"texture":"#0"},"west":{"uv":[0,0,1.2,2.2],"texture":"#0"},"up":{"uv":[0,0,1.2,1.2],"texture":"#0"},"down":{"uv":[0,0,1.2,1.2],"texture":"#0"}}},{"name":"uit3.3","from":[10.5,10.6,7.6],"to":[11.3,12.8,8.4],"rotation":{"angle":22.5,"axis":"z","origin":[11.4,11,8]},"faces":{"north":{"uv":[0,0,0.8,2.2],"texture":"#0"},"east":{"uv":[0,0,0.8,2.2],"texture":"#0"},"south":{"uv":[0,0,0.8,2.2],"texture":"#0"},"west":{"uv":[0,0,0.8,2.2],"texture":"#0"},"up":{"uv":[0,0,0.8,0.8],"texture":"#0"},"down":{"uv":[0,0,0.8,0.8],"texture":"#0"}}},{"name":"uit3.4","from":[10,12,7.7],"to":[10.6,14.2,8.3],"faces":{"north":{"uv":[0,0,0.6,2.2],"texture":"#0"},"east":{"uv":[0,0,0.6,2.2],"texture":"#0"},"south":{"uv":[0,0,0.6,2.2],"texture":"#0"},"west":{"uv":[0,0,0.6,2.2],"texture":"#0"},"up":{"uv":[0,0,0.6,0.6],"texture":"#0"},"down":{"uv":[0,0,0.6,0.6],"texture":"#0"}}},{"name":"geweibase1.1","from":[7,6,7],"to":[9,9,9],"rotation":{"angle":45,"axis":"z","origin":[8,4,8]},"faces":{"north":{"uv":[0,0,2,3],"texture":"#0"},"east":{"uv":[0,0,2,3],"texture":"#0"},"south":{"uv":[0,0,2,3],"texture":"#0"},"west":{"uv":[0,0,2,3],"texture":"#0"},"up":{"uv":[0,0,2,2],"texture":"#0"},"down":{"uv":[0,0,2,2],"texture":"#0"}}},{"name":"geweibase1.2","from":[0.5,7,7.2],"to":[3.1,8.6,8.8],"rotation":{"angle":-22.5,"axis":"z","origin":[3,3,8]},"faces":{"north":{"uv":[0,0,2.6,1.6],"texture":"#0"},"east":{"uv":[0,0,1.6,1.6],"texture":"#0"},"south":{"uv":[0,0,2.6,1.6],"texture":"#0"},"west":{"uv":[0,0,1.6,1.6],"texture":"#0"},"up":{"uv":[0,0,2.6,1.6],"texture":"#0"},"down":{"uv":[0,0,2.6,1.6],"texture":"#0"}}},{"name":"Geweibase1.3","from":[0.5,7.8,7.4],"to":[2.8,9,8.6],"faces":{"north":{"uv":[0,0,2.3,1.2],"texture":"#0"},"east":{"uv":[0,0,1.2,1.2],"texture":"#0"},"south":{"uv":[0,0,2.3,1.2],"texture":"#0"},"west":{"uv":[0,0,1.2,1.2],"texture":"#0"},"up":{"uv":[0,0,2.3,1.2],"texture":"#0"},"down":{"uv":[0,0,2.3,1.2],"texture":"#0"}}},{"name":"Geweibase1.4","from":[-1,7.7,7.6],"to":[1,8.5,8.4],"rotation":{"angle":22.5,"axis":"z","origin":[0,8,8]},"faces":{"north":{"uv":[0,0,2,0.8],"texture":"#0"},"east":{"uv":[0,0,0.8,0.8],"texture":"#0"},"south":{"uv":[0,0,2,0.8],"texture":"#0"},"west":{"uv":[0,0,0.8,0.8],"texture":"#0"},"up":{"uv":[0,0,2,0.8],"texture":"#0"},"down":{"uv":[0,0,2,0.8],"texture":"#0"}}},{"name":"Geweibase1.5","from":[-2.2,7.4,7.7],"to":[-0.8,8,8.3],"faces":{"north":{"uv":[0,0,1.4,0.6],"texture":"#0"},"east":{"uv":[0,0,0.6,0.6],"texture":"#0"},"south":{"uv":[0,0,1.4,0.6],"texture":"#0"},"west":{"uv":[0,0,0.6,0.6],"texture":"#0"},"up":{"uv":[0,0,1.4,0.6],"texture":"#0"},"down":{"uv":[0,0,1.4,0.6],"texture":"#0"}}},{"name":"Geweibase1.6","from":[-1.8,7.4,7.7],"to":[-0.4,8,8.3],"rotation":{"angle":-22.5,"axis":"z","origin":[-1.3,12,8]},"faces":{"north":{"uv":[0,0,1.4,0.6],"texture":"#0"},"east":{"uv":[0,0,0.6,0.6],"texture":"#0"},"south":{"uv":[0,0,1.4,0.6],"texture":"#0"},"west":{"uv":[0,0,0.6,0.6],"texture":"#0"},"up":{"uv":[0,0,1.4,0.6],"texture":"#0"},"down":{"uv":[0,0,1.4,0.6],"texture":"#0"}}},{"name":"Geweibase1.7","from":[-2.2,7.5,7.8],"to":[-0.7,7.9,8.2],"rotation":{"angle":-45,"axis":"z","origin":[-1.6,11,8]},"faces":{"north":{"uv":[0,0,1.5,0.4],"texture":"#0"},"east":{"uv":[0,0,0.4,0.4],"texture":"#0"},"south":{"uv":[0,0,1.5,0.4],"texture":"#0"},"west":{"uv":[0,0,0.4,0.4],"texture":"#0"},"up":{"uv":[0,0,1.5,0.4],"texture":"#0"},"down":{"uv":[0,0,1.5,0.4],"texture":"#0"}}},{"name":"uit1.1.1","from":[-1.4,8.1,7.7],"to":[0.6,8.7,8.3],"rotation":{"angle":-22.5,"axis":"z","origin":[0.2,8,8]},"faces":{"north":{"uv":[0,0,2,0.6],"texture":"#0"},"east":{"uv":[0,0,0.6,0.6],"texture":"#0"},"south":{"uv":[0,0,2,0.6],"texture":"#0"},"west":{"uv":[0,0,0.6,0.6],"texture":"#0"},"up":{"uv":[0,0,2,0.6],"texture":"#0"},"down":{"uv":[0,0,2,0.6],"texture":"#0"}}},{"name":"uit1.2.1","from":[-1.8,8.1,7.8],"to":[-0.2,8.5,8.2],"rotation":{"angle":-45,"axis":"z","origin":[0.1,9.6,8]},"faces":{"north":{"uv":[0,0,1.6,0.4],"texture":"#0"},"east":{"uv":[0,0,0.4,0.4],"texture":"#0"},"south":{"uv":[0,0,1.6,0.4],"texture":"#0"},"west":{"uv":[0,0,0.4,0.4],"texture":"#0"},"up":{"uv":[0,0,1.6,0.4],"texture":"#0"},"down":{"uv":[0,0,1.6,0.4],"texture":"#0"}}},{"name":"uit2.1.1","from":[-2.4,6.4,7.4],"to":[-0.1,7.6,8.6],"rotation":{"angle":-45,"axis":"z","origin":[3,3,8]},"faces":{"north":{"uv":[0,0,2.3,1.2],"texture":"#0"},"east":{"uv":[0,0,1.2,1.2],"texture":"#0"},"south":{"uv":[0,0,2.3,1.2],"texture":"#0"},"west":{"uv":[0,0,1.2,1.2],"texture":"#0"},"up":{"uv":[0,0,2.3,1.2],"texture":"#0"},"down":{"uv":[0,0,2.3,1.2],"texture":"#0"}}},{"name":"uit2.2.1","from":[-2.1,18.5,7.6],"to":[-1.3,20.3,8.4],"rotation":{"angle":22.5,"axis":"z","origin":[23.4,23.7,8]},"faces":{"north":{"uv":[0,0,0.8,1.8],"texture":"#0"},"east":{"uv":[0,0,0.8,1.8],"texture":"#0"},"south":{"uv":[0,0,0.8,1.8],"texture":"#0"},"west":{"uv":[0,0,0.8,1.8],"texture":"#0"},"up":{"uv":[0,0,0.8,0.8],"texture":"#0"},"down":{"uv":[0,0,0.8,0.8],"texture":"#0"}}},{"name":"uit2.3.1","from":[1.2,10.8,7.7],"to":[1.8,12.6,8.3],"faces":{"north":{"uv":[0,0,0.6,1.8],"texture":"#0"},"east":{"uv":[0,0,0.6,1.8],"texture":"#0"},"south":{"uv":[0,0,0.6,1.8],"texture":"#0"},"west":{"uv":[0,0,0.6,1.8],"texture":"#0"},"up":{"uv":[0,0,0.6,0.6],"texture":"#0"},"down":{"uv":[0,0,0.6,0.6],"texture":"#0"}}},{"name":"uit2.4.1","from":[4.9,7.3,7.8],"to":[5.3,9.1,8.2],"rotation":{"angle":22.5,"axis":"z","origin":[-8.6,1,8]},"faces":{"north":{"uv":[0,0,0.4,1.8],"texture":"#0"},"east":{"uv":[0,0,0.4,1.8],"texture":"#0"},"south":{"uv":[0,0,0.4,1.8],"texture":"#0"},"west":{"uv":[0,0,0.4,1.8],"texture":"#0"},"up":{"uv":[0,0,0.4,0.4],"texture":"#0"},"down":{"uv":[0,0,0.4,0.4],"texture":"#0"}}},{"name":"uit2.5.1","from":[-2.9,7.2,7.8],"to":[-2.5,9,8.2],"rotation":{"angle":45,"axis":"z","origin":[-2.6,14,8]},"faces":{"north":{"uv":[0,0,0.4,1.8],"texture":"#0"},"east":{"uv":[0,0,0.4,1.8],"texture":"#0"},"south":{"uv":[0,0,0.4,1.8],"texture":"#0"},"west":{"uv":[0,0,0.4,1.8],"texture":"#0"},"up":{"uv":[0,0,0.4,0.4],"texture":"#0"},"down":{"uv":[0,0,0.4,0.4],"texture":"#0"}}},{"name":"uit2.6.1","from":[-3,8.9,7.8],"to":[-1.6,9.3,8.2],"rotation":{"angle":-22.5,"axis":"z","origin":[2.6,3,8]},"faces":{"north":{"uv":[0,0,1.4,0.4],"texture":"#0"},"east":{"uv":[0,0,0.4,0.4],"texture":"#0"},"south":{"uv":[0,0,1.4,0.4],"texture":"#0"},"west":{"uv":[0,0,0.4,0.4],"texture":"#0"},"up":{"uv":[0,0,1.4,0.4],"texture":"#0"},"down":{"uv":[0,0,1.4,0.4],"texture":"#0"}}},{"name":"Uit3.1.1","from":[-2,9,7.4],"to":[-0.8,11.2,8.6],"rotation":{"angle":22.5,"axis":"z","origin":[7.6,26,8]},"faces":{"north":{"uv":[0,0,1.2,2.2],"texture":"#0"},"east":{"uv":[0,0,1.2,2.2],"texture":"#0"},"south":{"uv":[0,0,1.2,2.2],"texture":"#0"},"west":{"uv":[0,0,1.2,2.2],"texture":"#0"},"up":{"uv":[0,0,1.2,1.2],"texture":"#0"},"down":{"uv":[0,0,1.2,1.2],"texture":"#0"}}},{"name":"uit3.2.1","from":[4.4,8.6,7.4],"to":[5.6,10.8,8.6],"shade":false,"faces":{"north":{"uv":[0,0,1.2,2.2],"texture":"#0"},"east":{"uv":[0,0,1.2,2.2],"texture":"#0"},"south":{"uv":[0,0,1.2,2.2],"texture":"#0"},"west":{"uv":[0,0,1.2,2.2],"texture":"#0"},"up":{"uv":[0,0,1.2,1.2],"texture":"#0"},"down":{"uv":[0,0,1.2,1.2],"texture":"#0"}}},{"name":"uit3.3.1","from":[4.7,10.6,7.6],"to":[5.5,12.8,8.4],"rotation":{"angle":-22.5,"axis":"z","origin":[4.6,11,8]},"faces":{"north":{"uv":[0,0,0.8,2.2],"texture":"#0"},"east":{"uv":[0,0,0.8,2.2],"texture":"#0"},"south":{"uv":[0,0,0.8,2.2],"texture":"#0"},"west":{"uv":[0,0,0.8,2.2],"texture":"#0"},"up":{"uv":[0,0,0.8,0.8],"texture":"#0"},"down":{"uv":[0,0,0.8,0.8],"texture":"#0"}}},{"name":"uit3.4.1","from":[5.4,12,7.7],"to":[6,14.2,8.3],"faces":{"north":{"uv":[0,0,0.6,2.2],"texture":"#0"},"east":{"uv":[0,0,0.6,2.2],"texture":"#0"},"south":{"uv":[0,0,1,1],"texture":"#0"},"west":{"uv":[0,0,0.6,2.2],"texture":"#0"},"up":{"uv":[0,0,0.6,0.6],"texture":"#0"},"down":{"uv":[0,0,0.6,0.6],"texture":"#0"}}}],"display":{"gui":{"rotation":[30,-135,0],"translation":[0,-1,0],"scale":[0.7,0.7,0.7]},"head":{"rotation":[-25,0,2],"translation":[0,9,-5],"scale":[2,2,2]}},"credit":"Model by Craftventure"}