{"textures":{"0":"block/quartz_block_top","1":"block/yellow_stained_glass","2":"block/yellow_stained_glass_pane_top","3":"block/piston_inner","4":"block/detector_rail","5":"block/coal_block","6":"block/daylight_detector_top","7":"block/smooth_stone"},"elements":[{"from":[0.5,1,0.5],"to":[15.5,1.1,15.5],"faces":{"north":{"uv":[0,0,16,1],"texture":"#0"},"east":{"uv":[0,0,16,1],"texture":"#0"},"south":{"uv":[0,0,16,1],"texture":"#0"},"west":{"uv":[0,0,16,1],"texture":"#0"},"up":{"uv":[0,0,15,15],"texture":"#0"},"down":{"uv":[0,0,15,15],"texture":"#0"}}},{"from":[1,1,15.5],"to":[15,15,17],"faces":{"north":{"uv":[0,0,15,15],"texture":"#0"},"east":{"uv":[0,0,1,15],"texture":"#0"},"south":{"uv":[0,0,15,15],"texture":"#0"},"west":{"uv":[0,0,1,15],"texture":"#0"},"up":{"uv":[0,0,15,1],"texture":"#0"},"down":{"uv":[0,0,15,1],"texture":"#0"}}},{"from":[-1,1,10],"to":[0.5,15,15],"faces":{"north":{"uv":[0,0,1,15],"texture":"#0"},"east":{"uv":[0,0,5.36,15],"texture":"#0"},"south":{"uv":[0,0,1,15],"texture":"#0"},"west":{"uv":[9.64,0,15,15],"texture":"#0"},"up":{"uv":[0,0,15,1],"texture":"#0"},"down":{"uv":[0,0,15,1],"texture":"#0"}}},{"from":[15.5,1,10],"to":[17,15,15],"faces":{"north":{"uv":[0,0,1,15],"texture":"#0"},"east":{"uv":[0,0,5.36,15],"texture":"#0"},"south":{"uv":[0,0,1,15],"texture":"#0"},"west":{"uv":[9.64,0,15,15],"texture":"#0"},"up":{"uv":[0,0,15,1],"texture":"#0"},"down":{"uv":[0,0,15,1],"texture":"#0"}}},{"from":[-1,1,1],"to":[0.5,3,10],"faces":{"north":{"uv":[0,12.86,1,15],"texture":"#0"},"east":{"uv":[5.36,12.86,15,15],"texture":"#0"},"south":{"uv":[0,0,-6,14],"texture":"#0"},"west":{"uv":[0,12.86,9.64,15],"texture":"#0"},"up":{"uv":[0,0,1,15],"rotation":270,"texture":"#0"},"down":{"uv":[0,0,15,1],"texture":"#0"}}},{"from":[15.5,1,1],"to":[17,3,10],"faces":{"north":{"uv":[0,12.86,-2,16],"texture":"#0"},"east":{"uv":[5.36,12.86,14,16],"texture":"#0"},"south":{"uv":[0,0,-6,14],"texture":"#0"},"west":{"uv":[0,12.86,9.64,15],"texture":"#0"},"up":{"uv":[0,0,15,1],"texture":"#0"},"down":{"uv":[0,0,15,1],"texture":"#0"}}},{"from":[1,1,-1],"to":[15,3,0.5],"faces":{"north":{"uv":[0,12.86,15,15],"texture":"#0"},"east":{"uv":[0,12.86,-9,12],"texture":"#0"},"south":{"uv":[0,12.86,15,16],"texture":"#0"},"west":{"uv":[0,12.86,1,15],"texture":"#0"},"up":{"uv":[0,0,15,1],"texture":"#0"},"down":{"uv":[0,0,15,1],"texture":"#0"}}},{"from":[6.5858,1,17.8137],"to":[9.4142,15,19.3137],"rotation":{"angle":-45,"axis":"y","origin":[8,8,8]},"faces":{"north":{"uv":[0,0,2,15],"texture":"#0"},"east":{"uv":[0,0,1,15],"texture":"#0"},"south":{"uv":[0,0,2,15],"texture":"#0"},"west":{"uv":[0,0,1,15],"texture":"#0"},"up":{"uv":[0,0,15,1],"texture":"#0"},"down":{"uv":[0,0,15,1],"texture":"#0"}}},{"from":[6.5858,1,17.8137],"to":[9.4142,15,19.3137],"rotation":{"angle":45,"axis":"y","origin":[8,8,8]},"faces":{"north":{"uv":[0,0,2,15],"texture":"#0"},"east":{"uv":[0,0,1,15],"texture":"#0"},"south":{"uv":[0,0,2,15],"texture":"#0"},"west":{"uv":[0,0,1,15],"texture":"#0"},"up":{"uv":[0,0,15,1],"texture":"#0"},"down":{"uv":[0,0,15,1],"texture":"#0"}}},{"from":[6.5858,1,-3.3137],"to":[9.4142,3,-1.8137],"rotation":{"angle":-45,"axis":"y","origin":[8,8,8]},"faces":{"north":{"uv":[0,12,2,15],"texture":"#0"},"east":{"uv":[0,0,1,15],"texture":"#0"},"south":{"uv":[0,12,2,15],"texture":"#0"},"west":{"uv":[0,0,1,15],"texture":"#0"},"up":{"uv":[0,0,15,1],"texture":"#0"},"down":{"uv":[0,0,15,1],"texture":"#0"}}},{"from":[6.5858,1,-3.3137],"to":[9.4142,3,-1.8137],"rotation":{"angle":45,"axis":"y","origin":[8,8,8]},"faces":{"north":{"uv":[0,12,2,15],"texture":"#0"},"east":{"uv":[0,0,1,15],"texture":"#0"},"south":{"uv":[0,12,2,15],"texture":"#0"},"west":{"uv":[0,0,1,15],"texture":"#0"},"up":{"uv":[0,0,15,1],"texture":"#0"},"down":{"uv":[0,0,15,1],"texture":"#0"}}},{"from":[-3.3137,6.5858,10],"to":[-1.8137,9.4142,15],"rotation":{"angle":-45,"axis":"z","origin":[8,8,8]},"faces":{"north":{"uv":[0,0,1,15],"texture":"#0"},"east":{"uv":[0,0,5.36,2],"texture":"#0"},"south":{"uv":[0,0,1,15],"texture":"#0"},"west":{"uv":[9.64,0,15,2],"texture":"#0"},"up":{"uv":[0,0,15,1],"texture":"#0"},"down":{"uv":[0,0,15,1],"texture":"#0"}}},{"from":[17.8137,6.5858,10],"to":[19.3137,9.4142,15],"rotation":{"angle":45,"axis":"z","origin":[8,8,8]},"faces":{"north":{"uv":[0,0,1,15],"texture":"#0"},"east":{"uv":[0,0,5.36,2],"texture":"#0"},"south":{"uv":[0,0,1,15],"texture":"#0"},"west":{"uv":[9.64,0,15,2],"texture":"#0"},"up":{"uv":[0,0,15,1],"texture":"#0"},"down":{"uv":[0,0,15,1],"texture":"#0"}}},{"from":[1,17.8137,6.5858],"to":[15,19.3137,9.4142],"rotation":{"angle":45,"axis":"x","origin":[8,8,8]},"faces":{"north":{"uv":[0,0,16,1],"texture":"#0"},"east":{"uv":[0,0,16,1],"texture":"#0"},"south":{"uv":[0,0,16,1],"texture":"#0"},"west":{"uv":[0,0,16,1],"texture":"#0"},"up":{"uv":[0,0,15,2],"texture":"#0"},"down":{"uv":[0,0,15,2],"texture":"#0"}}},{"from":[1,15.5,10],"to":[15,17,15],"faces":{"north":{"uv":[0,0,16,1],"texture":"#0"},"east":{"uv":[0,0,16,1],"texture":"#0"},"south":{"uv":[0,0,16,1],"texture":"#0"},"west":{"uv":[0,0,7,0],"texture":"#0"},"up":{"uv":[0,0,15,5.5],"texture":"#0"},"down":{"uv":[0,0,15,5.5],"texture":"#0"}}},{"from":[0,3,0],"to":[16,16,10],"faces":{"north":{"uv":[8,3,9,4],"texture":"#1"},"east":{"uv":[8,3,9,4],"texture":"#1"},"south":{"uv":[0,0,1,1],"texture":"#2"},"west":{"uv":[8,3,9,4],"texture":"#1"},"up":{"uv":[8,3,9,4],"texture":"#1"},"down":{"uv":[0,0,1,1],"texture":"#2"}}},{"from":[-1.25,2.5,7.75],"to":[0.75,6,11.25],"rotation":{"angle":-45,"axis":"x","origin":[8,3.5,9.5]},"faces":{"north":{"uv":[5,5,6,6],"texture":"#3"},"east":{"uv":[5,5,11,11],"texture":"#3"},"south":{"uv":[5,5,6,6],"texture":"#3"},"west":{"uv":[5,5,11,11],"texture":"#3"},"up":{"uv":[5,5,6,6],"texture":"#3"},"down":{"uv":[5,5,6,6],"texture":"#3"}}},{"from":[15.25,2.5,7.75],"to":[17.25,6,11.25],"rotation":{"angle":-45,"axis":"x","origin":[8,3.5,9.5]},"faces":{"north":{"uv":[5,5,6,6],"texture":"#3"},"east":{"uv":[5,5,11,11],"texture":"#3"},"south":{"uv":[5,5,6,6],"texture":"#3"},"west":{"uv":[5,5,11,11],"texture":"#3"},"up":{"uv":[5,5,6,6],"texture":"#3"},"down":{"uv":[5,5,6,6],"texture":"#3"}}},{"from":[-1.1,11,11.5],"to":[-1.1,13.5,14],"faces":{"north":{"uv":[0,0,0,2.5],"texture":"#1"},"east":{"uv":[5,5,11,11],"texture":"#4"},"south":{"uv":[0,0,0,2.5],"texture":"#1"},"west":{"uv":[5,5,11,11],"texture":"#4"},"up":{"uv":[0,0,0,2.5],"texture":"#1"},"down":{"uv":[0,0,0,2.5],"texture":"#1"}}},{"from":[-1.1,4,12.25],"to":[-1.1,11,13.25],"faces":{"north":{"uv":[0,0,0,7],"texture":"#1"},"east":{"uv":[0,0,2,16],"texture":"#5"},"south":{"uv":[0,0,-9,14],"texture":"#1"},"west":{"uv":[0,0,2,16],"texture":"#5"},"up":{"uv":[0,0,0,1],"texture":"#1"},"down":{"uv":[0,0,0,1],"texture":"#1"}}},{"from":[-1.1,3.3,13.4],"to":[-1.1,6.3,14.4],"rotation":{"angle":22.5,"axis":"x","origin":[8,8,8]},"faces":{"north":{"uv":[0,0,0,3],"texture":"#1"},"east":{"uv":[0,0,2,8],"texture":"#5"},"south":{"uv":[0,0,0,3],"texture":"#1"},"west":{"uv":[0,0,2,8],"texture":"#5"},"up":{"uv":[0,0,0,1],"texture":"#1"},"down":{"uv":[0,0,0,1],"texture":"#1"}}},{"from":[-1.1,1,11],"to":[-1.1,1.6,12.5],"faces":{"north":{"uv":[0,0,0,0.6],"texture":"#1"},"east":{"uv":[6,3,7,4],"texture":"#5"},"south":{"uv":[10,7,10,7.6],"texture":"#1"},"west":{"uv":[6,3,7,4],"texture":"#5"},"up":{"uv":[0,0,0,1.5],"texture":"#1"},"down":{"uv":[0,0,0,1.5],"texture":"#1"}}},{"from":[17.1,6.5,11.5],"to":[17.1,13.5,14],"faces":{"north":{"uv":[0,0,0,2.5],"texture":"#1"},"east":{"uv":[5,0,11,16],"texture":"#6"},"south":{"uv":[0,0,0,2.5],"texture":"#1"},"west":{"uv":[5,0,11,16],"texture":"#6"},"up":{"uv":[0,0,0,2.5],"texture":"#1"},"down":{"uv":[0,0,0,2.5],"texture":"#1"}}},{"from":[17.1,10.5,14],"to":[17.1,11.5,15.05],"faces":{"north":{"uv":[0,0,0,2.5],"texture":"#1"},"east":{"uv":[5,6,7,8],"texture":"#5"},"south":{"uv":[0,0,0,2.5],"texture":"#1"},"west":{"uv":[5,0,11,16],"texture":"#5"},"up":{"uv":[0,0,0,2.5],"texture":"#1"},"down":{"uv":[0,0,0,2.5],"texture":"#1"}}},{"from":[19.4137,10.5,6.5444],"to":[19.4137,11.5,9.4556],"rotation":{"angle":-45,"axis":"y","origin":[8,8,8]},"faces":{"north":{"uv":[0,0,0,2.5],"texture":"#1"},"east":{"uv":[5,6,10,8],"texture":"#5"},"south":{"uv":[0,0,0,2.5],"texture":"#1"},"west":{"uv":[5,0,11,16],"texture":"#5"},"up":{"uv":[0,0,0,2.5],"texture":"#1"},"down":{"uv":[0,0,0,2.5],"texture":"#1"}}},{"from":[11.5,10.5,17.1],"to":[15.05,11.5,17.1],"faces":{"north":{"uv":[4,5,10,7],"texture":"#5"},"east":{"uv":[0,0,0,1],"texture":"#1"},"south":{"uv":[4,5,10,7],"texture":"#5"},"west":{"uv":[0,0,-2,3],"texture":"#1"},"up":{"uv":[0,0,3.55,0],"texture":"#1"},"down":{"uv":[0,0,3.55,0],"texture":"#1"}}},{"from":[13.5,1,17.1],"to":[14.5,11,17.1],"faces":{"north":{"uv":[1,1,3,16],"texture":"#5"},"east":{"uv":[0,0,0,10],"texture":"#1"},"south":{"uv":[1,1,3,16],"texture":"#5"},"west":{"uv":[0,0,0,10],"texture":"#1"},"up":{"uv":[0,0,1,0],"texture":"#1"},"down":{"uv":[0,0,1,0],"texture":"#1"}}},{"from":[3.5,4,17],"to":[11.5,13,17.75],"faces":{"north":{"uv":[0,0,16,16],"texture":"#7"},"east":{"uv":[0,0,0.75,9],"texture":"#7"},"south":{"uv":[0,0,16,16],"texture":"#7"},"west":{"uv":[0,0,0.75,9],"texture":"#7"},"up":{"uv":[0,0,8,0.75],"texture":"#7"},"down":{"uv":[0,0,8,0.75],"texture":"#7"}}}],"display":{"gui":{"rotation":[30,-135,0],"translation":[0,-0.25,0],"scale":[0.5,0.5,0.5]}},"credit":"Model by Craftventure"}