{"textures":{"texture":"block/furnace_side","oak_log_top":"block/spruce_log_top","spruce_log":"block/spruce_log","hopper_outside":"block/hopper_outside"},"elements":[{"__comment":"hout","from":[8,-2,6.5625],"to":[10,25.5,8.5625],"rotation":{"origin":[8,-2,6.5625],"axis":"y","angle":-45},"faces":{"down":{"uv":[0,0,16,16],"texture":"#oak_log_top"},"up":{"uv":[0,0,16,16],"texture":"#oak_log_top"},"north":{"uv":[8,0,10,16],"texture":"#spruce_log"},"south":{"uv":[8,0,10,16],"texture":"#spruce_log"},"west":{"uv":[6,0,8,16],"texture":"#spruce_log"},"east":{"uv":[6,0,8,16],"texture":"#spruce_log"}}},{"__comment":"randje","from":[15,19,7.5],"to":[16,22,8.5],"faces":{"down":{"uv":[8.5,10.5,9.5,11.5],"texture":"#texture"},"up":{"uv":[8.5,10.5,9.5,11.5],"texture":"#texture"},"north":{"uv":[2,10.5,3,13.5],"texture":"#texture"},"south":{"uv":[2,10.5,3,13.5],"texture":"#texture"},"west":{"uv":[2.5,10,3.5,13],"texture":"#texture"},"east":{"uv":[2.5,10,3.5,13],"texture":"#texture"}}},{"__comment":"randje","from":[0,19,7.5],"to":[1,22,8.5],"faces":{"down":{"uv":[2,10,3,11],"texture":"#texture"},"up":{"uv":[2,10,3,11],"texture":"#texture"},"north":{"uv":[2,11,3,14],"texture":"#texture"},"south":{"uv":[2,11,3,14],"texture":"#texture"},"west":{"uv":[3,11,4,14],"texture":"#texture"},"east":{"uv":[3,11,4,14],"texture":"#texture"}}},{"__comment":"randje","from":[15.0625,14.375,7.5],"to":[16.0625,19.375,8.5],"rotation":{"origin":[15.0625,19.375,7.5],"axis":"z","angle":-22.5},"faces":{"down":{"uv":[10,10,11,11],"texture":"#texture"},"up":{"uv":[10,10,11,11],"texture":"#texture"},"north":{"uv":[7,10,8,14],"texture":"#texture"},"south":{"uv":[7,10,8,14],"texture":"#texture"},"west":{"uv":[3,10,4,13.5],"texture":"#texture"},"east":{"uv":[3,10,4,13.5],"texture":"#texture"}}},{"__comment":"randje","from":[13.1875,21.25,7.5],"to":[14.1875,26.25,8.5],"rotation":{"origin":[13.1875,26.25,7.5],"axis":"z","angle":22.5},"faces":{"down":{"uv":[8.5,10,9.5,11],"texture":"#texture"},"up":{"uv":[8.5,10,9.5,11],"texture":"#texture"},"north":{"uv":[3,10,4,14],"texture":"#texture"},"south":{"uv":[3,10,4,14],"texture":"#texture"},"west":{"uv":[4.5,10,5.5,14],"texture":"#texture"},"east":{"uv":[4.5,10,5.5,14],"texture":"#texture"}}},{"__comment":"randje","from":[0,14,7.5],"to":[1,19,8.5],"rotation":{"origin":[0,19,7.5],"axis":"z","angle":22.5},"faces":{"down":{"uv":[2,10,3,11],"texture":"#texture"},"up":{"uv":[2,10,3,11],"texture":"#texture"},"north":{"uv":[4.5,10,5.5,14],"texture":"#texture"},"south":{"uv":[4.5,10,5.5,14],"texture":"#texture"},"west":{"uv":[5.5,10,6.5,14],"texture":"#texture"},"east":{"uv":[5.5,10,6.5,14],"texture":"#texture"}}},{"__comment":"randje","from":[2,21.5,7.5],"to":[3,26.5,8.5],"rotation":{"origin":[2,26.5,7.5],"axis":"z","angle":-22.5},"faces":{"down":{"uv":[2,10,3,11],"texture":"#texture"},"up":{"uv":[2,10,3,11],"texture":"#texture"},"north":{"uv":[2,10,3,14],"texture":"#texture"},"south":{"uv":[2,10,3,14],"texture":"#texture"},"west":{"uv":[2.5,10,3.5,14],"texture":"#texture"},"east":{"uv":[2.5,10,3.5,14],"texture":"#texture"}}},{"from":[2.75,21.6875,7.5],"to":[11.75,26.1875,8.5],"rotation":{"origin":[2.75,26.1875,7.5],"axis":"z","angle":-22.5},"faces":{"down":{"uv":[2.75,7.5,11.75,8.5],"texture":"#hopper_outside"},"up":{"uv":[2.75,7.5,11.75,8.5],"texture":"#hopper_outside"},"north":{"uv":[2.75,0,11.75,4.5],"texture":"#hopper_outside"},"south":{"uv":[2.75,0,11.75,4.5],"texture":"#hopper_outside"},"west":{"uv":[7.5,0,8.5,4.5],"texture":"#hopper_outside"},"east":{"uv":[7.5,0,8.5,4.5],"texture":"#hopper_outside"}}},{"from":[1,14.5,7.5],"to":[9,19,8.5],"rotation":{"origin":[1,19,7.5],"axis":"z","angle":22.5},"faces":{"down":{"uv":[1,7.5,9,8.5],"texture":"#hopper_outside"},"up":{"uv":[1,7.5,9,8.5],"texture":"#hopper_outside"},"north":{"uv":[1,0,9,4.5],"texture":"#hopper_outside"},"south":{"uv":[1,0,9,4.5],"texture":"#hopper_outside"},"west":{"uv":[7.5,0,8.5,4.5],"texture":"#hopper_outside"},"east":{"uv":[7.5,0,8.5,4.5],"texture":"#hopper_outside"}}},{"from":[6.8125,19,7.5],"to":[13.8125,23.5,8.5],"rotation":{"origin":[6.8125,23.5,7.5],"axis":"z","angle":22.5},"faces":{"down":{"uv":[6.8125,7.5,13.8125,8.5],"texture":"#hopper_outside"},"up":{"uv":[6.8125,7.5,13.8125,8.5],"texture":"#hopper_outside"},"north":{"uv":[6.8125,0,13.8125,4.5],"texture":"#hopper_outside"},"south":{"uv":[6.8125,0,13.8125,4.5],"texture":"#hopper_outside"},"west":{"uv":[7.5,0,8.5,4.5],"texture":"#hopper_outside"},"east":{"uv":[7.5,0,8.5,4.5],"texture":"#hopper_outside"}}},{"from":[8.5625,17.1875,7.5],"to":[15.5625,21.6875,8.5],"rotation":{"origin":[8.5625,21.6875,7.5],"axis":"z","angle":-22.5},"faces":{"down":{"uv":[8.5625,7.5,15.5625,8.5],"texture":"#hopper_outside"},"up":{"uv":[8.5625,7.5,15.5625,8.5],"texture":"#hopper_outside"},"north":{"uv":[8.5625,0,15.5625,4.5],"texture":"#hopper_outside"},"south":{"uv":[8.5625,0,15.5625,4.5],"texture":"#hopper_outside"},"west":{"uv":[7.5,0,8.5,4.5],"texture":"#hopper_outside"},"east":{"uv":[7.5,0,8.5,4.5],"texture":"#hopper_outside"}}},{"from":[1,19,7.5],"to":[5,22,8.5],"faces":{"down":{"uv":[1,7.5,5,8.5],"texture":"#hopper_outside"},"up":{"uv":[1,7.5,5,8.5],"texture":"#hopper_outside"},"north":{"uv":[1,0,5,3],"texture":"#hopper_outside"},"south":{"uv":[1,0,5,3],"texture":"#hopper_outside"},"west":{"uv":[7.5,0,8.5,3],"texture":"#hopper_outside"},"east":{"uv":[7.5,0,8.5,3],"texture":"#hopper_outside"}}},{"from":[11,19,7.5],"to":[15,22,8.5],"faces":{"down":{"uv":[11,7.5,15,8.5],"texture":"#hopper_outside"},"up":{"uv":[11,7.5,15,8.5],"texture":"#hopper_outside"},"north":{"uv":[11,0,15,3],"texture":"#hopper_outside"},"south":{"uv":[11,0,15,3],"texture":"#hopper_outside"},"west":{"uv":[7.5,0,8.5,3],"texture":"#hopper_outside"},"east":{"uv":[7.5,0,8.5,3],"texture":"#hopper_outside"}}}],"display":{"thirdperson_righthand":{"rotation":[0,88,0],"translation":[0,0,1.32],"scale":[0.6,0.6,0.6]},"head":{"rotation":[11,-11,-75],"translation":[-9.45,6.99,-2.65],"scale":[0.8,0.8,0.8]},"firstperson_righthand":{"rotation":[0,100,0],"translation":[0,0.19,0],"scale":[0.7,0.7,0.7]},"gui":{"rotation":[0,0,-45],"translation":[-2.83,-2.83,0],"scale":[0.6,0.6,0.6]}},"credit":"Model by Craftventure"}