{"texture_size":[32,32],"textures":{"1":"block/bear_hat","particle":"block/coal_block"},"elements":[{"from":[-1,0,4],"to":[1,3,9],"faces":{"north":{"uv":[5.5,12,6,12.5],"texture":"#1"},"east":{"uv":[5.5,12,6,12.5],"texture":"#1"},"south":{"uv":[5.5,12,6,12.5],"texture":"#1"},"west":{"uv":[5.5,11,8,12.5],"texture":"#1"},"up":{"uv":[5.5,12,6,12.5],"texture":"#1"},"down":{"uv":[5.5,12,6,12.5],"texture":"#1"}}},{"from":[1,0,1],"to":[12,7,12],"rotation":{"angle":0,"axis":"y","origin":[-1,0,1]},"faces":{"north":{"uv":[5.5,12.5,11,16],"texture":"#1"},"east":{"uv":[5.5,12.5,11,16],"texture":"#1"},"south":{"uv":[5.5,12.5,11,16],"texture":"#1"},"west":{"uv":[0,12.5,5.5,16],"texture":"#1"},"up":{"uv":[0,7.5,5.5,12.5],"texture":"#1"},"down":{"uv":[0,7.5,5.5,12.5],"texture":"#1"}}},{"from":[3,3.04433,0.19553],"to":[4,8.04433,4.19553],"rotation":{"angle":-45,"axis":"x","origin":[3.5,5.54433,2.19553]},"faces":{"north":{"uv":[2,10,2.5,12.5],"texture":"#1"},"east":{"uv":[2,10,3.5,12.5],"texture":"#1"},"south":{"uv":[2,10,2.5,12.5],"texture":"#1"},"west":{"uv":[2,10,4,12.5],"texture":"#1"},"up":{"uv":[2,10,2.5,12],"texture":"#1"},"down":{"uv":[2,10,3.5,12.5],"texture":"#1"}}},{"from":[3,3.04433,8.80447],"to":[4,8.04433,12.80447],"rotation":{"angle":45,"axis":"x","origin":[3.5,5.54433,10.80447]},"faces":{"north":{"uv":[2,10,2.5,12.5],"texture":"#1"},"east":{"uv":[2,10,3.5,12.5],"texture":"#1"},"south":{"uv":[2,9,2.5,11.5],"texture":"#1"},"west":{"uv":[2,10,4,12.5],"texture":"#1"},"up":{"uv":[2,10,2.5,12],"texture":"#1"},"down":{"uv":[2,10,3.5,12.5],"texture":"#1"}}}],"display":{"thirdperson_righthand":{"rotation":[0,60,0],"translation":[0,0,1],"scale":[0.7,0.7,0.7]},"thirdperson_lefthand":{"rotation":[0,60,0],"translation":[0,0,1],"scale":[0.7,0.7,0.7]},"firstperson_righthand":{"rotation":[-21,-90,10],"translation":[0,0,6.5],"scale":[0.7,0.7,0.7]},"firstperson_lefthand":{"rotation":[-21,-90,10],"translation":[0,0,6.5],"scale":[0.7,0.7,0.7]},"ground":{"translation":[0.75,2.5,1.25],"scale":[0.7,0.7,0.7]},"gui":{"rotation":[35,135,0],"translation":[0.75,3,0],"scale":[0.7,0.7,0.7]},"head":{"rotation":[0,-90,0],"translation":[-2,11,2],"scale":[1.4,1.4,1.4]},"fixed":{"rotation":[0,0,40],"translation":[0.75,-2,0],"scale":[0.7,0.7,0.7]}},"credit":"Model by Craftventure"}