{"texture_size":[64,64],"textures":{"0":"custom/chef_hat2","particle":"custom/chef_hat2"},"elements":[{"from":[3.7,-0.025,3.7],"to":[12.3,2.075,12.3],"rotation":{"angle":0,"axis":"x","origin":[8,1.125,8]},"faces":{"north":{"uv":[5,6,9,7],"texture":"#0"},"east":{"uv":[5,6,9,7],"texture":"#0"},"south":{"uv":[5,6,9,7],"texture":"#0"},"west":{"uv":[5,6,9,7],"texture":"#0"},"up":{"uv":[5,7,9,11],"texture":"#0"},"down":{"uv":[5,7,9,11],"texture":"#0"}}},{"from":[3,4.75,3],"to":[13,8.75,13],"rotation":{"angle":0,"axis":"x","origin":[8,1.875,8]},"faces":{"north":{"uv":[0,10,5,12],"texture":"#0"},"east":{"uv":[0,10,5,12],"texture":"#0"},"south":{"uv":[0,10,5,12],"texture":"#0"},"west":{"uv":[0,10,5,12],"texture":"#0"},"up":{"uv":[0,0,5,5],"texture":"#0"},"down":{"uv":[0,5,5,10],"texture":"#0"}}},{"from":[4,0.75,4],"to":[12,4.75,12],"rotation":{"angle":0,"axis":"x","origin":[8,1.875,8]},"faces":{"north":{"uv":[5,4,9,6],"texture":"#0"},"east":{"uv":[5,4,9,6],"texture":"#0"},"south":{"uv":[5,4,9,6],"texture":"#0"},"west":{"uv":[5,4,9,6],"texture":"#0"},"down":{"uv":[5,0,9,4],"texture":"#0"}}}],"display":{"thirdperson_righthand":{"rotation":[75,45,0],"translation":[0,2.5,0],"scale":[0.375,0.375,0.375]},"thirdperson_lefthand":{"rotation":[75,45,0],"translation":[0,2.5,0],"scale":[0.375,0.375,0.375]},"firstperson_righthand":{"rotation":[0,45,0],"scale":[0.4,0.4,0.4]},"firstperson_lefthand":{"rotation":[0,225,0],"scale":[0.4,0.4,0.4]},"gui":{"rotation":[30,225,0],"translation":[0,3.75,0],"scale":[1.15,1.15,1.15]},"head":{"rotation":[12,0,0],"translation":[0,17,2.5],"scale":[1.81,1.81,1.81]},"fixed":{"scale":[0.5,0.5,0.5]}},"groups":[{"name":"hat","origin":[8,8,8],"color":0,"children":[0,1,2]},{"name":"mouse","origin":[8,8,8],"color":0,"children":[]}],"credit":"Model by Craftventure"}