{"texture_size":[64,64],"textures":{"0":"custom/chef_hat2","particle":"custom/chef_hat2"},"elements":[{"from":[3.7,-0.025,3.7],"to":[12.3,2.075,12.3],"rotation":{"angle":0,"axis":"x","origin":[8,1.125,8]},"faces":{"north":{"uv":[5,6,9,7],"texture":"#0"},"east":{"uv":[5,6,9,7],"texture":"#0"},"south":{"uv":[5,6,9,7],"texture":"#0"},"west":{"uv":[5,6,9,7],"texture":"#0"},"up":{"uv":[5,7,9,11],"texture":"#0"},"down":{"uv":[5,7,9,11],"texture":"#0"}}},{"from":[3,4.75,3],"to":[13,8.75,13],"rotation":{"angle":0,"axis":"x","origin":[8,1.875,8]},"faces":{"north":{"uv":[0,10,5,12],"texture":"#0"},"east":{"uv":[0,10,5,12],"texture":"#0"},"south":{"uv":[0,10,5,12],"texture":"#0"},"west":{"uv":[0,10,5,12],"texture":"#0"},"up":{"uv":[0,0,5,5],"texture":"#0"},"down":{"uv":[0,5,5,10],"texture":"#0"}}},{"from":[4,0.75,4],"to":[12,4.75,12],"rotation":{"angle":0,"axis":"x","origin":[8,1.875,8]},"faces":{"north":{"uv":[5,4,9,6],"texture":"#0"},"east":{"uv":[5,4,9,6],"texture":"#0"},"south":{"uv":[5,4,9,6],"texture":"#0"},"west":{"uv":[5,4,9,6],"texture":"#0"},"down":{"uv":[5,0,9,4],"texture":"#0"}}},{"from":[5.99667,9.25,2.85471],"to":[9.99667,12.25,4.85471],"rotation":{"angle":0,"axis":"z","origin":[8.05069,10.1695,6.05402]},"faces":{"north":{"uv":[13,0,15,1.5],"texture":"#0"},"east":{"uv":[12,0,13,1.5],"texture":"#0"},"south":{"uv":[14,5.5,16,7],"texture":"#0"},"west":{"uv":[12,0,13,1.5],"texture":"#0"},"up":{"uv":[15,0,16,2],"rotation":270,"texture":"#0"},"down":{"uv":[15,0,16,2],"rotation":90,"texture":"#0"}}},{"from":[6.49667,10.60088,2.20517],"to":[9.49667,12.60088,4.20517],"rotation":{"angle":-22.5,"axis":"x","origin":[8.05069,10.1695,6.05402]},"faces":{"north":{"uv":[13.5,2,15,3],"texture":"#0"},"east":{"uv":[12.5,2,13.5,3],"texture":"#0"},"south":{"uv":[13.5,2,15,3],"texture":"#0"},"west":{"uv":[12.5,2,13.5,3],"texture":"#0"},"up":{"uv":[15,2,16,3.5],"rotation":270,"texture":"#0"},"down":{"uv":[15,2,16,3.5],"rotation":90,"texture":"#0"}}},{"from":[5.49667,11.70387,5.47157],"to":[10.49667,14.70387,5.47157],"rotation":{"angle":-22.5,"axis":"x","origin":[8.05069,10.1695,6.05402]},"faces":{"north":{"uv":[13.5,3.5,16,5],"texture":"#0"},"south":{"uv":[13.5,3.5,16,5],"texture":"#0"}}},{"from":[5.49667,7.61061,2.88129],"to":[10.49667,7.61061,3.88129],"rotation":{"angle":45,"axis":"x","origin":[8.05069,10.1695,6.05402]},"faces":{"up":{"uv":[13.5,5,16,5.5],"rotation":180,"texture":"#0"},"down":{"uv":[13.5,5,16,5.5],"texture":"#0"}}},{"from":[6.49667,9.75,4.85471],"to":[9.49667,11.75,9.85471],"rotation":{"angle":0,"axis":"z","origin":[8.05069,10.1695,6.05402]},"faces":{"north":{"uv":[9.5,5.5,11,6.5],"texture":"#0"},"east":{"uv":[11,5.5,13.5,6.5],"texture":"#0"},"south":{"uv":[9.5,5.5,11,6.5],"texture":"#0"},"west":{"uv":[11,5.5,13.5,6.5],"texture":"#0"},"up":{"uv":[13.5,5.5,16,7],"rotation":270,"texture":"#0"},"down":{"uv":[13.5,5.5,16,7],"rotation":90,"texture":"#0"}}},{"from":[7.49667,9.79329,9.66441],"to":[9.49667,9.79329,14.66441],"rotation":{"angle":22.5,"axis":"x","origin":[8.49667,9.79329,12.16441]},"faces":{"up":{"uv":[13.5,7.5,16,8.5],"rotation":270,"texture":"#0"},"down":{"uv":[13.5,7,16,9],"rotation":90,"texture":"#0"}}},{"from":[8.88435,8.75,3.70235],"to":[9.88435,9.75,5.70235],"rotation":{"angle":-22.5,"axis":"y","origin":[8.05069,10.1695,6.05402]},"faces":{"north":{"uv":[12.5,6.5,13,7],"texture":"#0"},"east":{"uv":[13.5,6.5,12.5,7],"texture":"#0"},"south":{"uv":[12.5,6.5,13,7],"texture":"#0"},"west":{"uv":[12.5,6.5,13.5,7],"texture":"#0"},"up":{"uv":[12.5,6.5,13.5,7],"rotation":270,"texture":"#0"},"down":{"uv":[12.5,6.5,13.5,7],"rotation":90,"texture":"#0"}}},{"from":[9.88435,8.75,6.70235],"to":[10.88435,9.75,8.70235],"rotation":{"angle":-22.5,"axis":"y","origin":[8.05069,10.1695,6.05402]},"faces":{"north":{"uv":[12.5,6.5,13,7],"texture":"#0"},"east":{"uv":[12.5,6.5,13.5,7],"texture":"#0"},"south":{"uv":[12.5,6.5,13,7],"texture":"#0"},"west":{"uv":[12.5,6.5,13.5,7],"texture":"#0"},"up":{"uv":[12.5,6.5,13.5,7],"rotation":270,"texture":"#0"},"down":{"uv":[12.5,6.5,13.5,7],"rotation":90,"texture":"#0"}}},{"from":[6.13355,8.75,3.67406],"to":[7.13355,9.75,5.67406],"rotation":{"angle":22.5,"axis":"y","origin":[8.05069,10.1695,6.05402]},"faces":{"north":{"uv":[13,6.5,12.5,7],"texture":"#0"},"east":{"uv":[13.5,6.5,12.5,7],"texture":"#0"},"south":{"uv":[13,6.5,12.5,7],"texture":"#0"},"west":{"uv":[12.5,6.5,13.5,7],"texture":"#0"},"up":{"uv":[12.5,7,13.5,6.5],"rotation":270,"texture":"#0"},"down":{"uv":[12.5,7,13.5,6.5],"rotation":90,"texture":"#0"}}},{"from":[5.13355,8.75,6.67406],"to":[6.13355,9.75,8.67406],"rotation":{"angle":22.5,"axis":"y","origin":[8.05069,10.1695,6.05402]},"faces":{"north":{"uv":[13,6.5,12.5,7],"texture":"#0"},"east":{"uv":[13.5,6.5,12.5,7],"texture":"#0"},"south":{"uv":[13,6.5,12.5,7],"texture":"#0"},"west":{"uv":[13.5,6.5,12.5,7],"texture":"#0"},"up":{"uv":[12.5,7,13.5,6.5],"rotation":270,"texture":"#0"},"down":{"uv":[12.5,7,13.5,6.5],"rotation":90,"texture":"#0"}}}],"display":{"thirdperson_righthand":{"rotation":[75,45,0],"translation":[0,2.5,0],"scale":[0.375,0.375,0.375]},"thirdperson_lefthand":{"rotation":[75,45,0],"translation":[0,2.5,0],"scale":[0.375,0.375,0.375]},"firstperson_righthand":{"rotation":[0,45,0],"scale":[0.4,0.4,0.4]},"firstperson_lefthand":{"rotation":[0,225,0],"scale":[0.4,0.4,0.4]},"gui":{"rotation":[30,225,0],"translation":[0,3.75,0],"scale":[1.15,1.15,1.15]},"head":{"rotation":[12,0,0],"translation":[0,17,2.5],"scale":[1.81,1.81,1.81]},"fixed":{"scale":[0.5,0.5,0.5]}},"groups":[{"name":"hat","origin":[8,8,8],"color":0,"children":[0,1,2]},{"name":"mouse","origin":[8,8,8],"color":0,"children":[3,4,5,6,7,8,9,10,11,12]}],"credit":"Model by Craftventure"}