{"textures":{"0":"block/brown_terracotta","2":"block/dark_oak_planks","3":"block/gold_block","6":"item/bank_vc","7":"block/black_concrete","particle":"block/brown_terracotta"},"elements":[{"from":[1,0,3],"to":[15,1,4],"faces":{"north":{"uv":[0,0,1,1],"texture":"#0"},"east":{"uv":[0,0,1,1],"texture":"#0"},"south":{"uv":[0,0,1,1],"texture":"#0"},"west":{"uv":[0,0,1,1],"texture":"#0"},"up":{"uv":[0,0,1,1],"texture":"#0"},"down":{"uv":[0,0,1,1],"texture":"#0"}}},{"from":[1,0,12],"to":[15,1,13],"faces":{"north":{"uv":[0,0,1,1],"texture":"#0"},"east":{"uv":[0,0,1,1],"texture":"#0"},"south":{"uv":[0,0,1,1],"texture":"#0"},"west":{"uv":[0,0,1,1],"texture":"#0"},"up":{"uv":[0,0,1,1],"texture":"#0"},"down":{"uv":[0,0,1,1],"texture":"#0"}}},{"from":[14,0,4],"to":[15,1,12],"faces":{"north":{"uv":[0,0,1,1],"texture":"#0"},"east":{"uv":[0,0,1,1],"texture":"#0"},"south":{"uv":[0,0,1,1],"texture":"#0"},"west":{"uv":[0,0,1,1],"texture":"#0"},"up":{"uv":[0,0,1,1],"texture":"#0"},"down":{"uv":[0,0,1,1],"texture":"#0"}}},{"from":[1,0,4],"to":[2,1,12],"faces":{"north":{"uv":[0,0,1,1],"texture":"#0"},"east":{"uv":[0,0,1,1],"texture":"#0"},"south":{"uv":[0,0,1,1],"texture":"#0"},"west":{"uv":[0,0,1,1],"texture":"#0"},"up":{"uv":[0,0,1,1],"texture":"#0"},"down":{"uv":[0,0,1,1],"texture":"#0"}}},{"from":[1,6,4],"to":[2,7,12],"faces":{"north":{"uv":[0,0,1,1],"texture":"#0"},"east":{"uv":[0,0,1,1],"texture":"#0"},"south":{"uv":[0,0,1,1],"texture":"#0"},"west":{"uv":[0,0,1,1],"texture":"#0"},"up":{"uv":[0,0,1,1],"texture":"#0"},"down":{"uv":[0,0,1,1],"texture":"#0"}}},{"from":[1,6,3],"to":[15,7,4],"faces":{"north":{"uv":[0,0,1,1],"texture":"#0"},"east":{"uv":[0,0,1,1],"texture":"#0"},"south":{"uv":[0,0,1,1],"texture":"#0"},"west":{"uv":[0,0,1,1],"texture":"#0"},"up":{"uv":[0,0,1,1],"texture":"#0"},"down":{"uv":[0,0,1,1],"texture":"#0"}}},{"from":[14,6,4],"to":[15,7,12],"faces":{"north":{"uv":[0,0,1,1],"texture":"#0"},"east":{"uv":[0,0,1,1],"texture":"#0"},"south":{"uv":[0,0,1,1],"texture":"#0"},"west":{"uv":[0,0,1,1],"texture":"#0"},"up":{"uv":[0,0,1,1],"texture":"#0"},"down":{"uv":[0,0,1,1],"texture":"#0"}}},{"from":[1,6,12],"to":[15,7,13],"faces":{"north":{"uv":[0,0,1,1],"texture":"#0"},"east":{"uv":[0,0,1,1],"texture":"#0"},"south":{"uv":[0,0,1,1],"texture":"#0"},"west":{"uv":[0,0,1,1],"texture":"#0"},"up":{"uv":[0,0,1,1],"texture":"#0"},"down":{"uv":[0,0,1,1],"texture":"#0"}}},{"from":[14,1,12],"to":[14.9,6,12.9],"faces":{"north":{"uv":[0,0,1,1],"texture":"#0"},"east":{"uv":[0,0,1,1],"texture":"#0"},"south":{"uv":[0,0,1,1],"texture":"#0"},"west":{"uv":[0,0,1,1],"texture":"#0"},"up":{"uv":[0,0,1,1],"texture":"#0"},"down":{"uv":[0,0,1,1],"texture":"#0"}}},{"from":[1.1,1,12],"to":[2,6,12.9],"faces":{"north":{"uv":[1,0,0,1],"texture":"#0"},"east":{"uv":[1,0,0,1],"texture":"#0"},"south":{"uv":[1,0,0,1],"texture":"#0"},"west":{"uv":[1,0,0,1],"texture":"#0"},"up":{"uv":[1,0,0,1],"texture":"#0"},"down":{"uv":[1,0,0,1],"texture":"#0"}}},{"from":[1.1,1,3.1],"to":[2,6,4],"faces":{"north":{"uv":[0,0,1,1],"texture":"#0"},"east":{"uv":[0,0,1,1],"texture":"#0"},"south":{"uv":[0,0,1,1],"texture":"#0"},"west":{"uv":[0,0,1,1],"texture":"#0"},"up":{"uv":[1,1,0,0],"texture":"#0"},"down":{"uv":[1,1,0,0],"texture":"#0"}}},{"from":[14,1,3.1],"to":[14.9,6,4],"faces":{"north":{"uv":[1,0,0,1],"texture":"#0"},"east":{"uv":[1,0,0,1],"texture":"#0"},"south":{"uv":[1,0,0,1],"texture":"#0"},"west":{"uv":[1,0,0,1],"texture":"#0"},"up":{"uv":[0,1,1,0],"texture":"#0"},"down":{"uv":[0,1,1,0],"texture":"#0"}}},{"from":[1.9,1,12],"to":[14,6,12.7],"faces":{"north":{"uv":[0,0,12.1,5],"texture":"#2"},"east":{"uv":[0,0,0.7,5],"texture":"#2"},"south":{"uv":[0,0,12.1,5],"texture":"#2"},"west":{"uv":[0,0,0.7,5],"texture":"#2"},"up":{"uv":[0,0,12.1,0.7],"texture":"#2"},"down":{"uv":[0,0,12.1,0.7],"texture":"#2"}}},{"from":[1.3,1,3.9],"to":[2,6,12.1],"faces":{"north":{"uv":[0,0,0.7,5],"texture":"#2"},"east":{"uv":[0,0,8.2,5],"texture":"#2"},"south":{"uv":[0,0,0.7,5],"texture":"#2"},"west":{"uv":[0,0,8.2,5],"texture":"#2"},"up":{"uv":[0,0,0.7,8.2],"rotation":270,"texture":"#2"},"down":{"uv":[0,0,0.7,8.2],"rotation":90,"texture":"#2"}}},{"from":[14,1,3.9],"to":[14.7,6,12.1],"faces":{"north":{"uv":[0,0,0.7,5],"texture":"#2"},"east":{"uv":[0,0,8.2,5],"texture":"#2"},"south":{"uv":[0,0,0.7,5],"texture":"#2"},"west":{"uv":[0,0,8.2,5],"texture":"#2"},"up":{"uv":[0,0,0.7,8.2],"rotation":270,"texture":"#2"},"down":{"uv":[0,0,0.7,8.2],"rotation":90,"texture":"#2"}}},{"from":[2,1,3.3],"to":[14.1,6,4],"faces":{"north":{"uv":[0,0,12.1,5],"texture":"#2"},"east":{"uv":[0,0,0.7,5],"texture":"#2"},"south":{"uv":[0,0,12.1,5],"texture":"#2"},"west":{"uv":[0,0,0.7,5],"texture":"#2"},"up":{"uv":[0,0,12.1,0.7],"texture":"#2"},"down":{"uv":[0,0,12.1,0.7],"texture":"#2"}}},{"from":[2,0.2,4],"to":[14.1,5,12.1],"faces":{"north":{"uv":[0,0,12.1,4.8],"texture":"#2"},"east":{"uv":[0,0,8.1,4.8],"texture":"#2"},"south":{"uv":[0,0,12.1,4.8],"texture":"#2"},"west":{"uv":[0,0,8.1,4.8],"texture":"#2"},"up":{"uv":[0,0,12.1,8.1],"texture":"#3"},"down":{"uv":[0,0,12.1,8.1],"texture":"#2"}}},{"from":[5.6,5,7.2],"to":[9.6,9,11.2],"rotation":{"angle":22.5,"axis":"y","origin":[4.5,17.8,-0.1]},"faces":{"north":{"uv":[0,0,4,4],"texture":"#3"},"east":{"uv":[0,0,4,4],"texture":"#3"},"south":{"uv":[0,0,4,4],"texture":"#3"},"west":{"uv":[0,0,4,4],"texture":"#3"},"up":{"uv":[0,0,4,4],"texture":"#3"},"down":{"uv":[0,0,4,4],"texture":"#3"}}},{"from":[1.9,1.5,4],"to":[7.9,5.5,9.7],"faces":{"north":{"uv":[0,0,4,4],"texture":"#3"},"east":{"uv":[0,0,4,4],"texture":"#3"},"south":{"uv":[0,0,4,4],"texture":"#3"},"west":{"uv":[0,0,4,4],"texture":"#3"},"up":{"uv":[0,0,4,4],"texture":"#3"},"down":{"uv":[0,0,4,4],"texture":"#3"}}},{"name":"bank_vc_0","from":[10.6,9,6.8],"to":[11.4,9.2,9.2],"rotation":{"angle":-22.5,"axis":"y","origin":[11,9.1,8]},"faces":{"north":{"uv":[10,2,6,3],"texture":"#6"},"east":{"uv":[9,2,10,14],"rotation":90,"texture":"#6"},"south":{"uv":[6,13,10,14],"texture":"#6"},"west":{"uv":[6,2,7,14],"rotation":270,"texture":"#6"},"up":{"uv":[6,2,10,14],"texture":"#6"},"down":{"uv":[6,14,10,2],"texture":"#6"}}},{"name":"bank_vc_1","from":[10.2,9,7],"to":[10.6,9.2,9],"rotation":{"angle":-22.5,"axis":"y","origin":[11,9.1,8]},"faces":{"north":{"uv":[6,3,4,4],"texture":"#6"},"east":{"uv":[5,3,6,13],"rotation":90,"texture":"#6"},"south":{"uv":[4,12,6,13],"texture":"#6"},"west":{"uv":[4,3,5,13],"rotation":270,"texture":"#6"},"up":{"uv":[4,3,6,13],"texture":"#6"},"down":{"uv":[4,13,6,3],"texture":"#6"}}},{"name":"bank_vc_2","from":[11.4,9,7],"to":[11.8,9.2,9],"rotation":{"angle":-22.5,"axis":"y","origin":[11,9.1,8]},"faces":{"north":{"uv":[12,3,10,4],"texture":"#6"},"east":{"uv":[11,3,12,13],"rotation":90,"texture":"#6"},"south":{"uv":[10,12,12,13],"texture":"#6"},"west":{"uv":[10,3,11,13],"rotation":270,"texture":"#6"},"up":{"uv":[10,3,12,13],"texture":"#6"},"down":{"uv":[10,13,12,3],"texture":"#6"}}},{"name":"bank_vc_3","from":[10,9,7.2],"to":[10.2,9.2,8.8],"rotation":{"angle":-22.5,"axis":"y","origin":[11,9.1,8]},"faces":{"north":{"uv":[4,4,3,5],"texture":"#6"},"east":{"uv":[3,4,4,12],"rotation":90,"texture":"#6"},"south":{"uv":[3,11,4,12],"texture":"#6"},"west":{"uv":[3,4,4,12],"rotation":270,"texture":"#6"},"up":{"uv":[3,4,4,12],"texture":"#6"},"down":{"uv":[3,12,4,4],"texture":"#6"}}},{"name":"bank_vc_4","from":[11.8,9,7.2],"to":[12,9.2,8.8],"rotation":{"angle":-22.5,"axis":"y","origin":[11,9.1,8]},"faces":{"north":{"uv":[13,4,12,5],"texture":"#6"},"east":{"uv":[12,4,13,12],"rotation":90,"texture":"#6"},"south":{"uv":[12,11,13,12],"texture":"#6"},"west":{"uv":[12,4,13,12],"rotation":270,"texture":"#6"},"up":{"uv":[12,4,13,12],"texture":"#6"},"down":{"uv":[12,12,13,4],"texture":"#6"}}},{"name":"bank_vc_5","from":[9.8,9,7.6],"to":[10,9.2,8.4],"rotation":{"angle":-22.5,"axis":"y","origin":[11,9.1,8]},"faces":{"north":{"uv":[3,6,2,7],"texture":"#6"},"east":{"uv":[2,6,3,10],"rotation":90,"texture":"#6"},"south":{"uv":[2,9,3,10],"texture":"#6"},"west":{"uv":[2,6,3,10],"rotation":270,"texture":"#6"},"up":{"uv":[2,6,3,10],"texture":"#6"},"down":{"uv":[2,10,3,6],"texture":"#6"}}},{"name":"bank_vc_6","from":[12,9,7.6],"to":[12.2,9.2,8.4],"rotation":{"angle":-22.5,"axis":"y","origin":[11,9.1,8]},"faces":{"north":{"uv":[14,6,13,7],"texture":"#6"},"east":{"uv":[13,6,14,10],"rotation":90,"texture":"#6"},"south":{"uv":[13,9,14,10],"texture":"#6"},"west":{"uv":[13,6,14,10],"rotation":270,"texture":"#6"},"up":{"uv":[13,6,14,10],"texture":"#6"},"down":{"uv":[13,10,14,6],"texture":"#6"}}},{"name":"bank_vc_0","from":[2.8,5.5,8.1],"to":[5.2,5.7,8.9],"rotation":{"angle":-22.5,"axis":"y","origin":[4,5.6,8.5]},"faces":{"north":{"uv":[9,2,10,14],"rotation":90,"texture":"#6"},"east":{"uv":[6,13,10,14],"texture":"#6"},"south":{"uv":[6,2,7,14],"rotation":270,"texture":"#6"},"west":{"uv":[10,2,6,3],"texture":"#6"},"up":{"uv":[6,2,10,14],"rotation":270,"texture":"#6"},"down":{"uv":[6,14,10,2],"rotation":90,"texture":"#6"}}},{"name":"bank_vc_1","from":[3,5.5,8.9],"to":[5,5.7,9.3],"rotation":{"angle":-22.5,"axis":"y","origin":[4,5.6,8.5]},"faces":{"north":{"uv":[5,3,6,13],"rotation":90,"texture":"#6"},"east":{"uv":[4,12,6,13],"texture":"#6"},"south":{"uv":[4,3,5,13],"rotation":270,"texture":"#6"},"west":{"uv":[6,3,4,4],"texture":"#6"},"up":{"uv":[4,3,6,13],"rotation":270,"texture":"#6"},"down":{"uv":[4,13,6,3],"rotation":90,"texture":"#6"}}},{"name":"bank_vc_2","from":[3,5.5,7.7],"to":[5,5.7,8.1],"rotation":{"angle":-22.5,"axis":"y","origin":[4,5.6,8.5]},"faces":{"north":{"uv":[11,3,12,13],"rotation":90,"texture":"#6"},"east":{"uv":[10,12,12,13],"texture":"#6"},"south":{"uv":[10,3,11,13],"rotation":270,"texture":"#6"},"west":{"uv":[12,3,10,4],"texture":"#6"},"up":{"uv":[10,3,12,13],"rotation":270,"texture":"#6"},"down":{"uv":[10,13,12,3],"rotation":90,"texture":"#6"}}},{"name":"bank_vc_3","from":[3.2,5.5,9.3],"to":[4.8,5.7,9.5],"rotation":{"angle":-22.5,"axis":"y","origin":[4,5.6,8.5]},"faces":{"north":{"uv":[3,4,4,12],"rotation":90,"texture":"#6"},"east":{"uv":[3,11,4,12],"texture":"#6"},"south":{"uv":[3,4,4,12],"rotation":270,"texture":"#6"},"west":{"uv":[4,4,3,5],"texture":"#6"},"up":{"uv":[3,4,4,12],"rotation":270,"texture":"#6"},"down":{"uv":[3,12,4,4],"rotation":90,"texture":"#6"}}},{"name":"bank_vc_4","from":[3.2,5.5,7.5],"to":[4.8,5.7,7.7],"rotation":{"angle":-22.5,"axis":"y","origin":[4,5.6,8.5]},"faces":{"north":{"uv":[12,4,13,12],"rotation":90,"texture":"#6"},"east":{"uv":[12,11,13,12],"texture":"#6"},"south":{"uv":[12,4,13,12],"rotation":270,"texture":"#6"},"west":{"uv":[13,4,12,5],"texture":"#6"},"up":{"uv":[12,4,13,12],"rotation":270,"texture":"#6"},"down":{"uv":[12,12,13,4],"rotation":90,"texture":"#6"}}},{"name":"bank_vc_5","from":[3.6,5.5,9.5],"to":[4.4,5.7,9.7],"rotation":{"angle":-22.5,"axis":"y","origin":[4,5.6,8.5]},"faces":{"north":{"uv":[2,6,3,10],"rotation":90,"texture":"#6"},"east":{"uv":[2,9,3,10],"texture":"#6"},"south":{"uv":[2,6,3,10],"rotation":270,"texture":"#6"},"west":{"uv":[3,6,2,7],"texture":"#6"},"up":{"uv":[2,6,3,10],"rotation":270,"texture":"#6"},"down":{"uv":[2,10,3,6],"rotation":90,"texture":"#6"}}},{"name":"bank_vc_6","from":[3.6,5.5,7.3],"to":[4.4,5.7,7.5],"rotation":{"angle":-22.5,"axis":"y","origin":[4,5.6,8.5]},"faces":{"north":{"uv":[13,6,14,10],"rotation":90,"texture":"#6"},"east":{"uv":[13,9,14,10],"texture":"#6"},"south":{"uv":[13,6,14,10],"rotation":270,"texture":"#6"},"west":{"uv":[14,6,13,7],"texture":"#6"},"up":{"uv":[13,6,14,10],"rotation":270,"texture":"#6"},"down":{"uv":[13,10,14,6],"rotation":90,"texture":"#6"}}},{"name":"bank_vc_0","from":[6.5,5.4,7.5],"to":[6.7,7.8,8.3],"rotation":{"angle":-22.5,"axis":"z","origin":[6.6,6.6,7.9]},"faces":{"north":{"uv":[9,2,10,14],"rotation":180,"texture":"#6"},"east":{"uv":[6,14,10,2],"texture":"#6"},"south":{"uv":[6,2,7,14],"rotation":180,"texture":"#6"},"west":{"uv":[6,2,10,14],"rotation":180,"texture":"#6"},"up":{"uv":[6,13,10,14],"rotation":270,"texture":"#6"},"down":{"uv":[10,2,6,3],"rotation":270,"texture":"#6"}}},{"name":"bank_vc_1","from":[6.5,5.6,8.3],"to":[6.7,7.6,8.7],"rotation":{"angle":-22.5,"axis":"z","origin":[6.6,6.6,7.9]},"faces":{"north":{"uv":[5,3,6,13],"rotation":180,"texture":"#6"},"east":{"uv":[4,13,6,3],"texture":"#6"},"south":{"uv":[4,3,5,13],"rotation":180,"texture":"#6"},"west":{"uv":[4,3,6,13],"rotation":180,"texture":"#6"},"up":{"uv":[4,12,6,13],"rotation":270,"texture":"#6"},"down":{"uv":[6,3,4,4],"rotation":270,"texture":"#6"}}},{"name":"bank_vc_2","from":[6.5,5.6,7.1],"to":[6.7,7.6,7.5],"rotation":{"angle":-22.5,"axis":"z","origin":[6.6,6.6,7.9]},"faces":{"north":{"uv":[11,3,12,13],"rotation":180,"texture":"#6"},"east":{"uv":[10,13,12,3],"texture":"#6"},"south":{"uv":[10,3,11,13],"rotation":180,"texture":"#6"},"west":{"uv":[10,3,12,13],"rotation":180,"texture":"#6"},"up":{"uv":[10,12,12,13],"rotation":270,"texture":"#6"},"down":{"uv":[12,3,10,4],"rotation":270,"texture":"#6"}}},{"name":"bank_vc_3","from":[6.5,5.8,8.7],"to":[6.7,7.4,8.9],"rotation":{"angle":-22.5,"axis":"z","origin":[6.6,6.6,7.9]},"faces":{"north":{"uv":[3,4,4,12],"rotation":180,"texture":"#6"},"east":{"uv":[3,12,4,4],"texture":"#6"},"south":{"uv":[3,4,4,12],"rotation":180,"texture":"#6"},"west":{"uv":[3,4,4,12],"rotation":180,"texture":"#6"},"up":{"uv":[3,11,4,12],"rotation":270,"texture":"#6"},"down":{"uv":[4,4,3,5],"rotation":270,"texture":"#6"}}},{"name":"bank_vc_4","from":[6.5,5.8,6.9],"to":[6.7,7.4,7.1],"rotation":{"angle":-22.5,"axis":"z","origin":[6.6,6.6,7.9]},"faces":{"north":{"uv":[12,4,13,12],"rotation":180,"texture":"#6"},"east":{"uv":[12,12,13,4],"texture":"#6"},"south":{"uv":[12,4,13,12],"rotation":180,"texture":"#6"},"west":{"uv":[12,4,13,12],"rotation":180,"texture":"#6"},"up":{"uv":[12,11,13,12],"rotation":270,"texture":"#6"},"down":{"uv":[13,4,12,5],"rotation":270,"texture":"#6"}}},{"name":"bank_vc_5","from":[6.5,6.2,8.9],"to":[6.7,7,9.1],"rotation":{"angle":-22.5,"axis":"z","origin":[6.6,6.6,7.9]},"faces":{"north":{"uv":[2,6,3,10],"rotation":180,"texture":"#6"},"east":{"uv":[2,10,3,6],"texture":"#6"},"south":{"uv":[2,6,3,10],"rotation":180,"texture":"#6"},"west":{"uv":[2,6,3,10],"rotation":180,"texture":"#6"},"up":{"uv":[2,9,3,10],"rotation":270,"texture":"#6"},"down":{"uv":[3,6,2,7],"rotation":270,"texture":"#6"}}},{"name":"bank_vc_6","from":[6.5,6.2,6.7],"to":[6.7,7,6.9],"rotation":{"angle":-22.5,"axis":"z","origin":[6.6,6.6,7.9]},"faces":{"north":{"uv":[13,6,14,10],"rotation":180,"texture":"#6"},"east":{"uv":[13,10,14,6],"texture":"#6"},"south":{"uv":[13,6,14,10],"rotation":180,"texture":"#6"},"west":{"uv":[13,6,14,10],"rotation":180,"texture":"#6"},"up":{"uv":[13,9,14,10],"rotation":270,"texture":"#6"},"down":{"uv":[14,6,13,7],"rotation":270,"texture":"#6"}}},{"name":"bank_vc_0","from":[6.2,4.7,11],"to":[7,7.1,11.2],"rotation":{"angle":45,"axis":"x","origin":[6.6,5.9,11.1]},"faces":{"north":{"uv":[6,14,10,2],"texture":"#6"},"east":{"uv":[6,2,7,14],"rotation":180,"texture":"#6"},"south":{"uv":[6,2,10,14],"rotation":180,"texture":"#6"},"west":{"uv":[9,2,10,14],"rotation":180,"texture":"#6"},"up":{"uv":[6,13,10,14],"rotation":180,"texture":"#6"},"down":{"uv":[10,2,6,3],"texture":"#6"}}},{"name":"bank_vc_1","from":[7,4.9,11],"to":[7.4,6.9,11.2],"rotation":{"angle":45,"axis":"x","origin":[6.6,5.9,11.1]},"faces":{"north":{"uv":[4,13,6,3],"texture":"#6"},"east":{"uv":[4,3,5,13],"rotation":180,"texture":"#6"},"south":{"uv":[4,3,6,13],"rotation":180,"texture":"#6"},"west":{"uv":[5,3,6,13],"rotation":180,"texture":"#6"},"up":{"uv":[4,12,6,13],"rotation":180,"texture":"#6"},"down":{"uv":[6,3,4,4],"texture":"#6"}}},{"name":"bank_vc_2","from":[5.8,4.9,11],"to":[6.2,6.9,11.2],"rotation":{"angle":45,"axis":"x","origin":[6.6,5.9,11.1]},"faces":{"north":{"uv":[10,13,12,3],"texture":"#6"},"east":{"uv":[10,3,11,13],"rotation":180,"texture":"#6"},"south":{"uv":[10,3,12,13],"rotation":180,"texture":"#6"},"west":{"uv":[11,3,12,13],"rotation":180,"texture":"#6"},"up":{"uv":[10,12,12,13],"rotation":180,"texture":"#6"},"down":{"uv":[12,3,10,4],"texture":"#6"}}},{"name":"bank_vc_3","from":[7.4,5.1,11],"to":[7.6,6.7,11.2],"rotation":{"angle":45,"axis":"x","origin":[6.6,5.9,11.1]},"faces":{"north":{"uv":[3,12,4,4],"texture":"#6"},"east":{"uv":[3,4,4,12],"rotation":180,"texture":"#6"},"south":{"uv":[3,4,4,12],"rotation":180,"texture":"#6"},"west":{"uv":[3,4,4,12],"rotation":180,"texture":"#6"},"up":{"uv":[3,11,4,12],"rotation":180,"texture":"#6"},"down":{"uv":[4,4,3,5],"texture":"#6"}}},{"name":"bank_vc_4","from":[5.6,5.1,11],"to":[5.8,6.7,11.2],"rotation":{"angle":45,"axis":"x","origin":[6.6,5.9,11.1]},"faces":{"north":{"uv":[12,12,13,4],"texture":"#6"},"east":{"uv":[12,4,13,12],"rotation":180,"texture":"#6"},"south":{"uv":[12,4,13,12],"rotation":180,"texture":"#6"},"west":{"uv":[12,4,13,12],"rotation":180,"texture":"#6"},"up":{"uv":[12,11,13,12],"rotation":180,"texture":"#6"},"down":{"uv":[13,4,12,5],"texture":"#6"}}},{"name":"bank_vc_5","from":[7.6,5.5,11],"to":[7.8,6.3,11.2],"rotation":{"angle":45,"axis":"x","origin":[6.6,5.9,11.1]},"faces":{"north":{"uv":[2,10,3,6],"texture":"#6"},"east":{"uv":[2,6,3,10],"rotation":180,"texture":"#6"},"south":{"uv":[2,6,3,10],"rotation":180,"texture":"#6"},"west":{"uv":[2,6,3,10],"rotation":180,"texture":"#6"},"up":{"uv":[2,9,3,10],"rotation":180,"texture":"#6"},"down":{"uv":[3,6,2,7],"texture":"#6"}}},{"name":"bank_vc_6","from":[5.4,5.5,11],"to":[5.6,6.3,11.2],"rotation":{"angle":45,"axis":"x","origin":[6.6,5.9,11.1]},"faces":{"north":{"uv":[13,10,14,6],"texture":"#6"},"east":{"uv":[13,6,14,10],"rotation":180,"texture":"#6"},"south":{"uv":[13,6,14,10],"rotation":180,"texture":"#6"},"west":{"uv":[13,6,14,10],"rotation":180,"texture":"#6"},"up":{"uv":[13,9,14,10],"rotation":180,"texture":"#6"},"down":{"uv":[14,6,13,7],"texture":"#6"}}},{"name":"bank_vc_0","from":[3.3,5.7,6.9],"to":[5.7,5.9,7.7],"rotation":{"angle":45,"axis":"y","origin":[4.5,5.8,7.3]},"faces":{"north":{"uv":[9,2,10,14],"rotation":90,"texture":"#6"},"east":{"uv":[6,13,10,14],"texture":"#6"},"south":{"uv":[6,2,7,14],"rotation":270,"texture":"#6"},"west":{"uv":[10,2,6,3],"texture":"#6"},"up":{"uv":[6,2,10,14],"rotation":270,"texture":"#6"},"down":{"uv":[6,14,10,2],"rotation":90,"texture":"#6"}}},{"name":"bank_vc_1","from":[3.5,5.7,7.7],"to":[5.5,5.9,8.1],"rotation":{"angle":45,"axis":"y","origin":[4.5,5.8,7.3]},"faces":{"north":{"uv":[5,3,6,13],"rotation":90,"texture":"#6"},"east":{"uv":[4,12,6,13],"texture":"#6"},"south":{"uv":[4,3,5,13],"rotation":270,"texture":"#6"},"west":{"uv":[6,3,4,4],"texture":"#6"},"up":{"uv":[4,3,6,13],"rotation":270,"texture":"#6"},"down":{"uv":[4,13,6,3],"rotation":90,"texture":"#6"}}},{"name":"bank_vc_2","from":[3.5,5.7,6.5],"to":[5.5,5.9,6.9],"rotation":{"angle":45,"axis":"y","origin":[4.5,5.8,7.3]},"faces":{"north":{"uv":[11,3,12,13],"rotation":90,"texture":"#6"},"east":{"uv":[10,12,12,13],"texture":"#6"},"south":{"uv":[10,3,11,13],"rotation":270,"texture":"#6"},"west":{"uv":[12,3,10,4],"texture":"#6"},"up":{"uv":[10,3,12,13],"rotation":270,"texture":"#6"},"down":{"uv":[10,13,12,3],"rotation":90,"texture":"#6"}}},{"name":"bank_vc_3","from":[3.7,5.7,8.1],"to":[5.3,5.9,8.3],"rotation":{"angle":45,"axis":"y","origin":[4.5,5.8,7.3]},"faces":{"north":{"uv":[3,4,4,12],"rotation":90,"texture":"#6"},"east":{"uv":[3,11,4,12],"texture":"#6"},"south":{"uv":[3,4,4,12],"rotation":270,"texture":"#6"},"west":{"uv":[4,4,3,5],"texture":"#6"},"up":{"uv":[3,4,4,12],"rotation":270,"texture":"#6"},"down":{"uv":[3,12,4,4],"rotation":90,"texture":"#6"}}},{"name":"bank_vc_4","from":[3.7,5.7,6.3],"to":[5.3,5.9,6.5],"rotation":{"angle":45,"axis":"y","origin":[4.5,5.8,7.3]},"faces":{"north":{"uv":[12,4,13,12],"rotation":90,"texture":"#6"},"east":{"uv":[12,11,13,12],"texture":"#6"},"south":{"uv":[12,4,13,12],"rotation":270,"texture":"#6"},"west":{"uv":[13,4,12,5],"texture":"#6"},"up":{"uv":[12,4,13,12],"rotation":270,"texture":"#6"},"down":{"uv":[12,12,13,4],"rotation":90,"texture":"#6"}}},{"name":"bank_vc_5","from":[4.1,5.7,8.3],"to":[4.9,5.9,8.5],"rotation":{"angle":45,"axis":"y","origin":[4.5,5.8,7.3]},"faces":{"north":{"uv":[2,6,3,10],"rotation":90,"texture":"#6"},"east":{"uv":[2,9,3,10],"texture":"#6"},"south":{"uv":[2,6,3,10],"rotation":270,"texture":"#6"},"west":{"uv":[3,6,2,7],"texture":"#6"},"up":{"uv":[2,6,3,10],"rotation":270,"texture":"#6"},"down":{"uv":[2,10,3,6],"rotation":90,"texture":"#6"}}},{"name":"bank_vc_6","from":[4.1,5.7,6.1],"to":[4.9,5.9,6.3],"rotation":{"angle":45,"axis":"y","origin":[4.5,5.8,7.3]},"faces":{"north":{"uv":[13,6,14,10],"rotation":90,"texture":"#6"},"east":{"uv":[13,9,14,10],"texture":"#6"},"south":{"uv":[13,6,14,10],"rotation":270,"texture":"#6"},"west":{"uv":[14,6,13,7],"texture":"#6"},"up":{"uv":[13,6,14,10],"rotation":270,"texture":"#6"},"down":{"uv":[13,10,14,6],"rotation":90,"texture":"#6"}}},{"name":"bank_vc_0","from":[4.8,5.5,4.9],"to":[5.6,5.7,7.3],"rotation":{"angle":22.5,"axis":"y","origin":[5.2,5.6,6.1]},"faces":{"north":{"uv":[6,13,10,14],"texture":"#6"},"east":{"uv":[6,2,7,14],"rotation":270,"texture":"#6"},"south":{"uv":[10,2,6,3],"texture":"#6"},"west":{"uv":[9,2,10,14],"rotation":90,"texture":"#6"},"up":{"uv":[6,2,10,14],"rotation":180,"texture":"#6"},"down":{"uv":[6,14,10,2],"rotation":180,"texture":"#6"}}},{"name":"bank_vc_1","from":[5.6,5.5,5.1],"to":[6,5.7,7.1],"rotation":{"angle":22.5,"axis":"y","origin":[5.2,5.6,6.1]},"faces":{"north":{"uv":[4,12,6,13],"texture":"#6"},"east":{"uv":[4,3,5,13],"rotation":270,"texture":"#6"},"south":{"uv":[6,3,4,4],"texture":"#6"},"west":{"uv":[5,3,6,13],"rotation":90,"texture":"#6"},"up":{"uv":[4,3,6,13],"rotation":180,"texture":"#6"},"down":{"uv":[4,13,6,3],"rotation":180,"texture":"#6"}}},{"name":"bank_vc_2","from":[4.4,5.5,5.1],"to":[4.8,5.7,7.1],"rotation":{"angle":22.5,"axis":"y","origin":[5.2,5.6,6.1]},"faces":{"north":{"uv":[10,12,12,13],"texture":"#6"},"east":{"uv":[10,3,11,13],"rotation":270,"texture":"#6"},"south":{"uv":[12,3,10,4],"texture":"#6"},"west":{"uv":[11,3,12,13],"rotation":90,"texture":"#6"},"up":{"uv":[10,3,12,13],"rotation":180,"texture":"#6"},"down":{"uv":[10,13,12,3],"rotation":180,"texture":"#6"}}},{"name":"bank_vc_3","from":[6,5.5,5.3],"to":[6.2,5.7,6.9],"rotation":{"angle":22.5,"axis":"y","origin":[5.2,5.6,6.1]},"faces":{"north":{"uv":[3,11,4,12],"texture":"#6"},"east":{"uv":[3,4,4,12],"rotation":270,"texture":"#6"},"south":{"uv":[4,4,3,5],"texture":"#6"},"west":{"uv":[3,4,4,12],"rotation":90,"texture":"#6"},"up":{"uv":[3,4,4,12],"rotation":180,"texture":"#6"},"down":{"uv":[3,12,4,4],"rotation":180,"texture":"#6"}}},{"name":"bank_vc_4","from":[4.2,5.5,5.3],"to":[4.4,5.7,6.9],"rotation":{"angle":22.5,"axis":"y","origin":[5.2,5.6,6.1]},"faces":{"north":{"uv":[12,11,13,12],"texture":"#6"},"east":{"uv":[12,4,13,12],"rotation":270,"texture":"#6"},"south":{"uv":[13,4,12,5],"texture":"#6"},"west":{"uv":[12,4,13,12],"rotation":90,"texture":"#6"},"up":{"uv":[12,4,13,12],"rotation":180,"texture":"#6"},"down":{"uv":[12,12,13,4],"rotation":180,"texture":"#6"}}},{"name":"bank_vc_5","from":[6.2,5.5,5.7],"to":[6.4,5.7,6.5],"rotation":{"angle":22.5,"axis":"y","origin":[5.2,5.6,6.1]},"faces":{"north":{"uv":[2,9,3,10],"texture":"#6"},"east":{"uv":[2,6,3,10],"rotation":270,"texture":"#6"},"south":{"uv":[3,6,2,7],"texture":"#6"},"west":{"uv":[2,6,3,10],"rotation":90,"texture":"#6"},"up":{"uv":[2,6,3,10],"rotation":180,"texture":"#6"},"down":{"uv":[2,10,3,6],"rotation":180,"texture":"#6"}}},{"name":"bank_vc_6","from":[4,5.5,5.7],"to":[4.2,5.7,6.5],"rotation":{"angle":22.5,"axis":"y","origin":[5.2,5.6,6.1]},"faces":{"north":{"uv":[13,9,14,10],"texture":"#6"},"east":{"uv":[13,6,14,10],"rotation":270,"texture":"#6"},"south":{"uv":[14,6,13,7],"texture":"#6"},"west":{"uv":[13,6,14,10],"rotation":90,"texture":"#6"},"up":{"uv":[13,6,14,10],"rotation":180,"texture":"#6"},"down":{"uv":[13,10,14,6],"rotation":180,"texture":"#6"}}},{"from":[9.14,5,10.38],"to":[10.74,6.6,11.98],"rotation":{"angle":45,"axis":"y","origin":[8.7,10.12,7.46]},"faces":{"north":{"uv":[8,4,9,5],"texture":"#6"},"east":{"uv":[8,4,9,5],"texture":"#6"},"south":{"uv":[8,4,9,5],"texture":"#6"},"west":{"uv":[8,4,9,5],"texture":"#6"},"up":{"uv":[8,4,9,5],"texture":"#6"},"down":{"uv":[8,4,9,5],"texture":"#6"}}},{"from":[4.94,5,8.98],"to":[7.14,7,11.18],"rotation":{"angle":45,"axis":"y","origin":[4.5,10.12,6.06]},"faces":{"north":{"uv":[8,4,9,5],"texture":"#6"},"east":{"uv":[8,4,9,5],"texture":"#6"},"south":{"uv":[8,4,9,5],"texture":"#6"},"west":{"uv":[8,4,9,5],"texture":"#6"},"up":{"uv":[8,4,9,5],"texture":"#6"},"down":{"uv":[8,4,9,5],"texture":"#6"}}},{"from":[7.82,5,5.22],"to":[13.22,5.3,8.92],"rotation":{"angle":-22.5,"axis":"y","origin":[6.1,10.12,8.76]},"faces":{"north":{"uv":[8,4,9,5],"texture":"#6"},"east":{"uv":[8,4,9,5],"texture":"#6"},"south":{"uv":[8,4,9,5],"texture":"#6"},"west":{"uv":[8,4,9,5],"texture":"#6"},"up":{"uv":[8,4,9,5],"rotation":270,"texture":"#6"},"down":{"uv":[8,4,9,5],"rotation":90,"texture":"#6"}}},{"from":[11,6.5,2.8],"to":[13,7,3],"faces":{"north":{"uv":[0,0,2,0.5],"texture":"#7"},"east":{"uv":[0,0,0.2,0.5],"texture":"#7"},"south":{"uv":[0,0,2,0.5],"texture":"#7"},"west":{"uv":[0,0,0.2,0.5],"texture":"#7"},"up":{"uv":[0,0,2,0.2],"texture":"#7"},"down":{"uv":[0,0,2,0.2],"texture":"#7"}}},{"from":[11,7,2.8],"to":[13,7.5,3],"faces":{"north":{"uv":[0,0,2,0.5],"texture":"#7"},"east":{"uv":[0,0,0.2,0.5],"texture":"#7"},"south":{"uv":[0,0,2,0.5],"texture":"#7"},"west":{"uv":[0,0,0.2,0.5],"texture":"#7"},"up":{"uv":[0,0,2,0.2],"texture":"#7"},"down":{"uv":[0,0,2,0.2],"texture":"#7"}}},{"from":[3,6.5,2.8],"to":[5,7,3],"faces":{"north":{"uv":[2,0,0,0.5],"texture":"#7"},"east":{"uv":[0.2,0,0,0.5],"texture":"#7"},"south":{"uv":[2,0,0,0.5],"texture":"#7"},"west":{"uv":[0.2,0,0,0.5],"texture":"#7"},"up":{"uv":[2,0,0,0.2],"texture":"#7"},"down":{"uv":[2,0,0,0.2],"texture":"#7"}}},{"from":[3,7,2.8],"to":[5,7.5,3],"faces":{"north":{"uv":[2,0,0,0.5],"texture":"#7"},"east":{"uv":[0.2,0,0,0.5],"texture":"#7"},"south":{"uv":[2,0,0,0.5],"texture":"#7"},"west":{"uv":[0.2,0,0,0.5],"texture":"#7"},"up":{"uv":[2,0,0,0.2],"texture":"#7"},"down":{"uv":[2,0,0,0.2],"texture":"#7"}}},{"from":[14.2,7.96972,4.65203],"to":[14.9,10.76972,11.34797],"faces":{"north":{"uv":[0,0,0.7,2.8],"rotation":180,"texture":"#2"},"east":{"uv":[0,0,6.69594,2.8],"rotation":180,"texture":"#2"},"south":{"uv":[0,0,0.7,2.8],"rotation":180,"texture":"#2"},"west":{"uv":[0,0,6.69594,2.8],"rotation":180,"texture":"#2"},"up":{"uv":[0,0,0.7,6.69594],"texture":"#2"},"down":{"uv":[0,0,0.7,6.69594],"texture":"#2"}}},{"from":[14.2,7.96972,4.02703],"to":[14.9,10.16972,4.67297],"faces":{"north":{"uv":[0,0,0.7,2.2],"rotation":180,"texture":"#2"},"east":{"uv":[0,0,0.64594,2.2],"rotation":180,"texture":"#2"},"south":{"uv":[0,0,0.7,2.2],"rotation":180,"texture":"#2"},"west":{"uv":[0,0,0.64594,2.2],"rotation":180,"texture":"#2"},"up":{"uv":[0,0,0.7,0.64594],"texture":"#2"},"down":{"uv":[0,0,0.7,0.64594],"texture":"#2"}}},{"from":[14.2,7.96972,11.32703],"to":[14.9,10.16972,11.94797],"faces":{"north":{"uv":[0,0,0.7,2.2],"rotation":180,"texture":"#2"},"east":{"uv":[0,0,0.62094,2.2],"rotation":180,"texture":"#2"},"south":{"uv":[0,0,0.7,2.2],"rotation":180,"texture":"#2"},"west":{"uv":[0,0,0.62094,2.2],"rotation":180,"texture":"#2"},"up":{"uv":[0,0,0.7,0.62094],"texture":"#2"},"down":{"uv":[0,0,0.7,0.62094],"texture":"#2"}}},{"from":[1.1,7.96972,4.65203],"to":[1.8,10.76972,11.34797],"faces":{"north":{"uv":[0.7,0,0,2.8],"rotation":180,"texture":"#2"},"east":{"uv":[6.69594,0,0,2.8],"rotation":180,"texture":"#2"},"south":{"uv":[0.7,0,0,2.8],"rotation":180,"texture":"#2"},"west":{"uv":[6.69594,0,0,2.8],"rotation":180,"texture":"#2"},"up":{"uv":[0.7,0,0,6.69594],"texture":"#2"},"down":{"uv":[0.7,0,0,6.69594],"texture":"#2"}}},{"from":[1.1,7.96972,11.32703],"to":[1.8,10.16972,11.94797],"faces":{"north":{"uv":[0.7,0,0,2.2],"rotation":180,"texture":"#2"},"east":{"uv":[0.62094,0,0,2.2],"rotation":180,"texture":"#2"},"south":{"uv":[0.7,0,0,2.2],"rotation":180,"texture":"#2"},"west":{"uv":[0.62094,0,0,2.2],"rotation":180,"texture":"#2"},"up":{"uv":[0.7,0,0,0.62094],"texture":"#2"},"down":{"uv":[0.7,0,0,0.62094],"texture":"#2"}}},{"from":[1.1,7.96972,4.02703],"to":[1.8,10.16972,4.67297],"faces":{"north":{"uv":[0.7,0,0,2.2],"rotation":180,"texture":"#2"},"east":{"uv":[0.64594,0,0,2.2],"rotation":180,"texture":"#2"},"south":{"uv":[0.7,0,0,2.2],"rotation":180,"texture":"#2"},"west":{"uv":[0.64594,0,0,2.2],"rotation":180,"texture":"#2"},"up":{"uv":[0.7,0,0,0.64594],"texture":"#2"},"down":{"uv":[0.7,0,0,0.64594],"texture":"#2"}}},{"from":[1,7,4],"to":[2,8,12],"faces":{"north":{"uv":[0,0,1,1],"texture":"#0"},"east":{"uv":[0,0,1,1],"texture":"#0"},"south":{"uv":[0,0,1,1],"texture":"#0"},"west":{"uv":[0,0,1,1],"texture":"#0"},"up":{"uv":[0,0,1,1],"texture":"#0"},"down":{"uv":[0,0,1,1],"texture":"#0"}}},{"from":[1,7,12],"to":[15,8,13],"faces":{"north":{"uv":[0,0,1,1],"texture":"#0"},"east":{"uv":[0,0,1,1],"texture":"#0"},"south":{"uv":[0,0,1,1],"texture":"#0"},"west":{"uv":[0,0,1,1],"texture":"#0"},"up":{"uv":[0,0,1,1],"texture":"#0"},"down":{"uv":[0,0,1,1],"texture":"#0"}}},{"from":[14,6.42544,11.28757],"to":[15,8.67544,12.28757],"rotation":{"angle":-22.5,"axis":"x","origin":[7.99828,9.00353,8.68588]},"faces":{"north":{"uv":[0,0,1,1],"rotation":180,"texture":"#0"},"east":{"uv":[0,0,1,1],"rotation":90,"texture":"#0"},"south":{"uv":[0,0,1,1],"texture":"#0"},"west":{"uv":[0,0,1,1],"rotation":270,"texture":"#0"},"up":{"uv":[0,0,1,1],"texture":"#0"},"down":{"uv":[0,0,1,1],"rotation":180,"texture":"#0"}}},{"from":[14,11.20552,8.11729],"to":[15,12.20552,10.36729],"rotation":{"angle":45,"axis":"x","origin":[7.99828,9.00353,8.68588]},"faces":{"north":{"uv":[0,0,1,1],"rotation":180,"texture":"#0"},"east":{"uv":[0,0,1,1],"rotation":180,"texture":"#0"},"south":{"uv":[0,0,1,1],"rotation":180,"texture":"#0"},"west":{"uv":[0,0,1,1],"rotation":180,"texture":"#0"},"up":{"uv":[0,0,1,1],"texture":"#0"},"down":{"uv":[0,0,1,1],"texture":"#0"}}},{"from":[14,6.35214,4.51391],"to":[15,8.60214,5.51391],"rotation":{"angle":45,"axis":"x","origin":[7.99828,9.00353,8.68588]},"faces":{"north":{"uv":[0,0,1,1],"rotation":180,"texture":"#0"},"east":{"uv":[0,0,1,1],"rotation":90,"texture":"#0"},"south":{"uv":[0,0,1,1],"texture":"#0"},"west":{"uv":[0,0,1,1],"rotation":270,"texture":"#0"},"up":{"uv":[0,0,1,1],"texture":"#0"},"down":{"uv":[0,0,1,1],"rotation":180,"texture":"#0"}}},{"from":[14,5.9005,3.81685],"to":[15,8.1505,4.81685],"rotation":{"angle":22.5,"axis":"x","origin":[7.99828,9.00353,8.68588]},"faces":{"north":{"uv":[0,0,1,1],"rotation":180,"texture":"#0"},"east":{"uv":[0,0,1,1],"rotation":90,"texture":"#0"},"south":{"uv":[0,0,1,1],"texture":"#0"},"west":{"uv":[0,0,1,1],"rotation":270,"texture":"#0"},"up":{"uv":[0,0,1,1],"texture":"#0"},"down":{"uv":[0,0,1,1],"rotation":180,"texture":"#0"}}},{"from":[14,10.66972,5.45203],"to":[15,11.66972,10.54797],"faces":{"north":{"uv":[0,0,1,1],"rotation":180,"texture":"#0"},"east":{"uv":[0,0,1,1],"rotation":180,"texture":"#0"},"south":{"uv":[0,0,1,1],"rotation":180,"texture":"#0"},"west":{"uv":[0,0,1,1],"rotation":180,"texture":"#0"},"up":{"uv":[0,0,1,1],"texture":"#0"},"down":{"uv":[0,0,1,1],"texture":"#0"}}},{"from":[1,6.42544,11.28757],"to":[2,8.67544,12.28757],"rotation":{"angle":-22.5,"axis":"x","origin":[7.99828,9.00353,8.68588]},"faces":{"north":{"uv":[1,0,0,1],"rotation":180,"texture":"#0"},"east":{"uv":[1,0,0,1],"rotation":90,"texture":"#0"},"south":{"uv":[1,0,0,1],"texture":"#0"},"west":{"uv":[1,0,0,1],"rotation":270,"texture":"#0"},"up":{"uv":[1,0,0,1],"texture":"#0"},"down":{"uv":[1,0,0,1],"rotation":180,"texture":"#0"}}},{"from":[1,11.20552,8.11729],"to":[2,12.20552,10.36729],"rotation":{"angle":45,"axis":"x","origin":[7.99828,9.00353,8.68588]},"faces":{"north":{"uv":[1,0,0,1],"rotation":180,"texture":"#0"},"east":{"uv":[1,0,0,1],"rotation":180,"texture":"#0"},"south":{"uv":[1,0,0,1],"rotation":180,"texture":"#0"},"west":{"uv":[1,0,0,1],"rotation":180,"texture":"#0"},"up":{"uv":[1,0,0,1],"texture":"#0"},"down":{"uv":[1,0,0,1],"texture":"#0"}}},{"from":[1,10.66972,5.45203],"to":[2,11.66972,10.54797],"faces":{"north":{"uv":[1,0,0,1],"rotation":180,"texture":"#0"},"east":{"uv":[1,0,0,1],"rotation":180,"texture":"#0"},"south":{"uv":[1,0,0,1],"rotation":180,"texture":"#0"},"west":{"uv":[1,0,0,1],"rotation":180,"texture":"#0"},"up":{"uv":[1,0,0,1],"texture":"#0"},"down":{"uv":[1,0,0,1],"texture":"#0"}}},{"from":[1,6.35214,4.51391],"to":[2,8.60214,5.51391],"rotation":{"angle":45,"axis":"x","origin":[7.99828,9.00353,8.68588]},"faces":{"north":{"uv":[1,0,0,1],"rotation":180,"texture":"#0"},"east":{"uv":[0,1,1,0],"rotation":270,"texture":"#0"},"south":{"uv":[1,0,0,1],"texture":"#0"},"west":{"uv":[0,1,1,0],"rotation":90,"texture":"#0"},"up":{"uv":[1,0,0,1],"texture":"#0"},"down":{"uv":[1,0,0,1],"rotation":180,"texture":"#0"}}},{"from":[1,5.9005,3.81685],"to":[2,8.1505,4.81685],"rotation":{"angle":22.5,"axis":"x","origin":[7.99828,9.00353,8.68588]},"faces":{"north":{"uv":[1,0,0,1],"rotation":180,"texture":"#0"},"east":{"uv":[0,1,1,0],"rotation":270,"texture":"#0"},"south":{"uv":[1,0,0,1],"texture":"#0"},"west":{"uv":[0,1,1,0],"rotation":90,"texture":"#0"},"up":{"uv":[1,0,0,1],"texture":"#0"},"down":{"uv":[1,0,0,1],"rotation":180,"texture":"#0"}}},{"from":[1.775,6.41451,11.20896],"to":[14.205,8.61951,12.18896],"rotation":{"angle":-22.5,"axis":"x","origin":[7.99828,9.00353,8.68588]},"faces":{"north":{"uv":[0,0,12.08,2.205],"rotation":180,"texture":"#2"},"east":{"uv":[0,0,2.205,0.98],"rotation":90,"texture":"#2"},"south":{"uv":[0,0,12.08,2.205],"texture":"#2"},"west":{"uv":[0,0,2.205,0.98],"rotation":270,"texture":"#2"},"up":{"uv":[0,0,12.08,0.98],"texture":"#2"},"down":{"uv":[0,0,12.08,0.98],"rotation":180,"texture":"#2"}}},{"from":[1.775,11.11301,8.17623],"to":[14.205,12.09301,10.38123],"rotation":{"angle":45,"axis":"x","origin":[7.99828,9.00353,8.68588]},"faces":{"north":{"uv":[0,0,12.08,0.98],"rotation":180,"texture":"#2"},"east":{"uv":[0,0,2.205,0.98],"rotation":180,"texture":"#2"},"south":{"uv":[0,0,12.08,0.98],"rotation":180,"texture":"#2"},"west":{"uv":[0,0,2.205,0.98],"rotation":180,"texture":"#2"},"up":{"uv":[0,0,12.08,2.205],"texture":"#2"},"down":{"uv":[0,0,12.08,2.205],"texture":"#2"}}},{"from":[1.775,10.56849,5.51607],"to":[14.205,11.54849,10.51009],"faces":{"north":{"uv":[0,0,12.08,0.98],"rotation":180,"texture":"#2"},"east":{"uv":[0,0,4.99403,0.98],"rotation":180,"texture":"#2"},"south":{"uv":[0,0,12.08,0.98],"rotation":180,"texture":"#2"},"west":{"uv":[0,0,4.99403,0.98],"rotation":180,"texture":"#2"},"up":{"uv":[0,0,12.08,4.99403],"texture":"#2"},"down":{"uv":[0,0,12.08,4.99403],"texture":"#2"}}},{"from":[1.775,6.3567,4.64492],"to":[14.205,8.5617,5.62492],"rotation":{"angle":45,"axis":"x","origin":[7.99828,9.00353,8.68588]},"faces":{"north":{"uv":[0,0,12.08,2.205],"rotation":180,"texture":"#2"},"east":{"uv":[0,0,0.98,2.205],"rotation":90,"texture":"#2"},"south":{"uv":[0,0,12.08,2.205],"texture":"#2"},"west":{"uv":[0,0,0.98,2.205],"rotation":270,"texture":"#2"},"up":{"uv":[0,0,12.08,0.98],"texture":"#2"},"down":{"uv":[0,0,12.08,0.98],"rotation":180,"texture":"#2"}}},{"from":[1.775,5.89958,3.93963],"to":[14.205,8.10458,4.91963],"rotation":{"angle":22.5,"axis":"x","origin":[7.99828,9.00353,8.68588]},"faces":{"north":{"uv":[0,0,12.08,2.205],"rotation":180,"texture":"#2"},"east":{"uv":[0,0,0.98,2.205],"rotation":90,"texture":"#2"},"south":{"uv":[0,0,12.08,2.205],"texture":"#2"},"west":{"uv":[0,0,0.98,2.205],"rotation":270,"texture":"#2"},"up":{"uv":[0,0,12.08,0.98],"texture":"#2"},"down":{"uv":[0,0,12.08,0.98],"rotation":180,"texture":"#2"}}},{"from":[1,7,3],"to":[15,8,4],"faces":{"north":{"uv":[0,0,1,1],"texture":"#0"},"east":{"uv":[0,0,1,1],"texture":"#0"},"south":{"uv":[0,0,1,1],"texture":"#0"},"west":{"uv":[0,0,1,1],"texture":"#0"},"up":{"uv":[0,0,1,1],"texture":"#0"},"down":{"uv":[0,0,1,1],"texture":"#0"}}},{"from":[14,7,4],"to":[15,8,12],"faces":{"north":{"uv":[0,0,1,1],"texture":"#0"},"east":{"uv":[0,0,1,1],"texture":"#0"},"south":{"uv":[0,0,1,1],"texture":"#0"},"west":{"uv":[0,0,1,1],"texture":"#0"},"up":{"uv":[0,0,1,1],"texture":"#0"},"down":{"uv":[0,0,1,1],"texture":"#0"}}},{"from":[7,7.4,12.5],"to":[9,7.9,13.2],"faces":{"north":{"uv":[0,0,2,0.5],"texture":"#3"},"east":{"uv":[0,0,0.7,0.5],"texture":"#3"},"south":{"uv":[0,0,2,0.5],"texture":"#3"},"west":{"uv":[0,0,0.7,0.5],"texture":"#3"},"up":{"uv":[0,0,2,0.7],"texture":"#3"},"down":{"uv":[0,0,2,0.7],"texture":"#3"}}},{"from":[7,6,12.8],"to":[7.5,7.4,13.2],"faces":{"north":{"uv":[0,0,2,0.5],"texture":"#3"},"east":{"uv":[0,0,0.7,0.5],"texture":"#3"},"south":{"uv":[0,0,2,0.5],"texture":"#3"},"west":{"uv":[0,0,0.7,0.5],"texture":"#3"},"up":{"uv":[0,0,2,0.7],"texture":"#3"},"down":{"uv":[0,0,2,0.7],"texture":"#3"}}},{"from":[8.5,6,12.8],"to":[9,7.4,13.2],"faces":{"north":{"uv":[0,0,2,0.5],"texture":"#3"},"east":{"uv":[0,0,0.7,0.5],"texture":"#3"},"south":{"uv":[0,0,2,0.5],"texture":"#3"},"west":{"uv":[0,0,0.7,0.5],"texture":"#3"},"up":{"uv":[0,0,2,0.7],"texture":"#3"},"down":{"uv":[0,0,2,0.7],"texture":"#3"}}},{"from":[7,5.5,12.8],"to":[9,6,13.2],"faces":{"north":{"uv":[0,0,2,0.5],"texture":"#3"},"east":{"uv":[0,0,0.7,0.5],"texture":"#3"},"south":{"uv":[0,0,2,0.5],"texture":"#3"},"west":{"uv":[0,0,0.7,0.5],"texture":"#3"},"up":{"uv":[0,0,2,0.7],"texture":"#3"},"down":{"uv":[0,0,2,0.7],"texture":"#3"}}}],"display":{"gui":{"rotation":[30,45,0],"translation":[0,1.25,0],"scale":[0.7,0.7,0.7]},"head":{"rotation":[0,160,0],"translation":[0,12,0],"scale":[0.7,0.7,0.7]}},"groups":[0,1,2,3,4,5,6,7,8,9,10,11,12,13,14,15,16,17,18,{"name":"bank_vc","origin":[8,8,8],"children":[{"name":"group","origin":[8,8,8],"children":[19,20,21,22,23,24,25]}]},{"name":"bank_vc2","origin":[8,8,8],"children":[{"name":"group","origin":[8,8,8],"children":[26,27,28,29,30,31,32]}]},{"name":"bank_vc6","origin":[8,8,8],"children":[{"name":"group","origin":[8,8,8],"children":[33,34,35,36,37,38,39]}]},{"name":"bank_vc7","origin":[8,8,8],"children":[{"name":"group","origin":[8,8,8],"children":[40,41,42,43,44,45,46]}]},{"name":"bank_vc3","origin":[8,8,8],"children":[{"name":"group","origin":[8,8,8],"children":[47,48,49,50,51,52,53]}]},{"name":"bank_vc4","origin":[8,8,8],"children":[{"name":"group","origin":[8,8,8],"children":[54,55,56,57,58,59,60]}]},61,62,63,64,65,66,67,{"name":"group","origin":[8,8,8],"children":[68,69,70,71,72,73,74,75,76,77,78,79,80,81,82,83,84,85,86,87,88,89,90,91,92,93,94,95,96]}],"credit":"Model by Craftventure"}