{"textures":{"0":"item/cookie","1":"block/black_terracotta"},"elements":[{"name":"Cube","from":[0,0,0],"to":[16,1.5,16],"faces":{"north":{"uv":[2,6,13,7.5],"texture":"#0"},"east":{"uv":[3,6,13,7.5],"texture":"#0"},"south":{"uv":[3,6,13,7.5],"texture":"#0"},"west":{"uv":[2,6,13,8.5],"texture":"#0"},"up":{"uv":[3,3,13,11],"texture":"#0"},"down":{"uv":[3,3,13,11],"texture":"#0"}}},{"name":"Cube","from":[2,0.5,2],"to":[14,7.5,14],"faces":{"north":{"uv":[3,3,13,12],"texture":"#0"},"east":{"uv":[3,3,13,12],"texture":"#0"},"south":{"uv":[3,3,13,11],"texture":"#0"},"west":{"uv":[3,3,13,11],"texture":"#0"},"up":{"uv":[3,3,12,11],"texture":"#0"},"down":{"uv":[3,3,13,11],"texture":"#0"}}},{"name":"Cube","from":[1.7,1.5,1.7],"to":[14.3,2.8,14.3],"faces":{"north":{"uv":[0,0,12.6,1.3],"texture":"#1"},"east":{"uv":[0,0,12.6,1.3],"texture":"#1"},"south":{"uv":[0,0,12.6,1.3],"texture":"#1"},"west":{"uv":[0,0,12.6,1.3],"texture":"#1"},"up":{"uv":[0,0,12.6,12.6],"texture":"#1"},"down":{"uv":[0,0,12.6,12.6],"texture":"#1"}}},{"name":"Cube","from":[3,6.25,3],"to":[13,8.25,13],"faces":{"north":{"uv":[3,4,13,6],"texture":"#0"},"east":{"uv":[3,4,13,6],"texture":"#0"},"south":{"uv":[3,4,13,6],"texture":"#0"},"west":{"uv":[3,6,13,8],"texture":"#0"},"up":{"uv":[3,3,13,12],"texture":"#0"},"down":{"uv":[3,3,13,11],"texture":"#0"}}}],"display":{"ground":{"translation":[0,2.25,0],"scale":[0.7,0.7,0.7]},"gui":{"rotation":[30,-135,0],"translation":[0,2.4,1.13],"scale":[0.7,0.7,0.7]},"head":{"translation":[0,11.54,0],"scale":[1.21,1.21,1.21]}},"credit":"Model by Craftventure"}