{"textures":{"1":"block/black_concrete","2":"block/red_shulker_box","3":"block/white_concrete","particle":"block/black_concrete"},"elements":[{"from":[5,3,5],"to":[8,5,11],"rotation":{"angle":0,"axis":"y","origin":[5.5,3.5,5.5]},"faces":{"north":{"uv":[4,12,1,14],"texture":"#2"},"east":{"uv":[0,0,1,2],"texture":"#2"},"south":{"uv":[1,12,4,14],"texture":"#2"},"west":{"uv":[12,13,14,15],"rotation":90,"texture":"#2"},"up":{"uv":[7,11,2,14],"rotation":90,"texture":"#2"},"down":{"uv":[7,11,1,14],"rotation":90,"texture":"#2"}}},{"from":[8,3,5],"to":[11,5,11],"rotation":{"angle":0,"axis":"y","origin":[8.5,3.5,5.5]},"faces":{"north":{"uv":[1,12,4,14],"texture":"#2"},"east":{"uv":[12,13,14,15],"texture":"#2"},"south":{"uv":[4,12,1,14],"texture":"#2"},"west":{"uv":[0,0,1,2],"texture":"#2"},"up":{"uv":[2,11,7,14],"rotation":270,"texture":"#2"},"down":{"uv":[1,11,7,14],"rotation":270,"texture":"#2"}}},{"from":[6,5,5],"to":[7,6,6],"rotation":{"angle":0,"axis":"y","origin":[14,13,13]},"faces":{"north":{"uv":[0,0,1,1],"texture":"#1"},"east":{"uv":[0,0,1,1],"texture":"#2"},"south":{"uv":[0,0,1,1],"texture":"#2"},"west":{"uv":[0,0,1,1],"texture":"#2"},"up":{"uv":[0,0,1,1],"texture":"#2"},"down":{"uv":[0,0,1,1],"texture":"#2"}}},{"from":[9.5,5,4.99],"to":[10,5.5,5.99],"rotation":{"angle":0,"axis":"y","origin":[14,14,13]},"faces":{"north":{"uv":[0,0,1,1],"texture":"#3"},"east":{"uv":[0,0,1,1],"texture":"#2"},"south":{"uv":[0,0,1,1],"texture":"#2"},"west":{"uv":[0,0,1,1],"texture":"#2"},"up":{"uv":[0,0,1,1],"texture":"#2"},"down":{"uv":[0,0,1,1],"texture":"#2"}}},{"from":[9,5,5],"to":[10,6,6],"rotation":{"angle":0,"axis":"y","origin":[17,13,13]},"faces":{"north":{"uv":[0,0,1,1],"texture":"#1"},"east":{"uv":[0,0,1,1],"texture":"#2"},"south":{"uv":[0,0,1,1],"texture":"#2"},"west":{"uv":[0,0,1,1],"texture":"#2"},"up":{"uv":[0,0,1,1],"texture":"#2"},"down":{"uv":[0,0,1,1],"texture":"#2"}}},{"from":[6.5,5,4.99],"to":[7,5.5,5.99],"rotation":{"angle":0,"axis":"y","origin":[14,14,13]},"faces":{"north":{"uv":[0,0,1,1],"texture":"#3"},"east":{"uv":[0,0,1,1],"texture":"#2"},"south":{"uv":[0,0,1,1],"texture":"#2"},"west":{"uv":[0,0,1,1],"texture":"#2"},"up":{"uv":[0,0,1,1],"texture":"#2"},"down":{"uv":[0,0,1,1],"texture":"#2"}}},{"from":[9.7,1.8,6],"to":[10.7,3.8,7],"rotation":{"angle":22.5,"axis":"z","origin":[11.5,4.5,8.5]},"faces":{"north":{"uv":[0,0,1,2],"rotation":180,"texture":"#2"},"east":{"uv":[0,0,1,2],"rotation":180,"texture":"#2"},"south":{"uv":[0,0,1,2],"rotation":180,"texture":"#2"},"west":{"uv":[0,0,1,2],"rotation":180,"texture":"#2"},"up":{"uv":[0,1,1,2],"texture":"#2"},"down":{"uv":[0,0,1,1],"texture":"#2"}}},{"from":[5.3,1.8,9],"to":[6.3,3.8,10],"rotation":{"angle":-22.5,"axis":"z","origin":[4.5,4.5,7.5]},"faces":{"north":{"uv":[0,0,1,2],"rotation":180,"texture":"#2"},"east":{"uv":[0,0,1,2],"rotation":180,"texture":"#2"},"south":{"uv":[0,0,1,2],"rotation":180,"texture":"#2"},"west":{"uv":[0,0,1,2],"rotation":180,"texture":"#2"},"up":{"uv":[0,1,1,2],"rotation":180,"texture":"#2"},"down":{"uv":[0,0,1,1],"rotation":180,"texture":"#2"}}},{"from":[5.3,1.8,7.5],"to":[6.3,3.8,8.5],"rotation":{"angle":-22.5,"axis":"z","origin":[4.5,4.5,5.5]},"faces":{"north":{"uv":[0,0,1,2],"rotation":180,"texture":"#2"},"east":{"uv":[0,0,1,2],"rotation":180,"texture":"#2"},"south":{"uv":[0,0,1,2],"rotation":180,"texture":"#2"},"west":{"uv":[0,0,1,2],"rotation":180,"texture":"#2"},"up":{"uv":[0,1,1,2],"rotation":180,"texture":"#2"},"down":{"uv":[0,0,1,1],"rotation":180,"texture":"#2"}}},{"from":[9.7,1.8,9],"to":[10.7,3.8,10],"rotation":{"angle":22.5,"axis":"z","origin":[11.5,4.5,7.5]},"faces":{"north":{"uv":[0,0,1,2],"rotation":180,"texture":"#2"},"east":{"uv":[0,0,1,2],"rotation":180,"texture":"#2"},"south":{"uv":[0,0,1,2],"rotation":180,"texture":"#2"},"west":{"uv":[0,0,1,2],"rotation":180,"texture":"#2"},"up":{"uv":[0,1,1,2],"texture":"#2"},"down":{"uv":[0,0,1,1],"texture":"#2"}}},{"from":[9.7,1.8,7.5],"to":[10.7,3.8,8.5],"rotation":{"angle":22.5,"axis":"z","origin":[11.5,4.5,6.5]},"faces":{"north":{"uv":[0,0,1,2],"rotation":180,"texture":"#2"},"east":{"uv":[0,0,1,2],"rotation":180,"texture":"#2"},"south":{"uv":[0,0,1,2],"rotation":180,"texture":"#2"},"west":{"uv":[0,0,1,2],"rotation":180,"texture":"#2"},"up":{"uv":[0,1,1,2],"texture":"#2"},"down":{"uv":[0,0,1,1],"texture":"#2"}}},{"from":[5.3,1.8,6],"to":[6.3,3.8,7],"rotation":{"angle":-22.5,"axis":"z","origin":[4.5,4.5,8.5]},"faces":{"north":{"uv":[0,0,1,2],"rotation":180,"texture":"#2"},"east":{"uv":[0,0,1,2],"rotation":180,"texture":"#2"},"south":{"uv":[0,0,1,2],"rotation":180,"texture":"#2"},"west":{"uv":[0,0,1,2],"rotation":180,"texture":"#2"},"up":{"uv":[0,1,1,2],"rotation":180,"texture":"#2"},"down":{"uv":[0,0,1,1],"rotation":180,"texture":"#2"}}},{"from":[3,4,4],"to":[5,5,6],"rotation":{"angle":0,"axis":"y","origin":[4.5,4.5,6]},"faces":{"north":{"uv":[16,15,14,16],"texture":"#2"},"east":{"uv":[1,15,3,16],"rotation":180,"texture":"#2"},"south":{"uv":[16,15,14,16],"texture":"#2"},"west":{"uv":[12,13,14,15],"rotation":90,"texture":"#2"},"up":{"uv":[4,12,2,14],"rotation":270,"texture":"#2"},"down":{"uv":[4,12,2,14],"texture":"#2"}}},{"from":[11.35355,4,6],"to":[13.35355,5,8],"rotation":{"angle":-45,"axis":"z","origin":[11.92355,5.1,6]},"faces":{"north":{"uv":[16,15,14,16],"texture":"#2"},"east":{"uv":[12,13,14,15],"rotation":90,"texture":"#2"},"south":{"uv":[16,15,14,16],"texture":"#2"},"west":{"uv":[1,15,3,16],"rotation":180,"texture":"#2"},"up":{"uv":[4,12,2,14],"rotation":90,"texture":"#2"},"down":{"uv":[4,12,2,14],"rotation":180,"texture":"#2"}}},{"from":[3,4,6],"to":[5,5,8],"rotation":{"angle":0,"axis":"y","origin":[4.5,4.5,8]},"faces":{"north":{"uv":[16,15,14,16],"texture":"#2"},"east":{"uv":[1,15,3,16],"texture":"#2"},"south":{"uv":[16,15,14,16],"rotation":180,"texture":"#2"},"west":{"uv":[12,13,14,15],"rotation":90,"texture":"#2"},"up":{"uv":[4,12,2,14],"texture":"#2"},"down":{"uv":[4,12,2,14],"rotation":270,"texture":"#2"}}},{"from":[11.25,4.25,4],"to":[13.25,5.25,6],"rotation":{"angle":-45,"axis":"z","origin":[11.57,5.1,6]},"faces":{"north":{"uv":[16,15,14,16],"rotation":180,"texture":"#2"},"east":{"uv":[12,13,14,15],"rotation":90,"texture":"#2"},"south":{"uv":[16,15,14,16],"texture":"#2"},"west":{"uv":[1,15,3,16],"texture":"#2"},"up":{"uv":[4,12,2,14],"rotation":180,"texture":"#2"},"down":{"uv":[4,12,2,14],"rotation":90,"texture":"#2"}}},{"from":[1,4,4],"to":[3,5,6],"rotation":{"angle":0,"axis":"y","origin":[2.5,4.5,6]},"faces":{"north":{"uv":[16,15,14,16],"texture":"#2"},"east":{"uv":[0,0,1,2],"texture":"#2"},"south":{"uv":[14,15,16,16],"rotation":180,"texture":"#2"},"west":{"uv":[1,15,3,16],"texture":"#2"},"up":{"uv":[4,12,2,14],"rotation":180,"texture":"#2"},"down":{"uv":[4,12,2,14],"rotation":90,"texture":"#2"}}},{"from":[13.35355,4,6],"to":[15.35355,5,8],"rotation":{"angle":-45,"axis":"z","origin":[11.92355,5.1,6]},"faces":{"north":{"uv":[14,15,16,16],"rotation":180,"texture":"#2"},"east":{"uv":[1,15,3,16],"texture":"#2"},"south":{"uv":[16,15,14,16],"texture":"#2"},"west":{"uv":[0,0,1,2],"texture":"#2"},"up":{"uv":[4,12,2,14],"texture":"#2"},"down":{"uv":[4,12,2,14],"rotation":270,"texture":"#2"}}},{"from":[1,4,6],"to":[3,5,8],"rotation":{"angle":0,"axis":"y","origin":[2.5,4.5,8]},"faces":{"north":{"uv":[16,15,14,16],"texture":"#2"},"east":{"uv":[0,0,1,2],"texture":"#2"},"south":{"uv":[14,15,16,16],"texture":"#2"},"west":{"uv":[1,15,3,16],"rotation":180,"texture":"#2"},"up":{"uv":[4,12,2,14],"rotation":90,"texture":"#2"},"down":{"uv":[4,12,2,14],"rotation":180,"texture":"#2"}}},{"from":[13.35355,4,4],"to":[15.35355,5,6],"rotation":{"angle":-45,"axis":"z","origin":[11.92355,5.1,6]},"faces":{"north":{"uv":[14,15,16,16],"texture":"#2"},"east":{"uv":[1,15,3,16],"rotation":180,"texture":"#2"},"south":{"uv":[16,15,14,16],"texture":"#2"},"west":{"uv":[0,0,1,2],"texture":"#2"},"up":{"uv":[4,12,2,14],"rotation":270,"texture":"#2"},"down":{"uv":[4,12,2,14],"texture":"#2"}}},{"from":[3,5,4],"to":[4,6,4.3],"rotation":{"angle":0,"axis":"y","origin":[11,13,12]},"faces":{"north":{"uv":[15,15,16,16],"texture":"#2"},"east":{"uv":[15,15,16,16],"texture":"#2"},"south":{"uv":[15,15,16,16],"texture":"#2"},"west":{"uv":[15,15,16,16],"texture":"#2"},"up":{"uv":[15,15,16,16],"texture":"#2"},"down":{"uv":[15,15,16,16],"texture":"#2"}}},{"from":[12.35355,5,7.7],"to":[13.35355,6,8],"rotation":{"angle":-45,"axis":"z","origin":[11.92355,5.1,6]},"faces":{"north":{"uv":[15,15,16,16],"texture":"#2"},"east":{"uv":[15,15,16,16],"texture":"#2"},"south":{"uv":[15,15,16,16],"texture":"#2"},"west":{"uv":[15,15,16,16],"texture":"#2"},"up":{"uv":[15,15,16,16],"rotation":180,"texture":"#2"},"down":{"uv":[15,15,16,16],"rotation":180,"texture":"#2"}}},{"from":[1,5,4],"to":[2,6,4.3],"rotation":{"angle":0,"axis":"y","origin":[9,13,12]},"faces":{"north":{"uv":[15,15,16,16],"texture":"#2"},"east":{"uv":[15,15,16,16],"texture":"#2"},"south":{"uv":[15,15,16,16],"texture":"#2"},"west":{"uv":[15,15,16,16],"texture":"#2"},"up":{"uv":[15,15,16,16],"texture":"#2"},"down":{"uv":[15,15,16,16],"texture":"#2"}}},{"from":[14.35355,5,7.7],"to":[15.35355,6,8],"rotation":{"angle":-45,"axis":"z","origin":[11.92355,5.1,6]},"faces":{"north":{"uv":[15,15,16,16],"texture":"#2"},"east":{"uv":[15,15,16,16],"texture":"#2"},"south":{"uv":[15,15,16,16],"texture":"#2"},"west":{"uv":[15,15,16,16],"texture":"#2"},"up":{"uv":[15,15,16,16],"rotation":180,"texture":"#2"},"down":{"uv":[15,15,16,16],"rotation":180,"texture":"#2"}}},{"from":[1,5,4],"to":[1.3,6,5],"rotation":{"angle":0,"axis":"y","origin":[1.5,5.5,4.15]},"faces":{"north":{"uv":[15,15,16,16],"texture":"#2"},"east":{"uv":[15,15,16,16],"texture":"#2"},"south":{"uv":[15,15,16,16],"texture":"#2"},"west":{"uv":[15,15,16,16],"texture":"#2"},"up":{"uv":[15,15,16,16],"rotation":270,"texture":"#2"},"down":{"uv":[15,15,16,16],"rotation":90,"texture":"#2"}}},{"from":[15.05355,5,7],"to":[15.35355,6,8],"rotation":{"angle":-45,"axis":"z","origin":[11.92355,5.1,6]},"faces":{"north":{"uv":[15,15,16,16],"texture":"#2"},"east":{"uv":[15,15,16,16],"texture":"#2"},"south":{"uv":[15,15,16,16],"texture":"#2"},"west":{"uv":[15,15,16,16],"texture":"#2"},"up":{"uv":[15,15,16,16],"rotation":90,"texture":"#2"},"down":{"uv":[15,15,16,16],"rotation":270,"texture":"#2"}}},{"from":[1,5,7],"to":[1.3,6,8],"rotation":{"angle":0,"axis":"y","origin":[1.5,5.5,7.15]},"faces":{"north":{"uv":[15,15,16,16],"texture":"#2"},"east":{"uv":[15,15,16,16],"texture":"#2"},"south":{"uv":[15,15,16,16],"texture":"#2"},"west":{"uv":[15,15,16,16],"texture":"#2"},"up":{"uv":[15,15,16,16],"rotation":270,"texture":"#2"},"down":{"uv":[15,15,16,16],"rotation":90,"texture":"#2"}}},{"from":[15.05355,5,4],"to":[15.35355,6,5],"rotation":{"angle":-45,"axis":"z","origin":[11.92355,5.1,6]},"faces":{"north":{"uv":[15,15,16,16],"texture":"#2"},"east":{"uv":[15,15,16,16],"texture":"#2"},"south":{"uv":[15,15,16,16],"texture":"#2"},"west":{"uv":[15,15,16,16],"texture":"#2"},"up":{"uv":[15,15,16,16],"rotation":90,"texture":"#2"},"down":{"uv":[15,15,16,16],"rotation":270,"texture":"#2"}}},{"from":[1,5,7.7],"to":[2,6,8],"rotation":{"angle":0,"axis":"y","origin":[9,13,16]},"faces":{"north":{"uv":[15,15,16,16],"texture":"#2"},"east":{"uv":[15,15,16,16],"texture":"#2"},"south":{"uv":[15,15,16,16],"texture":"#2"},"west":{"uv":[15,15,16,16],"texture":"#2"},"up":{"uv":[15,15,16,16],"texture":"#2"},"down":{"uv":[15,15,16,16],"texture":"#2"}}},{"from":[14.35355,5,4],"to":[15.35355,6,4.3],"rotation":{"angle":-45,"axis":"z","origin":[11.92355,5.1,6]},"faces":{"north":{"uv":[15,15,16,16],"texture":"#2"},"east":{"uv":[15,15,16,16],"texture":"#2"},"south":{"uv":[15,15,16,16],"texture":"#2"},"west":{"uv":[15,15,16,16],"texture":"#2"},"up":{"uv":[15,15,16,16],"rotation":180,"texture":"#2"},"down":{"uv":[15,15,16,16],"rotation":180,"texture":"#2"}}},{"from":[3,5,7.7],"to":[4,6,8],"rotation":{"angle":0,"axis":"y","origin":[11,13,15]},"faces":{"north":{"uv":[15,15,16,16],"texture":"#2"},"east":{"uv":[15,15,16,16],"texture":"#2"},"south":{"uv":[15,15,16,16],"texture":"#2"},"west":{"uv":[15,15,16,16],"texture":"#2"},"up":{"uv":[15,15,16,16],"texture":"#2"},"down":{"uv":[15,15,16,16],"texture":"#2"}}},{"from":[12.35355,5,4],"to":[13.35355,6,4.3],"rotation":{"angle":-45,"axis":"z","origin":[11.92355,5.1,6]},"faces":{"north":{"uv":[15,15,16,16],"texture":"#2"},"east":{"uv":[15,15,16,16],"texture":"#2"},"south":{"uv":[15,15,16,16],"texture":"#2"},"west":{"uv":[15,15,16,16],"texture":"#2"},"up":{"uv":[15,15,16,16],"rotation":180,"texture":"#2"},"down":{"uv":[15,15,16,16],"rotation":180,"texture":"#2"}}},{"from":[4.2,5.7,3.99],"to":[5.2,6.7,4.29],"rotation":{"angle":-22.5,"axis":"z","origin":[2.83,5.9,6]},"faces":{"north":{"uv":[14,13,13,14],"texture":"#2"},"east":{"uv":[14,13,13,14],"texture":"#2"},"south":{"uv":[14,13,13,14],"texture":"#2"},"west":{"uv":[14,13,13,14],"texture":"#2"},"up":{"uv":[14,13,13,14],"texture":"#2"},"down":{"uv":[14,13,13,14],"texture":"#2"}}},{"from":[10.8,5.7,7.71],"to":[11.8,6.7,8.01],"rotation":{"angle":22.5,"axis":"z","origin":[13.17,5.9,6]},"faces":{"north":{"uv":[14,13,13,14],"texture":"#2"},"east":{"uv":[14,13,13,14],"texture":"#2"},"south":{"uv":[14,13,13,14],"texture":"#2"},"west":{"uv":[14,13,13,14],"texture":"#2"},"up":{"uv":[14,13,13,14],"rotation":180,"texture":"#2"},"down":{"uv":[14,13,13,14],"rotation":180,"texture":"#2"}}},{"from":[4.45265,5.57018,7.69],"to":[5.45265,6.57018,7.99],"rotation":{"angle":-22.5,"axis":"z","origin":[3.28265,6.47018,5.99]},"faces":{"north":{"uv":[14,13,13,14],"texture":"#2"},"east":{"uv":[14,13,13,14],"texture":"#2"},"south":{"uv":[14,13,13,14],"texture":"#2"},"west":{"uv":[14,13,13,14],"texture":"#2"},"up":{"uv":[14,13,13,14],"texture":"#2"},"down":{"uv":[14,13,13,14],"texture":"#2"}}},{"from":[10.54735,5.57018,4.01],"to":[11.54735,6.57018,4.31],"rotation":{"angle":22.5,"axis":"z","origin":[12.71735,6.47018,6.01]},"faces":{"north":{"uv":[14,13,13,14],"texture":"#2"},"east":{"uv":[14,13,13,14],"texture":"#2"},"south":{"uv":[14,13,13,14],"texture":"#2"},"west":{"uv":[14,13,13,14],"texture":"#2"},"up":{"uv":[14,13,13,14],"rotation":180,"texture":"#2"},"down":{"uv":[14,13,13,14],"rotation":180,"texture":"#2"}}},{"from":[4.87101,4.15425,3.99],"to":[5.17101,5.15425,7.99],"rotation":{"angle":-22.5,"axis":"z","origin":[6.70101,5.05425,4.99]},"faces":{"north":{"uv":[14,13,13,14],"texture":"#2"},"east":{"uv":[14,13,13,14],"texture":"#2"},"south":{"uv":[14,13,13,14],"texture":"#2"},"west":{"uv":[14,13,13,14],"texture":"#2"},"up":{"uv":[14,13,13,14],"texture":"#2"},"down":{"uv":[14,13,13,14],"texture":"#2"}}},{"from":[10.8542,4.82761,4.01],"to":[11.1542,5.82761,8.01],"rotation":{"angle":22.5,"axis":"z","origin":[10.0042,5.32761,6.01]},"faces":{"north":{"uv":[14,13,13,14],"texture":"#2"},"east":{"uv":[14,13,13,14],"texture":"#2"},"south":{"uv":[14,13,13,14],"texture":"#2"},"west":{"uv":[14,13,13,14],"texture":"#2"},"up":{"uv":[14,13,13,14],"rotation":180,"texture":"#2"},"down":{"uv":[14,13,13,14],"rotation":180,"texture":"#2"}}},{"from":[3.45265,6.57018,3.99],"to":[5.45265,7.57018,5.99],"rotation":{"angle":-22.5,"axis":"z","origin":[3.28265,6.47018,5.99]},"faces":{"north":{"uv":[14,13,13,14],"texture":"#2"},"east":{"uv":[1,15,3,16],"rotation":180,"texture":"#2"},"south":{"uv":[16,15,14,16],"rotation":180,"texture":"#2"},"west":{"uv":[12,13,14,15],"rotation":270,"texture":"#2"},"up":{"uv":[4,12,2,14],"rotation":270,"texture":"#2"},"down":{"uv":[4,12,2,14],"texture":"#2"}}},{"from":[10.54735,6.57018,6.01],"to":[12.54735,7.57018,8.01],"rotation":{"angle":22.5,"axis":"z","origin":[12.71735,6.47018,6.01]},"faces":{"north":{"uv":[16,15,14,16],"rotation":180,"texture":"#2"},"east":{"uv":[12,13,14,15],"rotation":270,"texture":"#2"},"south":{"uv":[14,13,13,14],"texture":"#2"},"west":{"uv":[1,15,3,16],"rotation":180,"texture":"#2"},"up":{"uv":[4,12,2,14],"rotation":90,"texture":"#2"},"down":{"uv":[4,12,2,14],"rotation":180,"texture":"#2"}}},{"from":[3.45265,6.57018,5.99],"to":[5.45265,7.57018,7.99],"rotation":{"angle":-22.5,"axis":"z","origin":[3.28265,6.47018,5.99]},"faces":{"north":{"uv":[16,15,14,16],"rotation":180,"texture":"#2"},"east":{"uv":[1,15,3,16],"texture":"#2"},"south":{"uv":[14,13,13,14],"texture":"#2"},"west":{"uv":[12,13,14,15],"rotation":270,"texture":"#2"},"up":{"uv":[4,12,2,14],"texture":"#2"},"down":{"uv":[4,12,2,14],"rotation":270,"texture":"#2"}}},{"from":[10.54735,6.57018,4.01],"to":[12.54735,7.57018,6.01],"rotation":{"angle":22.5,"axis":"z","origin":[12.71735,6.47018,6.01]},"faces":{"north":{"uv":[14,13,13,14],"texture":"#2"},"east":{"uv":[12,13,14,15],"rotation":270,"texture":"#2"},"south":{"uv":[16,15,14,16],"rotation":180,"texture":"#2"},"west":{"uv":[1,15,3,16],"texture":"#2"},"up":{"uv":[4,12,2,14],"rotation":180,"texture":"#2"},"down":{"uv":[4,12,2,14],"rotation":90,"texture":"#2"}}},{"from":[1.45265,6.57018,3.99],"to":[3.45265,7.57018,5.99],"rotation":{"angle":-22.5,"axis":"z","origin":[3.28265,6.47018,5.99]},"faces":{"north":{"uv":[12,13,14,14],"texture":"#2"},"east":{"uv":[0,0,1,2],"rotation":180,"texture":"#2"},"south":{"uv":[16,15,14,16],"rotation":180,"texture":"#2"},"west":{"uv":[12,13,14,14],"rotation":180,"texture":"#2"},"up":{"uv":[4,12,2,14],"rotation":180,"texture":"#2"},"down":{"uv":[4,12,2,14],"rotation":90,"texture":"#2"}}},{"from":[12.54735,6.57018,6.01],"to":[14.54735,7.57018,8.01],"rotation":{"angle":22.5,"axis":"z","origin":[12.71735,6.47018,6.01]},"faces":{"north":{"uv":[16,15,14,16],"rotation":180,"texture":"#2"},"east":{"uv":[12,13,14,14],"rotation":180,"texture":"#2"},"south":{"uv":[12,13,14,14],"texture":"#2"},"west":{"uv":[0,0,1,2],"rotation":180,"texture":"#2"},"up":{"uv":[4,12,2,14],"texture":"#2"},"down":{"uv":[4,12,2,14],"rotation":270,"texture":"#2"}}},{"from":[1.45265,6.57018,5.99],"to":[3.45265,7.57018,7.99],"rotation":{"angle":-22.5,"axis":"z","origin":[3.28265,6.47018,5.99]},"faces":{"north":{"uv":[14,15,16,16],"texture":"#2"},"east":{"uv":[0,0,1,2],"rotation":180,"texture":"#2"},"south":{"uv":[12,13,14,14],"rotation":180,"texture":"#2"},"west":{"uv":[12,13,14,14],"texture":"#2"},"up":{"uv":[4,12,2,14],"rotation":90,"texture":"#2"},"down":{"uv":[4,12,2,14],"rotation":180,"texture":"#2"}}},{"from":[12.54735,6.57018,4.01],"to":[14.54735,7.57018,6.01],"rotation":{"angle":22.5,"axis":"z","origin":[12.71735,6.47018,6.01]},"faces":{"north":{"uv":[12,13,14,14],"rotation":180,"texture":"#2"},"east":{"uv":[12,13,14,14],"texture":"#2"},"south":{"uv":[14,15,16,16],"texture":"#2"},"west":{"uv":[0,0,1,2],"rotation":180,"texture":"#2"},"up":{"uv":[4,12,2,14],"rotation":270,"texture":"#2"},"down":{"uv":[4,12,2,14],"texture":"#2"}}},{"from":[2.45265,5.57018,3.99],"to":[3.45265,6.57018,4.29],"rotation":{"angle":-22.5,"axis":"z","origin":[3.28265,6.47018,5.99]},"faces":{"north":{"uv":[14,13,13,14],"texture":"#2"},"east":{"uv":[14,13,13,14],"texture":"#2"},"south":{"uv":[14,13,13,14],"texture":"#2"},"west":{"uv":[14,13,13,14],"texture":"#2"},"up":{"uv":[14,13,13,14],"texture":"#2"},"down":{"uv":[14,13,13,14],"texture":"#2"}}},{"from":[12.54735,5.57018,7.71],"to":[13.54735,6.57018,8.01],"rotation":{"angle":22.5,"axis":"z","origin":[12.71735,6.47018,6.01]},"faces":{"north":{"uv":[14,13,13,14],"texture":"#2"},"east":{"uv":[14,13,13,14],"texture":"#2"},"south":{"uv":[14,13,13,14],"texture":"#2"},"west":{"uv":[14,13,13,14],"texture":"#2"},"up":{"uv":[14,13,13,14],"rotation":180,"texture":"#2"},"down":{"uv":[14,13,13,14],"rotation":180,"texture":"#2"}}},{"from":[1.45265,5.57018,4.99],"to":[1.75265,6.57018,5.99],"rotation":{"angle":-22.5,"axis":"z","origin":[3.28265,6.47018,5.99]},"faces":{"north":{"uv":[14,13,13,14],"texture":"#2"},"east":{"uv":[14,13,13,14],"texture":"#2"},"south":{"uv":[14,13,13,14],"texture":"#2"},"west":{"uv":[14,13,13,14],"texture":"#2"},"up":{"uv":[14,13,13,14],"texture":"#2"},"down":{"uv":[14,13,13,14],"texture":"#2"}}},{"from":[14.24735,5.57018,6.01],"to":[14.54735,6.57018,7.01],"rotation":{"angle":22.5,"axis":"z","origin":[12.71735,6.47018,6.01]},"faces":{"north":{"uv":[14,13,13,14],"texture":"#2"},"east":{"uv":[14,13,13,14],"texture":"#2"},"south":{"uv":[14,13,13,14],"texture":"#2"},"west":{"uv":[14,13,13,14],"texture":"#2"},"up":{"uv":[14,13,13,14],"rotation":180,"texture":"#2"},"down":{"uv":[14,13,13,14],"rotation":180,"texture":"#2"}}},{"from":[1.45265,5.57018,5.99],"to":[1.75265,6.57018,6.99],"rotation":{"angle":-22.5,"axis":"z","origin":[3.28265,6.47018,5.99]},"faces":{"north":{"uv":[14,13,13,14],"texture":"#2"},"east":{"uv":[14,13,13,14],"texture":"#2"},"south":{"uv":[14,13,13,14],"texture":"#2"},"west":{"uv":[14,13,13,14],"texture":"#2"},"up":{"uv":[14,13,13,14],"texture":"#2"},"down":{"uv":[14,13,13,14],"texture":"#2"}}},{"from":[14.24735,5.57018,5.01],"to":[14.54735,6.57018,6.01],"rotation":{"angle":22.5,"axis":"z","origin":[12.71735,6.47018,6.01]},"faces":{"north":{"uv":[14,13,13,14],"texture":"#2"},"east":{"uv":[14,13,13,14],"texture":"#2"},"south":{"uv":[14,13,13,14],"texture":"#2"},"west":{"uv":[14,13,13,14],"texture":"#2"},"up":{"uv":[14,13,13,14],"rotation":180,"texture":"#2"},"down":{"uv":[14,13,13,14],"rotation":180,"texture":"#2"}}},{"from":[2.45265,5.57018,7.69],"to":[3.45265,6.57018,7.99],"rotation":{"angle":-22.5,"axis":"z","origin":[3.28265,6.47018,5.99]},"faces":{"north":{"uv":[14,13,13,14],"texture":"#2"},"east":{"uv":[14,13,13,14],"texture":"#2"},"south":{"uv":[14,13,13,14],"texture":"#2"},"west":{"uv":[14,13,13,14],"texture":"#2"},"up":{"uv":[14,13,13,14],"texture":"#2"},"down":{"uv":[14,13,13,14],"texture":"#2"}}},{"from":[12.54735,5.57018,4.01],"to":[13.54735,6.57018,4.31],"rotation":{"angle":22.5,"axis":"z","origin":[12.71735,6.47018,6.01]},"faces":{"north":{"uv":[14,13,13,14],"texture":"#2"},"east":{"uv":[14,13,13,14],"texture":"#2"},"south":{"uv":[14,13,13,14],"texture":"#2"},"west":{"uv":[14,13,13,14],"texture":"#2"},"up":{"uv":[14,13,13,14],"rotation":180,"texture":"#2"},"down":{"uv":[14,13,13,14],"rotation":180,"texture":"#2"}}}],"display":{"thirdperson_righthand":{"rotation":[76,0,-4],"translation":[0.65,0,14.35],"scale":[0.4,0.4,0.4]},"thirdperson_lefthand":{"rotation":[76,0,-4],"translation":[0.65,0,14.35],"scale":[0.4,0.4,0.4]},"firstperson_righthand":{"rotation":[-20,145,-10],"translation":[-1,7.25,0]},"firstperson_lefthand":{"rotation":[-20,145,-10],"translation":[-1,7.25,0]},"ground":{"translation":[0,2.6,0]},"gui":{"rotation":[30,-135,0],"translation":[-0.25,3.25,0]},"head":{"rotation":[0,0,-38],"translation":[-8.75,12,0]}},"credit":"Model by Craftventure"}