{"textures":{"0":"block/cardboardbox","1":"block/creeper_gezicht"},"elements":[{"name":"Cube","from":[0,1,0],"to":[16,19,1],"faces":{"north":{"uv":[5,0,11,14],"texture":"#0"},"east":{"uv":[7,0,8,15],"texture":"#0"},"south":{"uv":[5,0,11,15],"texture":"#0"},"west":{"uv":[6,0,10,15],"texture":"#0"},"up":{"uv":[6,1,10,10],"texture":"#0"},"down":{"uv":[7,4,11,9],"texture":"#0"}}},{"name":"Cube","from":[0,2,15],"to":[16,18,16],"faces":{"north":{"uv":[6,2,10,10.5],"texture":"#0"},"east":{"uv":[8,4,9,9.5],"texture":"#0"},"south":{"uv":[3,3,13,12.5],"texture":"#1"},"west":{"uv":[7,2,8,7.5],"texture":"#0"},"up":{"uv":[6,3,10,7],"texture":"#0"},"down":{"uv":[5,3,11,10],"texture":"#0"}}},{"name":"Cube","from":[0,18,1],"to":[16,19,16],"faces":{"north":{"uv":[5,0,11,14],"texture":"#0"},"east":{"uv":[7,0,8,15],"texture":"#0"},"south":{"uv":[5,0,11,15],"texture":"#0"},"west":{"uv":[6,0,10,15],"texture":"#0"},"up":{"uv":[6,1,10,10],"texture":"#0"},"down":{"uv":[7,4,11,9],"texture":"#0"}}},{"name":"Cube","from":[15,1,1],"to":[16,18,15],"faces":{"north":{"uv":[5,0,11,14],"texture":"#0"},"east":{"uv":[7,0,8,15],"texture":"#0"},"south":{"uv":[5,0,11,15],"texture":"#0"},"west":{"uv":[6,0,10,15],"texture":"#0"},"up":{"uv":[6,1,10,10],"texture":"#0"},"down":{"uv":[7,4,11,9],"texture":"#0"}}},{"name":"Cube","from":[0,1,1],"to":[1,18,15],"faces":{"north":{"uv":[5,0,11,14],"texture":"#0"},"east":{"uv":[7,0,8,15],"texture":"#0"},"south":{"uv":[5,0,11,15],"texture":"#0"},"west":{"uv":[6,0,10,15],"texture":"#0"},"up":{"uv":[6,1,10,10],"texture":"#0"},"down":{"uv":[7,4,11,9],"texture":"#0"}}},{"name":"Cube","from":[0,-2.5,6.6],"to":[1,-0.5,8.6],"rotation":{"angle":-45,"axis":"x","origin":[8,8,8]},"faces":{"north":{"uv":[7,4,8,5],"texture":"#0"},"east":{"uv":[8,6,9,7],"texture":"#0"},"south":{"uv":[7,5,8,6],"texture":"#0"},"west":{"uv":[8,4,9,5],"texture":"#0"},"up":{"uv":[8,5,9,6],"texture":"#0"},"down":{"uv":[7,4,8,5],"texture":"#0"}}},{"name":"Cube","from":[15,-2.5,6.7],"to":[16,-0.5,8.7],"rotation":{"angle":-45,"axis":"x","origin":[8,8,8]},"faces":{"north":{"uv":[7,4,8,5],"texture":"#0"},"east":{"uv":[8,6,9,7],"texture":"#0"},"south":{"uv":[7,5,8,6],"texture":"#0"},"west":{"uv":[8,4,9,5],"texture":"#0"},"up":{"uv":[8,5,9,6],"texture":"#0"},"down":{"uv":[7,4,8,5],"texture":"#0"}}},{"name":"Cube","from":[0,1,15],"to":[16,2,16],"faces":{"north":{"uv":[6,2,10,10.5],"texture":"#0"},"east":{"uv":[8,4,9,9.5],"texture":"#0"},"south":{"uv":[5,3,12,12.5],"texture":"#0"},"west":{"uv":[7,2,8,7.5],"texture":"#0"},"up":{"uv":[6,3,10,7],"texture":"#0"},"down":{"uv":[5,3,11,10],"texture":"#0"}}},{"name":"Cube","from":[-2.1,6.7,15],"to":[-0.5,8.3,16],"rotation":{"angle":45,"axis":"z","origin":[8,8,8]},"faces":{"north":{"uv":[7,4,8,5],"texture":"#0"},"east":{"uv":[8,6,9,7],"texture":"#0"},"south":{"uv":[7,5,8,6],"texture":"#0"},"west":{"uv":[8,4,9,5],"texture":"#0"},"up":{"uv":[8,5,9,6],"texture":"#0"},"down":{"uv":[7,4,8,5],"texture":"#0"}}},{"name":"Cube","from":[-0.5,4.6,15],"to":[1.5,6.6,16],"rotation":{"angle":45,"axis":"z","origin":[8,8,8]},"faces":{"north":{"uv":[7,4,8,5],"texture":"#0"},"east":{"uv":[8,6,9,7],"texture":"#0"},"south":{"uv":[7,5,8,6],"texture":"#0"},"west":{"uv":[8,4,9,5],"texture":"#0"},"up":{"uv":[8,5,9,6],"texture":"#0"},"down":{"uv":[7,4,8,5],"texture":"#0"}}},{"name":"Cube","from":[1.7,3.1,15],"to":[3.2,4.6,16],"rotation":{"angle":45,"axis":"z","origin":[8,8,8]},"faces":{"north":{"uv":[7,4,8,5],"texture":"#0"},"east":{"uv":[8,6,9,7],"texture":"#0"},"south":{"uv":[7,5,8,6],"texture":"#0"},"west":{"uv":[8,4,9,5],"texture":"#0"},"up":{"uv":[8,5,9,6],"texture":"#0"},"down":{"uv":[7,4,8,5],"texture":"#0"}}},{"name":"Cube","from":[3.5,0.6,15],"to":[5.5,2.6,16],"rotation":{"angle":45,"axis":"z","origin":[8,8,8]},"faces":{"north":{"uv":[7,4,8,5],"texture":"#0"},"east":{"uv":[8,6,9,7],"texture":"#0"},"south":{"uv":[7,5,8,6],"texture":"#0"},"west":{"uv":[8,4,9,5],"texture":"#0"},"up":{"uv":[8,5,9,6],"texture":"#0"},"down":{"uv":[7,4,8,5],"texture":"#0"}}},{"name":"Cube","from":[5.5,-1.4,15],"to":[7.5,0.6,16],"rotation":{"angle":45,"axis":"z","origin":[8,8,8]},"faces":{"north":{"uv":[7,4,8,5],"texture":"#0"},"east":{"uv":[8,6,9,7],"texture":"#0"},"south":{"uv":[7,5,8,6],"texture":"#0"},"west":{"uv":[8,4,9,5],"texture":"#0"},"up":{"uv":[8,5,9,6],"texture":"#0"},"down":{"uv":[7,4,8,5],"texture":"#0"}}},{"name":"Cube","from":[7.6,-2.3,15],"to":[8.6,-1.3,16],"rotation":{"angle":45,"axis":"z","origin":[8,8,8]},"faces":{"north":{"uv":[7,4,8,5],"texture":"#0"},"east":{"uv":[8,6,9,7],"texture":"#0"},"south":{"uv":[7,5,8,6],"texture":"#0"},"west":{"uv":[8,4,9,5],"texture":"#0"},"up":{"uv":[8,5,9,6],"texture":"#0"},"down":{"uv":[7,4,8,5],"texture":"#0"}}},{"name":"Cube","from":[0,-0.2,5],"to":[1,1.3,6.5],"rotation":{"angle":-45,"axis":"x","origin":[8,8,8]},"faces":{"north":{"uv":[7,4,8,5],"texture":"#0"},"east":{"uv":[8,6,9,7],"texture":"#0"},"south":{"uv":[7,5,8,6],"texture":"#0"},"west":{"uv":[8,4,9,5],"texture":"#0"},"up":{"uv":[8,5,9,6],"texture":"#0"},"down":{"uv":[7,4,8,5],"texture":"#0"}}},{"name":"Cube","from":[0,1.1,3.2],"to":[1,2.9,5],"rotation":{"angle":-45,"axis":"x","origin":[8,8,8]},"faces":{"north":{"uv":[7,4,8,5],"texture":"#0"},"east":{"uv":[8,6,9,7],"texture":"#0"},"south":{"uv":[7,5,8,6],"texture":"#0"},"west":{"uv":[8,4,9,5],"texture":"#0"},"up":{"uv":[8,5,9,6],"texture":"#0"},"down":{"uv":[7,4,8,5],"texture":"#0"}}},{"name":"Cube","from":[0,3.1,2.3],"to":[1,4.3,3.3],"rotation":{"angle":-45,"axis":"x","origin":[8,8,8]},"faces":{"north":{"uv":[7,4,8,5],"texture":"#0"},"east":{"uv":[8,6,9,7],"texture":"#0"},"south":{"uv":[7,5,8,6],"texture":"#0"},"west":{"uv":[8,4,9,5],"texture":"#0"},"up":{"uv":[8,5,9,6],"texture":"#0"},"down":{"uv":[7,4,8,5],"texture":"#0"}}},{"name":"Cube","from":[0,4.1,0.2],"to":[1,5.9,2],"rotation":{"angle":-45,"axis":"x","origin":[8,8,8]},"faces":{"north":{"uv":[7,4,8,5],"texture":"#0"},"east":{"uv":[8,6,9,7],"texture":"#0"},"south":{"uv":[7,5,8,6],"texture":"#0"},"west":{"uv":[8,4,9,5],"texture":"#0"},"up":{"uv":[8,5,9,6],"texture":"#0"},"down":{"uv":[7,4,8,5],"texture":"#0"}}},{"name":"Cube","from":[0,6.5,-2.4],"to":[1,8.5,-0.4],"rotation":{"angle":-45,"axis":"x","origin":[8,8,8]},"faces":{"north":{"uv":[7,4,8,5],"texture":"#0"},"east":{"uv":[8,6,9,7],"texture":"#0"},"south":{"uv":[7,5,8,6],"texture":"#0"},"west":{"uv":[8,4,9,5],"texture":"#0"},"up":{"uv":[8,5,9,6],"texture":"#0"},"down":{"uv":[7,4,8,5],"texture":"#0"}}},{"name":"Cube","from":[5.5,-0.4,0],"to":[6.5,0.9,1],"rotation":{"angle":45,"axis":"z","origin":[8,8,8]},"faces":{"north":{"uv":[7,4,8,5],"texture":"#0"},"east":{"uv":[8,6,9,7],"texture":"#0"},"south":{"uv":[7,5,8,6],"texture":"#0"},"west":{"uv":[8,4,9,5],"texture":"#0"},"up":{"uv":[8,5,9,6],"texture":"#0"},"down":{"uv":[7,4,8,5],"texture":"#0"}}},{"name":"Cube","from":[3.8,0.7,0],"to":[5.5,2.4,1],"rotation":{"angle":45,"axis":"z","origin":[8,8,8]},"faces":{"north":{"uv":[7,4,8,5],"texture":"#0"},"east":{"uv":[8,6,9,7],"texture":"#0"},"south":{"uv":[7,5,8,6],"texture":"#0"},"west":{"uv":[8,4,9,5],"texture":"#0"},"up":{"uv":[8,5,9,6],"texture":"#0"},"down":{"uv":[7,4,8,5],"texture":"#0"}}},{"name":"Cube","from":[1.8,2.1,0],"to":[4.2,4.4,1],"rotation":{"angle":45,"axis":"z","origin":[8,8,8]},"faces":{"north":{"uv":[7,4,8,5],"texture":"#0"},"east":{"uv":[8,6,9,7],"texture":"#0"},"south":{"uv":[7,5,8,6],"texture":"#0"},"west":{"uv":[8,4,9,5],"texture":"#0"},"up":{"uv":[8,5,9,6],"texture":"#0"},"down":{"uv":[7,4,8,5],"texture":"#0"}}},{"name":"Cube","from":[0.2,4.5,0],"to":[1.9,6.1,1],"rotation":{"angle":45,"axis":"z","origin":[8,8,8]},"faces":{"north":{"uv":[7,4,8,5],"texture":"#0"},"east":{"uv":[8,6,9,7],"texture":"#0"},"south":{"uv":[7,5,8,6],"texture":"#0"},"west":{"uv":[8,4,9,5],"texture":"#0"},"up":{"uv":[8,5,9,6],"texture":"#0"},"down":{"uv":[7,4,8,5],"texture":"#0"}}},{"name":"Cube","from":[-2.4,6.2,0],"to":[0.1,8.5,1],"rotation":{"angle":45,"axis":"z","origin":[8,8,8]},"faces":{"north":{"uv":[7,4,8,5],"texture":"#0"},"east":{"uv":[8,6,9,7],"texture":"#0"},"south":{"uv":[7,5,8,6],"texture":"#0"},"west":{"uv":[8,4,9,5],"texture":"#0"},"up":{"uv":[8,5,9,6],"texture":"#0"},"down":{"uv":[7,4,8,5],"texture":"#0"}}},{"name":"Cube","from":[6.5,-2.3,0],"to":[8.9,0,1],"rotation":{"angle":45,"axis":"z","origin":[8,8,8]},"faces":{"north":{"uv":[7,4,8,5],"texture":"#0"},"east":{"uv":[8,6,9,7],"texture":"#0"},"south":{"uv":[7,5,8,6],"texture":"#0"},"west":{"uv":[8,4,9,5],"texture":"#0"},"up":{"uv":[8,5,9,6],"texture":"#0"},"down":{"uv":[7,4,8,5],"texture":"#0"}}},{"name":"Cube","from":[15,-0.3,5.3],"to":[16,1,6.6],"rotation":{"angle":-45,"axis":"x","origin":[8,8,8]},"faces":{"north":{"uv":[7,4,8,5],"texture":"#0"},"east":{"uv":[8,6,9,7],"texture":"#0"},"south":{"uv":[7,5,8,6],"texture":"#0"},"west":{"uv":[8,4,9,5],"texture":"#0"},"up":{"uv":[8,5,9,6],"texture":"#0"},"down":{"uv":[7,4,8,5],"texture":"#0"}}},{"name":"Cube","from":[15,0.5,3.3],"to":[16,2.8,5.6],"rotation":{"angle":-45,"axis":"x","origin":[8,8,8]},"faces":{"north":{"uv":[7,4,8,5],"texture":"#0"},"east":{"uv":[8,6,9,7],"texture":"#0"},"south":{"uv":[7,5,8,6],"texture":"#0"},"west":{"uv":[8,4,9,5],"texture":"#0"},"up":{"uv":[8,5,9,6],"texture":"#0"},"down":{"uv":[7,4,8,5],"texture":"#0"}}},{"name":"Cube","from":[15,2.9,1.6],"to":[16,4.5,3.1],"rotation":{"angle":-45,"axis":"x","origin":[8,8,8]},"faces":{"north":{"uv":[7,4,8,5],"texture":"#0"},"east":{"uv":[8,6,9,7],"texture":"#0"},"south":{"uv":[7,5,8,6],"texture":"#0"},"west":{"uv":[8,4,9,5],"texture":"#0"},"up":{"uv":[8,5,9,6],"texture":"#0"},"down":{"uv":[7,4,8,5],"texture":"#0"}}},{"name":"Cube","from":[15,4.9,-1.4],"to":[16,7.5,1.1],"rotation":{"angle":-45,"axis":"x","origin":[8,8,8]},"faces":{"north":{"uv":[7,4,8,5],"texture":"#0"},"east":{"uv":[8,6,9,7],"texture":"#0"},"south":{"uv":[7,5,8,6],"texture":"#0"},"west":{"uv":[8,4,9,5],"texture":"#0"},"up":{"uv":[8,5,9,6],"texture":"#0"},"down":{"uv":[7,4,8,5],"texture":"#0"}}},{"name":"Cube","from":[15,7.3,-2.4],"to":[16,8.6,-1.1],"rotation":{"angle":-45,"axis":"x","origin":[8,8,8]},"faces":{"north":{"uv":[7,4,8,5],"texture":"#0"},"east":{"uv":[8,6,9,7],"texture":"#0"},"south":{"uv":[7,5,8,6],"texture":"#0"},"west":{"uv":[8,4,9,5],"texture":"#0"},"up":{"uv":[8,5,9,6],"texture":"#0"},"down":{"uv":[7,4,8,5],"texture":"#0"}}}],"display":{"gui":{"rotation":[30,45,0],"translation":[0,-0.75,0],"scale":[0.5,0.5,0.5]},"head":{"rotation":[0,180,0],"scale":[1.05,1.05,1.05]}},"credit":"Model by Craftventure"}