{"textures":{"0":"block/glowstone","particle":"block/glowstone"},"elements":[{"from":[0,0,7],"to":[1,0.5,10],"faces":{"north":{"uv":[4,4,6,5],"texture":"#0"},"east":{"uv":[4,4,6,5],"texture":"#0"},"south":{"uv":[4,4,6,5],"texture":"#0"},"west":{"uv":[4,4,6,5],"texture":"#0"},"up":{"uv":[4,4,6,5],"texture":"#0"},"down":{"uv":[4,4,6,5],"texture":"#0"}}},{"from":[-0.22628,0,6.86241],"to":[0.77372,0.5,9.86241],"rotation":{"angle":22.5,"axis":"y","origin":[7.77372,5,7.86241]},"faces":{"north":{"uv":[4,4,6,5],"texture":"#0"},"east":{"uv":[4,4,6,5],"texture":"#0"},"south":{"uv":[4,4,6,5],"texture":"#0"},"west":{"uv":[4,4,6,5],"texture":"#0"},"up":{"uv":[4,4,6,5],"texture":"#0"},"down":{"uv":[4,4,6,5],"texture":"#0"}}},{"from":[6.51201,0,14.82189],"to":[9.51201,0.5,15.82189],"rotation":{"angle":-45,"axis":"y","origin":[7.51201,5,7.82189]},"faces":{"north":{"uv":[4,4,6,5],"texture":"#0"},"east":{"uv":[4,4,6,5],"texture":"#0"},"south":{"uv":[4,4,6,5],"texture":"#0"},"west":{"uv":[4,4,6,5],"texture":"#0"},"up":{"uv":[4,4,6,5],"rotation":270,"texture":"#0"},"down":{"uv":[4,4,6,5],"rotation":90,"texture":"#0"}}},{"from":[6.25472,0,14.88461],"to":[9.25472,0.5,15.88461],"rotation":{"angle":-22.5,"axis":"y","origin":[7.25472,5,7.88461]},"faces":{"north":{"uv":[4,4,6,5],"texture":"#0"},"east":{"uv":[4,4,6,5],"texture":"#0"},"south":{"uv":[4,4,6,5],"texture":"#0"},"west":{"uv":[4,4,6,5],"texture":"#0"},"up":{"uv":[4,4,6,5],"rotation":270,"texture":"#0"},"down":{"uv":[4,4,6,5],"rotation":90,"texture":"#0"}}},{"from":[6.04101,0,15.04101],"to":[9.04101,0.5,16.04101],"faces":{"north":{"uv":[4,4,6,5],"texture":"#0"},"east":{"uv":[4,4,6,5],"texture":"#0"},"south":{"uv":[4,4,6,5],"texture":"#0"},"west":{"uv":[4,4,6,5],"texture":"#0"},"up":{"uv":[4,4,6,5],"rotation":270,"texture":"#0"},"down":{"uv":[4,4,6,5],"rotation":90,"texture":"#0"}}},{"from":[0.1564,0,7.21371],"to":[1.1564,0.5,10.21371],"rotation":{"angle":-22.5,"axis":"y","origin":[8.1564,5,8.21371]},"faces":{"north":{"uv":[4,4,6,5],"texture":"#0"},"east":{"uv":[4,4,6,5],"texture":"#0"},"south":{"uv":[4,4,6,5],"texture":"#0"},"west":{"uv":[4,4,6,5],"texture":"#0"},"up":{"uv":[4,4,6,5],"texture":"#0"},"down":{"uv":[4,4,6,5],"texture":"#0"}}},{"from":[6.21912,0,0.471],"to":[9.21912,0.5,1.471],"rotation":{"angle":45,"axis":"y","origin":[8.21912,5,8.471]},"faces":{"north":{"uv":[4,4,6,5],"texture":"#0"},"east":{"uv":[4,4,6,5],"texture":"#0"},"south":{"uv":[4,4,6,5],"texture":"#0"},"west":{"uv":[4,4,6,5],"texture":"#0"},"up":{"uv":[4,4,6,5],"rotation":90,"texture":"#0"},"down":{"uv":[4,4,6,5],"rotation":270,"texture":"#0"}}},{"from":[6.1786,0,0.73271],"to":[9.1786,0.5,1.73271],"rotation":{"angle":22.5,"axis":"y","origin":[8.1786,5,8.73271]},"faces":{"north":{"uv":[4,4,6,5],"texture":"#0"},"east":{"uv":[4,4,6,5],"texture":"#0"},"south":{"uv":[4,4,6,5],"texture":"#0"},"west":{"uv":[4,4,6,5],"texture":"#0"},"up":{"uv":[4,4,6,5],"rotation":90,"texture":"#0"},"down":{"uv":[4,4,6,5],"rotation":270,"texture":"#0"}}},{"from":[6.04101,0,0.95899],"to":[9.04101,0.5,1.95899],"faces":{"north":{"uv":[4,4,6,5],"texture":"#0"},"east":{"uv":[4,4,6,5],"texture":"#0"},"south":{"uv":[4,4,6,5],"texture":"#0"},"west":{"uv":[4,4,6,5],"texture":"#0"},"up":{"uv":[4,4,6,5],"rotation":90,"texture":"#0"},"down":{"uv":[4,4,6,5],"rotation":270,"texture":"#0"}}},{"from":[5.8273,0,1.11539],"to":[8.8273,0.5,2.11539],"rotation":{"angle":-22.5,"axis":"y","origin":[7.8273,5,9.11539]},"faces":{"north":{"uv":[4,4,6,5],"texture":"#0"},"east":{"uv":[4,4,6,5],"texture":"#0"},"south":{"uv":[4,4,6,5],"texture":"#0"},"west":{"uv":[4,4,6,5],"texture":"#0"},"up":{"uv":[4,4,6,5],"rotation":90,"texture":"#0"},"down":{"uv":[4,4,6,5],"rotation":270,"texture":"#0"}}},{"from":[14.57001,0,7.17811],"to":[15.57001,0.5,10.17811],"rotation":{"angle":45,"axis":"y","origin":[7.57001,5,9.17811]},"faces":{"north":{"uv":[4,4,6,5],"texture":"#0"},"east":{"uv":[4,4,6,5],"texture":"#0"},"south":{"uv":[4,4,6,5],"texture":"#0"},"west":{"uv":[4,4,6,5],"texture":"#0"},"up":{"uv":[4,4,6,5],"rotation":180,"texture":"#0"},"down":{"uv":[4,4,6,5],"rotation":180,"texture":"#0"}}},{"from":[14.3083,0,7.13759],"to":[15.3083,0.5,10.13759],"rotation":{"angle":22.5,"axis":"y","origin":[7.3083,5,9.13759]},"faces":{"north":{"uv":[4,4,6,5],"texture":"#0"},"east":{"uv":[4,4,6,5],"texture":"#0"},"south":{"uv":[4,4,6,5],"texture":"#0"},"west":{"uv":[4,4,6,5],"texture":"#0"},"up":{"uv":[4,4,6,5],"rotation":180,"texture":"#0"},"down":{"uv":[4,4,6,5],"rotation":180,"texture":"#0"}}},{"from":[14.08202,0,7],"to":[15.08202,0.5,10],"faces":{"north":{"uv":[4,4,6,5],"texture":"#0"},"east":{"uv":[4,4,6,5],"texture":"#0"},"south":{"uv":[4,4,6,5],"texture":"#0"},"west":{"uv":[4,4,6,5],"texture":"#0"},"up":{"uv":[4,4,6,5],"rotation":180,"texture":"#0"},"down":{"uv":[4,4,6,5],"rotation":180,"texture":"#0"}}},{"from":[13.92562,0,6.78629],"to":[14.92562,0.5,9.78629],"rotation":{"angle":-22.5,"axis":"y","origin":[6.92562,5,8.78629]},"faces":{"north":{"uv":[4,4,6,5],"texture":"#0"},"east":{"uv":[4,4,6,5],"texture":"#0"},"south":{"uv":[4,4,6,5],"texture":"#0"},"west":{"uv":[4,4,6,5],"texture":"#0"},"up":{"uv":[4,4,6,5],"rotation":180,"texture":"#0"},"down":{"uv":[4,4,6,5],"rotation":180,"texture":"#0"}}},{"from":[5.8629,0,15.529],"to":[8.8629,0.5,16.529],"rotation":{"angle":45,"axis":"y","origin":[6.8629,5,8.529]},"faces":{"north":{"uv":[4,4,6,5],"texture":"#0"},"east":{"uv":[4,4,6,5],"texture":"#0"},"south":{"uv":[4,4,6,5],"texture":"#0"},"west":{"uv":[4,4,6,5],"texture":"#0"},"up":{"uv":[4,4,6,5],"rotation":270,"texture":"#0"},"down":{"uv":[4,4,6,5],"rotation":90,"texture":"#0"}}},{"from":[5.90342,0,15.26729],"to":[8.90342,0.5,16.26729],"rotation":{"angle":22.5,"axis":"y","origin":[6.90342,5,8.26729]},"faces":{"north":{"uv":[4,4,6,5],"texture":"#0"},"east":{"uv":[4,4,6,5],"texture":"#0"},"south":{"uv":[4,4,6,5],"texture":"#0"},"west":{"uv":[4,4,6,5],"texture":"#0"},"up":{"uv":[4,4,6,5],"rotation":270,"texture":"#0"},"down":{"uv":[4,4,6,5],"rotation":90,"texture":"#0"}}}],"display":{"gui":{"rotation":[30,-135,0],"translation":[0,5.75,0]},"head":{"rotation":[0,180,0],"translation":[-0.5,18.5,0.5]}},"credit":"Model by Craftventure"}