{"textures":{"0":"block/black_concrete","1":"block/purple_wool","2":"entity/skeleton/skeleton","6":"block/red_wool","7":"block/red_nether_bricks","particle":"block/black_concrete"},"elements":[{"from":[11.79015,-0.445,3],"to":[12.79015,0.305,13],"rotation":{"angle":22.5,"axis":"z","origin":[13.29015,-0.195,8]},"faces":{"north":{"uv":[3,3,4,3.5],"texture":"#0"},"east":{"uv":[3,3,13,3.5],"texture":"#0"},"south":{"uv":[3,3,4,3.5],"texture":"#0"},"west":{"uv":[3,3,13,3.5],"texture":"#0"},"up":{"uv":[3,3,4,13],"texture":"#0"},"down":{"uv":[3,3,4,13],"texture":"#0"}}},{"from":[3.20985,-0.445,3],"to":[4.20985,0.305,13],"rotation":{"angle":-22.5,"axis":"z","origin":[2.70985,-0.195,8]},"faces":{"north":{"uv":[12,3,11,3.5],"texture":"#0"},"east":{"uv":[21,3,11,3.5],"texture":"#0"},"south":{"uv":[12,3,11,3.5],"texture":"#0"},"west":{"uv":[15,3,5,3.5],"texture":"#0"},"up":{"uv":[12,3,11,13],"texture":"#0"},"down":{"uv":[12,3,11,13],"texture":"#0"}}},{"from":[5,-1,5],"to":[11,1,11],"rotation":{"angle":0,"axis":"y","origin":[6.5,-0.75,8]},"faces":{"north":{"uv":[0,0,6,2],"texture":"#1"},"east":{"uv":[6,2,12,4],"texture":"#1"},"south":{"uv":[6,0,12,2],"texture":"#1"},"west":{"uv":[0,2,6,4],"texture":"#1"}}},{"from":[5,1,5],"to":[11,4,11],"rotation":{"angle":0,"axis":"y","origin":[6.5,1.25,8]},"faces":{"north":{"uv":[0,0,7,3],"texture":"#0"},"east":{"uv":[6,2,13,5],"texture":"#0"},"south":{"uv":[6,0,13,3],"texture":"#0"},"west":{"uv":[0,2,7,5],"texture":"#0"},"up":{"uv":[0,0,7,7],"texture":"#0"},"down":{"uv":[0,0,7,7],"texture":"#0"}}},{"from":[4.5,4,4.5],"to":[11.5,6,11.5],"rotation":{"angle":0,"axis":"y","origin":[6.5,4.25,8]},"faces":{"north":{"uv":[0,0,8,2],"texture":"#0"},"east":{"uv":[6,2,14,4],"texture":"#0"},"south":{"uv":[6,0,14,2],"texture":"#0"},"west":{"uv":[0,2,8,4],"texture":"#0"},"up":{"uv":[0,0,8,8],"texture":"#0"},"down":{"uv":[0,0,8,8],"texture":"#0"}}},{"from":[12.79015,-0.445,4],"to":[13.79015,0.305,12],"rotation":{"angle":22.5,"axis":"z","origin":[13.29015,-0.195,8]},"faces":{"north":{"uv":[2,4,3,4.5],"texture":"#0"},"east":{"uv":[2,4,10,4.5],"texture":"#0"},"south":{"uv":[2,4,3,4.5],"texture":"#0"},"west":{"uv":[2,4,10,4.5],"texture":"#0"},"up":{"uv":[2,4,3,12],"texture":"#0"},"down":{"uv":[2,4,3,12],"texture":"#0"}}},{"from":[13.81743,-0.66141,6],"to":[14.81743,0.08859,10],"rotation":{"angle":45,"axis":"z","origin":[13.31743,-0.41141,8]},"faces":{"north":{"uv":[1,5,2,5.5],"texture":"#0"},"east":{"uv":[1,5,5,5.5],"texture":"#0"},"south":{"uv":[1,5,2,5.5],"texture":"#0"},"west":{"uv":[1,5,5,5.5],"texture":"#0"},"up":{"uv":[1,5,2,9],"texture":"#0"},"down":{"uv":[1,5,2,9],"texture":"#0"}}},{"from":[2.20985,-0.445,4],"to":[3.20985,0.305,12],"rotation":{"angle":-22.5,"axis":"z","origin":[2.70985,-0.195,8]},"faces":{"north":{"uv":[13,4,14,4.5],"texture":"#0"},"east":{"uv":[13,4,13.5,12],"rotation":90,"texture":"#0"},"south":{"uv":[13,4,14,4.5],"texture":"#0"},"west":{"uv":[13,4,13.5,12],"rotation":90,"texture":"#0"},"up":{"uv":[13,4,14,12],"texture":"#0"},"down":{"uv":[13,4,14,12],"texture":"#0"}}},{"from":[1.18257,-0.66141,6],"to":[2.18257,0.08859,10],"rotation":{"angle":-45,"axis":"z","origin":[2.68257,-0.41141,8]},"faces":{"north":{"uv":[14,6,15,6.5],"texture":"#0"},"east":{"uv":[14,6,14.5,10],"rotation":90,"texture":"#0"},"south":{"uv":[14,6,15,6.5],"texture":"#0"},"west":{"uv":[14,6,14.5,10],"rotation":90,"texture":"#0"},"up":{"uv":[14,6,15,10],"texture":"#0"},"down":{"uv":[14,6,15,10],"texture":"#0"}}},{"from":[4,-1,2],"to":[12,-0.25,3],"rotation":{"angle":0,"axis":"y","origin":[8,-0.75,8]},"faces":{"north":{"uv":[2,4,10,4.5],"texture":"#0"},"east":{"uv":[2,4,3,4.5],"texture":"#0"},"south":{"uv":[2,4,10,4.5],"texture":"#0"},"west":{"uv":[2,4,3,4.5],"texture":"#0"},"up":{"uv":[2,4,3,12],"rotation":270,"texture":"#0"},"down":{"uv":[2,4,3,12],"rotation":90,"texture":"#0"}}},{"from":[6,-1,1],"to":[10,-0.25,2],"rotation":{"angle":0,"axis":"y","origin":[8,-0.75,8]},"faces":{"north":{"uv":[1,5,5,5.5],"texture":"#0"},"east":{"uv":[1,5,2,5.5],"texture":"#0"},"south":{"uv":[1,5,5,5.5],"texture":"#0"},"west":{"uv":[1,5,2,5.5],"texture":"#0"},"up":{"uv":[1,5,2,9],"rotation":270,"texture":"#0"},"down":{"uv":[1,5,2,9],"rotation":90,"texture":"#0"}}},{"from":[4,-1,13],"to":[12,-0.25,14],"rotation":{"angle":0,"axis":"y","origin":[8,-0.75,8]},"faces":{"north":{"uv":[13,4,13.5,12],"rotation":90,"texture":"#0"},"east":{"uv":[13,4,14,4.5],"texture":"#0"},"south":{"uv":[13,4,13.5,12],"rotation":90,"texture":"#0"},"west":{"uv":[13,4,14,4.5],"texture":"#0"},"up":{"uv":[13,4,14,12],"rotation":270,"texture":"#0"},"down":{"uv":[13,4,14,12],"rotation":90,"texture":"#0"}}},{"from":[6,-1,14],"to":[10,-0.25,15],"rotation":{"angle":0,"axis":"y","origin":[8,-0.75,8]},"faces":{"north":{"uv":[14,6,14.5,10],"rotation":90,"texture":"#0"},"east":{"uv":[14,6,15,6.5],"texture":"#0"},"south":{"uv":[14,6,14.5,10],"rotation":90,"texture":"#0"},"west":{"uv":[14,6,15,6.5],"texture":"#0"},"up":{"uv":[14,6,15,10],"rotation":270,"texture":"#0"},"down":{"uv":[14,6,15,10],"rotation":90,"texture":"#0"}}},{"from":[4,-1,3],"to":[12,-0.25,13],"rotation":{"angle":0,"axis":"y","origin":[6.5,-0.75,8]},"faces":{"north":{"uv":[3,3,11,3.5],"texture":"#0"},"east":{"uv":[3,3,13,3.5],"texture":"#0"},"south":{"uv":[3,3,11,3.5],"texture":"#0"},"west":{"uv":[3,3,13,3.5],"texture":"#0"},"up":{"uv":[4,3,12,13],"texture":"#0"},"down":{"uv":[4,3,12,13],"texture":"#0"}}},{"from":[8.135,-0.3855,4.544],"to":[10.115,0.6045,4.814],"rotation":{"angle":22.5,"axis":"x","origin":[9.125,-0.03117,4.73804]},"faces":{"north":{"uv":[2,6.5,4,8],"texture":"#2"},"east":{"uv":[2,6.5,2.25,8],"texture":"#2"},"south":{"uv":[2,7.5,4,8],"texture":"#2"},"west":{"uv":[3.75,6.5,4,8],"rotation":180,"texture":"#2"},"up":{"uv":[2,7.5,4,8],"texture":"#2"},"down":{"uv":[2,7.5,4,8],"rotation":180,"texture":"#2"}}},{"from":[8.125,0.1875,4.22],"to":[10.125,1.9375,4.49],"rotation":{"angle":-22.5,"axis":"x","origin":[9.125,0.4375,4.355]},"faces":{"north":{"uv":[2,4,4,7.5],"texture":"#2"},"east":{"uv":[2,4,2.25,7.5],"texture":"#2"},"south":{"uv":[2,4,4,7.5],"texture":"#2"},"west":{"uv":[3.75,4,4,7.5],"texture":"#2"},"up":{"uv":[2,5,4,5.25],"rotation":180,"texture":"#2"},"down":{"uv":[2,7,4,7.5],"texture":"#2"}}},{"from":[8.145,0.20883,4.72],"to":[10.105,1.92383,5.24],"rotation":{"angle":-22.5,"axis":"x","origin":[9.125,0.45383,4.355]},"faces":{"north":{"uv":[2,4,4,7.5],"texture":"#2"},"east":{"uv":[2,4,2.25,7.5],"texture":"#2"},"south":{"uv":[2,4,4,7.5],"texture":"#2"},"west":{"uv":[3.75,4,4,7.5],"texture":"#2"},"up":{"uv":[2,5,4,5.25],"rotation":180,"texture":"#2"},"down":{"uv":[2,7,4,7.5],"texture":"#2"}}},{"from":[8.125,0.1875,4.49],"to":[10.125,1.9375,4.78],"rotation":{"angle":-22.5,"axis":"x","origin":[9.125,0.4375,4.355]},"faces":{"east":{"uv":[1.75,4,2,7.5],"texture":"#2"},"west":{"uv":[1.75,4,2,7.5],"texture":"#2"},"up":{"uv":[1.75,4,3.75,4.25],"rotation":180,"texture":"#2"},"down":{"uv":[1.75,4,3.75,4.25],"texture":"#2"}}},{"from":[8.62512,2.60019,3.76757],"to":[9.03137,4.22519,3.76757],"rotation":{"angle":22.5,"axis":"z","origin":[9.76682,5.10773,3.77457]},"faces":{"north":{"uv":[5,4,9,5],"rotation":270,"texture":"#6"}}},{"from":[8.62512,4.63144,3.76757],"to":[9.03137,6.25644,3.76757],"rotation":{"angle":22.5,"axis":"z","origin":[9.76682,5.10773,3.77457]},"faces":{"north":{"uv":[10,12,14,13],"rotation":270,"texture":"#6"}}},{"from":[7.81262,3.41269,3.76757],"to":[8.21887,5.03769,3.76757],"rotation":{"angle":22.5,"axis":"z","origin":[9.76682,5.10773,3.77457]},"faces":{"north":{"uv":[3,9,7,10],"rotation":270,"texture":"#6"}}},{"from":[9.43762,3.41269,3.76757],"to":[9.84387,5.03769,3.76757],"rotation":{"angle":22.5,"axis":"z","origin":[9.76682,5.10773,3.77457]},"faces":{"north":{"uv":[5,4,9,5],"rotation":270,"texture":"#6"}}},{"from":[10.65637,6.66269,3.76757],"to":[12.28137,7.06894,3.76757],"rotation":{"angle":22.5,"axis":"z","origin":[9.76682,5.10773,3.77457]},"faces":{"north":{"uv":[9,6,10,10],"rotation":270,"texture":"#6"}}},{"from":[9.03137,3.41269,3.76757],"to":[9.43762,4.63144,3.76757],"rotation":{"angle":22.5,"axis":"z","origin":[9.76682,5.10773,3.77457]},"faces":{"north":{"uv":[3,6,6,7],"rotation":270,"texture":"#6"}}},{"from":[10.25012,4.63144,3.76757],"to":[10.65637,5.85019,3.76757],"rotation":{"angle":22.5,"axis":"z","origin":[9.76682,5.10773,3.77457]},"faces":{"north":{"uv":[3,6,6,7],"rotation":270,"texture":"#6"}}},{"from":[9.84387,5.85019,3.76757],"to":[10.25012,7.06894,3.76757],"rotation":{"angle":22.5,"axis":"z","origin":[9.76682,5.10773,3.77457]},"faces":{"north":{"uv":[3,6,6,7],"rotation":270,"texture":"#6"}}},{"from":[9.43762,5.44394,3.76757],"to":[9.84387,6.66269,3.76757],"rotation":{"angle":22.5,"axis":"z","origin":[9.76682,5.10773,3.77457]},"faces":{"north":{"uv":[3,6,6,7],"rotation":270,"texture":"#6"}}},{"from":[8.21887,4.22519,3.76757],"to":[8.62512,5.44394,3.76757],"rotation":{"angle":22.5,"axis":"z","origin":[9.76682,5.10773,3.77457]},"faces":{"north":{"uv":[6,10,9,11],"rotation":270,"texture":"#6"}}},{"from":[9.84387,3.81894,3.76757],"to":[10.25012,4.22519,3.76757],"rotation":{"angle":22.5,"axis":"z","origin":[9.76682,5.10773,3.77457]},"faces":{"north":{"uv":[10,5,11,6],"rotation":270,"texture":"#6"}}},{"from":[11.06262,7.06894,3.76757],"to":[11.46887,7.47519,3.76757],"rotation":{"angle":22.5,"axis":"z","origin":[9.76682,5.10773,3.77457]},"faces":{"north":{"uv":[12,10,13,11],"rotation":270,"texture":"#6"}}},{"from":[8.21887,3.00644,3.76757],"to":[8.62512,3.41269,3.76757],"rotation":{"angle":22.5,"axis":"z","origin":[9.76682,5.10773,3.77457]},"faces":{"north":{"uv":[4,8,5,9],"rotation":270,"texture":"#6"}}},{"from":[9.84387,4.63144,3.76757],"to":[10.25012,5.44394,3.76757],"rotation":{"angle":22.5,"axis":"z","origin":[9.76682,5.10773,3.77457]},"faces":{"north":{"uv":[11,6,13,7],"rotation":270,"texture":"#6"}}},{"from":[7.40637,3.41269,3.76757],"to":[7.81262,4.22519,3.76757],"rotation":{"angle":22.5,"axis":"z","origin":[9.76682,5.10773,3.77457]},"faces":{"north":{"uv":[8,9,10,10],"rotation":270,"texture":"#6"}}},{"from":[9.03137,5.03769,3.76757],"to":[9.43762,5.85019,3.76757],"rotation":{"angle":22.5,"axis":"z","origin":[9.76682,5.10773,3.77457]},"faces":{"north":{"uv":[11,6,13,7],"rotation":270,"texture":"#6"}}},{"from":[10.65637,5.44394,3.76757],"to":[11.46887,5.85019,3.76757],"rotation":{"angle":22.5,"axis":"z","origin":[9.76682,5.10773,3.77457]},"faces":{"north":{"uv":[8,5,9,7],"rotation":270,"texture":"#6"}}},{"from":[11.87512,6.25644,3.76757],"to":[12.68762,6.66269,3.76757],"rotation":{"angle":22.5,"axis":"z","origin":[9.76682,5.10773,3.77457]},"faces":{"north":{"uv":[3,7,4,9],"rotation":270,"texture":"#6"}}},{"from":[10.25012,6.25644,3.76757],"to":[11.06262,6.66269,3.76757],"rotation":{"angle":22.5,"axis":"z","origin":[9.76682,5.10773,3.77457]},"faces":{"north":{"uv":[3,7,4,9],"rotation":270,"texture":"#6"}}},{"from":[11.06262,5.85019,3.76757],"to":[11.87512,6.25644,3.76757],"rotation":{"angle":22.5,"axis":"z","origin":[9.76682,5.10773,3.77457]},"faces":{"north":{"uv":[3,7,4,9],"rotation":270,"texture":"#6"}}},{"from":[7.81262,2.19394,3.76757],"to":[8.21887,3.41269,3.76757],"rotation":{"angle":22.5,"axis":"z","origin":[9.76682,5.10773,3.77457]},"faces":{"north":{"uv":[6,13,9,14],"rotation":270,"texture":"#7"}}},{"from":[8.21887,3.41269,3.76757],"to":[8.62512,4.22519,3.76757],"rotation":{"angle":22.5,"axis":"z","origin":[9.76682,5.10773,3.77457]},"faces":{"north":{"uv":[6,13,8,14],"rotation":270,"texture":"#7"}}},{"from":[8.62512,4.22519,3.76757],"to":[9.03137,4.63144,3.76757],"rotation":{"angle":22.5,"axis":"z","origin":[9.76682,5.10773,3.77457]},"faces":{"north":{"uv":[6,13,7,14],"rotation":270,"texture":"#7"}}},{"from":[9.03137,4.63144,3.76757],"to":[9.43762,5.03769,3.76757],"rotation":{"angle":22.5,"axis":"z","origin":[9.76682,5.10773,3.77457]},"faces":{"north":{"uv":[2,6,3,7],"rotation":270,"texture":"#7"}}},{"from":[9.43762,5.03769,3.76757],"to":[9.84387,5.44394,3.76757],"rotation":{"angle":22.5,"axis":"z","origin":[9.76682,5.10773,3.77457]},"faces":{"north":{"uv":[6,13,7,14],"rotation":270,"texture":"#7"}}},{"from":[9.84387,5.44394,3.76757],"to":[10.25012,5.85019,3.76757],"rotation":{"angle":22.5,"axis":"z","origin":[9.76682,5.10773,3.77457]},"faces":{"north":{"uv":[6,13,7,14],"rotation":270,"texture":"#7"}}},{"from":[10.25012,5.85019,3.76757],"to":[11.06262,6.25644,3.76757],"rotation":{"angle":22.5,"axis":"z","origin":[9.76682,5.10773,3.77457]},"faces":{"north":{"uv":[10,13,11,15],"rotation":270,"texture":"#7"}}},{"from":[11.06262,6.25644,3.76757],"to":[11.87512,6.66269,3.76757],"rotation":{"angle":22.5,"axis":"z","origin":[9.76682,5.10773,3.77457]},"faces":{"north":{"uv":[9,5,10,7],"rotation":270,"texture":"#7"}}}],"display":{"thirdperson_righthand":{"translation":[-0.75,6.5,-4.25]},"thirdperson_lefthand":{"translation":[-0.75,6.5,-4.25]},"firstperson_righthand":{"rotation":[0,135,0],"translation":[-0.75,6.5,-4.25]},"firstperson_lefthand":{"rotation":[0,135,0],"translation":[-0.75,6.5,-4.25]},"ground":{"translation":[0,5.75,0]},"gui":{"rotation":[30,-135,0],"translation":[0,4.75,0]},"head":{"translation":[0,23.75,0],"scale":[2,2,2]},"fixed":{"translation":[0,8.5,-6.75],"scale":[1.6,1.6,1.6]}},"groups":[0,1,2,3,4,{"name":"group","origin":[8,0.25,8],"children":[5,6,7,8]},{"name":"group","origin":[8,0.25,8],"children":[9,10,11,12,13]},{"name":"group","origin":[6.5,0.25,-3],"children":[14,15,16,17]},{"name":"group","origin":[4.5,20,7.5],"children":[18,19,20,21,22,23,24,25,26,27,28,29,30,31,32,33,34,35,36,37,{"name":"group","origin":[-2,25,7.5],"children":[38,39,40,41,42,43,44,45]}]}],"credit":"Model by Craftventure"}