{"textures":{"0":"block/hny2018","1":"block/gold_block","2":"block/coal_block","3":"block/red_terracotta","4":"block/red_concrete_powder","5":"block/red_concrete","6":"block/spruce_planks","7":"block/blue_concrete","8":"block/blue_concrete_powder"},"elements":[{"name":"Cube","from":[0,0,0],"to":[16,2,16],"faces":{"north":{"uv":[0,0,16,1],"texture":"#0"},"east":{"uv":[0,0,16,1],"texture":"#0"},"south":{"uv":[0,0,16,1],"texture":"#0"},"west":{"uv":[0,0,16,1],"texture":"#0"},"up":{"uv":[0,0,16,1],"texture":"#0"},"down":{"uv":[0,0,16,1],"texture":"#0"}}},{"name":"Cube","from":[2,2,2],"to":[3,11,14],"faces":{"north":{"uv":[0,0,1,9],"texture":"#0"},"east":{"uv":[0,0,1,9],"texture":"#0"},"south":{"uv":[0,0,1,9],"texture":"#0"},"west":{"uv":[0,0,1,9],"texture":"#0"},"up":{"uv":[0,0,1,12],"texture":"#0"},"down":{"uv":[0,0,1,12],"texture":"#0"}}},{"name":"Cube","from":[13,2,2],"to":[14,11,14],"faces":{"north":{"uv":[0,0,1,9],"texture":"#0"},"east":{"uv":[0,0,1,9],"texture":"#0"},"south":{"uv":[0,0,1,9],"texture":"#0"},"west":{"uv":[0,0,1,9],"texture":"#0"},"up":{"uv":[0,0,1,12],"texture":"#0"},"down":{"uv":[0,0,1,12],"texture":"#0"}}},{"name":"Cube","from":[3,2,2],"to":[13,11,3],"faces":{"north":{"uv":[0,0,1,9],"texture":"#0"},"east":{"uv":[0,0,1,9],"texture":"#0"},"south":{"uv":[0,0,1,8],"texture":"#0"},"west":{"uv":[0,0,1,9],"texture":"#0"},"up":{"uv":[0,0,10,1],"texture":"#0"},"down":{"uv":[0,0,10,1],"texture":"#0"}}},{"name":"Cube","from":[3,2,13],"to":[13,11,14],"faces":{"north":{"uv":[0,0,1,9],"texture":"#0"},"east":{"uv":[0,0,1,9],"texture":"#0"},"south":{"uv":[0,0,1,8],"texture":"#0"},"west":{"uv":[0,0,1,9],"texture":"#0"},"up":{"uv":[0,0,10,1],"texture":"#0"},"down":{"uv":[0,0,10,1],"texture":"#0"}}},{"name":"Cube","from":[1.5,2,1.5],"to":[14.5,3.2,14.5],"faces":{"north":{"uv":[0,0,13,1.2],"texture":"#1"},"east":{"uv":[0,0,13,1.2],"texture":"#1"},"south":{"uv":[0,0,13,1.2],"texture":"#1"},"west":{"uv":[0,0,13,1.2],"texture":"#1"},"up":{"uv":[0,0,13,13],"texture":"#1"},"down":{"uv":[0,0,13,13],"texture":"#1"}}},{"name":"Cube","from":[3,2,3],"to":[13,4,13],"faces":{"north":{"uv":[0,0,10,2],"texture":"#2"},"east":{"uv":[0,0,10,2],"texture":"#2"},"south":{"uv":[0,0,10,2],"texture":"#2"},"west":{"uv":[0,0,10,2],"texture":"#2"},"up":{"uv":[0,0,10,10],"texture":"#2"},"down":{"uv":[0,0,10,10],"texture":"#2"}}},{"name":"Cube","from":[3.5,11,2],"to":[6.5,12,3],"faces":{"north":{"uv":[0,0,3,1],"texture":"#3"},"east":{"uv":[0,0,1,1],"texture":"#3"},"south":{"uv":[0,0,3,1],"texture":"#3"},"west":{"uv":[0,0,1,1],"texture":"#3"},"up":{"uv":[0,0,3,1],"texture":"#3"},"down":{"uv":[0,0,3,1],"texture":"#3"}}},{"name":"Cube","from":[7.3,11,2],"to":[10.3,12,3],"faces":{"north":{"uv":[0,0,3,1],"texture":"#3"},"east":{"uv":[0,0,1,1],"texture":"#3"},"south":{"uv":[0,0,3,1],"texture":"#3"},"west":{"uv":[0,0,1,1],"texture":"#3"},"up":{"uv":[0,0,3,1],"texture":"#3"},"down":{"uv":[0,0,3,1],"texture":"#3"}}},{"name":"Cube","from":[7.3,14.4,4.9],"to":[10.3,15.4,5.9],"rotation":{"angle":-45,"axis":"x","origin":[8,8,8]},"faces":{"north":{"uv":[0,0,3,1],"texture":"#3"},"east":{"uv":[0,0,1,1],"texture":"#3"},"south":{"uv":[0,0,3,1],"texture":"#3"},"west":{"uv":[0,0,1,1],"texture":"#3"},"up":{"uv":[0,0,3,1],"texture":"#3"},"down":{"uv":[0,0,3,1],"texture":"#3"}}},{"name":"Cube","from":[7.3,6.5,-0.1],"to":[10.3,7.5,0.9],"rotation":{"angle":22.5,"axis":"x","origin":[8,8,8]},"faces":{"north":{"uv":[0,0,3,1],"texture":"#3"},"east":{"uv":[0,0,1,1],"texture":"#3"},"south":{"uv":[0,0,3,1],"texture":"#3"},"west":{"uv":[0,0,1,1],"texture":"#3"},"up":{"uv":[0,0,3,1],"texture":"#3"},"down":{"uv":[0,0,3,1],"texture":"#3"}}},{"name":"Cube","from":[7.3,8.2,-0.1],"to":[10.3,9.2,0.9],"faces":{"north":{"uv":[0,0,3,1],"texture":"#3"},"east":{"uv":[0,0,1,1],"texture":"#3"},"south":{"uv":[0,0,3,1],"texture":"#3"},"west":{"uv":[0,0,1,1],"texture":"#3"},"up":{"uv":[0,0,3,1],"texture":"#3"},"down":{"uv":[0,0,3,1],"texture":"#3"}}},{"name":"Cube","from":[7.3,6.9,-0.1],"to":[10.3,7.9,0.9],"faces":{"north":{"uv":[0,0,3,1],"texture":"#3"},"east":{"uv":[0,0,1,1],"texture":"#3"},"south":{"uv":[0,0,3,1],"texture":"#3"},"west":{"uv":[0,0,1,1],"texture":"#3"},"up":{"uv":[0,0,3,1],"texture":"#3"},"down":{"uv":[0,0,3,1],"texture":"#3"}}},{"name":"Cube","from":[7.3,8.6,0],"to":[10.3,9.6,1],"rotation":{"angle":-22.5,"axis":"x","origin":[8,8,8]},"faces":{"north":{"uv":[0,0,3,1],"texture":"#3"},"east":{"uv":[0,0,1,1],"texture":"#3"},"south":{"uv":[0,0,3,1],"texture":"#3"},"west":{"uv":[0,0,1,1],"texture":"#3"},"up":{"uv":[0,0,3,1],"texture":"#3"},"down":{"uv":[0,0,3,1],"texture":"#3"}}},{"name":"Cube","from":[7.3,4.4,0.4],"to":[10.3,5.4,1.4],"faces":{"north":{"uv":[0,0,3,1],"texture":"#3"},"east":{"uv":[0,0,1,1],"texture":"#3"},"south":{"uv":[0,0,3,1],"texture":"#3"},"west":{"uv":[0,0,1,1],"texture":"#3"},"up":{"uv":[0,0,3,1],"texture":"#3"},"down":{"uv":[0,0,3,1],"texture":"#3"}}},{"name":"Cube","from":[7.3,0.7,2.4],"to":[10.3,1.7,3.4],"rotation":{"angle":22.5,"axis":"x","origin":[8,8,8]},"faces":{"north":{"uv":[0,0,3,1],"texture":"#3"},"east":{"uv":[0,0,1,1],"texture":"#3"},"south":{"uv":[0,0,3,1],"texture":"#3"},"west":{"uv":[0,0,1,1],"texture":"#3"},"up":{"uv":[0,0,3,1],"texture":"#3"},"down":{"uv":[0,0,3,1],"texture":"#3"}}},{"name":"Cube","from":[3.5,14.4,4.9],"to":[6.5,15.4,5.9],"rotation":{"angle":-45,"axis":"x","origin":[8,8,8]},"faces":{"north":{"uv":[0,0,3,1],"texture":"#3"},"east":{"uv":[0,0,1,1],"texture":"#3"},"south":{"uv":[0,0,3,1],"texture":"#3"},"west":{"uv":[0,0,1,1],"texture":"#3"},"up":{"uv":[0,0,3,1],"texture":"#3"},"down":{"uv":[0,0,3,1],"texture":"#3"}}},{"name":"Cube","from":[3.5,6.5,-0.1],"to":[6.5,7.5,0.9],"rotation":{"angle":22.5,"axis":"x","origin":[8,8,8]},"faces":{"north":{"uv":[0,0,3,1],"texture":"#3"},"east":{"uv":[0,0,1,1],"texture":"#3"},"south":{"uv":[0,0,3,1],"texture":"#3"},"west":{"uv":[0,0,1,1],"texture":"#3"},"up":{"uv":[0,0,3,1],"texture":"#3"},"down":{"uv":[0,0,3,1],"texture":"#3"}}},{"name":"Cube","from":[3.5,8.2,-0.1],"to":[6.5,9.2,0.9],"faces":{"north":{"uv":[0,0,3,1],"texture":"#3"},"east":{"uv":[0,0,1,1],"texture":"#3"},"south":{"uv":[0,0,3,1],"texture":"#3"},"west":{"uv":[0,0,1,1],"texture":"#3"},"up":{"uv":[0,0,3,1],"texture":"#3"},"down":{"uv":[0,0,3,1],"texture":"#3"}}},{"name":"Cube","from":[3.5,6.9,-0.1],"to":[6.5,7.9,0.9],"faces":{"north":{"uv":[0,0,3,1],"texture":"#3"},"east":{"uv":[0,0,1,1],"texture":"#3"},"south":{"uv":[0,0,3,1],"texture":"#3"},"west":{"uv":[0,0,1,1],"texture":"#3"},"up":{"uv":[0,0,3,1],"texture":"#3"},"down":{"uv":[0,0,3,1],"texture":"#3"}}},{"name":"Cube","from":[7.3,-2,5.6],"to":[10.3,-1,6.6],"rotation":{"angle":45,"axis":"x","origin":[8,8,8]},"faces":{"north":{"uv":[0,0,3,1],"texture":"#3"},"east":{"uv":[0,0,1,1],"texture":"#3"},"south":{"uv":[0,0,3,1],"texture":"#3"},"west":{"uv":[0,0,1,1],"texture":"#3"},"up":{"uv":[0,0,3,1],"texture":"#3"},"down":{"uv":[0,0,3,1],"texture":"#3"}}},{"name":"Cube","from":[3.5,8.6,0],"to":[6.5,9.6,1],"rotation":{"angle":-22.5,"axis":"x","origin":[8,8,8]},"faces":{"north":{"uv":[0,0,3,1],"texture":"#3"},"east":{"uv":[0,0,1,1],"texture":"#3"},"south":{"uv":[0,0,3,1],"texture":"#3"},"west":{"uv":[0,0,1,1],"texture":"#3"},"up":{"uv":[0,0,3,1],"texture":"#3"},"down":{"uv":[0,0,3,1],"texture":"#3"}}},{"name":"Cube","from":[3.5,4.4,0.4],"to":[6.5,5.4,1.4],"faces":{"north":{"uv":[0,0,3,1],"texture":"#3"},"east":{"uv":[0,0,1,1],"texture":"#3"},"south":{"uv":[0,0,3,1],"texture":"#3"},"west":{"uv":[0,0,1,1],"texture":"#3"},"up":{"uv":[0,0,3,1],"texture":"#3"},"down":{"uv":[0,0,3,1],"texture":"#3"}}},{"name":"Cube","from":[3.5,0.7,2.4],"to":[6.5,1.7,3.4],"rotation":{"angle":22.5,"axis":"x","origin":[8,8,8]},"faces":{"north":{"uv":[0,0,3,1],"texture":"#3"},"east":{"uv":[0,0,1,1],"texture":"#3"},"south":{"uv":[0,0,3,1],"texture":"#3"},"west":{"uv":[0,0,1,1],"texture":"#3"},"up":{"uv":[0,0,3,1],"texture":"#3"},"down":{"uv":[0,0,3,1],"texture":"#3"}}},{"name":"Cube","from":[3.5,-2,5.6],"to":[6.5,-1,6.6],"rotation":{"angle":45,"axis":"x","origin":[8,8,8]},"faces":{"north":{"uv":[0,0,3,1],"texture":"#3"},"east":{"uv":[0,0,1,1],"texture":"#3"},"south":{"uv":[0,0,3,1],"texture":"#3"},"west":{"uv":[0,0,1,1],"texture":"#3"},"up":{"uv":[0,0,3,1],"texture":"#3"},"down":{"uv":[0,0,3,1],"texture":"#3"}}},{"name":"Cube","from":[3.5,8.9,2.3],"to":[6.5,9.9,3.3],"rotation":{"angle":22.5,"axis":"x","origin":[8,8,8]},"faces":{"north":{"uv":[0,0,3,1],"texture":"#3"},"east":{"uv":[0,0,1,1],"texture":"#3"},"south":{"uv":[0,0,3,1],"texture":"#3"},"west":{"uv":[0,0,1,1],"texture":"#3"},"up":{"uv":[0,0,3,1],"texture":"#3"},"down":{"uv":[0,0,3,1],"texture":"#3"}}},{"name":"Cube","from":[3,11,13],"to":[13,12,14],"faces":{"north":{"uv":[0,0,10,1],"texture":"#0"},"east":{"uv":[0,0,1,1],"texture":"#0"},"south":{"uv":[0,0,10,1],"texture":"#0"},"west":{"uv":[0,0,1,1],"texture":"#0"},"up":{"uv":[0,0,10,1],"texture":"#0"},"down":{"uv":[0,0,10,1],"texture":"#0"}}},{"name":"Cube","from":[3,13.6,11.1],"to":[13,15.6,12.1],"rotation":{"angle":22.5,"axis":"x","origin":[8,8,8]},"faces":{"north":{"uv":[0,0,10,2],"texture":"#0"},"east":{"uv":[0,0,1,2],"texture":"#0"},"south":{"uv":[0,0,10,2],"texture":"#0"},"west":{"uv":[0,0,1,2],"texture":"#0"},"up":{"uv":[0,0,10,1],"texture":"#0"},"down":{"uv":[0,0,10,1],"texture":"#0"}}},{"name":"Cube","from":[3,16.2,8],"to":[13,18.2,9],"rotation":{"angle":45,"axis":"x","origin":[8,8,8]},"faces":{"north":{"uv":[0,0,10,2],"texture":"#0"},"east":{"uv":[0,0,1,2],"texture":"#0"},"south":{"uv":[0,0,10,2],"texture":"#0"},"west":{"uv":[0,0,1,2],"texture":"#0"},"up":{"uv":[0,0,10,1],"texture":"#0"},"down":{"uv":[0,0,10,1],"texture":"#0"}}},{"name":"Cube","from":[4,10.9,17.4],"to":[12,11.9,19.4],"rotation":{"angle":-22.5,"axis":"x","origin":[8,8,8]},"faces":{"north":{"uv":[0,0,8,1],"texture":"#0"},"east":{"uv":[0,0,2,1],"texture":"#0"},"south":{"uv":[0,0,8,1],"texture":"#0"},"west":{"uv":[0,0,2,1],"texture":"#0"},"up":{"uv":[0,0,8,2],"texture":"#0"},"down":{"uv":[0,0,8,2],"texture":"#0"}}},{"name":"Cube","from":[11,10,3],"to":[13,11,5],"faces":{"north":{"uv":[0,0,2,1],"texture":"#0"},"east":{"uv":[0,0,2,1],"texture":"#0"},"south":{"uv":[0,0,2,1],"texture":"#0"},"west":{"uv":[0,0,2,1],"texture":"#0"},"up":{"uv":[0,0,2,2],"texture":"#0"},"down":{"uv":[0,0,2,2],"texture":"#0"}}},{"name":"Cube","from":[12,10,5],"to":[13,11,7],"faces":{"north":{"uv":[0,0,1,1],"texture":"#0"},"east":{"uv":[0,0,2,1],"texture":"#0"},"south":{"uv":[0,0,1,1],"texture":"#0"},"west":{"uv":[0,0,2,1],"texture":"#0"},"up":{"uv":[0,0,1,2],"texture":"#0"},"down":{"uv":[0,0,1,2],"texture":"#0"}}},{"name":"Cube","from":[10,10,3],"to":[11,11,4],"faces":{"north":{"uv":[0,0,1,1],"texture":"#0"},"east":{"uv":[0,0,1,1],"texture":"#0"},"south":{"uv":[0,0,1,1],"texture":"#0"},"west":{"uv":[0,0,1,1],"texture":"#0"},"up":{"uv":[0,0,1,1],"texture":"#0"},"down":{"uv":[0,0,1,1],"texture":"#0"}}},{"name":"Cube","from":[6.4,11.3,2.3],"to":[7.4,11.7,2.7],"faces":{"north":{"uv":[0,0,1,0.4],"texture":"#4"},"east":{"uv":[0,0,0.4,0.4],"texture":"#4"},"south":{"uv":[0,0,1,0.4],"texture":"#4"},"west":{"uv":[0,0,0.4,0.4],"texture":"#4"},"up":{"uv":[0,0,1,0.4],"texture":"#4"},"down":{"uv":[0,0,1,0.4],"texture":"#4"}}},{"name":"Cube","from":[6.4,10.8,1.1],"to":[7.4,11.2,1.5],"faces":{"north":{"uv":[0,0,1,0.4],"texture":"#4"},"east":{"uv":[0,0,0.4,0.4],"texture":"#4"},"south":{"uv":[0,0,1,0.4],"texture":"#4"},"west":{"uv":[0,0,0.4,0.4],"texture":"#4"},"up":{"uv":[0,0,1,0.4],"texture":"#4"},"down":{"uv":[0,0,1,0.4],"texture":"#4"}}},{"name":"Cube","from":[6.5,9.8,0.3],"to":[7.5,10.2,0.7],"faces":{"north":{"uv":[0,0,1,0.4],"texture":"#4"},"east":{"uv":[0,0,0.4,0.4],"texture":"#4"},"south":{"uv":[0,0,1,0.4],"texture":"#4"},"west":{"uv":[0,0,0.4,0.4],"texture":"#4"},"up":{"uv":[0,0,1,0.4],"texture":"#4"},"down":{"uv":[0,0,1,0.4],"texture":"#4"}}},{"name":"Cube","from":[6.5,8.5,0.1],"to":[7.5,8.9,0.5],"faces":{"north":{"uv":[0,0,1,0.4],"texture":"#4"},"east":{"uv":[0,0,0.4,0.4],"texture":"#4"},"south":{"uv":[0,0,1,0.4],"texture":"#4"},"west":{"uv":[0,0,0.4,0.4],"texture":"#4"},"up":{"uv":[0,0,1,0.4],"texture":"#4"},"down":{"uv":[0,0,1,0.4],"texture":"#4"}}},{"name":"Cube","from":[6.5,7.2,0.1],"to":[7.5,7.6,0.5],"faces":{"north":{"uv":[0,0,1,0.4],"texture":"#4"},"east":{"uv":[0,0,0.4,0.4],"texture":"#4"},"south":{"uv":[0,0,1,0.4],"texture":"#4"},"west":{"uv":[0,0,0.4,0.4],"texture":"#4"},"up":{"uv":[0,0,1,0.4],"texture":"#4"},"down":{"uv":[0,0,1,0.4],"texture":"#4"}}},{"name":"Cube","from":[6.5,6,0.4],"to":[7.5,6.4,0.8],"faces":{"north":{"uv":[0,0,1,0.4],"texture":"#4"},"east":{"uv":[0,0,0.4,0.4],"texture":"#4"},"south":{"uv":[0,0,1,0.4],"texture":"#4"},"west":{"uv":[0,0,0.4,0.4],"texture":"#4"},"up":{"uv":[0,0,1,0.4],"texture":"#4"},"down":{"uv":[0,0,1,0.4],"texture":"#4"}}},{"name":"Cube","from":[6.5,4.7,0.7],"to":[7.5,5.1,1.1],"faces":{"north":{"uv":[0,0,1,0.4],"texture":"#4"},"east":{"uv":[0,0,0.4,0.4],"texture":"#4"},"south":{"uv":[0,0,1,0.4],"texture":"#4"},"west":{"uv":[0,0,0.4,0.4],"texture":"#4"},"up":{"uv":[0,0,1,0.4],"texture":"#4"},"down":{"uv":[0,0,1,0.4],"texture":"#4"}}},{"name":"Cube","from":[6.5,3.4,0.5],"to":[7.5,3.8,0.9],"faces":{"north":{"uv":[0,0,1,0.4],"texture":"#4"},"east":{"uv":[0,0,0.4,0.4],"texture":"#4"},"south":{"uv":[0,0,1,0.4],"texture":"#4"},"west":{"uv":[0,0,0.4,0.4],"texture":"#4"},"up":{"uv":[0,0,1,0.4],"texture":"#4"},"down":{"uv":[0,0,1,0.4],"texture":"#4"}}},{"name":"Cube","from":[6.5,2.4,-0.3],"to":[7.5,2.8,0.1],"faces":{"north":{"uv":[0,0,1,0.4],"texture":"#4"},"east":{"uv":[0,0,0.4,0.4],"texture":"#4"},"south":{"uv":[0,0,1,0.4],"texture":"#4"},"west":{"uv":[0,0,0.4,0.4],"texture":"#4"},"up":{"uv":[0,0,1,0.4],"texture":"#4"},"down":{"uv":[0,0,1,0.4],"texture":"#4"}}},{"name":"Cube","from":[7.3,8.9,2.3],"to":[10.3,9.9,3.3],"rotation":{"angle":22.5,"axis":"x","origin":[8,8,8]},"faces":{"north":{"uv":[0,0,3,1],"texture":"#3"},"east":{"uv":[0,0,1,1],"texture":"#3"},"south":{"uv":[0,0,3,1],"texture":"#3"},"west":{"uv":[0,0,1,1],"texture":"#3"},"up":{"uv":[0,0,3,1],"texture":"#3"},"down":{"uv":[0,0,3,1],"texture":"#3"}}},{"name":"Cube","from":[3.3,4,4],"to":[10.5,8,12],"faces":{"north":{"uv":[0,0,7.2,4],"texture":"#5"},"east":{"uv":[0,0,8,4],"texture":"#5"},"south":{"uv":[0,0,7.2,4],"texture":"#5"},"west":{"uv":[0,0,8,4],"texture":"#5"},"up":{"uv":[0,0,7.2,8],"texture":"#5"},"down":{"uv":[0,0,7.2,8],"texture":"#5"}}},{"name":"Cube","from":[3.5,7,3.3],"to":[6.5,8,4.3],"rotation":{"angle":45,"axis":"x","origin":[8,8,8]},"faces":{"north":{"uv":[0,0,3,1],"texture":"#3"},"east":{"uv":[0,0,1,1],"texture":"#3"},"south":{"uv":[0,0,3,1],"texture":"#3"},"west":{"uv":[0,0,1,1],"texture":"#3"},"up":{"uv":[0,0,3,1],"texture":"#3"},"down":{"uv":[0,0,3,1],"texture":"#3"}}},{"name":"Cube","from":[3.5,10.5,7],"to":[6.5,11.5,8],"rotation":{"angle":-45,"axis":"x","origin":[8,8,8]},"faces":{"north":{"uv":[0,0,3,1],"texture":"#3"},"east":{"uv":[0,0,1,1],"texture":"#3"},"south":{"uv":[0,0,3,1],"texture":"#3"},"west":{"uv":[0,0,1,1],"texture":"#3"},"up":{"uv":[0,0,3,1],"texture":"#3"},"down":{"uv":[0,0,3,1],"texture":"#3"}}},{"name":"Cube","from":[3.5,7.9,5.8],"to":[6.5,8.9,6.8],"rotation":{"angle":22.5,"axis":"x","origin":[8,8,8]},"faces":{"north":{"uv":[0,0,3,1],"texture":"#3"},"east":{"uv":[0,0,1,1],"texture":"#3"},"south":{"uv":[0,0,3,1],"texture":"#3"},"west":{"uv":[0,0,1,1],"texture":"#3"},"up":{"uv":[0,0,3,1],"texture":"#3"},"down":{"uv":[0,0,3,1],"texture":"#3"}}},{"name":"Cube","from":[3.5,8.2,7.4],"to":[6.5,9.2,8.4],"faces":{"north":{"uv":[0,0,3,1],"texture":"#3"},"east":{"uv":[0,0,1,1],"texture":"#3"},"south":{"uv":[0,0,3,1],"texture":"#3"},"west":{"uv":[0,0,1,1],"texture":"#3"},"up":{"uv":[0,0,3,1],"texture":"#3"},"down":{"uv":[0,0,3,1],"texture":"#3"}}},{"name":"Cube","from":[3.5,8.1,8.8],"to":[6.5,9.1,9.8],"faces":{"north":{"uv":[0,0,3,1],"texture":"#3"},"east":{"uv":[0,0,1,1],"texture":"#3"},"south":{"uv":[0,0,3,1],"texture":"#3"},"west":{"uv":[0,0,1,1],"texture":"#3"},"up":{"uv":[0,0,3,1],"texture":"#3"},"down":{"uv":[0,0,3,1],"texture":"#3"}}},{"name":"Cube","from":[3.5,8.1,10.2],"to":[6.5,9.1,11.2],"faces":{"north":{"uv":[0,0,3,1],"texture":"#3"},"east":{"uv":[0,0,1,1],"texture":"#3"},"south":{"uv":[0,0,3,1],"texture":"#3"},"west":{"uv":[0,0,1,1],"texture":"#3"},"up":{"uv":[0,0,3,1],"texture":"#3"},"down":{"uv":[0,0,3,1],"texture":"#3"}}},{"name":"Cube","from":[6.4,11.2,3.5],"to":[7.4,11.6,3.9],"faces":{"north":{"uv":[0,0,1,0.4],"texture":"#4"},"east":{"uv":[0,0,0.4,0.4],"texture":"#4"},"south":{"uv":[0,0,1,0.4],"texture":"#4"},"west":{"uv":[0,0,0.4,0.4],"texture":"#4"},"up":{"uv":[0,0,1,0.4],"texture":"#4"},"down":{"uv":[0,0,1,0.4],"texture":"#4"}}},{"name":"Cube","from":[6.4,10.5,4.5],"to":[7.4,10.9,4.9],"faces":{"north":{"uv":[0,0,1,0.4],"texture":"#4"},"east":{"uv":[0,0,0.4,0.4],"texture":"#4"},"south":{"uv":[0,0,1,0.4],"texture":"#4"},"west":{"uv":[0,0,0.4,0.4],"texture":"#4"},"up":{"uv":[0,0,1,0.4],"texture":"#4"},"down":{"uv":[0,0,1,0.4],"texture":"#4"}}},{"name":"Cube","from":[6.4,9.6,5.3],"to":[7.4,10,5.7],"faces":{"north":{"uv":[0,0,1,0.4],"texture":"#4"},"east":{"uv":[0,0,0.4,0.4],"texture":"#4"},"south":{"uv":[0,0,1,0.4],"texture":"#4"},"west":{"uv":[0,0,0.4,0.4],"texture":"#4"},"up":{"uv":[0,0,1,0.4],"texture":"#4"},"down":{"uv":[0,0,1,0.4],"texture":"#4"}}},{"name":"Cube","from":[6.4,8.9,6.4],"to":[7.4,9.3,6.8],"faces":{"north":{"uv":[0,0,1,0.4],"texture":"#4"},"east":{"uv":[0,0,0.4,0.4],"texture":"#4"},"south":{"uv":[0,0,1,0.4],"texture":"#4"},"west":{"uv":[0,0,0.4,0.4],"texture":"#4"},"up":{"uv":[0,0,1,0.4],"texture":"#4"},"down":{"uv":[0,0,1,0.4],"texture":"#4"}}},{"name":"Cube","from":[6.4,8.4,7.7],"to":[7.4,8.8,8.1],"faces":{"north":{"uv":[0,0,1,0.4],"texture":"#4"},"east":{"uv":[0,0,0.4,0.4],"texture":"#4"},"south":{"uv":[0,0,1,0.4],"texture":"#4"},"west":{"uv":[0,0,0.4,0.4],"texture":"#4"},"up":{"uv":[0,0,1,0.4],"texture":"#4"},"down":{"uv":[0,0,1,0.4],"texture":"#4"}}},{"name":"Cube","from":[6.4,8.4,9.1],"to":[7.4,8.8,9.5],"faces":{"north":{"uv":[0,0,1,0.4],"texture":"#4"},"east":{"uv":[0,0,0.4,0.4],"texture":"#4"},"south":{"uv":[0,0,1,0.4],"texture":"#4"},"west":{"uv":[0,0,0.4,0.4],"texture":"#4"},"up":{"uv":[0,0,1,0.4],"texture":"#4"},"down":{"uv":[0,0,1,0.4],"texture":"#4"}}},{"name":"Cube","from":[6.4,8.4,10.5],"to":[7.4,8.8,10.9],"faces":{"north":{"uv":[0,0,1,0.4],"texture":"#4"},"east":{"uv":[0,0,0.4,0.4],"texture":"#4"},"south":{"uv":[0,0,1,0.4],"texture":"#4"},"west":{"uv":[0,0,0.4,0.4],"texture":"#4"},"up":{"uv":[0,0,1,0.4],"texture":"#4"},"down":{"uv":[0,0,1,0.4],"texture":"#4"}}},{"name":"Cube","from":[7.3,7,3.3],"to":[10.3,8,4.3],"rotation":{"angle":45,"axis":"x","origin":[8,8,8]},"faces":{"north":{"uv":[0,0,3,1],"texture":"#3"},"east":{"uv":[0,0,1,1],"texture":"#3"},"south":{"uv":[0,0,3,1],"texture":"#3"},"west":{"uv":[0,0,1,1],"texture":"#3"},"up":{"uv":[0,0,3,1],"texture":"#3"},"down":{"uv":[0,0,3,1],"texture":"#3"}}},{"name":"Cube","from":[7.3,10.5,7],"to":[10.3,11.5,8],"rotation":{"angle":-45,"axis":"x","origin":[8,8,8]},"faces":{"north":{"uv":[0,0,3,1],"texture":"#3"},"east":{"uv":[0,0,1,1],"texture":"#3"},"south":{"uv":[0,0,3,1],"texture":"#3"},"west":{"uv":[0,0,1,1],"texture":"#3"},"up":{"uv":[0,0,3,1],"texture":"#3"},"down":{"uv":[0,0,3,1],"texture":"#3"}}},{"name":"Cube","from":[7.3,7.9,5.8],"to":[10.3,8.9,6.8],"rotation":{"angle":22.5,"axis":"x","origin":[8,8,8]},"faces":{"north":{"uv":[0,0,3,1],"texture":"#3"},"east":{"uv":[0,0,1,1],"texture":"#3"},"south":{"uv":[0,0,3,1],"texture":"#3"},"west":{"uv":[0,0,1,1],"texture":"#3"},"up":{"uv":[0,0,3,1],"texture":"#3"},"down":{"uv":[0,0,3,1],"texture":"#3"}}},{"name":"Cube","from":[7.3,8.2,7.4],"to":[10.3,9.2,8.4],"faces":{"north":{"uv":[0,0,3,1],"texture":"#3"},"east":{"uv":[0,0,1,1],"texture":"#3"},"south":{"uv":[0,0,3,1],"texture":"#3"},"west":{"uv":[0,0,1,1],"texture":"#3"},"up":{"uv":[0,0,3,1],"texture":"#3"},"down":{"uv":[0,0,3,1],"texture":"#3"}}},{"name":"Cube","from":[7.3,8.1,8.8],"to":[10.3,9.1,9.8],"faces":{"north":{"uv":[0,0,3,1],"texture":"#3"},"east":{"uv":[0,0,1,1],"texture":"#3"},"south":{"uv":[0,0,3,1],"texture":"#3"},"west":{"uv":[0,0,1,1],"texture":"#3"},"up":{"uv":[0,0,3,1],"texture":"#3"},"down":{"uv":[0,0,3,1],"texture":"#3"}}},{"name":"Cube","from":[7.3,8.1,10.2],"to":[10.3,9.1,11.2],"faces":{"north":{"uv":[0,0,3,1],"texture":"#3"},"east":{"uv":[0,0,1,1],"texture":"#3"},"south":{"uv":[0,0,3,1],"texture":"#3"},"west":{"uv":[0,0,1,1],"texture":"#3"},"up":{"uv":[0,0,3,1],"texture":"#3"},"down":{"uv":[0,0,3,1],"texture":"#3"}}},{"name":"Cube","from":[10.3,4,11.2],"to":[11.3,19,12.2],"rotation":{"angle":22.5,"axis":"y","origin":[8,8,8]},"faces":{"north":{"uv":[0,0,1,15],"texture":"#6"},"east":{"uv":[0,0,1,15],"texture":"#6"},"south":{"uv":[0,0,1,15],"texture":"#6"},"west":{"uv":[0,0,1,15],"texture":"#6"},"up":{"uv":[0,0,1,1],"texture":"#6"},"down":{"uv":[0,0,1,1],"texture":"#6"}}},{"name":"Cube","from":[9.3,19,10.2],"to":[12.3,20,13.2],"rotation":{"angle":22.5,"axis":"y","origin":[8,8,8]},"faces":{"north":{"uv":[0,0,3,1],"texture":"#7"},"east":{"uv":[0,0,3,1],"texture":"#7"},"south":{"uv":[0,0,3,1],"texture":"#7"},"west":{"uv":[0,0,3,1],"texture":"#7"},"up":{"uv":[0,0,3,3],"texture":"#7"},"down":{"uv":[0,0,3,3],"texture":"#7"}}},{"name":"Cube","from":[9.3,25,10.2],"to":[12.3,26,13.2],"rotation":{"angle":22.5,"axis":"y","origin":[8,8,8]},"faces":{"north":{"uv":[0,0,3,1],"texture":"#7"},"east":{"uv":[0,0,3,1],"texture":"#7"},"south":{"uv":[0,0,3,1],"texture":"#7"},"west":{"uv":[0,0,3,1],"texture":"#7"},"up":{"uv":[0,0,3,3],"texture":"#7"},"down":{"uv":[0,0,3,3],"texture":"#7"}}},{"name":"Cube","from":[9.8,26,10.7],"to":[11.8,26.6,12.7],"rotation":{"angle":22.5,"axis":"y","origin":[8,8,8]},"faces":{"north":{"uv":[0,0,2,0.6],"texture":"#7"},"east":{"uv":[0,0,2,0.6],"texture":"#7"},"south":{"uv":[0,0,2,0.6],"texture":"#7"},"west":{"uv":[0,0,2,0.6],"texture":"#7"},"up":{"uv":[0,0,2,2],"texture":"#7"},"down":{"uv":[0,0,2,2],"texture":"#7"}}},{"name":"Cube","from":[10.3,26.6,11.2],"to":[11.3,27.2,12.2],"rotation":{"angle":22.5,"axis":"y","origin":[8,8,8]},"faces":{"north":{"uv":[0,0,1,0.6],"texture":"#7"},"east":{"uv":[0,0,1,0.6],"texture":"#7"},"south":{"uv":[0,0,1,0.6],"texture":"#7"},"west":{"uv":[0,0,1,0.6],"texture":"#7"},"up":{"uv":[0,0,1,1],"texture":"#7"},"down":{"uv":[0,0,1,1],"texture":"#7"}}},{"name":"Cube","from":[9.5,20,10.4],"to":[12.1,25,13],"rotation":{"angle":22.5,"axis":"y","origin":[8,8,8]},"faces":{"north":{"uv":[0,0,2.6,5],"texture":"#8"},"east":{"uv":[0,0,2.6,5],"texture":"#8"},"south":{"uv":[0,0,2.6,5],"texture":"#8"},"west":{"uv":[0,0,2.6,5],"texture":"#8"},"up":{"uv":[0,0,2.6,2.6],"texture":"#8"},"down":{"uv":[0,0,2.6,2.6],"texture":"#8"}}},{"name":"Cube","from":[1.9,3.3,4.4],"to":[2,10.3,11.4],"faces":{"north":{"uv":[0,0,0.1,7],"texture":"#0"},"east":{"uv":[0,0,7,7],"texture":"#0"},"south":{"uv":[0,0,0.1,7],"texture":"#0"},"west":{"uv":[0,0,16,16],"texture":"#0"},"up":{"uv":[0,0,0.1,7],"texture":"#0"},"down":{"uv":[0,0,0.1,7],"texture":"#0"}}}],"display":{"gui":{"rotation":[30,135,0],"translation":[0,-1.55,0],"scale":[0.45,0.45,0.45]},"head":{"rotation":[0,270,0],"translation":[0,13,0],"scale":[1.2,1.2,1.2]}},"credit":"Model by Craftventure"}