{"textures":{"0":"block/black_concrete_powder","1":"block/red_mushroom_block","2":"block/black_concrete","3":"block/tube_coral_block","6":"block/brain_coral_block","7":"block/white_concrete","particle":"block/black_concrete_powder"},"elements":[{"from":[0.25,0,0.25],"to":[15.75,2.5,15.75],"faces":{"north":{"uv":[0,0,16,2.5],"texture":"#0"},"east":{"uv":[0,0,16,2.5],"texture":"#0"},"south":{"uv":[0,0,16,2.5],"texture":"#0"},"west":{"uv":[0,0,16,2.5],"texture":"#0"},"up":{"uv":[0,0,16,16],"texture":"#0"},"down":{"uv":[0,0,16,16],"texture":"#0"}}},{"from":[4.98125,17.224,6.28125],"to":[11.01875,18.16736,12.31875],"rotation":{"angle":22.5,"axis":"x","origin":[8,18.81914,9.3]},"faces":{"north":{"uv":[0,0,16,2.5],"texture":"#0"},"east":{"uv":[0,0,16,2.5],"texture":"#0"},"south":{"uv":[0,0,16,2.5],"texture":"#0"},"west":{"uv":[0,0,16,2.5],"texture":"#0"},"up":{"uv":[0,0,16,16],"texture":"#0"},"down":{"uv":[0,0,16,16],"texture":"#0"}}},{"from":[1.75,3,1.75],"to":[14.25,4,14.25],"rotation":{"angle":0,"axis":"y","origin":[8,11,8]},"faces":{"north":{"uv":[0,0,12.5,1],"texture":"#1"},"east":{"uv":[0,0,12.5,1],"texture":"#1"},"south":{"uv":[0,0,12.5,1],"texture":"#1"},"west":{"uv":[0,0,12.5,1],"texture":"#1"},"up":{"uv":[0,0,15.5,2.5],"texture":"#1"},"down":{"uv":[0,0,15.5,2.5],"texture":"#1"}}},{"from":[5.6416,18.35603,6.9416],"to":[10.3584,18.73338,11.6584],"rotation":{"angle":22.5,"axis":"x","origin":[8,18.81914,9.3]},"faces":{"north":{"uv":[8,0,9,1],"texture":"#6"},"east":{"uv":[8,0,9,1],"texture":"#6"},"south":{"uv":[8,0,9,1],"texture":"#6"},"west":{"uv":[8,0,9,1],"texture":"#6"},"up":{"uv":[8,0,9,1],"texture":"#6"},"down":{"uv":[8,0,9,1],"texture":"#6"}}},{"from":[1.75,4.5,1.75],"to":[14.25,5.5,14.25],"rotation":{"angle":0,"axis":"y","origin":[8,12.5,8]},"faces":{"north":{"uv":[0,0,12.5,1],"texture":"#1"},"east":{"uv":[0,0,12.5,1],"texture":"#1"},"south":{"uv":[0,0,12.5,1],"texture":"#1"},"west":{"uv":[0,0,12.5,1],"texture":"#1"},"up":{"uv":[0,0,15.5,2.5],"texture":"#1"},"down":{"uv":[0,0,15.5,2.5],"texture":"#1"}}},{"from":[5.6416,18.92205,6.9416],"to":[10.3584,19.29939,11.6584],"rotation":{"angle":22.5,"axis":"x","origin":[8,18.81914,9.3]},"faces":{"north":{"uv":[8,0,9,1],"texture":"#6"},"east":{"uv":[8,0,9,1],"texture":"#6"},"south":{"uv":[8,0,9,1],"texture":"#6"},"west":{"uv":[8,0,9,1],"texture":"#6"},"up":{"uv":[8,0,9,1],"texture":"#6"},"down":{"uv":[8,0,9,1],"texture":"#6"}}},{"from":[2,2,2],"to":[13,10.5,14],"rotation":{"angle":0,"axis":"y","origin":[8,10,8]},"faces":{"north":{"uv":[0,0,12,11],"texture":"#0"},"east":{"uv":[0,0,12,11],"texture":"#0"},"south":{"uv":[0,0,12,11],"texture":"#0"},"west":{"uv":[0,0,12,11],"texture":"#0"},"up":{"uv":[0,0,12,12],"texture":"#2"},"down":{"uv":[0,0,12,12],"texture":"#0"}}},{"from":[5.73594,17.97869,7.03594],"to":[10.26406,21.87219,11.56406],"rotation":{"angle":22.5,"axis":"x","origin":[8,18.81914,9.3]},"faces":{"north":{"uv":[0,0,12,11],"texture":"#0"},"east":{"uv":[0,0,12,11],"texture":"#0"},"south":{"uv":[0,0,12,11],"texture":"#0"},"west":{"uv":[0,0,12,11],"texture":"#0"},"up":{"uv":[0,0,12,12],"texture":"#0"},"down":{"uv":[0,0,12,12],"texture":"#0"}}},{"from":[2,10.5,2],"to":[3,13,14],"rotation":{"angle":0,"axis":"y","origin":[8,20.5,8]},"faces":{"north":{"uv":[0,0,1,2.5],"texture":"#0"},"east":{"uv":[0,0,12,2.5],"texture":"#2"},"south":{"uv":[0,0,1,2.5],"texture":"#0"},"west":{"uv":[0,0,12,2.5],"texture":"#0"},"up":{"uv":[0,0,1,12],"texture":"#0"},"down":{"uv":[0,0,1,12],"texture":"#0"}}},{"from":[13,2.45,7.5],"to":[14,13,14],"rotation":{"angle":0,"axis":"y","origin":[19,20.5,8]},"faces":{"north":{"uv":[0,0,1,10.55],"texture":"#0"},"east":{"uv":[0,0,6.5,10.55],"texture":"#0"},"south":{"uv":[0,0,1,10.55],"texture":"#0"},"west":{"uv":[0,0,6.5,10.55],"texture":"#2"},"up":{"uv":[0,0,1,6.5],"texture":"#0"},"down":{"uv":[0,0,1,6.5],"texture":"#0"}}},{"from":[13,2.45,2],"to":[14,13,5],"rotation":{"angle":0,"axis":"y","origin":[19,20.5,2.3]},"faces":{"north":{"uv":[0,0,1,10.55],"texture":"#0"},"east":{"uv":[0,0,3,10.55],"texture":"#0"},"south":{"uv":[0,0,1,10.55],"texture":"#0"},"west":{"uv":[0,0,3,10.55],"texture":"#2"},"up":{"uv":[0,0,1,3],"texture":"#0"},"down":{"uv":[0,0,1,3],"texture":"#0"}}},{"from":[13,12.325,5],"to":[14,13,7.5],"rotation":{"angle":0,"axis":"y","origin":[19,20.5,4.9]},"faces":{"north":{"uv":[0,0,1,0.675],"texture":"#0"},"east":{"uv":[0,0,2.5,0.675],"texture":"#0"},"south":{"uv":[0,0,1,0.675],"texture":"#0"},"west":{"uv":[0,0,2.5,0.675],"texture":"#2"},"up":{"uv":[0,0,1,2.5],"texture":"#0"},"down":{"uv":[0,0,1,2.5],"texture":"#0"}}},{"from":[13,2.425,5],"to":[14,9.575,7.5],"rotation":{"angle":0,"axis":"y","origin":[19,17.075,4.9]},"faces":{"north":{"uv":[0,0,1,7.15],"texture":"#0"},"east":{"uv":[0,0,2.5,7.15],"texture":"#0"},"south":{"uv":[0,0,1,7.15],"texture":"#0"},"west":{"uv":[0,0,2.5,7.15],"texture":"#2"},"up":{"uv":[0,0,1,2.5],"texture":"#0"},"down":{"uv":[0,0,1,2.5],"texture":"#0"}}},{"from":[3,10.5,2],"to":[13,13,3],"rotation":{"angle":0,"axis":"y","origin":[9,12.75,2.5]},"faces":{"north":{"uv":[0,0,10,2.5],"texture":"#0"},"east":{"uv":[0,0,1,2.5],"texture":"#0"},"south":{"uv":[0,0,10,2.5],"texture":"#2"},"west":{"uv":[0,0,1,2.5],"texture":"#0"},"up":{"uv":[0,0,1,10],"rotation":270,"texture":"#0"},"down":{"uv":[0,0,1,10],"rotation":90,"texture":"#0"}}},{"from":[3,10.5,13],"to":[13,13,14],"rotation":{"angle":0,"axis":"y","origin":[9,12.75,13.5]},"faces":{"north":{"uv":[0,0,10,2.5],"texture":"#2"},"east":{"uv":[0,0,1,2.5],"texture":"#0"},"south":{"uv":[0,0,10,2.5],"texture":"#0"},"west":{"uv":[0,0,1,2.5],"texture":"#0"},"up":{"uv":[0,0,1,10],"rotation":270,"texture":"#0"},"down":{"uv":[0,0,1,10],"rotation":90,"texture":"#0"}}},{"from":[5.5615,12.21579,9.45408],"to":[7.8385,14.49279,12.26238],"rotation":{"angle":-45,"axis":"x","origin":[6.96472,13.46734,10.82391]},"faces":{"north":{"uv":[0,0,6,6],"texture":"#3"},"east":{"uv":[0,0,9.25,7.5],"texture":"#3"},"south":{"uv":[0,0,6,6],"texture":"#3"},"west":{"uv":[6,0,15.25,7.5],"texture":"#3"},"up":{"uv":[0,0,7.5,9.25],"texture":"#3"},"down":{"uv":[0,5,7.5,14.25],"texture":"#6"}}},{"from":[3.45125,11.86579,5.14569],"to":[6.25955,14.14279,7.42269],"rotation":{"angle":-45,"axis":"z","origin":[4.88972,13.11734,6.54891]},"faces":{"north":{"uv":[6,0,15.25,7.5],"texture":"#3"},"east":{"uv":[0,0,6,6],"texture":"#3"},"south":{"uv":[0,0,9.25,7.5],"texture":"#3"},"west":{"uv":[0,0,6,6],"texture":"#3"},"up":{"uv":[0,0,7.5,9.25],"rotation":90,"texture":"#3"},"down":{"uv":[0,5,7.5,14.25],"rotation":270,"texture":"#6"}}},{"from":[10.07282,10.17317,5.03764],"to":[12.88112,12.45017,7.31464],"rotation":{"angle":0,"axis":"z","origin":[11.47697,11.31167,6.17614]},"faces":{"north":{"uv":[0,0,9.25,7.5],"texture":"#3"},"east":{"uv":[0,0,6,6],"texture":"#3"},"south":{"uv":[6,0,15.25,7.5],"texture":"#3"},"west":{"uv":[0,0,6,6],"texture":"#3"},"up":{"uv":[0,0,7.5,9.25],"rotation":270,"texture":"#3"},"down":{"uv":[0,5,7.5,14.25],"rotation":90,"texture":"#6"}}},{"from":[5.23847,9.47317,2.54699],"to":[7.51547,11.75017,5.35529],"rotation":{"angle":0,"axis":"z","origin":[6.37697,10.61167,3.95114]},"faces":{"north":{"uv":[0,0,6,6],"texture":"#3"},"east":{"uv":[6,0,15.25,7.5],"texture":"#3"},"south":{"uv":[0,0,6,6],"texture":"#3"},"west":{"uv":[0,0,9.25,7.5],"texture":"#3"},"up":{"uv":[0,0,7.5,9.25],"rotation":180,"texture":"#3"},"down":{"uv":[0,5,7.5,14.25],"rotation":180,"texture":"#6"}}},{"from":[8.0615,12.21579,3.73762],"to":[10.3385,14.49279,6.54592],"rotation":{"angle":45,"axis":"x","origin":[8.93528,13.46734,5.17609]},"faces":{"north":{"uv":[0,0,6,6],"texture":"#3"},"east":{"uv":[6,0,15.25,7.5],"texture":"#3"},"south":{"uv":[0,0,6,6],"texture":"#3"},"west":{"uv":[0,0,9.25,7.5],"texture":"#3"},"up":{"uv":[7.5,9.25,0,0],"texture":"#3"},"down":{"uv":[7.5,14.25,0,5],"texture":"#6"}}},{"from":[5.44613,12.84612,9.17525],"to":[10.55387,17.54567,10.58299],"rotation":{"angle":0,"axis":"x","origin":[8,15.9959,7.02912]},"faces":{"north":{"uv":[0,0,5.10774,4.69955],"rotation":180,"texture":"#3"},"east":{"uv":[0,0,4.69955,1.40774],"rotation":90,"texture":"#3"},"south":{"uv":[0,5,5.10774,9.69955],"texture":"#3"},"west":{"uv":[6,0,10.69955,1.40774],"rotation":270,"texture":"#3"},"up":{"uv":[0,0,5.10774,1.40774],"texture":"#3"},"down":{"uv":[0,0,5.10774,1.40774],"rotation":180,"texture":"#3"}}},{"from":[5.44613,12.84612,5.47525],"to":[10.55387,18.14567,9.18299],"rotation":{"angle":0,"axis":"x","origin":[8,15.9959,7.02912]},"faces":{"north":{"uv":[0,0,5.10774,5.29955],"rotation":180,"texture":"#3"},"east":{"uv":[0,0,5.29955,3.70774],"rotation":90,"texture":"#3"},"south":{"uv":[0,5,5.10774,10.29955],"texture":"#3"},"west":{"uv":[6,0,11.29955,3.70774],"rotation":270,"texture":"#3"},"up":{"uv":[0,0,5.10774,3.70774],"texture":"#3"},"down":{"uv":[0,0,5.10774,3.70774],"rotation":180,"texture":"#3"}}},{"from":[4.94613,10.14612,4.97525],"to":[11.05387,13.64567,11.08299],"rotation":{"angle":0,"axis":"x","origin":[8,13.2959,7.02912]},"faces":{"north":{"uv":[0,0,7.5,9.25],"rotation":180,"texture":"#3"},"east":{"uv":[0,0,9.25,7.5],"rotation":90,"texture":"#3"},"south":{"uv":[0,5,7.5,14.25],"texture":"#3"},"west":{"uv":[6,0,15.25,7.5],"rotation":270,"texture":"#3"},"up":{"uv":[0,0,6,6],"texture":"#3"},"down":{"uv":[0,0,6,6],"rotation":180,"texture":"#3"}}},{"from":[6.1687,10.05027,22.34358],"to":[7.2313,12.17547,23.40618],"rotation":{"angle":45,"axis":"x","origin":[6.7,16.024,16.5995]},"faces":{"north":{"uv":[8,3,11.5,10],"rotation":180,"texture":"#6"},"east":{"uv":[9,12,16,15.5],"rotation":270,"texture":"#3"},"south":{"uv":[9,0,12.5,7],"texture":"#3"},"west":{"uv":[9,8,16,11.5],"rotation":90,"texture":"#3"},"up":{"uv":[0,0,6,6],"rotation":180,"texture":"#3"},"down":{"uv":[0,0,3.5,3.5],"texture":"#3"}}},{"from":[-1.56314,8.25764,5.75289],"to":[0.56206,9.32024,6.81549],"rotation":{"angle":-22.5,"axis":"z","origin":[-0.50054,8.78894,6.28419]},"faces":{"north":{"uv":[9,8,16,11.5],"rotation":180,"texture":"#3"},"east":{"uv":[0,0,3.5,3.5],"rotation":180,"texture":"#3"},"south":{"uv":[9,12,16,15.5],"rotation":180,"texture":"#3"},"west":{"uv":[0,0,6,6],"rotation":180,"texture":"#3"},"up":{"uv":[8,3,11.5,10],"rotation":90,"texture":"#6"},"down":{"uv":[9,0,12.5,7],"rotation":270,"texture":"#3"}}},{"from":[6.0928,10.79547,19.54218],"to":[7.3072,12.92067,20.75658],"rotation":{"angle":22.5,"axis":"x","origin":[6.7,14.644,13.874]},"faces":{"north":{"uv":[0,7,4,14],"rotation":180,"texture":"#6"},"east":{"uv":[0,5,7,9],"rotation":270,"texture":"#3"},"south":{"uv":[12,0,16,7],"texture":"#3"},"west":{"uv":[9,12,16,16],"rotation":90,"texture":"#3"},"up":{"uv":[0,0,6,6],"rotation":180,"texture":"#3"},"down":{"uv":[0,0,6,6],"texture":"#3"}}},{"from":[-6.34295,12.12047,5.67699],"to":[-5.12855,14.24567,6.89139],"rotation":{"angle":45,"axis":"z","origin":[0.53963,15.969,6.28419]},"faces":{"north":{"uv":[9,12,16,16],"rotation":90,"texture":"#3"},"east":{"uv":[0,7,4,14],"rotation":180,"texture":"#6"},"south":{"uv":[0,5,7,9],"rotation":270,"texture":"#3"},"west":{"uv":[12,0,16,7],"texture":"#3"},"up":{"uv":[0,0,6,6],"rotation":270,"texture":"#3"},"down":{"uv":[0,0,6,6],"rotation":270,"texture":"#3"}}},{"from":[6.0169,10.28657,18.21828],"to":[7.3831,12.41177,19.58448],"rotation":{"angle":22.5,"axis":"x","origin":[6.7,10.36247,18.90138]},"faces":{"north":{"uv":[11,9,15.5,16],"rotation":180,"texture":"#6"},"east":{"uv":[3,5,10,9.5],"rotation":270,"texture":"#3"},"south":{"uv":[0,9,4.5,16],"texture":"#3"},"west":{"uv":[3,11,10,15.5],"rotation":90,"texture":"#3"},"up":{"uv":[0,0,6,6],"rotation":180,"texture":"#3"},"down":{"uv":[0,0,6,6],"texture":"#3"}}},{"from":[-3.27085,10.03657,5.60109],"to":[-1.90465,12.16177,6.96729],"rotation":{"angle":22.5,"axis":"z","origin":[-2.58775,10.11247,6.28419]},"faces":{"north":{"uv":[3,11,10,15.5],"rotation":90,"texture":"#3"},"east":{"uv":[11,9,15.5,16],"rotation":180,"texture":"#6"},"south":{"uv":[3,5,10,9.5],"rotation":270,"texture":"#3"},"west":{"uv":[0,9,4.5,16],"texture":"#3"},"up":{"uv":[0,0,6,6],"rotation":270,"texture":"#3"},"down":{"uv":[0,0,6,6],"rotation":270,"texture":"#3"}}},{"from":[5.941,11.11483,17.51939],"to":[7.459,13.84723,19.03739],"rotation":{"angle":-22.5,"axis":"x","origin":[6.7,14.87155,17.55386]},"faces":{"north":{"uv":[5,3,10,12],"rotation":180,"texture":"#6"},"east":{"uv":[7,0,16,5],"rotation":270,"texture":"#3"},"south":{"uv":[0,0,5,9],"texture":"#3"},"west":{"uv":[5,6,14,11],"rotation":90,"texture":"#3"},"up":{"uv":[0,0,6,6],"rotation":180,"texture":"#3"},"down":{"uv":[0,0,6,6],"texture":"#3"}}},{"from":[-2.72376,10.86483,5.52519],"to":[-1.20576,13.59723,7.04319],"rotation":{"angle":-22.5,"axis":"z","origin":[-1.24023,14.62155,6.28419]},"faces":{"north":{"uv":[5,6,14,11],"rotation":90,"texture":"#3"},"east":{"uv":[5,3,10,12],"rotation":180,"texture":"#6"},"south":{"uv":[7,0,16,5],"rotation":270,"texture":"#3"},"west":{"uv":[0,0,5,9],"texture":"#3"},"up":{"uv":[0,0,6,6],"rotation":270,"texture":"#3"},"down":{"uv":[0,0,6,6],"rotation":270,"texture":"#3"}}},{"from":[5.7892,13.67725,16.42007],"to":[7.6108,15.49885,19.15247],"rotation":{"angle":22.5,"axis":"x","origin":[6.7,14.37155,17.47886]},"faces":{"north":{"uv":[0,0,6,6],"texture":"#3"},"east":{"uv":[7,10,16,16],"texture":"#3"},"south":{"uv":[0,0,6,6],"texture":"#3"},"west":{"uv":[3,4,12,10],"texture":"#3"},"up":{"uv":[6,0,12,9],"texture":"#3"},"down":{"uv":[4,7,10,16],"texture":"#6"}}},{"from":[-2.83884,13.42725,5.37339],"to":[-0.10644,15.24885,7.19499],"rotation":{"angle":22.5,"axis":"z","origin":[-1.16523,14.12155,6.28419]},"faces":{"north":{"uv":[3,4,12,10],"texture":"#3"},"east":{"uv":[0,0,6,6],"texture":"#3"},"south":{"uv":[7,10,16,16],"texture":"#3"},"west":{"uv":[0,0,6,6],"texture":"#3"},"up":{"uv":[6,0,12,9],"rotation":90,"texture":"#3"},"down":{"uv":[4,7,10,16],"rotation":270,"texture":"#6"}}},{"from":[5.54373,6.52749,1.06084],"to":[7.16533,8.65989,2.68244],"rotation":{"angle":22.5,"axis":"x","origin":[6.35453,10.67797,3.25567]},"faces":{"north":{"uv":[6,0,12,9],"texture":"#3"},"east":{"uv":[3,4,12,10],"rotation":90,"texture":"#3"},"south":{"uv":[4,7,10,16],"rotation":180,"texture":"#6"},"west":{"uv":[7,10,16,16],"rotation":270,"texture":"#3"},"up":{"uv":[0,0,6,6],"texture":"#3"},"down":{"uv":[0,0,6,6],"rotation":180,"texture":"#3"}}},{"from":[14.42323,6.42749,5.36534],"to":[16.04483,8.55989,6.98694],"rotation":{"angle":22.5,"axis":"z","origin":[13.85,10.57797,6.17614]},"faces":{"north":{"uv":[7,10,16,16],"rotation":270,"texture":"#3"},"east":{"uv":[6,0,12,9],"texture":"#3"},"south":{"uv":[3,4,12,10],"rotation":90,"texture":"#3"},"west":{"uv":[4,7,10,16],"rotation":180,"texture":"#6"},"up":{"uv":[0,0,6,6],"rotation":90,"texture":"#3"},"down":{"uv":[0,0,6,6],"rotation":90,"texture":"#3"}}},{"from":[9.26313,4.82749,15.12544],"to":[10.88473,6.95989,16.74704],"rotation":{"angle":-22.5,"axis":"x","origin":[10.07393,8.97797,14.55221]},"faces":{"north":{"uv":[4,7,10,16],"rotation":180,"texture":"#6"},"east":{"uv":[7,10,16,16],"rotation":270,"texture":"#3"},"south":{"uv":[6,0,12,9],"texture":"#3"},"west":{"uv":[3,4,12,10],"rotation":90,"texture":"#3"},"up":{"uv":[0,0,6,6],"rotation":180,"texture":"#3"},"down":{"uv":[0,0,6,6],"texture":"#3"}}},{"from":[5.74373,6.20249,-0.71416],"to":[6.96533,7.85989,0.70744],"rotation":{"angle":45,"axis":"x","origin":[6.35453,7.03119,-0.00336]},"faces":{"north":{"uv":[6,0,12,9],"texture":"#3"},"east":{"uv":[3,4,12,10],"rotation":90,"texture":"#3"},"south":{"uv":[4,7,10,16],"rotation":180,"texture":"#6"},"west":{"uv":[7,10,16,16],"rotation":270,"texture":"#3"},"up":{"uv":[0,0,6,6],"texture":"#3"},"down":{"uv":[0,0,6,6],"rotation":180,"texture":"#3"}}},{"from":[15.87323,5.95249,5.56534],"to":[17.29483,7.60989,6.78694],"rotation":{"angle":0,"axis":"z","origin":[15.3,9.62797,6.17614]},"faces":{"north":{"uv":[7,10,16,16],"rotation":270,"texture":"#3"},"east":{"uv":[6,0,12,9],"texture":"#3"},"south":{"uv":[3,4,12,10],"rotation":90,"texture":"#3"},"west":{"uv":[4,7,10,16],"rotation":180,"texture":"#6"},"up":{"uv":[0,0,6,6],"rotation":90,"texture":"#3"},"down":{"uv":[0,0,6,6],"rotation":90,"texture":"#3"}}},{"from":[9.46313,4.35249,16.97544],"to":[10.68473,6.00989,18.39704],"rotation":{"angle":-22.5,"axis":"x","origin":[10.07393,5.18119,17.68624]},"faces":{"north":{"uv":[4,7,10,16],"rotation":180,"texture":"#6"},"east":{"uv":[7,10,16,16],"rotation":270,"texture":"#3"},"south":{"uv":[6,0,12,9],"texture":"#3"},"west":{"uv":[3,4,12,10],"rotation":90,"texture":"#3"},"up":{"uv":[0,0,6,6],"rotation":180,"texture":"#3"},"down":{"uv":[0,0,6,6],"texture":"#3"}}},{"from":[5.84373,5.68504,-1.91742],"to":[6.86533,6.80664,-0.26002],"rotation":{"angle":-22.5,"axis":"x","origin":[6.35453,6.24584,-1.08872]},"faces":{"north":{"uv":[0,0,6,6],"texture":"#3"},"east":{"uv":[3,4,12,10],"texture":"#3"},"south":{"uv":[0,0,6,6],"texture":"#3"},"west":{"uv":[7,10,16,16],"texture":"#3"},"up":{"uv":[6,0,12,9],"rotation":180,"texture":"#3"},"down":{"uv":[4,7,10,16],"rotation":180,"texture":"#6"}}},{"from":[6.04373,5.48504,-2.91742],"to":[6.66533,6.40664,-1.58502],"rotation":{"angle":0,"axis":"x","origin":[6.35453,6.04584,-2.41372]},"faces":{"north":{"uv":[0,0,6,6],"texture":"#3"},"east":{"uv":[3,4,12,10],"texture":"#3"},"south":{"uv":[0,0,6,6],"texture":"#3"},"west":{"uv":[7,10,16,16],"texture":"#3"},"up":{"uv":[6,0,12,9],"rotation":180,"texture":"#3"},"down":{"uv":[4,7,10,16],"rotation":180,"texture":"#6"}}},{"from":[15.54823,5.05249,5.66534],"to":[16.66983,6.70989,6.68694],"rotation":{"angle":-45,"axis":"z","origin":[16.05903,5.88119,6.17614]},"faces":{"north":{"uv":[7,10,16,16],"rotation":270,"texture":"#3"},"east":{"uv":[6,0,12,9],"texture":"#3"},"south":{"uv":[3,4,12,10],"rotation":90,"texture":"#3"},"west":{"uv":[4,7,10,16],"rotation":180,"texture":"#6"},"up":{"uv":[0,0,6,6],"rotation":90,"texture":"#3"},"down":{"uv":[0,0,6,6],"rotation":90,"texture":"#3"}}},{"from":[9.56313,3.32749,17.17544],"to":[10.58473,4.98489,18.29704],"rotation":{"angle":22.5,"axis":"x","origin":[10.07393,4.15619,17.68624]},"faces":{"north":{"uv":[4,7,10,16],"rotation":180,"texture":"#6"},"east":{"uv":[7,10,16,16],"rotation":270,"texture":"#3"},"south":{"uv":[6,0,12,9],"texture":"#3"},"west":{"uv":[3,4,12,10],"rotation":90,"texture":"#3"},"up":{"uv":[0,0,6,6],"rotation":180,"texture":"#3"},"down":{"uv":[0,0,6,6],"texture":"#3"}}},{"from":[9.66313,2.67749,16.45044],"to":[10.48473,3.93489,17.37204],"rotation":{"angle":45,"axis":"x","origin":[10.07393,3.10619,16.96124]},"faces":{"north":{"uv":[4,7,10,16],"rotation":180,"texture":"#6"},"east":{"uv":[7,10,16,16],"rotation":270,"texture":"#3"},"south":{"uv":[6,0,12,9],"texture":"#3"},"west":{"uv":[3,4,12,10],"rotation":90,"texture":"#3"},"up":{"uv":[0,0,6,6],"rotation":180,"texture":"#3"},"down":{"uv":[0,0,6,6],"texture":"#3"}}},{"from":[5.7133,14.02619,13.38407],"to":[7.6867,15.99959,17.02727],"rotation":{"angle":0,"axis":"y","origin":[6.7,12.56,15.004]},"faces":{"north":{"uv":[0,0,6,6],"texture":"#3"},"east":{"uv":[0,7,12,13.5],"texture":"#3"},"south":{"uv":[0,0,6,6],"texture":"#3"},"west":{"uv":[0,9,12,15.5],"texture":"#3"},"up":{"uv":[0,4,6.5,16],"texture":"#3"},"down":{"uv":[6,0,12.5,12],"texture":"#6"}}},{"from":[-0.81364,13.67619,5.29749],"to":[2.32956,15.64959,7.27089],"rotation":{"angle":0,"axis":"y","origin":[0.70963,12.21,6.28419]},"faces":{"north":{"uv":[0,9,12,15.5],"texture":"#3"},"east":{"uv":[0,0,6,6],"texture":"#3"},"south":{"uv":[0,7,12,13.5],"texture":"#3"},"west":{"uv":[0,0,6,6],"texture":"#3"},"up":{"uv":[0,4,6.5,16],"rotation":90,"texture":"#3"},"down":{"uv":[6,0,12.5,12],"rotation":270,"texture":"#6"}}},{"from":[5.46783,8.82619,0.70454],"to":[7.24123,10.69959,3.34774],"rotation":{"angle":-45,"axis":"x","origin":[6.35453,9.71289,1.75114]},"faces":{"north":{"uv":[0,0,6,6],"texture":"#3"},"east":{"uv":[0,9,12,15.5],"texture":"#3"},"south":{"uv":[0,0,6,6],"texture":"#3"},"west":{"uv":[0,7,12,13.5],"texture":"#3"},"up":{"uv":[0,4,6.5,16],"rotation":180,"texture":"#3"},"down":{"uv":[6,0,12.5,12],"rotation":180,"texture":"#6"}}},{"from":[13.75793,8.72619,5.28944],"to":[16.40113,10.59959,7.06284],"rotation":{"angle":-45,"axis":"z","origin":[15.35453,9.61289,6.17614]},"faces":{"north":{"uv":[0,7,12,13.5],"texture":"#3"},"east":{"uv":[0,0,6,6],"texture":"#3"},"south":{"uv":[0,9,12,15.5],"texture":"#3"},"west":{"uv":[0,0,6,6],"texture":"#3"},"up":{"uv":[0,4,6.5,16],"rotation":270,"texture":"#3"},"down":{"uv":[6,0,12.5,12],"rotation":90,"texture":"#6"}}},{"from":[9.18723,7.12619,14.46014],"to":[10.96063,8.99959,17.10334],"rotation":{"angle":45,"axis":"x","origin":[10.07393,8.01289,16.05674]},"faces":{"north":{"uv":[0,0,6,6],"texture":"#3"},"east":{"uv":[0,7,12,13.5],"texture":"#3"},"south":{"uv":[0,0,6,6],"texture":"#3"},"west":{"uv":[0,9,12,15.5],"texture":"#3"},"up":{"uv":[0,4,6.5,16],"texture":"#3"},"down":{"uv":[6,0,12.5,12],"texture":"#6"}}},{"from":[8.2133,14.97619,0.18407],"to":[10.1867,16.94959,3.42727],"rotation":{"angle":45,"axis":"x","origin":[9.2,15.96289,1.60567]},"faces":{"north":{"uv":[0,0,6,6],"texture":"#3"},"east":{"uv":[0,7,12,13.5],"texture":"#3"},"south":{"uv":[0,0,6,6],"texture":"#3"},"west":{"uv":[0,9,12,15.5],"texture":"#3"},"up":{"uv":[0,4,6.5,16],"texture":"#3"},"down":{"uv":[6,0,12.5,12],"texture":"#6"}}},{"from":[12.6284,9.40119,9.51897],"to":[15.8716,11.37459,11.49237],"rotation":{"angle":45,"axis":"z","origin":[14.45,10.38789,10.50567]},"faces":{"north":{"uv":[0,9,12,15.5],"texture":"#3"},"east":{"uv":[0,0,6,6],"texture":"#3"},"south":{"uv":[0,7,12,13.5],"texture":"#3"},"west":{"uv":[0,0,6,6],"texture":"#3"},"up":{"uv":[0,4,6.5,16],"rotation":90,"texture":"#3"},"down":{"uv":[6,0,12.5,12],"rotation":270,"texture":"#6"}}},{"from":[8.3133,16.29129,-0.05603],"to":[10.0867,19.08449,1.71737],"rotation":{"angle":0,"axis":"x","origin":[9.3,18.11289,0.73067]},"faces":{"north":{"uv":[6,0,12.5,12],"rotation":180,"texture":"#6"},"east":{"uv":[0,7,12,13.5],"rotation":270,"texture":"#3"},"south":{"uv":[0,4,6.5,16],"texture":"#3"},"west":{"uv":[0,9,12,15.5],"rotation":90,"texture":"#3"},"up":{"uv":[0,0,6,6],"rotation":180,"texture":"#3"},"down":{"uv":[0,0,6,6],"texture":"#3"}}},{"from":[3.2133,10.09129,8.64397],"to":[4.9867,12.88449,10.41737],"rotation":{"angle":0,"axis":"x","origin":[4,11.91289,9.43067]},"faces":{"north":{"uv":[0,7,12,13.5],"rotation":270,"texture":"#3"},"east":{"uv":[0,4,6.5,16],"texture":"#3"},"south":{"uv":[0,9,12,15.5],"rotation":90,"texture":"#3"},"west":{"uv":[6,0,12.5,12],"rotation":180,"texture":"#6"},"up":{"uv":[0,0,6,6],"rotation":90,"texture":"#3"},"down":{"uv":[0,0,6,6],"rotation":90,"texture":"#3"}}},{"from":[14.3383,10.71629,9.61897],"to":[16.1117,13.50949,11.39237],"rotation":{"angle":0,"axis":"x","origin":[15.325,12.53789,10.60567]},"faces":{"north":{"uv":[0,9,12,15.5],"rotation":90,"texture":"#3"},"east":{"uv":[6,0,12.5,12],"rotation":180,"texture":"#6"},"south":{"uv":[0,7,12,13.5],"rotation":270,"texture":"#3"},"west":{"uv":[0,4,6.5,16],"texture":"#3"},"up":{"uv":[0,0,6,6],"rotation":270,"texture":"#3"},"down":{"uv":[0,0,6,6],"rotation":270,"texture":"#3"}}},{"from":[10.5133,15.49129,6.44397],"to":[10.5867,16.88449,7.51737],"rotation":{"angle":0,"axis":"x","origin":[9.8,16.71289,6.53067]},"faces":{"north":{"uv":[6,0,6.0734,1.3932],"rotation":180,"texture":"#7"},"east":{"uv":[0,7,1.3932,8.0734],"rotation":270,"texture":"#7"},"south":{"uv":[0,4,0.0734,5.3932],"texture":"#7"},"west":{"uv":[0,9,1.3932,10.0734],"rotation":90,"texture":"#7"},"up":{"uv":[0,0,0.0734,1.0734],"rotation":180,"texture":"#7"},"down":{"uv":[0,0,0.0734,1.0734],"texture":"#7"}}},{"from":[10.5883,15.51629,6.81897],"to":[10.6367,16.30949,7.49237],"rotation":{"angle":0,"axis":"x","origin":[9.85,16.73789,6.50567]},"faces":{"north":{"uv":[6,0,6.0734,1.3932],"rotation":180,"texture":"#2"},"east":{"uv":[0,7,1.3932,8.0734],"rotation":270,"texture":"#2"},"south":{"uv":[0,4,0.0734,5.3932],"texture":"#2"},"west":{"uv":[0,9,1.3932,10.0734],"rotation":90,"texture":"#2"},"up":{"uv":[0,0,0.0734,1.0734],"rotation":180,"texture":"#2"},"down":{"uv":[0,0,0.0734,1.0734],"texture":"#2"}}},{"from":[10.5883,15.14129,8.86897],"to":[10.6367,15.93449,9.54237],"rotation":{"angle":0,"axis":"x","origin":[9.85,16.36289,8.55567]},"faces":{"north":{"uv":[6,0,6.0734,1.3932],"rotation":180,"texture":"#2"},"east":{"uv":[0,7,1.3932,8.0734],"rotation":270,"texture":"#2"},"south":{"uv":[0,4,0.0734,5.3932],"texture":"#2"},"west":{"uv":[0,9,1.3932,10.0734],"rotation":90,"texture":"#2"},"up":{"uv":[0,0,0.0734,1.0734],"rotation":180,"texture":"#2"},"down":{"uv":[0,0,0.0734,1.0734],"texture":"#2"}}},{"from":[10.5133,15.11629,8.49397],"to":[10.5867,16.50949,9.56737],"rotation":{"angle":0,"axis":"x","origin":[9.8,16.33789,8.58067]},"faces":{"north":{"uv":[6,0,6.0734,1.3932],"rotation":180,"texture":"#7"},"east":{"uv":[0,7,1.3932,8.0734],"rotation":270,"texture":"#7"},"south":{"uv":[0,4,0.0734,5.3932],"texture":"#7"},"west":{"uv":[0,9,1.3932,10.0734],"rotation":90,"texture":"#7"},"up":{"uv":[0,0,0.0734,1.0734],"rotation":180,"texture":"#7"},"down":{"uv":[0,0,0.0734,1.0734],"texture":"#7"}}},{"from":[8.4133,17.91629,1.06897],"to":[9.9867,20.40949,2.64237],"rotation":{"angle":45,"axis":"x","origin":[9.3,19.73789,1.85567]},"faces":{"north":{"uv":[6,0,12.5,12],"rotation":180,"texture":"#6"},"east":{"uv":[0,7,12,13.5],"rotation":270,"texture":"#3"},"south":{"uv":[0,4,6.5,16],"texture":"#3"},"west":{"uv":[0,9,12,15.5],"rotation":90,"texture":"#3"},"up":{"uv":[0,0,6,6],"rotation":180,"texture":"#3"},"down":{"uv":[0,0,6,6],"texture":"#3"}}},{"from":[2.83171,12.4847,8.74397],"to":[4.40511,14.9779,10.31737],"rotation":{"angle":22.5,"axis":"z","origin":[3.61841,13.7313,9.53067]},"faces":{"north":{"uv":[0,7,12,13.5],"rotation":270,"texture":"#3"},"east":{"uv":[0,4,6.5,16],"texture":"#3"},"south":{"uv":[0,9,12,15.5],"rotation":90,"texture":"#3"},"west":{"uv":[6,0,12.5,12],"rotation":180,"texture":"#6"},"up":{"uv":[0,0,6,6],"rotation":90,"texture":"#3"},"down":{"uv":[0,0,6,6],"rotation":90,"texture":"#3"}}},{"from":[13.4133,12.34129,9.71897],"to":[14.9867,14.83449,11.29237],"rotation":{"angle":45,"axis":"z","origin":[14.2,14.16289,10.60567]},"faces":{"north":{"uv":[0,9,12,15.5],"rotation":90,"texture":"#3"},"east":{"uv":[6,0,12.5,12],"rotation":180,"texture":"#6"},"south":{"uv":[0,7,12,13.5],"rotation":270,"texture":"#3"},"west":{"uv":[0,4,6.5,16],"texture":"#3"},"up":{"uv":[0,0,6,6],"rotation":270,"texture":"#3"},"down":{"uv":[0,0,6,6],"rotation":270,"texture":"#3"}}},{"from":[8.5133,20.15119,1.88407],"to":[9.8867,21.42459,3.97727],"rotation":{"angle":-22.5,"axis":"x","origin":[9.3,20.83789,3.70567]},"faces":{"north":{"uv":[0,0,6,6],"rotation":180,"texture":"#3"},"east":{"uv":[0,7,12,12.5],"rotation":180,"texture":"#3"},"south":{"uv":[0,0,6,6],"rotation":180,"texture":"#3"},"west":{"uv":[0,9,12,15.5],"rotation":180,"texture":"#3"},"up":{"uv":[6,0,12.5,12],"texture":"#6"},"down":{"uv":[0,4,6.5,16],"texture":"#3"}}},{"from":[1.3883,14.09129,8.84397],"to":[2.6617,16.18449,10.21737],"rotation":{"angle":45,"axis":"z","origin":[1.975,15.91289,9.43067]},"faces":{"north":{"uv":[0,7,12,12.5],"rotation":270,"texture":"#3"},"east":{"uv":[0,4,6.5,16],"texture":"#3"},"south":{"uv":[0,9,12,15.5],"rotation":90,"texture":"#3"},"west":{"uv":[6,0,12.5,12],"rotation":180,"texture":"#6"},"up":{"uv":[0,0,6,6],"rotation":90,"texture":"#3"},"down":{"uv":[0,0,6,6],"rotation":90,"texture":"#3"}}},{"from":[12.0784,14.60119,9.81897],"to":[14.1716,15.87459,11.19237],"rotation":{"angle":-22.5,"axis":"z","origin":[12.35,15.28789,10.60567]},"faces":{"north":{"uv":[0,9,12,15.5],"rotation":180,"texture":"#3"},"east":{"uv":[0,0,6,6],"rotation":180,"texture":"#3"},"south":{"uv":[0,7,12,12.5],"rotation":180,"texture":"#3"},"west":{"uv":[0,0,6,6],"rotation":180,"texture":"#3"},"up":{"uv":[6,0,12.5,12],"rotation":90,"texture":"#6"},"down":{"uv":[0,4,6.5,16],"rotation":270,"texture":"#3"}}},{"from":[8.6133,19.77619,3.45907],"to":[9.7867,20.74959,5.35227],"rotation":{"angle":22.5,"axis":"x","origin":[9.3,20.36289,5.28067]},"faces":{"north":{"uv":[0,0,6,6],"rotation":180,"texture":"#3"},"east":{"uv":[0,7,11,12.5],"rotation":180,"texture":"#3"},"south":{"uv":[0,0,6,6],"rotation":180,"texture":"#3"},"west":{"uv":[0,9,12,13.5],"rotation":180,"texture":"#3"},"up":{"uv":[6,0,12.5,12],"texture":"#6"},"down":{"uv":[0,4,6.5,16],"texture":"#3"}}},{"from":[0.3284,16.17619,8.94397],"to":[2.2216,17.14959,10.11737],"rotation":{"angle":-22.5,"axis":"z","origin":[0.4,16.56289,9.43067]},"faces":{"north":{"uv":[0,7,11,12.5],"texture":"#3"},"east":{"uv":[0,0,6,6],"texture":"#3"},"south":{"uv":[0,9,12,13.5],"texture":"#3"},"west":{"uv":[0,0,6,6],"texture":"#3"},"up":{"uv":[0,4,6.5,16],"rotation":270,"texture":"#3"},"down":{"uv":[6,0,12.5,12],"rotation":90,"texture":"#6"}}},{"from":[10.7034,14.20119,9.91897],"to":[12.5966,15.17459,11.09237],"rotation":{"angle":22.5,"axis":"z","origin":[10.775,14.78789,10.60567]},"faces":{"north":{"uv":[0,9,12,13.5],"rotation":180,"texture":"#3"},"east":{"uv":[0,0,6,6],"rotation":180,"texture":"#3"},"south":{"uv":[0,7,11,12.5],"rotation":180,"texture":"#3"},"west":{"uv":[0,0,6,6],"rotation":180,"texture":"#3"},"up":{"uv":[6,0,12.5,12],"rotation":90,"texture":"#6"},"down":{"uv":[0,4,6.5,16],"rotation":270,"texture":"#3"}}},{"from":[8.7133,18.87619,4.45907],"to":[9.6867,19.54959,6.12727],"rotation":{"angle":45,"axis":"x","origin":[9.3,19.16289,6.28067]},"faces":{"north":{"uv":[0,0,6,6],"rotation":180,"texture":"#3"},"east":{"uv":[0,7,12,10.5],"rotation":180,"texture":"#3"},"south":{"uv":[0,0,6,6],"rotation":180,"texture":"#3"},"west":{"uv":[0,9,12,13.5],"rotation":180,"texture":"#3"},"up":{"uv":[6,0,12.5,12],"texture":"#6"},"down":{"uv":[0,4,6.5,16],"texture":"#3"}}},{"from":[5.6374,13.57079,11.41067],"to":[7.7626,15.69599,13.83947],"rotation":{"angle":-22.5,"axis":"x","origin":[6.7,14.63339,12.62507]},"faces":{"north":{"uv":[0,0,6,6],"texture":"#3"},"east":{"uv":[8,0,16,7],"texture":"#3"},"south":{"uv":[0,0,6,6],"texture":"#3"},"west":{"uv":[8,0,16,7],"texture":"#3"},"up":{"uv":[9,4,16,12],"texture":"#3"},"down":{"uv":[9,0,16,8],"texture":"#6"}}},{"from":[1.87416,13.22079,5.22159],"to":[4.30296,15.34599,7.34679],"rotation":{"angle":-22.5,"axis":"z","origin":[3.08856,14.28339,6.28419]},"faces":{"north":{"uv":[8,0,16,7],"texture":"#3"},"east":{"uv":[0,0,6,6],"texture":"#3"},"south":{"uv":[8,0,16,7],"texture":"#3"},"west":{"uv":[0,0,6,6],"texture":"#3"},"up":{"uv":[9,4,16,12],"rotation":90,"texture":"#3"},"down":{"uv":[9,0,16,8],"rotation":270,"texture":"#6"}}},{"from":[12.25953,9.87079,5.11354],"to":[14.68833,11.99599,7.23874],"rotation":{"angle":-22.5,"axis":"z","origin":[13.47393,10.93339,6.17614]},"faces":{"north":{"uv":[8,0,16,7],"texture":"#3"},"east":{"uv":[0,0,6,6],"texture":"#3"},"south":{"uv":[8,0,16,7],"texture":"#3"},"west":{"uv":[0,0,6,6],"texture":"#3"},"up":{"uv":[9,4,16,12],"rotation":270,"texture":"#3"},"down":{"uv":[9,0,16,8],"rotation":90,"texture":"#6"}}},{"from":[9.01133,8.27079,12.96174],"to":[11.13653,10.39599,15.39054],"rotation":{"angle":22.5,"axis":"x","origin":[10.07393,9.33339,14.17614]},"faces":{"north":{"uv":[0,0,6,6],"texture":"#3"},"east":{"uv":[8,0,16,7],"texture":"#3"},"south":{"uv":[0,0,6,6],"texture":"#3"},"west":{"uv":[8,0,16,7],"texture":"#3"},"up":{"uv":[9,4,16,12],"texture":"#3"},"down":{"uv":[9,0,16,8],"texture":"#6"}}},{"from":[8.1374,13.57079,2.16053],"to":[10.2626,15.69599,4.58933],"rotation":{"angle":22.5,"axis":"x","origin":[9.2,14.63339,3.37493]},"faces":{"north":{"uv":[0,0,6,6],"texture":"#3"},"east":{"uv":[8,0,16,7],"texture":"#3"},"south":{"uv":[0,0,6,6],"texture":"#3"},"west":{"uv":[8,0,16,7],"texture":"#3"},"up":{"uv":[16,12,9,4],"texture":"#3"},"down":{"uv":[16,8,9,0],"texture":"#6"}}}],"display":{"firstperson_righthand":{"rotation":[0,-99.75,0],"translation":[0.25,-0.25,1]},"firstperson_lefthand":{"rotation":[0,59.75,0]},"ground":{"translation":[0,5.25,0]},"gui":{"rotation":[45,-45,0],"translation":[0,-0.5,0],"scale":[0.5,0.5,0.5]},"head":{"rotation":[0,90,0],"translation":[0,13,0],"scale":[1.22,1.22,1.22]}},"groups":[0,1,2,3,4,5,6,7,8,9,10,11,12,13,14,{"name":"group","origin":[8,8,8],"children":[15,16,17,18,19,20,21,22,23,24,25,26,27,28,29,30,31,32,33,34,35,36,37,38,39,40,41,42,43,44,45,46,47,48,49,50,51,52,53,54,55,56,57,58,59,60,61,62,63,64,65,66,67,68,69,70,71,72]}],"credit":"Model by Craftventure"}