{"textures":{"0":"block/red_terracotta","1":"block/blue_concrete","2":"block/quartz_block_top"},"elements":[{"name":"Element","from":[-1,0,-2],"to":[17,2,16],"faces":{"north":{"uv":[0,0,9,2],"texture":"#0"},"east":{"uv":[0,0,9,2],"texture":"#0"},"south":{"uv":[0,0,9,2],"texture":"#0"},"west":{"uv":[0,0,9,2],"texture":"#0"},"up":{"uv":[0,2,9,11],"texture":"#0"},"down":{"uv":[0,2,9,11],"texture":"#0"}}},{"name":"Cube","from":[1.8,2,0.8],"to":[14.2,5,13.2],"faces":{"north":{"uv":[0,0,12,2],"texture":"#1"},"east":{"uv":[0,0,12,2],"texture":"#1"},"south":{"uv":[0,0,12,2],"texture":"#1"},"west":{"uv":[0,0,12,2],"texture":"#1"},"up":{"uv":[0,0,12,12],"texture":"#1"},"down":{"uv":[0,0,12,12],"texture":"#1"}}},{"name":"Cube","from":[2,5,1],"to":[14,7.5,13],"faces":{"north":{"uv":[0,0,12,2.5],"texture":"#0"},"east":{"uv":[0,0,12,2.5],"texture":"#0"},"south":{"uv":[0,0,12,2.5],"texture":"#0"},"west":{"uv":[0,0,12,2.5],"texture":"#0"},"up":{"uv":[0,0,12,12],"texture":"#0"},"down":{"uv":[0,0,12,12],"texture":"#0"}}},{"name":"Cube","from":[1.5,7.5,0.5],"to":[14.5,11,13.5],"faces":{"north":{"uv":[0,0,13,3.5],"texture":"#0"},"east":{"uv":[0,0,13,3.5],"texture":"#0"},"south":{"uv":[0,0,13,3.5],"texture":"#0"},"west":{"uv":[0,0,13,3.5],"texture":"#0"},"up":{"uv":[0,0,13,13],"texture":"#0"},"down":{"uv":[0,0,13,13],"texture":"#0"}}},{"name":"Cube","from":[1,11,0],"to":[15,14.5,14],"faces":{"north":{"uv":[0,0,14,3.5],"texture":"#0"},"east":{"uv":[0,0,14,3.5],"texture":"#0"},"south":{"uv":[0,0,14,3.5],"texture":"#0"},"west":{"uv":[0,0,14,3.5],"texture":"#0"},"up":{"uv":[0,0,14,14],"texture":"#0"},"down":{"uv":[0,0,14,14],"texture":"#0"}}},{"name":"Cube","from":[0.5,14.5,-0.5],"to":[15.5,18,14.5],"faces":{"north":{"uv":[0,0,15,3.5],"texture":"#0"},"east":{"uv":[0,0,15,3.5],"texture":"#0"},"south":{"uv":[0,0,15,3.5],"texture":"#0"},"west":{"uv":[0,0,15,3.5],"texture":"#0"},"up":{"uv":[0,0,15,15],"texture":"#0"},"down":{"uv":[0,0,15,15],"texture":"#0"}}},{"name":"Cube","from":[1,18,0],"to":[15,18.6,0.8],"faces":{"north":{"uv":[0,0,14,0.4],"texture":"#0"},"east":{"uv":[0,0,14,0.4],"texture":"#0"},"south":{"uv":[0,0,14,0.4],"texture":"#0"},"west":{"uv":[0,0,14,0.4],"texture":"#0"},"up":{"uv":[0,0,14,14],"texture":"#0"},"down":{"uv":[0,0,14,14],"texture":"#0"}}},{"name":"Cube","from":[3.8,5,0.8],"to":[6.2,7.5,13.2],"faces":{"north":{"uv":[0,0,12,2],"texture":"#2"},"east":{"uv":[0,0,12,2],"texture":"#2"},"south":{"uv":[0,0,12,2],"texture":"#2"},"west":{"uv":[0,0,12,2],"texture":"#2"},"up":{"uv":[0,0,12,12],"texture":"#2"},"down":{"uv":[0,0,12,12],"texture":"#2"}}},{"name":"Cube","from":[9.8,5,0.8],"to":[12.2,7.5,13.2],"faces":{"north":{"uv":[0,0,12,2],"texture":"#2"},"east":{"uv":[0,0,12,2],"texture":"#2"},"south":{"uv":[0,0,12,2],"texture":"#2"},"west":{"uv":[0,0,12,2],"texture":"#2"},"up":{"uv":[0,0,12,12],"texture":"#2"},"down":{"uv":[0,0,12,12],"texture":"#2"}}},{"name":"Cube","from":[9.8,7.3,0.3],"to":[12.2,11.1,13.7],"faces":{"north":{"uv":[0,0,12,2],"texture":"#2"},"east":{"uv":[0,0,12,2],"texture":"#2"},"south":{"uv":[0,0,12,2],"texture":"#2"},"west":{"uv":[0,0,12,2],"texture":"#2"},"up":{"uv":[0,0,12,12],"texture":"#2"},"down":{"uv":[0,0,12,12],"texture":"#2"}}},{"name":"Cube","from":[9.8,10.8,-0.2],"to":[12.2,14.5,14.3],"faces":{"north":{"uv":[0,0,12,2],"texture":"#2"},"east":{"uv":[0,0,12,2],"texture":"#2"},"south":{"uv":[0,0,12,2],"texture":"#2"},"west":{"uv":[0,0,12,2],"texture":"#2"},"up":{"uv":[0,0,12,12],"texture":"#2"},"down":{"uv":[0,0,12,12],"texture":"#2"}}},{"name":"Cube","from":[9.8,14.3,-0.7],"to":[12.2,17.95,14.8],"faces":{"north":{"uv":[0,0,12,2],"texture":"#2"},"east":{"uv":[0,0,12,2],"texture":"#2"},"south":{"uv":[0,0,12,2],"texture":"#2"},"west":{"uv":[0,0,12,2],"texture":"#2"},"up":{"uv":[0,0,12,12],"texture":"#2"},"down":{"uv":[0,0,12,12],"texture":"#2"}}},{"name":"Cube","from":[3.8,7.3,0.3],"to":[6.2,11.1,13.7],"faces":{"north":{"uv":[0,0,12,2],"texture":"#2"},"east":{"uv":[0,0,12,2],"texture":"#2"},"south":{"uv":[0,0,12,2],"texture":"#2"},"west":{"uv":[0,0,12,2],"texture":"#2"},"up":{"uv":[0,0,12,12],"texture":"#2"},"down":{"uv":[0,0,12,12],"texture":"#2"}}},{"name":"Cube","from":[3.8,10.8,-0.2],"to":[6.2,14.5,14.3],"faces":{"north":{"uv":[0,0,12,2],"texture":"#2"},"east":{"uv":[0,0,12,2],"texture":"#2"},"south":{"uv":[0,0,12,2],"texture":"#2"},"west":{"uv":[0,0,12,2],"texture":"#2"},"up":{"uv":[0,0,12,12],"texture":"#2"},"down":{"uv":[0,0,12,12],"texture":"#2"}}},{"name":"Cube","from":[3.8,14.3,-0.7],"to":[6.2,17.95,14.8],"faces":{"north":{"uv":[0,0,12,2],"texture":"#2"},"east":{"uv":[0,0,12,2],"texture":"#2"},"south":{"uv":[0,0,12,2],"texture":"#2"},"west":{"uv":[0,0,12,2],"texture":"#2"},"up":{"uv":[0,0,12,12],"texture":"#2"},"down":{"uv":[0,0,12,12],"texture":"#2"}}},{"name":"Cube","from":[1.8,5,2.8],"to":[14.2,7.5,5.2],"faces":{"north":{"uv":[0,0,12,2],"texture":"#2"},"east":{"uv":[0,0,12,2],"texture":"#2"},"south":{"uv":[0,0,12,2],"texture":"#2"},"west":{"uv":[0,0,12,2],"texture":"#2"},"up":{"uv":[0,0,12,12],"texture":"#2"},"down":{"uv":[0,0,12,12],"texture":"#2"}}},{"name":"Cube","from":[1.8,5,8.6],"to":[14.2,7.5,11],"faces":{"north":{"uv":[0,0,12,2],"texture":"#2"},"east":{"uv":[0,0,12,2],"texture":"#2"},"south":{"uv":[0,0,12,2],"texture":"#2"},"west":{"uv":[0,0,12,2],"texture":"#2"},"up":{"uv":[0,0,12,12],"texture":"#2"},"down":{"uv":[0,0,12,12],"texture":"#2"}}},{"name":"Cube","from":[1.3,7.4,8.6],"to":[14.7,11,11],"faces":{"north":{"uv":[0,0,12,2],"texture":"#2"},"east":{"uv":[0,0,12,2],"texture":"#2"},"south":{"uv":[0,0,12,2],"texture":"#2"},"west":{"uv":[0,0,12,2],"texture":"#2"},"up":{"uv":[0,0,12,12],"texture":"#2"},"down":{"uv":[0,0,12,12],"texture":"#2"}}},{"name":"Cube","from":[0.8,10.8,8.6],"to":[15.2,14.4,11],"faces":{"north":{"uv":[0,0,12,2],"texture":"#2"},"east":{"uv":[0,0,12,2],"texture":"#2"},"south":{"uv":[0,0,12,2],"texture":"#2"},"west":{"uv":[0,0,12,2],"texture":"#2"},"up":{"uv":[0,0,12,12],"texture":"#2"},"down":{"uv":[0,0,12,12],"texture":"#2"}}},{"name":"Cube","from":[0.3,14.3,8.6],"to":[15.7,17.9,11],"faces":{"north":{"uv":[0,0,12,2],"texture":"#2"},"east":{"uv":[0,0,12,2],"texture":"#2"},"south":{"uv":[0,0,12,2],"texture":"#2"},"west":{"uv":[0,0,12,2],"texture":"#2"},"up":{"uv":[0,0,12,12],"texture":"#2"},"down":{"uv":[0,0,12,12],"texture":"#2"}}},{"name":"Cube","from":[1.3,7.4,2.8],"to":[14.7,11,5.2],"faces":{"north":{"uv":[0,0,12,2],"texture":"#2"},"east":{"uv":[0,0,12,2],"texture":"#2"},"south":{"uv":[0,0,12,2],"texture":"#2"},"west":{"uv":[0,0,12,2],"texture":"#2"},"up":{"uv":[0,0,12,12],"texture":"#2"},"down":{"uv":[0,0,12,12],"texture":"#2"}}},{"name":"Cube","from":[0.8,10.8,2.8],"to":[15.2,14.4,5.2],"faces":{"north":{"uv":[0,0,12,2],"texture":"#2"},"east":{"uv":[0,0,12,2],"texture":"#2"},"south":{"uv":[0,0,12,2],"texture":"#2"},"west":{"uv":[0,0,12,2],"texture":"#2"},"up":{"uv":[0,0,12,12],"texture":"#2"},"down":{"uv":[0,0,12,12],"texture":"#2"}}},{"name":"Cube","from":[0.3,14.3,2.8],"to":[15.7,17.9,5.2],"faces":{"north":{"uv":[0,0,12,2],"texture":"#2"},"east":{"uv":[0,0,12,2],"texture":"#2"},"south":{"uv":[0,0,12,2],"texture":"#2"},"west":{"uv":[0,0,12,2],"texture":"#2"},"up":{"uv":[0,0,12,12],"texture":"#2"},"down":{"uv":[0,0,12,12],"texture":"#2"}}},{"name":"Cube","from":[1.1,18.4,0.6],"to":[14.2,18.5,13.4],"faces":{"north":{"uv":[0,0,13.7,0.1],"texture":"#0"},"east":{"uv":[0,0,13.7,0.1],"texture":"#0"},"south":{"uv":[0,0,13.7,0.1],"texture":"#0"},"west":{"uv":[0,0,13.7,0.1],"texture":"#0"},"up":{"uv":[0,0,13.7,13.7],"texture":"#0"},"down":{"uv":[0,0,13.7,13.7],"texture":"#0"}}},{"name":"Cube","from":[1,18,13.2],"to":[15,18.6,14],"faces":{"north":{"uv":[0,0,14,0.4],"texture":"#0"},"east":{"uv":[0,0,14,0.4],"texture":"#0"},"south":{"uv":[0,0,14,0.4],"texture":"#0"},"west":{"uv":[0,0,14,0.4],"texture":"#0"},"up":{"uv":[0,0,14,14],"texture":"#0"},"down":{"uv":[0,0,14,14],"texture":"#0"}}},{"name":"Cube","from":[14.2,18,0.8],"to":[15,18.6,13.2],"faces":{"north":{"uv":[0,0,14,0.4],"texture":"#0"},"east":{"uv":[0,0,14,0.4],"texture":"#0"},"south":{"uv":[0,0,14,0.4],"texture":"#0"},"west":{"uv":[0,0,14,0.4],"texture":"#0"},"up":{"uv":[0,0,14,14],"texture":"#0"},"down":{"uv":[0,0,14,14],"texture":"#0"}}},{"name":"Cube","from":[1,18,0.8],"to":[1.8,18.6,13.2],"faces":{"north":{"uv":[0,0,14,0.4],"texture":"#0"},"east":{"uv":[0,0,14,0.4],"texture":"#0"},"south":{"uv":[0,0,14,0.4],"texture":"#0"},"west":{"uv":[0,0,14,0.4],"texture":"#0"},"up":{"uv":[0,0,14,14],"texture":"#0"},"down":{"uv":[0,0,14,14],"texture":"#0"}}}],"display":{"gui":{"rotation":[45,-135,0],"translation":[-0.25,0.25,0],"scale":[0.5,0.5,0.5]},"head":{"rotation":[0,180,0],"translation":[0,12,-1.5],"scale":[1.23,1.23,1.23]}},"credit":"Model by Craftventure"}