{"textures":{"0":"block/coal_block","1":"block/gold_block","2":"item/bone","3":"entity/zombie/husk"},"elements":[{"name":"Cube","from":[0,0,4],"to":[16,2,12],"faces":{"north":{"uv":[0,0,1,1],"texture":"#0"},"east":{"uv":[0,0,1,1],"texture":"#0"},"south":{"uv":[0,0,1,1],"texture":"#0"},"west":{"uv":[0,0,1,1],"texture":"#0"},"up":{"uv":[0,0,1,1],"texture":"#0"},"down":{"uv":[0,0,1,1],"texture":"#0"}}},{"name":"Cube","from":[-2.1,4,4],"to":[2.9,6,12],"rotation":{"angle":22.5,"axis":"z","origin":[8,8,8]},"faces":{"north":{"uv":[0,0,1,1],"texture":"#0"},"east":{"uv":[0,0,1,1],"texture":"#0"},"south":{"uv":[0,0,1,1],"texture":"#0"},"west":{"uv":[0,0,1,1],"texture":"#0"},"up":{"uv":[0,0,1,1],"texture":"#0"},"down":{"uv":[0,0,1,1],"texture":"#0"}}},{"name":"Cube","from":[1.54513,7.04336,4],"to":[4.54513,9.04336,12],"rotation":{"angle":45,"axis":"z","origin":[8.64513,8.34336,8]},"faces":{"north":{"uv":[0,0,1,1],"texture":"#0"},"east":{"uv":[0,0,1,1],"texture":"#0"},"south":{"uv":[0,0,1,1],"texture":"#0"},"west":{"uv":[0,0,1,1],"texture":"#0"},"up":{"uv":[0,0,1,1],"texture":"#0"},"down":{"uv":[0,0,1,1],"texture":"#0"}}},{"name":"Cube","from":[4.57538,5.43588,4],"to":[6.57538,7.43588,12],"rotation":{"angle":22.5,"axis":"z","origin":[8.67538,8.38588,8]},"faces":{"north":{"uv":[0,0,1,1],"texture":"#0"},"east":{"uv":[0,0,1,1],"texture":"#0"},"south":{"uv":[0,0,1,1],"texture":"#0"},"west":{"uv":[0,0,1,1],"texture":"#0"},"up":{"uv":[0,0,1,1],"texture":"#0"},"down":{"uv":[0,0,1,1],"texture":"#0"}}},{"name":"Cube","from":[7.09878,4.70456,4],"to":[8.89878,6.70456,12],"faces":{"north":{"uv":[0,0,1,1],"texture":"#0"},"east":{"uv":[0,0,1,1],"texture":"#0"},"south":{"uv":[0,0,1,1],"texture":"#0"},"west":{"uv":[0,0,1,1],"texture":"#0"},"up":{"uv":[0,0,1,1],"texture":"#0"},"down":{"uv":[0,0,1,1],"texture":"#0"}}},{"name":"Cube","from":[13.1,4,4],"to":[18.1,6,12],"rotation":{"angle":-22.5,"axis":"z","origin":[8,8,8]},"faces":{"north":{"uv":[0,0,1,1],"texture":"#0"},"east":{"uv":[0,0,1,1],"texture":"#0"},"south":{"uv":[0,0,1,1],"texture":"#0"},"west":{"uv":[0,0,1,1],"texture":"#0"},"up":{"uv":[0,0,1,1],"texture":"#0"},"down":{"uv":[0,0,1,1],"texture":"#0"}}},{"name":"Cube","from":[11.45487,7.04336,4],"to":[14.45487,9.04336,12],"rotation":{"angle":-45,"axis":"z","origin":[7.35487,8.34336,8]},"faces":{"north":{"uv":[0,0,1,1],"texture":"#0"},"east":{"uv":[0,0,1,1],"texture":"#0"},"south":{"uv":[0,0,1,1],"texture":"#0"},"west":{"uv":[0,0,1,1],"texture":"#0"},"up":{"uv":[0,0,1,1],"texture":"#0"},"down":{"uv":[0,0,1,1],"texture":"#0"}}},{"name":"Cube","from":[9.42462,5.43588,4],"to":[11.42462,7.43588,12],"rotation":{"angle":-22.5,"axis":"z","origin":[7.32462,8.38588,8]},"faces":{"north":{"uv":[0,0,1,1],"texture":"#0"},"east":{"uv":[0,0,1,1],"texture":"#0"},"south":{"uv":[0,0,1,1],"texture":"#0"},"west":{"uv":[0,0,1,1],"texture":"#0"},"up":{"uv":[0,0,1,1],"texture":"#0"},"down":{"uv":[0,0,1,1],"texture":"#0"}}},{"name":"Cube","from":[4,0,4],"to":[12,4.7,12],"faces":{"north":{"uv":[0,0,1,1],"texture":"#0"},"east":{"uv":[0,0,1,1],"texture":"#0"},"south":{"uv":[0,0,1,1],"texture":"#0"},"west":{"uv":[0,0,1,1],"texture":"#0"},"up":{"uv":[0,0,1,1],"texture":"#0"},"down":{"uv":[0,0,1,1],"texture":"#0"}}},{"name":"Cube","from":[5,4,4],"to":[11,5,12],"faces":{"north":{"uv":[0,0,1,1],"texture":"#0"},"east":{"uv":[0,0,1,1],"texture":"#0"},"south":{"uv":[0,0,1,1],"texture":"#0"},"west":{"uv":[0,0,1,1],"texture":"#0"},"up":{"uv":[0,0,1,1],"texture":"#0"},"down":{"uv":[0,0,1,1],"texture":"#0"}}},{"name":"Cube","from":[16.40351,5.76224,4],"to":[16.90351,6.26224,12],"rotation":{"angle":-22.5,"axis":"z","origin":[7.9994,4.87355,8]},"faces":{"north":{"uv":[0,0,1,0.5],"texture":"#1"},"east":{"uv":[0,0,1,0.5],"texture":"#1"},"south":{"uv":[0,0,1,0.5],"texture":"#1"},"west":{"uv":[0,0,1,0.5],"texture":"#1"},"up":{"uv":[0,0,1,0.5],"texture":"#1"},"down":{"uv":[0,0,1,0.5],"texture":"#1"}}},{"name":"Cube","from":[12.90351,5.76224,11.6],"to":[16.90351,6.26224,12.1],"rotation":{"angle":-22.5,"axis":"z","origin":[7.9994,4.87355,8]},"faces":{"north":{"uv":[0,0,1,0.5],"texture":"#1"},"east":{"uv":[0,0,1,0.5],"texture":"#1"},"south":{"uv":[0,0,1,0.5],"texture":"#1"},"west":{"uv":[0,0,1,0.5],"texture":"#1"},"up":{"uv":[0,0,1,0.5],"texture":"#1"},"down":{"uv":[0,0,1,0.5],"texture":"#1"}}},{"name":"Cube","from":[9.19012,7.57131,11.6],"to":[12.19012,8.07131,12.1],"rotation":{"angle":-45,"axis":"z","origin":[7.9994,4.87355,8]},"faces":{"north":{"uv":[0,0,1,0.5],"texture":"#1"},"east":{"uv":[0,0,1,0.5],"texture":"#1"},"south":{"uv":[0,0,1,0.5],"texture":"#1"},"west":{"uv":[0,0,1,0.5],"texture":"#1"},"up":{"uv":[0,0,1,0.5],"texture":"#1"},"down":{"uv":[0,0,1,0.5],"texture":"#1"}}},{"name":"Cube","from":[8.32322,6.87223,11.6],"to":[10.32322,7.37223,12.1],"rotation":{"angle":-22.5,"axis":"z","origin":[7.9994,4.87355,8]},"faces":{"north":{"uv":[0,0,1,0.5],"texture":"#1"},"east":{"uv":[0,0,1,0.5],"texture":"#1"},"south":{"uv":[0,0,1,0.5],"texture":"#1"},"west":{"uv":[0,0,1,0.5],"texture":"#1"},"up":{"uv":[0,0,1,0.5],"texture":"#1"},"down":{"uv":[0,0,1,0.5],"texture":"#1"}}},{"name":"Cube","from":[6.74523,6.55811,11.6],"to":[9.24523,7.05811,12.1],"faces":{"north":{"uv":[0,0,1,0.5],"texture":"#1"},"east":{"uv":[0,0,1,0.5],"texture":"#1"},"south":{"uv":[0,0,1,0.5],"texture":"#1"},"west":{"uv":[0,0,1,0.5],"texture":"#1"},"up":{"uv":[0,0,1,0.5],"texture":"#1"},"down":{"uv":[0,0,1,0.5],"texture":"#1"}}},{"name":"Cube","from":[5.67669,6.87177,11.6],"to":[7.67669,7.37177,12.1],"rotation":{"angle":22.5,"axis":"z","origin":[7.9994,4.87355,8]},"faces":{"north":{"uv":[0,0,1,0.5],"texture":"#1"},"east":{"uv":[0,0,1,0.5],"texture":"#1"},"south":{"uv":[0,0,1,0.5],"texture":"#1"},"west":{"uv":[0,0,1,0.5],"texture":"#1"},"up":{"uv":[0,0,1,0.5],"texture":"#1"},"down":{"uv":[0,0,1,0.5],"texture":"#1"}}},{"name":"Cube","from":[3.80953,7.57047,11.6],"to":[6.80953,8.07047,12.1],"rotation":{"angle":45,"axis":"z","origin":[7.9994,4.87355,8]},"faces":{"north":{"uv":[0,0,1,0.5],"texture":"#1"},"east":{"uv":[0,0,1,0.5],"texture":"#1"},"south":{"uv":[0,0,1,0.5],"texture":"#1"},"west":{"uv":[0,0,1,0.5],"texture":"#1"},"up":{"uv":[0,0,1,0.5],"texture":"#1"},"down":{"uv":[0,0,1,0.5],"texture":"#1"}}},{"name":"Cube","from":[-0.9036,5.76178,11.6],"to":[3.0964,6.26178,12.1],"rotation":{"angle":22.5,"axis":"z","origin":[7.9994,4.87355,8]},"faces":{"north":{"uv":[0,0,1,0.5],"texture":"#1"},"east":{"uv":[0,0,1,0.5],"texture":"#1"},"south":{"uv":[0,0,1,0.5],"texture":"#1"},"west":{"uv":[0,0,1,0.5],"texture":"#1"},"up":{"uv":[0,0,1,0.5],"texture":"#1"},"down":{"uv":[0,0,1,0.5],"texture":"#1"}}},{"name":"Cube","from":[-0.9036,5.76178,4],"to":[-0.4036,6.26178,12],"rotation":{"angle":22.5,"axis":"z","origin":[7.9994,4.87355,8]},"faces":{"north":{"uv":[0,0,1,0.5],"texture":"#1"},"east":{"uv":[0,0,1,0.5],"texture":"#1"},"south":{"uv":[0,0,1,0.5],"texture":"#1"},"west":{"uv":[0,0,1,0.5],"texture":"#1"},"up":{"uv":[0,0,1,0.5],"texture":"#1"},"down":{"uv":[0,0,1,0.5],"texture":"#1"}}},{"name":"Cube","from":[-0.9036,5.76178,3.9],"to":[3.0964,6.26178,4.4],"rotation":{"angle":22.5,"axis":"z","origin":[7.9994,4.87355,8]},"faces":{"north":{"uv":[0,0,1,0.5],"texture":"#1"},"east":{"uv":[0,0,1,0.5],"texture":"#1"},"south":{"uv":[0,0,1,0.5],"texture":"#1"},"west":{"uv":[0,0,1,0.5],"texture":"#1"},"up":{"uv":[0,0,1,0.5],"texture":"#1"},"down":{"uv":[0,0,1,0.5],"texture":"#1"}}},{"name":"Cube","from":[3.80953,7.57047,3.9],"to":[6.80953,8.07047,4.4],"rotation":{"angle":45,"axis":"z","origin":[7.9994,4.87355,8]},"faces":{"north":{"uv":[0,0,1,0.5],"texture":"#1"},"east":{"uv":[0,0,1,0.5],"texture":"#1"},"south":{"uv":[0,0,1,0.5],"texture":"#1"},"west":{"uv":[0,0,1,0.5],"texture":"#1"},"up":{"uv":[0,0,1,0.5],"texture":"#1"},"down":{"uv":[0,0,1,0.5],"texture":"#1"}}},{"name":"Cube","from":[5.67669,6.87177,3.9],"to":[7.67669,7.37177,4.4],"rotation":{"angle":22.5,"axis":"z","origin":[7.9994,4.87355,8]},"faces":{"north":{"uv":[0,0,1,0.5],"texture":"#1"},"east":{"uv":[0,0,1,0.5],"texture":"#1"},"south":{"uv":[0,0,1,0.5],"texture":"#1"},"west":{"uv":[0,0,1,0.5],"texture":"#1"},"up":{"uv":[0,0,1,0.5],"texture":"#1"},"down":{"uv":[0,0,1,0.5],"texture":"#1"}}},{"name":"Cube","from":[6.74523,6.55811,3.9],"to":[9.24523,7.05811,4.4],"faces":{"north":{"uv":[0,0,1,0.5],"texture":"#1"},"east":{"uv":[0,0,1,0.5],"texture":"#1"},"south":{"uv":[0,0,1,0.5],"texture":"#1"},"west":{"uv":[0,0,1,0.5],"texture":"#1"},"up":{"uv":[0,0,1,0.5],"texture":"#1"},"down":{"uv":[0,0,1,0.5],"texture":"#1"}}},{"name":"Cube","from":[8.32322,6.87223,3.9],"to":[10.32322,7.37223,4.4],"rotation":{"angle":-22.5,"axis":"z","origin":[7.9994,4.87355,8]},"faces":{"north":{"uv":[0,0,1,0.5],"texture":"#1"},"east":{"uv":[0,0,1,0.5],"texture":"#1"},"south":{"uv":[0,0,1,0.5],"texture":"#1"},"west":{"uv":[0,0,1,0.5],"texture":"#1"},"up":{"uv":[0,0,1,0.5],"texture":"#1"},"down":{"uv":[0,0,1,0.5],"texture":"#1"}}},{"name":"Cube","from":[9.19012,7.57131,3.9],"to":[12.19012,8.07131,4.4],"rotation":{"angle":-45,"axis":"z","origin":[7.9994,4.87355,8]},"faces":{"north":{"uv":[0,0,1,0.5],"texture":"#1"},"east":{"uv":[0,0,1,0.5],"texture":"#1"},"south":{"uv":[0,0,1,0.5],"texture":"#1"},"west":{"uv":[0,0,1,0.5],"texture":"#1"},"up":{"uv":[0,0,1,0.5],"texture":"#1"},"down":{"uv":[0,0,1,0.5],"texture":"#1"}}},{"name":"Cube","from":[12.90351,5.76224,3.9],"to":[16.90351,6.26224,4.4],"rotation":{"angle":-22.5,"axis":"z","origin":[7.9994,4.87355,8]},"faces":{"north":{"uv":[0,0,1,0.5],"texture":"#1"},"east":{"uv":[0,0,1,0.5],"texture":"#1"},"south":{"uv":[0,0,1,0.5],"texture":"#1"},"west":{"uv":[0,0,1,0.5],"texture":"#1"},"up":{"uv":[0,0,1,0.5],"texture":"#1"},"down":{"uv":[0,0,1,0.5],"texture":"#1"}}},{"name":"Cube","from":[6.75,2.7,11.3],"to":[9.25,5.2,12.3],"faces":{"north":{"uv":[3,0,4.5,2.5],"texture":"#3"},"east":{"uv":[4,2,5,3.5],"texture":"#3"},"south":{"uv":[2,2,4,4],"texture":"#3"},"west":{"uv":[4,2,5,3.5],"texture":"#3"},"up":{"uv":[6,2,7.5,3],"texture":"#3"},"down":{"uv":[7,4,8.5,5],"texture":"#3"}}},{"name":"Cube","from":[5,0.5,11.06],"to":[11,3.5,12.06],"faces":{"north":{"uv":[0,0,6,3],"rotation":180,"texture":"#2"},"east":{"uv":[0,0,1,3],"rotation":90,"texture":"#2"},"south":{"uv":[0,0,16,16],"rotation":90,"texture":"#2"},"west":{"uv":[0,0,1,3],"texture":"#2"},"up":{"uv":[0,0,6,1],"texture":"#2"},"down":{"uv":[0,0,6,1],"texture":"#2"}}},{"name":"Cube","from":[5,0.5,11.05],"to":[11,3.5,12.05],"faces":{"north":{"uv":[0,0,6,3],"texture":"#2"},"east":{"uv":[0,0,1,3],"texture":"#2"},"south":{"uv":[0,0,16,16],"texture":"#2"},"west":{"uv":[0,0,1,3],"texture":"#2"},"up":{"uv":[0,0,6,1],"texture":"#2"},"down":{"uv":[0,0,6,1],"texture":"#2"}}}],"display":{"gui":{"rotation":[30,45,0],"translation":[0,3,0],"scale":[0.8,0.8,0.8]},"head":{"rotation":[0,180,0],"translation":[0,14.36,0],"scale":[1.3,1.4,1.84]}},"groups":[0,1,2,3,4,5,6,7,8,9,{"name":"group","origin":[8,8,8],"children":[10,11,12,13,14,15,16,17,18,19,20,21,22,23,24,25]},{"name":"group","origin":[8,8,8],"children":[26,27,28]}],"credit":"Model by Craftventure"}