{"textures":{"texture":"block/snow","stone_slab_top":"block/red_terracotta","hopper_inside":"block/hopper_inside","helicopter":"block/helicopter"},"elements":[{"name":"base]","from":[0.5,12,0.5],"to":[15.5,15.5,15.5],"faces":{"north":{"uv":[0.5,0.5,15.5,4],"texture":"#stone_slab_top"},"east":{"uv":[0.5,0.5,15.5,4],"texture":"#stone_slab_top"},"south":{"uv":[0.5,0.5,15.5,4],"texture":"#stone_slab_top"},"west":{"uv":[0.5,0.5,15.5,4],"texture":"#stone_slab_top"},"up":{"uv":[0.5,0.5,15.5,15.5],"texture":"#stone_slab_top"},"down":{"uv":[0.5,0.5,15.5,15.5],"texture":"#hopper_inside"}}},{"name":"iron*","from":[0,11.5,15.5],"to":[16,12.5,16],"faces":{"north":{"uv":[0,3.5,16,4.5],"texture":"#texture"},"east":{"uv":[15.5,3.5,16,4.5],"texture":"#texture"},"south":{"uv":[0,3.5,16,4.5],"texture":"#texture"},"west":{"uv":[15.5,3.5,16,4.5],"texture":"#texture"},"up":{"uv":[0,15.5,16,16],"texture":"#texture"},"down":{"uv":[0,15.5,16,16],"texture":"#texture"}}},{"name":"iron*","from":[0,11.5,0],"to":[16,12.5,0.5],"faces":{"north":{"uv":[0,3.5,16,4.5],"texture":"#texture"},"east":{"uv":[0,3.5,0.5,4.5],"texture":"#texture"},"south":{"uv":[0,3.5,16,4.5],"texture":"#texture"},"west":{"uv":[0,3.5,0.5,4.5],"texture":"#texture"},"up":{"uv":[0,0,16,0.5],"texture":"#texture"},"down":{"uv":[0,0,16,0.5],"texture":"#texture"}}},{"name":"iron*","from":[15.5,11.5,0.5],"to":[16,12.5,15.5],"faces":{"north":{"uv":[15.5,3.5,16,4.5],"texture":"#texture"},"east":{"uv":[0.5,3.5,15.5,4.5],"texture":"#texture"},"south":{"uv":[15.5,3.5,16,4.5],"texture":"#texture"},"west":{"uv":[0.5,3.5,15.5,4.5],"texture":"#texture"},"up":{"uv":[15.5,0.5,16,15.5],"texture":"#texture"},"down":{"uv":[15.5,0.5,16,15.5],"texture":"#texture"}}},{"name":"iron*","from":[0,11.5,0.5],"to":[0.5,12.5,15.5],"faces":{"north":{"uv":[0,3.5,0.5,4.5],"texture":"#texture"},"east":{"uv":[0.5,3.5,15.5,4.5],"texture":"#texture"},"south":{"uv":[0,3.5,0.5,4.5],"texture":"#texture"},"west":{"uv":[0.5,3.5,15.5,4.5],"texture":"#texture"},"up":{"uv":[0,0.5,0.5,15.5],"texture":"#texture"},"down":{"uv":[0,0.5,0.5,15.5],"texture":"#texture"}}},{"from":[-0.5,16.4375,-0.5],"to":[16.5,16.5,16.5],"faces":{"up":{"uv":[0,0,16,16],"texture":"#helicopter"},"down":{"uv":[0,16,16,0],"texture":"#helicopter"}}},{"from":[7.5,15.5,7.5],"to":[8.5,17,8.5],"faces":{"north":{"uv":[7.5,0,8.5,2],"texture":"#texture"},"east":{"uv":[7.5,0,8.5,2],"texture":"#texture"},"south":{"uv":[7.5,0,8.5,2],"texture":"#texture"},"west":{"uv":[7.5,0,8.5,2],"texture":"#texture"},"up":{"uv":[7.5,7.5,8.5,8.5],"texture":"#texture"},"down":{"uv":[7.5,7.5,8.5,8.5],"texture":"#texture"}}},{"from":[7,15,7],"to":[9,16,9],"faces":{"north":{"uv":[7,0,9,1],"texture":"#texture"},"east":{"uv":[7,0,9,1],"texture":"#texture"},"south":{"uv":[7,0,9,1],"texture":"#texture"},"west":{"uv":[7,0,9,1],"texture":"#texture"},"up":{"uv":[7,7,9,9],"texture":"#texture"},"down":{"uv":[7,7,9,9],"texture":"#texture"}}}],"display":{"ground":{"translation":[0,-6,0],"scale":[0.8,0.8,0.8]},"gui":{"rotation":[30,-135,0],"translation":[0,-4.16,0],"scale":[0.7,0.7,0.7]}},"credit":"Model by Craftventure"}