{"textures":{"0":"block/black_terracotta","1":"block/black_wool","2":"block/hay_block_top","3":"block/brown_wool"},"elements":[{"name":"Cube","from":[-0.1,0.05,-0.1],"to":[16.1,1.05,16.1],"faces":{"north":{"uv":[0,0,13.2,2],"texture":"#0"},"east":{"uv":[0,0,15.2,1],"texture":"#0"},"south":{"uv":[0,0,15.2,1],"texture":"#0"},"west":{"uv":[0,0,15.2,1],"texture":"#0"},"up":{"uv":[0,0,15.2,15.2],"texture":"#0"},"down":{"uv":[0,0,15.2,15.2],"texture":"#0"}}},{"name":"Cube","from":[-0.1,6,-0.1],"to":[16.1,7,16.1],"faces":{"north":{"uv":[0,0,15.2,1],"texture":"#0"},"east":{"uv":[0,0,15.2,1],"texture":"#0"},"south":{"uv":[0,0,15.2,1],"texture":"#0"},"west":{"uv":[0,0,15.2,1],"texture":"#0"},"up":{"uv":[0,0,15.2,15.2],"texture":"#0"},"down":{"uv":[0,0,15.2,15.2],"texture":"#0"}}},{"name":"Cube","from":[0.1,1,0],"to":[15.9,6,15.8],"faces":{"north":{"uv":[0,0,15.8,5],"texture":"#1"},"east":{"uv":[0,0,15.8,5],"texture":"#1"},"south":{"uv":[0,0,15.8,5],"texture":"#1"},"west":{"uv":[0,0,15.8,5],"texture":"#1"},"up":{"uv":[0,0,15.8,15.8],"texture":"#1"},"down":{"uv":[0,0,15.8,15.8],"texture":"#1"}}},{"name":"Cube","from":[6,2,15],"to":[10,4.5,16],"faces":{"north":{"uv":[0,0,4,2.5],"texture":"#2"},"east":{"uv":[0,0,1,2.5],"texture":"#2"},"south":{"uv":[0,0,4,2.5],"texture":"#2"},"west":{"uv":[0,0,1,2.5],"texture":"#2"},"up":{"uv":[0,0,4,1],"texture":"#2"},"down":{"uv":[0,0,4,1],"texture":"#2"}}},{"name":"Cube","from":[7.25,1,15],"to":[8.75,2,16],"faces":{"north":{"uv":[0,0,1.5,1],"texture":"#2"},"east":{"uv":[0,0,1,1],"texture":"#2"},"south":{"uv":[0,0,1.5,1],"texture":"#2"},"west":{"uv":[0,0,1,1],"texture":"#2"},"up":{"uv":[0,0,1.5,1],"texture":"#2"},"down":{"uv":[0,0,1.5,1],"texture":"#2"}}},{"name":"Cube","from":[5,4.3,-5],"to":[11,9.3,0],"rotation":{"angle":-22.5,"axis":"x","origin":[8,8,8]},"faces":{"north":{"uv":[0,0,6,5],"texture":"#3"},"east":{"uv":[0,0,5,5],"texture":"#3"},"south":{"uv":[0,0,6,5],"texture":"#3"},"west":{"uv":[0,0,5,5],"texture":"#3"},"up":{"uv":[0,0,6,5],"texture":"#3"},"down":{"uv":[0,0,6,5],"texture":"#3"}}},{"name":"Cube","from":[5,4.3,-6],"to":[11,9.3,-5],"rotation":{"angle":-22.5,"axis":"x","origin":[8,8,8]},"faces":{"north":{"uv":[0,0,6,5],"texture":"#0"},"east":{"uv":[0,0,1,5],"texture":"#0"},"south":{"uv":[0,0,6,5],"texture":"#0"},"west":{"uv":[0,0,1,5],"texture":"#0"},"up":{"uv":[0,0,6,1],"texture":"#0"},"down":{"uv":[0,0,6,1],"texture":"#0"}}},{"name":"Cube","from":[5.6,10.5,-9],"to":[10.1,14,-4],"rotation":{"angle":-45,"axis":"x","origin":[8,8,8]},"faces":{"north":{"uv":[0,0,4.5,3.5],"texture":"#3"},"east":{"uv":[0,0,5,3.5],"texture":"#3"},"south":{"uv":[0,0,4.5,3.5],"texture":"#3"},"west":{"uv":[0,0,5,3.5],"texture":"#3"},"up":{"uv":[0,0,4.5,5],"texture":"#3"},"down":{"uv":[0,0,4.5,5],"texture":"#3"}}},{"name":"Cube","from":[5.6,10.5,-10],"to":[10.1,14,-9],"rotation":{"angle":-45,"axis":"x","origin":[8,8,8]},"faces":{"north":{"uv":[0,0,4.5,3.5],"texture":"#0"},"east":{"uv":[0,0,1,3.5],"texture":"#0"},"south":{"uv":[0,0,4.5,3.5],"texture":"#0"},"west":{"uv":[0,0,1,3.5],"texture":"#0"},"up":{"uv":[0,0,4.5,1],"texture":"#0"},"down":{"uv":[0,0,4.5,1],"texture":"#0"}}},{"name":"Cube","from":[-0.1,1,-0.1],"to":[0.9,6,0.9],"faces":{"north":{"uv":[0,0,1,5],"texture":"#0"},"east":{"uv":[0,0,1,5],"texture":"#0"},"south":{"uv":[0,0,1,5],"texture":"#0"},"west":{"uv":[0,0,1,5],"texture":"#0"},"up":{"uv":[0,0,1,1],"texture":"#0"},"down":{"uv":[0,0,1,1],"texture":"#0"}}},{"name":"Cube","from":[-0.1,1,15.1],"to":[0.9,6,16.1],"faces":{"north":{"uv":[0,0,1,5],"texture":"#0"},"east":{"uv":[0,0,1,5],"texture":"#0"},"south":{"uv":[0,0,1,5],"texture":"#0"},"west":{"uv":[0,0,1,5],"texture":"#0"},"up":{"uv":[0,0,1,1],"texture":"#0"},"down":{"uv":[0,0,1,1],"texture":"#0"}}},{"name":"Cube","from":[15.1,1,15.1],"to":[16.1,6,16.1],"faces":{"north":{"uv":[0,0,1,5],"texture":"#0"},"east":{"uv":[0,0,1,5],"texture":"#0"},"south":{"uv":[0,0,1,5],"texture":"#0"},"west":{"uv":[0,0,1,5],"texture":"#0"},"up":{"uv":[0,0,1,1],"texture":"#0"},"down":{"uv":[0,0,1,1],"texture":"#0"}}},{"name":"Cube","from":[15.1,1,-0.1],"to":[16.1,6,0.9],"faces":{"north":{"uv":[0,0,1,5],"texture":"#0"},"east":{"uv":[0,0,1,5],"texture":"#0"},"south":{"uv":[0,0,1,5],"texture":"#0"},"west":{"uv":[0,0,1,5],"texture":"#0"},"up":{"uv":[0,0,1,1],"texture":"#0"},"down":{"uv":[0,0,1,1],"texture":"#0"}}},{"name":"Cube","from":[6.25,-9,-4],"to":[9.25,-6.5,-1.5],"rotation":{"angle":22.5,"axis":"x","origin":[8,8,8]},"faces":{"north":{"uv":[0,0,3,2.5],"texture":"#3"},"east":{"uv":[0,0,2.5,2.5],"texture":"#3"},"south":{"uv":[0,0,3,2.5],"texture":"#3"},"west":{"uv":[0,0,2.5,2.5],"texture":"#3"},"up":{"uv":[0,0,3,2.5],"texture":"#3"},"down":{"uv":[0,0,3,2.5],"texture":"#3"}}},{"name":"Cube","from":[6.25,-10,-4],"to":[9.25,-9,-1.5],"rotation":{"angle":22.5,"axis":"x","origin":[8,8,8]},"faces":{"north":{"uv":[0,0,3,1],"texture":"#0"},"east":{"uv":[0,0,2.5,1],"texture":"#0"},"south":{"uv":[0,0,3,1],"texture":"#0"},"west":{"uv":[0,0,2.5,1],"texture":"#0"},"up":{"uv":[0,0,3,2.5],"texture":"#0"},"down":{"uv":[0,0,3,2.5],"texture":"#0"}}}],"display":{"gui":{"rotation":[30,45,0],"translation":[-0.57,3.21,-0.57],"scale":[0.66,0.69,0.63]},"head":{"rotation":[0,180,0],"translation":[0,10.96,0]}},"credit":"Model by Craftventure"}