{"textures":{"0":"block/sewer_hat","1":"block/sewer_hat_effects","particle":"block/sewer_hat"},"elements":[{"from":[6.575,14,19.3],"to":[9.425,18.75,30.7],"rotation":{"angle":0,"axis":"y","origin":[1.825,4.5,21.2]},"faces":{"north":{"uv":[3.75,8.5,4.5,9.75],"texture":"#0"},"east":{"uv":[5,2,8,3.25],"texture":"#0"},"south":{"uv":[4.5,8.5,5.25,9.75],"texture":"#0"},"west":{"uv":[6,3.25,9,4.5],"texture":"#0"},"up":{"uv":[0.75,8.75,0,5.75],"texture":"#0"}}},{"from":[4,14,20],"to":[12,18,30],"rotation":{"angle":0,"axis":"y","origin":[4,4,21]},"faces":{"north":{"uv":[6,6.5,8,7.5],"texture":"#0"},"east":{"uv":[6,4.5,8.5,5.5],"texture":"#0"},"south":{"uv":[7,0,9,1],"texture":"#0"},"west":{"uv":[6,5.5,8.5,6.5],"texture":"#0"},"up":{"uv":[2,5.75,0,3.25],"texture":"#0"}}},{"from":[3,12,18],"to":[13,14,31],"rotation":{"angle":0,"axis":"y","origin":[4,4,21]},"faces":{"north":{"uv":[4.75,8,7.25,8.5],"texture":"#0"},"east":{"uv":[4.75,7.5,8,8],"texture":"#0"},"south":{"uv":[8,6.5,10.5,7],"texture":"#0"},"west":{"uv":[8,1.75,11.25,2.25],"texture":"#0"},"up":{"uv":[2.5,3.25,0,0],"texture":"#0"},"down":{"uv":[5,0,2.5,3.25],"texture":"#0"}}},{"from":[4,12,17],"to":[12,14,18],"rotation":{"angle":0,"axis":"y","origin":[4,4,21]},"faces":{"north":{"uv":[8,7,10,7.5],"texture":"#0"},"east":{"uv":[1.75,6.75,2,7.25],"texture":"#0"},"south":{"uv":[7.25,8,9.25,8.5],"texture":"#0"},"west":{"uv":[2.75,8,3,8.5],"texture":"#0"},"up":{"uv":[10,3.25,8,3],"texture":"#0"},"down":{"uv":[10,7.5,8,7.75],"texture":"#0"}}},{"from":[6.5,15,16.5],"to":[9.5,18,17],"rotation":{"angle":0,"axis":"y","origin":[1,4,20]},"faces":{"north":{"uv":[8.5,4.5,9.25,5.25],"texture":"#0"},"east":{"uv":[6.25,8.5,6.5,9.25],"texture":"#0"},"west":{"uv":[6.5,8.5,6.75,9.25],"texture":"#0"},"up":{"uv":[7.75,2,7,1.75],"texture":"#0"},"down":{"uv":[5.5,7.25,4.75,7.5],"texture":"#0"}}},{"from":[6,14.5,17],"to":[10,18.5,19],"rotation":{"angle":0,"axis":"y","origin":[1,4,21]},"faces":{"north":{"uv":[0.75,5.75,1.75,6.75],"texture":"#0"},"east":{"uv":[0,8.75,0.5,9.75],"texture":"#0"},"south":{"uv":[2.75,8.5,3.75,9.5],"texture":"#0"},"west":{"uv":[0,8.75,0.5,9.75],"rotation":180,"texture":"#0"},"up":{"uv":[0.5,9.75,0,8.75],"rotation":90,"texture":"#0"},"down":{"uv":[0,9.75,0.5,8.75],"rotation":90,"texture":"#0"}}},{"from":[3.875,14.5,19.875],"to":[12.125,17.5,30.125],"rotation":{"angle":0,"axis":"y","origin":[3.875,4,21.125]},"faces":{"north":{"uv":[0.75,8,2.75,8.75],"texture":"#0"},"east":{"uv":[7,1,9.5,1.75],"texture":"#0"},"south":{"uv":[8,2.25,10,3],"texture":"#0"},"west":{"uv":[0.75,7.25,3.25,8],"texture":"#0"}}},{"from":[12.12408,14.5,27.87538],"to":[12.12408,17.5,30.87538],"rotation":{"angle":22.5,"axis":"y","origin":[12.12408,16,27.87538]},"faces":{"east":{"uv":[4,7.25,4.75,8],"texture":"#0"},"west":{"uv":[4.75,7.25,4,8],"texture":"#0"}}},{"from":[13.15887,14.5,31.22066],"to":[15.15887,17.5,31.22066],"rotation":{"angle":-22.5,"axis":"y","origin":[14.65887,16,31.22066]},"faces":{"north":{"uv":[3.5,7.25,4,8],"texture":"#0"},"south":{"uv":[4,7.25,3.5,8],"texture":"#0"}}},{"from":[6.5,14.5,19.125],"to":[9.5,17.5,19.875],"rotation":{"angle":0,"axis":"y","origin":[1.5,4,20.875]},"faces":{"north":{"uv":[5.25,8.5,6,9.25],"texture":"#0"},"east":{"uv":[6.75,8.5,7,9.25],"texture":"#0"},"west":{"uv":[7,8.5,7.25,9.25],"texture":"#0"}}},{"from":[6.5,14.5,30.125],"to":[9.5,17.5,30.875],"rotation":{"angle":0,"axis":"y","origin":[1.5,4,21.125]},"faces":{"east":{"uv":[7.25,8.5,7.5,9.25],"texture":"#0"},"south":{"uv":[8.5,5.25,9.25,6],"texture":"#0"},"west":{"uv":[7.5,8.5,7.75,9.25],"texture":"#0"}}},{"from":[3.19377,18,22.9203],"to":[6.19377,22,25.9203],"rotation":{"angle":22.5,"axis":"y","origin":[4.4059,20,23.47942]},"faces":{"north":{"uv":[14.5,1.75,15.25,2.75],"texture":"#0"},"east":{"uv":[15.25,1.75,16,2.75],"texture":"#0"},"south":{"uv":[14.5,0.75,15.25,1.75],"texture":"#0"},"west":{"uv":[15.25,0.75,16,1.75],"texture":"#0"},"up":{"uv":[15.25,0,16,0.75],"rotation":180,"texture":"#0"},"down":{"uv":[14.5,0,15.25,0.75],"rotation":180,"texture":"#0"}}},{"from":[4.19377,22,23.9203],"to":[5.19377,18,24.9203],"rotation":{"angle":22.5,"axis":"y","origin":[4.4059,20,23.47942]},"faces":{"north":{"uv":[13.5,0,13.75,1],"texture":"#0"},"east":{"uv":[13.75,0,14,1],"texture":"#0"},"south":{"uv":[13,0,13.25,1],"texture":"#0"},"west":{"uv":[13.25,0,13.5,1],"texture":"#0"}}},{"from":[3.45475,18,21.50285],"to":[3.45475,22,23.50285],"rotation":{"angle":-22.5,"axis":"y","origin":[3.45475,20,22.50285]},"faces":{"east":{"uv":[14.5,0,14,1],"texture":"#0"},"west":{"uv":[14,0,14.5,1],"texture":"#0"}}},{"from":[2.5,18,27.5],"to":[6.5,21,30.5],"rotation":{"angle":0,"axis":"y","origin":[4.5,19.21213,29.94088]},"faces":{"north":{"uv":[14.5,0.75,15.25,1.75],"rotation":270,"texture":"#0"},"east":{"uv":[15.25,0,16,0.75],"rotation":90,"texture":"#0"},"south":{"uv":[14.5,1.75,15.25,2.75],"rotation":90,"texture":"#0"},"west":{"uv":[14.5,0,15.25,0.75],"rotation":90,"texture":"#0"},"up":{"uv":[15.25,1.75,16,2.75],"rotation":90,"texture":"#0"},"down":{"uv":[15.25,0.75,16,1.75],"rotation":90,"texture":"#0"}}},{"from":[6.5,19,28.5],"to":[2.5,20,29.5],"rotation":{"angle":0,"axis":"y","origin":[4.5,19.21213,29.94088]},"faces":{"north":{"uv":[13,0,13.25,1],"rotation":270,"texture":"#0"},"south":{"uv":[13.5,0,13.75,1],"rotation":90,"texture":"#0"},"up":{"uv":[13.75,0,14,1],"rotation":90,"texture":"#0"},"down":{"uv":[13.25,0,13.5,1],"rotation":90,"texture":"#0"}}},{"from":[2.5,16.07574,30.88176],"to":[6.5,18.07574,30.88176],"rotation":{"angle":-22.5,"axis":"x","origin":[4.5,17.07574,30.88176]},"faces":{"north":{"uv":[14,0,14.5,1],"rotation":270,"texture":"#0"},"south":{"uv":[14.5,0,14,1],"rotation":90,"texture":"#0"}}},{"from":[7,18.75,24],"to":[10,22.75,27],"rotation":{"angle":-22.5,"axis":"y","origin":[8.5,20.75,25.5]},"faces":{"north":{"uv":[14.5,0.75,15.25,1.75],"texture":"#0"},"east":{"uv":[15.25,0.75,16,1.75],"texture":"#0"},"south":{"uv":[14.5,1.75,15.25,2.75],"texture":"#0"},"west":{"uv":[15.25,1.75,16,2.75],"texture":"#0"},"up":{"uv":[15.25,0,16,0.75],"texture":"#0"},"down":{"uv":[14.5,0,15.25,0.75],"texture":"#0"}}},{"from":[8,22.75,25],"to":[9,18.75,26],"rotation":{"angle":-22.5,"axis":"y","origin":[8.5,24.75,25.5]},"faces":{"north":{"uv":[13,0,13.25,1],"texture":"#0"},"east":{"uv":[13.25,0,13.5,1],"texture":"#0"},"south":{"uv":[13.5,0,13.75,1],"texture":"#0"},"west":{"uv":[13.75,0,14,1],"texture":"#0"}}},{"from":[7.31179,18.75,27.45884],"to":[9.31179,22.75,27.45884],"rotation":{"angle":0,"axis":"y","origin":[7.81179,20.75,27.45884]},"faces":{"north":{"uv":[14.5,0,14,1],"texture":"#0"},"south":{"uv":[14,0,14.5,1],"texture":"#0"}}},{"from":[14,-1,31],"to":[15,15,31],"rotation":{"angle":0,"axis":"y","origin":[6,5,21]},"faces":{"north":{"uv":[2,0,3,16],"texture":"#1"}}},{"from":[12,-4,22],"to":[13,12,22],"rotation":{"angle":0,"axis":"y","origin":[4,2,12]},"faces":{"north":{"uv":[3,0,4,16],"texture":"#1"}}},{"from":[3,-4,23],"to":[4,12,23],"rotation":{"angle":0,"axis":"y","origin":[-5,2,13]},"faces":{"north":{"uv":[4,0,5,16],"texture":"#1"}}},{"from":[3,-4,27],"to":[4,12,27],"rotation":{"angle":0,"axis":"y","origin":[-5,2,17]},"faces":{"north":{"uv":[5,0,6,16],"texture":"#1"}}},{"from":[6.5,15,16.5],"to":[9.5,18,0.5],"rotation":{"angle":0,"axis":"y","origin":[1,4,-50.5]},"faces":{"east":{"uv":[0,16,2,0],"rotation":90,"texture":"#1"},"west":{"uv":[0,16,2,0],"rotation":270,"texture":"#1"},"up":{"uv":[0,16,2,0],"texture":"#1"},"down":{"uv":[0,16,2,0],"rotation":180,"texture":"#1"}}}],"display":{"thirdperson_righthand":{"translation":[0,-2.75,-7.25],"scale":[0.55,0.55,0.55]},"thirdperson_lefthand":{"translation":[0,-2.75,-7.25],"scale":[0.55,0.55,0.55]},"firstperson_righthand":{"rotation":[0,0,25],"translation":[-2.12,3.2,-0.12],"scale":[0.34,0.34,0.34]},"firstperson_lefthand":{"rotation":[0,0,25],"translation":[-2.12,3.2,-0.12],"scale":[0.34,0.34,0.34]},"ground":{"translation":[0,2,-8],"scale":[0.5,0.5,0.5]},"gui":{"rotation":[30,135,0],"translation":[-8,-6,0],"scale":[0.625,0.625,0.625]},"head":{"translation":[0,-2.5,-27.35],"scale":[1.61,1.6,1.61]},"fixed":{"rotation":[-90,0,0],"translation":[0,-32,8],"scale":[2,2,2]}},"groups":[{"name":"group","origin":[4,4,4],"color":0,"nbt":"{}","children":[{"name":"hard_hat","origin":[4,4,21],"color":0,"nbt":"{}","children":[0,1,2,3]},{"name":"lamp","origin":[1,4,20],"color":0,"nbt":"{}","children":[4,5]},{"name":"toilet_paper_band","origin":[4,4,4],"color":0,"nbt":"{}","children":[6,7,8,9,10]},{"name":"dirt","origin":[4,5.5,20],"color":0,"nbt":"{}","children":[]},{"name":"toilet_paper_rolls","origin":[8,8,8],"color":0,"nbt":"{}","children":[{"name":"group","origin":[7.81179,20.75,28.45884],"color":0,"nbt":"{}","children":[11,12,13]},{"name":"group","origin":[7.81179,20.75,28.45884],"color":0,"nbt":"{}","children":[14,15,16]},{"name":"group","origin":[7.81179,20.75,28.45884],"color":0,"nbt":"{}","children":[17,18,19]}]}]},{"name":"effects","origin":[1,4,19.5],"color":0,"nbt":"{}","children":[20,21,22,23,24]}],"credit":"Model by Craftventure"}