{"textures":{"8":"block/red_concrete_powder","9":"block/coal_block","10":"item/feather","particle":"block/black_concrete"},"elements":[{"from":[11.79015,-0.445,3],"to":[12.79015,0.305,13],"rotation":{"angle":22.5,"axis":"z","origin":[13.29015,-0.195,8]},"faces":{"north":{"uv":[3,3,4,3.5],"texture":"#9"},"east":{"uv":[3,3,13,3.5],"texture":"#9"},"south":{"uv":[3,3,4,3.5],"texture":"#9"},"west":{"uv":[3,3,13,3.5],"texture":"#9"},"up":{"uv":[3,3,4,13],"texture":"#9"},"down":{"uv":[3,3,4,13],"texture":"#9"}}},{"from":[3.1,-1.695,3],"to":[3.85,-0.695,13],"rotation":{"angle":45,"axis":"z","origin":[2.70985,-0.195,8]},"faces":{"north":{"uv":[12,3,11,3.5],"rotation":270,"texture":"#9"},"east":{"uv":[12,3,11,13],"rotation":90,"texture":"#9"},"south":{"uv":[12,3,11,3.5],"rotation":90,"texture":"#9"},"west":{"uv":[12,3,11,13],"rotation":90,"texture":"#9"},"up":{"uv":[15,3,5,3.5],"rotation":90,"texture":"#9"},"down":{"uv":[21,3,11,3.5],"rotation":90,"texture":"#9"}}},{"from":[5,-1,5],"to":[11,0.5,11],"rotation":{"angle":0,"axis":"y","origin":[6.5,-0.75,8]},"faces":{"north":{"uv":[0,0,6,2],"texture":"#8"},"east":{"uv":[6,2,12,4],"texture":"#8"},"south":{"uv":[6,0,12,2],"texture":"#8"},"west":{"uv":[0,2,6,4],"texture":"#8"},"up":{"uv":[0,0,0,0],"texture":"#8"},"down":{"uv":[0,0,0,0],"texture":"#8"}}},{"from":[5,0.5,5],"to":[11,2.5,11],"rotation":{"angle":0,"axis":"y","origin":[6.5,-2.75,8]},"faces":{"north":{"uv":[0,0,7,3],"texture":"#9"},"east":{"uv":[4,8,11,11],"texture":"#9"},"south":{"uv":[6,0,13,3],"texture":"#9"},"west":{"uv":[0,2,7,5],"texture":"#9"},"up":{"uv":[6,4,13,11],"texture":"#9"},"down":{"uv":[0,0,7,7],"texture":"#9"}}},{"from":[12.79015,-0.445,4],"to":[13.79015,0.305,12],"rotation":{"angle":22.5,"axis":"z","origin":[13.29015,-0.195,8]},"faces":{"north":{"uv":[2,4,3,4.5],"texture":"#9"},"east":{"uv":[2,4,10,4.5],"texture":"#9"},"south":{"uv":[2,4,3,4.5],"texture":"#9"},"west":{"uv":[2,4,10,4.5],"texture":"#9"},"up":{"uv":[2,4,3,12],"texture":"#9"},"down":{"uv":[2,4,3,12],"texture":"#9"}}},{"from":[13.81743,-0.4614,6],"to":[14.81743,0.2886,10],"rotation":{"angle":22.5,"axis":"z","origin":[13.31743,-0.41141,8]},"faces":{"north":{"uv":[1,5,2,5.5],"texture":"#9"},"east":{"uv":[1,5,5,5.5],"texture":"#9"},"south":{"uv":[1,5,2,5.5],"texture":"#9"},"west":{"uv":[1,5,5,5.5],"texture":"#9"},"up":{"uv":[1,5,2,9],"texture":"#9"},"down":{"uv":[1,5,2,9],"texture":"#9"}}},{"from":[3.2598,-0.55,4],"to":[4.0098,0.45,12],"rotation":{"angle":22.5,"axis":"z","origin":[2.70985,-0.195,8]},"faces":{"north":{"uv":[13,4,14,4.5],"rotation":270,"texture":"#9"},"east":{"uv":[13,4,14,12],"rotation":90,"texture":"#9"},"south":{"uv":[13,4,14,4.5],"rotation":90,"texture":"#9"},"west":{"uv":[13,4,14,12],"rotation":90,"texture":"#9"},"up":{"uv":[13,4,13.5,12],"rotation":180,"texture":"#9"},"down":{"uv":[13,4,13.5,12],"rotation":180,"texture":"#9"}}},{"from":[2.9626,0.5986,6],"to":[3.7126,1.5986,10],"rotation":{"angle":0,"axis":"z","origin":[2.68257,-0.41141,8]},"faces":{"north":{"uv":[14,6,15,6.5],"rotation":270,"texture":"#9"},"east":{"uv":[14,6,15,10],"rotation":90,"texture":"#9"},"south":{"uv":[14,6,15,6.5],"rotation":90,"texture":"#9"},"west":{"uv":[14,6,15,10],"rotation":90,"texture":"#9"},"up":{"uv":[14,6,14.5,10],"rotation":180,"texture":"#9"},"down":{"uv":[14,6,14.5,10],"rotation":180,"texture":"#9"}}},{"from":[4,-1,2],"to":[12,-0.25,3],"rotation":{"angle":0,"axis":"y","origin":[8,-0.75,8]},"faces":{"north":{"uv":[2,4,10,4.5],"texture":"#9"},"east":{"uv":[2,4,3,4.5],"texture":"#9"},"south":{"uv":[2,4,10,4.5],"texture":"#9"},"west":{"uv":[2,4,3,4.5],"texture":"#9"},"up":{"uv":[2,4,3,12],"rotation":270,"texture":"#9"},"down":{"uv":[2,4,3,12],"rotation":90,"texture":"#9"}}},{"from":[6,-1,1],"to":[10,-0.25,2],"rotation":{"angle":0,"axis":"y","origin":[8,-0.75,8]},"faces":{"north":{"uv":[1,5,5,5.5],"texture":"#9"},"east":{"uv":[1,5,2,5.5],"texture":"#9"},"south":{"uv":[1,5,5,5.5],"texture":"#9"},"west":{"uv":[1,5,2,5.5],"texture":"#9"},"up":{"uv":[1,5,2,9],"rotation":270,"texture":"#9"},"down":{"uv":[1,5,2,9],"rotation":90,"texture":"#9"}}},{"from":[4,-1,13],"to":[12,-0.25,14],"rotation":{"angle":0,"axis":"y","origin":[8,-0.75,8]},"faces":{"north":{"uv":[13,4,13.5,12],"rotation":90,"texture":"#9"},"east":{"uv":[13,4,14,4.5],"texture":"#9"},"south":{"uv":[13,4,13.5,12],"rotation":90,"texture":"#9"},"west":{"uv":[13,4,14,4.5],"texture":"#9"},"up":{"uv":[13,4,14,12],"rotation":270,"texture":"#9"},"down":{"uv":[13,4,14,12],"rotation":90,"texture":"#9"}}},{"from":[6,-1,14],"to":[10,-0.25,15],"rotation":{"angle":0,"axis":"y","origin":[8,-0.75,8]},"faces":{"north":{"uv":[14,6,14.5,10],"rotation":90,"texture":"#9"},"east":{"uv":[14,6,15,6.5],"texture":"#9"},"south":{"uv":[14,6,14.5,10],"rotation":90,"texture":"#9"},"west":{"uv":[14,6,15,6.5],"texture":"#9"},"up":{"uv":[14,6,15,10],"rotation":270,"texture":"#9"},"down":{"uv":[14,6,15,10],"rotation":90,"texture":"#9"}}},{"from":[4,-1,3],"to":[12,-0.25,13],"rotation":{"angle":0,"axis":"y","origin":[6.5,-0.75,8]},"faces":{"north":{"uv":[3,3,11,3.5],"texture":"#9"},"east":{"uv":[3,3,13,3.5],"texture":"#9"},"south":{"uv":[3,3,11,3.5],"texture":"#9"},"west":{"uv":[3,3,13,3.5],"texture":"#9"},"up":{"uv":[5,6,13,16],"texture":"#9"},"down":{"uv":[8,5,16,15],"texture":"#9"}}},{"from":[11.1,2.7,3],"to":[11.1,5.7,11],"rotation":{"angle":-45,"axis":"x","origin":[0,8,13]},"faces":{"north":{"uv":[3,2,5,5],"rotation":180,"texture":"#missing"},"east":{"uv":[0,0,16,16],"rotation":180,"texture":"#10"},"south":{"uv":[7,5,10,8],"rotation":180,"texture":"#missing"},"west":{"uv":[0,16,16,1],"texture":"#10"},"up":{"uv":[6,3,8,11],"texture":"#missing"},"down":{"uv":[7,3,9,11],"texture":"#missing"}}}],"display":{"thirdperson_righthand":{"translation":[-0.75,6.5,-4.25]},"thirdperson_lefthand":{"translation":[-0.75,6.5,-4.25]},"firstperson_righthand":{"rotation":[0,135,0],"translation":[-0.75,6.5,-4.25]},"firstperson_lefthand":{"rotation":[0,135,0],"translation":[-0.75,6.5,-4.25]},"ground":{"translation":[0,5.75,0]},"gui":{"rotation":[30,-135,0],"translation":[0,4.75,0]},"head":{"translation":[0,23.75,0],"scale":[2,2,2]},"fixed":{"translation":[0,8.5,-6.75],"scale":[1.6,1.6,1.6]}},"groups":[0,1,2,3,{"name":"group","origin":[8,0.25,8],"children":[4,5,6,7]},{"name":"group","origin":[8,0.25,8],"children":[8,9,10,11,12]},{"name":"group","origin":[6.5,0.25,-3],"children":[]},13],"credit":"Model by Craftventure"}