{"textures":{"1":"block/black_concrete","2":"block/brown_terracotta","3":"block/dark_oak_door_bottom","5":"block/yellow_stained_glass"},"elements":[{"from":[0,0,0],"to":[16,2,16],"faces":{"north":{"uv":[3,5,4,7],"texture":"#3"},"east":{"uv":[3,5,4,7],"texture":"#3"},"south":{"uv":[3,5,4,7],"texture":"#3"},"west":{"uv":[3,5,4,7],"texture":"#3"},"up":{"uv":[3,5,4,7],"texture":"#3"},"down":{"uv":[3,5,4,7],"texture":"#3"}}},{"from":[11,2,2],"to":[14,13,5],"faces":{"north":{"uv":[3,2,6,13],"texture":"#3"},"east":{"uv":[0,0,3,11],"texture":"#1"},"south":{"uv":[0,0,3,11],"texture":"#missing"},"west":{"uv":[0,0,3,11],"texture":"#missing"},"up":{"uv":[0,0,3,3],"texture":"#missing"},"down":{"uv":[0,0,3,3],"texture":"#missing"}}},{"from":[5,2,2],"to":[8,13,5],"faces":{"north":{"uv":[3,2,6,13],"texture":"#3"},"east":{"uv":[0,0,3,11],"texture":"#1"},"south":{"uv":[0,0,3,11],"texture":"#missing"},"west":{"uv":[0,0,3,11],"texture":"#missing"},"up":{"uv":[0,0,3,3],"texture":"#missing"},"down":{"uv":[0,0,3,3],"texture":"#missing"}}},{"from":[8,2,2],"to":[11,13,5],"faces":{"north":{"uv":[3,2,6,13],"texture":"#1"},"east":{"uv":[0,0,3,11],"texture":"#1"},"south":{"uv":[0,0,3,11],"texture":"#missing"},"west":{"uv":[0,0,3,11],"texture":"#missing"},"up":{"uv":[0,0,3,3],"texture":"#missing"},"down":{"uv":[0,0,3,3],"texture":"#missing"}}},{"from":[2,2,2],"to":[5,13,5],"faces":{"north":{"uv":[3,2,6,13],"texture":"#1"},"east":{"uv":[0,0,3,11],"texture":"#1"},"south":{"uv":[0,0,3,11],"texture":"#missing"},"west":{"uv":[3,2,6,13],"texture":"#3"},"up":{"uv":[0,0,3,3],"texture":"#missing"},"down":{"uv":[0,0,3,3],"texture":"#missing"}}},{"from":[2,2,5],"to":[5,13,8],"faces":{"north":{"uv":[3,2,6,13],"texture":"#1"},"east":{"uv":[0,0,3,11],"texture":"#1"},"south":{"uv":[0,0,3,11],"texture":"#missing"},"west":{"uv":[3,2,6,13],"texture":"#1"},"up":{"uv":[0,0,3,3],"texture":"#missing"},"down":{"uv":[0,0,3,3],"texture":"#missing"}}},{"from":[2,2,8],"to":[5,13,11],"faces":{"north":{"uv":[3,2,6,13],"texture":"#1"},"east":{"uv":[0,0,3,11],"texture":"#1"},"south":{"uv":[0,0,3,11],"texture":"#missing"},"west":{"uv":[3,2,6,13],"texture":"#3"},"up":{"uv":[0,0,3,3],"texture":"#missing"},"down":{"uv":[0,0,3,3],"texture":"#missing"}}},{"from":[2,2,11],"to":[5,13,14],"faces":{"north":{"uv":[3,2,6,13],"texture":"#1"},"east":{"uv":[0,0,3,11],"texture":"#1"},"south":{"uv":[3,2,6,13],"texture":"#3"},"west":{"uv":[3,2,6,13],"texture":"#1"},"up":{"uv":[0,0,3,3],"texture":"#missing"},"down":{"uv":[0,0,3,3],"texture":"#missing"}}},{"from":[8,2,11],"to":[11,13,14],"faces":{"north":{"uv":[3,2,6,13],"texture":"#1"},"east":{"uv":[0,0,3,11],"texture":"#1"},"south":{"uv":[3,2,6,13],"texture":"#3"},"west":{"uv":[3,2,6,13],"texture":"#1"},"up":{"uv":[0,0,3,3],"texture":"#missing"},"down":{"uv":[0,0,3,3],"texture":"#missing"}}},{"from":[5,2,11],"to":[8,13,14],"faces":{"north":{"uv":[3,2,6,13],"texture":"#1"},"east":{"uv":[0,0,3,11],"texture":"#1"},"south":{"uv":[3,2,6,13],"texture":"#1"},"west":{"uv":[3,2,6,13],"texture":"#1"},"up":{"uv":[0,0,3,3],"texture":"#missing"},"down":{"uv":[0,0,3,3],"texture":"#missing"}}},{"from":[11,2,11],"to":[14,13,14],"faces":{"north":{"uv":[3,2,6,13],"texture":"#1"},"east":{"uv":[3,2,6,13],"texture":"#3"},"south":{"uv":[3,2,6,13],"texture":"#1"},"west":{"uv":[3,2,6,13],"texture":"#1"},"up":{"uv":[0,0,3,3],"texture":"#missing"},"down":{"uv":[0,0,3,3],"texture":"#missing"}}},{"from":[11,2,5],"to":[14,13,8],"faces":{"north":{"uv":[3,2,6,13],"texture":"#1"},"east":{"uv":[3,2,6,13],"texture":"#3"},"south":{"uv":[3,2,6,13],"texture":"#1"},"west":{"uv":[3,2,6,13],"texture":"#1"},"up":{"uv":[0,0,3,3],"texture":"#missing"},"down":{"uv":[0,0,3,3],"texture":"#missing"}}},{"from":[11,2,8],"to":[14,13,11],"faces":{"north":{"uv":[3,2,6,13],"texture":"#1"},"east":{"uv":[3,2,6,13],"texture":"#1"},"south":{"uv":[3,2,6,13],"texture":"#1"},"west":{"uv":[3,2,6,13],"texture":"#1"},"up":{"uv":[0,0,3,3],"texture":"#missing"},"down":{"uv":[0,0,3,3],"texture":"#missing"}}},{"from":[2,12.975,2],"to":[14,13.1,14],"faces":{"north":{"uv":[3,5,4,7],"texture":"#3"},"east":{"uv":[3,5,4,7],"texture":"#3"},"south":{"uv":[3,5,4,7],"texture":"#3"},"west":{"uv":[3,5,4,7],"texture":"#3"},"up":{"uv":[3,5,4,7],"texture":"#3"},"down":{"uv":[3,5,4,7],"texture":"#3"}}},{"from":[-0.4,-0.1,-0.4],"to":[0,2.1,16.4],"faces":{"north":{"uv":[3,5,4,7],"texture":"#2"},"east":{"uv":[3,5,4,7],"texture":"#2"},"south":{"uv":[3,5,4,7],"texture":"#2"},"west":{"uv":[3,5,4,7],"texture":"#2"},"up":{"uv":[3,5,4,7],"texture":"#2"},"down":{"uv":[3,5,4,7],"texture":"#2"}}},{"from":[16,-0.1,-0.4],"to":[16.4,2.1,16.4],"faces":{"north":{"uv":[3,5,4,7],"texture":"#2"},"east":{"uv":[3,5,4,7],"texture":"#2"},"south":{"uv":[3,5,4,7],"texture":"#2"},"west":{"uv":[3,5,4,7],"texture":"#2"},"up":{"uv":[3,5,4,7],"texture":"#2"},"down":{"uv":[3,5,4,7],"texture":"#2"}}},{"from":[0,-0.1,-0.4],"to":[16,2.1,0],"faces":{"north":{"uv":[3,5,4,7],"texture":"#2"},"east":{"uv":[3,5,4,7],"texture":"#2"},"south":{"uv":[3,5,4,7],"texture":"#2"},"west":{"uv":[3,5,4,7],"texture":"#2"},"up":{"uv":[3,5,4,7],"texture":"#2"},"down":{"uv":[3,5,4,7],"texture":"#2"}}},{"from":[0,-0.1,16],"to":[16,2.1,16.4],"faces":{"north":{"uv":[3,5,4,7],"texture":"#2"},"east":{"uv":[3,5,4,7],"texture":"#2"},"south":{"uv":[3,5,4,7],"texture":"#2"},"west":{"uv":[3,5,4,7],"texture":"#2"},"up":{"uv":[3,5,4,7],"texture":"#2"},"down":{"uv":[3,5,4,7],"texture":"#2"}}},{"from":[8.3,10.9,1.7],"to":[10.6,13.4,2.1],"faces":{"north":{"uv":[3,5,4,7],"texture":"#3"},"east":{"uv":[3,5,4,7],"texture":"#3"},"south":{"uv":[3,5,4,7],"texture":"#3"},"west":{"uv":[3,5,4,7],"texture":"#3"},"up":{"uv":[3,5,4,7],"texture":"#3"},"down":{"uv":[3,5,4,7],"texture":"#3"}}},{"from":[8.33934,10.29497,1.7],"to":[9.93934,11.89497,2.1],"rotation":{"angle":45,"axis":"z","origin":[9.53934,11.39497,8]},"faces":{"north":{"uv":[3,5,4,7],"texture":"#3"},"east":{"uv":[3,5,4,7],"texture":"#3"},"south":{"uv":[3,5,4,7],"texture":"#3"},"west":{"uv":[3,5,4,7],"texture":"#3"},"up":{"uv":[3,5,4,7],"texture":"#3"},"down":{"uv":[3,5,4,7],"texture":"#3"}}},{"from":[8.3,13,2.1],"to":[10.6,13.4,4.6],"faces":{"north":{"uv":[3,5,4,7],"texture":"#3"},"east":{"uv":[3,5,4,7],"texture":"#3"},"south":{"uv":[3,5,4,7],"texture":"#3"},"west":{"uv":[3,5,4,7],"texture":"#3"},"up":{"uv":[3,5,4,7],"texture":"#3"},"down":{"uv":[3,5,4,7],"texture":"#3"}}},{"from":[7.56569,13,3.77279],"to":[9.16569,13.4,5.37279],"rotation":{"angle":-45,"axis":"y","origin":[8.86569,8,5.87279]},"faces":{"north":{"uv":[3,5,4,7],"texture":"#3"},"east":{"uv":[3,5,4,7],"texture":"#3"},"south":{"uv":[3,5,4,7],"texture":"#3"},"west":{"uv":[3,5,4,7],"texture":"#3"},"up":{"uv":[3,5,4,7],"texture":"#3"},"down":{"uv":[3,5,4,7],"texture":"#3"}}},{"from":[9.43934,10.79497,1.6],"to":[10.13934,11.49497,2],"rotation":{"angle":45,"axis":"z","origin":[9.53934,10.79497,7.9]},"faces":{"north":{"uv":[3,5,4,7],"texture":"#2"},"east":{"uv":[3,5,4,7],"texture":"#2"},"south":{"uv":[3,5,4,7],"texture":"#2"},"west":{"uv":[3,5,4,7],"texture":"#2"},"up":{"uv":[3,5,4,7],"texture":"#2"},"down":{"uv":[3,5,4,7],"texture":"#2"}}},{"from":[13.33934,13.09497,2.4],"to":[14.03934,13.49497,3.1],"rotation":{"angle":45,"axis":"y","origin":[13.43934,13.09497,8.7]},"faces":{"north":{"uv":[3,5,4,7],"texture":"#2"},"east":{"uv":[3,5,4,7],"texture":"#2"},"south":{"uv":[3,5,4,7],"texture":"#2"},"west":{"uv":[3,5,4,7],"texture":"#2"},"up":{"uv":[3,5,4,7],"texture":"#2"},"down":{"uv":[3,5,4,7],"texture":"#2"}}},{"from":[9.388,2.34,0.524],"to":[12.524,5.7,2.092],"faces":{"north":{"uv":[3,5,4,7],"texture":"#3"},"east":{"uv":[3,5,4,7],"texture":"#3"},"south":{"uv":[3,5,4,7],"texture":"#3"},"west":{"uv":[3,5,4,7],"texture":"#3"},"up":{"uv":[3,5,4,7],"texture":"#3"},"down":{"uv":[3,5,4,7],"texture":"#3"}}},{"from":[3.576,2.34,0.524],"to":[6.712,5.7,2.092],"faces":{"north":{"uv":[3,5,4,7],"texture":"#3"},"east":{"uv":[3,5,4,7],"texture":"#3"},"south":{"uv":[3,5,4,7],"texture":"#3"},"west":{"uv":[3,5,4,7],"texture":"#3"},"up":{"uv":[3,5,4,7],"texture":"#3"},"down":{"uv":[3,5,4,7],"texture":"#3"}}},{"from":[12.188,2.34,0.076],"to":[12.748,5.7,0.636],"faces":{"north":{"uv":[3,5,4,7],"texture":"#3"},"east":{"uv":[3,5,4,7],"texture":"#3"},"south":{"uv":[3,5,4,7],"texture":"#3"},"west":{"uv":[3,5,4,7],"texture":"#3"},"up":{"uv":[3,5,4,7],"texture":"#3"},"down":{"uv":[3,5,4,7],"texture":"#3"}}},{"from":[9.164,2.34,0.076],"to":[9.724,5.7,0.636],"faces":{"north":{"uv":[3,5,4,7],"texture":"#3"},"east":{"uv":[3,5,4,7],"texture":"#3"},"south":{"uv":[3,5,4,7],"texture":"#3"},"west":{"uv":[3,5,4,7],"texture":"#3"},"up":{"uv":[3,5,4,7],"texture":"#3"},"down":{"uv":[3,5,4,7],"texture":"#3"}}},{"from":[9.164,5.364,0.076],"to":[12.748,5.924,0.636],"faces":{"north":{"uv":[3,5,4,7],"texture":"#3"},"east":{"uv":[3,5,4,7],"texture":"#3"},"south":{"uv":[3,5,4,7],"texture":"#3"},"west":{"uv":[3,5,4,7],"texture":"#3"},"up":{"uv":[3,5,4,7],"texture":"#3"},"down":{"uv":[3,5,4,7],"texture":"#3"}}},{"from":[9.164,2.116,0.076],"to":[12.748,2.676,0.636],"faces":{"north":{"uv":[3,5,4,7],"texture":"#3"},"east":{"uv":[3,5,4,7],"texture":"#3"},"south":{"uv":[3,5,4,7],"texture":"#3"},"west":{"uv":[3,5,4,7],"texture":"#3"},"up":{"uv":[3,5,4,7],"texture":"#3"},"down":{"uv":[3,5,4,7],"texture":"#3"}}},{"from":[9.612,2.676,0.3],"to":[12.3,5.476,0.636],"faces":{"north":{"uv":[3,7,6,10],"texture":"#5"},"east":{"uv":[3,5,4,7],"texture":"#3"},"south":{"uv":[3,5,4,7],"texture":"#3"},"west":{"uv":[3,5,4,7],"texture":"#3"},"up":{"uv":[3,5,4,7],"texture":"#3"},"down":{"uv":[3,5,4,7],"texture":"#3"}}},{"from":[3.352,2.34,0.076],"to":[3.912,5.7,0.636],"faces":{"north":{"uv":[3,5,4,7],"texture":"#3"},"east":{"uv":[3,5,4,7],"texture":"#3"},"south":{"uv":[3,5,4,7],"texture":"#3"},"west":{"uv":[3,5,4,7],"texture":"#3"},"up":{"uv":[3,5,4,7],"texture":"#3"},"down":{"uv":[3,5,4,7],"texture":"#3"}}},{"from":[3.352,2.116,0.076],"to":[6.936,2.676,0.636],"faces":{"north":{"uv":[3,5,4,7],"texture":"#3"},"east":{"uv":[3,5,4,7],"texture":"#3"},"south":{"uv":[3,5,4,7],"texture":"#3"},"west":{"uv":[3,5,4,7],"texture":"#3"},"up":{"uv":[3,5,4,7],"texture":"#3"},"down":{"uv":[3,5,4,7],"texture":"#3"}}},{"from":[6.376,2.34,0.076],"to":[6.936,5.7,0.636],"faces":{"north":{"uv":[3,5,4,7],"texture":"#3"},"east":{"uv":[3,5,4,7],"texture":"#3"},"south":{"uv":[3,5,4,7],"texture":"#3"},"west":{"uv":[3,5,4,7],"texture":"#3"},"up":{"uv":[3,5,4,7],"texture":"#3"},"down":{"uv":[3,5,4,7],"texture":"#3"}}},{"from":[3.352,5.364,0.076],"to":[6.936,5.924,0.636],"faces":{"north":{"uv":[3,5,4,7],"texture":"#3"},"east":{"uv":[3,5,4,7],"texture":"#3"},"south":{"uv":[3,5,4,7],"texture":"#3"},"west":{"uv":[3,5,4,7],"texture":"#3"},"up":{"uv":[3,5,4,7],"texture":"#3"},"down":{"uv":[3,5,4,7],"texture":"#3"}}},{"from":[3.8,2.676,0.3],"to":[6.488,5.476,0.636],"faces":{"north":{"uv":[3,7,6,10],"texture":"#5"},"east":{"uv":[3,5,4,7],"texture":"#3"},"south":{"uv":[3,5,4,7],"texture":"#3"},"west":{"uv":[3,5,4,7],"texture":"#3"},"up":{"uv":[3,5,4,7],"texture":"#3"},"down":{"uv":[3,5,4,7],"texture":"#3"}}},{"from":[1.5,2.6,1.5],"to":[14.5,4.6,14.5],"faces":{"north":{"uv":[3,5,4,7],"texture":"#3"},"east":{"uv":[3,5,4,7],"texture":"#3"},"south":{"uv":[3,5,4,7],"texture":"#3"},"west":{"uv":[3,5,4,7],"texture":"#3"},"up":{"uv":[3,5,4,7],"texture":"#3"},"down":{"uv":[3,5,4,7],"texture":"#3"}}},{"from":[-0.07886,1.925,3.30201],"to":[0.12114,2.225,4.00201],"rotation":{"angle":45,"axis":"y","origin":[0.02114,2.075,3.65201]},"faces":{"north":{"uv":[3,5,4,7],"texture":"#3"},"east":{"uv":[3,5,4,7],"texture":"#3"},"south":{"uv":[3,5,4,7],"texture":"#3"},"west":{"uv":[3,5,4,7],"texture":"#3"},"up":{"uv":[3,5,4,7],"texture":"#3"},"down":{"uv":[3,5,4,7],"texture":"#3"}}},{"from":[-0.07886,1.925,3.90201],"to":[0.12114,2.225,4.60201],"rotation":{"angle":45,"axis":"y","origin":[0.02114,2.075,4.25201]},"faces":{"north":{"uv":[3,5,4,7],"texture":"#3"},"east":{"uv":[3,5,4,7],"texture":"#3"},"south":{"uv":[3,5,4,7],"texture":"#3"},"west":{"uv":[3,5,4,7],"texture":"#3"},"up":{"uv":[3,5,4,7],"texture":"#3"},"down":{"uv":[3,5,4,7],"texture":"#3"}}},{"from":[-0.07886,1.925,4.50201],"to":[0.12114,2.225,5.20201],"rotation":{"angle":45,"axis":"y","origin":[0.02114,2.075,4.85201]},"faces":{"north":{"uv":[3,5,4,7],"texture":"#3"},"east":{"uv":[3,5,4,7],"texture":"#3"},"south":{"uv":[3,5,4,7],"texture":"#3"},"west":{"uv":[3,5,4,7],"texture":"#3"},"up":{"uv":[3,5,4,7],"texture":"#3"},"down":{"uv":[3,5,4,7],"texture":"#3"}}},{"from":[-0.07886,1.925,6.30201],"to":[0.12114,2.225,7.00201],"rotation":{"angle":45,"axis":"y","origin":[0.02114,2.075,6.65201]},"faces":{"north":{"uv":[3,5,4,7],"texture":"#3"},"east":{"uv":[3,5,4,7],"texture":"#3"},"south":{"uv":[3,5,4,7],"texture":"#3"},"west":{"uv":[3,5,4,7],"texture":"#3"},"up":{"uv":[3,5,4,7],"texture":"#3"},"down":{"uv":[3,5,4,7],"texture":"#3"}}},{"from":[-0.07886,1.925,5.70201],"to":[0.12114,2.225,6.40201],"rotation":{"angle":45,"axis":"y","origin":[0.02114,2.075,6.05201]},"faces":{"north":{"uv":[3,5,4,7],"texture":"#3"},"east":{"uv":[3,5,4,7],"texture":"#3"},"south":{"uv":[3,5,4,7],"texture":"#3"},"west":{"uv":[3,5,4,7],"texture":"#3"},"up":{"uv":[3,5,4,7],"texture":"#3"},"down":{"uv":[3,5,4,7],"texture":"#3"}}},{"from":[-0.07886,1.925,5.10201],"to":[0.12114,2.225,5.80201],"rotation":{"angle":45,"axis":"y","origin":[0.02114,2.075,5.45201]},"faces":{"north":{"uv":[3,5,4,7],"texture":"#3"},"east":{"uv":[3,5,4,7],"texture":"#3"},"south":{"uv":[3,5,4,7],"texture":"#3"},"west":{"uv":[3,5,4,7],"texture":"#3"},"up":{"uv":[3,5,4,7],"texture":"#3"},"down":{"uv":[3,5,4,7],"texture":"#3"}}},{"from":[-0.07886,1.925,9.90201],"to":[0.12114,2.225,10.60201],"rotation":{"angle":45,"axis":"y","origin":[0.02114,2.075,10.25201]},"faces":{"north":{"uv":[3,5,4,7],"texture":"#3"},"east":{"uv":[3,5,4,7],"texture":"#3"},"south":{"uv":[3,5,4,7],"texture":"#3"},"west":{"uv":[3,5,4,7],"texture":"#3"},"up":{"uv":[3,5,4,7],"texture":"#3"},"down":{"uv":[3,5,4,7],"texture":"#3"}}},{"from":[-0.07886,1.925,9.30201],"to":[0.12114,2.225,10.00201],"rotation":{"angle":45,"axis":"y","origin":[0.02114,2.075,9.65201]},"faces":{"north":{"uv":[3,5,4,7],"texture":"#3"},"east":{"uv":[3,5,4,7],"texture":"#3"},"south":{"uv":[3,5,4,7],"texture":"#3"},"west":{"uv":[3,5,4,7],"texture":"#3"},"up":{"uv":[3,5,4,7],"texture":"#3"},"down":{"uv":[3,5,4,7],"texture":"#3"}}},{"from":[-0.07886,1.925,8.70201],"to":[0.12114,2.225,9.40201],"rotation":{"angle":45,"axis":"y","origin":[0.02114,2.075,9.05201]},"faces":{"north":{"uv":[3,5,4,7],"texture":"#3"},"east":{"uv":[3,5,4,7],"texture":"#3"},"south":{"uv":[3,5,4,7],"texture":"#3"},"west":{"uv":[3,5,4,7],"texture":"#3"},"up":{"uv":[3,5,4,7],"texture":"#3"},"down":{"uv":[3,5,4,7],"texture":"#3"}}},{"from":[-0.07886,1.925,8.10201],"to":[0.12114,2.225,8.80201],"rotation":{"angle":45,"axis":"y","origin":[0.02114,2.075,8.45201]},"faces":{"north":{"uv":[3,5,4,7],"texture":"#3"},"east":{"uv":[3,5,4,7],"texture":"#3"},"south":{"uv":[3,5,4,7],"texture":"#3"},"west":{"uv":[3,5,4,7],"texture":"#3"},"up":{"uv":[3,5,4,7],"texture":"#3"},"down":{"uv":[3,5,4,7],"texture":"#3"}}},{"from":[-0.07886,1.925,7.50201],"to":[0.12114,2.225,8.20201],"rotation":{"angle":45,"axis":"y","origin":[0.02114,2.075,7.85201]},"faces":{"north":{"uv":[3,5,4,7],"texture":"#3"},"east":{"uv":[3,5,4,7],"texture":"#3"},"south":{"uv":[3,5,4,7],"texture":"#3"},"west":{"uv":[3,5,4,7],"texture":"#3"},"up":{"uv":[3,5,4,7],"texture":"#3"},"down":{"uv":[3,5,4,7],"texture":"#3"}}},{"from":[-0.07886,1.925,6.90201],"to":[0.12114,2.225,7.60201],"rotation":{"angle":45,"axis":"y","origin":[0.02114,2.075,7.25201]},"faces":{"north":{"uv":[3,5,4,7],"texture":"#3"},"east":{"uv":[3,5,4,7],"texture":"#3"},"south":{"uv":[3,5,4,7],"texture":"#3"},"west":{"uv":[3,5,4,7],"texture":"#3"},"up":{"uv":[3,5,4,7],"texture":"#3"},"down":{"uv":[3,5,4,7],"texture":"#3"}}},{"from":[-0.07886,1.925,13.50201],"to":[0.12114,2.225,14.20201],"rotation":{"angle":45,"axis":"y","origin":[0.02114,2.075,13.85201]},"faces":{"north":{"uv":[3,5,4,7],"texture":"#3"},"east":{"uv":[3,5,4,7],"texture":"#3"},"south":{"uv":[3,5,4,7],"texture":"#3"},"west":{"uv":[3,5,4,7],"texture":"#3"},"up":{"uv":[3,5,4,7],"texture":"#3"},"down":{"uv":[3,5,4,7],"texture":"#3"}}},{"from":[-0.07886,1.925,12.90201],"to":[0.12114,2.225,13.60201],"rotation":{"angle":45,"axis":"y","origin":[0.02114,2.075,13.25201]},"faces":{"north":{"uv":[3,5,4,7],"texture":"#3"},"east":{"uv":[3,5,4,7],"texture":"#3"},"south":{"uv":[3,5,4,7],"texture":"#3"},"west":{"uv":[3,5,4,7],"texture":"#3"},"up":{"uv":[3,5,4,7],"texture":"#3"},"down":{"uv":[3,5,4,7],"texture":"#3"}}},{"from":[-0.07886,1.925,12.30201],"to":[0.12114,2.225,13.00201],"rotation":{"angle":45,"axis":"y","origin":[0.02114,2.075,12.65201]},"faces":{"north":{"uv":[3,5,4,7],"texture":"#3"},"east":{"uv":[3,5,4,7],"texture":"#3"},"south":{"uv":[3,5,4,7],"texture":"#3"},"west":{"uv":[3,5,4,7],"texture":"#3"},"up":{"uv":[3,5,4,7],"texture":"#3"},"down":{"uv":[3,5,4,7],"texture":"#3"}}},{"from":[-0.07886,1.925,11.70201],"to":[0.12114,2.225,12.40201],"rotation":{"angle":45,"axis":"y","origin":[0.02114,2.075,12.05201]},"faces":{"north":{"uv":[3,5,4,7],"texture":"#3"},"east":{"uv":[3,5,4,7],"texture":"#3"},"south":{"uv":[3,5,4,7],"texture":"#3"},"west":{"uv":[3,5,4,7],"texture":"#3"},"up":{"uv":[3,5,4,7],"texture":"#3"},"down":{"uv":[3,5,4,7],"texture":"#3"}}},{"from":[-0.07886,1.925,11.10201],"to":[0.12114,2.225,11.80201],"rotation":{"angle":45,"axis":"y","origin":[0.02114,2.075,11.45201]},"faces":{"north":{"uv":[3,5,4,7],"texture":"#3"},"east":{"uv":[3,5,4,7],"texture":"#3"},"south":{"uv":[3,5,4,7],"texture":"#3"},"west":{"uv":[3,5,4,7],"texture":"#3"},"up":{"uv":[3,5,4,7],"texture":"#3"},"down":{"uv":[3,5,4,7],"texture":"#3"}}},{"from":[-0.07886,1.925,10.50201],"to":[0.12114,2.225,11.20201],"rotation":{"angle":45,"axis":"y","origin":[0.02114,2.075,10.85201]},"faces":{"north":{"uv":[3,5,4,7],"texture":"#3"},"east":{"uv":[3,5,4,7],"texture":"#3"},"south":{"uv":[3,5,4,7],"texture":"#3"},"west":{"uv":[3,5,4,7],"texture":"#3"},"up":{"uv":[3,5,4,7],"texture":"#3"},"down":{"uv":[3,5,4,7],"texture":"#3"}}},{"from":[-0.07886,1.925,-0.29799],"to":[0.12114,2.225,0.40201],"rotation":{"angle":45,"axis":"y","origin":[0.02114,2.075,0.05201]},"faces":{"north":{"uv":[3,5,4,7],"texture":"#3"},"east":{"uv":[3,5,4,7],"texture":"#3"},"south":{"uv":[3,5,4,7],"texture":"#3"},"west":{"uv":[3,5,4,7],"texture":"#3"},"up":{"uv":[3,5,4,7],"texture":"#3"},"down":{"uv":[3,5,4,7],"texture":"#3"}}},{"from":[-0.07886,1.925,0.30201],"to":[0.12114,2.225,1.00201],"rotation":{"angle":45,"axis":"y","origin":[0.02114,2.075,0.65201]},"faces":{"north":{"uv":[3,5,4,7],"texture":"#3"},"east":{"uv":[3,5,4,7],"texture":"#3"},"south":{"uv":[3,5,4,7],"texture":"#3"},"west":{"uv":[3,5,4,7],"texture":"#3"},"up":{"uv":[3,5,4,7],"texture":"#3"},"down":{"uv":[3,5,4,7],"texture":"#3"}}},{"from":[-0.07886,1.925,0.90201],"to":[0.12114,2.225,1.60201],"rotation":{"angle":45,"axis":"y","origin":[0.02114,2.075,1.25201]},"faces":{"north":{"uv":[3,5,4,7],"texture":"#3"},"east":{"uv":[3,5,4,7],"texture":"#3"},"south":{"uv":[3,5,4,7],"texture":"#3"},"west":{"uv":[3,5,4,7],"texture":"#3"},"up":{"uv":[3,5,4,7],"texture":"#3"},"down":{"uv":[3,5,4,7],"texture":"#3"}}},{"from":[-0.07886,1.925,1.50201],"to":[0.12114,2.225,2.20201],"rotation":{"angle":45,"axis":"y","origin":[0.02114,2.075,1.85201]},"faces":{"north":{"uv":[3,5,4,7],"texture":"#3"},"east":{"uv":[3,5,4,7],"texture":"#3"},"south":{"uv":[3,5,4,7],"texture":"#3"},"west":{"uv":[3,5,4,7],"texture":"#3"},"up":{"uv":[3,5,4,7],"texture":"#3"},"down":{"uv":[3,5,4,7],"texture":"#3"}}},{"from":[-0.07886,1.925,2.10201],"to":[0.12114,2.225,2.80201],"rotation":{"angle":45,"axis":"y","origin":[0.02114,2.075,2.45201]},"faces":{"north":{"uv":[3,5,4,7],"texture":"#3"},"east":{"uv":[3,5,4,7],"texture":"#3"},"south":{"uv":[3,5,4,7],"texture":"#3"},"west":{"uv":[3,5,4,7],"texture":"#3"},"up":{"uv":[3,5,4,7],"texture":"#3"},"down":{"uv":[3,5,4,7],"texture":"#3"}}},{"from":[-0.07886,1.925,2.70201],"to":[0.12114,2.225,3.40201],"rotation":{"angle":45,"axis":"y","origin":[0.02114,2.075,3.05201]},"faces":{"north":{"uv":[3,5,4,7],"texture":"#3"},"east":{"uv":[3,5,4,7],"texture":"#3"},"south":{"uv":[3,5,4,7],"texture":"#3"},"west":{"uv":[3,5,4,7],"texture":"#3"},"up":{"uv":[3,5,4,7],"texture":"#3"},"down":{"uv":[3,5,4,7],"texture":"#3"}}},{"from":[-0.07886,1.925,15.30201],"to":[0.12114,2.225,16.00201],"rotation":{"angle":45,"axis":"y","origin":[0.02114,2.075,15.65201]},"faces":{"north":{"uv":[3,5,4,7],"texture":"#3"},"east":{"uv":[3,5,4,7],"texture":"#3"},"south":{"uv":[3,5,4,7],"texture":"#3"},"west":{"uv":[3,5,4,7],"texture":"#3"},"up":{"uv":[3,5,4,7],"texture":"#3"},"down":{"uv":[3,5,4,7],"texture":"#3"}}},{"from":[-0.07886,1.925,14.70201],"to":[0.12114,2.225,15.40201],"rotation":{"angle":45,"axis":"y","origin":[0.02114,2.075,15.05201]},"faces":{"north":{"uv":[3,5,4,7],"texture":"#3"},"east":{"uv":[3,5,4,7],"texture":"#3"},"south":{"uv":[3,5,4,7],"texture":"#3"},"west":{"uv":[3,5,4,7],"texture":"#3"},"up":{"uv":[3,5,4,7],"texture":"#3"},"down":{"uv":[3,5,4,7],"texture":"#3"}}},{"from":[-0.07886,1.925,14.10201],"to":[0.12114,2.225,14.80201],"rotation":{"angle":45,"axis":"y","origin":[0.02114,2.075,14.45201]},"faces":{"north":{"uv":[3,5,4,7],"texture":"#3"},"east":{"uv":[3,5,4,7],"texture":"#3"},"south":{"uv":[3,5,4,7],"texture":"#3"},"west":{"uv":[3,5,4,7],"texture":"#3"},"up":{"uv":[3,5,4,7],"texture":"#3"},"down":{"uv":[3,5,4,7],"texture":"#3"}}},{"from":[0,0,0],"to":[16,2,16],"faces":{"north":{"uv":[3,5,4,7],"texture":"#3"},"east":{"uv":[3,5,4,7],"texture":"#3"},"south":{"uv":[3,5,4,7],"texture":"#3"},"west":{"uv":[3,5,4,7],"texture":"#3"},"up":{"uv":[3,5,4,7],"texture":"#3"},"down":{"uv":[3,5,4,7],"texture":"#3"}}},{"from":[-0.07886,1.925,-0.29799],"to":[0.12114,2.225,0.40201],"rotation":{"angle":45,"axis":"y","origin":[0.02114,2.075,0.05201]},"faces":{"north":{"uv":[3,5,4,7],"texture":"#3"},"east":{"uv":[3,5,4,7],"texture":"#3"},"south":{"uv":[3,5,4,7],"texture":"#3"},"west":{"uv":[3,5,4,7],"texture":"#3"},"up":{"uv":[3,5,4,7],"texture":"#3"},"down":{"uv":[3,5,4,7],"texture":"#3"}}},{"from":[-0.07886,1.925,0.30201],"to":[0.12114,2.225,1.00201],"rotation":{"angle":45,"axis":"y","origin":[0.02114,2.075,0.65201]},"faces":{"north":{"uv":[3,5,4,7],"texture":"#3"},"east":{"uv":[3,5,4,7],"texture":"#3"},"south":{"uv":[3,5,4,7],"texture":"#3"},"west":{"uv":[3,5,4,7],"texture":"#3"},"up":{"uv":[3,5,4,7],"texture":"#3"},"down":{"uv":[3,5,4,7],"texture":"#3"}}},{"from":[-0.07886,1.925,0.90201],"to":[0.12114,2.225,1.60201],"rotation":{"angle":45,"axis":"y","origin":[0.02114,2.075,1.25201]},"faces":{"north":{"uv":[3,5,4,7],"texture":"#3"},"east":{"uv":[3,5,4,7],"texture":"#3"},"south":{"uv":[3,5,4,7],"texture":"#3"},"west":{"uv":[3,5,4,7],"texture":"#3"},"up":{"uv":[3,5,4,7],"texture":"#3"},"down":{"uv":[3,5,4,7],"texture":"#3"}}},{"from":[-0.07886,1.925,1.50201],"to":[0.12114,2.225,2.20201],"rotation":{"angle":45,"axis":"y","origin":[0.02114,2.075,1.85201]},"faces":{"north":{"uv":[3,5,4,7],"texture":"#3"},"east":{"uv":[3,5,4,7],"texture":"#3"},"south":{"uv":[3,5,4,7],"texture":"#3"},"west":{"uv":[3,5,4,7],"texture":"#3"},"up":{"uv":[3,5,4,7],"texture":"#3"},"down":{"uv":[3,5,4,7],"texture":"#3"}}},{"from":[-0.07886,1.925,2.10201],"to":[0.12114,2.225,2.80201],"rotation":{"angle":45,"axis":"y","origin":[0.02114,2.075,2.45201]},"faces":{"north":{"uv":[3,5,4,7],"texture":"#3"},"east":{"uv":[3,5,4,7],"texture":"#3"},"south":{"uv":[3,5,4,7],"texture":"#3"},"west":{"uv":[3,5,4,7],"texture":"#3"},"up":{"uv":[3,5,4,7],"texture":"#3"},"down":{"uv":[3,5,4,7],"texture":"#3"}}},{"from":[-0.07886,1.925,2.70201],"to":[0.12114,2.225,3.40201],"rotation":{"angle":45,"axis":"y","origin":[0.02114,2.075,3.05201]},"faces":{"north":{"uv":[3,5,4,7],"texture":"#3"},"east":{"uv":[3,5,4,7],"texture":"#3"},"south":{"uv":[3,5,4,7],"texture":"#3"},"west":{"uv":[3,5,4,7],"texture":"#3"},"up":{"uv":[3,5,4,7],"texture":"#3"},"down":{"uv":[3,5,4,7],"texture":"#3"}}},{"from":[-0.07886,1.925,3.30201],"to":[0.12114,2.225,4.00201],"rotation":{"angle":45,"axis":"y","origin":[0.02114,2.075,3.65201]},"faces":{"north":{"uv":[3,5,4,7],"texture":"#3"},"east":{"uv":[3,5,4,7],"texture":"#3"},"south":{"uv":[3,5,4,7],"texture":"#3"},"west":{"uv":[3,5,4,7],"texture":"#3"},"up":{"uv":[3,5,4,7],"texture":"#3"},"down":{"uv":[3,5,4,7],"texture":"#3"}}},{"from":[-0.07886,1.925,3.90201],"to":[0.12114,2.225,4.60201],"rotation":{"angle":45,"axis":"y","origin":[0.02114,2.075,4.25201]},"faces":{"north":{"uv":[3,5,4,7],"texture":"#3"},"east":{"uv":[3,5,4,7],"texture":"#3"},"south":{"uv":[3,5,4,7],"texture":"#3"},"west":{"uv":[3,5,4,7],"texture":"#3"},"up":{"uv":[3,5,4,7],"texture":"#3"},"down":{"uv":[3,5,4,7],"texture":"#3"}}},{"from":[-0.07886,1.925,4.50201],"to":[0.12114,2.225,5.20201],"rotation":{"angle":45,"axis":"y","origin":[0.02114,2.075,4.85201]},"faces":{"north":{"uv":[3,5,4,7],"texture":"#3"},"east":{"uv":[3,5,4,7],"texture":"#3"},"south":{"uv":[3,5,4,7],"texture":"#3"},"west":{"uv":[3,5,4,7],"texture":"#3"},"up":{"uv":[3,5,4,7],"texture":"#3"},"down":{"uv":[3,5,4,7],"texture":"#3"}}},{"from":[-0.07886,1.925,5.10201],"to":[0.12114,2.225,5.80201],"rotation":{"angle":45,"axis":"y","origin":[0.02114,2.075,5.45201]},"faces":{"north":{"uv":[3,5,4,7],"texture":"#3"},"east":{"uv":[3,5,4,7],"texture":"#3"},"south":{"uv":[3,5,4,7],"texture":"#3"},"west":{"uv":[3,5,4,7],"texture":"#3"},"up":{"uv":[3,5,4,7],"texture":"#3"},"down":{"uv":[3,5,4,7],"texture":"#3"}}},{"from":[-0.07886,1.925,5.70201],"to":[0.12114,2.225,6.40201],"rotation":{"angle":45,"axis":"y","origin":[0.02114,2.075,6.05201]},"faces":{"north":{"uv":[3,5,4,7],"texture":"#3"},"east":{"uv":[3,5,4,7],"texture":"#3"},"south":{"uv":[3,5,4,7],"texture":"#3"},"west":{"uv":[3,5,4,7],"texture":"#3"},"up":{"uv":[3,5,4,7],"texture":"#3"},"down":{"uv":[3,5,4,7],"texture":"#3"}}},{"from":[-0.07886,1.925,6.30201],"to":[0.12114,2.225,7.00201],"rotation":{"angle":45,"axis":"y","origin":[0.02114,2.075,6.65201]},"faces":{"north":{"uv":[3,5,4,7],"texture":"#3"},"east":{"uv":[3,5,4,7],"texture":"#3"},"south":{"uv":[3,5,4,7],"texture":"#3"},"west":{"uv":[3,5,4,7],"texture":"#3"},"up":{"uv":[3,5,4,7],"texture":"#3"},"down":{"uv":[3,5,4,7],"texture":"#3"}}},{"from":[-0.07886,1.925,6.90201],"to":[0.12114,2.225,7.60201],"rotation":{"angle":45,"axis":"y","origin":[0.02114,2.075,7.25201]},"faces":{"north":{"uv":[3,5,4,7],"texture":"#3"},"east":{"uv":[3,5,4,7],"texture":"#3"},"south":{"uv":[3,5,4,7],"texture":"#3"},"west":{"uv":[3,5,4,7],"texture":"#3"},"up":{"uv":[3,5,4,7],"texture":"#3"},"down":{"uv":[3,5,4,7],"texture":"#3"}}},{"from":[-0.07886,1.925,7.50201],"to":[0.12114,2.225,8.20201],"rotation":{"angle":45,"axis":"y","origin":[0.02114,2.075,7.85201]},"faces":{"north":{"uv":[3,5,4,7],"texture":"#3"},"east":{"uv":[3,5,4,7],"texture":"#3"},"south":{"uv":[3,5,4,7],"texture":"#3"},"west":{"uv":[3,5,4,7],"texture":"#3"},"up":{"uv":[3,5,4,7],"texture":"#3"},"down":{"uv":[3,5,4,7],"texture":"#3"}}},{"from":[-0.07886,1.925,8.10201],"to":[0.12114,2.225,8.80201],"rotation":{"angle":45,"axis":"y","origin":[0.02114,2.075,8.45201]},"faces":{"north":{"uv":[3,5,4,7],"texture":"#3"},"east":{"uv":[3,5,4,7],"texture":"#3"},"south":{"uv":[3,5,4,7],"texture":"#3"},"west":{"uv":[3,5,4,7],"texture":"#3"},"up":{"uv":[3,5,4,7],"texture":"#3"},"down":{"uv":[3,5,4,7],"texture":"#3"}}},{"from":[-0.07886,1.925,8.70201],"to":[0.12114,2.225,9.40201],"rotation":{"angle":45,"axis":"y","origin":[0.02114,2.075,9.05201]},"faces":{"north":{"uv":[3,5,4,7],"texture":"#3"},"east":{"uv":[3,5,4,7],"texture":"#3"},"south":{"uv":[3,5,4,7],"texture":"#3"},"west":{"uv":[3,5,4,7],"texture":"#3"},"up":{"uv":[3,5,4,7],"texture":"#3"},"down":{"uv":[3,5,4,7],"texture":"#3"}}},{"from":[-0.07886,1.925,9.30201],"to":[0.12114,2.225,10.00201],"rotation":{"angle":45,"axis":"y","origin":[0.02114,2.075,9.65201]},"faces":{"north":{"uv":[3,5,4,7],"texture":"#3"},"east":{"uv":[3,5,4,7],"texture":"#3"},"south":{"uv":[3,5,4,7],"texture":"#3"},"west":{"uv":[3,5,4,7],"texture":"#3"},"up":{"uv":[3,5,4,7],"texture":"#3"},"down":{"uv":[3,5,4,7],"texture":"#3"}}},{"from":[-0.07886,1.925,9.90201],"to":[0.12114,2.225,10.60201],"rotation":{"angle":45,"axis":"y","origin":[0.02114,2.075,10.25201]},"faces":{"north":{"uv":[3,5,4,7],"texture":"#3"},"east":{"uv":[3,5,4,7],"texture":"#3"},"south":{"uv":[3,5,4,7],"texture":"#3"},"west":{"uv":[3,5,4,7],"texture":"#3"},"up":{"uv":[3,5,4,7],"texture":"#3"},"down":{"uv":[3,5,4,7],"texture":"#3"}}},{"from":[-0.07886,1.925,10.50201],"to":[0.12114,2.225,11.20201],"rotation":{"angle":45,"axis":"y","origin":[0.02114,2.075,10.85201]},"faces":{"north":{"uv":[3,5,4,7],"texture":"#3"},"east":{"uv":[3,5,4,7],"texture":"#3"},"south":{"uv":[3,5,4,7],"texture":"#3"},"west":{"uv":[3,5,4,7],"texture":"#3"},"up":{"uv":[3,5,4,7],"texture":"#3"},"down":{"uv":[3,5,4,7],"texture":"#3"}}},{"from":[-0.07886,1.925,11.10201],"to":[0.12114,2.225,11.80201],"rotation":{"angle":45,"axis":"y","origin":[0.02114,2.075,11.45201]},"faces":{"north":{"uv":[3,5,4,7],"texture":"#3"},"east":{"uv":[3,5,4,7],"texture":"#3"},"south":{"uv":[3,5,4,7],"texture":"#3"},"west":{"uv":[3,5,4,7],"texture":"#3"},"up":{"uv":[3,5,4,7],"texture":"#3"},"down":{"uv":[3,5,4,7],"texture":"#3"}}},{"from":[-0.07886,1.925,11.70201],"to":[0.12114,2.225,12.40201],"rotation":{"angle":45,"axis":"y","origin":[0.02114,2.075,12.05201]},"faces":{"north":{"uv":[3,5,4,7],"texture":"#3"},"east":{"uv":[3,5,4,7],"texture":"#3"},"south":{"uv":[3,5,4,7],"texture":"#3"},"west":{"uv":[3,5,4,7],"texture":"#3"},"up":{"uv":[3,5,4,7],"texture":"#3"},"down":{"uv":[3,5,4,7],"texture":"#3"}}},{"from":[-0.07886,1.925,12.30201],"to":[0.12114,2.225,13.00201],"rotation":{"angle":45,"axis":"y","origin":[0.02114,2.075,12.65201]},"faces":{"north":{"uv":[3,5,4,7],"texture":"#3"},"east":{"uv":[3,5,4,7],"texture":"#3"},"south":{"uv":[3,5,4,7],"texture":"#3"},"west":{"uv":[3,5,4,7],"texture":"#3"},"up":{"uv":[3,5,4,7],"texture":"#3"},"down":{"uv":[3,5,4,7],"texture":"#3"}}},{"from":[-0.07886,1.925,12.90201],"to":[0.12114,2.225,13.60201],"rotation":{"angle":45,"axis":"y","origin":[0.02114,2.075,13.25201]},"faces":{"north":{"uv":[3,5,4,7],"texture":"#3"},"east":{"uv":[3,5,4,7],"texture":"#3"},"south":{"uv":[3,5,4,7],"texture":"#3"},"west":{"uv":[3,5,4,7],"texture":"#3"},"up":{"uv":[3,5,4,7],"texture":"#3"},"down":{"uv":[3,5,4,7],"texture":"#3"}}},{"from":[-0.07886,1.925,13.50201],"to":[0.12114,2.225,14.20201],"rotation":{"angle":45,"axis":"y","origin":[0.02114,2.075,13.85201]},"faces":{"north":{"uv":[3,5,4,7],"texture":"#3"},"east":{"uv":[3,5,4,7],"texture":"#3"},"south":{"uv":[3,5,4,7],"texture":"#3"},"west":{"uv":[3,5,4,7],"texture":"#3"},"up":{"uv":[3,5,4,7],"texture":"#3"},"down":{"uv":[3,5,4,7],"texture":"#3"}}},{"from":[-0.07886,1.925,14.10201],"to":[0.12114,2.225,14.80201],"rotation":{"angle":45,"axis":"y","origin":[0.02114,2.075,14.45201]},"faces":{"north":{"uv":[3,5,4,7],"texture":"#3"},"east":{"uv":[3,5,4,7],"texture":"#3"},"south":{"uv":[3,5,4,7],"texture":"#3"},"west":{"uv":[3,5,4,7],"texture":"#3"},"up":{"uv":[3,5,4,7],"texture":"#3"},"down":{"uv":[3,5,4,7],"texture":"#3"}}},{"from":[-0.07886,1.925,14.70201],"to":[0.12114,2.225,15.40201],"rotation":{"angle":45,"axis":"y","origin":[0.02114,2.075,15.05201]},"faces":{"north":{"uv":[3,5,4,7],"texture":"#3"},"east":{"uv":[3,5,4,7],"texture":"#3"},"south":{"uv":[3,5,4,7],"texture":"#3"},"west":{"uv":[3,5,4,7],"texture":"#3"},"up":{"uv":[3,5,4,7],"texture":"#3"},"down":{"uv":[3,5,4,7],"texture":"#3"}}},{"from":[-0.07886,1.925,15.30201],"to":[0.12114,2.225,16.00201],"rotation":{"angle":45,"axis":"y","origin":[0.02114,2.075,15.65201]},"faces":{"north":{"uv":[3,5,4,7],"texture":"#3"},"east":{"uv":[3,5,4,7],"texture":"#3"},"south":{"uv":[3,5,4,7],"texture":"#3"},"west":{"uv":[3,5,4,7],"texture":"#3"},"up":{"uv":[3,5,4,7],"texture":"#3"},"down":{"uv":[3,5,4,7],"texture":"#3"}}},{"from":[15.84614,1.925,-0.29799],"to":[16.04614,2.225,0.40201],"rotation":{"angle":45,"axis":"y","origin":[15.94614,2.075,0.05201]},"faces":{"north":{"uv":[3,5,4,7],"texture":"#3"},"east":{"uv":[3,5,4,7],"texture":"#3"},"south":{"uv":[3,5,4,7],"texture":"#3"},"west":{"uv":[3,5,4,7],"texture":"#3"},"up":{"uv":[3,5,4,7],"texture":"#3"},"down":{"uv":[3,5,4,7],"texture":"#3"}}},{"from":[15.84614,1.925,0.30201],"to":[16.04614,2.225,1.00201],"rotation":{"angle":45,"axis":"y","origin":[15.94614,2.075,0.65201]},"faces":{"north":{"uv":[3,5,4,7],"texture":"#3"},"east":{"uv":[3,5,4,7],"texture":"#3"},"south":{"uv":[3,5,4,7],"texture":"#3"},"west":{"uv":[3,5,4,7],"texture":"#3"},"up":{"uv":[3,5,4,7],"texture":"#3"},"down":{"uv":[3,5,4,7],"texture":"#3"}}},{"from":[15.84614,1.925,0.90201],"to":[16.04614,2.225,1.60201],"rotation":{"angle":45,"axis":"y","origin":[15.94614,2.075,1.25201]},"faces":{"north":{"uv":[3,5,4,7],"texture":"#3"},"east":{"uv":[3,5,4,7],"texture":"#3"},"south":{"uv":[3,5,4,7],"texture":"#3"},"west":{"uv":[3,5,4,7],"texture":"#3"},"up":{"uv":[3,5,4,7],"texture":"#3"},"down":{"uv":[3,5,4,7],"texture":"#3"}}},{"from":[15.84614,1.925,1.50201],"to":[16.04614,2.225,2.20201],"rotation":{"angle":45,"axis":"y","origin":[15.94614,2.075,1.85201]},"faces":{"north":{"uv":[3,5,4,7],"texture":"#3"},"east":{"uv":[3,5,4,7],"texture":"#3"},"south":{"uv":[3,5,4,7],"texture":"#3"},"west":{"uv":[3,5,4,7],"texture":"#3"},"up":{"uv":[3,5,4,7],"texture":"#3"},"down":{"uv":[3,5,4,7],"texture":"#3"}}},{"from":[15.84614,1.925,2.10201],"to":[16.04614,2.225,2.80201],"rotation":{"angle":45,"axis":"y","origin":[15.94614,2.075,2.45201]},"faces":{"north":{"uv":[3,5,4,7],"texture":"#3"},"east":{"uv":[3,5,4,7],"texture":"#3"},"south":{"uv":[3,5,4,7],"texture":"#3"},"west":{"uv":[3,5,4,7],"texture":"#3"},"up":{"uv":[3,5,4,7],"texture":"#3"},"down":{"uv":[3,5,4,7],"texture":"#3"}}},{"from":[15.84614,1.925,2.70201],"to":[16.04614,2.225,3.40201],"rotation":{"angle":45,"axis":"y","origin":[15.94614,2.075,3.05201]},"faces":{"north":{"uv":[3,5,4,7],"texture":"#3"},"east":{"uv":[3,5,4,7],"texture":"#3"},"south":{"uv":[3,5,4,7],"texture":"#3"},"west":{"uv":[3,5,4,7],"texture":"#3"},"up":{"uv":[3,5,4,7],"texture":"#3"},"down":{"uv":[3,5,4,7],"texture":"#3"}}},{"from":[15.84614,1.925,3.30201],"to":[16.04614,2.225,4.00201],"rotation":{"angle":45,"axis":"y","origin":[15.94614,2.075,3.65201]},"faces":{"north":{"uv":[3,5,4,7],"texture":"#3"},"east":{"uv":[3,5,4,7],"texture":"#3"},"south":{"uv":[3,5,4,7],"texture":"#3"},"west":{"uv":[3,5,4,7],"texture":"#3"},"up":{"uv":[3,5,4,7],"texture":"#3"},"down":{"uv":[3,5,4,7],"texture":"#3"}}},{"from":[15.84614,1.925,3.90201],"to":[16.04614,2.225,4.60201],"rotation":{"angle":45,"axis":"y","origin":[15.94614,2.075,4.25201]},"faces":{"north":{"uv":[3,5,4,7],"texture":"#3"},"east":{"uv":[3,5,4,7],"texture":"#3"},"south":{"uv":[3,5,4,7],"texture":"#3"},"west":{"uv":[3,5,4,7],"texture":"#3"},"up":{"uv":[3,5,4,7],"texture":"#3"},"down":{"uv":[3,5,4,7],"texture":"#3"}}},{"from":[15.84614,1.925,4.50201],"to":[16.04614,2.225,5.20201],"rotation":{"angle":45,"axis":"y","origin":[15.94614,2.075,4.85201]},"faces":{"north":{"uv":[3,5,4,7],"texture":"#3"},"east":{"uv":[3,5,4,7],"texture":"#3"},"south":{"uv":[3,5,4,7],"texture":"#3"},"west":{"uv":[3,5,4,7],"texture":"#3"},"up":{"uv":[3,5,4,7],"texture":"#3"},"down":{"uv":[3,5,4,7],"texture":"#3"}}},{"from":[15.84614,1.925,5.10201],"to":[16.04614,2.225,5.80201],"rotation":{"angle":45,"axis":"y","origin":[15.94614,2.075,5.45201]},"faces":{"north":{"uv":[3,5,4,7],"texture":"#3"},"east":{"uv":[3,5,4,7],"texture":"#3"},"south":{"uv":[3,5,4,7],"texture":"#3"},"west":{"uv":[3,5,4,7],"texture":"#3"},"up":{"uv":[3,5,4,7],"texture":"#3"},"down":{"uv":[3,5,4,7],"texture":"#3"}}},{"from":[15.84614,1.925,5.70201],"to":[16.04614,2.225,6.40201],"rotation":{"angle":45,"axis":"y","origin":[15.94614,2.075,6.05201]},"faces":{"north":{"uv":[3,5,4,7],"texture":"#3"},"east":{"uv":[3,5,4,7],"texture":"#3"},"south":{"uv":[3,5,4,7],"texture":"#3"},"west":{"uv":[3,5,4,7],"texture":"#3"},"up":{"uv":[3,5,4,7],"texture":"#3"},"down":{"uv":[3,5,4,7],"texture":"#3"}}},{"from":[15.84614,1.925,6.30201],"to":[16.04614,2.225,7.00201],"rotation":{"angle":45,"axis":"y","origin":[15.94614,2.075,6.65201]},"faces":{"north":{"uv":[3,5,4,7],"texture":"#3"},"east":{"uv":[3,5,4,7],"texture":"#3"},"south":{"uv":[3,5,4,7],"texture":"#3"},"west":{"uv":[3,5,4,7],"texture":"#3"},"up":{"uv":[3,5,4,7],"texture":"#3"},"down":{"uv":[3,5,4,7],"texture":"#3"}}},{"from":[15.84614,1.925,6.90201],"to":[16.04614,2.225,7.60201],"rotation":{"angle":45,"axis":"y","origin":[15.94614,2.075,7.25201]},"faces":{"north":{"uv":[3,5,4,7],"texture":"#3"},"east":{"uv":[3,5,4,7],"texture":"#3"},"south":{"uv":[3,5,4,7],"texture":"#3"},"west":{"uv":[3,5,4,7],"texture":"#3"},"up":{"uv":[3,5,4,7],"texture":"#3"},"down":{"uv":[3,5,4,7],"texture":"#3"}}},{"from":[15.84614,1.925,7.50201],"to":[16.04614,2.225,8.20201],"rotation":{"angle":45,"axis":"y","origin":[15.94614,2.075,7.85201]},"faces":{"north":{"uv":[3,5,4,7],"texture":"#3"},"east":{"uv":[3,5,4,7],"texture":"#3"},"south":{"uv":[3,5,4,7],"texture":"#3"},"west":{"uv":[3,5,4,7],"texture":"#3"},"up":{"uv":[3,5,4,7],"texture":"#3"},"down":{"uv":[3,5,4,7],"texture":"#3"}}},{"from":[15.84614,1.925,8.10201],"to":[16.04614,2.225,8.80201],"rotation":{"angle":45,"axis":"y","origin":[15.94614,2.075,8.45201]},"faces":{"north":{"uv":[3,5,4,7],"texture":"#3"},"east":{"uv":[3,5,4,7],"texture":"#3"},"south":{"uv":[3,5,4,7],"texture":"#3"},"west":{"uv":[3,5,4,7],"texture":"#3"},"up":{"uv":[3,5,4,7],"texture":"#3"},"down":{"uv":[3,5,4,7],"texture":"#3"}}},{"from":[15.84614,1.925,8.70201],"to":[16.04614,2.225,9.40201],"rotation":{"angle":45,"axis":"y","origin":[15.94614,2.075,9.05201]},"faces":{"north":{"uv":[3,5,4,7],"texture":"#3"},"east":{"uv":[3,5,4,7],"texture":"#3"},"south":{"uv":[3,5,4,7],"texture":"#3"},"west":{"uv":[3,5,4,7],"texture":"#3"},"up":{"uv":[3,5,4,7],"texture":"#3"},"down":{"uv":[3,5,4,7],"texture":"#3"}}},{"from":[15.84614,1.925,9.30201],"to":[16.04614,2.225,10.00201],"rotation":{"angle":45,"axis":"y","origin":[15.94614,2.075,9.65201]},"faces":{"north":{"uv":[3,5,4,7],"texture":"#3"},"east":{"uv":[3,5,4,7],"texture":"#3"},"south":{"uv":[3,5,4,7],"texture":"#3"},"west":{"uv":[3,5,4,7],"texture":"#3"},"up":{"uv":[3,5,4,7],"texture":"#3"},"down":{"uv":[3,5,4,7],"texture":"#3"}}},{"from":[15.84614,1.925,9.90201],"to":[16.04614,2.225,10.60201],"rotation":{"angle":45,"axis":"y","origin":[15.94614,2.075,10.25201]},"faces":{"north":{"uv":[3,5,4,7],"texture":"#3"},"east":{"uv":[3,5,4,7],"texture":"#3"},"south":{"uv":[3,5,4,7],"texture":"#3"},"west":{"uv":[3,5,4,7],"texture":"#3"},"up":{"uv":[3,5,4,7],"texture":"#3"},"down":{"uv":[3,5,4,7],"texture":"#3"}}},{"from":[15.84614,1.925,10.50201],"to":[16.04614,2.225,11.20201],"rotation":{"angle":45,"axis":"y","origin":[15.94614,2.075,10.85201]},"faces":{"north":{"uv":[3,5,4,7],"texture":"#3"},"east":{"uv":[3,5,4,7],"texture":"#3"},"south":{"uv":[3,5,4,7],"texture":"#3"},"west":{"uv":[3,5,4,7],"texture":"#3"},"up":{"uv":[3,5,4,7],"texture":"#3"},"down":{"uv":[3,5,4,7],"texture":"#3"}}},{"from":[15.84614,1.925,11.10201],"to":[16.04614,2.225,11.80201],"rotation":{"angle":45,"axis":"y","origin":[15.94614,2.075,11.45201]},"faces":{"north":{"uv":[3,5,4,7],"texture":"#3"},"east":{"uv":[3,5,4,7],"texture":"#3"},"south":{"uv":[3,5,4,7],"texture":"#3"},"west":{"uv":[3,5,4,7],"texture":"#3"},"up":{"uv":[3,5,4,7],"texture":"#3"},"down":{"uv":[3,5,4,7],"texture":"#3"}}},{"from":[15.84614,1.925,11.70201],"to":[16.04614,2.225,12.40201],"rotation":{"angle":45,"axis":"y","origin":[15.94614,2.075,12.05201]},"faces":{"north":{"uv":[3,5,4,7],"texture":"#3"},"east":{"uv":[3,5,4,7],"texture":"#3"},"south":{"uv":[3,5,4,7],"texture":"#3"},"west":{"uv":[3,5,4,7],"texture":"#3"},"up":{"uv":[3,5,4,7],"texture":"#3"},"down":{"uv":[3,5,4,7],"texture":"#3"}}},{"from":[15.84614,1.925,12.30201],"to":[16.04614,2.225,13.00201],"rotation":{"angle":45,"axis":"y","origin":[15.94614,2.075,12.65201]},"faces":{"north":{"uv":[3,5,4,7],"texture":"#3"},"east":{"uv":[3,5,4,7],"texture":"#3"},"south":{"uv":[3,5,4,7],"texture":"#3"},"west":{"uv":[3,5,4,7],"texture":"#3"},"up":{"uv":[3,5,4,7],"texture":"#3"},"down":{"uv":[3,5,4,7],"texture":"#3"}}},{"from":[15.84614,1.925,12.90201],"to":[16.04614,2.225,13.60201],"rotation":{"angle":45,"axis":"y","origin":[15.94614,2.075,13.25201]},"faces":{"north":{"uv":[3,5,4,7],"texture":"#3"},"east":{"uv":[3,5,4,7],"texture":"#3"},"south":{"uv":[3,5,4,7],"texture":"#3"},"west":{"uv":[3,5,4,7],"texture":"#3"},"up":{"uv":[3,5,4,7],"texture":"#3"},"down":{"uv":[3,5,4,7],"texture":"#3"}}},{"from":[15.84614,1.925,13.50201],"to":[16.04614,2.225,14.20201],"rotation":{"angle":45,"axis":"y","origin":[15.94614,2.075,13.85201]},"faces":{"north":{"uv":[3,5,4,7],"texture":"#3"},"east":{"uv":[3,5,4,7],"texture":"#3"},"south":{"uv":[3,5,4,7],"texture":"#3"},"west":{"uv":[3,5,4,7],"texture":"#3"},"up":{"uv":[3,5,4,7],"texture":"#3"},"down":{"uv":[3,5,4,7],"texture":"#3"}}},{"from":[15.84614,1.925,14.10201],"to":[16.04614,2.225,14.80201],"rotation":{"angle":45,"axis":"y","origin":[15.94614,2.075,14.45201]},"faces":{"north":{"uv":[3,5,4,7],"texture":"#3"},"east":{"uv":[3,5,4,7],"texture":"#3"},"south":{"uv":[3,5,4,7],"texture":"#3"},"west":{"uv":[3,5,4,7],"texture":"#3"},"up":{"uv":[3,5,4,7],"texture":"#3"},"down":{"uv":[3,5,4,7],"texture":"#3"}}},{"from":[15.84614,1.925,14.70201],"to":[16.04614,2.225,15.40201],"rotation":{"angle":45,"axis":"y","origin":[15.94614,2.075,15.05201]},"faces":{"north":{"uv":[3,5,4,7],"texture":"#3"},"east":{"uv":[3,5,4,7],"texture":"#3"},"south":{"uv":[3,5,4,7],"texture":"#3"},"west":{"uv":[3,5,4,7],"texture":"#3"},"up":{"uv":[3,5,4,7],"texture":"#3"},"down":{"uv":[3,5,4,7],"texture":"#3"}}},{"from":[15.84614,1.925,15.30201],"to":[16.04614,2.225,16.00201],"rotation":{"angle":45,"axis":"y","origin":[15.94614,2.075,15.65201]},"faces":{"north":{"uv":[3,5,4,7],"texture":"#3"},"east":{"uv":[3,5,4,7],"texture":"#3"},"south":{"uv":[3,5,4,7],"texture":"#3"},"west":{"uv":[3,5,4,7],"texture":"#3"},"up":{"uv":[3,5,4,7],"texture":"#3"},"down":{"uv":[3,5,4,7],"texture":"#3"}}},{"from":[-0.07886,-0.225,-0.29799],"to":[0.12114,0.075,0.40201],"rotation":{"angle":45,"axis":"y","origin":[0.02114,-0.075,0.05201]},"faces":{"north":{"uv":[3,5,4,7],"texture":"#3"},"east":{"uv":[3,5,4,7],"texture":"#3"},"south":{"uv":[3,5,4,7],"texture":"#3"},"west":{"uv":[3,5,4,7],"texture":"#3"},"up":{"uv":[3,5,4,7],"texture":"#3"},"down":{"uv":[3,5,4,7],"texture":"#3"}}},{"from":[-0.07886,-0.225,0.30201],"to":[0.12114,0.075,1.00201],"rotation":{"angle":45,"axis":"y","origin":[0.02114,-0.075,0.65201]},"faces":{"north":{"uv":[3,5,4,7],"texture":"#3"},"east":{"uv":[3,5,4,7],"texture":"#3"},"south":{"uv":[3,5,4,7],"texture":"#3"},"west":{"uv":[3,5,4,7],"texture":"#3"},"up":{"uv":[3,5,4,7],"texture":"#3"},"down":{"uv":[3,5,4,7],"texture":"#3"}}},{"from":[-0.07886,-0.225,0.90201],"to":[0.12114,0.075,1.60201],"rotation":{"angle":45,"axis":"y","origin":[0.02114,-0.075,1.25201]},"faces":{"north":{"uv":[3,5,4,7],"texture":"#3"},"east":{"uv":[3,5,4,7],"texture":"#3"},"south":{"uv":[3,5,4,7],"texture":"#3"},"west":{"uv":[3,5,4,7],"texture":"#3"},"up":{"uv":[3,5,4,7],"texture":"#3"},"down":{"uv":[3,5,4,7],"texture":"#3"}}},{"from":[-0.07886,-0.225,1.50201],"to":[0.12114,0.075,2.20201],"rotation":{"angle":45,"axis":"y","origin":[0.02114,-0.075,1.85201]},"faces":{"north":{"uv":[3,5,4,7],"texture":"#3"},"east":{"uv":[3,5,4,7],"texture":"#3"},"south":{"uv":[3,5,4,7],"texture":"#3"},"west":{"uv":[3,5,4,7],"texture":"#3"},"up":{"uv":[3,5,4,7],"texture":"#3"},"down":{"uv":[3,5,4,7],"texture":"#3"}}},{"from":[-0.07886,-0.225,2.10201],"to":[0.12114,0.075,2.80201],"rotation":{"angle":45,"axis":"y","origin":[0.02114,-0.075,2.45201]},"faces":{"north":{"uv":[3,5,4,7],"texture":"#3"},"east":{"uv":[3,5,4,7],"texture":"#3"},"south":{"uv":[3,5,4,7],"texture":"#3"},"west":{"uv":[3,5,4,7],"texture":"#3"},"up":{"uv":[3,5,4,7],"texture":"#3"},"down":{"uv":[3,5,4,7],"texture":"#3"}}},{"from":[-0.07886,-0.225,2.70201],"to":[0.12114,0.075,3.40201],"rotation":{"angle":45,"axis":"y","origin":[0.02114,-0.075,3.05201]},"faces":{"north":{"uv":[3,5,4,7],"texture":"#3"},"east":{"uv":[3,5,4,7],"texture":"#3"},"south":{"uv":[3,5,4,7],"texture":"#3"},"west":{"uv":[3,5,4,7],"texture":"#3"},"up":{"uv":[3,5,4,7],"texture":"#3"},"down":{"uv":[3,5,4,7],"texture":"#3"}}},{"from":[-0.07886,-0.225,3.30201],"to":[0.12114,0.075,4.00201],"rotation":{"angle":45,"axis":"y","origin":[0.02114,-0.075,3.65201]},"faces":{"north":{"uv":[3,5,4,7],"texture":"#3"},"east":{"uv":[3,5,4,7],"texture":"#3"},"south":{"uv":[3,5,4,7],"texture":"#3"},"west":{"uv":[3,5,4,7],"texture":"#3"},"up":{"uv":[3,5,4,7],"texture":"#3"},"down":{"uv":[3,5,4,7],"texture":"#3"}}},{"from":[-0.07886,-0.225,3.90201],"to":[0.12114,0.075,4.60201],"rotation":{"angle":45,"axis":"y","origin":[0.02114,-0.075,4.25201]},"faces":{"north":{"uv":[3,5,4,7],"texture":"#3"},"east":{"uv":[3,5,4,7],"texture":"#3"},"south":{"uv":[3,5,4,7],"texture":"#3"},"west":{"uv":[3,5,4,7],"texture":"#3"},"up":{"uv":[3,5,4,7],"texture":"#3"},"down":{"uv":[3,5,4,7],"texture":"#3"}}},{"from":[-0.07886,-0.225,4.50201],"to":[0.12114,0.075,5.20201],"rotation":{"angle":45,"axis":"y","origin":[0.02114,-0.075,4.85201]},"faces":{"north":{"uv":[3,5,4,7],"texture":"#3"},"east":{"uv":[3,5,4,7],"texture":"#3"},"south":{"uv":[3,5,4,7],"texture":"#3"},"west":{"uv":[3,5,4,7],"texture":"#3"},"up":{"uv":[3,5,4,7],"texture":"#3"},"down":{"uv":[3,5,4,7],"texture":"#3"}}},{"from":[-0.07886,-0.225,5.10201],"to":[0.12114,0.075,5.80201],"rotation":{"angle":45,"axis":"y","origin":[0.02114,-0.075,5.45201]},"faces":{"north":{"uv":[3,5,4,7],"texture":"#3"},"east":{"uv":[3,5,4,7],"texture":"#3"},"south":{"uv":[3,5,4,7],"texture":"#3"},"west":{"uv":[3,5,4,7],"texture":"#3"},"up":{"uv":[3,5,4,7],"texture":"#3"},"down":{"uv":[3,5,4,7],"texture":"#3"}}},{"from":[-0.07886,-0.225,5.70201],"to":[0.12114,0.075,6.40201],"rotation":{"angle":45,"axis":"y","origin":[0.02114,-0.075,6.05201]},"faces":{"north":{"uv":[3,5,4,7],"texture":"#3"},"east":{"uv":[3,5,4,7],"texture":"#3"},"south":{"uv":[3,5,4,7],"texture":"#3"},"west":{"uv":[3,5,4,7],"texture":"#3"},"up":{"uv":[3,5,4,7],"texture":"#3"},"down":{"uv":[3,5,4,7],"texture":"#3"}}},{"from":[-0.07886,-0.225,6.30201],"to":[0.12114,0.075,7.00201],"rotation":{"angle":45,"axis":"y","origin":[0.02114,-0.075,6.65201]},"faces":{"north":{"uv":[3,5,4,7],"texture":"#3"},"east":{"uv":[3,5,4,7],"texture":"#3"},"south":{"uv":[3,5,4,7],"texture":"#3"},"west":{"uv":[3,5,4,7],"texture":"#3"},"up":{"uv":[3,5,4,7],"texture":"#3"},"down":{"uv":[3,5,4,7],"texture":"#3"}}},{"from":[-0.07886,-0.225,6.90201],"to":[0.12114,0.075,7.60201],"rotation":{"angle":45,"axis":"y","origin":[0.02114,-0.075,7.25201]},"faces":{"north":{"uv":[3,5,4,7],"texture":"#3"},"east":{"uv":[3,5,4,7],"texture":"#3"},"south":{"uv":[3,5,4,7],"texture":"#3"},"west":{"uv":[3,5,4,7],"texture":"#3"},"up":{"uv":[3,5,4,7],"texture":"#3"},"down":{"uv":[3,5,4,7],"texture":"#3"}}},{"from":[-0.07886,-0.225,7.50201],"to":[0.12114,0.075,8.20201],"rotation":{"angle":45,"axis":"y","origin":[0.02114,-0.075,7.85201]},"faces":{"north":{"uv":[3,5,4,7],"texture":"#3"},"east":{"uv":[3,5,4,7],"texture":"#3"},"south":{"uv":[3,5,4,7],"texture":"#3"},"west":{"uv":[3,5,4,7],"texture":"#3"},"up":{"uv":[3,5,4,7],"texture":"#3"},"down":{"uv":[3,5,4,7],"texture":"#3"}}},{"from":[-0.07886,-0.225,8.10201],"to":[0.12114,0.075,8.80201],"rotation":{"angle":45,"axis":"y","origin":[0.02114,-0.075,8.45201]},"faces":{"north":{"uv":[3,5,4,7],"texture":"#3"},"east":{"uv":[3,5,4,7],"texture":"#3"},"south":{"uv":[3,5,4,7],"texture":"#3"},"west":{"uv":[3,5,4,7],"texture":"#3"},"up":{"uv":[3,5,4,7],"texture":"#3"},"down":{"uv":[3,5,4,7],"texture":"#3"}}},{"from":[-0.07886,-0.225,8.70201],"to":[0.12114,0.075,9.40201],"rotation":{"angle":45,"axis":"y","origin":[0.02114,-0.075,9.05201]},"faces":{"north":{"uv":[3,5,4,7],"texture":"#3"},"east":{"uv":[3,5,4,7],"texture":"#3"},"south":{"uv":[3,5,4,7],"texture":"#3"},"west":{"uv":[3,5,4,7],"texture":"#3"},"up":{"uv":[3,5,4,7],"texture":"#3"},"down":{"uv":[3,5,4,7],"texture":"#3"}}},{"from":[-0.07886,-0.225,9.30201],"to":[0.12114,0.075,10.00201],"rotation":{"angle":45,"axis":"y","origin":[0.02114,-0.075,9.65201]},"faces":{"north":{"uv":[3,5,4,7],"texture":"#3"},"east":{"uv":[3,5,4,7],"texture":"#3"},"south":{"uv":[3,5,4,7],"texture":"#3"},"west":{"uv":[3,5,4,7],"texture":"#3"},"up":{"uv":[3,5,4,7],"texture":"#3"},"down":{"uv":[3,5,4,7],"texture":"#3"}}},{"from":[-0.07886,-0.225,9.90201],"to":[0.12114,0.075,10.60201],"rotation":{"angle":45,"axis":"y","origin":[0.02114,-0.075,10.25201]},"faces":{"north":{"uv":[3,5,4,7],"texture":"#3"},"east":{"uv":[3,5,4,7],"texture":"#3"},"south":{"uv":[3,5,4,7],"texture":"#3"},"west":{"uv":[3,5,4,7],"texture":"#3"},"up":{"uv":[3,5,4,7],"texture":"#3"},"down":{"uv":[3,5,4,7],"texture":"#3"}}},{"from":[-0.07886,-0.225,10.50201],"to":[0.12114,0.075,11.20201],"rotation":{"angle":45,"axis":"y","origin":[0.02114,-0.075,10.85201]},"faces":{"north":{"uv":[3,5,4,7],"texture":"#3"},"east":{"uv":[3,5,4,7],"texture":"#3"},"south":{"uv":[3,5,4,7],"texture":"#3"},"west":{"uv":[3,5,4,7],"texture":"#3"},"up":{"uv":[3,5,4,7],"texture":"#3"},"down":{"uv":[3,5,4,7],"texture":"#3"}}},{"from":[-0.07886,-0.225,11.10201],"to":[0.12114,0.075,11.80201],"rotation":{"angle":45,"axis":"y","origin":[0.02114,-0.075,11.45201]},"faces":{"north":{"uv":[3,5,4,7],"texture":"#3"},"east":{"uv":[3,5,4,7],"texture":"#3"},"south":{"uv":[3,5,4,7],"texture":"#3"},"west":{"uv":[3,5,4,7],"texture":"#3"},"up":{"uv":[3,5,4,7],"texture":"#3"},"down":{"uv":[3,5,4,7],"texture":"#3"}}},{"from":[-0.07886,-0.225,11.70201],"to":[0.12114,0.075,12.40201],"rotation":{"angle":45,"axis":"y","origin":[0.02114,-0.075,12.05201]},"faces":{"north":{"uv":[3,5,4,7],"texture":"#3"},"east":{"uv":[3,5,4,7],"texture":"#3"},"south":{"uv":[3,5,4,7],"texture":"#3"},"west":{"uv":[3,5,4,7],"texture":"#3"},"up":{"uv":[3,5,4,7],"texture":"#3"},"down":{"uv":[3,5,4,7],"texture":"#3"}}},{"from":[-0.07886,-0.225,12.30201],"to":[0.12114,0.075,13.00201],"rotation":{"angle":45,"axis":"y","origin":[0.02114,-0.075,12.65201]},"faces":{"north":{"uv":[3,5,4,7],"texture":"#3"},"east":{"uv":[3,5,4,7],"texture":"#3"},"south":{"uv":[3,5,4,7],"texture":"#3"},"west":{"uv":[3,5,4,7],"texture":"#3"},"up":{"uv":[3,5,4,7],"texture":"#3"},"down":{"uv":[3,5,4,7],"texture":"#3"}}},{"from":[-0.07886,-0.225,12.90201],"to":[0.12114,0.075,13.60201],"rotation":{"angle":45,"axis":"y","origin":[0.02114,-0.075,13.25201]},"faces":{"north":{"uv":[3,5,4,7],"texture":"#3"},"east":{"uv":[3,5,4,7],"texture":"#3"},"south":{"uv":[3,5,4,7],"texture":"#3"},"west":{"uv":[3,5,4,7],"texture":"#3"},"up":{"uv":[3,5,4,7],"texture":"#3"},"down":{"uv":[3,5,4,7],"texture":"#3"}}},{"from":[-0.07886,-0.225,13.50201],"to":[0.12114,0.075,14.20201],"rotation":{"angle":45,"axis":"y","origin":[0.02114,-0.075,13.85201]},"faces":{"north":{"uv":[3,5,4,7],"texture":"#3"},"east":{"uv":[3,5,4,7],"texture":"#3"},"south":{"uv":[3,5,4,7],"texture":"#3"},"west":{"uv":[3,5,4,7],"texture":"#3"},"up":{"uv":[3,5,4,7],"texture":"#3"},"down":{"uv":[3,5,4,7],"texture":"#3"}}},{"from":[-0.07886,-0.225,14.10201],"to":[0.12114,0.075,14.80201],"rotation":{"angle":45,"axis":"y","origin":[0.02114,-0.075,14.45201]},"faces":{"north":{"uv":[3,5,4,7],"texture":"#3"},"east":{"uv":[3,5,4,7],"texture":"#3"},"south":{"uv":[3,5,4,7],"texture":"#3"},"west":{"uv":[3,5,4,7],"texture":"#3"},"up":{"uv":[3,5,4,7],"texture":"#3"},"down":{"uv":[3,5,4,7],"texture":"#3"}}},{"from":[-0.07886,-0.225,14.70201],"to":[0.12114,0.075,15.40201],"rotation":{"angle":45,"axis":"y","origin":[0.02114,-0.075,15.05201]},"faces":{"north":{"uv":[3,5,4,7],"texture":"#3"},"east":{"uv":[3,5,4,7],"texture":"#3"},"south":{"uv":[3,5,4,7],"texture":"#3"},"west":{"uv":[3,5,4,7],"texture":"#3"},"up":{"uv":[3,5,4,7],"texture":"#3"},"down":{"uv":[3,5,4,7],"texture":"#3"}}},{"from":[-0.07886,-0.225,15.30201],"to":[0.12114,0.075,16.00201],"rotation":{"angle":45,"axis":"y","origin":[0.02114,-0.075,15.65201]},"faces":{"north":{"uv":[3,5,4,7],"texture":"#3"},"east":{"uv":[3,5,4,7],"texture":"#3"},"south":{"uv":[3,5,4,7],"texture":"#3"},"west":{"uv":[3,5,4,7],"texture":"#3"},"up":{"uv":[3,5,4,7],"texture":"#3"},"down":{"uv":[3,5,4,7],"texture":"#3"}}},{"from":[15.84614,-0.225,15.30201],"to":[16.04614,0.075,16.00201],"rotation":{"angle":45,"axis":"y","origin":[15.94614,-0.075,15.65201]},"faces":{"north":{"uv":[3,5,4,7],"texture":"#3"},"east":{"uv":[3,5,4,7],"texture":"#3"},"south":{"uv":[3,5,4,7],"texture":"#3"},"west":{"uv":[3,5,4,7],"texture":"#3"},"up":{"uv":[3,5,4,7],"texture":"#3"},"down":{"uv":[3,5,4,7],"texture":"#3"}}},{"from":[15.84614,-0.225,14.70201],"to":[16.04614,0.075,15.40201],"rotation":{"angle":45,"axis":"y","origin":[15.94614,-0.075,15.05201]},"faces":{"north":{"uv":[3,5,4,7],"texture":"#3"},"east":{"uv":[3,5,4,7],"texture":"#3"},"south":{"uv":[3,5,4,7],"texture":"#3"},"west":{"uv":[3,5,4,7],"texture":"#3"},"up":{"uv":[3,5,4,7],"texture":"#3"},"down":{"uv":[3,5,4,7],"texture":"#3"}}},{"from":[15.84614,-0.225,14.10201],"to":[16.04614,0.075,14.80201],"rotation":{"angle":45,"axis":"y","origin":[15.94614,-0.075,14.45201]},"faces":{"north":{"uv":[3,5,4,7],"texture":"#3"},"east":{"uv":[3,5,4,7],"texture":"#3"},"south":{"uv":[3,5,4,7],"texture":"#3"},"west":{"uv":[3,5,4,7],"texture":"#3"},"up":{"uv":[3,5,4,7],"texture":"#3"},"down":{"uv":[3,5,4,7],"texture":"#3"}}},{"from":[15.84614,-0.225,13.50201],"to":[16.04614,0.075,14.20201],"rotation":{"angle":45,"axis":"y","origin":[15.94614,-0.075,13.85201]},"faces":{"north":{"uv":[3,5,4,7],"texture":"#3"},"east":{"uv":[3,5,4,7],"texture":"#3"},"south":{"uv":[3,5,4,7],"texture":"#3"},"west":{"uv":[3,5,4,7],"texture":"#3"},"up":{"uv":[3,5,4,7],"texture":"#3"},"down":{"uv":[3,5,4,7],"texture":"#3"}}},{"from":[15.84614,-0.225,12.90201],"to":[16.04614,0.075,13.60201],"rotation":{"angle":45,"axis":"y","origin":[15.94614,-0.075,13.25201]},"faces":{"north":{"uv":[3,5,4,7],"texture":"#3"},"east":{"uv":[3,5,4,7],"texture":"#3"},"south":{"uv":[3,5,4,7],"texture":"#3"},"west":{"uv":[3,5,4,7],"texture":"#3"},"up":{"uv":[3,5,4,7],"texture":"#3"},"down":{"uv":[3,5,4,7],"texture":"#3"}}},{"from":[15.84614,-0.225,12.30201],"to":[16.04614,0.075,13.00201],"rotation":{"angle":45,"axis":"y","origin":[15.94614,-0.075,12.65201]},"faces":{"north":{"uv":[3,5,4,7],"texture":"#3"},"east":{"uv":[3,5,4,7],"texture":"#3"},"south":{"uv":[3,5,4,7],"texture":"#3"},"west":{"uv":[3,5,4,7],"texture":"#3"},"up":{"uv":[3,5,4,7],"texture":"#3"},"down":{"uv":[3,5,4,7],"texture":"#3"}}},{"from":[15.84614,-0.225,11.70201],"to":[16.04614,0.075,12.40201],"rotation":{"angle":45,"axis":"y","origin":[15.94614,-0.075,12.05201]},"faces":{"north":{"uv":[3,5,4,7],"texture":"#3"},"east":{"uv":[3,5,4,7],"texture":"#3"},"south":{"uv":[3,5,4,7],"texture":"#3"},"west":{"uv":[3,5,4,7],"texture":"#3"},"up":{"uv":[3,5,4,7],"texture":"#3"},"down":{"uv":[3,5,4,7],"texture":"#3"}}},{"from":[15.84614,-0.225,11.10201],"to":[16.04614,0.075,11.80201],"rotation":{"angle":45,"axis":"y","origin":[15.94614,-0.075,11.45201]},"faces":{"north":{"uv":[3,5,4,7],"texture":"#3"},"east":{"uv":[3,5,4,7],"texture":"#3"},"south":{"uv":[3,5,4,7],"texture":"#3"},"west":{"uv":[3,5,4,7],"texture":"#3"},"up":{"uv":[3,5,4,7],"texture":"#3"},"down":{"uv":[3,5,4,7],"texture":"#3"}}},{"from":[15.84614,-0.225,10.50201],"to":[16.04614,0.075,11.20201],"rotation":{"angle":45,"axis":"y","origin":[15.94614,-0.075,10.85201]},"faces":{"north":{"uv":[3,5,4,7],"texture":"#3"},"east":{"uv":[3,5,4,7],"texture":"#3"},"south":{"uv":[3,5,4,7],"texture":"#3"},"west":{"uv":[3,5,4,7],"texture":"#3"},"up":{"uv":[3,5,4,7],"texture":"#3"},"down":{"uv":[3,5,4,7],"texture":"#3"}}},{"from":[15.84614,-0.225,9.90201],"to":[16.04614,0.075,10.60201],"rotation":{"angle":45,"axis":"y","origin":[15.94614,-0.075,10.25201]},"faces":{"north":{"uv":[3,5,4,7],"texture":"#3"},"east":{"uv":[3,5,4,7],"texture":"#3"},"south":{"uv":[3,5,4,7],"texture":"#3"},"west":{"uv":[3,5,4,7],"texture":"#3"},"up":{"uv":[3,5,4,7],"texture":"#3"},"down":{"uv":[3,5,4,7],"texture":"#3"}}},{"from":[15.84614,-0.225,9.30201],"to":[16.04614,0.075,10.00201],"rotation":{"angle":45,"axis":"y","origin":[15.94614,-0.075,9.65201]},"faces":{"north":{"uv":[3,5,4,7],"texture":"#3"},"east":{"uv":[3,5,4,7],"texture":"#3"},"south":{"uv":[3,5,4,7],"texture":"#3"},"west":{"uv":[3,5,4,7],"texture":"#3"},"up":{"uv":[3,5,4,7],"texture":"#3"},"down":{"uv":[3,5,4,7],"texture":"#3"}}},{"from":[15.84614,-0.225,8.70201],"to":[16.04614,0.075,9.40201],"rotation":{"angle":45,"axis":"y","origin":[15.94614,-0.075,9.05201]},"faces":{"north":{"uv":[3,5,4,7],"texture":"#3"},"east":{"uv":[3,5,4,7],"texture":"#3"},"south":{"uv":[3,5,4,7],"texture":"#3"},"west":{"uv":[3,5,4,7],"texture":"#3"},"up":{"uv":[3,5,4,7],"texture":"#3"},"down":{"uv":[3,5,4,7],"texture":"#3"}}},{"from":[15.84614,-0.225,8.10201],"to":[16.04614,0.075,8.80201],"rotation":{"angle":45,"axis":"y","origin":[15.94614,-0.075,8.45201]},"faces":{"north":{"uv":[3,5,4,7],"texture":"#3"},"east":{"uv":[3,5,4,7],"texture":"#3"},"south":{"uv":[3,5,4,7],"texture":"#3"},"west":{"uv":[3,5,4,7],"texture":"#3"},"up":{"uv":[3,5,4,7],"texture":"#3"},"down":{"uv":[3,5,4,7],"texture":"#3"}}},{"from":[15.84614,-0.225,7.50201],"to":[16.04614,0.075,8.20201],"rotation":{"angle":45,"axis":"y","origin":[15.94614,-0.075,7.85201]},"faces":{"north":{"uv":[3,5,4,7],"texture":"#3"},"east":{"uv":[3,5,4,7],"texture":"#3"},"south":{"uv":[3,5,4,7],"texture":"#3"},"west":{"uv":[3,5,4,7],"texture":"#3"},"up":{"uv":[3,5,4,7],"texture":"#3"},"down":{"uv":[3,5,4,7],"texture":"#3"}}},{"from":[15.84614,-0.225,6.90201],"to":[16.04614,0.075,7.60201],"rotation":{"angle":45,"axis":"y","origin":[15.94614,-0.075,7.25201]},"faces":{"north":{"uv":[3,5,4,7],"texture":"#3"},"east":{"uv":[3,5,4,7],"texture":"#3"},"south":{"uv":[3,5,4,7],"texture":"#3"},"west":{"uv":[3,5,4,7],"texture":"#3"},"up":{"uv":[3,5,4,7],"texture":"#3"},"down":{"uv":[3,5,4,7],"texture":"#3"}}},{"from":[15.84614,-0.225,6.30201],"to":[16.04614,0.075,7.00201],"rotation":{"angle":45,"axis":"y","origin":[15.94614,-0.075,6.65201]},"faces":{"north":{"uv":[3,5,4,7],"texture":"#3"},"east":{"uv":[3,5,4,7],"texture":"#3"},"south":{"uv":[3,5,4,7],"texture":"#3"},"west":{"uv":[3,5,4,7],"texture":"#3"},"up":{"uv":[3,5,4,7],"texture":"#3"},"down":{"uv":[3,5,4,7],"texture":"#3"}}},{"from":[15.84614,-0.225,5.70201],"to":[16.04614,0.075,6.40201],"rotation":{"angle":45,"axis":"y","origin":[15.94614,-0.075,6.05201]},"faces":{"north":{"uv":[3,5,4,7],"texture":"#3"},"east":{"uv":[3,5,4,7],"texture":"#3"},"south":{"uv":[3,5,4,7],"texture":"#3"},"west":{"uv":[3,5,4,7],"texture":"#3"},"up":{"uv":[3,5,4,7],"texture":"#3"},"down":{"uv":[3,5,4,7],"texture":"#3"}}},{"from":[15.84614,-0.225,5.10201],"to":[16.04614,0.075,5.80201],"rotation":{"angle":45,"axis":"y","origin":[15.94614,-0.075,5.45201]},"faces":{"north":{"uv":[3,5,4,7],"texture":"#3"},"east":{"uv":[3,5,4,7],"texture":"#3"},"south":{"uv":[3,5,4,7],"texture":"#3"},"west":{"uv":[3,5,4,7],"texture":"#3"},"up":{"uv":[3,5,4,7],"texture":"#3"},"down":{"uv":[3,5,4,7],"texture":"#3"}}},{"from":[15.84614,-0.225,4.50201],"to":[16.04614,0.075,5.20201],"rotation":{"angle":45,"axis":"y","origin":[15.94614,-0.075,4.85201]},"faces":{"north":{"uv":[3,5,4,7],"texture":"#3"},"east":{"uv":[3,5,4,7],"texture":"#3"},"south":{"uv":[3,5,4,7],"texture":"#3"},"west":{"uv":[3,5,4,7],"texture":"#3"},"up":{"uv":[3,5,4,7],"texture":"#3"},"down":{"uv":[3,5,4,7],"texture":"#3"}}},{"from":[15.84614,-0.225,3.90201],"to":[16.04614,0.075,4.60201],"rotation":{"angle":45,"axis":"y","origin":[15.94614,-0.075,4.25201]},"faces":{"north":{"uv":[3,5,4,7],"texture":"#3"},"east":{"uv":[3,5,4,7],"texture":"#3"},"south":{"uv":[3,5,4,7],"texture":"#3"},"west":{"uv":[3,5,4,7],"texture":"#3"},"up":{"uv":[3,5,4,7],"texture":"#3"},"down":{"uv":[3,5,4,7],"texture":"#3"}}},{"from":[15.84614,-0.225,3.30201],"to":[16.04614,0.075,4.00201],"rotation":{"angle":45,"axis":"y","origin":[15.94614,-0.075,3.65201]},"faces":{"north":{"uv":[3,5,4,7],"texture":"#3"},"east":{"uv":[3,5,4,7],"texture":"#3"},"south":{"uv":[3,5,4,7],"texture":"#3"},"west":{"uv":[3,5,4,7],"texture":"#3"},"up":{"uv":[3,5,4,7],"texture":"#3"},"down":{"uv":[3,5,4,7],"texture":"#3"}}},{"from":[15.84614,-0.225,2.70201],"to":[16.04614,0.075,3.40201],"rotation":{"angle":45,"axis":"y","origin":[15.94614,-0.075,3.05201]},"faces":{"north":{"uv":[3,5,4,7],"texture":"#3"},"east":{"uv":[3,5,4,7],"texture":"#3"},"south":{"uv":[3,5,4,7],"texture":"#3"},"west":{"uv":[3,5,4,7],"texture":"#3"},"up":{"uv":[3,5,4,7],"texture":"#3"},"down":{"uv":[3,5,4,7],"texture":"#3"}}},{"from":[15.84614,-0.225,2.10201],"to":[16.04614,0.075,2.80201],"rotation":{"angle":45,"axis":"y","origin":[15.94614,-0.075,2.45201]},"faces":{"north":{"uv":[3,5,4,7],"texture":"#3"},"east":{"uv":[3,5,4,7],"texture":"#3"},"south":{"uv":[3,5,4,7],"texture":"#3"},"west":{"uv":[3,5,4,7],"texture":"#3"},"up":{"uv":[3,5,4,7],"texture":"#3"},"down":{"uv":[3,5,4,7],"texture":"#3"}}},{"from":[15.84614,-0.225,1.50201],"to":[16.04614,0.075,2.20201],"rotation":{"angle":45,"axis":"y","origin":[15.94614,-0.075,1.85201]},"faces":{"north":{"uv":[3,5,4,7],"texture":"#3"},"east":{"uv":[3,5,4,7],"texture":"#3"},"south":{"uv":[3,5,4,7],"texture":"#3"},"west":{"uv":[3,5,4,7],"texture":"#3"},"up":{"uv":[3,5,4,7],"texture":"#3"},"down":{"uv":[3,5,4,7],"texture":"#3"}}},{"from":[15.84614,-0.225,0.90201],"to":[16.04614,0.075,1.60201],"rotation":{"angle":45,"axis":"y","origin":[15.94614,-0.075,1.25201]},"faces":{"north":{"uv":[3,5,4,7],"texture":"#3"},"east":{"uv":[3,5,4,7],"texture":"#3"},"south":{"uv":[3,5,4,7],"texture":"#3"},"west":{"uv":[3,5,4,7],"texture":"#3"},"up":{"uv":[3,5,4,7],"texture":"#3"},"down":{"uv":[3,5,4,7],"texture":"#3"}}},{"from":[15.84614,-0.225,0.30201],"to":[16.04614,0.075,1.00201],"rotation":{"angle":45,"axis":"y","origin":[15.94614,-0.075,0.65201]},"faces":{"north":{"uv":[3,5,4,7],"texture":"#3"},"east":{"uv":[3,5,4,7],"texture":"#3"},"south":{"uv":[3,5,4,7],"texture":"#3"},"west":{"uv":[3,5,4,7],"texture":"#3"},"up":{"uv":[3,5,4,7],"texture":"#3"},"down":{"uv":[3,5,4,7],"texture":"#3"}}},{"from":[15.84614,-0.225,-0.29799],"to":[16.04614,0.075,0.40201],"rotation":{"angle":45,"axis":"y","origin":[15.94614,-0.075,0.05201]},"faces":{"north":{"uv":[3,5,4,7],"texture":"#3"},"east":{"uv":[3,5,4,7],"texture":"#3"},"south":{"uv":[3,5,4,7],"texture":"#3"},"west":{"uv":[3,5,4,7],"texture":"#3"},"up":{"uv":[3,5,4,7],"texture":"#3"},"down":{"uv":[3,5,4,7],"texture":"#3"}}},{"from":[13.93934,10.79497,7.8],"to":[14.33934,11.49497,8.5],"rotation":{"angle":-45,"axis":"x","origin":[8.03934,10.79497,7.9]},"faces":{"north":{"uv":[3,5,4,7],"texture":"#2"},"east":{"uv":[3,5,4,7],"texture":"#2"},"south":{"uv":[3,5,4,7],"texture":"#2"},"west":{"uv":[3,5,4,7],"texture":"#2"},"up":{"uv":[3,5,4,7],"rotation":90,"texture":"#2"},"down":{"uv":[3,5,4,7],"rotation":270,"texture":"#2"}}},{"from":[13.83934,10.29497,6.7],"to":[14.23934,11.89497,8.3],"rotation":{"angle":-45,"axis":"x","origin":[7.93934,11.39497,7.9]},"faces":{"north":{"uv":[3,5,4,7],"texture":"#3"},"east":{"uv":[3,5,4,7],"texture":"#3"},"south":{"uv":[3,5,4,7],"texture":"#3"},"west":{"uv":[3,5,4,7],"texture":"#3"},"up":{"uv":[3,5,4,7],"rotation":90,"texture":"#3"},"down":{"uv":[3,5,4,7],"rotation":270,"texture":"#3"}}},{"from":[13.83934,10.9,6.66066],"to":[14.23934,13.4,8.96066],"faces":{"north":{"uv":[3,5,4,7],"texture":"#3"},"east":{"uv":[3,5,4,7],"texture":"#3"},"south":{"uv":[3,5,4,7],"texture":"#3"},"west":{"uv":[3,5,4,7],"texture":"#3"},"up":{"uv":[3,5,4,7],"rotation":90,"texture":"#3"},"down":{"uv":[3,5,4,7],"rotation":270,"texture":"#3"}}},{"from":[11.33934,13,6.66066],"to":[13.83934,13.4,8.96066],"faces":{"north":{"uv":[3,5,4,7],"texture":"#3"},"east":{"uv":[3,5,4,7],"texture":"#3"},"south":{"uv":[3,5,4,7],"texture":"#3"},"west":{"uv":[3,5,4,7],"texture":"#3"},"up":{"uv":[3,5,4,7],"rotation":90,"texture":"#3"},"down":{"uv":[3,5,4,7],"rotation":270,"texture":"#3"}}},{"from":[12.83934,13.09497,11.7],"to":[13.53934,13.49497,12.4],"rotation":{"angle":45,"axis":"y","origin":[7.23934,13.09497,11.8]},"faces":{"north":{"uv":[3,5,4,7],"texture":"#2"},"east":{"uv":[3,5,4,7],"texture":"#2"},"south":{"uv":[3,5,4,7],"texture":"#2"},"west":{"uv":[3,5,4,7],"texture":"#2"},"up":{"uv":[3,5,4,7],"rotation":90,"texture":"#2"},"down":{"uv":[3,5,4,7],"rotation":270,"texture":"#2"}}},{"from":[10.56655,13,5.92635],"to":[12.16655,13.4,7.52635],"rotation":{"angle":-45,"axis":"y","origin":[10.06655,8,7.22635]},"faces":{"north":{"uv":[3,5,4,7],"texture":"#3"},"east":{"uv":[3,5,4,7],"texture":"#3"},"south":{"uv":[3,5,4,7],"texture":"#3"},"west":{"uv":[3,5,4,7],"texture":"#3"},"up":{"uv":[3,5,4,7],"rotation":90,"texture":"#3"},"down":{"uv":[3,5,4,7],"rotation":270,"texture":"#3"}}},{"from":[5.83934,10.79497,14],"to":[6.53934,11.49497,14.4],"rotation":{"angle":-45,"axis":"z","origin":[6.43934,10.79497,8.1]},"faces":{"north":{"uv":[3,5,4,7],"texture":"#2"},"east":{"uv":[3,5,4,7],"texture":"#2"},"south":{"uv":[3,5,4,7],"texture":"#2"},"west":{"uv":[3,5,4,7],"texture":"#2"},"up":{"uv":[3,5,4,7],"rotation":180,"texture":"#2"},"down":{"uv":[3,5,4,7],"rotation":180,"texture":"#2"}}},{"from":[6.03934,10.29497,13.9],"to":[7.63934,11.89497,14.3],"rotation":{"angle":-45,"axis":"z","origin":[6.43934,11.39497,8]},"faces":{"north":{"uv":[3,5,4,7],"texture":"#3"},"east":{"uv":[3,5,4,7],"texture":"#3"},"south":{"uv":[3,5,4,7],"texture":"#3"},"west":{"uv":[3,5,4,7],"texture":"#3"},"up":{"uv":[3,5,4,7],"rotation":180,"texture":"#3"},"down":{"uv":[3,5,4,7],"rotation":180,"texture":"#3"}}},{"from":[5.37868,10.9,13.9],"to":[7.67868,13.4,14.3],"faces":{"north":{"uv":[3,5,4,7],"texture":"#3"},"east":{"uv":[3,5,4,7],"texture":"#3"},"south":{"uv":[3,5,4,7],"texture":"#3"},"west":{"uv":[3,5,4,7],"texture":"#3"},"up":{"uv":[3,5,4,7],"rotation":180,"texture":"#3"},"down":{"uv":[3,5,4,7],"rotation":180,"texture":"#3"}}},{"from":[5.37868,13,11.4],"to":[7.67868,13.4,13.9],"faces":{"north":{"uv":[3,5,4,7],"texture":"#3"},"east":{"uv":[3,5,4,7],"texture":"#3"},"south":{"uv":[3,5,4,7],"texture":"#3"},"west":{"uv":[3,5,4,7],"texture":"#3"},"up":{"uv":[3,5,4,7],"rotation":180,"texture":"#3"},"down":{"uv":[3,5,4,7],"rotation":180,"texture":"#3"}}},{"from":[1.93934,13.09497,12.9],"to":[2.63934,13.49497,13.6],"rotation":{"angle":45,"axis":"y","origin":[2.53934,13.09497,7.3]},"faces":{"north":{"uv":[3,5,4,7],"texture":"#2"},"east":{"uv":[3,5,4,7],"texture":"#2"},"south":{"uv":[3,5,4,7],"texture":"#2"},"west":{"uv":[3,5,4,7],"texture":"#2"},"up":{"uv":[3,5,4,7],"rotation":180,"texture":"#2"},"down":{"uv":[3,5,4,7],"rotation":180,"texture":"#2"}}},{"from":[6.81299,13,10.62721],"to":[8.41299,13.4,12.22721],"rotation":{"angle":-45,"axis":"y","origin":[7.11299,8,10.12721]},"faces":{"north":{"uv":[3,5,4,7],"texture":"#3"},"east":{"uv":[3,5,4,7],"texture":"#3"},"south":{"uv":[3,5,4,7],"texture":"#3"},"west":{"uv":[3,5,4,7],"texture":"#3"},"up":{"uv":[3,5,4,7],"rotation":180,"texture":"#3"},"down":{"uv":[3,5,4,7],"rotation":180,"texture":"#3"}}},{"from":[1.63934,10.79497,7],"to":[2.03934,11.49497,7.7],"rotation":{"angle":45,"axis":"x","origin":[7.93934,10.79497,7.6]},"faces":{"north":{"uv":[3,5,4,7],"texture":"#2"},"east":{"uv":[3,5,4,7],"texture":"#2"},"south":{"uv":[3,5,4,7],"texture":"#2"},"west":{"uv":[3,5,4,7],"texture":"#2"},"up":{"uv":[3,5,4,7],"rotation":270,"texture":"#2"},"down":{"uv":[3,5,4,7],"rotation":90,"texture":"#2"}}},{"from":[1.73934,10.29497,7.2],"to":[2.13934,11.89497,8.8],"rotation":{"angle":45,"axis":"x","origin":[8.03934,11.39497,7.6]},"faces":{"north":{"uv":[3,5,4,7],"texture":"#3"},"east":{"uv":[3,5,4,7],"texture":"#3"},"south":{"uv":[3,5,4,7],"texture":"#3"},"west":{"uv":[3,5,4,7],"texture":"#3"},"up":{"uv":[3,5,4,7],"rotation":270,"texture":"#3"},"down":{"uv":[3,5,4,7],"rotation":90,"texture":"#3"}}},{"from":[1.73934,10.9,6.53934],"to":[2.13934,13.4,8.83934],"faces":{"north":{"uv":[3,5,4,7],"texture":"#3"},"east":{"uv":[3,5,4,7],"texture":"#3"},"south":{"uv":[3,5,4,7],"texture":"#3"},"west":{"uv":[3,5,4,7],"texture":"#3"},"up":{"uv":[3,5,4,7],"rotation":270,"texture":"#3"},"down":{"uv":[3,5,4,7],"rotation":90,"texture":"#3"}}},{"from":[2.13934,13,6.53934],"to":[4.63934,13.4,8.83934],"faces":{"north":{"uv":[3,5,4,7],"texture":"#3"},"east":{"uv":[3,5,4,7],"texture":"#3"},"south":{"uv":[3,5,4,7],"texture":"#3"},"west":{"uv":[3,5,4,7],"texture":"#3"},"up":{"uv":[3,5,4,7],"rotation":270,"texture":"#3"},"down":{"uv":[3,5,4,7],"rotation":90,"texture":"#3"}}},{"from":[2.43934,13.09497,3.1],"to":[3.13934,13.49497,3.8],"rotation":{"angle":45,"axis":"y","origin":[8.73934,13.09497,3.7]},"faces":{"north":{"uv":[3,5,4,7],"texture":"#2"},"east":{"uv":[3,5,4,7],"texture":"#2"},"south":{"uv":[3,5,4,7],"texture":"#2"},"west":{"uv":[3,5,4,7],"texture":"#2"},"up":{"uv":[3,5,4,7],"rotation":270,"texture":"#2"},"down":{"uv":[3,5,4,7],"rotation":90,"texture":"#2"}}},{"from":[3.81213,13,7.97365],"to":[5.41213,13.4,9.57365],"rotation":{"angle":-45,"axis":"y","origin":[5.91213,8,8.27365]},"faces":{"north":{"uv":[3,5,4,7],"texture":"#3"},"east":{"uv":[3,5,4,7],"texture":"#3"},"south":{"uv":[3,5,4,7],"texture":"#3"},"west":{"uv":[3,5,4,7],"texture":"#3"},"up":{"uv":[3,5,4,7],"rotation":270,"texture":"#3"},"down":{"uv":[3,5,4,7],"rotation":90,"texture":"#3"}}}],"display":{"gui":{"rotation":[30,-135,0],"translation":[0,1,0],"scale":[0.65,0.65,0.65]},"head":{"translation":[0,11.75,0],"scale":[1.15,1.15,1.15]}},"credit":"Model by Craftventure"}