{"textures":{"2":"block/striderbag4","4":"block/striderbag1","5":"block/striderbag2","6":"block/striderbag5","7":"block/striderbag3","particle":"block/striderbag1"},"elements":[{"name":"Cube","from":[0.01,-2.5,6.6],"to":[1.01,-0.5,8.6],"rotation":{"angle":-45,"axis":"x","origin":[8,8,8]},"faces":{"north":{"uv":[7,4,8,5],"texture":"#5"},"east":{"uv":[8,6,9,7],"texture":"#5"},"south":{"uv":[7,5,8,6],"texture":"#5"},"west":{"uv":[8,4,9,5],"texture":"#5"},"up":{"uv":[8,5,9,6],"texture":"#5"},"down":{"uv":[7,4,8,5],"texture":"#5"}}},{"name":"Cube","from":[14.99,-2.5,6.7],"to":[15.99,-0.5,8.7],"rotation":{"angle":-45,"axis":"x","origin":[8,8,8]},"faces":{"north":{"uv":[7,4,8,5],"texture":"#5"},"east":{"uv":[8,6,9,7],"texture":"#5"},"south":{"uv":[7,5,8,6],"texture":"#5"},"west":{"uv":[8,4,9,5],"texture":"#5"},"up":{"uv":[8,5,9,6],"texture":"#5"},"down":{"uv":[7,4,8,5],"texture":"#5"}}},{"name":"Cube","from":[-2.1,6.7,14.99],"to":[-0.5,8.3,15.99],"rotation":{"angle":45,"axis":"z","origin":[8,8,7.99]},"faces":{"north":{"uv":[7,4,8,5],"texture":"#2"},"east":{"uv":[8,6,9,7],"texture":"#2"},"south":{"uv":[7,5,8,6],"texture":"#2"},"west":{"uv":[8,4,9,5],"texture":"#2"},"up":{"uv":[8,5,9,6],"texture":"#2"},"down":{"uv":[7,4,8,5],"texture":"#2"}}},{"name":"Cube","from":[-0.5,4.6,14.99],"to":[1.5,6.6,15.99],"rotation":{"angle":45,"axis":"z","origin":[8,8,7.99]},"faces":{"north":{"uv":[7,4,8,5],"texture":"#2"},"east":{"uv":[8,6,9,7],"texture":"#2"},"south":{"uv":[7,5,8,6],"texture":"#2"},"west":{"uv":[8,4,9,5],"texture":"#2"},"up":{"uv":[8,5,9,6],"texture":"#2"},"down":{"uv":[7,4,8,5],"texture":"#2"}}},{"name":"Cube","from":[1.7,3.1,14.99],"to":[3.2,4.6,15.99],"rotation":{"angle":45,"axis":"z","origin":[8,8,7.99]},"faces":{"north":{"uv":[7,4,8,5],"texture":"#2"},"east":{"uv":[8,6,9,7],"texture":"#2"},"south":{"uv":[7,5,8,6],"texture":"#2"},"west":{"uv":[8,4,9,5],"texture":"#2"},"up":{"uv":[8,5,9,6],"texture":"#2"},"down":{"uv":[7,4,8,5],"texture":"#2"}}},{"name":"Cube","from":[3.5,0.6,14.99],"to":[5.5,2.6,15.99],"rotation":{"angle":45,"axis":"z","origin":[8,8,7.99]},"faces":{"north":{"uv":[7,4,8,5],"texture":"#2"},"east":{"uv":[8,6,9,7],"texture":"#2"},"south":{"uv":[7,5,8,6],"texture":"#2"},"west":{"uv":[8,4,9,5],"texture":"#2"},"up":{"uv":[8,5,9,6],"texture":"#2"},"down":{"uv":[7,4,8,5],"texture":"#2"}}},{"name":"Cube","from":[5.5,-1.4,14.99],"to":[7.5,0.6,15.99],"rotation":{"angle":45,"axis":"z","origin":[8,8,7.99]},"faces":{"north":{"uv":[7,4,8,5],"texture":"#2"},"east":{"uv":[8,6,9,7],"texture":"#2"},"south":{"uv":[7,5,8,6],"texture":"#2"},"west":{"uv":[8,4,9,5],"texture":"#2"},"up":{"uv":[8,5,9,6],"texture":"#2"},"down":{"uv":[7,4,8,5],"texture":"#2"}}},{"name":"Cube","from":[7.6,-2.3,14.99],"to":[8.6,-1.3,15.99],"rotation":{"angle":45,"axis":"z","origin":[8,8,7.99]},"faces":{"north":{"uv":[7,4,8,5],"texture":"#2"},"east":{"uv":[8,6,9,7],"texture":"#2"},"south":{"uv":[7,5,8,6],"texture":"#2"},"west":{"uv":[8,4,9,5],"texture":"#2"},"up":{"uv":[8,5,9,6],"texture":"#2"},"down":{"uv":[7,4,8,5],"texture":"#2"}}},{"name":"Cube","from":[0.01,-0.2,5],"to":[1.01,1.3,6.5],"rotation":{"angle":-45,"axis":"x","origin":[8,8,8]},"faces":{"north":{"uv":[7,4,8,5],"texture":"#5"},"east":{"uv":[8,6,9,7],"texture":"#5"},"south":{"uv":[7,5,8,6],"texture":"#5"},"west":{"uv":[8,4,9,5],"texture":"#5"},"up":{"uv":[8,5,9,6],"texture":"#5"},"down":{"uv":[7,4,8,5],"texture":"#5"}}},{"name":"Cube","from":[0.01,1.1,3.2],"to":[1.01,2.9,5],"rotation":{"angle":-45,"axis":"x","origin":[8,8,8]},"faces":{"north":{"uv":[7,4,8,5],"texture":"#5"},"east":{"uv":[8,6,9,7],"texture":"#5"},"south":{"uv":[7,5,8,6],"texture":"#5"},"west":{"uv":[8,4,9,5],"texture":"#5"},"up":{"uv":[8,5,9,6],"texture":"#5"},"down":{"uv":[7,4,8,5],"texture":"#5"}}},{"name":"Cube","from":[0.01,3.1,2.3],"to":[1.01,4.3,3.3],"rotation":{"angle":-45,"axis":"x","origin":[8,8,8]},"faces":{"north":{"uv":[7,4,8,5],"texture":"#5"},"east":{"uv":[8,6,9,7],"texture":"#5"},"south":{"uv":[7,5,8,6],"texture":"#5"},"west":{"uv":[8,4,9,5],"texture":"#5"},"up":{"uv":[8,5,9,6],"texture":"#5"},"down":{"uv":[7,4,8,5],"texture":"#5"}}},{"name":"Cube","from":[0.01,4.1,0.2],"to":[1.01,5.9,2],"rotation":{"angle":-45,"axis":"x","origin":[8,8,8]},"faces":{"north":{"uv":[7,4,8,5],"texture":"#5"},"east":{"uv":[8,6,9,7],"texture":"#5"},"south":{"uv":[7,5,8,6],"texture":"#5"},"west":{"uv":[8,4,9,5],"texture":"#5"},"up":{"uv":[8,5,9,6],"texture":"#5"},"down":{"uv":[7,4,8,5],"texture":"#5"}}},{"name":"Cube","from":[0.01,6.5,-2.4],"to":[1.01,8.5,-0.4],"rotation":{"angle":-45,"axis":"x","origin":[8,8,8]},"faces":{"north":{"uv":[7,4,8,5],"texture":"#5"},"east":{"uv":[8,6,9,7],"texture":"#5"},"south":{"uv":[7,5,8,6],"texture":"#5"},"west":{"uv":[8,4,9,5],"texture":"#5"},"up":{"uv":[8,5,9,6],"texture":"#5"},"down":{"uv":[7,4,8,5],"texture":"#5"}}},{"name":"Cube","from":[5.5,-0.4,0.01],"to":[6.5,0.9,1.01],"rotation":{"angle":45,"axis":"z","origin":[8,8,8]},"faces":{"north":{"uv":[7,4,8,5],"texture":"#5"},"east":{"uv":[8,6,9,7],"texture":"#5"},"south":{"uv":[7,5,8,6],"texture":"#5"},"west":{"uv":[8,4,9,5],"texture":"#5"},"up":{"uv":[8,5,9,6],"texture":"#5"},"down":{"uv":[7,4,8,5],"texture":"#5"}}},{"name":"Cube","from":[3.8,0.7,0.01],"to":[5.5,2.4,1.01],"rotation":{"angle":45,"axis":"z","origin":[8,8,8]},"faces":{"north":{"uv":[7,4,8,5],"texture":"#5"},"east":{"uv":[8,6,9,7],"texture":"#5"},"south":{"uv":[7,5,8,6],"texture":"#5"},"west":{"uv":[8,4,9,5],"texture":"#5"},"up":{"uv":[8,5,9,6],"texture":"#5"},"down":{"uv":[7,4,8,5],"texture":"#5"}}},{"name":"Cube","from":[1.8,2.1,0.01],"to":[4.2,4.4,1.01],"rotation":{"angle":45,"axis":"z","origin":[8,8,8]},"faces":{"north":{"uv":[7,4,8,5],"texture":"#5"},"east":{"uv":[8,6,9,7],"texture":"#5"},"south":{"uv":[7,5,8,6],"texture":"#5"},"west":{"uv":[8,4,9,5],"texture":"#5"},"up":{"uv":[8,5,9,6],"texture":"#5"},"down":{"uv":[7,4,8,5],"texture":"#5"}}},{"name":"Cube","from":[0.2,4.5,0.01],"to":[1.9,6.1,1.01],"rotation":{"angle":45,"axis":"z","origin":[8,8,8]},"faces":{"north":{"uv":[7,4,8,5],"texture":"#5"},"east":{"uv":[8,6,9,7],"texture":"#5"},"south":{"uv":[7,5,8,6],"texture":"#5"},"west":{"uv":[8,4,9,5],"texture":"#5"},"up":{"uv":[8,5,9,6],"texture":"#5"},"down":{"uv":[7,4,8,5],"texture":"#5"}}},{"name":"Cube","from":[-2.4,6.2,0.01],"to":[0.1,8.5,1.01],"rotation":{"angle":45,"axis":"z","origin":[8,8,8]},"faces":{"north":{"uv":[7,4,8,5],"texture":"#5"},"east":{"uv":[8,6,9,7],"texture":"#5"},"south":{"uv":[7,5,8,6],"texture":"#5"},"west":{"uv":[8,4,9,5],"texture":"#5"},"up":{"uv":[8,5,9,6],"texture":"#5"},"down":{"uv":[7,4,8,5],"texture":"#5"}}},{"name":"Cube","from":[6.5,-2.3,0.01],"to":[8.9,0,1.01],"rotation":{"angle":45,"axis":"z","origin":[8,8,8]},"faces":{"north":{"uv":[7,4,8,5],"texture":"#5"},"east":{"uv":[8,6,9,7],"texture":"#5"},"south":{"uv":[7,5,8,6],"texture":"#5"},"west":{"uv":[8,4,9,5],"texture":"#5"},"up":{"uv":[8,5,9,6],"texture":"#5"},"down":{"uv":[7,4,8,5],"texture":"#5"}}},{"name":"Cube","from":[14.99,-0.3,5.3],"to":[15.99,1,6.6],"rotation":{"angle":-45,"axis":"x","origin":[8,8,8]},"faces":{"north":{"uv":[7,4,8,5],"texture":"#5"},"east":{"uv":[8,6,9,7],"texture":"#5"},"south":{"uv":[7,5,8,6],"texture":"#5"},"west":{"uv":[8,4,9,5],"texture":"#5"},"up":{"uv":[8,5,9,6],"texture":"#5"},"down":{"uv":[7,4,8,5],"texture":"#5"}}},{"name":"Cube","from":[14.99,0.5,3.3],"to":[15.99,2.8,5.6],"rotation":{"angle":-45,"axis":"x","origin":[8,8,8]},"faces":{"north":{"uv":[7,4,8,5],"texture":"#5"},"east":{"uv":[8,6,9,7],"texture":"#5"},"south":{"uv":[7,5,8,6],"texture":"#5"},"west":{"uv":[8,4,9,5],"texture":"#5"},"up":{"uv":[8,5,9,6],"texture":"#5"},"down":{"uv":[7,4,8,5],"texture":"#5"}}},{"name":"Cube","from":[14.99,2.9,1.6],"to":[15.99,4.5,3.1],"rotation":{"angle":-45,"axis":"x","origin":[8,8,8]},"faces":{"north":{"uv":[7,4,8,5],"texture":"#5"},"east":{"uv":[8,6,9,7],"texture":"#5"},"south":{"uv":[7,5,8,6],"texture":"#5"},"west":{"uv":[8,4,9,5],"texture":"#5"},"up":{"uv":[8,5,9,6],"texture":"#5"},"down":{"uv":[7,4,8,5],"texture":"#5"}}},{"name":"Cube","from":[14.99,4.9,-1.4],"to":[15.99,7.5,1.1],"rotation":{"angle":-45,"axis":"x","origin":[8,8,8]},"faces":{"north":{"uv":[7,4,8,5],"texture":"#5"},"east":{"uv":[8,6,9,7],"texture":"#5"},"south":{"uv":[7,5,8,6],"texture":"#5"},"west":{"uv":[8,4,9,5],"texture":"#5"},"up":{"uv":[8,5,9,6],"texture":"#5"},"down":{"uv":[7,4,8,5],"texture":"#5"}}},{"name":"Cube","from":[14.99,7.3,-2.4],"to":[15.99,8.6,-1.1],"rotation":{"angle":-45,"axis":"x","origin":[8,8,8]},"faces":{"north":{"uv":[7,4,8,5],"texture":"#5"},"east":{"uv":[8,6,9,7],"texture":"#5"},"south":{"uv":[7,5,8,6],"texture":"#5"},"west":{"uv":[8,4,9,5],"texture":"#5"},"up":{"uv":[8,5,9,6],"texture":"#5"},"down":{"uv":[7,4,8,5],"texture":"#5"}}},{"name":"ghastface","from":[0,2,15],"to":[16,18,16],"faces":{"north":{"uv":[0,0,16,16],"texture":"#4"},"east":{"uv":[0,0,1,16],"texture":"#4"},"south":{"uv":[0,0,16,16],"texture":"#4"},"west":{"uv":[0,0,1,16],"texture":"#7"},"up":{"uv":[0,0,16,1],"texture":"#4"},"down":{"uv":[0,0,16,1],"texture":"#4"}}},{"name":"ghastface","from":[0,2,0],"to":[16,18,1],"faces":{"north":{"uv":[0,0,16,16],"texture":"#6"},"east":{"uv":[1,0,2,16],"texture":"#6"},"south":{"uv":[0,0,16,16],"texture":"#6"},"west":{"uv":[14,0,15,16],"texture":"#7"},"up":{"uv":[0,0,16,1],"texture":"#6"},"down":{"uv":[0,0,16,1],"texture":"#6"}}},{"name":"ghast side","from":[0,2,1],"to":[1,18,15],"faces":{"north":{"uv":[15,0,16,16],"texture":"#7"},"east":{"uv":[0,0,14,16],"texture":"#7"},"south":{"uv":[0,0,1,16],"texture":"#7"},"west":{"uv":[14,0,0,16],"texture":"#7"},"up":{"uv":[0,0,1,14],"texture":"#7"},"down":{"uv":[0,0,1,14],"texture":"#7"}}},{"name":"ghast side","from":[15,2,1],"to":[16,18,15],"faces":{"north":{"uv":[15,0,16,16],"texture":"#5"},"east":{"uv":[0,0,14,16],"texture":"#5"},"south":{"uv":[0,0,1,16],"texture":"#5"},"west":{"uv":[0,0,14,16],"texture":"#5"},"up":{"uv":[0,0,1,14],"texture":"#5"},"down":{"uv":[0,0,1,14],"texture":"#5"}}},{"from":[0,18,0],"to":[16,19,16],"faces":{"north":{"uv":[0,0,16,1],"texture":"#2"},"east":{"uv":[15,0,16,16],"rotation":90,"texture":"#2"},"south":{"uv":[0,15,16,16],"texture":"#2"},"west":{"uv":[0,9,16,10],"rotation":180,"texture":"#2"},"up":{"uv":[0,0,16,16],"texture":"#2"},"down":{"uv":[0,0,16,16],"texture":"#2"}}},{"from":[15,1,1],"to":[16,2,16],"faces":{"north":{"uv":[0,0,1,1],"texture":"#5"},"east":{"uv":[0,10,15,11],"texture":"#5"},"south":{"uv":[0,0,1,1],"texture":"#5"},"west":{"uv":[0,15,15,16],"texture":"#5"},"up":{"uv":[0,0,1,15],"texture":"#5"},"down":{"uv":[0,0,1,15],"texture":"#5"}}},{"from":[0,1,0],"to":[1,2,15],"faces":{"north":{"uv":[0,0,1,1],"texture":"#5"},"east":{"uv":[0,15,15,16],"texture":"#5"},"south":{"uv":[0,0,1,1],"texture":"#5"},"west":{"uv":[0,10,15,11],"texture":"#5"},"up":{"uv":[0,0,1,15],"texture":"#5"},"down":{"uv":[0,0,1,15],"texture":"#5"}}},{"from":[1,1,0],"to":[16,2,1],"faces":{"north":{"uv":[0,9,15,10],"texture":"#5"},"east":{"uv":[0,0,1,1],"texture":"#5"},"south":{"uv":[0,15,15,16],"texture":"#5"},"west":{"uv":[0,0,1,1],"texture":"#5"},"up":{"uv":[0,15,15,16],"texture":"#5"},"down":{"uv":[0,15,15,16],"texture":"#5"}}},{"from":[0,1,15],"to":[15,2,16],"faces":{"north":{"uv":[0,15,15,16],"texture":"#2"},"east":{"uv":[0,0,1,1],"texture":"#2"},"south":{"uv":[0,9,15,10],"texture":"#2"},"west":{"uv":[0,0,1,1],"texture":"#2"},"up":{"uv":[0,15,15,16],"texture":"#2"},"down":{"uv":[0,15,15,16],"texture":"#2"}}}],"display":{"gui":{"rotation":[30,45,0],"translation":[0,-1.25,0],"scale":[0.5,0.5,0.5]},"head":{"rotation":[0,180,0],"scale":[1.05,1.05,1.05]}},"credit":"Model by Craftventure"}