{"textures":{"0":"block/stripped_oak_log","1":"item/tropical_fish","2":"block/white_concrete_powder","3":"block/sea_pickle","4":"block/black_shulker_box","5":"block/red_concrete","6":"block/yellow_shulker_box","7":"block/orange_shulker_box","8":"block/pink_shulker_box","9":"block/spruce_planks","particle":"block/stripped_oak_log"},"elements":[{"from":[12,0,4],"to":[13,2,9],"rotation":{"angle":0,"axis":"y","origin":[20,8,12]},"faces":{"north":{"uv":[0,7,2,10],"texture":"#0"},"east":{"uv":[3,12,13,15],"texture":"#0"},"south":{"uv":[14,10,16,13],"texture":"#0"},"west":{"uv":[3,7,13,10],"texture":"#0"},"up":{"uv":[0,5,2,11],"texture":"#0"},"down":{"uv":[0,5,2,11],"texture":"#0"}}},{"from":[2,0,4],"to":[3,2,9],"rotation":{"angle":0,"axis":"y","origin":[10,8,12]},"faces":{"north":{"uv":[4,4,6,7],"texture":"#0"},"east":{"uv":[2,7,12,10],"texture":"#0"},"south":{"uv":[13,5,15,8],"texture":"#0"},"west":{"uv":[0,3,10,6],"texture":"#0"},"up":{"uv":[0,0,2,6],"texture":"#0"},"down":{"uv":[0,0,2,6],"texture":"#0"}}},{"from":[1,2,3],"to":[14,3,10],"rotation":{"angle":0,"axis":"y","origin":[10,10,16]},"faces":{"north":{"uv":[5,0,7,16],"rotation":90,"texture":"#0"},"east":{"uv":[4,4,6,14],"rotation":90,"texture":"#0"},"south":{"uv":[9,0,11,16],"rotation":90,"texture":"#0"},"west":{"uv":[9,0,11,10],"rotation":90,"texture":"#0"},"up":{"uv":[3,0,13,16],"rotation":90,"texture":"#0"},"down":{"uv":[3,0,13,16],"rotation":90,"texture":"#0"}}},{"from":[4.3,3.6,3.6],"to":[4.9,3.9,3.9],"rotation":{"angle":0,"axis":"y","origin":[7,6.4,6]},"faces":{"north":{"uv":[13,2,14,3],"texture":"#1"},"east":{"uv":[13,2,14,3],"texture":"#1"},"south":{"uv":[13,2,14,3],"texture":"#1"},"west":{"uv":[13,2,14,3],"texture":"#1"},"up":{"uv":[12,2,14,3],"texture":"#1"},"down":{"uv":[12,2,14,3],"texture":"#1"}}},{"from":[2.2,3.6,6.9],"to":[3.1,3.9,7.2],"rotation":{"angle":0,"axis":"y","origin":[5.2,6.4,8.1]},"faces":{"north":{"uv":[6,13,8,14],"texture":"#1"},"east":{"uv":[6,13,8,14],"texture":"#1"},"south":{"uv":[6,13,8,14],"texture":"#1"},"west":{"uv":[6,13,8,14],"texture":"#1"},"up":{"uv":[6,13,8,14],"texture":"#1"},"down":{"uv":[6,13,8,14],"texture":"#1"}}},{"from":[1.3,3.6,5.4],"to":[1.6,3.9,6.3],"rotation":{"angle":0,"axis":"y","origin":[1.45,4.15,5.7]},"faces":{"north":{"uv":[6,13,8,14],"texture":"#1"},"east":{"uv":[6,13,8,14],"texture":"#1"},"south":{"uv":[6,13,8,14],"texture":"#1"},"west":{"uv":[6,13,8,14],"texture":"#1"},"up":{"uv":[6,13,8,14],"texture":"#1"},"down":{"uv":[6,13,8,14],"texture":"#1"}}},{"from":[3.1,3.6,6.6],"to":[3.4,3.9,6.9],"rotation":{"angle":0,"axis":"y","origin":[5.8,6.4,7.8]},"faces":{"north":{"uv":[8,12,9,13],"texture":"#1"},"east":{"uv":[8,12,9,13],"texture":"#1"},"south":{"uv":[8,12,9,13],"texture":"#1"},"west":{"uv":[8,12,9,13],"texture":"#1"},"up":{"uv":[8,12,9,13],"texture":"#1"},"down":{"uv":[8,12,9,13],"texture":"#1"}}},{"from":[1.9,3.6,6.6],"to":[2.2,3.9,6.9],"rotation":{"angle":0,"axis":"y","origin":[4.6,6.4,7.8]},"faces":{"north":{"uv":[6,13,8,14],"texture":"#1"},"east":{"uv":[6,13,8,14],"texture":"#1"},"south":{"uv":[6,13,8,14],"texture":"#1"},"west":{"uv":[6,13,8,14],"texture":"#1"},"up":{"uv":[6,13,8,14],"texture":"#1"},"down":{"uv":[6,13,8,14],"texture":"#1"}}},{"from":[1.6,3.6,5.1],"to":[1.9,3.9,5.4],"rotation":{"angle":0,"axis":"y","origin":[4.3,6.4,6.3]},"faces":{"north":{"uv":[6,13,8,14],"texture":"#1"},"east":{"uv":[6,13,8,14],"texture":"#1"},"south":{"uv":[6,13,8,14],"texture":"#1"},"west":{"uv":[6,13,8,14],"texture":"#1"},"up":{"uv":[6,13,8,14],"texture":"#1"},"down":{"uv":[6,13,8,14],"texture":"#1"}}},{"from":[1.9,3.6,5.1],"to":[2.2,3.9,5.4],"rotation":{"angle":0,"axis":"y","origin":[4.6,6.4,6.3]},"faces":{"north":{"uv":[0,0,1,1],"texture":"#1"},"east":{"uv":[0,0,1,1],"texture":"#1"},"south":{"uv":[0,0,1,1],"texture":"#1"},"west":{"uv":[0,0,1,1],"texture":"#1"},"up":{"uv":[8,11,9,12],"texture":"#1"},"down":{"uv":[8,11,9,12],"texture":"#1"}}},{"from":[2.2,3.6,6.6],"to":[2.5,3.9,6.9],"rotation":{"angle":0,"axis":"y","origin":[4.9,6.4,7.8]},"faces":{"north":{"uv":[0,0,1,1],"texture":"#1"},"east":{"uv":[0,0,1,1],"texture":"#1"},"south":{"uv":[0,0,1,1],"texture":"#1"},"west":{"uv":[0,0,1,1],"texture":"#1"},"up":{"uv":[8,11,9,12],"texture":"#1"},"down":{"uv":[8,11,9,12],"texture":"#1"}}},{"from":[1.6,3.6,6],"to":[1.9,3.9,6.3],"rotation":{"angle":0,"axis":"y","origin":[4.3,6.4,7.2]},"faces":{"north":{"uv":[0,0,1,1],"texture":"#1"},"east":{"uv":[0,0,1,1],"texture":"#1"},"south":{"uv":[0,0,1,1],"texture":"#1"},"west":{"uv":[0,0,1,1],"texture":"#1"},"up":{"uv":[8,11,9,12],"texture":"#1"},"down":{"uv":[8,11,9,12],"texture":"#1"}}},{"from":[2.2,3.6,6.6],"to":[2.5,3.9,6.9],"rotation":{"angle":0,"axis":"y","origin":[4.9,6.4,7.8]},"faces":{"north":{"uv":[0,0,1,1],"texture":"#1"},"east":{"uv":[0,0,1,1],"texture":"#1"},"south":{"uv":[0,0,1,1],"texture":"#1"},"west":{"uv":[0,0,1,1],"texture":"#1"},"up":{"uv":[8,11,9,12],"texture":"#1"},"down":{"uv":[0,0,1,1],"texture":"#1"}}},{"from":[3.1,3.6,6.3],"to":[3.4,3.9,6.6],"rotation":{"angle":0,"axis":"y","origin":[5.8,6.4,7.5]},"faces":{"north":{"uv":[0,0,1,1],"texture":"#1"},"east":{"uv":[0,0,1,1],"texture":"#1"},"south":{"uv":[0,0,1,1],"texture":"#1"},"west":{"uv":[0,0,1,1],"texture":"#1"},"up":{"uv":[8,11,9,12],"texture":"#1"},"down":{"uv":[8,11,9,12],"texture":"#1"}}},{"from":[1.6,3.6,6.3],"to":[1.9,3.9,6.6],"rotation":{"angle":0,"axis":"y","origin":[4.3,6.4,7.5]},"faces":{"north":{"uv":[6,13,8,14],"texture":"#1"},"east":{"uv":[6,13,8,14],"texture":"#1"},"south":{"uv":[6,13,8,14],"texture":"#1"},"west":{"uv":[6,13,8,14],"texture":"#1"},"up":{"uv":[6,13,8,14],"texture":"#1"},"down":{"uv":[6,13,8,14],"texture":"#1"}}},{"from":[3.4,3.6,6.3],"to":[3.7,3.9,6.6],"rotation":{"angle":0,"axis":"y","origin":[6.1,6.4,7.5]},"faces":{"north":{"uv":[8,12,9,13],"texture":"#1"},"east":{"uv":[8,12,9,13],"texture":"#1"},"south":{"uv":[8,12,9,13],"texture":"#1"},"west":{"uv":[8,12,9,13],"texture":"#1"},"up":{"uv":[8,12,9,13],"texture":"#1"},"down":{"uv":[8,12,9,13],"texture":"#1"}}},{"from":[3.7,3.6,5.7],"to":[4,3.9,6.3],"rotation":{"angle":0,"axis":"y","origin":[6.4,6.4,7.2]},"faces":{"north":{"uv":[9,11,10,12],"texture":"#1"},"east":{"uv":[9,11,10,12],"texture":"#1"},"south":{"uv":[9,11,10,12],"texture":"#1"},"west":{"uv":[9,11,10,12],"texture":"#1"},"up":{"uv":[9,11,10,12],"texture":"#1"},"down":{"uv":[9,11,10,12],"texture":"#1"}}},{"from":[4,3.6,4.8],"to":[4.3,3.9,5.7],"rotation":{"angle":0,"axis":"y","origin":[6.7,6.4,6.6]},"faces":{"north":{"uv":[9,11,10,12],"texture":"#1"},"east":{"uv":[9,11,10,12],"texture":"#1"},"south":{"uv":[9,11,10,12],"texture":"#1"},"west":{"uv":[9,11,10,12],"texture":"#1"},"up":{"uv":[9,11,10,12],"texture":"#1"},"down":{"uv":[9,11,10,12],"texture":"#1"}}},{"from":[1.9,3.6,4.8],"to":[2.2,3.9,5.1],"rotation":{"angle":0,"axis":"y","origin":[4.6,6.4,6]},"faces":{"north":{"uv":[9,11,10,12],"texture":"#1"},"east":{"uv":[9,11,10,12],"texture":"#1"},"south":{"uv":[9,11,10,12],"texture":"#1"},"west":{"uv":[9,11,10,12],"texture":"#1"},"up":{"uv":[9,11,10,12],"texture":"#1"},"down":{"uv":[9,11,10,12],"texture":"#1"}}},{"from":[3.7,3.6,3.9],"to":[4,3.9,5.7],"rotation":{"angle":0,"axis":"y","origin":[6.4,6.4,7.2]},"faces":{"north":{"uv":[10,3,11,4],"texture":"#1"},"east":{"uv":[10,3,11,4],"texture":"#1"},"south":{"uv":[10,3,11,4],"texture":"#1"},"west":{"uv":[10,3,11,4],"texture":"#1"},"up":{"uv":[10,3,11,9],"texture":"#1"},"down":{"uv":[10,3,11,9],"rotation":180,"texture":"#1"}}},{"from":[2.8,3.6,4.5],"to":[3.7,3.9,4.8],"rotation":{"angle":0,"axis":"y","origin":[6.1,6.4,7.2]},"faces":{"north":{"uv":[0,0,1,1],"texture":"#1"},"east":{"uv":[0,0,1,1],"texture":"#1"},"south":{"uv":[0,0,1,1],"texture":"#1"},"west":{"uv":[0,0,1,1],"texture":"#1"},"up":{"uv":[10,6,11,9],"rotation":90,"texture":"#1"},"down":{"uv":[10,6,11,9],"rotation":90,"texture":"#1"}}},{"from":[3.1,3.6,4.8],"to":[3.7,3.9,5.4],"rotation":{"angle":0,"axis":"y","origin":[6.1,6.4,7.5]},"faces":{"north":{"uv":[0,0,1,1],"texture":"#1"},"east":{"uv":[0,0,1,1],"texture":"#1"},"south":{"uv":[0,0,1,1],"texture":"#1"},"west":{"uv":[0,0,1,1],"texture":"#1"},"up":{"uv":[8,6,10,8],"texture":"#1"},"down":{"uv":[8,6,10,8],"rotation":90,"texture":"#1"}}},{"from":[2.5,3.6,5.4],"to":[3.1,3.9,6],"rotation":{"angle":0,"axis":"y","origin":[5.5,6.4,8.1]},"faces":{"north":{"uv":[0,0,1,1],"texture":"#1"},"east":{"uv":[0,0,1,1],"texture":"#1"},"south":{"uv":[0,0,1,1],"texture":"#1"},"west":{"uv":[0,0,1,1],"texture":"#1"},"up":{"uv":[8,6,10,8],"texture":"#1"},"down":{"uv":[8,6,10,8],"rotation":90,"texture":"#1"}}},{"from":[1.9,3.6,6],"to":[2.5,3.9,6.6],"rotation":{"angle":0,"axis":"y","origin":[4.9,6.4,8.7]},"faces":{"north":{"uv":[0,0,1,1],"texture":"#1"},"east":{"uv":[0,0,1,1],"texture":"#1"},"south":{"uv":[0,0,1,1],"texture":"#1"},"west":{"uv":[0,0,1,1],"texture":"#1"},"up":{"uv":[8,6,10,8],"texture":"#1"},"down":{"uv":[8,6,10,8],"rotation":90,"texture":"#1"}}},{"from":[3.1,3.6,5.4],"to":[3.7,3.9,6],"rotation":{"angle":0,"axis":"y","origin":[6.1,6.4,8.1]},"faces":{"north":{"uv":[0,0,1,1],"texture":"#1"},"east":{"uv":[0,0,1,1],"texture":"#1"},"south":{"uv":[0,0,1,1],"texture":"#1"},"west":{"uv":[0,0,1,1],"texture":"#1"},"up":{"uv":[6,6,8,8],"rotation":90,"texture":"#1"},"down":{"uv":[6,6,8,8],"rotation":90,"texture":"#1"}}},{"from":[2.5,3.6,6],"to":[3.1,3.9,6.6],"rotation":{"angle":0,"axis":"y","origin":[5.5,6.4,8.7]},"faces":{"north":{"uv":[0,0,1,1],"texture":"#1"},"east":{"uv":[0,0,1,1],"texture":"#1"},"south":{"uv":[0,0,1,1],"texture":"#1"},"west":{"uv":[0,0,1,1],"texture":"#1"},"up":{"uv":[6,6,8,8],"rotation":90,"texture":"#1"},"down":{"uv":[6,6,8,8],"rotation":90,"texture":"#1"}}},{"from":[2.5,3.6,4.8],"to":[3.1,3.9,5.4],"rotation":{"angle":0,"axis":"y","origin":[5.5,6.4,7.5]},"faces":{"north":{"uv":[0,0,1,1],"texture":"#1"},"east":{"uv":[0,0,1,1],"texture":"#1"},"south":{"uv":[0,0,1,1],"texture":"#1"},"west":{"uv":[0,0,1,1],"texture":"#1"},"up":{"uv":[6,6,8,8],"texture":"#1"},"down":{"uv":[6,6,8,8],"rotation":180,"texture":"#1"}}},{"from":[1.9,3.6,5.4],"to":[2.5,3.9,6],"rotation":{"angle":0,"axis":"y","origin":[4.9,6.4,8.1]},"faces":{"north":{"uv":[0,0,1,1],"texture":"#1"},"east":{"uv":[0,0,1,1],"texture":"#1"},"south":{"uv":[0,0,1,1],"texture":"#1"},"west":{"uv":[0,0,1,1],"texture":"#1"},"up":{"uv":[6,6,8,8],"texture":"#1"},"down":{"uv":[6,6,8,8],"rotation":180,"texture":"#1"}}},{"from":[2.2,3.6,4.8],"to":[2.5,3.9,5.4],"rotation":{"angle":0,"axis":"y","origin":[5.2,6.4,7.5]},"faces":{"north":{"uv":[0,0,1,1],"texture":"#1"},"east":{"uv":[0,0,1,1],"texture":"#1"},"south":{"uv":[0,0,1,1],"texture":"#1"},"west":{"uv":[0,0,1,1],"texture":"#1"},"up":{"uv":[5,6,6,8],"texture":"#1"},"down":{"uv":[5,6,6,8],"rotation":180,"texture":"#1"}}},{"from":[1.6,3.6,5.4],"to":[1.9,3.9,6],"rotation":{"angle":0,"axis":"y","origin":[4.6,6.4,8.1]},"faces":{"north":{"uv":[0,0,1,1],"texture":"#1"},"east":{"uv":[0,0,1,1],"texture":"#1"},"south":{"uv":[0,0,1,1],"texture":"#1"},"west":{"uv":[0,0,1,1],"texture":"#1"},"up":{"uv":[5,6,6,8],"texture":"#1"},"down":{"uv":[5,6,6,8],"rotation":180,"texture":"#1"}}},{"from":[3.1,3.6,6],"to":[3.7,3.9,6.3],"rotation":{"angle":0,"axis":"y","origin":[3.4,4.15,6.15]},"faces":{"north":{"uv":[0,0,1,1],"texture":"#1"},"east":{"uv":[0,0,1,1],"texture":"#1"},"south":{"uv":[0,0,1,1],"texture":"#1"},"west":{"uv":[0,0,1,1],"texture":"#1"},"up":{"uv":[5,6,6,8],"rotation":90,"texture":"#1"},"down":{"uv":[5,6,6,8],"rotation":90,"texture":"#1"}}},{"from":[2.5,3.6,6.6],"to":[3.1,3.9,6.9],"rotation":{"angle":0,"axis":"y","origin":[2.8,4.15,6.75]},"faces":{"north":{"uv":[0,0,1,1],"texture":"#1"},"east":{"uv":[0,0,1,1],"texture":"#1"},"south":{"uv":[0,0,1,1],"texture":"#1"},"west":{"uv":[0,0,1,1],"texture":"#1"},"up":{"uv":[5,6,6,8],"rotation":90,"texture":"#1"},"down":{"uv":[5,6,6,8],"rotation":90,"texture":"#1"}}},{"from":[2.2,3.6,4.5],"to":[2.8,3.9,4.8],"rotation":{"angle":0,"axis":"y","origin":[3.4,4.15,4.65]},"faces":{"north":{"uv":[10,9,11,11],"rotation":90,"texture":"#1"},"east":{"uv":[10,9,11,11],"rotation":90,"texture":"#1"},"south":{"uv":[10,9,11,11],"rotation":90,"texture":"#1"},"west":{"uv":[10,9,11,11],"rotation":90,"texture":"#1"},"up":{"uv":[10,9,11,11],"rotation":90,"texture":"#1"},"down":{"uv":[10,9,11,11],"rotation":90,"texture":"#1"}}},{"from":[4,3.6,3.3],"to":[4.3,3.9,4.8],"rotation":{"angle":0,"axis":"y","origin":[6.7,6.4,6.6]},"faces":{"north":{"uv":[10,3,11,4],"texture":"#1"},"east":{"uv":[10,3,11,4],"texture":"#1"},"south":{"uv":[10,3,11,4],"texture":"#1"},"west":{"uv":[10,3,11,4],"texture":"#1"},"up":{"uv":[11,1,12,6],"texture":"#1"},"down":{"uv":[11,1,12,6],"rotation":180,"texture":"#1"}}},{"from":[2.8,3.6,4.2],"to":[3.7,3.9,4.5],"rotation":{"angle":0,"axis":"y","origin":[4,4.15,4.35]},"faces":{"north":{"uv":[11,6,12,9],"rotation":90,"texture":"#1"},"east":{"uv":[11,6,12,9],"rotation":90,"texture":"#1"},"south":{"uv":[11,6,12,9],"rotation":90,"texture":"#1"},"west":{"uv":[11,6,12,9],"rotation":90,"texture":"#1"},"up":{"uv":[11,6,12,9],"rotation":90,"texture":"#1"},"down":{"uv":[11,6,12,9],"rotation":90,"texture":"#1"}}},{"from":[4.3,3.6,4.5],"to":[4.6,3.9,4.8],"rotation":{"angle":0,"axis":"y","origin":[7,6.4,6.6]},"faces":{"north":{"uv":[12,5,13,6],"texture":"#1"},"east":{"uv":[12,5,13,6],"texture":"#1"},"south":{"uv":[12,5,13,6],"texture":"#1"},"west":{"uv":[12,5,13,6],"texture":"#1"},"up":{"uv":[12,5,13,6],"texture":"#1"},"down":{"uv":[12,5,13,6],"texture":"#1"}}},{"from":[4.3,3.6,3.3],"to":[4.6,3.9,3.6],"rotation":{"angle":0,"axis":"y","origin":[7,6.4,5.4]},"faces":{"north":{"uv":[13,2,14,3],"texture":"#1"},"east":{"uv":[13,2,14,3],"texture":"#1"},"south":{"uv":[13,2,14,3],"texture":"#1"},"west":{"uv":[13,2,14,3],"texture":"#1"},"up":{"uv":[13,2,14,3],"texture":"#1"},"down":{"uv":[13,2,14,3],"texture":"#1"}}},{"from":[4.3,3.6,3.9],"to":[5.2,3.9,4.5],"rotation":{"angle":0,"axis":"y","origin":[7,6.4,6.3]},"faces":{"north":{"uv":[14,3,15,5],"texture":"#1"},"east":{"uv":[14,3,15,5],"texture":"#1"},"south":{"uv":[14,3,15,5],"texture":"#1"},"west":{"uv":[14,3,15,5],"texture":"#1"},"up":{"uv":[12,3,15,5],"texture":"#1"},"down":{"uv":[15,3,12,5],"rotation":180,"texture":"#1"}}},{"from":[2.2,3,6.9],"to":[3.1,3.6,7.2],"rotation":{"angle":0,"axis":"y","origin":[5.2,5.8,8.1]},"faces":{"north":{"uv":[6,13,8,14],"texture":"#2"},"east":{"uv":[3,5,4,7],"texture":"#2"},"south":{"uv":[4,9,6,11],"texture":"#2"},"west":{"uv":[0,7,1,9],"texture":"#2"},"up":{"uv":[6,13,8,14],"texture":"#2"},"down":{"uv":[6,13,8,14],"texture":"#2"}}},{"from":[1.3,3,5.4],"to":[1.6,3.6,6.3],"rotation":{"angle":0,"axis":"y","origin":[1.45,3.55,5.7]},"faces":{"north":{"uv":[8,8,9,10],"texture":"#2"},"east":{"uv":[6,13,8,14],"texture":"#2"},"south":{"uv":[13,7,14,9],"texture":"#2"},"west":{"uv":[8,8,10,10],"texture":"#2"},"up":{"uv":[6,13,8,14],"texture":"#2"},"down":{"uv":[6,13,8,14],"texture":"#2"}}},{"from":[3.1,3,6.6],"to":[3.4,3.6,6.9],"rotation":{"angle":0,"axis":"y","origin":[5.8,5.8,7.8]},"faces":{"north":{"uv":[8,12,9,13],"texture":"#2"},"east":{"uv":[11,10,12,12],"texture":"#2"},"south":{"uv":[11,6,12,8],"texture":"#2"},"west":{"uv":[8,12,9,13],"texture":"#2"},"up":{"uv":[8,12,9,13],"texture":"#2"},"down":{"uv":[8,12,9,13],"texture":"#2"}}},{"from":[1.9,3,6.6],"to":[2.2,3.6,6.9],"rotation":{"angle":0,"axis":"y","origin":[4.6,5.8,7.8]},"faces":{"north":{"uv":[6,13,8,14],"texture":"#2"},"east":{"uv":[6,13,8,14],"texture":"#2"},"south":{"uv":[6,10,7,12],"texture":"#2"},"west":{"uv":[6,13,7,15],"texture":"#2"},"up":{"uv":[6,13,8,14],"texture":"#2"},"down":{"uv":[6,13,8,14],"texture":"#2"}}},{"from":[1.6,3,5.1],"to":[1.9,3.6,5.4],"rotation":{"angle":0,"axis":"y","origin":[4.3,5.8,6.3]},"faces":{"north":{"uv":[11,12,12,14],"texture":"#2"},"east":{"uv":[6,13,8,14],"texture":"#2"},"south":{"uv":[6,13,8,14],"texture":"#2"},"west":{"uv":[7,6,8,8],"texture":"#2"},"up":{"uv":[6,13,8,14],"texture":"#2"},"down":{"uv":[6,13,8,14],"texture":"#2"}}},{"from":[1.9,3,5.1],"to":[2.2,3.6,5.4],"rotation":{"angle":0,"axis":"y","origin":[4.6,5.8,6.3]},"faces":{"north":{"uv":[0,0,1,1],"texture":"#2"},"east":{"uv":[0,0,1,1],"texture":"#2"},"south":{"uv":[0,0,1,1],"texture":"#2"},"west":{"uv":[0,0,1,1],"texture":"#2"},"up":{"uv":[8,11,9,12],"texture":"#2"},"down":{"uv":[8,11,9,12],"texture":"#2"}}},{"from":[2.2,3,6.6],"to":[2.5,3.6,6.9],"rotation":{"angle":0,"axis":"y","origin":[4.9,5.8,7.8]},"faces":{"north":{"uv":[0,0,1,1],"texture":"#2"},"east":{"uv":[0,0,1,1],"texture":"#2"},"south":{"uv":[0,0,1,1],"texture":"#2"},"west":{"uv":[0,0,1,1],"texture":"#2"},"up":{"uv":[8,11,9,12],"texture":"#2"},"down":{"uv":[8,11,9,12],"texture":"#2"}}},{"from":[1.6,3,6],"to":[1.9,3.6,6.3],"rotation":{"angle":0,"axis":"y","origin":[4.3,5.8,7.2]},"faces":{"north":{"uv":[0,0,1,1],"texture":"#2"},"east":{"uv":[0,0,1,1],"texture":"#2"},"south":{"uv":[0,0,1,1],"texture":"#2"},"west":{"uv":[0,0,1,1],"texture":"#2"},"up":{"uv":[8,11,9,12],"texture":"#2"},"down":{"uv":[8,11,9,12],"texture":"#2"}}},{"from":[2.2,3,6.6],"to":[2.5,3.6,6.9],"rotation":{"angle":0,"axis":"y","origin":[4.9,5.8,7.8]},"faces":{"north":{"uv":[0,0,1,1],"texture":"#2"},"east":{"uv":[0,0,1,1],"texture":"#2"},"south":{"uv":[0,0,1,1],"texture":"#2"},"west":{"uv":[0,0,1,1],"texture":"#2"},"up":{"uv":[8,11,9,12],"texture":"#2"},"down":{"uv":[0,0,1,1],"texture":"#2"}}},{"from":[3.1,3,6.3],"to":[3.4,3.6,6.6],"rotation":{"angle":0,"axis":"y","origin":[5.8,5.8,7.5]},"faces":{"north":{"uv":[0,0,1,1],"texture":"#2"},"east":{"uv":[0,0,1,1],"texture":"#2"},"south":{"uv":[0,0,1,1],"texture":"#2"},"west":{"uv":[0,0,1,1],"texture":"#2"},"up":{"uv":[8,11,9,12],"texture":"#2"},"down":{"uv":[8,11,9,12],"texture":"#2"}}},{"from":[1.6,3,6.3],"to":[1.9,3.6,6.6],"rotation":{"angle":0,"axis":"y","origin":[4.3,5.8,7.5]},"faces":{"north":{"uv":[6,13,8,14],"texture":"#2"},"east":{"uv":[6,13,8,14],"texture":"#2"},"south":{"uv":[1,5,2,7],"texture":"#2"},"west":{"uv":[6,13,7,15],"texture":"#2"},"up":{"uv":[6,13,8,14],"texture":"#2"},"down":{"uv":[6,13,8,14],"texture":"#2"}}},{"from":[3.4,3,6.3],"to":[3.7,3.6,6.6],"rotation":{"angle":0,"axis":"y","origin":[6.1,5.8,7.5]},"faces":{"north":{"uv":[8,12,9,13],"texture":"#2"},"east":{"uv":[7,9,8,11],"texture":"#2"},"south":{"uv":[11,10,12,12],"texture":"#2"},"west":{"uv":[8,12,9,13],"texture":"#2"},"up":{"uv":[8,12,9,13],"texture":"#2"},"down":{"uv":[8,12,9,13],"texture":"#2"}}},{"from":[3.7,3,5.7],"to":[4,3.6,6.3],"rotation":{"angle":0,"axis":"y","origin":[6.4,5.8,7.2]},"faces":{"north":{"uv":[9,11,10,12],"texture":"#2"},"east":{"uv":[10,9,12,11],"texture":"#2"},"south":{"uv":[9,8,10,10],"texture":"#2"},"west":{"uv":[9,11,10,12],"texture":"#2"},"up":{"uv":[9,11,10,12],"texture":"#2"},"down":{"uv":[9,11,10,12],"texture":"#2"}}},{"from":[4,3,4.8],"to":[4.3,3.6,5.7],"rotation":{"angle":0,"axis":"y","origin":[6.7,5.8,6.6]},"faces":{"north":{"uv":[9,11,10,12],"texture":"#2"},"east":{"uv":[7,8,10,10],"texture":"#2"},"south":{"uv":[9,8,10,10],"texture":"#2"},"west":{"uv":[9,11,10,12],"texture":"#2"},"up":{"uv":[9,11,10,12],"texture":"#2"},"down":{"uv":[9,11,10,12],"texture":"#2"}}},{"from":[1.9,3,4.8],"to":[2.2,3.6,5.1],"rotation":{"angle":0,"axis":"y","origin":[4.6,5.8,6]},"faces":{"north":{"uv":[3,10,4,12],"texture":"#2"},"east":{"uv":[9,11,10,12],"texture":"#2"},"south":{"uv":[9,11,10,12],"texture":"#2"},"west":{"uv":[11,8,12,10],"texture":"#2"},"up":{"uv":[9,11,10,12],"texture":"#2"},"down":{"uv":[9,11,10,12],"texture":"#2"}}},{"from":[3.7,3,3.9],"to":[4,3.6,5.7],"rotation":{"angle":0,"axis":"y","origin":[6.4,5.8,7.2]},"faces":{"north":{"uv":[11,3,12,5],"texture":"#2"},"east":{"uv":[10,3,11,4],"texture":"#2"},"south":{"uv":[10,3,11,4],"texture":"#2"},"west":{"uv":[8,3,9,4],"texture":"#2"},"up":{"uv":[10,3,11,9],"texture":"#2"},"down":{"uv":[10,3,11,9],"rotation":180,"texture":"#2"}}},{"from":[2.8,3,4.5],"to":[3.7,3.6,4.8],"rotation":{"angle":0,"axis":"y","origin":[6.1,5.8,7.2]},"faces":{"north":{"uv":[0,0,1,1],"texture":"#2"},"east":{"uv":[0,0,1,1],"texture":"#2"},"south":{"uv":[0,0,1,1],"texture":"#2"},"west":{"uv":[0,0,1,1],"texture":"#2"},"up":{"uv":[10,6,11,9],"rotation":90,"texture":"#2"},"down":{"uv":[10,6,11,9],"rotation":90,"texture":"#2"}}},{"from":[3.1,3,4.8],"to":[3.7,3.6,5.4],"rotation":{"angle":0,"axis":"y","origin":[6.1,5.8,7.5]},"faces":{"north":{"uv":[0,0,1,1],"texture":"#2"},"east":{"uv":[0,0,1,1],"texture":"#2"},"south":{"uv":[0,0,1,1],"texture":"#2"},"west":{"uv":[0,0,1,1],"texture":"#2"},"up":{"uv":[8,6,10,8],"texture":"#2"},"down":{"uv":[5,3,7,5],"rotation":90,"texture":"#2"}}},{"from":[2.5,3,5.4],"to":[3.1,3.6,6],"rotation":{"angle":0,"axis":"y","origin":[5.5,5.8,8.1]},"faces":{"north":{"uv":[0,0,1,1],"texture":"#2"},"east":{"uv":[0,0,1,1],"texture":"#2"},"south":{"uv":[0,0,1,1],"texture":"#2"},"west":{"uv":[0,0,1,1],"texture":"#2"},"up":{"uv":[8,6,10,8],"texture":"#2"},"down":{"uv":[8,6,10,8],"rotation":90,"texture":"#2"}}},{"from":[1.9,3,6],"to":[2.5,3.6,6.6],"rotation":{"angle":0,"axis":"y","origin":[4.9,5.8,8.7]},"faces":{"north":{"uv":[0,0,1,1],"texture":"#2"},"east":{"uv":[0,0,1,1],"texture":"#2"},"south":{"uv":[0,0,1,1],"texture":"#2"},"west":{"uv":[0,0,1,1],"texture":"#2"},"up":{"uv":[8,6,10,8],"texture":"#2"},"down":{"uv":[2,3,4,5],"rotation":90,"texture":"#2"}}},{"from":[3.1,3,5.4],"to":[3.7,3.6,6],"rotation":{"angle":0,"axis":"y","origin":[6.1,5.8,8.1]},"faces":{"north":{"uv":[0,0,1,1],"texture":"#2"},"east":{"uv":[0,0,1,1],"texture":"#2"},"south":{"uv":[0,0,1,1],"texture":"#2"},"west":{"uv":[0,0,1,1],"texture":"#2"},"up":{"uv":[6,6,8,8],"rotation":90,"texture":"#2"},"down":{"uv":[9,8,11,10],"rotation":90,"texture":"#2"}}},{"from":[2.5,3,6],"to":[3.1,3.6,6.6],"rotation":{"angle":0,"axis":"y","origin":[5.5,5.8,8.7]},"faces":{"north":{"uv":[0,0,1,1],"texture":"#2"},"east":{"uv":[0,0,1,1],"texture":"#2"},"south":{"uv":[0,0,1,1],"texture":"#2"},"west":{"uv":[0,0,1,1],"texture":"#2"},"up":{"uv":[6,6,8,8],"rotation":90,"texture":"#2"},"down":{"uv":[9,8,11,10],"rotation":90,"texture":"#2"}}},{"from":[2.5,3,4.8],"to":[3.1,3.6,5.4],"rotation":{"angle":0,"axis":"y","origin":[5.5,5.8,7.5]},"faces":{"north":{"uv":[0,0,1,1],"texture":"#2"},"east":{"uv":[0,0,1,1],"texture":"#2"},"south":{"uv":[0,0,1,1],"texture":"#2"},"west":{"uv":[0,0,1,1],"texture":"#2"},"up":{"uv":[6,6,8,8],"texture":"#2"},"down":{"uv":[6,6,8,8],"rotation":180,"texture":"#2"}}},{"from":[1.9,3,5.4],"to":[2.5,3.6,6],"rotation":{"angle":0,"axis":"y","origin":[4.9,5.8,8.1]},"faces":{"north":{"uv":[0,0,1,1],"texture":"#2"},"east":{"uv":[0,0,1,1],"texture":"#2"},"south":{"uv":[0,0,1,1],"texture":"#2"},"west":{"uv":[0,0,1,1],"texture":"#2"},"up":{"uv":[6,6,8,8],"texture":"#2"},"down":{"uv":[9,8,11,10],"rotation":180,"texture":"#2"}}},{"from":[2.2,3,4.8],"to":[2.5,3.6,5.4],"rotation":{"angle":0,"axis":"y","origin":[5.2,5.8,7.5]},"faces":{"north":{"uv":[0,0,1,1],"texture":"#2"},"east":{"uv":[0,0,1,1],"texture":"#2"},"south":{"uv":[0,0,1,1],"texture":"#2"},"west":{"uv":[0,0,1,1],"texture":"#2"},"up":{"uv":[5,6,6,8],"texture":"#2"},"down":{"uv":[5,6,6,8],"rotation":180,"texture":"#2"}}},{"from":[1.6,3,5.4],"to":[1.9,3.6,6],"rotation":{"angle":0,"axis":"y","origin":[4.6,5.8,8.1]},"faces":{"north":{"uv":[0,0,1,1],"texture":"#2"},"east":{"uv":[0,0,1,1],"texture":"#2"},"south":{"uv":[0,0,1,1],"texture":"#2"},"west":{"uv":[0,0,1,1],"texture":"#2"},"up":{"uv":[5,6,6,8],"texture":"#2"},"down":{"uv":[5,6,6,8],"rotation":180,"texture":"#2"}}},{"from":[3.1,3,6],"to":[3.7,3.6,6.3],"rotation":{"angle":0,"axis":"y","origin":[3.4,3.55,6.15]},"faces":{"north":{"uv":[0,0,1,1],"texture":"#2"},"east":{"uv":[0,0,1,1],"texture":"#2"},"south":{"uv":[0,0,1,1],"texture":"#2"},"west":{"uv":[0,0,1,1],"texture":"#2"},"up":{"uv":[5,6,6,8],"rotation":90,"texture":"#2"},"down":{"uv":[5,6,6,8],"rotation":90,"texture":"#2"}}},{"from":[2.5,3,6.6],"to":[3.1,3.6,6.9],"rotation":{"angle":0,"axis":"y","origin":[2.8,3.55,6.75]},"faces":{"north":{"uv":[0,0,1,1],"texture":"#2"},"east":{"uv":[0,0,1,1],"texture":"#2"},"south":{"uv":[0,0,1,1],"texture":"#2"},"west":{"uv":[0,0,1,1],"texture":"#2"},"up":{"uv":[5,6,6,8],"rotation":90,"texture":"#2"},"down":{"uv":[5,6,6,8],"rotation":90,"texture":"#2"}}},{"from":[2.2,3,4.5],"to":[2.8,3.6,4.8],"rotation":{"angle":0,"axis":"y","origin":[3.4,3.55,4.65]},"faces":{"north":{"uv":[6,5,8,7],"rotation":90,"texture":"#2"},"east":{"uv":[10,9,11,11],"rotation":90,"texture":"#2"},"south":{"uv":[10,9,11,11],"rotation":90,"texture":"#2"},"west":{"uv":[9,7,10,9],"texture":"#2"},"up":{"uv":[10,9,11,11],"rotation":90,"texture":"#2"},"down":{"uv":[10,9,11,11],"rotation":90,"texture":"#2"}}},{"from":[4,3,4.2],"to":[4.3,3.6,4.8],"rotation":{"angle":0,"axis":"y","origin":[6.7,5.8,6.6]},"faces":{"north":{"uv":[11,2,12,4],"texture":"#2"},"east":{"uv":[10,4,12,6],"texture":"#2"},"south":{"uv":[10,3,11,4],"texture":"#2"},"west":{"uv":[9,10,14,12],"texture":"#2"},"up":{"uv":[11,1,12,3],"rotation":180,"texture":"#2"},"down":{"uv":[11,1,12,3],"rotation":180,"texture":"#2"}}},{"from":[2.8,3,4.2],"to":[3.7,3.6,4.5],"rotation":{"angle":0,"axis":"y","origin":[4,3.55,4.35]},"faces":{"north":{"uv":[8,8,11,10],"rotation":90,"texture":"#2"},"east":{"uv":[11,6,12,9],"rotation":90,"texture":"#2"},"south":{"uv":[11,6,12,9],"rotation":90,"texture":"#2"},"west":{"uv":[7,5,8,7],"rotation":90,"texture":"#2"},"up":{"uv":[11,6,12,9],"rotation":90,"texture":"#2"},"down":{"uv":[11,6,12,9],"rotation":90,"texture":"#2"}}},{"from":[4.3,3,4.5],"to":[4.6,3.6,4.8],"rotation":{"angle":0,"axis":"y","origin":[7,5.8,6.6]},"faces":{"north":{"uv":[12,5,13,6],"texture":"#2"},"east":{"uv":[11,5,12,7],"texture":"#2"},"south":{"uv":[10,8,11,10],"texture":"#2"},"west":{"uv":[12,5,13,6],"texture":"#2"},"up":{"uv":[12,5,13,6],"texture":"#2"},"down":{"uv":[12,5,13,6],"texture":"#2"}}},{"from":[1.75,2.25,8.2],"to":[2.75,3.25,9.2],"rotation":{"angle":0,"axis":"y","origin":[10,10,16]},"faces":{"north":{"uv":[8,3,10,5],"texture":"#3"},"east":{"uv":[10,4,12,6],"texture":"#3"},"south":{"uv":[9,3,11,5],"texture":"#3"},"west":{"uv":[10,2,12,4],"texture":"#3"},"up":{"uv":[10,6,12,8],"texture":"#3"},"down":{"uv":[10,2,12,4],"texture":"#3"}}},{"from":[2,2.5,8],"to":[3,3.5,9],"rotation":{"angle":0,"axis":"y","origin":[10,10,16]},"faces":{"north":{"uv":[8,3,10,5],"texture":"#3"},"east":{"uv":[10,4,12,6],"texture":"#3"},"south":{"uv":[9,3,11,5],"texture":"#3"},"west":{"uv":[10,2,12,4],"texture":"#3"},"up":{"uv":[10,6,12,8],"texture":"#3"},"down":{"uv":[10,2,12,4],"texture":"#3"}}},{"from":[4,2.5,7.75],"to":[5,3.5,8.75],"rotation":{"angle":0,"axis":"y","origin":[12,10,15.75]},"faces":{"north":{"uv":[8,3,10,5],"texture":"#2"},"east":{"uv":[10,4,12,6],"texture":"#2"},"south":{"uv":[9,3,11,5],"texture":"#2"},"west":{"uv":[10,2,12,4],"texture":"#2"},"up":{"uv":[10,4,12,6],"texture":"#2"},"down":{"uv":[10,2,12,4],"texture":"#2"}}},{"from":[3.75,2.5,7.75],"to":[4,3.5,8.75],"rotation":{"angle":0,"axis":"y","origin":[11.25,10,15.75]},"faces":{"north":{"uv":[8,3,10,5],"texture":"#4"},"east":{"uv":[10,4,12,6],"texture":"#4"},"south":{"uv":[9,3,11,5],"texture":"#4"},"west":{"uv":[10,2,12,4],"texture":"#4"},"up":{"uv":[10,6,12,8],"texture":"#4"},"down":{"uv":[10,2,12,4],"texture":"#4"}}},{"from":[5,2.5,7.75],"to":[5.25,3.5,8.75],"rotation":{"angle":0,"axis":"y","origin":[13,10,15.75]},"faces":{"north":{"uv":[8,3,10,5],"texture":"#4"},"east":{"uv":[10,4,12,6],"texture":"#4"},"south":{"uv":[9,3,11,5],"texture":"#4"},"west":{"uv":[10,2,12,4],"texture":"#4"},"up":{"uv":[10,6,12,8],"texture":"#4"},"down":{"uv":[10,2,12,4],"texture":"#4"}}},{"from":[4,2.5,8.75],"to":[5,3.5,9],"rotation":{"angle":0,"axis":"y","origin":[12,10,16.75]},"faces":{"north":{"uv":[8,3,10,5],"texture":"#4"},"east":{"uv":[10,4,12,6],"texture":"#4"},"south":{"uv":[9,3,11,5],"texture":"#4"},"west":{"uv":[10,2,12,4],"texture":"#4"},"up":{"uv":[10,6,12,8],"texture":"#4"},"down":{"uv":[10,2,12,4],"texture":"#4"}}},{"from":[4.3,2.51,8.1],"to":[4.65,3.51,8.45],"rotation":{"angle":0,"axis":"y","origin":[12,11,16]},"faces":{"north":{"uv":[8,3,10,5],"texture":"#5"},"east":{"uv":[10,4,12,6],"texture":"#5"},"south":{"uv":[9,3,11,5],"texture":"#5"},"west":{"uv":[10,2,12,4],"texture":"#5"},"up":{"uv":[10,6,12,8],"texture":"#5"},"down":{"uv":[10,2,12,4],"texture":"#5"}}},{"from":[4,2.5,7.5],"to":[5,3.5,7.75],"rotation":{"angle":0,"axis":"y","origin":[12,10,15.25]},"faces":{"north":{"uv":[8,3,10,5],"texture":"#4"},"east":{"uv":[10,4,12,6],"texture":"#4"},"south":{"uv":[9,3,11,5],"texture":"#4"},"west":{"uv":[10,2,12,4],"texture":"#4"},"up":{"uv":[10,6,12,8],"texture":"#4"},"down":{"uv":[10,2,12,4],"texture":"#4"}}},{"from":[6,2.5,3.75],"to":[8,3.5,6.75],"rotation":{"angle":-45,"axis":"y","origin":[7,3,5.25]},"faces":{"north":{"uv":[3,6,10,10],"texture":"#2"},"east":{"uv":[3,8,12,11],"texture":"#2"},"south":{"uv":[8,3,15,7],"texture":"#2"},"west":{"uv":[6,5,15,8],"texture":"#2"},"up":{"uv":[6,4,12,13],"texture":"#2"},"down":{"uv":[7,5,13,14],"texture":"#2"}}},{"from":[6.28,2.01,5.75],"to":[8.3,4.01,6.25],"rotation":{"angle":-45,"axis":"y","origin":[8,3,5.25]},"faces":{"north":{"uv":[12,3,13,4],"texture":"#4"},"east":{"uv":[12,3,13,4],"texture":"#4"},"south":{"uv":[12,3,13,4],"texture":"#4"},"west":{"uv":[12,3,13,4],"texture":"#4"},"up":{"uv":[12,3,13,4],"texture":"#4"},"down":{"uv":[12,3,13,4],"texture":"#4"}}},{"from":[7,3.5,3.75],"to":[8,4,6.75],"rotation":{"angle":-45,"axis":"y","origin":[7,4,5.25]},"faces":{"north":{"uv":[1,2,3,3],"texture":"#6"},"east":{"uv":[2,2,14,3],"texture":"#6"},"south":{"uv":[1,2,3,3],"rotation":180,"texture":"#6"},"west":{"uv":[6,5,15,8],"texture":"#6"},"up":{"uv":[13,2,15,14],"texture":"#6"},"down":{"uv":[10,7,16,16],"texture":"#6"}}},{"from":[6.29289,3.5,3.04289],"to":[7.29289,4,6.04289],"rotation":{"angle":-45,"axis":"y","origin":[6.29289,4,4.54289]},"faces":{"north":{"uv":[1,2,3,3],"rotation":180,"texture":"#6"},"east":{"uv":[3,8,12,11],"texture":"#6"},"south":{"uv":[1,2,3,3],"texture":"#6"},"west":{"uv":[2,2,14,3],"texture":"#6"},"up":{"uv":[13,2,15,14],"rotation":180,"texture":"#6"},"down":{"uv":[10,7,16,16],"texture":"#6"}}},{"from":[6.6,2.4,7.7],"to":[7.8,3.6,8.9],"rotation":{"angle":0,"axis":"y","origin":[16.2,11.4,17.3]},"faces":{"north":{"uv":[8,3,10,5],"texture":"#2"},"east":{"uv":[10,4,12,6],"texture":"#2"},"south":{"uv":[9,3,11,5],"texture":"#2"},"west":{"uv":[10,2,12,4],"texture":"#2"},"up":{"uv":[10,4,12,6],"texture":"#2"},"down":{"uv":[10,2,12,4],"texture":"#2"}}},{"from":[6.3,2.4,7.7],"to":[6.6,3.6,8.9],"rotation":{"angle":0,"axis":"y","origin":[15.3,11.4,17.3]},"faces":{"north":{"uv":[9,2,11,5],"texture":"#7"},"east":{"uv":[9,2,11,5],"texture":"#7"},"south":{"uv":[9,2,11,5],"texture":"#7"},"west":{"uv":[9,2,11,5],"texture":"#7"},"up":{"uv":[9,3,11,4],"texture":"#7"},"down":{"uv":[10,2,12,4],"texture":"#7"}}},{"from":[7.8,2.4,7.7],"to":[8.1,3.6,8.9],"rotation":{"angle":0,"axis":"y","origin":[17.4,11.4,17.3]},"faces":{"north":{"uv":[9,2,11,5],"texture":"#7"},"east":{"uv":[9,2,11,5],"texture":"#7"},"south":{"uv":[9,2,11,5],"texture":"#7"},"west":{"uv":[9,2,11,5],"texture":"#7"},"up":{"uv":[9,3,11,4],"texture":"#7"},"down":{"uv":[10,2,12,4],"texture":"#7"}}},{"from":[6.6,2.4,8.9],"to":[7.8,3.6,9.2],"rotation":{"angle":0,"axis":"y","origin":[16.2,11.4,18.5]},"faces":{"north":{"uv":[9,2,11,5],"texture":"#7"},"east":{"uv":[9,2,11,5],"texture":"#7"},"south":{"uv":[9,2,11,5],"texture":"#7"},"west":{"uv":[9,2,11,5],"texture":"#7"},"up":{"uv":[9,3,11,4],"texture":"#7"},"down":{"uv":[10,2,12,4],"texture":"#7"}}},{"from":[7.05,2.412,8.2],"to":[7.47,3.612,8.62],"rotation":{"angle":0,"axis":"y","origin":[16.2,12.6,17.6]},"faces":{"north":{"uv":[8,3,10,5],"texture":"#3"},"east":{"uv":[10,4,12,6],"texture":"#3"},"south":{"uv":[9,3,11,5],"texture":"#3"},"west":{"uv":[10,2,12,4],"texture":"#3"},"up":{"uv":[10,6,12,8],"texture":"#3"},"down":{"uv":[10,2,12,4],"texture":"#3"}}},{"from":[6.9,2.411,8],"to":[7.32,3.611,8.42],"rotation":{"angle":0,"axis":"y","origin":[16.2,12.6,17.6]},"faces":{"north":{"uv":[8,3,10,5],"texture":"#5"},"east":{"uv":[10,4,12,6],"texture":"#5"},"south":{"uv":[9,3,11,5],"texture":"#5"},"west":{"uv":[10,2,12,4],"texture":"#5"},"up":{"uv":[10,6,12,8],"texture":"#5"},"down":{"uv":[10,2,12,4],"texture":"#5"}}},{"from":[6.6,2.4,7.4],"to":[7.8,3.6,7.7],"rotation":{"angle":0,"axis":"y","origin":[16.2,11.4,16.7]},"faces":{"north":{"uv":[9,2,11,5],"texture":"#7"},"east":{"uv":[9,2,11,5],"texture":"#7"},"south":{"uv":[9,2,11,5],"texture":"#7"},"west":{"uv":[9,2,11,5],"texture":"#7"},"up":{"uv":[9,3,11,4],"texture":"#7"},"down":{"uv":[10,2,12,4],"texture":"#7"}}},{"from":[10,2.7,3.75],"to":[12,3.7,6.75],"rotation":{"angle":-45,"axis":"y","origin":[11,3,5.25]},"faces":{"north":{"uv":[3,6,10,10],"texture":"#2"},"east":{"uv":[3,8,12,11],"texture":"#2"},"south":{"uv":[8,3,15,7],"texture":"#2"},"west":{"uv":[6,5,15,8],"texture":"#2"},"up":{"uv":[6,4,12,13],"texture":"#2"},"down":{"uv":[7,5,13,14],"texture":"#2"}}},{"from":[10.28,2.21,5.75],"to":[12.3,4.21,6.25],"rotation":{"angle":-45,"axis":"y","origin":[12,3,5.25]},"faces":{"north":{"uv":[12,3,13,4],"texture":"#4"},"east":{"uv":[12,3,13,4],"texture":"#4"},"south":{"uv":[12,3,13,4],"texture":"#4"},"west":{"uv":[12,3,13,4],"texture":"#4"},"up":{"uv":[12,3,13,4],"texture":"#4"},"down":{"uv":[12,3,13,4],"texture":"#4"}}},{"from":[11,3.7,3.75],"to":[12,4.2,6.75],"rotation":{"angle":-45,"axis":"y","origin":[11,4,5.25]},"faces":{"north":{"uv":[1,2,3,3],"texture":"#8"},"east":{"uv":[2,2,14,3],"texture":"#8"},"south":{"uv":[1,2,3,3],"rotation":180,"texture":"#8"},"west":{"uv":[6,5,15,8],"texture":"#8"},"up":{"uv":[13,2,15,14],"texture":"#8"},"down":{"uv":[10,7,16,16],"texture":"#8"}}},{"from":[10.29289,3.7,3.04289],"to":[11.29289,4.2,6.04289],"rotation":{"angle":-45,"axis":"y","origin":[10.29289,4,4.54289]},"faces":{"north":{"uv":[1,2,3,3],"rotation":180,"texture":"#8"},"east":{"uv":[3,8,12,11],"texture":"#8"},"south":{"uv":[1,2,3,3],"texture":"#8"},"west":{"uv":[2,2,14,3],"texture":"#8"},"up":{"uv":[13,2,15,14],"rotation":180,"texture":"#8"},"down":{"uv":[10,7,16,16],"texture":"#8"}}},{"from":[8.1,3,6.75],"to":[13.3,3.3,7.05],"rotation":{"angle":22.5,"axis":"y","origin":[11.95,3.55,7.3]},"faces":{"north":{"uv":[1,2,15,3],"rotation":180,"texture":"#9"},"east":{"uv":[14,2,15,3],"texture":"#9"},"south":{"uv":[1,2,15,3],"texture":"#9"},"west":{"uv":[1,2,2,3],"texture":"#9"},"up":{"uv":[1,2,15,3],"texture":"#9"},"down":{"uv":[7,2,9,3],"rotation":270,"texture":"#9"}}},{"from":[12.6,3,5.9],"to":[12.9,3.3,11.1],"rotation":{"angle":-45,"axis":"y","origin":[12.95,3.55,7.3]},"faces":{"north":{"uv":[14,2,15,3],"texture":"#9"},"east":{"uv":[1,2,15,3],"texture":"#9"},"south":{"uv":[1,2,2,3],"texture":"#9"},"west":{"uv":[1,2,15,3],"rotation":180,"texture":"#9"},"up":{"uv":[1,2,15,3],"rotation":270,"texture":"#9"},"down":{"uv":[7,2,9,3],"texture":"#9"}}}],"display":{"thirdperson_righthand":{"rotation":[67.25,0,0],"translation":[0,3.75,5.25]},"thirdperson_lefthand":{"rotation":[67.25,0,0],"translation":[0,3.75,5.25]},"firstperson_righthand":{"rotation":[0,0,5],"translation":[0.75,6,0]},"firstperson_lefthand":{"rotation":[10,0,5],"translation":[-1,6,0.75]},"ground":{"translation":[0,2.25,0]},"gui":{"rotation":[30,45,0],"translation":[2,4,0]},"head":{"rotation":[0,-168.25,0],"translation":[-0.75,14,-1.75]},"fixed":{"rotation":[-90,0,0],"translation":[1,3.5,-16],"scale":[2,2,2]}},"groups":[0,1,2,{"name":"fish","origin":[8,8,8],"children":[3,4,5,6,7,8,9,10,11,12,13,14,15,16,17,18,19,20,21,22,23,24,25,26,27,28,29,30,31,32,33,34,35,36,37,{"name":"fish rice","origin":[8,8,8],"children":[38,39,40,41,42,43,44,45,46,47,48,49,50,51,52,53,54,55,56,57,58,59,60,61,62,63,64,65,66,67,68,69]}]},{"name":"wasabi","origin":[8,8,8],"children":[70,71]},{"name":"sushiroll","origin":[8,8,8],"children":[72,73,74,75,76,77]},{"name":"yellowsushi","origin":[12,10,15.75],"children":[78,79,80,81]},{"name":"sushiroll","origin":[8,8,8],"children":[82,83,84,85,86,87,88]},{"name":"pinksushi","origin":[12,10,15.75],"children":[89,90,91,92]},{"name":"chopsticks","origin":[17.4,11.4,17.3],"children":[93,94]}],"credit":"Model by Craftventure"}