{"textures":{"0":"block/stripped_oak_log","1":"item/tropical_fish","2":"block/white_concrete_powder","3":"block/sea_pickle","4":"block/black_shulker_box","5":"block/red_concrete","7":"block/orange_shulker_box","8":"block/pink_shulker_box","particle":"block/stripped_oak_log"},"elements":[{"from":[13.20182,-2.75625,2.58926],"to":[14.20182,-0.75625,13.58926],"rotation":{"angle":0,"axis":"y","origin":[21.20182,5.24375,15.58926]},"faces":{"north":{"uv":[14,10,15,12],"texture":"#0"},"east":{"uv":[0,3,11,5],"texture":"#0"},"south":{"uv":[14,10,15,12],"texture":"#0"},"west":{"uv":[0,3,11,5],"texture":"#0"},"up":{"uv":[0,5,2,11],"texture":"#0"},"down":{"uv":[0,5,1,16],"texture":"#0"}}},{"from":[1.20182,-2.75625,2.58926],"to":[2.20182,-0.75625,13.58926],"rotation":{"angle":0,"axis":"y","origin":[9.20182,5.24375,15.58926]},"faces":{"north":{"uv":[14,10,15,12],"texture":"#0"},"east":{"uv":[0,3,11,5],"texture":"#0"},"south":{"uv":[14,10,15,12],"texture":"#0"},"west":{"uv":[0,3,11,5],"texture":"#0"},"up":{"uv":[0,0,2,6],"texture":"#0"},"down":{"uv":[0,0,1,11],"texture":"#0"}}},{"from":[0.20182,-0.75625,1.58926],"to":[15.20182,0.24375,14.58926],"rotation":{"angle":0,"axis":"y","origin":[9.20182,7.24375,17.58926]},"faces":{"north":{"uv":[4,2,5,15],"rotation":90,"texture":"#0"},"east":{"uv":[4,2,5,15],"rotation":90,"texture":"#0"},"south":{"uv":[4,2,5,15],"rotation":90,"texture":"#0"},"west":{"uv":[3,2,4,15],"rotation":90,"texture":"#0"},"up":{"uv":[3,0,16,15],"rotation":90,"texture":"#0"},"down":{"uv":[3,0,16,15],"rotation":90,"texture":"#0"}}},{"from":[11.76,0,11.648],"to":[13.2,0.72,13.088],"rotation":{"angle":0,"axis":"y","origin":[23.64,10.08,22.88]},"faces":{"north":{"uv":[1,2,3,4],"texture":"#3"},"east":{"uv":[1,2,3,4],"texture":"#3"},"south":{"uv":[1,2,3,4],"texture":"#3"},"west":{"uv":[1,2,3,4],"texture":"#3"},"up":{"uv":[1,2,3,4],"texture":"#3"},"down":{"uv":[1,2,3,4],"texture":"#3"}}},{"from":[12.12,0,11.36],"to":[13.56,1.008,12.8],"rotation":{"angle":0,"axis":"y","origin":[23.64,10.08,22.88]},"faces":{"north":{"uv":[1,2,3,4],"texture":"#3"},"east":{"uv":[1,2,3,4],"texture":"#3"},"south":{"uv":[1,2,3,4],"texture":"#3"},"west":{"uv":[1,2,3,4],"texture":"#3"},"up":{"uv":[1,2,3,4],"texture":"#3"},"down":{"uv":[1,2,3,4],"texture":"#3"}}},{"from":[9.90013,0.195,5.63737],"to":[13.70173,4.3966,9.43897],"rotation":{"angle":45,"axis":"y","origin":[11.8,2.30621,7.54722]},"faces":{"north":{"uv":[8,3,10,5],"texture":"#2"},"east":{"uv":[10,4,12,6],"texture":"#2"},"south":{"uv":[9,3,13.752,8.252],"texture":"#2"},"west":{"uv":[10,2,12,4],"texture":"#2"},"up":{"uv":[10,4,12,6],"texture":"#2"},"down":{"uv":[10,2,12,4],"texture":"#2"}}},{"from":[8.94973,0.195,5.63737],"to":[9.90013,4.3966,9.43897],"rotation":{"angle":45,"axis":"y","origin":[11.8,2.30621,7.54722]},"faces":{"north":{"uv":[14,2,15.188,7.252],"texture":"#7"},"east":{"uv":[9,2,11,5],"texture":"#7"},"south":{"uv":[14,2,15.188,7.252],"texture":"#7"},"west":{"uv":[0,0,4.752,5.252],"texture":"#7"},"up":{"uv":[14,3,15.188,7.752],"texture":"#7"},"down":{"uv":[14,3,15.188,7.752],"texture":"#7"}}},{"from":[13.70173,0.195,5.63737],"to":[14.65213,4.3966,9.43897],"rotation":{"angle":45,"axis":"y","origin":[11.8,2.30621,7.54722]},"faces":{"north":{"uv":[14,2,15.188,7.252],"texture":"#7"},"east":{"uv":[0,0,4.752,5.252],"texture":"#7"},"south":{"uv":[14,2,15.188,7.252],"texture":"#7"},"west":{"uv":[9,2,11,5],"texture":"#7"},"up":{"uv":[14,3,15.188,7.752],"texture":"#7"},"down":{"uv":[14,3,15.188,7.752],"texture":"#7"}}},{"from":[9.90013,0.195,9.43897],"to":[13.70173,4.3966,10.38937],"rotation":{"angle":45,"axis":"y","origin":[11.8,2.30621,7.54722]},"faces":{"north":{"uv":[9,2,11,5],"texture":"#7"},"east":{"uv":[14,2,15.188,7.252],"texture":"#7"},"south":{"uv":[11,0,15.752,5.252],"texture":"#7"},"west":{"uv":[14,2,15.188,7.252],"texture":"#7"},"up":{"uv":[9,1,13.752,2.188],"texture":"#7"},"down":{"uv":[8,1,12.752,2.188],"texture":"#7"}}},{"from":[11.32573,0.23302,7.22137],"to":[12.65629,4.43462,8.55193],"rotation":{"angle":45,"axis":"y","origin":[11.8,2.30621,7.54722]},"faces":{"north":{"uv":[8,3,10,5],"texture":"#3"},"east":{"uv":[10,4,12,6],"texture":"#3"},"south":{"uv":[9,3,10.6632,8.252],"texture":"#3"},"west":{"uv":[10,2,12,4],"texture":"#3"},"up":{"uv":[11,7,14,10],"texture":"#3"},"down":{"uv":[10,2,12,4],"texture":"#3"}}},{"from":[10.85053,0.22985,6.58777],"to":[12.18109,4.43145,7.91833],"rotation":{"angle":45,"axis":"y","origin":[11.8,2.30621,7.54722]},"faces":{"north":{"uv":[8,3,10,5],"texture":"#5"},"east":{"uv":[10,4,12,6],"texture":"#5"},"south":{"uv":[9,3,10.6632,8.252],"texture":"#5"},"west":{"uv":[10,2,12,4],"texture":"#5"},"up":{"uv":[10,6,12,8],"texture":"#5"},"down":{"uv":[10,2,12,4],"texture":"#5"}}},{"from":[9.90013,0.195,4.68697],"to":[13.70173,4.3966,5.63737],"rotation":{"angle":45,"axis":"y","origin":[11.8,2.30621,7.54722]},"faces":{"north":{"uv":[5,0,9.752,5.252],"texture":"#7"},"east":{"uv":[14,2,15.188,7.252],"texture":"#7"},"south":{"uv":[9,2,13.752,7.252],"texture":"#7"},"west":{"uv":[14,2,15.188,7.252],"texture":"#7"},"up":{"uv":[9,1,13.752,2.188],"texture":"#7"},"down":{"uv":[8,1,12.752,2.188],"texture":"#7"}}},{"from":[1.96724,0.195,4.42868],"to":[7.56724,2.995,12.82868],"rotation":{"angle":22.5,"axis":"y","origin":[4.76521,2.652,8.65871]},"faces":{"north":{"uv":[3,6,10,9.5],"texture":"#2"},"east":{"uv":[3,8,13.5,11.5],"texture":"#2"},"south":{"uv":[8,3,15,7],"texture":"#2"},"west":{"uv":[6,5,16.5,8.5],"texture":"#2"},"up":{"uv":[6,4,12,13],"texture":"#2"},"down":{"uv":[7,5,13,14],"texture":"#2"}}},{"from":[1.93114,0.18296,8.04878],"to":[7.58714,4.42296,9.44878],"rotation":{"angle":22.5,"axis":"y","origin":[4.76521,2.652,8.65871]},"faces":{"north":{"uv":[12,3,13,4],"texture":"#4"},"east":{"uv":[13,3,14.75,10],"texture":"#4"},"south":{"uv":[12,3,13,4],"texture":"#4"},"west":{"uv":[13,3,14.75,10],"texture":"#4"},"up":{"uv":[4,1,11.07,2.75],"texture":"#4"},"down":{"uv":[12,3,13,4],"texture":"#4"}}},{"from":[4.76724,2.995,4.42868],"to":[7.56724,4.395,12.82868],"rotation":{"angle":22.5,"axis":"y","origin":[4.76521,2.652,8.65871]},"faces":{"north":{"uv":[1,2,3,3],"texture":"#8"},"east":{"uv":[2,2,12.5,3.75],"texture":"#8"},"south":{"uv":[1,2,4.5,3.75],"rotation":180,"texture":"#8"},"west":{"uv":[6,5,15,8],"texture":"#8"},"up":{"uv":[0,2,3.5,12.5],"texture":"#8"},"down":{"uv":[10,7,16,16],"texture":"#8"}}},{"from":[1.96722,2.995,4.42868],"to":[4.76722,4.395,12.82868],"rotation":{"angle":22.5,"axis":"y","origin":[4.76521,2.652,8.65871]},"faces":{"north":{"uv":[1,2,3,3],"rotation":180,"texture":"#8"},"east":{"uv":[3,8,13.5,9.75],"texture":"#8"},"south":{"uv":[1,2,4.5,3.75],"texture":"#8"},"west":{"uv":[2,2,14,3],"texture":"#8"},"up":{"uv":[3.5,2,0,12.5],"texture":"#8"},"down":{"uv":[10,7,16,16],"texture":"#8"}}},{"from":[4.46067,4.395,4.01195],"to":[9.86067,6.915,11.57195],"rotation":{"angle":-45,"axis":"y","origin":[6.97885,6.6063,7.81898]},"faces":{"north":{"uv":[3,6,10,9.5],"texture":"#2"},"east":{"uv":[3,8,13.5,11.5],"texture":"#2"},"south":{"uv":[8,3,15,7],"texture":"#2"},"west":{"uv":[6,5,16.5,8.5],"texture":"#2"},"up":{"uv":[6,4,12,13],"texture":"#2"},"down":{"uv":[7,5,13,14],"texture":"#2"}}},{"from":[10.84091,6.915,2.55558],"to":[12.49939,7.74424,3.38481],"rotation":{"angle":0,"axis":"y","origin":[18.30405,14.65455,9.18948]},"faces":{"north":{"uv":[13,2,14,3],"texture":"#1"},"east":{"uv":[13,2,14,3],"texture":"#1"},"south":{"uv":[13,2,14,3],"texture":"#1"},"west":{"uv":[13,2,14,3],"texture":"#1"},"up":{"uv":[12,2,14,3],"texture":"#1"},"down":{"uv":[12,2,14,3],"texture":"#1"}}},{"from":[5.03625,6.915,11.67719],"to":[7.52396,7.74424,12.50643],"rotation":{"angle":0,"axis":"y","origin":[13.32863,14.65455,14.99414]},"faces":{"north":{"uv":[6,13,8,14],"texture":"#1"},"east":{"uv":[6,13,8,14],"texture":"#1"},"south":{"uv":[6,13,8,14],"texture":"#1"},"west":{"uv":[6,13,8,14],"texture":"#1"},"up":{"uv":[6,13,8,14],"texture":"#1"},"down":{"uv":[6,13,8,14],"texture":"#1"}}},{"from":[2.54854,6.915,7.531],"to":[3.37778,7.74424,10.01871],"rotation":{"angle":0,"axis":"y","origin":[2.96316,8.43527,8.36024]},"faces":{"north":{"uv":[6,13,8,14],"texture":"#1"},"east":{"uv":[6,13,8,14],"texture":"#1"},"south":{"uv":[6,13,8,14],"texture":"#1"},"west":{"uv":[6,13,8,14],"texture":"#1"},"up":{"uv":[6,13,8,14],"texture":"#1"},"down":{"uv":[6,13,8,14],"texture":"#1"}}},{"from":[7.52396,6.915,10.84795],"to":[8.3532,7.74424,11.67719],"rotation":{"angle":0,"axis":"y","origin":[14.9871,14.65455,14.1649]},"faces":{"north":{"uv":[8,12,9,13],"texture":"#1"},"east":{"uv":[8,12,9,13],"texture":"#1"},"south":{"uv":[8,12,9,13],"texture":"#1"},"west":{"uv":[8,12,9,13],"texture":"#1"},"up":{"uv":[8,12,9,13],"texture":"#1"},"down":{"uv":[8,12,9,13],"texture":"#1"}}},{"from":[4.20701,6.915,10.84795],"to":[5.03625,7.74424,11.67719],"rotation":{"angle":0,"axis":"y","origin":[11.67015,14.65455,14.1649]},"faces":{"north":{"uv":[6,13,8,14],"texture":"#1"},"east":{"uv":[6,13,8,14],"texture":"#1"},"south":{"uv":[6,13,8,14],"texture":"#1"},"west":{"uv":[6,13,8,14],"texture":"#1"},"up":{"uv":[6,13,8,14],"texture":"#1"},"down":{"uv":[6,13,8,14],"texture":"#1"}}},{"from":[3.37778,6.915,6.70176],"to":[4.20701,7.74424,7.531],"rotation":{"angle":0,"axis":"y","origin":[10.84091,14.65455,10.01871]},"faces":{"north":{"uv":[6,13,8,14],"texture":"#1"},"east":{"uv":[6,13,8,14],"texture":"#1"},"south":{"uv":[6,13,8,14],"texture":"#1"},"west":{"uv":[6,13,8,14],"texture":"#1"},"up":{"uv":[6,13,8,14],"texture":"#1"},"down":{"uv":[6,13,8,14],"texture":"#1"}}},{"from":[4.20701,6.915,6.70176],"to":[5.03625,7.74424,7.531],"rotation":{"angle":0,"axis":"y","origin":[11.67015,14.65455,10.01871]},"faces":{"north":{"uv":[0,0,1,1],"texture":"#1"},"east":{"uv":[0,0,1,1],"texture":"#1"},"south":{"uv":[0,0,1,1],"texture":"#1"},"west":{"uv":[0,0,1,1],"texture":"#1"},"up":{"uv":[8,11,9,12],"texture":"#1"},"down":{"uv":[8,11,9,12],"texture":"#1"}}},{"from":[5.03625,6.915,10.84795],"to":[5.86549,7.74424,11.67719],"rotation":{"angle":0,"axis":"y","origin":[12.49939,14.65455,14.1649]},"faces":{"north":{"uv":[0,0,1,1],"texture":"#1"},"east":{"uv":[0,0,1,1],"texture":"#1"},"south":{"uv":[0,0,1,1],"texture":"#1"},"west":{"uv":[0,0,1,1],"texture":"#1"},"up":{"uv":[8,11,9,12],"texture":"#1"},"down":{"uv":[8,11,9,12],"texture":"#1"}}},{"from":[3.37778,6.915,9.18948],"to":[4.20701,7.74424,10.01871],"rotation":{"angle":0,"axis":"y","origin":[10.84091,14.65455,12.50643]},"faces":{"north":{"uv":[0,0,1,1],"texture":"#1"},"east":{"uv":[0,0,1,1],"texture":"#1"},"south":{"uv":[0,0,1,1],"texture":"#1"},"west":{"uv":[0,0,1,1],"texture":"#1"},"up":{"uv":[8,11,9,12],"texture":"#1"},"down":{"uv":[8,11,9,12],"texture":"#1"}}},{"from":[5.03625,6.915,10.84795],"to":[5.86549,7.74424,11.67719],"rotation":{"angle":0,"axis":"y","origin":[12.49939,14.65455,14.1649]},"faces":{"north":{"uv":[0,0,1,1],"texture":"#1"},"east":{"uv":[0,0,1,1],"texture":"#1"},"south":{"uv":[0,0,1,1],"texture":"#1"},"west":{"uv":[0,0,1,1],"texture":"#1"},"up":{"uv":[8,11,9,12],"texture":"#1"},"down":{"uv":[0,0,1,1],"texture":"#1"}}},{"from":[7.52396,6.915,10.01871],"to":[8.3532,7.74424,10.84795],"rotation":{"angle":0,"axis":"y","origin":[14.9871,14.65455,13.33566]},"faces":{"north":{"uv":[0,0,1,1],"texture":"#1"},"east":{"uv":[0,0,1,1],"texture":"#1"},"south":{"uv":[0,0,1,1],"texture":"#1"},"west":{"uv":[0,0,1,1],"texture":"#1"},"up":{"uv":[8,11,9,12],"texture":"#1"},"down":{"uv":[8,11,9,12],"texture":"#1"}}},{"from":[3.37778,6.915,10.01871],"to":[4.20701,7.74424,10.84795],"rotation":{"angle":0,"axis":"y","origin":[10.84091,14.65455,13.33566]},"faces":{"north":{"uv":[6,13,8,14],"texture":"#1"},"east":{"uv":[6,13,8,14],"texture":"#1"},"south":{"uv":[6,13,8,14],"texture":"#1"},"west":{"uv":[6,13,8,14],"texture":"#1"},"up":{"uv":[6,13,8,14],"texture":"#1"},"down":{"uv":[6,13,8,14],"texture":"#1"}}},{"from":[8.3532,6.915,10.01871],"to":[9.18244,7.74424,10.84795],"rotation":{"angle":0,"axis":"y","origin":[15.81634,14.65455,13.33566]},"faces":{"north":{"uv":[8,12,9,13],"texture":"#1"},"east":{"uv":[8,12,9,13],"texture":"#1"},"south":{"uv":[8,12,9,13],"texture":"#1"},"west":{"uv":[8,12,9,13],"texture":"#1"},"up":{"uv":[8,12,9,13],"texture":"#1"},"down":{"uv":[8,12,9,13],"texture":"#1"}}},{"from":[9.18244,6.915,8.36024],"to":[10.01168,7.74424,10.01871],"rotation":{"angle":0,"axis":"y","origin":[16.64558,14.65455,12.50643]},"faces":{"north":{"uv":[9,11,10,12],"texture":"#1"},"east":{"uv":[9,11,10,12],"texture":"#1"},"south":{"uv":[9,11,10,12],"texture":"#1"},"west":{"uv":[9,11,10,12],"texture":"#1"},"up":{"uv":[9,11,10,12],"texture":"#1"},"down":{"uv":[9,11,10,12],"texture":"#1"}}},{"from":[10.01168,6.915,5.87253],"to":[10.84091,7.74424,8.36024],"rotation":{"angle":0,"axis":"y","origin":[17.47481,14.65455,10.84795]},"faces":{"north":{"uv":[9,11,10,12],"texture":"#1"},"east":{"uv":[9,11,10,12],"texture":"#1"},"south":{"uv":[9,11,10,12],"texture":"#1"},"west":{"uv":[9,11,10,12],"texture":"#1"},"up":{"uv":[9,11,10,12],"texture":"#1"},"down":{"uv":[9,11,10,12],"texture":"#1"}}},{"from":[4.20701,6.915,5.87253],"to":[5.03625,7.74424,6.70176],"rotation":{"angle":0,"axis":"y","origin":[11.67015,14.65455,9.18948]},"faces":{"north":{"uv":[9,11,10,12],"texture":"#1"},"east":{"uv":[9,11,10,12],"texture":"#1"},"south":{"uv":[9,11,10,12],"texture":"#1"},"west":{"uv":[9,11,10,12],"texture":"#1"},"up":{"uv":[9,11,10,12],"texture":"#1"},"down":{"uv":[9,11,10,12],"texture":"#1"}}},{"from":[9.18244,6.915,3.38481],"to":[10.01168,7.74424,8.36024],"rotation":{"angle":0,"axis":"y","origin":[16.64558,14.65455,12.50643]},"faces":{"north":{"uv":[10,3,11,4],"texture":"#1"},"east":{"uv":[10,3,11,4],"texture":"#1"},"south":{"uv":[10,3,11,4],"texture":"#1"},"west":{"uv":[10,3,11,4],"texture":"#1"},"up":{"uv":[10,3,11,9],"texture":"#1"},"down":{"uv":[10,3,11,9],"rotation":180,"texture":"#1"}}},{"from":[6.69473,6.915,5.04329],"to":[9.18244,7.74424,5.87253],"rotation":{"angle":0,"axis":"y","origin":[15.81634,14.65455,12.50643]},"faces":{"north":{"uv":[0,0,1,1],"texture":"#1"},"east":{"uv":[0,0,1,1],"texture":"#1"},"south":{"uv":[0,0,1,1],"texture":"#1"},"west":{"uv":[0,0,1,1],"texture":"#1"},"up":{"uv":[10,6,11,9],"rotation":90,"texture":"#1"},"down":{"uv":[10,6,11,9],"rotation":90,"texture":"#1"}}},{"from":[7.52396,6.915,5.87253],"to":[9.18244,7.74424,7.531],"rotation":{"angle":0,"axis":"y","origin":[15.81634,14.65455,13.33566]},"faces":{"north":{"uv":[0,0,1,1],"texture":"#1"},"east":{"uv":[0,0,1,1],"texture":"#1"},"south":{"uv":[0,0,1,1],"texture":"#1"},"west":{"uv":[0,0,1,1],"texture":"#1"},"up":{"uv":[8,6,10,8],"texture":"#1"},"down":{"uv":[8,6,10,8],"rotation":90,"texture":"#1"}}},{"from":[5.86549,6.915,7.531],"to":[7.52396,7.74424,9.18948],"rotation":{"angle":0,"axis":"y","origin":[14.15786,14.65455,14.99414]},"faces":{"north":{"uv":[0,0,1,1],"texture":"#1"},"east":{"uv":[0,0,1,1],"texture":"#1"},"south":{"uv":[0,0,1,1],"texture":"#1"},"west":{"uv":[0,0,1,1],"texture":"#1"},"up":{"uv":[8,6,10,8],"texture":"#1"},"down":{"uv":[8,6,10,8],"rotation":90,"texture":"#1"}}},{"from":[4.20701,6.915,9.18948],"to":[5.86549,7.74424,10.84795],"rotation":{"angle":0,"axis":"y","origin":[12.49939,14.65455,16.65261]},"faces":{"north":{"uv":[0,0,1,1],"texture":"#1"},"east":{"uv":[0,0,1,1],"texture":"#1"},"south":{"uv":[0,0,1,1],"texture":"#1"},"west":{"uv":[0,0,1,1],"texture":"#1"},"up":{"uv":[8,6,10,8],"texture":"#1"},"down":{"uv":[8,6,10,8],"rotation":90,"texture":"#1"}}},{"from":[7.52396,6.915,7.531],"to":[9.18244,7.74424,9.18948],"rotation":{"angle":0,"axis":"y","origin":[15.81634,14.65455,14.99414]},"faces":{"north":{"uv":[0,0,1,1],"texture":"#1"},"east":{"uv":[0,0,1,1],"texture":"#1"},"south":{"uv":[0,0,1,1],"texture":"#1"},"west":{"uv":[0,0,1,1],"texture":"#1"},"up":{"uv":[6,6,8,8],"rotation":90,"texture":"#1"},"down":{"uv":[6,6,8,8],"rotation":90,"texture":"#1"}}},{"from":[5.86549,6.915,9.18948],"to":[7.52396,7.74424,10.84795],"rotation":{"angle":0,"axis":"y","origin":[14.15786,14.65455,16.65261]},"faces":{"north":{"uv":[0,0,1,1],"texture":"#1"},"east":{"uv":[0,0,1,1],"texture":"#1"},"south":{"uv":[0,0,1,1],"texture":"#1"},"west":{"uv":[0,0,1,1],"texture":"#1"},"up":{"uv":[6,6,8,8],"rotation":90,"texture":"#1"},"down":{"uv":[6,6,8,8],"rotation":90,"texture":"#1"}}},{"from":[5.86549,6.915,5.87253],"to":[7.52396,7.74424,7.531],"rotation":{"angle":0,"axis":"y","origin":[14.15786,14.65455,13.33566]},"faces":{"north":{"uv":[0,0,1,1],"texture":"#1"},"east":{"uv":[0,0,1,1],"texture":"#1"},"south":{"uv":[0,0,1,1],"texture":"#1"},"west":{"uv":[0,0,1,1],"texture":"#1"},"up":{"uv":[6,6,8,8],"texture":"#1"},"down":{"uv":[6,6,8,8],"rotation":180,"texture":"#1"}}},{"from":[4.20701,6.915,7.531],"to":[5.86549,7.74424,9.18948],"rotation":{"angle":0,"axis":"y","origin":[12.49939,14.65455,14.99414]},"faces":{"north":{"uv":[0,0,1,1],"texture":"#1"},"east":{"uv":[0,0,1,1],"texture":"#1"},"south":{"uv":[0,0,1,1],"texture":"#1"},"west":{"uv":[0,0,1,1],"texture":"#1"},"up":{"uv":[6,6,8,8],"texture":"#1"},"down":{"uv":[6,6,8,8],"rotation":180,"texture":"#1"}}},{"from":[5.03625,6.915,5.87253],"to":[5.86549,7.74424,7.531],"rotation":{"angle":0,"axis":"y","origin":[13.32863,14.65455,13.33566]},"faces":{"north":{"uv":[0,0,1,1],"texture":"#1"},"east":{"uv":[0,0,1,1],"texture":"#1"},"south":{"uv":[0,0,1,1],"texture":"#1"},"west":{"uv":[0,0,1,1],"texture":"#1"},"up":{"uv":[5,6,6,8],"texture":"#1"},"down":{"uv":[5,6,6,8],"rotation":180,"texture":"#1"}}},{"from":[3.37778,6.915,7.531],"to":[4.20701,7.74424,9.18948],"rotation":{"angle":0,"axis":"y","origin":[11.67015,14.65455,14.99414]},"faces":{"north":{"uv":[0,0,1,1],"texture":"#1"},"east":{"uv":[0,0,1,1],"texture":"#1"},"south":{"uv":[0,0,1,1],"texture":"#1"},"west":{"uv":[0,0,1,1],"texture":"#1"},"up":{"uv":[5,6,6,8],"texture":"#1"},"down":{"uv":[5,6,6,8],"rotation":180,"texture":"#1"}}},{"from":[7.52396,6.915,9.18948],"to":[9.18244,7.74424,10.01871],"rotation":{"angle":0,"axis":"y","origin":[8.3532,8.43527,9.60409]},"faces":{"north":{"uv":[0,0,1,1],"texture":"#1"},"east":{"uv":[0,0,1,1],"texture":"#1"},"south":{"uv":[0,0,1,1],"texture":"#1"},"west":{"uv":[0,0,1,1],"texture":"#1"},"up":{"uv":[5,6,6,8],"rotation":90,"texture":"#1"},"down":{"uv":[5,6,6,8],"rotation":90,"texture":"#1"}}},{"from":[5.86549,6.915,10.84795],"to":[7.52396,7.74424,11.67719],"rotation":{"angle":0,"axis":"y","origin":[6.69473,8.43527,11.26257]},"faces":{"north":{"uv":[0,0,1,1],"texture":"#1"},"east":{"uv":[0,0,1,1],"texture":"#1"},"south":{"uv":[0,0,1,1],"texture":"#1"},"west":{"uv":[0,0,1,1],"texture":"#1"},"up":{"uv":[5,6,6,8],"rotation":90,"texture":"#1"},"down":{"uv":[5,6,6,8],"rotation":90,"texture":"#1"}}},{"from":[5.03625,6.915,5.04329],"to":[6.69473,7.74424,5.87253],"rotation":{"angle":0,"axis":"y","origin":[8.3532,8.43527,5.45791]},"faces":{"north":{"uv":[10,9,11,11],"rotation":90,"texture":"#1"},"east":{"uv":[10,9,11,11],"rotation":90,"texture":"#1"},"south":{"uv":[10,9,11,11],"rotation":90,"texture":"#1"},"west":{"uv":[10,9,11,11],"rotation":90,"texture":"#1"},"up":{"uv":[10,9,11,11],"rotation":90,"texture":"#1"},"down":{"uv":[10,9,11,11],"rotation":90,"texture":"#1"}}},{"from":[10.01168,6.915,1.72634],"to":[10.84091,7.74424,5.87253],"rotation":{"angle":0,"axis":"y","origin":[17.47481,14.65455,10.84795]},"faces":{"north":{"uv":[10,3,11,4],"texture":"#1"},"east":{"uv":[10,3,11,4],"texture":"#1"},"south":{"uv":[10,3,11,4],"texture":"#1"},"west":{"uv":[10,3,11,4],"texture":"#1"},"up":{"uv":[11,1,12,6],"texture":"#1"},"down":{"uv":[11,1,12,6],"rotation":180,"texture":"#1"}}},{"from":[6.69473,6.915,4.21405],"to":[9.18244,7.74424,5.04329],"rotation":{"angle":0,"axis":"y","origin":[10.01168,8.43527,4.62867]},"faces":{"north":{"uv":[11,6,12,9],"rotation":90,"texture":"#1"},"east":{"uv":[11,6,12,9],"rotation":90,"texture":"#1"},"south":{"uv":[11,6,12,9],"rotation":90,"texture":"#1"},"west":{"uv":[11,6,12,9],"rotation":90,"texture":"#1"},"up":{"uv":[11,6,12,9],"rotation":90,"texture":"#1"},"down":{"uv":[11,6,12,9],"rotation":90,"texture":"#1"}}},{"from":[10.84091,6.915,5.04329],"to":[11.67015,7.74424,5.87253],"rotation":{"angle":0,"axis":"y","origin":[18.30405,14.65455,10.84795]},"faces":{"north":{"uv":[12,5,13,6],"texture":"#1"},"east":{"uv":[12,5,13,6],"texture":"#1"},"south":{"uv":[12,5,13,6],"texture":"#1"},"west":{"uv":[12,5,13,6],"texture":"#1"},"up":{"uv":[12,5,13,6],"texture":"#1"},"down":{"uv":[12,5,13,6],"texture":"#1"}}},{"from":[10.84091,6.915,1.72634],"to":[11.67015,7.74424,2.55558],"rotation":{"angle":0,"axis":"y","origin":[18.30405,14.65455,7.531]},"faces":{"north":{"uv":[13,2,14,3],"texture":"#1"},"east":{"uv":[13,2,14,3],"texture":"#1"},"south":{"uv":[13,2,14,3],"texture":"#1"},"west":{"uv":[13,2,14,3],"texture":"#1"},"up":{"uv":[13,2,14,3],"texture":"#1"},"down":{"uv":[13,2,14,3],"texture":"#1"}}},{"from":[10.84091,6.915,3.38481],"to":[13.32863,7.74424,5.04329],"rotation":{"angle":0,"axis":"y","origin":[18.30405,14.65455,10.01871]},"faces":{"north":{"uv":[14,3,15,5],"texture":"#1"},"east":{"uv":[14,3,15,5],"texture":"#1"},"south":{"uv":[14,3,15,5],"texture":"#1"},"west":{"uv":[14,3,15,5],"texture":"#1"},"up":{"uv":[12,3,15,5],"texture":"#1"},"down":{"uv":[15,3,12,5],"rotation":180,"texture":"#1"}}}],"display":{"thirdperson_righthand":{"rotation":[67.25,0,0],"translation":[0,3.75,5.25]},"thirdperson_lefthand":{"rotation":[67.25,0,0],"translation":[0,3.75,5.25]},"firstperson_righthand":{"rotation":[0,0,5],"translation":[0.75,6,0]},"firstperson_lefthand":{"rotation":[10,0,5],"translation":[-1,6,0.75]},"ground":{"translation":[0,2.25,0]},"gui":{"rotation":[30,45,0],"translation":[0.25,3,0],"scale":[0.7,0.7,0.7]},"head":{"rotation":[0,-168.25,0],"translation":[0,15,0],"scale":[0.8,0.8,0.8]},"fixed":{"rotation":[-90,0,0],"translation":[1,3.5,-16],"scale":[2,2,2]}},"groups":[0,1,2,{"name":"wasabi","origin":[8,8,8],"children":[3,4]},{"name":"sushiroll","origin":[8,8,8],"children":[5,6,7,8,9,10,11]},{"name":"pinksushi","origin":[12,10,15.75],"children":[12,13,14,15]},{"name":"garnaal","origin":[9,1,2.25],"children":[16,{"name":"fish","origin":[8,8,8],"children":[17,18,19,20,21,22,23,24,25,26,27,28,29,30,31,32,33,34,35,36,37,38,39,40,41,42,43,44,45,46,47,48,49,50,51,{"name":"fish rice","origin":[8,8,8],"children":[]}]}]}],"credit":"Model by Craftventure"}