{"texture_size":[1,1],"textures":{"0":"entity/turtle/big_sea_turtle","1":"block/pink_concrete","2":"block/black_concrete_powder","particle":"block/pink_concrete"},"elements":[{"name":"body","from":[-1.5,3,-6],"to":[17.5,9,14],"rotation":{"angle":0,"axis":"x","origin":[8,-3,-2]},"faces":{"north":{"uv":[1.625,9.25,4,10.75],"texture":"#0"},"east":{"uv":[0.875,10.75,1.625,15.75],"rotation":90,"texture":"#0"},"south":{"uv":[4,9.25,6.375,10.75],"texture":"#0"},"west":{"uv":[4,10.75,4.75,15.75],"rotation":270,"texture":"#0"},"up":{"uv":[7.125,15.75,4.75,10.75],"rotation":180,"texture":"#0"},"down":{"uv":[4,10.75,1.625,15.75],"rotation":180,"texture":"#0"}}},{"name":"body","from":[2.5,0,-6],"to":[13.5,3,12],"rotation":{"angle":0,"axis":"x","origin":[8,15,10]},"faces":{"north":{"uv":[4.25,0.25,5.625,1],"texture":"#0"},"east":{"uv":[3.875,1,4.25,5.5],"rotation":90,"texture":"#0"},"south":{"uv":[5.625,0.25,7,1],"texture":"#0"},"west":{"uv":[5.625,1,6,5.5],"rotation":270,"texture":"#0"},"up":{"uv":[7.375,5.5,6,1],"texture":"#0"},"down":{"uv":[5.625,1,4.25,5.5],"rotation":180,"texture":"#0"}}},{"name":"head","from":[5,1.5,-10.5],"to":[11,6.5,-4.5],"rotation":{"angle":-22.5,"axis":"x","origin":[8,3,-6]},"faces":{"north":{"uv":[1.125,1.5,1.875,2.75],"texture":"#0"},"east":{"uv":[0.375,1.5,1.125,2.75],"texture":"#0"},"south":{"uv":[2.625,1.5,3.375,2.75],"texture":"#0"},"west":{"uv":[1.875,1.5,2.625,2.75],"texture":"#0"},"up":{"uv":[1.875,1.5,1.125,0],"texture":"#0"},"down":{"uv":[2.625,0,1.875,1.5],"texture":"#0"}}},{"name":"hat","from":[5,6.1,-12.5],"to":[11,11.1,-6.5],"rotation":{"angle":-22.5,"axis":"x","origin":[8,8,-8]},"faces":{"north":{"uv":[1.008,1.008,2,2.608],"texture":"#2"},"east":{"uv":[1.008,1.008,2,2.608],"texture":"#2"},"south":{"uv":[1.008,1.008,2,2.608],"texture":"#2"},"west":{"uv":[1.008,1.008,2,2.608],"texture":"#2"},"up":{"uv":[1.008,1.008,1.808,1.808],"texture":"#2"},"down":{"uv":[1.008,1.008,1.808,1.808],"texture":"#2"}}},{"name":"hat","from":[4,6.1,-13.5],"to":[12,7.1,-5.5],"rotation":{"angle":-22.5,"axis":"x","origin":[9,8,-7]},"faces":{"north":{"uv":[0,1.12,0.752,2.368],"texture":"#2"},"east":{"uv":[0,1.12,0.752,2.368],"texture":"#2"},"south":{"uv":[0,1.12,0.752,2.368],"texture":"#2"},"west":{"uv":[0,1.12,0.752,2.368],"texture":"#2"},"up":{"uv":[0.752,0.512,0,0],"texture":"#2"},"down":{"uv":[0.752,2.512,0,2],"texture":"#2"}}},{"name":"leg2","from":[2.51,1,11.5],"to":[6.51,2,21.5],"rotation":{"angle":22.5,"axis":"x","origin":[8,1,12]},"faces":{"north":{"uv":[1.375,5.5,1.875,5.75],"texture":"#0"},"east":{"uv":[0.125,5.5,1.375,5.75],"texture":"#0"},"south":{"uv":[3.125,5.5,3.625,5.75],"texture":"#0"},"west":{"uv":[1.875,5.5,3.125,5.75],"texture":"#0"},"up":{"uv":[1.875,5.5,1.375,3],"texture":"#0"},"down":{"uv":[2.375,3,1.875,5.5],"texture":"#0"}}},{"name":"leg1","from":[9.49,1,11.5],"to":[13.49,2,21.5],"rotation":{"angle":22.5,"axis":"x","origin":[8,1,12]},"faces":{"north":{"uv":[1.375,8.25,1.875,8.5],"texture":"#0"},"east":{"uv":[0.125,8.25,1.375,8.5],"texture":"#0"},"south":{"uv":[3.125,8.25,3.625,8.5],"texture":"#0"},"west":{"uv":[1.875,8.25,3.125,8.5],"texture":"#0"},"up":{"uv":[1.875,8.25,1.375,5.75],"texture":"#0"},"down":{"uv":[2.375,5.75,1.875,8.25],"texture":"#0"}}},{"name":"leg3","from":[13,2,-5],"to":[26,3,0],"rotation":{"angle":-22.5,"axis":"z","origin":[14,2,1]},"faces":{"north":{"uv":[4,8.75,5.625,9],"texture":"#0"},"east":{"uv":[5.625,7.25,6.25,7.5],"rotation":180,"texture":"#0"},"south":{"uv":[6.25,8.75,7.875,9],"texture":"#0"},"west":{"uv":[3.375,7.25,4,7.5],"texture":"#0"},"up":{"uv":[5.625,8.75,4,7.5],"texture":"#0"},"down":{"uv":[7.25,7.5,5.625,8.75],"texture":"#0"}}},{"name":"leg4","from":[-10,2,-5],"to":[3,3,0],"rotation":{"angle":22.5,"axis":"z","origin":[2,2,1]},"faces":{"north":{"uv":[4,7.25,5.625,7.5],"texture":"#0"},"east":{"uv":[3.375,7.25,4,7.5],"texture":"#0"},"south":{"uv":[6.25,7.25,7.875,7.5],"texture":"#0"},"west":{"uv":[5.625,7.25,6.25,7.5],"texture":"#0"},"up":{"uv":[5.625,7.25,4,6],"texture":"#0"},"down":{"uv":[7.25,6,5.625,7.25],"texture":"#0"}}},{"name":"mark","from":[4.9,1,-8],"to":[11.01,2,-7],"rotation":{"angle":-22.5,"axis":"x","origin":[5.5,1.5,-8.5]},"faces":{"north":{"uv":[0,0,0.76375,0.25],"texture":"#1"},"east":{"uv":[0,0,0.125,0.25],"texture":"#1"},"south":{"uv":[0,0,0.76375,0.25],"texture":"#1"},"west":{"uv":[0,0,0.125,0.25],"texture":"#1"},"up":{"uv":[0,0,0.76375,0.25],"texture":"#1"},"down":{"uv":[0,0,0.76375,0.25],"texture":"#1"}}}],"display":{"thirdperson_righthand":{"rotation":[84,0,0],"translation":[0,-1.1,13.3],"scale":[0.15,0.15,0.15]},"thirdperson_lefthand":{"rotation":[84,0,0],"translation":[0,-1.1,13.3],"scale":[0.15,0.15,0.15]},"firstperson_righthand":{"rotation":[-41,150,0],"translation":[0,0,-21]},"firstperson_lefthand":{"rotation":[-41,150,0],"translation":[0,0,-21]},"ground":{"scale":[0.4,0.4,0.4]},"gui":{"rotation":[30,-135,0],"translation":[-1.75,1.75,0],"scale":[0.4,0.4,0.4]},"head":{"translation":[0,11.89,3.45],"scale":[0.7,0.7,0.7]}},"credit":"Model by Craftventure"}