{"textures":{"texture":"block/cyan_terracotta","horn":"block/quartz_block_bottom","coal_block":"block/coal_block","stone_slab_top":"block/hopper_outside","hopper_inside":"block/hopper_inside"},"elements":[{"name":"base]","from":[0.5,11,0.5],"to":[15.5,15.5,15.5],"faces":{"north":{"uv":[1,1,15,5],"texture":"#stone_slab_top"},"east":{"uv":[1,1,15,5],"texture":"#stone_slab_top"},"south":{"uv":[1,1,15,5],"texture":"#stone_slab_top"},"west":{"uv":[1,1,15,5],"texture":"#stone_slab_top"},"up":{"uv":[1,1,15,15],"texture":"#stone_slab_top"},"down":{"uv":[15,15,1,1],"texture":"#hopper_inside"}}},{"name":"iron","from":[6.5,10,0],"to":[9.5,16,1],"faces":{"north":{"uv":[6.5,0,9.5,6],"texture":"#texture"},"east":{"uv":[15,0,16,6],"texture":"#texture"},"south":{"uv":[6.5,0,9.5,6],"texture":"#texture"},"west":{"uv":[0,0,1,6],"texture":"#texture"},"up":{"uv":[6.5,0,9.5,1],"texture":"#texture"},"down":{"uv":[9.5,1,6.5,0],"texture":"#texture"}}},{"name":"iron*","from":[6.5,8.5,15],"to":[9.5,16,16],"faces":{"north":{"uv":[6.5,0,9.5,7.5],"texture":"#texture"},"east":{"uv":[0,0,1,7.5],"texture":"#texture"},"south":{"uv":[6.5,0,9.5,7.5],"texture":"#texture"},"west":{"uv":[15,0,16,7.5],"texture":"#texture"},"up":{"uv":[6.5,15,9.5,16],"texture":"#texture"},"down":{"uv":[9.5,16,6.5,15],"texture":"#texture"}}},{"name":"iron*","from":[6.5,15.5,1],"to":[9.5,16,15],"faces":{"north":{"uv":[6.5,0,9.5,0.5],"texture":"#texture"},"east":{"uv":[1,0,15,0.5],"texture":"#texture"},"south":{"uv":[6.5,0,9.5,0.5],"texture":"#texture"},"west":{"uv":[1,0,15,0.5],"texture":"#texture"},"up":{"uv":[6.5,1,9.5,15],"texture":"#texture"},"down":{"uv":[9.5,15,6.5,1],"texture":"#texture"}}},{"name":"iron*","from":[0,11.5,15.5],"to":[16,12.5,16],"faces":{"north":{"uv":[0,3.5,16,4.5],"texture":"#texture"},"east":{"uv":[0,3.5,0.5,4.5],"texture":"#texture"},"south":{"uv":[0,3.5,16,4.5],"texture":"#texture"},"west":{"uv":[15.5,3.5,16,4.5],"texture":"#texture"},"up":{"uv":[0,15.5,16,16],"texture":"#texture"},"down":{"uv":[16,16,0,15.5],"texture":"#texture"}}},{"name":"iron*","from":[0,11.5,0],"to":[16,12.5,0.5],"faces":{"north":{"uv":[0,3.5,16,4.5],"texture":"#texture"},"east":{"uv":[15.5,3.5,16,4.5],"texture":"#texture"},"south":{"uv":[0,3.5,16,4.5],"texture":"#texture"},"west":{"uv":[0,3.5,0.5,4.5],"texture":"#texture"},"up":{"uv":[0,0,16,0.5],"texture":"#texture"},"down":{"uv":[16,0.5,0,0],"texture":"#texture"}}},{"name":"iron*","from":[15.5,11.5,0.5],"to":[16,12.5,15.5],"faces":{"north":{"uv":[0,3.5,0.5,4.5],"texture":"#texture"},"east":{"uv":[0.5,3.5,15.5,4.5],"texture":"#texture"},"south":{"uv":[15.5,3.5,16,4.5],"texture":"#texture"},"west":{"uv":[0.5,3.5,15.5,4.5],"texture":"#texture"},"up":{"uv":[15.5,0.5,16,15.5],"texture":"#texture"},"down":{"uv":[0.5,15.5,0,0.5],"texture":"#texture"}}},{"name":"iron*","from":[0,11.5,0.5],"to":[0.5,12.5,15.5],"faces":{"north":{"uv":[15.5,3.5,16,4.5],"texture":"#texture"},"east":{"uv":[0.5,3.5,15.5,4.5],"texture":"#texture"},"south":{"uv":[0,3.5,0.5,4.5],"texture":"#texture"},"west":{"uv":[0.5,3.5,15.5,4.5],"texture":"#texture"},"up":{"uv":[0,0.5,0.5,15.5],"texture":"#texture"},"down":{"uv":[16,15.5,15.5,0.5],"texture":"#texture"}}},{"name":"horn","from":[-2,14,7],"to":[2.5,16.5,9],"rotation":{"angle":-22.5,"axis":"z","origin":[-2,16.5,7]},"faces":{"north":{"uv":[15,1,16,3],"texture":"#horn"},"east":{"uv":[7,1,9,3],"texture":"#horn"},"south":{"uv":[0,1,1,3],"texture":"#horn"},"west":{"uv":[7,1,9,3],"texture":"#horn"},"up":{"uv":[0,7,1,9],"texture":"#horn"},"down":{"uv":[16,9,15,7],"texture":"#horn"}}},{"name":"horn*","from":[13.8125,12.75,7],"to":[18.3125,14.75,9],"rotation":{"angle":22.5,"axis":"z","origin":[13.8125,14.75,7]},"faces":{"north":{"uv":[15,1,16,3],"texture":"#horn"},"east":{"uv":[7,1,9,3],"texture":"#horn"},"south":{"uv":[0,1,1,3],"texture":"#horn"},"west":{"uv":[7,1,9,3],"texture":"#horn"},"up":{"uv":[0,7,1,9],"texture":"#horn"},"down":{"uv":[16,9,15,7],"texture":"#horn"}}},{"name":"horn*","from":[15.75,14.1875,7],"to":[17.25,17.6875,9],"rotation":{"angle":22.5,"axis":"z","origin":[15.75,17.6875,7]},"faces":{"north":{"uv":[15,1,16,3],"texture":"#horn"},"east":{"uv":[7,1,9,3],"texture":"#horn"},"south":{"uv":[0,1,1,3],"texture":"#horn"},"west":{"uv":[7,1,9,3],"texture":"#horn"},"up":{"uv":[0,7,1,9],"texture":"#horn"},"down":{"uv":[16,9,15,7],"texture":"#horn"}}},{"name":"horn*","from":[15.5,17.5,7.5],"to":[16.5,19,8.5],"rotation":{"angle":22.5,"axis":"z","origin":[15.5,19,7.5]},"faces":{"north":{"uv":[15,1,16,3],"texture":"#horn"},"east":{"uv":[7,1,9,3],"texture":"#horn"},"south":{"uv":[0,1,1,3],"texture":"#horn"},"west":{"uv":[7,1,9,3],"texture":"#horn"},"up":{"uv":[0,7,1,9],"texture":"#horn"},"down":{"uv":[16,9,15,7],"texture":"#horn"}}},{"name":"horn*","from":[-1.1875,14.75,7],"to":[0.3125,18.25,9],"rotation":{"angle":-22.5,"axis":"z","origin":[-1.1875,18.25,7]},"faces":{"north":{"uv":[15,1,16,3],"texture":"#horn"},"east":{"uv":[7,1,9,3],"texture":"#horn"},"south":{"uv":[0,1,1,3],"texture":"#horn"},"west":{"uv":[7,1,9,3],"texture":"#horn"},"up":{"uv":[0,7,1,9],"texture":"#horn"},"down":{"uv":[16,9,15,7],"texture":"#horn"}}},{"name":"horn*","from":[-0.375,17.875,7.5],"to":[0.625,19.375,8.5],"rotation":{"angle":-22.5,"axis":"z","origin":[-0.375,19.375,7.5]},"faces":{"north":{"uv":[15,1,16,3],"texture":"#horn"},"east":{"uv":[7,1,9,3],"texture":"#horn"},"south":{"uv":[0,1,1,3],"texture":"#horn"},"west":{"uv":[7,1,9,3],"texture":"#horn"},"up":{"uv":[0,7,1,9],"texture":"#horn"},"down":{"uv":[16,9,15,7],"texture":"#horn"}}},{"name":"versiering","from":[7.5,11.5,16],"to":[8.5,12.5,16.5],"faces":{"north":{"uv":[0,3.5,1,4.5],"texture":"#coal_block"},"east":{"uv":[0,3.5,1,4.5],"texture":"#coal_block"},"south":{"uv":[7.5,3.5,8.5,4.5],"texture":"#coal_block"},"west":{"uv":[0,3.5,1,4.5],"texture":"#coal_block"},"up":{"uv":[0,3.5,1,4.5],"texture":"#coal_block"},"down":{"uv":[0,3.5,1,4.5],"texture":"#coal_block"}}},{"name":"versiering","from":[7.5,11.5,-0.5],"to":[8.5,12.5,0],"faces":{"north":{"uv":[8.5,3.5,7.5,4.5],"texture":"#coal_block"},"east":{"uv":[1,3.5,0,4.5],"texture":"#coal_block"},"south":{"uv":[1,3.5,0,4.5],"texture":"#coal_block"},"west":{"uv":[1,3.5,0,4.5],"texture":"#coal_block"},"up":{"uv":[0,4.5,1,3.5],"texture":"#coal_block"},"down":{"uv":[0,4.5,1,3.5],"texture":"#coal_block"}}}],"display":{"gui":{"rotation":[30,-135,0],"translation":[0,-4.16,0],"scale":[0.6,0.6,0.6]}},"credit":"Model by Craftventure"}