{"textures":{"2":"block/pancake_side","1_1":"block/pancake"},"elements":[{"name":"ribbe","from":[-1,2,13],"to":[17,5,14],"rotation":{"angle":0,"axis":"y","origin":[8,8,18]},"faces":{"north":{"uv":[0,0,16,3],"texture":"#1_1"},"east":{"uv":[0,0,1,3],"texture":"#2"},"south":{"uv":[0,0,16,3],"texture":"#1_1"},"west":{"uv":[0,0,1,3],"texture":"#2"},"up":{"uv":[0,0,16,1],"texture":"#2"},"down":{"uv":[0,0,16,1],"texture":"#2"}}},{"name":"ribbe","from":[-1,2,3],"to":[17,5,4],"faces":{"north":{"uv":[0,0,16,3],"texture":"#1_1"},"east":{"uv":[0,0,1,3],"texture":"#2"},"south":{"uv":[0,0,16,3],"texture":"#1_1"},"west":{"uv":[0,0,1,3],"texture":"#2"},"up":{"uv":[0,0,16,1],"texture":"#2"},"down":{"uv":[0,0,16,1],"texture":"#2"}}},{"name":"ribbe","from":[-1,0,13],"to":[17,2,14],"rotation":{"angle":0,"axis":"z","origin":[8,-4,18]},"faces":{"north":{"uv":[0,14,16,16],"texture":"#1_1"},"east":{"uv":[0,0,1,2],"texture":"#2"},"south":{"uv":[0,14,16,16],"texture":"#1_1"},"west":{"uv":[0,0,1,2],"texture":"#2"},"up":{"uv":[0,0,16,1],"texture":"#2"},"down":{"uv":[0,0,16,1],"texture":"#2"}}},{"name":"ribbe","from":[-1,0,3],"to":[17,2,4],"rotation":{"angle":0,"axis":"z","origin":[8,-4,8]},"faces":{"north":{"uv":[0,14,16,16],"texture":"#1_1"},"east":{"uv":[0,0,1,2],"texture":"#2"},"south":{"uv":[0,14,16,16],"texture":"#1_1"},"west":{"uv":[0,0,1,2],"texture":"#2"},"up":{"uv":[0,0,16,1],"texture":"#2"},"down":{"uv":[0,0,16,1],"texture":"#2"}}},{"name":"ribbe","from":[-3,2,8],"to":[19,5,9],"faces":{"north":{"uv":[0,16,16,13],"texture":"#1_1"},"east":{"uv":[0,0,1,3],"texture":"#2"},"south":{"uv":[0,16,16,13],"texture":"#1_1"},"west":{"uv":[0,0,1,3],"texture":"#2"},"up":{"uv":[0,0,16,1],"texture":"#2"},"down":{"uv":[0,0,16,1],"texture":"#2"}}},{"name":"ribbe","from":[-3,0,8],"to":[19,2,9],"rotation":{"angle":0,"axis":"z","origin":[8,-4,8]},"faces":{"north":{"uv":[0,16,16,14],"rotation":180,"texture":"#1_1"},"east":{"uv":[0,0,1,3],"rotation":180,"texture":"#2"},"south":{"uv":[0,16,16,14],"rotation":180,"texture":"#1_1"},"west":{"uv":[0,0,1,3],"rotation":180,"texture":"#2"},"up":{"uv":[0,0,16,1],"rotation":180,"texture":"#2"},"down":{"uv":[0,0,16,1],"rotation":180,"texture":"#2"}}},{"name":"ribbe","from":[5,0,0],"to":[6,2,17],"rotation":{"angle":0,"axis":"x","origin":[8,-4,7]},"faces":{"north":{"uv":[0,0,1,3],"rotation":180,"texture":"#2"},"east":{"uv":[16,16,0,13],"texture":"#1_1"},"south":{"uv":[0,0,1,3],"rotation":180,"texture":"#2"},"west":{"uv":[16,16,0,14],"rotation":180,"texture":"#1_1"},"up":{"uv":[0,0,16,1],"rotation":270,"texture":"#2"},"down":{"uv":[0,0,16,1],"rotation":270,"texture":"#2"}}},{"name":"ribbe","from":[10,0,0],"to":[11,2,17],"rotation":{"angle":0,"axis":"x","origin":[13,-4,7]},"faces":{"north":{"uv":[0,0,1,3],"rotation":180,"texture":"#2"},"east":{"uv":[16,16,0,13],"texture":"#1_1"},"south":{"uv":[0,0,1,3],"rotation":180,"texture":"#2"},"west":{"uv":[16,16,0,14],"rotation":180,"texture":"#1_1"},"up":{"uv":[0,0,16,1],"rotation":270,"texture":"#2"},"down":{"uv":[0,0,16,1],"rotation":270,"texture":"#2"}}},{"name":"ribbe","from":[5,2,0],"to":[6,5,17],"faces":{"north":{"uv":[0,0,1,3],"texture":"#2"},"east":{"uv":[16,16,0,13],"texture":"#1_1"},"south":{"uv":[0,0,1,3],"texture":"#2"},"west":{"uv":[16,16,0,13],"texture":"#1_1"},"up":{"uv":[0,0,16,1],"rotation":270,"texture":"#2"},"down":{"uv":[0,0,16,1],"rotation":270,"texture":"#2"}}},{"name":"ribbe","from":[10,2,0],"to":[11,5,17],"rotation":{"angle":0,"axis":"y","origin":[13,8,8]},"faces":{"north":{"uv":[0,0,1,3],"texture":"#2"},"east":{"uv":[16,16,0,13],"texture":"#1_1"},"south":{"uv":[0,0,1,3],"texture":"#2"},"west":{"uv":[16,16,0,13],"texture":"#1_1"},"up":{"uv":[0,0,16,1],"rotation":270,"texture":"#2"},"down":{"uv":[0,0,16,1],"rotation":270,"texture":"#2"}}},{"name":"ribbe","from":[15,2,2],"to":[16,5,15],"faces":{"north":{"uv":[0,0,1,3],"texture":"#2"},"east":{"uv":[0,16,16,13],"texture":"#1_1"},"south":{"uv":[0,0,1,3],"texture":"#2"},"west":{"uv":[0,16,16,13],"texture":"#1_1"},"up":{"uv":[0,0,16,1],"rotation":270,"texture":"#2"},"down":{"uv":[0,0,16,1],"rotation":270,"texture":"#2"}}},{"name":"ribbe","from":[0,2,2],"to":[1,5,15],"rotation":{"angle":0,"axis":"y","origin":[-7,8,8]},"faces":{"north":{"uv":[0,0,1,3],"texture":"#2"},"east":{"uv":[0,16,16,13],"texture":"#1_1"},"south":{"uv":[0,0,1,3],"texture":"#2"},"west":{"uv":[0,16,16,13],"texture":"#1_1"},"up":{"uv":[0,0,16,1],"rotation":270,"texture":"#2"},"down":{"uv":[0,0,16,1],"rotation":270,"texture":"#2"}}},{"name":"ribbe","from":[15,0,2],"to":[16,2,15],"rotation":{"angle":0,"axis":"x","origin":[8,-4,7]},"faces":{"north":{"uv":[0,0,1,3],"rotation":180,"texture":"#2"},"east":{"uv":[0,16,16,14],"rotation":180,"texture":"#1_1"},"south":{"uv":[0,0,1,3],"rotation":180,"texture":"#2"},"west":{"uv":[0,16,16,14],"rotation":180,"texture":"#1_1"},"up":{"uv":[0,0,16,1],"rotation":270,"texture":"#2"},"down":{"uv":[0,0,16,1],"rotation":270,"texture":"#2"}}},{"name":"ribbe","from":[0,0,2],"to":[1,2,15],"rotation":{"angle":0,"axis":"x","origin":[-7,-4,7]},"faces":{"north":{"uv":[0,0,1,3],"rotation":180,"texture":"#2"},"east":{"uv":[0,16,16,14],"rotation":180,"texture":"#1_1"},"south":{"uv":[0,0,1,3],"rotation":180,"texture":"#2"},"west":{"uv":[0,16,16,14],"rotation":180,"texture":"#1_1"},"up":{"uv":[0,0,16,1],"rotation":270,"texture":"#2"},"down":{"uv":[0,0,16,1],"rotation":270,"texture":"#2"}}},{"from":[-1,1.1,4],"to":[17,3.6,13],"faces":{"north":{"uv":[2,2,14,3.5],"texture":"#1_1"},"east":{"uv":[2,2,12,5.5],"texture":"#1_1"},"south":{"uv":[2,2,14,3.5],"texture":"#1_1"},"west":{"uv":[2,2,12,5.5],"texture":"#1_1"},"up":{"uv":[2,2,15,9],"texture":"#1_1"},"down":{"uv":[2,2,14,9],"texture":"#1_1"}}},{"from":[1,1.1,2],"to":[15,3.6,3],"faces":{"north":{"uv":[2,3,15,5.5],"texture":"#1_1"},"east":{"uv":[2,3,3,5.5],"texture":"#1_1"},"south":{"uv":[2,3,15,5.5],"texture":"#1_1"},"west":{"uv":[2,3,3,5.5],"texture":"#1_1"},"up":{"uv":[2,3,16,3.5],"texture":"#1_1"},"down":{"uv":[2,3,16,3.5],"texture":"#1_1"}}},{"from":[1,1.1,14],"to":[15,3.6,15],"faces":{"north":{"uv":[1,11,15,13.5],"texture":"#1_1"},"east":{"uv":[1,11,2,13.5],"texture":"#1_1"},"south":{"uv":[1,11,15,13.5],"texture":"#1_1"},"west":{"uv":[1,11,2,13.5],"texture":"#1_1"},"up":{"uv":[0,11,16,11.5],"texture":"#1_1"},"down":{"uv":[0,11,16,11.5],"texture":"#1_1"}}}],"display":{"thirdperson_righthand":{"rotation":[0,60,0],"translation":[0,2,-1],"scale":[0.3,0.3,0.3]},"thirdperson_lefthand":{"rotation":[0,60,0],"translation":[0,2,-1],"scale":[0.3,0.3,0.3]},"firstperson_righthand":{"rotation":[-21,-90,10],"translation":[0,0,6.5],"scale":[0.7,0.7,0.7]},"firstperson_lefthand":{"rotation":[-21,-90,10],"translation":[0,0,6.5],"scale":[0.7,0.7,0.7]},"ground":{"translation":[0,2.25,0],"scale":[0.7,0.7,0.7]},"gui":{"rotation":[30,45,0],"translation":[0.25,2,0],"scale":[0.7,0.7,0.7]},"head":{"rotation":[2,90,8],"translation":[-0.5,15,1.75],"scale":[1.3,1.3,1.3]},"fixed":{"rotation":[0,0,40],"translation":[0.75,-2,0],"scale":[0.7,0.7,0.7]}},"groups":[{"name":"waffle","origin":[8,8,8],"color":0,"children":[0,1,2,3,4,5,6,7,8,9,10,11,12,13,14,15,16]}],"credit":"Model by Craftventure"}