{"texture_size":[64,64],"textures":{"0":"block/waffle","particle":"block/waffle"},"elements":[{"from":[8.64594,-6.46623,7.106],"to":[9.29394,-4.52223,10.994],"rotation":{"angle":0,"axis":"y","origin":[14.15394,-1.28223,10.022]},"faces":{"north":{"uv":[4.5,0.75,4.75,1.5],"texture":"#0"},"east":{"uv":[3.25,0.75,4.75,1.5],"texture":"#0"},"south":{"uv":[3.25,0.75,3.5,1.5],"texture":"#0"},"west":{"uv":[3.25,0.75,4.75,1.5],"texture":"#0"},"up":{"uv":[3.25,2.5,4.75,2.75],"texture":"#0"},"down":{"uv":[3.25,1.25,4.75,2.75],"texture":"#0"}}},{"from":[5.72994,-10.35423,7.43],"to":[8.96994,-6.46623,10.67],"rotation":{"angle":0,"axis":"y","origin":[10.91394,-5.17023,10.022]},"faces":{"north":{"uv":[0,2.5,1.25,4],"texture":"#0"},"east":{"uv":[0,2.5,1.25,4],"texture":"#0"},"south":{"uv":[0,2.5,1.25,4],"texture":"#0"},"west":{"uv":[0,2.5,1.25,4],"texture":"#0"},"up":{"uv":[2,0,3.25,1.25],"texture":"#0"},"down":{"uv":[2,0,3.25,1.25],"texture":"#0"}}},{"from":[6.05394,-6.46623,7.106],"to":[8.64594,-4.52223,7.754],"rotation":{"angle":0,"axis":"y","origin":[6.37794,-1.28223,12.614]},"faces":{"north":{"uv":[3.5,0.75,4.5,1.5],"texture":"#0"},"east":{"uv":[4.5,0.75,4.75,1.5],"texture":"#0"},"south":{"uv":[3.5,0.75,4.5,1.5],"texture":"#0"},"west":{"uv":[3.25,0.75,3.5,1.5],"texture":"#0"},"up":{"uv":[3.25,2.5,4.25,2.75],"rotation":90,"texture":"#0"},"down":{"uv":[3.25,1.25,4.75,2.75],"rotation":270,"texture":"#0"}}},{"from":[5.40594,-6.46623,7.106],"to":[6.05394,-4.52223,10.994],"rotation":{"angle":0,"axis":"y","origin":[10.91394,-1.28223,10.022]},"faces":{"north":{"uv":[4.5,0.75,4.75,1.5],"texture":"#0"},"east":{"uv":[3.25,0.75,4.75,1.5],"texture":"#0"},"south":{"uv":[3.25,0.75,3.5,1.5],"texture":"#0"},"west":{"uv":[3.25,0.75,4.75,1.5],"texture":"#0"},"up":{"uv":[3.25,2.5,4.75,2.75],"texture":"#0"},"down":{"uv":[3.25,1.25,4.75,2.75],"texture":"#0"}}},{"from":[6.05394,-6.46623,7.754],"to":[8.64594,-5.81823,10.346],"rotation":{"angle":0,"axis":"y","origin":[13.50594,-1.28223,10.022]},"faces":{"north":{"uv":[4.5,0.75,4.75,1.5],"texture":"#0"},"east":{"uv":[3.25,0.75,4.75,1.5],"texture":"#0"},"south":{"uv":[3.25,0.75,3.5,1.5],"texture":"#0"},"west":{"uv":[3.25,0.75,4.75,1.5],"texture":"#0"},"up":{"uv":[11.5,6.25,11.75,6.5],"texture":"#0"},"down":{"uv":[3.25,1.25,4.75,2.75],"texture":"#0"}}},{"from":[6.05394,-6.46623,10.346],"to":[8.64594,-4.52223,10.994],"rotation":{"angle":0,"axis":"y","origin":[6.37794,-1.28223,12.614]},"faces":{"north":{"uv":[3.5,0.75,4.5,1.5],"texture":"#0"},"east":{"uv":[4.5,0.75,4.75,1.5],"texture":"#0"},"south":{"uv":[3.5,0.75,4.5,1.5],"texture":"#0"},"west":{"uv":[3.25,0.75,3.5,1.5],"texture":"#0"},"up":{"uv":[3.25,2.5,4.25,2.75],"rotation":90,"texture":"#0"},"down":{"uv":[3.25,1.25,4.75,2.75],"rotation":270,"texture":"#0"}}}],"display":{"thirdperson_righthand":{"rotation":[45,0,0],"translation":[0.5,8.5,9.5],"scale":[0.7,0.7,0.7]},"thirdperson_lefthand":{"rotation":[45,0,0],"translation":[-0.5,8.5,9.5],"scale":[0.7,0.7,0.7]},"firstperson_righthand":{"rotation":[-10,15,0],"translation":[0,7,0],"scale":[0.5,0.5,0.5]},"firstperson_lefthand":{"rotation":[-10,15,0],"translation":[0,7,0],"scale":[0.5,0.5,0.5]},"ground":{"translation":[0,14.75,0]},"gui":{"rotation":[30,-45,0],"translation":[1.25,13.25,0]}},"groups":[{"name":"group","origin":[6,14,14],"color":0,"children":[{"name":"waffle","origin":[6,14,14],"color":0,"children":[0,1,2,3,4,5]}]}],"credit":"Model by Craftventure"}