{"textures":{"0":"block/vleugel_twee","1":"block/vleugel_een","particle":"block/vleugel_twee"},"elements":[{"from":[0.2,0,0],"to":[0.75,0.5,1.5],"faces":{"north":{"uv":[0,0,1,1],"texture":"#1"},"east":{"uv":[0,0,1,1],"texture":"#1"},"south":{"uv":[0,0,1,1],"texture":"#1"},"west":{"uv":[0,0,1,1],"texture":"#1"},"up":{"uv":[0,0,1,1],"texture":"#1"},"down":{"uv":[0,0,1,1],"texture":"#1"}}},{"from":[2.66773,0,-2.09389],"to":[3.21773,0.5,0.53111],"rotation":{"angle":22.5,"axis":"y","origin":[10.46773,8,5.90611]},"faces":{"north":{"uv":[0,0,1,1],"texture":"#1"},"east":{"uv":[0,0,1,1],"texture":"#1"},"south":{"uv":[0,0,1,1],"texture":"#1"},"west":{"uv":[0,0,1,1],"texture":"#1"},"up":{"uv":[0,0,1,1],"texture":"#1"},"down":{"uv":[0,0,1,1],"texture":"#1"}}},{"from":[3.50114,0,7.46511],"to":[7.55114,0.5,8.01511],"rotation":{"angle":-22.5,"axis":"y","origin":[12.65114,8,0.21511]},"faces":{"north":{"uv":[0,0,1,1],"texture":"#1"},"east":{"uv":[0,0,1,1],"texture":"#1"},"south":{"uv":[0,0,1,1],"texture":"#1"},"west":{"uv":[0,0,1,1],"texture":"#1"},"up":{"uv":[0,0,1,1],"rotation":270,"texture":"#1"},"down":{"uv":[0,0,1,1],"rotation":90,"texture":"#1"}}},{"from":[4.95442,0,4.91969],"to":[9.80442,0.5,5.46969],"faces":{"north":{"uv":[0,0,1,1],"texture":"#1"},"east":{"uv":[0,0,1,1],"texture":"#1"},"south":{"uv":[0,0,1,1],"texture":"#1"},"west":{"uv":[0,0,1,1],"texture":"#1"},"up":{"uv":[0,0,1,1],"rotation":270,"texture":"#1"},"down":{"uv":[0,0,1,1],"rotation":90,"texture":"#1"}}},{"from":[12.39646,0,13.15924],"to":[14.24646,0.5,13.70924],"rotation":{"angle":-45,"axis":"y","origin":[21.04646,8,5.90924]},"faces":{"north":{"uv":[0,0,1,1],"texture":"#1"},"east":{"uv":[0,0,1,1],"texture":"#1"},"south":{"uv":[0,0,1,1],"texture":"#1"},"west":{"uv":[0,0,1,1],"texture":"#1"},"up":{"uv":[0,0,1,1],"rotation":270,"texture":"#1"},"down":{"uv":[0,0,1,1],"rotation":90,"texture":"#1"}}},{"from":[13.0712,0,2.84402],"to":[13.6212,0.5,4.74402],"rotation":{"angle":22.5,"axis":"y","origin":[20.8712,8,10.84402]},"faces":{"north":{"uv":[0,0,1,1],"texture":"#1"},"east":{"uv":[0,0,1,1],"texture":"#1"},"south":{"uv":[0,0,1,1],"texture":"#1"},"west":{"uv":[0,0,1,1],"texture":"#1"},"up":{"uv":[0,0,1,1],"texture":"#1"},"down":{"uv":[0,0,1,1],"texture":"#1"}}},{"from":[14.70286,0,0.3347],"to":[15.25286,0.5,2.2347],"rotation":{"angle":45,"axis":"y","origin":[22.50286,8,8.3347]},"faces":{"north":{"uv":[0,0,1,1],"texture":"#1"},"east":{"uv":[0,0,1,1],"texture":"#1"},"south":{"uv":[0,0,1,1],"texture":"#1"},"west":{"uv":[0,0,1,1],"texture":"#1"},"up":{"uv":[0,0,1,1],"texture":"#1"},"down":{"uv":[0,0,1,1],"texture":"#1"}}},{"from":[15.05004,0,12.64199],"to":[17.75004,0.5,13.19199],"rotation":{"angle":-22.5,"axis":"y","origin":[23.05004,8,5.39199]},"faces":{"north":{"uv":[0,0,1,1],"texture":"#1"},"east":{"uv":[0,0,1,1],"texture":"#1"},"south":{"uv":[0,0,1,1],"texture":"#1"},"west":{"uv":[0,0,1,1],"texture":"#1"},"up":{"uv":[0,0,1,1],"rotation":270,"texture":"#1"},"down":{"uv":[0,0,1,1],"rotation":90,"texture":"#1"}}},{"from":[18.1624,0,17.84223],"to":[19.3624,0.5,18.39223],"rotation":{"angle":-45,"axis":"y","origin":[26.1624,8,10.59223]},"faces":{"north":{"uv":[0,0,1,1],"texture":"#1"},"east":{"uv":[0,0,1,1],"texture":"#1"},"south":{"uv":[0,0,1,1],"texture":"#1"},"west":{"uv":[0,0,1,1],"texture":"#1"},"up":{"uv":[0,0,1,1],"rotation":270,"texture":"#1"},"down":{"uv":[0,0,1,1],"rotation":90,"texture":"#1"}}},{"from":[15.67755,0,10.91042],"to":[16.22755,0.5,13.41042],"faces":{"north":{"uv":[0,0,1,1],"texture":"#1"},"east":{"uv":[0,0,1,1],"texture":"#1"},"south":{"uv":[0,0,1,1],"texture":"#1"},"west":{"uv":[0,0,1,1],"texture":"#1"},"up":{"uv":[0,0,1,1],"texture":"#1"},"down":{"uv":[0,0,1,1],"texture":"#1"}}},{"from":[15.17755,0.2,11.51042],"to":[15.72755,0.4,13.81042],"faces":{"north":{"uv":[0,0,1,1],"texture":"#1"},"east":{"uv":[0,0,1,1],"texture":"#1"},"south":{"uv":[0,0,1,1],"texture":"#1"},"west":{"uv":[0,0,1,1],"texture":"#1"},"up":{"uv":[5,10,7,13],"texture":"#1"},"down":{"uv":[0,0,1,1],"texture":"#1"}}},{"from":[13.82755,0.2,11.61042],"to":[15.17755,0.4,14.41042],"faces":{"north":{"uv":[0,0,1,1],"texture":"#1"},"east":{"uv":[0,0,1,1],"texture":"#1"},"south":{"uv":[0,0,1,1],"texture":"#1"},"west":{"uv":[0,0,1,1],"texture":"#1"},"up":{"uv":[1,8,3,11],"texture":"#1"},"down":{"uv":[0,0,1,1],"texture":"#1"}}},{"from":[12.97755,0.2,10.91042],"to":[13.82755,0.4,13.91042],"faces":{"north":{"uv":[0,0,1,1],"texture":"#1"},"east":{"uv":[0,0,1,1],"texture":"#1"},"south":{"uv":[0,0,1,1],"texture":"#1"},"west":{"uv":[0,0,1,1],"texture":"#1"},"up":{"uv":[1,8,3,11],"texture":"#1"},"down":{"uv":[0,0,1,1],"texture":"#1"}}},{"from":[12.32755,0.2,10.88542],"to":[12.97755,0.4,14.21042],"faces":{"north":{"uv":[0,0,1,1],"texture":"#1"},"east":{"uv":[0,0,1,1],"texture":"#1"},"south":{"uv":[0,0,1,1],"texture":"#1"},"west":{"uv":[0,0,1,1],"texture":"#1"},"up":{"uv":[1,8,3,11],"texture":"#1"},"down":{"uv":[0,0,1,1],"texture":"#1"}}},{"from":[11.67755,0.2,10.31042],"to":[12.32755,0.4,14.73542],"faces":{"north":{"uv":[0,0,1,1],"texture":"#1"},"east":{"uv":[0,0,1,1],"texture":"#1"},"south":{"uv":[0,0,1,1],"texture":"#1"},"west":{"uv":[0,0,1,1],"texture":"#1"},"up":{"uv":[5,10,7,13],"texture":"#1"},"down":{"uv":[0,0,1,1],"texture":"#1"}}},{"from":[11.12755,0.2,9.43542],"to":[11.67755,0.4,15.33542],"faces":{"north":{"uv":[0,0,1,1],"texture":"#1"},"east":{"uv":[0,0,1,1],"texture":"#1"},"south":{"uv":[0,0,1,1],"texture":"#1"},"west":{"uv":[0,0,1,1],"texture":"#1"},"up":{"uv":[1,8,3,11],"texture":"#1"},"down":{"uv":[0,0,1,1],"texture":"#1"}}},{"from":[10.57755,0.2,8.18542],"to":[11.12755,0.4,15.73542],"faces":{"north":{"uv":[0,0,1,1],"texture":"#1"},"east":{"uv":[0,0,1,1],"texture":"#1"},"south":{"uv":[0,0,1,1],"texture":"#1"},"west":{"uv":[0,0,1,1],"texture":"#1"},"up":{"uv":[13,9,15,12],"texture":"#1"},"down":{"uv":[0,0,1,1],"texture":"#1"}}},{"from":[9.60255,0.2,7.48542],"to":[10.57755,0.4,15.53542],"faces":{"north":{"uv":[0,0,1,1],"texture":"#1"},"east":{"uv":[0,0,1,1],"texture":"#1"},"south":{"uv":[0,0,1,1],"texture":"#1"},"west":{"uv":[0,0,1,1],"texture":"#1"},"up":{"uv":[1,8,3,11],"texture":"#1"},"down":{"uv":[0,0,1,1],"texture":"#1"}}},{"from":[8.62755,0.2,7.18542],"to":[9.60255,0.4,15.06042],"faces":{"north":{"uv":[0,0,1,1],"texture":"#1"},"east":{"uv":[0,0,1,1],"texture":"#1"},"south":{"uv":[0,0,1,1],"texture":"#1"},"west":{"uv":[0,0,1,1],"texture":"#1"},"up":{"uv":[5,10,7,13],"texture":"#1"},"down":{"uv":[0,0,1,1],"texture":"#1"}}},{"from":[7.65255,0.2,7.18542],"to":[8.62755,0.4,14.18542],"faces":{"north":{"uv":[0,0,1,1],"texture":"#1"},"east":{"uv":[0,0,1,1],"texture":"#1"},"south":{"uv":[0,0,1,1],"texture":"#1"},"west":{"uv":[0,0,1,1],"texture":"#1"},"up":{"uv":[1,8,3,11],"texture":"#1"},"down":{"uv":[0,0,1,1],"texture":"#1"}}},{"from":[6.67755,0.2,7.18542],"to":[7.65255,0.4,13.28542],"faces":{"north":{"uv":[0,0,1,1],"texture":"#1"},"east":{"uv":[0,0,1,1],"texture":"#1"},"south":{"uv":[0,0,1,1],"texture":"#1"},"west":{"uv":[0,0,1,1],"texture":"#1"},"up":{"uv":[5,10,7,13],"texture":"#1"},"down":{"uv":[0,0,1,1],"texture":"#1"}}},{"from":[5.70255,0.2,7.18542],"to":[6.67755,0.4,12.28542],"faces":{"north":{"uv":[0,0,1,1],"texture":"#1"},"east":{"uv":[0,0,1,1],"texture":"#1"},"south":{"uv":[0,0,1,1],"texture":"#1"},"west":{"uv":[0,0,1,1],"texture":"#1"},"up":{"uv":[1,8,3,11],"texture":"#1"},"down":{"uv":[0,0,1,1],"texture":"#1"}}},{"from":[4.72755,0.2,7.18542],"to":[5.70255,0.4,11.28542],"faces":{"north":{"uv":[0,0,1,1],"texture":"#1"},"east":{"uv":[0,0,1,1],"texture":"#1"},"south":{"uv":[0,0,1,1],"texture":"#1"},"west":{"uv":[0,0,1,1],"texture":"#1"},"up":{"uv":[13,9,15,12],"texture":"#1"},"down":{"uv":[0,0,1,1],"texture":"#1"}}},{"from":[3.75255,0.2,6.71042],"to":[4.72755,0.4,10.48542],"faces":{"north":{"uv":[0,0,1,1],"texture":"#1"},"east":{"uv":[0,0,1,1],"texture":"#1"},"south":{"uv":[0,0,1,1],"texture":"#1"},"west":{"uv":[0,0,1,1],"texture":"#1"},"up":{"uv":[1,8,3,11],"texture":"#1"},"down":{"uv":[0,0,1,1],"texture":"#1"}}},{"from":[2.90255,0.2,6.33542],"to":[3.77755,0.4,9.56042],"faces":{"north":{"uv":[0,0,1,1],"texture":"#1"},"east":{"uv":[0,0,1,1],"texture":"#1"},"south":{"uv":[0,0,1,1],"texture":"#1"},"west":{"uv":[0,0,1,1],"texture":"#1"},"up":{"uv":[5,10,7,13],"texture":"#1"},"down":{"uv":[0,0,1,1],"texture":"#1"}}},{"from":[2.02755,0.2,5.86042],"to":[2.90255,0.4,8.93542],"faces":{"north":{"uv":[0,0,1,1],"texture":"#1"},"east":{"uv":[0,0,1,1],"texture":"#1"},"south":{"uv":[0,0,1,1],"texture":"#1"},"west":{"uv":[0,0,1,1],"texture":"#1"},"up":{"uv":[1,8,3,11],"texture":"#1"},"down":{"uv":[0,0,1,1],"texture":"#1"}}},{"from":[1.37755,0.2,5.13542],"to":[2.02755,0.4,8.18542],"faces":{"north":{"uv":[0,0,1,1],"texture":"#1"},"east":{"uv":[0,0,1,1],"texture":"#1"},"south":{"uv":[0,0,1,1],"texture":"#1"},"west":{"uv":[0,0,1,1],"texture":"#1"},"up":{"uv":[13,9,15,12],"texture":"#1"},"down":{"uv":[0,0,1,1],"texture":"#1"}}},{"from":[0.87755,0.2,4.61042],"to":[1.37755,0.4,7.58542],"faces":{"north":{"uv":[0,0,1,1],"texture":"#1"},"east":{"uv":[0,0,1,1],"texture":"#1"},"south":{"uv":[0,0,1,1],"texture":"#1"},"west":{"uv":[0,0,1,1],"texture":"#1"},"up":{"uv":[1,8,3,11],"texture":"#1"},"down":{"uv":[0,0,1,1],"texture":"#1"}}},{"from":[0.52755,0.2,4.06042],"to":[0.87755,0.4,6.38542],"faces":{"north":{"uv":[0,0,1,1],"texture":"#1"},"east":{"uv":[0,0,1,1],"texture":"#1"},"south":{"uv":[0,0,1,1],"texture":"#1"},"west":{"uv":[0,0,1,1],"texture":"#1"},"up":{"uv":[13,9,15,12],"texture":"#1"},"down":{"uv":[0,0,1,1],"texture":"#1"}}},{"from":[0.22755,0.2,3.13542],"to":[0.52755,0.4,5.28542],"faces":{"north":{"uv":[0,0,1,1],"texture":"#1"},"east":{"uv":[0,0,1,1],"texture":"#1"},"south":{"uv":[0,0,1,1],"texture":"#1"},"west":{"uv":[0,0,1,1],"texture":"#1"},"up":{"uv":[1,8,3,11],"texture":"#1"},"down":{"uv":[0,0,1,1],"texture":"#1"}}},{"from":[15.17755,0.2,10.61042],"to":[15.72755,0.425,11.51042],"faces":{"north":{"uv":[0,0,1,1],"texture":"#0"},"east":{"uv":[0,0,1,1],"texture":"#0"},"south":{"uv":[0,0,1,1],"texture":"#0"},"west":{"uv":[0,0,1,1],"texture":"#0"},"up":{"uv":[1,7,3,11],"texture":"#0"},"down":{"uv":[0,0,1,1],"texture":"#0"}}},{"from":[13.82755,0.2,10.01042],"to":[15.17755,0.425,11.71042],"faces":{"north":{"uv":[0,0,1,1],"texture":"#0"},"east":{"uv":[0,0,1,1],"texture":"#0"},"south":{"uv":[0,0,1,1],"texture":"#0"},"west":{"uv":[0,0,1,1],"texture":"#0"},"up":{"uv":[1,7,3,11],"texture":"#0"},"down":{"uv":[0,0,1,1],"texture":"#0"}}},{"from":[12.97755,0.2,9.61042],"to":[13.82755,0.425,10.91042],"faces":{"north":{"uv":[0,0,1,1],"texture":"#0"},"east":{"uv":[0,0,1,1],"texture":"#0"},"south":{"uv":[0,0,1,1],"texture":"#0"},"west":{"uv":[0,0,1,1],"texture":"#0"},"up":{"uv":[1,7,3,11],"texture":"#0"},"down":{"uv":[0,0,1,1],"texture":"#0"}}},{"from":[12.32755,0.2,9.08542],"to":[12.97755,0.425,11.21042],"faces":{"north":{"uv":[0,0,1,1],"texture":"#0"},"east":{"uv":[0,0,1,1],"texture":"#0"},"south":{"uv":[0,0,1,1],"texture":"#0"},"west":{"uv":[0,0,1,1],"texture":"#0"},"up":{"uv":[13,6,15,10],"texture":"#0"},"down":{"uv":[0,0,1,1],"texture":"#0"}}},{"from":[11.67755,0.2,8.51042],"to":[12.32755,0.425,11.73542],"faces":{"north":{"uv":[0,0,1,1],"texture":"#0"},"east":{"uv":[0,0,1,1],"texture":"#0"},"south":{"uv":[0,0,1,1],"texture":"#0"},"west":{"uv":[0,0,1,1],"texture":"#0"},"up":{"uv":[1,7,3,11],"texture":"#0"},"down":{"uv":[0,0,1,1],"texture":"#0"}}},{"from":[11.12755,0.2,7.63542],"to":[11.67755,0.425,11.93542],"faces":{"north":{"uv":[0,0,1,1],"texture":"#0"},"east":{"uv":[0,0,1,1],"texture":"#0"},"south":{"uv":[0,0,1,1],"texture":"#0"},"west":{"uv":[0,0,1,1],"texture":"#0"},"up":{"uv":[5,10,7,14],"texture":"#0"},"down":{"uv":[0,0,1,1],"texture":"#0"}}},{"from":[10.57755,0.2,6.38542],"to":[11.12755,0.425,12.43542],"faces":{"north":{"uv":[0,0,1,1],"texture":"#0"},"east":{"uv":[0,0,1,1],"texture":"#0"},"south":{"uv":[0,0,1,1],"texture":"#0"},"west":{"uv":[0,0,1,1],"texture":"#0"},"up":{"uv":[9,10,11,14],"texture":"#0"},"down":{"uv":[0,0,1,1],"texture":"#0"}}},{"from":[9.60255,0.2,5.78542],"to":[10.57755,0.425,12.13542],"faces":{"north":{"uv":[0,0,1,1],"texture":"#0"},"east":{"uv":[0,0,1,1],"texture":"#0"},"south":{"uv":[0,0,1,1],"texture":"#0"},"west":{"uv":[0,0,1,1],"texture":"#0"},"up":{"uv":[1,7,3,11],"texture":"#0"},"down":{"uv":[0,0,1,1],"texture":"#0"}}},{"from":[8.62755,0.2,5.38542],"to":[9.60255,0.425,11.26042],"faces":{"north":{"uv":[0,0,1,1],"texture":"#0"},"east":{"uv":[0,0,1,1],"texture":"#0"},"south":{"uv":[0,0,1,1],"texture":"#0"},"west":{"uv":[0,0,1,1],"texture":"#0"},"up":{"uv":[5,10,7,14],"texture":"#0"},"down":{"uv":[0,0,1,1],"texture":"#0"}}},{"from":[7.65255,0.2,5.38542],"to":[8.62755,0.425,10.48542],"faces":{"north":{"uv":[0,0,1,1],"texture":"#0"},"east":{"uv":[0,0,1,1],"texture":"#0"},"south":{"uv":[0,0,1,1],"texture":"#0"},"west":{"uv":[0,0,1,1],"texture":"#0"},"up":{"uv":[5,10,7,14],"texture":"#0"},"down":{"uv":[0,0,1,1],"texture":"#0"}}},{"from":[6.67755,0.2,5.38542],"to":[7.65255,0.425,9.58542],"faces":{"north":{"uv":[0,0,1,1],"texture":"#0"},"east":{"uv":[0,0,1,1],"texture":"#0"},"south":{"uv":[0,0,1,1],"texture":"#0"},"west":{"uv":[0,0,1,1],"texture":"#0"},"up":{"uv":[1,7,3,11],"texture":"#0"},"down":{"uv":[0,0,1,1],"texture":"#0"}}},{"from":[5.70255,0.2,5.38542],"to":[6.67755,0.425,8.78542],"faces":{"north":{"uv":[0,0,1,1],"texture":"#0"},"east":{"uv":[0,0,1,1],"texture":"#0"},"south":{"uv":[0,0,1,1],"texture":"#0"},"west":{"uv":[0,0,1,1],"texture":"#0"},"up":{"uv":[13,7,15,11],"texture":"#0"},"down":{"uv":[0,0,1,1],"texture":"#0"}}},{"from":[4.72755,0.2,5.38542],"to":[5.70255,0.425,7.88542],"faces":{"north":{"uv":[0,0,1,1],"texture":"#0"},"east":{"uv":[0,0,1,1],"texture":"#0"},"south":{"uv":[0,0,1,1],"texture":"#0"},"west":{"uv":[0,0,1,1],"texture":"#0"},"up":{"uv":[1,7,3,11],"texture":"#0"},"down":{"uv":[0,0,1,1],"texture":"#0"}}},{"from":[3.75255,0.2,4.91042],"to":[4.72755,0.425,7.28542],"faces":{"north":{"uv":[0,0,1,1],"texture":"#0"},"east":{"uv":[0,0,1,1],"texture":"#0"},"south":{"uv":[0,0,1,1],"texture":"#0"},"west":{"uv":[0,0,1,1],"texture":"#0"},"up":{"uv":[5,10,7,14],"texture":"#0"},"down":{"uv":[0,0,1,1],"texture":"#0"}}},{"from":[2.90255,0.2,4.53542],"to":[3.77755,0.425,6.56042],"faces":{"north":{"uv":[0,0,1,1],"texture":"#0"},"east":{"uv":[0,0,1,1],"texture":"#0"},"south":{"uv":[0,0,1,1],"texture":"#0"},"west":{"uv":[0,0,1,1],"texture":"#0"},"up":{"uv":[1,7,3,11],"texture":"#0"},"down":{"uv":[0,0,1,1],"texture":"#0"}}},{"from":[2.02755,0.2,4.06042],"to":[2.90255,0.425,5.93542],"faces":{"north":{"uv":[0,0,1,1],"texture":"#0"},"east":{"uv":[0,0,1,1],"texture":"#0"},"south":{"uv":[0,0,1,1],"texture":"#0"},"west":{"uv":[0,0,1,1],"texture":"#0"},"up":{"uv":[5,10,7,14],"texture":"#0"},"down":{"uv":[0,0,1,1],"texture":"#0"}}},{"from":[1.37755,0.2,3.71042],"to":[2.02755,0.425,5.28542],"faces":{"north":{"uv":[0,0,1,1],"texture":"#0"},"east":{"uv":[0,0,1,1],"texture":"#0"},"south":{"uv":[0,0,1,1],"texture":"#0"},"west":{"uv":[0,0,1,1],"texture":"#0"},"up":{"uv":[5,10,7,14],"texture":"#0"},"down":{"uv":[0,0,1,1],"texture":"#0"}}},{"from":[0.87755,0.2,2.96042],"to":[1.37755,0.425,4.58542],"faces":{"north":{"uv":[0,0,1,1],"texture":"#0"},"east":{"uv":[0,0,1,1],"texture":"#0"},"south":{"uv":[0,0,1,1],"texture":"#0"},"west":{"uv":[0,0,1,1],"texture":"#0"},"up":{"uv":[1,7,3,11],"texture":"#0"},"down":{"uv":[0,0,1,1],"texture":"#0"}}},{"from":[0.52755,0.2,2.26042],"to":[0.87755,0.425,4.08542],"faces":{"north":{"uv":[0,0,1,1],"texture":"#0"},"east":{"uv":[0,0,1,1],"texture":"#0"},"south":{"uv":[0,0,1,1],"texture":"#0"},"west":{"uv":[0,0,1,1],"texture":"#0"},"up":{"uv":[1,7,3,11],"texture":"#0"},"down":{"uv":[0,0,1,1],"texture":"#0"}}},{"from":[0.22755,0.2,1.53542],"to":[0.52755,0.425,3.18542],"faces":{"north":{"uv":[0,0,1,1],"texture":"#0"},"east":{"uv":[0,0,1,1],"texture":"#0"},"south":{"uv":[0,0,1,1],"texture":"#0"},"west":{"uv":[0,0,1,1],"texture":"#0"},"up":{"uv":[1,7,3,11],"texture":"#0"},"down":{"uv":[0,0,1,1],"texture":"#0"}}},{"from":[9.60255,0.2,5.38542],"to":[10.17755,0.425,5.78542],"faces":{"north":{"uv":[1,7,1.57484,7.44984],"texture":"#0"},"east":{"uv":[1,7,1.57484,7.44984],"texture":"#0"},"south":{"uv":[1,7,1.57484,7.44984],"texture":"#0"},"west":{"uv":[1,7,1.57484,7.44984],"texture":"#0"},"up":{"uv":[1,7,1.57484,7.44984],"texture":"#0"},"down":{"uv":[1,7,1.57484,7.44984],"texture":"#0"}}},{"from":[15.17755,0.075,10.61042],"to":[15.72755,0.2,11.51042],"faces":{"north":{"uv":[0,1,1,0],"texture":"#0"},"east":{"uv":[0,1,1,0],"texture":"#0"},"south":{"uv":[0,1,1,0],"texture":"#0"},"west":{"uv":[0,1,1,0],"texture":"#0"},"up":{"uv":[0,1,1,0],"texture":"#0"},"down":{"uv":[1,11,3,7],"texture":"#0"}}},{"from":[13.82755,0.075,10.01042],"to":[15.17755,0.2,11.71042],"faces":{"north":{"uv":[0,1,1,0],"texture":"#0"},"east":{"uv":[0,1,1,0],"texture":"#0"},"south":{"uv":[0,1,1,0],"texture":"#0"},"west":{"uv":[0,1,1,0],"texture":"#0"},"up":{"uv":[0,1,1,0],"texture":"#0"},"down":{"uv":[1,11,3,7],"texture":"#0"}}},{"from":[12.97755,0.075,9.61042],"to":[13.82755,0.2,10.91042],"faces":{"north":{"uv":[0,1,1,0],"texture":"#0"},"east":{"uv":[0,1,1,0],"texture":"#0"},"south":{"uv":[0,1,1,0],"texture":"#0"},"west":{"uv":[0,1,1,0],"texture":"#0"},"up":{"uv":[0,1,1,0],"texture":"#0"},"down":{"uv":[1,11,3,7],"texture":"#0"}}},{"from":[12.32755,0.075,9.08542],"to":[12.97755,0.2,11.21042],"faces":{"north":{"uv":[0,1,1,0],"texture":"#0"},"east":{"uv":[0,1,1,0],"texture":"#0"},"south":{"uv":[0,1,1,0],"texture":"#0"},"west":{"uv":[0,1,1,0],"texture":"#0"},"up":{"uv":[0,1,1,0],"texture":"#0"},"down":{"uv":[13,10,15,6],"texture":"#0"}}},{"from":[11.67755,0.075,8.51042],"to":[12.32755,0.2,11.73542],"faces":{"north":{"uv":[0,1,1,0],"texture":"#0"},"east":{"uv":[0,1,1,0],"texture":"#0"},"south":{"uv":[0,1,1,0],"texture":"#0"},"west":{"uv":[0,1,1,0],"texture":"#0"},"up":{"uv":[0,1,1,0],"texture":"#0"},"down":{"uv":[1,11,3,7],"texture":"#0"}}},{"from":[11.12755,0.075,7.63542],"to":[11.67755,0.2,11.93542],"faces":{"north":{"uv":[0,1,1,0],"texture":"#0"},"east":{"uv":[0,1,1,0],"texture":"#0"},"south":{"uv":[0,1,1,0],"texture":"#0"},"west":{"uv":[0,1,1,0],"texture":"#0"},"up":{"uv":[0,1,1,0],"texture":"#0"},"down":{"uv":[5,14,7,10],"texture":"#0"}}},{"from":[10.57755,0.075,6.38542],"to":[11.12755,0.2,12.43542],"faces":{"north":{"uv":[0,1,1,0],"texture":"#0"},"east":{"uv":[0,1,1,0],"texture":"#0"},"south":{"uv":[0,1,1,0],"texture":"#0"},"west":{"uv":[0,1,1,0],"texture":"#0"},"up":{"uv":[0,1,1,0],"texture":"#0"},"down":{"uv":[9,14,11,10],"texture":"#0"}}},{"from":[9.60255,0.075,5.78542],"to":[10.57755,0.2,12.13542],"faces":{"north":{"uv":[0,1,1,0],"texture":"#0"},"east":{"uv":[0,1,1,0],"texture":"#0"},"south":{"uv":[0,1,1,0],"texture":"#0"},"west":{"uv":[0,1,1,0],"texture":"#0"},"up":{"uv":[0,1,1,0],"texture":"#0"},"down":{"uv":[1,11,3,7],"texture":"#0"}}},{"from":[8.62755,0.075,5.38542],"to":[9.60255,0.2,11.26042],"faces":{"north":{"uv":[0,1,1,0],"texture":"#0"},"east":{"uv":[0,1,1,0],"texture":"#0"},"south":{"uv":[0,1,1,0],"texture":"#0"},"west":{"uv":[0,1,1,0],"texture":"#0"},"up":{"uv":[0,1,1,0],"texture":"#0"},"down":{"uv":[5,14,7,10],"texture":"#0"}}},{"from":[7.65255,0.075,5.38542],"to":[8.62755,0.2,10.48542],"faces":{"north":{"uv":[0,1,1,0],"texture":"#0"},"east":{"uv":[0,1,1,0],"texture":"#0"},"south":{"uv":[0,1,1,0],"texture":"#0"},"west":{"uv":[0,1,1,0],"texture":"#0"},"up":{"uv":[0,1,1,0],"texture":"#0"},"down":{"uv":[5,14,7,10],"texture":"#0"}}},{"from":[6.67755,0.075,5.38542],"to":[7.65255,0.2,9.58542],"faces":{"north":{"uv":[0,1,1,0],"texture":"#0"},"east":{"uv":[0,1,1,0],"texture":"#0"},"south":{"uv":[0,1,1,0],"texture":"#0"},"west":{"uv":[0,1,1,0],"texture":"#0"},"up":{"uv":[0,1,1,0],"texture":"#0"},"down":{"uv":[1,11,3,7],"texture":"#0"}}},{"from":[5.70255,0.075,5.38542],"to":[6.67755,0.2,8.78542],"faces":{"north":{"uv":[0,1,1,0],"texture":"#0"},"east":{"uv":[0,1,1,0],"texture":"#0"},"south":{"uv":[0,1,1,0],"texture":"#0"},"west":{"uv":[0,1,1,0],"texture":"#0"},"up":{"uv":[0,1,1,0],"texture":"#0"},"down":{"uv":[13,11,15,7],"texture":"#0"}}},{"from":[4.72755,0.075,5.38542],"to":[5.70255,0.2,7.88542],"faces":{"north":{"uv":[0,1,1,0],"texture":"#0"},"east":{"uv":[0,1,1,0],"texture":"#0"},"south":{"uv":[0,1,1,0],"texture":"#0"},"west":{"uv":[0,1,1,0],"texture":"#0"},"up":{"uv":[0,1,1,0],"texture":"#0"},"down":{"uv":[1,11,3,7],"texture":"#0"}}},{"from":[3.75255,0.075,4.91042],"to":[4.72755,0.2,7.28542],"faces":{"north":{"uv":[0,1,1,0],"texture":"#0"},"east":{"uv":[0,1,1,0],"texture":"#0"},"south":{"uv":[0,1,1,0],"texture":"#0"},"west":{"uv":[0,1,1,0],"texture":"#0"},"up":{"uv":[0,1,1,0],"texture":"#0"},"down":{"uv":[5,14,7,10],"texture":"#0"}}},{"from":[2.90255,0.075,4.53542],"to":[3.77755,0.2,6.56042],"faces":{"north":{"uv":[0,1,1,0],"texture":"#0"},"east":{"uv":[0,1,1,0],"texture":"#0"},"south":{"uv":[0,1,1,0],"texture":"#0"},"west":{"uv":[0,1,1,0],"texture":"#0"},"up":{"uv":[0,1,1,0],"texture":"#0"},"down":{"uv":[1,11,3,7],"texture":"#0"}}},{"from":[2.02755,0.075,4.06042],"to":[2.90255,0.2,5.93542],"faces":{"north":{"uv":[0,1,1,0],"texture":"#0"},"east":{"uv":[0,1,1,0],"texture":"#0"},"south":{"uv":[0,1,1,0],"texture":"#0"},"west":{"uv":[0,1,1,0],"texture":"#0"},"up":{"uv":[0,1,1,0],"texture":"#0"},"down":{"uv":[5,14,7,10],"texture":"#0"}}},{"from":[1.37755,0.075,3.71042],"to":[2.02755,0.2,5.28542],"faces":{"north":{"uv":[0,1,1,0],"texture":"#0"},"east":{"uv":[0,1,1,0],"texture":"#0"},"south":{"uv":[0,1,1,0],"texture":"#0"},"west":{"uv":[0,1,1,0],"texture":"#0"},"up":{"uv":[0,1,1,0],"texture":"#0"},"down":{"uv":[5,14,7,10],"texture":"#0"}}},{"from":[0.87755,0.075,2.96042],"to":[1.37755,0.2,4.58542],"faces":{"north":{"uv":[0,1,1,0],"texture":"#0"},"east":{"uv":[0,1,1,0],"texture":"#0"},"south":{"uv":[0,1,1,0],"texture":"#0"},"west":{"uv":[0,1,1,0],"texture":"#0"},"up":{"uv":[0,1,1,0],"texture":"#0"},"down":{"uv":[1,11,3,7],"texture":"#0"}}},{"from":[0.52755,0.075,2.26042],"to":[0.87755,0.2,4.08542],"faces":{"north":{"uv":[0,1,1,0],"texture":"#0"},"east":{"uv":[0,1,1,0],"texture":"#0"},"south":{"uv":[0,1,1,0],"texture":"#0"},"west":{"uv":[0,1,1,0],"texture":"#0"},"up":{"uv":[0,1,1,0],"texture":"#0"},"down":{"uv":[1,11,3,7],"texture":"#0"}}},{"from":[0.22755,0.075,1.53542],"to":[0.52755,0.2,3.18542],"faces":{"north":{"uv":[0,1,1,0],"texture":"#0"},"east":{"uv":[0,1,1,0],"texture":"#0"},"south":{"uv":[0,1,1,0],"texture":"#0"},"west":{"uv":[0,1,1,0],"texture":"#0"},"up":{"uv":[0,1,1,0],"texture":"#0"},"down":{"uv":[1,11,3,7],"texture":"#0"}}},{"from":[9.60255,0.075,5.38542],"to":[10.17755,0.2,5.78542],"faces":{"north":{"uv":[1,7.44984,1.57484,7],"texture":"#0"},"east":{"uv":[1,7.44984,1.57484,7],"texture":"#0"},"south":{"uv":[1,7.44984,1.57484,7],"texture":"#0"},"west":{"uv":[1,7.44984,1.57484,7],"texture":"#0"},"up":{"uv":[1,7.44984,1.57484,7],"texture":"#0"},"down":{"uv":[1,7.44984,1.57484,7],"texture":"#0"}}},{"from":[15.17755,0.1,11.51042],"to":[15.72755,0.2,13.81042],"faces":{"north":{"uv":[0,1,1,0],"texture":"#1"},"east":{"uv":[0,1,1,0],"texture":"#1"},"south":{"uv":[0,1,1,0],"texture":"#1"},"west":{"uv":[0,1,1,0],"texture":"#1"},"up":{"uv":[0,1,1,0],"texture":"#1"},"down":{"uv":[5,13,7,10],"texture":"#1"}}},{"from":[13.82755,0.1,11.61042],"to":[15.17755,0.2,14.41042],"faces":{"north":{"uv":[0,1,1,0],"texture":"#1"},"east":{"uv":[0,1,1,0],"texture":"#1"},"south":{"uv":[0,1,1,0],"texture":"#1"},"west":{"uv":[0,1,1,0],"texture":"#1"},"up":{"uv":[0,1,1,0],"texture":"#1"},"down":{"uv":[1,11,3,8],"texture":"#1"}}},{"from":[12.97755,0.1,10.91042],"to":[13.82755,0.2,13.91042],"faces":{"north":{"uv":[0,1,1,0],"texture":"#1"},"east":{"uv":[0,1,1,0],"texture":"#1"},"south":{"uv":[0,1,1,0],"texture":"#1"},"west":{"uv":[0,1,1,0],"texture":"#1"},"up":{"uv":[0,1,1,0],"texture":"#1"},"down":{"uv":[1,11,3,8],"texture":"#1"}}},{"from":[12.32755,0.1,10.88542],"to":[12.97755,0.2,14.21042],"faces":{"north":{"uv":[0,1,1,0],"texture":"#1"},"east":{"uv":[0,1,1,0],"texture":"#1"},"south":{"uv":[0,1,1,0],"texture":"#1"},"west":{"uv":[0,1,1,0],"texture":"#1"},"up":{"uv":[0,1,1,0],"texture":"#1"},"down":{"uv":[1,11,3,8],"texture":"#1"}}},{"from":[11.67755,0.1,10.31042],"to":[12.32755,0.2,14.73542],"faces":{"north":{"uv":[0,1,1,0],"texture":"#1"},"east":{"uv":[0,1,1,0],"texture":"#1"},"south":{"uv":[0,1,1,0],"texture":"#1"},"west":{"uv":[0,1,1,0],"texture":"#1"},"up":{"uv":[0,1,1,0],"texture":"#1"},"down":{"uv":[5,13,7,10],"texture":"#1"}}},{"from":[11.12755,0.1,9.43542],"to":[11.67755,0.2,15.33542],"faces":{"north":{"uv":[0,1,1,0],"texture":"#1"},"east":{"uv":[0,1,1,0],"texture":"#1"},"south":{"uv":[0,1,1,0],"texture":"#1"},"west":{"uv":[0,1,1,0],"texture":"#1"},"up":{"uv":[0,1,1,0],"texture":"#1"},"down":{"uv":[1,11,3,8],"texture":"#1"}}},{"from":[10.57755,0.1,8.18542],"to":[11.12755,0.2,15.73542],"faces":{"north":{"uv":[0,1,1,0],"texture":"#1"},"east":{"uv":[0,1,1,0],"texture":"#1"},"south":{"uv":[0,1,1,0],"texture":"#1"},"west":{"uv":[0,1,1,0],"texture":"#1"},"up":{"uv":[0,1,1,0],"texture":"#1"},"down":{"uv":[13,12,15,9],"texture":"#1"}}},{"from":[9.60255,0.1,7.48542],"to":[10.57755,0.2,15.53542],"faces":{"north":{"uv":[0,1,1,0],"texture":"#1"},"east":{"uv":[0,1,1,0],"texture":"#1"},"south":{"uv":[0,1,1,0],"texture":"#1"},"west":{"uv":[0,1,1,0],"texture":"#1"},"up":{"uv":[0,1,1,0],"texture":"#1"},"down":{"uv":[1,11,3,8],"texture":"#1"}}},{"from":[8.62755,0.1,7.18542],"to":[9.60255,0.2,15.06042],"faces":{"north":{"uv":[0,1,1,0],"texture":"#1"},"east":{"uv":[0,1,1,0],"texture":"#1"},"south":{"uv":[0,1,1,0],"texture":"#1"},"west":{"uv":[0,1,1,0],"texture":"#1"},"up":{"uv":[0,1,1,0],"texture":"#1"},"down":{"uv":[5,13,7,10],"texture":"#1"}}},{"from":[7.65255,0.1,7.18542],"to":[8.62755,0.2,14.18542],"faces":{"north":{"uv":[0,1,1,0],"texture":"#1"},"east":{"uv":[0,1,1,0],"texture":"#1"},"south":{"uv":[0,1,1,0],"texture":"#1"},"west":{"uv":[0,1,1,0],"texture":"#1"},"up":{"uv":[0,1,1,0],"texture":"#1"},"down":{"uv":[1,11,3,8],"texture":"#1"}}},{"from":[6.67755,0.1,7.18542],"to":[7.65255,0.2,13.28542],"faces":{"north":{"uv":[0,1,1,0],"texture":"#1"},"east":{"uv":[0,1,1,0],"texture":"#1"},"south":{"uv":[0,1,1,0],"texture":"#1"},"west":{"uv":[0,1,1,0],"texture":"#1"},"up":{"uv":[0,1,1,0],"texture":"#1"},"down":{"uv":[5,13,7,10],"texture":"#1"}}},{"from":[5.70255,0.1,7.18542],"to":[6.67755,0.2,12.28542],"faces":{"north":{"uv":[0,1,1,0],"texture":"#1"},"east":{"uv":[0,1,1,0],"texture":"#1"},"south":{"uv":[0,1,1,0],"texture":"#1"},"west":{"uv":[0,1,1,0],"texture":"#1"},"up":{"uv":[0,1,1,0],"texture":"#1"},"down":{"uv":[1,11,3,8],"texture":"#1"}}},{"from":[4.72755,0.1,7.18542],"to":[5.70255,0.2,11.28542],"faces":{"north":{"uv":[0,1,1,0],"texture":"#1"},"east":{"uv":[0,1,1,0],"texture":"#1"},"south":{"uv":[0,1,1,0],"texture":"#1"},"west":{"uv":[0,1,1,0],"texture":"#1"},"up":{"uv":[0,1,1,0],"texture":"#1"},"down":{"uv":[13,12,15,9],"texture":"#1"}}},{"from":[3.75255,0.1,6.71042],"to":[4.72755,0.2,10.48542],"faces":{"north":{"uv":[0,1,1,0],"texture":"#1"},"east":{"uv":[0,1,1,0],"texture":"#1"},"south":{"uv":[0,1,1,0],"texture":"#1"},"west":{"uv":[0,1,1,0],"texture":"#1"},"up":{"uv":[0,1,1,0],"texture":"#1"},"down":{"uv":[1,11,3,8],"texture":"#1"}}},{"from":[2.90255,0.1,6.33542],"to":[3.77755,0.2,9.56042],"faces":{"north":{"uv":[0,1,1,0],"texture":"#1"},"east":{"uv":[0,1,1,0],"texture":"#1"},"south":{"uv":[0,1,1,0],"texture":"#1"},"west":{"uv":[0,1,1,0],"texture":"#1"},"up":{"uv":[0,1,1,0],"texture":"#1"},"down":{"uv":[5,13,7,10],"texture":"#1"}}},{"from":[2.02755,0.1,5.86042],"to":[2.90255,0.2,8.93542],"faces":{"north":{"uv":[0,1,1,0],"texture":"#1"},"east":{"uv":[0,1,1,0],"texture":"#1"},"south":{"uv":[0,1,1,0],"texture":"#1"},"west":{"uv":[0,1,1,0],"texture":"#1"},"up":{"uv":[0,1,1,0],"texture":"#1"},"down":{"uv":[1,11,3,8],"texture":"#1"}}},{"from":[1.37755,0.1,5.13542],"to":[2.02755,0.2,8.18542],"faces":{"north":{"uv":[0,1,1,0],"texture":"#1"},"east":{"uv":[0,1,1,0],"texture":"#1"},"south":{"uv":[0,1,1,0],"texture":"#1"},"west":{"uv":[0,1,1,0],"texture":"#1"},"up":{"uv":[0,1,1,0],"texture":"#1"},"down":{"uv":[13,12,15,9],"texture":"#1"}}},{"from":[0.87755,0.1,4.61042],"to":[1.37755,0.2,7.58542],"faces":{"north":{"uv":[0,1,1,0],"texture":"#1"},"east":{"uv":[0,1,1,0],"texture":"#1"},"south":{"uv":[0,1,1,0],"texture":"#1"},"west":{"uv":[0,1,1,0],"texture":"#1"},"up":{"uv":[0,1,1,0],"texture":"#1"},"down":{"uv":[1,11,3,8],"texture":"#1"}}},{"from":[0.52755,0.1,4.06042],"to":[0.87755,0.2,6.38542],"faces":{"north":{"uv":[0,1,1,0],"texture":"#1"},"east":{"uv":[0,1,1,0],"texture":"#1"},"south":{"uv":[0,1,1,0],"texture":"#1"},"west":{"uv":[0,1,1,0],"texture":"#1"},"up":{"uv":[0,1,1,0],"texture":"#1"},"down":{"uv":[13,12,15,9],"texture":"#1"}}},{"from":[0.22755,0.1,3.13542],"to":[0.52755,0.2,5.28542],"faces":{"north":{"uv":[0,1,1,0],"texture":"#1"},"east":{"uv":[0,1,1,0],"texture":"#1"},"south":{"uv":[0,1,1,0],"texture":"#1"},"west":{"uv":[0,1,1,0],"texture":"#1"},"up":{"uv":[0,1,1,0],"texture":"#1"},"down":{"uv":[1,11,3,8],"texture":"#1"}}}],"display":{"thirdperson_righthand":{"rotation":[-79,-180,74],"translation":[33.75,6.75,29],"scale":[3,3,3]},"thirdperson_lefthand":{"rotation":[-79,-180,-106],"translation":[-12,6.75,42.5],"scale":[3,3,3]},"gui":{"rotation":[30,-135,0],"translation":[0,6,0],"scale":[0.8,0.8,0.8]}},"groups":[{"name":"vleugel_textuur","origin":[8,8,8],"children":[{"name":"group","origin":[8,8,8],"children":[0,1,2,3,4,5,6,7,8,9,{"name":"group","origin":[8,8,8],"children":[10,11,12,13,14,15,16,17,18,19,20,21,22,23,24,25,26,27,28,29,{"name":"group","origin":[8,8,8],"children":[30,31,32,33,34,35,36,37,38,39,40,41,42,43,44,45,46,47,48,49,50,51,52,53,54,55,56,57,58,59,60,61,62,63,64,65,66,67,68,69,70,71]},72,73,74,75,76,77,78,79,80,81,82,83,84,85,86,87,88,89,90,91]}]}]}],"credit":"Model by Craftventure"}