{"texture_size":[64,16],"textures":{"0":"custom/blunt","particle":"custom/blunt"},"elements":[{"from":[6,0,-14],"to":[11,5,22],"faces":{"north":{"uv":[9,5,10.25,10],"texture":"#0"},"east":{"uv":[9,0,0,5],"texture":"#0"},"south":{"uv":[9,10,10.25,15],"texture":"#0"},"west":{"uv":[0,0,9,5],"texture":"#0"},"up":{"uv":[0,5,9,10],"rotation":90,"texture":"#0"},"down":{"uv":[0,10,9,15],"rotation":270,"texture":"#0"}}},{"from":[7,1,22],"to":[10,4,27],"faces":{"north":{"uv":[0,0,0.75,3],"texture":"#0"},"east":{"uv":[10.25,0,9,3],"texture":"#0"},"south":{"uv":[9,0,10.25,3],"texture":"#0"},"west":{"uv":[9,0,10.25,3],"texture":"#0"},"up":{"uv":[10.25,0,9,3],"rotation":270,"texture":"#0"},"down":{"uv":[9,0,10.25,3],"rotation":270,"texture":"#0"}}},{"from":[5,2.5,22],"to":[12,2.5,29],"rotation":{"angle":45,"axis":"z","origin":[8.5,2.5,25.5]},"faces":{"north":{"uv":[0,0,7,0],"texture":"#0"},"east":{"uv":[0,0,7,0],"texture":"#0"},"south":{"uv":[0,0,7,0],"texture":"#0"},"west":{"uv":[0,0,7,0],"texture":"#0"},"up":{"uv":[10.25,7,12,0],"rotation":90,"texture":"#0"},"down":{"uv":[10.25,0,12,7],"rotation":270,"texture":"#0"}}},{"from":[5,2.5,22],"to":[12,2.5,29],"rotation":{"angle":-45,"axis":"z","origin":[8.5,2.5,25.5]},"faces":{"north":{"uv":[0,0,7,0],"texture":"#0"},"east":{"uv":[0,0,7,0],"texture":"#0"},"south":{"uv":[0,0,7,0],"texture":"#0"},"west":{"uv":[0,0,7,0],"texture":"#0"},"up":{"uv":[10.25,7,12,0],"rotation":90,"texture":"#0"},"down":{"uv":[10.25,0,12,7],"rotation":270,"texture":"#0"}}}],"display":{"head":{"translation":[0,4,1.75],"scale":[1.6,1.6,1.6]}},"credit":"Model by Craftventure"}