{"texture_size":[32,32],"textures":{"2":"entity/fish/tropical_b","5":"entity/fish/tropical_a_pattern_5","particle":"entity/fish/tropical_a"},"elements":[{"name":"body","from":[7,0,5],"to":[9,6,11],"shade":false,"rotation":{"angle":0,"axis":"y","origin":[16,8,16]},"faces":{"north":{"uv":[3,13,4,16],"texture":"#2","tintindex":0},"east":{"uv":[0,13,3,16],"texture":"#2","tintindex":0},"south":{"uv":[7,13,8,16],"texture":"#2","tintindex":0},"west":{"uv":[4,13,7,16],"texture":"#2","tintindex":0},"up":{"uv":[3,10,4,13],"texture":"#2","tintindex":0},"down":{"uv":[6,13,7,16],"texture":"#2","tintindex":0}}},{"name":"body","from":[8,6,5.5],"to":[8,8,10.5],"shade":false,"rotation":{"angle":0,"axis":"y","origin":[16,11,16.5]},"faces":{"north":{"uv":[0,0,0.5,0.5],"texture":"#5"},"east":{"uv":[5,0,4,2.5],"rotation":90,"texture":"#5","tintindex":0},"south":{"uv":[0,0,0.5,0.5],"texture":"#5"},"west":{"uv":[5,0,4,2.5],"rotation":90,"texture":"#5","tintindex":0},"up":{"uv":[0,0,0.5,0.5],"texture":"#5"},"down":{"uv":[0,0,0.5,0.5],"texture":"#5"}}},{"name":"tailfin","from":[8,3,11],"to":[8,5,15],"shade":false,"rotation":{"angle":0,"axis":"y","origin":[16,10,16]},"faces":{"north":{"uv":[0,0,0.5,0.5],"texture":"#5"},"east":{"uv":[11,0.5,8.5,2],"texture":"#5","tintindex":0},"south":{"uv":[0,0,0.5,0.5],"texture":"#5"},"west":{"uv":[8.5,0.5,11,2],"texture":"#5","tintindex":0},"up":{"uv":[0,0,0.5,0.5],"texture":"#5"},"down":{"uv":[0,0,0.5,0.5],"texture":"#5"}}},{"name":"tailfin","from":[8,1,11],"to":[8,3,15],"shade":false,"rotation":{"angle":0,"axis":"y","origin":[16,8,16]},"faces":{"north":{"uv":[0,0,0.5,0.5],"texture":"#5"},"east":{"uv":[11,2,8.5,0.5],"texture":"#5","tintindex":0},"south":{"uv":[0,0,0.5,0.5],"texture":"#5"},"west":{"uv":[8.5,2,11,0.5],"texture":"#5","tintindex":0},"up":{"uv":[0,0,0.5,0.5],"texture":"#5"},"down":{"uv":[0,0,0.5,0.5],"texture":"#5"}}},{"name":"leftFin","from":[9.69,0.4,7.69],"to":[9.69,2.4,9.69],"shade":false,"rotation":{"angle":45,"axis":"y","origin":[9.69,1.4,8.69]},"faces":{"north":{"uv":[0,0,0.5,0.5],"texture":"#2"},"east":{"uv":[2,6,1,7],"texture":"#2","tintindex":0},"south":{"uv":[0,0,0.5,0.5],"texture":"#2"},"west":{"uv":[1,6,2,7],"texture":"#2","tintindex":0},"up":{"uv":[0,0,0.5,0.5],"rotation":270,"texture":"#2"},"down":{"uv":[0,0,0.5,0.5],"rotation":90,"texture":"#2"}}},{"name":"rightFin","from":[5.31,0.4,8.69],"to":[7.31,2.4,8.69],"shade":false,"rotation":{"angle":45,"axis":"y","origin":[6.31,1.4,8.69]},"faces":{"north":{"uv":[1,6,2,7],"texture":"#2","tintindex":0},"east":{"uv":[0,0,0.5,0.5],"texture":"#2"},"south":{"uv":[2,6,1,7],"texture":"#2","tintindex":0},"west":{"uv":[0,0,0.5,0.5],"texture":"#2","tintindex":0},"up":{"uv":[0,0,0.5,0.5],"texture":"#2"},"down":{"uv":[0,0,0.5,0.5],"texture":"#2"}}}],"display":{"thirdperson_righthand":{"translation":[0,4,0]},"gui":{"rotation":[30,-135,0],"translation":[1.25,6,0],"scale":[1.5,1.5,1.5]},"head":{"translation":[0,17.5,0],"scale":[2.8,2.8,2.8]}},"groups":[{"name":"body","origin":[-0.5,0,0],"shade":false,"children":[0,1]},{"name":"tailfin","origin":[0,0,3],"shade":false,"children":[2,3]},{"name":"leftFin","origin":[0.5,0,1],"rotation":[0,-35,0],"shade":false,"children":[4]},{"name":"rightFin","origin":[-0.5,0,1],"rotation":[0,35,0],"shade":false,"children":[5]}],"credit":"Model by Craftventure"}