{"texture_size":[64,64],"textures":{"0":"block/mat_door","particle":"block/mat_door"},"elements":[{"from":[0,0,0],"to":[16,32,1.5],"faces":{"north":{"uv":[4,0,0,8],"texture":"#0"},"east":{"uv":[0,8,0.375,16],"texture":"#0"},"south":{"uv":[4,0,8,8],"texture":"#0"},"west":{"uv":[8,0,8.375,8],"texture":"#0"},"up":{"uv":[4.375,8.375,0.375,8],"texture":"#0"},"down":{"uv":[8.375,8.375,4.375,8],"texture":"#0"}}}],"display":{"thirdperson_righthand":{"rotation":[90,90,0],"translation":[8.5,14,8],"scale":[2,2,2]},"gui":{"rotation":[35,135,0],"translation":[2.25,-1.5,0],"scale":[0.4,0.4,0.4]},"head":{"rotation":[0,90,0],"translation":[23.2,-43,-25.6],"scale":[3.2,3.2,3.2]}},"credit":"Model by Craftventure"}