{"textures":{"texture":"block/brown_terracotta","zijkant":"block/red_terracotta","stone_slab_top":"block/smooth_stone","randje":"block/yellow_terracotta","schild":"block/oak_log_top"},"elements":[{"from":[-4.5,-0.5,2],"to":[20.5,1,15],"faces":{"north":{"uv":[0,15,16,16],"texture":"#texture"},"east":{"uv":[1.5,15,14,16],"texture":"#texture"},"south":{"uv":[0,15,16,16],"texture":"#texture"},"west":{"uv":[2,15,14.5,16],"texture":"#texture"},"up":{"uv":[0,2,16,14.5],"texture":"#texture"},"down":{"uv":[16,14.5,0,2],"texture":"#texture"}}},{"from":[-3.6,1,2],"to":[19.6,8,4],"faces":{"north":{"uv":[0,8,16,15],"texture":"#zijkant"},"east":{"uv":[12,8,14,15],"texture":"#zijkant"},"south":{"uv":[0,8,16,15],"texture":"#zijkant"},"west":{"uv":[2,8,4,15],"texture":"#zijkant"},"up":{"uv":[0,2,16,4],"texture":"#zijkant"},"down":{"uv":[16,4,0,2],"texture":"#zijkant"}}},{"from":[-4,1,9.5],"to":[20,5,13.5],"faces":{"north":{"uv":[0,14,16,16],"texture":"#zijkant"},"east":{"uv":[0,14,16,16],"texture":"#zijkant"},"south":{"uv":[0,14,16,16],"texture":"#zijkant"},"west":{"uv":[0,14,16,16],"texture":"#zijkant"},"up":{"uv":[0,14,16,16],"texture":"#zijkant"},"down":{"uv":[0,14,16,16],"texture":"#zijkant"}}},{"from":[-4,2,20],"to":[20,6,24],"faces":{"north":{"uv":[0,14,16,16],"texture":"#zijkant"},"east":{"uv":[0,14,16,16],"texture":"#zijkant"},"south":{"uv":[0,14,16,16],"texture":"#zijkant"},"west":{"uv":[0,14,16,16],"texture":"#zijkant"},"up":{"uv":[0,14,16,16],"texture":"#zijkant"},"down":{"uv":[0,14,16,16],"texture":"#zijkant"}}},{"from":[-4.5,0.5,15],"to":[20.5,2,25.5],"faces":{"north":{"uv":[0,14,16,15.5],"texture":"#texture"},"east":{"uv":[0,14,1,15.5],"texture":"#texture"},"south":{"uv":[0,14,16,15.5],"texture":"#texture"},"west":{"uv":[15,14,16,15.5],"texture":"#texture"},"up":{"uv":[0,15,16,16],"texture":"#texture"},"down":{"uv":[16,16,0,15],"texture":"#texture"}}},{"from":[-4.5,2,19.5],"to":[-3.5,9,24.5],"faces":{"north":{"uv":[16,14.5,15,9.5],"texture":"#texture"},"east":{"uv":[1.5,8,6.5,15],"texture":"#texture"},"south":{"uv":[16,14.5,15,9.5],"texture":"#texture"},"west":{"uv":[9.5,8,14.5,15],"texture":"#texture"},"up":{"uv":[16,14.5,15,9.5],"texture":"#texture"},"down":{"uv":[16,14.5,15,9.5],"texture":"#texture"}}},{"from":[-4.5,1,9.5],"to":[-3.5,8,14.5],"faces":{"north":{"uv":[16,14.5,15,9.5],"texture":"#texture"},"east":{"uv":[1.5,8,6.5,15],"texture":"#texture"},"south":{"uv":[16,14.5,15,9.5],"texture":"#texture"},"west":{"uv":[9.5,8,14.5,15],"texture":"#texture"},"up":{"uv":[16,14.5,15,9.5],"texture":"#texture"},"down":{"uv":[16,14.5,15,9.5],"texture":"#texture"}}},{"from":[-4.5,1,2],"to":[-3.5,8,4.5],"faces":{"north":{"uv":[15,8,16,15],"texture":"#texture"},"east":{"uv":[11.5,8,14,15],"texture":"#texture"},"south":{"uv":[0,8,1,15],"texture":"#texture"},"west":{"uv":[2,8,4.5,15],"texture":"#texture"},"up":{"uv":[0,2,1,4.5],"texture":"#texture"},"down":{"uv":[16,4.5,15,2],"texture":"#texture"}}},{"from":[19.5,1,2],"to":[20.5,8,4.5],"faces":{"north":{"uv":[0,8,1,15],"texture":"#texture"},"east":{"uv":[11.5,8,14,15],"texture":"#texture"},"south":{"uv":[15,8,16,15],"texture":"#texture"},"west":{"uv":[2,8,4.5,15],"texture":"#texture"},"up":{"uv":[15,2,16,4.5],"texture":"#texture"},"down":{"uv":[0,4.5,1,2],"texture":"#texture"}}},{"from":[19.5,1,9.5],"to":[20.5,8,14.5],"faces":{"north":{"uv":[0,8,1,15],"texture":"#texture"},"east":{"uv":[1.5,8,6.5,15],"texture":"#texture"},"south":{"uv":[15,8,16,15],"texture":"#texture"},"west":{"uv":[9.5,8,14.5,15],"texture":"#texture"},"up":{"uv":[16,9.5,15,14.5],"texture":"#texture"},"down":{"uv":[0,14.5,1,9.5],"texture":"#texture"}}},{"from":[19.5,2,19.5],"to":[20.5,9,24.5],"faces":{"north":{"uv":[16,14.5,15,9.5],"texture":"#texture"},"east":{"uv":[9.5,8,14.5,15],"texture":"#texture"},"south":{"uv":[16,14.5,15,9.5],"texture":"#texture"},"west":{"uv":[1.5,8,6.5,15],"texture":"#texture"},"up":{"uv":[16,14.5,15,9.5],"texture":"#texture"},"down":{"uv":[16,14.5,15,9.5],"texture":"#texture"}}},{"from":[-3.5,8.5,13.5],"to":[-2.5,10,14.5],"rotation":{"angle":-45,"axis":"z","origin":[-3.5,10,13.5]},"faces":{"north":{"uv":[0,0,1,1.5],"texture":"#zijkant"},"east":{"uv":[0,0,1,1.5],"texture":"#zijkant"},"south":{"uv":[0,0,1,1.5],"texture":"#zijkant"},"west":{"uv":[0,0,1,1.5],"texture":"#zijkant"},"up":{"uv":[0,0,1,1],"texture":"#zijkant"},"down":{"uv":[0,0,1,1],"texture":"#zijkant"}}},{"from":[-3.5,9.5,23.5],"to":[-2.5,11,24.5],"rotation":{"angle":-45,"axis":"z","origin":[-3.5,11,23.5]},"faces":{"north":{"uv":[0,0,1,1.5],"texture":"#zijkant"},"east":{"uv":[0,0,1,1.5],"texture":"#zijkant"},"south":{"uv":[0,0,1,1.5],"texture":"#zijkant"},"west":{"uv":[0,0,1,1.5],"texture":"#zijkant"},"up":{"uv":[0,0,1,1],"texture":"#zijkant"},"down":{"uv":[0,0,1,1],"texture":"#zijkant"}}},{"from":[-3.5,2,23.5],"to":[19.5,11,24.5],"faces":{"north":{"uv":[0,7,16,15],"texture":"#zijkant"},"east":{"uv":[2,7,3.5,15],"texture":"#zijkant"},"south":{"uv":[0,7,16,15],"texture":"#zijkant"},"west":{"uv":[12.5,7,14,15],"texture":"#zijkant"},"up":{"uv":[0,12.5,16,14],"texture":"#zijkant"},"down":{"uv":[16,14,0,12.5],"texture":"#zijkant"}}},{"from":[18.79289,8.79287,23.5],"to":[19.79289,10.29289,24.5],"rotation":{"angle":45,"axis":"z","origin":[18.79289,10.29289,23.5]},"faces":{"north":{"uv":[0,0,1,1.50002],"texture":"#zijkant"},"east":{"uv":[0,0,1,1.50002],"texture":"#zijkant"},"south":{"uv":[0,0,1,1.50002],"texture":"#zijkant"},"west":{"uv":[0,0,1,1.50002],"texture":"#zijkant"},"up":{"uv":[0,0,1,1],"texture":"#zijkant"},"down":{"uv":[0,0,1,1],"texture":"#zijkant"}}},{"from":[18.79289,7.79289,13.5],"to":[19.79289,9.29289,14.5],"rotation":{"angle":45,"axis":"z","origin":[18.79289,9.29289,13.5]},"faces":{"north":{"uv":[0,0,1,1.5],"texture":"#zijkant"},"east":{"uv":[0,0,1,1.5],"texture":"#zijkant"},"south":{"uv":[0,0,1,1.5],"texture":"#zijkant"},"west":{"uv":[0,0,1,1.5],"texture":"#zijkant"},"up":{"uv":[0,0,1,1],"texture":"#zijkant"},"down":{"uv":[0,0,1,1],"texture":"#zijkant"}}},{"from":[-5,8,9],"to":[-3,9,15],"faces":{"north":{"uv":[0,9,1,15],"texture":"#randje"},"east":{"uv":[0,9,1,15],"texture":"#randje"},"south":{"uv":[0,9,1,15],"texture":"#randje"},"west":{"uv":[0,9,1,15],"texture":"#randje"},"up":{"uv":[0,9,1,15],"texture":"#randje"},"down":{"uv":[0,9,1,15],"texture":"#randje"}}},{"from":[-5,1,9],"to":[-3,8,9.5],"faces":{"north":{"uv":[0,9,1,15],"texture":"#randje"},"east":{"uv":[0,9,1,15],"texture":"#randje"},"south":{"uv":[0,9,1,15],"texture":"#randje"},"west":{"uv":[0,9,1,15],"texture":"#randje"},"up":{"uv":[0,9,1,15],"texture":"#randje"},"down":{"uv":[0,9,1,15],"texture":"#randje"}}},{"from":[-5,1,14.5],"to":[-3,8,15],"faces":{"north":{"uv":[0,9,1,15],"texture":"#randje"},"east":{"uv":[0,9,1,15],"texture":"#randje"},"south":{"uv":[0,9,1,15],"texture":"#randje"},"west":{"uv":[0,9,1,15],"texture":"#randje"},"up":{"uv":[0,9,1,15],"texture":"#randje"},"down":{"uv":[0,9,1,15],"texture":"#randje"}}},{"from":[19,8,9],"to":[21,9,15],"faces":{"north":{"uv":[0,9,1,15],"texture":"#randje"},"east":{"uv":[0,9,1,15],"texture":"#randje"},"south":{"uv":[0,9,1,15],"texture":"#randje"},"west":{"uv":[0,9,1,15],"texture":"#randje"},"up":{"uv":[0,9,1,15],"texture":"#randje"},"down":{"uv":[0,9,1,15],"texture":"#randje"}}},{"from":[19,1,9],"to":[21,8,9.5],"faces":{"north":{"uv":[0,9,1,15],"texture":"#randje"},"east":{"uv":[0,9,1,15],"texture":"#randje"},"south":{"uv":[0,9,1,15],"texture":"#randje"},"west":{"uv":[0,9,1,15],"texture":"#randje"},"up":{"uv":[0,9,1,15],"texture":"#randje"},"down":{"uv":[0,9,1,15],"texture":"#randje"}}},{"from":[19,1,14.5],"to":[21,8,15],"faces":{"north":{"uv":[0,9,1,15],"texture":"#randje"},"east":{"uv":[0,9,1,15],"texture":"#randje"},"south":{"uv":[0,9,1,15],"texture":"#randje"},"west":{"uv":[0,9,1,15],"texture":"#randje"},"up":{"uv":[0,9,1,15],"texture":"#randje"},"down":{"uv":[0,9,1,15],"texture":"#randje"}}},{"from":[-5,1,4.5],"to":[-3,8,5],"faces":{"north":{"uv":[0,9,1,15],"texture":"#randje"},"east":{"uv":[0,9,1,15],"texture":"#randje"},"south":{"uv":[0,9,1,15],"texture":"#randje"},"west":{"uv":[0,9,1,15],"texture":"#randje"},"up":{"uv":[0,9,1,15],"texture":"#randje"},"down":{"uv":[0,9,1,15],"texture":"#randje"}}},{"from":[19,1,4.5],"to":[21,8,5],"faces":{"north":{"uv":[0,9,1,15],"texture":"#randje"},"east":{"uv":[0,9,1,15],"texture":"#randje"},"south":{"uv":[0,9,1,15],"texture":"#randje"},"west":{"uv":[0,9,1,15],"texture":"#randje"},"up":{"uv":[0,9,1,15],"texture":"#randje"},"down":{"uv":[0,9,1,15],"texture":"#randje"}}},{"from":[19,8,2],"to":[21,9,5],"faces":{"north":{"uv":[0,9,1,15],"texture":"#randje"},"east":{"uv":[0,9,1,15],"texture":"#randje"},"south":{"uv":[0,9,1,15],"texture":"#randje"},"west":{"uv":[0,9,1,15],"texture":"#randje"},"up":{"uv":[0,9,1,15],"texture":"#randje"},"down":{"uv":[0,9,1,15],"texture":"#randje"}}},{"from":[-5,8,2],"to":[-3,9,5],"faces":{"north":{"uv":[0,9,1,15],"texture":"#randje"},"east":{"uv":[0,9,1,15],"texture":"#randje"},"south":{"uv":[0,9,1,15],"texture":"#randje"},"west":{"uv":[0,9,1,15],"texture":"#randje"},"up":{"uv":[0,9,1,15],"texture":"#randje"},"down":{"uv":[0,9,1,15],"texture":"#randje"}}},{"from":[-5,9,19],"to":[-3,10,25],"faces":{"north":{"uv":[0,9,1,15],"texture":"#randje"},"east":{"uv":[0,9,1,15],"texture":"#randje"},"south":{"uv":[0,9,1,15],"texture":"#randje"},"west":{"uv":[0,9,1,15],"texture":"#randje"},"up":{"uv":[0,9,1,15],"texture":"#randje"},"down":{"uv":[0,9,1,15],"texture":"#randje"}}},{"from":[-5,2,24.5],"to":[-3,9,25],"faces":{"north":{"uv":[0,9,1,15],"texture":"#randje"},"east":{"uv":[0,9,1,15],"texture":"#randje"},"south":{"uv":[0,9,1,15],"texture":"#randje"},"west":{"uv":[0,9,1,15],"texture":"#randje"},"up":{"uv":[0,9,1,15],"texture":"#randje"},"down":{"uv":[0,9,1,15],"texture":"#randje"}}},{"from":[-5,2,19],"to":[-3,9,19.5],"faces":{"north":{"uv":[0,9,1,15],"texture":"#randje"},"east":{"uv":[0,9,1,15],"texture":"#randje"},"south":{"uv":[0,9,1,15],"texture":"#randje"},"west":{"uv":[0,9,1,15],"texture":"#randje"},"up":{"uv":[0,9,1,15],"texture":"#randje"},"down":{"uv":[0,9,1,15],"texture":"#randje"}}},{"from":[19,2,19],"to":[21,9,19.5],"faces":{"north":{"uv":[0,9,1,15],"texture":"#randje"},"east":{"uv":[0,9,1,15],"texture":"#randje"},"south":{"uv":[0,9,1,15],"texture":"#randje"},"west":{"uv":[0,9,1,15],"texture":"#randje"},"up":{"uv":[0,9,1,15],"texture":"#randje"},"down":{"uv":[0,9,1,15],"texture":"#randje"}}},{"from":[19,2,24.5],"to":[21,9,25],"faces":{"north":{"uv":[0,9,1,15],"texture":"#randje"},"east":{"uv":[0,9,1,15],"texture":"#randje"},"south":{"uv":[0,9,1,15],"texture":"#randje"},"west":{"uv":[0,9,1,15],"texture":"#randje"},"up":{"uv":[0,9,1,15],"texture":"#randje"},"down":{"uv":[0,9,1,15],"texture":"#randje"}}},{"from":[19,9,19],"to":[21,10,25],"faces":{"north":{"uv":[0,9,1,15],"texture":"#randje"},"east":{"uv":[0,9,1,15],"texture":"#randje"},"south":{"uv":[0,9,1,15],"texture":"#randje"},"west":{"uv":[0,9,1,15],"texture":"#randje"},"up":{"uv":[0,9,1,15],"texture":"#randje"},"down":{"uv":[0,9,1,15],"texture":"#randje"}}},{"from":[-4.5,-0.5625,14.625],"to":[20.5,0.4375,17.125],"rotation":{"angle":-22.5,"axis":"x","origin":[-4.5,0.4375,14.625]},"faces":{"north":{"uv":[0,15,16,16],"texture":"#texture"},"east":{"uv":[1.5,15,14,16],"texture":"#texture"},"south":{"uv":[0,15,16,16],"texture":"#texture"},"west":{"uv":[2,15,14.5,16],"texture":"#texture"},"up":{"uv":[0,2,16,14.5],"texture":"#texture"},"down":{"uv":[16,14.5,0,2],"texture":"#texture"}}},{"from":[-3.5,1,13.5],"to":[19.5,10,14.5],"faces":{"north":{"uv":[0,7,16,15],"texture":"#zijkant"},"east":{"uv":[2,7,3.5,15],"texture":"#zijkant"},"south":{"uv":[0,7,16,15],"texture":"#zijkant"},"west":{"uv":[12.5,7,14,15],"texture":"#zijkant"},"up":{"uv":[0,12.5,16,14],"texture":"#zijkant"},"down":{"uv":[16,14,0,12.5],"texture":"#zijkant"}}},{"from":[-4,-2,2],"to":[20,-0.5,15],"faces":{"north":{"uv":[0,15,16,16],"texture":"#texture"},"east":{"uv":[1.5,15,14,16],"texture":"#texture"},"south":{"uv":[0,15,16,16],"texture":"#texture"},"west":{"uv":[2,15,14.5,16],"texture":"#texture"},"up":{"uv":[0,2,16,14.5],"texture":"#texture"},"down":{"uv":[16,14.5,0,2],"texture":"#texture"}}},{"from":[-2,-4.5,2],"to":[18,-3.5,15],"faces":{"north":{"uv":[0,15,16,16],"texture":"#texture"},"east":{"uv":[1.5,15,14,16],"texture":"#texture"},"south":{"uv":[0,15,16,16],"texture":"#texture"},"west":{"uv":[2,15,14.5,16],"texture":"#texture"},"up":{"uv":[0,2,16,14.5],"texture":"#texture"},"down":{"uv":[16,14.5,0,2],"texture":"#texture"}}},{"from":[-3,-3.5,2],"to":[19,-2,15],"faces":{"north":{"uv":[0,15,16,16],"texture":"#texture"},"east":{"uv":[1.5,15,14,16],"texture":"#texture"},"south":{"uv":[0,15,16,16],"texture":"#texture"},"west":{"uv":[2,15,14.5,16],"texture":"#texture"},"up":{"uv":[0,2,16,14.5],"texture":"#texture"},"down":{"uv":[16,14.5,0,2],"texture":"#texture"}}},{"from":[-0.5,-5,2],"to":[16.5,-4.5,15],"faces":{"north":{"uv":[0,15,16,16],"texture":"#texture"},"east":{"uv":[1.5,15,14,16],"texture":"#texture"},"south":{"uv":[0,15,16,16],"texture":"#texture"},"west":{"uv":[2,15,14.5,16],"texture":"#texture"},"up":{"uv":[0,2,16,14.5],"texture":"#texture"},"down":{"uv":[16,14.5,0,2],"texture":"#texture"}}},{"from":[-4,-1,15],"to":[20,0.5,25.5],"faces":{"north":{"uv":[0,15,16,16],"texture":"#texture"},"east":{"uv":[1.5,15,14,16],"texture":"#texture"},"south":{"uv":[0,15,16,16],"texture":"#texture"},"west":{"uv":[2,15,14.5,16],"texture":"#texture"},"up":{"uv":[0,2,16,14.5],"texture":"#texture"},"down":{"uv":[16,14.5,0,2],"texture":"#texture"}}},{"from":[-3,-2.5,15],"to":[19,-1,25.5],"faces":{"north":{"uv":[0,15,16,16],"texture":"#texture"},"east":{"uv":[1.5,15,14,16],"texture":"#texture"},"south":{"uv":[0,15,16,16],"texture":"#texture"},"west":{"uv":[2,15,14.5,16],"texture":"#texture"},"up":{"uv":[0,2,16,14.5],"texture":"#texture"},"down":{"uv":[16,14.5,0,2],"texture":"#texture"}}},{"from":[-2,-3.5,15],"to":[18,-2.5,25.5],"faces":{"north":{"uv":[0,15,16,16],"texture":"#texture"},"east":{"uv":[1.5,15,14,16],"texture":"#texture"},"south":{"uv":[0,15,16,16],"texture":"#texture"},"west":{"uv":[2,15,14.5,16],"texture":"#texture"},"up":{"uv":[0,2,16,14.5],"texture":"#texture"},"down":{"uv":[16,14.5,0,2],"texture":"#texture"}}},{"from":[-0.5,-4,15],"to":[16.5,-3.5,25.5],"faces":{"north":{"uv":[0,15,16,16],"texture":"#texture"},"east":{"uv":[1.5,15,14,16],"texture":"#texture"},"south":{"uv":[0,15,16,16],"texture":"#texture"},"west":{"uv":[2,15,14.5,16],"texture":"#texture"},"up":{"uv":[0,2,16,14.5],"texture":"#texture"},"down":{"uv":[16,14.5,0,2],"texture":"#texture"}}},{"from":[-5,0.5,2],"to":[-3,1.5,15],"faces":{"north":{"uv":[0,9,1,15],"texture":"#randje"},"east":{"uv":[0,9,1,15],"texture":"#randje"},"south":{"uv":[0,9,1,15],"texture":"#randje"},"west":{"uv":[0,9,1,15],"texture":"#randje"},"up":{"uv":[0,9,1,15],"texture":"#randje"},"down":{"uv":[0,9,1,15],"texture":"#randje"}}},{"from":[-5,1.5,15],"to":[-3,2.5,25.5],"faces":{"north":{"uv":[0,9,1,15],"texture":"#randje"},"east":{"uv":[0,9,1,15],"texture":"#randje"},"south":{"uv":[0,9,1,15],"texture":"#randje"},"west":{"uv":[0,9,1,15],"texture":"#randje"},"up":{"uv":[0,9,1,15],"texture":"#randje"},"down":{"uv":[0,9,1,15],"texture":"#randje"}}},{"from":[-5,0.4375,14.625],"to":[-3,1.4375,17.125],"rotation":{"angle":-22.5,"axis":"x","origin":[-5,1.4375,14.625]},"faces":{"north":{"uv":[0,9,1,15],"texture":"#randje"},"east":{"uv":[0,9,1,15],"texture":"#randje"},"south":{"uv":[0,9,1,15],"texture":"#randje"},"west":{"uv":[0,9,1,15],"texture":"#randje"},"up":{"uv":[0,9,1,15],"texture":"#randje"},"down":{"uv":[0,9,1,15],"texture":"#randje"}}},{"from":[19,0.5,2],"to":[21,1.5,15],"faces":{"north":{"uv":[0,9,1,15],"texture":"#randje"},"east":{"uv":[0,9,1,15],"texture":"#randje"},"south":{"uv":[0,9,1,15],"texture":"#randje"},"west":{"uv":[0,9,1,15],"texture":"#randje"},"up":{"uv":[0,9,1,15],"texture":"#randje"},"down":{"uv":[0,9,1,15],"texture":"#randje"}}},{"from":[19,1.5,15],"to":[21,2.5,25.5],"faces":{"north":{"uv":[0,9,1,15],"texture":"#randje"},"east":{"uv":[0,9,1,15],"texture":"#randje"},"south":{"uv":[0,9,1,15],"texture":"#randje"},"west":{"uv":[0,9,1,15],"texture":"#randje"},"up":{"uv":[0,9,1,15],"texture":"#randje"},"down":{"uv":[0,9,1,15],"texture":"#randje"}}},{"from":[19,0.4375,14.625],"to":[21,1.4375,17.125],"rotation":{"angle":-22.5,"axis":"x","origin":[19,1.4375,14.625]},"faces":{"north":{"uv":[0,9,1,15],"texture":"#randje"},"east":{"uv":[0,9,1,15],"texture":"#randje"},"south":{"uv":[0,9,1,15],"texture":"#randje"},"west":{"uv":[0,9,1,15],"texture":"#randje"},"up":{"uv":[0,9,1,15],"texture":"#randje"},"down":{"uv":[0,9,1,15],"texture":"#randje"}}},{"from":[-5,3.5,10.5],"to":[-4.5,6.5,13.5],"faces":{"north":{"uv":[0,0,1,16],"texture":"#schild"},"east":{"uv":[0,0,16,16],"texture":"#schild"},"south":{"uv":[0,0,1,16],"texture":"#schild"},"west":{"uv":[0,0,16,16],"texture":"#schild"},"up":{"uv":[0,0,1,16],"texture":"#schild"},"down":{"uv":[0,0,1,16],"texture":"#schild"}}},{"from":[-5,4.5,20.5],"to":[-4.5,7.5,23.5],"faces":{"north":{"uv":[0,0,1,16],"texture":"#schild"},"east":{"uv":[0,0,16,16],"texture":"#schild"},"south":{"uv":[0,0,1,16],"texture":"#schild"},"west":{"uv":[0,0,16,16],"texture":"#schild"},"up":{"uv":[0,0,1,16],"texture":"#schild"},"down":{"uv":[0,0,1,16],"texture":"#schild"}}},{"from":[-5,3.5,2],"to":[-4.5,6.5,3.5],"faces":{"north":{"uv":[0,0,1,16],"texture":"#schild"},"east":{"uv":[8,0,16,15.5],"texture":"#schild"},"south":{"uv":[0,0,1,16],"texture":"#schild"},"west":{"uv":[8,0,16,16],"texture":"#schild"},"up":{"uv":[0,0,1,16],"texture":"#schild"},"down":{"uv":[0,0,1,16],"texture":"#schild"}}},{"from":[20.5,3.5,2],"to":[21,6.5,3.5],"faces":{"north":{"uv":[0,0,1,16],"texture":"#schild"},"east":{"uv":[0,0,8,16],"texture":"#schild"},"south":{"uv":[0,0,1,16],"texture":"#schild"},"west":{"uv":[0,0,8,16],"texture":"#schild"},"up":{"uv":[0,0,1,16],"texture":"#schild"},"down":{"uv":[0,0,1,16],"texture":"#schild"}}},{"from":[20.5,3.5,10.5],"to":[21,6.5,13.5],"faces":{"north":{"uv":[0,0,1,16],"texture":"#schild"},"east":{"uv":[0,0,16,16],"texture":"#schild"},"south":{"uv":[0,0,1,16],"texture":"#schild"},"west":{"uv":[0,0,16,16],"texture":"#schild"},"up":{"uv":[0,0,1,16],"texture":"#schild"},"down":{"uv":[0,0,1,16],"texture":"#schild"}}},{"from":[20.5,4.5,20.5],"to":[21,7.5,23.5],"faces":{"north":{"uv":[0,0,1,16],"texture":"#schild"},"east":{"uv":[0,0,16,16],"texture":"#schild"},"south":{"uv":[0,0,1,16],"texture":"#schild"},"west":{"uv":[0,0,16,16],"texture":"#schild"},"up":{"uv":[0,0,1,16],"texture":"#schild"},"down":{"uv":[0,0,1,16],"texture":"#schild"}}},{"from":[-2.5,0.9,6.2],"to":[-1.5,7.9,6.8],"rotation":{"angle":22.5,"axis":"x","origin":[-2.5,8,6]},"faces":{"north":{"uv":[0,0,1,1],"texture":"#stone_slab_top"},"east":{"uv":[0,0,1,1],"texture":"#stone_slab_top"},"south":{"uv":[0,0,1,1],"texture":"#stone_slab_top"},"west":{"uv":[0,0,1,1],"texture":"#stone_slab_top"},"up":{"uv":[0,0,1,1],"texture":"#stone_slab_top"},"down":{"uv":[0,0,1,1],"texture":"#stone_slab_top"}}},{"from":[-3,7.5,6],"to":[19,8,7],"rotation":{"angle":22.5,"axis":"x","origin":[-3,8,6]},"faces":{"north":{"uv":[0,0,1,1],"texture":"#stone_slab_top"},"east":{"uv":[0,0,1,1],"texture":"#stone_slab_top"},"south":{"uv":[0,0,1,1],"texture":"#stone_slab_top"},"west":{"uv":[0,0,1,1],"texture":"#stone_slab_top"},"up":{"uv":[0,0,1,1],"texture":"#stone_slab_top"},"down":{"uv":[0,0,1,1],"texture":"#stone_slab_top"}}},{"from":[-3,8.5,16],"to":[19,9,17],"rotation":{"angle":22.5,"axis":"x","origin":[-3,9,16]},"faces":{"north":{"uv":[0,0,1,1],"texture":"#stone_slab_top"},"east":{"uv":[0,0,1,1],"texture":"#stone_slab_top"},"south":{"uv":[0,0,1,1],"texture":"#stone_slab_top"},"west":{"uv":[0,0,1,1],"texture":"#stone_slab_top"},"up":{"uv":[0,0,1,1],"texture":"#stone_slab_top"},"down":{"uv":[0,0,1,1],"texture":"#stone_slab_top"}}},{"from":[-2.5,2,16.2],"to":[-1.5,8.9,16.8],"rotation":{"angle":22.5,"axis":"x","origin":[-2.5,9,16]},"faces":{"north":{"uv":[0,0,1,1],"texture":"#stone_slab_top"},"east":{"uv":[0,0,1,1],"texture":"#stone_slab_top"},"south":{"uv":[0,0,1,1],"texture":"#stone_slab_top"},"west":{"uv":[0,0,1,1],"texture":"#stone_slab_top"},"up":{"uv":[0,0,1,1],"texture":"#stone_slab_top"},"down":{"uv":[0,0,1,1],"texture":"#stone_slab_top"}}},{"from":[17.5,0.9,6.2],"to":[18.5,7.9,6.8],"rotation":{"angle":22.5,"axis":"x","origin":[17.5,8,6]},"faces":{"north":{"uv":[0,0,1,1],"texture":"#stone_slab_top"},"east":{"uv":[0,0,1,1],"texture":"#stone_slab_top"},"south":{"uv":[0,0,1,1],"texture":"#stone_slab_top"},"west":{"uv":[0,0,1,1],"texture":"#stone_slab_top"},"up":{"uv":[0,0,1,1],"texture":"#stone_slab_top"},"down":{"uv":[0,0,1,1],"texture":"#stone_slab_top"}}},{"from":[7.5,0.9,6.2],"to":[8.5,7.9,6.8],"rotation":{"angle":22.5,"axis":"x","origin":[7.5,8,6]},"faces":{"north":{"uv":[0,0,1,1],"texture":"#stone_slab_top"},"east":{"uv":[0,0,1,1],"texture":"#stone_slab_top"},"south":{"uv":[0,0,1,1],"texture":"#stone_slab_top"},"west":{"uv":[0,0,1,1],"texture":"#stone_slab_top"},"up":{"uv":[0,0,1,1],"texture":"#stone_slab_top"},"down":{"uv":[0,0,1,1],"texture":"#stone_slab_top"}}},{"from":[7.5,2,16.1913],"to":[8.5,8.9,16.7913],"rotation":{"angle":22.5,"axis":"x","origin":[7.5,9,15.9913]},"faces":{"north":{"uv":[0,0,1,1],"texture":"#stone_slab_top"},"east":{"uv":[0,0,1,1],"texture":"#stone_slab_top"},"south":{"uv":[0,0,1,1],"texture":"#stone_slab_top"},"west":{"uv":[0,0,1,1],"texture":"#stone_slab_top"},"up":{"uv":[0,0,1,1],"texture":"#stone_slab_top"},"down":{"uv":[0,0,1,1],"texture":"#stone_slab_top"}}},{"from":[17.5,2,16.1913],"to":[18.5,8.9,16.7913],"rotation":{"angle":22.5,"axis":"x","origin":[17.5,9,15.9913]},"faces":{"north":{"uv":[0,0,1,1],"texture":"#stone_slab_top"},"east":{"uv":[0,0,1,1],"texture":"#stone_slab_top"},"south":{"uv":[0,0,1,1],"texture":"#stone_slab_top"},"west":{"uv":[0,0,1,1],"texture":"#stone_slab_top"},"up":{"uv":[0,0,1,1],"texture":"#stone_slab_top"},"down":{"uv":[0,0,1,1],"texture":"#stone_slab_top"}}}],"display":{"gui":{"rotation":[30,-135,0],"translation":[1.75,0,0],"scale":[0.425,0.425,0.425]},"head":{"translation":[0,0,24],"scale":[4,4,4]}},"credit":"Model by Craftventure"}