{"texture_size":[32,32],"textures":{"0":"entity/horse/horse_white","1":"entity/horse/horse_chestnut","2":"models/armor/gold_layer_1","particle":"entity/horse/horse_white"},"elements":[{"from":[7.6,-2.1,6.8],"to":[8.4,1.1,7.6],"rotation":{"angle":0,"axis":"y","origin":[8,-0.5,7.2]},"faces":{"north":{"uv":[14.5,10.25,15,12.25],"texture":"#1"},"east":{"uv":[14.5,10,15,12],"texture":"#1"},"south":{"uv":[14.5,9.75,15,11.75],"texture":"#1"},"west":{"uv":[14.5,9.5,15,11.5],"texture":"#1"}}},{"from":[7.6,7.5,6.8],"to":[8.4,10.7,7.6],"rotation":{"angle":0,"axis":"y","origin":[8,9.1,7.2]},"faces":{"north":{"uv":[14.5,10.25,15,12.25],"texture":"#1"},"east":{"uv":[14.5,10,15,12],"texture":"#1"},"south":{"uv":[14.5,9.75,15,11.75],"texture":"#1"},"west":{"uv":[14.5,9.5,15,11.5],"texture":"#1"}}},{"from":[7.6,17.1,6.8],"to":[8.4,20.3,7.6],"rotation":{"angle":0,"axis":"y","origin":[8,18.7,7.2]},"faces":{"north":{"uv":[14.5,10.25,15,12.25],"texture":"#1"},"east":{"uv":[14.5,10,15,12],"texture":"#1"},"south":{"uv":[14.5,9.75,15,11.75],"texture":"#1"},"west":{"uv":[14.5,9.5,15,11.5],"texture":"#1"}}},{"from":[7.6,26.7,6.8],"to":[8.4,29.9,7.6],"rotation":{"angle":0,"axis":"y","origin":[8,28.3,7.2]},"faces":{"north":{"uv":[14.5,10.25,15,12.25],"texture":"#1"},"east":{"uv":[14.5,10,15,12],"texture":"#1"},"south":{"uv":[14.5,9.75,15,11.75],"texture":"#1"},"west":{"uv":[14.5,9.5,15,11.5],"texture":"#1"}}},{"from":[7.6,-15.7,6.8],"to":[8.4,-12.5,7.6],"rotation":{"angle":0,"axis":"y","origin":[8,-14.1,7.2]},"faces":{"north":{"uv":[14.5,10.25,15,12.25],"texture":"#1"},"east":{"uv":[14.5,10,15,12],"texture":"#1"},"south":{"uv":[14.5,9.75,15,11.75],"texture":"#1"},"west":{"uv":[14.5,9.5,15,11.5],"texture":"#1"}}},{"from":[7.6,1.1,6.8],"to":[8.4,4.3,7.6],"rotation":{"angle":0,"axis":"y","origin":[8,2.7,7.2]},"faces":{"north":{"uv":[14.5,10.25,15,12.25],"texture":"#1"},"east":{"uv":[14.5,10,15,12],"texture":"#1"},"south":{"uv":[14.5,9.75,15,11.75],"texture":"#1"},"west":{"uv":[14.5,9.5,15,11.5],"texture":"#1"}}},{"from":[7.6,10.7,6.8],"to":[8.4,13.9,7.6],"rotation":{"angle":0,"axis":"y","origin":[8,12.3,7.2]},"faces":{"north":{"uv":[14.5,10.25,15,12.25],"texture":"#1"},"east":{"uv":[14.5,10,15,12],"texture":"#1"},"south":{"uv":[14.5,9.75,15,11.75],"texture":"#1"},"west":{"uv":[14.5,9.5,15,11.5],"texture":"#1"}}},{"from":[7.6,20.3,6.8],"to":[8.4,23.5,7.6],"rotation":{"angle":0,"axis":"y","origin":[8,21.9,7.2]},"faces":{"north":{"uv":[14.5,10.25,15,12.25],"texture":"#1"},"east":{"uv":[14.5,10,15,12],"texture":"#1"},"south":{"uv":[14.5,9.75,15,11.75],"texture":"#1"},"west":{"uv":[14.5,9.5,15,11.5],"texture":"#1"}}},{"from":[7.6,-12.5,6.8],"to":[8.4,-9.3,7.6],"rotation":{"angle":0,"axis":"y","origin":[8,-10.9,7.2]},"faces":{"north":{"uv":[14.5,10.25,15,12.25],"texture":"#1"},"east":{"uv":[14.5,10,15,12],"texture":"#1"},"south":{"uv":[14.5,9.75,15,11.75],"texture":"#1"},"west":{"uv":[14.5,9.5,15,11.5],"texture":"#1"}}},{"from":[7.6,4.3,6.8],"to":[8.4,7.5,7.6],"rotation":{"angle":0,"axis":"y","origin":[8,5.9,7.2]},"faces":{"north":{"uv":[14.5,10.25,15,12.25],"texture":"#1"},"east":{"uv":[14.5,10,15,12],"texture":"#1"},"south":{"uv":[14.5,9.75,15,11.75],"texture":"#1"},"west":{"uv":[14.5,9.5,15,11.5],"texture":"#1"}}},{"from":[7.6,13.9,6.8],"to":[8.4,17.1,7.6],"rotation":{"angle":0,"axis":"y","origin":[8,15.5,7.2]},"faces":{"north":{"uv":[14.5,10.25,15,12.25],"texture":"#1"},"east":{"uv":[14.5,10,15,12],"texture":"#1"},"south":{"uv":[14.5,9.75,15,11.75],"texture":"#1"},"west":{"uv":[14.5,9.5,15,11.5],"texture":"#1"}}},{"from":[7.6,23.5,6.8],"to":[8.4,26.7,7.6],"rotation":{"angle":0,"axis":"y","origin":[8,25.1,7.2]},"faces":{"north":{"uv":[14.5,10.25,15,12.25],"texture":"#1"},"east":{"uv":[14.5,10,15,12],"texture":"#1"},"south":{"uv":[14.5,9.75,15,11.75],"texture":"#1"},"west":{"uv":[14.5,9.5,15,11.5],"texture":"#1"}}},{"from":[7.6,-9.3,6.8],"to":[8.4,-6.1,7.6],"rotation":{"angle":0,"axis":"y","origin":[8,-7.7,7.2]},"faces":{"north":{"uv":[14.5,10.25,15,12.25],"texture":"#1"},"east":{"uv":[14.5,10,15,12],"texture":"#1"},"south":{"uv":[14.5,9.75,15,11.75],"texture":"#1"},"west":{"uv":[14.5,9.5,15,11.5],"texture":"#1"}}},{"from":[7.2,29.9,6.375],"to":[8.8,31.5,7.975],"rotation":{"angle":0,"axis":"y","origin":[8,28.3,7.175]},"faces":{"north":{"uv":[8.75,13,9.75,15],"texture":"#2"},"east":{"uv":[8.25,13,9.25,15],"texture":"#2"},"south":{"uv":[8.5,13,9.5,15],"texture":"#2"},"west":{"uv":[5.5,13.5,6.5,15.5],"texture":"#2"},"up":{"uv":[8.25,11,9.25,13],"texture":"#2"},"down":{"uv":[11,8,12,10],"rotation":90,"texture":"#2"}}},{"from":[8.396,-7.2992,3.6],"to":[9.98,-5.2992,5.2],"rotation":{"angle":45,"axis":"x","origin":[8,-5.2992,4.4]},"faces":{"north":{"uv":[13,6.25,13.99,7.5],"texture":"#0"},"east":{"uv":[12,6.25,13,7.5],"texture":"#0"},"south":{"uv":[15,6.25,15.99,7.5],"texture":"#0"},"west":{"uv":[14,6.25,15,7.5],"texture":"#0"},"up":{"uv":[13,5.25,14,6.25],"texture":"#0"}}},{"from":[8.40392,-8.94773,2.4201],"to":[9.97208,-6.14773,4.0201],"rotation":{"angle":0,"axis":"x","origin":[9.188,-7.54773,3.2201]},"faces":{"north":{"uv":[13,7.25,14,9],"texture":"#0"},"east":{"uv":[12,7.25,13,9],"texture":"#0"},"south":{"uv":[15,7.25,16,9],"texture":"#0"},"west":{"uv":[14,7.25,15,9],"texture":"#0"},"down":{"uv":[14,5.25,15,6.25],"texture":"#0"}}},{"from":[6.02792,-8.94773,2.4201],"to":[7.59608,-6.14773,4.0201],"rotation":{"angle":0,"axis":"x","origin":[6.812,-7.54773,3.2201]},"faces":{"north":{"uv":[14,7.25,13,9],"texture":"#0"},"east":{"uv":[15,7.25,14,9],"texture":"#0"},"south":{"uv":[16,7.25,15,9],"texture":"#0"},"west":{"uv":[13,7.25,12,9],"texture":"#0"},"down":{"uv":[15,5.25,14,6.25],"texture":"#0"}}},{"from":[6.02,-7.2992,3.6],"to":[7.604,-5.2992,5.2],"rotation":{"angle":45,"axis":"x","origin":[8,-5.2992,4.4]},"faces":{"north":{"uv":[13.99,6.25,13,7.5],"texture":"#0"},"east":{"uv":[15,6.25,14,7.5],"texture":"#0"},"south":{"uv":[15.99,6.25,15,7.5],"texture":"#0"},"west":{"uv":[13,6.25,12,7.5],"texture":"#0"},"up":{"uv":[14,5.25,13,6.25],"texture":"#0"}}},{"from":[8.396,-9.8992,11],"to":[9.98,-5.4992,12.6],"rotation":{"angle":-45,"axis":"x","origin":[8,-5.4992,11.8]},"faces":{"north":{"uv":[13,6.25,14,9],"texture":"#0"},"east":{"uv":[12,6.25,13,9],"texture":"#0"},"south":{"uv":[15,6.25,16,9],"texture":"#0"},"west":{"uv":[14,6.25,15,9],"texture":"#0"},"up":{"uv":[13,5.25,14,6.25],"texture":"#0"},"down":{"uv":[14,5.25,15,6.25],"texture":"#0"}}},{"from":[6.02,-9.8992,11],"to":[7.604,-5.4992,12.6],"rotation":{"angle":-45,"axis":"x","origin":[8,-5.4992,11.8]},"faces":{"north":{"uv":[14,6.25,13,9],"texture":"#0"},"east":{"uv":[15,6.25,14,9],"texture":"#0"},"south":{"uv":[16,6.25,15,9],"texture":"#0"},"west":{"uv":[13,6.25,12,9],"texture":"#0"},"up":{"uv":[14,5.25,13,6.25],"texture":"#0"},"down":{"uv":[15,5.25,14,6.25],"texture":"#0"}}},{"from":[6,-6.0992,3.6],"to":[10,-2.0992,12.4],"rotation":{"angle":0,"axis":"y","origin":[8,-3.62238,7.76714]},"faces":{"north":{"uv":[5.5,13.5,8,16],"texture":"#0"},"east":{"uv":[0,13.5,5.5,16],"texture":"#0"},"south":{"uv":[13.5,13.5,16,16],"texture":"#0"},"west":{"uv":[8,13.5,13.5,16],"texture":"#0"},"up":{"uv":[5.5,8,8,13.5],"rotation":180,"texture":"#0"},"down":{"uv":[10.5,8,8,13.5],"texture":"#0"}}},{"from":[7,-1.73815,1.27959],"to":[7,-0.53815,6.87959],"rotation":{"angle":0,"axis":"x","origin":[6,-1.13815,4.07959]},"faces":{"east":{"uv":[11.5,4.5,8,5.25],"texture":"#0"},"west":{"uv":[8,4.5,11.5,5.25],"texture":"#0"}}},{"from":[7,-1.73815,6.87959],"to":[9,-0.53815,6.87959],"rotation":{"angle":0,"axis":"x","origin":[8,-1.13815,4.07959]},"faces":{"north":{"uv":[12.5,4.5,11.5,5.25],"texture":"#0"},"south":{"uv":[11.5,4.5,12.5,5.25],"texture":"#0"}}},{"from":[9,-1.73815,1.27959],"to":[9,-0.53815,6.87959],"rotation":{"angle":0,"axis":"x","origin":[8,-1.13815,4.07959]},"faces":{"east":{"uv":[12.5,4.5,16,5.25],"texture":"#0"},"west":{"uv":[16,4.5,12.5,5.25],"texture":"#0"}}},{"from":[5.9,-5.8992,6.6],"to":[10.1,-1.9992,10.6],"rotation":{"angle":0,"axis":"y","origin":[8,-3.62238,5.66714]},"faces":{"east":{"uv":[6.5,2.25,8.75,4.5],"texture":"#0"},"west":{"uv":[11.25,2.25,13.5,4.5],"texture":"#0"},"up":{"uv":[8.75,0,11.25,2.25],"rotation":180,"texture":"#0"}}},{"from":[7.2,-3.39024,3.75371],"to":[8.8,1.40976,6.55371],"rotation":{"angle":-22.5,"axis":"x","origin":[8,-3.62238,7.76714]},"faces":{"north":{"uv":[1.75,10.5,2.75,13.5],"texture":"#0"},"east":{"uv":[0,10.5,1.75,13.5],"texture":"#0"},"south":{"uv":[4.5,10.5,5.5,13.5],"texture":"#0"},"west":{"uv":[2.75,10.5,4.5,13.5],"texture":"#0"},"up":{"uv":[1.75,8.75,2.75,10.5],"texture":"#0"},"down":{"uv":[2.75,8.75,3.75,10.5],"texture":"#0"}}},{"from":[7.2,1.40976,1.75371],"to":[8.8,3.40976,3.75371],"rotation":{"angle":-22.5,"axis":"x","origin":[8,-3.62238,7.76714]},"faces":{"north":{"uv":[1.25,7.5,2.25,8.75],"texture":"#0"},"east":{"uv":[0,7.5,1.25,8.75],"texture":"#0"},"west":{"uv":[2.25,7.5,3.5,8.75],"texture":"#0"},"up":{"uv":[1.25,6.25,2.25,7.5],"rotation":180,"texture":"#0"},"down":{"uv":[3.25,6.25,2.25,7.5],"texture":"#0"}}},{"from":[7.1,1.30976,2.95371],"to":[8.9,3.50976,3.75371],"rotation":{"angle":-22.5,"axis":"x","origin":[8,-3.62238,7.76714]},"faces":{"north":{"uv":[5.25,0.5,6.25,1.75],"texture":"#0"},"east":{"uv":[4.75,0.5,5.25,1.75],"texture":"#0"},"south":{"uv":[6.75,0.5,7.75,1.75],"texture":"#0"},"west":{"uv":[6.25,0.5,6.75,1.75],"texture":"#0"},"up":{"uv":[5.25,0,6.25,0.5],"rotation":180,"texture":"#0"},"down":{"uv":[7.25,0,6.25,0.5],"texture":"#0"}}},{"from":[6.8,-0.72167,0.35697],"to":[9.2,0.07833,1.15697],"rotation":{"angle":-22.5,"axis":"x","origin":[8,-0.32167,0.75697]},"faces":{"north":{"uv":[8.5,1.75,8.75,2.25],"texture":"#0"},"east":{"uv":[7.25,1.75,7.75,2.25],"rotation":270,"texture":"#0"},"south":{"uv":[7.75,1.75,8,2.25],"texture":"#0"},"west":{"uv":[7.25,1.75,7.75,2.25],"texture":"#0"},"up":{"uv":[7.75,1.25,8,1.75],"texture":"#0"},"down":{"uv":[8,1.25,8.25,1.75],"texture":"#0"}}},{"from":[6.8,1.40976,3.75371],"to":[9.2,3.40976,6.55371],"rotation":{"angle":-22.5,"axis":"x","origin":[8,-3.62238,7.76714]},"faces":{"north":{"uv":[1.75,5,3.25,6.25],"texture":"#0"},"east":{"uv":[0,5,1.75,6.25],"texture":"#0"},"south":{"uv":[5,5,6.5,6.25],"texture":"#0"},"west":{"uv":[3.25,5,5,6.25],"texture":"#0"},"up":{"uv":[1.75,3.25,3.25,5],"rotation":180,"texture":"#0"},"down":{"uv":[4.75,3.25,3.25,5],"texture":"#0"}}},{"from":[6.7,1.30976,3.65371],"to":[9.3,3.50976,6.15371],"rotation":{"angle":-22.5,"axis":"x","origin":[8,-3.62238,7.76714]},"faces":{"north":{"uv":[1.75,1.75,3.25,3],"texture":"#0"},"east":{"uv":[0.25,1.75,1.75,3],"texture":"#0"},"west":{"uv":[3.25,1.75,4.75,3],"texture":"#0"},"up":{"uv":[1.75,0.25,3.25,1.75],"rotation":180,"texture":"#0"},"down":{"uv":[4.75,0.25,3.25,1.75],"texture":"#0"}}},{"from":[8.2,3.40976,6.15371],"to":[9,4.20976,6.55371],"rotation":{"angle":-22.5,"axis":"x","origin":[8,-3.62238,7.76714]},"faces":{"north":{"uv":[5,4.25,5.5,4.75],"texture":"#0"},"east":{"uv":[4.75,4.25,5,4.75],"texture":"#0"},"south":{"uv":[5.75,4.25,6.25,4.75],"texture":"#0"},"west":{"uv":[5.5,4.25,5.75,4.75],"texture":"#0"},"up":{"uv":[5,4,5.5,4.25],"rotation":180,"texture":"#0"}}},{"from":[7,3.40976,6.15371],"to":[7.8,4.20976,6.55371],"rotation":{"angle":-22.5,"axis":"x","origin":[8,-3.62238,7.76714]},"faces":{"north":{"uv":[5,4.25,5.5,4.75],"texture":"#0"},"east":{"uv":[4.75,4.25,5,4.75],"texture":"#0"},"south":{"uv":[5.75,4.25,6.25,4.75],"texture":"#0"},"west":{"uv":[5.5,4.25,5.75,4.75],"texture":"#0"},"up":{"uv":[5,4,5.5,4.25],"rotation":180,"texture":"#0"}}},{"from":[7.6,-2.99024,6.55371],"to":[8.4,3.40976,7.35371],"rotation":{"angle":-22.5,"axis":"x","origin":[8,-3.62238,7.76714]},"faces":{"east":{"uv":[14,9.5,14.5,13.5],"texture":"#0"},"south":{"uv":[15.5,9.5,16,13.5],"texture":"#0"},"west":{"uv":[15,9.5,15.5,13.5],"texture":"#0"},"up":{"uv":[14.5,9,15,9.5],"texture":"#0"}}},{"from":[7.4,-4.05812,12.26219],"to":[8.6,-2.45812,12.26219],"rotation":{"angle":22.5,"axis":"x","origin":[8,-2.69338,12.35485]},"faces":{"north":{"uv":[11.5,9,12.25,10],"rotation":180,"texture":"#0"},"south":{"uv":[11.5,9,12.25,10],"texture":"#0"}}},{"from":[7.4,-4.05812,12.26219],"to":[7.4,-2.45812,17.86219],"rotation":{"angle":22.5,"axis":"x","origin":[8,-2.69338,12.35485]},"faces":{"east":{"uv":[13.25,10,12.25,13.5],"rotation":90,"texture":"#0"},"west":{"uv":[12.25,10,13.25,13.5],"rotation":270,"texture":"#0"}}},{"from":[7.4,-2.45812,12.26219],"to":[8.6,-2.45812,17.86219],"rotation":{"angle":22.5,"axis":"x","origin":[8,-2.69338,12.35485]},"faces":{"up":{"uv":[13.25,10,14,13.5],"texture":"#0"},"down":{"uv":[14,10,13.25,13.5],"rotation":180,"texture":"#0"}}},{"from":[7.4,-4.05812,12.26219],"to":[8.6,-4.05812,17.86219],"rotation":{"angle":22.5,"axis":"x","origin":[8,-2.69338,12.35485]},"faces":{"up":{"uv":[12.25,10,11.5,13.5],"texture":"#0"},"down":{"uv":[11.5,10,12.25,13.5],"rotation":180,"texture":"#0"}}},{"from":[8.6,-4.05812,12.26219],"to":[8.6,-2.45812,17.86219],"rotation":{"angle":22.5,"axis":"x","origin":[8,-2.69338,12.35485]},"faces":{"east":{"uv":[10.5,10,11.5,13.5],"rotation":90,"texture":"#0"},"west":{"uv":[11.5,10,10.5,13.5],"rotation":270,"texture":"#0"}}}],"display":{"thirdperson_righthand":{"rotation":[0,90,0],"translation":[0,15.5,0.75]},"thirdperson_lefthand":{"rotation":[0,90,0],"translation":[0,15.5,0.75]},"firstperson_righthand":{"rotation":[0,45,0],"translation":[0,15.5,0.75]},"firstperson_lefthand":{"rotation":[0,45,0],"translation":[0,15.5,0.75]},"ground":{"translation":[0,20.25,0]},"gui":{"rotation":[30,-135,0],"translation":[0,-0.25,0],"scale":[0.4,0.4,0.4]},"head":{"translation":[0,43,-5.25],"scale":[4,4,4]},"fixed":{"rotation":[0,90,0],"translation":[-0.5,10,-2.25],"scale":[1.1,1.1,1.1]}},"groups":[{"name":"group","origin":[8,8,8],"color":0,"children":[{"name":"group","origin":[8,20.5,7],"color":0,"children":[0,1,2,3,4,5,6,7,8,9,10,11,12,13]},{"name":"group","origin":[8,13.5,8],"color":0,"children":[14,15,16,17,18,19,20,21,22,23,24,{"name":"group","origin":[8,14.7,1.75],"color":0,"children":[25,26,27,28,29,30,31,32,33]},{"name":"group","origin":[7.75,10.56055,17.58644],"color":0,"children":[34,35,36,37,38]}]}]}],"credit":"Model by Craftventure"}