{"textures":{"3":"block/yellow_shulker_box","4":"block/anvil","particle":"block/yellow_shulker_box","wielen inner":"block/piston_inner","anvil":"block/lime_shulker_box","stone_slab":"block/smooth_stone","remmen":"block/furnace_side","2_anvil":"block/black_concrete"},"elements":[{"from":[0.67592,-1.96296,17],"to":[2.17592,0.53704,17.5],"rotation":{"angle":0,"axis":"y","origin":[8.67592,3.03704,21]},"faces":{"north":{"uv":[1.5,13.5,0,16],"texture":"#anvil"},"east":{"uv":[1.5,13.5,0,16],"texture":"#anvil"},"south":{"uv":[1.5,13.5,0,16],"texture":"#anvil"},"west":{"uv":[1.5,13.5,0,16],"texture":"#anvil"},"up":{"uv":[1.5,13.5,0,16],"texture":"#anvil"},"down":{"uv":[1.5,13.5,0,16],"texture":"#anvil"}}},{"from":[0.67592,-2.46296,22],"to":[2.17592,-1.96296,24.5],"rotation":{"angle":0,"axis":"y","origin":[8.67592,3.03704,21]},"faces":{"north":{"uv":[1.5,13.5,0,16],"texture":"#anvil"},"east":{"uv":[1.5,13.5,0,16],"texture":"#anvil"},"south":{"uv":[1.5,13.5,0,16],"texture":"#anvil"},"west":{"uv":[1.5,13.5,0,16],"texture":"#anvil"},"up":{"uv":[1.5,13.5,0,16],"texture":"#anvil"},"down":{"uv":[1.5,13.5,0,16],"texture":"#anvil"}}},{"from":[0.67592,-2.46296,17.5],"to":[2.17592,-1.96296,20],"rotation":{"angle":0,"axis":"y","origin":[8.67592,3.03704,21]},"faces":{"north":{"uv":[1.5,13.5,0,16],"texture":"#anvil"},"east":{"uv":[1.5,13.5,0,16],"texture":"#anvil"},"south":{"uv":[1.5,13.5,0,16],"texture":"#anvil"},"west":{"uv":[1.5,13.5,0,16],"texture":"#anvil"},"up":{"uv":[1.5,13.5,0,16],"texture":"#anvil"},"down":{"uv":[1.5,13.5,0,16],"texture":"#anvil"}}},{"from":[0.67592,-1.96296,20],"to":[2.17592,0.53704,20.5],"rotation":{"angle":0,"axis":"y","origin":[8.67592,3.03704,21]},"faces":{"north":{"uv":[1.5,13.5,0,16],"texture":"#anvil"},"east":{"uv":[1.5,13.5,0,16],"texture":"#anvil"},"south":{"uv":[1.5,13.5,0,16],"texture":"#anvil"},"west":{"uv":[1.5,13.5,0,16],"texture":"#anvil"},"up":{"uv":[1.5,13.5,0,16],"texture":"#anvil"},"down":{"uv":[1.5,13.5,0,16],"texture":"#anvil"}}},{"from":[0.67592,-1.96296,21.5],"to":[2.17592,0.53704,22],"rotation":{"angle":0,"axis":"y","origin":[8.67592,3.03704,21]},"faces":{"north":{"uv":[1.5,13.5,0,16],"texture":"#anvil"},"east":{"uv":[1.5,13.5,0,16],"texture":"#anvil"},"south":{"uv":[1.5,13.5,0,16],"texture":"#anvil"},"west":{"uv":[1.5,13.5,0,16],"texture":"#anvil"},"up":{"uv":[1.5,13.5,0,16],"texture":"#anvil"},"down":{"uv":[1.5,13.5,0,16],"texture":"#anvil"}}},{"from":[0.67592,-1.96296,24.5],"to":[2.17592,0.53704,25],"rotation":{"angle":0,"axis":"y","origin":[8.67592,3.03704,21]},"faces":{"north":{"uv":[1.5,13.5,0,16],"texture":"#anvil"},"east":{"uv":[1.5,13.5,0,16],"texture":"#anvil"},"south":{"uv":[1.5,13.5,0,16],"texture":"#anvil"},"west":{"uv":[1.5,13.5,0,16],"texture":"#anvil"},"up":{"uv":[1.5,13.5,0,16],"texture":"#anvil"},"down":{"uv":[1.5,13.5,0,16],"texture":"#anvil"}}},{"from":[0.67592,0.53704,22],"to":[2.17592,1.03704,24.5],"rotation":{"angle":0,"axis":"y","origin":[8.67592,3.03704,21]},"faces":{"north":{"uv":[1.5,13.5,0,16],"texture":"#anvil"},"east":{"uv":[1.5,13.5,0,16],"texture":"#anvil"},"south":{"uv":[1.5,13.5,0,16],"texture":"#anvil"},"west":{"uv":[1.5,13.5,0,16],"texture":"#anvil"},"up":{"uv":[1.5,13.5,0,16],"texture":"#anvil"},"down":{"uv":[1.5,13.5,0,16],"texture":"#anvil"}}},{"from":[0.67592,-1.96296,22],"to":[2.17592,0.53704,24.5],"rotation":{"angle":0,"axis":"y","origin":[8.67592,3.03704,21]},"faces":{"north":{"uv":[12,4,4,12],"texture":"#wielen inner"},"east":{"uv":[12,4,4,12],"texture":"#wielen inner"},"south":{"uv":[12,4,4,12],"texture":"#wielen inner"},"west":{"uv":[12,4,4,12],"texture":"#wielen inner"},"up":{"uv":[12,4,4,12],"texture":"#wielen inner"},"down":{"uv":[12,4,4,12],"texture":"#wielen inner"}}},{"from":[0.67592,0.53704,17.5],"to":[2.17592,1.03704,20],"rotation":{"angle":0,"axis":"y","origin":[8.67592,3.03704,21]},"faces":{"north":{"uv":[1.5,13.5,0,16],"texture":"#anvil"},"east":{"uv":[1.5,13.5,0,16],"texture":"#anvil"},"south":{"uv":[1.5,13.5,0,16],"texture":"#anvil"},"west":{"uv":[1.5,13.5,0,16],"texture":"#anvil"},"up":{"uv":[1.5,13.5,0,16],"texture":"#anvil"},"down":{"uv":[1.5,13.5,0,16],"texture":"#anvil"}}},{"from":[0.67592,-1.96296,17.5],"to":[2.17592,0.53704,20],"rotation":{"angle":0,"axis":"y","origin":[8.67592,3.03704,21]},"faces":{"north":{"uv":[12,4,4,12],"texture":"#wielen inner"},"east":{"uv":[12,4,4,12],"texture":"#wielen inner"},"south":{"uv":[12,4,4,12],"texture":"#wielen inner"},"west":{"uv":[12,4,4,12],"texture":"#wielen inner"},"up":{"uv":[12,4,4,12],"texture":"#wielen inner"},"down":{"uv":[12,4,4,12],"texture":"#wielen inner"}}},{"from":[0.17592,-1.46296,18.5],"to":[0.67592,0.03704,23.5],"rotation":{"angle":0,"axis":"y","origin":[8.67592,3.03704,21]},"faces":{"north":{"uv":[0,14,0,15.5],"texture":"#stone_slab"},"east":{"uv":[16,14,16,15.5],"texture":"#stone_slab"},"south":{"uv":[16,14,16,15.5],"texture":"#stone_slab"},"west":{"uv":[0,14,0,15.5],"texture":"#stone_slab"},"up":{"uv":[16,16,16,16],"texture":"#stone_slab"},"down":{"uv":[0,16,0,16],"texture":"#stone_slab"}}},{"from":[0.17592,0.03704,20.5],"to":[1.17592,3.03704,21.5],"rotation":{"angle":0,"axis":"y","origin":[8.67592,3.03704,21]},"faces":{"north":{"uv":[0,9.5,1,10.5],"texture":"#stone_slab"},"east":{"uv":[0,9.5,1,10.5],"texture":"#stone_slab"},"south":{"uv":[0,9.5,1,10.5],"texture":"#stone_slab"},"west":{"uv":[0,9.5,1,10.5],"texture":"#stone_slab"},"up":{"uv":[0,9.5,1,10.5],"texture":"#stone_slab"},"down":{"uv":[0,9.5,1,10.5],"texture":"#stone_slab"}}},{"from":[-2.82408,-0.96296,20],"to":[0.17592,0.03704,22],"rotation":{"angle":45,"axis":"z","origin":[0.17592,0.03704,20]},"faces":{"north":{"uv":[0,9.5,1,10.5],"texture":"#stone_slab"},"east":{"uv":[0,9.5,1,10.5],"texture":"#stone_slab"},"south":{"uv":[0,9.5,1,10.5],"texture":"#stone_slab"},"west":{"uv":[0,9.5,1,10.5],"texture":"#stone_slab"},"up":{"uv":[0,9.5,1,10.5],"texture":"#stone_slab"},"down":{"uv":[0,9.5,1,10.5],"texture":"#stone_slab"}}},{"from":[-1.82408,-2.96296,19],"to":[-0.32408,-2.46296,23],"rotation":{"angle":0,"axis":"y","origin":[8.67592,3.03704,21]},"faces":{"north":{"uv":[0,9.5,1,10.5],"texture":"#stone_slab"},"east":{"uv":[0,9.5,1,10.5],"texture":"#stone_slab"},"south":{"uv":[0,9.5,1,10.5],"texture":"#stone_slab"},"west":{"uv":[0,9.5,1,10.5],"texture":"#stone_slab"},"up":{"uv":[0,9.5,1,10.5],"texture":"#stone_slab"},"down":{"uv":[0,9.5,1,10.5],"texture":"#stone_slab"}}},{"from":[-2.32408,-2.96296,20],"to":[-0.82408,-1.96296,22],"rotation":{"angle":0,"axis":"y","origin":[8.67592,3.03704,21]},"faces":{"north":{"uv":[0,9.5,1,10.5],"texture":"#stone_slab"},"east":{"uv":[0,9.5,1,10.5],"texture":"#stone_slab"},"south":{"uv":[0,9.5,1,10.5],"texture":"#stone_slab"},"west":{"uv":[0,9.5,1,10.5],"texture":"#stone_slab"},"up":{"uv":[0,9.5,1,10.5],"texture":"#stone_slab"},"down":{"uv":[0,9.5,1,10.5],"texture":"#stone_slab"}}},{"from":[-2.32408,-4.46296,20.5],"to":[-1.82408,-1.96296,21.5],"rotation":{"angle":0,"axis":"y","origin":[8.67592,3.03704,21]},"faces":{"north":{"uv":[0,9.5,1,10.5],"texture":"#stone_slab"},"east":{"uv":[0,9.5,1,10.5],"texture":"#stone_slab"},"south":{"uv":[0,9.5,1,10.5],"texture":"#stone_slab"},"west":{"uv":[0,9.5,1,10.5],"texture":"#stone_slab"},"up":{"uv":[0,9.5,1,10.5],"texture":"#stone_slab"},"down":{"uv":[0,9.5,1,10.5],"texture":"#stone_slab"}}},{"from":[-1.82408,-4.46296,19],"to":[-0.32408,-3.96296,23],"rotation":{"angle":0,"axis":"y","origin":[8.67592,3.03704,21]},"faces":{"north":{"uv":[0,9.5,1,10.5],"texture":"#stone_slab"},"east":{"uv":[0,9.5,1,10.5],"texture":"#stone_slab"},"south":{"uv":[0,9.5,1,10.5],"texture":"#stone_slab"},"west":{"uv":[0,9.5,1,10.5],"texture":"#stone_slab"},"up":{"uv":[0,9.5,1,10.5],"texture":"#stone_slab"},"down":{"uv":[0,9.5,1,10.5],"texture":"#stone_slab"}}},{"from":[-1.82408,-3.96296,17.5],"to":[0.17592,-2.96296,18],"rotation":{"angle":0,"axis":"y","origin":[8.67592,3.03704,21]},"faces":{"north":{"uv":[1.5,13.5,0,16],"texture":"#anvil"},"east":{"uv":[1.5,13.5,0,16],"texture":"#anvil"},"south":{"uv":[1.5,13.5,0,16],"texture":"#anvil"},"west":{"uv":[1.5,13.5,0,16],"texture":"#anvil"},"up":{"uv":[1.5,13.5,0,16],"texture":"#anvil"},"down":{"uv":[1.5,13.5,0,16],"texture":"#anvil"}}},{"from":[-2.32408,-3.96296,18],"to":[-1.82408,-2.96296,20],"rotation":{"angle":0,"axis":"y","origin":[8.67592,3.03704,21]},"faces":{"north":{"uv":[1.5,13.5,0,16],"texture":"#anvil"},"east":{"uv":[1.5,13.5,0,16],"texture":"#anvil"},"south":{"uv":[1.5,13.5,0,16],"texture":"#anvil"},"west":{"uv":[1.5,13.5,0,16],"texture":"#anvil"},"up":{"uv":[1.5,13.5,0,16],"texture":"#anvil"},"down":{"uv":[1.5,13.5,0,16],"texture":"#anvil"}}},{"from":[-1.82408,-3.96296,18],"to":[0.17592,-2.96296,20],"rotation":{"angle":0,"axis":"y","origin":[8.67592,3.03704,21]},"faces":{"north":{"uv":[12,4,4,12],"texture":"#wielen inner"},"east":{"uv":[12,4,4,12],"texture":"#wielen inner"},"south":{"uv":[12,4,4,12],"texture":"#wielen inner"},"west":{"uv":[12,4,4,12],"texture":"#wielen inner"},"up":{"uv":[12,4,4,12],"texture":"#wielen inner"},"down":{"uv":[12,4,4,12],"texture":"#wielen inner"}}},{"from":[0.17592,-3.96296,18],"to":[0.67592,-2.96296,20],"rotation":{"angle":0,"axis":"y","origin":[8.67592,3.03704,21]},"faces":{"north":{"uv":[1.5,13.5,0,16],"texture":"#anvil"},"east":{"uv":[1.5,13.5,0,16],"texture":"#anvil"},"south":{"uv":[1.5,13.5,0,16],"texture":"#anvil"},"west":{"uv":[1.5,13.5,0,16],"texture":"#anvil"},"up":{"uv":[1.5,13.5,0,16],"texture":"#anvil"},"down":{"uv":[1.5,13.5,0,16],"texture":"#anvil"}}},{"from":[-1.82408,-3.96296,20],"to":[0.17592,-2.96296,20.5],"rotation":{"angle":0,"axis":"y","origin":[8.67592,3.03704,21]},"faces":{"north":{"uv":[1.5,13.5,0,16],"texture":"#anvil"},"east":{"uv":[1.5,13.5,0,16],"texture":"#anvil"},"south":{"uv":[1.5,13.5,0,16],"texture":"#anvil"},"west":{"uv":[1.5,13.5,0,16],"texture":"#anvil"},"up":{"uv":[1.5,13.5,0,16],"texture":"#anvil"},"down":{"uv":[1.5,13.5,0,16],"texture":"#anvil"}}},{"from":[-1.82408,-3.96296,21.5],"to":[0.17592,-2.96296,22],"rotation":{"angle":0,"axis":"y","origin":[8.67592,3.03704,21]},"faces":{"north":{"uv":[1.5,13.5,0,16],"texture":"#anvil"},"east":{"uv":[1.5,13.5,0,16],"texture":"#anvil"},"south":{"uv":[1.5,13.5,0,16],"texture":"#anvil"},"west":{"uv":[1.5,13.5,0,16],"texture":"#anvil"},"up":{"uv":[1.5,13.5,0,16],"texture":"#anvil"},"down":{"uv":[1.5,13.5,0,16],"texture":"#anvil"}}},{"from":[0.17592,-3.96296,22],"to":[0.67592,-2.96296,24],"rotation":{"angle":0,"axis":"y","origin":[8.67592,3.03704,21]},"faces":{"north":{"uv":[1.5,13.5,0,16],"texture":"#anvil"},"east":{"uv":[1.5,13.5,0,16],"texture":"#anvil"},"south":{"uv":[1.5,13.5,0,16],"texture":"#anvil"},"west":{"uv":[1.5,13.5,0,16],"texture":"#anvil"},"up":{"uv":[1.5,13.5,0,16],"texture":"#anvil"},"down":{"uv":[1.5,13.5,0,16],"texture":"#anvil"}}},{"from":[-1.82408,-3.96296,24],"to":[0.17592,-2.96296,24.5],"rotation":{"angle":0,"axis":"y","origin":[8.67592,3.03704,21]},"faces":{"north":{"uv":[1.5,13.5,0,16],"texture":"#anvil"},"east":{"uv":[1.5,13.5,0,16],"texture":"#anvil"},"south":{"uv":[1.5,13.5,0,16],"texture":"#anvil"},"west":{"uv":[1.5,13.5,0,16],"texture":"#anvil"},"up":{"uv":[1.5,13.5,0,16],"texture":"#anvil"},"down":{"uv":[1.5,13.5,0,16],"texture":"#anvil"}}},{"from":[-1.82408,-3.96296,22],"to":[0.17592,-2.96296,24],"rotation":{"angle":0,"axis":"y","origin":[8.67592,3.03704,21]},"faces":{"north":{"uv":[12,4,4,12],"texture":"#wielen inner"},"east":{"uv":[12,4,4,12],"texture":"#wielen inner"},"south":{"uv":[12,4,4,12],"texture":"#wielen inner"},"west":{"uv":[12,4,4,12],"texture":"#wielen inner"},"up":{"uv":[12,4,4,12],"texture":"#wielen inner"},"down":{"uv":[12,4,4,12],"texture":"#wielen inner"}}},{"from":[-2.32408,-3.96296,22],"to":[-1.82408,-2.96296,24],"rotation":{"angle":0,"axis":"y","origin":[8.67592,3.03704,21]},"faces":{"north":{"uv":[1.5,13.5,0,16],"texture":"#anvil"},"east":{"uv":[1.5,13.5,0,16],"texture":"#anvil"},"south":{"uv":[1.5,13.5,0,16],"texture":"#anvil"},"west":{"uv":[1.5,13.5,0,16],"texture":"#anvil"},"up":{"uv":[1.5,13.5,0,16],"texture":"#anvil"},"down":{"uv":[1.5,13.5,0,16],"texture":"#anvil"}}},{"from":[13.82408,-1.96296,17],"to":[15.32408,0.53704,17.5],"rotation":{"angle":0,"axis":"y","origin":[7.32408,3.03704,21]},"faces":{"north":{"uv":[1.5,13.5,0,16],"texture":"#anvil"},"east":{"uv":[1.5,13.5,0,16],"texture":"#anvil"},"south":{"uv":[1.5,13.5,0,16],"texture":"#anvil"},"west":{"uv":[1.5,13.5,0,16],"texture":"#anvil"},"up":{"uv":[1.5,13.5,0,16],"texture":"#anvil"},"down":{"uv":[1.5,13.5,0,16],"texture":"#anvil"}}},{"from":[13.82408,-2.46296,22],"to":[15.32408,-1.96296,24.5],"rotation":{"angle":0,"axis":"y","origin":[7.32408,3.03704,21]},"faces":{"north":{"uv":[1.5,13.5,0,16],"texture":"#anvil"},"east":{"uv":[1.5,13.5,0,16],"texture":"#anvil"},"south":{"uv":[1.5,13.5,0,16],"texture":"#anvil"},"west":{"uv":[1.5,13.5,0,16],"texture":"#anvil"},"up":{"uv":[1.5,13.5,0,16],"texture":"#anvil"},"down":{"uv":[1.5,13.5,0,16],"texture":"#anvil"}}},{"from":[13.82408,-2.46296,17.5],"to":[15.32408,-1.96296,20],"rotation":{"angle":0,"axis":"y","origin":[7.32408,3.03704,21]},"faces":{"north":{"uv":[1.5,13.5,0,16],"texture":"#anvil"},"east":{"uv":[1.5,13.5,0,16],"texture":"#anvil"},"south":{"uv":[1.5,13.5,0,16],"texture":"#anvil"},"west":{"uv":[1.5,13.5,0,16],"texture":"#anvil"},"up":{"uv":[1.5,13.5,0,16],"texture":"#anvil"},"down":{"uv":[1.5,13.5,0,16],"texture":"#anvil"}}},{"from":[13.82408,-1.96296,20],"to":[15.32408,0.53704,20.5],"rotation":{"angle":0,"axis":"y","origin":[7.32408,3.03704,21]},"faces":{"north":{"uv":[1.5,13.5,0,16],"texture":"#anvil"},"east":{"uv":[1.5,13.5,0,16],"texture":"#anvil"},"south":{"uv":[1.5,13.5,0,16],"texture":"#anvil"},"west":{"uv":[1.5,13.5,0,16],"texture":"#anvil"},"up":{"uv":[1.5,13.5,0,16],"texture":"#anvil"},"down":{"uv":[1.5,13.5,0,16],"texture":"#anvil"}}},{"from":[13.82408,-1.96296,21.5],"to":[15.32408,0.53704,22],"rotation":{"angle":0,"axis":"y","origin":[7.32408,3.03704,21]},"faces":{"north":{"uv":[1.5,13.5,0,16],"texture":"#anvil"},"east":{"uv":[1.5,13.5,0,16],"texture":"#anvil"},"south":{"uv":[1.5,13.5,0,16],"texture":"#anvil"},"west":{"uv":[1.5,13.5,0,16],"texture":"#anvil"},"up":{"uv":[1.5,13.5,0,16],"texture":"#anvil"},"down":{"uv":[1.5,13.5,0,16],"texture":"#anvil"}}},{"from":[13.82408,-1.96296,24.5],"to":[15.32408,0.53704,25],"rotation":{"angle":0,"axis":"y","origin":[7.32408,3.03704,21]},"faces":{"north":{"uv":[1.5,13.5,0,16],"texture":"#anvil"},"east":{"uv":[1.5,13.5,0,16],"texture":"#anvil"},"south":{"uv":[1.5,13.5,0,16],"texture":"#anvil"},"west":{"uv":[1.5,13.5,0,16],"texture":"#anvil"},"up":{"uv":[1.5,13.5,0,16],"texture":"#anvil"},"down":{"uv":[1.5,13.5,0,16],"texture":"#anvil"}}},{"from":[13.82408,0.53704,22],"to":[15.32408,1.03704,24.5],"rotation":{"angle":0,"axis":"y","origin":[7.32408,3.03704,21]},"faces":{"north":{"uv":[1.5,13.5,0,16],"texture":"#anvil"},"east":{"uv":[1.5,13.5,0,16],"texture":"#anvil"},"south":{"uv":[1.5,13.5,0,16],"texture":"#anvil"},"west":{"uv":[1.5,13.5,0,16],"texture":"#anvil"},"up":{"uv":[1.5,13.5,0,16],"texture":"#anvil"},"down":{"uv":[1.5,13.5,0,16],"texture":"#anvil"}}},{"from":[13.82408,-1.96296,22],"to":[15.32408,0.53704,24.5],"rotation":{"angle":0,"axis":"y","origin":[7.32408,3.03704,21]},"faces":{"north":{"uv":[4,4,12,12],"texture":"#wielen inner"},"east":{"uv":[4,4,12,12],"texture":"#wielen inner"},"south":{"uv":[4,4,12,12],"texture":"#wielen inner"},"west":{"uv":[4,4,12,12],"texture":"#wielen inner"},"up":{"uv":[4,4,12,12],"texture":"#wielen inner"},"down":{"uv":[4,4,12,12],"texture":"#wielen inner"}}},{"from":[13.82408,0.53704,17.5],"to":[15.32408,1.03704,20],"rotation":{"angle":0,"axis":"y","origin":[7.32408,3.03704,21]},"faces":{"north":{"uv":[1.5,13.5,0,16],"texture":"#anvil"},"east":{"uv":[1.5,13.5,0,16],"texture":"#anvil"},"south":{"uv":[1.5,13.5,0,16],"texture":"#anvil"},"west":{"uv":[1.5,13.5,0,16],"texture":"#anvil"},"up":{"uv":[1.5,13.5,0,16],"texture":"#anvil"},"down":{"uv":[1.5,13.5,0,16],"texture":"#anvil"}}},{"from":[13.82408,-1.96296,17.5],"to":[15.32408,0.53704,20],"rotation":{"angle":0,"axis":"y","origin":[7.32408,3.03704,21]},"faces":{"north":{"uv":[4,4,12,12],"texture":"#wielen inner"},"east":{"uv":[4,4,12,12],"texture":"#wielen inner"},"south":{"uv":[4,4,12,12],"texture":"#wielen inner"},"west":{"uv":[4,4,12,12],"texture":"#wielen inner"},"up":{"uv":[4,4,12,12],"texture":"#wielen inner"},"down":{"uv":[4,4,12,12],"texture":"#wielen inner"}}},{"from":[15.32408,-1.46296,18.5],"to":[15.82408,0.03704,23.5],"rotation":{"angle":0,"axis":"y","origin":[7.32408,3.03704,21]},"faces":{"north":{"uv":[0,9.5,1,10.5],"texture":"#stone_slab"},"east":{"uv":[0,9.5,1,10.5],"texture":"#stone_slab"},"south":{"uv":[0,9.5,1,10.5],"texture":"#stone_slab"},"west":{"uv":[0,9.5,1,10.5],"texture":"#stone_slab"},"up":{"uv":[0,9.5,1,10.5],"texture":"#stone_slab"},"down":{"uv":[0,9.5,1,10.5],"texture":"#stone_slab"}}},{"from":[14.82408,0.03704,20.5],"to":[15.82408,3.03704,21.5],"rotation":{"angle":0,"axis":"y","origin":[7.32408,3.03704,21]},"faces":{"north":{"uv":[0,9.5,1,10.5],"texture":"#stone_slab"},"east":{"uv":[0,9.5,1,10.5],"texture":"#stone_slab"},"south":{"uv":[0,9.5,1,10.5],"texture":"#stone_slab"},"west":{"uv":[0,9.5,1,10.5],"texture":"#stone_slab"},"up":{"uv":[0,9.5,1,10.5],"texture":"#stone_slab"},"down":{"uv":[0,9.5,1,10.5],"texture":"#stone_slab"}}},{"from":[15.82408,-0.96296,20],"to":[18.82408,0.03704,22],"rotation":{"angle":-45,"axis":"z","origin":[15.82408,0.03704,20]},"faces":{"north":{"uv":[0,9.5,1,10.5],"texture":"#stone_slab"},"east":{"uv":[0,9.5,1,10.5],"texture":"#stone_slab"},"south":{"uv":[0,9.5,1,10.5],"texture":"#stone_slab"},"west":{"uv":[0,9.5,1,10.5],"texture":"#stone_slab"},"up":{"uv":[0,9.5,1,10.5],"texture":"#stone_slab"},"down":{"uv":[0,9.5,1,10.5],"texture":"#stone_slab"}}},{"from":[16.32408,-2.96296,19],"to":[17.82408,-2.46296,23],"rotation":{"angle":0,"axis":"y","origin":[7.32408,3.03704,21]},"faces":{"north":{"uv":[0,9.5,1,10.5],"texture":"#stone_slab"},"east":{"uv":[0,9.5,1,10.5],"texture":"#stone_slab"},"south":{"uv":[0,9.5,1,10.5],"texture":"#stone_slab"},"west":{"uv":[0,9.5,1,10.5],"texture":"#stone_slab"},"up":{"uv":[0,9.5,1,10.5],"texture":"#stone_slab"},"down":{"uv":[0,9.5,1,10.5],"texture":"#stone_slab"}}},{"from":[16.82408,-2.96296,20],"to":[18.32408,-1.96296,22],"rotation":{"angle":0,"axis":"y","origin":[7.32408,3.03704,21]},"faces":{"north":{"uv":[0,9.5,1,10.5],"texture":"#stone_slab"},"east":{"uv":[0,9.5,1,10.5],"texture":"#stone_slab"},"south":{"uv":[0,9.5,1,10.5],"texture":"#stone_slab"},"west":{"uv":[0,9.5,1,10.5],"texture":"#stone_slab"},"up":{"uv":[0,9.5,1,10.5],"texture":"#stone_slab"},"down":{"uv":[0,9.5,1,10.5],"texture":"#stone_slab"}}},{"from":[17.82408,-4.46296,20.5],"to":[18.32408,-1.96296,21.5],"rotation":{"angle":0,"axis":"y","origin":[7.32408,3.03704,21]},"faces":{"north":{"uv":[0,9.5,1,10.5],"texture":"#stone_slab"},"east":{"uv":[0,9.5,1,10.5],"texture":"#stone_slab"},"south":{"uv":[0,9.5,1,10.5],"texture":"#stone_slab"},"west":{"uv":[0,9.5,1,10.5],"texture":"#stone_slab"},"up":{"uv":[0,9.5,1,10.5],"texture":"#stone_slab"},"down":{"uv":[0,9.5,1,10.5],"texture":"#stone_slab"}}},{"from":[16.32408,-4.46296,19],"to":[17.82408,-3.96296,23],"rotation":{"angle":0,"axis":"y","origin":[7.32408,3.03704,21]},"faces":{"north":{"uv":[0,9.5,1,10.5],"texture":"#stone_slab"},"east":{"uv":[0,9.5,1,10.5],"texture":"#stone_slab"},"south":{"uv":[0,9.5,1,10.5],"texture":"#stone_slab"},"west":{"uv":[0,9.5,1,10.5],"texture":"#stone_slab"},"up":{"uv":[0,9.5,1,10.5],"texture":"#stone_slab"},"down":{"uv":[0,9.5,1,10.5],"texture":"#stone_slab"}}},{"from":[15.82408,-3.96296,17.5],"to":[17.82408,-2.96296,18],"rotation":{"angle":0,"axis":"y","origin":[7.32408,3.03704,21]},"faces":{"north":{"uv":[1.5,13.5,0,16],"texture":"#anvil"},"east":{"uv":[1.5,13.5,0,16],"texture":"#anvil"},"south":{"uv":[1.5,13.5,0,16],"texture":"#anvil"},"west":{"uv":[1.5,13.5,0,16],"texture":"#anvil"},"up":{"uv":[1.5,13.5,0,16],"texture":"#anvil"},"down":{"uv":[1.5,13.5,0,16],"texture":"#anvil"}}},{"from":[17.82408,-3.96296,18],"to":[18.32408,-2.96296,20],"rotation":{"angle":0,"axis":"y","origin":[7.32408,3.03704,21]},"faces":{"north":{"uv":[1.5,13.5,0,16],"texture":"#anvil"},"east":{"uv":[1.5,13.5,0,16],"texture":"#anvil"},"south":{"uv":[1.5,13.5,0,16],"texture":"#anvil"},"west":{"uv":[1.5,13.5,0,16],"texture":"#anvil"},"up":{"uv":[1.5,13.5,0,16],"texture":"#anvil"},"down":{"uv":[1.5,13.5,0,16],"texture":"#anvil"}}},{"from":[15.82408,-3.96296,18],"to":[17.82408,-2.96296,20],"rotation":{"angle":0,"axis":"y","origin":[7.32408,3.03704,21]},"faces":{"north":{"uv":[4,4,12,12],"texture":"#wielen inner"},"east":{"uv":[4,4,12,12],"texture":"#wielen inner"},"south":{"uv":[4,4,12,12],"texture":"#wielen inner"},"west":{"uv":[4,4,12,12],"texture":"#wielen inner"},"up":{"uv":[4,4,12,12],"texture":"#wielen inner"},"down":{"uv":[4,4,12,12],"texture":"#wielen inner"}}},{"from":[15.32408,-3.96296,18],"to":[15.82408,-2.96296,20],"rotation":{"angle":0,"axis":"y","origin":[7.32408,3.03704,21]},"faces":{"north":{"uv":[1.5,13.5,0,16],"texture":"#anvil"},"east":{"uv":[1.5,13.5,0,16],"texture":"#anvil"},"south":{"uv":[1.5,13.5,0,16],"texture":"#anvil"},"west":{"uv":[1.5,13.5,0,16],"texture":"#anvil"},"up":{"uv":[1.5,13.5,0,16],"texture":"#anvil"},"down":{"uv":[1.5,13.5,0,16],"texture":"#anvil"}}},{"from":[15.82408,-3.96296,20],"to":[17.82408,-2.96296,20.5],"rotation":{"angle":0,"axis":"y","origin":[7.32408,3.03704,21]},"faces":{"north":{"uv":[1.5,13.5,0,16],"texture":"#anvil"},"east":{"uv":[1.5,13.5,0,16],"texture":"#anvil"},"south":{"uv":[1.5,13.5,0,16],"texture":"#anvil"},"west":{"uv":[1.5,13.5,0,16],"texture":"#anvil"},"up":{"uv":[1.5,13.5,0,16],"texture":"#anvil"},"down":{"uv":[1.5,13.5,0,16],"texture":"#anvil"}}},{"from":[15.82408,-3.96296,21.5],"to":[17.82408,-2.96296,22],"rotation":{"angle":0,"axis":"y","origin":[7.32408,3.03704,21]},"faces":{"north":{"uv":[1.5,13.5,0,16],"texture":"#anvil"},"east":{"uv":[1.5,13.5,0,16],"texture":"#anvil"},"south":{"uv":[1.5,13.5,0,16],"texture":"#anvil"},"west":{"uv":[1.5,13.5,0,16],"texture":"#anvil"},"up":{"uv":[1.5,13.5,0,16],"texture":"#anvil"},"down":{"uv":[1.5,13.5,0,16],"texture":"#anvil"}}},{"from":[15.32408,-3.96296,22],"to":[15.82408,-2.96296,24],"rotation":{"angle":0,"axis":"y","origin":[7.32408,3.03704,21]},"faces":{"north":{"uv":[1.5,13.5,0,16],"texture":"#anvil"},"east":{"uv":[1.5,13.5,0,16],"texture":"#anvil"},"south":{"uv":[1.5,13.5,0,16],"texture":"#anvil"},"west":{"uv":[1.5,13.5,0,16],"texture":"#anvil"},"up":{"uv":[1.5,13.5,0,16],"texture":"#anvil"},"down":{"uv":[1.5,13.5,0,16],"texture":"#anvil"}}},{"from":[15.82408,-3.96296,24],"to":[17.82408,-2.96296,24.5],"rotation":{"angle":0,"axis":"y","origin":[7.32408,3.03704,21]},"faces":{"north":{"uv":[1.5,13.5,0,16],"texture":"#anvil"},"east":{"uv":[1.5,13.5,0,16],"texture":"#anvil"},"south":{"uv":[1.5,13.5,0,16],"texture":"#anvil"},"west":{"uv":[1.5,13.5,0,16],"texture":"#anvil"},"up":{"uv":[1.5,13.5,0,16],"texture":"#anvil"},"down":{"uv":[1.5,13.5,0,16],"texture":"#anvil"}}},{"from":[15.82408,-3.96296,22],"to":[17.82408,-2.96296,24],"rotation":{"angle":0,"axis":"y","origin":[7.32408,3.03704,21]},"faces":{"north":{"uv":[4,4,12,12],"texture":"#wielen inner"},"east":{"uv":[4,4,12,12],"texture":"#wielen inner"},"south":{"uv":[4,4,12,12],"texture":"#wielen inner"},"west":{"uv":[4,4,12,12],"texture":"#wielen inner"},"up":{"uv":[4,4,12,12],"texture":"#wielen inner"},"down":{"uv":[4,4,12,12],"texture":"#wielen inner"}}},{"from":[17.82408,-3.96296,22],"to":[18.32408,-2.96296,24],"rotation":{"angle":0,"axis":"y","origin":[7.32408,3.03704,21]},"faces":{"north":{"uv":[1.5,13.5,0,16],"texture":"#anvil"},"east":{"uv":[1.5,13.5,0,16],"texture":"#anvil"},"south":{"uv":[1.5,13.5,0,16],"texture":"#anvil"},"west":{"uv":[1.5,13.5,0,16],"texture":"#anvil"},"up":{"uv":[1.5,13.5,0,16],"texture":"#anvil"},"down":{"uv":[1.5,13.5,0,16],"texture":"#anvil"}}},{"from":[16.39494,7.87994,13.90399],"to":[17.33758,8.47994,14.50399],"rotation":{"angle":0,"axis":"z","origin":[17.01626,9.37994,14.20399]},"faces":{"north":{"uv":[0,0,0.5,0.5],"texture":"#2_anvil"},"east":{"uv":[0,0,0.5,0.5],"texture":"#2_anvil"},"south":{"uv":[0,0,0.5,0.5],"texture":"#2_anvil"},"west":{"uv":[0,0,0.5,0.5],"texture":"#2_anvil"},"up":{"uv":[0,0,0.5,0.5],"texture":"#2_anvil"},"down":{"uv":[0,0,0.5,0.5],"texture":"#2_anvil"}}},{"from":[16.39494,12.67994,13.90399],"to":[17.63758,13.27994,14.50399],"rotation":{"angle":45,"axis":"z","origin":[17.01626,11.77994,14.20399]},"faces":{"north":{"uv":[0,0,0.5,0.5],"texture":"#2_anvil"},"east":{"uv":[0,0,0.5,0.5],"texture":"#2_anvil"},"south":{"uv":[0,0,0.5,0.5],"texture":"#2_anvil"},"west":{"uv":[0,0,0.5,0.5],"texture":"#2_anvil"},"up":{"uv":[0,0,0.5,0.5],"texture":"#2_anvil"},"down":{"uv":[0,0,0.5,0.5],"texture":"#2_anvil"}}},{"from":[16.39494,12.67994,13.90399],"to":[17.33758,13.27994,14.50399],"rotation":{"angle":0,"axis":"z","origin":[17.01626,11.77994,14.20399]},"faces":{"north":{"uv":[0,0,0.5,0.5],"texture":"#2_anvil"},"east":{"uv":[0,0,0.5,0.5],"texture":"#2_anvil"},"south":{"uv":[0,0,0.5,0.5],"texture":"#2_anvil"},"west":{"uv":[0,0,0.5,0.5],"texture":"#2_anvil"},"up":{"uv":[0,0,0.5,0.5],"texture":"#2_anvil"},"down":{"uv":[0,0,0.5,0.5],"texture":"#2_anvil"}}},{"from":[17.29494,12.67994,13.90399],"to":[17.41258,13.27994,15.65399],"rotation":{"angle":0,"axis":"z","origin":[16.71626,11.77994,14.20399]},"faces":{"north":{"uv":[0,0,0.5,0.5],"texture":"#2_anvil"},"east":{"uv":[0,0,0.5,0.5],"texture":"#2_anvil"},"south":{"uv":[0,0,0.5,0.5],"texture":"#2_anvil"},"west":{"uv":[0,0,0.5,0.5],"texture":"#2_anvil"},"up":{"uv":[0,0,0.5,0.5],"texture":"#2_anvil"},"down":{"uv":[0,0,0.5,0.5],"texture":"#2_anvil"}}},{"from":[17.21994,12.90494,15.27899],"to":[17.29494,13.05494,15.42899],"rotation":{"angle":0,"axis":"z","origin":[16.71626,12.00494,14.37899]},"faces":{"north":{"uv":[0,0,0.5,0.5],"texture":"#stone_slab"},"east":{"uv":[0,0,0.5,0.5],"texture":"#stone_slab"},"south":{"uv":[0,0,0.5,0.5],"texture":"#stone_slab"},"west":{"uv":[0,0,0.5,0.5],"texture":"#stone_slab"},"up":{"uv":[0,0,0.5,0.5],"texture":"#stone_slab"},"down":{"uv":[0,0,0.5,0.5],"texture":"#stone_slab"}}},{"from":[17.21994,8.10494,12.97899],"to":[17.29494,8.25494,13.12899],"rotation":{"angle":0,"axis":"z","origin":[16.71626,7.20494,14.02899]},"faces":{"north":{"uv":[0.5,0,0,0.5],"texture":"#stone_slab"},"east":{"uv":[0.5,0,0,0.5],"texture":"#stone_slab"},"south":{"uv":[0.5,0,0,0.5],"texture":"#stone_slab"},"west":{"uv":[0.5,0,0,0.5],"texture":"#stone_slab"},"up":{"uv":[0,0.5,0.5,0],"texture":"#stone_slab"},"down":{"uv":[0,0.5,0.5,0],"texture":"#stone_slab"}}},{"from":[17.29494,7.87994,12.75399],"to":[17.91258,8.47994,14.50399],"rotation":{"angle":0,"axis":"z","origin":[16.71626,6.97994,13.30399]},"faces":{"north":{"uv":[0,0,0.5,0.5],"texture":"#2_anvil"},"east":{"uv":[0,0,0.5,0.5],"texture":"#2_anvil"},"south":{"uv":[0,0,0.5,0.5],"texture":"#2_anvil"},"west":{"uv":[0,0,0.5,0.5],"texture":"#2_anvil"},"up":{"uv":[0,0,0.5,0.5],"texture":"#2_anvil"},"down":{"uv":[0,0,0.5,0.5],"texture":"#2_anvil"}}},{"from":[15.51626,8.75862,13.90399],"to":[16.11626,10.00126,14.50399],"rotation":{"angle":45,"axis":"z","origin":[17.01626,9.37994,14.20399]},"faces":{"north":{"uv":[0,0,0.5,0.5],"texture":"#2_anvil"},"east":{"uv":[0,0,0.5,0.5],"texture":"#2_anvil"},"south":{"uv":[0,0,0.5,0.5],"texture":"#2_anvil"},"west":{"uv":[0,0,0.5,0.5],"texture":"#2_anvil"},"up":{"uv":[0,0,0.5,0.5],"texture":"#2_anvil"},"down":{"uv":[0,0,0.5,0.5],"texture":"#2_anvil"}}},{"from":[15.51626,8.75862,13.90399],"to":[16.11626,12.40126,14.50399],"rotation":{"angle":0,"axis":"z","origin":[17.01626,9.37994,14.20399]},"faces":{"north":{"uv":[0,0,0.5,0.5],"texture":"#2_anvil"},"east":{"uv":[0,0,0.5,0.5],"texture":"#2_anvil"},"south":{"uv":[0,0,0.5,0.5],"texture":"#2_anvil"},"west":{"uv":[0,0,0.5,0.5],"texture":"#2_anvil"},"up":{"uv":[0,0,0.5,0.5],"texture":"#2_anvil"},"down":{"uv":[0,0,0.5,0.5],"texture":"#2_anvil"}}},{"from":[-1.33758,7.87994,13.90399],"to":[-0.39494,8.47994,14.50399],"rotation":{"angle":0,"axis":"z","origin":[-1.01626,9.37994,14.20399]},"faces":{"north":{"uv":[0.5,0,0,0.5],"texture":"#2_anvil"},"east":{"uv":[0.5,0,0,0.5],"texture":"#2_anvil"},"south":{"uv":[0.5,0,0,0.5],"texture":"#2_anvil"},"west":{"uv":[0.5,0,0,0.5],"texture":"#2_anvil"},"up":{"uv":[0.5,0,0,0.5],"texture":"#2_anvil"},"down":{"uv":[0.5,0,0,0.5],"texture":"#2_anvil"}}},{"from":[-1.63758,12.67994,13.90399],"to":[-0.39494,13.27994,14.50399],"rotation":{"angle":-45,"axis":"z","origin":[-1.01626,11.77994,14.20399]},"faces":{"north":{"uv":[0.5,0,0,0.5],"texture":"#2_anvil"},"east":{"uv":[0.5,0,0,0.5],"texture":"#2_anvil"},"south":{"uv":[0.5,0,0,0.5],"texture":"#2_anvil"},"west":{"uv":[0.5,0,0,0.5],"texture":"#2_anvil"},"up":{"uv":[0.5,0,0,0.5],"texture":"#2_anvil"},"down":{"uv":[0.5,0,0,0.5],"texture":"#2_anvil"}}},{"from":[-1.33758,12.67994,13.90399],"to":[-0.39494,13.27994,14.50399],"rotation":{"angle":0,"axis":"z","origin":[-1.01626,11.77994,14.20399]},"faces":{"north":{"uv":[0.5,0,0,0.5],"texture":"#2_anvil"},"east":{"uv":[0.5,0,0,0.5],"texture":"#2_anvil"},"south":{"uv":[0.5,0,0,0.5],"texture":"#2_anvil"},"west":{"uv":[0.5,0,0,0.5],"texture":"#2_anvil"},"up":{"uv":[0.5,0,0,0.5],"texture":"#2_anvil"},"down":{"uv":[0.5,0,0,0.5],"texture":"#2_anvil"}}},{"from":[-1.41258,12.67994,13.90399],"to":[-1.29494,13.27994,15.65399],"rotation":{"angle":0,"axis":"z","origin":[-0.71626,11.77994,14.20399]},"faces":{"north":{"uv":[0.5,0,0,0.5],"texture":"#2_anvil"},"east":{"uv":[0.5,0,0,0.5],"texture":"#2_anvil"},"south":{"uv":[0.5,0,0,0.5],"texture":"#2_anvil"},"west":{"uv":[0.5,0,0,0.5],"texture":"#2_anvil"},"up":{"uv":[0.5,0,0,0.5],"texture":"#2_anvil"},"down":{"uv":[0.5,0,0,0.5],"texture":"#2_anvil"}}},{"from":[-1.29494,12.90494,15.27899],"to":[-1.21994,13.05494,15.42899],"rotation":{"angle":0,"axis":"z","origin":[-0.71626,12.00494,14.37899]},"faces":{"north":{"uv":[0.5,0,0,0.5],"texture":"#stone_slab"},"east":{"uv":[0.5,0,0,0.5],"texture":"#stone_slab"},"south":{"uv":[0.5,0,0,0.5],"texture":"#stone_slab"},"west":{"uv":[0.5,0,0,0.5],"texture":"#stone_slab"},"up":{"uv":[0.5,0,0,0.5],"texture":"#stone_slab"},"down":{"uv":[0.5,0,0,0.5],"texture":"#stone_slab"}}},{"from":[-1.29494,8.10494,12.97899],"to":[-1.21994,8.25494,13.12899],"rotation":{"angle":0,"axis":"z","origin":[-0.71626,7.20494,14.02899]},"faces":{"north":{"uv":[0,0,0.5,0.5],"texture":"#stone_slab"},"east":{"uv":[0,0,0.5,0.5],"texture":"#stone_slab"},"south":{"uv":[0,0,0.5,0.5],"texture":"#stone_slab"},"west":{"uv":[0,0,0.5,0.5],"texture":"#stone_slab"},"up":{"uv":[0.5,0.5,0,0],"texture":"#stone_slab"},"down":{"uv":[0.5,0.5,0,0],"texture":"#stone_slab"}}},{"from":[-1.91258,7.87994,12.75399],"to":[-1.29494,8.47994,14.50399],"rotation":{"angle":0,"axis":"z","origin":[-0.71626,6.97994,13.30399]},"faces":{"north":{"uv":[0.5,0,0,0.5],"texture":"#2_anvil"},"east":{"uv":[0.5,0,0,0.5],"texture":"#2_anvil"},"south":{"uv":[0.5,0,0,0.5],"texture":"#2_anvil"},"west":{"uv":[0.5,0,0,0.5],"texture":"#2_anvil"},"up":{"uv":[0.5,0,0,0.5],"texture":"#2_anvil"},"down":{"uv":[0.5,0,0,0.5],"texture":"#2_anvil"}}},{"from":[-0.11626,8.75862,13.90399],"to":[0.48374,10.00126,14.50399],"rotation":{"angle":-45,"axis":"z","origin":[-1.01626,9.37994,14.20399]},"faces":{"north":{"uv":[0.5,0,0,0.5],"texture":"#2_anvil"},"east":{"uv":[0.5,0,0,0.5],"texture":"#2_anvil"},"south":{"uv":[0.5,0,0,0.5],"texture":"#2_anvil"},"west":{"uv":[0.5,0,0,0.5],"texture":"#2_anvil"},"up":{"uv":[0.5,0,0,0.5],"texture":"#2_anvil"},"down":{"uv":[0.5,0,0,0.5],"texture":"#2_anvil"}}},{"from":[-0.11626,8.75862,13.90399],"to":[0.48374,12.40126,14.50399],"rotation":{"angle":0,"axis":"z","origin":[-1.01626,9.37994,14.20399]},"faces":{"north":{"uv":[0.5,0,0,0.5],"texture":"#2_anvil"},"east":{"uv":[0.5,0,0,0.5],"texture":"#2_anvil"},"south":{"uv":[0.5,0,0,0.5],"texture":"#2_anvil"},"west":{"uv":[0.5,0,0,0.5],"texture":"#2_anvil"},"up":{"uv":[0.5,0,0,0.5],"texture":"#2_anvil"},"down":{"uv":[0.5,0,0,0.5],"texture":"#2_anvil"}}},{"from":[7.82933,5.75989,-10],"to":[8.17067,7.47589,-9.75],"rotation":{"angle":-45,"axis":"z","origin":[8,6.61789,-10.75]},"faces":{"north":{"uv":[0,0,0.5,0.5],"texture":"#2_anvil"},"east":{"uv":[0,0,0.5,0.5],"texture":"#2_anvil"},"south":{"uv":[0,0,0.5,0.5],"texture":"#2_anvil"},"west":{"uv":[0,0,0.5,0.5],"texture":"#2_anvil"},"up":{"uv":[0,0,0.5,0.5],"texture":"#2_anvil"},"down":{"uv":[0,0,0.5,0.5],"texture":"#2_anvil"}}},{"from":[7.82933,5.75989,-10],"to":[8.17067,7.47589,-9.75],"rotation":{"angle":-22.5,"axis":"z","origin":[8,6.61789,-10.75]},"faces":{"north":{"uv":[0,0,0.5,0.5],"texture":"#2_anvil"},"east":{"uv":[0,0,0.5,0.5],"texture":"#2_anvil"},"south":{"uv":[0,0,0.5,0.5],"texture":"#2_anvil"},"west":{"uv":[0,0,0.5,0.5],"texture":"#2_anvil"},"up":{"uv":[0,0,0.5,0.5],"texture":"#2_anvil"},"down":{"uv":[0,0,0.5,0.5],"texture":"#2_anvil"}}},{"from":[7.82933,5.75989,-10],"to":[8.17067,7.47589,-9.75],"rotation":{"angle":0,"axis":"z","origin":[8,6.61789,-10.75]},"faces":{"north":{"uv":[0,0,0.5,0.5],"texture":"#2_anvil"},"east":{"uv":[0,0,0.5,0.5],"texture":"#2_anvil"},"south":{"uv":[0,0,0.5,0.5],"texture":"#2_anvil"},"west":{"uv":[0,0,0.5,0.5],"texture":"#2_anvil"},"up":{"uv":[0,0,0.5,0.5],"texture":"#2_anvil"},"down":{"uv":[0,0,0.5,0.5],"texture":"#2_anvil"}}},{"from":[7.82933,5.75989,-10],"to":[8.17067,7.47589,-9.75],"rotation":{"angle":22.5,"axis":"z","origin":[8,6.61789,-10.75]},"faces":{"north":{"uv":[0,0,0.5,0.5],"texture":"#2_anvil"},"east":{"uv":[0,0,0.5,0.5],"texture":"#2_anvil"},"south":{"uv":[0,0,0.5,0.5],"texture":"#2_anvil"},"west":{"uv":[0,0,0.5,0.5],"texture":"#2_anvil"},"up":{"uv":[0,0,0.5,0.5],"texture":"#2_anvil"},"down":{"uv":[0,0,0.5,0.5],"texture":"#2_anvil"}}},{"from":[7.82933,5.75989,-10],"to":[8.17067,7.47589,-9.75],"rotation":{"angle":45,"axis":"z","origin":[8,6.61789,-10.75]},"faces":{"north":{"uv":[0,0,0.5,0.5],"texture":"#2_anvil"},"east":{"uv":[0,0,0.5,0.5],"texture":"#2_anvil"},"south":{"uv":[0,0,0.5,0.5],"texture":"#2_anvil"},"west":{"uv":[0,0,0.5,0.5],"texture":"#2_anvil"},"up":{"uv":[0,0,0.5,0.5],"texture":"#2_anvil"},"down":{"uv":[0,0,0.5,0.5],"texture":"#2_anvil"}}},{"from":[7.142,6.44723,-10],"to":[8.858,6.78856,-9.75],"rotation":{"angle":-22.5,"axis":"z","origin":[8,6.61789,-10.75]},"faces":{"north":{"uv":[0,0,0.5,0.5],"texture":"#2_anvil"},"east":{"uv":[0,0,0.5,0.5],"texture":"#2_anvil"},"south":{"uv":[0,0,0.5,0.5],"texture":"#2_anvil"},"west":{"uv":[0,0,0.5,0.5],"texture":"#2_anvil"},"up":{"uv":[0,0,0.5,0.5],"texture":"#2_anvil"},"down":{"uv":[0,0,0.5,0.5],"texture":"#2_anvil"}}},{"from":[7.142,6.44723,-10],"to":[8.858,6.78856,-9.75],"rotation":{"angle":0,"axis":"z","origin":[8,6.61789,-10.75]},"faces":{"north":{"uv":[0,0,0.5,0.5],"texture":"#2_anvil"},"east":{"uv":[0,0,0.5,0.5],"texture":"#2_anvil"},"south":{"uv":[0,0,0.5,0.5],"texture":"#2_anvil"},"west":{"uv":[0,0,0.5,0.5],"texture":"#2_anvil"},"up":{"uv":[0,0,0.5,0.5],"texture":"#2_anvil"},"down":{"uv":[0,0,0.5,0.5],"texture":"#2_anvil"}}},{"from":[7.142,6.44723,-10],"to":[8.858,6.78856,-9.75],"rotation":{"angle":22.5,"axis":"z","origin":[8,6.61789,-10.75]},"faces":{"north":{"uv":[0,0,0.5,0.5],"texture":"#2_anvil"},"east":{"uv":[0,0,0.5,0.5],"texture":"#2_anvil"},"south":{"uv":[0,0,0.5,0.5],"texture":"#2_anvil"},"west":{"uv":[0,0,0.5,0.5],"texture":"#2_anvil"},"up":{"uv":[0,0,0.5,0.5],"texture":"#2_anvil"},"down":{"uv":[0,0,0.5,0.5],"texture":"#2_anvil"}}},{"from":[7.5479,3.57949,-10],"to":[8.6039,5.40109,-9.75],"rotation":{"angle":-22.5,"axis":"z","origin":[8,6.61549,-10.75]},"faces":{"north":{"uv":[0,0,0.5,0.5],"texture":"#2_anvil"},"east":{"uv":[0,0,0.5,0.5],"texture":"#2_anvil"},"south":{"uv":[0,0,0.5,0.5],"texture":"#2_anvil"},"west":{"uv":[0,0,0.5,0.5],"texture":"#2_anvil"},"up":{"uv":[0,0,0.5,0.5],"texture":"#2_anvil"},"down":{"uv":[0,0,0.5,0.5],"texture":"#2_anvil"}}},{"from":[7.3961,3.57949,-10],"to":[8.6039,5.40109,-9.75],"rotation":{"angle":0,"axis":"z","origin":[8,6.61549,-10.75]},"faces":{"north":{"uv":[0,0,0.5,0.5],"texture":"#2_anvil"},"east":{"uv":[0,0,0.5,0.5],"texture":"#2_anvil"},"south":{"uv":[0,0,0.5,0.5],"texture":"#2_anvil"},"west":{"uv":[0,0,0.5,0.5],"texture":"#2_anvil"},"up":{"uv":[0,0,0.5,0.5],"texture":"#2_anvil"},"down":{"uv":[0,0,0.5,0.5],"texture":"#2_anvil"}}},{"from":[7.3961,3.57949,-10],"to":[8.4521,5.40109,-9.75],"rotation":{"angle":22.5,"axis":"z","origin":[8,6.61549,-10.75]},"faces":{"north":{"uv":[0,0,0.5,0.5],"texture":"#2_anvil"},"east":{"uv":[0,0,0.5,0.5],"texture":"#2_anvil"},"south":{"uv":[0,0,0.5,0.5],"texture":"#2_anvil"},"west":{"uv":[0,0,0.5,0.5],"texture":"#2_anvil"},"up":{"uv":[0,0,0.5,0.5],"texture":"#2_anvil"},"down":{"uv":[0,0,0.5,0.5],"texture":"#2_anvil"}}},{"from":[7.6997,7.82989,-10],"to":[8.6039,9.65149,-9.75],"rotation":{"angle":-45,"axis":"z","origin":[8,6.61549,-10.75]},"faces":{"north":{"uv":[0,0,0.5,0.5],"texture":"#2_anvil"},"east":{"uv":[0,0,0.5,0.5],"texture":"#2_anvil"},"south":{"uv":[0,0,0.5,0.5],"texture":"#2_anvil"},"west":{"uv":[0,0,0.5,0.5],"texture":"#2_anvil"},"up":{"uv":[0,0,0.5,0.5],"texture":"#2_anvil"},"down":{"uv":[0,0,0.5,0.5],"texture":"#2_anvil"}}},{"from":[7.3961,8.74069,-10],"to":[8.6039,9.65149,-9.75],"rotation":{"angle":-45,"axis":"z","origin":[8,6.61549,-10.75]},"faces":{"north":{"uv":[0,0,0.5,0.5],"texture":"#2_anvil"},"east":{"uv":[0,0,0.5,0.5],"texture":"#2_anvil"},"south":{"uv":[0,0,0.5,0.5],"texture":"#2_anvil"},"west":{"uv":[0,0,0.5,0.5],"texture":"#2_anvil"},"up":{"uv":[0,0,0.5,0.5],"texture":"#2_anvil"},"down":{"uv":[0,0,0.5,0.5],"texture":"#2_anvil"}}},{"from":[8.0033,7.82989,-10],"to":[8.6039,9.65149,-9.75],"rotation":{"angle":-22.5,"axis":"z","origin":[8,6.61549,-10.75]},"faces":{"north":{"uv":[0,0,0.5,0.5],"texture":"#2_anvil"},"east":{"uv":[0,0,0.5,0.5],"texture":"#2_anvil"},"south":{"uv":[0,0,0.5,0.5],"texture":"#2_anvil"},"west":{"uv":[0,0,0.5,0.5],"texture":"#2_anvil"},"up":{"uv":[0,0,0.5,0.5],"texture":"#2_anvil"},"down":{"uv":[0,0,0.5,0.5],"texture":"#2_anvil"}}},{"from":[7.3961,7.82989,-10],"to":[7.9967,9.65149,-9.75],"rotation":{"angle":22.5,"axis":"z","origin":[8,6.61549,-10.75]},"faces":{"north":{"uv":[0,0,0.5,0.5],"texture":"#2_anvil"},"east":{"uv":[0,0,0.5,0.5],"texture":"#2_anvil"},"south":{"uv":[0,0,0.5,0.5],"texture":"#2_anvil"},"west":{"uv":[0,0,0.5,0.5],"texture":"#2_anvil"},"up":{"uv":[0,0,0.5,0.5],"texture":"#2_anvil"},"down":{"uv":[0,0,0.5,0.5],"texture":"#2_anvil"}}},{"from":[7.3961,7.82989,-10],"to":[8.3003,9.65149,-9.75],"rotation":{"angle":45,"axis":"z","origin":[8,6.61549,-10.75]},"faces":{"north":{"uv":[0,0,0.5,0.5],"texture":"#2_anvil"},"east":{"uv":[0,0,0.5,0.5],"texture":"#2_anvil"},"south":{"uv":[0,0,0.5,0.5],"texture":"#2_anvil"},"west":{"uv":[0,0,0.5,0.5],"texture":"#2_anvil"},"up":{"uv":[0,0,0.5,0.5],"texture":"#2_anvil"},"down":{"uv":[0,0,0.5,0.5],"texture":"#2_anvil"}}},{"from":[7.3961,8.74069,-10],"to":[8.6039,9.65149,-9.75],"rotation":{"angle":45,"axis":"z","origin":[8,6.61549,-10.75]},"faces":{"north":{"uv":[0,0,0.5,0.5],"texture":"#2_anvil"},"east":{"uv":[0,0,0.5,0.5],"texture":"#2_anvil"},"south":{"uv":[0,0,0.5,0.5],"texture":"#2_anvil"},"west":{"uv":[0,0,0.5,0.5],"texture":"#2_anvil"},"up":{"uv":[0,0,0.5,0.5],"texture":"#2_anvil"},"down":{"uv":[0,0,0.5,0.5],"texture":"#2_anvil"}}},{"from":[4.964,6.0116,-10],"to":[6.7856,7.21939,-9.75],"rotation":{"angle":-22.5,"axis":"z","origin":[8,6.61549,-10.75]},"faces":{"north":{"uv":[0,0,0.5,0.5],"texture":"#2_anvil"},"east":{"uv":[0,0,0.5,0.5],"texture":"#2_anvil"},"south":{"uv":[0,0,0.5,0.5],"texture":"#2_anvil"},"west":{"uv":[0,0,0.5,0.5],"texture":"#2_anvil"},"up":{"uv":[0,0,0.5,0.5],"texture":"#2_anvil"},"down":{"uv":[0,0,0.5,0.5],"texture":"#2_anvil"}}},{"from":[9.2144,6.0116,-10],"to":[11.036,7.21939,-9.75],"rotation":{"angle":22.5,"axis":"z","origin":[8,6.61549,-10.75]},"faces":{"north":{"uv":[0,0,0.5,0.5],"texture":"#2_anvil"},"east":{"uv":[0,0,0.5,0.5],"texture":"#2_anvil"},"south":{"uv":[0,0,0.5,0.5],"texture":"#2_anvil"},"west":{"uv":[0,0,0.5,0.5],"texture":"#2_anvil"},"up":{"uv":[0,0,0.5,0.5],"texture":"#2_anvil"},"down":{"uv":[0,0,0.5,0.5],"texture":"#2_anvil"}}},{"from":[2.25,2.4766,12.30531],"to":[13.75,4.7806,22.82531],"rotation":{"angle":0,"axis":"y","origin":[-0.054,7.0846,-4.82269]},"faces":{"north":{"uv":[0,0,4.5,1],"texture":"#2_anvil"},"east":{"uv":[0,0,5,1],"texture":"#2_anvil"},"south":{"uv":[0,0,4.5,1],"texture":"#2_anvil"},"west":{"uv":[0,0,5,1],"texture":"#2_anvil"},"up":{"uv":[0,0,4.5,5],"texture":"#2_anvil"},"down":{"uv":[0,0,4.5,5],"texture":"#2_anvil"}}},{"from":[-2,2.2266,11.80531],"to":[18,4.5306,23.32531],"rotation":{"angle":0,"axis":"y","origin":[-0.304,6.8346,-4.82269]},"faces":{"north":{"uv":[0,0,16,2.304],"texture":"#4"},"east":{"uv":[0,0,5,1],"texture":"#4"},"south":{"uv":[0,0,4.5,1],"texture":"#4"},"west":{"uv":[0,0,5,1],"texture":"#4"},"up":{"uv":[0,0,16,11.52],"texture":"#4"},"down":{"uv":[0,0,16,11.52],"texture":"#4"}}},{"from":[15.75,4.5306,12.80531],"to":[16.75,9.5,24.32531],"rotation":{"angle":-22.5,"axis":"y","origin":[16.23156,6.982,18.58011]},"faces":{"north":{"uv":[4.5,0,0,1],"texture":"#4"},"east":{"uv":[5,0,0,1],"texture":"#4"},"south":{"uv":[4.5,0,0,1],"texture":"#4"},"west":{"uv":[11.52,0,0,4.9694],"texture":"#4"},"up":{"uv":[1,0,0,11.52],"texture":"#4"},"down":{"uv":[4.5,0,0,5],"texture":"#4"}}},{"from":[16.75,9,15.05531],"to":[17.75,9.5,23.32531],"rotation":{"angle":-22.5,"axis":"y","origin":[16.23156,6.982,18.58011]},"faces":{"north":{"uv":[4.5,0,0,1],"texture":"#4"},"east":{"uv":[5,0,0,1],"texture":"#4"},"south":{"uv":[4.5,0,0,1],"texture":"#4"},"west":{"uv":[5,0,0,1],"texture":"#4"},"up":{"uv":[1,0,0,8.27],"texture":"#4"},"down":{"uv":[4.5,0,0,5],"texture":"#4"}}},{"from":[17.75,9,17.55531],"to":[18.75,9.5,23.07531],"rotation":{"angle":-22.5,"axis":"y","origin":[16.23156,6.982,18.58011]},"faces":{"north":{"uv":[4.5,0,0,1],"texture":"#4"},"east":{"uv":[5,0,0,1],"texture":"#4"},"south":{"uv":[4.5,0,0,1],"texture":"#4"},"west":{"uv":[5,0,0,1],"texture":"#4"},"up":{"uv":[1,0,0,5.52],"texture":"#4"},"down":{"uv":[4.5,0,0,5],"texture":"#4"}}},{"from":[18.75,9,20.05531],"to":[19.75,9.5,22.57531],"rotation":{"angle":-22.5,"axis":"y","origin":[16.23156,6.982,18.58011]},"faces":{"north":{"uv":[4.5,0,0,1],"texture":"#4"},"east":{"uv":[5,0,0,1],"texture":"#4"},"south":{"uv":[4.5,0,0,1],"texture":"#4"},"west":{"uv":[5,0,0,1],"texture":"#4"},"up":{"uv":[1,0,0,2.52],"texture":"#4"},"down":{"uv":[4.5,0,0,5],"texture":"#4"}}},{"from":[-0.75,4.5306,12.80531],"to":[0.25,9.5,24.32531],"rotation":{"angle":22.5,"axis":"y","origin":[-0.23156,6.982,18.58011]},"faces":{"north":{"uv":[0,0,4.5,1],"texture":"#4"},"east":{"uv":[0,0,11.52,4.9694],"texture":"#4"},"south":{"uv":[0,0,4.5,1],"texture":"#4"},"west":{"uv":[0,0,5,1],"texture":"#4"},"up":{"uv":[0,0,1,11.52],"texture":"#4"},"down":{"uv":[0,0,4.5,5],"texture":"#4"}}},{"from":[-2.75,9,17.55531],"to":[-1.75,9.5,23.07531],"rotation":{"angle":22.5,"axis":"y","origin":[-0.23156,6.982,18.58011]},"faces":{"north":{"uv":[0,0,4.5,1],"texture":"#4"},"east":{"uv":[0,0,5,1],"texture":"#4"},"south":{"uv":[0,0,4.5,1],"texture":"#4"},"west":{"uv":[0,0,5,1],"texture":"#4"},"up":{"uv":[0,0,1,5.52],"texture":"#4"},"down":{"uv":[0,0,4.5,5],"texture":"#4"}}},{"from":[-1.75,9,15.05531],"to":[-0.75,9.5,23.32531],"rotation":{"angle":22.5,"axis":"y","origin":[-0.23156,6.982,18.58011]},"faces":{"north":{"uv":[0,0,4.5,1],"texture":"#4"},"east":{"uv":[0,0,5,1],"texture":"#4"},"south":{"uv":[0,0,4.5,1],"texture":"#4"},"west":{"uv":[0,0,5,1],"texture":"#4"},"up":{"uv":[0,0,1,8.27],"texture":"#4"},"down":{"uv":[0,0,4.5,5],"texture":"#4"}}},{"from":[-3.75,9,20.05531],"to":[-2.75,9.5,22.57531],"rotation":{"angle":22.5,"axis":"y","origin":[-0.23156,6.982,18.58011]},"faces":{"north":{"uv":[0,0,4.5,1],"texture":"#4"},"east":{"uv":[0,0,5,1],"texture":"#4"},"south":{"uv":[0,0,4.5,1],"texture":"#4"},"west":{"uv":[0,0,5,1],"texture":"#4"},"up":{"uv":[0,0,1,2.52],"texture":"#4"},"down":{"uv":[0,0,4.5,5],"texture":"#4"}}},{"from":[6,2.4766,5.30531],"to":[10,4.7806,12.32531],"rotation":{"angle":0,"axis":"y","origin":[3.696,7.0846,-15.32269]},"faces":{"north":{"uv":[0,0,4.5,1],"texture":"#2_anvil"},"east":{"uv":[0,0,5,1],"texture":"#2_anvil"},"south":{"uv":[0,0,4.5,1],"texture":"#2_anvil"},"west":{"uv":[0,0,5,1],"texture":"#2_anvil"},"up":{"uv":[0,0,4.5,5],"texture":"#2_anvil"},"down":{"uv":[0,0,4.5,5],"texture":"#2_anvil"}}},{"from":[5.5,2.4766,4.80531],"to":[10.5,4.5306,11.82531],"rotation":{"angle":0,"axis":"y","origin":[3.696,7.0846,-15.32269]},"faces":{"north":{"uv":[0,0,5,2.054],"texture":"#4"},"east":{"uv":[0,0,7.02,2.054],"texture":"#4"},"south":{"uv":[0,0,5,2.054],"texture":"#4"},"west":{"uv":[0,0,7.02,2.054],"texture":"#4"},"up":{"uv":[0,0,5,7.02],"texture":"#4"},"down":{"uv":[0,0,5,7.02],"texture":"#4"}}},{"from":[2.47062,6.45822,22.77441],"to":[13.55862,13.87422,24.47841],"rotation":{"angle":0,"axis":"y","origin":[0.52662,7.61022,-4.32159]},"faces":{"north":{"uv":[0,0,4.5,4],"texture":"#2_anvil"},"east":{"uv":[0,0,1,4],"texture":"#2_anvil"},"south":{"uv":[0,0,4.5,4],"texture":"#2_anvil"},"west":{"uv":[0,0,1,4],"texture":"#2_anvil"},"up":{"uv":[0,0,4.5,1],"texture":"#2_anvil"},"down":{"uv":[0,0,4.5,1],"texture":"#2_anvil"}}},{"from":[5.10446,13.348,22.77482],"to":[7.76846,20.26,24.47882],"rotation":{"angle":-22.5,"axis":"z","origin":[5.10446,20.26,22.17482]},"faces":{"north":{"uv":[0,0,1.85,4.8],"texture":"#2_anvil"},"east":{"uv":[0,0,1,3],"texture":"#2_anvil"},"south":{"uv":[0,0,1.85,4.8],"texture":"#2_anvil"},"west":{"uv":[0,0,1.6,4.8],"texture":"#2_anvil"},"up":{"uv":[0,0,1,1],"texture":"#2_anvil"},"down":{"uv":[0,0,1,1],"texture":"#2_anvil"}}},{"from":[8.26077,13.348,22.77482],"to":[10.92477,20.26,24.47882],"rotation":{"angle":22.5,"axis":"z","origin":[10.92477,20.26,22.17482]},"faces":{"north":{"uv":[1.85,0,0,4.8],"texture":"#2_anvil"},"east":{"uv":[1.6,0,0,4.8],"texture":"#2_anvil"},"south":{"uv":[1.85,0,0,4.8],"texture":"#2_anvil"},"west":{"uv":[1,0,0,3],"texture":"#2_anvil"},"up":{"uv":[1,0,0,1],"texture":"#2_anvil"},"down":{"uv":[1,0,0,1],"texture":"#2_anvil"}}},{"from":[5.10539,13.6366,22.77331],"to":[10.86539,20.2606,24.47731],"rotation":{"angle":0,"axis":"y","origin":[0.49739,5.2846,-4.32269]},"faces":{"north":{"uv":[0,0,4,4.6],"texture":"#2_anvil"},"east":{"uv":[0,0,1.6,4.6],"texture":"#2_anvil"},"south":{"uv":[0,0,4,4.6],"texture":"#2_anvil"},"west":{"uv":[0,0,1.6,4.6],"texture":"#2_anvil"},"up":{"uv":[0,0,4,1.6],"texture":"#2_anvil"},"down":{"uv":[0,0,5.42,6.231],"texture":"#2_anvil"}}},{"from":[5.10538,19.03659,24.47732],"to":[10.86538,20.26059,26.38132],"rotation":{"angle":0,"axis":"y","origin":[0.49738,5.28459,-2.61868]},"faces":{"north":{"uv":[0,0,4,4.6],"texture":"#2_anvil"},"east":{"uv":[0,0,1.6,4.6],"texture":"#2_anvil"},"south":{"uv":[0,0,5.76,1.224],"texture":"#2_anvil"},"west":{"uv":[0,0,1.6,4.6],"texture":"#2_anvil"},"up":{"uv":[3,4,8.76,5.904],"texture":"#2_anvil"},"down":{"uv":[0,0,5.42,6.231],"texture":"#2_anvil"}}},{"from":[9,-1,-2.5],"to":[9.5,2,5],"rotation":{"angle":0,"axis":"y","origin":[8,6,3]},"faces":{"north":{"uv":[1.5,11,2,14],"texture":"#remmen"},"east":{"uv":[2.5,8.5,14.499,14.499],"texture":"#remmen"},"south":{"uv":[1.5,11,2,14],"texture":"#remmen"},"west":{"uv":[1.5,8.5,13.499,14.499],"texture":"#remmen"},"up":{"uv":[15,2.5,15.5,16],"texture":"#remmen"},"down":{"uv":[15,2.5,15.5,16],"texture":"#remmen"}}},{"from":[9,-1,5],"to":[9.5,2,8.5],"rotation":{"angle":0,"axis":"y","origin":[8,6,7]},"faces":{"north":{"uv":[2,11,1.5,14],"texture":"#remmen"},"east":{"uv":[2.5,8.5,9.498,14.498],"texture":"#remmen"},"south":{"uv":[2,11,1.5,14],"texture":"#remmen"},"west":{"uv":[5.5,8.5,12.5,14.499],"texture":"#remmen"},"up":{"uv":[15,16,15.5,2.5],"texture":"#remmen"},"down":{"uv":[15,16,15.5,2.5],"texture":"#remmen"}}},{"from":[9,-1,8.5],"to":[9.5,2,16],"rotation":{"angle":0,"axis":"y","origin":[8,6,10.5]},"faces":{"north":{"uv":[2,11,1.5,14],"texture":"#remmen"},"east":{"uv":[1.5,8.5,13.499,14.499],"texture":"#remmen"},"south":{"uv":[2,11,1.5,14],"texture":"#remmen"},"west":{"uv":[2.5,8.5,14.499,14.499],"texture":"#remmen"},"up":{"uv":[15,16,15.5,2.5],"texture":"#remmen"},"down":{"uv":[15,16,15.5,2.5],"texture":"#remmen"}}},{"from":[6.5,-1,-2.5],"to":[7,2,5],"rotation":{"angle":0,"axis":"y","origin":[8,6,3]},"faces":{"north":{"uv":[1.5,11,2,14],"texture":"#remmen"},"east":{"uv":[2,9,14.998,14.999],"texture":"#remmen"},"south":{"uv":[1.5,11,2,14],"texture":"#remmen"},"west":{"uv":[1.5,8.5,13.499,14.499],"texture":"#remmen"},"up":{"uv":[15,2.5,15.5,16],"texture":"#remmen"},"down":{"uv":[15,2.5,15.5,16],"texture":"#remmen"}}},{"from":[6.5,-1,5],"to":[7,2,8.5],"rotation":{"angle":0,"axis":"y","origin":[8,6,7]},"faces":{"north":{"uv":[2,11,1.5,14],"texture":"#remmen"},"east":{"uv":[6,9,13,14.999],"texture":"#remmen"},"south":{"uv":[2,11,1.5,14],"texture":"#remmen"},"west":{"uv":[5.5,8.5,12.5,14.499],"texture":"#remmen"},"up":{"uv":[15,16,15.5,2.5],"texture":"#remmen"},"down":{"uv":[15,16,15.5,2.5],"texture":"#remmen"}}},{"from":[6.5,-1,8.5],"to":[7,2,16],"rotation":{"angle":0,"axis":"y","origin":[8,6,10.5]},"faces":{"north":{"uv":[2,11,1.5,14],"texture":"#remmen"},"east":{"uv":[1,9,13.998,14.999],"texture":"#remmen"},"south":{"uv":[2,11,1.5,14],"texture":"#remmen"},"west":{"uv":[2.5,8.5,14.499,14.499],"texture":"#remmen"},"up":{"uv":[15,16,15.5,2.5],"texture":"#remmen"},"down":{"uv":[15,16,15.5,2.5],"texture":"#remmen"}}},{"from":[-2,3.10601,-9.9312],"to":[18,9.60601,-8.4312],"rotation":{"angle":0,"axis":"y","origin":[26,22.60601,6.0688]},"faces":{"north":{"uv":[0,7,16,15],"texture":"#3"},"east":{"uv":[0,0,0.5,3],"texture":"#3"},"south":{"uv":[0,0,9,3],"texture":"#3"},"west":{"uv":[0,0,0.5,3],"texture":"#3"},"up":{"uv":[0,0,9,0.5],"texture":"#3"},"down":{"uv":[0,0,9,0.5],"texture":"#3"}}},{"from":[-2,1.60601,-6.9312],"to":[18,10.85601,-5.4312],"rotation":{"angle":-22.5,"axis":"x","origin":[8,6.35601,-6.1812]},"faces":{"north":{"uv":[0,0,16,5],"texture":"#3"},"east":{"uv":[0,0,0.5,3],"texture":"#3"},"south":{"uv":[0,6,16,15.25],"texture":"#4"},"west":{"uv":[0,0,0.5,3],"texture":"#3"},"up":{"uv":[0,0,9,0.5],"texture":"#3"},"down":{"uv":[0,0,9,0.5],"texture":"#3"}}},{"from":[-2,8.95956,-9.87054],"to":[18,10.45956,-5.87054],"rotation":{"angle":-45,"axis":"x","origin":[10.5,9.95956,-8.87054]},"faces":{"north":{"uv":[0,0,9,0.5],"rotation":180,"texture":"#3"},"east":{"uv":[0,0,0.5,2],"rotation":270,"texture":"#3"},"south":{"uv":[0,0,9,0.5],"texture":"#3"},"west":{"uv":[0,0,0.5,2],"rotation":90,"texture":"#3"},"up":{"uv":[0,6,16,11],"rotation":180,"texture":"#3"},"down":{"uv":[0,0,16,4],"texture":"#4"}}},{"from":[-2,10.93443,-7.10277],"to":[18,11.93443,-1.10277],"rotation":{"angle":0,"axis":"x","origin":[10.5,11.93443,-5.10277]},"faces":{"north":{"uv":[0,0,9,0.5],"rotation":180,"texture":"#3"},"east":{"uv":[0,0,0.5,3],"rotation":270,"texture":"#3"},"south":{"uv":[0,0,16,1],"texture":"#4"},"west":{"uv":[0,0,0.5,3],"rotation":90,"texture":"#3"},"up":{"uv":[0,0,16,5],"rotation":180,"texture":"#3"},"down":{"uv":[0,0,16,6],"texture":"#4"}}},{"from":[-2,11.93443,-7.10277],"to":[18,12.43443,-0.60277],"rotation":{"angle":0,"axis":"x","origin":[10.5,11.93443,-5.10277]},"faces":{"north":{"uv":[0,0,9,0.5],"rotation":180,"texture":"#3"},"east":{"uv":[0,0,0.5,3],"rotation":270,"texture":"#3"},"south":{"uv":[0,0,9,0.5],"texture":"#3"},"west":{"uv":[0,0,0.5,3],"rotation":90,"texture":"#3"},"up":{"uv":[0,0,16,6],"rotation":180,"texture":"#3"},"down":{"uv":[0,0,9,3],"texture":"#3"}}},{"from":[6,2.43443,-7.10277],"to":[10,10.93443,-1.60277],"rotation":{"angle":0,"axis":"x","origin":[10.5,10.43443,-5.10277]},"faces":{"north":{"uv":[0,0,4,8.5],"rotation":180,"texture":"#4"},"east":{"uv":[0,0,8.5,5.5],"rotation":270,"texture":"#4"},"south":{"uv":[0,0,4,8.5],"texture":"#4"},"west":{"uv":[0,0,8.5,5.5],"rotation":90,"texture":"#4"},"up":{"uv":[0,0,4,5.5],"rotation":180,"texture":"#4"},"down":{"uv":[0,0,4,5.5],"texture":"#4"}}},{"from":[18,2.60601,-8.9312],"to":[19,9.10601,-5.9312],"rotation":{"angle":0,"axis":"y","origin":[-9,22.10601,7.0688]},"faces":{"north":{"uv":[2,0,0,11],"texture":"#3"},"east":{"uv":[10,3,16,11],"texture":"#3"},"south":{"uv":[9,0,0,3],"texture":"#3"},"west":{"uv":[0.5,0,0,3],"texture":"#4"},"up":{"uv":[9,0,0,0.5],"texture":"#3"},"down":{"uv":[9,0,0,0.5],"texture":"#3"}}},{"from":[-3,2.60601,-8.9312],"to":[-2,9.10601,-5.9312],"rotation":{"angle":0,"axis":"y","origin":[25,22.10601,7.0688]},"faces":{"north":{"uv":[0,0,2,11],"texture":"#3"},"east":{"uv":[0,0,0.5,3],"texture":"#4"},"south":{"uv":[0,0,9,3],"texture":"#3"},"west":{"uv":[16,3,10,11],"texture":"#3"},"up":{"uv":[0,0,9,0.5],"texture":"#3"},"down":{"uv":[0,0,9,0.5],"texture":"#3"}}},{"from":[17.998,7.95956,-8.87054],"to":[18.998,9.95956,-4.87054],"rotation":{"angle":-45,"axis":"x","origin":[6.6,9.45956,-7.87054]},"faces":{"north":{"uv":[9,0,0,0.5],"rotation":180,"texture":"#3"},"east":{"uv":[0,5.999,4,10.999],"rotation":90,"texture":"#3"},"south":{"uv":[9,0,0,0.5],"texture":"#3"},"west":{"uv":[0,2,0.5,0],"rotation":270,"texture":"#4"},"up":{"uv":[2,0,0,8],"rotation":180,"texture":"#3"},"down":{"uv":[9,0,0,2],"texture":"#3"}}},{"from":[-2.998,7.95956,-8.87054],"to":[-1.998,9.95956,-4.87054],"rotation":{"angle":-45,"axis":"x","origin":[9.4,9.45956,-7.87054]},"faces":{"north":{"uv":[0,0,9,0.5],"rotation":180,"texture":"#3"},"east":{"uv":[0,0,0.5,2],"rotation":270,"texture":"#4"},"south":{"uv":[0,0,9,0.5],"texture":"#3"},"west":{"uv":[0,10.999,4,5.999],"rotation":90,"texture":"#3"},"up":{"uv":[0,0,2,8],"rotation":180,"texture":"#3"},"down":{"uv":[0,0,9,2],"texture":"#3"}}},{"from":[18,2.93443,-6.10277],"to":[19,11.93443,-1.10277],"rotation":{"angle":0,"axis":"x","origin":[6.5,11.43443,-4.10277]},"faces":{"north":{"uv":[9,0,0,0.5],"rotation":180,"texture":"#3"},"east":{"uv":[3,0,13,13],"texture":"#3"},"south":{"uv":[9,0,0,0.5],"texture":"#3"},"west":{"uv":[0,3,0.5,0],"rotation":270,"texture":"#4"},"up":{"uv":[3.499,0,0,15.499],"rotation":180,"texture":"#3"},"down":{"uv":[9,0,0,3],"texture":"#3"}}},{"from":[-3,2.93443,-6.10277],"to":[-2,11.93443,-1.10277],"rotation":{"angle":0,"axis":"x","origin":[9.5,11.43443,-4.10277]},"faces":{"north":{"uv":[0,0,9,0.5],"rotation":180,"texture":"#3"},"east":{"uv":[0,0,0.5,3],"rotation":270,"texture":"#4"},"south":{"uv":[0,0,9,0.5],"texture":"#3"},"west":{"uv":[13,0,3,13],"texture":"#3"},"up":{"uv":[0,0,3.499,15.499],"rotation":180,"texture":"#3"},"down":{"uv":[0,0,9,3],"texture":"#3"}}},{"from":[17.998,1.30124,-2.78607],"to":[18.998,11.30124,0.71393],"rotation":{"angle":-22.5,"axis":"x","origin":[18.5,7.05124,-1.78607]},"faces":{"north":{"uv":[9,0,0,0.5],"rotation":180,"texture":"#3"},"east":{"uv":[0,7.999,16,0],"rotation":90,"texture":"#3"},"south":{"uv":[1.499,0,0,15.249],"texture":"#3"},"west":{"uv":[0,3,0.5,0],"rotation":270,"texture":"#4"},"up":{"uv":[16,0,0,5],"rotation":180,"texture":"#3"},"down":{"uv":[9,0,0,3],"texture":"#3"}}},{"from":[-2.998,1.30124,-2.78607],"to":[-1.998,11.30124,0.71393],"rotation":{"angle":-22.5,"axis":"x","origin":[-2.5,7.05124,-1.78607]},"faces":{"north":{"uv":[0,0,9,0.5],"rotation":180,"texture":"#3"},"east":{"uv":[0,0,0.5,3],"rotation":270,"texture":"#4"},"south":{"uv":[0,0,1.499,15.249],"texture":"#3"},"west":{"uv":[0,0,16,7.999],"rotation":90,"texture":"#3"},"up":{"uv":[0,0,16,5],"rotation":180,"texture":"#3"},"down":{"uv":[0,0,9,3],"texture":"#3"}}},{"from":[-2,4.39399,24.4312],"to":[18,11.89399,25.9312],"rotation":{"angle":0,"axis":"y","origin":[26,-8.60601,9.9312]},"faces":{"north":{"uv":[9,3,0,0],"texture":"#4"},"east":{"uv":[0.5,3,0,0],"texture":"#4"},"south":{"uv":[0,0,16,7.5],"texture":"#4"},"west":{"uv":[0.5,3,0,0],"texture":"#4"},"up":{"uv":[0,0,9,0.5],"texture":"#4"},"down":{"uv":[0,0,9,0.5],"texture":"#4"}}},{"from":[-2,4.39399,23.1812],"to":[18,11.89399,24.6812],"rotation":{"angle":0,"axis":"y","origin":[26,-8.60601,8.6812]},"faces":{"north":{"uv":[9,3,0,0],"texture":"#4"},"east":{"uv":[0.5,3,0,0],"texture":"#4"},"south":{"uv":[16,5,0,0],"texture":"#4"},"west":{"uv":[0.5,3,0,0],"texture":"#4"},"up":{"uv":[0,0,9,0.5],"texture":"#4"},"down":{"uv":[0,0,9,0.5],"texture":"#4"}}},{"from":[-2,3.54044,21.87054],"to":[18,5.04044,25.87054],"rotation":{"angle":-45,"axis":"x","origin":[10.5,4.04044,24.87054]},"faces":{"north":{"uv":[9,0.5,0,0],"texture":"#4"},"east":{"uv":[0.5,2,0,0],"rotation":270,"texture":"#4"},"south":{"uv":[9,0.5,0,0],"rotation":180,"texture":"#4"},"west":{"uv":[0.5,2,0,0],"rotation":90,"texture":"#4"},"up":{"uv":[0,0,9,2],"texture":"#4"},"down":{"uv":[0,0,16,4],"rotation":180,"texture":"#4"}}},{"from":[-2,1.56557,3.10277],"to":[18,2.56557,23.10277],"rotation":{"angle":0,"axis":"x","origin":[10.5,2.06557,21.10277]},"faces":{"north":{"uv":[9,0.5,0,0],"texture":"#4"},"east":{"uv":[0.5,3,0,0],"rotation":270,"texture":"#4"},"south":{"uv":[9,0.5,0,0],"rotation":180,"texture":"#4"},"west":{"uv":[0.5,3,0,0],"rotation":90,"texture":"#4"},"up":{"uv":[0,0,16,16],"texture":"#4"},"down":{"uv":[0,0,16,16],"rotation":180,"texture":"#4"}}},{"from":[-2,1.56557,-8.89723],"to":[18,2.56557,3.10277],"rotation":{"angle":0,"axis":"x","origin":[10.5,2.06557,23.85277]},"faces":{"north":{"uv":[9,0.5,0,0],"texture":"#4"},"east":{"uv":[0.5,3,0,0],"rotation":270,"texture":"#4"},"south":{"uv":[9,0.5,0,0],"rotation":180,"texture":"#4"},"west":{"uv":[0.5,3,0,0],"rotation":90,"texture":"#4"},"up":{"uv":[0,0,16,12],"rotation":180,"texture":"#4"},"down":{"uv":[0,0,16,12],"rotation":180,"texture":"#4"}}},{"from":[-3,4.89399,21.9312],"to":[-2,11.89399,24.9312],"rotation":{"angle":0,"axis":"y","origin":[25,-8.10601,8.9312]},"faces":{"north":{"uv":[9,3,0,0],"texture":"#4"},"east":{"uv":[0,0,3,7],"texture":"#4"},"south":{"uv":[2,11,0,0],"texture":"#4"},"west":{"uv":[0,0,3,7],"texture":"#4"},"up":{"uv":[0,0,9,0.5],"texture":"#4"},"down":{"uv":[0,0,9,0.5],"texture":"#4"}}},{"from":[-2.998,4.04044,20.87054],"to":[-1.998,6.04044,24.87054],"rotation":{"angle":-45,"axis":"x","origin":[9.4,4.54044,23.87054]},"faces":{"north":{"uv":[9,0.5,0,0],"texture":"#4"},"east":{"uv":[0.5,2,0,0],"rotation":270,"texture":"#4"},"south":{"uv":[9,0.5,0,0],"rotation":180,"texture":"#4"},"west":{"uv":[0,0,2,4],"rotation":90,"texture":"#4"},"up":{"uv":[0,0,9,2],"texture":"#4"},"down":{"uv":[0,0,2,8],"rotation":180,"texture":"#4"}}},{"from":[-3,2.06557,14.35277],"to":[-2,12.06557,22.10277],"rotation":{"angle":0,"axis":"x","origin":[9.5,2.56557,20.10277]},"faces":{"north":{"uv":[9,0.5,0,0],"texture":"#4"},"east":{"uv":[0,0,10,7.75],"rotation":270,"texture":"#4"},"south":{"uv":[9,0.5,0,0],"rotation":180,"texture":"#4"},"west":{"uv":[0,0,10,7.75],"rotation":90,"texture":"#4"},"up":{"uv":[0,0,9,3],"texture":"#4"},"down":{"uv":[0,0,3.499,15.499],"rotation":180,"texture":"#4"}}},{"from":[-2.998,2.35466,12.94386],"to":[-1.998,12.35466,16.44386],"rotation":{"angle":22.5,"axis":"x","origin":[-2.498,7.35466,14.69386]},"faces":{"north":{"uv":[0,0.5,9,0],"rotation":180,"texture":"#4"},"east":{"uv":[0,0,10,3.5],"rotation":270,"texture":"#4"},"south":{"uv":[0,15.249,1.499,0],"texture":"#4"},"west":{"uv":[0,0,10,3.5],"rotation":90,"texture":"#4"},"up":{"uv":[0,3,9,0],"texture":"#4"},"down":{"uv":[0,5,16,0],"rotation":180,"texture":"#4"}}},{"from":[18,4.89399,21.9312],"to":[19,11.89399,24.9312],"rotation":{"angle":0,"axis":"y","origin":[-9,-8.10601,8.9312]},"faces":{"north":{"uv":[0,3,9,0],"texture":"#4"},"east":{"uv":[0,0,3,7],"texture":"#4"},"south":{"uv":[0,11,2,0],"texture":"#4"},"west":{"uv":[0,0,3,7],"texture":"#4"},"up":{"uv":[9,0,0,0.5],"texture":"#4"},"down":{"uv":[9,0,0,0.5],"texture":"#4"}}},{"from":[17.998,4.04044,20.87054],"to":[18.998,6.04044,24.87054],"rotation":{"angle":-45,"axis":"x","origin":[6.6,4.54044,23.87054]},"faces":{"north":{"uv":[0,0.5,9,0],"texture":"#4"},"east":{"uv":[0,0,2,4],"rotation":90,"texture":"#4"},"south":{"uv":[0,0.5,9,0],"rotation":180,"texture":"#4"},"west":{"uv":[0.5,0,0,2],"rotation":270,"texture":"#4"},"up":{"uv":[9,0,0,2],"texture":"#4"},"down":{"uv":[2,0,0,8],"rotation":180,"texture":"#4"}}},{"from":[18,2.06557,14.35277],"to":[19,12.06557,22.10277],"rotation":{"angle":0,"axis":"x","origin":[6.5,2.56557,20.10277]},"faces":{"north":{"uv":[0,0.5,9,0],"texture":"#4"},"east":{"uv":[0,0,10,7.75],"rotation":90,"texture":"#4"},"south":{"uv":[0,0.5,9,0],"rotation":180,"texture":"#4"},"west":{"uv":[0,0,10,7.75],"rotation":270,"texture":"#4"},"up":{"uv":[9,0,0,3],"texture":"#4"},"down":{"uv":[3.499,0,0,15.499],"rotation":180,"texture":"#4"}}},{"from":[17.998,2.35466,12.94386],"to":[18.998,12.35466,16.44386],"rotation":{"angle":22.5,"axis":"x","origin":[18.498,7.35466,14.69386]},"faces":{"north":{"uv":[9,0.5,0,0],"rotation":180,"texture":"#4"},"east":{"uv":[0,0,10,3.5],"rotation":90,"texture":"#4"},"south":{"uv":[1.499,15.249,0,0],"texture":"#4"},"west":{"uv":[0,0,10,3.5],"rotation":270,"texture":"#4"},"up":{"uv":[9,3,0,0],"texture":"#4"},"down":{"uv":[16,5,0,0],"rotation":180,"texture":"#4"}}},{"from":[-3.41421,11.7758,13.4065],"to":[-1.41421,13.7758,24.9065],"rotation":{"angle":0,"axis":"y","origin":[1.2786,12.7758,26.21124]},"faces":{"north":{"uv":[0,0,0.5,1],"texture":"#4"},"east":{"uv":[0,0,10,1],"texture":"#4"},"south":{"uv":[0,0,0.5,1],"texture":"#4"},"west":{"uv":[0,0,16,2],"texture":"#4"},"up":{"uv":[0,0,16,2],"rotation":270,"texture":"#4"},"down":{"uv":[0,0,10,0.5],"rotation":90,"texture":"#4"}}},{"from":[17.41421,11.7758,13.4065],"to":[19.41421,13.7758,24.9065],"rotation":{"angle":0,"axis":"y","origin":[14.7214,12.7758,26.21124]},"faces":{"north":{"uv":[0.5,0,0,1],"texture":"#4"},"east":{"uv":[16,0,0,2],"texture":"#4"},"south":{"uv":[0.5,0,0,1],"texture":"#4"},"west":{"uv":[10,0,0,1],"texture":"#4"},"up":{"uv":[0,2,16,0],"rotation":270,"texture":"#4"},"down":{"uv":[0,0.5,10,0],"rotation":90,"texture":"#4"}}},{"from":[-3.41421,5.2758,17.4065],"to":[-2.41421,9.7758,24.9065],"rotation":{"angle":0,"axis":"y","origin":[1.2786,7.7758,26.21124]},"faces":{"north":{"uv":[0,0,0.5,1],"texture":"#3"},"east":{"uv":[0,0,10,1],"texture":"#3"},"south":{"uv":[0,0,0.5,1],"texture":"#3"},"west":{"uv":[0,5,10,11],"texture":"#3"},"up":{"uv":[0,0,16,2],"rotation":270,"texture":"#3"},"down":{"uv":[0,0,10,0.5],"rotation":90,"texture":"#3"}}},{"from":[18.41421,5.2758,17.4065],"to":[19.41421,9.7758,24.9065],"rotation":{"angle":0,"axis":"y","origin":[14.7214,7.7758,26.21124]},"faces":{"north":{"uv":[0.5,0,0,1],"texture":"#3"},"east":{"uv":[6,5,16,11],"texture":"#3"},"south":{"uv":[0.5,0,0,1],"texture":"#3"},"west":{"uv":[10,0,0,1],"texture":"#3"},"up":{"uv":[0,2,16,0],"rotation":270,"texture":"#3"},"down":{"uv":[0,0.5,10,0],"rotation":90,"texture":"#3"}}},{"from":[-2,5.2758,25.82072],"to":[18,9.7758,26.32072],"rotation":{"angle":0,"axis":"y","origin":[1.2786,7.7758,21.71124]},"faces":{"north":{"uv":[0,0,16,2],"texture":"#3"},"east":{"uv":[0,0,1,1],"texture":"#3"},"south":{"uv":[0,5,16,11],"texture":"#3"},"west":{"uv":[0,0,1,1],"texture":"#3"},"up":{"uv":[0,0,2,16],"rotation":270,"texture":"#3"},"down":{"uv":[0,0,2,16],"rotation":90,"texture":"#3"}}},{"from":[0.21967,5.2758,26.78895],"to":[2.21967,9.7758,27.28895],"rotation":{"angle":-45,"axis":"y","origin":[1.2786,7.7758,21.71124]},"faces":{"north":{"uv":[0,0,1,1],"texture":"#3"},"east":{"uv":[0,0,1,1],"texture":"#3"},"south":{"uv":[0,5,2,11],"texture":"#3"},"west":{"uv":[0,0,1,1],"texture":"#3"},"up":{"uv":[0,0,1,1],"rotation":270,"texture":"#3"},"down":{"uv":[0,0,1,1],"rotation":90,"texture":"#3"}}},{"from":[13.78033,5.2758,26.78895],"to":[15.78033,9.7758,27.28895],"rotation":{"angle":45,"axis":"y","origin":[14.7214,7.7758,21.71124]},"faces":{"north":{"uv":[1,0,0,1],"texture":"#3"},"east":{"uv":[1,0,0,1],"texture":"#3"},"south":{"uv":[5,14,11,16],"rotation":270,"texture":"#3"},"west":{"uv":[1,0,0,1],"texture":"#3"},"up":{"uv":[0,1,1,0],"rotation":270,"texture":"#3"},"down":{"uv":[0,1,1,0],"rotation":90,"texture":"#3"}}},{"from":[0.21967,11.776,23.78895],"to":[2.21967,13.776,27.28895],"rotation":{"angle":-45,"axis":"y","origin":[1.2786,12.7758,21.71124]},"faces":{"north":{"uv":[0,0,2,2],"texture":"#4"},"east":{"uv":[0,0,3.5,2],"texture":"#4"},"south":{"uv":[0,0,2,2],"texture":"#4"},"west":{"uv":[0,0,3.5,2],"texture":"#4"},"up":{"uv":[0,0,3.5,2],"rotation":270,"texture":"#4"},"down":{"uv":[0,0,3.5,2],"rotation":90,"texture":"#4"}}},{"from":[13.78033,11.776,23.78895],"to":[15.78033,13.776,27.28895],"rotation":{"angle":45,"axis":"y","origin":[14.7214,12.7758,21.71124]},"faces":{"north":{"uv":[0,0,2,2],"texture":"#4"},"east":{"uv":[0,0,3.5,2],"texture":"#4"},"south":{"uv":[0,0,2,2],"texture":"#4"},"west":{"uv":[0,0,3.5,2],"texture":"#4"},"up":{"uv":[0,0,3.5,2],"rotation":270,"texture":"#4"},"down":{"uv":[0,0,3.5,2],"rotation":90,"texture":"#4"}}},{"from":[15.78033,11.776,23.78895],"to":[16.53033,13.776,24.53895],"rotation":{"angle":45,"axis":"y","origin":[14.7214,12.7758,21.71124]},"faces":{"north":{"uv":[1,0,0,1],"texture":"#4"},"east":{"uv":[1,0,0,1],"texture":"#4"},"south":{"uv":[1,0,0,1],"texture":"#4"},"west":{"uv":[1,0,0,1],"texture":"#4"},"up":{"uv":[0,0,0.75,0.75],"rotation":270,"texture":"#4"},"down":{"uv":[0,1,1,0],"rotation":90,"texture":"#4"}}},{"from":[-0.53033,11.776,23.78895],"to":[0.21967,13.776,24.53895],"rotation":{"angle":-45,"axis":"y","origin":[1.2786,12.7758,21.71124]},"faces":{"north":{"uv":[0,0,1,1],"texture":"#4"},"east":{"uv":[0,0,1,1],"texture":"#4"},"south":{"uv":[0,0,1,1],"texture":"#4"},"west":{"uv":[0,0,1,1],"texture":"#4"},"up":{"uv":[0,0,0.75,0.75],"rotation":270,"texture":"#4"},"down":{"uv":[0,0,1,1],"rotation":90,"texture":"#4"}}},{"from":[-2,11.7758,22.82072],"to":[18,13.7758,26.32072],"rotation":{"angle":0,"axis":"y","origin":[1.2786,12.7758,21.71124]},"faces":{"north":{"uv":[0,0,16,2],"texture":"#4"},"east":{"uv":[0,0,1,1],"texture":"#4"},"south":{"uv":[0,0,16,2],"texture":"#4"},"west":{"uv":[0,0,1,1],"texture":"#4"},"up":{"uv":[0,0,2,16],"rotation":270,"texture":"#4"},"down":{"uv":[0,0,2,16],"rotation":90,"texture":"#4"}}},{"from":[4.25,17.7758,22.82072],"to":[11.75,19.7758,26.32072],"rotation":{"angle":0,"axis":"y","origin":[1.2786,18.7758,21.71124]},"faces":{"north":{"uv":[0,0,16,2],"texture":"#4"},"east":{"uv":[0,0,1,1],"texture":"#4"},"south":{"uv":[0,0,7.5,2],"texture":"#4"},"west":{"uv":[0,0,1,1],"texture":"#4"},"up":{"uv":[0,0,3.5,7.5],"rotation":270,"texture":"#4"},"down":{"uv":[0,0,2,16],"rotation":90,"texture":"#4"}}},{"from":[3.875,13.7758,22.82072],"to":[12.125,17.7758,26.32072],"rotation":{"angle":0,"axis":"y","origin":[8.01535,15.74685,24.58426]},"faces":{"north":{"uv":[0,0,16,2],"texture":"#4"},"east":{"uv":[0,0,1,1],"texture":"#4"},"south":{"uv":[0,0,8.25,4],"texture":"#4"},"west":{"uv":[0,0,1,1],"texture":"#4"},"up":{"uv":[0,0,2,16],"rotation":270,"texture":"#4"},"down":{"uv":[0,0,2,16],"rotation":90,"texture":"#4"}}},{"from":[11.17613,13.15602,22.8094],"to":[13.17613,19.65602,26.3094],"rotation":{"angle":22.5,"axis":"z","origin":[12.14717,16.14591,24.57819]},"faces":{"north":{"uv":[0,0,16,2],"rotation":270,"texture":"#4"},"east":{"uv":[0,0,3.5,6.5],"texture":"#4"},"south":{"uv":[0,0,6.5,2],"rotation":90,"texture":"#4"},"west":{"uv":[0,0,2,16],"rotation":180,"texture":"#4"},"up":{"uv":[0,0,1,1],"rotation":90,"texture":"#4"},"down":{"uv":[0,0,1,1],"rotation":90,"texture":"#4"}}},{"from":[2.82387,13.15602,22.8094],"to":[4.82387,19.65602,26.3094],"rotation":{"angle":-22.5,"axis":"z","origin":[3.85283,16.14591,24.57819]},"faces":{"north":{"uv":[0,2,16,0],"rotation":270,"texture":"#4"},"east":{"uv":[2,0,0,16],"rotation":180,"texture":"#4"},"south":{"uv":[0,0,6.5,2],"rotation":90,"texture":"#4"},"west":{"uv":[2,0,0,16],"texture":"#4"},"up":{"uv":[0,1,1,0],"rotation":90,"texture":"#4"},"down":{"uv":[0,1,1,0],"rotation":90,"texture":"#4"}}},{"from":[-5.47487,1,-11.24575],"to":[-3.47487,3,-9.24575],"rotation":{"angle":-45,"axis":"y","origin":[-4.47487,2,-6.74575]},"faces":{"north":{"uv":[0,0,1,1],"texture":"#4"},"east":{"uv":[0,0,1,1],"texture":"#4"},"south":{"uv":[0,0,1,1],"texture":"#4"},"west":{"uv":[0,0,1,1],"texture":"#4"},"up":{"uv":[0,0,1,1],"texture":"#4"},"down":{"uv":[0,0,1,1],"texture":"#4"}}},{"from":[19.47487,1,-11.24575],"to":[21.47487,3,-9.24575],"rotation":{"angle":45,"axis":"y","origin":[20.47487,2,-6.74575]},"faces":{"north":{"uv":[1,0,0,1],"texture":"#4"},"east":{"uv":[1,0,0,1],"texture":"#4"},"south":{"uv":[1,0,0,1],"texture":"#4"},"west":{"uv":[1,0,0,1],"texture":"#4"},"up":{"uv":[1,0,0,1],"texture":"#4"},"down":{"uv":[1,0,0,1],"texture":"#4"}}},{"from":[-2,1,-10.63484],"to":[18,3,-8.63484],"rotation":{"angle":0,"axis":"y","origin":[23,18,5.36516]},"faces":{"north":{"uv":[0,0,16,2],"texture":"#4"},"east":{"uv":[0,0,0.5,1],"texture":"#4"},"south":{"uv":[0,0,10,1],"texture":"#4"},"west":{"uv":[0,0,0.5,1],"texture":"#4"},"up":{"uv":[0,0,16,2],"texture":"#4"},"down":{"uv":[0,0,10,0.5],"texture":"#4"}}},{"from":[-3.41421,1,-9.22062],"to":[-1.41421,3,10.27938],"rotation":{"angle":0,"axis":"y","origin":[21.58579,18,6.27938]},"faces":{"north":{"uv":[0,0,1,1],"texture":"#4"},"east":{"uv":[0,0,16,2],"texture":"#4"},"south":{"uv":[0,0,1,1],"texture":"#4"},"west":{"uv":[0,0,16,2],"texture":"#4"},"up":{"uv":[0,0,2,16],"texture":"#4"},"down":{"uv":[0,0,2,16],"texture":"#4"}}},{"from":[17.41421,1,-9.22062],"to":[19.41421,3,10.27938],"rotation":{"angle":0,"axis":"y","origin":[-5.58579,18,6.27938]},"faces":{"north":{"uv":[1,0,0,1],"texture":"#4"},"east":{"uv":[16,0,0,2],"texture":"#4"},"south":{"uv":[1,0,0,1],"texture":"#4"},"west":{"uv":[16,0,0,2],"texture":"#4"},"up":{"uv":[2,0,0,16],"texture":"#4"},"down":{"uv":[2,0,0,16],"texture":"#4"}}},{"from":[17.413,0.67857,11.89532],"to":[19.413,13.67857,13.89532],"rotation":{"angle":22.5,"axis":"x","origin":[18.41421,9.92857,12.89532]},"faces":{"north":{"uv":[0,0,2,13],"rotation":180,"texture":"#4"},"east":{"uv":[0,1,5.25,0],"rotation":270,"texture":"#4"},"south":{"uv":[1,0,0,5.25],"texture":"#4"},"west":{"uv":[0,0,13,2],"rotation":90,"texture":"#4"},"up":{"uv":[1,0,0,1],"texture":"#4"},"down":{"uv":[1,0,0,1],"rotation":180,"texture":"#4"}}},{"from":[-3.413,0.67857,11.89532],"to":[-1.413,13.67857,13.89532],"rotation":{"angle":22.5,"axis":"x","origin":[-2.41421,9.92857,12.89532]},"faces":{"north":{"uv":[2,0,0,13],"rotation":180,"texture":"#4"},"east":{"uv":[0,0,13,2],"rotation":90,"texture":"#4"},"south":{"uv":[0,0,1,5.25],"texture":"#4"},"west":{"uv":[0,0,5.25,1],"rotation":270,"texture":"#4"},"up":{"uv":[0,0,1,1],"texture":"#4"},"down":{"uv":[0,0,1,1],"rotation":180,"texture":"#4"}}}],"display":{"gui":{"rotation":[30,-135,0],"scale":[0.3,0.3,0.3]},"head":{"translation":[0,2.5,-15.25],"scale":[1.6,1.6,1.6]}},"groups":[{"name":"group","origin":[8,8,8],"color":0,"children":[{"name":"wheels","origin":[8,8,8],"color":0,"children":[{"name":"feng wheel","origin":[8,8,8],"color":0,"children":[{"name":"group","origin":[8,8,8],"color":0,"children":[0,1,2,3,4,5,6,7,8,9,10,11,12,13,14,15,16,17,18,19,20,21,22,23,24,25,26]}]},{"name":"feng wheel","origin":[8,8,8],"color":0,"children":[{"name":"group","origin":[8,8,8],"color":0,"children":[27,28,29,30,31,32,33,34,35,36,37,38,39,40,41,42,43,44,45,46,47,48,49,50,51,52,53]}]}]},{"name":"handels","origin":[8,8,8],"color":0,"children":[{"name":"octagon","origin":[8,8,8],"color":0,"children":[54,55,56,57,58,59,60,61,62]},{"name":"octagon","origin":[8,8,8],"color":0,"children":[63,64,65,66,67,68,69,70,71]}]},{"name":"radioactive sign","origin":[8,8,8],"color":0,"children":[72,73,74,75,76,77,78,79,{"name":"hexadecagon","origin":[8,8,8],"color":0,"children":[80,81,82,83,84,85,86,87,88,89,90]}]},{"name":"group","origin":[8,8,8],"color":0,"children":[91,92,{"name":"group","origin":[-0.23156,6.982,18.58011],"color":0,"children":[93,94,95,96,97,98,99,100]},101,102,103,104,105,106,107]},{"name":"brake plates","origin":[8,8,8],"color":0,"children":[{"name":"group","origin":[8,8,8],"color":0,"children":[108,109,110,111,112,113]}]},{"name":"body","origin":[8,8,8],"color":0,"children":[{"name":"group","origin":[8,8,8],"color":0,"children":[{"name":"group","origin":[8,10.84136,9.3974],"color":0,"children":[114,115,116,117,118,119]},{"name":"group","origin":[8,10.84136,9.3974],"color":0,"children":[]},{"name":"group","origin":[8,10.84136,9.3974],"color":0,"children":[120,121,122,123,124,125,126,127]}]},{"name":"group","origin":[8,8,8],"color":0,"children":[{"name":"group","origin":[8,10.84136,9.3974],"color":0,"children":[128,129,130,131,132]},{"name":"group","origin":[8,10.84136,9.3974],"color":0,"children":[133,134,135,136]},{"name":"group","origin":[8,10.84136,9.3974],"color":0,"children":[137,138,139,140]}]},{"name":"group","origin":[14.79289,13,14.70711],"color":0,"children":[141,142,{"name":"group","origin":[14.7214,12.7758,26.21124],"color":0,"children":[143,144,145,146,147]},148,149,150,151,152,153,154,155,156]},157,158,159,160,161,162,163]}]}],"credit":"Model by Craftventure"}