{"textures":{"main":"block/dolphinamuse"},"elements":[{"from":[-3.72248,4.70368,4],"to":[2.27752,11.70368,12],"rotation":{"angle":0,"axis":"z","origin":[8.29268,7.2794,8]},"faces":{"north":{"uv":[0,0.375,0.375,0.8125],"texture":"#main"},"east":{"uv":[1.25,0.375,1.75,0.8125],"texture":"#main"},"south":{"uv":[0.875,0.375,1.25,0.8125],"texture":"#main"},"west":{"uv":[0.375,0.375,0.875,0.8125],"texture":"#main"},"up":{"uv":[0.375,0,0.875,0.375],"rotation":90,"texture":"#main"},"down":{"uv":[0.875,0,1.375,0.375],"rotation":90,"texture":"#main"}}},{"from":[-7.72248,4.70368,7],"to":[-3.72248,6.70368,9],"rotation":{"angle":0,"axis":"z","origin":[8.29268,7.2794,8]},"faces":{"north":{"uv":[0,1.0625,0.25,1.1875],"texture":"#main"},"east":{"uv":[0.625,1.0625,0.75,1.1875],"texture":"#main"},"south":{"uv":[0.375,1.0625,0.625,1.1875],"texture":"#main"},"west":{"uv":[0.25,1.0625,0.375,1.1875],"texture":"#main"},"up":{"uv":[0.25,0.8125,0.375,1.0625],"rotation":90,"texture":"#main"},"down":{"uv":[0.375,0.8125,0.5,1.0625],"rotation":90,"texture":"#main"}}},{"from":[0.6432,10.66924,7.5],"to":[4.6432,15.66924,8.5],"rotation":{"angle":-22.5,"axis":"z","origin":[3.79268,7.2794,8]},"faces":{"north":{"uv":[3.1875,0.3125,3.5,0.5625],"rotation":90,"texture":"#main"},"east":{"uv":[3.5625,0,3.625,0.3125],"rotation":180,"texture":"#main"},"south":{"uv":[3.5,1.6875,3.9375,1.9375],"rotation":270,"texture":"#main"},"west":{"uv":[3.5,0,3.5625,0.3125],"texture":"#main"},"up":{"uv":[3.875,0.3125,3.9375,0.5625],"rotation":270,"texture":"#main"},"down":{"uv":[3.5,0.3125,3.5625,0.5625],"rotation":270,"texture":"#main"}}},{"from":[2.73464,6.6562,-3.0454],"to":[6.73464,7.6562,3.9546],"rotation":{"angle":-22.5,"axis":"x","origin":[8.29268,7.2794,8]},"faces":{"north":{"uv":[3.4375,1.6875,3.5,1.9375],"rotation":90,"texture":"#main"},"east":{"uv":[3.5,1.25,3.5625,1.6875],"rotation":270,"texture":"#main"},"south":{"uv":[3.9375,1.6875,4,1.9375],"rotation":270,"texture":"#main"},"west":{"uv":[3.4375,1.25,3.5,1.6875],"rotation":270,"texture":"#main"},"up":{"uv":[3.5,1.6875,3.9375,1.9375],"rotation":270,"texture":"#main"},"down":{"uv":[3,1.6875,3.4375,1.9375],"rotation":270,"texture":"#main"}}},{"from":[2.73464,6.6562,12.0454],"to":[6.73464,7.6562,19.0454],"rotation":{"angle":22.5,"axis":"x","origin":[8.29268,7.2794,8]},"faces":{"north":{"uv":[3.9375,1.9375,4,1.6875],"rotation":270,"texture":"#main"},"east":{"uv":[3.5,1.6875,3.5625,1.25],"rotation":270,"texture":"#main"},"south":{"uv":[3.4375,1.9375,3.5,1.6875],"rotation":90,"texture":"#main"},"west":{"uv":[3.4375,1.6875,3.5,1.25],"rotation":270,"texture":"#main"},"up":{"uv":[3.9375,1.6875,3.5,1.9375],"rotation":270,"texture":"#main"},"down":{"uv":[3.4375,1.6875,3,1.9375],"rotation":270,"texture":"#main"}}},{"from":[2.27752,4.70368,4],"to":[9.27752,11.70368,12],"rotation":{"angle":0,"axis":"z","origin":[8.29268,7.2794,8]},"faces":{"north":{"uv":[1.75,0.8125,2.1875,1.25],"texture":"#main"},"east":{"uv":[3.5,0.8125,4,1.25],"texture":"#main"},"south":{"uv":[2.6875,0.8125,3.125,1.25],"texture":"#main"},"west":{"uv":[2.1875,0.8125,2.6875,1.25],"texture":"#main"},"up":{"uv":[2.1875,0.375,2.6875,0.8125],"rotation":90,"texture":"#main"},"down":{"uv":[2.6875,0.375,3.1875,0.8125],"rotation":90,"texture":"#main"}}},{"from":[9.27752,4.70368,4],"to":[15.27752,11.70368,12],"rotation":{"angle":0,"axis":"z","origin":[8.29268,7.2794,8]},"faces":{"north":{"uv":[1.375,0.8125,1.75,1.25],"texture":"#main"},"east":{"uv":[3.5,0.8125,4,1.25],"texture":"#main"},"south":{"uv":[3.125,0.8125,3.5,1.25],"texture":"#main"},"west":{"uv":[2.1875,0.8125,2.6875,1.25],"texture":"#main"},"up":{"uv":[2.1875,0,2.6875,0.375],"rotation":90,"texture":"#main"},"down":{"uv":[2.6875,0,3.1875,0.375],"rotation":90,"texture":"#main"}}},{"from":[5.77752,10.32868,3.9375],"to":[12.77752,11.76618,12.0625],"rotation":{"angle":0,"axis":"z","origin":[4.79268,7.2794,8]},"faces":{"north":{"uv":[6.25,0,6.8125,0.12475],"texture":"#main"},"south":{"uv":[6.25,0,6.8125,0.12475],"texture":"#main"},"up":{"uv":[6.1875,0,6.8125,0.5625],"rotation":90,"texture":"#main"}}},{"from":[5.77752,3.76618,3.9375],"to":[12.77752,10.32868,12.0625],"rotation":{"angle":0,"axis":"z","origin":[4.79268,5.8419,8]},"faces":{"north":{"uv":[5.625,0.5625,6.1875,1.12475],"texture":"#main"},"south":{"uv":[6.8125,0.5625,7.375,1.12475],"texture":"#main"},"up":{"uv":[6.1875,0,6.8125,0.5625],"rotation":90,"texture":"#main"}}},{"from":[1.09002,5.82868,3.9375],"to":[7.34002,8.20368,12.0625],"rotation":{"angle":0,"axis":"z","origin":[-0.64482,3.7169,8]},"faces":{"north":{"uv":[6,1.125,6.49975,1.31225],"texture":"#main"},"south":{"uv":[6.49975,1.125,6,1.31225],"texture":"#main"}}},{"from":[-3.78498,3.95368,3.9375],"to":[1.09002,5.82868,12.0625],"rotation":{"angle":0,"axis":"z","origin":[-6.89482,1.3419,8]},"faces":{"north":{"uv":[4.125,0.5625,4.6245,0.74975],"texture":"#main"},"south":{"uv":[4.625,0.5625,5.1245,0.74975],"texture":"#main"},"west":{"uv":[4.1875,0.5625,4.99925,0.74975],"texture":"#main"}}},{"from":[13.27752,4.70368,6],"to":[24.27752,9.70368,10],"rotation":{"angle":-22.5,"axis":"z","origin":[15.29268,7.2794,8]},"faces":{"north":{"uv":[0,1.875,0.6875,2.1875],"texture":"#main"},"east":{"uv":[1.625,1.875,1.875,2.1875],"texture":"#main"},"south":{"uv":[0.9375,1.875,1.625,2.1875],"texture":"#main"},"west":{"uv":[0.8125,1.875,1.0625,2.1875],"texture":"#main"},"up":{"uv":[0.6875,1.1875,0.9375,1.875],"rotation":90,"texture":"#main"},"down":{"uv":[0.9375,1.1875,1.1875,1.875],"rotation":90,"texture":"#main"}}},{"from":[25,8.5,3],"to":[31,9.5,13],"rotation":{"angle":-45,"axis":"z","origin":[18.2927,9.2794,8]},"faces":{"north":{"uv":[1.1875,1.625,1.5625,1.6875],"texture":"#main"},"east":{"uv":[1.5625,1.625,2.1875,1.6875],"texture":"#main"},"south":{"uv":[2.8125,1.625,3.1875,1.6875],"texture":"#main"},"west":{"uv":[2.1875,1.625,2.8125,1.6875],"texture":"#main"},"up":{"uv":[1.5625,1.25,2.1875,1.625],"rotation":90,"texture":"#main"},"down":{"uv":[2.1875,1.25,2.8125,1.625],"rotation":90,"texture":"#main"}}},{"from":[-7.72248,4.70368,7],"to":[-3.72248,6.70368,9],"rotation":{"angle":0,"axis":"z","origin":[8.29268,7.2794,8]},"faces":{"north":{"uv":[8,1.0625,8.25,1.1875],"texture":"#main"},"east":{"uv":[8.625,1.0625,8.75,1.1875],"texture":"#main"},"south":{"uv":[8.375,1.0625,8.625,1.1875],"texture":"#main"},"west":{"uv":[8.25,1.0625,8.375,1.1875],"texture":"#main"},"up":{"uv":[8.25,0.8125,8.375,1.0625],"rotation":90,"texture":"#main"},"down":{"uv":[8.375,0.8125,8.5,1.0625],"rotation":90,"texture":"#main"}}},{"from":[-3.72248,4.70368,4],"to":[2.27752,11.70368,12],"rotation":{"angle":0,"axis":"z","origin":[8.29268,7.2794,8]},"faces":{"north":{"uv":[8,0.375,8.375,0.8125],"texture":"#main"},"east":{"uv":[9.25,0.375,9.75,0.8125],"texture":"#main"},"south":{"uv":[8.875,0.375,9.25,0.8125],"texture":"#main"},"west":{"uv":[8.375,0.375,8.875,0.8125],"texture":"#main"},"up":{"uv":[8.375,0,8.875,0.375],"rotation":90,"texture":"#main"},"down":{"uv":[8.875,0,9.375,0.375],"rotation":90,"texture":"#main"}}},{"from":[0.6432,10.66924,7.5],"to":[4.6432,15.66924,8.5],"rotation":{"angle":-22.5,"axis":"z","origin":[3.79268,7.2794,8]},"faces":{"north":{"uv":[11.1875,0.3125,11.5,0.5625],"rotation":90,"texture":"#main"},"east":{"uv":[11.5625,0,11.625,0.3125],"rotation":180,"texture":"#main"},"south":{"uv":[11.5,1.6875,11.9375,1.9375],"rotation":270,"texture":"#main"},"west":{"uv":[11.5,0,11.5625,0.3125],"texture":"#main"},"up":{"uv":[11.875,0.3125,11.9375,0.5625],"rotation":270,"texture":"#main"},"down":{"uv":[11.5,0.3125,11.5625,0.5625],"rotation":270,"texture":"#main"}}},{"from":[2.73464,6.6562,-3.0454],"to":[6.73464,7.6562,3.9546],"rotation":{"angle":-22.5,"axis":"x","origin":[8.29268,7.2794,8]},"faces":{"north":{"uv":[11.4375,1.6875,11.5,1.9375],"rotation":90,"texture":"#main"},"east":{"uv":[11.5,1.25,11.5625,1.6875],"rotation":270,"texture":"#main"},"south":{"uv":[11.9375,1.6875,12,1.9375],"rotation":270,"texture":"#main"},"west":{"uv":[11.4375,1.25,11.5,1.6875],"rotation":270,"texture":"#main"},"up":{"uv":[11.5,1.6875,11.9375,1.9375],"rotation":270,"texture":"#main"},"down":{"uv":[11,1.6875,11.4375,1.9375],"rotation":270,"texture":"#main"}}},{"from":[2.73464,6.6562,12.0454],"to":[6.73464,7.6562,19.0454],"rotation":{"angle":22.5,"axis":"x","origin":[8.29268,7.2794,8]},"faces":{"north":{"uv":[11.9375,1.9375,12,1.6875],"rotation":270,"texture":"#main"},"east":{"uv":[11.5,1.6875,11.5625,1.25],"rotation":270,"texture":"#main"},"south":{"uv":[11.4375,1.9375,11.5,1.6875],"rotation":90,"texture":"#main"},"west":{"uv":[11.4375,1.6875,11.5,1.25],"rotation":270,"texture":"#main"},"up":{"uv":[11.9375,1.6875,11.5,1.9375],"rotation":270,"texture":"#main"},"down":{"uv":[11.4375,1.6875,11,1.9375],"rotation":270,"texture":"#main"}}},{"from":[2.27752,4.70368,4],"to":[9.27752,11.70368,12],"rotation":{"angle":0,"axis":"z","origin":[8.29268,7.2794,8]},"faces":{"north":{"uv":[9.75,0.8125,10.1875,1.25],"texture":"#main"},"east":{"uv":[11.5,0.8125,12,1.25],"texture":"#main"},"south":{"uv":[10.6875,0.8125,11.125,1.25],"texture":"#main"},"west":{"uv":[10.1875,0.8125,10.6875,1.25],"texture":"#main"},"up":{"uv":[10.1875,0.375,10.6875,0.8125],"rotation":90,"texture":"#main"},"down":{"uv":[10.6875,0.375,11.1875,0.8125],"rotation":90,"texture":"#main"}}},{"from":[9.27752,4.70368,4],"to":[15.27752,11.70368,12],"rotation":{"angle":0,"axis":"z","origin":[8.29268,7.2794,8]},"faces":{"north":{"uv":[9.375,0.8125,9.75,1.25],"texture":"#main"},"east":{"uv":[11.5,0.8125,12,1.25],"texture":"#main"},"south":{"uv":[11.125,0.8125,11.5,1.25],"texture":"#main"},"west":{"uv":[10.1875,0.8125,10.6875,1.25],"texture":"#main"},"up":{"uv":[10.1875,0,10.6875,0.375],"rotation":90,"texture":"#main"},"down":{"uv":[10.6875,0,11.1875,0.375],"rotation":90,"texture":"#main"}}},{"from":[5.77752,10.32868,3.9375],"to":[12.77752,11.76618,12.0625],"rotation":{"angle":0,"axis":"z","origin":[4.79268,7.2794,8]},"faces":{"north":{"uv":[14.25,0,14.8125,0.12475],"texture":"#main"},"south":{"uv":[14.25,0,14.8125,0.12475],"texture":"#main"},"up":{"uv":[14.1875,0,14.8125,0.5625],"rotation":90,"texture":"#main"}}},{"from":[5.77752,3.76618,3.9375],"to":[12.77752,10.32868,12.0625],"rotation":{"angle":0,"axis":"z","origin":[4.79268,5.8419,8]},"faces":{"north":{"uv":[13.625,0.5625,14.1875,1.12475],"texture":"#main"},"south":{"uv":[14.8125,0.5625,15.375,1.12475],"texture":"#main"},"up":{"uv":[14.1875,0,14.8125,0.5625],"rotation":90,"texture":"#main"}}},{"from":[1.09002,5.82868,3.9375],"to":[7.34002,8.20368,12.0625],"rotation":{"angle":0,"axis":"z","origin":[-0.64482,3.7169,8]},"faces":{"north":{"uv":[14,1.125,14.49975,1.31225],"texture":"#main"},"south":{"uv":[14.49975,1.125,14,1.31225],"texture":"#main"}}},{"from":[-3.78498,3.95368,3.9375],"to":[1.09002,5.82868,12.0625],"rotation":{"angle":0,"axis":"z","origin":[-6.89482,1.3419,8]},"faces":{"north":{"uv":[12.125,0.5625,12.6245,0.74975],"texture":"#main"},"south":{"uv":[12.625,0.5625,13.1245,0.74975],"texture":"#main"},"west":{"uv":[12.1875,0.5625,12.99925,0.74975],"texture":"#main"}}},{"from":[13.27752,4.70368,6],"to":[24.27752,9.70368,10],"rotation":{"angle":0,"axis":"z","origin":[13.29268,7.2794,8]},"faces":{"north":{"uv":[8,1.875,8.6875,2.1875],"texture":"#main"},"east":{"uv":[9.625,1.875,9.875,2.1875],"texture":"#main"},"south":{"uv":[8.9375,1.875,9.625,2.1875],"texture":"#main"},"west":{"uv":[8.8125,1.875,9.0625,2.1875],"texture":"#main"},"up":{"uv":[8.6875,1.1875,8.9375,1.875],"rotation":90,"texture":"#main"},"down":{"uv":[8.9375,1.1875,9.1875,1.875],"rotation":90,"texture":"#main"}}},{"from":[22.27752,6.70368,3],"to":[28.27752,7.70368,13],"rotation":{"angle":0,"axis":"z","origin":[8.29268,7.2794,8]},"faces":{"north":{"uv":[9.1875,1.625,9.5625,1.6875],"texture":"#main"},"east":{"uv":[9.5625,1.625,10.1875,1.6875],"texture":"#main"},"south":{"uv":[10.8125,1.625,11.1875,1.6875],"texture":"#main"},"west":{"uv":[10.1875,1.625,10.8125,1.6875],"texture":"#main"},"up":{"uv":[9.5625,1.25,10.1875,1.625],"rotation":90,"texture":"#main"},"down":{"uv":[10.1875,1.25,10.8125,1.625],"rotation":90,"texture":"#main"}}},{"from":[-3.72248,4.70368,4],"to":[2.27752,11.70368,12],"rotation":{"angle":0,"axis":"z","origin":[8.29268,7.2794,8]},"faces":{"north":{"uv":[0,8.375,0.375,8.8125],"texture":"#main"},"east":{"uv":[1.25,8.375,1.75,8.8125],"texture":"#main"},"south":{"uv":[0.875,8.375,1.25,8.8125],"texture":"#main"},"west":{"uv":[0.375,8.375,0.875,8.8125],"texture":"#main"},"up":{"uv":[0.375,8,0.875,8.375],"rotation":90,"texture":"#main"},"down":{"uv":[0.875,8,1.375,8.375],"rotation":90,"texture":"#main"}}},{"from":[0.6432,10.66924,7.5],"to":[4.6432,15.66924,8.5],"rotation":{"angle":-22.5,"axis":"z","origin":[3.79268,7.2794,8]},"faces":{"north":{"uv":[3.1875,8.3125,3.5,8.5625],"rotation":90,"texture":"#main"},"east":{"uv":[3.5625,8,3.625,8.3125],"rotation":180,"texture":"#main"},"south":{"uv":[3.5,9.6875,3.9375,9.9375],"rotation":270,"texture":"#main"},"west":{"uv":[3.5,8,3.5625,8.3125],"texture":"#main"},"up":{"uv":[3.875,8.3125,3.9375,8.5625],"rotation":270,"texture":"#main"},"down":{"uv":[3.5,8.3125,3.5625,8.5625],"rotation":270,"texture":"#main"}}},{"from":[2.73464,6.6562,-3.0454],"to":[6.73464,7.6562,3.9546],"rotation":{"angle":-22.5,"axis":"x","origin":[8.29268,7.2794,8]},"faces":{"north":{"uv":[3.4375,9.6875,3.5,9.9375],"rotation":90,"texture":"#main"},"east":{"uv":[3.5,9.25,3.5625,9.6875],"rotation":270,"texture":"#main"},"south":{"uv":[3.9375,9.6875,4,9.9375],"rotation":270,"texture":"#main"},"west":{"uv":[3.4375,9.25,3.5,9.6875],"rotation":270,"texture":"#main"},"up":{"uv":[3.5,9.6875,3.9375,9.9375],"rotation":270,"texture":"#main"},"down":{"uv":[3,9.6875,3.4375,9.9375],"rotation":270,"texture":"#main"}}},{"from":[2.73464,6.6562,12.0454],"to":[6.73464,7.6562,19.0454],"rotation":{"angle":22.5,"axis":"x","origin":[8.29268,7.2794,8]},"faces":{"north":{"uv":[3.9375,9.9375,4,9.6875],"rotation":270,"texture":"#main"},"east":{"uv":[3.5,9.6875,3.5625,9.25],"rotation":270,"texture":"#main"},"south":{"uv":[3.4375,9.9375,3.5,9.6875],"rotation":90,"texture":"#main"},"west":{"uv":[3.4375,9.6875,3.5,9.25],"rotation":270,"texture":"#main"},"up":{"uv":[3.9375,9.6875,3.5,9.9375],"rotation":270,"texture":"#main"},"down":{"uv":[3.4375,9.6875,3,9.9375],"rotation":270,"texture":"#main"}}},{"from":[2.27752,4.70368,4],"to":[9.27752,11.70368,12],"rotation":{"angle":0,"axis":"z","origin":[8.29268,7.2794,8]},"faces":{"north":{"uv":[1.75,8.8125,2.1875,9.25],"texture":"#main"},"east":{"uv":[3.5,8.8125,4,9.25],"texture":"#main"},"south":{"uv":[2.6875,8.8125,3.125,9.25],"texture":"#main"},"west":{"uv":[2.1875,8.8125,2.6875,9.25],"texture":"#main"},"up":{"uv":[2.1875,8.375,2.6875,8.8125],"rotation":90,"texture":"#main"},"down":{"uv":[2.6875,8.375,3.1875,8.8125],"rotation":90,"texture":"#main"}}},{"from":[9.27752,4.70368,4],"to":[15.27752,11.70368,12],"rotation":{"angle":0,"axis":"z","origin":[8.29268,7.2794,8]},"faces":{"north":{"uv":[1.375,8.8125,1.75,9.25],"texture":"#main"},"east":{"uv":[3.5,8.8125,4,9.25],"texture":"#main"},"south":{"uv":[3.125,8.8125,3.5,9.25],"texture":"#main"},"west":{"uv":[2.1875,8.8125,2.6875,9.25],"texture":"#main"},"up":{"uv":[2.1875,8,2.6875,8.375],"rotation":90,"texture":"#main"},"down":{"uv":[2.6875,8,3.1875,8.375],"rotation":90,"texture":"#main"}}},{"from":[5.77752,10.32868,3.9375],"to":[12.77752,11.76618,12.0625],"rotation":{"angle":0,"axis":"z","origin":[4.79268,7.2794,8]},"faces":{"north":{"uv":[6.25,8,6.8125,8.12475],"texture":"#main"},"south":{"uv":[6.25,8,6.8125,8.12475],"texture":"#main"},"up":{"uv":[6.1875,8,6.8125,8.5625],"rotation":90,"texture":"#main"}}},{"from":[5.77752,3.76618,3.9375],"to":[12.77752,10.32868,12.0625],"rotation":{"angle":0,"axis":"z","origin":[4.79268,5.8419,8]},"faces":{"north":{"uv":[5.625,8.5625,6.1875,9.12475],"texture":"#main"},"south":{"uv":[6.8125,8.5625,7.375,9.12475],"texture":"#main"},"up":{"uv":[6.1875,8,6.8125,8.5625],"rotation":90,"texture":"#main"}}},{"from":[1.09002,5.82868,3.9375],"to":[7.34002,8.20368,12.0625],"rotation":{"angle":0,"axis":"z","origin":[-0.64482,3.7169,8]},"faces":{"north":{"uv":[6,9.125,6.49975,9.31225],"texture":"#main"},"south":{"uv":[6.49975,9.125,6,9.31225],"texture":"#main"}}},{"from":[-3.78498,3.95368,3.9375],"to":[1.09002,5.82868,12.0625],"rotation":{"angle":0,"axis":"z","origin":[-6.89482,1.3419,8]},"faces":{"north":{"uv":[4.125,8.5625,4.6245,8.74975],"texture":"#main"},"south":{"uv":[4.625,8.5625,5.1245,8.74975],"texture":"#main"},"west":{"uv":[4.1875,8.5625,4.99925,8.74975],"texture":"#main"}}},{"from":[13.27752,4.70368,6],"to":[24.27752,9.70368,10],"rotation":{"angle":22.5,"axis":"z","origin":[13.29268,7.2794,8]},"faces":{"north":{"uv":[0,9.875,0.6875,10.1875],"texture":"#main"},"east":{"uv":[1.625,9.875,1.875,10.1875],"texture":"#main"},"south":{"uv":[0.9375,9.875,1.625,10.1875],"texture":"#main"},"west":{"uv":[0.8125,9.875,1.0625,10.1875],"texture":"#main"},"up":{"uv":[0.6875,9.1875,0.9375,9.875],"rotation":90,"texture":"#main"},"down":{"uv":[0.9375,9.1875,1.1875,9.875],"rotation":90,"texture":"#main"}}},{"from":[26,3,3],"to":[32,4,13],"rotation":{"angle":45,"axis":"z","origin":[15.2927,3.2794,8]},"faces":{"north":{"uv":[1.1875,9.625,1.5625,9.6875],"texture":"#main"},"east":{"uv":[1.5625,9.625,2.1875,9.6875],"texture":"#main"},"south":{"uv":[2.8125,9.625,3.1875,9.6875],"texture":"#main"},"west":{"uv":[2.1875,9.625,2.8125,9.6875],"texture":"#main"},"up":{"uv":[1.5625,9.25,2.1875,9.625],"rotation":90,"texture":"#main"},"down":{"uv":[2.1875,9.25,2.8125,9.625],"rotation":90,"texture":"#main"}}},{"from":[-7.72248,4.70368,7],"to":[-3.72248,6.70368,9],"rotation":{"angle":0,"axis":"z","origin":[8.29268,7.2794,8]},"faces":{"north":{"uv":[0,9.0625,0.25,9.1875],"texture":"#main"},"east":{"uv":[0.625,9.0625,0.75,9.1875],"texture":"#main"},"south":{"uv":[0.375,9.0625,0.625,9.1875],"texture":"#main"},"west":{"uv":[0.25,9.0625,0.375,9.1875],"texture":"#main"},"up":{"uv":[0.25,8.8125,0.375,9.0625],"rotation":90,"texture":"#main"},"down":{"uv":[0.375,8.8125,0.5,9.0625],"rotation":90,"texture":"#main"}}}],"display":{"gui":{"rotation":[30,135,0],"translation":[1,0,0],"scale":[0.5,0.5,0.5]},"head":{"rotation":[0,-90,0],"translation":[0,-9.75,-5],"scale":[2,2,2]}},"credit":"Model by Craftventure"}