{"texture_size":[64,64],"textures":{"0":"block/fenrir2","particle":"block/fenrir2"},"elements":[{"from":[-4,1.5,3.5],"to":[-4,3.5,11.5],"rotation":{"angle":0,"axis":"y","origin":[8,2.5,0.75]},"faces":{"east":{"uv":[6.75,6.75,8.75,7.25],"texture":"#0"},"west":{"uv":[8.75,6.75,6.75,7.25],"texture":"#0"}}},{"from":[-4,3.5,2.5],"to":[2,5.5,11.5],"rotation":{"angle":0,"axis":"y","origin":[8,4.5,0.75]},"faces":{"north":{"uv":[3,7.25,1.5,7.75],"texture":"#0"},"south":{"uv":[8.25,7.25,6.75,7.75],"texture":"#0"},"west":{"uv":[3.75,6.75,1.5,7.25],"texture":"#0"},"down":{"uv":[4.5,0,6,2.25],"texture":"#0"}}},{"from":[-3.985,3.68088,2.46402],"to":[2,7.68088,11.21402],"rotation":{"angle":-22.5,"axis":"x","origin":[7.985,6.68088,7.96402]},"faces":{"west":{"uv":[8.25,2,6,3],"texture":"#0"},"up":{"uv":[0,7.75,1.5,5.5],"texture":"#0"}}},{"from":[-4,5.5,10.5],"to":[2,8.815,11.5],"rotation":{"angle":0,"axis":"y","origin":[8,6.52,0.75]},"faces":{"south":{"uv":[6.75,6.75,5.25,7.5],"texture":"#0"},"west":{"uv":[5.25,7.5,5,8.25],"texture":"#0"},"up":{"uv":[1.5,5.75,3,5.5],"texture":"#0"}}},{"from":[20,1.5,3.5],"to":[20,3.5,11.5],"rotation":{"angle":0,"axis":"y","origin":[8,2.5,0.75]},"faces":{"east":{"uv":[6.75,6.75,8.75,7.25],"texture":"#0"},"west":{"uv":[8.75,6.75,6.75,7.25],"texture":"#0"}}},{"from":[14,3.5,2.5],"to":[20,5.5,11.5],"rotation":{"angle":0,"axis":"y","origin":[8,4.5,0.75]},"faces":{"north":{"uv":[1.5,7.25,3,7.75],"texture":"#0"},"east":{"uv":[1.5,6.75,3.75,7.25],"texture":"#0"},"south":{"uv":[6.75,7.25,8.25,7.75],"texture":"#0"},"down":{"uv":[6,0,4.5,2.25],"texture":"#0"}}},{"from":[14,3.68088,2.46402],"to":[19.985,7.68088,11.21402],"rotation":{"angle":-22.5,"axis":"x","origin":[8.015,6.68088,7.96402]},"faces":{"east":{"uv":[6,2,8.25,3],"texture":"#0"},"up":{"uv":[1.5,7.75,0,5.5],"texture":"#0"}}},{"from":[14,5.5,10.5],"to":[20,8.815,11.5],"rotation":{"angle":0,"axis":"y","origin":[8,6.52,0.75]},"faces":{"east":{"uv":[5,7.5,5.25,8.25],"texture":"#0"},"south":{"uv":[5.25,6.75,6.75,7.5],"texture":"#0"},"up":{"uv":[3,5.75,1.5,5.5],"texture":"#0"}}},{"from":[2,3.5,0.5],"to":[14,5.5,11.5],"rotation":{"angle":0,"axis":"y","origin":[8,4.5,0.75]},"faces":{"north":{"uv":[3,2.25,6,2.75],"texture":"#0"},"east":{"uv":[6,4.5,8.75,5],"texture":"#0"},"south":{"uv":[6,4,9,4.5],"texture":"#0"},"west":{"uv":[8.75,4.5,6,5],"texture":"#0"},"down":{"uv":[3,2.75,0,5.5],"texture":"#0"}}},{"from":[2.03,3.68088,0.46402],"to":[13.97,7.68088,11.33902],"rotation":{"angle":-22.5,"axis":"x","origin":[8,6.68088,5.96402]},"faces":{"east":{"uv":[6,0,8.75,1],"texture":"#0"},"west":{"uv":[8.75,0,6,1],"texture":"#0"},"up":{"uv":[6,5.75,3,3],"texture":"#0"}}},{"from":[2,5.5,10.5],"to":[14,9.64,11.5],"rotation":{"angle":0,"axis":"x","origin":[8,6.535,0.75]},"faces":{"east":{"uv":[4.5,7.5,4.75,8.5],"texture":"#0"},"south":{"uv":[4.5,5.75,7.5,6.75],"texture":"#0"},"west":{"uv":[4.5,7.5,4.75,8.5],"texture":"#0"},"up":{"uv":[6,3,3,2.75],"texture":"#0"}}},{"from":[-4.1,-3.25,8.4],"to":[-0.9,-1.25,11.6],"rotation":{"angle":0,"axis":"z","origin":[-2.5,-2.25,7.6]},"faces":{"north":{"uv":[1,0,1.5,1],"rotation":270,"texture":"#0"},"east":{"uv":[1.5,0,1,1],"rotation":90,"texture":"#0"},"south":{"uv":[2,0,2.5,1],"rotation":90,"texture":"#0"},"west":{"uv":[1.5,0,2,1],"rotation":90,"texture":"#0"},"up":{"uv":[0,0,1,1],"rotation":90,"texture":"#0"},"down":{"uv":[1,0,0,1],"rotation":90,"texture":"#0"}}},{"from":[-4.084,-3.4375,3.04],"to":[-0.916,-1.0625,10.96],"rotation":{"angle":0,"axis":"z","origin":[-2.5,-2.25,7]},"faces":{"up":{"uv":[0,1,2.5,2],"rotation":90,"texture":"#0"},"down":{"uv":[2.5,1,0,2],"rotation":90,"texture":"#0"}}},{"from":[-3.78,-3.125,8.72],"to":[-1.22,-1.375,11.28],"rotation":{"angle":0,"axis":"z","origin":[-2.5,-2.25,7.6]},"faces":{"up":{"uv":[2.5,0,3.5,1],"rotation":90,"texture":"#0"},"down":{"uv":[3.5,0,2.5,1],"rotation":90,"texture":"#0"}}},{"from":[-4.1,-3.25,2.4],"to":[-0.9,-1.25,5.6],"rotation":{"angle":0,"axis":"z","origin":[-2.5,-2.25,6.4]},"faces":{"north":{"uv":[1,0,1.5,1],"rotation":270,"texture":"#0"},"east":{"uv":[1.5,0,1,1],"rotation":90,"texture":"#0"},"south":{"uv":[2,0,2.5,1],"rotation":90,"texture":"#0"},"west":{"uv":[1.5,0,2,1],"rotation":90,"texture":"#0"},"up":{"uv":[0,0,1,1],"rotation":90,"texture":"#0"},"down":{"uv":[1,0,0,1],"rotation":90,"texture":"#0"}}},{"from":[-3.78,-3.125,2.72],"to":[-1.22,-1.375,5.28],"rotation":{"angle":0,"axis":"z","origin":[-2.5,-2.25,6.4]},"faces":{"up":{"uv":[2.5,0,3.5,1],"rotation":90,"texture":"#0"},"down":{"uv":[3.5,0,2.5,1],"rotation":90,"texture":"#0"}}},{"from":[-0.5,-1.25,8],"to":[1.5,2.75,12],"rotation":{"angle":0,"axis":"y","origin":[7.5,8,16]},"faces":{"north":{"uv":[1,0,1.5,1],"texture":"#0"},"east":{"uv":[1,0,0,1],"texture":"#0"},"south":{"uv":[2,0,2.5,1],"texture":"#0"},"west":{"uv":[0,0,1,1],"texture":"#0"},"up":{"uv":[1.5,0,1,1],"texture":"#0"},"down":{"uv":[1.5,0,2,1],"texture":"#0"}}},{"from":[-0.6875,-0.834,3.04],"to":[1.6875,2.334,10.96],"rotation":{"angle":0,"axis":"y","origin":[7.0645,6.492,14.128]},"faces":{"east":{"uv":[2.5,1,0,2],"texture":"#0"},"west":{"uv":[0,1,2.5,2],"texture":"#0"}}},{"from":[-0.375,-0.85,8.4],"to":[1.375,2.35,11.6],"rotation":{"angle":0,"axis":"y","origin":[7.25,6.55,14.8]},"faces":{"east":{"uv":[3.5,0,2.5,1],"texture":"#0"},"west":{"uv":[2.5,0,3.5,1],"texture":"#0"}}},{"from":[-0.5,-1.25,2],"to":[1.5,2.75,6],"rotation":{"angle":0,"axis":"y","origin":[7.5,8,10]},"faces":{"north":{"uv":[1,0,1.5,1],"texture":"#0"},"east":{"uv":[1,0,0,1],"texture":"#0"},"south":{"uv":[2,0,2.5,1],"texture":"#0"},"west":{"uv":[0,0,1,1],"texture":"#0"},"up":{"uv":[1.5,0,1,1],"texture":"#0"},"down":{"uv":[1.5,0,2,1],"texture":"#0"}}},{"from":[-0.375,-0.85,2.4],"to":[1.375,2.35,5.6],"rotation":{"angle":0,"axis":"y","origin":[7.25,6.55,8.8]},"faces":{"east":{"uv":[3.5,0,2.5,1],"texture":"#0"},"west":{"uv":[2.5,0,3.5,1],"texture":"#0"}}},{"from":[-1.875,-2.5,6.5],"to":[0.125,1.5,7.5],"rotation":{"angle":-45,"axis":"z","origin":[-0.875,0,7]},"faces":{"north":{"uv":[1.25,1.25,0.25,1.75],"rotation":270,"texture":"#0"},"east":{"uv":[0.25,1.5,1.25,1.75],"rotation":90,"texture":"#0"},"south":{"uv":[0,1.25,1,1.75],"rotation":90,"texture":"#0"},"west":{"uv":[0.25,1.25,1.25,1.5],"rotation":90,"texture":"#0"}}},{"from":[-3.5,-3.5,6],"to":[-1.5,-0.5,8],"rotation":{"angle":0,"axis":"y","origin":[5,4,14]},"faces":{"north":{"uv":[4,0,3.5,0.75],"texture":"#0"},"east":{"uv":[3.5,0,4,0.75],"texture":"#0"},"south":{"uv":[4,0,3.5,0.75],"texture":"#0"},"west":{"uv":[3.5,0,4,0.75],"texture":"#0"},"up":{"uv":[0.25,1.25,0.75,1.75],"texture":"#0"},"down":{"uv":[2.5,0,3,0.5],"texture":"#0"}}},{"from":[-0.5,0.5,6],"to":[1.5,3.5,8],"rotation":{"angle":0,"axis":"y","origin":[8,8,14]},"faces":{"north":{"uv":[4,0,3.5,0.75],"texture":"#0"},"east":{"uv":[3.5,0,4,0.75],"texture":"#0"},"south":{"uv":[4,0,3.5,0.75],"texture":"#0"},"west":{"uv":[3.5,0,4,0.75],"texture":"#0"},"down":{"uv":[2.5,0,3,0.5],"texture":"#0"}}},{"from":[16.9,-3.25,2.4],"to":[20.1,-1.25,5.6],"rotation":{"angle":0,"axis":"z","origin":[18.5,-2.25,6.4]},"faces":{"north":{"uv":[2,0,2.5,1],"rotation":90,"texture":"#0"},"east":{"uv":[1.5,0,2,1],"rotation":90,"texture":"#0"},"south":{"uv":[1,0,1.5,1],"rotation":270,"texture":"#0"},"west":{"uv":[1.5,0,1,1],"rotation":90,"texture":"#0"},"up":{"uv":[1,1,0,0],"rotation":90,"texture":"#0"},"down":{"uv":[0,1,1,0],"rotation":90,"texture":"#0"}}},{"from":[16.916,-3.4375,3.04],"to":[20.084,-1.0625,10.96],"rotation":{"angle":0,"axis":"z","origin":[18.5,-2.25,7]},"faces":{"up":{"uv":[2.5,2,0,1],"rotation":90,"texture":"#0"},"down":{"uv":[0,2,2.5,1],"rotation":90,"texture":"#0"}}},{"from":[17.22,-3.125,2.72],"to":[19.78,-1.375,5.28],"rotation":{"angle":0,"axis":"z","origin":[18.5,-2.25,6.4]},"faces":{"up":{"uv":[3.5,1,2.5,0],"rotation":90,"texture":"#0"},"down":{"uv":[2.5,1,3.5,0],"rotation":90,"texture":"#0"}}},{"from":[16.9,-3.25,8.4],"to":[20.1,-1.25,11.6],"rotation":{"angle":0,"axis":"z","origin":[18.5,-2.25,7.6]},"faces":{"north":{"uv":[2,0,2.5,1],"rotation":90,"texture":"#0"},"east":{"uv":[1.5,0,2,1],"rotation":90,"texture":"#0"},"south":{"uv":[1,0,1.5,1],"rotation":270,"texture":"#0"},"west":{"uv":[1.5,0,1,1],"rotation":90,"texture":"#0"},"up":{"uv":[1,1,0,0],"rotation":90,"texture":"#0"},"down":{"uv":[0,1,1,0],"rotation":90,"texture":"#0"}}},{"from":[17.22,-3.125,8.72],"to":[19.78,-1.375,11.28],"rotation":{"angle":0,"axis":"z","origin":[18.5,-2.25,7.6]},"faces":{"up":{"uv":[3.5,1,2.5,0],"rotation":90,"texture":"#0"},"down":{"uv":[2.5,1,3.5,0],"rotation":90,"texture":"#0"}}},{"from":[14.5,-1.25,2],"to":[16.5,2.75,6],"rotation":{"angle":0,"axis":"y","origin":[8.5,8,-2]},"faces":{"north":{"uv":[2,0,2.5,1],"texture":"#0"},"east":{"uv":[0,0,1,1],"texture":"#0"},"south":{"uv":[1,0,1.5,1],"texture":"#0"},"west":{"uv":[1,0,0,1],"texture":"#0"},"up":{"uv":[1,1,1.5,0],"texture":"#0"},"down":{"uv":[2,1,1.5,0],"texture":"#0"}}},{"from":[14.3125,-0.834,3.04],"to":[16.6875,2.334,10.96],"rotation":{"angle":0,"axis":"y","origin":[8.9355,6.492,-0.128]},"faces":{"east":{"uv":[0,1,2.5,2],"texture":"#0"},"west":{"uv":[2.5,1,0,2],"texture":"#0"}}},{"from":[14.625,-0.85,2.4],"to":[16.375,2.35,5.6],"rotation":{"angle":0,"axis":"y","origin":[8.75,6.55,-0.8]},"faces":{"east":{"uv":[2.5,0,3.5,1],"texture":"#0"},"west":{"uv":[3.5,0,2.5,1],"texture":"#0"}}},{"from":[14.5,-1.25,8],"to":[16.5,2.75,12],"rotation":{"angle":0,"axis":"y","origin":[8.5,8,4]},"faces":{"north":{"uv":[2,0,2.5,1],"texture":"#0"},"east":{"uv":[0,0,1,1],"texture":"#0"},"south":{"uv":[1,0,1.5,1],"texture":"#0"},"west":{"uv":[1,0,0,1],"texture":"#0"},"up":{"uv":[1,1,1.5,0],"texture":"#0"},"down":{"uv":[2,1,1.5,0],"texture":"#0"}}},{"from":[14.625,-0.85,8.4],"to":[16.375,2.35,11.6],"rotation":{"angle":0,"axis":"y","origin":[8.75,6.55,5.2]},"faces":{"east":{"uv":[2.5,0,3.5,1],"texture":"#0"},"west":{"uv":[3.5,0,2.5,1],"texture":"#0"}}},{"from":[15.875,-2.5,6.5],"to":[17.875,1.5,7.5],"rotation":{"angle":45,"axis":"z","origin":[16.875,0,7]},"faces":{"north":{"uv":[0,1.25,1,1.75],"rotation":90,"texture":"#0"},"east":{"uv":[0.25,1.25,1.25,1.5],"rotation":90,"texture":"#0"},"south":{"uv":[1.25,1.25,0.25,1.75],"rotation":270,"texture":"#0"},"west":{"uv":[0.25,1.5,1.25,1.75],"rotation":90,"texture":"#0"}}},{"from":[17.5,-3.5,6],"to":[19.5,-0.5,8],"rotation":{"angle":0,"axis":"y","origin":[11,4,0]},"faces":{"north":{"uv":[4,0,3.5,0.75],"texture":"#0"},"east":{"uv":[3.5,0,4,0.75],"texture":"#0"},"south":{"uv":[4,0,3.5,0.75],"texture":"#0"},"west":{"uv":[3.5,0,4,0.75],"texture":"#0"},"up":{"uv":[0.75,1.75,0.25,1.25],"texture":"#0"},"down":{"uv":[3,0.5,2.5,0],"texture":"#0"}}},{"from":[14.5,0.5,6],"to":[16.5,3.5,8],"rotation":{"angle":0,"axis":"y","origin":[8,8,0]},"faces":{"north":{"uv":[4,0,3.5,0.75],"texture":"#0"},"east":{"uv":[3.5,0,4,0.75],"texture":"#0"},"south":{"uv":[4,0,3.5,0.75],"texture":"#0"},"west":{"uv":[3.5,0,4,0.75],"texture":"#0"},"down":{"uv":[3,0.5,2.5,0],"texture":"#0"}}}],"display":{"gui":{"rotation":[30,-135,0],"translation":[0,1,0],"scale":[0.38,0.38,0.38]},"head":{"translation":[9.26,-0.57,1],"scale":[1.6,1.6,1.6]}},"groups":[{"name":"group","origin":[8,8,8],"children":[{"name":"group","origin":[8,6.5,0.75],"children":[0,1,2,3]},{"name":"group","origin":[8,6.5,0.75],"children":[4,5,6,7]},{"name":"group","origin":[8,6.5,0.75],"children":[8,9,10]}]},{"name":"group","origin":[8,8,8],"children":[{"name":"group","origin":[8,8,8],"children":[{"name":"group","origin":[7.25,6.55,8.8],"children":[11,12,13]},{"name":"group","origin":[7.25,6.55,8.8],"children":[14,15]}]},{"name":"group","origin":[8,8,8],"children":[{"name":"group","origin":[7.25,6.55,8.8],"children":[16,17,18]},{"name":"group","origin":[7.25,6.55,8.8],"children":[19,20]}]},21,22,23]},{"name":"group","origin":[8,8,8],"children":[{"name":"group","origin":[8,8,8],"children":[{"name":"group","origin":[7.25,6.55,8.8],"children":[24,25,26]},{"name":"group","origin":[7.25,6.55,8.8],"children":[27,28]}]},{"name":"group","origin":[8,8,8],"children":[{"name":"group","origin":[7.25,6.55,8.8],"children":[29,30,31]},{"name":"group","origin":[7.25,6.55,8.8],"children":[32,33]}]},34,35,36]}],"credit":"Model by Craftventure"}