{"textures":{"0":"block/red_concrete","1":"block/red_terracotta","2":"block/clay","3":"item/cookie","4":"entity/parrot/parrot_grey","particle":"block/red_concrete","wielen inner":"block/piston_inner","cauldron_inner":"block/cauldron_inner","anvil":"block/anvil","stone_slab_top":"block/smooth_stone"},"elements":[{"from":[-1.5,3.5,6.8],"to":[17.5,7,12.3],"rotation":{"angle":0,"axis":"y","origin":[8,5.25,9.55]},"faces":{"north":{"uv":[12.5,8,14.5,11.5],"texture":"#stone_slab_top"},"east":{"uv":[7,8,9,11.5],"texture":"#stone_slab_top"},"south":{"uv":[1.5,8,3.5,11.5],"texture":"#stone_slab_top"},"west":{"uv":[7,8,9,11.5],"texture":"#stone_slab_top"},"up":{"uv":[1.5,7,3.5,9],"texture":"#stone_slab_top"},"down":{"uv":[14.5,9,12.5,7],"texture":"#stone_slab_top"}}},{"from":[-1.5,3,-1],"to":[17.5,3.5,9.575],"rotation":{"angle":0,"axis":"y","origin":[8,3.25,4.25]},"faces":{"north":{"uv":[0.032,0.032,15.968,15.968],"texture":"#stone_slab_top"},"east":{"uv":[0.032,0.032,15.968,15.968],"texture":"#stone_slab_top"},"south":{"uv":[0.032,0.032,15.968,15.968],"texture":"#stone_slab_top"},"west":{"uv":[0.032,0.032,15.968,15.968],"texture":"#stone_slab_top"},"up":{"uv":[0.032,0.032,15.968,15.968],"texture":"#2"},"down":{"uv":[0.032,0.032,15.968,15.968],"texture":"#stone_slab_top"}}},{"from":[-1.5,7,6.8],"to":[17.5,8,10.8],"rotation":{"angle":0,"axis":"y","origin":[8,7.5,8.8]},"faces":{"north":{"uv":[0,0,16,1],"texture":"#anvil"},"east":{"uv":[0,0,4,1],"texture":"#anvil"},"south":{"uv":[0,0,16,1],"texture":"#anvil"},"west":{"uv":[0,0,4,1],"texture":"#anvil"},"up":{"uv":[0,0,16,4],"texture":"#anvil"},"down":{"uv":[0,0,16,4],"texture":"#anvil"}}},{"from":[0,0,23],"to":[1.5,2,25],"rotation":{"angle":0,"axis":"y","origin":[0.75,1,24]},"faces":{"north":{"uv":[4,4,12,12],"texture":"#wielen inner"},"east":{"uv":[4,4,12,12],"texture":"#wielen inner"},"south":{"uv":[5,5,11,11],"texture":"#wielen inner"},"west":{"uv":[4,4,12,12],"texture":"#wielen inner"},"up":{"uv":[4,4,12,12],"texture":"#wielen inner"},"down":{"uv":[4,4,12,12],"texture":"#wielen inner"}}},{"from":[0,2,23],"to":[1.5,2.5,25],"rotation":{"angle":0,"axis":"y","origin":[0.75,2.25,24]},"faces":{"north":{"uv":[0,0,1.5,0.5],"texture":"#anvil"},"east":{"uv":[0,0,2,0.5],"texture":"#anvil"},"south":{"uv":[0,0,1.5,0.5],"texture":"#anvil"},"west":{"uv":[0,0,2,0.5],"texture":"#anvil"},"up":{"uv":[0,0,1.5,2],"texture":"#anvil"},"down":{"uv":[0,0,1.5,2],"texture":"#anvil"}}},{"from":[0,-0.5,23],"to":[1.5,0,25],"rotation":{"angle":0,"axis":"y","origin":[0.75,-0.25,24]},"faces":{"north":{"uv":[0,0,1.5,0.5],"texture":"#anvil"},"east":{"uv":[0,0,2,0.5],"texture":"#anvil"},"south":{"uv":[0,0,1.5,0.5],"texture":"#anvil"},"west":{"uv":[0,0,2,0.5],"texture":"#anvil"},"up":{"uv":[0,0,1.5,2],"texture":"#anvil"},"down":{"uv":[0,0,1.5,2],"texture":"#anvil"}}},{"from":[14.5,0,0],"to":[16,2,2],"rotation":{"angle":0,"axis":"y","origin":[15.25,1,1]},"faces":{"north":{"uv":[4,4,12,12],"texture":"#wielen inner"},"east":{"uv":[4,4,12,12],"texture":"#wielen inner"},"south":{"uv":[4,4,12,12],"texture":"#wielen inner"},"west":{"uv":[4,4,12,12],"texture":"#wielen inner"},"up":{"uv":[4,4,12,12],"texture":"#wielen inner"},"down":{"uv":[4,4,12,12],"texture":"#wielen inner"}}},{"from":[0,0,22.5],"to":[1.5,2,23],"rotation":{"angle":0,"axis":"y","origin":[0.75,1,22.75]},"faces":{"north":{"uv":[0,0,1.5,2],"texture":"#anvil"},"east":{"uv":[0,0,0.5,2],"texture":"#anvil"},"south":{"uv":[0,0,1.5,2],"texture":"#anvil"},"west":{"uv":[0,0,0.5,2],"texture":"#anvil"},"up":{"uv":[0,0,1.5,0.5],"texture":"#anvil"},"down":{"uv":[0,0,1.5,0.5],"texture":"#anvil"}}},{"from":[0,0,25],"to":[1.5,2,25.5],"rotation":{"angle":0,"axis":"y","origin":[0.75,1,25.25]},"faces":{"north":{"uv":[0,0,1.5,2],"texture":"#anvil"},"east":{"uv":[0,0,0.5,2],"texture":"#anvil"},"south":{"uv":[0,0,1.5,2],"texture":"#anvil"},"west":{"uv":[0,0,0.5,2],"texture":"#anvil"},"up":{"uv":[0,0,1.5,0.5],"texture":"#anvil"},"down":{"uv":[0,0,1.5,0.5],"texture":"#anvil"}}},{"from":[-0.5,0.5,0.5],"to":[0,1.5,1.5],"rotation":{"angle":0,"axis":"y","origin":[-0.25,1,1]},"faces":{"north":{"uv":[0,0,0.5,1],"texture":"#stone_slab_top"},"east":{"uv":[0,0,1,1],"texture":"#stone_slab_top"},"south":{"uv":[0,0,0.5,1],"texture":"#stone_slab_top"},"west":{"uv":[0,0,1,1],"texture":"#stone_slab_top"},"up":{"uv":[0,0,0.5,1],"texture":"#stone_slab_top"},"down":{"uv":[0,0,0.5,1],"texture":"#stone_slab_top"}}},{"from":[14.5,0,2],"to":[16,2,2.5],"rotation":{"angle":0,"axis":"y","origin":[15.25,1,2.25]},"faces":{"north":{"uv":[0,0,1.5,2],"texture":"#anvil"},"east":{"uv":[0,0,0.5,2],"texture":"#anvil"},"south":{"uv":[0,0,1.5,2],"texture":"#anvil"},"west":{"uv":[0,0,0.5,2],"texture":"#anvil"},"up":{"uv":[0,0,1.5,0.5],"texture":"#anvil"},"down":{"uv":[0,0,1.5,0.5],"texture":"#anvil"}}},{"from":[14.5,-0.5,0],"to":[16,0,2],"rotation":{"angle":0,"axis":"y","origin":[15.25,-0.25,1]},"faces":{"north":{"uv":[0,0,1.5,0.5],"texture":"#anvil"},"east":{"uv":[0,0,2,0.5],"texture":"#anvil"},"south":{"uv":[0,0,1.5,0.5],"texture":"#anvil"},"west":{"uv":[0,0,2,0.5],"texture":"#anvil"},"up":{"uv":[0,0,1.5,2],"texture":"#anvil"},"down":{"uv":[0,0,1.5,2],"texture":"#anvil"}}},{"from":[14.5,2,0],"to":[16,2.5,2],"rotation":{"angle":0,"axis":"y","origin":[15.25,2.25,1]},"faces":{"north":{"uv":[0,0,1.5,0.5],"texture":"#anvil"},"east":{"uv":[0,0,2,0.5],"texture":"#anvil"},"south":{"uv":[0,0,1.5,0.5],"texture":"#anvil"},"west":{"uv":[0,0,2,0.5],"texture":"#anvil"},"up":{"uv":[0,0,1.5,2],"texture":"#anvil"},"down":{"uv":[0,0,1.5,2],"texture":"#anvil"}}},{"from":[16,0.5,23.5],"to":[16.5,2,24.5],"rotation":{"angle":0,"axis":"y","origin":[16.25,1.25,24]},"faces":{"north":{"uv":[0,0,0.5,1.5],"texture":"#stone_slab_top"},"east":{"uv":[0,0,1,1.5],"texture":"#stone_slab_top"},"south":{"uv":[0,0,0.5,1.5],"texture":"#stone_slab_top"},"west":{"uv":[0,0,1,1.5],"texture":"#stone_slab_top"},"up":{"uv":[0,0,0.5,1],"texture":"#stone_slab_top"},"down":{"uv":[0,0,0.5,1],"texture":"#stone_slab_top"}}},{"from":[14.5,0,-0.5],"to":[16,2,0],"rotation":{"angle":0,"axis":"y","origin":[15.25,1,-0.25]},"faces":{"north":{"uv":[0,0,1.5,2],"texture":"#anvil"},"east":{"uv":[0,0,0.5,2],"texture":"#anvil"},"south":{"uv":[0,0,1.5,2],"texture":"#anvil"},"west":{"uv":[0,0,0.5,2],"texture":"#anvil"},"up":{"uv":[0,0,1.5,0.5],"texture":"#anvil"},"down":{"uv":[0,0,1.5,0.5],"texture":"#anvil"}}},{"from":[14.5,0,25],"to":[16,2,25.5],"rotation":{"angle":0,"axis":"y","origin":[15.25,1,25.25]},"faces":{"north":{"uv":[0,0,1.5,2],"texture":"#anvil"},"east":{"uv":[0,0,0.5,2],"texture":"#anvil"},"south":{"uv":[0,0,1.5,2],"texture":"#anvil"},"west":{"uv":[0,0,0.5,2],"texture":"#anvil"},"up":{"uv":[0,0,1.5,0.5],"texture":"#anvil"},"down":{"uv":[0,0,1.5,0.5],"texture":"#anvil"}}},{"from":[14.5,2,23],"to":[16,2.5,25],"rotation":{"angle":0,"axis":"y","origin":[15.25,2.25,24]},"faces":{"north":{"uv":[0,0,1.5,0.5],"texture":"#anvil"},"east":{"uv":[0,0,2,0.5],"texture":"#anvil"},"south":{"uv":[0,0,1.5,0.5],"texture":"#anvil"},"west":{"uv":[0,0,2,0.5],"texture":"#anvil"},"up":{"uv":[0,0,1.5,2],"texture":"#anvil"},"down":{"uv":[0,0,1.5,2],"texture":"#anvil"}}},{"from":[14.5,-0.5,23],"to":[16,0,25],"rotation":{"angle":0,"axis":"y","origin":[15.25,-0.25,24]},"faces":{"north":{"uv":[0,0,1.5,0.5],"texture":"#anvil"},"east":{"uv":[0,0,2,0.5],"texture":"#anvil"},"south":{"uv":[0,0,1.5,0.5],"texture":"#anvil"},"west":{"uv":[0,0,2,0.5],"texture":"#anvil"},"up":{"uv":[0,0,1.5,2],"texture":"#anvil"},"down":{"uv":[0,0,1.5,2],"texture":"#anvil"}}},{"from":[14.5,0,22.5],"to":[16,2,23],"rotation":{"angle":0,"axis":"y","origin":[15.25,1,22.75]},"faces":{"north":{"uv":[0,0,1.5,2],"texture":"#anvil"},"east":{"uv":[0,0,0.5,2],"texture":"#anvil"},"south":{"uv":[0,0,1.5,2],"texture":"#anvil"},"west":{"uv":[0,0,0.5,2],"texture":"#anvil"},"up":{"uv":[0,0,1.5,0.5],"texture":"#anvil"},"down":{"uv":[0,0,1.5,0.5],"texture":"#anvil"}}},{"from":[14.5,0,23],"to":[16,2,25],"rotation":{"angle":0,"axis":"y","origin":[15.25,1,24]},"faces":{"north":{"uv":[4,4,12,12],"texture":"#wielen inner"},"east":{"uv":[4,4,12,12],"texture":"#wielen inner"},"south":{"uv":[4,4,12,12],"texture":"#wielen inner"},"west":{"uv":[4,4,12,12],"texture":"#wielen inner"},"up":{"uv":[4,4,12,12],"texture":"#wielen inner"},"down":{"uv":[4,4,12,12],"texture":"#wielen inner"}}},{"from":[-1,1.5,23.5],"to":[0,4,24.5],"rotation":{"angle":0,"axis":"y","origin":[-0.5,2.75,24]},"faces":{"north":{"uv":[0,0,1,2.5],"texture":"#stone_slab_top"},"east":{"uv":[0,0,1,2.5],"texture":"#stone_slab_top"},"south":{"uv":[0,0,1,2.5],"texture":"#stone_slab_top"},"west":{"uv":[0,0,1,2.5],"texture":"#stone_slab_top"},"up":{"uv":[0,0,1,1],"texture":"#stone_slab_top"},"down":{"uv":[0,0,1,1],"texture":"#stone_slab_top"}}},{"from":[16,1.5,23.5],"to":[17,4,24.5],"rotation":{"angle":0,"axis":"y","origin":[16.5,2.75,24]},"faces":{"north":{"uv":[0,0,1,2.5],"texture":"#stone_slab_top"},"east":{"uv":[0,0,1,2.5],"texture":"#stone_slab_top"},"south":{"uv":[0,0,1,2.5],"texture":"#stone_slab_top"},"west":{"uv":[0,0,1,2.5],"texture":"#stone_slab_top"},"up":{"uv":[0,0,1,1],"texture":"#stone_slab_top"},"down":{"uv":[0,0,1,1],"texture":"#stone_slab_top"}}},{"from":[0,3.5,23.5],"to":[16,4,24.5],"rotation":{"angle":0,"axis":"y","origin":[8,3.75,24]},"faces":{"north":{"uv":[15.5,11.5,16,12.5],"texture":"#stone_slab_top"},"east":{"uv":[0,11.5,0,12.5],"texture":"#stone_slab_top"},"south":{"uv":[0,11.5,0.5,12.5],"texture":"#stone_slab_top"},"west":{"uv":[16,11.5,16,12.5],"texture":"#stone_slab_top"},"up":{"uv":[0,16,0.5,16],"texture":"#stone_slab_top"},"down":{"uv":[16,16,15.5,16],"texture":"#stone_slab_top"}}},{"from":[0,0,-0.5],"to":[1.5,2,0],"rotation":{"angle":0,"axis":"y","origin":[0.75,1,-0.25]},"faces":{"north":{"uv":[0,0,1.5,2],"texture":"#anvil"},"east":{"uv":[0,0,0.5,2],"texture":"#anvil"},"south":{"uv":[0,0,1.5,2],"texture":"#anvil"},"west":{"uv":[0,0,0.5,2],"texture":"#anvil"},"up":{"uv":[0,0,1.5,0.5],"texture":"#anvil"},"down":{"uv":[0,0,1.5,0.5],"texture":"#anvil"}}},{"from":[0,0,2],"to":[1.5,2,2.5],"rotation":{"angle":0,"axis":"y","origin":[0.75,1,2.25]},"faces":{"north":{"uv":[0,0,1.5,2],"texture":"#anvil"},"east":{"uv":[0,0,0.5,2],"texture":"#anvil"},"south":{"uv":[0,0,1.5,2],"texture":"#anvil"},"west":{"uv":[0,0,0.5,2],"texture":"#anvil"},"up":{"uv":[0,0,1.5,0.5],"texture":"#anvil"},"down":{"uv":[0,0,1.5,0.5],"texture":"#anvil"}}},{"from":[0,2,0],"to":[1.5,2.5,2],"rotation":{"angle":0,"axis":"y","origin":[0.75,2.25,1]},"faces":{"north":{"uv":[0,0,1.5,0.5],"texture":"#anvil"},"east":{"uv":[0,0,2,0.5],"texture":"#anvil"},"south":{"uv":[0,0,1.5,0.5],"texture":"#anvil"},"west":{"uv":[0,0,2,0.5],"texture":"#anvil"},"up":{"uv":[0,0,1.5,2],"texture":"#anvil"},"down":{"uv":[0,0,1.5,2],"texture":"#anvil"}}},{"from":[0,-0.5,0],"to":[1.5,0,2],"rotation":{"angle":0,"axis":"y","origin":[0.75,-0.25,1]},"faces":{"north":{"uv":[0,0,1.5,0.5],"texture":"#anvil"},"east":{"uv":[0,0,2,0.5],"texture":"#anvil"},"south":{"uv":[0,0,1.5,0.5],"texture":"#anvil"},"west":{"uv":[0,0,2,0.5],"texture":"#anvil"},"up":{"uv":[0,0,1.5,2],"texture":"#anvil"},"down":{"uv":[0,0,1.5,2],"texture":"#anvil"}}},{"from":[-1.5,9.91202,27.37639],"to":[17.5,15.91202,28.37639],"rotation":{"angle":22.5,"axis":"x","origin":[8,12.91202,27.87639]},"faces":{"north":{"uv":[0,0,16,6],"texture":"#anvil"},"east":{"uv":[0,0,1,6],"texture":"#anvil"},"south":{"uv":[0,0,16,6],"texture":"#anvil"},"west":{"uv":[0,0,1,6],"texture":"#anvil"},"up":{"uv":[0,0,16,1],"texture":"#anvil"},"down":{"uv":[0,0,16,1],"texture":"#anvil"}}},{"from":[-1.5,6.8544,6.01578],"to":[17.5,7.8544,7.01578],"rotation":{"angle":-22.5,"axis":"x","origin":[8,7.3544,6.51578]},"faces":{"north":{"uv":[0,8.375,16,9.375],"texture":"#anvil"},"east":{"uv":[0,8.375,16,9.375],"texture":"#anvil"},"south":{"uv":[0,8.375,16,9.375],"texture":"#anvil"},"west":{"uv":[0,8.375,16,9.375],"texture":"#anvil"},"up":{"uv":[0,8.375,16,9.375],"texture":"#anvil"},"down":{"uv":[0,8.375,16,9.375],"texture":"#anvil"}}},{"from":[-1.5,6.93934,10.94645],"to":[17.5,8.93934,11.94645],"rotation":{"angle":45,"axis":"x","origin":[8,7.93934,11.44645]},"faces":{"north":{"uv":[0,7,16,9],"texture":"#anvil"},"east":{"uv":[0,7,16,9],"texture":"#anvil"},"south":{"uv":[0,7,16,9],"texture":"#anvil"},"west":{"uv":[0,7,16,9],"texture":"#anvil"},"up":{"uv":[0,7,16,9],"texture":"#anvil"},"down":{"uv":[0,7,16,9],"texture":"#anvil"}}},{"from":[-1.5,14,13.8],"to":[17.5,15,14.8],"rotation":{"angle":0,"axis":"y","origin":[8,14.5,14.3]},"faces":{"north":{"uv":[0,1,16,2],"texture":"#anvil"},"east":{"uv":[0,1,16,2],"texture":"#anvil"},"south":{"uv":[0,1,16,2],"texture":"#anvil"},"west":{"uv":[0,1,16,2],"texture":"#anvil"},"up":{"uv":[0,1,16,2],"texture":"#anvil"},"down":{"uv":[0,1,16,2],"texture":"#anvil"}}},{"from":[-1.5,8.5,21.5],"to":[17.5,9.5,25.5],"rotation":{"angle":0,"axis":"y","origin":[8,9,23.5]},"faces":{"north":{"uv":[0,0,16,1],"texture":"#anvil"},"east":{"uv":[0,0,4,1],"texture":"#anvil"},"south":{"uv":[0,0,16,1],"texture":"#anvil"},"west":{"uv":[0,0,4,1],"texture":"#anvil"},"up":{"uv":[0,0,16,4],"texture":"#anvil"},"down":{"uv":[0,0,16,4],"texture":"#anvil"}}},{"from":[-1.5,8.43934,25.64645],"to":[17.5,10.43934,26.64645],"rotation":{"angle":45,"axis":"x","origin":[8,9.43934,26.14645]},"faces":{"north":{"uv":[0,5.5,16,7.5],"texture":"#anvil"},"east":{"uv":[0,5.5,16,7.5],"texture":"#anvil"},"south":{"uv":[0,5.5,16,7.5],"texture":"#anvil"},"west":{"uv":[0,5.5,16,7.5],"texture":"#anvil"},"up":{"uv":[0,5.5,16,7.5],"texture":"#anvil"},"down":{"uv":[0,5.5,16,7.5],"texture":"#anvil"}}},{"from":[-1.5,8.41202,12.67639],"to":[17.5,14.41202,13.67639],"rotation":{"angle":22.5,"axis":"x","origin":[8,11.41202,13.17639]},"faces":{"north":{"uv":[0,0,16,6],"texture":"#cauldron_inner"},"east":{"uv":[0,0,1,6],"texture":"#cauldron_inner"},"south":{"uv":[0,0,16,6],"texture":"#cauldron_inner"},"west":{"uv":[0,0,1,6],"texture":"#cauldron_inner"},"up":{"uv":[0,0,16,1],"texture":"#cauldron_inner"},"down":{"uv":[0,0,16,1],"texture":"#cauldron_inner"}}},{"from":[-1.5,15.5,28.5],"to":[17.5,16.5,29.5],"rotation":{"angle":0,"axis":"y","origin":[8,16,29]},"faces":{"north":{"uv":[0,0,16,0.5],"texture":"#anvil"},"east":{"uv":[0,0,16,0.5],"texture":"#anvil"},"south":{"uv":[0,0,16,0.5],"texture":"#anvil"},"west":{"uv":[0,0,16,0.5],"texture":"#anvil"},"up":{"uv":[0,0,16,0.5],"texture":"#anvil"},"down":{"uv":[0,0,16,0.5],"texture":"#anvil"}}},{"from":[-1.5,8.3544,20.71578],"to":[17.5,9.3544,21.71578],"rotation":{"angle":-22.5,"axis":"x","origin":[8,8.8544,21.21578]},"faces":{"north":{"uv":[0,6.875,16,7.875],"texture":"#anvil"},"east":{"uv":[0,6.875,16,7.875],"texture":"#anvil"},"south":{"uv":[0,6.875,16,7.875],"texture":"#anvil"},"west":{"uv":[0,6.875,16,7.875],"texture":"#anvil"},"up":{"uv":[0,6.875,16,7.875],"texture":"#anvil"},"down":{"uv":[0,6.875,16,7.875],"texture":"#anvil"}}},{"from":[-1,4.5,21.5],"to":[17,8.5,26.5],"rotation":{"angle":0,"axis":"y","origin":[8,6.5,24]},"faces":{"north":{"uv":[12.5,8,14.5,11.5],"texture":"#stone_slab_top"},"east":{"uv":[7,8,9,11.5],"texture":"#stone_slab_top"},"south":{"uv":[1.5,8,3.5,11.5],"texture":"#stone_slab_top"},"west":{"uv":[7,8,9,11.5],"texture":"#stone_slab_top"},"up":{"uv":[1.5,7,3.5,9],"texture":"#stone_slab_top"},"down":{"uv":[14.5,9,12.5,7],"texture":"#stone_slab_top"}}},{"from":[1.5,0.5,23.5],"to":[2,1.5,24.5],"rotation":{"angle":0,"axis":"y","origin":[1.75,1,24]},"faces":{"north":{"uv":[0,0,0.5,1],"texture":"#stone_slab_top"},"east":{"uv":[0,0,1,1],"texture":"#stone_slab_top"},"south":{"uv":[0,0,0.5,1],"texture":"#stone_slab_top"},"west":{"uv":[0,0,1,1],"texture":"#stone_slab_top"},"up":{"uv":[0,0,0.5,1],"texture":"#stone_slab_top"},"down":{"uv":[0,0,0.5,1],"texture":"#stone_slab_top"}}},{"from":[14,0.5,23.5],"to":[14.5,2,24.5],"rotation":{"angle":0,"axis":"y","origin":[14.25,1.25,24]},"faces":{"north":{"uv":[0,0,0.5,1.5],"texture":"#stone_slab_top"},"east":{"uv":[0,0,1,1.5],"texture":"#stone_slab_top"},"south":{"uv":[0,0,0.5,1.5],"texture":"#stone_slab_top"},"west":{"uv":[0,0,1,1.5],"texture":"#stone_slab_top"},"up":{"uv":[0,0,0.5,1],"texture":"#stone_slab_top"},"down":{"uv":[0,0,0.5,1],"texture":"#stone_slab_top"}}},{"from":[13.5,1.5,23.5],"to":[14.5,4,24.5],"rotation":{"angle":0,"axis":"y","origin":[14,2.75,24]},"faces":{"north":{"uv":[0,0,1,2.5],"texture":"#stone_slab_top"},"east":{"uv":[0,0,1,2.5],"texture":"#stone_slab_top"},"south":{"uv":[0,0,1,2.5],"texture":"#stone_slab_top"},"west":{"uv":[0,0,1,2.5],"texture":"#stone_slab_top"},"up":{"uv":[0,0,1,1],"texture":"#stone_slab_top"},"down":{"uv":[0,0,1,1],"texture":"#stone_slab_top"}}},{"from":[1.5,1.5,23.5],"to":[2.5,4,24.5],"rotation":{"angle":0,"axis":"y","origin":[2,2.75,24]},"faces":{"north":{"uv":[0,0,1,2.5],"texture":"#stone_slab_top"},"east":{"uv":[0,0,1,2.5],"texture":"#stone_slab_top"},"south":{"uv":[0,0,1,2.5],"texture":"#stone_slab_top"},"west":{"uv":[0,0,1,2.5],"texture":"#stone_slab_top"},"up":{"uv":[0,0,1,1],"texture":"#stone_slab_top"},"down":{"uv":[0,0,1,1],"texture":"#stone_slab_top"}}},{"from":[0,0,0],"to":[1.5,2,2],"rotation":{"angle":0,"axis":"y","origin":[0.75,1,1]},"faces":{"north":{"uv":[4,4,12,12],"texture":"#wielen inner"},"east":{"uv":[4,4,12,12],"texture":"#wielen inner"},"south":{"uv":[4,4,12,12],"texture":"#wielen inner"},"west":{"uv":[4,4,12,12],"texture":"#wielen inner"},"up":{"uv":[4,4,12,12],"texture":"#wielen inner"},"down":{"uv":[4,4,12,12],"texture":"#wielen inner"}}},{"from":[16,1.5,0.5],"to":[17,3,1.5],"rotation":{"angle":0,"axis":"y","origin":[16.5,2.25,1]},"faces":{"north":{"uv":[0,0,1,1.5],"texture":"#stone_slab_top"},"east":{"uv":[0,0,1,1.5],"texture":"#stone_slab_top"},"south":{"uv":[0,0,1,1.5],"texture":"#stone_slab_top"},"west":{"uv":[0,0,1,1.5],"texture":"#stone_slab_top"},"up":{"uv":[0,0,1,1],"texture":"#stone_slab_top"},"down":{"uv":[0,0,1,1],"texture":"#stone_slab_top"}}},{"from":[1.5,0.5,0.5],"to":[2,1.5,1.5],"rotation":{"angle":0,"axis":"y","origin":[1.75,1,1]},"faces":{"north":{"uv":[0,0,0.5,1],"texture":"#stone_slab_top"},"east":{"uv":[0,0,1,1],"texture":"#stone_slab_top"},"south":{"uv":[0,0,0.5,1],"texture":"#stone_slab_top"},"west":{"uv":[0,0,1,1],"texture":"#stone_slab_top"},"up":{"uv":[0,0,0.5,1],"texture":"#stone_slab_top"},"down":{"uv":[0,0,0.5,1],"texture":"#stone_slab_top"}}},{"from":[14,0.5,0.5],"to":[14.5,1.5,1.5],"rotation":{"angle":0,"axis":"y","origin":[14.25,1,1]},"faces":{"north":{"uv":[0,0,0.5,1],"texture":"#stone_slab_top"},"east":{"uv":[0,0,1,1],"texture":"#stone_slab_top"},"south":{"uv":[0,0,0.5,1],"texture":"#stone_slab_top"},"west":{"uv":[0,0,1,1],"texture":"#stone_slab_top"},"up":{"uv":[0,0,0.5,1],"texture":"#stone_slab_top"},"down":{"uv":[0,0,0.5,1],"texture":"#stone_slab_top"}}},{"from":[16,0.5,0.5],"to":[16.5,1.5,1.5],"rotation":{"angle":0,"axis":"y","origin":[16.25,1,1]},"faces":{"north":{"uv":[0,0,0.5,1],"texture":"#stone_slab_top"},"east":{"uv":[0,0,1,1],"texture":"#stone_slab_top"},"south":{"uv":[0,0,0.5,1],"texture":"#stone_slab_top"},"west":{"uv":[0,0,1,1],"texture":"#stone_slab_top"},"up":{"uv":[0,0,0.5,1],"texture":"#stone_slab_top"},"down":{"uv":[0,0,0.5,1],"texture":"#stone_slab_top"}}},{"from":[13.5,1.5,0.5],"to":[14.5,3,1.5],"rotation":{"angle":0,"axis":"y","origin":[14,2.25,1]},"faces":{"north":{"uv":[0,0,1,1.5],"texture":"#stone_slab_top"},"east":{"uv":[0,0,1,1.5],"texture":"#stone_slab_top"},"south":{"uv":[0,0,1,1.5],"texture":"#stone_slab_top"},"west":{"uv":[0,0,1,1.5],"texture":"#stone_slab_top"},"up":{"uv":[0,0,1,1],"texture":"#stone_slab_top"},"down":{"uv":[0,0,1,1],"texture":"#stone_slab_top"}}},{"from":[1.5,1.5,0.5],"to":[2.5,3,1.5],"rotation":{"angle":0,"axis":"y","origin":[2,2.25,1]},"faces":{"north":{"uv":[0,0,1,1.5],"texture":"#stone_slab_top"},"east":{"uv":[0,0,1,1.5],"texture":"#stone_slab_top"},"south":{"uv":[0,0,1,1.5],"texture":"#stone_slab_top"},"west":{"uv":[0,0,1,1.5],"texture":"#stone_slab_top"},"up":{"uv":[0,0,1,1],"texture":"#stone_slab_top"},"down":{"uv":[0,0,1,1],"texture":"#stone_slab_top"}}},{"from":[-1,1.5,0.5],"to":[0,3,1.5],"rotation":{"angle":0,"axis":"y","origin":[-0.5,2.25,1]},"faces":{"north":{"uv":[0,0,1,1.5],"texture":"#stone_slab_top"},"east":{"uv":[0,0,1,1.5],"texture":"#stone_slab_top"},"south":{"uv":[0,0,1,1.5],"texture":"#stone_slab_top"},"west":{"uv":[0,0,1,1.5],"texture":"#stone_slab_top"},"up":{"uv":[0,0,1,1],"texture":"#stone_slab_top"},"down":{"uv":[0,0,1,1],"texture":"#stone_slab_top"}}},{"from":[0,2.5,0.5],"to":[16,3,1.5],"rotation":{"angle":0,"axis":"y","origin":[8,2.75,1]},"faces":{"north":{"uv":[15.5,11.5,16,12.5],"texture":"#stone_slab_top"},"east":{"uv":[-1,11.5,0,12.5],"texture":"#stone_slab_top"},"south":{"uv":[0,11.5,0.5,12.5],"texture":"#stone_slab_top"},"west":{"uv":[15,11.5,16,12.5],"texture":"#stone_slab_top"},"up":{"uv":[-0.5,15,0.5,16],"texture":"#stone_slab_top"},"down":{"uv":[16,15,15.5,16],"texture":"#stone_slab_top"}}},{"from":[-0.5,0.5,23.5],"to":[0,1.5,24.5],"rotation":{"angle":0,"axis":"y","origin":[-0.25,1,24]},"faces":{"north":{"uv":[0,0,0.5,1],"texture":"#stone_slab_top"},"east":{"uv":[0,0,1,1],"texture":"#stone_slab_top"},"south":{"uv":[0,0,0.5,1],"texture":"#stone_slab_top"},"west":{"uv":[0,0,1,1],"texture":"#stone_slab_top"},"up":{"uv":[0,0,0.5,1],"texture":"#stone_slab_top"},"down":{"uv":[0,0,0.5,1],"texture":"#stone_slab_top"}}},{"from":[-2.00657,8.8,-2.53304],"to":[3.19343,10.5,-1.53304],"rotation":{"angle":22.5,"axis":"y","origin":[0.59343,9.65,-2.03304]},"faces":{"north":{"uv":[0,0,5.2,1.7],"texture":"#1"},"east":{"uv":[0,0,1,1.7],"texture":"#1"},"south":{"uv":[0,0,5.2,1.7],"texture":"#1"},"west":{"uv":[0,0,1,1.7],"texture":"#1"},"up":{"uv":[0,0,5.2,1],"texture":"#1"},"down":{"uv":[0,0,5.2,1],"texture":"#1"}}},{"from":[-1.5,3.37623,9.38746],"to":[17.5,3.87623,12.21246],"rotation":{"angle":-22.5,"axis":"x","origin":[8,3.62623,10.46246]},"faces":{"north":{"uv":[0,0,16,0.5],"texture":"#stone_slab_top"},"east":{"uv":[0,0,3.5,0.5],"texture":"#stone_slab_top"},"south":{"uv":[0,0,16,0.5],"texture":"#stone_slab_top"},"west":{"uv":[0,0,3.5,0.5],"texture":"#stone_slab_top"},"up":{"uv":[0,0,16,3.5],"texture":"#2"},"down":{"uv":[0,0,16,3.5],"texture":"#stone_slab_top"}}},{"from":[-1.5,4,12],"to":[17.5,4.5,26.5],"rotation":{"angle":0,"axis":"y","origin":[8,4.25,19.25]},"faces":{"north":{"uv":[0,0,16,16],"texture":"#stone_slab_top"},"east":{"uv":[0,0,16,16],"texture":"#stone_slab_top"},"south":{"uv":[0,0,16,16],"texture":"#stone_slab_top"},"west":{"uv":[0,0,16,16],"texture":"#stone_slab_top"},"up":{"uv":[0,0,16,16],"texture":"#2"},"down":{"uv":[0,0,16,16],"texture":"#stone_slab_top"}}},{"from":[12.89716,8.8,-2.53799],"to":[17.99716,10.5,-1.53799],"rotation":{"angle":-22.5,"axis":"y","origin":[15.44716,9.65,-2.03799]},"faces":{"north":{"uv":[0,0,5.1,1.7],"texture":"#1"},"east":{"uv":[0,0,1,1.7],"texture":"#1"},"south":{"uv":[0,0,5.1,1.7],"texture":"#1"},"west":{"uv":[0,0,1,1.7],"texture":"#1"},"up":{"uv":[0,0,5.1,1],"texture":"#1"},"down":{"uv":[0,0,5.1,1],"texture":"#1"}}},{"from":[2.78261,9.3,-3.47577],"to":[13.28261,11,-2.47577],"rotation":{"angle":0,"axis":"y","origin":[8.03261,10.15,-2.97577]},"faces":{"north":{"uv":[0,0,10.5,1.7],"texture":"#1"},"east":{"uv":[0,0,1,1.7],"texture":"#1"},"south":{"uv":[0,0,10.5,1.7],"texture":"#1"},"west":{"uv":[0,0,1,1.7],"texture":"#1"},"up":{"uv":[0,0,10.5,1],"texture":"#1"},"down":{"uv":[0,0,10.5,1],"texture":"#1"}}},{"from":[17.001,8.09777,-0.97783],"to":[18.001,10.09777,1.52217],"rotation":{"angle":22.5,"axis":"x","origin":[17.5,9.09777,0.27217]},"faces":{"north":{"uv":[0,0,1,2],"texture":"#1"},"east":{"uv":[0,0,2.5,2],"texture":"#1"},"south":{"uv":[0,0,1,2],"texture":"#1"},"west":{"uv":[0,0,2.5,2],"texture":"#1"},"up":{"uv":[0,0,1,2.5],"texture":"#1"},"down":{"uv":[0,0,1,2.5],"texture":"#1"}}},{"from":[17,1,-0.8],"to":[18,9.5,1.8],"rotation":{"angle":0,"axis":"y","origin":[17.5,5.25,0.5]},"faces":{"north":{"uv":[7,8,9,11.5],"texture":"#1"},"east":{"uv":[7,8,9,11.5],"texture":"#1"},"south":{"uv":[7,8,9,11.5],"texture":"#1"},"west":{"uv":[7,8,9,11.5],"texture":"#1"},"up":{"uv":[7,8,9,11.5],"texture":"#1"},"down":{"uv":[7,8,9,11.5],"texture":"#1"}}},{"from":[17,1,-1.5],"to":[18,10.5,-0.5],"rotation":{"angle":0,"axis":"y","origin":[17.5,5.75,-1]},"faces":{"north":{"uv":[7,8,9,11.5],"texture":"#1"},"east":{"uv":[7,8,9,11.5],"texture":"#1"},"south":{"uv":[7,8,9,11.5],"texture":"#1"},"west":{"uv":[7,8,9,11.5],"texture":"#1"},"up":{"uv":[7,8,9,11.5],"texture":"#1"},"down":{"uv":[7,8,9,11.5],"texture":"#1"}}},{"from":[-2,1,-1.5],"to":[-1,10.5,-0.5],"rotation":{"angle":0,"axis":"y","origin":[-1.5,5.75,-1]},"faces":{"north":{"uv":[12.5,8,14.5,11.5],"texture":"#1"},"east":{"uv":[12.5,8,14.5,11.5],"texture":"#1"},"south":{"uv":[12.5,8,14.5,11.5],"texture":"#1"},"west":{"uv":[12.5,8,14.5,11.5],"texture":"#1"},"up":{"uv":[12.5,8,14.5,11.5],"texture":"#1"},"down":{"uv":[12.5,8,14.5,11.5],"texture":"#1"}}},{"from":[-2.001,8.09777,-0.97783],"to":[-1.001,10.09777,1.52217],"rotation":{"angle":22.5,"axis":"x","origin":[-1.5,9.09777,0.27217]},"faces":{"north":{"uv":[0,0,1,2],"texture":"#1"},"east":{"uv":[0,0,2.5,2],"texture":"#1"},"south":{"uv":[0,0,1,2],"texture":"#1"},"west":{"uv":[0,0,2.5,2],"texture":"#1"},"up":{"uv":[0,0,1,2.5],"texture":"#1"},"down":{"uv":[0,0,1,2.5],"texture":"#1"}}},{"from":[-2,1,-0.5],"to":[-1,9.5,1.8],"rotation":{"angle":0,"axis":"y","origin":[-1.5,5.25,0.65]},"faces":{"north":{"uv":[12.5,8,14.5,11.5],"texture":"#1"},"east":{"uv":[12.5,8,14.5,11.5],"texture":"#1"},"south":{"uv":[12.5,8,14.5,11.5],"texture":"#1"},"west":{"uv":[12.5,8,14.5,11.5],"texture":"#1"},"up":{"uv":[12.5,8,14.5,11.5],"texture":"#1"},"down":{"uv":[12.5,8,14.5,11.5],"texture":"#1"}}},{"from":[-1.5,4.67023,12.94419],"to":[17.5,14.17023,13.94419],"rotation":{"angle":22.5,"axis":"x","origin":[8,9.42023,13.44419]},"faces":{"north":{"uv":[7,8,9,11.5],"texture":"#1"},"east":{"uv":[7,8,9,11.5],"texture":"#1"},"south":{"uv":[7,8,9,11.5],"texture":"#1"},"west":{"uv":[7,8,9,11.5],"texture":"#1"},"up":{"uv":[7,8,9,11.5],"texture":"#1"},"down":{"uv":[7,8,9,11.5],"texture":"#1"}}},{"from":[-1.5,6.17023,27.64419],"to":[17.5,15.67023,28.64419],"rotation":{"angle":22.5,"axis":"x","origin":[8,10.92023,28.14419]},"faces":{"north":{"uv":[7,8,9,11.5],"texture":"#1"},"east":{"uv":[7,8,9,11.5],"texture":"#1"},"south":{"uv":[7,8,9,11.5],"texture":"#1"},"west":{"uv":[7,8,9,11.5],"texture":"#1"},"up":{"uv":[7,8,9,11.5],"texture":"#1"},"down":{"uv":[7,8,9,11.5],"texture":"#1"}}},{"from":[-2,3,1.8],"to":[-1.5,4,6.7],"rotation":{"angle":0,"axis":"y","origin":[-1.75,3.5,4.25]},"faces":{"north":{"uv":[7,8,9,11.5],"texture":"#1"},"east":{"uv":[7,8,9,11.5],"texture":"#1"},"south":{"uv":[7,8,9,11.5],"texture":"#1"},"west":{"uv":[7,8,9,11.5],"texture":"#1"},"up":{"uv":[7,8,9,11.5],"texture":"#1"},"down":{"uv":[7,8,9,11.5],"texture":"#1"}}},{"from":[2.2,3,-3],"to":[13.9,3.5,-2.2],"rotation":{"angle":0,"axis":"y","origin":[8.05,3.25,-2.5]},"faces":{"north":{"uv":[0,0,11.7,0.5],"texture":"#stone_slab_top"},"east":{"uv":[0,0,0.8,0.5],"texture":"#stone_slab_top"},"south":{"uv":[0,0,11.7,0.5],"texture":"#stone_slab_top"},"west":{"uv":[0,0,0.8,0.5],"texture":"#stone_slab_top"},"up":{"uv":[0,0,11.7,0.8],"texture":"#2"},"down":{"uv":[0,0,11.7,0.8],"texture":"#stone_slab_top"}}},{"from":[-0.6,3,-1.7],"to":[16.7,3.5,-1],"rotation":{"angle":0,"axis":"y","origin":[8.05,3.25,-1.5]},"faces":{"north":{"uv":[0,0,16,0.5],"texture":"#stone_slab_top"},"east":{"uv":[0,0,0.7,0.5],"texture":"#stone_slab_top"},"south":{"uv":[0,0,16,0.5],"texture":"#stone_slab_top"},"west":{"uv":[0,0,0.7,0.5],"texture":"#stone_slab_top"},"up":{"uv":[0,0,16,0.7],"texture":"#2"},"down":{"uv":[0,0,16,0.7],"texture":"#stone_slab_top"}}},{"from":[-2,1,1.7],"to":[-1,3,27],"rotation":{"angle":0,"axis":"y","origin":[-1.5,2,14.35]},"faces":{"north":{"uv":[7,8,9,11.5],"texture":"#1"},"east":{"uv":[7,8,9,11.5],"texture":"#1"},"south":{"uv":[7,8,9,11.5],"texture":"#1"},"west":{"uv":[7,8,9,11.5],"texture":"#1"},"up":{"uv":[7,8,9,11.5],"texture":"#1"},"down":{"uv":[7,8,9,11.5],"texture":"#1"}}},{"from":[17.5,3,1.8],"to":[18,4,6.3],"rotation":{"angle":0,"axis":"y","origin":[17.75,3.5,4.05]},"faces":{"north":{"uv":[7,8,9,11.5],"texture":"#1"},"east":{"uv":[7,8,9,11.5],"texture":"#1"},"south":{"uv":[7,8,9,11.5],"texture":"#1"},"west":{"uv":[7,8,9,11.5],"texture":"#1"},"up":{"uv":[7,8,9,11.5],"texture":"#1"},"down":{"uv":[7,8,9,11.5],"texture":"#1"}}},{"from":[17,1,1.8],"to":[18,3,27],"rotation":{"angle":0,"axis":"y","origin":[17.5,2,14.4]},"faces":{"north":{"uv":[7,8,9,11.5],"texture":"#1"},"east":{"uv":[7,8,9,11.5],"texture":"#1"},"south":{"uv":[7,8,9,11.5],"texture":"#1"},"west":{"uv":[7,8,9,11.5],"texture":"#1"},"up":{"uv":[7,8,9,11.5],"texture":"#1"},"down":{"uv":[7,8,9,11.5],"texture":"#1"}}},{"from":[-2.001,3,6.7],"to":[-1.001,8.5,12.8],"rotation":{"angle":0,"axis":"y","origin":[-1.501,5.75,9.75]},"faces":{"north":{"uv":[4.5,7.5,12,13],"texture":"#1"},"east":{"uv":[4.5,7.5,12,13],"texture":"#1"},"south":{"uv":[4.5,7.5,12,13],"texture":"#1"},"west":{"uv":[4.5,7.5,12,13],"texture":"#1"},"up":{"uv":[4.5,7.5,12,13],"texture":"#1"},"down":{"uv":[4.5,7.5,12,13],"texture":"#1"}}},{"from":[-2,3.92076,10.69838],"to":[-1,10.92076,13.69838],"rotation":{"angle":22.5,"axis":"x","origin":[-1.5,7.42076,12.19838]},"faces":{"north":{"uv":[12.5,2,15.5,12],"texture":"#1"},"east":{"uv":[12.5,2,15.5,12],"texture":"#1"},"south":{"uv":[12.5,2,15.5,12],"texture":"#1"},"west":{"uv":[12.5,2,15.5,12],"texture":"#1"},"up":{"uv":[12.5,2,15.5,12],"texture":"#1"},"down":{"uv":[12.5,2,15.5,12],"texture":"#1"}}},{"from":[17,3.92076,10.69838],"to":[18,10.92076,13.69838],"rotation":{"angle":22.5,"axis":"x","origin":[17.5,7.42076,12.19838]},"faces":{"north":{"uv":[12.5,2,15.5,12],"texture":"#1"},"east":{"uv":[12.5,2,15.5,12],"texture":"#1"},"south":{"uv":[12.5,2,15.5,12],"texture":"#1"},"west":{"uv":[12.5,2,15.5,12],"texture":"#1"},"up":{"uv":[12.5,2,15.5,12],"texture":"#1"},"down":{"uv":[12.5,2,15.5,12],"texture":"#1"}}},{"from":[-2,3,11.5],"to":[-1.5,5,20.5],"rotation":{"angle":0,"axis":"y","origin":[-1.75,4,16]},"faces":{"north":{"uv":[7,8,9,11.5],"texture":"#1"},"east":{"uv":[7,8,9,11.5],"texture":"#1"},"south":{"uv":[7,8,9,11.5],"texture":"#1"},"west":{"uv":[7,8,9,11.5],"texture":"#1"},"up":{"uv":[7,8,9,11.5],"texture":"#1"},"down":{"uv":[7,8,9,11.5],"texture":"#1"}}},{"from":[17.001,3,6.3],"to":[18.001,8.5,12.8],"rotation":{"angle":0,"axis":"y","origin":[17.501,5.75,9.55]},"faces":{"north":{"uv":[0,0,1,5.5],"texture":"#1"},"east":{"uv":[0,0,6.5,5.5],"texture":"#1"},"south":{"uv":[0,0,1,5.5],"texture":"#1"},"west":{"uv":[0,0,6.5,5.5],"texture":"#1"},"up":{"uv":[0,0,1,6.5],"texture":"#1"},"down":{"uv":[0,0,1,6.5],"texture":"#1"}}},{"from":[-2.001,3,20.5],"to":[-1.001,10,27],"rotation":{"angle":0,"axis":"y","origin":[-1.501,6.5,23.75]},"faces":{"north":{"uv":[0,0,1,7],"texture":"#1"},"east":{"uv":[0,0,6.5,7],"texture":"#1"},"south":{"uv":[0,0,1,7],"texture":"#1"},"west":{"uv":[0,0,6.5,7],"texture":"#1"},"up":{"uv":[0,0,1,6.5],"texture":"#1"},"down":{"uv":[0,0,1,6.5],"texture":"#1"}}},{"from":[-1,1,26.5],"to":[17,9.5,27],"rotation":{"angle":0,"axis":"y","origin":[8,5.25,26.75]},"faces":{"north":{"uv":[7,8,9,11.5],"texture":"#1"},"east":{"uv":[7,8,9,11.5],"texture":"#1"},"south":{"uv":[7,8,9,11.5],"texture":"#1"},"west":{"uv":[7,8,9,11.5],"texture":"#1"},"up":{"uv":[7,8,9,11.5],"texture":"#1"},"down":{"uv":[7,8,9,11.5],"texture":"#1"}}},{"from":[17,5.40934,24.95578],"to":[18,12.70934,27.95578],"rotation":{"angle":22.5,"axis":"x","origin":[17.5,9.05934,26.45578]},"faces":{"north":{"uv":[0,0,1,7.3],"texture":"#1"},"east":{"uv":[0,0,3,7.3],"texture":"#1"},"south":{"uv":[0,0,1,7.3],"texture":"#1"},"west":{"uv":[0,0,3,7.3],"texture":"#1"},"up":{"uv":[0,0,1,3],"texture":"#1"},"down":{"uv":[0,0,1,3],"texture":"#1"}}},{"from":[17.001,3,20.6],"to":[18.001,10,27],"rotation":{"angle":0,"axis":"y","origin":[17.501,6.5,23.8]},"faces":{"north":{"uv":[0,0,1,7],"texture":"#1"},"east":{"uv":[0,0,6.4,7],"texture":"#1"},"south":{"uv":[0,0,1,7],"texture":"#1"},"west":{"uv":[0,0,6.4,7],"texture":"#1"},"up":{"uv":[0,0,1,6.4],"texture":"#1"},"down":{"uv":[0,0,1,6.4],"texture":"#1"}}},{"from":[17.5,3,11.5],"to":[18,5,20.6],"rotation":{"angle":0,"axis":"y","origin":[17.75,4,16.05]},"faces":{"north":{"uv":[7,8,9,11.5],"texture":"#1"},"east":{"uv":[7,8,9,11.5],"texture":"#1"},"south":{"uv":[7,8,9,11.5],"texture":"#1"},"west":{"uv":[7,8,9,11.5],"texture":"#1"},"up":{"uv":[7,8,9,11.5],"texture":"#1"},"down":{"uv":[7,8,9,11.5],"texture":"#1"}}},{"from":[-2,5.41315,24.93665],"to":[-1,12.61315,27.93665],"rotation":{"angle":22.5,"axis":"x","origin":[-1.5,9.01315,26.43665]},"faces":{"north":{"uv":[0,0,1,7.2],"texture":"#1"},"east":{"uv":[0,0,3,7.2],"texture":"#1"},"south":{"uv":[0,0,1,7.2],"texture":"#1"},"west":{"uv":[0,0,3,7.2],"texture":"#1"},"up":{"uv":[0,0,1,3],"texture":"#1"},"down":{"uv":[0,0,1,3],"texture":"#1"}}},{"from":[-0.5,13.5,16.3],"to":[16.5,14,17.3],"rotation":{"angle":0,"axis":"y","origin":[8,13.75,16.8]},"faces":{"north":{"uv":[0,2,16,2.5],"texture":"#stone_slab_top"},"east":{"uv":[0,2,0.5,2.5],"texture":"#stone_slab_top"},"south":{"uv":[0,2,16,2.5],"texture":"#stone_slab_top"},"west":{"uv":[15.5,2,16,2.5],"texture":"#stone_slab_top"},"up":{"uv":[0,15.5,16,16],"texture":"#stone_slab_top"},"down":{"uv":[16,16,0,15.5],"texture":"#stone_slab_top"}}},{"from":[15,13.24354,14.96358],"to":[15.5,13.74354,16.46358],"rotation":{"angle":-22.5,"axis":"x","origin":[15.25,13.49354,15.71358]},"faces":{"north":{"uv":[13,5.5,13.5,8.5],"texture":"#stone_slab_top"},"east":{"uv":[16,5.5,16,8.5],"texture":"#stone_slab_top"},"south":{"uv":[2.5,5.5,3,8.5],"texture":"#stone_slab_top"},"west":{"uv":[0,5.5,0,8.5],"texture":"#stone_slab_top"},"up":{"uv":[2.5,0,3,0],"texture":"#stone_slab_top"},"down":{"uv":[13.5,0,13,0],"texture":"#stone_slab_top"}}},{"from":[0.5,13.24354,14.96358],"to":[1,13.74354,16.46358],"rotation":{"angle":-22.5,"axis":"x","origin":[0.75,13.49354,15.71358]},"faces":{"north":{"uv":[13,5.5,13.5,8.5],"texture":"#stone_slab_top"},"east":{"uv":[16,5.5,16,8.5],"texture":"#stone_slab_top"},"south":{"uv":[2.5,5.5,3,8.5],"texture":"#stone_slab_top"},"west":{"uv":[0,5.5,0,8.5],"texture":"#stone_slab_top"},"up":{"uv":[2.5,0,3,0],"texture":"#stone_slab_top"},"down":{"uv":[13.5,0,13,0],"texture":"#stone_slab_top"}}},{"from":[2.78261,1,-3.47577],"to":[13.28261,2.7,-2.47577],"rotation":{"angle":0,"axis":"y","origin":[8.03261,1.85,-2.97577]},"faces":{"north":{"uv":[0,0,10.5,1.7],"texture":"#1"},"east":{"uv":[0,0,1,1.7],"texture":"#1"},"south":{"uv":[0,0,10.5,1.7],"texture":"#1"},"west":{"uv":[0,0,1,1.7],"texture":"#1"},"up":{"uv":[0,0,10.5,1],"texture":"#1"},"down":{"uv":[0,0,10.5,1],"texture":"#1"}}},{"from":[2.78261,2.7,-3.27577],"to":[13.28261,9.3,-2.47577],"rotation":{"angle":0,"axis":"y","origin":[8.03261,6,-2.87577]},"faces":{"north":{"uv":[12.5,8,14.5,11.5],"texture":"#0"},"east":{"uv":[7,8,9,11.5],"texture":"#0"},"south":{"uv":[1.5,8,3.5,11.5],"texture":"#1"},"west":{"uv":[7,8,9,11.5],"texture":"#0"},"up":{"uv":[1.5,7,3.5,9],"texture":"#1"},"down":{"uv":[14.5,9,12.5,7],"texture":"#1"}}},{"from":[-2.00657,1,-2.53304],"to":[3.19343,3.2,-1.53304],"rotation":{"angle":22.5,"axis":"y","origin":[0.59343,2.1,-2.03304]},"faces":{"north":{"uv":[0,0,5.2,2.2],"texture":"#1"},"east":{"uv":[0,0,1,2.2],"texture":"#1"},"south":{"uv":[0,0,5.2,2.2],"texture":"#1"},"west":{"uv":[0,0,1,2.2],"texture":"#1"},"up":{"uv":[0,0,5.2,1],"texture":"#1"},"down":{"uv":[0,0,5.2,1],"texture":"#1"}}},{"from":[12.89716,1,-2.53799],"to":[17.99716,3.2,-1.53799],"rotation":{"angle":-22.5,"axis":"y","origin":[15.44716,2.1,-2.03799]},"faces":{"north":{"uv":[0,0,5.1,2.2],"texture":"#1"},"east":{"uv":[0,0,1,2.2],"texture":"#1"},"south":{"uv":[0,0,5.1,2.2],"texture":"#1"},"west":{"uv":[0,0,1,2.2],"texture":"#1"},"up":{"uv":[0,0,5.1,1],"texture":"#1"},"down":{"uv":[0,0,5.1,1],"texture":"#1"}}},{"from":[-1.9645,3.2,-2.32152],"to":[3.1355,8.8,-1.52152],"rotation":{"angle":22.5,"axis":"y","origin":[0.5855,6,-1.92152]},"faces":{"north":{"uv":[12.5,8,14.5,11.5],"texture":"#0"},"east":{"uv":[12.5,8,14.5,11.5],"texture":"#1"},"south":{"uv":[12.5,8,14.5,11.5],"texture":"#1"},"west":{"uv":[12.5,8,14.5,11.5],"texture":"#1"},"up":{"uv":[12.5,8,14.5,11.5],"texture":"#1"},"down":{"uv":[12.5,8,14.5,11.5],"texture":"#1"}}},{"from":[12.95509,3.2,-2.32646],"to":[17.95509,8.9,-1.52646],"rotation":{"angle":-22.5,"axis":"y","origin":[15.45509,6.05,-1.92646]},"faces":{"north":{"uv":[12.5,8,14.5,11.5],"texture":"#0"},"east":{"uv":[12.5,8,14.5,11.5],"texture":"#1"},"south":{"uv":[12.5,8,14.5,11.5],"texture":"#1"},"west":{"uv":[12.5,8,14.5,11.5],"texture":"#1"},"up":{"uv":[12.5,8,14.5,11.5],"texture":"#1"},"down":{"uv":[12.5,8,14.5,11.5],"texture":"#1"}}},{"from":[-2.001,7.6266,10.73284],"to":[-1.001,9.9266,11.63284],"rotation":{"angle":45,"axis":"x","origin":[-1.501,8.7766,11.18284]},"faces":{"north":{"uv":[0,0,1,2.3],"texture":"#1"},"east":{"uv":[0,0,0.9,2.3],"texture":"#1"},"south":{"uv":[0,0,1,2.3],"texture":"#1"},"west":{"uv":[0,0,0.9,2.3],"texture":"#1"},"up":{"uv":[0,0,1,0.9],"texture":"#1"},"down":{"uv":[0,0,1,0.9],"texture":"#1"}}},{"from":[-2,10.46234,11.44347],"to":[-1,12.16234,12.34347],"rotation":{"angle":-22.5,"axis":"x","origin":[-1.5,11.31234,11.89347]},"faces":{"north":{"uv":[0,0,0.9,1.7],"texture":"#1"},"east":{"uv":[0,0,0.9,1.7],"texture":"#1"},"south":{"uv":[0,0,0.9,1.7],"texture":"#1"},"west":{"uv":[0,0,0.9,1.7],"texture":"#1"},"up":{"uv":[0,0,0.9,1.7],"texture":"#1"},"down":{"uv":[0,0,0.9,1.7],"texture":"#1"}}},{"from":[-2,11.92543,11.15244],"to":[-1,13.12543,12.05244],"rotation":{"angle":0,"axis":"x","origin":[-1.5,12.52543,11.60244]},"faces":{"north":{"uv":[0,0,0.9,1.2],"texture":"#1"},"east":{"uv":[0,0,0.9,1.2],"texture":"#1"},"south":{"uv":[0,0,0.9,1.2],"texture":"#1"},"west":{"uv":[0,0,0.9,1.2],"texture":"#1"},"up":{"uv":[0,0,0.9,1.2],"texture":"#1"},"down":{"uv":[0,0,0.9,1.2],"texture":"#1"}}},{"from":[-2,13.74015,11.90412],"to":[-1,14.94015,12.80412],"rotation":{"angle":45,"axis":"x","origin":[-1.5,14.34015,12.35412]},"faces":{"north":{"uv":[0,0,0.9,1.2],"texture":"#1"},"east":{"uv":[0,0,0.9,1.2],"texture":"#1"},"south":{"uv":[0,0,0.9,1.2],"texture":"#1"},"west":{"uv":[0,0,0.9,1.2],"texture":"#1"},"up":{"uv":[0,0,0.9,1.2],"texture":"#1"},"down":{"uv":[0,0,0.9,1.2],"texture":"#1"}}},{"from":[-2,12.90755,11.3478],"to":[-1,14.10755,12.2478],"rotation":{"angle":22.5,"axis":"x","origin":[-1.5,13.50755,11.7978]},"faces":{"north":{"uv":[0,0,0.9,1.2],"texture":"#1"},"east":{"uv":[0,0,0.9,1.2],"texture":"#1"},"south":{"uv":[0,0,0.9,1.2],"texture":"#1"},"west":{"uv":[0,0,0.9,1.2],"texture":"#1"},"up":{"uv":[0,0,0.9,1.2],"texture":"#1"},"down":{"uv":[0,0,0.9,1.2],"texture":"#1"}}},{"from":[-2,14.44648,12.58672],"to":[-1,15.34648,13.78672],"rotation":{"angle":-22.5,"axis":"x","origin":[-1.5,14.89648,13.18672]},"faces":{"north":{"uv":[0,0,1.2,0.9],"rotation":90,"texture":"#1"},"east":{"uv":[0,0,1.2,0.9],"rotation":90,"texture":"#1"},"south":{"uv":[0,0,1.2,0.9],"rotation":90,"texture":"#1"},"west":{"uv":[0,0,1.2,0.9],"rotation":90,"texture":"#1"},"up":{"uv":[0,0,1.2,0.9],"rotation":90,"texture":"#1"},"down":{"uv":[0,0,1.2,0.9],"rotation":90,"texture":"#1"}}},{"from":[-2,14.64183,13.56884],"to":[-1,15.54183,14.76884],"rotation":{"angle":0,"axis":"x","origin":[-1.5,15.09183,14.16884]},"faces":{"north":{"uv":[0,0,1.2,0.9],"rotation":180,"texture":"#1"},"east":{"uv":[0,0,1.2,0.9],"rotation":180,"texture":"#1"},"south":{"uv":[0,0,1.2,0.9],"rotation":180,"texture":"#1"},"west":{"uv":[0,0,1.2,0.9],"rotation":180,"texture":"#1"},"up":{"uv":[0,0,1.2,0.9],"rotation":180,"texture":"#1"},"down":{"uv":[0,0,1.2,0.9],"rotation":180,"texture":"#1"}}},{"from":[-2,14.44648,14.55096],"to":[-1,15.34648,15.75096],"rotation":{"angle":22.5,"axis":"x","origin":[-1.5,14.89648,15.15096]},"faces":{"north":{"uv":[0,0,1.2,0.9],"rotation":90,"texture":"#1"},"east":{"uv":[0,0,1.2,0.9],"rotation":90,"texture":"#1"},"south":{"uv":[0,0,1.2,0.9],"rotation":90,"texture":"#1"},"west":{"uv":[0,0,1.2,0.9],"rotation":90,"texture":"#1"},"up":{"uv":[0,0,1.2,0.9],"rotation":90,"texture":"#1"},"down":{"uv":[0,0,1.2,0.9],"rotation":90,"texture":"#1"}}},{"from":[-2,13.89015,15.38357],"to":[-1,14.79015,16.58357],"rotation":{"angle":45,"axis":"x","origin":[-1.5,14.34015,15.98357]},"faces":{"north":{"uv":[0,0,1.2,0.9],"rotation":90,"texture":"#1"},"east":{"uv":[0,0,1.2,0.9],"rotation":90,"texture":"#1"},"south":{"uv":[0,0,1.2,0.9],"rotation":90,"texture":"#1"},"west":{"uv":[0,0,1.2,0.9],"rotation":90,"texture":"#1"},"up":{"uv":[0,0,1.2,0.9],"rotation":90,"texture":"#1"},"down":{"uv":[0,0,1.2,0.9],"rotation":90,"texture":"#1"}}},{"from":[-2,12.90755,16.08989],"to":[-1,14.10755,16.98989],"rotation":{"angle":-22.5,"axis":"x","origin":[-1.5,13.50755,16.53989]},"faces":{"north":{"uv":[0,0,0.9,1.2],"rotation":180,"texture":"#1"},"east":{"uv":[0,0,0.9,1.2],"rotation":180,"texture":"#1"},"south":{"uv":[0,0,0.9,1.2],"rotation":180,"texture":"#1"},"west":{"uv":[0,0,0.9,1.2],"rotation":180,"texture":"#1"},"up":{"uv":[0,0,0.9,1.2],"rotation":180,"texture":"#1"},"down":{"uv":[0,0,0.9,1.2],"rotation":180,"texture":"#1"}}},{"from":[-2,11.92543,16.28525],"to":[-1,13.12543,17.18525],"rotation":{"angle":0,"axis":"x","origin":[-1.5,12.52543,16.73525]},"faces":{"north":{"uv":[0,0,0.9,1.2],"rotation":180,"texture":"#1"},"east":{"uv":[0,0,0.9,1.2],"rotation":180,"texture":"#1"},"south":{"uv":[0,0,0.9,1.2],"rotation":180,"texture":"#1"},"west":{"uv":[0,0,0.9,1.2],"rotation":180,"texture":"#1"},"up":{"uv":[0,0,0.9,1.2],"rotation":180,"texture":"#1"},"down":{"uv":[0,0,0.9,1.2],"rotation":180,"texture":"#1"}}},{"from":[-2,10.94331,16.08989],"to":[-1,12.14331,16.98989],"rotation":{"angle":22.5,"axis":"x","origin":[-1.5,11.54331,16.53989]},"faces":{"north":{"uv":[0,0,0.9,1.2],"rotation":180,"texture":"#1"},"east":{"uv":[0,0,0.9,1.2],"rotation":180,"texture":"#1"},"south":{"uv":[0,0,0.9,1.2],"rotation":180,"texture":"#1"},"west":{"uv":[0,0,0.9,1.2],"rotation":180,"texture":"#1"},"up":{"uv":[0,0,0.9,1.2],"rotation":180,"texture":"#1"},"down":{"uv":[0,0,0.9,1.2],"rotation":180,"texture":"#1"}}},{"from":[-2,7.89147,14.61433],"to":[-1,11.69147,15.51433],"rotation":{"angle":45,"axis":"x","origin":[-1.5,9.79147,15.06433]},"faces":{"north":{"uv":[0,0,0.9,3.8],"rotation":180,"texture":"#1"},"east":{"uv":[0,0,0.9,3.8],"rotation":180,"texture":"#1"},"south":{"uv":[0,0,0.9,3.8],"rotation":180,"texture":"#1"},"west":{"uv":[0,0,0.9,3.8],"rotation":180,"texture":"#1"},"up":{"uv":[0,0,0.9,3.8],"rotation":180,"texture":"#1"},"down":{"uv":[0,0,0.9,3.8],"rotation":180,"texture":"#1"}}},{"from":[-1.8,10.51486,12.31981],"to":[-1,14.81486,16.11981],"rotation":{"angle":22.5,"axis":"x","origin":[-1.4,12.66486,14.21981]},"faces":{"north":{"uv":[12.5,2,15.5,12],"texture":"#1"},"east":{"uv":[0,0,3.8,4.3],"texture":"#1"},"south":{"uv":[12.5,2,15.5,12],"texture":"#1"},"west":{"uv":[3,4,10.8,11.3],"texture":"#3"},"up":{"uv":[12.5,2,15.5,12],"texture":"#1"},"down":{"uv":[12.5,2,15.5,12],"texture":"#1"}}},{"from":[-1.8,11.74454,11.78702],"to":[-1,15.04454,12.48702],"rotation":{"angle":22.5,"axis":"x","origin":[-1.4,13.39454,12.13702]},"faces":{"north":{"uv":[12.5,2,15.5,12],"texture":"#1"},"east":{"uv":[0,0,0.7,3.3],"texture":"#1"},"south":{"uv":[12.5,2,15.5,12],"texture":"#1"},"west":{"uv":[5,5,5.7,10.3],"texture":"#3"},"up":{"uv":[12.5,2,15.5,12],"texture":"#1"},"down":{"uv":[12.5,2,15.5,12],"texture":"#1"}}},{"from":[-1.8,9.94454,15.83702],"to":[-1,13.24454,16.48702],"rotation":{"angle":22.5,"axis":"x","origin":[-1.4,11.59454,16.13702]},"faces":{"north":{"uv":[12.5,2,15.5,12],"texture":"#1"},"east":{"uv":[12.5,2,15.5,12],"texture":"#1"},"south":{"uv":[12.5,2,15.5,12],"texture":"#1"},"west":{"uv":[5,5,5.7,10.3],"texture":"#3"},"up":{"uv":[12.5,2,15.5,12],"texture":"#1"},"down":{"uv":[12.5,2,15.5,12],"texture":"#1"}}},{"from":[-2,12.16234,25.74347],"to":[-1,13.86234,26.64347],"rotation":{"angle":-22.5,"axis":"x","origin":[-1.5,13.01234,26.19347]},"faces":{"north":{"uv":[0,0,0.9,1.7],"texture":"#1"},"east":{"uv":[0,0,0.9,1.7],"texture":"#1"},"south":{"uv":[0,0,0.9,1.7],"texture":"#1"},"west":{"uv":[0,0,0.9,1.7],"texture":"#1"},"up":{"uv":[0,0,0.9,1.7],"texture":"#1"},"down":{"uv":[0,0,0.9,1.7],"texture":"#1"}}},{"from":[-2,13.62543,25.45244],"to":[-1,14.82543,26.35244],"rotation":{"angle":0,"axis":"x","origin":[-1.5,14.22543,25.90244]},"faces":{"north":{"uv":[0,0,0.9,1.2],"texture":"#1"},"east":{"uv":[0,0,0.9,1.2],"texture":"#1"},"south":{"uv":[0,0,0.9,1.2],"texture":"#1"},"west":{"uv":[0,0,0.9,1.2],"texture":"#1"},"up":{"uv":[0,0,0.9,1.2],"texture":"#1"},"down":{"uv":[0,0,0.9,1.2],"texture":"#1"}}},{"from":[-2,15.44015,26.20412],"to":[-1,16.64015,27.10412],"rotation":{"angle":45,"axis":"x","origin":[-1.5,16.04015,26.65412]},"faces":{"north":{"uv":[0,0,0.9,1.2],"texture":"#1"},"east":{"uv":[0,0,0.9,1.2],"texture":"#1"},"south":{"uv":[0,0,0.9,1.2],"texture":"#1"},"west":{"uv":[0,0,0.9,1.2],"texture":"#1"},"up":{"uv":[0,0,0.9,1.2],"texture":"#1"},"down":{"uv":[0,0,0.9,1.2],"texture":"#1"}}},{"from":[-2,14.60755,25.6478],"to":[-1,15.80755,26.5478],"rotation":{"angle":22.5,"axis":"x","origin":[-1.5,15.20755,26.0978]},"faces":{"north":{"uv":[0,0,0.9,1.2],"texture":"#1"},"east":{"uv":[0,0,0.9,1.2],"texture":"#1"},"south":{"uv":[0,0,0.9,1.2],"texture":"#1"},"west":{"uv":[0,0,0.9,1.2],"texture":"#1"},"up":{"uv":[0,0,0.9,1.2],"texture":"#1"},"down":{"uv":[0,0,0.9,1.2],"texture":"#1"}}},{"from":[-2,16.14648,26.88672],"to":[-1,17.04648,28.08672],"rotation":{"angle":-22.5,"axis":"x","origin":[-1.5,16.59648,27.48672]},"faces":{"north":{"uv":[0,0,1.2,0.9],"rotation":90,"texture":"#1"},"east":{"uv":[0,0,1.2,0.9],"rotation":90,"texture":"#1"},"south":{"uv":[0,0,1.2,0.9],"rotation":90,"texture":"#1"},"west":{"uv":[0,0,1.2,0.9],"rotation":90,"texture":"#1"},"up":{"uv":[0,0,1.2,0.9],"rotation":90,"texture":"#1"},"down":{"uv":[0,0,1.2,0.9],"rotation":90,"texture":"#1"}}},{"from":[-2,16.34183,27.86884],"to":[-1,17.24183,29.06884],"rotation":{"angle":0,"axis":"x","origin":[-1.5,16.79183,28.46884]},"faces":{"north":{"uv":[0,0,1.2,0.9],"rotation":180,"texture":"#1"},"east":{"uv":[0,0,1.2,0.9],"rotation":180,"texture":"#1"},"south":{"uv":[0,0,1.2,0.9],"rotation":180,"texture":"#1"},"west":{"uv":[0,0,1.2,0.9],"rotation":180,"texture":"#1"},"up":{"uv":[0,0,1.2,0.9],"rotation":180,"texture":"#1"},"down":{"uv":[0,0,1.2,0.9],"rotation":180,"texture":"#1"}}},{"from":[-2,16.14648,28.85096],"to":[-1,17.04648,30.05096],"rotation":{"angle":22.5,"axis":"x","origin":[-1.5,16.59648,29.45096]},"faces":{"north":{"uv":[0,0,1.2,0.9],"rotation":90,"texture":"#1"},"east":{"uv":[0,0,1.2,0.9],"rotation":90,"texture":"#1"},"south":{"uv":[0,0,1.2,0.9],"rotation":90,"texture":"#1"},"west":{"uv":[0,0,1.2,0.9],"rotation":90,"texture":"#1"},"up":{"uv":[0,0,1.2,0.9],"rotation":90,"texture":"#1"},"down":{"uv":[0,0,1.2,0.9],"rotation":90,"texture":"#1"}}},{"from":[-2,15.59015,29.68357],"to":[-1,16.49015,30.88357],"rotation":{"angle":45,"axis":"x","origin":[-1.5,16.04015,30.28357]},"faces":{"north":{"uv":[0,0,1.2,0.9],"rotation":90,"texture":"#1"},"east":{"uv":[0,0,1.2,0.9],"rotation":90,"texture":"#1"},"south":{"uv":[0,0,1.2,0.9],"rotation":90,"texture":"#1"},"west":{"uv":[0,0,1.2,0.9],"rotation":90,"texture":"#1"},"up":{"uv":[0,0,1.2,0.9],"rotation":90,"texture":"#1"},"down":{"uv":[0,0,1.2,0.9],"rotation":90,"texture":"#1"}}},{"from":[-2,14.60755,30.38989],"to":[-1,15.80755,31.28989],"rotation":{"angle":-22.5,"axis":"x","origin":[-1.5,15.20755,30.83989]},"faces":{"north":{"uv":[0,0,0.9,1.2],"rotation":180,"texture":"#1"},"east":{"uv":[0,0,0.9,1.2],"rotation":180,"texture":"#1"},"south":{"uv":[0,0,0.9,1.2],"rotation":180,"texture":"#1"},"west":{"uv":[0,0,0.9,1.2],"rotation":180,"texture":"#1"},"up":{"uv":[0,0,0.9,1.2],"rotation":180,"texture":"#1"},"down":{"uv":[0,0,0.9,1.2],"rotation":180,"texture":"#1"}}},{"from":[-2,13.62543,30.58525],"to":[-1,14.82543,31.48525],"rotation":{"angle":0,"axis":"x","origin":[-1.5,14.22543,31.03525]},"faces":{"north":{"uv":[0,0,0.9,1.2],"rotation":180,"texture":"#1"},"east":{"uv":[0,0,0.9,1.2],"rotation":180,"texture":"#1"},"south":{"uv":[0,0,0.9,1.2],"rotation":180,"texture":"#1"},"west":{"uv":[0,0,0.9,1.2],"rotation":180,"texture":"#1"},"up":{"uv":[0,0,0.9,1.2],"rotation":180,"texture":"#1"},"down":{"uv":[0,0,0.9,1.2],"rotation":180,"texture":"#1"}}},{"from":[-2,12.64331,30.38989],"to":[-1,13.84331,31.28989],"rotation":{"angle":22.5,"axis":"x","origin":[-1.5,13.24331,30.83989]},"faces":{"north":{"uv":[0,0,0.9,1.2],"rotation":180,"texture":"#1"},"east":{"uv":[0,0,0.9,1.2],"rotation":180,"texture":"#1"},"south":{"uv":[0,0,0.9,1.2],"rotation":180,"texture":"#1"},"west":{"uv":[0,0,0.9,1.2],"rotation":180,"texture":"#1"},"up":{"uv":[0,0,0.9,1.2],"rotation":180,"texture":"#1"},"down":{"uv":[0,0,0.9,1.2],"rotation":180,"texture":"#1"}}},{"from":[-2,9.59147,28.91433],"to":[-1,13.39147,29.81433],"rotation":{"angle":45,"axis":"x","origin":[-1.5,11.49147,29.36433]},"faces":{"north":{"uv":[0,0,0.9,3.8],"rotation":180,"texture":"#1"},"east":{"uv":[0,0,0.9,3.8],"rotation":180,"texture":"#1"},"south":{"uv":[0,0,0.9,3.8],"rotation":180,"texture":"#1"},"west":{"uv":[0,0,0.9,3.8],"rotation":180,"texture":"#1"},"up":{"uv":[0,0,0.9,3.8],"rotation":180,"texture":"#1"},"down":{"uv":[0,0,0.9,3.8],"rotation":180,"texture":"#1"}}},{"from":[-1.8,12.21486,26.61981],"to":[-1,16.51486,30.41981],"rotation":{"angle":22.5,"axis":"x","origin":[-1.4,14.36486,28.51981]},"faces":{"north":{"uv":[12.5,2,15.5,12],"texture":"#1"},"east":{"uv":[0,0,3.8,4.3],"texture":"#1"},"south":{"uv":[12.5,2,15.5,12],"texture":"#1"},"west":{"uv":[3,4,10.8,11.3],"texture":"#3"},"up":{"uv":[12.5,2,15.5,12],"texture":"#1"},"down":{"uv":[12.5,2,15.5,12],"texture":"#1"}}},{"from":[-1.8,13.44454,26.08702],"to":[-1,16.74454,26.78702],"rotation":{"angle":22.5,"axis":"x","origin":[-1.4,15.09454,26.43702]},"faces":{"north":{"uv":[12.5,2,15.5,12],"texture":"#1"},"east":{"uv":[0,0,0.7,3.3],"texture":"#1"},"south":{"uv":[12.5,2,15.5,12],"texture":"#1"},"west":{"uv":[5,5,5.7,10.3],"texture":"#3"},"up":{"uv":[12.5,2,15.5,12],"texture":"#1"},"down":{"uv":[12.5,2,15.5,12],"texture":"#1"}}},{"from":[-1.8,11.64454,30.13702],"to":[-1,14.94454,30.68702],"rotation":{"angle":22.5,"axis":"x","origin":[-1.4,13.29454,30.33702]},"faces":{"north":{"uv":[12.5,2,15.5,12],"texture":"#1"},"east":{"uv":[12.5,2,15.5,12],"texture":"#1"},"south":{"uv":[12.5,2,15.5,12],"texture":"#1"},"west":{"uv":[5,5,5.7,10.3],"texture":"#3"},"up":{"uv":[12.5,2,15.5,12],"texture":"#1"},"down":{"uv":[12.5,2,15.5,12],"texture":"#1"}}},{"from":[-2,7.86688,7.58782],"to":[-1,8.76688,9.88782],"rotation":{"angle":22.5,"axis":"x","origin":[-1.5,8.31688,8.73782]},"faces":{"north":{"uv":[0,0,2.3,0.9],"rotation":90,"texture":"#1"},"east":{"uv":[0,0,2.3,0.9],"rotation":90,"texture":"#1"},"south":{"uv":[0,0,2.3,0.9],"rotation":90,"texture":"#1"},"west":{"uv":[0,0,2.3,0.9],"rotation":90,"texture":"#1"},"up":{"uv":[0,0,2.3,0.9],"rotation":90,"texture":"#1"},"down":{"uv":[0,0,2.3,0.9],"rotation":90,"texture":"#1"}}},{"from":[-2,8.27271,6.94756],"to":[-1,9.17271,7.84756],"rotation":{"angle":0,"axis":"x","origin":[-1.5,8.72271,7.39756]},"faces":{"north":{"uv":[0,0,0.9,0.9],"rotation":90,"texture":"#1"},"east":{"uv":[0,0,0.9,0.9],"rotation":90,"texture":"#1"},"south":{"uv":[0,0,0.9,0.9],"rotation":90,"texture":"#1"},"west":{"uv":[0,0,0.9,0.9],"rotation":90,"texture":"#1"},"up":{"uv":[0,0,0.9,0.9],"rotation":90,"texture":"#1"},"down":{"uv":[0,0,0.9,0.9],"rotation":90,"texture":"#1"}}},{"from":[-2,8.13475,6.25402],"to":[-1,9.03475,7.15402],"rotation":{"angle":-22.5,"axis":"x","origin":[-1.5,8.58475,6.70402]},"faces":{"north":{"uv":[0,0,0.9,0.9],"rotation":90,"texture":"#1"},"east":{"uv":[0,0,0.9,0.9],"rotation":90,"texture":"#1"},"south":{"uv":[0,0,0.9,0.9],"rotation":90,"texture":"#1"},"west":{"uv":[0,0,0.9,0.9],"rotation":90,"texture":"#1"},"up":{"uv":[0,0,0.9,0.9],"rotation":90,"texture":"#1"},"down":{"uv":[0,0,0.9,0.9],"rotation":90,"texture":"#1"}}},{"from":[-2,7.38834,5.51962],"to":[-1,8.28834,7.41962],"rotation":{"angle":45,"axis":"x","origin":[-1.5,7.83834,6.46962]},"faces":{"north":{"uv":[0,0,0.9,0.9],"texture":"#1"},"east":{"uv":[0,0,0.9,0.9],"texture":"#1"},"south":{"uv":[0,0,0.9,0.9],"texture":"#1"},"west":{"uv":[0,0,0.9,0.9],"texture":"#1"},"up":{"uv":[0,0,0.9,0.9],"texture":"#1"},"down":{"uv":[0,0,0.9,0.9],"texture":"#1"}}},{"from":[-2,6.9626,5.23515],"to":[-1,7.8626,7.13515],"rotation":{"angle":22.5,"axis":"x","origin":[-1.5,7.4126,6.18515]},"faces":{"north":{"uv":[0,0,0.9,0.9],"texture":"#1"},"east":{"uv":[0,0,0.9,0.9],"texture":"#1"},"south":{"uv":[0,0,0.9,0.9],"texture":"#1"},"west":{"uv":[0,0,0.9,0.9],"texture":"#1"},"up":{"uv":[0,0,0.9,0.9],"texture":"#1"},"down":{"uv":[0,0,0.9,0.9],"texture":"#1"}}},{"from":[-2,6.46041,5.13526],"to":[-1,7.36041,7.03526],"rotation":{"angle":0,"axis":"x","origin":[-1.5,6.91041,6.08526]},"faces":{"north":{"uv":[0,0,0.9,0.9],"texture":"#1"},"east":{"uv":[0,0,0.9,0.9],"texture":"#1"},"south":{"uv":[0,0,0.9,0.9],"texture":"#1"},"west":{"uv":[0,0,0.9,0.9],"texture":"#1"},"up":{"uv":[0,0,0.9,0.9],"texture":"#1"},"down":{"uv":[0,0,0.9,0.9],"texture":"#1"}}},{"from":[-2,3.45717,5.73264],"to":[-1,6.95717,7.63264],"rotation":{"angle":-22.5,"axis":"x","origin":[-1.5,5.20717,6.68264]},"faces":{"north":{"uv":[0,0,0.9,3.2],"texture":"#1"},"east":{"uv":[0,0,0.9,3.2],"texture":"#1"},"south":{"uv":[0,0,0.9,3.2],"texture":"#1"},"west":{"uv":[0,0,0.9,3.2],"texture":"#1"},"up":{"uv":[0,0,0.9,3.2],"texture":"#1"},"down":{"uv":[0,0,0.9,3.2],"texture":"#1"}}},{"from":[17,3.74575,5.67524],"to":[18,6.94575,7.57524],"rotation":{"angle":-22.5,"axis":"x","origin":[17.5,5.34575,6.62524]},"faces":{"north":{"uv":[0,0,0.9,3.2],"texture":"#1"},"east":{"uv":[0,0,0.9,3.2],"texture":"#1"},"south":{"uv":[0,0,0.9,3.2],"texture":"#1"},"west":{"uv":[0,0,0.9,3.2],"texture":"#1"},"up":{"uv":[0,0,0.9,3.2],"texture":"#1"},"down":{"uv":[0,0,0.9,3.2],"texture":"#1"}}},{"from":[17,6.46041,5.13526],"to":[18,7.36041,7.03526],"rotation":{"angle":0,"axis":"x","origin":[17.5,6.91041,6.08526]},"faces":{"north":{"uv":[0,0,0.9,0.9],"texture":"#1"},"east":{"uv":[0,0,0.9,0.9],"texture":"#1"},"south":{"uv":[0,0,0.9,0.9],"texture":"#1"},"west":{"uv":[0,0,0.9,0.9],"texture":"#1"},"up":{"uv":[0,0,0.9,0.9],"texture":"#1"},"down":{"uv":[0,0,0.9,0.9],"texture":"#1"}}},{"from":[17,6.9626,5.23515],"to":[18,7.8626,7.13515],"rotation":{"angle":22.5,"axis":"x","origin":[17.5,7.4126,6.18515]},"faces":{"north":{"uv":[0,0,0.9,0.9],"texture":"#1"},"east":{"uv":[0,0,0.9,0.9],"texture":"#1"},"south":{"uv":[0,0,0.9,0.9],"texture":"#1"},"west":{"uv":[0,0,0.9,0.9],"texture":"#1"},"up":{"uv":[0,0,0.9,0.9],"texture":"#1"},"down":{"uv":[0,0,0.9,0.9],"texture":"#1"}}},{"from":[17,7.38834,5.51962],"to":[18,8.28834,7.41962],"rotation":{"angle":45,"axis":"x","origin":[17.5,7.83834,6.46962]},"faces":{"north":{"uv":[0,0,0.9,0.9],"texture":"#1"},"east":{"uv":[0,0,0.9,0.9],"texture":"#1"},"south":{"uv":[0,0,0.9,0.9],"texture":"#1"},"west":{"uv":[0,0,0.9,0.9],"texture":"#1"},"up":{"uv":[0,0,0.9,0.9],"texture":"#1"},"down":{"uv":[0,0,0.9,0.9],"texture":"#1"}}},{"from":[17,8.13475,6.25402],"to":[18,9.03475,7.15402],"rotation":{"angle":-22.5,"axis":"x","origin":[17.5,8.58475,6.70402]},"faces":{"north":{"uv":[0,0,0.9,0.9],"rotation":90,"texture":"#1"},"east":{"uv":[0,0,0.9,0.9],"rotation":90,"texture":"#1"},"south":{"uv":[0,0,0.9,0.9],"rotation":90,"texture":"#1"},"west":{"uv":[0,0,0.9,0.9],"rotation":90,"texture":"#1"},"up":{"uv":[0,0,0.9,0.9],"rotation":90,"texture":"#1"},"down":{"uv":[0,0,0.9,0.9],"rotation":90,"texture":"#1"}}},{"from":[17,8.27271,6.94756],"to":[18,9.17271,7.84756],"rotation":{"angle":0,"axis":"x","origin":[17.5,8.72271,7.39756]},"faces":{"north":{"uv":[0,0,0.9,0.9],"rotation":90,"texture":"#1"},"east":{"uv":[0,0,0.9,0.9],"rotation":90,"texture":"#1"},"south":{"uv":[0,0,0.9,0.9],"rotation":90,"texture":"#1"},"west":{"uv":[0,0,0.9,0.9],"rotation":90,"texture":"#1"},"up":{"uv":[0,0,0.9,0.9],"rotation":90,"texture":"#1"},"down":{"uv":[0,0,0.9,0.9],"rotation":90,"texture":"#1"}}},{"from":[17,7.86688,7.58782],"to":[18,8.76688,9.88782],"rotation":{"angle":22.5,"axis":"x","origin":[17.5,8.31688,8.73782]},"faces":{"north":{"uv":[0,0,2.3,0.9],"rotation":90,"texture":"#1"},"east":{"uv":[0,0,2.3,0.9],"rotation":90,"texture":"#1"},"south":{"uv":[0,0,2.3,0.9],"rotation":90,"texture":"#1"},"west":{"uv":[0,0,2.3,0.9],"rotation":90,"texture":"#1"},"up":{"uv":[0,0,2.3,0.9],"rotation":90,"texture":"#1"},"down":{"uv":[0,0,2.3,0.9],"rotation":90,"texture":"#1"}}},{"from":[17.001,7.6266,10.73284],"to":[18.001,9.9266,11.63284],"rotation":{"angle":45,"axis":"x","origin":[17.501,8.7766,11.18284]},"faces":{"north":{"uv":[0,0,1,2.3],"texture":"#1"},"east":{"uv":[0,0,0.9,2.3],"texture":"#1"},"south":{"uv":[0,0,1,2.3],"texture":"#1"},"west":{"uv":[0,0,0.9,2.3],"texture":"#1"},"up":{"uv":[0,0,1,0.9],"texture":"#1"},"down":{"uv":[0,0,1,0.9],"texture":"#1"}}},{"from":[17,10.46234,11.44347],"to":[18,12.16234,12.34347],"rotation":{"angle":-22.5,"axis":"x","origin":[17.5,11.31234,11.89347]},"faces":{"north":{"uv":[0,0,0.9,1.7],"texture":"#1"},"east":{"uv":[0,0,0.9,1.7],"texture":"#1"},"south":{"uv":[0,0,0.9,1.7],"texture":"#1"},"west":{"uv":[0,0,0.9,1.7],"texture":"#1"},"up":{"uv":[0,0,0.9,1.7],"texture":"#1"},"down":{"uv":[0,0,0.9,1.7],"texture":"#1"}}},{"from":[17,11.92543,11.15244],"to":[18,13.12543,12.05244],"rotation":{"angle":0,"axis":"x","origin":[17.5,12.52543,11.60244]},"faces":{"north":{"uv":[0,0,0.9,1.2],"texture":"#1"},"east":{"uv":[0,0,0.9,1.2],"texture":"#1"},"south":{"uv":[0,0,0.9,1.2],"texture":"#1"},"west":{"uv":[0,0,0.9,1.2],"texture":"#1"},"up":{"uv":[0,0,0.9,1.2],"texture":"#1"},"down":{"uv":[0,0,0.9,1.2],"texture":"#1"}}},{"from":[17,12.90755,11.3478],"to":[18,14.10755,12.2478],"rotation":{"angle":22.5,"axis":"x","origin":[17.5,13.50755,11.7978]},"faces":{"north":{"uv":[0,0,0.9,1.2],"texture":"#1"},"east":{"uv":[0,0,0.9,1.2],"texture":"#1"},"south":{"uv":[0,0,0.9,1.2],"texture":"#1"},"west":{"uv":[0,0,0.9,1.2],"texture":"#1"},"up":{"uv":[0,0,0.9,1.2],"texture":"#1"},"down":{"uv":[0,0,0.9,1.2],"texture":"#1"}}},{"from":[17,13.74015,11.90412],"to":[18,14.94015,12.80412],"rotation":{"angle":45,"axis":"x","origin":[17.5,14.34015,12.35412]},"faces":{"north":{"uv":[0,0,0.9,1.2],"texture":"#1"},"east":{"uv":[0,0,0.9,1.2],"texture":"#1"},"south":{"uv":[0,0,0.9,1.2],"texture":"#1"},"west":{"uv":[0,0,0.9,1.2],"texture":"#1"},"up":{"uv":[0,0,0.9,1.2],"texture":"#1"},"down":{"uv":[0,0,0.9,1.2],"texture":"#1"}}},{"from":[17,14.44648,12.58672],"to":[18,15.34648,13.78672],"rotation":{"angle":-22.5,"axis":"x","origin":[17.5,14.89648,13.18672]},"faces":{"north":{"uv":[0,0,1.2,0.9],"rotation":90,"texture":"#1"},"east":{"uv":[0,0,1.2,0.9],"rotation":90,"texture":"#1"},"south":{"uv":[0,0,1.2,0.9],"rotation":90,"texture":"#1"},"west":{"uv":[0,0,1.2,0.9],"rotation":90,"texture":"#1"},"up":{"uv":[0,0,1.2,0.9],"rotation":90,"texture":"#1"},"down":{"uv":[0,0,1.2,0.9],"rotation":90,"texture":"#1"}}},{"from":[17,14.64183,13.56884],"to":[18,15.54183,14.76884],"rotation":{"angle":0,"axis":"x","origin":[17.5,15.09183,14.16884]},"faces":{"north":{"uv":[0,0,1.2,0.9],"rotation":180,"texture":"#1"},"east":{"uv":[0,0,1.2,0.9],"rotation":180,"texture":"#1"},"south":{"uv":[0,0,1.2,0.9],"rotation":180,"texture":"#1"},"west":{"uv":[0,0,1.2,0.9],"rotation":180,"texture":"#1"},"up":{"uv":[0,0,1.2,0.9],"rotation":180,"texture":"#1"},"down":{"uv":[0,0,1.2,0.9],"rotation":180,"texture":"#1"}}},{"from":[17,14.44648,14.55096],"to":[18,15.34648,15.75096],"rotation":{"angle":22.5,"axis":"x","origin":[17.5,14.89648,15.15096]},"faces":{"north":{"uv":[0,0,1.2,0.9],"rotation":90,"texture":"#1"},"east":{"uv":[0,0,1.2,0.9],"rotation":90,"texture":"#1"},"south":{"uv":[0,0,1.2,0.9],"rotation":90,"texture":"#1"},"west":{"uv":[0,0,1.2,0.9],"rotation":90,"texture":"#1"},"up":{"uv":[0,0,1.2,0.9],"rotation":90,"texture":"#1"},"down":{"uv":[0,0,1.2,0.9],"rotation":90,"texture":"#1"}}},{"from":[17,13.89015,15.38357],"to":[18,14.79015,16.58357],"rotation":{"angle":45,"axis":"x","origin":[17.5,14.34015,15.98357]},"faces":{"north":{"uv":[0,0,1.2,0.9],"rotation":90,"texture":"#1"},"east":{"uv":[0,0,1.2,0.9],"rotation":90,"texture":"#1"},"south":{"uv":[0,0,1.2,0.9],"rotation":90,"texture":"#1"},"west":{"uv":[0,0,1.2,0.9],"rotation":90,"texture":"#1"},"up":{"uv":[0,0,1.2,0.9],"rotation":90,"texture":"#1"},"down":{"uv":[0,0,1.2,0.9],"rotation":90,"texture":"#1"}}},{"from":[17,12.90755,16.08989],"to":[18,14.10755,16.98989],"rotation":{"angle":-22.5,"axis":"x","origin":[17.5,13.50755,16.53989]},"faces":{"north":{"uv":[0,0,0.9,1.2],"rotation":180,"texture":"#1"},"east":{"uv":[0,0,0.9,1.2],"rotation":180,"texture":"#1"},"south":{"uv":[0,0,0.9,1.2],"rotation":180,"texture":"#1"},"west":{"uv":[0,0,0.9,1.2],"rotation":180,"texture":"#1"},"up":{"uv":[0,0,0.9,1.2],"rotation":180,"texture":"#1"},"down":{"uv":[0,0,0.9,1.2],"rotation":180,"texture":"#1"}}},{"from":[17,11.92543,16.28525],"to":[18,13.12543,17.18525],"rotation":{"angle":0,"axis":"x","origin":[17.5,12.52543,16.73525]},"faces":{"north":{"uv":[0,0,0.9,1.2],"rotation":180,"texture":"#1"},"east":{"uv":[0,0,0.9,1.2],"rotation":180,"texture":"#1"},"south":{"uv":[0,0,0.9,1.2],"rotation":180,"texture":"#1"},"west":{"uv":[0,0,0.9,1.2],"rotation":180,"texture":"#1"},"up":{"uv":[0,0,0.9,1.2],"rotation":180,"texture":"#1"},"down":{"uv":[0,0,0.9,1.2],"rotation":180,"texture":"#1"}}},{"from":[17,10.94331,16.08989],"to":[18,12.14331,16.98989],"rotation":{"angle":22.5,"axis":"x","origin":[17.5,11.54331,16.53989]},"faces":{"north":{"uv":[0,0,0.9,1.2],"rotation":180,"texture":"#1"},"east":{"uv":[0,0,0.9,1.2],"rotation":180,"texture":"#1"},"south":{"uv":[0,0,0.9,1.2],"rotation":180,"texture":"#1"},"west":{"uv":[0,0,0.9,1.2],"rotation":180,"texture":"#1"},"up":{"uv":[0,0,0.9,1.2],"rotation":180,"texture":"#1"},"down":{"uv":[0,0,0.9,1.2],"rotation":180,"texture":"#1"}}},{"from":[17,7.89147,14.61433],"to":[18,11.69147,15.51433],"rotation":{"angle":45,"axis":"x","origin":[17.5,9.79147,15.06433]},"faces":{"north":{"uv":[0,0,0.9,3.8],"rotation":180,"texture":"#1"},"east":{"uv":[0,0,0.9,3.8],"rotation":180,"texture":"#1"},"south":{"uv":[0,0,0.9,3.8],"rotation":180,"texture":"#1"},"west":{"uv":[0,0,0.9,3.8],"rotation":180,"texture":"#1"},"up":{"uv":[0,0,0.9,3.8],"rotation":180,"texture":"#1"},"down":{"uv":[0,0,0.9,3.8],"rotation":180,"texture":"#1"}}},{"from":[17,10.51486,12.31981],"to":[17.8,14.81486,16.11981],"rotation":{"angle":22.5,"axis":"x","origin":[17.4,12.66486,14.21981]},"faces":{"north":{"uv":[3,4,10.8,11.3],"texture":"#3"},"east":{"uv":[3,4,10.8,11.3],"texture":"#3"},"south":{"uv":[3,4,10.8,11.3],"texture":"#3"},"west":{"uv":[0,0,3.8,4.3],"texture":"#1"},"up":{"uv":[3,4,10.8,11.3],"texture":"#3"},"down":{"uv":[3,4,10.8,11.3],"texture":"#3"}}},{"from":[17,11.74454,11.78702],"to":[17.8,15.04454,12.48702],"rotation":{"angle":22.5,"axis":"x","origin":[17.4,13.39454,12.13702]},"faces":{"north":{"uv":[12.5,2,15.5,12],"texture":"#1"},"east":{"uv":[6,3,9,13],"texture":"#3"},"south":{"uv":[12.5,2,15.5,12],"texture":"#1"},"west":{"uv":[0,0,0.7,3.3],"texture":"#1"},"up":{"uv":[12.5,2,15.5,12],"texture":"#1"},"down":{"uv":[12.5,2,15.5,12],"texture":"#1"}}},{"from":[17,9.94454,15.83702],"to":[17.8,13.24454,16.48702],"rotation":{"angle":22.5,"axis":"x","origin":[17.4,11.59454,16.13702]},"faces":{"north":{"uv":[12.5,2,15.5,12],"texture":"#1"},"east":{"uv":[6,3,9,13],"texture":"#3"},"south":{"uv":[12.5,2,15.5,12],"texture":"#1"},"west":{"uv":[5,5,5.7,10.3],"texture":"#1"},"up":{"uv":[12.5,2,15.5,12],"texture":"#1"},"down":{"uv":[12.5,2,15.5,12],"texture":"#1"}}},{"from":[-2.001,9.2266,24.93284],"to":[-1.001,11.5266,25.83284],"rotation":{"angle":45,"axis":"x","origin":[-1.501,10.3766,25.38284]},"faces":{"north":{"uv":[0,0,1,2.3],"texture":"#1"},"east":{"uv":[0,0,0.9,2.3],"texture":"#1"},"south":{"uv":[0,0,1,2.3],"texture":"#1"},"west":{"uv":[0,0,0.9,2.3],"texture":"#1"},"up":{"uv":[0,0,1,0.9],"texture":"#1"},"down":{"uv":[0,0,1,0.9],"texture":"#1"}}},{"from":[-2,9.46688,21.78782],"to":[-1,10.36688,24.08782],"rotation":{"angle":22.5,"axis":"x","origin":[-1.5,9.91688,22.93782]},"faces":{"north":{"uv":[0,0,2.3,0.9],"rotation":90,"texture":"#1"},"east":{"uv":[0,0,2.3,0.9],"rotation":90,"texture":"#1"},"south":{"uv":[0,0,2.3,0.9],"rotation":90,"texture":"#1"},"west":{"uv":[0,0,2.3,0.9],"rotation":90,"texture":"#1"},"up":{"uv":[0,0,2.3,0.9],"rotation":90,"texture":"#1"},"down":{"uv":[0,0,2.3,0.9],"rotation":90,"texture":"#1"}}},{"from":[-2,9.87271,21.14756],"to":[-1,10.77271,22.04756],"rotation":{"angle":0,"axis":"x","origin":[-1.5,10.32271,21.59756]},"faces":{"north":{"uv":[0,0,0.9,0.9],"rotation":90,"texture":"#1"},"east":{"uv":[0,0,0.9,0.9],"rotation":90,"texture":"#1"},"south":{"uv":[0,0,0.9,0.9],"rotation":90,"texture":"#1"},"west":{"uv":[0,0,0.9,0.9],"rotation":90,"texture":"#1"},"up":{"uv":[0,0,0.9,0.9],"rotation":90,"texture":"#1"},"down":{"uv":[0,0,0.9,0.9],"rotation":90,"texture":"#1"}}},{"from":[-2,9.73475,20.45402],"to":[-1,10.63475,21.35402],"rotation":{"angle":-22.5,"axis":"x","origin":[-1.5,10.18475,20.90402]},"faces":{"north":{"uv":[0,0,0.9,0.9],"rotation":90,"texture":"#1"},"east":{"uv":[0,0,0.9,0.9],"rotation":90,"texture":"#1"},"south":{"uv":[0,0,0.9,0.9],"rotation":90,"texture":"#1"},"west":{"uv":[0,0,0.9,0.9],"rotation":90,"texture":"#1"},"up":{"uv":[0,0,0.9,0.9],"rotation":90,"texture":"#1"},"down":{"uv":[0,0,0.9,0.9],"rotation":90,"texture":"#1"}}},{"from":[-2,8.98834,19.71962],"to":[-1,9.88834,21.61962],"rotation":{"angle":45,"axis":"x","origin":[-1.5,9.43834,20.66962]},"faces":{"north":{"uv":[0,0,0.9,0.9],"texture":"#1"},"east":{"uv":[0,0,0.9,0.9],"texture":"#1"},"south":{"uv":[0,0,0.9,0.9],"texture":"#1"},"west":{"uv":[0,0,0.9,0.9],"texture":"#1"},"up":{"uv":[0,0,0.9,0.9],"texture":"#1"},"down":{"uv":[0,0,0.9,0.9],"texture":"#1"}}},{"from":[-2,8.5626,19.43515],"to":[-1,9.4626,21.33515],"rotation":{"angle":22.5,"axis":"x","origin":[-1.5,9.0126,20.38515]},"faces":{"north":{"uv":[0,0,0.9,0.9],"texture":"#1"},"east":{"uv":[0,0,0.9,0.9],"texture":"#1"},"south":{"uv":[0,0,0.9,0.9],"texture":"#1"},"west":{"uv":[0,0,0.9,0.9],"texture":"#1"},"up":{"uv":[0,0,0.9,0.9],"texture":"#1"},"down":{"uv":[0,0,0.9,0.9],"texture":"#1"}}},{"from":[-2,8.06041,19.33526],"to":[-1,8.96041,21.23526],"rotation":{"angle":0,"axis":"x","origin":[-1.5,8.51041,20.28526]},"faces":{"north":{"uv":[0,0,0.9,0.9],"texture":"#1"},"east":{"uv":[0,0,0.9,0.9],"texture":"#1"},"south":{"uv":[0,0,0.9,0.9],"texture":"#1"},"west":{"uv":[0,0,0.9,0.9],"texture":"#1"},"up":{"uv":[0,0,0.9,0.9],"texture":"#1"},"down":{"uv":[0,0,0.9,0.9],"texture":"#1"}}},{"from":[-2,5.05717,19.93264],"to":[-1,8.55717,21.83264],"rotation":{"angle":-22.5,"axis":"x","origin":[-1.5,6.80717,20.88264]},"faces":{"north":{"uv":[0,0,0.9,3.2],"texture":"#1"},"east":{"uv":[0,0,0.9,3.2],"texture":"#1"},"south":{"uv":[0,0,0.9,3.2],"texture":"#1"},"west":{"uv":[0,0,0.9,3.2],"texture":"#1"},"up":{"uv":[0,0,0.9,3.2],"texture":"#1"},"down":{"uv":[0,0,0.9,3.2],"texture":"#1"}}},{"from":[17,9.46688,21.78782],"to":[18,10.36688,24.08782],"rotation":{"angle":22.5,"axis":"x","origin":[17.5,9.91688,22.93782]},"faces":{"north":{"uv":[0,0,2.3,0.9],"rotation":90,"texture":"#1"},"east":{"uv":[0,0,2.3,0.9],"rotation":90,"texture":"#1"},"south":{"uv":[0,0,2.3,0.9],"rotation":90,"texture":"#1"},"west":{"uv":[0,0,2.3,0.9],"rotation":90,"texture":"#1"},"up":{"uv":[0,0,2.3,0.9],"rotation":90,"texture":"#1"},"down":{"uv":[0,0,2.3,0.9],"rotation":90,"texture":"#1"}}},{"from":[17,9.87271,21.14756],"to":[18,10.77271,22.04756],"rotation":{"angle":0,"axis":"x","origin":[17.5,10.32271,21.59756]},"faces":{"north":{"uv":[0,0,0.9,0.9],"rotation":90,"texture":"#1"},"east":{"uv":[0,0,0.9,0.9],"rotation":90,"texture":"#1"},"south":{"uv":[0,0,0.9,0.9],"rotation":90,"texture":"#1"},"west":{"uv":[0,0,0.9,0.9],"rotation":90,"texture":"#1"},"up":{"uv":[0,0,0.9,0.9],"rotation":90,"texture":"#1"},"down":{"uv":[0,0,0.9,0.9],"rotation":90,"texture":"#1"}}},{"from":[17,9.73475,20.45402],"to":[18,10.63475,21.35402],"rotation":{"angle":-22.5,"axis":"x","origin":[17.5,10.18475,20.90402]},"faces":{"north":{"uv":[0,0,0.9,0.9],"rotation":90,"texture":"#1"},"east":{"uv":[0,0,0.9,0.9],"rotation":90,"texture":"#1"},"south":{"uv":[0,0,0.9,0.9],"rotation":90,"texture":"#1"},"west":{"uv":[0,0,0.9,0.9],"rotation":90,"texture":"#1"},"up":{"uv":[0,0,0.9,0.9],"rotation":90,"texture":"#1"},"down":{"uv":[0,0,0.9,0.9],"rotation":90,"texture":"#1"}}},{"from":[17,8.98834,19.71962],"to":[18,9.88834,21.61962],"rotation":{"angle":45,"axis":"x","origin":[17.5,9.43834,20.66962]},"faces":{"north":{"uv":[0,0,0.9,0.9],"texture":"#1"},"east":{"uv":[0,0,0.9,0.9],"texture":"#1"},"south":{"uv":[0,0,0.9,0.9],"texture":"#1"},"west":{"uv":[0,0,0.9,0.9],"texture":"#1"},"up":{"uv":[0,0,0.9,0.9],"texture":"#1"},"down":{"uv":[0,0,0.9,0.9],"texture":"#1"}}},{"from":[17,8.5626,19.43515],"to":[18,9.4626,21.33515],"rotation":{"angle":22.5,"axis":"x","origin":[17.5,9.0126,20.38515]},"faces":{"north":{"uv":[0,0,0.9,0.9],"texture":"#1"},"east":{"uv":[0,0,0.9,0.9],"texture":"#1"},"south":{"uv":[0,0,0.9,0.9],"texture":"#1"},"west":{"uv":[0,0,0.9,0.9],"texture":"#1"},"up":{"uv":[0,0,0.9,0.9],"texture":"#1"},"down":{"uv":[0,0,0.9,0.9],"texture":"#1"}}},{"from":[17,8.06041,19.33526],"to":[18,8.96041,21.23526],"rotation":{"angle":0,"axis":"x","origin":[17.5,8.51041,20.28526]},"faces":{"north":{"uv":[0,0,0.9,0.9],"texture":"#1"},"east":{"uv":[0,0,0.9,0.9],"texture":"#1"},"south":{"uv":[0,0,0.9,0.9],"texture":"#1"},"west":{"uv":[0,0,0.9,0.9],"texture":"#1"},"up":{"uv":[0,0,0.9,0.9],"texture":"#1"},"down":{"uv":[0,0,0.9,0.9],"texture":"#1"}}},{"from":[17,5.05717,19.93264],"to":[18,8.55717,21.83264],"rotation":{"angle":-22.5,"axis":"x","origin":[17.5,6.80717,20.88264]},"faces":{"north":{"uv":[0,0,0.9,3.2],"texture":"#1"},"east":{"uv":[0,0,0.9,3.2],"texture":"#1"},"south":{"uv":[0,0,0.9,3.2],"texture":"#1"},"west":{"uv":[0,0,0.9,3.2],"texture":"#1"},"up":{"uv":[0,0,0.9,3.2],"texture":"#1"},"down":{"uv":[0,0,0.9,3.2],"texture":"#1"}}},{"from":[17.001,9.2266,24.93284],"to":[18.001,11.5266,25.83284],"rotation":{"angle":45,"axis":"x","origin":[17.501,10.3766,25.38284]},"faces":{"north":{"uv":[0,0,1,2.3],"texture":"#1"},"east":{"uv":[0,0,0.9,2.3],"texture":"#1"},"south":{"uv":[0,0,1,2.3],"texture":"#1"},"west":{"uv":[0,0,0.9,2.3],"texture":"#1"},"up":{"uv":[0,0,1,0.9],"texture":"#1"},"down":{"uv":[0,0,1,0.9],"texture":"#1"}}},{"from":[17,12.16234,25.74347],"to":[18,13.86234,26.64347],"rotation":{"angle":-22.5,"axis":"x","origin":[17.5,13.01234,26.19347]},"faces":{"north":{"uv":[0,0,0.9,1.7],"texture":"#1"},"east":{"uv":[0,0,0.9,1.7],"texture":"#1"},"south":{"uv":[0,0,0.9,1.7],"texture":"#1"},"west":{"uv":[0,0,0.9,1.7],"texture":"#1"},"up":{"uv":[0,0,0.9,1.7],"texture":"#1"},"down":{"uv":[0,0,0.9,1.7],"texture":"#1"}}},{"from":[17,13.62543,25.45244],"to":[18,14.82543,26.35244],"rotation":{"angle":0,"axis":"x","origin":[17.5,14.22543,25.90244]},"faces":{"north":{"uv":[0,0,0.9,1.2],"texture":"#1"},"east":{"uv":[0,0,0.9,1.2],"texture":"#1"},"south":{"uv":[0,0,0.9,1.2],"texture":"#1"},"west":{"uv":[0,0,0.9,1.2],"texture":"#1"},"up":{"uv":[0,0,0.9,1.2],"texture":"#1"},"down":{"uv":[0,0,0.9,1.2],"texture":"#1"}}},{"from":[17,14.60755,25.6478],"to":[18,15.80755,26.5478],"rotation":{"angle":22.5,"axis":"x","origin":[17.5,15.20755,26.0978]},"faces":{"north":{"uv":[0,0,0.9,1.2],"texture":"#1"},"east":{"uv":[0,0,0.9,1.2],"texture":"#1"},"south":{"uv":[0,0,0.9,1.2],"texture":"#1"},"west":{"uv":[0,0,0.9,1.2],"texture":"#1"},"up":{"uv":[0,0,0.9,1.2],"texture":"#1"},"down":{"uv":[0,0,0.9,1.2],"texture":"#1"}}},{"from":[17,15.44015,26.20412],"to":[18,16.64015,27.10412],"rotation":{"angle":45,"axis":"x","origin":[17.5,16.04015,26.65412]},"faces":{"north":{"uv":[0,0,0.9,1.2],"texture":"#1"},"east":{"uv":[0,0,0.9,1.2],"texture":"#1"},"south":{"uv":[0,0,0.9,1.2],"texture":"#1"},"west":{"uv":[0,0,0.9,1.2],"texture":"#1"},"up":{"uv":[0,0,0.9,1.2],"texture":"#1"},"down":{"uv":[0,0,0.9,1.2],"texture":"#1"}}},{"from":[17,16.14648,26.88672],"to":[18,17.04648,28.08672],"rotation":{"angle":-22.5,"axis":"x","origin":[17.5,16.59648,27.48672]},"faces":{"north":{"uv":[0,0,1.2,0.9],"rotation":90,"texture":"#1"},"east":{"uv":[0,0,1.2,0.9],"rotation":90,"texture":"#1"},"south":{"uv":[0,0,1.2,0.9],"rotation":90,"texture":"#1"},"west":{"uv":[0,0,1.2,0.9],"rotation":90,"texture":"#1"},"up":{"uv":[0,0,1.2,0.9],"rotation":90,"texture":"#1"},"down":{"uv":[0,0,1.2,0.9],"rotation":90,"texture":"#1"}}},{"from":[17,16.34183,27.86884],"to":[18,17.24183,29.06884],"rotation":{"angle":0,"axis":"x","origin":[17.5,16.79183,28.46884]},"faces":{"north":{"uv":[0,0,1.2,0.9],"rotation":180,"texture":"#1"},"east":{"uv":[0,0,1.2,0.9],"rotation":180,"texture":"#1"},"south":{"uv":[0,0,1.2,0.9],"rotation":180,"texture":"#1"},"west":{"uv":[0,0,1.2,0.9],"rotation":180,"texture":"#1"},"up":{"uv":[0,0,1.2,0.9],"rotation":180,"texture":"#1"},"down":{"uv":[0,0,1.2,0.9],"rotation":180,"texture":"#1"}}},{"from":[17,16.14648,28.85096],"to":[18,17.04648,30.05096],"rotation":{"angle":22.5,"axis":"x","origin":[17.5,16.59648,29.45096]},"faces":{"north":{"uv":[0,0,1.2,0.9],"rotation":90,"texture":"#1"},"east":{"uv":[0,0,1.2,0.9],"rotation":90,"texture":"#1"},"south":{"uv":[0,0,1.2,0.9],"rotation":90,"texture":"#1"},"west":{"uv":[0,0,1.2,0.9],"rotation":90,"texture":"#1"},"up":{"uv":[0,0,1.2,0.9],"rotation":90,"texture":"#1"},"down":{"uv":[0,0,1.2,0.9],"rotation":90,"texture":"#1"}}},{"from":[17,15.59015,29.68357],"to":[18,16.49015,30.88357],"rotation":{"angle":45,"axis":"x","origin":[17.5,16.04015,30.28357]},"faces":{"north":{"uv":[0,0,1.2,0.9],"rotation":90,"texture":"#1"},"east":{"uv":[0,0,1.2,0.9],"rotation":90,"texture":"#1"},"south":{"uv":[0,0,1.2,0.9],"rotation":90,"texture":"#1"},"west":{"uv":[0,0,1.2,0.9],"rotation":90,"texture":"#1"},"up":{"uv":[0,0,1.2,0.9],"rotation":90,"texture":"#1"},"down":{"uv":[0,0,1.2,0.9],"rotation":90,"texture":"#1"}}},{"from":[17,14.60755,30.38989],"to":[18,15.80755,31.28989],"rotation":{"angle":-22.5,"axis":"x","origin":[17.5,15.20755,30.83989]},"faces":{"north":{"uv":[0,0,0.9,1.2],"rotation":180,"texture":"#1"},"east":{"uv":[0,0,0.9,1.2],"rotation":180,"texture":"#1"},"south":{"uv":[0,0,0.9,1.2],"rotation":180,"texture":"#1"},"west":{"uv":[0,0,0.9,1.2],"rotation":180,"texture":"#1"},"up":{"uv":[0,0,0.9,1.2],"rotation":180,"texture":"#1"},"down":{"uv":[0,0,0.9,1.2],"rotation":180,"texture":"#1"}}},{"from":[17,13.62543,30.58525],"to":[18,14.82543,31.48525],"rotation":{"angle":0,"axis":"x","origin":[17.5,14.22543,31.03525]},"faces":{"north":{"uv":[0,0,0.9,1.2],"rotation":180,"texture":"#1"},"east":{"uv":[0,0,0.9,1.2],"rotation":180,"texture":"#1"},"south":{"uv":[0,0,0.9,1.2],"rotation":180,"texture":"#1"},"west":{"uv":[0,0,0.9,1.2],"rotation":180,"texture":"#1"},"up":{"uv":[0,0,0.9,1.2],"rotation":180,"texture":"#1"},"down":{"uv":[0,0,0.9,1.2],"rotation":180,"texture":"#1"}}},{"from":[17,12.64331,30.38989],"to":[18,13.84331,31.28989],"rotation":{"angle":22.5,"axis":"x","origin":[17.5,13.24331,30.83989]},"faces":{"north":{"uv":[0,0,0.9,1.2],"rotation":180,"texture":"#1"},"east":{"uv":[0,0,0.9,1.2],"rotation":180,"texture":"#1"},"south":{"uv":[0,0,0.9,1.2],"rotation":180,"texture":"#1"},"west":{"uv":[0,0,0.9,1.2],"rotation":180,"texture":"#1"},"up":{"uv":[0,0,0.9,1.2],"rotation":180,"texture":"#1"},"down":{"uv":[0,0,0.9,1.2],"rotation":180,"texture":"#1"}}},{"from":[17,9.59147,28.91433],"to":[18,13.39147,29.81433],"rotation":{"angle":45,"axis":"x","origin":[17.5,11.49147,29.36433]},"faces":{"north":{"uv":[0,0,0.9,3.8],"rotation":180,"texture":"#1"},"east":{"uv":[0,0,0.9,3.8],"rotation":180,"texture":"#1"},"south":{"uv":[0,0,0.9,3.8],"rotation":180,"texture":"#1"},"west":{"uv":[0,0,0.9,3.8],"rotation":180,"texture":"#1"},"up":{"uv":[0,0,0.9,3.8],"rotation":180,"texture":"#1"},"down":{"uv":[0,0,0.9,3.8],"rotation":180,"texture":"#1"}}},{"from":[17,12.21486,26.61981],"to":[17.8,16.51486,30.41981],"rotation":{"angle":22.5,"axis":"x","origin":[17.4,14.36486,28.51981]},"faces":{"north":{"uv":[12.5,2,15.5,12],"texture":"#1"},"east":{"uv":[5,3,12,12],"texture":"#3"},"south":{"uv":[12.5,2,15.5,12],"texture":"#1"},"west":{"uv":[0,0,3.8,4.3],"texture":"#1"},"up":{"uv":[12.5,2,15.5,12],"texture":"#1"},"down":{"uv":[12.5,2,15.5,12],"texture":"#1"}}},{"from":[17,13.44454,26.08702],"to":[17.8,16.74454,26.78702],"rotation":{"angle":22.5,"axis":"x","origin":[17.4,15.09454,26.43702]},"faces":{"north":{"uv":[12.5,2,15.5,12],"texture":"#1"},"east":{"uv":[7,3,9,12],"texture":"#3"},"south":{"uv":[12.5,2,15.5,12],"texture":"#1"},"west":{"uv":[0,0,0.7,3.3],"texture":"#1"},"up":{"uv":[12.5,2,15.5,12],"texture":"#1"},"down":{"uv":[12.5,2,15.5,12],"texture":"#1"}}},{"from":[17,11.6254,30.13322],"to":[17.8,14.9254,30.68322],"rotation":{"angle":22.5,"axis":"x","origin":[17.4,13.2754,30.38322]},"faces":{"north":{"uv":[12.5,2,15.5,12],"texture":"#1"},"east":{"uv":[6,3,8,12],"texture":"#3"},"south":{"uv":[12.5,2,15.5,12],"texture":"#1"},"west":{"uv":[5,5,5.7,10.3],"texture":"#1"},"up":{"uv":[12.5,2,15.5,12],"texture":"#1"},"down":{"uv":[12.5,2,15.5,12],"texture":"#1"}}},{"from":[1.5,11.5,-1.5],"to":[14.5,12.3,-0.7],"rotation":{"angle":0,"axis":"y","origin":[8,11.9,-1.1]},"faces":{"north":{"uv":[0,0,13,0.8],"texture":"#stone_slab_top"},"east":{"uv":[0,0,0.8,0.8],"texture":"#stone_slab_top"},"south":{"uv":[0,0,13,0.8],"texture":"#stone_slab_top"},"west":{"uv":[0,0,0.8,0.8],"texture":"#stone_slab_top"},"up":{"uv":[0,0,13,0.8],"texture":"#stone_slab_top"},"down":{"uv":[0,0,13,0.8],"texture":"#stone_slab_top"}}},{"from":[-0.27081,11.14776,-1.5],"to":[1.72919,11.94776,-0.7],"rotation":{"angle":22.5,"axis":"z","origin":[0.72919,11.54776,-1.1]},"faces":{"north":{"uv":[0,0,2,0.8],"texture":"#stone_slab_top"},"east":{"uv":[0,0,0.8,0.8],"texture":"#stone_slab_top"},"south":{"uv":[0,0,2,0.8],"texture":"#stone_slab_top"},"west":{"uv":[0,0,0.8,0.8],"texture":"#stone_slab_top"},"up":{"uv":[0,0,2,0.8],"texture":"#stone_slab_top"},"down":{"uv":[0,0,2,0.8],"texture":"#stone_slab_top"}}},{"from":[-1.77202,10.14468,-1.5],"to":[0.22798,10.94468,-0.7],"rotation":{"angle":45,"axis":"z","origin":[-0.77202,10.54468,-1.1]},"faces":{"north":{"uv":[0,0,2,0.8],"texture":"#stone_slab_top"},"east":{"uv":[0,0,0.8,0.8],"texture":"#stone_slab_top"},"south":{"uv":[0,0,2,0.8],"texture":"#stone_slab_top"},"west":{"uv":[0,0,0.8,0.8],"texture":"#stone_slab_top"},"up":{"uv":[0,0,2,0.8],"texture":"#stone_slab_top"},"down":{"uv":[0,0,2,0.8],"texture":"#stone_slab_top"}}},{"from":[14.27081,11.14776,-1.5],"to":[16.27081,11.94776,-0.7],"rotation":{"angle":-22.5,"axis":"z","origin":[15.27081,11.54776,-1.1]},"faces":{"north":{"uv":[0,0,2,0.8],"texture":"#stone_slab_top"},"east":{"uv":[0,0,0.8,0.8],"texture":"#stone_slab_top"},"south":{"uv":[0,0,2,0.8],"texture":"#stone_slab_top"},"west":{"uv":[0,0,0.8,0.8],"texture":"#stone_slab_top"},"up":{"uv":[0,0,2,0.8],"texture":"#stone_slab_top"},"down":{"uv":[0,0,2,0.8],"texture":"#stone_slab_top"}}},{"from":[15.77202,10.14468,-1.5],"to":[17.77202,10.94468,-0.7],"rotation":{"angle":-45,"axis":"z","origin":[16.77202,10.54468,-1.1]},"faces":{"north":{"uv":[0,0,2,0.8],"texture":"#stone_slab_top"},"east":{"uv":[0,0,0.8,0.8],"texture":"#stone_slab_top"},"south":{"uv":[0,0,2,0.8],"texture":"#stone_slab_top"},"west":{"uv":[0,0,0.8,0.8],"texture":"#stone_slab_top"},"up":{"uv":[0,0,2,0.8],"texture":"#stone_slab_top"},"down":{"uv":[0,0,2,0.8],"texture":"#stone_slab_top"}}},{"from":[14.1,17.1,28.7],"to":[15.5,20.1,30.1],"rotation":{"angle":-22.5,"axis":"x","origin":[6,17.6,29.2]},"faces":{"north":{"uv":[1,5.5,2.5,8.5],"texture":"#4"},"east":{"uv":[1,5.5,2.5,8.5],"texture":"#4"},"south":{"uv":[1,5.5,2.5,8.5],"texture":"#4"},"west":{"uv":[1,5.5,2.5,8.5],"texture":"#4"},"up":{"uv":[1,5.5,2.5,8.5],"texture":"#4"},"down":{"uv":[1,5.5,2.5,8.5],"texture":"#4"}}},{"from":[13.8,17.8,29.7],"to":[14.1,20.3,31.1],"rotation":{"angle":-45,"axis":"x","origin":[4.6,17.8,30.2]},"faces":{"north":{"uv":[9.5,5.5,10,8],"texture":"#4"},"east":{"uv":[11.5,5.5,13,8],"texture":"#4"},"south":{"uv":[10.5,5.5,11,8],"texture":"#4"},"west":{"uv":[9.5,5.5,11,8],"texture":"#4"},"up":{"uv":[9.5,5.5,10.5,6],"texture":"#4"},"down":{"uv":[9.5,7.5,11,8],"texture":"#4"}}},{"from":[15.5,17.8,29.7],"to":[15.8,20.3,31.1],"rotation":{"angle":-45,"axis":"x","origin":[6.3,17.8,30.2]},"faces":{"north":{"uv":[9.5,5.5,10,8],"texture":"#4"},"east":{"uv":[11.5,5.5,13,8],"texture":"#4"},"south":{"uv":[10.5,5.5,11,8],"texture":"#4"},"west":{"uv":[9.5,5.5,11,8],"texture":"#4"},"up":{"uv":[9.5,5.5,10.5,6],"texture":"#4"},"down":{"uv":[9.5,7.5,11,8],"texture":"#4"}}},{"from":[14.3,19.6,28.7],"to":[15.3,21.5,29.1],"rotation":{"angle":0,"axis":"x","origin":[5.8,18.6,28.2]},"faces":{"north":{"uv":[1,5.5,2.5,8.5],"texture":"#4"},"east":{"uv":[1,5.5,2.5,8.5],"texture":"#4"},"south":{"uv":[1,5.5,2.5,8.5],"texture":"#4"},"west":{"uv":[1,5.5,2.5,8.5],"texture":"#4"},"up":{"uv":[1,5.5,2.5,8.5],"texture":"#4"},"down":{"uv":[1,5.5,2.5,8.5],"texture":"#4"}}},{"from":[14.3,21.1,27.4],"to":[15.3,21.5,28.7],"rotation":{"angle":0,"axis":"x","origin":[5.8,18.6,27.2]},"faces":{"north":{"uv":[1,5.5,2.5,8.5],"texture":"#4"},"east":{"uv":[1,5.5,2.5,8.5],"texture":"#4"},"south":{"uv":[1,5.5,2.5,8.5],"texture":"#4"},"west":{"uv":[1,5.5,2.5,8.5],"texture":"#4"},"up":{"uv":[1,5.5,2.5,8.5],"texture":"#4"},"down":{"uv":[1,5.5,2.5,8.5],"texture":"#4"}}},{"from":[14.3,20.2,28.3],"to":[15.3,21.1,28.7],"rotation":{"angle":0,"axis":"x","origin":[5.8,18.6,27.8]},"faces":{"north":{"uv":[2,2,3,3],"texture":"#4"},"east":{"uv":[3,2,3.5,3],"texture":"#4"},"south":{"uv":[1,5.5,2.5,8.5],"texture":"#4"},"west":{"uv":[1.5,2,2,3],"texture":"#4"},"up":{"uv":[1,5.5,2.5,8.5],"texture":"#4"},"down":{"uv":[1,5.5,2.5,8.5],"texture":"#4"}}},{"from":[14.3,19,28.3],"to":[15.3,19.9,28.7],"rotation":{"angle":0,"axis":"x","origin":[5.8,17.4,27.8]},"faces":{"north":{"uv":[3,5.5,4,7],"texture":"#4"},"east":{"uv":[3,5.5,4,7],"texture":"#4"},"south":{"uv":[3,5.5,4,7],"texture":"#4"},"west":{"uv":[3,5.5,4,7],"texture":"#4"},"up":{"uv":[3,5.5,4,7],"texture":"#4"},"down":{"uv":[3,5.5,4,7],"texture":"#4"}}},{"from":[14.4,20.2,27.9],"to":[15.2,21.1,28.3],"rotation":{"angle":0,"axis":"x","origin":[5.8,18.6,27.4]},"faces":{"north":{"uv":[6,4,7.3,4.9],"texture":"#4"},"east":{"uv":[6,4,7.3,4.9],"texture":"#4"},"south":{"uv":[6,4,7.3,4.9],"texture":"#4"},"west":{"uv":[6,4,7.3,4.9],"texture":"#4"},"up":{"uv":[6,4,7.3,4.9],"texture":"#4"},"down":{"uv":[6,4,7.3,4.9],"texture":"#4"}}},{"from":[14.5,20.3,27.5],"to":[15.1,21.1,27.9],"rotation":{"angle":0,"axis":"x","origin":[5.8,18.6,27]},"faces":{"north":{"uv":[6,3.5,6.8,4.4],"texture":"#4"},"east":{"uv":[6,3.5,6.8,4.4],"texture":"#4"},"south":{"uv":[6,3.5,6.8,4.4],"texture":"#4"},"west":{"uv":[6,3.5,6.8,4.4],"texture":"#4"},"up":{"uv":[6,3.5,6.8,4.4],"texture":"#4"},"down":{"uv":[6,3.5,6.8,4.4],"texture":"#4"}}},{"from":[14.7,21.2,27],"to":[14.8,23.3,28.3],"rotation":{"angle":22.5,"axis":"x","origin":[5.8,19.1,26.8]},"faces":{"north":{"uv":[3,11,5,13.5],"texture":"#4"},"east":{"uv":[1,11,3,13.5],"texture":"#4"},"south":{"uv":[3,11,5,13.5],"texture":"#4"},"west":{"uv":[1,11,3,13.5],"texture":"#4"},"up":{"uv":[3,11,5,13.5],"texture":"#4"},"down":{"uv":[3,11,5,13.5],"texture":"#4"}}},{"from":[14.2,17.1253,29.85],"to":[15.4,17.5253,32],"rotation":{"angle":22.5,"axis":"x","origin":[14.35,17.8253,31.1]},"faces":{"north":{"uv":[10,5.5,10.5,6.5],"rotation":180,"texture":"#4"},"east":{"uv":[10,5.5,10.5,8],"rotation":90,"texture":"#4"},"south":{"uv":[10,7.5,10.5,8],"texture":"#4"},"west":{"uv":[10,5.5,10.5,8],"rotation":270,"texture":"#4"},"up":{"uv":[10,5.5,10.5,8],"texture":"#4"},"down":{"uv":[10,5.5,10.5,8],"rotation":180,"texture":"#4"}}},{"from":[14.9,16.4,29.4],"to":[15.3,17.3,29.4],"rotation":{"angle":0,"axis":"x","origin":[5.8,14.4,28.5]},"faces":{"north":{"uv":[8.5,9.5,9,10.5],"texture":"#4"},"east":{"uv":[8.5,9.5,9,10.5],"texture":"#4"},"south":{"uv":[8.5,9.5,9,10.5],"texture":"#4"},"west":{"uv":[8.5,9.5,9,10.5],"texture":"#4"},"up":{"uv":[8.5,9.5,9,10.5],"texture":"#4"},"down":{"uv":[8.5,9.5,9,10.5],"texture":"#4"}}},{"from":[14.9,16.51,29],"to":[15.3,16.51,29.4],"rotation":{"angle":0,"axis":"x","origin":[5.8,14.51,28.5]},"faces":{"north":{"uv":[8.5,9.5,9,10.5],"texture":"#4"},"east":{"uv":[8.5,9.5,9,10.5],"texture":"#4"},"south":{"uv":[8.5,9.5,9,10.5],"texture":"#4"},"west":{"uv":[8.5,9.5,9,10.5],"texture":"#4"},"up":{"uv":[8.5,9.5,9,10.5],"texture":"#4"},"down":{"uv":[8.5,9.5,9,10.5],"texture":"#4"}}},{"from":[14.3,16.4,29.4],"to":[14.7,17.3,29.4],"rotation":{"angle":0,"axis":"x","origin":[5.2,14.4,28.5]},"faces":{"north":{"uv":[8.5,9.5,9,10.5],"texture":"#4"},"east":{"uv":[8.5,9.5,9,10.5],"texture":"#4"},"south":{"uv":[8.5,9.5,9,10.5],"texture":"#4"},"west":{"uv":[8.5,9.5,9,10.5],"texture":"#4"},"up":{"uv":[8.5,9.5,9,10.5],"texture":"#4"},"down":{"uv":[8.5,9.5,9,10.5],"texture":"#4"}}},{"from":[14.3,16.51,29],"to":[14.7,16.51,29.4],"rotation":{"angle":0,"axis":"x","origin":[5.2,14.51,28.5]},"faces":{"north":{"uv":[8.5,9.5,9,10.5],"texture":"#4"},"east":{"uv":[8.5,9.5,9,10.5],"texture":"#4"},"south":{"uv":[8.5,9.5,9,10.5],"texture":"#4"},"west":{"uv":[8.5,9.5,9,10.5],"texture":"#4"},"up":{"uv":[8.5,9.5,9,10.5],"texture":"#4"},"down":{"uv":[8.5,9.5,9,10.5],"texture":"#4"}}},{"from":[0.25,3,-2.2],"to":[15.8,3.5,-1.7],"rotation":{"angle":0,"axis":"y","origin":[8.05,3.25,-2.2]},"faces":{"north":{"uv":[0,0,15.55,0.5],"texture":"#stone_slab_top"},"east":{"uv":[0,0,0.5,0.5],"texture":"#stone_slab_top"},"south":{"uv":[0,0,15.55,0.5],"texture":"#stone_slab_top"},"west":{"uv":[0,0,0.5,0.5],"texture":"#stone_slab_top"},"up":{"uv":[0,0,15.55,0.5],"texture":"#2"},"down":{"uv":[0,0,15.55,0.5],"texture":"#stone_slab_top"}}}],"display":{"gui":{"rotation":[30,-135,0],"translation":[2,-2,0],"scale":[0.375,0.375,0.375]},"head":{"translation":[0,1.5,-1],"scale":[2,2,2]}},"credit":"Model by Craftventure"}