{"textures":{"4":"block/mat","11":"block/copper_block","14":"block/gray_concrete","particle":"block/barrel_bottom"},"elements":[{"from":[11.54016,5,6.83629],"to":[11.74016,10,10.03629],"rotation":{"angle":45,"axis":"y","origin":[7.87742,7.5,8.43629]},"faces":{"north":{"uv":[0,0,0.2,5],"texture":"#14"},"east":{"uv":[0,0,3.2,5],"texture":"#14"},"south":{"uv":[0,0,0.2,5],"texture":"#14"},"west":{"uv":[0,0,3.2,5],"texture":"#14"},"up":{"uv":[0,0,0.2,3.2],"texture":"#14"},"down":{"uv":[0,0,0.2,3.2],"texture":"#14"}}},{"from":[6.27742,5,4.57355],"to":[9.47742,10,4.77355],"rotation":{"angle":0,"axis":"y","origin":[7.87742,7.5,8.43629]},"faces":{"north":{"uv":[0,0,3.2,5],"texture":"#14"},"east":{"uv":[0,0,0.2,5],"texture":"#14"},"south":{"uv":[0,0,3.2,5],"texture":"#14"},"west":{"uv":[0,0,0.2,5],"texture":"#14"},"up":{"uv":[0,0,0.2,3.2],"rotation":90,"texture":"#14"},"down":{"uv":[0,0,0.2,3.2],"rotation":270,"texture":"#14"}}},{"from":[4.01468,5,6.83629],"to":[4.21468,10,10.03629],"rotation":{"angle":-45,"axis":"y","origin":[7.87742,7.5,8.43629]},"faces":{"north":{"uv":[0,0,0.2,5],"texture":"#14"},"east":{"uv":[0,0,3.2,5],"texture":"#14"},"south":{"uv":[0,0,0.2,5],"texture":"#14"},"west":{"uv":[0,0,3.2,5],"texture":"#14"},"up":{"uv":[0,0,0.2,3.2],"texture":"#14"},"down":{"uv":[0,0,0.2,3.2],"texture":"#14"}}},{"from":[4.01468,5,6.83629],"to":[4.21468,10,10.03629],"rotation":{"angle":0,"axis":"y","origin":[7.87742,7.5,8.43629]},"faces":{"north":{"uv":[0,0,0.2,5],"texture":"#14"},"east":{"uv":[0,0,3.2,5],"texture":"#14"},"south":{"uv":[0,0,0.2,5],"texture":"#14"},"west":{"uv":[0,0,3.2,5],"texture":"#14"},"up":{"uv":[0,0,0.2,3.2],"rotation":180,"texture":"#14"},"down":{"uv":[0,0,0.2,3.2],"rotation":180,"texture":"#14"}}},{"from":[4.01468,5,6.83629],"to":[4.21468,10,10.03629],"rotation":{"angle":45,"axis":"y","origin":[7.87742,7.5,8.43629]},"faces":{"north":{"uv":[0,0,0.2,5],"texture":"#14"},"east":{"uv":[0,0,3.2,5],"texture":"#14"},"south":{"uv":[0,0,0.2,5],"texture":"#14"},"west":{"uv":[0,0,3.2,5],"texture":"#14"},"up":{"uv":[0,0,0.2,3.2],"texture":"#14"},"down":{"uv":[0,0,0.2,3.2],"texture":"#14"}}},{"from":[6.27742,5,12.09903],"to":[9.47742,10,12.29903],"rotation":{"angle":0,"axis":"y","origin":[7.87742,7.5,8.43629]},"faces":{"north":{"uv":[0,0,3.2,5],"texture":"#14"},"east":{"uv":[0,0,0.2,5],"texture":"#14"},"south":{"uv":[0,0,3.2,5],"texture":"#14"},"west":{"uv":[0,0,0.2,5],"texture":"#14"},"up":{"uv":[0,0,0.2,3.2],"rotation":270,"texture":"#14"},"down":{"uv":[0,0,0.2,3.2],"rotation":90,"texture":"#14"}}},{"from":[6.27742,5,12.09903],"to":[9.47742,10,12.29903],"rotation":{"angle":45,"axis":"y","origin":[7.87742,7.5,8.43629]},"faces":{"north":{"uv":[0,0,3.2,5],"texture":"#14"},"east":{"uv":[0,0,0.2,5],"texture":"#14"},"south":{"uv":[0,0,3.2,5],"texture":"#14"},"west":{"uv":[0,0,0.2,5],"texture":"#14"},"up":{"uv":[0,0,0.2,3.2],"rotation":270,"texture":"#14"},"down":{"uv":[0,0,0.2,3.2],"rotation":90,"texture":"#14"}}},{"from":[11.54016,5,6.83629],"to":[11.74016,10,10.03629],"rotation":{"angle":0,"axis":"y","origin":[7.87742,7.5,8.43629]},"faces":{"north":{"uv":[0,0,0.2,5],"texture":"#14"},"east":{"uv":[0,0,3.2,5],"texture":"#14"},"south":{"uv":[0,0,0.2,5],"texture":"#14"},"west":{"uv":[0,0,3.2,5],"texture":"#14"},"up":{"uv":[0,0,0.2,3.2],"texture":"#14"},"down":{"uv":[0,0,0.2,3.2],"texture":"#14"}}},{"from":[15.2029,5,5.23629],"to":[15.6029,6,11.63629],"rotation":{"angle":45,"axis":"y","origin":[7.87742,7.5,8.43629]},"faces":{"north":{"uv":[0,0,0.4,1],"texture":"#14"},"east":{"uv":[0,0,6.4,1],"texture":"#14"},"south":{"uv":[0,0,0.4,1],"texture":"#14"},"west":{"uv":[0,0,6.4,1],"texture":"#14"},"up":{"uv":[0,0,0.4,6.4],"texture":"#14"},"down":{"uv":[0,0,0.4,6.4],"texture":"#14"}}},{"from":[4.67742,5,0.71081],"to":[11.07742,5.99,16.11081],"rotation":{"angle":0,"axis":"y","origin":[7.87742,7.5,8.43629]},"faces":{"north":{"uv":[0,0,6.4,1],"texture":"#14"},"east":{"uv":[0,0,15.4,1],"texture":"#14"},"south":{"uv":[0,0,6.4,1],"texture":"#14"},"west":{"uv":[0,0,15.4,1],"texture":"#14"},"up":{"uv":[0,0,15.4,6.4],"rotation":90,"texture":"#14"},"down":{"uv":[0,0,15.4,6.4],"rotation":270,"texture":"#14"}}},{"from":[0.15193,5,5.23629],"to":[0.55193,6,11.63629],"rotation":{"angle":-45,"axis":"y","origin":[7.87742,7.5,8.43629]},"faces":{"north":{"uv":[0,0,0.4,1],"texture":"#14"},"east":{"uv":[0,0,6.4,1],"texture":"#14"},"south":{"uv":[0,0,0.4,1],"texture":"#14"},"west":{"uv":[0,0,6.4,1],"texture":"#14"},"up":{"uv":[0,0,0.4,6.4],"texture":"#14"},"down":{"uv":[0,0,0.4,6.4],"texture":"#14"}}},{"from":[0.15193,5,5.23629],"to":[0.55193,6,11.63629],"rotation":{"angle":0,"axis":"y","origin":[7.87742,7.5,8.43629]},"faces":{"north":{"uv":[0,0,0.4,1],"texture":"#14"},"east":{"uv":[0,0,6.4,1],"texture":"#14"},"south":{"uv":[0,0,0.4,1],"texture":"#14"},"west":{"uv":[0,0,6.4,1],"texture":"#14"},"up":{"uv":[0,0,0.4,6.4],"rotation":180,"texture":"#14"},"down":{"uv":[0,0,0.4,6.4],"rotation":180,"texture":"#14"}}},{"from":[0.15193,5,5.23629],"to":[15.55193,6,11.63629],"rotation":{"angle":45,"axis":"y","origin":[7.87742,7.5,8.43629]},"faces":{"north":{"uv":[0,0,15.4,1],"texture":"#14"},"east":{"uv":[0,0,6.4,1],"texture":"#14"},"south":{"uv":[0,0,15.4,1],"texture":"#14"},"west":{"uv":[0,0,6.4,1],"texture":"#14"},"up":{"uv":[0,0,15.4,6.4],"texture":"#14"},"down":{"uv":[0,0,15.4,6.4],"texture":"#14"}}},{"from":[4.67742,5,15.76177],"to":[11.07742,6,16.16177],"rotation":{"angle":0,"axis":"y","origin":[7.87742,7.5,8.43629]},"faces":{"north":{"uv":[0,0,6.4,1],"texture":"#14"},"east":{"uv":[0,0,0.4,1],"texture":"#14"},"south":{"uv":[0,0,6.4,1],"texture":"#14"},"west":{"uv":[0,0,0.4,1],"texture":"#14"},"up":{"uv":[0,0,0.4,6.4],"rotation":270,"texture":"#14"},"down":{"uv":[0,0,0.4,6.4],"rotation":90,"texture":"#14"}}},{"from":[4.67742,5,0.76177],"to":[11.07742,6,16.16177],"rotation":{"angle":45,"axis":"y","origin":[7.87742,7.5,8.43629]},"faces":{"north":{"uv":[0,0,6.4,1],"texture":"#14"},"east":{"uv":[0,0,15.4,1],"texture":"#14"},"south":{"uv":[0,0,6.4,1],"texture":"#14"},"west":{"uv":[0,0,15.4,1],"texture":"#14"},"up":{"uv":[0,0,15.4,6.4],"rotation":270,"texture":"#14"},"down":{"uv":[0,0,15.4,6.4],"rotation":90,"texture":"#14"}}},{"from":[0.2029,5,5.23629],"to":[15.6029,5.99,11.63629],"rotation":{"angle":0,"axis":"y","origin":[7.87742,7.5,8.43629]},"faces":{"north":{"uv":[0,0,15.4,1],"texture":"#14"},"east":{"uv":[0,0,6.4,1],"texture":"#14"},"south":{"uv":[0,0,15.4,1],"texture":"#14"},"west":{"uv":[0,0,6.4,1],"texture":"#14"},"up":{"uv":[0,0,15.4,6.4],"texture":"#14"},"down":{"uv":[0,0,15.4,6.4],"texture":"#14"}}},{"from":[-0.12258,0,18.75],"to":[15.87742,4.89,26.75],"rotation":{"angle":45,"axis":"y","origin":[7.87742,2.5,8.43629]},"faces":{"north":{"uv":[0,0,16,5],"texture":"#14"},"east":{"uv":[0,0,1,6],"texture":"#14"},"south":{"uv":[0,0,16,6],"texture":"#14"},"west":{"uv":[0,0,16,6],"texture":"#14"},"up":{"uv":[0,0,1,16],"rotation":270,"texture":"#14"},"down":{"uv":[0,0,1,16],"rotation":90,"texture":"#14"}}},{"from":[10.19113,0,0.43629],"to":[26.19113,4.889,16.43629],"rotation":{"angle":0,"axis":"y","origin":[7.87742,2.5,8.43629]},"faces":{"north":{"uv":[0,0,16,5],"texture":"#14"},"east":{"uv":[0,0,16,6],"texture":"#14"},"south":{"uv":[0,0,1,6],"texture":"#14"},"west":{"uv":[0,0,16,6],"texture":"#14"},"up":{"uv":[0,0,1,16],"texture":"#14"},"down":{"uv":[0,0,1,16],"texture":"#14"}}},{"from":[-0.12258,0,-9.87742],"to":[15.87742,4.9,6.12258],"rotation":{"angle":0,"axis":"y","origin":[7.87742,2.5,9.43629]},"faces":{"north":{"uv":[0,0,16,5],"texture":"#14"},"east":{"uv":[0,0,1,6],"texture":"#14"},"south":{"uv":[0,0,16,6],"texture":"#14"},"west":{"uv":[0,0,16,6],"texture":"#14"},"up":{"uv":[0,0,1,16],"rotation":90,"texture":"#14"},"down":{"uv":[0,0,1,16],"rotation":270,"texture":"#14"}}},{"from":[19.19113,0,0.43629],"to":[26.19113,4.89,16.43629],"rotation":{"angle":45,"axis":"y","origin":[7.87742,2.5,8.43629]},"faces":{"north":{"uv":[0,0,16,5],"texture":"#14"},"east":{"uv":[0,0,16,6],"texture":"#14"},"south":{"uv":[0,0,1,6],"texture":"#14"},"west":{"uv":[0,0,16,6],"texture":"#14"},"up":{"uv":[0,0,1,16],"texture":"#14"},"down":{"uv":[0,0,1,16],"texture":"#14"}}},{"from":[-10.43629,0,0.43629],"to":[-3.43629,4.89,16.43629],"rotation":{"angle":-45,"axis":"y","origin":[7.87742,2.5,8.43629]},"faces":{"north":{"uv":[0,0,16,5],"texture":"#14"},"east":{"uv":[0,0,16,6],"texture":"#14"},"south":{"uv":[0,0,1,6],"texture":"#14"},"west":{"uv":[0,0,16,6],"texture":"#14"},"up":{"uv":[0,0,1,16],"texture":"#14"},"down":{"uv":[0,0,1,16],"texture":"#14"}}},{"from":[-10.43629,0,0.43629],"to":[5.56371,4.889,16.43629],"rotation":{"angle":0,"axis":"y","origin":[8.87742,2.5,8.43629]},"faces":{"north":{"uv":[0,0,16,5],"texture":"#14"},"east":{"uv":[0,0,16,6],"texture":"#14"},"south":{"uv":[0,0,1,6],"texture":"#14"},"west":{"uv":[0,0,16,6],"texture":"#14"},"up":{"uv":[0,0,1,16],"rotation":180,"texture":"#14"},"down":{"uv":[0,0,1,16],"rotation":180,"texture":"#14"}}},{"from":[-10.43629,0,0.43629],"to":[-3.43629,4.89,16.43629],"rotation":{"angle":45,"axis":"y","origin":[7.87742,2.5,8.43629]},"faces":{"north":{"uv":[0,0,16,5],"texture":"#14"},"east":{"uv":[0,0,16,6],"texture":"#14"},"south":{"uv":[0,0,1,6],"texture":"#14"},"west":{"uv":[0,0,16,6],"texture":"#14"},"up":{"uv":[0,0,1,16],"texture":"#14"},"down":{"uv":[0,0,1,16],"texture":"#14"}}},{"from":[-0.12258,0,10.75],"to":[15.87742,4.9,26.75],"rotation":{"angle":0,"axis":"y","origin":[7.87742,2.5,7.43629]},"faces":{"north":{"uv":[0,0,16,5],"texture":"#14"},"east":{"uv":[0,0,16,5],"texture":"#14"},"south":{"uv":[0,0,16,5],"texture":"#14"},"west":{"uv":[0,0,16,5],"texture":"#14"},"up":{"uv":[0,0,16,16],"texture":"#14"},"down":{"uv":[0,0,16,5],"texture":"#14"}}},{"from":[-11.53629,4.1,0.43629],"to":[-10.43629,5.1,16.43629],"rotation":{"angle":0,"axis":"y","origin":[7.77742,2.5,8.43629]},"faces":{"north":{"uv":[0,0,1.1,0.5],"texture":"#11"},"east":{"uv":[0,0,16,0.5],"texture":"#11"},"south":{"uv":[0,0,1.1,0.5],"texture":"#11"},"west":{"uv":[0,8,16,8.5],"texture":"#11"},"up":{"uv":[0,0,1.1,16],"rotation":180,"texture":"#11"},"down":{"uv":[0,0,1.1,16],"rotation":180,"texture":"#11"}}},{"from":[-0.12258,4.1,-10.97742],"to":[15.87742,5.1,-9.87742],"rotation":{"angle":0,"axis":"y","origin":[7.87742,2.5,8.43629]},"faces":{"north":{"uv":[0,0,16,0.5],"texture":"#11"},"east":{"uv":[0,0,1.1,0.5],"texture":"#11"},"south":{"uv":[0,0,16,0.5],"texture":"#11"},"west":{"uv":[0,0,1.1,0.5],"texture":"#11"},"up":{"uv":[0,0,1.1,16],"rotation":270,"texture":"#11"},"down":{"uv":[0,0,1.1,16],"rotation":90,"texture":"#11"}}},{"from":[-0.19329,4.1,-11.00671],"to":[15.94671,5.1,-9.90671],"rotation":{"angle":-45,"axis":"y","origin":[7.80671,2.5,8.407]},"faces":{"north":{"uv":[0,0,16,0.5],"texture":"#11"},"east":{"uv":[0,0,1.1,0.5],"texture":"#11"},"south":{"uv":[0,0,16,0.5],"texture":"#11"},"west":{"uv":[0,0,1.1,0.5],"texture":"#11"},"up":{"uv":[0,0,1.1,16],"rotation":270,"texture":"#11"},"down":{"uv":[0,0,1.1,16],"rotation":90,"texture":"#11"}}},{"from":[26.16133,4.1,0.36579],"to":[27.26133,5.1,16.50579],"rotation":{"angle":-45,"axis":"y","origin":[7.87691,2.5,8.43579]},"faces":{"north":{"uv":[0,0,1.1,0.5],"texture":"#11"},"east":{"uv":[0,1,16,1.5],"texture":"#11"},"south":{"uv":[0,0,1.1,0.5],"texture":"#11"},"west":{"uv":[0,0,16,0.5],"texture":"#11"},"up":{"uv":[0,0,1.1,16],"texture":"#11"},"down":{"uv":[0,0,1.1,16],"texture":"#11"}}},{"from":[26.16133,4.1,0.36579],"to":[27.26133,5.1,16.50579],"rotation":{"angle":-45,"axis":"y","origin":[7.87691,2.5,8.43579]},"faces":{"north":{"uv":[0,0,1.1,0.5],"texture":"#11"},"east":{"uv":[0,4,16,4.5],"texture":"#11"},"south":{"uv":[0,0,1.1,0.5],"texture":"#11"},"west":{"uv":[0,0,16,0.5],"texture":"#11"},"up":{"uv":[0,0,1.1,16],"texture":"#11"},"down":{"uv":[0,0,1.1,16],"texture":"#11"}}},{"from":[26.19113,4.1,0.43629],"to":[27.29113,5.1,16.43629],"rotation":{"angle":0,"axis":"y","origin":[7.87742,2.5,8.43629]},"faces":{"north":{"uv":[0,0,1.1,1],"texture":"#11"},"east":{"uv":[0,15,16,16],"texture":"#11"},"south":{"uv":[0,0,1.1,1],"texture":"#11"},"west":{"uv":[0,0,16,1],"texture":"#11"},"up":{"uv":[0,0,1.1,16],"texture":"#11"},"down":{"uv":[0,0,1.1,16],"texture":"#11"}}},{"from":[-0.12258,4.1,26.75],"to":[15.87742,5.1,27.85],"rotation":{"angle":0,"axis":"y","origin":[7.87742,2.5,8.43629]},"faces":{"north":{"uv":[0,0,16,1],"texture":"#11"},"east":{"uv":[0,0,1.1,1],"texture":"#11"},"south":{"uv":[0,0,16,1],"texture":"#11"},"west":{"uv":[0,0,1.1,1],"texture":"#11"},"up":{"uv":[0,0,1.1,16],"rotation":90,"texture":"#11"},"down":{"uv":[0,0,1.1,16],"rotation":270,"texture":"#11"}}},{"from":[-0.15187,4.1,26.67929],"to":[15.98813,5.1,27.77929],"rotation":{"angle":-45,"axis":"y","origin":[7.84813,2.5,8.36558]},"faces":{"north":{"uv":[0,0,16,1],"texture":"#11"},"east":{"uv":[0,0,1.1,1],"texture":"#11"},"south":{"uv":[0,0,16,1],"texture":"#11"},"west":{"uv":[0,0,1.1,1],"texture":"#11"},"up":{"uv":[0,0,1.1,16],"rotation":90,"texture":"#11"},"down":{"uv":[0,0,1.1,16],"rotation":270,"texture":"#11"}}},{"from":[-11.5075,4.1,0.36579],"to":[-10.4075,5.1,16.50579],"rotation":{"angle":-45,"axis":"y","origin":[7.87691,2.5,8.43579]},"faces":{"north":{"uv":[0,0,1.1,1],"texture":"#11"},"east":{"uv":[0,0,16,1],"texture":"#11"},"south":{"uv":[0,0,1.1,1],"texture":"#11"},"west":{"uv":[0,0,16,1],"texture":"#11"},"up":{"uv":[0,0,1.1,16],"rotation":180,"texture":"#11"},"down":{"uv":[0,0,1.1,16],"rotation":180,"texture":"#11"}}},{"from":[26.19113,0,0.43629],"to":[27.19113,4.8,16.43629],"rotation":{"angle":0,"axis":"y","origin":[7.87742,2.5,8.43629]},"faces":{"north":{"uv":[0,0,1,6],"texture":"#4"},"east":{"uv":[0,0,16,6],"texture":"#4","tintindex":1},"south":{"uv":[0,0,1,6],"texture":"#4"},"west":{"uv":[0,0,16,6],"texture":"#4"},"up":{"uv":[0,0,1,16],"texture":"#4","tintindex":1},"down":{"uv":[0,0,1,16],"texture":"#4","tintindex":1}}},{"from":[-0.12258,0,26.75],"to":[15.87742,4.8,27.75],"rotation":{"angle":45,"axis":"y","origin":[7.87742,2.5,8.43629]},"faces":{"north":{"uv":[0,0,16,6],"texture":"#4"},"east":{"uv":[0,0,1,6],"texture":"#4","tintindex":1},"south":{"uv":[0,0,16,6],"texture":"#4","tintindex":1},"west":{"uv":[0,0,16,6],"texture":"#4"},"up":{"uv":[0,0,1,16],"rotation":270,"texture":"#4","tintindex":1},"down":{"uv":[0,0,1,16],"rotation":90,"texture":"#4","tintindex":1}}},{"from":[26.19113,0,0.43629],"to":[27.19113,4.8,16.43629],"rotation":{"angle":45,"axis":"y","origin":[7.87742,2.5,8.43629]},"faces":{"north":{"uv":[0,0,1,6],"texture":"#4"},"east":{"uv":[0,0,16,6],"texture":"#4","tintindex":1},"south":{"uv":[0,0,1,6],"texture":"#4"},"west":{"uv":[0,0,16,6],"texture":"#4"},"up":{"uv":[0,0,1,16],"texture":"#4","tintindex":1},"down":{"uv":[0,0,1,16],"texture":"#4","tintindex":1}}},{"from":[-11.43629,0,0.43629],"to":[-10.43629,4.8,16.43629],"rotation":{"angle":0,"axis":"y","origin":[7.87742,2.5,8.43629]},"faces":{"north":{"uv":[0,0,1,6],"texture":"#4"},"east":{"uv":[0,0,16,6],"texture":"#4","tintindex":1},"south":{"uv":[0,0,1,6],"texture":"#4"},"west":{"uv":[0,0,16,6],"texture":"#4","tintindex":1},"up":{"uv":[0,0,1,16],"rotation":180,"texture":"#4","tintindex":1},"down":{"uv":[0,0,1,16],"rotation":180,"texture":"#4","tintindex":1}}},{"from":[-0.12258,0,-10.87742],"to":[15.87742,4.8,-9.87742],"rotation":{"angle":0,"axis":"y","origin":[7.87742,2.5,8.43629]},"faces":{"north":{"uv":[0,0,16,6],"texture":"#4","tintindex":1},"east":{"uv":[0,0,1,6],"texture":"#4","tintindex":1},"south":{"uv":[0,0,16,6],"texture":"#4"},"west":{"uv":[0,0,16,6],"texture":"#4"},"up":{"uv":[0,0,1,16],"rotation":90,"texture":"#4","tintindex":1},"down":{"uv":[0,0,1,16],"rotation":270,"texture":"#4","tintindex":1}}},{"from":[-11.43629,0,0.43629],"to":[-10.43629,4.8,16.43629],"rotation":{"angle":45,"axis":"y","origin":[7.87742,2.5,8.43629]},"faces":{"north":{"uv":[0,0,1,6],"texture":"#4"},"east":{"uv":[0,0,16,6],"texture":"#4","tintindex":1},"south":{"uv":[0,0,1,6],"texture":"#4"},"west":{"uv":[0,0,16,6],"texture":"#4","tintindex":1},"up":{"uv":[0,0,1,16],"texture":"#4","tintindex":1},"down":{"uv":[0,0,1,16],"texture":"#4","tintindex":1}}},{"from":[-11.43629,0,0.43629],"to":[-10.43629,4.8,16.43629],"rotation":{"angle":-45,"axis":"y","origin":[7.87742,2.5,8.43629]},"faces":{"north":{"uv":[0,0,1,6],"texture":"#4"},"east":{"uv":[0,0,16,6],"texture":"#4","tintindex":1},"south":{"uv":[0,0,1,6],"texture":"#4"},"west":{"uv":[0,0,16,6],"texture":"#4","tintindex":1},"up":{"uv":[0,0,1,16],"texture":"#4","tintindex":1},"down":{"uv":[0,0,1,16],"texture":"#4","tintindex":1}}},{"from":[-0.12258,0,26.75],"to":[15.87742,4.8,27.75],"rotation":{"angle":0,"axis":"y","origin":[7.87742,2.5,8.43629]},"faces":{"north":{"uv":[0,0,16,6],"texture":"#4"},"east":{"uv":[0,0,1,6],"texture":"#4","tintindex":1},"south":{"uv":[0,0,16,6],"texture":"#4","tintindex":1},"west":{"uv":[0,0,16,6],"texture":"#4"},"up":{"uv":[0,0,1,16],"rotation":270,"texture":"#4","tintindex":1},"down":{"uv":[0,0,1,16],"rotation":90,"texture":"#4","tintindex":1}}}],"display":{"thirdperson_righthand":{"scale":[0.2,0.2,0.2]},"gui":{"rotation":[30,-135,0],"translation":[-0.45,0,0],"scale":[0.3,0.3,0.3]},"head":{"translation":[0.25,0,-0.75],"scale":[1.7,1.7,1.7]}},"groups":[{"name":"group","origin":[7.87742,2.5,8.43629],"color":0,"children":[0,1,2,3,4,5,6,7]},{"name":"group","origin":[7.87742,2.5,8.43629],"color":0,"children":[8,9,10,11,12,13,14,15]},{"name":"puck","origin":[8,8,8],"color":0,"children":[{"name":"puck inside","origin":[7.87742,2.5,7.43629],"color":0,"children":[16,17,18,19,20,21,22,23]}]},{"name":"rand","origin":[7.87742,2.5,8.43629],"color":0,"children":[24,25,26,27,28,29,30,31,32]},{"name":"recolor","origin":[8,8,8],"color":0,"children":[33,34,35,36,37,38,39,40]}],"credit":"Model by Craftventure"}