{"texture_size":[128,128],"textures":{"0":"custom/barrelride","particle":"custom/barrelride"},"elements":[{"from":[-9.6066,-5,0.3934],"to":[-5.6066,19,15.3934],"rotation":{"angle":0,"axis":"y","origin":[0.3934,-4.99,-0.1066]},"faces":{"north":{"uv":[1.75,12.5,2.25,15.5],"texture":"#0"},"east":{"uv":[4.125,12.5,2.25,15.5],"texture":"#0"},"south":{"uv":[1.75,12.5,2.25,15.5],"texture":"#0"},"west":{"uv":[0,12.5,1.875,15.5],"texture":"#0"},"up":{"uv":[1.875,12.5,0,12],"rotation":90,"texture":"#0"},"down":{"uv":[2,12.5,3.875,12],"rotation":90,"texture":"#0"}}},{"from":[-14.33883,-4.99,14.81802],"to":[0.66117,19.01,18.81802],"rotation":{"angle":-45,"axis":"y","origin":[-7.83883,-4.01,22.81802]},"faces":{"north":{"uv":[4.125,12.5,2.25,15.5],"texture":"#0"},"east":{"uv":[1.75,12.5,2.25,15.5],"texture":"#0"},"south":{"uv":[0,12.5,1.875,15.5],"texture":"#0"},"west":{"uv":[1.75,12.5,2.25,15.5],"texture":"#0"},"up":{"uv":[1.875,12.5,0,12],"texture":"#0"},"down":{"uv":[2.125,12.5,4,12],"texture":"#0"}}},{"from":[-14,2.99,8],"to":[-1.25,4.99,15],"rotation":{"angle":-45,"axis":"y","origin":[-8,-4,23]},"faces":{"north":{"uv":[1.87812,9.25,1.375,9.5],"texture":"#0"},"east":{"uv":[14.75,0,7.75,2],"texture":"#0"},"south":{"uv":[16,0,6.875,2],"texture":"#0"},"west":{"uv":[14,0,7,2],"texture":"#0"},"up":{"uv":[0.875,11.125,1.75,9.5],"rotation":270,"texture":"#0"},"down":{"uv":[0.875,11.125,1.75,9.5],"rotation":270,"texture":"#0"}}},{"from":[15.26561,-4.99,-2.85445],"to":[30.26561,19.01,1.14555],"rotation":{"angle":-45,"axis":"y","origin":[24.01561,-4,-6.85445]},"faces":{"north":{"uv":[1.875,12.5,0,15.5],"texture":"#0"},"east":{"uv":[2.25,12.5,1.75,15.5],"texture":"#0"},"south":{"uv":[6.25,12.5,8.125,15.5],"texture":"#0"},"west":{"uv":[6.25,12.5,5.75,15.5],"texture":"#0"},"up":{"uv":[0.125,12.5,2,12],"texture":"#0"},"down":{"uv":[2.125,12.5,4,12],"texture":"#0"}}},{"from":[-14.26561,-4.99,-2.85445],"to":[0.73439,19.01,1.14555],"rotation":{"angle":45,"axis":"y","origin":[-8.01561,-4,-6.85445]},"faces":{"north":{"uv":[0,12.5,1.875,15.5],"texture":"#0"},"east":{"uv":[5.75,12.5,6.25,15.5],"texture":"#0"},"south":{"uv":[8.125,12.5,6.25,15.5],"texture":"#0"},"west":{"uv":[1.75,12.5,2.25,15.5],"texture":"#0"},"up":{"uv":[2,12.5,0.125,12],"texture":"#0"},"down":{"uv":[2,12.5,3.875,12],"texture":"#0"}}},{"from":[15.33883,-4.99,14.81802],"to":[30.33883,19.01,18.81802],"rotation":{"angle":45,"axis":"y","origin":[23.83883,-4.01,22.81802]},"faces":{"north":{"uv":[2.25,12.5,4.125,15.5],"texture":"#0"},"east":{"uv":[2.25,12.5,1.75,15.5],"texture":"#0"},"south":{"uv":[1.875,12.5,0,15.5],"texture":"#0"},"west":{"uv":[2.25,12.5,1.75,15.5],"texture":"#0"},"up":{"uv":[0,12.5,1.875,12],"texture":"#0"},"down":{"uv":[2,12.5,3.875,12],"texture":"#0"}}},{"from":[21.6066,-5,0.3934],"to":[25.6066,19,15.3934],"rotation":{"angle":0,"axis":"y","origin":[15.6066,-4.99,-0.1066]},"faces":{"north":{"uv":[2.25,12.5,1.75,15.5],"texture":"#0"},"east":{"uv":[1.875,12.5,0,15.5],"texture":"#0"},"south":{"uv":[2.25,12.5,1.75,15.5],"texture":"#0"},"west":{"uv":[2.25,12.5,4.125,15.5],"texture":"#0"},"up":{"uv":[1.875,12,0,12.5],"rotation":90,"texture":"#0"},"down":{"uv":[2.125,12.5,4,12],"rotation":270,"texture":"#0"}}},{"from":[1,-5,22],"to":[15,19,26],"rotation":{"angle":0,"axis":"y","origin":[0,-5,0]},"faces":{"north":{"uv":[7.875,12.5,9.625,15.5],"texture":"#0"},"east":{"uv":[1.75,12.5,2.25,15.5],"texture":"#0"},"south":{"uv":[0,12.5,1.75,15.5],"texture":"#0"},"west":{"uv":[1.75,12.5,2.25,15.5],"texture":"#0"},"up":{"uv":[1.875,12.5,0.125,12],"texture":"#0"},"down":{"uv":[1.875,12.5,0.125,12],"texture":"#0"}}},{"from":[0.55,11,26],"to":[15.4,14,27],"rotation":{"angle":0,"axis":"y","origin":[0,-8,16]},"faces":{"north":{"uv":[0,0.125,2,0.5],"texture":"#0"},"east":{"uv":[0,0.125,0.125,0.5],"texture":"#0"},"south":{"uv":[0.13125,0.125,1.9875,0.5],"texture":"#0"},"west":{"uv":[1.875,0.125,2,0.5],"texture":"#0"},"up":{"uv":[1.9875,0,0.13125,0.125],"rotation":180,"texture":"#0"},"down":{"uv":[0.13125,0.5,1.9875,0.625],"texture":"#0"}}},{"from":[-13.49486,11.02,18.90381],"to":[2.33014,14.02,19.90381],"rotation":{"angle":-45,"axis":"y","origin":[-7.11535,-5.98,21.35064]},"faces":{"north":{"uv":[0,0.125,1.75,0.5],"texture":"#0"},"east":{"uv":[0,0.125,0.125,0.5],"texture":"#0"},"south":{"uv":[0.13125,0.125,2.10938,0.5],"texture":"#0"},"west":{"uv":[1.875,0.125,2,0.5],"texture":"#0"},"up":{"uv":[2.10938,0,0.13125,0.125],"rotation":180,"texture":"#0"},"down":{"uv":[0.13125,0.5,2.10938,0.625],"texture":"#0"}}},{"from":[13.66986,11.02,18.90381],"to":[29.49486,14.02,19.90381],"rotation":{"angle":45,"axis":"y","origin":[23.11535,-5.98,21.35064]},"faces":{"north":{"uv":[1.75,0.125,0,0.5],"texture":"#0"},"east":{"uv":[2,0.125,1.875,0.5],"texture":"#0"},"south":{"uv":[0.00625,0.125,1.98438,0.5],"texture":"#0"},"west":{"uv":[0.125,0.125,0,0.5],"texture":"#0"},"up":{"uv":[1.98438,0,0.00625,0.125],"rotation":180,"texture":"#0"},"down":{"uv":[0.00625,0.5,1.98438,0.625],"texture":"#0"}}},{"from":[-2.30432,11.02,1.43528],"to":[-1.30432,14.02,16.81028],"rotation":{"angle":-45,"axis":"y","origin":[13.88465,-5.98,-1.64936]},"faces":{"north":{"uv":[0.10938,0.125,0.00625,0.5],"texture":"#0"},"east":{"uv":[0,0.125,1.75,0.5],"texture":"#0"},"south":{"uv":[0,0.125,0.125,0.5],"texture":"#0"},"west":{"uv":[0.125,0.125,2.04688,0.5],"texture":"#0"},"up":{"uv":[1.99375,0.125,0.07813,0],"rotation":90,"texture":"#0"},"down":{"uv":[0.13125,0.625,2.10938,0.5],"texture":"#0"}}},{"from":[-10.61472,11,-0.03401],"to":[-9.61472,14,15.81599],"rotation":{"angle":0,"axis":"y","origin":[-0.01472,-8,-0.03401]},"faces":{"north":{"uv":[1.875,0.125,2,0.5],"texture":"#0"},"east":{"uv":[0,0.125,2,0.5],"texture":"#0"},"south":{"uv":[0,0.125,0.125,0.5],"texture":"#0"},"west":{"uv":[0.125,0.125,2.125,0.5],"texture":"#0"},"up":{"uv":[2.125,0,0.125,0.125],"rotation":270,"texture":"#0"},"down":{"uv":[0.125,0.5,2.125,0.625],"rotation":270,"texture":"#0"}}},{"from":[25.61472,0,-0.03401],"to":[26.61472,3,15.81599],"rotation":{"angle":0,"axis":"y","origin":[16.01472,-19,-0.03401]},"faces":{"north":{"uv":[2,0.125,1.875,0.5],"texture":"#0"},"east":{"uv":[0,0.125,2,0.5],"texture":"#0"},"south":{"uv":[0.125,0.125,0,0.5],"texture":"#0"},"west":{"uv":[2,0.125,0,0.5],"texture":"#0"},"up":{"uv":[0,0.125,2,0],"rotation":270,"texture":"#0"},"down":{"uv":[2,0.625,0,0.5],"rotation":270,"texture":"#0"}}},{"from":[13.66986,0.02,18.90381],"to":[29.49486,3.02,19.90381],"rotation":{"angle":45,"axis":"y","origin":[23.11535,-16.98,21.35064]},"faces":{"north":{"uv":[1.75,0.125,0,0.5],"texture":"#0"},"east":{"uv":[2,0.125,1.875,0.5],"texture":"#0"},"south":{"uv":[0.00625,0.125,1.98438,0.5],"texture":"#0"},"west":{"uv":[0.125,0.125,0,0.5],"texture":"#0"},"up":{"uv":[1.98438,0,0.00625,0.125],"rotation":180,"texture":"#0"},"down":{"uv":[0.00625,0.5,1.98438,0.625],"texture":"#0"}}},{"from":[0.55,0,26],"to":[15.4,3,27],"rotation":{"angle":0,"axis":"y","origin":[0,-19,16]},"faces":{"north":{"uv":[0,0.125,2,0.5],"texture":"#0"},"east":{"uv":[0,0.125,0.125,0.5],"texture":"#0"},"south":{"uv":[0.13125,0.125,1.9875,0.5],"texture":"#0"},"west":{"uv":[1.875,0.125,2,0.5],"texture":"#0"},"up":{"uv":[1.9875,0,0.13125,0.125],"rotation":180,"texture":"#0"},"down":{"uv":[0.13125,0.5,1.9875,0.625],"texture":"#0"}}},{"from":[0.55,0,-11],"to":[15.4,3,-10],"rotation":{"angle":0,"axis":"y","origin":[0,-19,0]},"faces":{"north":{"uv":[0.13125,0.125,1.9875,0.5],"texture":"#0"},"east":{"uv":[0.125,0.125,0,0.5],"texture":"#0"},"south":{"uv":[2,0.125,0,0.5],"texture":"#0"},"west":{"uv":[2,0.125,1.875,0.5],"texture":"#0"},"up":{"uv":[0.13125,0.125,1.9875,0],"rotation":180,"texture":"#0"},"down":{"uv":[1.9875,0.625,0.13125,0.5],"texture":"#0"}}},{"from":[-13.49486,0.02,18.90381],"to":[2.33014,3.02,19.90381],"rotation":{"angle":-45,"axis":"y","origin":[-7.11535,-16.98,21.35064]},"faces":{"north":{"uv":[0,0.125,1.75,0.5],"texture":"#0"},"east":{"uv":[0,0.125,0.125,0.5],"texture":"#0"},"south":{"uv":[0.13125,0.125,2.10938,0.5],"texture":"#0"},"west":{"uv":[1.875,0.125,2,0.5],"texture":"#0"},"up":{"uv":[2.10938,0,0.13125,0.125],"rotation":180,"texture":"#0"},"down":{"uv":[0.13125,0.5,2.10938,0.625],"texture":"#0"}}},{"from":[13.66986,0.02,-3.90381],"to":[29.49486,3.02,-2.90381],"rotation":{"angle":-45,"axis":"y","origin":[23.11535,-16.98,-5.35064]},"faces":{"north":{"uv":[0.00625,0.125,1.98438,0.5],"texture":"#0"},"east":{"uv":[1.875,0.125,2,0.5],"texture":"#0"},"south":{"uv":[0,0.125,1.75,0.5],"texture":"#0"},"west":{"uv":[0,0.125,0.125,0.5],"texture":"#0"},"up":{"uv":[0.00625,0.125,1.98438,0],"rotation":180,"texture":"#0"},"down":{"uv":[1.98438,0.625,0.00625,0.5],"texture":"#0"}}},{"from":[-13.49486,0.02,-3.90381],"to":[2.33014,3.02,-2.90381],"rotation":{"angle":45,"axis":"y","origin":[-7.11535,-16.98,-5.35064]},"faces":{"north":{"uv":[0.13125,0.125,2.10938,0.5],"texture":"#0"},"east":{"uv":[0.125,0.125,0,0.5],"texture":"#0"},"south":{"uv":[1.75,0.125,0,0.5],"texture":"#0"},"west":{"uv":[2,0.125,1.875,0.5],"texture":"#0"},"up":{"uv":[0.13125,0.125,2.10938,0],"rotation":180,"texture":"#0"},"down":{"uv":[2.10938,0.625,0.13125,0.5],"texture":"#0"}}},{"from":[-10.61472,0,-0.03401],"to":[-9.61472,3,15.81599],"rotation":{"angle":0,"axis":"y","origin":[-0.01472,-19,-0.03401]},"faces":{"north":{"uv":[1.875,0.125,2,0.5],"texture":"#0"},"east":{"uv":[0,0.125,2,0.5],"texture":"#0"},"south":{"uv":[0,0.125,0.125,0.5],"texture":"#0"},"west":{"uv":[0.125,0.125,2.125,0.5],"texture":"#0"},"up":{"uv":[2.125,0,0.125,0.125],"rotation":270,"texture":"#0"},"down":{"uv":[0.125,0.5,2.125,0.625],"rotation":270,"texture":"#0"}}},{"from":[1,-5,-10.225],"to":[15,5,-6],"rotation":{"angle":0,"axis":"y","origin":[16,-5,16]},"faces":{"north":{"uv":[4,14.25,5.75,15.5],"texture":"#0"},"east":{"uv":[5.75,14.25,6.25,15.5],"texture":"#0"},"south":{"uv":[4,13,5.75,14.25],"texture":"#0"},"west":{"uv":[5.75,14.25,6.25,15.5],"texture":"#0"},"up":{"uv":[4,12.5,5.75,13],"rotation":180,"texture":"#0"},"down":{"uv":[0.125,12,1.875,12.5],"texture":"#0"}}},{"from":[-6,-4.98,-6],"to":[22,-2.98,22],"rotation":{"angle":0,"axis":"y","origin":[0,-5,0]},"faces":{"up":{"uv":[0,2.75,3.5,6.25],"texture":"#0"},"down":{"uv":[0,2.75,3.5,6.25],"texture":"#0"}}},{"from":[2,3,15],"to":[14,5,22],"rotation":{"angle":0,"axis":"y","origin":[0,-5,0]},"faces":{"north":{"uv":[0,9,1.5,9.2375],"texture":"#0"},"east":{"uv":[9,0,16,2],"texture":"#0"},"south":{"uv":[4,0,16,2],"texture":"#0"},"west":{"uv":[9,0,16,2],"texture":"#0"},"up":{"uv":[0,9.625,0.875,11.125],"rotation":270,"texture":"#0"},"down":{"uv":[0,9.625,0.875,11.125],"rotation":270,"texture":"#0"}}},{"from":[-6,3,-5.6],"to":[1,5,13.4],"rotation":{"angle":0,"axis":"y","origin":[8,4,5.5]},"faces":{"east":{"uv":[2.375,9.25,0,9.5],"texture":"#0"},"south":{"uv":[0,0,7,2],"texture":"#missing"},"up":{"uv":[0,11.125,2.375,12],"rotation":90,"texture":"#0"},"down":{"uv":[2.375,11.125,0,12],"rotation":90,"texture":"#0"}}},{"from":[7,-3,7],"to":[9,12,9],"rotation":{"angle":0,"axis":"y","origin":[8,4,5.5]},"faces":{"north":{"uv":[0,0.625,0.25,2.5],"texture":"#0"},"east":{"uv":[0.25,0.625,0,2.5],"texture":"#0"},"south":{"uv":[0,0.625,0.25,2.5],"texture":"#0"},"west":{"uv":[0.25,0.625,0,2.5],"texture":"#0"},"up":{"uv":[0,2.5,0.25,2.75],"rotation":90,"texture":"#0"},"down":{"uv":[0.875,0.5,1,0.625],"rotation":270,"texture":"#0"}}},{"from":[2,11.01,2],"to":[14,11.01,14],"rotation":{"angle":45,"axis":"y","origin":[8,11,8]},"faces":{"north":{"uv":[0,0,12,0],"texture":"#0"},"east":{"uv":[0,0,12,0],"texture":"#0"},"south":{"uv":[0,0,12,0],"texture":"#0"},"west":{"uv":[0,0,12,0],"texture":"#0"},"up":{"uv":[2.125,0,3.625,1.5],"rotation":180,"texture":"#0"},"down":{"uv":[2.125,0,3.625,1.5],"rotation":180,"texture":"#0"}}},{"from":[16.8,2.99,8],"to":[29.825,4.99,15],"rotation":{"angle":45,"axis":"y","origin":[24,-4,23]},"faces":{"north":{"uv":[1.87812,9.25,1.375,9.5],"texture":"#0"},"east":{"uv":[14.75,0,7.75,2],"texture":"#0"},"south":{"uv":[16,0,6.875,2],"texture":"#0"},"west":{"uv":[14,0,7,2],"texture":"#0"},"up":{"uv":[0.875,11.125,1.75,9.5],"rotation":270,"texture":"#0"},"down":{"uv":[0.875,11.125,1.75,9.5],"rotation":270,"texture":"#0"}}},{"from":[15,3,-5.575],"to":[22,5,13.425],"rotation":{"angle":0,"axis":"y","origin":[8,4,5.5]},"faces":{"south":{"uv":[7,0,14,2],"texture":"#0"},"west":{"uv":[0,9.25,2.375,9.5],"texture":"#0"},"up":{"uv":[0,12,2.375,11.125],"rotation":90,"texture":"#0"},"down":{"uv":[2.375,12,0,11.125],"rotation":90,"texture":"#0"}}},{"from":[25.61472,11,-0.03401],"to":[26.61472,14,15.81599],"rotation":{"angle":0,"axis":"y","origin":[16.01472,-8,-0.03401]},"faces":{"north":{"uv":[2,0.125,1.875,0.5],"texture":"#0"},"east":{"uv":[0,0.125,2,0.5],"texture":"#0"},"south":{"uv":[0.125,0.125,0,0.5],"texture":"#0"},"west":{"uv":[2,0.125,0,0.5],"texture":"#0"},"up":{"uv":[0,0.125,2,0],"rotation":270,"texture":"#0"},"down":{"uv":[2,0.625,0,0.5],"rotation":270,"texture":"#0"}}},{"from":[17.30432,11.02,1.43528],"to":[18.30432,14.02,16.81028],"rotation":{"angle":45,"axis":"y","origin":[2.11535,-5.98,-1.64936]},"faces":{"north":{"uv":[2,0.125,1.875,0.5],"texture":"#0"},"east":{"uv":[0.125,0.125,2.04688,0.5],"texture":"#0"},"south":{"uv":[0.125,0.125,0,0.5],"texture":"#0"},"west":{"uv":[0.125,0.125,2.04688,0.5],"texture":"#0"},"up":{"uv":[2.04375,0.125,0.12813,0.00313],"rotation":90,"texture":"#0"},"down":{"uv":[0.13125,0.625,2.10938,0.5],"texture":"#0"}}},{"from":[0.05635,10.96447,-10.32412],"to":[16.05635,13.96447,-10.32412],"shade":false,"rotation":{"angle":-22.5,"axis":"x","origin":[8.05635,12.46447,-10.32412]},"faces":{"north":{"uv":[14.75,0,14.375,2],"rotation":270,"texture":"#0"},"east":{"uv":[14,0,14,0],"rotation":180,"texture":"#0"},"south":{"uv":[14.375,0,14.75,2],"rotation":90,"texture":"#0"},"west":{"uv":[14,0,14,0],"texture":"#0"},"up":{"uv":[14,0,14,0],"rotation":90,"texture":"#0"},"down":{"uv":[14,0,14,0],"rotation":90,"texture":"#0"}}},{"from":[0.05635,12.46447,-11.82412],"to":[16.05635,12.46447,-8.82412],"shade":false,"rotation":{"angle":-22.5,"axis":"x","origin":[8.05635,12.46447,-10.32412]},"faces":{"north":{"uv":[14,0,14,0],"rotation":270,"texture":"#0"},"east":{"uv":[14,0,14,0],"rotation":180,"texture":"#0"},"south":{"uv":[14,0,14,0],"rotation":90,"texture":"#0"},"west":{"uv":[14,0,14,0],"texture":"#0"},"up":{"uv":[14.375,0,14,2],"rotation":90,"texture":"#0"},"down":{"uv":[14.375,0,14,2],"rotation":90,"texture":"#0"}}}],"display":{"thirdperson_righthand":{"rotation":[75,45,0],"translation":[0,2.5,0],"scale":[0.375,0.375,0.375]},"thirdperson_lefthand":{"rotation":[75,45,0],"translation":[0,2.5,0],"scale":[0.375,0.375,0.375]},"gui":{"rotation":[30,-147,0],"scale":[0.33,0.33,0.33]},"head":{"translation":[0,4.25,-21],"scale":[1.6,1.6,1.6]}},"groups":[0,1,2,3,4,5,6,7,8,9,10,11,12,13,14,15,16,17,18,19,20,21,22,23,24,25,26,27,28,29,30,{"name":"group","origin":[8,8,8],"color":0,"children":[31,32]}],"credit":"Model by Craftventure"}