{"texture_size":[128,128],"textures":{"0":"custom/barrelride_floor","particle":"custom/barrelride_floor"},"elements":[{"from":[-16,0,-16],"to":[32,0,32],"rotation":{"angle":0,"axis":"x","origin":[8,8,8]},"faces":{"north":{"uv":[0,0,5,0],"texture":"#0"},"east":{"uv":[0,0,5,0],"texture":"#0"},"south":{"uv":[0,0,5,0],"texture":"#0"},"west":{"uv":[0,0,5,0],"texture":"#0"},"up":{"uv":[1.5,0,16,14.5],"texture":"#0"},"down":{"uv":[1.5,0,16,14.5],"texture":"#0"}}}],"display":{"thirdperson_righthand":{"rotation":[75,45,0],"translation":[0,2.5,0],"scale":[0.375,0.375,0.375]},"thirdperson_lefthand":{"rotation":[75,45,0],"translation":[0,2.5,0],"scale":[0.375,0.375,0.375]},"gui":{"rotation":[30,45,0],"translation":[0,1.5,0],"scale":[0.33,0.33,0.33]},"head":{"translation":[0,30.5,0],"scale":[4,4,4]}},"credit":"Model by Craftventure"}