{"textures":{"zijkant":"block/seasouls_seating","dark_oak_planks":"block/dark_oak_planks","randje":"block/black_terracotta","texture":"block/brown_terracotta","texture7":"item/bone","texture6":"entity/zombie/husk"},"elements":[{"from":[-1.5,-0.5,9.5],"to":[17.5,3,13.5],"faces":{"north":{"uv":[0,0,16,3.5],"texture":"#zijkant"},"east":{"uv":[0,0,4,3.5],"texture":"#zijkant"},"south":{"uv":[0,0,16,3.5],"texture":"#zijkant"},"west":{"uv":[0,0,4,3.5],"texture":"#zijkant"},"up":{"uv":[0,0,16,4],"texture":"#zijkant"},"down":{"uv":[0,0,16,4],"texture":"#zijkant"}}},{"from":[-1.5,0,19.5],"to":[17.5,3.5,23.5],"faces":{"north":{"uv":[0,0,16,3.5],"texture":"#zijkant"},"east":{"uv":[0,0,4,3.5],"texture":"#zijkant"},"south":{"uv":[0,0,16,3.5],"texture":"#zijkant"},"west":{"uv":[0,0,4,3.5],"texture":"#zijkant"},"up":{"uv":[0,0,16,4],"texture":"#zijkant"},"down":{"uv":[0,0,16,4],"texture":"#zijkant"}}},{"from":[-2,1.5,19.475],"to":[-1,8.5,26.975],"faces":{"east":{"uv":[0,0,11.5,16],"texture":"#dark_oak_planks"},"west":{"uv":[0,0,11.5,16],"texture":"#dark_oak_planks"}}},{"from":[-2.5,1,9],"to":[-0.5,8,9.5],"faces":{"north":{"uv":[0,0,2,7],"texture":"#randje"},"east":{"uv":[0,0,0.5,7],"texture":"#randje"},"south":{"uv":[0,0,2,7],"texture":"#randje"},"west":{"uv":[0,0,0.5,7],"texture":"#randje"}}},{"from":[16.5,8,9],"to":[18.5,9,15],"faces":{"north":{"uv":[0,0,2,1],"texture":"#randje"},"east":{"uv":[0,0,6,1],"texture":"#randje"},"south":{"uv":[0,0,2,1],"texture":"#randje"},"west":{"uv":[0,0,6,1],"texture":"#randje"},"up":{"uv":[0,0,2,6],"texture":"#randje"},"down":{"uv":[0,0,2,6],"texture":"#randje"}}},{"from":[16.5,1,9],"to":[18.5,8,9.5],"faces":{"north":{"uv":[0,0,2,7],"texture":"#randje"},"east":{"uv":[0,0,0.5,7],"texture":"#randje"},"south":{"uv":[0,0,2,7],"texture":"#randje"},"west":{"uv":[0,0,0.5,7],"texture":"#randje"}}},{"from":[-2.5,1,14.5],"to":[-0.5,8,15],"faces":{"north":{"uv":[0,0,2,7],"texture":"#randje"},"east":{"uv":[0,0,0.5,7],"texture":"#randje"},"south":{"uv":[0,0,2,7],"texture":"#randje"},"west":{"uv":[0,0,0.5,7],"texture":"#randje"}}},{"from":[16.5,1.5,19],"to":[18.5,8.5,19.5],"faces":{"north":{"uv":[0,0,2,7],"texture":"#randje"},"east":{"uv":[0,0,0.5,7],"texture":"#randje"},"south":{"uv":[0,0,2,7],"texture":"#randje"},"west":{"uv":[0,0,0.5,7],"texture":"#randje"}}},{"from":[-1,1,13.5],"to":[17,8.5,14.5],"faces":{"north":{"uv":[0,0,16,7.5],"texture":"#zijkant"},"east":{"uv":[0,0,1,7.5],"texture":"#zijkant"},"south":{"uv":[0,0,16,7.5],"texture":"#zijkant"},"west":{"uv":[0,0,1,7.5],"texture":"#zijkant"},"up":{"uv":[0,0,16,1],"texture":"#zijkant"},"down":{"uv":[0,0,16,1],"texture":"#zijkant"}}},{"from":[-2.5,0,-5.125],"to":[-0.5,1.5,27],"faces":{"east":{"uv":[0,0,16,1.5],"texture":"#randje"},"south":{"uv":[0,0,2,1.5],"texture":"#randje"},"west":{"uv":[0,0,16,1.5],"texture":"#randje"},"up":{"uv":[0,0,2,16],"texture":"#randje"},"down":{"uv":[0,0,2,16],"texture":"#randje"}}},{"from":[16.5,0,-5],"to":[18.5,1.5,27],"faces":{"east":{"uv":[0,0,16,1.5],"texture":"#randje"},"south":{"uv":[0,0,2,1.5],"texture":"#randje"},"west":{"uv":[0,0,16,1.5],"texture":"#randje"},"up":{"uv":[0,0,2,16],"texture":"#randje"},"down":{"uv":[0,0,2,16],"texture":"#randje"}}},{"from":[17,1,9.5],"to":[18,8,14.5],"faces":{"east":{"uv":[0,0,11.5,16],"texture":"#dark_oak_planks"},"west":{"uv":[0,0,11.5,16],"texture":"#dark_oak_planks"}}},{"from":[17,1.5,19.5],"to":[18,8.5,27],"faces":{"east":{"uv":[0,0,11.5,16],"texture":"#dark_oak_planks"},"west":{"uv":[0,0,11.5,16],"texture":"#dark_oak_planks"}}},{"from":[-2,1,9.5],"to":[-1,8,14.5],"faces":{"east":{"uv":[0,0,11.5,16],"texture":"#dark_oak_planks"},"west":{"uv":[0,0,11.5,16],"texture":"#dark_oak_planks"}}},{"from":[-2.5,0.5,4.5],"to":[-0.5,7.5,5],"faces":{"north":{"uv":[0,0,2,7],"texture":"#randje"},"east":{"uv":[0,0,0.5,7],"texture":"#randje"},"south":{"uv":[0,0,2,7],"texture":"#randje"},"west":{"uv":[0,0,0.5,7],"texture":"#randje"}}},{"from":[-2.5,0.5,-1],"to":[-0.5,7.5,-0.5],"faces":{"north":{"uv":[0,0,2,7],"texture":"#randje"},"east":{"uv":[0,0,0.5,7],"texture":"#randje"},"south":{"uv":[0,0,2,7],"texture":"#randje"},"west":{"uv":[0,0,0.5,7],"texture":"#randje"}}},{"from":[-2,0.5,-0.5],"to":[-1,7.5,4.5],"faces":{"east":{"uv":[0,0,11.5,16],"texture":"#dark_oak_planks"},"west":{"uv":[0,0,11.5,16],"texture":"#dark_oak_planks"}}},{"from":[-2.5,7.5,-1],"to":[-0.5,8.5,5],"faces":{"north":{"uv":[0,0,2,1],"texture":"#randje"},"east":{"uv":[0,0,6,1],"texture":"#randje"},"south":{"uv":[0,0,2,1],"texture":"#randje"},"west":{"uv":[0,0,6,1],"texture":"#randje"},"up":{"uv":[0,0,2,6],"texture":"#randje"},"down":{"uv":[0,0,2,6],"texture":"#randje"}}},{"from":[-1,0.5,3.5],"to":[17,8,4.5],"faces":{"north":{"uv":[0,0,16,7.5],"texture":"#zijkant"},"east":{"uv":[0,0,1,7.5],"texture":"#zijkant"},"south":{"uv":[0,0,16,7.5],"texture":"#zijkant"},"west":{"uv":[0,0,1,7.5],"texture":"#zijkant"},"up":{"uv":[0,0,16,1],"texture":"#zijkant"},"down":{"uv":[0,0,16,1],"texture":"#zijkant"}}},{"from":[-1.5,-1.125,-0.5],"to":[17.5,2.375,3.5],"faces":{"north":{"uv":[0,0,16,3.5],"texture":"#zijkant"},"east":{"uv":[0,0,4,3.5],"texture":"#zijkant"},"south":{"uv":[0,0,16,3.5],"texture":"#zijkant"},"west":{"uv":[0,0,4,3.5],"texture":"#zijkant"},"up":{"uv":[0,0,16,4],"texture":"#zijkant"}}},{"from":[16.5,0.5,-1],"to":[18.5,7.5,-0.5],"faces":{"north":{"uv":[0,0,2,7],"texture":"#randje"},"east":{"uv":[0,0,0.5,7],"texture":"#randje"},"south":{"uv":[0,0,2,7],"texture":"#randje"},"west":{"uv":[0,0,0.5,7],"texture":"#randje"}}},{"from":[16.5,0.5,4.5],"to":[18.5,7.5,5],"faces":{"north":{"uv":[0,0,2,7],"texture":"#randje"},"east":{"uv":[0,0,0.5,7],"texture":"#randje"},"south":{"uv":[0,0,2,7],"texture":"#randje"},"west":{"uv":[0,0,0.5,7],"texture":"#randje"}}},{"from":[16.5,7.5,-1],"to":[18.5,8.5,5],"faces":{"north":{"uv":[0,0,2,1],"texture":"#randje"},"east":{"uv":[0,0,6,1],"texture":"#randje"},"south":{"uv":[0,0,2,1],"texture":"#randje"},"west":{"uv":[0,0,6,1],"texture":"#randje"},"up":{"uv":[0,0,2,6],"texture":"#randje"},"down":{"uv":[0,0,2,6],"texture":"#randje"}}},{"from":[17,0.5,-0.5],"to":[18,7.5,4.5],"faces":{"east":{"uv":[0,0,11.5,16],"texture":"#dark_oak_planks"},"west":{"uv":[0,0,11.5,16],"texture":"#dark_oak_planks"}}},{"from":[-1.5,0,4.5],"to":[17.5,0.5,9.5],"faces":{"north":{"uv":[0,15.5,16,16],"texture":"#texture"},"south":{"uv":[0,15.5,16,16],"texture":"#texture"},"up":{"uv":[0,4.5,16,9.5],"texture":"#texture"}}},{"from":[-1.5,-0.0625,-5.5],"to":[17.5,0.05,-0.5],"faces":{"east":{"uv":[0,0,5,0.1125],"texture":"#texture"},"west":{"uv":[0,0,5,0.1125],"texture":"#texture"},"up":{"uv":[0,0,16,5],"texture":"#texture"},"down":{"uv":[0,0,16,5],"texture":"#texture"}}},{"from":[-1.5,0.5,14.5],"to":[17.5,1,19.5],"faces":{"north":{"uv":[0,15,16,15.5],"texture":"#texture"},"south":{"uv":[0,15,16,15.5],"texture":"#texture"},"up":{"uv":[0,14.5,16,16],"texture":"#texture"},"down":{"uv":[16,16,0,14.5],"texture":"#texture"}}},{"from":[-2,1,5],"to":[-1,5,9],"faces":{"east":{"uv":[0,6.5,9.5,16],"texture":"#dark_oak_planks"},"west":{"uv":[0,6.5,9.5,16],"texture":"#dark_oak_planks"}}},{"from":[-2,1.5,15],"to":[-1,5.5,19],"faces":{"east":{"uv":[0,6.5,9.5,16],"texture":"#dark_oak_planks"},"west":{"uv":[0,6.5,9.5,16],"texture":"#dark_oak_planks"}}},{"from":[-2,0.5,-5],"to":[-1,4.5,-1],"faces":{"east":{"uv":[0,6.5,9.5,16],"texture":"#dark_oak_planks"},"west":{"uv":[0,6.5,9.5,16],"texture":"#dark_oak_planks"}}},{"from":[-2.5,4.5,-5],"to":[-0.5,5,-1],"faces":{"east":{"uv":[0,0,4,0.5],"texture":"#randje"},"west":{"uv":[0,0,4,0.5],"texture":"#randje"},"up":{"uv":[0,0,2,4],"texture":"#randje"},"down":{"uv":[0,0,2,4],"texture":"#randje"}}},{"from":[-2.5,5,5],"to":[-0.5,5.5,9],"faces":{"east":{"uv":[0,0,4,0.5],"texture":"#randje"},"west":{"uv":[0,0,4,0.5],"texture":"#randje"},"up":{"uv":[0,0,2,4],"texture":"#randje"},"down":{"uv":[0,0,2,4],"texture":"#randje"}}},{"from":[-2.5,5.5,15],"to":[-0.5,6,19],"faces":{"east":{"uv":[0,0,4,0.5],"texture":"#randje"},"west":{"uv":[0,0,4,0.5],"texture":"#randje"},"up":{"uv":[0,0,2,4],"texture":"#randje"},"down":{"uv":[0,0,2,4],"texture":"#randje"}}},{"from":[16.5,5,5],"to":[18.5,5.5,9],"faces":{"east":{"uv":[0,0,4,0.5],"texture":"#randje"},"west":{"uv":[0,0,4,0.5],"texture":"#randje"},"up":{"uv":[0,0,2,4],"texture":"#randje"},"down":{"uv":[0,0,2,4],"texture":"#randje"}}},{"from":[17,1,5],"to":[18,5,9],"faces":{"east":{"uv":[0,6.5,9.5,16],"texture":"#dark_oak_planks"},"west":{"uv":[0,6.5,9.5,16],"texture":"#dark_oak_planks"}}},{"from":[17,0.5,-5],"to":[18,4.5,-1],"faces":{"east":{"uv":[0,6.5,9.5,16],"texture":"#dark_oak_planks"},"west":{"uv":[0,6.5,9.5,16],"texture":"#dark_oak_planks"}}},{"from":[17,1.5,15],"to":[18,5.5,19],"faces":{"east":{"uv":[0,6.5,9.5,16],"texture":"#dark_oak_planks"},"west":{"uv":[0,6.5,9.5,16],"texture":"#dark_oak_planks"}}},{"from":[16.5,5.5,15],"to":[18.5,6,19],"faces":{"east":{"uv":[0,0,4,0.5],"texture":"#randje"},"west":{"uv":[0,0,4,0.5],"texture":"#randje"},"up":{"uv":[0,0,2,4],"texture":"#randje"},"down":{"uv":[0,0,2,4],"texture":"#randje"}}},{"from":[16.5,4.5,-5],"to":[18.5,5,-1],"faces":{"east":{"uv":[0,0,4,0.5],"texture":"#randje"},"west":{"uv":[0,0,4,0.5],"texture":"#randje"},"up":{"uv":[0,0,2,4],"texture":"#randje"},"down":{"uv":[0,0,2,4],"texture":"#randje"}}},{"from":[-2.5,0,-6],"to":[18.5,7,-5],"faces":{"north":{"uv":[0,0,16,7],"texture":"#randje"},"east":{"uv":[0,0,1,7],"texture":"#randje"},"south":{"uv":[0,0,16,7],"texture":"#randje"},"west":{"uv":[0,0,1,7],"texture":"#randje"},"up":{"uv":[0,0,16,1],"texture":"#randje"},"down":{"uv":[0,0,16,1],"texture":"#randje"}}},{"from":[14.9375,6.5,-9.675],"to":[16.9375,7,-4.875],"rotation":{"angle":22.5,"axis":"y","origin":[14.93749,6.5,-9.375]},"faces":{"north":{"uv":[0,0,2,0.5],"texture":"#randje"},"east":{"uv":[0,0,4.8,0.5],"texture":"#randje"},"west":{"uv":[0,0,4.8,0.5],"texture":"#randje"},"up":{"uv":[0,0,2,4.8],"texture":"#randje"},"down":{"uv":[0,0,2,4.8],"texture":"#randje"}}},{"from":[13,6.5,-11.9375],"to":[16.975,7,-9.9375],"rotation":{"angle":-22.5,"axis":"y","origin":[12.99999,6.5,-11.9375]},"faces":{"north":{"uv":[0,0,3.975,0.5],"texture":"#randje"},"east":{"uv":[0,0,2,0.5],"texture":"#randje"},"south":{"uv":[0,0,3.975,0.5],"texture":"#randje"},"up":{"uv":[0,0,3.975,2],"texture":"#randje"},"down":{"uv":[0,0,3.975,2],"texture":"#randje"}}},{"from":[3,6.5,-11.9375],"to":[13,7,-9.9375],"faces":{"north":{"uv":[0,0,10,0.5],"texture":"#randje"},"east":{"uv":[0,0,2,0.5],"texture":"#randje"},"south":{"uv":[0,0,10,0.5],"texture":"#randje"},"west":{"uv":[0,0,2,0.5],"texture":"#randje"},"up":{"uv":[0,0,10,2],"texture":"#randje"},"down":{"uv":[0,0,10,2],"texture":"#randje"}}},{"from":[-0.64551,6.5,-10.40677],"to":[3.30449,7,-8.40677],"rotation":{"angle":22.5,"axis":"y","origin":[-0.69551,6.5,-10.40676]},"faces":{"north":{"uv":[0,0,3.95,0.5],"texture":"#randje"},"south":{"uv":[0,0,3.95,0.5],"texture":"#randje"},"west":{"uv":[0,0,2,0.5],"texture":"#randje"},"up":{"uv":[0,0,3.95,2],"texture":"#randje"},"down":{"uv":[0,0,3.95,2],"texture":"#randje"}}},{"from":[-1.4375,0,-7.375],"to":[0.5625,1.5,-5.875],"rotation":{"angle":-22.5,"axis":"y","origin":[-1.4375,0,-7.37499]},"faces":{"north":{"uv":[0,0,2,1.5],"texture":"#randje"},"east":{"uv":[0,0,1.5,1.5],"texture":"#randje"},"west":{"uv":[0,0,1.5,1.5],"texture":"#randje"},"up":{"uv":[0,0,2,1.5],"texture":"#randje"},"down":{"uv":[0,0,2,1.5],"texture":"#randje"}}},{"from":[-1,1.5,23.5],"to":[17,9,24.5],"faces":{"north":{"uv":[0,0,16,7.5],"texture":"#zijkant"},"east":{"uv":[0,0,1,7.5],"texture":"#zijkant"},"south":{"uv":[0,0,16,7.5],"texture":"#zijkant"},"west":{"uv":[0,0,1,7.5],"texture":"#zijkant"},"up":{"uv":[0,0,16,1],"texture":"#zijkant"},"down":{"uv":[0,0,16,1],"texture":"#zijkant"}}},{"from":[3,-1.45,-11.5],"to":[13,4,-10.5],"rotation":{"angle":-22.5,"axis":"x","origin":[3,4,-11.49999]},"faces":{"north":{"uv":[0,0,10,5.45],"texture":"#texture"},"east":{"uv":[0,0,1,5.45],"texture":"#texture"},"south":{"uv":[0,0,10,5.45],"texture":"#texture"},"west":{"uv":[0,0,1,5.45],"texture":"#texture"},"up":{"uv":[0,0,1,1],"texture":"#texture"},"down":{"uv":[0,0,10,1],"texture":"#texture"}}},{"from":[3,4,-11.5],"to":[13,6.5,-10.6],"faces":{"north":{"uv":[0,0,10,2.5],"texture":"#texture"},"east":{"uv":[0,0,1,2.5],"texture":"#texture"},"south":{"uv":[0,0,10,2.5],"texture":"#texture"},"west":{"uv":[0,0,1,2.5],"texture":"#texture"},"down":{"uv":[0,0,10,1],"texture":"#texture"}}},{"from":[3,-1.0625,-9.025],"to":[13,-0.0625,-4.125],"rotation":{"angle":22.5,"axis":"x","origin":[3,-0.0625,-9.12499]},"faces":{"north":{"uv":[0,0,10,1],"texture":"#texture"},"east":{"uv":[0,0,4.9,1],"texture":"#texture"},"west":{"uv":[0,0,4.9,1],"texture":"#texture"},"up":{"uv":[0,0,10,4.9],"texture":"#texture"},"down":{"uv":[0,0,10,4.9],"texture":"#texture"}}},{"from":[2,-1.5,-11],"to":[3,4,-10],"rotation":{"angle":-22.5,"axis":"x","origin":[2,4,-10.99999]},"faces":{"north":{"uv":[0,0,1,5.5],"texture":"#texture"},"east":{"uv":[0,0,1,5.5],"texture":"#texture"},"south":{"uv":[0,0,1,5.5],"texture":"#texture"},"west":{"uv":[0,0,1,5.5],"texture":"#texture"},"down":{"uv":[0,0,1,1],"texture":"#texture"}}},{"from":[1,-1.5,-10.5],"to":[2,4,-9.5],"rotation":{"angle":-22.5,"axis":"x","origin":[1,4,-10.49999]},"faces":{"north":{"uv":[0,0,1,5.5],"texture":"#texture"},"east":{"uv":[0,0,1,5.5],"texture":"#texture"},"south":{"uv":[0,0,1,5.5],"texture":"#texture"},"west":{"uv":[0,0,1,5.5],"texture":"#texture"},"down":{"uv":[0,0,1,1],"texture":"#texture"}}},{"from":[0,-1.5,-10],"to":[1,4,-9],"rotation":{"angle":-22.5,"axis":"x","origin":[0,4,-9.99999]},"faces":{"north":{"uv":[0,0,1,5.5],"texture":"#texture"},"east":{"uv":[0,0,1,5.5],"texture":"#texture"},"south":{"uv":[0,0,1,5.5],"texture":"#texture"},"west":{"uv":[0,0,1,5.5],"texture":"#texture"},"down":{"uv":[0,0,1,1],"texture":"#texture"}}},{"from":[13,-1.5,-11],"to":[14,4,-10],"rotation":{"angle":-22.5,"axis":"x","origin":[12.99999,4,-11]},"faces":{"north":{"uv":[0,0,1,5.5],"texture":"#texture"},"east":{"uv":[0,0,1,5.5],"texture":"#texture"},"south":{"uv":[0,0,1,5.5],"texture":"#texture"},"west":{"uv":[0,0,1,5.5],"texture":"#texture"},"down":{"uv":[0,0,1,1],"texture":"#texture"}}},{"from":[14,-1.5,-10.5],"to":[15,4,-9.5],"rotation":{"angle":-22.5,"axis":"x","origin":[13.99999,4,-10.5]},"faces":{"north":{"uv":[0,0,1,5.5],"texture":"#texture"},"east":{"uv":[0,0,1,5.5],"texture":"#texture"},"south":{"uv":[0,0,1,5.5],"texture":"#texture"},"west":{"uv":[0,0,1,5.5],"texture":"#texture"},"down":{"uv":[0,0,1,1],"texture":"#texture"}}},{"from":[15,-1.5,-10],"to":[16,4,-9],"rotation":{"angle":-22.5,"axis":"x","origin":[14.99999,4,-10]},"faces":{"north":{"uv":[0,0,1,5.5],"texture":"#texture"},"east":{"uv":[0,0,1,5.5],"texture":"#texture"},"south":{"uv":[0,0,1,5.5],"texture":"#texture"},"west":{"uv":[0,0,1,5.5],"texture":"#texture"},"down":{"uv":[0,0,1,1],"texture":"#texture"}}},{"from":[2,4,-11],"to":[3,6.5,-10],"faces":{"north":{"uv":[0,0,1,2.5],"texture":"#texture"},"east":{"uv":[0,0,1,2.5],"texture":"#texture"},"south":{"uv":[0,0,1,2.5],"texture":"#texture"},"west":{"uv":[0,0,1,2.5],"texture":"#texture"},"up":{"uv":[0,0,1,1],"texture":"#texture"},"down":{"uv":[0,0,1,1],"texture":"#texture"}}},{"from":[1,4,-10.5],"to":[2,6.5,-9.5],"faces":{"north":{"uv":[0,0,1,2.5],"texture":"#texture"},"east":{"uv":[0,0,1,2.5],"texture":"#texture"},"south":{"uv":[0,0,1,2.5],"texture":"#texture"},"west":{"uv":[0,0,1,2.5],"texture":"#texture"},"up":{"uv":[0,0,1,1],"texture":"#texture"},"down":{"uv":[0,0,1,1],"texture":"#texture"}}},{"from":[0,4,-10],"to":[1,6.5,-9],"faces":{"north":{"uv":[0,0,1,2.5],"texture":"#texture"},"east":{"uv":[0,0,1,2.5],"texture":"#texture"},"south":{"uv":[0,0,1,2.5],"texture":"#texture"},"west":{"uv":[0,0,1,2.5],"texture":"#texture"},"down":{"uv":[0,0,1,1],"texture":"#texture"}}},{"from":[-1,4,-9],"to":[0,6.5,-8],"faces":{"north":{"uv":[0,0,1,2.5],"texture":"#texture"},"east":{"uv":[0,0,1,2.5],"texture":"#texture"},"south":{"uv":[0,0,1,2.5],"texture":"#texture"},"west":{"uv":[0,0,1,2.5],"texture":"#texture"},"up":{"uv":[0,0,1,1],"texture":"#texture"},"down":{"uv":[0,0,1,1],"texture":"#texture"}}},{"from":[-2,4,-7],"to":[-1,6.5,-6],"faces":{"north":{"uv":[0,0,1,2.5],"texture":"#texture"},"east":{"uv":[0,0,1,2.5],"texture":"#texture"},"west":{"uv":[0,0,1,2.5],"texture":"#texture"},"up":{"uv":[0,0,1,1],"texture":"#texture"},"down":{"uv":[0,0,1,1],"texture":"#texture"}}},{"from":[-1.5,4,-8],"to":[-0.5,6.5,-7],"faces":{"north":{"uv":[0,0,1,2.5],"texture":"#texture"},"east":{"uv":[0,0,1,2.5],"texture":"#texture"},"south":{"uv":[0,0,1,2.5],"texture":"#texture"},"west":{"uv":[0,0,1,2.5],"texture":"#texture"},"up":{"uv":[0,0,1,1],"texture":"#texture"},"down":{"uv":[0,0,1,1],"texture":"#texture"}}},{"from":[-1,-1.5,-9],"to":[0,4,-8],"rotation":{"angle":-22.5,"axis":"x","origin":[-1,4,-8.99999]},"faces":{"north":{"uv":[0,0,1,5.5],"texture":"#texture"},"east":{"uv":[0,0,1,5.5],"texture":"#texture"},"south":{"uv":[0,0,1,5.5],"texture":"#texture"},"west":{"uv":[0,0,1,5.5],"texture":"#texture"},"down":{"uv":[0,0,1,1],"texture":"#texture"}}},{"from":[-1.5,-1.5,-8],"to":[-0.5,4,-7],"rotation":{"angle":-22.5,"axis":"x","origin":[-1.5,4,-7.99999]},"faces":{"north":{"uv":[0,0,1,5.5],"texture":"#texture"},"east":{"uv":[0,0,1,5.5],"texture":"#texture"},"south":{"uv":[0,0,1,5.5],"texture":"#texture"},"west":{"uv":[0,0,1,5.5],"texture":"#texture"},"down":{"uv":[0,0,1,1],"texture":"#texture"}}},{"from":[-2,-1.5,-7],"to":[-1,4,-6],"rotation":{"angle":-22.5,"axis":"x","origin":[-2,4,-6.99999]},"faces":{"north":{"uv":[0,0,1,5.5],"texture":"#texture"},"east":{"uv":[0,0,1,5.5],"texture":"#texture"},"south":{"uv":[0,0,1,5.5],"texture":"#texture"},"west":{"uv":[0,0,1,5.5],"texture":"#texture"},"down":{"uv":[0,0,1,1],"texture":"#texture"}}},{"from":[0.68383,0,-9.49632],"to":[4.63383,1.5,-7.49632],"rotation":{"angle":22.5,"axis":"y","origin":[0.68383,0,-9.49631]},"faces":{"north":{"uv":[0,0,4,1.5],"texture":"#randje"},"south":{"uv":[0,0,4,1.5],"texture":"#randje"},"west":{"uv":[0,0,2,1.5],"texture":"#randje"},"up":{"uv":[0,0,4,2],"texture":"#randje"},"down":{"uv":[0,0,4,2],"texture":"#randje"}}},{"from":[-0.75,6.5,-10.4375],"to":[1.25,7,-5.6375],"rotation":{"angle":-22.5,"axis":"y","origin":[-0.75,6.5,-10.18749]},"faces":{"north":{"uv":[0,0,2,0.5],"texture":"#randje"},"east":{"uv":[0,0,4.75,0.5],"texture":"#randje"},"west":{"uv":[0,0,4.75,0.5],"texture":"#randje"},"up":{"uv":[0,0,2,4.75],"texture":"#randje"},"down":{"uv":[0,0,2,4.75],"texture":"#randje"}}},{"from":[-1.43749,0,-7.375],"to":[1.56251,1.5,-5.375],"rotation":{"angle":45,"axis":"y","origin":[-1.43749,0,-7.37499]},"faces":{"north":{"uv":[0,0,3,1.5],"texture":"#randje"},"east":{"uv":[0,0,2,1.5],"texture":"#randje"},"south":{"uv":[0,0,3,1.5],"texture":"#randje"},"west":{"uv":[0,0,2,1.5],"texture":"#randje"},"up":{"uv":[0,0,3,2],"texture":"#randje"},"down":{"uv":[0,0,3,2],"texture":"#randje"}}},{"from":[4.325,0,-11],"to":[11.7,1.5,-9],"faces":{"north":{"uv":[0,0,8,1.5],"texture":"#randje"},"east":{"uv":[0,0,2,1.5],"texture":"#randje"},"south":{"uv":[0,0,8,1.5],"texture":"#randje"},"west":{"uv":[0,0,2,1.5],"texture":"#randje"},"up":{"uv":[0,0,8,2],"texture":"#randje"},"down":{"uv":[0,0,8,2],"texture":"#randje"}}},{"from":[15.5625,0,-6.625],"to":[17.5625,1.5,-5.125],"rotation":{"angle":22.5,"axis":"y","origin":[15.56249,0,-6.625]},"faces":{"north":{"uv":[0,0,2,1.5],"texture":"#randje"},"east":{"uv":[0,0,1.5,1.5],"texture":"#randje"},"west":{"uv":[0,0,1.5,1.5],"texture":"#randje"},"up":{"uv":[0,0,2,1.5],"texture":"#randje"},"down":{"uv":[0,0,2,1.5],"texture":"#randje"}}},{"from":[15.28894,0,-9.5117],"to":[18.28894,1.5,-7.5117],"rotation":{"angle":-45,"axis":"y","origin":[15.28893,0,-9.5117]},"faces":{"north":{"uv":[0,0,3,1.5],"texture":"#randje"},"east":{"uv":[0,0,2,1.5],"texture":"#randje"},"south":{"uv":[0,0,3,1.5],"texture":"#randje"},"west":{"uv":[0,0,2,1.5],"texture":"#randje"},"up":{"uv":[0,0,3,2],"texture":"#randje"},"down":{"uv":[0,0,3,2],"texture":"#randje"}}},{"from":[11.69342,0,-11.04243],"to":[15.59342,1.5,-9.04243],"rotation":{"angle":-22.5,"axis":"y","origin":[11.59341,0,-11.04243]},"faces":{"north":{"uv":[0,0,4,1.5],"texture":"#randje"},"east":{"uv":[0,0,2,1.5],"texture":"#randje"},"south":{"uv":[0,0,4,1.5],"texture":"#randje"},"up":{"uv":[0,0,4,2],"texture":"#randje"},"down":{"uv":[0,0,4,2],"texture":"#randje"}}},{"from":[7,4,-12],"to":[9,8,-10.5],"faces":{"north":{"uv":[0,0,2,4],"texture":"#randje"},"east":{"uv":[0,0,1.5,4],"texture":"#randje"},"south":{"uv":[0,0,2,4],"texture":"#randje"},"west":{"uv":[0,0,1.5,4],"texture":"#randje"},"up":{"uv":[0,0,2,1.5],"texture":"#randje"},"down":{"uv":[0,0,2,1.5],"texture":"#randje"}}},{"from":[7,0.5,-12],"to":[9,4,-11.5],"rotation":{"angle":-22.5,"axis":"x","origin":[7,4,-11.99999]},"faces":{"north":{"uv":[0,7,2,8],"texture":"#randje"},"east":{"uv":[9,7,15,8],"texture":"#randje"},"south":{"uv":[0,7,2,8],"texture":"#randje"},"west":{"uv":[9,7,15,8],"texture":"#randje"}}},{"from":[0,6.4375,-10],"to":[8,6.5,-5.5],"faces":{"north":{"uv":[0,0,8,0.0625],"texture":"#dark_oak_planks"},"west":{"uv":[0,0,4.5,0.0625],"texture":"#dark_oak_planks"},"up":{"uv":[0,0,8,4.5],"rotation":180,"texture":"#dark_oak_planks"},"down":{"uv":[0,0,8,4.5],"rotation":90,"texture":"#dark_oak_planks"}}},{"from":[8,6.4375,-10],"to":[16,6.5,-5.5],"faces":{"north":{"uv":[0,0,8,0.0625],"texture":"#dark_oak_planks"},"east":{"uv":[0,0,4.5,0.0625],"texture":"#dark_oak_planks"},"up":{"uv":[0,0,8,4.5],"rotation":180,"texture":"#dark_oak_planks"},"down":{"uv":[0,0,8,4.5],"rotation":90,"texture":"#dark_oak_planks"}}},{"from":[16,6.4375,-7.5],"to":[17,6.5,-5.5],"faces":{"north":{"uv":[0,0,1,0.0625],"texture":"#dark_oak_planks"},"east":{"uv":[0,0,2,0.0625],"texture":"#dark_oak_planks"},"up":{"uv":[0,0,1,2],"rotation":180,"texture":"#dark_oak_planks"},"down":{"uv":[0,0,1,2],"rotation":90,"texture":"#dark_oak_planks"}}},{"from":[-1,6.4375,-7.5],"to":[0,6.5,-5.5],"faces":{"north":{"uv":[0,0,1,0.0625],"rotation":90,"texture":"#dark_oak_planks"},"east":{"uv":[0,0,2,0.0625],"rotation":90,"texture":"#dark_oak_planks"},"south":{"uv":[0,0,1,0.0625],"rotation":90,"texture":"#dark_oak_planks"},"west":{"uv":[0,0,2,0.0625],"rotation":90,"texture":"#dark_oak_planks"},"up":{"uv":[0,0,1,2],"rotation":90,"texture":"#dark_oak_planks"},"down":{"uv":[0,0,1,2],"rotation":90,"texture":"#dark_oak_planks"}}},{"from":[16,-1.5,-9],"to":[17,4,-8],"rotation":{"angle":-22.5,"axis":"x","origin":[15.99999,4,-9]},"faces":{"north":{"uv":[0,0,1,5.5],"texture":"#texture"},"east":{"uv":[0,0,1,5.5],"texture":"#texture"},"south":{"uv":[0,0,1,5.5],"texture":"#texture"},"west":{"uv":[0,0,1,5.5],"texture":"#texture"},"down":{"uv":[0,0,1,1],"texture":"#texture"}}},{"from":[16.5,-1.5,-8],"to":[17.5,4,-7],"rotation":{"angle":-22.5,"axis":"x","origin":[16.49999,4,-8]},"faces":{"north":{"uv":[0,0,1,5.5],"texture":"#texture"},"east":{"uv":[0,0,1,5.5],"texture":"#texture"},"south":{"uv":[0,0,1,5.5],"texture":"#texture"},"west":{"uv":[0,0,1,5.5],"texture":"#texture"},"down":{"uv":[0,0,1,1],"texture":"#texture"}}},{"from":[17,-1.5,-7],"to":[18,4,-6],"rotation":{"angle":-22.5,"axis":"x","origin":[17,4,-7]},"faces":{"north":{"uv":[0,0,1,5.5],"texture":"#texture"},"east":{"uv":[0,0,1,5.5],"texture":"#texture"},"south":{"uv":[0,0,1,5.5],"texture":"#texture"},"west":{"uv":[0,0,1,5.5],"texture":"#texture"},"down":{"uv":[0,0,1,1],"texture":"#texture"}}},{"from":[13,4,-11],"to":[14,6.5,-10],"faces":{"north":{"uv":[0,0,1,2.5],"texture":"#texture"},"east":{"uv":[0,0,1,2.5],"texture":"#texture"},"south":{"uv":[0,0,1,2.5],"texture":"#texture"},"west":{"uv":[0,0,1,2.5],"texture":"#texture"},"up":{"uv":[0,0,1,1],"texture":"#texture"},"down":{"uv":[0,0,1,1],"texture":"#texture"}}},{"from":[14,4,-10.5],"to":[15,6.5,-9.5],"faces":{"north":{"uv":[0,0,1,2.5],"texture":"#texture"},"east":{"uv":[0,0,1,2.5],"texture":"#texture"},"south":{"uv":[0,0,1,2.5],"texture":"#texture"},"west":{"uv":[0,0,1,2.5],"texture":"#texture"},"up":{"uv":[0,0,1,1],"texture":"#texture"},"down":{"uv":[0,0,1,1],"texture":"#texture"}}},{"from":[15,4,-10],"to":[16,6.5,-9],"faces":{"north":{"uv":[0,0,1,2.5],"texture":"#texture"},"east":{"uv":[0,0,1,2.5],"texture":"#texture"},"south":{"uv":[0,0,1,2.5],"texture":"#texture"},"west":{"uv":[0,0,1,2.5],"texture":"#texture"},"down":{"uv":[0,0,1,1],"texture":"#texture"}}},{"from":[16,4,-9],"to":[17,6.5,-8],"faces":{"north":{"uv":[0,0,1,2.5],"texture":"#texture"},"east":{"uv":[0,0,1,2.5],"texture":"#texture"},"south":{"uv":[0,0,1,2.5],"texture":"#texture"},"west":{"uv":[0,0,1,2.5],"texture":"#texture"},"up":{"uv":[0,0,1,1],"texture":"#texture"},"down":{"uv":[0,0,1,1],"texture":"#texture"}}},{"from":[16.5,4,-8],"to":[17.5,6.5,-7],"faces":{"north":{"uv":[0,0,1,2.5],"texture":"#texture"},"east":{"uv":[0,0,1,2.5],"texture":"#texture"},"south":{"uv":[0,0,1,2.5],"texture":"#texture"},"west":{"uv":[0,0,1,2.5],"texture":"#texture"},"up":{"uv":[0,0,1,1],"texture":"#texture"},"down":{"uv":[0,0,1,1],"texture":"#texture"}}},{"from":[17,4,-7],"to":[18,6.5,-6],"faces":{"north":{"uv":[0,0,1,2.5],"texture":"#texture"},"east":{"uv":[0,0,1,2.5],"texture":"#texture"},"west":{"uv":[0,0,1,2.5],"texture":"#texture"},"up":{"uv":[0,0,1,1],"texture":"#texture"},"down":{"uv":[0,0,1,1],"texture":"#texture"}}},{"from":[13,-1,-8.5],"to":[14,0,-3.5],"rotation":{"angle":22.5,"axis":"x","origin":[12.99999,0,-8.5]},"faces":{"north":{"uv":[0,0,1,1],"texture":"#texture"},"east":{"uv":[0,0,5,1],"texture":"#texture"},"south":{"uv":[0,0,1,1],"texture":"#texture"},"west":{"uv":[0,0,5,1],"texture":"#texture"},"up":{"uv":[0,0,1,5],"texture":"#texture"},"down":{"uv":[0,0,1,5],"texture":"#texture"}}},{"from":[14,-1,-8],"to":[15,0,-3],"rotation":{"angle":22.5,"axis":"x","origin":[13.99999,0,-8]},"faces":{"north":{"uv":[0,0,1,1],"texture":"#texture"},"east":{"uv":[0,0,5,1],"texture":"#texture"},"south":{"uv":[0,0,1,1],"texture":"#texture"},"west":{"uv":[0,0,5,1],"texture":"#texture"},"up":{"uv":[0,0,1,5],"texture":"#texture"},"down":{"uv":[0,0,1,5],"texture":"#texture"}}},{"from":[15,-1,-7.5],"to":[16,0,-2.5],"rotation":{"angle":22.5,"axis":"x","origin":[14.99999,0,-7.5]},"faces":{"north":{"uv":[0,0,1,1],"texture":"#texture"},"east":{"uv":[0,0,5,1],"texture":"#texture"},"west":{"uv":[0,0,5,1],"texture":"#texture"},"up":{"uv":[0,0,1,5],"texture":"#texture"},"down":{"uv":[0,0,1,5],"texture":"#texture"}}},{"from":[16,-1,-6.5],"to":[17,0,-1.5],"rotation":{"angle":22.5,"axis":"x","origin":[15.99999,0,-6.5]},"faces":{"north":{"uv":[0,0,1,1],"texture":"#texture"},"east":{"uv":[0,0,5,1],"texture":"#texture"},"west":{"uv":[0,0,5,1],"texture":"#texture"},"up":{"uv":[0,0,1,5],"texture":"#texture"},"down":{"uv":[0,0,1,5],"texture":"#texture"}}},{"from":[16.5,-1,-5.5],"to":[17.5,0,-0.5],"rotation":{"angle":22.5,"axis":"x","origin":[16.5,0,-5.5]},"faces":{"north":{"uv":[0,0,1,1],"texture":"#texture"},"east":{"uv":[0,0,5,1],"texture":"#texture"},"west":{"uv":[0,0,5,1],"texture":"#texture"},"up":{"uv":[0,0,1,5],"texture":"#texture"},"down":{"uv":[0,0,1,5],"texture":"#texture"}}},{"from":[17,-1,-4.5],"to":[18,0,0.5],"rotation":{"angle":22.5,"axis":"x","origin":[17,0,-4.5]},"faces":{"north":{"uv":[0,0,1,1],"texture":"#texture"},"east":{"uv":[0,0,5,1],"texture":"#texture"},"west":{"uv":[0,0,5,1],"texture":"#texture"},"up":{"uv":[0,0,1,5],"texture":"#texture"},"down":{"uv":[0,0,1,5],"texture":"#texture"}}},{"from":[2,-1,-8.5],"to":[3,0,-3.5],"rotation":{"angle":22.5,"axis":"x","origin":[2,0,-8.49999]},"faces":{"north":{"uv":[0,0,1,1],"texture":"#texture"},"east":{"uv":[0,0,5,1],"texture":"#texture"},"south":{"uv":[0,0,1,1],"texture":"#texture"},"west":{"uv":[0,0,5,1],"texture":"#texture"},"up":{"uv":[0,0,1,5],"texture":"#texture"},"down":{"uv":[0,0,1,5],"texture":"#texture"}}},{"from":[1,-1,-8],"to":[2,0,-3],"rotation":{"angle":22.5,"axis":"x","origin":[1,0,-8]},"faces":{"north":{"uv":[0,0,1,1],"texture":"#texture"},"east":{"uv":[0,0,5,1],"texture":"#texture"},"south":{"uv":[0,0,1,1],"texture":"#texture"},"west":{"uv":[0,0,5,1],"texture":"#texture"},"up":{"uv":[0,0,1,5],"texture":"#texture"},"down":{"uv":[0,0,1,5],"texture":"#texture"}}},{"from":[0,-1,-7.5],"to":[1,0,-2.5],"rotation":{"angle":22.5,"axis":"x","origin":[0,0,-7.5]},"faces":{"north":{"uv":[0,0,1,1],"texture":"#texture"},"east":{"uv":[0,0,5,1],"texture":"#texture"},"west":{"uv":[0,0,5,1],"texture":"#texture"},"up":{"uv":[0,0,1,5],"texture":"#texture"},"down":{"uv":[0,0,1,5],"texture":"#texture"}}},{"from":[-1,-1,-6.5],"to":[0,0,-1.5],"rotation":{"angle":22.5,"axis":"x","origin":[-1,0,-6.5]},"faces":{"north":{"uv":[0,0,1,1],"texture":"#texture"},"east":{"uv":[0,0,5,1],"texture":"#texture"},"west":{"uv":[0,0,5,1],"texture":"#texture"},"up":{"uv":[0,0,1,5],"texture":"#texture"},"down":{"uv":[0,0,1,5],"texture":"#texture"}}},{"from":[-1.5,-1,-5.5],"to":[-0.5,0,-0.5],"rotation":{"angle":22.5,"axis":"x","origin":[-1.5,0,-5.5]},"faces":{"north":{"uv":[0,0,1,1],"texture":"#texture"},"east":{"uv":[0,0,5,1],"texture":"#texture"},"west":{"uv":[0,0,5,1],"texture":"#texture"},"up":{"uv":[0,0,1,5],"texture":"#texture"},"down":{"uv":[0,0,1,5],"texture":"#texture"}}},{"from":[-2,-1,-4.5],"to":[-1,0,0.5],"rotation":{"angle":22.5,"axis":"x","origin":[-2,0,-4.5]},"faces":{"north":{"uv":[0,0,1,1],"texture":"#texture"},"east":{"uv":[0,0,5,1],"texture":"#texture"},"west":{"uv":[0,0,5,1],"texture":"#texture"},"up":{"uv":[0,0,1,5],"texture":"#texture"},"down":{"uv":[0,0,1,5],"texture":"#texture"}}},{"from":[3,-3,-5],"to":[13,-2,-4.5],"faces":{"north":{"uv":[0,0,10,1],"texture":"#texture"},"east":{"uv":[0,0,0.5,1],"texture":"#texture"},"west":{"uv":[0,0,0.5,1],"texture":"#texture"},"up":{"uv":[0,0,10,0.5],"texture":"#texture"},"down":{"uv":[0,0,10,0.5],"texture":"#texture"}}},{"from":[2,-3,-4.5],"to":[14,-2,-4],"faces":{"north":{"uv":[0,0,12,1],"texture":"#texture"},"east":{"uv":[0,0,0.5,1],"texture":"#texture"},"west":{"uv":[0,0,0.5,1],"texture":"#texture"},"up":{"uv":[0,0,12,0.5],"texture":"#texture"},"down":{"uv":[0,0,12,0.5],"texture":"#texture"}}},{"from":[1,-3,-4],"to":[15,-2,-3.5],"faces":{"north":{"uv":[0,0,14,1],"texture":"#texture"},"east":{"uv":[0,0,0.5,1],"texture":"#texture"},"west":{"uv":[0,0,0.5,1],"texture":"#texture"},"up":{"uv":[0,0,14,0.5],"texture":"#texture"},"down":{"uv":[0,0,14,0.5],"texture":"#texture"}}},{"from":[0,-3,-3.5],"to":[16,-2,-2.5],"faces":{"north":{"uv":[0,0,16,1],"texture":"#texture"},"east":{"uv":[0,0,1,1],"texture":"#texture"},"west":{"uv":[0,0,1,1],"texture":"#texture"},"up":{"uv":[0,0,16,1],"texture":"#texture"},"down":{"uv":[0,0,16,1],"texture":"#texture"}}},{"from":[-1,-3,-2.5],"to":[17,-2,-1.5],"faces":{"north":{"uv":[0,0,16,1],"texture":"#texture"},"east":{"uv":[0,0,1,1],"texture":"#texture"},"west":{"uv":[0,0,1,1],"texture":"#texture"},"up":{"uv":[0,0,16,1],"texture":"#texture"},"down":{"uv":[0,0,16,1],"texture":"#texture"}}},{"from":[-1.5,-3,-1.5],"to":[17.5,-2,-0.5],"faces":{"north":{"uv":[0,0,16,1],"texture":"#texture"},"east":{"uv":[0,0,1,1],"texture":"#texture"},"west":{"uv":[0,0,1,1],"texture":"#texture"},"down":{"uv":[0,0,16,1],"texture":"#texture"}}},{"from":[-2,1.5,27.5],"to":[18,9,28],"faces":{"north":{"uv":[0,0,16,7.5],"texture":"#texture"},"east":{"uv":[0,0,0.5,7.5],"texture":"#texture"},"south":{"uv":[0,0,16,7.5],"texture":"#texture"},"west":{"uv":[0,0,0.5,7.5],"texture":"#texture"},"up":{"uv":[0,0,16,0.5],"texture":"#texture"},"down":{"uv":[0,0,16,0.5],"texture":"#texture"}}},{"from":[-2,-1,-4.5],"to":[18,0,0],"faces":{"north":{"uv":[2,12,15,16],"texture":"#texture"},"east":{"uv":[15,12,16,16],"texture":"#texture"},"west":{"uv":[0,12,1,16],"texture":"#texture"},"up":{"uv":[1,0,14,1],"texture":"#texture"},"down":{"uv":[15,0,2,1],"texture":"#texture"}}},{"from":[-2,-2,-2],"to":[18,-1,2.5],"faces":{"north":{"uv":[2,12,15,16],"texture":"#texture"},"east":{"uv":[15,12,16,16],"texture":"#texture"},"west":{"uv":[0,12,1,16],"texture":"#texture"},"up":{"uv":[1,0,14,1],"texture":"#texture"},"down":{"uv":[15,0,2,1],"texture":"#texture"}}},{"from":[-2.5,8,9],"to":[-0.5,9,15],"faces":{"north":{"uv":[0,0,2,1],"texture":"#randje"},"east":{"uv":[0,0,6,1],"texture":"#randje"},"south":{"uv":[0,0,2,1],"texture":"#randje"},"west":{"uv":[0,0,6,1],"texture":"#randje"},"up":{"uv":[0,0,2,6],"texture":"#randje"},"down":{"uv":[0,0,2,6],"texture":"#randje"}}},{"from":[-1.5,8.875,24.5],"to":[8,8.876,28],"faces":{"north":{"uv":[0,0,9.5,0.001],"texture":"#dark_oak_planks"},"south":{"uv":[0,0,9.5,0.001],"texture":"#dark_oak_planks"},"up":{"uv":[0,0,9.5,3.5],"texture":"#dark_oak_planks"},"down":{"uv":[0,0,9.5,3.5],"rotation":90,"texture":"#dark_oak_planks"}}},{"from":[8,8.875,24.5],"to":[17.5,8.876,28],"faces":{"north":{"uv":[0,0,9.5,0.001],"texture":"#dark_oak_planks"},"south":{"uv":[0,0,9.5,0.001],"texture":"#dark_oak_planks"},"up":{"uv":[0,0,9.5,3.5],"texture":"#dark_oak_planks"},"down":{"uv":[0,0,9.5,3.5],"rotation":90,"texture":"#dark_oak_planks"}}},{"from":[-2.5,1.5,27],"to":[-0.5,8.5,28.5],"faces":{"north":{"uv":[0,0,2,7],"texture":"#randje"},"east":{"uv":[0,0,1.5,7],"texture":"#randje"},"south":{"uv":[0,0,2,7],"texture":"#randje"},"west":{"uv":[0,0,1.5,7],"texture":"#randje"},"down":{"uv":[0,0,2,1.5],"texture":"#randje"}}},{"from":[16.5,1.5,27],"to":[18.5,8.5,28.5],"faces":{"north":{"uv":[0,0,2,7],"texture":"#randje"},"east":{"uv":[0,0,1.5,7],"texture":"#randje"},"south":{"uv":[0,0,2,7],"texture":"#randje"},"west":{"uv":[0,0,1.5,7],"texture":"#randje"},"down":{"uv":[0,0,2,1.5],"texture":"#randje"}}},{"from":[-0.5,8.5,27],"to":[5,9.5,28.5],"rotation":{"angle":22.5,"axis":"z","origin":[-0.5,8.5,27]},"faces":{"north":{"uv":[0,0,5.5,1],"texture":"#randje"},"south":{"uv":[0,0,5.5,1],"texture":"#randje"},"up":{"uv":[0,0,5.5,1.5],"texture":"#randje"},"down":{"uv":[0,0,5.5,1.5],"texture":"#randje"}}},{"from":[-2.5,1.37868,25.67157],"to":[18.5,3.5,27.67157],"rotation":{"angle":45,"axis":"x","origin":[-2.5,1.5,25.67157]},"faces":{"north":{"uv":[0,0,16,2.12132],"texture":"#randje"},"east":{"uv":[0,0,2,2.12132],"texture":"#randje"},"south":{"uv":[0,0,16,2.12132],"texture":"#randje"},"west":{"uv":[0,0,2,2.12132],"texture":"#randje"},"up":{"uv":[0,0,16,2],"texture":"#randje"},"down":{"uv":[0,0,16,2],"texture":"#randje"}}},{"from":[0,-1.5,24.75],"to":[16,2.5,26.25],"rotation":{"angle":22.5,"axis":"x","origin":[0,-1.5,24.75]},"faces":{"north":{"uv":[0,0,16,4],"texture":"#texture"},"east":{"uv":[0,0,1.5,4],"texture":"#texture"},"south":{"uv":[0,0,16,4],"texture":"#texture"},"west":{"uv":[0,0,1.5,4],"texture":"#texture"},"up":{"uv":[0,0,16,1.5],"texture":"#texture"},"down":{"uv":[0,0,16,1.5],"texture":"#texture"}}},{"from":[-2,-2.5,23.5],"to":[18,1.5,25],"rotation":{"angle":22.5,"axis":"x","origin":[-2,-2.5,23.5]},"faces":{"north":{"uv":[0,0,16,4],"texture":"#texture"},"east":{"uv":[0,0,1.5,4],"texture":"#texture"},"south":{"uv":[0,0,16,4],"texture":"#texture"},"west":{"uv":[0,0,1.5,4],"texture":"#texture"},"up":{"uv":[0,0,16,1.5],"texture":"#texture"}}},{"from":[-1,-2,24.125],"to":[17,2,25.625],"rotation":{"angle":22.5,"axis":"x","origin":[-1,-2,24.125]},"faces":{"north":{"uv":[0,0,16,4],"texture":"#texture"},"east":{"uv":[0,0,1.5,4],"texture":"#texture"},"south":{"uv":[0,0,16,4],"texture":"#texture"},"west":{"uv":[0,0,1.5,4],"texture":"#texture"},"up":{"uv":[0,0,16,1.5],"texture":"#texture"},"down":{"uv":[0,0,16,1.5],"texture":"#texture"}}},{"from":[11,8.5,27],"to":[16.5,9.5,28.5],"rotation":{"angle":-22.5,"axis":"z","origin":[16.5,8.5,27]},"faces":{"north":{"uv":[0,0,5.5,1],"texture":"#randje"},"south":{"uv":[0,0,5.5,1],"texture":"#randje"},"up":{"uv":[0,0,5.5,1.5],"texture":"#randje"},"down":{"uv":[0,0,5.5,1.5],"texture":"#randje"}}},{"from":[4.19865,10.52864,27],"to":[11.80135,11.52864,28.5],"faces":{"north":{"uv":[0,0,7.60269,1],"texture":"#randje"},"south":{"uv":[0,0,7.60269,1],"texture":"#randje"},"up":{"uv":[0,0,7.60269,1.5],"texture":"#randje"},"down":{"uv":[0,0,7.60269,1.5],"texture":"#randje"}}},{"from":[-2,-3,-0.5],"to":[18,0,25],"faces":{"north":{"uv":[0,0,16,3],"texture":"#texture"},"east":{"uv":[0,0,16,3],"texture":"#texture"},"south":{"uv":[0,0,16,3],"texture":"#texture"},"west":{"uv":[0,0,16,3],"texture":"#texture"},"up":{"uv":[0,0,16,16],"texture":"#texture"},"down":{"uv":[0,0,16,16],"texture":"#texture"}}},{"from":[0.5,9,27.5],"to":[15.5,9.5,28],"faces":{"north":{"uv":[0,0,15,0.5],"texture":"#texture"},"east":{"uv":[0,0,0.5,0.5],"texture":"#texture"},"south":{"uv":[0,0,15,0.5],"texture":"#texture"},"west":{"uv":[0,0,0.5,0.5],"texture":"#texture"},"up":{"uv":[0,0,15,0.5],"texture":"#texture"},"down":{"uv":[0,0,15,0.5],"texture":"#texture"}}},{"from":[1,9.5,27.5],"to":[14.5,10,28],"faces":{"north":{"uv":[0,0,13.5,0.5],"texture":"#texture"},"east":{"uv":[0,0,0.5,0.5],"texture":"#texture"},"south":{"uv":[0,0,13.5,0.5],"texture":"#texture"},"west":{"uv":[0,0,0.5,0.5],"texture":"#texture"},"up":{"uv":[0,0,13.5,0.5],"texture":"#texture"},"down":{"uv":[0,0,13.5,0.5],"texture":"#texture"}}},{"from":[3,10,27.5],"to":[13,10.6,28],"faces":{"north":{"uv":[0,0,10,0.5],"texture":"#texture"},"east":{"uv":[0,0,0.5,0.5],"texture":"#texture"},"south":{"uv":[0,0,10,0.5],"texture":"#texture"},"west":{"uv":[0,0,0.5,0.5],"texture":"#texture"},"up":{"uv":[0,0,10,0.5],"texture":"#texture"},"down":{"uv":[0,0,10,0.5],"texture":"#texture"}}},{"from":[0,-1,25.375],"to":[16,3,26.875],"rotation":{"angle":22.5,"axis":"x","origin":[0,-1,25.375]},"faces":{"north":{"uv":[0,0,16,4],"texture":"#texture"},"east":{"uv":[0,0,1.5,4],"texture":"#texture"},"south":{"uv":[0,0,16,4],"texture":"#texture"},"west":{"uv":[0,0,1.5,4],"texture":"#texture"},"up":{"uv":[0,0,16,1.5],"texture":"#texture"},"down":{"uv":[0,0,16,1.5],"texture":"#texture"}}},{"from":[-0.5,1.5,27],"to":[16.5,3,28.5],"faces":{"north":{"uv":[0,0,16,1.5],"texture":"#randje"},"east":{"uv":[0,0,1.5,1.5],"texture":"#randje"},"south":{"uv":[0,0,16,1.5],"texture":"#randje"},"west":{"uv":[0,0,1.5,1.5],"texture":"#randje"},"down":{"uv":[0,0,16,1.5],"texture":"#randje"}}},{"from":[16.5,1,14.5],"to":[18.5,8,15],"faces":{"north":{"uv":[0,0,2,7],"texture":"#randje"},"east":{"uv":[0,0,0.5,7],"texture":"#randje"},"south":{"uv":[0,0,2,7],"texture":"#randje"},"west":{"uv":[0,0,0.5,7],"texture":"#randje"}}},{"from":[-2.5,1.5,19],"to":[-0.5,8.5,19.5],"faces":{"north":{"uv":[0,0,2,7],"texture":"#randje"},"east":{"uv":[0,0,0.5,7],"texture":"#randje"},"south":{"uv":[0,0,2,7],"texture":"#randje"},"west":{"uv":[0,0,0.5,7],"texture":"#randje"}}},{"from":[16.5,8.5,19],"to":[18.5,9.5,28.5],"faces":{"north":{"uv":[0,0,2,1],"texture":"#randje"},"east":{"uv":[0,0,9.5,1],"texture":"#randje"},"south":{"uv":[0,0,2,1],"texture":"#randje"},"west":{"uv":[0,0,9.5,1],"texture":"#randje"},"up":{"uv":[0,0,2,9.5],"texture":"#randje"},"down":{"uv":[0,0,2,9.5],"texture":"#randje"}}},{"from":[-2.5,8.5,19],"to":[-0.5,9.5,28.5],"faces":{"north":{"uv":[0,0,2,1],"texture":"#randje"},"east":{"uv":[0,0,9.5,1],"texture":"#randje"},"south":{"uv":[0,0,2,1],"texture":"#randje"},"west":{"uv":[0,0,9.5,1],"texture":"#randje"},"up":{"uv":[0,0,2,9.5],"texture":"#randje"},"down":{"uv":[0,0,2,9.5],"texture":"#randje"}}},{"from":[4,1.875,28.125],"to":[12,9.375,28.126],"rotation":{"angle":22.5,"axis":"z","origin":[8,5.875,28.125]},"faces":{"north":{"uv":[0,0,16,16],"texture":"#texture7"},"east":{"uv":[13,8,12,12],"texture":"#texture7"},"south":{"uv":[16,0,0,16],"texture":"#texture7"},"west":{"uv":[0,0,1,4],"texture":"#texture7"},"up":{"uv":[4.5,0,10,1],"texture":"#texture7"},"down":{"uv":[7.5,15,13,16],"texture":"#texture7"}}},{"from":[4,2,28.075],"to":[12,9.5,28.076],"rotation":{"angle":-22.5,"axis":"z","origin":[8,6,28]},"faces":{"north":{"uv":[0,16,16,0],"texture":"#texture7"},"east":{"uv":[15,10,14,14],"texture":"#texture7"},"south":{"uv":[0,0,16,16],"texture":"#texture7"},"west":{"uv":[0,0,1,4],"texture":"#texture7"},"up":{"uv":[4.5,0,10,1],"texture":"#texture7"},"down":{"uv":[6.5,16,12,15],"texture":"#texture7"}}},{"from":[6.875,6.875,27.875],"to":[9.125,9.875,28.375],"faces":{"north":{"uv":[2,2,4,4],"texture":"#texture6"},"east":{"uv":[4,2,5,4],"texture":"#texture6"},"south":{"uv":[2,2,4,4],"texture":"#texture6"},"west":{"uv":[1,2,2,4],"texture":"#texture6"},"up":{"uv":[2,1.5,4,2],"texture":"#texture6"},"down":{"uv":[2,1,4,1.5],"texture":"#texture6"}}}],"display":{"gui":{"rotation":[30,-135,0],"translation":[0.5,0,0],"scale":[0.375,0.375,0.375]},"head":{"translation":[0,0,24],"scale":[3.5,2.5,3.5]}},"credit":"Model by Craftventure"}