{"textures":{"0":"block/gray_concrete","1":"block/piston_inner","2":"block/smooth_stone","3":"block/black_concrete","particle":"block/gray_concrete"},"elements":[{"name":"octagon","from":[3.97596,-1.13434,-1.71488],"to":[12.02404,-0.48782,17.71488],"rotation":{"angle":0,"axis":"y","origin":[8,-1.05431,8]},"faces":{"north":{"uv":[0,0,1,1],"texture":"#0"},"east":{"uv":[0,0,1,1],"texture":"#0"},"south":{"uv":[0,0,1,1],"texture":"#0"},"west":{"uv":[0,0,1,1],"texture":"#0"},"up":{"uv":[0,0,1,1],"texture":"#0"},"down":{"uv":[0,0,1,1],"texture":"#0"}}},{"name":"octagon","from":[-1.71488,-1.13434,3.97596],"to":[17.71488,-0.48782,12.02404],"rotation":{"angle":45,"axis":"y","origin":[8,-1.05431,8]},"faces":{"north":{"uv":[0,0,1,1],"texture":"#0"},"east":{"uv":[0,0,1,1],"texture":"#0"},"south":{"uv":[0,0,1,1],"texture":"#0"},"west":{"uv":[0,0,1,1],"texture":"#0"},"up":{"uv":[0,0,1,1],"texture":"#0"},"down":{"uv":[0,0,1,1],"texture":"#0"}}},{"name":"octagon","from":[-1.71488,-1.13434,3.97596],"to":[17.71488,-0.48782,12.02404],"rotation":{"angle":0,"axis":"y","origin":[8,-1.05431,8]},"faces":{"north":{"uv":[0,0,1,1],"texture":"#0"},"east":{"uv":[0,0,1,1],"texture":"#0"},"south":{"uv":[0,0,1,1],"texture":"#0"},"west":{"uv":[0,0,1,1],"texture":"#0"},"up":{"uv":[0,0,1,1],"texture":"#0"},"down":{"uv":[0,0,1,1],"texture":"#0"}}},{"name":"octagon","from":[3.97596,-1.13434,-1.71488],"to":[12.02404,-0.48782,17.71488],"rotation":{"angle":45,"axis":"y","origin":[8,-1.05431,8]},"faces":{"north":{"uv":[0,0,1,1],"texture":"#0"},"east":{"uv":[0,0,1,1],"texture":"#0"},"south":{"uv":[0,0,1,1],"texture":"#0"},"west":{"uv":[0,0,1,1],"texture":"#0"},"up":{"uv":[0,0,1,1],"texture":"#0"},"down":{"uv":[0,0,1,1],"texture":"#0"}}},{"from":[2.6138,-2.2084,7.1916],"to":[3.4222,-0.5916,8],"faces":{"north":{"uv":[12,10,11,12],"texture":"#2"},"east":{"uv":[11,9,12,11],"texture":"#2"},"south":{"uv":[5,9,4,11],"texture":"#2"},"west":{"uv":[5,9,6,11],"texture":"#2"},"up":{"uv":[5,12,4,13],"texture":"#2"},"down":{"uv":[12,11,13,12],"texture":"#2"}}},{"from":[3.018,-1.8042,8.4042],"to":[4.2306,-1.4,10.4252],"faces":{"north":{"uv":[12,10,11,10],"texture":"#3"},"east":{"uv":[11,11,13,11],"texture":"#3"},"south":{"uv":[5,9,4,9],"texture":"#3"},"west":{"uv":[3,11,5,11],"texture":"#3"},"up":{"uv":[6,10,5,12],"texture":"#3"},"down":{"uv":[14,13,15,15],"texture":"#3"}}},{"from":[3.018,-3.8252,10.4252],"to":[4.2306,-1.8042,10.8294],"faces":{"north":{"uv":[13,11,12,13],"texture":"#3"},"east":{"uv":[12,12,12,14],"texture":"#3"},"south":{"uv":[3,9,2,11],"texture":"#3"},"west":{"uv":[4,10,4,12],"texture":"#3"},"up":{"uv":[7,11,6,11],"texture":"#3"},"down":{"uv":[12,9,13,9],"texture":"#3"}}},{"from":[3.018,-3.8252,8.4042],"to":[4.2306,-1.8042,10.4252],"faces":{"north":{"uv":[4,4,12,12],"texture":"#1"},"east":{"uv":[4,4,12,12],"texture":"#1"},"south":{"uv":[4,4,12,12],"texture":"#1"},"west":{"uv":[4,4,12,12],"texture":"#1"},"up":{"uv":[4,4,12,12],"texture":"#1"},"down":{"uv":[4,4,12,12],"texture":"#1"}}},{"from":[3.018,-4.2294,8.4042],"to":[4.2306,-3.8252,10.4252],"faces":{"north":{"uv":[13,12,12,12],"texture":"#3"},"east":{"uv":[14,12,16,12],"texture":"#3"},"south":{"uv":[5,13,4,13],"texture":"#3"},"west":{"uv":[2,10,4,10],"texture":"#3"},"up":{"uv":[8,10,7,12],"texture":"#3"},"down":{"uv":[15,10,16,12],"texture":"#3"}}},{"from":[3.018,-3.8252,8],"to":[4.2306,-1.8042,8.4042],"faces":{"north":{"uv":[12,12,13,14],"texture":"#3"},"east":{"uv":[1,11,1,13],"texture":"#3"},"south":{"uv":[3,10,4,12],"texture":"#3"},"west":{"uv":[12,9,12,11],"texture":"#3"},"up":{"uv":[7,11,8,11],"texture":"#3"},"down":{"uv":[10,10,9,10],"texture":"#3"}}},{"from":[3.018,-3.8252,6.7874],"to":[4.2306,-1.8042,7.1916],"faces":{"north":{"uv":[13,11,12,13],"texture":"#3"},"east":{"uv":[12,12,12,14],"texture":"#3"},"south":{"uv":[3,9,2,11],"texture":"#3"},"west":{"uv":[4,10,4,12],"texture":"#3"},"up":{"uv":[7,11,6,11],"texture":"#3"},"down":{"uv":[12,9,13,9],"texture":"#3"}}},{"from":[3.018,-1.8042,4.7664],"to":[4.2306,-1.4,6.7874],"faces":{"north":{"uv":[12,10,11,10],"texture":"#3"},"east":{"uv":[11,11,13,11],"texture":"#3"},"south":{"uv":[5,9,4,9],"texture":"#3"},"west":{"uv":[3,11,5,11],"texture":"#3"},"up":{"uv":[6,10,5,12],"texture":"#3"},"down":{"uv":[14,13,15,15],"texture":"#3"}}},{"from":[3.018,-3.8252,4.7664],"to":[4.2306,-1.8042,6.7874],"faces":{"north":{"uv":[4,4,12,12],"texture":"#1"},"east":{"uv":[4,4,12,12],"texture":"#1"},"south":{"uv":[5,5,11,11],"texture":"#1"},"west":{"uv":[4,4,12,12],"texture":"#1"},"up":{"uv":[4,4,12,12],"texture":"#1"},"down":{"uv":[4,4,12,12],"texture":"#1"}}},{"from":[3.018,-3.8252,4.3622],"to":[4.2306,-1.8042,4.7664],"faces":{"north":{"uv":[12,12,13,14],"texture":"#3"},"east":{"uv":[1,11,1,13],"texture":"#3"},"south":{"uv":[3,10,4,12],"texture":"#3"},"west":{"uv":[12,9,12,11],"texture":"#3"},"up":{"uv":[7,11,8,11],"texture":"#3"},"down":{"uv":[10,10,9,10],"texture":"#3"}}},{"from":[3.018,-4.2294,4.7664],"to":[4.2306,-3.8252,6.7874],"faces":{"north":{"uv":[13,12,12,12],"texture":"#3"},"east":{"uv":[14,12,16,12],"texture":"#3"},"south":{"uv":[5,13,4,13],"texture":"#3"},"west":{"uv":[2,10,4,10],"texture":"#3"},"up":{"uv":[8,10,7,12],"texture":"#3"},"down":{"uv":[15,10,16,12],"texture":"#3"}}},{"from":[2.6138,-3.421,5.5748],"to":[3.018,-2.2084,9.6168],"faces":{"north":{"uv":[14,11,14,12],"texture":"#2"},"east":{"uv":[12,11,16,12],"texture":"#2"},"south":{"uv":[2,12,2,13],"texture":"#2"},"west":{"uv":[4,10,8,11],"texture":"#2"},"up":{"uv":[2,10,2,14],"texture":"#2"},"down":{"uv":[13,10,13,14],"texture":"#2"}}},{"from":[0.89595,-4.73465,6.7874],"to":[3.32115,-3.92625,8.4042],"rotation":{"angle":45,"axis":"z","origin":[0.89595,-3.92625,6.7874]},"faces":{"north":{"uv":[5,2,7,3],"texture":"#2"},"east":{"uv":[3,2,5,3],"texture":"#2"},"south":{"uv":[3,3,5,4],"texture":"#2"},"west":{"uv":[3,3,5,4],"texture":"#2"},"up":{"uv":[2,2,4,4],"texture":"#2"},"down":{"uv":[3,1,5,3],"texture":"#2"}}},{"from":[0.5928,-4.6336,6.7874],"to":[1.8054,-3.8252,8.4042],"faces":{"north":{"uv":[11,9,12,10],"texture":"#2"},"east":{"uv":[2,10,4,11],"texture":"#2"},"south":{"uv":[4,9,5,10],"texture":"#2"},"west":{"uv":[10,9,12,10],"texture":"#2"},"up":{"uv":[4,11,5,13],"texture":"#2"},"down":{"uv":[11,10,10,12],"texture":"#2"}}},{"from":[0.997,-4.6336,5.979],"to":[2.2096,-4.2294,9.2126],"faces":{"north":{"uv":[13.2126,10,12,10.4042],"texture":"#2"},"east":{"uv":[9,9,12.2336,9.4042],"texture":"#2"},"south":{"uv":[3.2126,9,2,9.4042],"texture":"#2"},"west":{"uv":[3,9,6.2336,9.4042],"texture":"#2"},"up":{"uv":[5.2126,11,4,14.2336],"texture":"#2"},"down":{"uv":[12,10,13.2126,13.2336],"texture":"#2"}}},{"from":[0.997,-5.442,10.021],"to":[2.6138,-4.6336,10.4252],"faces":{"north":{"uv":[13,12,15,13],"texture":"#3"},"east":{"uv":[11,12,11,13],"texture":"#3"},"south":{"uv":[1,13,3,14],"texture":"#3"},"west":{"uv":[3,10,3,11],"texture":"#3"},"up":{"uv":[5,13,7,13],"texture":"#3"},"down":{"uv":[12,12,14,12],"texture":"#3"}}},{"from":[2.6138,-5.442,8.4042],"to":[3.018,-4.6336,10.021],"faces":{"north":{"uv":[9,10,9,11],"texture":"#3"},"east":{"uv":[9,12,11,13],"texture":"#3"},"south":{"uv":[3,12,3,13],"texture":"#3"},"west":{"uv":[2,9,4,10],"texture":"#3"},"up":{"uv":[7,12,7,14],"texture":"#3"},"down":{"uv":[12,11,12,13],"texture":"#3"}}},{"from":[0.5928,-5.442,8.4042],"to":[0.997,-4.6336,10.021],"faces":{"north":{"uv":[9,10,9,11],"texture":"#3"},"east":{"uv":[9,12,11,13],"texture":"#3"},"south":{"uv":[3,12,3,13],"texture":"#3"},"west":{"uv":[2,9,4,10],"texture":"#3"},"up":{"uv":[7,12,7,14],"texture":"#3"},"down":{"uv":[12,11,12,13],"texture":"#3"}}},{"from":[2.6138,-5.442,5.1706],"to":[3.018,-4.6336,6.7874],"faces":{"north":{"uv":[9,10,9,11],"texture":"#3"},"east":{"uv":[9,12,11,13],"texture":"#3"},"south":{"uv":[3,12,3,13],"texture":"#3"},"west":{"uv":[2,9,4,10],"texture":"#3"},"up":{"uv":[7,12,7,14],"texture":"#3"},"down":{"uv":[12,11,12,13],"texture":"#3"}}},{"from":[0.997,-5.442,5.1706],"to":[2.6138,-4.6336,6.7874],"faces":{"north":{"uv":[4,4,12,12],"texture":"#1"},"east":{"uv":[4,4,12,12],"texture":"#1"},"south":{"uv":[4,4,12,12],"texture":"#1"},"west":{"uv":[4,4,12,12],"texture":"#1"},"up":{"uv":[4,4,12,12],"texture":"#1"},"down":{"uv":[4,4,12,12],"texture":"#1"}}},{"from":[0.997,-5.442,8],"to":[2.6138,-4.6336,8.4042],"faces":{"north":{"uv":[16,16,16,16],"texture":"#3"},"east":{"uv":[0,16,0,16],"texture":"#3"},"south":{"uv":[0,16,0,16],"texture":"#3"},"west":{"uv":[16,16,16,16],"texture":"#3"},"up":{"uv":[0,16,0,16],"texture":"#3"},"down":{"uv":[16,16,16,16],"texture":"#3"}}},{"from":[0.997,-5.442,8.4042],"to":[2.6138,-4.6336,10.021],"faces":{"north":{"uv":[4,4,12,12],"texture":"#1"},"east":{"uv":[4,4,12,12],"texture":"#1"},"south":{"uv":[4,4,12,12],"texture":"#1"},"west":{"uv":[4,4,12,12],"texture":"#1"},"up":{"uv":[4,4,12,12],"texture":"#1"},"down":{"uv":[4,4,12,12],"texture":"#1"}}},{"from":[0.997,-5.8462,5.979],"to":[2.2096,-5.442,9.2126],"faces":{"north":{"uv":[1,3,2,3],"texture":"#2"},"east":{"uv":[2,2,5,2],"texture":"#2"},"south":{"uv":[3,2,4,2],"texture":"#2"},"west":{"uv":[2,2,5,2],"texture":"#2"},"up":{"uv":[2,1,3,4],"texture":"#2"},"down":{"uv":[3,3,4,6],"texture":"#2"}}},{"from":[0.5928,-5.8462,7.1916],"to":[0.997,-4.6336,8],"faces":{"north":{"uv":[9,9,9,10],"texture":"#2"},"east":{"uv":[6,10,7,11],"texture":"#2"},"south":{"uv":[3,7,3,8],"texture":"#2"},"west":{"uv":[11,9,12,10],"texture":"#2"},"up":{"uv":[7,9,7,10],"texture":"#2"},"down":{"uv":[6,9,6,10],"texture":"#2"}}},{"from":[0.5928,-5.442,5.1706],"to":[0.997,-4.6336,6.7874],"faces":{"north":{"uv":[9,10,9,11],"texture":"#3"},"east":{"uv":[9,12,11,13],"texture":"#3"},"south":{"uv":[3,12,3,13],"texture":"#3"},"west":{"uv":[2,9,4,10],"texture":"#3"},"up":{"uv":[7,12,7,14],"texture":"#3"},"down":{"uv":[12,11,12,13],"texture":"#3"}}},{"from":[0.997,-5.442,4.7664],"to":[2.6138,-4.6336,5.1706],"faces":{"north":{"uv":[13,12,15,13],"texture":"#3"},"east":{"uv":[11,12,11,13],"texture":"#3"},"south":{"uv":[1,13,3,14],"texture":"#3"},"west":{"uv":[3,10,3,11],"texture":"#3"},"up":{"uv":[5,13,7,13],"texture":"#3"},"down":{"uv":[12,12,14,12],"texture":"#3"}}},{"from":[0.997,-5.442,6.7874],"to":[2.6138,-4.6336,7.1916],"faces":{"north":{"uv":[13,12,15,13],"texture":"#3"},"east":{"uv":[11,12,11,13],"texture":"#3"},"south":{"uv":[1,13,3,14],"texture":"#3"},"west":{"uv":[3,10,3,11],"texture":"#3"},"up":{"uv":[5,13,7,13],"texture":"#3"},"down":{"uv":[12,12,14,12],"texture":"#3"}}},{"from":[12.5778,-2.2084,7.1916],"to":[13.3862,-0.5916,8],"faces":{"north":{"uv":[12,10,11,12],"texture":"#2"},"east":{"uv":[11,9,12,11],"texture":"#2"},"south":{"uv":[5,9,4,11],"texture":"#2"},"west":{"uv":[5,9,6,11],"texture":"#2"},"up":{"uv":[5,12,4,13],"texture":"#2"},"down":{"uv":[12,11,13,12],"texture":"#2"}}},{"from":[11.7694,-1.8042,8.4042],"to":[12.982,-1.4,10.4252],"faces":{"north":{"uv":[12,10,11,10],"texture":"#3"},"east":{"uv":[11,11,13,11],"texture":"#3"},"south":{"uv":[5,9,4,9],"texture":"#3"},"west":{"uv":[3,11,5,11],"texture":"#3"},"up":{"uv":[6,10,5,12],"texture":"#3"},"down":{"uv":[14,13,15,15],"texture":"#3"}}},{"from":[11.7694,-3.8252,10.4252],"to":[12.982,-1.8042,10.8294],"faces":{"north":{"uv":[13,11,12,13],"texture":"#3"},"east":{"uv":[12,12,12,14],"texture":"#3"},"south":{"uv":[3,9,2,11],"texture":"#3"},"west":{"uv":[4,10,4,12],"texture":"#3"},"up":{"uv":[7,11,6,11],"texture":"#3"},"down":{"uv":[12,9,13,9],"texture":"#3"}}},{"from":[11.7694,-3.8252,8.4042],"to":[12.982,-1.8042,10.4252],"faces":{"north":{"uv":[12,4,4,12],"texture":"#1"},"east":{"uv":[12,4,4,12],"texture":"#1"},"south":{"uv":[12,4,4,12],"texture":"#1"},"west":{"uv":[12,4,4,12],"texture":"#1"},"up":{"uv":[12,4,4,12],"texture":"#1"},"down":{"uv":[12,4,4,12],"texture":"#1"}}},{"from":[11.7694,-4.2294,8.4042],"to":[12.982,-3.8252,10.4252],"faces":{"north":{"uv":[13,12,12,12],"texture":"#3"},"east":{"uv":[14,12,16,12],"texture":"#3"},"south":{"uv":[5,13,4,13],"texture":"#3"},"west":{"uv":[2,10,4,10],"texture":"#3"},"up":{"uv":[8,10,7,12],"texture":"#3"},"down":{"uv":[15,10,16,12],"texture":"#3"}}},{"from":[11.7694,-3.8252,8],"to":[12.982,-1.8042,8.4042],"faces":{"north":{"uv":[12,12,13,14],"texture":"#3"},"east":{"uv":[1,11,1,13],"texture":"#3"},"south":{"uv":[3,10,4,12],"texture":"#3"},"west":{"uv":[12,9,12,11],"texture":"#3"},"up":{"uv":[7,11,8,11],"texture":"#3"},"down":{"uv":[10,10,9,10],"texture":"#3"}}},{"from":[11.7694,-3.8252,6.7874],"to":[12.982,-1.8042,7.1916],"faces":{"north":{"uv":[13,11,12,13],"texture":"#3"},"east":{"uv":[12,12,12,14],"texture":"#3"},"south":{"uv":[3,9,2,11],"texture":"#3"},"west":{"uv":[4,10,4,12],"texture":"#3"},"up":{"uv":[7,11,6,11],"texture":"#3"},"down":{"uv":[12,9,13,9],"texture":"#3"}}},{"from":[11.7694,-1.8042,4.7664],"to":[12.982,-1.4,6.7874],"faces":{"north":{"uv":[12,10,11,10],"texture":"#3"},"east":{"uv":[11,11,13,11],"texture":"#3"},"south":{"uv":[5,9,4,9],"texture":"#3"},"west":{"uv":[3,11,5,11],"texture":"#3"},"up":{"uv":[6,10,5,12],"texture":"#3"},"down":{"uv":[14,13,15,15],"texture":"#3"}}},{"from":[11.7694,-3.8252,4.7664],"to":[12.982,-1.8042,6.7874],"faces":{"north":{"uv":[12,4,4,12],"texture":"#1"},"east":{"uv":[12,4,4,12],"texture":"#1"},"south":{"uv":[11,5,5,11],"texture":"#1"},"west":{"uv":[12,4,4,12],"texture":"#1"},"up":{"uv":[12,4,4,12],"texture":"#1"},"down":{"uv":[12,4,4,12],"texture":"#1"}}},{"from":[11.7694,-3.8252,4.3622],"to":[12.982,-1.8042,4.7664],"faces":{"north":{"uv":[12,12,13,14],"texture":"#3"},"east":{"uv":[1,11,1,13],"texture":"#3"},"south":{"uv":[3,10,4,12],"texture":"#3"},"west":{"uv":[12,9,12,11],"texture":"#3"},"up":{"uv":[7,11,8,11],"texture":"#3"},"down":{"uv":[10,10,9,10],"texture":"#3"}}},{"from":[11.7694,-4.2294,4.7664],"to":[12.982,-3.8252,6.7874],"faces":{"north":{"uv":[13,12,12,12],"texture":"#3"},"east":{"uv":[14,12,16,12],"texture":"#3"},"south":{"uv":[5,13,4,13],"texture":"#3"},"west":{"uv":[2,10,4,10],"texture":"#3"},"up":{"uv":[8,10,7,12],"texture":"#3"},"down":{"uv":[15,10,16,12],"texture":"#3"}}},{"from":[12.982,-3.421,5.5748],"to":[13.3862,-2.2084,9.6168],"faces":{"north":{"uv":[14,11,14,12],"texture":"#2"},"east":{"uv":[12,11,16,12],"texture":"#2"},"south":{"uv":[2,12,2,13],"texture":"#2"},"west":{"uv":[4,10,8,11],"texture":"#2"},"up":{"uv":[2,10,2,14],"texture":"#2"},"down":{"uv":[13,10,13,14],"texture":"#2"}}},{"from":[12.67885,-4.73465,6.7874],"to":[15.10405,-3.92625,8.4042],"rotation":{"angle":-45,"axis":"z","origin":[15.10405,-3.92625,6.7874]},"faces":{"north":{"uv":[5,2,7,3],"texture":"#2"},"east":{"uv":[3,2,5,3],"texture":"#2"},"south":{"uv":[3,3,5,4],"texture":"#2"},"west":{"uv":[3,3,5,4],"texture":"#2"},"up":{"uv":[2,2,4,4],"texture":"#2"},"down":{"uv":[3,1,5,3],"texture":"#2"}}},{"from":[14.1946,-4.6336,6.7874],"to":[15.4072,-3.8252,8.4042],"faces":{"north":{"uv":[11,9,12,10],"texture":"#2"},"east":{"uv":[2,10,4,11],"texture":"#2"},"south":{"uv":[4,9,5,10],"texture":"#2"},"west":{"uv":[10,9,12,10],"texture":"#2"},"up":{"uv":[4,11,5,13],"texture":"#2"},"down":{"uv":[11,10,10,12],"texture":"#2"}}},{"from":[13.7904,-4.6336,5.979],"to":[15.003,-4.2294,9.2126],"faces":{"north":{"uv":[13.2126,10,12,10.4042],"texture":"#2"},"east":{"uv":[9,9,12.2336,9.4042],"texture":"#2"},"south":{"uv":[3.2126,9,2,9.4042],"texture":"#2"},"west":{"uv":[3,9,6.2336,9.4042],"texture":"#2"},"up":{"uv":[5.2126,11,4,14.2336],"texture":"#2"},"down":{"uv":[12,10,13.2126,13.2336],"texture":"#2"}}},{"from":[13.3862,-5.442,10.021],"to":[15.003,-4.6336,10.4252],"faces":{"north":{"uv":[13,12,15,13],"texture":"#3"},"east":{"uv":[11,12,11,13],"texture":"#3"},"south":{"uv":[1,13,3,14],"texture":"#3"},"west":{"uv":[3,10,3,11],"texture":"#3"},"up":{"uv":[5,13,7,13],"texture":"#3"},"down":{"uv":[12,12,14,12],"texture":"#3"}}},{"from":[12.982,-5.442,8.4042],"to":[13.3862,-4.6336,10.021],"faces":{"north":{"uv":[9,10,9,11],"texture":"#3"},"east":{"uv":[9,12,11,13],"texture":"#3"},"south":{"uv":[3,12,3,13],"texture":"#3"},"west":{"uv":[2,9,4,10],"texture":"#3"},"up":{"uv":[7,12,7,14],"texture":"#3"},"down":{"uv":[12,11,12,13],"texture":"#3"}}},{"from":[15.003,-5.442,8.4042],"to":[15.4072,-4.6336,10.021],"faces":{"north":{"uv":[9,10,9,11],"texture":"#3"},"east":{"uv":[9,12,11,13],"texture":"#3"},"south":{"uv":[3,12,3,13],"texture":"#3"},"west":{"uv":[2,9,4,10],"texture":"#3"},"up":{"uv":[7,12,7,14],"texture":"#3"},"down":{"uv":[12,11,12,13],"texture":"#3"}}},{"from":[12.982,-5.442,5.1706],"to":[13.3862,-4.6336,6.7874],"faces":{"north":{"uv":[9,10,9,11],"texture":"#3"},"east":{"uv":[9,12,11,13],"texture":"#3"},"south":{"uv":[3,12,3,13],"texture":"#3"},"west":{"uv":[2,9,4,10],"texture":"#3"},"up":{"uv":[7,12,7,14],"texture":"#3"},"down":{"uv":[12,11,12,13],"texture":"#3"}}},{"from":[13.3862,-5.442,5.1706],"to":[15.003,-4.6336,6.7874],"faces":{"north":{"uv":[12,4,4,12],"texture":"#1"},"east":{"uv":[12,4,4,12],"texture":"#1"},"south":{"uv":[12,4,4,12],"texture":"#1"},"west":{"uv":[12,4,4,12],"texture":"#1"},"up":{"uv":[12,4,4,12],"texture":"#1"},"down":{"uv":[12,4,4,12],"texture":"#1"}}},{"from":[13.3862,-5.442,8],"to":[15.003,-4.6336,8.4042],"faces":{"north":{"uv":[13,12,15,13],"texture":"#3"},"east":{"uv":[11,12,11,13],"texture":"#3"},"south":{"uv":[1,13,3,14],"texture":"#3"},"west":{"uv":[3,10,3,11],"texture":"#3"},"up":{"uv":[5,13,7,13],"texture":"#3"},"down":{"uv":[12,12,14,12],"texture":"#3"}}},{"from":[13.3862,-5.442,8.4042],"to":[15.003,-4.6336,10.021],"faces":{"north":{"uv":[12,4,4,12],"texture":"#1"},"east":{"uv":[12,4,4,12],"texture":"#1"},"south":{"uv":[12,4,4,12],"texture":"#1"},"west":{"uv":[12,4,4,12],"texture":"#1"},"up":{"uv":[12,4,4,12],"texture":"#1"},"down":{"uv":[12,4,4,12],"texture":"#1"}}},{"from":[13.7904,-5.8462,5.979],"to":[15.003,-5.442,9.2126],"faces":{"north":{"uv":[10.2126,10,9,10.4042],"texture":"#2"},"east":{"uv":[9,9,12.2336,9.4042],"texture":"#2"},"south":{"uv":[5.2126,8,4,8.4042],"texture":"#2"},"west":{"uv":[4,9,7.2336,9.4042],"texture":"#2"},"up":{"uv":[5.2126,9,4,12.2336],"texture":"#2"},"down":{"uv":[11,10,12.2126,13.2336],"texture":"#2"}}},{"from":[15.003,-5.8462,7.1916],"to":[15.4072,-4.6336,8],"faces":{"north":{"uv":[11,7,11,8],"texture":"#2"},"east":{"uv":[12,9,13,10],"texture":"#2"},"south":{"uv":[3,8,3,9],"texture":"#2"},"west":{"uv":[4,8,5,9],"texture":"#2"},"up":{"uv":[6,11,6,12],"texture":"#2"},"down":{"uv":[12,11,12,12],"texture":"#2"}}},{"from":[15.003,-5.442,5.1706],"to":[15.4072,-4.6336,6.7874],"faces":{"north":{"uv":[9,10,9,11],"texture":"#3"},"east":{"uv":[9,12,11,13],"texture":"#3"},"south":{"uv":[3,12,3,13],"texture":"#3"},"west":{"uv":[2,9,4,10],"texture":"#3"},"up":{"uv":[7,12,7,14],"texture":"#3"},"down":{"uv":[12,11,12,13],"texture":"#3"}}},{"from":[13.3862,-5.442,4.7664],"to":[15.003,-4.6336,5.1706],"faces":{"north":{"uv":[13,12,15,13],"texture":"#3"},"east":{"uv":[11,12,11,13],"texture":"#3"},"south":{"uv":[1,13,3,14],"texture":"#3"},"west":{"uv":[3,10,3,11],"texture":"#3"},"up":{"uv":[5,13,7,13],"texture":"#3"},"down":{"uv":[12,12,14,12],"texture":"#3"}}},{"from":[13.3862,-5.442,6.7874],"to":[15.003,-4.6336,7.1916],"faces":{"north":{"uv":[13,12,15,13],"texture":"#3"},"east":{"uv":[11,12,11,13],"texture":"#3"},"south":{"uv":[1,13,3,14],"texture":"#3"},"west":{"uv":[3,10,3,11],"texture":"#3"},"up":{"uv":[5,13,7,13],"texture":"#3"},"down":{"uv":[12,12,14,12],"texture":"#3"}}},{"name":"octagon","from":[0.2281,-0.54827,4.78077],"to":[15.7719,0.06294,11.21923],"rotation":{"angle":0,"axis":"y","origin":[8,-0.48424,8]},"faces":{"north":{"uv":[0,0,1,1],"texture":"#3"},"east":{"uv":[0,0,1,1],"texture":"#3"},"south":{"uv":[0,0,1,1],"texture":"#3"},"west":{"uv":[0,0,1,1],"texture":"#3"},"up":{"uv":[0,0,1,1],"texture":"#3"},"down":{"uv":[0,0,1,1],"texture":"#3"}}},{"name":"octagon","from":[0.2281,-0.54827,4.78077],"to":[15.7719,0.06294,11.21923],"rotation":{"angle":45,"axis":"y","origin":[8,-0.48424,8]},"faces":{"north":{"uv":[0,0,1,1],"texture":"#3"},"east":{"uv":[0,0,1,1],"texture":"#3"},"south":{"uv":[0,0,1,1],"texture":"#3"},"west":{"uv":[0,0,1,1],"texture":"#3"},"up":{"uv":[0,0,1,1],"texture":"#3"},"down":{"uv":[0,0,1,1],"texture":"#3"}}},{"name":"octagon","from":[4.78077,-0.54827,0.2281],"to":[11.21923,0.06294,15.7719],"rotation":{"angle":0,"axis":"y","origin":[8,-0.48424,8]},"faces":{"north":{"uv":[0,0,1,1],"texture":"#3"},"east":{"uv":[0,0,1,1],"texture":"#3"},"south":{"uv":[0,0,1,1],"texture":"#3"},"west":{"uv":[0,0,1,1],"texture":"#3"},"up":{"uv":[0,0,1,1],"texture":"#3"},"down":{"uv":[0,0,1,1],"texture":"#3"}}},{"name":"octagon","from":[4.78077,-0.54827,0.2281],"to":[11.21923,0.06294,15.7719],"rotation":{"angle":45,"axis":"y","origin":[8,-0.48424,8]},"faces":{"north":{"uv":[0,0,1,1],"texture":"#3"},"east":{"uv":[0,0,1,1],"texture":"#3"},"south":{"uv":[0,0,1,1],"texture":"#3"},"west":{"uv":[0,0,1,1],"texture":"#3"},"up":{"uv":[0,0,1,1],"texture":"#3"},"down":{"uv":[0,0,1,1],"texture":"#3"}}},{"name":"octagon","from":[0.2281,-1.32377,4.78077],"to":[15.7719,-0.71256,11.21923],"rotation":{"angle":45,"axis":"y","origin":[8,-1.25974,8]},"faces":{"north":{"uv":[0,0,1,1],"texture":"#2"},"east":{"uv":[0,0,1,1],"texture":"#2"},"south":{"uv":[0,0,1,1],"texture":"#2"},"west":{"uv":[0,0,1,1],"texture":"#2"},"up":{"uv":[0,0,1,1],"texture":"#2"},"down":{"uv":[0,0,1,1],"texture":"#2"}}},{"name":"octagon","from":[0.2281,-1.32377,4.78077],"to":[15.7719,-0.71256,11.21923],"rotation":{"angle":0,"axis":"y","origin":[8,-1.25974,8]},"faces":{"north":{"uv":[0,0,1,1],"texture":"#2"},"east":{"uv":[0,0,1,1],"texture":"#2"},"south":{"uv":[0,0,1,1],"texture":"#2"},"west":{"uv":[0,0,1,1],"texture":"#2"},"up":{"uv":[0,0,1,1],"texture":"#2"},"down":{"uv":[0,0,1,1],"texture":"#2"}}},{"name":"octagon","from":[4.78077,-1.32377,0.2281],"to":[11.21923,-0.71256,15.7719],"rotation":{"angle":45,"axis":"y","origin":[8,-1.25974,8]},"faces":{"north":{"uv":[0,0,1,1],"texture":"#2"},"east":{"uv":[0,0,1,1],"texture":"#2"},"south":{"uv":[0,0,1,1],"texture":"#2"},"west":{"uv":[0,0,1,1],"texture":"#2"},"up":{"uv":[0,0,1,1],"texture":"#2"},"down":{"uv":[0,0,1,1],"texture":"#2"}}},{"name":"octagon","from":[4.78077,-1.32377,0.2281],"to":[11.21923,-0.71256,15.7719],"rotation":{"angle":0,"axis":"y","origin":[8,-1.25974,8]},"faces":{"north":{"uv":[0,0,1,1],"texture":"#2"},"east":{"uv":[0,0,1,1],"texture":"#2"},"south":{"uv":[0,0,1,1],"texture":"#2"},"west":{"uv":[0,0,1,1],"texture":"#2"},"up":{"uv":[0,0,1,1],"texture":"#2"},"down":{"uv":[0,0,1,1],"texture":"#2"}}}],"display":{"gui":{"rotation":[30,-135,0],"translation":[0,5,0],"scale":[0.6,0.6,0.6]},"head":{"translation":[0,15.5,0],"scale":[3,3,3]}},"credit":"Model by Craftventure"}