{"textures":{"6":"block/light_gray_concrete_powder","7":"block/snow","8":"block/ice","texture":"block/yellow_concrete","anvil":"block/anvil","cauldron_inner":"block/cauldron_inner","particle":"block/red_concrete","concretered":"block/red_concrete","concretewhite":"block/white_concrete"},"elements":[{"from":[1.5,4.75,-5],"to":[14.5,8.75,-4],"faces":{"north":{"uv":[0,0,13,4],"texture":"#texture"},"east":{"uv":[0,0,1,4],"texture":"#texture"},"south":{"uv":[0,0,13,4],"texture":"#texture"},"west":{"uv":[0,0,1,4],"texture":"#texture"},"up":{"uv":[0,0,13,1],"texture":"#texture"},"down":{"uv":[0,0,13,1],"texture":"#texture"}}},{"from":[-6.56663,3,1.55837],"to":[-4.56663,6,14.55837],"faces":{"north":{"uv":[0,0,2,3],"texture":"#anvil"},"east":{"uv":[0,0,13,3],"texture":"#anvil"},"south":{"uv":[0,0,2,3],"texture":"#anvil"},"west":{"uv":[0,0,13,3],"texture":"#anvil"},"up":{"uv":[0,0,2,13],"texture":"#anvil"},"down":{"uv":[0,0,2,13],"texture":"#anvil"}}},{"from":[-5,4.75,1.5],"to":[-4,8.75,14.5],"faces":{"north":{"uv":[0,0,1,4],"texture":"#texture"},"east":{"uv":[0,0,13,4],"texture":"#texture"},"south":{"uv":[0,0,1,4],"texture":"#texture"},"west":{"uv":[0,0,13,4],"texture":"#texture"},"up":{"uv":[0,0,1,13],"texture":"#texture"},"down":{"uv":[0,0,1,13],"texture":"#texture"}}},{"from":[1.5651,3,-6.57335],"to":[14.5651,6,-4.57335],"faces":{"north":{"uv":[0,0,13,3],"texture":"#anvil"},"east":{"uv":[0,0,2,3],"texture":"#anvil"},"south":{"uv":[0,0,13,3],"texture":"#anvil"},"west":{"uv":[0,0,2,3],"texture":"#anvil"},"up":{"uv":[0,0,13,2],"texture":"#anvil"},"down":{"uv":[0,0,13,2],"texture":"#anvil"}}},{"from":[20.60844,3,1.46999],"to":[22.60844,6,14.34499],"faces":{"north":{"uv":[0,0,2,3],"texture":"#anvil"},"east":{"uv":[0,0,12.875,3],"texture":"#anvil"},"south":{"uv":[0,0,2,3],"texture":"#anvil"},"west":{"uv":[0,0,12.875,3],"texture":"#anvil"},"up":{"uv":[0,0,2,12.875],"texture":"#anvil"},"down":{"uv":[0,0,2,12.875],"texture":"#anvil"}}},{"from":[12.9375,3.001,21.0625],"to":[24.5625,6.001,23.0625],"rotation":{"angle":45,"axis":"y","origin":[13.0625,3.001,21.0625]},"faces":{"north":{"uv":[0,0,11.625,3],"texture":"#anvil"},"east":{"uv":[0,0,2,3],"texture":"#anvil"},"south":{"uv":[0,0,11.625,3],"texture":"#anvil"},"west":{"uv":[0,0,2,3],"texture":"#anvil"},"up":{"uv":[0,0,11.625,2],"texture":"#anvil"},"down":{"uv":[0,0,11.625,2],"texture":"#anvil"}}},{"from":[1.5,4.75,20],"to":[14.5,8.75,21],"faces":{"north":{"uv":[0,0,13,4],"texture":"#texture"},"east":{"uv":[0,0,1,4],"texture":"#texture"},"south":{"uv":[0,0,13,4],"texture":"#texture"},"west":{"uv":[0,0,1,4],"texture":"#texture"},"up":{"uv":[0,0,13,1],"texture":"#texture"},"down":{"uv":[0,0,13,1],"texture":"#texture"}}},{"from":[15,4.75,2.5],"to":[20,5.75,7],"faces":{"north":{"uv":[0,0,5,1],"texture":"#cauldron_inner"},"east":{"uv":[0,0,4.5,1],"texture":"#cauldron_inner"},"south":{"uv":[0,0,5,1],"texture":"#cauldron_inner"},"west":{"uv":[0,0,4.5,1],"texture":"#cauldron_inner"},"up":{"uv":[0,0,5,4.5],"texture":"#cauldron_inner"},"down":{"uv":[0,0,5,4.5],"texture":"#cauldron_inner"}}},{"from":[9,4.75,15],"to":[13.5,5.75,20],"faces":{"north":{"uv":[0,0,4.5,1],"texture":"#cauldron_inner"},"east":{"uv":[0,0,5,1],"texture":"#cauldron_inner"},"south":{"uv":[0,0,4.5,1],"texture":"#cauldron_inner"},"west":{"uv":[0,0,5,1],"texture":"#cauldron_inner"},"up":{"uv":[0,0,4.5,5],"texture":"#cauldron_inner"},"down":{"uv":[0,0,4.5,5],"texture":"#cauldron_inner"}}},{"from":[9,6.25,-4.5],"to":[13.5,10.25,-3.5],"faces":{"north":{"uv":[0,0,4.5,4],"texture":"#cauldron_inner"},"east":{"uv":[0,0,1,4],"texture":"#cauldron_inner"},"south":{"uv":[0,0,4.5,4],"texture":"#cauldron_inner"},"west":{"uv":[0,0,1,4],"texture":"#cauldron_inner"},"up":{"uv":[0,0,4.5,1],"texture":"#cauldron_inner"},"down":{"uv":[0,0,4.5,1],"texture":"#cauldron_inner"}}},{"from":[2.5,6.25,-4.5],"to":[7,10.25,-3.5],"faces":{"north":{"uv":[0,0,4.5,4],"texture":"#cauldron_inner"},"east":{"uv":[0,0,1,4],"texture":"#cauldron_inner"},"south":{"uv":[0,0,4.5,4],"texture":"#cauldron_inner"},"west":{"uv":[0,0,1,4],"texture":"#cauldron_inner"},"up":{"uv":[0,0,4.5,1],"texture":"#cauldron_inner"},"down":{"uv":[0,0,4.5,1],"texture":"#cauldron_inner"}}},{"from":[13.79289,4.75,20.29289],"to":[15.29289,8.75,21.29289],"rotation":{"angle":45,"axis":"y","origin":[13.79289,4.75,20.29289]},"faces":{"north":{"uv":[0,0,1.5,4],"texture":"#texture"},"east":{"uv":[0,0,1,4],"texture":"#texture"},"south":{"uv":[0,0,1.5,4],"texture":"#texture"},"west":{"uv":[0,0,1,4],"texture":"#texture"},"up":{"uv":[0,0,1.5,1],"texture":"#texture"},"down":{"uv":[0,0,1.5,1],"texture":"#texture"}}},{"from":[1.14645,4.75,19.23223],"to":[2.64645,8.75,20.23223],"rotation":{"angle":-45,"axis":"y","origin":[1.14645,4.75,19.23223]},"faces":{"north":{"uv":[0,0,1.5,4],"texture":"#texture"},"east":{"uv":[0,0,1,4],"texture":"#texture"},"south":{"uv":[0,0,1.5,4],"texture":"#texture"},"west":{"uv":[0,0,1,4],"texture":"#texture"},"up":{"uv":[0,0,1.5,1],"texture":"#texture"},"down":{"uv":[0,0,1.5,1],"texture":"#texture"}}},{"from":[14.5,4.75,-5],"to":[16,8.75,-4],"rotation":{"angle":-45,"axis":"y","origin":[14.5,4.75,-5]},"faces":{"north":{"uv":[0,0,1.5,4],"texture":"#texture"},"east":{"uv":[0,0,1,4],"texture":"#texture"},"south":{"uv":[0,0,1.5,4],"texture":"#texture"},"west":{"uv":[0,0,1,4],"texture":"#texture"},"up":{"uv":[0,0,1.5,1],"texture":"#texture"},"down":{"uv":[0,0,1.5,1],"texture":"#texture"}}},{"from":[20,4.75,1.5],"to":[21,8.75,14.5],"faces":{"north":{"uv":[0,0,1,4],"texture":"#texture"},"east":{"uv":[0,0,13,4],"texture":"#texture"},"south":{"uv":[0,0,1,4],"texture":"#texture"},"west":{"uv":[0,0,13,4],"texture":"#texture"},"up":{"uv":[0,0,1,13],"texture":"#texture"},"down":{"uv":[0,0,1,13],"texture":"#texture"}}},{"from":[-5,4.75,14.5],"to":[-4,8.75,16],"rotation":{"angle":45,"axis":"y","origin":[-5,4.75,14.5]},"faces":{"north":{"uv":[0,0,1,4],"texture":"#texture"},"east":{"uv":[0,0,1.5,4],"texture":"#texture"},"south":{"uv":[0,0,1,4],"texture":"#texture"},"west":{"uv":[0,0,1.5,4],"texture":"#texture"},"up":{"uv":[0,0,1,1.5],"texture":"#texture"},"down":{"uv":[0,0,1,1.5],"texture":"#texture"}}},{"from":[-3.93934,4.75,0.43934],"to":[-2.93934,8.75,1.93934],"rotation":{"angle":-45,"axis":"y","origin":[-3.93934,4.75,0.43934]},"faces":{"north":{"uv":[0,0,1,4],"texture":"#texture"},"east":{"uv":[0,0,1.5,4],"texture":"#texture"},"south":{"uv":[0,0,1,4],"texture":"#texture"},"west":{"uv":[0,0,1.5,4],"texture":"#texture"},"up":{"uv":[0,0,1,1.5],"texture":"#texture"},"down":{"uv":[0,0,1,1.5],"texture":"#texture"}}},{"from":[20.29289,4.75,13.79289],"to":[21.29289,8.75,15.29289],"rotation":{"angle":-45,"axis":"y","origin":[20.29289,4.75,13.79289]},"faces":{"north":{"uv":[0,0,1,4],"texture":"#texture"},"east":{"uv":[0,0,1.5,4],"texture":"#texture"},"south":{"uv":[0,0,1,4],"texture":"#texture"},"west":{"uv":[0,0,1.5,4],"texture":"#texture"},"up":{"uv":[0,0,1,1.5],"texture":"#texture"},"down":{"uv":[0,0,1,1.5],"texture":"#texture"}}},{"from":[0.43934,4.75,-3.93934],"to":[1.93934,8.75,-2.93934],"rotation":{"angle":45,"axis":"y","origin":[0.43934,4.75,-3.93934]},"faces":{"north":{"uv":[0,0,1.5,4],"texture":"#texture"},"east":{"uv":[0,0,1,4],"texture":"#texture"},"south":{"uv":[0,0,1.5,4],"texture":"#texture"},"west":{"uv":[0,0,1,4],"texture":"#texture"},"up":{"uv":[0,0,1.5,1],"texture":"#texture"},"down":{"uv":[0,0,1.5,1],"texture":"#texture"}}},{"from":[19.23223,4.75,1.14645],"to":[20.23223,8.75,2.64645],"rotation":{"angle":45,"axis":"y","origin":[19.23223,4.75,1.14645]},"faces":{"north":{"uv":[0,0,1,4],"texture":"#texture"},"east":{"uv":[0,0,1.5,4],"texture":"#texture"},"south":{"uv":[0,0,1,4],"texture":"#texture"},"west":{"uv":[0,0,1.5,4],"texture":"#texture"},"up":{"uv":[0,0,1,1.5],"texture":"#texture"},"down":{"uv":[0,0,1,1.5],"texture":"#texture"}}},{"from":[1.42368,3,20.54868],"to":[14.39868,6,22.54868],"faces":{"north":{"uv":[0,0,12.975,3],"texture":"#anvil"},"east":{"uv":[0,0,2,3],"texture":"#anvil"},"south":{"uv":[0,0,12.975,3],"texture":"#anvil"},"west":{"uv":[0,0,2,3],"texture":"#anvil"},"up":{"uv":[0,0,12.975,2],"texture":"#anvil"},"down":{"uv":[0,0,12.975,2],"texture":"#anvil"}}},{"from":[-5.15241,3.001,13.14416],"to":[6.14759,6.001,15.14416],"rotation":{"angle":-45,"axis":"y","origin":[-5.15241,3.001,13.14416]},"faces":{"north":{"uv":[0,0,11.3,3],"texture":"#anvil"},"east":{"uv":[0,0,2,3],"texture":"#anvil"},"south":{"uv":[0,0,11.3,3],"texture":"#anvil"},"west":{"uv":[0,0,2,3],"texture":"#anvil"},"up":{"uv":[0,0,11.3,2],"texture":"#anvil"},"down":{"uv":[0,0,11.3,2],"texture":"#anvil"}}},{"from":[14.5651,3.001,-6.57335],"to":[25.9401,6.001,-4.57335],"rotation":{"angle":-45,"axis":"y","origin":[14.5651,3.001,-6.57335]},"faces":{"north":{"uv":[0,0,11.375,3],"texture":"#anvil"},"east":{"uv":[0,0,2,3],"texture":"#anvil"},"south":{"uv":[0,0,11.375,3],"texture":"#anvil"},"west":{"uv":[0,0,2,3],"texture":"#anvil"},"up":{"uv":[0,0,11.375,2],"texture":"#anvil"},"down":{"uv":[0,0,11.375,2],"texture":"#anvil"}}},{"from":[-6.56663,3.001,1.55837],"to":[4.93337,6.001,3.55837],"rotation":{"angle":45,"axis":"y","origin":[-6.56663,3.001,1.55837]},"faces":{"north":{"uv":[0,0,11.5,3],"texture":"#anvil"},"east":{"uv":[0,0,2,3],"texture":"#anvil"},"south":{"uv":[0,0,11.5,3],"texture":"#anvil"},"west":{"uv":[0,0,2,3],"texture":"#anvil"},"up":{"uv":[0,0,11.5,2],"texture":"#anvil"},"down":{"uv":[0,0,11.5,2],"texture":"#anvil"}}},{"from":[15.5,1.75,2.5],"to":[20,5.25,16.75],"faces":{"north":{"uv":[0,0,4.5,3.5],"texture":"#texture"},"east":{"uv":[0,0,11,3.5],"texture":"#texture"},"south":{"uv":[0,0,4.5,3.5],"texture":"#texture"},"west":{"uv":[0,0,11,3.5],"texture":"#texture"},"up":{"uv":[0,0,4.5,11],"texture":"#texture"},"down":{"uv":[0,0,4.5,11],"texture":"#texture"}}},{"from":[2.5,1.25,15.5],"to":[15.5,5.25,20],"faces":{"north":{"uv":[0,0,11,4],"texture":"#texture"},"east":{"uv":[0,0,4.5,4],"texture":"#texture"},"south":{"uv":[0,0,11,4],"texture":"#texture"},"west":{"uv":[0,0,4.5,4],"texture":"#texture"},"up":{"uv":[0,0,11,4.5],"texture":"#texture"},"down":{"uv":[0,0,11,4.5],"texture":"#texture"}}},{"from":[12.5875,4.575,20.6875],"to":[19.4375,6.075,22.1875],"rotation":{"angle":45,"axis":"y","origin":[10.6875,4.575,18.1875]},"faces":{"north":{"uv":[0,0,10.5,1.5],"texture":"#texture"},"east":{"uv":[0,0,4,1.5],"texture":"#texture"},"south":{"uv":[0,0,10.5,1.5],"texture":"#texture"},"west":{"uv":[0,0,4,1.5],"texture":"#texture"},"up":{"uv":[0,0,10.5,4],"texture":"#texture"},"down":{"uv":[0,0,10.5,4],"texture":"#texture"}}},{"from":[9.6875,2.575,16.6875],"to":[20.1875,4.575,22.1875],"rotation":{"angle":45,"axis":"y","origin":[9.6875,2.575,16.6875]},"faces":{"north":{"uv":[0,0,10.5,2],"texture":"#texture"},"east":{"uv":[0,0,2,2],"texture":"#texture"},"south":{"uv":[0,0,10.5,2],"texture":"#texture"},"west":{"uv":[0,0,2,2],"texture":"#texture"},"up":{"uv":[0,0,10.5,2],"texture":"#texture"},"down":{"uv":[0,0,10.5,2],"texture":"#texture"}}},{"from":[9,4.75,-4],"to":[13.5,5.75,1],"faces":{"north":{"uv":[0,0,4.5,1],"texture":"#cauldron_inner"},"east":{"uv":[0,0,5,1],"texture":"#cauldron_inner"},"south":{"uv":[0,0,4.5,1],"texture":"#cauldron_inner"},"west":{"uv":[0,0,5,1],"texture":"#cauldron_inner"},"up":{"uv":[0,0,4.5,5],"texture":"#cauldron_inner"},"down":{"uv":[0,0,4.5,5],"texture":"#cauldron_inner"}}},{"from":[2.5,4.75,15],"to":[7,5.75,20],"faces":{"north":{"uv":[0,0,4.5,1],"texture":"#cauldron_inner"},"east":{"uv":[0,0,5,1],"texture":"#cauldron_inner"},"south":{"uv":[0,0,4.5,1],"texture":"#cauldron_inner"},"west":{"uv":[0,0,5,1],"texture":"#cauldron_inner"},"up":{"uv":[0,0,4.5,5],"texture":"#cauldron_inner"},"down":{"uv":[0,0,4.5,5],"texture":"#cauldron_inner"}}},{"from":[9,6.25,19.5],"to":[13.5,10.25,20.5],"faces":{"north":{"uv":[0,0,4.5,4],"texture":"#cauldron_inner"},"east":{"uv":[0,0,1,4],"texture":"#cauldron_inner"},"south":{"uv":[0,0,4.5,4],"texture":"#cauldron_inner"},"west":{"uv":[0,0,1,4],"texture":"#cauldron_inner"},"up":{"uv":[0,0,4.5,1],"texture":"#cauldron_inner"},"down":{"uv":[0,0,4.5,1],"texture":"#cauldron_inner"}}},{"from":[2.5,6.25,19.5],"to":[7,10.25,20.5],"faces":{"north":{"uv":[0,0,4.5,4],"texture":"#cauldron_inner"},"east":{"uv":[0,0,1,4],"texture":"#cauldron_inner"},"south":{"uv":[0,0,4.5,4],"texture":"#cauldron_inner"},"west":{"uv":[0,0,1,4],"texture":"#cauldron_inner"},"up":{"uv":[0,0,4.5,1],"texture":"#cauldron_inner"},"down":{"uv":[0,0,4.5,1],"texture":"#cauldron_inner"}}},{"from":[2.5,4.75,-4],"to":[7,5.75,1],"faces":{"north":{"uv":[0,0,4.5,1],"texture":"#cauldron_inner"},"east":{"uv":[0,0,5,1],"texture":"#cauldron_inner"},"south":{"uv":[0,0,4.5,1],"texture":"#cauldron_inner"},"west":{"uv":[0,0,5,1],"texture":"#cauldron_inner"},"up":{"uv":[0,0,4.5,5],"texture":"#cauldron_inner"},"down":{"uv":[0,0,4.5,5],"texture":"#cauldron_inner"}}},{"from":[-4,4.75,9],"to":[1,5.75,13.5],"faces":{"north":{"uv":[0,0,5,1],"texture":"#cauldron_inner"},"east":{"uv":[0,0,4.5,1],"texture":"#cauldron_inner"},"south":{"uv":[0,0,5,1],"texture":"#cauldron_inner"},"west":{"uv":[0,0,4.5,1],"texture":"#cauldron_inner"},"up":{"uv":[0,0,5,4.5],"texture":"#cauldron_inner"},"down":{"uv":[0,0,5,4.5],"texture":"#cauldron_inner"}}},{"from":[-4.5,6.25,9],"to":[-3.5,10.25,13.5],"faces":{"north":{"uv":[0,0,1,4],"texture":"#cauldron_inner"},"east":{"uv":[0,0,4.5,4],"texture":"#cauldron_inner"},"south":{"uv":[0,0,1,4],"texture":"#cauldron_inner"},"west":{"uv":[0,0,4.5,4],"texture":"#cauldron_inner"},"up":{"uv":[0,0,1,4.5],"texture":"#cauldron_inner"},"down":{"uv":[0,0,1,4.5],"texture":"#cauldron_inner"}}},{"from":[-4.5,6.25,2.5],"to":[-3.5,10.25,7],"faces":{"north":{"uv":[0,0,1,4],"texture":"#cauldron_inner"},"east":{"uv":[0,0,4.5,4],"texture":"#cauldron_inner"},"south":{"uv":[0,0,1,4],"texture":"#cauldron_inner"},"west":{"uv":[0,0,4.5,4],"texture":"#cauldron_inner"},"up":{"uv":[0,0,1,4.5],"texture":"#cauldron_inner"},"down":{"uv":[0,0,1,4.5],"texture":"#cauldron_inner"}}},{"from":[-4,4.75,2.5],"to":[1,5.75,7],"faces":{"north":{"uv":[0,0,5,1],"texture":"#cauldron_inner"},"east":{"uv":[0,0,4.5,1],"texture":"#cauldron_inner"},"south":{"uv":[0,0,5,1],"texture":"#cauldron_inner"},"west":{"uv":[0,0,4.5,1],"texture":"#cauldron_inner"},"up":{"uv":[0,0,5,4.5],"texture":"#cauldron_inner"},"down":{"uv":[0,0,5,4.5],"texture":"#cauldron_inner"}}},{"from":[15,4.75,9],"to":[20,5.75,13.5],"faces":{"north":{"uv":[0,0,5,1],"texture":"#cauldron_inner"},"east":{"uv":[0,0,4.5,1],"texture":"#cauldron_inner"},"south":{"uv":[0,0,5,1],"texture":"#cauldron_inner"},"west":{"uv":[0,0,4.5,1],"texture":"#cauldron_inner"},"up":{"uv":[0,0,5,4.5],"texture":"#cauldron_inner"},"down":{"uv":[0,0,5,4.5],"texture":"#cauldron_inner"}}},{"from":[19.5,6.25,2.5],"to":[20.5,10.25,7],"faces":{"north":{"uv":[0,0,1,4],"texture":"#cauldron_inner"},"east":{"uv":[0,0,4.5,4],"texture":"#cauldron_inner"},"south":{"uv":[0,0,1,4],"texture":"#cauldron_inner"},"west":{"uv":[0,0,4.5,4],"texture":"#cauldron_inner"},"up":{"uv":[0,0,1,4.5],"texture":"#cauldron_inner"},"down":{"uv":[0,0,1,4.5],"texture":"#cauldron_inner"}}},{"from":[19.5,6.25,9],"to":[20.5,10.25,13.5],"faces":{"north":{"uv":[0,0,1,4],"texture":"#cauldron_inner"},"east":{"uv":[0,0,4.5,4],"texture":"#cauldron_inner"},"south":{"uv":[0,0,1,4],"texture":"#cauldron_inner"},"west":{"uv":[0,0,4.5,4],"texture":"#cauldron_inner"},"up":{"uv":[0,0,1,4.5],"texture":"#cauldron_inner"},"down":{"uv":[0,0,1,4.5],"texture":"#cauldron_inner"}}},{"from":[0.5,2.25,0.5],"to":[15.5,2.75,15.5],"faces":{"north":{"uv":[0,12.5,15.5,13],"texture":"#6"},"east":{"uv":[0.5,12.5,15.5,13],"texture":"#6"},"south":{"uv":[0.5,12.5,16,13],"texture":"#6"},"west":{"uv":[0.5,12.5,15.5,13],"texture":"#6"},"up":{"uv":[1,1,15,15],"texture":"#6"},"down":{"uv":[1,1,15,15],"texture":"#6"}}},{"from":[-7.66204,2.001,1.07396],"to":[4.70276,5.101,3.22436],"rotation":{"angle":45,"axis":"y","origin":[-7.66204,2.101,1.07396]},"faces":{"north":{"uv":[0,0,12.3648,3.1],"texture":"#anvil"},"east":{"uv":[0,0,2.1504,3.1],"texture":"#anvil"},"south":{"uv":[0,0,12.3648,3.1],"texture":"#anvil"},"west":{"uv":[0,0,2.1504,3.1],"texture":"#anvil"},"up":{"uv":[0,0,12.3648,2.1504],"texture":"#anvil"},"down":{"uv":[0,0,12.3648,2.1504],"texture":"#anvil"}}},{"from":[-7.66204,2,1.07396],"to":[-5.51164,5.1,15.05156],"faces":{"north":{"uv":[0,0,2.1504,3.1],"texture":"#anvil"},"east":{"uv":[0,0,13.9776,3.1],"texture":"#anvil"},"south":{"uv":[0,0,2.1504,3.1],"texture":"#anvil"},"west":{"uv":[0,0,13.9776,3.1],"texture":"#anvil"},"up":{"uv":[0,0,2.1504,13.9776],"texture":"#anvil"},"down":{"uv":[0,0,2.1504,13.9776],"texture":"#anvil"}}},{"from":[-6.14147,2.001,13.531],"to":[6.00829,5.101,15.6814],"rotation":{"angle":-45,"axis":"y","origin":[-6.14147,2.101,13.531]},"faces":{"north":{"uv":[0,0,12.14976,3.1],"texture":"#anvil"},"east":{"uv":[0,0,2.1504,3.1],"texture":"#anvil"},"south":{"uv":[0,0,12.14976,3.1],"texture":"#anvil"},"west":{"uv":[0,0,2.1504,3.1],"texture":"#anvil"},"up":{"uv":[0,0,12.14976,2.1504],"texture":"#anvil"},"down":{"uv":[0,0,12.14976,2.1504],"texture":"#anvil"}}},{"from":[0.92914,2,21.49234],"to":[14.87986,5.1,23.64274],"faces":{"north":{"uv":[0,0,13.95072,3.1],"texture":"#anvil"},"east":{"uv":[0,0,2.1504,3.1],"texture":"#anvil"},"south":{"uv":[0,0,13.95072,3.1],"texture":"#anvil"},"west":{"uv":[0,0,2.1504,3.1],"texture":"#anvil"},"up":{"uv":[0,0,13.95072,2.1504],"texture":"#anvil"},"down":{"uv":[0,0,13.95072,2.1504],"texture":"#anvil"}}},{"from":[13.3088,2.001,22.0448],"to":[25.808,5.101,24.1952],"rotation":{"angle":45,"axis":"y","origin":[13.4432,2.101,22.0448]},"faces":{"north":{"uv":[0,0,12.4992,3.1],"texture":"#anvil"},"east":{"uv":[0,0,2.1504,3.1],"texture":"#anvil"},"south":{"uv":[0,0,12.4992,3.1],"texture":"#anvil"},"west":{"uv":[0,0,2.1504,3.1],"texture":"#anvil"},"up":{"uv":[0,0,12.4992,2.1504],"texture":"#anvil"},"down":{"uv":[0,0,12.4992,2.1504],"texture":"#anvil"}}},{"from":[21.5566,2,0.97893],"to":[23.707,5.1,14.82213],"faces":{"north":{"uv":[0,0,2.1504,3.1],"texture":"#anvil"},"east":{"uv":[0,0,13.8432,3.1],"texture":"#anvil"},"south":{"uv":[0,0,2.1504,3.1],"texture":"#anvil"},"west":{"uv":[0,0,13.8432,3.1],"texture":"#anvil"},"up":{"uv":[0,0,2.1504,13.8432],"texture":"#anvil"},"down":{"uv":[0,0,2.1504,13.8432],"texture":"#anvil"}}},{"from":[15.0588,2.001,-7.66927],"to":[27.2892,5.101,-5.51887],"rotation":{"angle":-45,"axis":"y","origin":[15.0588,2.101,-7.66927]},"faces":{"north":{"uv":[0,0,12.2304,3.1],"texture":"#anvil"},"east":{"uv":[0,0,2.1504,3.1],"texture":"#anvil"},"south":{"uv":[0,0,12.2304,3.1],"texture":"#anvil"},"west":{"uv":[0,0,2.1504,3.1],"texture":"#anvil"},"up":{"uv":[0,0,12.2304,2.1504],"texture":"#anvil"},"down":{"uv":[0,0,12.2304,2.1504],"texture":"#anvil"}}},{"from":[1.0812,2,-7.66927],"to":[15.0588,5.1,-5.51887],"faces":{"north":{"uv":[0,0,13.9776,3.1],"texture":"#anvil"},"east":{"uv":[0,0,2.1504,3.1],"texture":"#anvil"},"south":{"uv":[0,0,13.9776,3.1],"texture":"#anvil"},"west":{"uv":[0,0,2.1504,3.1],"texture":"#anvil"},"up":{"uv":[0,0,13.9776,2.1504],"texture":"#anvil"},"down":{"uv":[0,0,13.9776,2.1504],"texture":"#anvil"}}},{"from":[14.5651,1.201,-6.57335],"to":[25.9401,2.101,0.12665],"rotation":{"angle":-45,"axis":"y","origin":[14.5651,1.201,-6.57335]},"faces":{"north":{"uv":[0,0,11.375,0.9],"texture":"#anvil"},"east":{"uv":[0,0,6.7,0.9],"texture":"#anvil"},"south":{"uv":[0,0,11.375,0.9],"texture":"#anvil"},"west":{"uv":[0,0,6.7,0.9],"texture":"#anvil"},"up":{"uv":[0,0,11.375,6.7],"texture":"#anvil"},"down":{"uv":[0,0,11.375,6.7],"texture":"#anvil"}}},{"from":[1.5651,1.2,-6.57335],"to":[14.5651,2.1,-4.57335],"faces":{"north":{"uv":[0,0,13,3],"texture":"#anvil"},"east":{"uv":[0,0,2,3],"texture":"#anvil"},"south":{"uv":[0,0,13,3],"texture":"#anvil"},"west":{"uv":[0,0,2,3],"texture":"#anvil"},"up":{"uv":[0,0,13,2],"texture":"#anvil"},"down":{"uv":[0,0,13,2],"texture":"#anvil"}}},{"from":[-6.56663,1.201,1.55837],"to":[4.93337,2.101,7.45837],"rotation":{"angle":45,"axis":"y","origin":[-6.56663,1.201,1.55837]},"faces":{"north":{"uv":[0,0,11.5,0.9],"texture":"#anvil"},"east":{"uv":[0,0,5.9,0.9],"texture":"#anvil"},"south":{"uv":[0,0,11.5,0.9],"texture":"#anvil"},"west":{"uv":[0,0,5.9,0.9],"texture":"#anvil"},"up":{"uv":[0,0,11.5,5.9],"texture":"#anvil"},"down":{"uv":[0,0,11.5,5.9],"texture":"#anvil"}}},{"from":[-6.56663,1.2,1.55837],"to":[-4.26663,2.1,14.55837],"faces":{"north":{"uv":[0,0,2.3,0.9],"texture":"#anvil"},"east":{"uv":[0,0,13,0.9],"texture":"#anvil"},"south":{"uv":[0,0,2.3,0.9],"texture":"#anvil"},"west":{"uv":[0,0,13,0.9],"texture":"#anvil"},"up":{"uv":[0,0,2.3,13],"texture":"#anvil"},"down":{"uv":[0,0,2.3,13],"texture":"#anvil"}}},{"from":[-5.15241,1.201,9.14416],"to":[6.14759,2.101,15.14416],"rotation":{"angle":-45,"axis":"y","origin":[-5.15241,1.201,13.14416]},"faces":{"north":{"uv":[0,0,11.3,0.9],"texture":"#anvil"},"east":{"uv":[0,0,6,0.9],"texture":"#anvil"},"south":{"uv":[0,0,11.3,0.9],"texture":"#anvil"},"west":{"uv":[0,0,6,0.9],"texture":"#anvil"},"up":{"uv":[0,0,11.3,6],"texture":"#anvil"},"down":{"uv":[0,0,11.3,6],"texture":"#anvil"}}},{"from":[1.42368,1.2,-4.65132],"to":[14.39868,2.1,22.54868],"faces":{"north":{"uv":[0,0,12.975,0.9],"texture":"#anvil"},"east":{"uv":[0,0,16,0.9],"texture":"#anvil"},"south":{"uv":[0,0,12.975,0.9],"texture":"#anvil"},"west":{"uv":[0,0,16,0.9],"texture":"#anvil"},"up":{"uv":[0,0,12.975,16],"texture":"#anvil"},"down":{"uv":[0,0,12.975,16],"texture":"#anvil"}}},{"from":[12.9375,1.201,16.6625],"to":[24.5625,2.101,23.0625],"rotation":{"angle":45,"axis":"y","origin":[13.0625,1.201,21.0625]},"faces":{"north":{"uv":[0,0,11.625,0.9],"texture":"#anvil"},"east":{"uv":[0,0,6.4,0.9],"texture":"#anvil"},"south":{"uv":[0,0,11.625,0.9],"texture":"#anvil"},"west":{"uv":[0,0,6.4,0.9],"texture":"#anvil"},"up":{"uv":[0,0,11.625,6.4],"texture":"#anvil"},"down":{"uv":[0,0,11.625,6.4],"texture":"#anvil"}}},{"from":[-4.39156,1.202,1.46999],"to":[22.60844,2.102,14.34499],"faces":{"north":{"uv":[0,0,16,0.9],"texture":"#anvil"},"east":{"uv":[0,0,12.875,0.9],"texture":"#anvil"},"south":{"uv":[0,0,16,0.9],"texture":"#anvil"},"west":{"uv":[0,0,12.875,0.9],"texture":"#anvil"},"up":{"uv":[0,0,16,12.875],"texture":"#anvil"},"down":{"uv":[0,0,16,12.875],"texture":"#anvil"}}},{"from":[-6.39636,2.925,13.63069],"to":[5.97239,4.225,15.81985],"rotation":{"angle":-45,"axis":"y","origin":[-6.39636,3.025,13.63069]},"faces":{"north":{"uv":[0,0,12.14976,1.1],"texture":"#anvil"},"east":{"uv":[0,0,2.1504,1.1],"texture":"#anvil"},"south":{"uv":[0,0,12.14976,1.1],"texture":"#anvil"},"west":{"uv":[0,0,2.1504,1.1],"texture":"#anvil"},"up":{"uv":[0,0,12.14976,2.1504],"texture":"#anvil"},"down":{"uv":[0,0,12.14976,2.1504],"texture":"#anvil"}}},{"from":[0.80169,2.925,21.73552],"to":[15.00386,4.225,23.92469],"faces":{"north":{"uv":[0,0,13.95072,1.1],"texture":"#anvil"},"east":{"uv":[0,0,2.1504,1.1],"texture":"#anvil"},"south":{"uv":[0,0,13.95072,1.1],"texture":"#anvil"},"west":{"uv":[0,0,2.1504,1.1],"texture":"#anvil"},"up":{"uv":[0,0,13.95072,2.1504],"texture":"#anvil"},"down":{"uv":[0,0,13.95072,2.1504],"texture":"#anvil"}}},{"from":[13.40448,2.925,22.29795],"to":[26.12897,4.225,24.4871],"rotation":{"angle":45,"axis":"y","origin":[13.54131,3.025,22.29795]},"faces":{"north":{"uv":[0,0,12.4992,1.1],"texture":"#anvil"},"east":{"uv":[0,0,2.1504,1.1],"texture":"#anvil"},"south":{"uv":[0,0,12.4992,1.1],"texture":"#anvil"},"west":{"uv":[0,0,2.1504,1.1],"texture":"#anvil"},"up":{"uv":[0,0,12.4992,2.1504],"texture":"#anvil"},"down":{"uv":[0,0,12.4992,2.1504],"texture":"#anvil"}}},{"from":[21.80094,2.925,0.85238],"to":[23.9901,4.225,14.94509],"faces":{"north":{"uv":[0,0,2.1504,1.1],"texture":"#anvil"},"east":{"uv":[0,0,13.8432,1.1],"texture":"#anvil"},"south":{"uv":[0,0,2.1504,1.1],"texture":"#anvil"},"west":{"uv":[0,0,13.8432,1.1],"texture":"#anvil"},"up":{"uv":[0,0,2.1504,13.8432],"texture":"#anvil"},"down":{"uv":[0,0,2.1504,13.8432],"texture":"#anvil"}}},{"from":[15.18603,2.925,-7.9517],"to":[27.63687,4.225,-5.76253],"rotation":{"angle":-45,"axis":"y","origin":[15.18603,3.025,-7.9517]},"faces":{"north":{"uv":[0,0,12.2304,1.1],"texture":"#anvil"},"east":{"uv":[0,0,2.1504,1.1],"texture":"#anvil"},"south":{"uv":[0,0,12.2304,1.1],"texture":"#anvil"},"west":{"uv":[0,0,2.1504,1.1],"texture":"#anvil"},"up":{"uv":[0,0,12.2304,2.1504],"texture":"#anvil"},"down":{"uv":[0,0,12.2304,2.1504],"texture":"#anvil"}}},{"from":[0.9565,2.925,-7.9517],"to":[15.18603,4.225,-5.76253],"faces":{"north":{"uv":[0,0,13.9776,1.1],"texture":"#anvil"},"east":{"uv":[0,0,2.1504,1.1],"texture":"#anvil"},"south":{"uv":[0,0,13.9776,1.1],"texture":"#anvil"},"west":{"uv":[0,0,2.1504,1.1],"texture":"#anvil"},"up":{"uv":[0,0,13.9776,2.1504],"texture":"#anvil"},"down":{"uv":[0,0,13.9776,2.1504],"texture":"#anvil"}}},{"from":[-7.94433,2.925,0.94913],"to":[4.64333,4.225,3.13829],"rotation":{"angle":45,"axis":"y","origin":[-7.94433,3.025,0.94913]},"faces":{"north":{"uv":[0,0,12.3648,1.1],"texture":"#anvil"},"east":{"uv":[0,0,2.1504,1.1],"texture":"#anvil"},"south":{"uv":[0,0,12.3648,1.1],"texture":"#anvil"},"west":{"uv":[0,0,2.1504,1.1],"texture":"#anvil"},"up":{"uv":[0,0,12.3648,2.1504],"texture":"#anvil"},"down":{"uv":[0,0,12.3648,2.1504],"texture":"#anvil"}}},{"from":[-7.94433,2.925,0.94913],"to":[-5.75517,4.225,15.17866],"faces":{"north":{"uv":[0,0,2.1504,1.1],"texture":"#anvil"},"east":{"uv":[0,0,13.9776,1.1],"texture":"#anvil"},"south":{"uv":[0,0,2.1504,1.1],"texture":"#anvil"},"west":{"uv":[0,0,13.9776,1.1],"texture":"#anvil"},"up":{"uv":[0,0,2.1504,13.9776],"texture":"#anvil"},"down":{"uv":[0,0,2.1504,13.9776],"texture":"#anvil"}}},{"from":[-3.4375,4.575,-6.1875],"to":[3.4125,6.075,-4.6875],"rotation":{"angle":45,"axis":"y","origin":[5.3125,4.575,-2.1875]},"faces":{"north":{"uv":[0,0,10.5,1.5],"texture":"#texture"},"east":{"uv":[0,0,4,1.5],"texture":"#texture"},"south":{"uv":[0,0,10.5,1.5],"texture":"#texture"},"west":{"uv":[0,0,4,1.5],"texture":"#texture"},"up":{"uv":[10.5,4,0,0],"texture":"#texture"},"down":{"uv":[10.5,4,0,0],"texture":"#texture"}}},{"from":[-4,1.75,-1],"to":[0.5,5.25,13.5],"faces":{"north":{"uv":[0,0,4.5,3.5],"texture":"#texture"},"east":{"uv":[0,0,11,3.5],"texture":"#texture"},"south":{"uv":[0,0,4.5,3.5],"texture":"#texture"},"west":{"uv":[0,0,11,3.5],"texture":"#texture"},"up":{"uv":[4.5,11,0,0],"texture":"#texture"},"down":{"uv":[4.5,11,0,0],"texture":"#texture"}}},{"from":[0.5,1.25,-4],"to":[13.5,5.25,0.5],"faces":{"north":{"uv":[0,0,11,4],"texture":"#texture"},"east":{"uv":[0,0,4.5,4],"texture":"#texture"},"south":{"uv":[0,0,11,4],"texture":"#texture"},"west":{"uv":[0,0,4.5,4],"texture":"#texture"},"up":{"uv":[11,4.5,0,0],"texture":"#texture"},"down":{"uv":[11,4.5,0,0],"texture":"#texture"}}},{"from":[-4.1875,2.575,-6.1875],"to":[6.3125,4.575,-0.6875],"rotation":{"angle":45,"axis":"y","origin":[6.3125,2.575,-0.6875]},"faces":{"north":{"uv":[0,0,10.5,2],"texture":"#texture"},"east":{"uv":[0,0,2,2],"texture":"#texture"},"south":{"uv":[0,0,10.5,2],"texture":"#texture"},"west":{"uv":[0,0,2,2],"texture":"#texture"},"up":{"uv":[10.5,2,0,0],"texture":"#texture"},"down":{"uv":[10.5,2,0,0],"texture":"#texture"}}},{"from":[15.5,1.75,-1],"to":[20,5.25,13.5],"faces":{"north":{"uv":[4.5,0,0,3.5],"texture":"#texture"},"east":{"uv":[11,0,0,3.5],"texture":"#texture"},"south":{"uv":[4.5,0,0,3.5],"texture":"#texture"},"west":{"uv":[11,0,0,3.5],"texture":"#texture"},"up":{"uv":[0,11,4.5,0],"texture":"#texture"},"down":{"uv":[0,11,4.5,0],"texture":"#texture"}}},{"from":[12.5875,4.575,-6.1875],"to":[19.4375,6.075,-4.6875],"rotation":{"angle":-45,"axis":"y","origin":[10.6875,4.575,-2.1875]},"faces":{"north":{"uv":[10.5,0,0,1.5],"texture":"#texture"},"east":{"uv":[4,0,0,1.5],"texture":"#texture"},"south":{"uv":[10.5,0,0,1.5],"texture":"#texture"},"west":{"uv":[4,0,0,1.5],"texture":"#texture"},"up":{"uv":[0,4,10.5,0],"texture":"#texture"},"down":{"uv":[0,4,10.5,0],"texture":"#texture"}}},{"from":[2.5,1.25,-4],"to":[15.5,5.25,0.5],"faces":{"north":{"uv":[11,0,0,4],"texture":"#texture"},"east":{"uv":[4.5,0,0,4],"texture":"#texture"},"south":{"uv":[11,0,0,4],"texture":"#texture"},"west":{"uv":[4.5,0,0,4],"texture":"#texture"},"up":{"uv":[0,4.5,11,0],"texture":"#texture"},"down":{"uv":[0,4.5,11,0],"texture":"#texture"}}},{"from":[9.6875,2.575,-6.1875],"to":[20.1875,4.575,-0.6875],"rotation":{"angle":-45,"axis":"y","origin":[9.6875,2.575,-0.6875]},"faces":{"north":{"uv":[10.5,0,0,2],"texture":"#texture"},"east":{"uv":[2,0,0,2],"texture":"#texture"},"south":{"uv":[10.5,0,0,2],"texture":"#texture"},"west":{"uv":[2,0,0,2],"texture":"#texture"},"up":{"uv":[0,2,10.5,0],"texture":"#texture"},"down":{"uv":[0,2,10.5,0],"texture":"#texture"}}},{"from":[0.5,1.25,15.5],"to":[13.5,5.25,20],"faces":{"north":{"uv":[11,0,0,4],"texture":"#texture"},"east":{"uv":[4.5,0,0,4],"texture":"#texture"},"south":{"uv":[11,0,0,4],"texture":"#texture"},"west":{"uv":[4.5,0,0,4],"texture":"#texture"},"up":{"uv":[11,0,0,4.5],"texture":"#texture"},"down":{"uv":[11,0,0,4.5],"texture":"#texture"}}},{"from":[-4.1875,2.575,16.6875],"to":[6.3125,4.575,22.1875],"rotation":{"angle":-45,"axis":"y","origin":[6.3125,2.575,16.6875]},"faces":{"north":{"uv":[10.5,0,0,2],"texture":"#texture"},"east":{"uv":[2,0,0,2],"texture":"#texture"},"south":{"uv":[10.5,0,0,2],"texture":"#texture"},"west":{"uv":[2,0,0,2],"texture":"#texture"},"up":{"uv":[10.5,0,0,2],"texture":"#texture"},"down":{"uv":[10.5,0,0,2],"texture":"#texture"}}},{"from":[-4,1.75,2.5],"to":[0.5,5.25,17],"faces":{"north":{"uv":[4.5,0,0,3.5],"texture":"#texture"},"east":{"uv":[11,0,0,3.5],"texture":"#texture"},"south":{"uv":[4.5,0,0,3.5],"texture":"#texture"},"west":{"uv":[11,0,0,3.5],"texture":"#texture"},"up":{"uv":[4.5,0,0,11],"texture":"#texture"},"down":{"uv":[4.5,0,0,11],"texture":"#texture"}}},{"from":[-3.4375,4.575,20.6875],"to":[3.4125,6.075,22.1875],"rotation":{"angle":-45,"axis":"y","origin":[5.3125,4.575,18.1875]},"faces":{"north":{"uv":[10.5,0,0,1.5],"texture":"#texture"},"east":{"uv":[4,0,0,1.5],"texture":"#texture"},"south":{"uv":[10.5,0,0,1.5],"texture":"#texture"},"west":{"uv":[4,0,0,1.5],"texture":"#texture"},"up":{"uv":[10.5,0,0,4],"texture":"#texture"},"down":{"uv":[10.5,0,0,4],"texture":"#texture"}}},{"from":[-5.38082,8.12726,13.67875],"to":[-3.99632,9.62075,14.18824],"faces":{"north":{"uv":[4,3,7.5,6.1211],"rotation":180,"texture":"#7"},"east":{"uv":[3,5,5.6211,8.1211],"rotation":270,"texture":"#7"},"south":{"uv":[0,0,1.5,1.12132],"texture":"#7"},"west":{"uv":[0,0,3.62109,4.12109],"rotation":90,"texture":"#7"},"up":{"uv":[4,3,8.5,9.6211],"rotation":90,"texture":"#7"},"down":{"uv":[0,0,1.5,0.62132],"texture":"#7"}}},{"from":[-5.29882,9.21376,12.98175],"to":[-4.25332,9.53875,13.69624],"faces":{"north":{"uv":[6,4,10.6211,8.1211],"rotation":270,"texture":"#7"},"east":{"uv":[0,0,0.62132,1.12132],"rotation":270,"texture":"#7"},"south":{"uv":[0,0,1.5,1.12132],"texture":"#7"},"west":{"uv":[0,0,3.62109,4.12109],"rotation":90,"texture":"#7"},"up":{"uv":[0,0,4.5,6.6211],"rotation":90,"texture":"#7"},"down":{"uv":[0,0,1.5,0.62132],"texture":"#7"}}},{"from":[-5.38082,8.61926,13.18675],"to":[-3.99632,9.45675,13.69624],"faces":{"north":{"uv":[0,0,1.5,1.12132],"rotation":180,"texture":"#7"},"east":{"uv":[3,5,5.6211,8.1211],"rotation":270,"texture":"#7"},"south":{"uv":[0,0,1.5,1.12132],"texture":"#7"},"west":{"uv":[0,0,3.62109,4.12109],"rotation":90,"texture":"#7"},"up":{"uv":[4,3,8.5,9.6211],"rotation":90,"texture":"#7"},"down":{"uv":[0,0,1.5,0.62132],"texture":"#7"}}},{"from":[-5.38082,8.45526,12.69475],"to":[-4.17132,9.37475,13.20424],"faces":{"north":{"uv":[0,0,1.5,1.12132],"rotation":180,"texture":"#7"},"east":{"uv":[0,0,0.62132,1.12132],"rotation":270,"texture":"#7"},"south":{"uv":[0,0,1.5,1.12132],"texture":"#7"},"west":{"uv":[0,0,3.62109,4.12109],"rotation":90,"texture":"#7"},"up":{"uv":[0,0,4.5,6.6211],"rotation":90,"texture":"#7"},"down":{"uv":[0,0,1.5,0.62132],"texture":"#7"}}},{"from":[-5.38082,8.59876,12.32575],"to":[-4.17132,9.49775,12.69174],"faces":{"north":{"uv":[6,4,10.6211,8.1211],"rotation":270,"texture":"#7"},"east":{"uv":[0,0,0.62132,1.12132],"rotation":270,"texture":"#7"},"south":{"uv":[0,0,1.5,1.12132],"texture":"#7"},"west":{"uv":[0,0,3.62109,4.12109],"rotation":90,"texture":"#7"},"up":{"uv":[0,0,4.5,6.6211],"rotation":90,"texture":"#7"},"down":{"uv":[0,0,1.5,0.62132],"texture":"#7"}}},{"from":[-5.29882,9.04976,12.07975],"to":[-4.25332,9.33375,12.44574],"faces":{"north":{"uv":[6,4,10.6211,8.1211],"rotation":270,"texture":"#7"},"east":{"uv":[0,0,0.62132,1.12132],"rotation":270,"texture":"#7"},"south":{"uv":[0,0,1.5,1.12132],"texture":"#7"},"west":{"uv":[0,0,3.62109,4.12109],"rotation":90,"texture":"#7"},"up":{"uv":[0,0,4.5,6.6211],"rotation":90,"texture":"#7"},"down":{"uv":[0,0,1.5,0.62132],"texture":"#7"}}},{"from":[-5.38082,8.25026,11.95675],"to":[-4.17132,9.08775,12.32274],"faces":{"north":{"uv":[5,4,9.5,9.1211],"rotation":180,"texture":"#7"},"east":{"uv":[0,0,0.62132,1.12132],"rotation":270,"texture":"#7"},"south":{"uv":[0,0,1.5,1.12132],"texture":"#7"},"west":{"uv":[0,0,3.62109,4.12109],"rotation":90,"texture":"#7"},"up":{"uv":[0,0,4.5,6.6211],"rotation":90,"texture":"#7"},"down":{"uv":[0,0,1.5,0.62132],"texture":"#7"}}},{"from":[-5.46853,8.45432,12.35772],"to":[-5.33159,9.31734,12.70906],"faces":{"north":{"uv":[0,0,1.5,1.12132],"rotation":180,"texture":"#7"},"east":{"uv":[0,0,0.62132,1.12132],"rotation":270,"texture":"#7"},"south":{"uv":[0,0,1.5,1.12132],"texture":"#7"},"west":{"uv":[0,0,3.62109,4.12109],"rotation":90,"texture":"#7"},"up":{"uv":[0,0,4.5,6.6211],"rotation":90,"texture":"#7"},"down":{"uv":[0,0,1.5,0.62132],"texture":"#7"}}},{"from":[-5.46853,8.11976,12.00348],"to":[-5.33159,8.92374,12.35482],"faces":{"north":{"uv":[0,0,1.5,1.12132],"rotation":180,"texture":"#7"},"east":{"uv":[0,0,0.62132,1.12132],"rotation":270,"texture":"#7"},"south":{"uv":[0,0,1.5,1.12132],"texture":"#7"},"west":{"uv":[0,0,3.62109,4.12109],"rotation":90,"texture":"#7"},"up":{"uv":[0,0,4.5,6.6211],"rotation":90,"texture":"#7"},"down":{"uv":[0,0,1.5,0.62132],"texture":"#7"}}},{"from":[-5.46853,8.31656,12.71196],"to":[-5.33159,9.19926,13.20106],"faces":{"north":{"uv":[0,0,1.5,1.12132],"rotation":180,"texture":"#7"},"east":{"uv":[0,0,0.62132,1.12132],"rotation":270,"texture":"#7"},"south":{"uv":[0,0,1.5,1.12132],"texture":"#7"},"west":{"uv":[0,0,3.62109,4.12109],"rotation":90,"texture":"#7"},"up":{"uv":[0,0,4.5,6.6211],"rotation":90,"texture":"#7"},"down":{"uv":[0,0,1.5,0.62132],"texture":"#7"}}},{"from":[-5.46853,8.474,13.18428],"to":[-5.33159,9.27798,13.67338],"faces":{"north":{"uv":[0,0,1.5,1.12132],"rotation":180,"texture":"#7"},"east":{"uv":[0,0,0.62132,1.12132],"rotation":270,"texture":"#7"},"south":{"uv":[0,0,1.5,1.12132],"texture":"#7"},"west":{"uv":[0,0,3.62109,4.12109],"rotation":90,"texture":"#7"},"up":{"uv":[0,0,4.5,6.6211],"rotation":90,"texture":"#7"},"down":{"uv":[0,0,1.5,0.62132],"texture":"#7"}}},{"from":[-5.46853,8.00168,13.6566],"to":[-5.33159,9.43542,14.1457],"faces":{"north":{"uv":[0,0,1.5,1.12132],"rotation":180,"texture":"#7"},"east":{"uv":[0,0,0.62132,1.12132],"rotation":270,"texture":"#7"},"south":{"uv":[0,0,1.5,1.12132],"texture":"#7"},"west":{"uv":[0,0,3.62109,4.12109],"rotation":90,"texture":"#7"},"up":{"uv":[0,0,4.5,6.6211],"rotation":90,"texture":"#7"},"down":{"uv":[0,0,1.5,0.62132],"texture":"#7"}}},{"from":[-5.46853,7.60808,14.12892],"to":[-5.33159,9.3567,14.38186],"faces":{"north":{"uv":[0,0,1.5,1.12132],"rotation":180,"texture":"#7"},"east":{"uv":[0,0,0.62132,1.12132],"rotation":270,"texture":"#7"},"south":{"uv":[0,0,1.5,1.12132],"texture":"#7"},"west":{"uv":[0,0,3.62109,4.12109],"rotation":90,"texture":"#7"},"up":{"uv":[0,0,4.5,6.6211],"rotation":90,"texture":"#7"},"down":{"uv":[0,0,1.5,0.62132],"texture":"#7"}}},{"from":[-5.38082,7.71726,14.17075],"to":[-4.17132,9.53875,14.43424],"faces":{"north":{"uv":[0,0,1.5,1.12132],"rotation":180,"texture":"#7"},"east":{"uv":[0,0,0.62132,1.12132],"rotation":270,"texture":"#7"},"south":{"uv":[4,3,8.5,9.1211],"texture":"#7"},"west":{"uv":[0,0,3.62109,4.12109],"rotation":90,"texture":"#7"},"up":{"uv":[0,0,4.5,6.6211],"rotation":90,"texture":"#7"},"down":{"uv":[0,0,1.5,0.62132],"texture":"#7"}}},{"from":[-5.31932,6.97926,14.19125],"to":[-4.21232,8.80075,14.37274],"faces":{"north":{"uv":[0,0,1.5,1.12132],"rotation":180,"texture":"#8"},"east":{"uv":[0,0,0.62132,1.12132],"rotation":270,"texture":"#8"},"south":{"uv":[0,0,1.5,1.12132],"texture":"#8"},"west":{"uv":[0,0,3.62109,4.12109],"rotation":90,"texture":"#8"},"up":{"uv":[0,0,4.5,6.6211],"rotation":90,"texture":"#8"},"down":{"uv":[0,0,1.5,0.62132],"texture":"#8"}}},{"from":[-5.31932,6.24126,13.67875],"to":[-4.21232,8.88275,14.18824],"faces":{"north":{"uv":[0,0,1.5,1.12132],"rotation":180,"texture":"#8"},"east":{"uv":[0,0,0.62132,1.12132],"rotation":270,"texture":"#8"},"south":{"uv":[0,0,1.5,1.12132],"texture":"#8"},"west":{"uv":[0,0,3.62109,4.12109],"rotation":90,"texture":"#8"},"up":{"uv":[0,0,4.5,6.6211],"rotation":90,"texture":"#8"},"down":{"uv":[0,0,1.5,0.62132],"texture":"#8"}}},{"from":[-5.31932,7.22526,13.18675],"to":[-4.21232,8.71875,13.67574],"faces":{"north":{"uv":[0,0,1.5,1.12132],"rotation":180,"texture":"#8"},"east":{"uv":[0,0,0.62132,1.12132],"rotation":270,"texture":"#8"},"south":{"uv":[0,0,1.5,1.12132],"texture":"#8"},"west":{"uv":[8,3,11.6211,7.1211],"rotation":90,"texture":"#8"},"up":{"uv":[0,0,4.5,6.6211],"rotation":90,"texture":"#8"},"down":{"uv":[0,0,1.5,0.62132],"texture":"#8"}}},{"from":[-5.31932,7.71726,12.71525],"to":[-4.21232,8.63675,13.18374],"faces":{"north":{"uv":[0,0,1.5,1.12132],"rotation":180,"texture":"#8"},"east":{"uv":[0,0,0.62132,1.12132],"rotation":270,"texture":"#8"},"south":{"uv":[0,0,1.5,1.12132],"texture":"#8"},"west":{"uv":[0,0,3.62109,4.12109],"rotation":90,"texture":"#8"},"up":{"uv":[0,0,4.5,6.6211],"rotation":90,"texture":"#8"},"down":{"uv":[0,0,1.5,0.62132],"texture":"#8"}}},{"from":[-5.31932,6.79476,12.32575],"to":[-4.21232,8.67775,12.71224],"faces":{"north":{"uv":[0,0,1.5,1.12132],"rotation":180,"texture":"#8"},"east":{"uv":[0,0,0.62132,1.12132],"rotation":270,"texture":"#8"},"south":{"uv":[0,0,1.5,1.12132],"texture":"#8"},"west":{"uv":[1,6,4.62109,10.1211],"rotation":90,"texture":"#8"},"up":{"uv":[0,0,4.5,6.6211],"rotation":90,"texture":"#8"},"down":{"uv":[0,0,1.5,0.62132],"texture":"#8"}}},{"from":[-5.31932,7.43026,11.95675],"to":[-4.21232,8.26775,12.32274],"faces":{"north":{"uv":[0,0,1.5,1.12132],"rotation":180,"texture":"#8"},"east":{"uv":[0,0,0.62132,1.12132],"rotation":270,"texture":"#8"},"south":{"uv":[0,0,1.5,1.12132],"texture":"#8"},"west":{"uv":[4,5,7.6211,9.1211],"rotation":90,"texture":"#8"},"up":{"uv":[0,0,4.5,6.6211],"rotation":90,"texture":"#8"},"down":{"uv":[0,0,1.5,0.62132],"texture":"#8"}}},{"from":[-4.77406,8.12726,13.75042],"to":[-3.48956,9.62075,14.25991],"rotation":{"angle":45,"axis":"y","origin":[-3.98519,8.55845,14.76933]},"faces":{"north":{"uv":[0,0,1.5,1.12132],"texture":"#7"},"east":{"uv":[0,0,3.62109,4.12109],"rotation":90,"texture":"#7"},"south":{"uv":[5,5,8.5,8.1211],"rotation":180,"texture":"#7"},"west":{"uv":[3,5,5.6211,8.1211],"rotation":270,"texture":"#7"},"up":{"uv":[4,3,8.5,9.6211],"rotation":270,"texture":"#7"},"down":{"uv":[0,0,1.5,0.62132],"rotation":180,"texture":"#7"}}},{"from":[-4.69206,9.21376,14.24242],"to":[-3.57156,9.53875,14.95691],"rotation":{"angle":45,"axis":"y","origin":[-3.98519,8.55845,14.76933]},"faces":{"north":{"uv":[0,0,1.5,1.12132],"texture":"#7"},"east":{"uv":[0,0,3.62109,4.12109],"rotation":90,"texture":"#7"},"south":{"uv":[6,4,10.6211,8.1211],"rotation":270,"texture":"#7"},"west":{"uv":[0,0,0.62132,1.12132],"rotation":270,"texture":"#7"},"up":{"uv":[3,5,5.6211,8.1211],"rotation":270,"texture":"#7"},"down":{"uv":[0,0,1.5,0.62132],"rotation":180,"texture":"#7"}}},{"from":[-4.77406,8.61926,14.24242],"to":[-3.48956,9.45675,14.75191],"rotation":{"angle":45,"axis":"y","origin":[-3.98519,8.55845,14.76933]},"faces":{"north":{"uv":[0,0,1.5,1.12132],"texture":"#7"},"east":{"uv":[0,0,3.62109,4.12109],"rotation":90,"texture":"#7"},"south":{"uv":[0,0,1.5,1.12132],"rotation":180,"texture":"#7"},"west":{"uv":[0,0,0.62132,1.12132],"rotation":270,"texture":"#7"},"up":{"uv":[4,3,8.5,9.6211],"rotation":270,"texture":"#7"},"down":{"uv":[0,0,1.5,0.62132],"rotation":180,"texture":"#7"}}},{"from":[-4.77406,8.45526,14.73442],"to":[-3.48956,9.37475,15.24391],"rotation":{"angle":45,"axis":"y","origin":[-3.98519,8.55845,14.76933]},"faces":{"north":{"uv":[0,0,1.5,1.12132],"texture":"#7"},"east":{"uv":[0,0,3.62109,4.12109],"rotation":90,"texture":"#7"},"south":{"uv":[0,0,1.5,1.12132],"rotation":180,"texture":"#7"},"west":{"uv":[0,0,0.62132,1.12132],"rotation":270,"texture":"#7"},"up":{"uv":[0,0,4.5,6.6211],"rotation":270,"texture":"#7"},"down":{"uv":[0,0,1.5,0.62132],"rotation":180,"texture":"#7"}}},{"from":[-4.77406,8.59876,15.24692],"to":[-3.48956,9.49775,15.61291],"rotation":{"angle":45,"axis":"y","origin":[-3.98519,8.55845,14.76933]},"faces":{"north":{"uv":[0,0,1.5,1.12132],"texture":"#7"},"east":{"uv":[0,0,3.62109,4.12109],"rotation":90,"texture":"#7"},"south":{"uv":[6,4,10.6211,8.1211],"rotation":270,"texture":"#7"},"west":{"uv":[0,0,0.62132,1.12132],"rotation":270,"texture":"#7"},"up":{"uv":[0,0,4.5,6.6211],"rotation":270,"texture":"#7"},"down":{"uv":[0,0,1.5,0.62132],"rotation":180,"texture":"#7"}}},{"from":[-4.69206,9.04976,15.49292],"to":[-3.57156,9.33375,15.85891],"rotation":{"angle":45,"axis":"y","origin":[-3.98519,8.55845,14.76933]},"faces":{"north":{"uv":[0,0,1.5,1.12132],"texture":"#7"},"east":{"uv":[0,0,3.62109,4.12109],"rotation":90,"texture":"#7"},"south":{"uv":[6,4,10.6211,8.1211],"rotation":270,"texture":"#7"},"west":{"uv":[0,0,0.62132,1.12132],"rotation":270,"texture":"#7"},"up":{"uv":[0,0,4.5,6.6211],"rotation":270,"texture":"#7"},"down":{"uv":[0,0,1.5,0.62132],"rotation":180,"texture":"#7"}}},{"from":[-4.77406,8.25026,15.61592],"to":[-3.48956,9.08775,15.98191],"rotation":{"angle":45,"axis":"y","origin":[-3.98519,8.55845,14.76933]},"faces":{"north":{"uv":[0,0,1.5,1.12132],"texture":"#7"},"east":{"uv":[0,0,3.62109,4.12109],"rotation":90,"texture":"#7"},"south":{"uv":[5,4,9.5,9.1211],"rotation":180,"texture":"#7"},"west":{"uv":[0,0,0.62132,1.12132],"rotation":270,"texture":"#7"},"up":{"uv":[0,0,4.5,6.6211],"rotation":270,"texture":"#7"},"down":{"uv":[0,0,1.5,0.62132],"rotation":180,"texture":"#7"}}},{"from":[-3.6138,8.45432,15.22959],"to":[-3.40186,9.31734,15.58094],"rotation":{"angle":45,"axis":"y","origin":[-3.98519,8.55845,14.76933]},"faces":{"north":{"uv":[0,0,1.5,1.12132],"texture":"#7"},"east":{"uv":[0,0,3.62109,4.12109],"rotation":90,"texture":"#7"},"south":{"uv":[0,0,1.5,1.12132],"rotation":180,"texture":"#7"},"west":{"uv":[0,0,0.62132,1.12132],"rotation":270,"texture":"#7"},"up":{"uv":[0,0,4.5,6.6211],"rotation":270,"texture":"#7"},"down":{"uv":[0,0,1.5,0.62132],"rotation":180,"texture":"#7"}}},{"from":[-3.6138,8.11976,15.58383],"to":[-3.40186,8.92374,15.93518],"rotation":{"angle":45,"axis":"y","origin":[-3.98519,8.55845,14.76933]},"faces":{"north":{"uv":[0,0,1.5,1.12132],"texture":"#7"},"east":{"uv":[0,0,3.62109,4.12109],"rotation":90,"texture":"#7"},"south":{"uv":[0,0,1.5,1.12132],"rotation":180,"texture":"#7"},"west":{"uv":[0,0,0.62132,1.12132],"rotation":270,"texture":"#7"},"up":{"uv":[0,0,4.5,6.6211],"rotation":270,"texture":"#7"},"down":{"uv":[0,0,1.5,0.62132],"rotation":180,"texture":"#7"}}},{"from":[-3.6138,8.31656,14.73759],"to":[-3.40186,9.19926,15.2267],"rotation":{"angle":45,"axis":"y","origin":[-3.98519,8.55845,14.76933]},"faces":{"north":{"uv":[0,0,1.5,1.12132],"texture":"#7"},"east":{"uv":[0,0,3.62109,4.12109],"rotation":90,"texture":"#7"},"south":{"uv":[0,0,1.5,1.12132],"rotation":180,"texture":"#7"},"west":{"uv":[0,0,0.62132,1.12132],"rotation":270,"texture":"#7"},"up":{"uv":[0,0,4.5,6.6211],"rotation":270,"texture":"#7"},"down":{"uv":[0,0,1.5,0.62132],"rotation":180,"texture":"#7"}}},{"from":[-3.6138,8.474,14.26527],"to":[-3.40186,9.27798,14.75438],"rotation":{"angle":45,"axis":"y","origin":[-3.98519,8.55845,14.76933]},"faces":{"north":{"uv":[0,0,1.5,1.12132],"texture":"#7"},"east":{"uv":[0,0,3.62109,4.12109],"rotation":90,"texture":"#7"},"south":{"uv":[0,0,1.5,1.12132],"rotation":180,"texture":"#7"},"west":{"uv":[0,0,0.62132,1.12132],"rotation":270,"texture":"#7"},"up":{"uv":[0,0,4.5,6.6211],"rotation":270,"texture":"#7"},"down":{"uv":[0,0,1.5,0.62132],"rotation":180,"texture":"#7"}}},{"from":[-3.6138,8.00168,13.79295],"to":[-3.40186,9.43542,14.28206],"rotation":{"angle":45,"axis":"y","origin":[-3.98519,8.55845,14.76933]},"faces":{"north":{"uv":[0,0,1.5,1.12132],"texture":"#7"},"east":{"uv":[0,0,3.62109,4.12109],"rotation":90,"texture":"#7"},"south":{"uv":[0,0,1.5,1.12132],"rotation":180,"texture":"#7"},"west":{"uv":[0,0,0.62132,1.12132],"rotation":270,"texture":"#7"},"up":{"uv":[0,0,4.5,6.6211],"rotation":270,"texture":"#7"},"down":{"uv":[0,0,1.5,0.62132],"rotation":180,"texture":"#7"}}},{"from":[-3.6138,7.60808,13.55679],"to":[-3.47686,9.3567,13.80974],"rotation":{"angle":45,"axis":"y","origin":[-3.98519,8.55845,14.76933]},"faces":{"north":{"uv":[0,0,1.5,1.12132],"texture":"#7"},"east":{"uv":[0,0,3.62109,4.12109],"rotation":90,"texture":"#7"},"south":{"uv":[0,0,1.5,1.12132],"rotation":180,"texture":"#7"},"west":{"uv":[0,0,0.62132,1.12132],"rotation":270,"texture":"#7"},"up":{"uv":[0,0,4.5,6.6211],"rotation":270,"texture":"#7"},"down":{"uv":[0,0,1.5,0.62132],"rotation":180,"texture":"#7"}}},{"from":[-4.77406,7.71726,13.50442],"to":[-3.56456,9.53875,13.76791],"rotation":{"angle":45,"axis":"y","origin":[-3.98519,8.55845,14.76933]},"faces":{"north":{"uv":[4,3,8.5,9.1211],"texture":"#7"},"east":{"uv":[0,0,3.62109,4.12109],"rotation":90,"texture":"#7"},"south":{"uv":[0,0,1.5,1.12132],"rotation":180,"texture":"#7"},"west":{"uv":[3,5,5.6211,8.1211],"rotation":270,"texture":"#7"},"up":{"uv":[0,0,4.5,6.6211],"rotation":270,"texture":"#7"},"down":{"uv":[0,0,1.5,0.62132],"rotation":180,"texture":"#7"}}},{"from":[-4.73306,6.97926,13.56592],"to":[-3.62606,8.80075,13.74741],"rotation":{"angle":45,"axis":"y","origin":[-3.98519,8.55845,14.76933]},"faces":{"north":{"uv":[0,0,1.5,1.12132],"texture":"#8"},"east":{"uv":[0,0,3.62109,4.12109],"rotation":90,"texture":"#8"},"south":{"uv":[0,0,1.5,1.12132],"rotation":180,"texture":"#8"},"west":{"uv":[0,0,0.62132,1.12132],"rotation":270,"texture":"#8"},"up":{"uv":[0,0,4.5,6.6211],"rotation":270,"texture":"#8"},"down":{"uv":[0,0,1.5,0.62132],"rotation":180,"texture":"#8"}}},{"from":[-4.73306,6.24126,13.75042],"to":[-3.62606,8.88275,14.25991],"rotation":{"angle":45,"axis":"y","origin":[-3.98519,8.55845,14.76933]},"faces":{"north":{"uv":[0,0,1.5,1.12132],"texture":"#8"},"east":{"uv":[0,0,3.62109,4.12109],"rotation":90,"texture":"#8"},"south":{"uv":[0,0,1.5,1.12132],"rotation":180,"texture":"#8"},"west":{"uv":[0,0,0.62132,1.12132],"rotation":270,"texture":"#8"},"up":{"uv":[0,0,4.5,6.6211],"rotation":270,"texture":"#8"},"down":{"uv":[0,0,1.5,0.62132],"rotation":180,"texture":"#8"}}},{"from":[-4.73306,7.22526,14.26292],"to":[-3.62606,8.71875,14.75191],"rotation":{"angle":45,"axis":"y","origin":[-3.98519,8.55845,14.76933]},"faces":{"north":{"uv":[0,0,1.5,1.12132],"texture":"#8"},"east":{"uv":[8,3,11.6211,7.1211],"rotation":90,"texture":"#8"},"south":{"uv":[0,0,1.5,1.12132],"rotation":180,"texture":"#8"},"west":{"uv":[0,0,0.62132,1.12132],"rotation":270,"texture":"#8"},"up":{"uv":[0,0,4.5,6.6211],"rotation":270,"texture":"#8"},"down":{"uv":[0,0,1.5,0.62132],"rotation":180,"texture":"#8"}}},{"from":[-4.73306,7.71726,14.75492],"to":[-3.62606,8.63675,15.22341],"rotation":{"angle":45,"axis":"y","origin":[-3.98519,8.55845,14.76933]},"faces":{"north":{"uv":[0,0,1.5,1.12132],"texture":"#8"},"east":{"uv":[0,0,3.62109,4.12109],"rotation":90,"texture":"#8"},"south":{"uv":[0,0,1.5,1.12132],"rotation":180,"texture":"#8"},"west":{"uv":[0,0,0.62132,1.12132],"rotation":270,"texture":"#8"},"up":{"uv":[0,0,4.5,6.6211],"rotation":270,"texture":"#8"},"down":{"uv":[0,0,1.5,0.62132],"rotation":180,"texture":"#8"}}},{"from":[-4.73306,6.79476,15.22642],"to":[-3.62606,8.67775,15.61291],"rotation":{"angle":45,"axis":"y","origin":[-3.98519,8.55845,14.76933]},"faces":{"north":{"uv":[0,0,1.5,1.12132],"texture":"#8"},"east":{"uv":[1,6,4.62109,10.1211],"rotation":90,"texture":"#8"},"south":{"uv":[0,0,1.5,1.12132],"rotation":180,"texture":"#8"},"west":{"uv":[0,0,0.62132,1.12132],"rotation":270,"texture":"#8"},"up":{"uv":[0,0,4.5,6.6211],"rotation":270,"texture":"#8"},"down":{"uv":[0,0,1.5,0.62132],"rotation":180,"texture":"#8"}}},{"from":[-4.73306,7.43026,15.61592],"to":[-3.62606,8.26775,15.98191],"rotation":{"angle":45,"axis":"y","origin":[-3.98519,8.55845,14.76933]},"faces":{"north":{"uv":[0,0,1.5,1.12132],"texture":"#8"},"east":{"uv":[4,5,7.6211,9.1211],"rotation":90,"texture":"#8"},"south":{"uv":[0,0,1.5,1.12132],"rotation":180,"texture":"#8"},"west":{"uv":[0,0,0.62132,1.12132],"rotation":270,"texture":"#8"},"up":{"uv":[0,0,4.5,6.6211],"rotation":270,"texture":"#8"},"down":{"uv":[0,0,1.5,0.62132],"rotation":180,"texture":"#8"}}},{"from":[-4.82686,8.474,14.26527],"to":[-4.52686,9.27798,14.75438],"rotation":{"angle":45,"axis":"y","origin":[-3.98519,8.55845,14.76933]},"faces":{"north":{"uv":[0,0,0.3,0.80398],"texture":"#7"},"east":{"uv":[0,0,0.48911,0.80398],"rotation":90,"texture":"#7"},"south":{"uv":[0,0,0.3,0.80398],"rotation":180,"texture":"#7"},"west":{"uv":[3,5,5.6211,8.1211],"rotation":270,"texture":"#7"},"up":{"uv":[0,0,0.3,0.48911],"rotation":270,"texture":"#7"},"down":{"uv":[0,0,0.3,0.48911],"rotation":180,"texture":"#7"}}},{"from":[-4.78956,8.61926,14.24242],"to":[-4.61456,9.45675,14.75191],"rotation":{"angle":45,"axis":"y","origin":[-3.98519,8.55845,14.76933]},"faces":{"north":{"uv":[0,0,0.3,0.83748],"texture":"#7"},"east":{"uv":[0,0,0.50949,0.83748],"rotation":90,"texture":"#7"},"south":{"uv":[0,0,0.3,0.83748],"rotation":180,"texture":"#7"},"west":{"uv":[0,0,0.50949,0.83748],"rotation":270,"texture":"#7"},"up":{"uv":[0,0,0.3,0.50949],"rotation":270,"texture":"#7"},"down":{"uv":[0,0,0.3,0.50949],"rotation":180,"texture":"#7"}}},{"from":[-4.76456,8.45526,14.73442],"to":[-4.66456,9.37475,15.24391],"rotation":{"angle":45,"axis":"y","origin":[-3.98519,8.55845,14.76933]},"faces":{"north":{"uv":[0,0,0.3,0.91948],"texture":"#7"},"east":{"uv":[0,0,0.50949,0.91948],"rotation":90,"texture":"#7"},"south":{"uv":[0,0,0.3,0.91948],"rotation":180,"texture":"#7"},"west":{"uv":[0,0,0.50949,0.91948],"rotation":270,"texture":"#7"},"up":{"uv":[0,0,0.3,0.50949],"rotation":270,"texture":"#7"},"down":{"uv":[0,0,0.3,0.50949],"rotation":180,"texture":"#7"}}},{"from":[-4.82686,8.45432,15.22959],"to":[-4.52686,9.31734,15.58094],"rotation":{"angle":45,"axis":"y","origin":[-3.98519,8.55845,14.76933]},"faces":{"north":{"uv":[0,0,0.3,0.86302],"texture":"#7"},"east":{"uv":[0,0,0.35135,0.86302],"rotation":90,"texture":"#7"},"south":{"uv":[0,0,0.3,0.86302],"rotation":180,"texture":"#7"},"west":{"uv":[0,0,0.35135,0.86302],"rotation":270,"texture":"#7"},"up":{"uv":[0,0,0.3,0.35135],"rotation":270,"texture":"#7"},"down":{"uv":[0,0,0.3,0.35135],"rotation":180,"texture":"#7"}}},{"from":[-4.82686,8.11976,15.58383],"to":[-4.52686,8.92374,15.93518],"rotation":{"angle":45,"axis":"y","origin":[-3.98519,8.55845,14.76933]},"faces":{"north":{"uv":[0,0,0.3,0.80398],"texture":"#7"},"east":{"uv":[0,0,0.35135,0.80398],"rotation":90,"texture":"#7"},"south":{"uv":[0,0,0.3,0.80398],"rotation":180,"texture":"#7"},"west":{"uv":[3,5,5.6211,8.1211],"rotation":270,"texture":"#7"},"up":{"uv":[0,0,0.3,0.35135],"rotation":270,"texture":"#7"},"down":{"uv":[0,0,0.3,0.35135],"rotation":180,"texture":"#7"}}},{"from":[-4.82686,8.31656,14.73759],"to":[-4.52686,9.19926,15.2267],"rotation":{"angle":45,"axis":"y","origin":[-3.98519,8.55845,14.76933]},"faces":{"north":{"uv":[0,0,0.3,0.8827],"texture":"#7"},"east":{"uv":[0,0,0.48911,0.8827],"rotation":90,"texture":"#7"},"south":{"uv":[0,0,0.3,0.8827],"rotation":180,"texture":"#7"},"west":{"uv":[3,5,5.6211,8.1211],"rotation":270,"texture":"#7"},"up":{"uv":[0,0,0.3,0.48911],"rotation":270,"texture":"#7"},"down":{"uv":[0,0,0.3,0.48911],"rotation":180,"texture":"#7"}}},{"from":[19.99632,8.12726,1.81176],"to":[21.38082,9.62075,2.32125],"faces":{"north":{"uv":[0,0,1.5,1.12132],"texture":"#7"},"east":{"uv":[0,0,3.62109,4.12109],"rotation":90,"texture":"#7"},"south":{"uv":[4,3,7.5,6.1211],"rotation":180,"texture":"#7"},"west":{"uv":[3,5,5.6211,8.1211],"rotation":270,"texture":"#7"},"up":{"uv":[8.5,9.6211,4,3],"rotation":90,"texture":"#7"},"down":{"uv":[1.5,0.62132,0,0],"texture":"#7"}}},{"from":[20.25332,9.21376,2.30376],"to":[21.29882,9.53875,3.01825],"faces":{"north":{"uv":[0,0,1.5,1.12132],"texture":"#7"},"east":{"uv":[0,0,3.62109,4.12109],"rotation":90,"texture":"#7"},"south":{"uv":[6,4,10.6211,8.1211],"rotation":270,"texture":"#7"},"west":{"uv":[0,0,0.62132,1.12132],"rotation":270,"texture":"#7"},"up":{"uv":[4.5,6.6211,0,0],"rotation":90,"texture":"#7"},"down":{"uv":[1.5,0.62132,0,0],"texture":"#7"}}},{"from":[19.99632,8.61926,2.30376],"to":[21.38082,9.45675,2.81325],"faces":{"north":{"uv":[0,0,1.5,1.12132],"texture":"#7"},"east":{"uv":[0,0,3.62109,4.12109],"rotation":90,"texture":"#7"},"south":{"uv":[0,0,1.5,1.12132],"rotation":180,"texture":"#7"},"west":{"uv":[3,5,5.6211,8.1211],"rotation":270,"texture":"#7"},"up":{"uv":[8.5,9.6211,4,3],"rotation":90,"texture":"#7"},"down":{"uv":[1.5,0.62132,0,0],"texture":"#7"}}},{"from":[20.17132,8.45526,2.79576],"to":[21.38082,9.37475,3.30525],"faces":{"north":{"uv":[0,0,1.5,1.12132],"texture":"#7"},"east":{"uv":[0,0,3.62109,4.12109],"rotation":90,"texture":"#7"},"south":{"uv":[0,0,1.5,1.12132],"rotation":180,"texture":"#7"},"west":{"uv":[0,0,0.62132,1.12132],"rotation":270,"texture":"#7"},"up":{"uv":[4.5,6.6211,0,0],"rotation":90,"texture":"#7"},"down":{"uv":[1.5,0.62132,0,0],"texture":"#7"}}},{"from":[20.17132,8.59876,3.30826],"to":[21.38082,9.49775,3.67425],"faces":{"north":{"uv":[0,0,1.5,1.12132],"texture":"#7"},"east":{"uv":[0,0,3.62109,4.12109],"rotation":90,"texture":"#7"},"south":{"uv":[6,4,10.6211,8.1211],"rotation":270,"texture":"#7"},"west":{"uv":[0,0,0.62132,1.12132],"rotation":270,"texture":"#7"},"up":{"uv":[4.5,6.6211,0,0],"rotation":90,"texture":"#7"},"down":{"uv":[1.5,0.62132,0,0],"texture":"#7"}}},{"from":[20.25332,9.04976,3.55426],"to":[21.29882,9.33375,3.92025],"faces":{"north":{"uv":[0,0,1.5,1.12132],"texture":"#7"},"east":{"uv":[0,0,3.62109,4.12109],"rotation":90,"texture":"#7"},"south":{"uv":[6,4,10.6211,8.1211],"rotation":270,"texture":"#7"},"west":{"uv":[0,0,0.62132,1.12132],"rotation":270,"texture":"#7"},"up":{"uv":[4.5,6.6211,0,0],"rotation":90,"texture":"#7"},"down":{"uv":[1.5,0.62132,0,0],"texture":"#7"}}},{"from":[20.17132,8.25026,3.67726],"to":[21.38082,9.08775,4.04325],"faces":{"north":{"uv":[0,0,1.5,1.12132],"texture":"#7"},"east":{"uv":[0,0,3.62109,4.12109],"rotation":90,"texture":"#7"},"south":{"uv":[5,4,9.5,9.1211],"rotation":180,"texture":"#7"},"west":{"uv":[0,0,0.62132,1.12132],"rotation":270,"texture":"#7"},"up":{"uv":[4.5,6.6211,0,0],"rotation":90,"texture":"#7"},"down":{"uv":[1.5,0.62132,0,0],"texture":"#7"}}},{"from":[21.33159,8.45432,3.29094],"to":[21.46853,9.31734,3.64228],"faces":{"north":{"uv":[0,0,1.5,1.12132],"texture":"#7"},"east":{"uv":[0,0,3.62109,4.12109],"rotation":90,"texture":"#7"},"south":{"uv":[0,0,1.5,1.12132],"rotation":180,"texture":"#7"},"west":{"uv":[0,0,0.62132,1.12132],"rotation":270,"texture":"#7"},"up":{"uv":[4.5,6.6211,0,0],"rotation":90,"texture":"#7"},"down":{"uv":[1.5,0.62132,0,0],"texture":"#7"}}},{"from":[21.33159,8.11976,3.64518],"to":[21.46853,8.92374,3.99652],"faces":{"north":{"uv":[0,0,1.5,1.12132],"texture":"#7"},"east":{"uv":[0,0,3.62109,4.12109],"rotation":90,"texture":"#7"},"south":{"uv":[0,0,1.5,1.12132],"rotation":180,"texture":"#7"},"west":{"uv":[0,0,0.62132,1.12132],"rotation":270,"texture":"#7"},"up":{"uv":[4.5,6.6211,0,0],"rotation":90,"texture":"#7"},"down":{"uv":[1.5,0.62132,0,0],"texture":"#7"}}},{"from":[21.33159,8.31656,2.79894],"to":[21.46853,9.19926,3.28804],"faces":{"north":{"uv":[0,0,1.5,1.12132],"texture":"#7"},"east":{"uv":[0,0,3.62109,4.12109],"rotation":90,"texture":"#7"},"south":{"uv":[0,0,1.5,1.12132],"rotation":180,"texture":"#7"},"west":{"uv":[0,0,0.62132,1.12132],"rotation":270,"texture":"#7"},"up":{"uv":[4.5,6.6211,0,0],"rotation":90,"texture":"#7"},"down":{"uv":[1.5,0.62132,0,0],"texture":"#7"}}},{"from":[21.33159,8.474,2.32662],"to":[21.46853,9.27798,2.81572],"faces":{"north":{"uv":[0,0,1.5,1.12132],"texture":"#7"},"east":{"uv":[0,0,3.62109,4.12109],"rotation":90,"texture":"#7"},"south":{"uv":[0,0,1.5,1.12132],"rotation":180,"texture":"#7"},"west":{"uv":[0,0,0.62132,1.12132],"rotation":270,"texture":"#7"},"up":{"uv":[4.5,6.6211,0,0],"rotation":90,"texture":"#7"},"down":{"uv":[1.5,0.62132,0,0],"texture":"#7"}}},{"from":[21.33159,8.00168,1.8543],"to":[21.46853,9.43542,2.3434],"faces":{"north":{"uv":[0,0,1.5,1.12132],"texture":"#7"},"east":{"uv":[0,0,3.62109,4.12109],"rotation":90,"texture":"#7"},"south":{"uv":[0,0,1.5,1.12132],"rotation":180,"texture":"#7"},"west":{"uv":[0,0,0.62132,1.12132],"rotation":270,"texture":"#7"},"up":{"uv":[4.5,6.6211,0,0],"rotation":90,"texture":"#7"},"down":{"uv":[1.5,0.62132,0,0],"texture":"#7"}}},{"from":[21.33159,7.60808,1.61814],"to":[21.46853,9.3567,1.87108],"faces":{"north":{"uv":[0,0,1.5,1.12132],"texture":"#7"},"east":{"uv":[0,0,3.62109,4.12109],"rotation":90,"texture":"#7"},"south":{"uv":[0,0,1.5,1.12132],"rotation":180,"texture":"#7"},"west":{"uv":[0,0,0.62132,1.12132],"rotation":270,"texture":"#7"},"up":{"uv":[4.5,6.6211,0,0],"rotation":90,"texture":"#7"},"down":{"uv":[1.5,0.62132,0,0],"texture":"#7"}}},{"from":[20.17132,7.71726,1.56576],"to":[21.38082,9.53875,1.82925],"faces":{"north":{"uv":[4,3,8.5,9.1211],"texture":"#7"},"east":{"uv":[0,0,3.62109,4.12109],"rotation":90,"texture":"#7"},"south":{"uv":[0,0,1.5,1.12132],"rotation":180,"texture":"#7"},"west":{"uv":[0,0,0.62132,1.12132],"rotation":270,"texture":"#7"},"up":{"uv":[4.5,6.6211,0,0],"rotation":90,"texture":"#7"},"down":{"uv":[1.5,0.62132,0,0],"texture":"#7"}}},{"from":[20.21232,6.97926,1.62726],"to":[21.31932,8.80075,1.80875],"faces":{"north":{"uv":[0,0,1.5,1.12132],"texture":"#8"},"east":{"uv":[0,0,3.62109,4.12109],"rotation":90,"texture":"#8"},"south":{"uv":[0,0,1.5,1.12132],"rotation":180,"texture":"#8"},"west":{"uv":[0,0,0.62132,1.12132],"rotation":270,"texture":"#8"},"up":{"uv":[4.5,6.6211,0,0],"rotation":90,"texture":"#8"},"down":{"uv":[1.5,0.62132,0,0],"texture":"#8"}}},{"from":[20.21232,6.24126,1.81176],"to":[21.31932,8.88275,2.32125],"faces":{"north":{"uv":[0,0,1.5,1.12132],"texture":"#8"},"east":{"uv":[0,0,3.62109,4.12109],"rotation":90,"texture":"#8"},"south":{"uv":[0,0,1.5,1.12132],"rotation":180,"texture":"#8"},"west":{"uv":[0,0,0.62132,1.12132],"rotation":270,"texture":"#8"},"up":{"uv":[4.5,6.6211,0,0],"rotation":90,"texture":"#8"},"down":{"uv":[1.5,0.62132,0,0],"texture":"#8"}}},{"from":[20.21232,7.22526,2.32426],"to":[21.31932,8.71875,2.81325],"faces":{"north":{"uv":[0,0,1.5,1.12132],"texture":"#8"},"east":{"uv":[8,3,11.6211,7.1211],"rotation":90,"texture":"#8"},"south":{"uv":[0,0,1.5,1.12132],"rotation":180,"texture":"#8"},"west":{"uv":[0,0,0.62132,1.12132],"rotation":270,"texture":"#8"},"up":{"uv":[4.5,6.6211,0,0],"rotation":90,"texture":"#8"},"down":{"uv":[1.5,0.62132,0,0],"texture":"#8"}}},{"from":[20.21232,7.71726,2.81626],"to":[21.31932,8.63675,3.28475],"faces":{"north":{"uv":[0,0,1.5,1.12132],"texture":"#8"},"east":{"uv":[0,0,3.62109,4.12109],"rotation":90,"texture":"#8"},"south":{"uv":[0,0,1.5,1.12132],"rotation":180,"texture":"#8"},"west":{"uv":[0,0,0.62132,1.12132],"rotation":270,"texture":"#8"},"up":{"uv":[4.5,6.6211,0,0],"rotation":90,"texture":"#8"},"down":{"uv":[1.5,0.62132,0,0],"texture":"#8"}}},{"from":[20.21232,6.79476,3.28776],"to":[21.31932,8.67775,3.67425],"faces":{"north":{"uv":[0,0,1.5,1.12132],"texture":"#8"},"east":{"uv":[1,6,4.62109,10.1211],"rotation":90,"texture":"#8"},"south":{"uv":[0,0,1.5,1.12132],"rotation":180,"texture":"#8"},"west":{"uv":[0,0,0.62132,1.12132],"rotation":270,"texture":"#8"},"up":{"uv":[4.5,6.6211,0,0],"rotation":90,"texture":"#8"},"down":{"uv":[1.5,0.62132,0,0],"texture":"#8"}}},{"from":[20.21232,7.43026,3.67726],"to":[21.31932,8.26775,4.04325],"faces":{"north":{"uv":[0,0,1.5,1.12132],"texture":"#8"},"east":{"uv":[4,5,7.6211,9.1211],"rotation":90,"texture":"#8"},"south":{"uv":[0,0,1.5,1.12132],"rotation":180,"texture":"#8"},"west":{"uv":[0,0,0.62132,1.12132],"rotation":270,"texture":"#8"},"up":{"uv":[4.5,6.6211,0,0],"rotation":90,"texture":"#8"},"down":{"uv":[1.5,0.62132,0,0],"texture":"#8"}}},{"from":[19.48956,8.12726,1.74009],"to":[20.77406,9.62075,2.24958],"rotation":{"angle":45,"axis":"y","origin":[19.98519,8.55845,1.23067]},"faces":{"north":{"uv":[5,5,8.5,8.1211],"rotation":180,"texture":"#7"},"east":{"uv":[3,5,5.6211,8.1211],"rotation":270,"texture":"#7"},"south":{"uv":[0,0,1.5,1.12132],"texture":"#7"},"west":{"uv":[0,0,3.62109,4.12109],"rotation":90,"texture":"#7"},"up":{"uv":[8.5,9.6211,4,3],"rotation":270,"texture":"#7"},"down":{"uv":[1.5,0.62132,0,0],"rotation":180,"texture":"#7"}}},{"from":[19.57156,9.21376,1.04309],"to":[20.69206,9.53875,1.75758],"rotation":{"angle":45,"axis":"y","origin":[19.98519,8.55845,1.23067]},"faces":{"north":{"uv":[6,4,10.6211,8.1211],"rotation":270,"texture":"#7"},"east":{"uv":[0,0,0.62132,1.12132],"rotation":270,"texture":"#7"},"south":{"uv":[0,0,1.5,1.12132],"texture":"#7"},"west":{"uv":[0,0,3.62109,4.12109],"rotation":90,"texture":"#7"},"up":{"uv":[5.6211,8.1211,3,5],"rotation":270,"texture":"#7"},"down":{"uv":[1.5,0.62132,0,0],"rotation":180,"texture":"#7"}}},{"from":[19.48956,8.61926,1.24809],"to":[20.77406,9.45675,1.75758],"rotation":{"angle":45,"axis":"y","origin":[19.98519,8.55845,1.23067]},"faces":{"north":{"uv":[0,0,1.5,1.12132],"rotation":180,"texture":"#7"},"east":{"uv":[0,0,0.62132,1.12132],"rotation":270,"texture":"#7"},"south":{"uv":[0,0,1.5,1.12132],"texture":"#7"},"west":{"uv":[0,0,3.62109,4.12109],"rotation":90,"texture":"#7"},"up":{"uv":[8.5,9.6211,4,3],"rotation":270,"texture":"#7"},"down":{"uv":[1.5,0.62132,0,0],"rotation":180,"texture":"#7"}}},{"from":[19.48956,8.45526,0.75609],"to":[20.77406,9.37475,1.26558],"rotation":{"angle":45,"axis":"y","origin":[19.98519,8.55845,1.23067]},"faces":{"north":{"uv":[0,0,1.5,1.12132],"rotation":180,"texture":"#7"},"east":{"uv":[0,0,0.62132,1.12132],"rotation":270,"texture":"#7"},"south":{"uv":[0,0,1.5,1.12132],"texture":"#7"},"west":{"uv":[0,0,3.62109,4.12109],"rotation":90,"texture":"#7"},"up":{"uv":[4.5,6.6211,0,0],"rotation":270,"texture":"#7"},"down":{"uv":[1.5,0.62132,0,0],"rotation":180,"texture":"#7"}}},{"from":[19.48956,8.59876,0.38709],"to":[20.77406,9.49775,0.75308],"rotation":{"angle":45,"axis":"y","origin":[19.98519,8.55845,1.23067]},"faces":{"north":{"uv":[6,4,10.6211,8.1211],"rotation":270,"texture":"#7"},"east":{"uv":[0,0,0.62132,1.12132],"rotation":270,"texture":"#7"},"south":{"uv":[0,0,1.5,1.12132],"texture":"#7"},"west":{"uv":[0,0,3.62109,4.12109],"rotation":90,"texture":"#7"},"up":{"uv":[4.5,6.6211,0,0],"rotation":270,"texture":"#7"},"down":{"uv":[1.5,0.62132,0,0],"rotation":180,"texture":"#7"}}},{"from":[19.57156,9.04976,0.14109],"to":[20.69206,9.33375,0.50708],"rotation":{"angle":45,"axis":"y","origin":[19.98519,8.55845,1.23067]},"faces":{"north":{"uv":[6,4,10.6211,8.1211],"rotation":270,"texture":"#7"},"east":{"uv":[0,0,0.62132,1.12132],"rotation":270,"texture":"#7"},"south":{"uv":[0,0,1.5,1.12132],"texture":"#7"},"west":{"uv":[0,0,3.62109,4.12109],"rotation":90,"texture":"#7"},"up":{"uv":[4.5,6.6211,0,0],"rotation":270,"texture":"#7"},"down":{"uv":[1.5,0.62132,0,0],"rotation":180,"texture":"#7"}}},{"from":[19.48956,8.25026,0.01809],"to":[20.77406,9.08775,0.38408],"rotation":{"angle":45,"axis":"y","origin":[19.98519,8.55845,1.23067]},"faces":{"north":{"uv":[5,4,9.5,9.1211],"rotation":180,"texture":"#7"},"east":{"uv":[0,0,0.62132,1.12132],"rotation":270,"texture":"#7"},"south":{"uv":[0,0,1.5,1.12132],"texture":"#7"},"west":{"uv":[0,0,3.62109,4.12109],"rotation":90,"texture":"#7"},"up":{"uv":[4.5,6.6211,0,0],"rotation":270,"texture":"#7"},"down":{"uv":[1.5,0.62132,0,0],"rotation":180,"texture":"#7"}}},{"from":[19.40186,8.45432,0.41906],"to":[19.6138,9.31734,0.77041],"rotation":{"angle":45,"axis":"y","origin":[19.98519,8.55845,1.23067]},"faces":{"north":{"uv":[0,0,1.5,1.12132],"rotation":180,"texture":"#7"},"east":{"uv":[0,0,0.62132,1.12132],"rotation":270,"texture":"#7"},"south":{"uv":[0,0,1.5,1.12132],"texture":"#7"},"west":{"uv":[0,0,3.62109,4.12109],"rotation":90,"texture":"#7"},"up":{"uv":[4.5,6.6211,0,0],"rotation":270,"texture":"#7"},"down":{"uv":[1.5,0.62132,0,0],"rotation":180,"texture":"#7"}}},{"from":[19.40186,8.11976,0.06482],"to":[19.6138,8.92374,0.41617],"rotation":{"angle":45,"axis":"y","origin":[19.98519,8.55845,1.23067]},"faces":{"north":{"uv":[0,0,1.5,1.12132],"rotation":180,"texture":"#7"},"east":{"uv":[0,0,0.62132,1.12132],"rotation":270,"texture":"#7"},"south":{"uv":[0,0,1.5,1.12132],"texture":"#7"},"west":{"uv":[0,0,3.62109,4.12109],"rotation":90,"texture":"#7"},"up":{"uv":[4.5,6.6211,0,0],"rotation":270,"texture":"#7"},"down":{"uv":[1.5,0.62132,0,0],"rotation":180,"texture":"#7"}}},{"from":[19.40186,8.31656,0.7733],"to":[19.6138,9.19926,1.26241],"rotation":{"angle":45,"axis":"y","origin":[19.98519,8.55845,1.23067]},"faces":{"north":{"uv":[0,0,1.5,1.12132],"rotation":180,"texture":"#7"},"east":{"uv":[0,0,0.62132,1.12132],"rotation":270,"texture":"#7"},"south":{"uv":[0,0,1.5,1.12132],"texture":"#7"},"west":{"uv":[0,0,3.62109,4.12109],"rotation":90,"texture":"#7"},"up":{"uv":[4.5,6.6211,0,0],"rotation":270,"texture":"#7"},"down":{"uv":[1.5,0.62132,0,0],"rotation":180,"texture":"#7"}}},{"from":[19.40186,8.474,1.24562],"to":[19.6138,9.27798,1.73473],"rotation":{"angle":45,"axis":"y","origin":[19.98519,8.55845,1.23067]},"faces":{"north":{"uv":[0,0,1.5,1.12132],"rotation":180,"texture":"#7"},"east":{"uv":[0,0,0.62132,1.12132],"rotation":270,"texture":"#7"},"south":{"uv":[0,0,1.5,1.12132],"texture":"#7"},"west":{"uv":[0,0,3.62109,4.12109],"rotation":90,"texture":"#7"},"up":{"uv":[4.5,6.6211,0,0],"rotation":270,"texture":"#7"},"down":{"uv":[1.5,0.62132,0,0],"rotation":180,"texture":"#7"}}},{"from":[19.40186,8.00168,1.71794],"to":[19.6138,9.43542,2.20705],"rotation":{"angle":45,"axis":"y","origin":[19.98519,8.55845,1.23067]},"faces":{"north":{"uv":[0,0,1.5,1.12132],"rotation":180,"texture":"#7"},"east":{"uv":[0,0,0.62132,1.12132],"rotation":270,"texture":"#7"},"south":{"uv":[0,0,1.5,1.12132],"texture":"#7"},"west":{"uv":[0,0,3.62109,4.12109],"rotation":90,"texture":"#7"},"up":{"uv":[4.5,6.6211,0,0],"rotation":270,"texture":"#7"},"down":{"uv":[1.5,0.62132,0,0],"rotation":180,"texture":"#7"}}},{"from":[19.47686,7.60808,2.19026],"to":[19.6138,9.3567,2.44321],"rotation":{"angle":45,"axis":"y","origin":[19.98519,8.55845,1.23067]},"faces":{"north":{"uv":[0,0,1.5,1.12132],"rotation":180,"texture":"#7"},"east":{"uv":[0,0,0.62132,1.12132],"rotation":270,"texture":"#7"},"south":{"uv":[0,0,1.5,1.12132],"texture":"#7"},"west":{"uv":[0,0,3.62109,4.12109],"rotation":90,"texture":"#7"},"up":{"uv":[4.5,6.6211,0,0],"rotation":270,"texture":"#7"},"down":{"uv":[1.5,0.62132,0,0],"rotation":180,"texture":"#7"}}},{"from":[19.56456,7.71726,2.23209],"to":[20.77406,9.53875,2.49558],"rotation":{"angle":45,"axis":"y","origin":[19.98519,8.55845,1.23067]},"faces":{"north":{"uv":[0,0,1.5,1.12132],"rotation":180,"texture":"#7"},"east":{"uv":[3,5,5.6211,8.1211],"rotation":270,"texture":"#7"},"south":{"uv":[4,3,8.5,9.1211],"texture":"#7"},"west":{"uv":[0,0,3.62109,4.12109],"rotation":90,"texture":"#7"},"up":{"uv":[4.5,6.6211,0,0],"rotation":270,"texture":"#7"},"down":{"uv":[1.5,0.62132,0,0],"rotation":180,"texture":"#7"}}},{"from":[19.62606,6.97926,2.25259],"to":[20.73306,8.80075,2.43408],"rotation":{"angle":45,"axis":"y","origin":[19.98519,8.55845,1.23067]},"faces":{"north":{"uv":[0,0,1.5,1.12132],"rotation":180,"texture":"#8"},"east":{"uv":[0,0,0.62132,1.12132],"rotation":270,"texture":"#8"},"south":{"uv":[0,0,1.5,1.12132],"texture":"#8"},"west":{"uv":[0,0,3.62109,4.12109],"rotation":90,"texture":"#8"},"up":{"uv":[4.5,6.6211,0,0],"rotation":270,"texture":"#8"},"down":{"uv":[1.5,0.62132,0,0],"rotation":180,"texture":"#8"}}},{"from":[19.62606,6.24126,1.74009],"to":[20.73306,8.88275,2.24958],"rotation":{"angle":45,"axis":"y","origin":[19.98519,8.55845,1.23067]},"faces":{"north":{"uv":[0,0,1.5,1.12132],"rotation":180,"texture":"#8"},"east":{"uv":[0,0,0.62132,1.12132],"rotation":270,"texture":"#8"},"south":{"uv":[0,0,1.5,1.12132],"texture":"#8"},"west":{"uv":[0,0,3.62109,4.12109],"rotation":90,"texture":"#8"},"up":{"uv":[4.5,6.6211,0,0],"rotation":270,"texture":"#8"},"down":{"uv":[1.5,0.62132,0,0],"rotation":180,"texture":"#8"}}},{"from":[19.62606,7.22526,1.24809],"to":[20.73306,8.71875,1.73708],"rotation":{"angle":45,"axis":"y","origin":[19.98519,8.55845,1.23067]},"faces":{"north":{"uv":[0,0,1.5,1.12132],"rotation":180,"texture":"#8"},"east":{"uv":[0,0,0.62132,1.12132],"rotation":270,"texture":"#8"},"south":{"uv":[0,0,1.5,1.12132],"texture":"#8"},"west":{"uv":[8,3,11.6211,7.1211],"rotation":90,"texture":"#8"},"up":{"uv":[4.5,6.6211,0,0],"rotation":270,"texture":"#8"},"down":{"uv":[1.5,0.62132,0,0],"rotation":180,"texture":"#8"}}},{"from":[19.62606,7.71726,0.77659],"to":[20.73306,8.63675,1.24508],"rotation":{"angle":45,"axis":"y","origin":[19.98519,8.55845,1.23067]},"faces":{"north":{"uv":[0,0,1.5,1.12132],"rotation":180,"texture":"#8"},"east":{"uv":[0,0,0.62132,1.12132],"rotation":270,"texture":"#8"},"south":{"uv":[0,0,1.5,1.12132],"texture":"#8"},"west":{"uv":[0,0,3.62109,4.12109],"rotation":90,"texture":"#8"},"up":{"uv":[4.5,6.6211,0,0],"rotation":270,"texture":"#8"},"down":{"uv":[1.5,0.62132,0,0],"rotation":180,"texture":"#8"}}},{"from":[19.62606,6.79476,0.38709],"to":[20.73306,8.67775,0.77358],"rotation":{"angle":45,"axis":"y","origin":[19.98519,8.55845,1.23067]},"faces":{"north":{"uv":[0,0,1.5,1.12132],"rotation":180,"texture":"#8"},"east":{"uv":[0,0,0.62132,1.12132],"rotation":270,"texture":"#8"},"south":{"uv":[0,0,1.5,1.12132],"texture":"#8"},"west":{"uv":[1,6,4.62109,10.1211],"rotation":90,"texture":"#8"},"up":{"uv":[4.5,6.6211,0,0],"rotation":270,"texture":"#8"},"down":{"uv":[1.5,0.62132,0,0],"rotation":180,"texture":"#8"}}},{"from":[19.62606,7.43026,0.01809],"to":[20.73306,8.26775,0.38408],"rotation":{"angle":45,"axis":"y","origin":[19.98519,8.55845,1.23067]},"faces":{"north":{"uv":[0,0,1.5,1.12132],"rotation":180,"texture":"#8"},"east":{"uv":[0,0,0.62132,1.12132],"rotation":270,"texture":"#8"},"south":{"uv":[0,0,1.5,1.12132],"texture":"#8"},"west":{"uv":[4,5,7.6211,9.1211],"rotation":90,"texture":"#8"},"up":{"uv":[4.5,6.6211,0,0],"rotation":270,"texture":"#8"},"down":{"uv":[1.5,0.62132,0,0],"rotation":180,"texture":"#8"}}},{"from":[20.52686,8.474,1.24562],"to":[20.82686,9.27798,1.73473],"rotation":{"angle":45,"axis":"y","origin":[19.98519,8.55845,1.23067]},"faces":{"north":{"uv":[0,0,0.3,0.80398],"rotation":180,"texture":"#7"},"east":{"uv":[3,5,5.6211,8.1211],"rotation":270,"texture":"#7"},"south":{"uv":[0,0,0.3,0.80398],"texture":"#7"},"west":{"uv":[0,0,0.48911,0.80398],"rotation":90,"texture":"#7"},"up":{"uv":[0.3,0.48911,0,0],"rotation":270,"texture":"#7"},"down":{"uv":[0.3,0.48911,0,0],"rotation":180,"texture":"#7"}}},{"from":[20.61456,8.61926,1.24809],"to":[20.78956,9.45675,1.75758],"rotation":{"angle":45,"axis":"y","origin":[19.98519,8.55845,1.23067]},"faces":{"north":{"uv":[0,0,0.3,0.83748],"rotation":180,"texture":"#7"},"east":{"uv":[0,0,0.50949,0.83748],"rotation":270,"texture":"#7"},"south":{"uv":[0,0,0.3,0.83748],"texture":"#7"},"west":{"uv":[0,0,0.50949,0.83748],"rotation":90,"texture":"#7"},"up":{"uv":[0.3,0.50949,0,0],"rotation":270,"texture":"#7"},"down":{"uv":[0.3,0.50949,0,0],"rotation":180,"texture":"#7"}}},{"from":[20.66456,8.45526,0.75609],"to":[20.76456,9.37475,1.26558],"rotation":{"angle":45,"axis":"y","origin":[19.98519,8.55845,1.23067]},"faces":{"north":{"uv":[0,0,0.3,0.91948],"rotation":180,"texture":"#7"},"east":{"uv":[0,0,0.50949,0.91948],"rotation":270,"texture":"#7"},"south":{"uv":[0,0,0.3,0.91948],"texture":"#7"},"west":{"uv":[0,0,0.50949,0.91948],"rotation":90,"texture":"#7"},"up":{"uv":[0.3,0.50949,0,0],"rotation":270,"texture":"#7"},"down":{"uv":[0.3,0.50949,0,0],"rotation":180,"texture":"#7"}}},{"from":[20.52686,8.45432,0.41906],"to":[20.82686,9.31734,0.77041],"rotation":{"angle":45,"axis":"y","origin":[19.98519,8.55845,1.23067]},"faces":{"north":{"uv":[0,0,0.3,0.86302],"rotation":180,"texture":"#7"},"east":{"uv":[0,0,0.35135,0.86302],"rotation":270,"texture":"#7"},"south":{"uv":[0,0,0.3,0.86302],"texture":"#7"},"west":{"uv":[0,0,0.35135,0.86302],"rotation":90,"texture":"#7"},"up":{"uv":[0.3,0.35135,0,0],"rotation":270,"texture":"#7"},"down":{"uv":[0.3,0.35135,0,0],"rotation":180,"texture":"#7"}}},{"from":[20.52686,8.11976,0.06482],"to":[20.82686,8.92374,0.41617],"rotation":{"angle":45,"axis":"y","origin":[19.98519,8.55845,1.23067]},"faces":{"north":{"uv":[0,0,0.3,0.80398],"rotation":180,"texture":"#7"},"east":{"uv":[3,5,5.6211,8.1211],"rotation":270,"texture":"#7"},"south":{"uv":[0,0,0.3,0.80398],"texture":"#7"},"west":{"uv":[0,0,0.35135,0.80398],"rotation":90,"texture":"#7"},"up":{"uv":[0.3,0.35135,0,0],"rotation":270,"texture":"#7"},"down":{"uv":[0.3,0.35135,0,0],"rotation":180,"texture":"#7"}}},{"from":[20.52686,8.31656,0.7733],"to":[20.82686,9.19926,1.26241],"rotation":{"angle":45,"axis":"y","origin":[19.98519,8.55845,1.23067]},"faces":{"north":{"uv":[0,0,0.3,0.8827],"rotation":180,"texture":"#7"},"east":{"uv":[3,5,5.6211,8.1211],"rotation":270,"texture":"#7"},"south":{"uv":[0,0,0.3,0.8827],"texture":"#7"},"west":{"uv":[0,0,0.48911,0.8827],"rotation":90,"texture":"#7"},"up":{"uv":[0.3,0.48911,0,0],"rotation":270,"texture":"#7"},"down":{"uv":[0.3,0.48911,0,0],"rotation":180,"texture":"#7"}}},{"from":[-6.69882,5.78876,3.10675],"to":[-4.85332,6.11375,8.69624],"faces":{"north":{"uv":[0,0,1.8455,0.32498],"rotation":270,"texture":"#7"},"east":{"uv":[0,0,5.58949,0.32498],"rotation":270,"texture":"#7"},"south":{"uv":[0,0,1.8455,0.32498],"texture":"#7"},"west":{"uv":[0,0,5.58949,0.32498],"rotation":90,"texture":"#7"},"up":{"uv":[0,0,1.8455,5.58949],"rotation":90,"texture":"#7"},"down":{"uv":[0,0,1.8455,5.58949],"texture":"#7"}}},{"from":[-6.47382,5.78876,6.85675],"to":[-4.82832,6.28875,11.07124],"faces":{"north":{"uv":[0,0,1.8455,0.32498],"rotation":270,"texture":"#7"},"east":{"uv":[0,0,5.58949,0.32498],"rotation":270,"texture":"#7"},"south":{"uv":[0,0,1.8455,0.32498],"texture":"#7"},"west":{"uv":[0,0,5.58949,0.32498],"rotation":90,"texture":"#7"},"up":{"uv":[0,0,1.8455,5.58949],"rotation":90,"texture":"#7"},"down":{"uv":[0,0,1.8455,5.58949],"texture":"#7"}}},{"from":[-6.09882,5.78876,4.85675],"to":[-4.45332,6.41375,8.12124],"faces":{"north":{"uv":[0,0,1.8455,0.32498],"rotation":270,"texture":"#7"},"east":{"uv":[0,0,5.58949,0.32498],"rotation":270,"texture":"#7"},"south":{"uv":[0,0,1.8455,0.32498],"texture":"#7"},"west":{"uv":[0,0,5.58949,0.32498],"rotation":90,"texture":"#7"},"up":{"uv":[0,0,1.8455,5.58949],"rotation":90,"texture":"#7"},"down":{"uv":[0,0,1.8455,5.58949],"texture":"#7"}}},{"from":[-6.09882,5.78876,1.98175],"to":[-4.45332,6.26375,4.12124],"faces":{"north":{"uv":[0,0,1.8455,0.32498],"rotation":270,"texture":"#7"},"east":{"uv":[0,0,5.58949,0.32498],"rotation":270,"texture":"#7"},"south":{"uv":[0,0,1.8455,0.32498],"texture":"#7"},"west":{"uv":[0,0,5.58949,0.32498],"rotation":90,"texture":"#7"},"up":{"uv":[0,0,1.8455,5.58949],"rotation":90,"texture":"#7"},"down":{"uv":[0,0,1.8455,5.58949],"texture":"#7"}}},{"from":[-7.54882,4.73876,6.08175],"to":[-5.90332,5.23875,9.39624],"faces":{"north":{"uv":[0,0,1.8455,0.32498],"rotation":270,"texture":"#7"},"east":{"uv":[0,0,5.58949,0.32498],"rotation":270,"texture":"#7"},"south":{"uv":[0,0,1.8455,0.32498],"texture":"#7"},"west":{"uv":[0,0,5.58949,0.32498],"rotation":90,"texture":"#7"},"up":{"uv":[0,0,1.8455,5.58949],"rotation":90,"texture":"#7"},"down":{"uv":[0,0,1.8455,5.58949],"texture":"#7"}}},{"from":[-6.69882,5.46376,6.80675],"to":[-6.25332,5.78875,8.49624],"faces":{"north":{"uv":[0,0,1.8455,0.32498],"rotation":270,"texture":"#7"},"east":{"uv":[0,0,5.58949,0.32498],"rotation":270,"texture":"#7"},"south":{"uv":[0,0,1.8455,0.32498],"texture":"#7"},"west":{"uv":[0,0,5.58949,0.32498],"rotation":90,"texture":"#7"},"up":{"uv":[0,0,1.8455,5.58949],"rotation":90,"texture":"#7"},"down":{"uv":[0,0,1.8455,5.58949],"texture":"#7"}}},{"from":[20.45332,5.78876,4.85675],"to":[22.09882,6.41375,8.12124],"faces":{"north":{"uv":[0,0.32498,1.8455,0],"rotation":270,"texture":"#7"},"east":{"uv":[0,0.32498,5.58949,0],"rotation":90,"texture":"#7"},"south":{"uv":[1.8455,0,0,0.32498],"texture":"#7"},"west":{"uv":[0,0.32498,5.58949,0],"rotation":270,"texture":"#7"},"up":{"uv":[0,5.58949,1.8455,0],"rotation":90,"texture":"#7"},"down":{"uv":[1.8455,0,0,5.58949],"texture":"#7"}}},{"from":[20.82832,5.78876,6.85675],"to":[22.47382,6.28875,11.07124],"faces":{"north":{"uv":[0,0.32498,1.8455,0],"rotation":270,"texture":"#7"},"east":{"uv":[0,0.32498,5.58949,0],"rotation":90,"texture":"#7"},"south":{"uv":[1.8455,0,0,0.32498],"texture":"#7"},"west":{"uv":[0,0.32498,5.58949,0],"rotation":270,"texture":"#7"},"up":{"uv":[0,5.58949,1.8455,0],"rotation":90,"texture":"#7"},"down":{"uv":[1.8455,0,0,5.58949],"texture":"#7"}}},{"from":[20.85332,5.78876,3.10675],"to":[22.69882,6.11375,8.69624],"faces":{"north":{"uv":[0,0.32498,1.8455,0],"rotation":270,"texture":"#7"},"east":{"uv":[0,0.32498,5.58949,0],"rotation":90,"texture":"#7"},"south":{"uv":[1.8455,0,0,0.32498],"texture":"#7"},"west":{"uv":[0,0.32498,5.58949,0],"rotation":270,"texture":"#7"},"up":{"uv":[0,5.58949,1.8455,0],"rotation":90,"texture":"#7"},"down":{"uv":[1.8455,0,0,5.58949],"texture":"#7"}}},{"from":[22.25332,5.46376,6.80675],"to":[22.69882,5.78875,8.49624],"faces":{"north":{"uv":[0,0.32498,1.8455,0],"rotation":270,"texture":"#7"},"east":{"uv":[0,0.32498,5.58949,0],"rotation":90,"texture":"#7"},"south":{"uv":[1.8455,0,0,0.32498],"texture":"#7"},"west":{"uv":[0,0.32498,5.58949,0],"rotation":270,"texture":"#7"},"up":{"uv":[0,5.58949,1.8455,0],"rotation":90,"texture":"#7"},"down":{"uv":[1.8455,0,0,5.58949],"texture":"#7"}}},{"from":[21.90332,4.73876,6.08175],"to":[23.54882,5.23875,9.39624],"faces":{"north":{"uv":[0,0.32498,1.8455,0],"rotation":270,"texture":"#7"},"east":{"uv":[0,0.32498,5.58949,0],"rotation":90,"texture":"#7"},"south":{"uv":[1.8455,0,0,0.32498],"texture":"#7"},"west":{"uv":[0,0.32498,5.58949,0],"rotation":270,"texture":"#7"},"up":{"uv":[0,5.58949,1.8455,0],"rotation":90,"texture":"#7"},"down":{"uv":[1.8455,0,0,5.58949],"texture":"#7"}}},{"from":[20.45332,5.78876,1.98175],"to":[22.09882,6.26375,4.12124],"faces":{"north":{"uv":[0,0.32498,1.8455,0],"rotation":270,"texture":"#7"},"east":{"uv":[0,0.32498,5.58949,0],"rotation":90,"texture":"#7"},"south":{"uv":[1.8455,0,0,0.32498],"texture":"#7"},"west":{"uv":[0,0.32498,5.58949,0],"rotation":270,"texture":"#7"},"up":{"uv":[0,5.58949,1.8455,0],"rotation":90,"texture":"#7"},"down":{"uv":[1.8455,0,0,5.58949],"texture":"#7"}}},{"from":[7.87876,5.78876,20.45332],"to":[11.14325,6.41375,22.09882],"faces":{"north":{"uv":[0,0.32498,5.58949,0],"rotation":270,"texture":"#7"},"east":{"uv":[0,0.32498,1.8455,0],"rotation":270,"texture":"#7"},"south":{"uv":[0,0.32498,5.58949,0],"rotation":90,"texture":"#7"},"west":{"uv":[1.8455,0,0,0.32498],"texture":"#7"},"up":{"uv":[0,5.58949,1.8455,0],"rotation":180,"texture":"#7"},"down":{"uv":[1.8455,0,0,5.58949],"rotation":270,"texture":"#7"}}},{"from":[10.50376,4.73876,21.90332],"to":[14.01825,5.21375,23.54882],"faces":{"north":{"uv":[0,0.32498,5.58949,0],"rotation":270,"texture":"#7"},"east":{"uv":[0,0.32498,1.8455,0],"rotation":270,"texture":"#7"},"south":{"uv":[0,0.32498,5.58949,0],"rotation":90,"texture":"#7"},"west":{"uv":[1.8455,0,0,0.32498],"texture":"#7"},"up":{"uv":[0,5.58949,1.8455,0],"rotation":180,"texture":"#7"},"down":{"uv":[1.8455,0,0,5.58949],"rotation":270,"texture":"#7"}}},{"from":[7.30376,5.78876,20.85332],"to":[12.89325,6.11375,22.69882],"faces":{"north":{"uv":[0,0.32498,5.58949,0],"rotation":270,"texture":"#7"},"east":{"uv":[0,0.32498,1.8455,0],"rotation":270,"texture":"#7"},"south":{"uv":[0,0.32498,5.58949,0],"rotation":90,"texture":"#7"},"west":{"uv":[1.8455,0,0,0.32498],"texture":"#7"},"up":{"uv":[0,5.58949,1.8455,0],"rotation":180,"texture":"#7"},"down":{"uv":[1.8455,0,0,5.58949],"rotation":270,"texture":"#7"}}},{"from":[4.92876,5.78876,20.82832],"to":[9.14325,6.28875,22.47382],"faces":{"north":{"uv":[0,0.32498,5.58949,0],"rotation":270,"texture":"#7"},"east":{"uv":[0,0.32498,1.8455,0],"rotation":270,"texture":"#7"},"south":{"uv":[0,0.32498,5.58949,0],"rotation":90,"texture":"#7"},"west":{"uv":[1.8455,0,0,0.32498],"texture":"#7"},"up":{"uv":[0,5.58949,1.8455,0],"rotation":180,"texture":"#7"},"down":{"uv":[1.8455,0,0,5.58949],"rotation":270,"texture":"#7"}}},{"from":[3.85376,4.68876,22.10332],"to":[7.16825,5.23875,23.74882],"faces":{"north":{"uv":[0,0.32498,5.58949,0],"rotation":270,"texture":"#7"},"east":{"uv":[0,0.32498,1.8455,0],"rotation":270,"texture":"#7"},"south":{"uv":[0,0.32498,5.58949,0],"rotation":90,"texture":"#7"},"west":{"uv":[1.8455,0,0,0.32498],"texture":"#7"},"up":{"uv":[0,5.58949,1.8455,0],"rotation":180,"texture":"#7"},"down":{"uv":[1.8455,0,0,5.58949],"rotation":270,"texture":"#7"}}},{"from":[7.50376,5.46376,22.25332],"to":[9.19325,5.78875,22.69882],"faces":{"north":{"uv":[0,0.32498,5.58949,0],"rotation":270,"texture":"#7"},"east":{"uv":[0,0.32498,1.8455,0],"rotation":270,"texture":"#7"},"south":{"uv":[0,0.32498,5.58949,0],"rotation":90,"texture":"#7"},"west":{"uv":[1.8455,0,0,0.32498],"texture":"#7"},"up":{"uv":[0,5.58949,1.8455,0],"rotation":180,"texture":"#7"},"down":{"uv":[1.8455,0,0,5.58949],"rotation":270,"texture":"#7"}}},{"from":[4.12876,4.13876,22.10332],"to":[5.94325,4.68875,23.74882],"faces":{"north":{"uv":[0,0.32498,5.58949,0],"rotation":270,"texture":"#7"},"east":{"uv":[0,0.32498,1.8455,0],"rotation":270,"texture":"#7"},"south":{"uv":[0,0.32498,5.58949,0],"rotation":90,"texture":"#7"},"west":{"uv":[1.8455,0,0,0.32498],"texture":"#7"},"up":{"uv":[0,5.58949,1.8455,0],"rotation":180,"texture":"#7"},"down":{"uv":[1.8455,0,0,5.58949],"rotation":270,"texture":"#7"}}},{"from":[10.70376,4.88876,21.65332],"to":[12.84325,5.36375,23.29882],"faces":{"north":{"uv":[0,0.32498,5.58949,0],"rotation":270,"texture":"#7"},"east":{"uv":[0,0.32498,1.8455,0],"rotation":270,"texture":"#7"},"south":{"uv":[0,0.32498,5.58949,0],"rotation":90,"texture":"#7"},"west":{"uv":[1.8455,0,0,0.32498],"texture":"#7"},"up":{"uv":[0,5.58949,1.8455,0],"rotation":180,"texture":"#7"},"down":{"uv":[1.8455,0,0,5.58949],"rotation":270,"texture":"#7"}}},{"from":[14.17486,7.65,20.29986],"to":[14.57486,8.05,20.69986],"faces":{"north":{"uv":[12,10.5,16,14.5],"texture":"#concretewhite"},"east":{"uv":[2.5,10.5,6.5,14.5],"texture":"#concretewhite"},"south":{"uv":[12,10.5,16,14.5],"texture":"#concretewhite"},"west":{"uv":[2.5,10.5,6.5,14.5],"texture":"#concretewhite"},"up":{"uv":[2.5,12,6.5,16],"rotation":270,"texture":"#concretewhite"},"down":{"uv":[2.5,12,6.5,16],"rotation":90,"texture":"#concretewhite"}}},{"from":[14.17486,8.45,20.29986],"to":[14.57486,8.85,20.69986],"faces":{"north":{"uv":[12,10.5,16,14.5],"texture":"#concretewhite"},"east":{"uv":[2.5,10.5,6.5,14.5],"texture":"#concretewhite"},"south":{"uv":[12,10.5,16,14.5],"texture":"#concretewhite"},"west":{"uv":[2.5,10.5,6.5,14.5],"texture":"#concretewhite"},"up":{"uv":[2.5,12,6.5,16],"rotation":270,"texture":"#concretewhite"},"down":{"uv":[2.5,12,6.5,16],"rotation":90,"texture":"#concretewhite"}}},{"from":[14.17486,9.25,20.29986],"to":[14.57486,9.65,20.69986],"faces":{"north":{"uv":[12,10.5,16,14.5],"texture":"#concretewhite"},"east":{"uv":[2.5,10.5,6.5,14.5],"texture":"#concretewhite"},"south":{"uv":[12,10.5,16,14.5],"texture":"#concretewhite"},"west":{"uv":[2.5,10.5,6.5,14.5],"texture":"#concretewhite"},"up":{"uv":[2.5,12,6.5,16],"rotation":270,"texture":"#concretewhite"},"down":{"uv":[2.5,12,6.5,16],"rotation":90,"texture":"#concretewhite"}}},{"from":[14.17486,10.05,20.29986],"to":[14.57486,10.45,20.69986],"faces":{"north":{"uv":[12,10.5,16,14.5],"texture":"#concretewhite"},"east":{"uv":[2.5,10.5,6.5,14.5],"texture":"#concretewhite"},"south":{"uv":[12,10.5,16,14.5],"texture":"#concretewhite"},"west":{"uv":[2.5,10.5,6.5,14.5],"texture":"#concretewhite"},"up":{"uv":[2.5,12,6.5,16],"rotation":270,"texture":"#concretewhite"},"down":{"uv":[2.5,12,6.5,16],"rotation":90,"texture":"#concretewhite"}}},{"from":[14.18686,10.81955,20.16554],"to":[14.57436,11.21955,20.54679],"rotation":{"angle":-22.5,"axis":"x","origin":[14.18736,11.21955,20.54679]},"faces":{"north":{"uv":[12,10.5,16,14.5],"texture":"#concretewhite"},"east":{"uv":[2.5,10.5,6.5,14.5],"texture":"#concretewhite"},"south":{"uv":[12,10.5,16,14.5],"texture":"#concretewhite"},"west":{"uv":[2.5,10.5,6.5,14.5],"texture":"#concretewhite"},"up":{"uv":[2.5,12,6.5,16],"rotation":270,"texture":"#concretewhite"},"down":{"uv":[2.5,12,6.5,16],"rotation":90,"texture":"#concretewhite"}}},{"from":[14.17486,8.05,20.29986],"to":[14.57486,8.45,20.69986],"faces":{"north":{"uv":[0,16,4,16],"texture":"#concretered"},"east":{"uv":[0,16,4,16],"texture":"#concretered"},"south":{"uv":[12,16,16,16],"texture":"#concretered"},"west":{"uv":[12,16,16,16],"texture":"#concretered"},"up":{"uv":[0,12,4,16],"rotation":270,"texture":"#concretered"},"down":{"uv":[16,16,12,12],"rotation":90,"texture":"#concretered"}}},{"from":[14.17486,8.85,20.29986],"to":[14.57486,9.25,20.69986],"faces":{"north":{"uv":[4,16,0,12],"rotation":270,"texture":"#concretered"},"east":{"uv":[4,16,0,12],"rotation":270,"texture":"#concretered"},"south":{"uv":[4,16,0,12],"rotation":270,"texture":"#concretered"},"west":{"uv":[4,16,0,12],"rotation":270,"texture":"#concretered"},"up":{"uv":[4,16,0,12],"rotation":270,"texture":"#concretered"},"down":{"uv":[4,16,0,12],"rotation":270,"texture":"#concretered"}}},{"from":[14.17486,9.65,20.29986],"to":[14.57486,10.05,20.69986],"faces":{"north":{"uv":[0,8,4,12],"texture":"#concretered"},"east":{"uv":[0,8,4,12],"texture":"#concretered"},"south":{"uv":[12,8,16,12],"texture":"#concretered"},"west":{"uv":[12,8,16,12],"texture":"#concretered"},"up":{"uv":[0,12,4,16],"rotation":270,"texture":"#concretered"},"down":{"uv":[16,16,12,12],"rotation":90,"texture":"#concretered"}}},{"from":[14.17486,10.45,20.29986],"to":[14.57486,10.85,20.69986],"faces":{"north":{"uv":[0,0,4,4],"texture":"#concretered"},"east":{"uv":[0,0,4,4],"texture":"#concretered"},"south":{"uv":[12,0,16,4],"texture":"#concretered"},"west":{"uv":[12,0,16,4],"texture":"#concretered"},"up":{"uv":[0,12,4,16],"rotation":270,"texture":"#concretered"},"down":{"uv":[16,16,12,12],"rotation":90,"texture":"#concretered"}}},{"from":[14.17486,11.10239,19.86395],"to":[14.57486,11.50239,20.26395],"rotation":{"angle":-45,"axis":"x","origin":[14.17486,11.50239,20.26395]},"faces":{"north":{"uv":[0,0,4,0],"texture":"#concretered"},"east":{"uv":[1.5,0,5.5,0],"texture":"#concretered"},"south":{"uv":[12,0,16,0],"texture":"#concretered"},"west":{"uv":[10.5,0,14.5,0],"texture":"#concretered"},"up":{"uv":[1.5,12,5.5,16],"rotation":270,"texture":"#concretered"},"down":{"uv":[14.5,16,10.5,12],"rotation":90,"texture":"#concretered"}}},{"from":[14.18686,11.10239,19.8827],"to":[14.57436,11.50239,20.26395],"rotation":{"angle":22.5,"axis":"x","origin":[14.18736,11.50239,20.26395]},"faces":{"north":{"uv":[12,10.5,16,14.5],"texture":"#concretewhite"},"east":{"uv":[2.5,10.5,6.5,14.5],"texture":"#concretewhite"},"south":{"uv":[12,10.5,16,14.5],"texture":"#concretewhite"},"west":{"uv":[2.5,10.5,6.5,14.5],"texture":"#concretewhite"},"up":{"uv":[2.5,12,6.5,16],"rotation":270,"texture":"#concretewhite"},"down":{"uv":[2.5,12,6.5,16],"rotation":90,"texture":"#concretewhite"}}},{"from":[14.17486,11.24829,19.51172],"to":[14.57486,11.64829,19.91172],"faces":{"north":{"uv":[0,0,4,0],"texture":"#concretered"},"east":{"uv":[8,0,12,0],"texture":"#concretered"},"south":{"uv":[12,0,16,0],"texture":"#concretered"},"west":{"uv":[4,0,8,0],"texture":"#concretered"},"up":{"uv":[8,12,12,16],"rotation":270,"texture":"#concretered"},"down":{"uv":[8,16,4,12],"rotation":90,"texture":"#concretered"}}},{"from":[14.18686,11.27329,19.11172],"to":[14.57436,11.64829,19.51172],"rotation":{"angle":-22.5,"axis":"x","origin":[14.18736,11.64829,19.51172]},"faces":{"north":{"uv":[12,10.5,16,14.5],"texture":"#concretewhite"},"east":{"uv":[2.5,10.5,6.5,14.5],"texture":"#concretewhite"},"south":{"uv":[12,10.5,16,14.5],"texture":"#concretewhite"},"west":{"uv":[2.5,10.5,6.5,14.5],"texture":"#concretewhite"},"up":{"uv":[2.5,12,6.5,16],"rotation":270,"texture":"#concretewhite"},"down":{"uv":[2.5,12,6.5,16],"rotation":90,"texture":"#concretewhite"}}},{"from":[14.17486,10.81238,19.02501],"to":[14.57486,11.21238,19.42501],"rotation":{"angle":45,"axis":"x","origin":[14.17486,11.21238,19.42501]},"faces":{"north":{"uv":[0,0,4,0],"texture":"#concretered"},"east":{"uv":[1.5,0,5.5,0],"texture":"#concretered"},"south":{"uv":[12,0,16,0],"texture":"#concretered"},"west":{"uv":[10.5,0,14.5,0],"texture":"#concretered"},"up":{"uv":[1.5,12,5.5,16],"rotation":270,"texture":"#concretered"},"down":{"uv":[14.5,16,10.5,12],"rotation":90,"texture":"#concretered"}}},{"from":[14.18686,10.66648,18.8303],"to":[14.57436,11.06648,19.21155],"rotation":{"angle":22.5,"axis":"x","origin":[14.18736,11.06648,19.21155]},"faces":{"north":{"uv":[12,10.5,16,14.5],"texture":"#concretewhite"},"east":{"uv":[2.5,10.5,6.5,14.5],"texture":"#concretewhite"},"south":{"uv":[12,10.5,16,14.5],"texture":"#concretewhite"},"west":{"uv":[2.5,10.5,6.5,14.5],"texture":"#concretewhite"},"up":{"uv":[2.5,12,6.5,16],"rotation":270,"texture":"#concretewhite"},"down":{"uv":[2.5,12,6.5,16],"rotation":90,"texture":"#concretewhite"}}},{"from":[14.17486,10.44282,18.70625],"to":[14.57486,10.84282,19.10625],"faces":{"north":{"uv":[0,0.0625,4,4.0625],"texture":"#concretered"},"east":{"uv":[15.9375,0.0625,16,4.0625],"texture":"#concretered"},"south":{"uv":[12,0.0625,16,4.0625],"texture":"#concretered"},"west":{"uv":[0,0.0625,0.0625,4.0625],"texture":"#concretered"},"up":{"uv":[15.9375,12,16,16],"rotation":270,"texture":"#concretered"},"down":{"uv":[0.0625,16,0,12],"rotation":90,"texture":"#concretered"}}},{"from":[1.42514,10.44282,-3.10625],"to":[1.82514,10.84282,-2.70625],"faces":{"north":{"uv":[12,0.0625,16,4.0625],"texture":"#concretered"},"east":{"uv":[0,0.0625,0.0625,4.0625],"texture":"#concretered"},"south":{"uv":[0,0.0625,4,4.0625],"texture":"#concretered"},"west":{"uv":[15.9375,0.0625,16,4.0625],"texture":"#concretered"},"up":{"uv":[16,16,15.9375,12],"rotation":270,"texture":"#concretered"},"down":{"uv":[0,12,0.0625,16],"rotation":90,"texture":"#concretered"}}},{"from":[1.42564,10.66648,-3.21155],"to":[1.81314,11.06648,-2.8303],"rotation":{"angle":-22.5,"axis":"x","origin":[1.81264,11.06648,-3.21155]},"faces":{"north":{"uv":[12,10.5,16,14.5],"texture":"#concretewhite"},"east":{"uv":[2.5,10.5,6.5,14.5],"texture":"#concretewhite"},"south":{"uv":[12,10.5,16,14.5],"texture":"#concretewhite"},"west":{"uv":[2.5,10.5,6.5,14.5],"texture":"#concretewhite"},"up":{"uv":[6.5,16,2.5,12],"rotation":270,"texture":"#concretewhite"},"down":{"uv":[6.5,16,2.5,12],"rotation":90,"texture":"#concretewhite"}}},{"from":[1.42514,10.81238,-3.42501],"to":[1.82514,11.21238,-3.02501],"rotation":{"angle":-45,"axis":"x","origin":[1.82514,11.21238,-3.42501]},"faces":{"north":{"uv":[12,0,16,0],"texture":"#concretered"},"east":{"uv":[10.5,0,14.5,0],"texture":"#concretered"},"south":{"uv":[0,0,4,0],"texture":"#concretered"},"west":{"uv":[1.5,0,5.5,0],"texture":"#concretered"},"up":{"uv":[5.5,16,1.5,12],"rotation":270,"texture":"#concretered"},"down":{"uv":[10.5,12,14.5,16],"rotation":90,"texture":"#concretered"}}},{"from":[1.42564,11.27329,-3.51172],"to":[1.81314,11.64829,-3.11172],"rotation":{"angle":22.5,"axis":"x","origin":[1.81264,11.64829,-3.51172]},"faces":{"north":{"uv":[12,10.5,16,14.5],"texture":"#concretewhite"},"east":{"uv":[2.5,10.5,6.5,14.5],"texture":"#concretewhite"},"south":{"uv":[12,10.5,16,14.5],"texture":"#concretewhite"},"west":{"uv":[2.5,10.5,6.5,14.5],"texture":"#concretewhite"},"up":{"uv":[6.5,16,2.5,12],"rotation":270,"texture":"#concretewhite"},"down":{"uv":[6.5,16,2.5,12],"rotation":90,"texture":"#concretewhite"}}},{"from":[1.42514,11.24829,-3.91172],"to":[1.82514,11.64829,-3.51172],"faces":{"north":{"uv":[12,0,16,0],"texture":"#concretered"},"east":{"uv":[4,0,8,0],"texture":"#concretered"},"south":{"uv":[0,0,4,0],"texture":"#concretered"},"west":{"uv":[8,0,12,0],"texture":"#concretered"},"up":{"uv":[12,16,8,12],"rotation":270,"texture":"#concretered"},"down":{"uv":[4,12,8,16],"rotation":90,"texture":"#concretered"}}},{"from":[1.42564,11.10239,-4.26395],"to":[1.81314,11.50239,-3.8827],"rotation":{"angle":-22.5,"axis":"x","origin":[1.81264,11.50239,-4.26395]},"faces":{"north":{"uv":[12,10.5,16,14.5],"texture":"#concretewhite"},"east":{"uv":[2.5,10.5,6.5,14.5],"texture":"#concretewhite"},"south":{"uv":[12,10.5,16,14.5],"texture":"#concretewhite"},"west":{"uv":[2.5,10.5,6.5,14.5],"texture":"#concretewhite"},"up":{"uv":[6.5,16,2.5,12],"rotation":270,"texture":"#concretewhite"},"down":{"uv":[6.5,16,2.5,12],"rotation":90,"texture":"#concretewhite"}}},{"from":[1.42514,11.10239,-4.26395],"to":[1.82514,11.50239,-3.86395],"rotation":{"angle":45,"axis":"x","origin":[1.82514,11.50239,-4.26395]},"faces":{"north":{"uv":[12,0,16,0],"texture":"#concretered"},"east":{"uv":[10.5,0,14.5,0],"texture":"#concretered"},"south":{"uv":[0,0,4,0],"texture":"#concretered"},"west":{"uv":[1.5,0,5.5,0],"texture":"#concretered"},"up":{"uv":[5.5,16,1.5,12],"rotation":270,"texture":"#concretered"},"down":{"uv":[10.5,12,14.5,16],"rotation":90,"texture":"#concretered"}}},{"from":[1.42564,10.81955,-4.54679],"to":[1.81314,11.21955,-4.16554],"rotation":{"angle":22.5,"axis":"x","origin":[1.81264,11.21955,-4.54679]},"faces":{"north":{"uv":[12,10.5,16,14.5],"texture":"#concretewhite"},"east":{"uv":[2.5,10.5,6.5,14.5],"texture":"#concretewhite"},"south":{"uv":[12,10.5,16,14.5],"texture":"#concretewhite"},"west":{"uv":[2.5,10.5,6.5,14.5],"texture":"#concretewhite"},"up":{"uv":[6.5,16,2.5,12],"rotation":270,"texture":"#concretewhite"},"down":{"uv":[6.5,16,2.5,12],"rotation":90,"texture":"#concretewhite"}}},{"from":[1.42514,10.45,-4.69986],"to":[1.82514,10.85,-4.29986],"faces":{"north":{"uv":[12,0,16,4],"texture":"#concretered"},"east":{"uv":[12,0,16,4],"texture":"#concretered"},"south":{"uv":[0,0,4,4],"texture":"#concretered"},"west":{"uv":[0,0,4,4],"texture":"#concretered"},"up":{"uv":[4,16,0,12],"rotation":270,"texture":"#concretered"},"down":{"uv":[12,12,16,16],"rotation":90,"texture":"#concretered"}}},{"from":[1.42514,10.05,-4.69986],"to":[1.82514,10.45,-4.29986],"faces":{"north":{"uv":[12,10.5,16,14.5],"texture":"#concretewhite"},"east":{"uv":[2.5,10.5,6.5,14.5],"texture":"#concretewhite"},"south":{"uv":[12,10.5,16,14.5],"texture":"#concretewhite"},"west":{"uv":[2.5,10.5,6.5,14.5],"texture":"#concretewhite"},"up":{"uv":[6.5,16,2.5,12],"rotation":270,"texture":"#concretewhite"},"down":{"uv":[6.5,16,2.5,12],"rotation":90,"texture":"#concretewhite"}}},{"from":[1.42514,9.65,-4.69986],"to":[1.82514,10.05,-4.29986],"faces":{"north":{"uv":[12,8,16,12],"texture":"#concretered"},"east":{"uv":[12,8,16,12],"texture":"#concretered"},"south":{"uv":[0,8,4,12],"texture":"#concretered"},"west":{"uv":[0,8,4,12],"texture":"#concretered"},"up":{"uv":[4,16,0,12],"rotation":270,"texture":"#concretered"},"down":{"uv":[12,12,16,16],"rotation":90,"texture":"#concretered"}}},{"from":[1.42514,9.25,-4.69986],"to":[1.82514,9.65,-4.29986],"faces":{"north":{"uv":[12,10.5,16,14.5],"texture":"#concretewhite"},"east":{"uv":[2.5,10.5,6.5,14.5],"texture":"#concretewhite"},"south":{"uv":[12,10.5,16,14.5],"texture":"#concretewhite"},"west":{"uv":[2.5,10.5,6.5,14.5],"texture":"#concretewhite"},"up":{"uv":[6.5,16,2.5,12],"rotation":270,"texture":"#concretewhite"},"down":{"uv":[6.5,16,2.5,12],"rotation":90,"texture":"#concretewhite"}}},{"from":[1.42514,8.85,-4.69986],"to":[1.82514,9.25,-4.29986],"faces":{"north":{"uv":[4,16,0,12],"rotation":270,"texture":"#concretered"},"east":{"uv":[4,16,0,12],"rotation":270,"texture":"#concretered"},"south":{"uv":[4,16,0,12],"rotation":270,"texture":"#concretered"},"west":{"uv":[4,16,0,12],"rotation":270,"texture":"#concretered"},"up":{"uv":[4,16,0,12],"rotation":270,"texture":"#concretered"},"down":{"uv":[4,16,0,12],"rotation":270,"texture":"#concretered"}}},{"from":[1.42514,8.45,-4.69986],"to":[1.82514,8.85,-4.29986],"faces":{"north":{"uv":[12,10.5,16,14.5],"texture":"#concretewhite"},"east":{"uv":[2.5,10.5,6.5,14.5],"texture":"#concretewhite"},"south":{"uv":[12,10.5,16,14.5],"texture":"#concretewhite"},"west":{"uv":[2.5,10.5,6.5,14.5],"texture":"#concretewhite"},"up":{"uv":[6.5,16,2.5,12],"rotation":270,"texture":"#concretewhite"},"down":{"uv":[6.5,16,2.5,12],"rotation":90,"texture":"#concretewhite"}}},{"from":[1.42514,8.05,-4.69986],"to":[1.82514,8.45,-4.29986],"faces":{"north":{"uv":[12,16,16,16],"texture":"#concretered"},"east":{"uv":[12,16,16,16],"texture":"#concretered"},"south":{"uv":[0,16,4,16],"texture":"#concretered"},"west":{"uv":[0,16,4,16],"texture":"#concretered"},"up":{"uv":[4,16,0,12],"rotation":270,"texture":"#concretered"},"down":{"uv":[12,12,16,16],"rotation":90,"texture":"#concretered"}}},{"from":[1.42514,7.65,-4.69986],"to":[1.82514,8.05,-4.29986],"faces":{"north":{"uv":[12,10.5,16,14.5],"texture":"#concretewhite"},"east":{"uv":[2.5,10.5,6.5,14.5],"texture":"#concretewhite"},"south":{"uv":[12,10.5,16,14.5],"texture":"#concretewhite"},"west":{"uv":[2.5,10.5,6.5,14.5],"texture":"#concretewhite"},"up":{"uv":[6.5,16,2.5,12],"rotation":270,"texture":"#concretewhite"},"down":{"uv":[6.5,16,2.5,12],"rotation":90,"texture":"#concretewhite"}}}],"display":{"gui":{"rotation":[30,-135,0],"translation":[0,0.25,0],"scale":[0.4,0.4,0.4]},"head":{"scale":[3.5,3.5,3.5]}},"groups":[0,1,2,3,4,5,6,7,8,9,10,11,12,13,14,15,16,17,18,19,20,21,22,23,24,25,26,27,28,29,30,31,32,33,34,35,36,37,38,39,40,41,42,43,44,45,46,47,48,49,50,51,52,53,54,55,56,57,58,59,60,61,62,63,64,65,66,67,68,69,70,71,72,73,74,75,76,{"name":"group","origin":[8,8,8],"color":0,"children":[77,78,79,80,81,82,83,84,85,86,87,88,89,90,91,92,93,94,95,96,97,98,99,100,101,102,103,104,105,106,107,108,109,110,111,112,113,114,115,116,117,118,119,120,121,122,{"name":"group","origin":[8,8,8],"color":0,"children":[123,124,125,126,127,128,129,130,131,132,133,134,135,136,137,138,139,140,141,142,143,144,145,146,147,148,149,150,151,152,153,154,155,156,157,158,159,160,161,162,163,164,165,166,167,168]},169,170,171,172,173,174,175,176,177,178,179,180,181,182,183,184,185,186,187,188]},{"name":"CandyCane","origin":[8,8,8],"color":0,"children":[189,190,191,192,193,194,195,196,197,198,199,200,201,202,203,204,205,206,207,208,209,210,211,212,213,214,215,216,217,218,219,220]}],"credit":"Model by Craftventure"}