{"texture_size":[64,64],"textures":{"0":"block/waffle","1":"block/cookie_icecream","2":"block/ouzo_icecream","3":"block/coarse_dirt","4":"block/vino_icecream","5":"block/basalt_top","6":"block/yellow_concrete_powder","7":"block/cake_top","9":"item/cod","particle":"block/waffle"},"elements":[{"from":[5.32494,21.78927,7.025],"to":[9.37494,25.83927,11.075],"rotation":{"angle":0,"axis":"y","origin":[11.80494,28.26927,13.505]},"faces":{"north":{"uv":[10,1,15,6],"texture":"#7"},"east":{"uv":[10,9,15,14],"texture":"#7"},"south":{"uv":[1,10,6,15],"texture":"#7"},"west":{"uv":[1,1,6,6],"texture":"#7"},"up":{"uv":[8,10,13,15],"texture":"#7"},"down":{"uv":[6,1,11,6],"texture":"#7"}}},{"name":"flat","from":[4.91913,21.38427,7.43],"to":[4.91913,26.24427,10.67],"rotation":{"angle":0,"axis":"z","origin":[4.91913,23.81427,9.05]},"faces":{"north":{"uv":[14.87525,11.625,16.37525,11.625],"rotation":90,"texture":"#7"},"east":{"uv":[0,0,6,4],"rotation":270,"texture":"#7"},"south":{"uv":[1.12475,11.625,2.62475,11.625],"rotation":270,"texture":"#7"},"west":{"uv":[1,5,7,9],"rotation":270,"texture":"#7"},"up":{"uv":[1.12475,1.625,2.12475,1.625],"rotation":270,"texture":"#7"},"down":{"uv":[1.12475,13.375,2.12475,13.375],"rotation":270,"texture":"#7"}}},{"name":"flat","from":[9.77913,21.38427,7.43],"to":[9.77913,26.24427,10.67],"rotation":{"angle":0,"axis":"z","origin":[9.77913,23.81427,9.05]},"faces":{"north":{"uv":[14.87525,11.625,16.37525,11.625],"rotation":90,"texture":"#7"},"east":{"uv":[4,2,10,6],"rotation":270,"texture":"#7"},"south":{"uv":[1.12475,11.625,2.62475,11.625],"rotation":270,"texture":"#7"},"west":{"uv":[0,0,6,4],"rotation":270,"texture":"#7"},"up":{"uv":[1.12475,1.625,2.12475,1.625],"rotation":270,"texture":"#7"},"down":{"uv":[1.12475,13.375,2.12475,13.375],"rotation":270,"texture":"#7"}}},{"name":"flat","from":[5.72954,26.24427,10.67041],"to":[8.96954,26.24427,11.48041],"rotation":{"angle":0,"axis":"y","origin":[7.34954,23.81427,9.05]},"faces":{"north":{"uv":[13.62513,11.625,14.62513,11.625],"texture":"#7"},"east":{"uv":[2,4,6,4],"rotation":180,"texture":"#7"},"south":{"uv":[1.37487,11.625,2.37487,11.625],"texture":"#7"},"west":{"uv":[2.62513,11.625,2.87513,11.625],"texture":"#7"},"up":{"uv":[2,4,6,5],"rotation":180,"texture":"#7"},"down":{"uv":[2,4,6,5],"rotation":180,"texture":"#7"}}},{"name":"flat","from":[5.72954,21.38427,10.67041],"to":[8.96954,21.38427,11.48041],"rotation":{"angle":0,"axis":"y","origin":[7.34954,18.95427,9.05]},"faces":{"north":{"uv":[13.62513,11.625,14.62513,11.625],"texture":"#7"},"east":{"uv":[2,4,6,4],"rotation":180,"texture":"#7"},"south":{"uv":[1.37487,11.625,2.37487,11.625],"texture":"#7"},"west":{"uv":[2.62513,11.625,2.87513,11.625],"texture":"#7"},"up":{"uv":[2,4,6,5],"rotation":180,"texture":"#7"},"down":{"uv":[2,4,6,5],"rotation":180,"texture":"#7"}}},{"name":"flat","from":[4.91994,26.24427,7.43],"to":[9.77994,26.24427,10.67],"rotation":{"angle":0,"axis":"y","origin":[12.61494,33.93927,13.505]},"faces":{"north":{"uv":[13.375,11.625,14.875,11.625],"texture":"#7"},"east":{"uv":[13.375,11.625,14.375,11.625],"texture":"#7"},"south":{"uv":[1.125,11.625,2.625,11.625],"texture":"#7"},"west":{"uv":[1.625,11.625,2.625,11.625],"texture":"#7"},"up":{"uv":[6,5,12,9],"texture":"#7"},"down":{"uv":[6,0,12,4],"texture":"#7"}}},{"name":"flat","from":[4.91994,21.38427,7.43],"to":[9.77994,21.38427,10.67],"rotation":{"angle":0,"axis":"y","origin":[12.61494,29.07927,13.505]},"faces":{"north":{"uv":[13.375,11.625,14.875,11.625],"texture":"#7"},"east":{"uv":[13.375,11.625,14.375,11.625],"texture":"#7"},"south":{"uv":[1.125,11.625,2.625,11.625],"texture":"#7"},"west":{"uv":[1.625,11.625,2.625,11.625],"texture":"#7"},"up":{"uv":[6,1,12,5],"texture":"#7"},"down":{"uv":[6,1,12,5],"texture":"#7"}}},{"name":"flat","from":[5.72954,26.24427,6.62041],"to":[8.96954,26.24427,7.43041],"rotation":{"angle":0,"axis":"y","origin":[7.34954,23.81427,5]},"faces":{"north":{"uv":[13.62513,11.625,14.62513,11.625],"texture":"#7"},"east":{"uv":[14.37488,11.625,14.62488,11.625],"texture":"#7"},"south":{"uv":[1.37487,11.625,2.37487,11.625],"texture":"#7"},"west":{"uv":[1.37513,11.625,1.62513,11.625],"texture":"#7"},"up":{"uv":[2,2,6,3],"rotation":180,"texture":"#7"},"down":{"uv":[2,2,6,3],"rotation":180,"texture":"#7"}}},{"name":"flat","from":[5.72954,21.38427,6.62041],"to":[8.96954,21.38427,7.43041],"rotation":{"angle":0,"axis":"y","origin":[7.34954,18.95427,5]},"faces":{"north":{"uv":[13.62513,11.625,14.62513,11.625],"texture":"#7"},"east":{"uv":[14.37488,11.625,14.62488,11.625],"texture":"#7"},"south":{"uv":[1.37487,11.625,2.37487,11.625],"texture":"#7"},"west":{"uv":[1.37513,11.625,1.62513,11.625],"texture":"#7"},"up":{"uv":[2,2,6,3],"rotation":180,"texture":"#7"},"down":{"uv":[6,6,10,7],"rotation":180,"texture":"#7"}}},{"name":"flat","from":[5.72954,21.38427,6.6196],"to":[8.96954,26.24427,6.6196],"rotation":{"angle":0,"axis":"y","origin":[7.34954,23.81427,9.05]},"faces":{"north":{"uv":[6,3,10,9],"texture":"#7"},"east":{"uv":[14.62513,11.625,16.12513,11.625],"rotation":90,"texture":"#7"},"south":{"uv":[0,0,4,6],"texture":"#7"},"west":{"uv":[1.37488,11.625,2.87488,11.625],"rotation":270,"texture":"#7"},"up":{"uv":[1.37487,1.37488,2.37487,1.37488],"texture":"#7"},"down":{"uv":[1.37487,14.62513,2.37487,14.62513],"rotation":180,"texture":"#7"}}},{"name":"flat","from":[5.72954,21.38427,11.4796],"to":[8.96954,26.24427,11.4796],"rotation":{"angle":0,"axis":"y","origin":[7.34954,23.81427,13.91]},"faces":{"north":{"uv":[0,0,4,6],"texture":"#7"},"east":{"uv":[14.62513,11.625,16.12513,11.625],"rotation":90,"texture":"#7"},"south":{"uv":[7,9,11,15],"texture":"#7"},"west":{"uv":[1.37488,11.625,2.87488,11.625],"rotation":270,"texture":"#7"},"up":{"uv":[1.37487,1.37488,2.37487,1.37488],"texture":"#7"},"down":{"uv":[1.37487,14.62513,2.37487,14.62513],"rotation":180,"texture":"#7"}}},{"name":"flat","from":[4.91913,22.19427,6.62],"to":[4.91913,25.43427,7.43],"rotation":{"angle":0,"axis":"x","origin":[4.91913,23.81427,5]},"faces":{"north":{"uv":[14.87525,11.875,15.87525,11.875],"rotation":90,"texture":"#7"},"east":{"uv":[0,0,1,4],"rotation":180,"texture":"#7"},"south":{"uv":[1,2,2,6],"rotation":180,"texture":"#7"},"west":{"uv":[1,2,2,6],"rotation":180,"texture":"#7"},"up":{"uv":[1.12475,1.375,1.37475,1.375],"rotation":270,"texture":"#7"},"down":{"uv":[1.12475,14.375,1.37475,14.375],"rotation":270,"texture":"#7"}}},{"name":"flat","from":[9.77913,22.19427,6.62],"to":[9.77913,25.43427,7.43],"rotation":{"angle":0,"axis":"x","origin":[9.77913,23.81427,5]},"faces":{"north":{"uv":[14.87525,11.875,15.87525,11.875],"rotation":90,"texture":"#7"},"east":{"uv":[1,2,2,6],"rotation":180,"texture":"#7"},"south":{"uv":[1.12475,11.875,2.12475,11.875],"rotation":270,"texture":"#7"},"west":{"uv":[1,2,2,6],"rotation":180,"texture":"#7"},"up":{"uv":[1.12475,1.375,1.37475,1.375],"rotation":270,"texture":"#7"},"down":{"uv":[1.12475,14.375,1.37475,14.375],"rotation":270,"texture":"#7"}}},{"name":"flat","from":[4.91913,22.19427,10.67],"to":[4.91913,25.43427,11.48],"rotation":{"angle":0,"axis":"x","origin":[4.91913,23.81427,9.05]},"faces":{"north":{"uv":[14.87525,11.875,15.87525,11.875],"rotation":90,"texture":"#7"},"east":{"uv":[1,1,2,5],"rotation":180,"texture":"#7"},"south":{"uv":[2,5,3,9],"rotation":180,"texture":"#7"},"west":{"uv":[2,6,3,10],"rotation":180,"texture":"#7"},"up":{"uv":[1.12475,1.375,1.37475,1.375],"rotation":270,"texture":"#7"},"down":{"uv":[1.12475,14.375,1.37475,14.375],"rotation":270,"texture":"#7"}}},{"name":"flat","from":[9.77913,22.19427,10.67],"to":[9.77913,25.43427,11.48],"rotation":{"angle":0,"axis":"x","origin":[9.77913,23.81427,9.05]},"faces":{"north":{"uv":[14.87525,11.875,15.87525,11.875],"rotation":90,"texture":"#7"},"east":{"uv":[1,2,2,6],"rotation":180,"texture":"#7"},"south":{"uv":[1.12475,11.875,2.12475,11.875],"rotation":270,"texture":"#7"},"west":{"uv":[0,0,1,4],"rotation":180,"texture":"#7"},"up":{"uv":[1.12475,1.375,1.37475,1.375],"rotation":270,"texture":"#7"},"down":{"uv":[1.12475,14.375,1.37475,14.375],"rotation":270,"texture":"#7"}}},{"name":"flat","from":[8.96913,22.19427,6.62],"to":[9.77913,25.43427,6.62],"rotation":{"angle":0,"axis":"y","origin":[7.34913,23.81427,9.05]},"faces":{"north":{"uv":[13,7,14,11],"rotation":180,"texture":"#7"},"east":{"uv":[14.625,11.875,15.625,11.875],"rotation":90,"texture":"#7"},"south":{"uv":[13,7,14,11],"rotation":180,"texture":"#7"},"west":{"uv":[1.375,11.875,2.375,11.875],"rotation":270,"texture":"#7"},"up":{"uv":[2.37475,1.375,2.62475,1.375],"texture":"#7"},"down":{"uv":[2.37475,14.625,2.62475,14.625],"rotation":180,"texture":"#7"}}},{"name":"flat","from":[8.96913,22.19427,11.48],"to":[9.77913,25.43427,11.48],"rotation":{"angle":0,"axis":"y","origin":[7.34913,23.81427,13.91]},"faces":{"north":{"uv":[13,7,14,11],"rotation":180,"texture":"#7"},"east":{"uv":[14.625,11.875,15.625,11.875],"rotation":90,"texture":"#7"},"south":{"uv":[13,7,14,11],"rotation":180,"texture":"#7"},"west":{"uv":[1.375,11.875,2.375,11.875],"rotation":270,"texture":"#7"},"up":{"uv":[2.37475,1.375,2.62475,1.375],"texture":"#7"},"down":{"uv":[2.37475,14.625,2.62475,14.625],"rotation":180,"texture":"#7"}}},{"name":"flat","from":[4.91913,22.19427,6.62],"to":[5.72913,25.43427,6.62],"rotation":{"angle":0,"axis":"y","origin":[7.34913,23.81427,9.05]},"faces":{"north":{"uv":[11,6,12,10],"rotation":180,"texture":"#7"},"east":{"uv":[14.625,11.875,15.625,11.875],"rotation":90,"texture":"#7"},"south":{"uv":[11,6,12,10],"rotation":180,"texture":"#7"},"west":{"uv":[1.375,11.875,2.375,11.875],"rotation":270,"texture":"#7"},"up":{"uv":[1.12475,1.375,1.37475,1.375],"texture":"#7"},"down":{"uv":[5,11,5.25,11],"rotation":180,"texture":"#7"}}},{"name":"flat","from":[4.91913,22.19427,11.48],"to":[5.72913,25.43427,11.48],"rotation":{"angle":0,"axis":"y","origin":[7.34913,23.81427,13.91]},"faces":{"north":{"uv":[13,2,14,6],"rotation":180,"texture":"#7"},"east":{"uv":[14.625,11.875,15.625,11.875],"rotation":90,"texture":"#7"},"south":{"uv":[13,2,14,6],"rotation":180,"texture":"#7"},"west":{"uv":[1.375,11.875,2.375,11.875],"rotation":270,"texture":"#7"},"up":{"uv":[1.12475,1.375,1.37475,1.375],"texture":"#7"},"down":{"uv":[5,11,5.25,11],"rotation":180,"texture":"#7"}}},{"from":[5.32494,17.42427,7.025],"to":[9.37494,21.47427,11.075],"rotation":{"angle":45,"axis":"y","origin":[7.34954,19.04427,9.05]},"faces":{"north":{"uv":[0,0,5,5],"texture":"#5"},"east":{"uv":[0,0,5,5],"texture":"#5"},"south":{"uv":[0,0,5,5],"texture":"#5"},"west":{"uv":[0,0,5,5],"texture":"#5"},"up":{"uv":[0,0,5,5],"texture":"#5"},"down":{"uv":[0,0,5,5],"texture":"#5"}}},{"name":"flat","from":[4.91913,17.01927,7.43],"to":[4.91913,21.87927,10.67],"rotation":{"angle":45,"axis":"y","origin":[7.34954,19.04427,9.05]},"faces":{"north":{"uv":[14.87525,11.625,16.37525,11.625],"rotation":90,"texture":"#5"},"east":{"uv":[0,0,6,4],"rotation":270,"texture":"#5"},"south":{"uv":[1.12475,11.625,2.62475,11.625],"rotation":270,"texture":"#5"},"west":{"uv":[0,0,6,4],"rotation":270,"texture":"#5"},"up":{"uv":[1.12475,1.625,2.12475,1.625],"rotation":270,"texture":"#5"},"down":{"uv":[1.12475,13.375,2.12475,13.375],"rotation":270,"texture":"#5"}}},{"name":"flat","from":[3.96954,17.06927,6.48041],"to":[8.96954,22.06927,6.48041],"rotation":{"angle":-45,"axis":"y","origin":[7.34954,19.04427,9.05]},"faces":{"north":{"uv":[0,16,16,0],"rotation":90,"texture":"#9"},"east":{"uv":[0,16,16,0],"rotation":90,"texture":"#9"},"south":{"uv":[0,0,16,16],"rotation":90,"texture":"#9"},"west":{"uv":[0,16,16,0],"rotation":90,"texture":"#9"},"up":{"uv":[0,16,16,0],"rotation":180,"texture":"#9"},"down":{"uv":[0,16,16,0],"texture":"#9"}}},{"name":"flat","from":[3.32454,16.66427,9.48041],"to":[8.32454,21.66427,9.48041],"rotation":{"angle":22.5,"axis":"y","origin":[7.34954,19.04427,9.05]},"faces":{"north":{"uv":[0,16,16,0],"rotation":180,"texture":"#9"},"east":{"uv":[0,16,16,0],"rotation":270,"texture":"#9"},"south":{"uv":[0,0,16,16],"texture":"#9"},"west":{"uv":[0,16,16,0],"rotation":90,"texture":"#9"},"up":{"uv":[0,16,16,0],"texture":"#9"},"down":{"uv":[0,16,16,0],"texture":"#9"}}},{"name":"flat","from":[6.32454,16.66427,10.48041],"to":[11.32454,21.66427,10.48041],"rotation":{"angle":-22.5,"axis":"y","origin":[7.34954,19.04427,9.05]},"faces":{"north":{"uv":[0,16,16,0],"rotation":180,"texture":"#9"},"east":{"uv":[0,16,16,0],"rotation":270,"texture":"#9"},"south":{"uv":[0,0,16,16],"texture":"#9"},"west":{"uv":[0,16,16,0],"rotation":90,"texture":"#9"},"up":{"uv":[0,16,16,0],"texture":"#9"},"down":{"uv":[0,16,16,0],"texture":"#9"}}},{"name":"flat","from":[9.77913,17.01927,7.43],"to":[9.77913,21.87927,10.67],"rotation":{"angle":45,"axis":"y","origin":[7.34954,19.04427,9.05]},"faces":{"north":{"uv":[14.87525,11.625,16.37525,11.625],"rotation":90,"texture":"#5"},"east":{"uv":[5,5,11,9],"rotation":270,"texture":"#5"},"south":{"uv":[1.12475,11.625,2.62475,11.625],"rotation":270,"texture":"#5"},"west":{"uv":[0,0,6,4],"rotation":270,"texture":"#5"},"up":{"uv":[1.12475,1.625,2.12475,1.625],"rotation":270,"texture":"#5"},"down":{"uv":[1.12475,13.375,2.12475,13.375],"rotation":270,"texture":"#5"}}},{"name":"flat","from":[5.72954,21.87927,10.67041],"to":[8.96954,21.87927,11.48041],"rotation":{"angle":45,"axis":"y","origin":[7.34954,19.04427,9.05]},"faces":{"north":{"uv":[13.62513,11.625,14.62513,11.625],"texture":"#5"},"east":{"uv":[2,4,6,4],"rotation":180,"texture":"#5"},"south":{"uv":[1.37487,11.625,2.37487,11.625],"texture":"#5"},"west":{"uv":[2.62513,11.625,2.87513,11.625],"texture":"#5"},"up":{"uv":[2,4,6,5],"rotation":180,"texture":"#5"},"down":{"uv":[2,4,6,5],"rotation":180,"texture":"#5"}}},{"name":"flat","from":[5.72954,17.01927,10.67041],"to":[8.96954,17.01927,11.48041],"rotation":{"angle":45,"axis":"y","origin":[7.34954,19.04427,9.05]},"faces":{"north":{"uv":[13.62513,11.625,14.62513,11.625],"texture":"#5"},"east":{"uv":[2,4,6,4],"rotation":180,"texture":"#5"},"south":{"uv":[1.37487,11.625,2.37487,11.625],"texture":"#5"},"west":{"uv":[2.62513,11.625,2.87513,11.625],"texture":"#5"},"up":{"uv":[2,4,6,5],"rotation":180,"texture":"#5"},"down":{"uv":[2,4,6,5],"rotation":180,"texture":"#5"}}},{"name":"flat","from":[4.91994,21.87927,7.43],"to":[9.77994,21.87927,10.67],"rotation":{"angle":45,"axis":"y","origin":[7.34954,19.04427,9.05]},"faces":{"north":{"uv":[13.375,11.625,14.875,11.625],"texture":"#5"},"east":{"uv":[13.375,11.625,14.375,11.625],"texture":"#5"},"south":{"uv":[1.125,11.625,2.625,11.625],"texture":"#5"},"west":{"uv":[1.625,11.625,2.625,11.625],"texture":"#5"},"up":{"uv":[6,0,12,4],"texture":"#5"},"down":{"uv":[6,0,12,4],"texture":"#5"}}},{"name":"flat","from":[4.91994,17.01927,7.43],"to":[9.77994,17.01927,10.67],"rotation":{"angle":45,"axis":"y","origin":[7.34954,19.04427,9.05]},"faces":{"north":{"uv":[13.375,11.625,14.875,11.625],"texture":"#5"},"east":{"uv":[13.375,11.625,14.375,11.625],"texture":"#5"},"south":{"uv":[1.125,11.625,2.625,11.625],"texture":"#5"},"west":{"uv":[1.625,11.625,2.625,11.625],"texture":"#5"},"up":{"uv":[6,0,12,4],"texture":"#5"},"down":{"uv":[6,0,12,4],"texture":"#5"}}},{"name":"flat","from":[5.72954,21.87927,6.62041],"to":[8.96954,21.87927,7.43041],"rotation":{"angle":45,"axis":"y","origin":[7.34954,19.04427,9.05]},"faces":{"north":{"uv":[13.62513,11.625,14.62513,11.625],"texture":"#5"},"east":{"uv":[14.37488,11.625,14.62488,11.625],"texture":"#5"},"south":{"uv":[1.37487,11.625,2.37487,11.625],"texture":"#5"},"west":{"uv":[1.37513,11.625,1.62513,11.625],"texture":"#5"},"up":{"uv":[2,2,6,3],"rotation":180,"texture":"#5"},"down":{"uv":[2,2,6,3],"rotation":180,"texture":"#5"}}},{"name":"flat","from":[5.72954,17.01927,6.62041],"to":[8.96954,17.01927,7.43041],"rotation":{"angle":45,"axis":"y","origin":[7.34954,19.04427,9.05]},"faces":{"north":{"uv":[13.62513,11.625,14.62513,11.625],"texture":"#5"},"east":{"uv":[14.37488,11.625,14.62488,11.625],"texture":"#5"},"south":{"uv":[1.37487,11.625,2.37487,11.625],"texture":"#5"},"west":{"uv":[1.37513,11.625,1.62513,11.625],"texture":"#5"},"up":{"uv":[2,2,6,3],"rotation":180,"texture":"#5"},"down":{"uv":[2,2,6,3],"rotation":180,"texture":"#5"}}},{"name":"flat","from":[5.72954,17.01927,6.6196],"to":[8.96954,21.87927,6.6196],"rotation":{"angle":45,"axis":"y","origin":[7.34954,19.04427,9.05]},"faces":{"north":{"uv":[0,0,4,6],"texture":"#5"},"east":{"uv":[14.62513,11.625,16.12513,11.625],"rotation":90,"texture":"#5"},"south":{"uv":[0,0,4,6],"texture":"#5"},"west":{"uv":[1.37488,11.625,2.87488,11.625],"rotation":270,"texture":"#5"},"up":{"uv":[1.37487,1.37488,2.37487,1.37488],"texture":"#5"},"down":{"uv":[1.37487,14.62513,2.37487,14.62513],"rotation":180,"texture":"#5"}}},{"name":"flat","from":[5.72954,17.01927,11.4796],"to":[8.96954,21.87927,11.4796],"rotation":{"angle":45,"axis":"y","origin":[7.34954,19.04427,9.05]},"faces":{"north":{"uv":[0,0,4,6],"texture":"#5"},"east":{"uv":[14.62513,11.625,16.12513,11.625],"rotation":90,"texture":"#5"},"south":{"uv":[0,0,4,6],"texture":"#5"},"west":{"uv":[1.37488,11.625,2.87488,11.625],"rotation":270,"texture":"#5"},"up":{"uv":[1.37487,1.37488,2.37487,1.37488],"texture":"#5"},"down":{"uv":[1.37487,14.62513,2.37487,14.62513],"rotation":180,"texture":"#5"}}},{"name":"flat","from":[4.91913,17.82927,6.62],"to":[4.91913,21.06927,7.43],"rotation":{"angle":45,"axis":"y","origin":[7.34954,19.04427,9.05]},"faces":{"north":{"uv":[14.87525,11.875,15.87525,11.875],"rotation":90,"texture":"#5"},"east":{"uv":[0,0,1,4],"rotation":180,"texture":"#5"},"south":{"uv":[1.12475,11.875,2.12475,11.875],"rotation":270,"texture":"#5"},"west":{"uv":[0,0,1,4],"rotation":180,"texture":"#5"},"up":{"uv":[1.12475,1.375,1.37475,1.375],"rotation":270,"texture":"#5"},"down":{"uv":[1.12475,14.375,1.37475,14.375],"rotation":270,"texture":"#5"}}},{"name":"flat","from":[9.77913,17.82927,6.62],"to":[9.77913,21.06927,7.43],"rotation":{"angle":45,"axis":"y","origin":[7.34954,19.04427,9.05]},"faces":{"north":{"uv":[14.87525,11.875,15.87525,11.875],"rotation":90,"texture":"#5"},"east":{"uv":[0,0,1,4],"rotation":180,"texture":"#5"},"south":{"uv":[1.12475,11.875,2.12475,11.875],"rotation":270,"texture":"#5"},"west":{"uv":[0,0,1,4],"rotation":180,"texture":"#5"},"up":{"uv":[1.12475,1.375,1.37475,1.375],"rotation":270,"texture":"#5"},"down":{"uv":[1.12475,14.375,1.37475,14.375],"rotation":270,"texture":"#5"}}},{"name":"flat","from":[4.91913,17.82927,10.67],"to":[4.91913,21.06927,11.48],"rotation":{"angle":45,"axis":"y","origin":[7.34954,19.04427,9.05]},"faces":{"north":{"uv":[14.87525,11.875,15.87525,11.875],"rotation":90,"texture":"#5"},"east":{"uv":[0,0,1,4],"rotation":180,"texture":"#5"},"south":{"uv":[1.12475,11.875,2.12475,11.875],"rotation":270,"texture":"#5"},"west":{"uv":[0,0,1,4],"rotation":180,"texture":"#5"},"up":{"uv":[1.12475,1.375,1.37475,1.375],"rotation":270,"texture":"#5"},"down":{"uv":[1.12475,14.375,1.37475,14.375],"rotation":270,"texture":"#5"}}},{"name":"flat","from":[9.77913,17.82927,10.67],"to":[9.77913,21.06927,11.48],"rotation":{"angle":45,"axis":"y","origin":[7.34954,19.04427,9.05]},"faces":{"north":{"uv":[14.87525,11.875,15.87525,11.875],"rotation":90,"texture":"#5"},"east":{"uv":[1,2,2,6],"rotation":180,"texture":"#5"},"south":{"uv":[1.12475,11.875,2.12475,11.875],"rotation":270,"texture":"#5"},"west":{"uv":[0,0,1,4],"rotation":180,"texture":"#5"},"up":{"uv":[1.12475,1.375,1.37475,1.375],"rotation":270,"texture":"#5"},"down":{"uv":[1.12475,14.375,1.37475,14.375],"rotation":270,"texture":"#5"}}},{"name":"flat","from":[8.96913,17.82927,6.62],"to":[9.77913,21.06927,6.62],"rotation":{"angle":45,"axis":"y","origin":[7.34954,19.04427,9.05]},"faces":{"north":{"uv":[13,7,14,11],"rotation":180,"texture":"#5"},"east":{"uv":[14.625,11.875,15.625,11.875],"rotation":90,"texture":"#5"},"south":{"uv":[13,7,14,11],"rotation":180,"texture":"#5"},"west":{"uv":[1.375,11.875,2.375,11.875],"rotation":270,"texture":"#5"},"up":{"uv":[2.37475,1.375,2.62475,1.375],"texture":"#5"},"down":{"uv":[2.37475,14.625,2.62475,14.625],"rotation":180,"texture":"#5"}}},{"name":"flat","from":[8.96913,17.82927,11.48],"to":[9.77913,21.06927,11.48],"rotation":{"angle":45,"axis":"y","origin":[7.34954,19.04427,9.05]},"faces":{"north":{"uv":[13,7,14,11],"rotation":180,"texture":"#5"},"east":{"uv":[14.625,11.875,15.625,11.875],"rotation":90,"texture":"#5"},"south":{"uv":[13,7,14,11],"rotation":180,"texture":"#5"},"west":{"uv":[1.375,11.875,2.375,11.875],"rotation":270,"texture":"#5"},"up":{"uv":[2.37475,1.375,2.62475,1.375],"texture":"#5"},"down":{"uv":[2.37475,14.625,2.62475,14.625],"rotation":180,"texture":"#5"}}},{"name":"flat","from":[4.91913,17.82927,6.62],"to":[5.72913,21.06927,6.62],"rotation":{"angle":45,"axis":"y","origin":[7.34954,19.04427,9.05]},"faces":{"north":{"uv":[11,6,12,10],"rotation":180,"texture":"#5"},"east":{"uv":[14.625,11.875,15.625,11.875],"rotation":90,"texture":"#5"},"south":{"uv":[11,6,12,10],"rotation":180,"texture":"#5"},"west":{"uv":[1.375,11.875,2.375,11.875],"rotation":270,"texture":"#5"},"up":{"uv":[1.12475,1.375,1.37475,1.375],"texture":"#5"},"down":{"uv":[5,11,5.25,11],"rotation":180,"texture":"#5"}}},{"name":"flat","from":[4.91913,17.82927,11.48],"to":[5.72913,21.06927,11.48],"rotation":{"angle":45,"axis":"y","origin":[7.34954,19.04427,9.05]},"faces":{"north":{"uv":[11,6,12,10],"rotation":180,"texture":"#5"},"east":{"uv":[14.625,11.875,15.625,11.875],"rotation":90,"texture":"#5"},"south":{"uv":[13,2,14,6],"rotation":180,"texture":"#5"},"west":{"uv":[1.375,11.875,2.375,11.875],"rotation":270,"texture":"#5"},"up":{"uv":[1.12475,1.375,1.37475,1.375],"texture":"#5"},"down":{"uv":[5,11,5.25,11],"rotation":180,"texture":"#5"}}},{"from":[5.32454,12.87927,7.02541],"to":[9.37454,16.92927,11.07541],"rotation":{"angle":22.5,"axis":"y","origin":[7.34954,14.90427,9.05]},"faces":{"north":{"uv":[0,0,5,5],"texture":"#6"},"east":{"uv":[0,0,5,5],"texture":"#6"},"south":{"uv":[0,0,5,5],"texture":"#6"},"west":{"uv":[0,0,5,5],"texture":"#6"},"up":{"uv":[0,0,5,5],"rotation":90,"texture":"#6"},"down":{"uv":[0,0,5,5],"rotation":270,"texture":"#6"}}},{"name":"flat","from":[5.72954,12.47427,6.6196],"to":[8.96954,17.33427,6.6196],"rotation":{"angle":22.5,"axis":"y","origin":[7.34954,14.90427,9.05]},"faces":{"north":{"uv":[0,0,6,4],"rotation":270,"texture":"#6"},"east":{"uv":[14.87525,11.625,16.37525,11.625],"rotation":90,"texture":"#6"},"south":{"uv":[0,0,6,4],"rotation":270,"texture":"#6"},"west":{"uv":[1.12475,11.625,2.62475,11.625],"rotation":270,"texture":"#6"},"up":{"uv":[1.12475,1.625,2.12475,1.625],"texture":"#6"},"down":{"uv":[1.12475,13.375,2.12475,13.375],"rotation":180,"texture":"#6"}}},{"name":"flat","from":[5.72954,12.47427,11.4796],"to":[8.96954,17.33427,11.4796],"rotation":{"angle":22.5,"axis":"y","origin":[7.34954,14.90427,9.05]},"faces":{"north":{"uv":[0,0,6,4],"rotation":270,"texture":"#6"},"east":{"uv":[14.87525,11.625,16.37525,11.625],"rotation":90,"texture":"#6"},"south":{"uv":[4,2,10,6],"rotation":270,"texture":"#6"},"west":{"uv":[1.12475,11.625,2.62475,11.625],"rotation":270,"texture":"#6"},"up":{"uv":[1.12475,1.625,2.12475,1.625],"texture":"#6"},"down":{"uv":[1.12475,13.375,2.12475,13.375],"rotation":180,"texture":"#6"}}},{"name":"flat","from":[4.91913,17.33427,7.43],"to":[5.72913,17.33427,10.67],"rotation":{"angle":22.5,"axis":"y","origin":[7.34954,14.90427,9.05]},"faces":{"north":{"uv":[2.62513,11.625,2.87513,11.625],"texture":"#6"},"east":{"uv":[13.62513,11.625,14.62513,11.625],"texture":"#6"},"south":{"uv":[2,4,6,4],"rotation":180,"texture":"#6"},"west":{"uv":[1.37487,11.625,2.37487,11.625],"texture":"#6"},"up":{"uv":[2,4,6,5],"rotation":270,"texture":"#6"},"down":{"uv":[2,4,6,5],"rotation":90,"texture":"#6"}}},{"name":"flat","from":[4.91913,12.47427,7.43],"to":[5.72913,12.47427,10.67],"rotation":{"angle":22.5,"axis":"y","origin":[7.34954,14.90427,9.05]},"faces":{"north":{"uv":[2.62513,11.625,2.87513,11.625],"texture":"#6"},"east":{"uv":[13.62513,11.625,14.62513,11.625],"texture":"#6"},"south":{"uv":[2,4,6,4],"rotation":180,"texture":"#6"},"west":{"uv":[1.37487,11.625,2.37487,11.625],"texture":"#6"},"up":{"uv":[2,4,6,5],"rotation":270,"texture":"#6"},"down":{"uv":[2,4,6,5],"rotation":90,"texture":"#6"}}},{"name":"flat","from":[5.72954,17.33427,6.62041],"to":[8.96954,17.33427,11.48041],"rotation":{"angle":22.5,"axis":"y","origin":[7.34954,14.90427,9.05]},"faces":{"north":{"uv":[1.625,11.625,2.625,11.625],"texture":"#6"},"east":{"uv":[13.375,11.625,14.875,11.625],"texture":"#6"},"south":{"uv":[13.375,11.625,14.375,11.625],"texture":"#6"},"west":{"uv":[1.125,11.625,2.625,11.625],"texture":"#6"},"up":{"uv":[6,5,12,9],"rotation":90,"texture":"#6"},"down":{"uv":[6,0,12,4],"rotation":270,"texture":"#6"}}},{"name":"flat","from":[5.72954,12.47427,6.62041],"to":[8.96954,12.47427,11.48041],"rotation":{"angle":22.5,"axis":"y","origin":[7.34954,14.90427,9.05]},"faces":{"north":{"uv":[1.625,11.625,2.625,11.625],"texture":"#6"},"east":{"uv":[13.375,11.625,14.875,11.625],"texture":"#6"},"south":{"uv":[13.375,11.625,14.375,11.625],"texture":"#6"},"west":{"uv":[1.125,11.625,2.625,11.625],"texture":"#6"},"up":{"uv":[6,0,12,4],"rotation":90,"texture":"#6"},"down":{"uv":[6,0,12,4],"rotation":270,"texture":"#6"}}},{"name":"flat","from":[8.96913,17.33427,7.43],"to":[9.77913,17.33427,10.67],"rotation":{"angle":22.5,"axis":"y","origin":[7.34954,14.90427,9.05]},"faces":{"north":{"uv":[1.37513,11.625,1.62513,11.625],"texture":"#6"},"east":{"uv":[13.62513,11.625,14.62513,11.625],"texture":"#6"},"south":{"uv":[14.37488,11.625,14.62488,11.625],"texture":"#6"},"west":{"uv":[1.37487,11.625,2.37487,11.625],"texture":"#6"},"up":{"uv":[2,2,6,3],"rotation":270,"texture":"#6"},"down":{"uv":[2,2,6,3],"rotation":90,"texture":"#6"}}},{"name":"flat","from":[8.96913,12.47427,7.43],"to":[9.77913,12.47427,10.67],"rotation":{"angle":22.5,"axis":"y","origin":[7.34954,14.90427,9.05]},"faces":{"north":{"uv":[1.37513,11.625,1.62513,11.625],"texture":"#6"},"east":{"uv":[13.62513,11.625,14.62513,11.625],"texture":"#6"},"south":{"uv":[14.37488,11.625,14.62488,11.625],"texture":"#6"},"west":{"uv":[1.37487,11.625,2.37487,11.625],"texture":"#6"},"up":{"uv":[2,2,6,3],"rotation":270,"texture":"#6"},"down":{"uv":[2,2,6,3],"rotation":90,"texture":"#6"}}},{"name":"flat","from":[9.77994,12.47427,7.43],"to":[9.77994,17.33427,10.67],"rotation":{"angle":22.5,"axis":"y","origin":[7.34954,14.90427,9.05]},"faces":{"north":{"uv":[1.37488,11.625,2.87488,11.625],"rotation":270,"texture":"#6"},"east":{"uv":[6,3,10,9],"texture":"#6"},"south":{"uv":[14.62513,11.625,16.12513,11.625],"rotation":90,"texture":"#6"},"west":{"uv":[0,0,4,6],"texture":"#6"},"up":{"uv":[1.37487,1.37488,2.37487,1.37488],"rotation":90,"texture":"#6"},"down":{"uv":[1.37487,14.62513,2.37487,14.62513],"rotation":90,"texture":"#6"}}},{"name":"flat","from":[4.91994,12.47427,7.43],"to":[4.91994,17.33427,10.67],"rotation":{"angle":22.5,"axis":"y","origin":[7.34954,14.90427,9.05]},"faces":{"north":{"uv":[1.37488,11.625,2.87488,11.625],"rotation":270,"texture":"#6"},"east":{"uv":[0,0,4,6],"texture":"#6"},"south":{"uv":[14.62513,11.625,16.12513,11.625],"rotation":90,"texture":"#6"},"west":{"uv":[7,9,11,15],"texture":"#6"},"up":{"uv":[1.37487,1.37488,2.37487,1.37488],"rotation":90,"texture":"#6"},"down":{"uv":[1.37487,14.62513,2.37487,14.62513],"rotation":90,"texture":"#6"}}},{"name":"flat","from":[8.96954,13.28427,6.6196],"to":[9.77954,16.52427,6.6196],"rotation":{"angle":22.5,"axis":"y","origin":[7.34954,14.90427,9.05]},"faces":{"north":{"uv":[0,0,1,4],"rotation":180,"texture":"#6"},"east":{"uv":[14.87525,11.875,15.87525,11.875],"rotation":90,"texture":"#6"},"south":{"uv":[0,0,1,4],"rotation":180,"texture":"#6"},"west":{"uv":[1.12475,11.875,2.12475,11.875],"rotation":270,"texture":"#6"},"up":{"uv":[1.12475,1.375,1.37475,1.375],"texture":"#6"},"down":{"uv":[1.12475,14.375,1.37475,14.375],"rotation":180,"texture":"#6"}}},{"name":"flat","from":[8.96954,13.28427,11.4796],"to":[9.77954,16.52427,11.4796],"rotation":{"angle":22.5,"axis":"y","origin":[7.34954,14.90427,9.05]},"faces":{"north":{"uv":[0,0,1,4],"rotation":180,"texture":"#6"},"east":{"uv":[14.87525,11.875,15.87525,11.875],"rotation":90,"texture":"#6"},"south":{"uv":[0,0,1,4],"rotation":180,"texture":"#6"},"west":{"uv":[1.12475,11.875,2.12475,11.875],"rotation":270,"texture":"#6"},"up":{"uv":[1.12475,1.375,1.37475,1.375],"texture":"#6"},"down":{"uv":[1.12475,14.375,1.37475,14.375],"rotation":180,"texture":"#6"}}},{"name":"flat","from":[4.91954,13.28427,6.6196],"to":[5.72954,16.52427,6.6196],"rotation":{"angle":22.5,"axis":"y","origin":[7.34954,14.90427,9.05]},"faces":{"north":{"uv":[0,0,1,4],"rotation":180,"texture":"#6"},"east":{"uv":[14.87525,11.875,15.87525,11.875],"rotation":90,"texture":"#6"},"south":{"uv":[0,0,1,4],"rotation":180,"texture":"#6"},"west":{"uv":[1.12475,11.875,2.12475,11.875],"rotation":270,"texture":"#6"},"up":{"uv":[1.12475,1.375,1.37475,1.375],"texture":"#6"},"down":{"uv":[1.12475,14.375,1.37475,14.375],"rotation":180,"texture":"#6"}}},{"name":"flat","from":[4.91954,13.28427,11.4796],"to":[5.72954,16.52427,11.4796],"rotation":{"angle":22.5,"axis":"y","origin":[7.34954,14.90427,9.05]},"faces":{"north":{"uv":[0,0,1,4],"rotation":180,"texture":"#6"},"east":{"uv":[14.87525,11.875,15.87525,11.875],"rotation":90,"texture":"#6"},"south":{"uv":[1,2,2,6],"rotation":180,"texture":"#6"},"west":{"uv":[1.12475,11.875,2.12475,11.875],"rotation":270,"texture":"#6"},"up":{"uv":[1.12475,1.375,1.37475,1.375],"texture":"#6"},"down":{"uv":[1.12475,14.375,1.37475,14.375],"rotation":180,"texture":"#6"}}},{"name":"flat","from":[9.77954,13.28427,10.6696],"to":[9.77954,16.52427,11.4796],"rotation":{"angle":22.5,"axis":"y","origin":[7.34954,14.90427,9.05]},"faces":{"north":{"uv":[1.375,11.875,2.375,11.875],"rotation":270,"texture":"#6"},"east":{"uv":[13,7,14,11],"rotation":180,"texture":"#6"},"south":{"uv":[14.625,11.875,15.625,11.875],"rotation":90,"texture":"#6"},"west":{"uv":[13,7,14,11],"rotation":180,"texture":"#6"},"up":{"uv":[2.37475,1.375,2.62475,1.375],"rotation":90,"texture":"#6"},"down":{"uv":[2.37475,14.625,2.62475,14.625],"rotation":90,"texture":"#6"}}},{"name":"flat","from":[4.91954,13.28427,10.6696],"to":[4.91954,16.52427,11.4796],"rotation":{"angle":22.5,"axis":"y","origin":[7.34954,14.90427,9.05]},"faces":{"north":{"uv":[1.375,11.875,2.375,11.875],"rotation":270,"texture":"#6"},"east":{"uv":[13,7,14,11],"rotation":180,"texture":"#6"},"south":{"uv":[14.625,11.875,15.625,11.875],"rotation":90,"texture":"#6"},"west":{"uv":[13,7,14,11],"rotation":180,"texture":"#6"},"up":{"uv":[2.37475,1.375,2.62475,1.375],"rotation":90,"texture":"#6"},"down":{"uv":[2.37475,14.625,2.62475,14.625],"rotation":90,"texture":"#6"}}},{"name":"flat","from":[9.77954,13.28427,6.6196],"to":[9.77954,16.52427,7.4296],"rotation":{"angle":22.5,"axis":"y","origin":[7.34954,14.90427,9.05]},"faces":{"north":{"uv":[1.375,11.875,2.375,11.875],"rotation":270,"texture":"#6"},"east":{"uv":[11,6,12,10],"rotation":180,"texture":"#6"},"south":{"uv":[14.625,11.875,15.625,11.875],"rotation":90,"texture":"#6"},"west":{"uv":[11,6,12,10],"rotation":180,"texture":"#6"},"up":{"uv":[1.12475,1.375,1.37475,1.375],"rotation":90,"texture":"#6"},"down":{"uv":[5,11,5.25,11],"rotation":90,"texture":"#6"}}},{"name":"flat","from":[4.91954,13.28427,6.6196],"to":[4.91954,16.52427,7.4296],"rotation":{"angle":22.5,"axis":"y","origin":[7.34954,14.90427,9.05]},"faces":{"north":{"uv":[1.375,11.875,2.375,11.875],"rotation":270,"texture":"#6"},"east":{"uv":[11,6,12,10],"rotation":180,"texture":"#6"},"south":{"uv":[14.625,11.875,15.625,11.875],"rotation":90,"texture":"#6"},"west":{"uv":[13,2,14,6],"rotation":180,"texture":"#6"},"up":{"uv":[1.12475,1.375,1.37475,1.375],"rotation":90,"texture":"#6"},"down":{"uv":[5,11,5.25,11],"rotation":90,"texture":"#6"}}},{"from":[5.32494,8.33427,7.025],"to":[9.37494,12.38427,11.075],"rotation":{"angle":-22.5,"axis":"y","origin":[7.34913,18.95427,9.05]},"faces":{"north":{"uv":[0,0,5,5],"texture":"#4"},"east":{"uv":[0,0,5,5],"texture":"#4"},"south":{"uv":[0,0,5,5],"texture":"#4"},"west":{"uv":[0,0,5,5],"texture":"#4"},"up":{"uv":[0,0,5,5],"texture":"#4"},"down":{"uv":[0,0,5,5],"texture":"#4"}}},{"name":"flat","from":[4.91913,7.92927,7.43],"to":[4.91913,12.78927,10.67],"rotation":{"angle":-22.5,"axis":"y","origin":[7.34913,18.95427,9.05]},"faces":{"north":{"uv":[14.87525,11.625,16.37525,11.625],"rotation":90,"texture":"#4"},"east":{"uv":[0,0,6,4],"rotation":270,"texture":"#4"},"south":{"uv":[1.12475,11.625,2.62475,11.625],"rotation":270,"texture":"#4"},"west":{"uv":[0,0,6,4],"rotation":270,"texture":"#4"},"up":{"uv":[0,0,5,5],"rotation":270,"texture":"#4"},"down":{"uv":[1.12475,13.375,2.12475,13.375],"rotation":270,"texture":"#4"}}},{"name":"flat","from":[9.77913,7.92927,7.43],"to":[9.77913,12.78927,10.67],"rotation":{"angle":-22.5,"axis":"y","origin":[7.34913,18.95427,9.05]},"faces":{"north":{"uv":[14.87525,11.625,16.37525,11.625],"rotation":90,"texture":"#4"},"east":{"uv":[5,5,11,9],"rotation":270,"texture":"#4"},"south":{"uv":[1.12475,11.625,2.62475,11.625],"rotation":270,"texture":"#4"},"west":{"uv":[0,0,6,4],"rotation":270,"texture":"#4"},"up":{"uv":[0,0,5,5],"rotation":270,"texture":"#4"},"down":{"uv":[1.12475,13.375,2.12475,13.375],"rotation":270,"texture":"#4"}}},{"name":"flat","from":[5.72954,12.78927,10.67041],"to":[8.96954,12.78927,11.48041],"rotation":{"angle":-22.5,"axis":"y","origin":[7.34913,18.95427,9.05]},"faces":{"north":{"uv":[13.62513,11.625,14.62513,11.625],"texture":"#4"},"east":{"uv":[2,4,6,4],"rotation":180,"texture":"#4"},"south":{"uv":[1.37487,11.625,2.37487,11.625],"texture":"#4"},"west":{"uv":[2.62513,11.625,2.87513,11.625],"texture":"#4"},"up":{"uv":[0,0,5,5],"rotation":180,"texture":"#4"},"down":{"uv":[2,4,6,5],"rotation":180,"texture":"#4"}}},{"name":"flat","from":[5.72954,7.92927,10.67041],"to":[8.96954,7.92927,11.48041],"rotation":{"angle":-22.5,"axis":"y","origin":[7.34913,18.95427,9.05]},"faces":{"north":{"uv":[13.62513,11.625,14.62513,11.625],"texture":"#4"},"east":{"uv":[2,4,6,4],"rotation":180,"texture":"#4"},"south":{"uv":[1.37487,11.625,2.37487,11.625],"texture":"#4"},"west":{"uv":[2.62513,11.625,2.87513,11.625],"texture":"#4"},"up":{"uv":[0,0,5,5],"rotation":180,"texture":"#4"},"down":{"uv":[2,4,6,5],"rotation":180,"texture":"#4"}}},{"name":"flat","from":[4.91994,12.78927,7.43],"to":[9.77994,12.78927,10.67],"rotation":{"angle":-22.5,"axis":"y","origin":[7.34913,18.95427,9.05]},"faces":{"north":{"uv":[13.375,11.625,14.875,11.625],"texture":"#4"},"east":{"uv":[13.375,11.625,14.375,11.625],"texture":"#4"},"south":{"uv":[1.125,11.625,2.625,11.625],"texture":"#4"},"west":{"uv":[1.625,11.625,2.625,11.625],"texture":"#4"},"up":{"uv":[0,0,5,5],"texture":"#4"},"down":{"uv":[6,0,12,4],"texture":"#4"}}},{"name":"flat","from":[4.91994,7.92927,7.43],"to":[9.77994,7.92927,10.67],"rotation":{"angle":-22.5,"axis":"y","origin":[7.34913,18.95427,9.05]},"faces":{"north":{"uv":[13.375,11.625,14.875,11.625],"texture":"#4"},"east":{"uv":[13.375,11.625,14.375,11.625],"texture":"#4"},"south":{"uv":[1.125,11.625,2.625,11.625],"texture":"#4"},"west":{"uv":[1.625,11.625,2.625,11.625],"texture":"#4"},"up":{"uv":[0,0,5,5],"texture":"#4"},"down":{"uv":[6,0,12,4],"texture":"#4"}}},{"name":"flat","from":[5.72954,12.78927,6.62041],"to":[8.96954,12.78927,7.43041],"rotation":{"angle":-22.5,"axis":"y","origin":[7.34913,18.95427,9.05]},"faces":{"north":{"uv":[13.62513,11.625,14.62513,11.625],"texture":"#4"},"east":{"uv":[14.37488,11.625,14.62488,11.625],"texture":"#4"},"south":{"uv":[1.37487,11.625,2.37487,11.625],"texture":"#4"},"west":{"uv":[1.37513,11.625,1.62513,11.625],"texture":"#4"},"up":{"uv":[0,0,5,5],"rotation":180,"texture":"#4"},"down":{"uv":[2,2,6,3],"rotation":180,"texture":"#4"}}},{"name":"flat","from":[5.72954,7.92927,6.62041],"to":[8.96954,7.92927,7.43041],"rotation":{"angle":-22.5,"axis":"y","origin":[7.34913,18.95427,9.05]},"faces":{"north":{"uv":[13.62513,11.625,14.62513,11.625],"texture":"#4"},"east":{"uv":[14.37488,11.625,14.62488,11.625],"texture":"#4"},"south":{"uv":[1.37487,11.625,2.37487,11.625],"texture":"#4"},"west":{"uv":[1.37513,11.625,1.62513,11.625],"texture":"#4"},"up":{"uv":[0,0,5,5],"rotation":180,"texture":"#4"},"down":{"uv":[2,2,6,3],"rotation":180,"texture":"#4"}}},{"name":"flat","from":[5.72954,7.92927,6.6196],"to":[8.96954,12.78927,6.6196],"rotation":{"angle":-22.5,"axis":"y","origin":[7.34913,18.95427,9.05]},"faces":{"north":{"uv":[0,0,4,6],"texture":"#4"},"east":{"uv":[14.62513,11.625,16.12513,11.625],"rotation":90,"texture":"#4"},"south":{"uv":[0,0,4,6],"texture":"#4"},"west":{"uv":[1.37488,11.625,2.87488,11.625],"rotation":270,"texture":"#4"},"up":{"uv":[0,0,5,5],"texture":"#4"},"down":{"uv":[1.37487,14.62513,2.37487,14.62513],"rotation":180,"texture":"#4"}}},{"name":"flat","from":[5.72954,7.92927,11.4796],"to":[8.96954,12.78927,11.4796],"rotation":{"angle":-22.5,"axis":"y","origin":[7.34913,18.95427,9.05]},"faces":{"north":{"uv":[0,0,4,6],"texture":"#4"},"east":{"uv":[14.62513,11.625,16.12513,11.625],"rotation":90,"texture":"#4"},"south":{"uv":[0,0,4,6],"texture":"#4"},"west":{"uv":[1.37488,11.625,2.87488,11.625],"rotation":270,"texture":"#4"},"up":{"uv":[0,0,5,5],"texture":"#4"},"down":{"uv":[1.37487,14.62513,2.37487,14.62513],"rotation":180,"texture":"#4"}}},{"name":"flat","from":[4.91913,8.73927,6.62],"to":[4.91913,11.97927,7.43],"rotation":{"angle":-22.5,"axis":"y","origin":[7.34913,18.95427,9.05]},"faces":{"north":{"uv":[14.87525,11.875,15.87525,11.875],"rotation":90,"texture":"#4"},"east":{"uv":[0,0,1,4],"rotation":180,"texture":"#4"},"south":{"uv":[1.12475,11.875,2.12475,11.875],"rotation":270,"texture":"#4"},"west":{"uv":[0,0,1,4],"rotation":180,"texture":"#4"},"up":{"uv":[0,0,5,5],"rotation":270,"texture":"#4"},"down":{"uv":[1.12475,14.375,1.37475,14.375],"rotation":270,"texture":"#4"}}},{"name":"flat","from":[9.77913,8.73927,6.62],"to":[9.77913,11.97927,7.43],"rotation":{"angle":-22.5,"axis":"y","origin":[7.34913,18.95427,9.05]},"faces":{"north":{"uv":[14.87525,11.875,15.87525,11.875],"rotation":90,"texture":"#4"},"east":{"uv":[0,0,1,4],"rotation":180,"texture":"#4"},"south":{"uv":[1.12475,11.875,2.12475,11.875],"rotation":270,"texture":"#4"},"west":{"uv":[0,0,1,4],"rotation":180,"texture":"#4"},"up":{"uv":[0,0,5,5],"rotation":270,"texture":"#4"},"down":{"uv":[1.12475,14.375,1.37475,14.375],"rotation":270,"texture":"#4"}}},{"name":"flat","from":[4.91913,8.73927,10.67],"to":[4.91913,11.97927,11.48],"rotation":{"angle":-22.5,"axis":"y","origin":[7.34913,18.95427,9.05]},"faces":{"north":{"uv":[14.87525,11.875,15.87525,11.875],"rotation":90,"texture":"#4"},"east":{"uv":[0,0,1,4],"rotation":180,"texture":"#4"},"south":{"uv":[1.12475,11.875,2.12475,11.875],"rotation":270,"texture":"#4"},"west":{"uv":[0,0,1,4],"rotation":180,"texture":"#4"},"up":{"uv":[0,0,5,5],"rotation":270,"texture":"#4"},"down":{"uv":[1.12475,14.375,1.37475,14.375],"rotation":270,"texture":"#4"}}},{"name":"flat","from":[9.77913,8.73927,10.67],"to":[9.77913,11.97927,11.48],"rotation":{"angle":-22.5,"axis":"y","origin":[7.34913,18.95427,9.05]},"faces":{"north":{"uv":[14.87525,11.875,15.87525,11.875],"rotation":90,"texture":"#4"},"east":{"uv":[1,2,2,6],"rotation":180,"texture":"#4"},"south":{"uv":[1.12475,11.875,2.12475,11.875],"rotation":270,"texture":"#4"},"west":{"uv":[0,0,1,4],"rotation":180,"texture":"#4"},"up":{"uv":[0,0,5,5],"rotation":270,"texture":"#4"},"down":{"uv":[1.12475,14.375,1.37475,14.375],"rotation":270,"texture":"#4"}}},{"name":"flat","from":[8.96913,8.73927,6.62],"to":[9.77913,11.97927,6.62],"rotation":{"angle":-22.5,"axis":"y","origin":[7.34913,18.95427,9.05]},"faces":{"north":{"uv":[13,7,14,11],"rotation":180,"texture":"#4"},"east":{"uv":[14.625,11.875,15.625,11.875],"rotation":90,"texture":"#4"},"south":{"uv":[13,7,14,11],"rotation":180,"texture":"#4"},"west":{"uv":[1.375,11.875,2.375,11.875],"rotation":270,"texture":"#4"},"up":{"uv":[0,0,5,5],"texture":"#4"},"down":{"uv":[2.37475,14.625,2.62475,14.625],"rotation":180,"texture":"#4"}}},{"name":"flat","from":[8.96913,8.73927,11.48],"to":[9.77913,11.97927,11.48],"rotation":{"angle":-22.5,"axis":"y","origin":[7.34913,18.95427,9.05]},"faces":{"north":{"uv":[13,7,14,11],"rotation":180,"texture":"#4"},"east":{"uv":[14.625,11.875,15.625,11.875],"rotation":90,"texture":"#4"},"south":{"uv":[13,7,14,11],"rotation":180,"texture":"#4"},"west":{"uv":[1.375,11.875,2.375,11.875],"rotation":270,"texture":"#4"},"up":{"uv":[0,0,5,5],"texture":"#4"},"down":{"uv":[2.37475,14.625,2.62475,14.625],"rotation":180,"texture":"#4"}}},{"name":"flat","from":[4.91913,8.73927,6.62],"to":[5.72913,11.97927,6.62],"rotation":{"angle":-22.5,"axis":"y","origin":[7.34913,18.95427,9.05]},"faces":{"north":{"uv":[11,6,12,10],"rotation":180,"texture":"#4"},"east":{"uv":[14.625,11.875,15.625,11.875],"rotation":90,"texture":"#4"},"south":{"uv":[11,6,12,10],"rotation":180,"texture":"#4"},"west":{"uv":[1.375,11.875,2.375,11.875],"rotation":270,"texture":"#4"},"up":{"uv":[0,0,5,5],"texture":"#4"},"down":{"uv":[5,11,5.25,11],"rotation":180,"texture":"#4"}}},{"name":"flat","from":[4.91913,8.73927,11.48],"to":[5.72913,11.97927,11.48],"rotation":{"angle":-22.5,"axis":"y","origin":[7.34913,18.95427,9.05]},"faces":{"north":{"uv":[11,6,12,10],"rotation":180,"texture":"#4"},"east":{"uv":[14.625,11.875,15.625,11.875],"rotation":90,"texture":"#4"},"south":{"uv":[13,2,14,6],"rotation":180,"texture":"#4"},"west":{"uv":[1.375,11.875,2.375,11.875],"rotation":270,"texture":"#4"},"up":{"uv":[0,0,5,5],"texture":"#4"},"down":{"uv":[5,11,5.25,11],"rotation":180,"texture":"#4"}}},{"from":[5.32494,3.96927,7.025],"to":[9.37494,8.01927,11.075],"rotation":{"angle":0,"axis":"y","origin":[11.80494,10.44927,13.505]},"faces":{"north":{"uv":[0,0,5,5],"texture":"#3"},"east":{"uv":[0,0,5,5],"texture":"#3"},"south":{"uv":[0,0,5,5],"texture":"#3"},"west":{"uv":[0,0,5,5],"texture":"#3"},"up":{"uv":[0,0,5,5],"texture":"#3"},"down":{"uv":[0,0,5,5],"texture":"#3"}}},{"name":"flat","from":[4.91913,3.56427,7.43],"to":[4.91913,8.42427,10.67],"rotation":{"angle":0,"axis":"z","origin":[4.91913,5.99427,9.05]},"faces":{"north":{"uv":[14.87525,11.625,16.37525,11.625],"rotation":90,"texture":"#3"},"east":{"uv":[0,0,6,4],"rotation":270,"texture":"#3"},"south":{"uv":[1.12475,11.625,2.62475,11.625],"rotation":270,"texture":"#3"},"west":{"uv":[0,0,6,4],"rotation":270,"texture":"#3"},"up":{"uv":[1.12475,1.625,2.12475,1.625],"rotation":270,"texture":"#3"},"down":{"uv":[1.12475,13.375,2.12475,13.375],"rotation":270,"texture":"#3"}}},{"name":"flat","from":[9.77913,3.56427,7.43],"to":[9.77913,8.42427,10.67],"rotation":{"angle":0,"axis":"z","origin":[9.77913,5.99427,9.05]},"faces":{"north":{"uv":[14.87525,11.625,16.37525,11.625],"rotation":90,"texture":"#3"},"east":{"uv":[4,2,10,6],"rotation":270,"texture":"#3"},"south":{"uv":[1.12475,11.625,2.62475,11.625],"rotation":270,"texture":"#3"},"west":{"uv":[0,0,6,4],"rotation":270,"texture":"#3"},"up":{"uv":[1.12475,1.625,2.12475,1.625],"rotation":270,"texture":"#3"},"down":{"uv":[1.12475,13.375,2.12475,13.375],"rotation":270,"texture":"#3"}}},{"name":"flat","from":[5.72954,8.42427,10.67041],"to":[8.96954,8.42427,11.48041],"rotation":{"angle":0,"axis":"y","origin":[7.34954,5.99427,9.05]},"faces":{"north":{"uv":[13.62513,11.625,14.62513,11.625],"texture":"#3"},"east":{"uv":[2,4,6,4],"rotation":180,"texture":"#3"},"south":{"uv":[1.37487,11.625,2.37487,11.625],"texture":"#3"},"west":{"uv":[2.62513,11.625,2.87513,11.625],"texture":"#3"},"up":{"uv":[2,4,6,5],"rotation":180,"texture":"#3"},"down":{"uv":[2,4,6,5],"rotation":180,"texture":"#3"}}},{"name":"flat","from":[5.72954,3.56427,10.67041],"to":[8.96954,3.56427,11.48041],"rotation":{"angle":0,"axis":"y","origin":[7.34954,1.13427,9.05]},"faces":{"north":{"uv":[13.62513,11.625,14.62513,11.625],"texture":"#3"},"east":{"uv":[2,4,6,4],"rotation":180,"texture":"#3"},"south":{"uv":[1.37487,11.625,2.37487,11.625],"texture":"#3"},"west":{"uv":[2.62513,11.625,2.87513,11.625],"texture":"#3"},"up":{"uv":[2,4,6,5],"rotation":180,"texture":"#3"},"down":{"uv":[2,4,6,5],"rotation":180,"texture":"#3"}}},{"name":"flat","from":[4.91994,8.42427,7.43],"to":[9.77994,8.42427,10.67],"rotation":{"angle":0,"axis":"y","origin":[12.61494,16.11927,13.505]},"faces":{"north":{"uv":[13.375,11.625,14.875,11.625],"texture":"#3"},"east":{"uv":[13.375,11.625,14.375,11.625],"texture":"#3"},"south":{"uv":[1.125,11.625,2.625,11.625],"texture":"#3"},"west":{"uv":[1.625,11.625,2.625,11.625],"texture":"#3"},"up":{"uv":[6,5,12,9],"texture":"#3"},"down":{"uv":[6,0,12,4],"texture":"#3"}}},{"name":"flat","from":[4.91994,3.56427,7.43],"to":[9.77994,3.56427,10.67],"rotation":{"angle":0,"axis":"y","origin":[12.61494,11.25927,13.505]},"faces":{"north":{"uv":[13.375,11.625,14.875,11.625],"texture":"#3"},"east":{"uv":[13.375,11.625,14.375,11.625],"texture":"#3"},"south":{"uv":[1.125,11.625,2.625,11.625],"texture":"#3"},"west":{"uv":[1.625,11.625,2.625,11.625],"texture":"#3"},"up":{"uv":[6,0,12,4],"texture":"#3"},"down":{"uv":[6,0,12,4],"texture":"#3"}}},{"name":"flat","from":[5.72954,8.42427,6.62041],"to":[8.96954,8.42427,7.43041],"rotation":{"angle":0,"axis":"y","origin":[7.34954,5.99427,5]},"faces":{"north":{"uv":[13.62513,11.625,14.62513,11.625],"texture":"#3"},"east":{"uv":[14.37488,11.625,14.62488,11.625],"texture":"#3"},"south":{"uv":[1.37487,11.625,2.37487,11.625],"texture":"#3"},"west":{"uv":[1.37513,11.625,1.62513,11.625],"texture":"#3"},"up":{"uv":[2,2,6,3],"rotation":180,"texture":"#3"},"down":{"uv":[2,2,6,3],"rotation":180,"texture":"#3"}}},{"name":"flat","from":[5.72954,3.56427,6.62041],"to":[8.96954,3.56427,7.43041],"rotation":{"angle":0,"axis":"y","origin":[7.34954,1.13427,5]},"faces":{"north":{"uv":[13.62513,11.625,14.62513,11.625],"texture":"#3"},"east":{"uv":[14.37488,11.625,14.62488,11.625],"texture":"#3"},"south":{"uv":[1.37487,11.625,2.37487,11.625],"texture":"#3"},"west":{"uv":[1.37513,11.625,1.62513,11.625],"texture":"#3"},"up":{"uv":[2,2,6,3],"rotation":180,"texture":"#3"},"down":{"uv":[2,2,6,3],"rotation":180,"texture":"#3"}}},{"name":"flat","from":[5.72954,3.56427,6.6196],"to":[8.96954,8.42427,6.6196],"rotation":{"angle":0,"axis":"y","origin":[7.34954,5.99427,9.05]},"faces":{"north":{"uv":[6,3,10,9],"texture":"#3"},"east":{"uv":[14.62513,11.625,16.12513,11.625],"rotation":90,"texture":"#3"},"south":{"uv":[0,0,4,6],"texture":"#3"},"west":{"uv":[1.37488,11.625,2.87488,11.625],"rotation":270,"texture":"#3"},"up":{"uv":[1.37487,1.37488,2.37487,1.37488],"texture":"#3"},"down":{"uv":[1.37487,14.62513,2.37487,14.62513],"rotation":180,"texture":"#3"}}},{"name":"flat","from":[5.72954,3.56427,11.4796],"to":[8.96954,8.42427,11.4796],"rotation":{"angle":0,"axis":"y","origin":[7.34954,5.99427,13.91]},"faces":{"north":{"uv":[0,0,4,6],"texture":"#3"},"east":{"uv":[14.62513,11.625,16.12513,11.625],"rotation":90,"texture":"#3"},"south":{"uv":[7,9,11,15],"texture":"#3"},"west":{"uv":[1.37488,11.625,2.87488,11.625],"rotation":270,"texture":"#3"},"up":{"uv":[1.37487,1.37488,2.37487,1.37488],"texture":"#3"},"down":{"uv":[1.37487,14.62513,2.37487,14.62513],"rotation":180,"texture":"#3"}}},{"name":"flat","from":[4.91913,4.37427,6.62],"to":[4.91913,7.61427,7.43],"rotation":{"angle":0,"axis":"x","origin":[4.91913,5.99427,5]},"faces":{"north":{"uv":[14.87525,11.875,15.87525,11.875],"rotation":90,"texture":"#3"},"east":{"uv":[0,0,1,4],"rotation":180,"texture":"#3"},"south":{"uv":[1.12475,11.875,2.12475,11.875],"rotation":270,"texture":"#3"},"west":{"uv":[0,0,1,4],"rotation":180,"texture":"#3"},"up":{"uv":[1.12475,1.375,1.37475,1.375],"rotation":270,"texture":"#3"},"down":{"uv":[1.12475,14.375,1.37475,14.375],"rotation":270,"texture":"#3"}}},{"name":"flat","from":[9.77913,4.37427,6.62],"to":[9.77913,7.61427,7.43],"rotation":{"angle":0,"axis":"x","origin":[9.77913,5.99427,5]},"faces":{"north":{"uv":[14.87525,11.875,15.87525,11.875],"rotation":90,"texture":"#3"},"east":{"uv":[0,0,1,4],"rotation":180,"texture":"#3"},"south":{"uv":[1.12475,11.875,2.12475,11.875],"rotation":270,"texture":"#3"},"west":{"uv":[0,0,1,4],"rotation":180,"texture":"#3"},"up":{"uv":[1.12475,1.375,1.37475,1.375],"rotation":270,"texture":"#3"},"down":{"uv":[1.12475,14.375,1.37475,14.375],"rotation":270,"texture":"#3"}}},{"name":"flat","from":[4.91913,4.37427,10.67],"to":[4.91913,7.61427,11.48],"rotation":{"angle":0,"axis":"x","origin":[4.91913,5.99427,9.05]},"faces":{"north":{"uv":[14.87525,11.875,15.87525,11.875],"rotation":90,"texture":"#3"},"east":{"uv":[0,0,1,4],"rotation":180,"texture":"#3"},"south":{"uv":[1.12475,11.875,2.12475,11.875],"rotation":270,"texture":"#3"},"west":{"uv":[0,0,1,4],"rotation":180,"texture":"#3"},"up":{"uv":[1.12475,1.375,1.37475,1.375],"rotation":270,"texture":"#3"},"down":{"uv":[1.12475,14.375,1.37475,14.375],"rotation":270,"texture":"#3"}}},{"name":"flat","from":[9.77913,4.37427,10.67],"to":[9.77913,7.61427,11.48],"rotation":{"angle":0,"axis":"x","origin":[9.77913,5.99427,9.05]},"faces":{"north":{"uv":[14.87525,11.875,15.87525,11.875],"rotation":90,"texture":"#3"},"east":{"uv":[1,2,2,6],"rotation":180,"texture":"#3"},"south":{"uv":[1.12475,11.875,2.12475,11.875],"rotation":270,"texture":"#3"},"west":{"uv":[0,0,1,4],"rotation":180,"texture":"#3"},"up":{"uv":[1.12475,1.375,1.37475,1.375],"rotation":270,"texture":"#3"},"down":{"uv":[1.12475,14.375,1.37475,14.375],"rotation":270,"texture":"#3"}}},{"name":"flat","from":[8.96913,4.37427,6.62],"to":[9.77913,7.61427,6.62],"rotation":{"angle":0,"axis":"y","origin":[7.34913,5.99427,9.05]},"faces":{"north":{"uv":[13,7,14,11],"rotation":180,"texture":"#3"},"east":{"uv":[14.625,11.875,15.625,11.875],"rotation":90,"texture":"#3"},"south":{"uv":[13,7,14,11],"rotation":180,"texture":"#3"},"west":{"uv":[1.375,11.875,2.375,11.875],"rotation":270,"texture":"#3"},"up":{"uv":[2.37475,1.375,2.62475,1.375],"texture":"#3"},"down":{"uv":[2.37475,14.625,2.62475,14.625],"rotation":180,"texture":"#3"}}},{"name":"flat","from":[8.96913,4.37427,11.48],"to":[9.77913,7.61427,11.48],"rotation":{"angle":0,"axis":"y","origin":[7.34913,5.99427,13.91]},"faces":{"north":{"uv":[13,7,14,11],"rotation":180,"texture":"#3"},"east":{"uv":[14.625,11.875,15.625,11.875],"rotation":90,"texture":"#3"},"south":{"uv":[13,7,14,11],"rotation":180,"texture":"#3"},"west":{"uv":[1.375,11.875,2.375,11.875],"rotation":270,"texture":"#3"},"up":{"uv":[2.37475,1.375,2.62475,1.375],"texture":"#3"},"down":{"uv":[2.37475,14.625,2.62475,14.625],"rotation":180,"texture":"#3"}}},{"name":"flat","from":[4.91913,4.37427,6.62],"to":[5.72913,7.61427,6.62],"rotation":{"angle":0,"axis":"y","origin":[7.34913,5.99427,9.05]},"faces":{"north":{"uv":[11,6,12,10],"rotation":180,"texture":"#3"},"east":{"uv":[14.625,11.875,15.625,11.875],"rotation":90,"texture":"#3"},"south":{"uv":[11,6,12,10],"rotation":180,"texture":"#3"},"west":{"uv":[1.375,11.875,2.375,11.875],"rotation":270,"texture":"#3"},"up":{"uv":[1.12475,1.375,1.37475,1.375],"texture":"#3"},"down":{"uv":[5,11,5.25,11],"rotation":180,"texture":"#3"}}},{"name":"flat","from":[4.91913,4.37427,11.48],"to":[5.72913,7.61427,11.48],"rotation":{"angle":0,"axis":"y","origin":[7.34913,5.99427,13.91]},"faces":{"north":{"uv":[11,6,12,10],"rotation":180,"texture":"#3"},"east":{"uv":[14.625,11.875,15.625,11.875],"rotation":90,"texture":"#3"},"south":{"uv":[13,2,14,6],"rotation":180,"texture":"#3"},"west":{"uv":[1.375,11.875,2.375,11.875],"rotation":270,"texture":"#3"},"up":{"uv":[1.12475,1.375,1.37475,1.375],"texture":"#3"},"down":{"uv":[5,11,5.25,11],"rotation":180,"texture":"#3"}}},{"from":[5.32494,-0.48573,7.025],"to":[9.37494,3.56427,11.075],"rotation":{"angle":-22.5,"axis":"y","origin":[7.34954,1.13427,9.05]},"faces":{"north":{"uv":[0,0,5,5],"texture":"#2"},"east":{"uv":[0,0,5,5],"texture":"#2"},"south":{"uv":[0,0,5,5],"texture":"#2"},"west":{"uv":[0,0,5,5],"texture":"#2"},"up":{"uv":[0,0,5,5],"texture":"#2"},"down":{"uv":[0,0,5,5],"texture":"#2"}}},{"name":"flat","from":[4.91913,-0.89073,7.43],"to":[4.91913,3.96927,10.67],"rotation":{"angle":-22.5,"axis":"y","origin":[7.34954,1.13427,9.05]},"faces":{"north":{"uv":[14.87525,11.625,16.37525,11.625],"rotation":90,"texture":"#2"},"east":{"uv":[0,0,6,4],"rotation":270,"texture":"#2"},"south":{"uv":[1.12475,11.625,2.62475,11.625],"rotation":270,"texture":"#2"},"west":{"uv":[0,0,6,4],"rotation":270,"texture":"#2"},"up":{"uv":[1.12475,1.625,2.12475,1.625],"rotation":270,"texture":"#2"},"down":{"uv":[1.12475,13.375,2.12475,13.375],"rotation":270,"texture":"#2"}}},{"name":"flat","from":[9.77913,-0.89073,7.43],"to":[9.77913,3.96927,10.67],"rotation":{"angle":-22.5,"axis":"y","origin":[7.34954,1.13427,9.05]},"faces":{"north":{"uv":[14.87525,11.625,16.37525,11.625],"rotation":90,"texture":"#2"},"east":{"uv":[5,5,11,9],"rotation":270,"texture":"#2"},"south":{"uv":[1.12475,11.625,2.62475,11.625],"rotation":270,"texture":"#2"},"west":{"uv":[0,0,6,4],"rotation":270,"texture":"#2"},"up":{"uv":[1.12475,1.625,2.12475,1.625],"rotation":270,"texture":"#2"},"down":{"uv":[1.12475,13.375,2.12475,13.375],"rotation":270,"texture":"#2"}}},{"name":"flat","from":[5.72954,3.96927,10.67041],"to":[8.96954,3.96927,11.48041],"rotation":{"angle":-22.5,"axis":"y","origin":[7.34954,1.13427,9.05]},"faces":{"north":{"uv":[13.62513,11.625,14.62513,11.625],"texture":"#2"},"east":{"uv":[2,4,6,4],"rotation":180,"texture":"#2"},"south":{"uv":[1.37487,11.625,2.37487,11.625],"texture":"#2"},"west":{"uv":[2.62513,11.625,2.87513,11.625],"texture":"#2"},"up":{"uv":[2,4,6,5],"rotation":180,"texture":"#2"},"down":{"uv":[2,4,6,5],"rotation":180,"texture":"#2"}}},{"name":"flat","from":[5.72954,-0.89073,10.67041],"to":[8.96954,-0.89073,11.48041],"rotation":{"angle":-22.5,"axis":"y","origin":[7.34954,1.13427,9.05]},"faces":{"north":{"uv":[13.62513,11.625,14.62513,11.625],"texture":"#2"},"east":{"uv":[2,4,6,4],"rotation":180,"texture":"#2"},"south":{"uv":[1.37487,11.625,2.37487,11.625],"texture":"#2"},"west":{"uv":[2.62513,11.625,2.87513,11.625],"texture":"#2"},"up":{"uv":[2,4,6,5],"rotation":180,"texture":"#2"},"down":{"uv":[2,4,6,5],"rotation":180,"texture":"#2"}}},{"name":"flat","from":[4.91994,3.96927,7.43],"to":[9.77994,3.96927,10.67],"rotation":{"angle":-22.5,"axis":"y","origin":[7.34954,1.13427,9.05]},"faces":{"north":{"uv":[13.375,11.625,14.875,11.625],"texture":"#2"},"east":{"uv":[13.375,11.625,14.375,11.625],"texture":"#2"},"south":{"uv":[1.125,11.625,2.625,11.625],"texture":"#2"},"west":{"uv":[1.625,11.625,2.625,11.625],"texture":"#2"},"up":{"uv":[6,0,12,4],"texture":"#2"},"down":{"uv":[6,0,12,4],"texture":"#2"}}},{"name":"flat","from":[4.91994,-0.89073,7.43],"to":[9.77994,-0.89073,10.67],"rotation":{"angle":-22.5,"axis":"y","origin":[7.34954,1.13427,9.05]},"faces":{"north":{"uv":[13.375,11.625,14.875,11.625],"texture":"#2"},"east":{"uv":[13.375,11.625,14.375,11.625],"texture":"#2"},"south":{"uv":[1.125,11.625,2.625,11.625],"texture":"#2"},"west":{"uv":[1.625,11.625,2.625,11.625],"texture":"#2"},"up":{"uv":[6,0,12,4],"texture":"#2"},"down":{"uv":[6,0,12,4],"texture":"#2"}}},{"name":"flat","from":[5.72954,3.96927,6.62041],"to":[8.96954,3.96927,7.43041],"rotation":{"angle":-22.5,"axis":"y","origin":[7.34954,1.13427,9.05]},"faces":{"north":{"uv":[13.62513,11.625,14.62513,11.625],"texture":"#2"},"east":{"uv":[14.37488,11.625,14.62488,11.625],"texture":"#2"},"south":{"uv":[1.37487,11.625,2.37487,11.625],"texture":"#2"},"west":{"uv":[1.37513,11.625,1.62513,11.625],"texture":"#2"},"up":{"uv":[2,2,6,3],"rotation":180,"texture":"#2"},"down":{"uv":[2,2,6,3],"rotation":180,"texture":"#2"}}},{"name":"flat","from":[5.72954,-0.89073,6.62041],"to":[8.96954,-0.89073,7.43041],"rotation":{"angle":-22.5,"axis":"y","origin":[7.34954,1.13427,9.05]},"faces":{"north":{"uv":[13.62513,11.625,14.62513,11.625],"texture":"#2"},"east":{"uv":[14.37488,11.625,14.62488,11.625],"texture":"#2"},"south":{"uv":[1.37487,11.625,2.37487,11.625],"texture":"#2"},"west":{"uv":[1.37513,11.625,1.62513,11.625],"texture":"#2"},"up":{"uv":[2,2,6,3],"rotation":180,"texture":"#2"},"down":{"uv":[2,2,6,3],"rotation":180,"texture":"#2"}}},{"name":"flat","from":[5.72954,-0.89073,6.6196],"to":[8.96954,3.96927,6.6196],"rotation":{"angle":-22.5,"axis":"y","origin":[7.34954,1.13427,9.05]},"faces":{"north":{"uv":[0,0,4,6],"texture":"#2"},"east":{"uv":[14.62513,11.625,16.12513,11.625],"rotation":90,"texture":"#2"},"south":{"uv":[0,0,4,6],"texture":"#2"},"west":{"uv":[1.37488,11.625,2.87488,11.625],"rotation":270,"texture":"#2"},"up":{"uv":[1.37487,1.37488,2.37487,1.37488],"texture":"#2"},"down":{"uv":[1.37487,14.62513,2.37487,14.62513],"rotation":180,"texture":"#2"}}},{"name":"flat","from":[5.72954,-0.89073,11.4796],"to":[8.96954,3.96927,11.4796],"rotation":{"angle":-22.5,"axis":"y","origin":[7.34954,1.13427,9.05]},"faces":{"north":{"uv":[0,0,4,6],"texture":"#2"},"east":{"uv":[14.62513,11.625,16.12513,11.625],"rotation":90,"texture":"#2"},"south":{"uv":[0,0,4,6],"texture":"#2"},"west":{"uv":[1.37488,11.625,2.87488,11.625],"rotation":270,"texture":"#2"},"up":{"uv":[1.37487,1.37488,2.37487,1.37488],"texture":"#2"},"down":{"uv":[1.37487,14.62513,2.37487,14.62513],"rotation":180,"texture":"#2"}}},{"name":"flat","from":[4.91913,-0.08073,6.62],"to":[4.91913,3.15927,7.43],"rotation":{"angle":-22.5,"axis":"y","origin":[7.34954,1.13427,9.05]},"faces":{"north":{"uv":[14.87525,11.875,15.87525,11.875],"rotation":90,"texture":"#2"},"east":{"uv":[0,0,1,4],"rotation":180,"texture":"#2"},"south":{"uv":[1.12475,11.875,2.12475,11.875],"rotation":270,"texture":"#2"},"west":{"uv":[0,0,1,4],"rotation":180,"texture":"#2"},"up":{"uv":[1.12475,1.375,1.37475,1.375],"rotation":270,"texture":"#2"},"down":{"uv":[1.12475,14.375,1.37475,14.375],"rotation":270,"texture":"#2"}}},{"name":"flat","from":[9.77913,-0.08073,6.62],"to":[9.77913,3.15927,7.43],"rotation":{"angle":-22.5,"axis":"y","origin":[7.34954,1.13427,9.05]},"faces":{"north":{"uv":[14.87525,11.875,15.87525,11.875],"rotation":90,"texture":"#2"},"east":{"uv":[0,0,1,4],"rotation":180,"texture":"#2"},"south":{"uv":[1.12475,11.875,2.12475,11.875],"rotation":270,"texture":"#2"},"west":{"uv":[0,0,1,4],"rotation":180,"texture":"#2"},"up":{"uv":[1.12475,1.375,1.37475,1.375],"rotation":270,"texture":"#2"},"down":{"uv":[1.12475,14.375,1.37475,14.375],"rotation":270,"texture":"#2"}}},{"name":"flat","from":[4.91913,-0.08073,10.67],"to":[4.91913,3.15927,11.48],"rotation":{"angle":-22.5,"axis":"y","origin":[7.34954,1.13427,9.05]},"faces":{"north":{"uv":[14.87525,11.875,15.87525,11.875],"rotation":90,"texture":"#2"},"east":{"uv":[0,0,1,4],"rotation":180,"texture":"#2"},"south":{"uv":[1.12475,11.875,2.12475,11.875],"rotation":270,"texture":"#2"},"west":{"uv":[0,0,1,4],"rotation":180,"texture":"#2"},"up":{"uv":[1.12475,1.375,1.37475,1.375],"rotation":270,"texture":"#2"},"down":{"uv":[1.12475,14.375,1.37475,14.375],"rotation":270,"texture":"#2"}}},{"name":"flat","from":[9.77913,-0.08073,10.67],"to":[9.77913,3.15927,11.48],"rotation":{"angle":-22.5,"axis":"y","origin":[7.34954,1.13427,9.05]},"faces":{"north":{"uv":[14.87525,11.875,15.87525,11.875],"rotation":90,"texture":"#2"},"east":{"uv":[1,2,2,6],"rotation":180,"texture":"#2"},"south":{"uv":[1.12475,11.875,2.12475,11.875],"rotation":270,"texture":"#2"},"west":{"uv":[0,0,1,4],"rotation":180,"texture":"#2"},"up":{"uv":[1.12475,1.375,1.37475,1.375],"rotation":270,"texture":"#2"},"down":{"uv":[1.12475,14.375,1.37475,14.375],"rotation":270,"texture":"#2"}}},{"name":"flat","from":[8.96913,-0.08073,6.62],"to":[9.77913,3.15927,6.62],"rotation":{"angle":-22.5,"axis":"y","origin":[7.34954,1.13427,9.05]},"faces":{"north":{"uv":[13,7,14,11],"rotation":180,"texture":"#2"},"east":{"uv":[14.625,11.875,15.625,11.875],"rotation":90,"texture":"#2"},"south":{"uv":[13,7,14,11],"rotation":180,"texture":"#2"},"west":{"uv":[1.375,11.875,2.375,11.875],"rotation":270,"texture":"#2"},"up":{"uv":[2.37475,1.375,2.62475,1.375],"texture":"#2"},"down":{"uv":[2.37475,14.625,2.62475,14.625],"rotation":180,"texture":"#2"}}},{"name":"flat","from":[8.96913,-0.08073,11.48],"to":[9.77913,3.15927,11.48],"rotation":{"angle":-22.5,"axis":"y","origin":[7.34954,1.13427,9.05]},"faces":{"north":{"uv":[13,7,14,11],"rotation":180,"texture":"#2"},"east":{"uv":[14.625,11.875,15.625,11.875],"rotation":90,"texture":"#2"},"south":{"uv":[13,7,14,11],"rotation":180,"texture":"#2"},"west":{"uv":[1.375,11.875,2.375,11.875],"rotation":270,"texture":"#2"},"up":{"uv":[2.37475,1.375,2.62475,1.375],"texture":"#2"},"down":{"uv":[2.37475,14.625,2.62475,14.625],"rotation":180,"texture":"#2"}}},{"name":"flat","from":[4.91913,-0.08073,6.62],"to":[5.72913,3.15927,6.62],"rotation":{"angle":-22.5,"axis":"y","origin":[7.34954,1.13427,9.05]},"faces":{"north":{"uv":[11,6,12,10],"rotation":180,"texture":"#2"},"east":{"uv":[14.625,11.875,15.625,11.875],"rotation":90,"texture":"#2"},"south":{"uv":[11,6,12,10],"rotation":180,"texture":"#2"},"west":{"uv":[1.375,11.875,2.375,11.875],"rotation":270,"texture":"#2"},"up":{"uv":[1.12475,1.375,1.37475,1.375],"texture":"#2"},"down":{"uv":[5,11,5.25,11],"rotation":180,"texture":"#2"}}},{"name":"flat","from":[4.91913,-0.08073,11.48],"to":[5.72913,3.15927,11.48],"rotation":{"angle":-22.5,"axis":"y","origin":[7.34954,1.13427,9.05]},"faces":{"north":{"uv":[11,6,12,10],"rotation":180,"texture":"#2"},"east":{"uv":[14.625,11.875,15.625,11.875],"rotation":90,"texture":"#2"},"south":{"uv":[13,2,14,6],"rotation":180,"texture":"#2"},"west":{"uv":[1.375,11.875,2.375,11.875],"rotation":270,"texture":"#2"},"up":{"uv":[1.12475,1.375,1.37475,1.375],"texture":"#2"},"down":{"uv":[5,11,5.25,11],"rotation":180,"texture":"#2"}}},{"from":[5.32494,-4.94073,7.025],"to":[9.37494,-0.89073,11.075],"rotation":{"angle":0,"axis":"y","origin":[11.80494,1.53927,13.505]},"faces":{"north":{"uv":[5,2,10,7],"texture":"#1"},"east":{"uv":[2,7,7,12],"texture":"#1"},"south":{"uv":[6,5,11,10],"texture":"#1"},"west":{"uv":[4,5,9,10],"texture":"#1"},"up":{"uv":[11,0,16,5],"texture":"#1"},"down":{"uv":[0,0,5,5],"texture":"#1"}}},{"name":"flat","from":[4.91913,-5.34573,7.43],"to":[4.91913,-0.48573,10.67],"rotation":{"angle":0,"axis":"z","origin":[4.91913,-2.91573,9.05]},"faces":{"north":{"uv":[14.87525,11.625,16.37525,11.625],"rotation":90,"texture":"#1"},"east":{"uv":[0,0,6,4],"rotation":270,"texture":"#1"},"south":{"uv":[1.12475,11.625,2.62475,11.625],"rotation":270,"texture":"#1"},"west":{"uv":[7,12,13,16],"rotation":270,"texture":"#1"},"up":{"uv":[1.12475,1.625,2.12475,1.625],"rotation":270,"texture":"#1"},"down":{"uv":[1.12475,13.375,2.12475,13.375],"rotation":270,"texture":"#1"}}},{"name":"flat","from":[9.77913,-5.34573,7.43],"to":[9.77913,-0.48573,10.67],"rotation":{"angle":0,"axis":"z","origin":[9.77913,-2.91573,9.05]},"faces":{"north":{"uv":[14.87525,11.625,16.37525,11.625],"rotation":90,"texture":"#1"},"east":{"uv":[10,10,16,14],"rotation":270,"texture":"#1"},"south":{"uv":[1.12475,11.625,2.62475,11.625],"rotation":270,"texture":"#1"},"west":{"uv":[0,0,6,4],"rotation":270,"texture":"#1"},"up":{"uv":[1.12475,1.625,2.12475,1.625],"rotation":270,"texture":"#1"},"down":{"uv":[1.12475,13.375,2.12475,13.375],"rotation":270,"texture":"#1"}}},{"name":"flat","from":[5.72954,-0.48573,10.67041],"to":[8.96954,-0.48573,11.48041],"rotation":{"angle":0,"axis":"y","origin":[7.34954,-2.91573,9.05]},"faces":{"north":{"uv":[13.62513,11.625,14.62513,11.625],"texture":"#1"},"east":{"uv":[2,4,6,4],"rotation":180,"texture":"#1"},"south":{"uv":[1.37487,11.625,2.37487,11.625],"texture":"#1"},"west":{"uv":[2.62513,11.625,2.87513,11.625],"texture":"#1"},"up":{"uv":[2,4,6,5],"rotation":180,"texture":"#1"},"down":{"uv":[2,4,6,5],"rotation":180,"texture":"#1"}}},{"name":"flat","from":[5.72954,-5.34573,10.67041],"to":[8.96954,-5.34573,11.48041],"rotation":{"angle":0,"axis":"y","origin":[7.34954,-7.77573,9.05]},"faces":{"north":{"uv":[13.62513,11.625,14.62513,11.625],"texture":"#1"},"east":{"uv":[2,4,6,4],"rotation":180,"texture":"#1"},"south":{"uv":[1.37487,11.625,2.37487,11.625],"texture":"#1"},"west":{"uv":[2.62513,11.625,2.87513,11.625],"texture":"#1"},"up":{"uv":[2,4,6,5],"rotation":180,"texture":"#1"},"down":{"uv":[2,4,6,5],"rotation":180,"texture":"#1"}}},{"name":"flat","from":[4.91994,-0.48573,7.43],"to":[9.77994,-0.48573,10.67],"rotation":{"angle":0,"axis":"y","origin":[12.61494,7.20927,13.505]},"faces":{"north":{"uv":[13.375,11.625,14.875,11.625],"texture":"#1"},"east":{"uv":[13.375,11.625,14.375,11.625],"texture":"#1"},"south":{"uv":[1.125,11.625,2.625,11.625],"texture":"#1"},"west":{"uv":[1.625,11.625,2.625,11.625],"texture":"#1"},"up":{"uv":[6,0,12,4],"texture":"#1"},"down":{"uv":[6,0,12,4],"texture":"#1"}}},{"name":"flat","from":[4.91994,-5.34573,7.43],"to":[9.77994,-5.34573,10.67],"rotation":{"angle":0,"axis":"y","origin":[12.61494,2.34927,13.505]},"faces":{"north":{"uv":[13.375,11.625,14.875,11.625],"texture":"#1"},"east":{"uv":[13.375,11.625,14.375,11.625],"texture":"#1"},"south":{"uv":[1.125,11.625,2.625,11.625],"texture":"#1"},"west":{"uv":[1.625,11.625,2.625,11.625],"texture":"#1"},"up":{"uv":[6,0,12,4],"texture":"#1"},"down":{"uv":[6,0,12,4],"texture":"#1"}}},{"name":"flat","from":[5.72954,-0.48573,6.62041],"to":[8.96954,-0.48573,7.43041],"rotation":{"angle":0,"axis":"y","origin":[7.34954,-2.91573,5]},"faces":{"north":{"uv":[13.62513,11.625,14.62513,11.625],"texture":"#1"},"east":{"uv":[14.37488,11.625,14.62488,11.625],"texture":"#1"},"south":{"uv":[1.37487,11.625,2.37487,11.625],"texture":"#1"},"west":{"uv":[1.37513,11.625,1.62513,11.625],"texture":"#1"},"up":{"uv":[2,2,6,3],"rotation":180,"texture":"#1"},"down":{"uv":[2,2,6,3],"rotation":180,"texture":"#1"}}},{"name":"flat","from":[5.72954,-5.34573,6.62041],"to":[8.96954,-5.34573,7.43041],"rotation":{"angle":0,"axis":"y","origin":[7.34954,-7.77573,5]},"faces":{"north":{"uv":[13.62513,11.625,14.62513,11.625],"texture":"#1"},"east":{"uv":[14.37488,11.625,14.62488,11.625],"texture":"#1"},"south":{"uv":[1.37487,11.625,2.37487,11.625],"texture":"#1"},"west":{"uv":[1.37513,11.625,1.62513,11.625],"texture":"#1"},"up":{"uv":[2,2,6,3],"rotation":180,"texture":"#1"},"down":{"uv":[2,2,6,3],"rotation":180,"texture":"#1"}}},{"name":"flat","from":[5.72954,-5.34573,6.6196],"to":[8.96954,-0.48573,6.6196],"rotation":{"angle":0,"axis":"y","origin":[7.34954,-2.91573,9.05]},"faces":{"north":{"uv":[0,0,4,6],"texture":"#1"},"east":{"uv":[14.62513,11.625,16.12513,11.625],"rotation":90,"texture":"#1"},"south":{"uv":[0,0,4,6],"texture":"#1"},"west":{"uv":[1.37488,11.625,2.87488,11.625],"rotation":270,"texture":"#1"},"up":{"uv":[1.37487,1.37488,2.37487,1.37488],"texture":"#1"},"down":{"uv":[1.37487,14.62513,2.37487,14.62513],"rotation":180,"texture":"#1"}}},{"name":"flat","from":[5.72954,-5.34573,11.4796],"to":[8.96954,-0.48573,11.4796],"rotation":{"angle":0,"axis":"y","origin":[7.34954,-2.91573,13.91]},"faces":{"north":{"uv":[0,0,4,6],"texture":"#1"},"east":{"uv":[14.62513,11.625,16.12513,11.625],"rotation":90,"texture":"#1"},"south":{"uv":[5,3,9,9],"texture":"#1"},"west":{"uv":[1.37488,11.625,2.87488,11.625],"rotation":270,"texture":"#1"},"up":{"uv":[1.37487,1.37488,2.37487,1.37488],"texture":"#1"},"down":{"uv":[1.37487,14.62513,2.37487,14.62513],"rotation":180,"texture":"#1"}}},{"name":"flat","from":[4.91913,-4.53573,6.62],"to":[4.91913,-1.29573,7.43],"rotation":{"angle":0,"axis":"x","origin":[4.91913,-2.91573,5]},"faces":{"north":{"uv":[14.87525,11.875,15.87525,11.875],"rotation":90,"texture":"#1"},"east":{"uv":[0,0,1,4],"rotation":180,"texture":"#1"},"south":{"uv":[1.12475,11.875,2.12475,11.875],"rotation":270,"texture":"#1"},"west":{"uv":[0,0,1,4],"rotation":180,"texture":"#1"},"up":{"uv":[1.12475,1.375,1.37475,1.375],"rotation":270,"texture":"#1"},"down":{"uv":[1.12475,14.375,1.37475,14.375],"rotation":270,"texture":"#1"}}},{"name":"flat","from":[9.77913,-4.53573,6.62],"to":[9.77913,-1.29573,7.43],"rotation":{"angle":0,"axis":"x","origin":[9.77913,-2.91573,5]},"faces":{"north":{"uv":[14.87525,11.875,15.87525,11.875],"rotation":90,"texture":"#1"},"east":{"uv":[0,0,1,4],"rotation":180,"texture":"#1"},"south":{"uv":[1.12475,11.875,2.12475,11.875],"rotation":270,"texture":"#1"},"west":{"uv":[0,0,1,4],"rotation":180,"texture":"#1"},"up":{"uv":[1.12475,1.375,1.37475,1.375],"rotation":270,"texture":"#1"},"down":{"uv":[1.12475,14.375,1.37475,14.375],"rotation":270,"texture":"#1"}}},{"name":"flat","from":[4.91913,-4.53573,10.67],"to":[4.91913,-1.29573,11.48],"rotation":{"angle":0,"axis":"x","origin":[4.91913,-2.91573,9.05]},"faces":{"north":{"uv":[14.87525,11.875,15.87525,11.875],"rotation":90,"texture":"#1"},"east":{"uv":[0,0,1,4],"rotation":180,"texture":"#1"},"south":{"uv":[1.12475,11.875,2.12475,11.875],"rotation":270,"texture":"#1"},"west":{"uv":[0,0,1,4],"rotation":180,"texture":"#1"},"up":{"uv":[1.12475,1.375,1.37475,1.375],"rotation":270,"texture":"#1"},"down":{"uv":[1.12475,14.375,1.37475,14.375],"rotation":270,"texture":"#1"}}},{"name":"flat","from":[9.77913,-4.53573,10.67],"to":[9.77913,-1.29573,11.48],"rotation":{"angle":0,"axis":"x","origin":[9.77913,-2.91573,9.05]},"faces":{"north":{"uv":[14.87525,11.875,15.87525,11.875],"rotation":90,"texture":"#1"},"east":{"uv":[1,2,2,6],"rotation":180,"texture":"#1"},"south":{"uv":[1.12475,11.875,2.12475,11.875],"rotation":270,"texture":"#1"},"west":{"uv":[0,0,1,4],"rotation":180,"texture":"#1"},"up":{"uv":[1.12475,1.375,1.37475,1.375],"rotation":270,"texture":"#1"},"down":{"uv":[1.12475,14.375,1.37475,14.375],"rotation":270,"texture":"#1"}}},{"name":"flat","from":[8.96913,-4.53573,6.62],"to":[9.77913,-1.29573,6.62],"rotation":{"angle":0,"axis":"y","origin":[7.34913,-2.91573,9.05]},"faces":{"north":{"uv":[14,8,15,12],"rotation":180,"texture":"#1"},"east":{"uv":[14.625,11.875,15.625,11.875],"rotation":90,"texture":"#1"},"south":{"uv":[13,7,14,11],"rotation":180,"texture":"#1"},"west":{"uv":[1.375,11.875,2.375,11.875],"rotation":270,"texture":"#1"},"up":{"uv":[2.37475,1.375,2.62475,1.375],"texture":"#1"},"down":{"uv":[2.37475,14.625,2.62475,14.625],"rotation":180,"texture":"#1"}}},{"name":"flat","from":[8.96913,-4.53573,11.48],"to":[9.77913,-1.29573,11.48],"rotation":{"angle":0,"axis":"y","origin":[7.34913,-2.91573,13.91]},"faces":{"north":{"uv":[13,7,14,11],"rotation":180,"texture":"#1"},"east":{"uv":[14.625,11.875,15.625,11.875],"rotation":90,"texture":"#1"},"south":{"uv":[13,7,14,11],"rotation":180,"texture":"#1"},"west":{"uv":[1.375,11.875,2.375,11.875],"rotation":270,"texture":"#1"},"up":{"uv":[2.37475,1.375,2.62475,1.375],"texture":"#1"},"down":{"uv":[2.37475,14.625,2.62475,14.625],"rotation":180,"texture":"#1"}}},{"name":"flat","from":[4.91913,-4.53573,6.62],"to":[5.72913,-1.29573,6.62],"rotation":{"angle":0,"axis":"y","origin":[7.34913,-2.91573,9.05]},"faces":{"north":{"uv":[11,6,12,10],"rotation":180,"texture":"#1"},"east":{"uv":[14.625,11.875,15.625,11.875],"rotation":90,"texture":"#1"},"south":{"uv":[11,6,12,10],"rotation":180,"texture":"#1"},"west":{"uv":[1.375,11.875,2.375,11.875],"rotation":270,"texture":"#1"},"up":{"uv":[1.12475,1.375,1.37475,1.375],"texture":"#1"},"down":{"uv":[5,11,5.25,11],"rotation":180,"texture":"#1"}}},{"name":"flat","from":[4.91913,-4.53573,11.48],"to":[5.72913,-1.29573,11.48],"rotation":{"angle":0,"axis":"y","origin":[7.34913,-2.91573,13.91]},"faces":{"north":{"uv":[11,6,12,10],"rotation":180,"texture":"#1"},"east":{"uv":[14.625,11.875,15.625,11.875],"rotation":90,"texture":"#1"},"south":{"uv":[12,2,13,6],"rotation":180,"texture":"#1"},"west":{"uv":[1.375,11.875,2.375,11.875],"rotation":270,"texture":"#1"},"up":{"uv":[1.12475,1.375,1.37475,1.375],"texture":"#1"},"down":{"uv":[5,11,5.25,11],"rotation":180,"texture":"#1"}}},{"from":[8.64594,-6.46623,7.106],"to":[9.29394,-4.52223,10.994],"rotation":{"angle":0,"axis":"y","origin":[14.15394,-1.28223,10.022]},"faces":{"north":{"uv":[4.5,0.75,4.75,1.5],"texture":"#0"},"east":{"uv":[3.25,0.75,4.75,1.5],"texture":"#0"},"south":{"uv":[3.25,0.75,3.5,1.5],"texture":"#0"},"west":{"uv":[3.25,0.75,4.75,1.5],"texture":"#0"},"up":{"uv":[3.25,2.5,4.75,2.75],"texture":"#0"},"down":{"uv":[3.25,1.25,4.75,2.75],"texture":"#0"}}},{"from":[5.72994,-10.35423,7.43],"to":[8.96994,-6.46623,10.67],"rotation":{"angle":0,"axis":"y","origin":[10.91394,-5.17023,10.022]},"faces":{"north":{"uv":[0,2.5,1.25,4],"texture":"#0"},"east":{"uv":[0,2.5,1.25,4],"texture":"#0"},"south":{"uv":[0,2.5,1.25,4],"texture":"#0"},"west":{"uv":[0,2.5,1.25,4],"texture":"#0"},"up":{"uv":[2,0,3.25,1.25],"texture":"#0"},"down":{"uv":[2,0,3.25,1.25],"texture":"#0"}}},{"from":[6.05394,-6.46623,7.106],"to":[8.64594,-4.52223,7.754],"rotation":{"angle":0,"axis":"y","origin":[6.37794,-1.28223,12.614]},"faces":{"north":{"uv":[3.5,0.75,4.5,1.5],"texture":"#0"},"east":{"uv":[4.5,0.75,4.75,1.5],"texture":"#0"},"south":{"uv":[3.5,0.75,4.5,1.5],"texture":"#0"},"west":{"uv":[3.25,0.75,3.5,1.5],"texture":"#0"},"up":{"uv":[3.25,2.5,4.25,2.75],"rotation":90,"texture":"#0"},"down":{"uv":[3.25,1.25,4.75,2.75],"rotation":270,"texture":"#0"}}},{"from":[5.40594,-6.46623,7.106],"to":[6.05394,-4.52223,10.994],"rotation":{"angle":0,"axis":"y","origin":[10.91394,-1.28223,10.022]},"faces":{"north":{"uv":[4.5,0.75,4.75,1.5],"texture":"#0"},"east":{"uv":[3.25,0.75,4.75,1.5],"texture":"#0"},"south":{"uv":[3.25,0.75,3.5,1.5],"texture":"#0"},"west":{"uv":[3.25,0.75,4.75,1.5],"texture":"#0"},"up":{"uv":[3.25,2.5,4.75,2.75],"texture":"#0"},"down":{"uv":[3.25,1.25,4.75,2.75],"texture":"#0"}}},{"from":[6.05394,-6.46623,7.754],"to":[8.64594,-5.81823,10.346],"rotation":{"angle":0,"axis":"y","origin":[13.50594,-1.28223,10.022]},"faces":{"north":{"uv":[4.5,0.75,4.75,1.5],"texture":"#0"},"east":{"uv":[3.25,0.75,4.75,1.5],"texture":"#0"},"south":{"uv":[3.25,0.75,3.5,1.5],"texture":"#0"},"west":{"uv":[3.25,0.75,4.75,1.5],"texture":"#0"},"up":{"uv":[11.5,6.25,11.75,6.5],"texture":"#0"},"down":{"uv":[3.25,1.25,4.75,2.75],"texture":"#0"}}},{"from":[6.05394,-6.46623,10.346],"to":[8.64594,-4.52223,10.994],"rotation":{"angle":0,"axis":"y","origin":[6.37794,-1.28223,12.614]},"faces":{"north":{"uv":[3.5,0.75,4.5,1.5],"texture":"#0"},"east":{"uv":[4.5,0.75,4.75,1.5],"texture":"#0"},"south":{"uv":[3.5,0.75,4.5,1.5],"texture":"#0"},"west":{"uv":[3.25,0.75,3.5,1.5],"texture":"#0"},"up":{"uv":[3.25,2.5,4.25,2.75],"rotation":90,"texture":"#0"},"down":{"uv":[3.25,1.25,4.75,2.75],"rotation":270,"texture":"#0"}}}],"display":{"thirdperson_righthand":{"rotation":[45,0,0],"translation":[0.5,8.5,9.5],"scale":[0.7,0.7,0.7]},"thirdperson_lefthand":{"rotation":[45,0,0],"translation":[-0.5,8.5,9.5],"scale":[0.7,0.7,0.7]},"firstperson_righthand":{"rotation":[-10,15,0],"translation":[0,7,0],"scale":[0.5,0.5,0.5]},"firstperson_lefthand":{"rotation":[-10,15,0],"translation":[0,7,0],"scale":[0.5,0.5,0.5]},"gui":{"rotation":[30,-45,0],"translation":[1.5,0.25,0],"scale":[0.4,0.4,0.4]}},"groups":[{"name":"group","origin":[6,14,14],"children":[{"name":"gonbao","origin":[6,14,14],"children":[0,1,2,3,4,5,6,7,8,9,10,11,12,13,14,15,16,17,18]},{"name":"surstromming","origin":[6,14,14],"children":[19,20,21,22,23,24,25,26,27,28,29,30,31,32,33,34,35,36,37,38,39,40]},{"name":"beer","origin":[6,14,14],"children":[41,42,43,44,45,46,47,48,49,50,51,52,53,54,55,56,57,58,59]},{"name":"vino","origin":[6,14,14],"children":[60,61,62,63,64,65,66,67,68,69,70,71,72,73,74,75,76,77,78]},{"name":"horse","origin":[6,14,14],"children":[79,80,81,82,83,84,85,86,87,88,89,90,91,92,93,94,95,96,97]},{"name":"ouzo","origin":[6,14,14],"children":[98,99,100,101,102,103,104,105,106,107,108,109,110,111,112,113,114,115,116]},{"name":"cookie","origin":[6,14,14],"children":[117,118,119,120,121,122,123,124,125,126,127,128,129,130,131,132,133,134,135]},{"name":"waffle","origin":[6,14,14],"children":[136,137,138,139,140,141]}]}],"credit":"Model by Craftventure"}