{"textures":{"0":"block/at-at","particle":"block/at-at"},"elements":[{"from":[5,5.32143,5],"to":[11,7.82143,11],"rotation":{"angle":0,"axis":"y","origin":[8,8,8]},"faces":{"north":{"uv":[8.375,6.5,9.125,6.875],"texture":"#0"},"east":{"uv":[8.875,1,9.625,1.375],"texture":"#0"},"south":{"uv":[7,8.875,7.75,9.25],"texture":"#0"},"west":{"uv":[8.875,7.625,9.625,8],"texture":"#0"},"up":{"uv":[7.75,8.875,7,8.125],"texture":"#0"},"down":{"uv":[8.5,8.125,7.75,8.875],"texture":"#0"}}},{"from":[6,7.82143,6],"to":[10,8.82143,10],"rotation":{"angle":0,"axis":"y","origin":[8,8,8]},"faces":{"north":{"uv":[2.75,9.875,3.25,10],"texture":"#0"},"east":{"uv":[9.875,9.125,10.375,9.25],"texture":"#0"},"south":{"uv":[9.5,9.875,10,10],"texture":"#0"},"west":{"uv":[10,0,10.5,0.125],"texture":"#0"},"up":{"uv":[6.25,9.625,5.75,9.125],"texture":"#0"},"down":{"uv":[6.75,9.125,6.25,9.625],"texture":"#0"}}},{"from":[5,8.32143,7.5],"to":[6,10.32143,8.5],"rotation":{"angle":0,"axis":"y","origin":[8,8,8]},"faces":{"north":{"uv":[4.75,8.375,4.875,8.625],"texture":"#0"},"east":{"uv":[4.75,8.625,4.875,8.875],"texture":"#0"},"south":{"uv":[0.625,9.125,0.75,9.375],"texture":"#0"},"west":{"uv":[0.25,9.875,0.375,10.125],"texture":"#0"},"up":{"uv":[5.75,7.25,5.625,7.125],"texture":"#0"},"down":{"uv":[2.5,8.25,2.375,8.375],"texture":"#0"}}},{"from":[10,8.32143,7.5],"to":[11,10.32143,8.5],"rotation":{"angle":0,"axis":"y","origin":[8,8,8]},"faces":{"north":{"uv":[3.5,10,3.625,10.25],"texture":"#0"},"east":{"uv":[4,10,4.125,10.25],"texture":"#0"},"south":{"uv":[4.125,10,4.25,10.25],"texture":"#0"},"west":{"uv":[10,5.5,10.125,5.75],"texture":"#0"},"up":{"uv":[8.375,6.125,8.25,6],"texture":"#0"},"down":{"uv":[9.375,1.875,9.25,2],"texture":"#0"}}},{"from":[5,10.32143,7.5],"to":[11,11.32143,8.5],"rotation":{"angle":0,"axis":"y","origin":[8,8,8]},"faces":{"north":{"uv":[4.875,0.625,5.625,0.75],"texture":"#0"},"east":{"uv":[4.875,0.625,5,0.75],"texture":"#0"},"south":{"uv":[4.875,0.625,5.625,0.75],"rotation":180,"texture":"#0"},"west":{"uv":[4.875,0.625,5,0.75],"texture":"#0"},"up":{"uv":[4.875,0.625,5.625,0.75],"rotation":180,"texture":"#0"},"down":{"uv":[4.875,0.625,5.625,0.75],"rotation":180,"texture":"#0"}}},{"from":[7,5.32143,3],"to":[9,6.32143,13],"rotation":{"angle":0,"axis":"y","origin":[8,8,8]},"faces":{"north":{"uv":[7.5,2.875,7.75,3],"texture":"#0"},"east":{"uv":[7.125,6.125,8.375,6.25],"texture":"#0"},"south":{"uv":[9.375,2.875,9.625,3],"texture":"#0"},"west":{"uv":[5.625,7.5,6.875,7.625],"texture":"#0"},"up":{"uv":[7,9.875,6.75,8.625],"texture":"#0"},"down":{"uv":[5.75,8.875,5.5,10.125],"texture":"#0"}}},{"from":[3,5.32143,7],"to":[13,6.32143,9],"rotation":{"angle":0,"axis":"y","origin":[8,8,8]},"faces":{"north":{"uv":[9.25,5.125,10.5,5.25],"texture":"#0"},"east":{"uv":[7.125,10,7.375,10.125],"texture":"#0"},"south":{"uv":[9.625,1.25,10.875,1.375],"texture":"#0"},"west":{"uv":[7.375,10,7.625,10.125],"texture":"#0"},"up":{"uv":[6.875,7.5,5.625,7.25],"texture":"#0"},"down":{"uv":[9.375,7.375,8.125,7.625],"texture":"#0"}}}],"display":{"gui":{"rotation":[30,-45,0],"translation":[0.25,-0.25,0],"scale":[1.5,1.5,1.5]},"head":{"rotation":[0,90,-180],"translation":[0,1.25,0.125],"scale":[2.5,2.5,2.5]}},"groups":[{"name":"group","origin":[8,0.5,8],"children":[0,1,2,3,4,5,6]}],"credit":"Model by Craftventure"}