{"textures":{"0":"block/at-at","particle":"block/at-at"},"elements":[{"from":[5,5.5,5.5],"to":[11,10.5,10.5],"rotation":{"angle":0,"axis":"y","origin":[8,8,8]},"faces":{"north":{"uv":[2.75,6.125,3.5,6.75],"texture":"#0"},"east":{"uv":[2.75,6.125,3.375,6.75],"texture":"#0"},"south":{"uv":[0.75,8.875,1.5,9.5],"texture":"#0"},"west":{"uv":[2.75,6.125,3.375,6.75],"texture":"#0"},"up":{"uv":[2.25,9.5,1.5,8.875],"texture":"#0"},"down":{"uv":[9.625,3,8.875,3.625],"texture":"#0"}}}],"display":{"gui":{"rotation":[30,-45,0],"translation":[0,-1,0],"scale":[1.5,1.5,1.5]},"head":{"rotation":[0,90,90],"translation":[0,0.25,0.125],"scale":[2.5,2.5,2.5]}},"credit":"Model by Craftventure"}