{"textures":{"0":"entity/seaserpent/seaserpent1","2":"entity/seaserpent/seaserpent3","4":"entity/seaserpent/seaserpent2","particle":"entity/seaserpent/seaserpent1"},"elements":[{"from":[0,-3,8],"to":[16,13,24],"rotation":{"angle":0,"axis":"y","origin":[8,8,10]},"faces":{"north":{"uv":[0,0,8,8],"texture":"#4"},"east":{"uv":[8,8,0,16],"texture":"#2"},"south":{"uv":[0,4,5,8.5],"texture":"#0"},"west":{"uv":[8,8,16,16],"texture":"#2"},"up":{"uv":[0,3.25,5,8.5],"texture":"#0"},"down":{"uv":[8,0,16,8],"rotation":90,"texture":"#2"}}},{"from":[0,-3,-8],"to":[16,13,8],"rotation":{"angle":0,"axis":"y","origin":[8,8,10]},"faces":{"north":{"uv":[0,4,5,8.5],"texture":"#0"},"east":{"uv":[16,8,8,16],"texture":"#2"},"south":{"uv":[0,4,5,8.5],"texture":"#0"},"west":{"uv":[0,8,8,16],"texture":"#2"},"up":{"uv":[0,0,5,5.25],"texture":"#0"},"down":{"uv":[8,0,16,8],"rotation":90,"texture":"#2"}}},{"name":"vin","from":[7.875,5.58536,-7.19495],"to":[8.125,17.58536,9.80505],"rotation":{"angle":22.5,"axis":"x","origin":[8,14.84638,9.83112]},"faces":{"east":{"uv":[0,0.25,5.75,7.75],"rotation":270,"texture":"#2"},"west":{"uv":[0,7.75,5.75,0.25],"rotation":270,"texture":"#2"}}},{"name":"vin","from":[7.875,12.10739,9.85719],"to":[8.125,24.10739,26.85719],"rotation":{"angle":22.5,"axis":"x","origin":[8,14.84638,9.83112]},"faces":{"east":{"uv":[0,0.25,5.75,7.75],"rotation":270,"texture":"#2"},"west":{"uv":[0,7.75,5.75,0.25],"rotation":270,"texture":"#2"}}}],"display":{"gui":{"rotation":[30,-135,0],"scale":[0.4,0.4,0.4]},"head":{"rotation":[-90,0,0],"translation":[0,28,0],"scale":[2.2,2.2,2.2]}},"credit":"Model by Craftventure"}