{"textures":{"0":"block/nether_wart_block","2":"block/red_nether_bricks","3":"block/stripped_acacia_log","particle":"block/nether_wart_block"},"elements":[{"from":[0,14,4],"to":[1,18,12],"rotation":{"angle":0,"axis":"y","origin":[8,22,8]},"faces":{"north":{"uv":[4,0,5,4],"texture":"#0"},"east":{"uv":[4,0,12,4],"texture":"#0"},"south":{"uv":[11,0,12,4],"texture":"#0"},"west":{"uv":[4,6,12,10],"texture":"#0"},"up":{"uv":[4,0,12,1],"rotation":90,"texture":"#0"},"down":{"uv":[4,15,12,16],"rotation":270,"texture":"#0"}}},{"from":[1,14,1],"to":[8,18,8],"rotation":{"angle":0,"axis":"y","origin":[8,22,8]},"faces":{"north":{"uv":[9,6,16,10],"texture":"#0"},"west":{"uv":[0,6,7,10],"texture":"#0"},"up":{"uv":[0,0,7,7],"texture":"#0"},"down":{"uv":[0,9,7,16],"texture":"#0"}}},{"from":[3,14,0],"to":[13,18,1],"rotation":{"angle":0,"axis":"y","origin":[8,22,8]},"faces":{"north":{"uv":[3,6,13,10],"texture":"#0"},"east":{"uv":[3,0,4,4],"texture":"#0"},"south":{"uv":[4,0,14,4],"texture":"#0"},"west":{"uv":[12,0,13,4],"texture":"#0"},"up":{"uv":[3,0,13,1],"rotation":180,"texture":"#0"},"down":{"uv":[3,15,13,16],"rotation":180,"texture":"#0"}}},{"from":[15,14,4],"to":[16,18,12],"rotation":{"angle":0,"axis":"y","origin":[8,22,8]},"faces":{"north":{"uv":[11,0,12,4],"texture":"#0"},"east":{"uv":[4,6,12,10],"texture":"#0"},"south":{"uv":[4,0,5,4],"texture":"#0"},"west":{"uv":[4,0,12,4],"texture":"#0"},"up":{"uv":[12,1,4,0],"rotation":90,"texture":"#0"},"down":{"uv":[12,16,4,15],"rotation":270,"texture":"#0"}}},{"from":[8,14,1],"to":[15,18,8],"rotation":{"angle":0,"axis":"y","origin":[8,22,8]},"faces":{"north":{"uv":[0,6,7,10],"texture":"#0"},"east":{"uv":[9,6,16,10],"texture":"#0"},"up":{"uv":[9,0,16,7],"texture":"#0"},"down":{"uv":[9,9,16,16],"texture":"#0"}}},{"from":[8,14,8],"to":[15,18,15],"rotation":{"angle":0,"axis":"y","origin":[8,22,8]},"faces":{"east":{"uv":[0,6,7,10],"texture":"#0"},"south":{"uv":[9,6,16,10],"texture":"#0"},"up":{"uv":[9,9,16,16],"texture":"#0"},"down":{"uv":[9,0,16,7],"texture":"#0"}}},{"from":[1,14,8],"to":[8,18,15],"rotation":{"angle":0,"axis":"y","origin":[8,22,8]},"faces":{"south":{"uv":[0,6,7,10],"texture":"#0"},"west":{"uv":[9,6,16,10],"texture":"#0"},"up":{"uv":[0,9,7,16],"texture":"#0"},"down":{"uv":[0,0,7,7],"texture":"#0"}}},{"from":[0,-2,4],"to":[1,14,12],"rotation":{"angle":0,"axis":"y","origin":[8,6,8]},"faces":{"north":{"uv":[4,0,5,16],"texture":"#0"},"east":{"uv":[4,0,12,16],"texture":"#0"},"south":{"uv":[11,0,12,16],"texture":"#0"},"west":{"uv":[4,0,12,16],"texture":"#0"},"up":{"uv":[4,0,12,1],"rotation":90,"texture":"#0"},"down":{"uv":[4,15,12,16],"rotation":270,"texture":"#0"}}},{"from":[3,-2,15],"to":[8,14,16],"rotation":{"angle":0,"axis":"y","origin":[8,6,8]},"faces":{"south":{"uv":[0,2,16,7],"rotation":90,"texture":"#2"},"west":{"uv":[0,6,16,7],"rotation":90,"texture":"#2"},"down":{"uv":[15,2,16,8],"rotation":90,"texture":"#2"}}},{"from":[3,14,15],"to":[8,18,16],"rotation":{"angle":0,"axis":"y","origin":[8,6,8]},"faces":{"south":{"uv":[10,6,14,11],"rotation":90,"texture":"#2"},"west":{"uv":[10,10,14,11],"rotation":90,"texture":"#2"},"up":{"uv":[10,6,11,11],"rotation":90,"texture":"#2"}}},{"from":[8,-2,15],"to":[13,14,16],"rotation":{"angle":0,"axis":"y","origin":[14,6,8]},"faces":{"east":{"uv":[0,10,16,11],"rotation":90,"texture":"#2"},"south":{"uv":[0,10,16,15],"rotation":90,"texture":"#2"},"down":{"uv":[0,9,1,15],"rotation":90,"texture":"#2"}}},{"from":[8,14,15],"to":[13,18,16],"rotation":{"angle":0,"axis":"y","origin":[14,6,8]},"faces":{"east":{"uv":[0,10,4,11],"rotation":90,"texture":"#2"},"south":{"uv":[0,10,4,15],"rotation":90,"texture":"#2"},"up":{"uv":[0,10,1,15],"rotation":90,"texture":"#2"}}},{"from":[1,-2,1],"to":[8,14,8],"rotation":{"angle":0,"axis":"y","origin":[8,6,8]},"faces":{"north":{"uv":[9,0,16,16],"texture":"#0"},"west":{"uv":[0,0,7,16],"texture":"#0"},"up":{"uv":[0,0,7,7],"texture":"#0"},"down":{"uv":[0,9,7,16],"texture":"#0"}}},{"from":[3,-2,0],"to":[13,14,1],"rotation":{"angle":0,"axis":"y","origin":[8,6,8]},"faces":{"north":{"uv":[3,0,13,16],"texture":"#0"},"east":{"uv":[3,0,4,16],"texture":"#0"},"south":{"uv":[4,0,12,16],"texture":"#0"},"west":{"uv":[12,0,13,16],"texture":"#0"},"up":{"uv":[3,0,13,1],"rotation":180,"texture":"#0"},"down":{"uv":[3,15,13,16],"rotation":180,"texture":"#0"}}},{"from":[15,-2,4],"to":[16,14,12],"rotation":{"angle":0,"axis":"y","origin":[8,6,8]},"faces":{"north":{"uv":[11,0,12,16],"texture":"#0"},"east":{"uv":[4,0,12,16],"texture":"#0"},"south":{"uv":[4,0,5,16],"texture":"#0"},"west":{"uv":[4,0,12,16],"texture":"#0"},"up":{"uv":[12,1,4,0],"rotation":90,"texture":"#0"},"down":{"uv":[12,16,4,15],"rotation":270,"texture":"#0"}}},{"from":[8,-2,1],"to":[15,14,8],"rotation":{"angle":0,"axis":"y","origin":[8,6,8]},"faces":{"north":{"uv":[0,0,7,16],"texture":"#0"},"east":{"uv":[9,0,16,16],"texture":"#0"},"up":{"uv":[9,0,16,7],"texture":"#0"},"down":{"uv":[9,9,16,16],"texture":"#0"}}},{"from":[8,-2,8],"to":[15,14,15],"rotation":{"angle":0,"axis":"y","origin":[8,6,8]},"faces":{"east":{"uv":[0,0,7,16],"texture":"#0"},"south":{"uv":[9,0,16,16],"texture":"#0"},"up":{"uv":[9,9,16,16],"texture":"#0"},"down":{"uv":[9,0,16,7],"texture":"#0"}}},{"from":[1,-2,8],"to":[8,14,15],"rotation":{"angle":0,"axis":"y","origin":[8,6,8]},"faces":{"south":{"uv":[0,0,7,16],"texture":"#0"},"west":{"uv":[9,0,16,16],"texture":"#0"},"up":{"uv":[0,9,7,16],"texture":"#0"},"down":{"uv":[0,0,7,7],"texture":"#0"}}},{"from":[14.07928,10,19.31101],"to":[14.57928,15,20.81101],"rotation":{"angle":45,"axis":"y","origin":[12.5,12.5,17.94054]},"faces":{"east":{"uv":[5,5,3,0],"texture":"#0"},"up":{"uv":[5,5,3,4],"rotation":90,"texture":"#0"},"down":{"uv":[1.5,0.5,0,0],"rotation":270,"texture":"#0"}}},{"from":[11.94767,10,17.11802],"to":[15.94767,15,17.11802],"rotation":{"angle":-22.5,"axis":"y","origin":[12.5,12.5,17.94054]},"faces":{"south":{"uv":[4,8,0,3],"texture":"#3"}}},{"from":[9.05233,10,17.11802],"to":[13.05233,15,17.11802],"rotation":{"angle":22.5,"axis":"y","origin":[12.5,12.5,17.94054]},"faces":{"south":{"uv":[0,3,4,8],"texture":"#3"}}},{"from":[10.42072,10,19.31101],"to":[10.92072,15,20.81101],"rotation":{"angle":-45,"axis":"y","origin":[12.5,12.5,17.94054]},"faces":{"west":{"uv":[3,0,5,5],"texture":"#0"},"up":{"uv":[0,0,1.5,0.5],"rotation":270,"texture":"#0"},"down":{"uv":[3,4,5,5],"rotation":90,"texture":"#0"}}},{"from":[10,14.07928,19.31101],"to":[15,14.57928,20.81101],"rotation":{"angle":-45,"axis":"x","origin":[12.5,12.5,17.94054]},"faces":{"east":{"uv":[1.5,0.5,0,0],"rotation":180,"texture":"#0"},"west":{"uv":[5,5,3,4],"texture":"#0"},"up":{"uv":[5,5,3,0],"rotation":270,"texture":"#0"}}},{"from":[10,11.94767,17.11802],"to":[15,15.94767,17.11802],"rotation":{"angle":22.5,"axis":"x","origin":[12.5,12.5,17.94054]},"faces":{"south":{"uv":[4,8,0,3],"rotation":270,"texture":"#3"}}},{"from":[10,9.05233,17.11802],"to":[15,13.05233,17.11802],"rotation":{"angle":-22.5,"axis":"x","origin":[12.5,12.5,17.94054]},"faces":{"south":{"uv":[0,3,4,8],"rotation":270,"texture":"#3"}}},{"from":[10,10.42072,19.31101],"to":[15,10.92072,20.81101],"rotation":{"angle":45,"axis":"x","origin":[12.5,12.5,17.94054]},"faces":{"east":{"uv":[3,4,5,5],"texture":"#0"},"west":{"uv":[0,0,1.5,0.5],"rotation":180,"texture":"#0"},"down":{"uv":[3,0,5,5],"rotation":270,"texture":"#0"}}},{"from":[10,10,15],"to":[15,15,18],"rotation":{"angle":0,"axis":"y","origin":[12.5,12.5,16.5]},"faces":{"east":{"uv":[13,0,16,5],"texture":"#0"},"west":{"uv":[0,0,3,5],"texture":"#0"},"up":{"uv":[6,9,11,12],"texture":"#0"},"down":{"uv":[7,6,12,9],"texture":"#0"}}},{"from":[5.07928,10,19.31101],"to":[5.57928,15,20.81101],"rotation":{"angle":45,"axis":"y","origin":[3.5,12.5,17.94054]},"faces":{"east":{"uv":[5,5,3,0],"texture":"#0"},"up":{"uv":[5,5,3,4],"rotation":90,"texture":"#0"},"down":{"uv":[1.5,0.5,0,0],"rotation":270,"texture":"#0"}}},{"from":[2.94767,10,17.11802],"to":[6.94767,15,17.11802],"rotation":{"angle":-22.5,"axis":"y","origin":[3.5,12.5,17.94054]},"faces":{"south":{"uv":[4,8,0,3],"texture":"#3"}}},{"from":[0.05233,10,17.11802],"to":[4.05233,15,17.11802],"rotation":{"angle":22.5,"axis":"y","origin":[3.5,12.5,17.94054]},"faces":{"south":{"uv":[0,3,4,8],"texture":"#3"}}},{"from":[1.42072,10,19.31101],"to":[1.92072,15,20.81101],"rotation":{"angle":-45,"axis":"y","origin":[3.5,12.5,17.94054]},"faces":{"west":{"uv":[3,0,5,5],"texture":"#0"},"up":{"uv":[0,0,1.5,0.5],"rotation":270,"texture":"#0"},"down":{"uv":[3,4,5,5],"rotation":90,"texture":"#0"}}},{"from":[1,14.07928,19.31101],"to":[6,14.57928,20.81101],"rotation":{"angle":-45,"axis":"x","origin":[3.5,12.5,17.94054]},"faces":{"east":{"uv":[1.5,0.5,0,0],"rotation":180,"texture":"#0"},"west":{"uv":[5,5,3,4],"texture":"#0"},"up":{"uv":[5,5,3,0],"rotation":270,"texture":"#0"}}},{"from":[1,11.94767,17.11802],"to":[6,15.94767,17.11802],"rotation":{"angle":22.5,"axis":"x","origin":[3.5,12.5,17.94054]},"faces":{"south":{"uv":[4,8,0,3],"rotation":270,"texture":"#3"}}},{"from":[1,9.05233,17.11802],"to":[6,13.05233,17.11802],"rotation":{"angle":-22.5,"axis":"x","origin":[3.5,12.5,17.94054]},"faces":{"south":{"uv":[0,3,4,8],"rotation":270,"texture":"#3"}}},{"from":[1,10.42072,19.31101],"to":[6,10.92072,20.81101],"rotation":{"angle":45,"axis":"x","origin":[3.5,12.5,17.94054]},"faces":{"east":{"uv":[3,4,5,5],"texture":"#0"},"west":{"uv":[0,0,1.5,0.5],"rotation":180,"texture":"#0"},"down":{"uv":[3,0,5,5],"rotation":270,"texture":"#0"}}},{"from":[1,10,15],"to":[6,15,18],"rotation":{"angle":0,"axis":"y","origin":[3.5,12.5,16.5]},"faces":{"east":{"uv":[13,0,16,5],"texture":"#0"},"west":{"uv":[0,0,3,5],"texture":"#0"},"up":{"uv":[6,9,11,12],"texture":"#0"},"down":{"uv":[7,6,12,9],"texture":"#0"}}},{"from":[14.07928,1,19.31101],"to":[14.57928,6,20.81101],"rotation":{"angle":45,"axis":"y","origin":[12.5,3.5,17.94054]},"faces":{"east":{"uv":[5,5,3,0],"texture":"#0"},"up":{"uv":[5,5,3,4],"rotation":90,"texture":"#0"},"down":{"uv":[1.5,0.5,0,0],"rotation":270,"texture":"#0"}}},{"from":[11.94767,1,17.11802],"to":[15.94767,6,17.11802],"rotation":{"angle":-22.5,"axis":"y","origin":[12.5,3.5,17.94054]},"faces":{"south":{"uv":[4,8,0,3],"texture":"#3"}}},{"from":[9.05233,1,17.11802],"to":[13.05233,6,17.11802],"rotation":{"angle":22.5,"axis":"y","origin":[12.5,3.5,17.94054]},"faces":{"south":{"uv":[0,3,4,8],"texture":"#3"}}},{"from":[10.42072,1,19.31101],"to":[10.92072,6,20.81101],"rotation":{"angle":-45,"axis":"y","origin":[12.5,3.5,17.94054]},"faces":{"west":{"uv":[3,0,5,5],"texture":"#0"},"up":{"uv":[0,0,1.5,0.5],"rotation":270,"texture":"#0"},"down":{"uv":[3,4,5,5],"rotation":90,"texture":"#0"}}},{"from":[10,5.07928,19.31101],"to":[15,5.57928,20.81101],"rotation":{"angle":-45,"axis":"x","origin":[12.5,3.5,17.94054]},"faces":{"east":{"uv":[1.5,0.5,0,0],"rotation":180,"texture":"#0"},"west":{"uv":[5,5,3,4],"texture":"#0"},"up":{"uv":[5,5,3,0],"rotation":270,"texture":"#0"}}},{"from":[10,2.94767,17.11802],"to":[15,6.94767,17.11802],"rotation":{"angle":22.5,"axis":"x","origin":[12.5,3.5,17.94054]},"faces":{"south":{"uv":[4,8,0,3],"rotation":270,"texture":"#3"}}},{"from":[10,0.05233,17.11802],"to":[15,4.05233,17.11802],"rotation":{"angle":-22.5,"axis":"x","origin":[12.5,3.5,17.94054]},"faces":{"south":{"uv":[0,3,4,8],"rotation":270,"texture":"#3"}}},{"from":[10,1.42072,19.31101],"to":[15,1.92072,20.81101],"rotation":{"angle":45,"axis":"x","origin":[12.5,3.5,17.94054]},"faces":{"east":{"uv":[3,4,5,5],"texture":"#0"},"west":{"uv":[0,0,1.5,0.5],"rotation":180,"texture":"#0"},"down":{"uv":[3,0,5,5],"rotation":270,"texture":"#0"}}},{"from":[10,1,15],"to":[15,6,18],"rotation":{"angle":0,"axis":"y","origin":[12.5,3.5,16.5]},"faces":{"east":{"uv":[13,0,16,5],"texture":"#0"},"west":{"uv":[0,0,3,5],"texture":"#0"},"up":{"uv":[6,9,11,12],"texture":"#0"},"down":{"uv":[7,6,12,9],"texture":"#0"}}},{"from":[5.07928,1,19.31101],"to":[5.57928,6,20.81101],"rotation":{"angle":45,"axis":"y","origin":[3.5,3.5,17.94054]},"faces":{"east":{"uv":[5,5,3,0],"texture":"#0"},"up":{"uv":[5,5,3,4],"rotation":90,"texture":"#0"},"down":{"uv":[1.5,0.5,0,0],"rotation":270,"texture":"#0"}}},{"from":[2.94767,1,17.11802],"to":[6.94767,6,17.11802],"rotation":{"angle":-22.5,"axis":"y","origin":[3.5,3.5,17.94054]},"faces":{"south":{"uv":[4,8,0,3],"texture":"#3"}}},{"from":[0.05233,1,17.11802],"to":[4.05233,6,17.11802],"rotation":{"angle":22.5,"axis":"y","origin":[3.5,3.5,17.94054]},"faces":{"south":{"uv":[0,3,4,8],"texture":"#3"}}},{"from":[1.42072,1,19.31101],"to":[1.92072,6,20.81101],"rotation":{"angle":-45,"axis":"y","origin":[3.5,3.5,17.94054]},"faces":{"west":{"uv":[3,0,5,5],"texture":"#0"},"up":{"uv":[0,0,1.5,0.5],"rotation":270,"texture":"#0"},"down":{"uv":[3,4,5,5],"rotation":90,"texture":"#0"}}},{"from":[1,5.07928,19.31101],"to":[6,5.57928,20.81101],"rotation":{"angle":-45,"axis":"x","origin":[3.5,3.5,17.94054]},"faces":{"east":{"uv":[1.5,0.5,0,0],"rotation":180,"texture":"#0"},"west":{"uv":[5,5,3,4],"texture":"#0"},"up":{"uv":[5,5,3,0],"rotation":270,"texture":"#0"}}},{"from":[1,2.94767,17.11802],"to":[6,6.94767,17.11802],"rotation":{"angle":22.5,"axis":"x","origin":[3.5,3.5,17.94054]},"faces":{"south":{"uv":[4,8,0,3],"rotation":270,"texture":"#3"}}},{"from":[1,0.05233,17.11802],"to":[6,4.05233,17.11802],"rotation":{"angle":-22.5,"axis":"x","origin":[3.5,3.5,17.94054]},"faces":{"south":{"uv":[0,3,4,8],"rotation":270,"texture":"#3"}}},{"from":[1,1.42072,19.31101],"to":[6,1.92072,20.81101],"rotation":{"angle":45,"axis":"x","origin":[3.5,3.5,17.94054]},"faces":{"east":{"uv":[3,4,5,5],"texture":"#0"},"west":{"uv":[0,0,1.5,0.5],"rotation":180,"texture":"#0"},"down":{"uv":[3,0,5,5],"rotation":270,"texture":"#0"}}},{"from":[1,1,15],"to":[6,6,18],"rotation":{"angle":0,"axis":"y","origin":[3.5,3.5,16.5]},"faces":{"east":{"uv":[13,0,16,5],"texture":"#0"},"west":{"uv":[0,0,3,5],"texture":"#0"},"up":{"uv":[6,9,11,12],"texture":"#0"},"down":{"uv":[7,6,12,9],"texture":"#0"}}}],"display":{"gui":{"rotation":[33,45,0],"scale":[0.5,0.5,0.5]},"head":{"rotation":[0,-180,0],"translation":[0,9,0],"scale":[1.6,1.6,1.6]}},"groups":[{"name":"group","origin":[8,8,8],"children":[{"name":"group","origin":[8,8,8],"children":[0,1,2,3,4,5,6]},{"name":"group","origin":[8,8,8],"children":[7,8,9,10,11,12,13,14,15,16,17]}]},{"name":"group","origin":[8,8,8],"children":[{"name":"group","origin":[8,12.5,17.94054],"children":[18,19,20,21,{"name":"group","origin":[8,12.5,17.94054],"children":[22,23,24,25]},26]},{"name":"group","origin":[8,12.5,17.94054],"children":[27,28,29,30,{"name":"group","origin":[8,12.5,17.94054],"children":[31,32,33,34]},35]}]},{"name":"group","origin":[8,8,8],"children":[{"name":"group","origin":[8,12.5,17.94054],"children":[36,37,38,39,{"name":"group","origin":[8,12.5,17.94054],"children":[40,41,42,43]},44]},{"name":"group","origin":[8,12.5,17.94054],"children":[45,46,47,48,{"name":"group","origin":[8,12.5,17.94054],"children":[49,50,51,52]},53]}]}],"credit":"Model by Craftventure"}