{"textures":{"0":"block/nether_wart_block","2":"block/red_nether_bricks","3":"block/stripped_acacia_log","particle":"block/nether_wart_block"},"elements":[{"from":[1,14,5],"to":[2,18,11],"rotation":{"angle":0,"axis":"y","origin":[9,22,8]},"faces":{"north":{"uv":[4,0,5,4],"texture":"#0"},"east":{"uv":[4,0,12,4],"texture":"#0"},"south":{"uv":[11,0,12,4],"texture":"#0"},"west":{"uv":[4,6,12,10],"texture":"#0"},"up":{"uv":[4,0,12,1],"rotation":90,"texture":"#0"},"down":{"uv":[4,15,12,16],"rotation":270,"texture":"#0"}}},{"from":[4,14,1],"to":[12,18,2],"rotation":{"angle":0,"axis":"y","origin":[8,22,9]},"faces":{"north":{"uv":[3,6,13,10],"texture":"#0"},"east":{"uv":[3,0,4,4],"texture":"#0"},"south":{"uv":[4,0,14,4],"texture":"#0"},"west":{"uv":[12,0,13,4],"texture":"#0"},"up":{"uv":[3,0,13,1],"rotation":180,"texture":"#0"},"down":{"uv":[3,15,13,16],"rotation":180,"texture":"#0"}}},{"from":[14,14,5],"to":[15,18,11],"rotation":{"angle":0,"axis":"y","origin":[7,22,8]},"faces":{"north":{"uv":[11,0,12,4],"texture":"#0"},"east":{"uv":[4,6,12,10],"texture":"#0"},"south":{"uv":[4,0,5,4],"texture":"#0"},"west":{"uv":[4,0,12,4],"texture":"#0"},"up":{"uv":[12,1,4,0],"rotation":90,"texture":"#0"},"down":{"uv":[12,16,4,15],"rotation":270,"texture":"#0"}}},{"from":[2,14,8],"to":[8,18,14],"rotation":{"angle":0,"axis":"y","origin":[8,11,8]},"faces":{"south":{"uv":[0,6,6,10],"texture":"#0"},"west":{"uv":[9,6,15,10],"texture":"#0"},"up":{"uv":[0,9,6,15],"texture":"#0"},"down":{"uv":[0,0,7,7],"texture":"#0"}}},{"from":[2,14,2],"to":[8,18,8],"rotation":{"angle":0,"axis":"y","origin":[8,11,8]},"faces":{"north":{"uv":[9,6,15,10],"texture":"#0"},"west":{"uv":[0,6,6,10],"texture":"#0"},"up":{"uv":[0,9,6,15],"rotation":90,"texture":"#0"},"down":{"uv":[0,0,7,7],"rotation":270,"texture":"#0"}}},{"from":[8,14,2],"to":[14,18,8],"rotation":{"angle":0,"axis":"y","origin":[8,11,8]},"faces":{"north":{"uv":[0,6,6,10],"texture":"#0"},"east":{"uv":[9,6,15,10],"texture":"#0"},"up":{"uv":[6,15,0,9],"texture":"#0"},"down":{"uv":[7,7,0,0],"texture":"#0"}}},{"from":[8,14,8],"to":[14,18,14],"rotation":{"angle":0,"axis":"y","origin":[8,11,8]},"faces":{"east":{"uv":[0,6,6,10],"texture":"#0"},"south":{"uv":[9,6,15,10],"texture":"#0"},"up":{"uv":[6,15,0,9],"rotation":90,"texture":"#0"},"down":{"uv":[7,7,0,0],"rotation":270,"texture":"#0"}}},{"from":[1,-2,5],"to":[2,14,11],"rotation":{"angle":0,"axis":"y","origin":[9,6,8]},"faces":{"north":{"uv":[4,0,5,16],"texture":"#0"},"east":{"uv":[4,0,12,16],"texture":"#0"},"south":{"uv":[11,0,12,16],"texture":"#0"},"west":{"uv":[4,0,12,16],"texture":"#0"},"up":{"uv":[4,0,12,1],"rotation":90,"texture":"#0"},"down":{"uv":[4,15,12,16],"rotation":270,"texture":"#0"}}},{"from":[4,-2,14],"to":[8,14,15],"rotation":{"angle":0,"axis":"y","origin":[8,6,7]},"faces":{"south":{"uv":[0,2,16,6],"rotation":90,"texture":"#2"},"west":{"uv":[0,5,16,6],"rotation":90,"texture":"#2"},"down":{"uv":[15,2,16,8],"rotation":90,"texture":"#2"}}},{"from":[4,14,14],"to":[8,18,15],"rotation":{"angle":0,"axis":"y","origin":[8,6,7]},"faces":{"south":{"uv":[10,6,14,10],"rotation":90,"texture":"#2"},"west":{"uv":[10,9,14,10],"rotation":90,"texture":"#2"},"up":{"uv":[10,6,11,10],"rotation":90,"texture":"#2"}}},{"from":[8,-2,14],"to":[12,14,15],"rotation":{"angle":0,"axis":"y","origin":[14,6,7]},"faces":{"east":{"uv":[0,11,16,12],"rotation":90,"texture":"#2"},"south":{"uv":[0,11,16,15],"rotation":90,"texture":"#2"},"down":{"uv":[0,9,1,15],"rotation":90,"texture":"#2"}}},{"from":[8,14,14],"to":[12,18,15],"rotation":{"angle":0,"axis":"y","origin":[14,6,7]},"faces":{"east":{"uv":[0,11,4,12],"rotation":90,"texture":"#2"},"south":{"uv":[0,11,4,15],"rotation":90,"texture":"#2"},"up":{"uv":[0,11,1,15],"rotation":90,"texture":"#2"}}},{"from":[4,-2,1],"to":[12,14,2],"rotation":{"angle":0,"axis":"y","origin":[8,6,9]},"faces":{"north":{"uv":[3,0,13,16],"texture":"#0"},"east":{"uv":[3,0,4,16],"texture":"#0"},"south":{"uv":[4,0,12,16],"texture":"#0"},"west":{"uv":[12,0,13,16],"texture":"#0"},"up":{"uv":[3,0,13,1],"rotation":180,"texture":"#0"},"down":{"uv":[3,15,13,16],"rotation":180,"texture":"#0"}}},{"from":[14,-2,5],"to":[15,14,11],"rotation":{"angle":0,"axis":"y","origin":[7,6,8]},"faces":{"north":{"uv":[11,0,12,16],"texture":"#0"},"east":{"uv":[4,0,12,16],"texture":"#0"},"south":{"uv":[4,0,5,16],"texture":"#0"},"west":{"uv":[4,0,12,16],"texture":"#0"},"up":{"uv":[12,1,4,0],"rotation":90,"texture":"#0"},"down":{"uv":[12,16,4,15],"rotation":270,"texture":"#0"}}},{"from":[2,-2,8],"to":[8,14,14],"rotation":{"angle":0,"axis":"y","origin":[8,11,8]},"faces":{"south":{"uv":[0,0,6,16],"texture":"#0"},"west":{"uv":[9,0,15,16],"texture":"#0"},"up":{"uv":[0,9,7,16],"texture":"#0"},"down":{"uv":[0,0,6,6],"texture":"#0"}}},{"from":[2,-2,2],"to":[8,14,8],"rotation":{"angle":0,"axis":"y","origin":[8,11,8]},"faces":{"north":{"uv":[9,0,15,16],"texture":"#0"},"west":{"uv":[0,0,6,16],"texture":"#0"},"up":{"uv":[0,9,7,16],"rotation":90,"texture":"#0"},"down":{"uv":[0,0,6,6],"rotation":270,"texture":"#0"}}},{"from":[8,-2,2],"to":[14,14,8],"rotation":{"angle":0,"axis":"y","origin":[8,11,8]},"faces":{"north":{"uv":[0,0,6,16],"texture":"#0"},"east":{"uv":[9,0,15,16],"texture":"#0"},"up":{"uv":[7,16,0,9],"texture":"#0"},"down":{"uv":[6,6,0,0],"texture":"#0"}}},{"from":[8,-2,8],"to":[14,14,14],"rotation":{"angle":0,"axis":"y","origin":[8,11,8]},"faces":{"east":{"uv":[0,0,6,16],"texture":"#0"},"south":{"uv":[9,0,15,16],"texture":"#0"},"up":{"uv":[7,16,0,9],"rotation":90,"texture":"#0"},"down":{"uv":[6,6,0,0],"rotation":270,"texture":"#0"}}},{"from":[5.07928,11,18.31101],"to":[5.57928,15,19.81101],"rotation":{"angle":45,"axis":"y","origin":[3.5,13.5,16.94054]},"faces":{"east":{"uv":[5,5,3,0],"texture":"#0"},"up":{"uv":[5,5,3,4],"rotation":90,"texture":"#0"},"down":{"uv":[1.5,0.5,0,0],"rotation":270,"texture":"#0"}}},{"from":[2.94767,11,16.11802],"to":[6.94767,15,16.11802],"rotation":{"angle":-22.5,"axis":"y","origin":[3.5,13.5,16.94054]},"faces":{"south":{"uv":[4,8,0,3],"texture":"#3"}}},{"from":[1.05233,11,16.11802],"to":[5.05233,15,16.11802],"rotation":{"angle":22.5,"axis":"y","origin":[4.5,13.5,16.94054]},"faces":{"south":{"uv":[0,3,4,8],"texture":"#3"}}},{"from":[2.42072,11,18.31101],"to":[2.92072,15,19.81101],"rotation":{"angle":-45,"axis":"y","origin":[4.5,13.5,16.94054]},"faces":{"west":{"uv":[3,0,5,5],"texture":"#0"},"up":{"uv":[0,0,1.5,0.5],"rotation":270,"texture":"#0"},"down":{"uv":[3,4,5,5],"rotation":90,"texture":"#0"}}},{"from":[2,14.07928,18.31101],"to":[6,14.57928,19.81101],"rotation":{"angle":-45,"axis":"x","origin":[3.5,12.5,16.94054]},"faces":{"east":{"uv":[1.5,0.5,0,0],"rotation":180,"texture":"#0"},"west":{"uv":[5,5,3,4],"texture":"#0"},"up":{"uv":[5,5,3,0],"rotation":270,"texture":"#0"}}},{"from":[2,11.94767,16.11802],"to":[6,15.94767,16.11802],"rotation":{"angle":22.5,"axis":"x","origin":[3.5,12.5,16.94054]},"faces":{"south":{"uv":[4,8,0,3],"rotation":270,"texture":"#3"}}},{"from":[2,10.05233,16.11802],"to":[6,14.05233,16.11802],"rotation":{"angle":-22.5,"axis":"x","origin":[3.5,13.5,16.94054]},"faces":{"south":{"uv":[0,3,4,8],"rotation":270,"texture":"#3"}}},{"from":[2,11.42072,18.31101],"to":[6,11.92072,19.81101],"rotation":{"angle":45,"axis":"x","origin":[3.5,13.5,16.94054]},"faces":{"east":{"uv":[3,4,5,5],"texture":"#0"},"west":{"uv":[0,0,1.5,0.5],"rotation":180,"texture":"#0"},"down":{"uv":[3,0,5,5],"rotation":270,"texture":"#0"}}},{"from":[2,11,14],"to":[6,15,17],"rotation":{"angle":0,"axis":"y","origin":[3.5,13.5,15.5]},"faces":{"east":{"uv":[13,0,16,4],"texture":"#0"},"west":{"uv":[0,0,3,4],"texture":"#0"},"up":{"uv":[6,9,10,12],"texture":"#0"},"down":{"uv":[7,6,11,9],"texture":"#0"}}},{"from":[13.07928,11,18.31101],"to":[13.57928,15,19.81101],"rotation":{"angle":45,"axis":"y","origin":[11.5,13.5,16.94054]},"faces":{"east":{"uv":[5,5,3,0],"texture":"#0"},"up":{"uv":[5,5,3,4],"rotation":90,"texture":"#0"},"down":{"uv":[1.5,0.5,0,0],"rotation":270,"texture":"#0"}}},{"from":[10.94767,11,16.11802],"to":[14.94767,15,16.11802],"rotation":{"angle":-22.5,"axis":"y","origin":[11.5,13.5,16.94054]},"faces":{"south":{"uv":[4,8,0,3],"texture":"#3"}}},{"from":[9.05233,11,16.11802],"to":[13.05233,15,16.11802],"rotation":{"angle":22.5,"axis":"y","origin":[12.5,13.5,16.94054]},"faces":{"south":{"uv":[0,3,4,8],"texture":"#3"}}},{"from":[10.42072,11,18.31101],"to":[10.92072,15,19.81101],"rotation":{"angle":-45,"axis":"y","origin":[12.5,13.5,16.94054]},"faces":{"west":{"uv":[3,0,5,5],"texture":"#0"},"up":{"uv":[0,0,1.5,0.5],"rotation":270,"texture":"#0"},"down":{"uv":[3,4,5,5],"rotation":90,"texture":"#0"}}},{"from":[10,14.07928,18.31101],"to":[14,14.57928,19.81101],"rotation":{"angle":-45,"axis":"x","origin":[11.5,12.5,16.94054]},"faces":{"east":{"uv":[1.5,0.5,0,0],"rotation":180,"texture":"#0"},"west":{"uv":[5,5,3,4],"texture":"#0"},"up":{"uv":[5,5,3,0],"rotation":270,"texture":"#0"}}},{"from":[10,11.94767,16.11802],"to":[14,15.94767,16.11802],"rotation":{"angle":22.5,"axis":"x","origin":[11.5,12.5,16.94054]},"faces":{"south":{"uv":[4,8,0,3],"rotation":270,"texture":"#3"}}},{"from":[10,10.05233,16.11802],"to":[14,14.05233,16.11802],"rotation":{"angle":-22.5,"axis":"x","origin":[11.5,13.5,16.94054]},"faces":{"south":{"uv":[0,3,4,8],"rotation":270,"texture":"#3"}}},{"from":[10,11.42072,18.31101],"to":[14,11.92072,19.81101],"rotation":{"angle":45,"axis":"x","origin":[11.5,13.5,16.94054]},"faces":{"east":{"uv":[3,4,5,5],"texture":"#0"},"west":{"uv":[0,0,1.5,0.5],"rotation":180,"texture":"#0"},"down":{"uv":[3,0,5,5],"rotation":270,"texture":"#0"}}},{"from":[10,11,14],"to":[14,15,17],"rotation":{"angle":0,"axis":"y","origin":[11.5,13.5,15.5]},"faces":{"east":{"uv":[13,0,16,4],"texture":"#0"},"west":{"uv":[0,0,3,4],"texture":"#0"},"up":{"uv":[6,9,10,12],"texture":"#0"},"down":{"uv":[7,6,11,9],"texture":"#0"}}},{"from":[5.07928,1,18.31101],"to":[5.57928,5,19.81101],"rotation":{"angle":45,"axis":"y","origin":[3.5,3.5,16.94054]},"faces":{"east":{"uv":[5,5,3,0],"texture":"#0"},"up":{"uv":[5,5,3,4],"rotation":90,"texture":"#0"},"down":{"uv":[1.5,0.5,0,0],"rotation":270,"texture":"#0"}}},{"from":[2.94767,1,16.11802],"to":[6.94767,5,16.11802],"rotation":{"angle":-22.5,"axis":"y","origin":[3.5,3.5,16.94054]},"faces":{"south":{"uv":[4,8,0,3],"texture":"#3"}}},{"from":[1.05233,1,16.11802],"to":[5.05233,5,16.11802],"rotation":{"angle":22.5,"axis":"y","origin":[4.5,3.5,16.94054]},"faces":{"south":{"uv":[0,3,4,8],"texture":"#3"}}},{"from":[2.42072,1,18.31101],"to":[2.92072,5,19.81101],"rotation":{"angle":-45,"axis":"y","origin":[4.5,3.5,16.94054]},"faces":{"west":{"uv":[3,0,5,5],"texture":"#0"},"up":{"uv":[0,0,1.5,0.5],"rotation":270,"texture":"#0"},"down":{"uv":[3,4,5,5],"rotation":90,"texture":"#0"}}},{"from":[2,4.07928,18.31101],"to":[6,4.57928,19.81101],"rotation":{"angle":-45,"axis":"x","origin":[3.5,2.5,16.94054]},"faces":{"east":{"uv":[1.5,0.5,0,0],"rotation":180,"texture":"#0"},"west":{"uv":[5,5,3,4],"texture":"#0"},"up":{"uv":[5,5,3,0],"rotation":270,"texture":"#0"}}},{"from":[2,1.94767,16.11802],"to":[6,5.94767,16.11802],"rotation":{"angle":22.5,"axis":"x","origin":[3.5,2.5,16.94054]},"faces":{"south":{"uv":[4,8,0,3],"rotation":270,"texture":"#3"}}},{"from":[2,0.05233,16.11802],"to":[6,4.05233,16.11802],"rotation":{"angle":-22.5,"axis":"x","origin":[3.5,3.5,16.94054]},"faces":{"south":{"uv":[0,3,4,8],"rotation":270,"texture":"#3"}}},{"from":[2,1.42072,18.31101],"to":[6,1.92072,19.81101],"rotation":{"angle":45,"axis":"x","origin":[3.5,3.5,16.94054]},"faces":{"east":{"uv":[3,4,5,5],"texture":"#0"},"west":{"uv":[0,0,1.5,0.5],"rotation":180,"texture":"#0"},"down":{"uv":[3,0,5,5],"rotation":270,"texture":"#0"}}},{"from":[2,1,14],"to":[6,5,17],"rotation":{"angle":0,"axis":"y","origin":[3.5,3.5,15.5]},"faces":{"east":{"uv":[13,0,16,4],"texture":"#0"},"west":{"uv":[0,0,3,4],"texture":"#0"},"up":{"uv":[6,9,10,12],"texture":"#0"},"down":{"uv":[7,6,11,9],"texture":"#0"}}},{"from":[13.07928,1,18.31101],"to":[13.57928,5,19.81101],"rotation":{"angle":45,"axis":"y","origin":[11.5,3.5,16.94054]},"faces":{"east":{"uv":[5,5,3,0],"texture":"#0"},"up":{"uv":[5,5,3,4],"rotation":90,"texture":"#0"},"down":{"uv":[1.5,0.5,0,0],"rotation":270,"texture":"#0"}}},{"from":[10.94767,1,16.11802],"to":[14.94767,5,16.11802],"rotation":{"angle":-22.5,"axis":"y","origin":[11.5,3.5,16.94054]},"faces":{"south":{"uv":[4,8,0,3],"texture":"#3"}}},{"from":[9.05233,1,16.11802],"to":[13.05233,5,16.11802],"rotation":{"angle":22.5,"axis":"y","origin":[12.5,3.5,16.94054]},"faces":{"south":{"uv":[0,3,4,8],"texture":"#3"}}},{"from":[10.42072,1,18.31101],"to":[10.92072,5,19.81101],"rotation":{"angle":-45,"axis":"y","origin":[12.5,3.5,16.94054]},"faces":{"west":{"uv":[3,0,5,5],"texture":"#0"},"up":{"uv":[0,0,1.5,0.5],"rotation":270,"texture":"#0"},"down":{"uv":[3,4,5,5],"rotation":90,"texture":"#0"}}},{"from":[10,4.07928,18.31101],"to":[14,4.57928,19.81101],"rotation":{"angle":-45,"axis":"x","origin":[11.5,2.5,16.94054]},"faces":{"east":{"uv":[1.5,0.5,0,0],"rotation":180,"texture":"#0"},"west":{"uv":[5,5,3,4],"texture":"#0"},"up":{"uv":[5,5,3,0],"rotation":270,"texture":"#0"}}},{"from":[10,1.94767,16.11802],"to":[14,5.94767,16.11802],"rotation":{"angle":22.5,"axis":"x","origin":[11.5,2.5,16.94054]},"faces":{"south":{"uv":[4,8,0,3],"rotation":270,"texture":"#3"}}},{"from":[10,0.05233,16.11802],"to":[14,4.05233,16.11802],"rotation":{"angle":-22.5,"axis":"x","origin":[11.5,3.5,16.94054]},"faces":{"south":{"uv":[0,3,4,8],"rotation":270,"texture":"#3"}}},{"from":[10,1.42072,18.31101],"to":[14,1.92072,19.81101],"rotation":{"angle":45,"axis":"x","origin":[11.5,3.5,16.94054]},"faces":{"east":{"uv":[3,4,5,5],"texture":"#0"},"west":{"uv":[0,0,1.5,0.5],"rotation":180,"texture":"#0"},"down":{"uv":[3,0,5,5],"rotation":270,"texture":"#0"}}},{"from":[10,1,14],"to":[14,5,17],"rotation":{"angle":0,"axis":"y","origin":[11.5,3.5,15.5]},"faces":{"east":{"uv":[13,0,16,4],"texture":"#0"},"west":{"uv":[0,0,3,4],"texture":"#0"},"up":{"uv":[6,9,10,12],"texture":"#0"},"down":{"uv":[7,6,11,9],"texture":"#0"}}}],"display":{"gui":{"rotation":[33,45,0],"scale":[0.5,0.5,0.5]},"head":{"rotation":[0,-180,0],"translation":[0,8.75,0],"scale":[1.6,1.6,1.6]}},"groups":[{"name":"group","origin":[8,8,8],"children":[{"name":"group","origin":[8,8,8],"children":[0,1,2,3,4,5,6]},{"name":"group","origin":[8,8,8],"children":[7,8,9,10,11,12,13,14,15,16,17]}]},{"name":"group","origin":[8,8,8],"children":[{"name":"group","origin":[8,12.5,17.94054],"children":[18,19,20,21,{"name":"group","origin":[8,12.5,17.94054],"children":[22,23,24,25]},26]},{"name":"group","origin":[8,12.5,17.94054],"children":[27,28,29,30,{"name":"group","origin":[8,12.5,17.94054],"children":[31,32,33,34]},35]}]},{"name":"group","origin":[8,8,8],"children":[{"name":"group","origin":[8,12.5,17.94054],"children":[36,37,38,39,{"name":"group","origin":[8,12.5,17.94054],"children":[40,41,42,43]},44]},{"name":"group","origin":[8,12.5,17.94054],"children":[45,46,47,48,{"name":"group","origin":[8,12.5,17.94054],"children":[49,50,51,52]},53]}]}],"credit":"Model by Craftventure"}