{"textures":{"0":"block/nether_wart_block","2":"block/red_nether_bricks","3":"block/stripped_acacia_log","particle":"block/nether_wart_block"},"elements":[{"from":[5,14,2],"to":[11,18,3],"rotation":{"angle":0,"axis":"y","origin":[8,11,2.5]},"faces":{"north":{"uv":[5,6,11,10],"texture":"#0"},"east":{"uv":[5,6,6,10],"texture":"#0"},"west":{"uv":[10,6,11,10],"texture":"#0"},"up":{"uv":[5,6,11,7],"rotation":180,"texture":"#0"}}},{"from":[13,14,5],"to":[14,18,11],"rotation":{"angle":0,"axis":"y","origin":[13.5,11,8]},"faces":{"north":{"uv":[10,6,11,10],"texture":"#0"},"east":{"uv":[5,6,11,10],"texture":"#0"},"south":{"uv":[5,6,6,10],"texture":"#0"},"up":{"uv":[5,6,11,7],"rotation":270,"texture":"#0"}}},{"from":[2,14,5],"to":[3,18,11],"rotation":{"angle":0,"axis":"y","origin":[2.5,11,8]},"faces":{"north":{"uv":[5,6,6,10],"texture":"#0"},"south":{"uv":[10,6,11,10],"texture":"#0"},"west":{"uv":[5,6,11,10],"texture":"#0"},"up":{"uv":[5,6,11,7],"rotation":90,"texture":"#0"}}},{"from":[3,14,8],"to":[8,18,13],"rotation":{"angle":0,"axis":"y","origin":[8,11,8]},"faces":{"south":{"uv":[0,6,5,10],"texture":"#0"},"west":{"uv":[9,6,14,10],"texture":"#0"},"up":{"uv":[0,9,6,15],"texture":"#0"},"down":{"uv":[0,0,7,7],"texture":"#0"}}},{"from":[3,14,3],"to":[8,18,8],"rotation":{"angle":0,"axis":"y","origin":[8,11,8]},"faces":{"north":{"uv":[9,6,14,10],"texture":"#0"},"west":{"uv":[0,6,5,10],"texture":"#0"},"up":{"uv":[0,9,6,15],"rotation":90,"texture":"#0"},"down":{"uv":[0,0,7,7],"rotation":270,"texture":"#0"}}},{"from":[8,14,3],"to":[13,18,8],"rotation":{"angle":0,"axis":"y","origin":[8,11,8]},"faces":{"north":{"uv":[0,6,5,10],"texture":"#0"},"east":{"uv":[9,6,14,10],"texture":"#0"},"up":{"uv":[6,15,0,9],"texture":"#0"},"down":{"uv":[7,7,0,0],"texture":"#0"}}},{"from":[8,14,8],"to":[13,18,13],"rotation":{"angle":0,"axis":"y","origin":[8,11,8]},"faces":{"east":{"uv":[0,6,5,10],"texture":"#0"},"south":{"uv":[9,6,14,10],"texture":"#0"},"up":{"uv":[6,15,0,9],"rotation":90,"texture":"#0"},"down":{"uv":[7,7,0,0],"rotation":270,"texture":"#0"}}},{"from":[5,-2,13],"to":[8,14,14],"rotation":{"angle":0,"axis":"y","origin":[8,6,6]},"faces":{"south":{"uv":[0,2,16,5],"rotation":90,"texture":"#2"},"west":{"uv":[0,8,16,9],"rotation":90,"texture":"#2"},"down":{"uv":[15,2,16,5],"rotation":90,"texture":"#2"}}},{"from":[5,14,13],"to":[8,18,14],"rotation":{"angle":0,"axis":"y","origin":[8,6,6]},"faces":{"south":{"uv":[10,6,14,9],"rotation":90,"texture":"#2"},"west":{"uv":[10,12,14,13],"rotation":90,"texture":"#2"},"up":{"uv":[10,6,11,9],"rotation":90,"texture":"#2"}}},{"from":[8,-2,13],"to":[11,14,14],"rotation":{"angle":0,"axis":"y","origin":[14,6,6]},"faces":{"east":{"uv":[0,12,16,13],"rotation":90,"texture":"#2"},"south":{"uv":[0,12,16,15],"rotation":90,"texture":"#2"},"down":{"uv":[0,10,1,13],"rotation":90,"texture":"#2"}}},{"from":[8,14,13],"to":[11,18,14],"rotation":{"angle":0,"axis":"y","origin":[14,6,6]},"faces":{"east":{"uv":[0,12,4,13],"rotation":90,"texture":"#2"},"south":{"uv":[0,12,4,15],"rotation":90,"texture":"#2"},"up":{"uv":[0,12,1,15],"rotation":90,"texture":"#2"}}},{"from":[5,-2,2],"to":[11,14,3],"rotation":{"angle":0,"axis":"y","origin":[8,11,2.5]},"faces":{"north":{"uv":[5,0,11,16],"texture":"#0"},"east":{"uv":[5,0,6,16],"texture":"#0"},"west":{"uv":[10,0,11,16],"texture":"#0"},"down":{"uv":[5,15,11,16],"rotation":180,"texture":"#0"}}},{"from":[13,-2,5],"to":[14,14,11],"rotation":{"angle":0,"axis":"y","origin":[13.5,11,8]},"faces":{"north":{"uv":[10,0,11,16],"texture":"#0"},"east":{"uv":[5,0,11,16],"texture":"#0"},"south":{"uv":[5,0,6,16],"texture":"#0"},"down":{"uv":[5,15,11,16],"rotation":90,"texture":"#0"}}},{"from":[2,-2,5],"to":[3,14,11],"rotation":{"angle":0,"axis":"y","origin":[2.5,11,8]},"faces":{"north":{"uv":[5,0,6,16],"texture":"#0"},"south":{"uv":[10,0,11,16],"texture":"#0"},"west":{"uv":[5,0,11,16],"texture":"#0"},"down":{"uv":[5,15,11,16],"rotation":270,"texture":"#0"}}},{"from":[3,-2,8],"to":[8,14,13],"rotation":{"angle":0,"axis":"y","origin":[8,11,8]},"faces":{"south":{"uv":[0,0,5,16],"texture":"#0"},"west":{"uv":[9,0,14,16],"texture":"#0"},"up":{"uv":[0,9,7,16],"texture":"#0"},"down":{"uv":[0,0,6,6],"texture":"#0"}}},{"from":[3,-2,3],"to":[8,14,8],"rotation":{"angle":0,"axis":"y","origin":[8,11,8]},"faces":{"north":{"uv":[9,0,14,16],"texture":"#0"},"west":{"uv":[0,0,5,16],"texture":"#0"},"up":{"uv":[0,9,7,16],"rotation":90,"texture":"#0"},"down":{"uv":[0,0,6,6],"rotation":270,"texture":"#0"}}},{"from":[8,-2,3],"to":[13,14,8],"rotation":{"angle":0,"axis":"y","origin":[8,11,8]},"faces":{"north":{"uv":[0,0,5,16],"texture":"#0"},"east":{"uv":[9,0,14,16],"texture":"#0"},"up":{"uv":[7,16,0,9],"texture":"#0"},"down":{"uv":[6,6,0,0],"texture":"#0"}}},{"from":[8,-2,8],"to":[13,14,13],"rotation":{"angle":0,"axis":"y","origin":[8,11,8]},"faces":{"east":{"uv":[0,0,5,16],"texture":"#0"},"south":{"uv":[9,0,14,16],"texture":"#0"},"up":{"uv":[7,16,0,9],"rotation":90,"texture":"#0"},"down":{"uv":[6,6,0,0],"rotation":270,"texture":"#0"}}},{"from":[5.07928,13,17.31101],"to":[5.57928,16,18.81101],"rotation":{"angle":45,"axis":"y","origin":[3.5,15,15.94054]},"faces":{"east":{"uv":[4.5,3,3,0],"texture":"#0"},"up":{"uv":[4.5,4.5,3,4],"rotation":90,"texture":"#0"},"down":{"uv":[1.5,0.5,0,0],"rotation":270,"texture":"#0"}}},{"from":[3.94767,13,15.11802],"to":[6.94767,16,15.11802],"rotation":{"angle":-22.5,"axis":"y","origin":[3.5,15,15.94054]},"faces":{"south":{"uv":[3,6,0,3],"texture":"#3"}}},{"from":[2.05233,13,15.11802],"to":[5.05233,16,15.11802],"rotation":{"angle":22.5,"axis":"y","origin":[5.5,15,15.94054]},"faces":{"south":{"uv":[0,3,3,6],"texture":"#3"}}},{"from":[3.42072,13,17.31101],"to":[3.92072,16,18.81101],"rotation":{"angle":-45,"axis":"y","origin":[5.5,15,15.94054]},"faces":{"west":{"uv":[3,0,4.5,3],"texture":"#0"},"up":{"uv":[0,0,1.5,0.5],"rotation":270,"texture":"#0"},"down":{"uv":[3,4,4.5,4.5],"rotation":90,"texture":"#0"}}},{"from":[3,15.07928,17.31101],"to":[6,15.57928,18.81101],"rotation":{"angle":-45,"axis":"x","origin":[3.5,13.5,15.94054]},"faces":{"east":{"uv":[1.5,0.5,0,0],"rotation":180,"texture":"#0"},"west":{"uv":[4.5,4.5,3,4],"texture":"#0"},"up":{"uv":[4.5,3,3,0],"rotation":270,"texture":"#0"}}},{"from":[3,13.94767,15.11802],"to":[6,16.94767,15.11802],"rotation":{"angle":22.5,"axis":"x","origin":[3.5,13.5,15.94054]},"faces":{"south":{"uv":[3,6,0,3],"rotation":270,"texture":"#3"}}},{"from":[3,12.05233,15.11802],"to":[6,15.05233,15.11802],"rotation":{"angle":-22.5,"axis":"x","origin":[3.5,15.5,15.94054]},"faces":{"south":{"uv":[0,3,3,6],"rotation":270,"texture":"#3"}}},{"from":[3,13.42072,17.31101],"to":[6,13.92072,18.81101],"rotation":{"angle":45,"axis":"x","origin":[3.5,15.5,15.94054]},"faces":{"east":{"uv":[3,4,4.5,4.5],"texture":"#0"},"west":{"uv":[0,0,1.5,0.5],"rotation":180,"texture":"#0"},"down":{"uv":[3,0,4.5,3],"rotation":270,"texture":"#0"}}},{"from":[3,13,13],"to":[6,16,16],"rotation":{"angle":0,"axis":"y","origin":[3.5,15,14.5]},"faces":{"east":{"uv":[13,0,16,3],"texture":"#0"},"west":{"uv":[0,0,3,3],"texture":"#0"},"up":{"uv":[6,9,9,12],"texture":"#0"},"down":{"uv":[7,6,10,9],"texture":"#0"}}},{"from":[12.07928,13,17.31101],"to":[12.57928,16,18.81101],"rotation":{"angle":45,"axis":"y","origin":[10.5,15,15.94054]},"faces":{"east":{"uv":[4.5,3,3,0],"texture":"#0"},"up":{"uv":[4.5,4.5,3,4],"rotation":90,"texture":"#0"},"down":{"uv":[1.5,0.5,0,0],"rotation":270,"texture":"#0"}}},{"from":[10.94767,13,15.11802],"to":[13.94767,16,15.11802],"rotation":{"angle":-22.5,"axis":"y","origin":[10.5,15,15.94054]},"faces":{"south":{"uv":[3,6,0,3],"texture":"#3"}}},{"from":[9.05233,13,15.11802],"to":[12.05233,16,15.11802],"rotation":{"angle":22.5,"axis":"y","origin":[12.5,15,15.94054]},"faces":{"south":{"uv":[0,3,3,6],"texture":"#3"}}},{"from":[10.42072,13,17.31101],"to":[10.92072,16,18.81101],"rotation":{"angle":-45,"axis":"y","origin":[12.5,15,15.94054]},"faces":{"west":{"uv":[3,0,4.5,3],"texture":"#0"},"up":{"uv":[0,0,1.5,0.5],"rotation":270,"texture":"#0"},"down":{"uv":[3,4,4.5,4.5],"rotation":90,"texture":"#0"}}},{"from":[10,15.07928,17.31101],"to":[13,15.57928,18.81101],"rotation":{"angle":-45,"axis":"x","origin":[10.5,13.5,15.94054]},"faces":{"east":{"uv":[1.5,0.5,0,0],"rotation":180,"texture":"#0"},"west":{"uv":[4.5,4.5,3,4],"texture":"#0"},"up":{"uv":[4.5,3,3,0],"rotation":270,"texture":"#0"}}},{"from":[10,13.94767,15.11802],"to":[13,16.94767,15.11802],"rotation":{"angle":22.5,"axis":"x","origin":[10.5,13.5,15.94054]},"faces":{"south":{"uv":[3,6,0,3],"rotation":270,"texture":"#3"}}},{"from":[10,12.05233,15.11802],"to":[13,15.05233,15.11802],"rotation":{"angle":-22.5,"axis":"x","origin":[10.5,15.5,15.94054]},"faces":{"south":{"uv":[0,3,3,6],"rotation":270,"texture":"#3"}}},{"from":[10,13.42072,17.31101],"to":[13,13.92072,18.81101],"rotation":{"angle":45,"axis":"x","origin":[10.5,15.5,15.94054]},"faces":{"east":{"uv":[3,4,4.5,4.5],"texture":"#0"},"west":{"uv":[0,0,1.5,0.5],"rotation":180,"texture":"#0"},"down":{"uv":[3,0,4.5,3],"rotation":270,"texture":"#0"}}},{"from":[10,13,13],"to":[13,16,16],"rotation":{"angle":0,"axis":"y","origin":[10.5,15,14.5]},"faces":{"east":{"uv":[13,0,16,3],"texture":"#0"},"west":{"uv":[0,0,3,3],"texture":"#0"},"up":{"uv":[6,9,9,12],"texture":"#0"},"down":{"uv":[7,6,10,9],"texture":"#0"}}},{"from":[5.07928,1,17.31101],"to":[5.57928,4,18.81101],"rotation":{"angle":45,"axis":"y","origin":[3.5,3,15.94054]},"faces":{"east":{"uv":[4.5,3,3,0],"texture":"#0"},"up":{"uv":[4.5,4.5,3,4],"rotation":90,"texture":"#0"},"down":{"uv":[1.5,0.5,0,0],"rotation":270,"texture":"#0"}}},{"from":[3.94767,1,15.11802],"to":[6.94767,4,15.11802],"rotation":{"angle":-22.5,"axis":"y","origin":[3.5,3,15.94054]},"faces":{"south":{"uv":[3,6,0,3],"texture":"#3"}}},{"from":[2.05233,1,15.11802],"to":[5.05233,4,15.11802],"rotation":{"angle":22.5,"axis":"y","origin":[5.5,3,15.94054]},"faces":{"south":{"uv":[0,3,3,6],"texture":"#3"}}},{"from":[3.42072,1,17.31101],"to":[3.92072,4,18.81101],"rotation":{"angle":-45,"axis":"y","origin":[5.5,3,15.94054]},"faces":{"west":{"uv":[3,0,4.5,3],"texture":"#0"},"up":{"uv":[0,0,1.5,0.5],"rotation":270,"texture":"#0"},"down":{"uv":[3,4,4.5,4.5],"rotation":90,"texture":"#0"}}},{"from":[3,3.07928,17.31101],"to":[6,3.57928,18.81101],"rotation":{"angle":-45,"axis":"x","origin":[3.5,1.5,15.94054]},"faces":{"east":{"uv":[1.5,0.5,0,0],"rotation":180,"texture":"#0"},"west":{"uv":[4.5,4.5,3,4],"texture":"#0"},"up":{"uv":[4.5,3,3,0],"rotation":270,"texture":"#0"}}},{"from":[3,1.94767,15.11802],"to":[6,4.94767,15.11802],"rotation":{"angle":22.5,"axis":"x","origin":[3.5,1.5,15.94054]},"faces":{"south":{"uv":[3,6,0,3],"rotation":270,"texture":"#3"}}},{"from":[3,0.05233,15.11802],"to":[6,3.05233,15.11802],"rotation":{"angle":-22.5,"axis":"x","origin":[3.5,3.5,15.94054]},"faces":{"south":{"uv":[0,3,3,6],"rotation":270,"texture":"#3"}}},{"from":[3,1.42072,17.31101],"to":[6,1.92072,18.81101],"rotation":{"angle":45,"axis":"x","origin":[3.5,3.5,15.94054]},"faces":{"east":{"uv":[3,4,4.5,4.5],"texture":"#0"},"west":{"uv":[0,0,1.5,0.5],"rotation":180,"texture":"#0"},"down":{"uv":[3,0,4.5,3],"rotation":270,"texture":"#0"}}},{"from":[3,1,13],"to":[6,4,16],"rotation":{"angle":0,"axis":"y","origin":[3.5,3,14.5]},"faces":{"east":{"uv":[13,0,16,3],"texture":"#0"},"west":{"uv":[0,0,3,3],"texture":"#0"},"up":{"uv":[6,9,9,12],"texture":"#0"},"down":{"uv":[7,6,10,9],"texture":"#0"}}},{"from":[12.07928,1,17.31101],"to":[12.57928,4,18.81101],"rotation":{"angle":45,"axis":"y","origin":[10.5,3,15.94054]},"faces":{"east":{"uv":[4.5,3,3,0],"texture":"#0"},"up":{"uv":[4.5,4.5,3,4],"rotation":90,"texture":"#0"},"down":{"uv":[1.5,0.5,0,0],"rotation":270,"texture":"#0"}}},{"from":[10.94767,1,15.11802],"to":[13.94767,4,15.11802],"rotation":{"angle":-22.5,"axis":"y","origin":[10.5,3,15.94054]},"faces":{"south":{"uv":[3,6,0,3],"texture":"#3"}}},{"from":[9.05233,1,15.11802],"to":[12.05233,4,15.11802],"rotation":{"angle":22.5,"axis":"y","origin":[12.5,3,15.94054]},"faces":{"south":{"uv":[0,3,3,6],"texture":"#3"}}},{"from":[10.42072,1,17.31101],"to":[10.92072,4,18.81101],"rotation":{"angle":-45,"axis":"y","origin":[12.5,3,15.94054]},"faces":{"west":{"uv":[3,0,4.5,3],"texture":"#0"},"up":{"uv":[0,0,1.5,0.5],"rotation":270,"texture":"#0"},"down":{"uv":[3,4,4.5,4.5],"rotation":90,"texture":"#0"}}},{"from":[10,3.07928,17.31101],"to":[13,3.57928,18.81101],"rotation":{"angle":-45,"axis":"x","origin":[10.5,1.5,15.94054]},"faces":{"east":{"uv":[1.5,0.5,0,0],"rotation":180,"texture":"#0"},"west":{"uv":[4.5,4.5,3,4],"texture":"#0"},"up":{"uv":[4.5,3,3,0],"rotation":270,"texture":"#0"}}},{"from":[10,1.94767,15.11802],"to":[13,4.94767,15.11802],"rotation":{"angle":22.5,"axis":"x","origin":[10.5,1.5,15.94054]},"faces":{"south":{"uv":[3,6,0,3],"rotation":270,"texture":"#3"}}},{"from":[10,0.05233,15.11802],"to":[13,3.05233,15.11802],"rotation":{"angle":-22.5,"axis":"x","origin":[10.5,3.5,15.94054]},"faces":{"south":{"uv":[0,3,3,6],"rotation":270,"texture":"#3"}}},{"from":[10,1.42072,17.31101],"to":[13,1.92072,18.81101],"rotation":{"angle":45,"axis":"x","origin":[10.5,3.5,15.94054]},"faces":{"east":{"uv":[3,4,4.5,4.5],"texture":"#0"},"west":{"uv":[0,0,1.5,0.5],"rotation":180,"texture":"#0"},"down":{"uv":[3,0,4.5,3],"rotation":270,"texture":"#0"}}},{"from":[10,1,13],"to":[13,4,16],"rotation":{"angle":0,"axis":"y","origin":[10.5,3,14.5]},"faces":{"east":{"uv":[13,0,16,3],"texture":"#0"},"west":{"uv":[0,0,3,3],"texture":"#0"},"up":{"uv":[6,9,9,12],"texture":"#0"},"down":{"uv":[7,6,10,9],"texture":"#0"}}},{"from":[5.07928,7,17.31101],"to":[5.57928,10,18.81101],"rotation":{"angle":45,"axis":"y","origin":[3.5,9,15.94054]},"faces":{"east":{"uv":[4.5,3,3,0],"texture":"#0"},"up":{"uv":[4.5,4.5,3,4],"rotation":90,"texture":"#0"},"down":{"uv":[1.5,0.5,0,0],"rotation":270,"texture":"#0"}}},{"from":[3.94767,7,15.11802],"to":[6.94767,10,15.11802],"rotation":{"angle":-22.5,"axis":"y","origin":[3.5,9,15.94054]},"faces":{"south":{"uv":[3,6,0,3],"texture":"#3"}}},{"from":[2.05233,7,15.11802],"to":[5.05233,10,15.11802],"rotation":{"angle":22.5,"axis":"y","origin":[5.5,9,15.94054]},"faces":{"south":{"uv":[0,3,3,6],"texture":"#3"}}},{"from":[3.42072,7,17.31101],"to":[3.92072,10,18.81101],"rotation":{"angle":-45,"axis":"y","origin":[5.5,9,15.94054]},"faces":{"west":{"uv":[3,0,4.5,3],"texture":"#0"},"up":{"uv":[0,0,1.5,0.5],"rotation":270,"texture":"#0"},"down":{"uv":[3,4,4.5,4.5],"rotation":90,"texture":"#0"}}},{"from":[3,9.07928,17.31101],"to":[6,9.57928,18.81101],"rotation":{"angle":-45,"axis":"x","origin":[3.5,7.5,15.94054]},"faces":{"east":{"uv":[1.5,0.5,0,0],"rotation":180,"texture":"#0"},"west":{"uv":[4.5,4.5,3,4],"texture":"#0"},"up":{"uv":[4.5,3,3,0],"rotation":270,"texture":"#0"}}},{"from":[3,7.94767,15.11802],"to":[6,10.94767,15.11802],"rotation":{"angle":22.5,"axis":"x","origin":[3.5,7.5,15.94054]},"faces":{"south":{"uv":[3,6,0,3],"rotation":270,"texture":"#3"}}},{"from":[3,6.05233,15.11802],"to":[6,9.05233,15.11802],"rotation":{"angle":-22.5,"axis":"x","origin":[3.5,9.5,15.94054]},"faces":{"south":{"uv":[0,3,3,6],"rotation":270,"texture":"#3"}}},{"from":[3,7.42072,17.31101],"to":[6,7.92072,18.81101],"rotation":{"angle":45,"axis":"x","origin":[3.5,9.5,15.94054]},"faces":{"east":{"uv":[3,4,4.5,4.5],"texture":"#0"},"west":{"uv":[0,0,1.5,0.5],"rotation":180,"texture":"#0"},"down":{"uv":[3,0,4.5,3],"rotation":270,"texture":"#0"}}},{"from":[3,7,13],"to":[6,10,16],"rotation":{"angle":0,"axis":"y","origin":[3.5,9,14.5]},"faces":{"east":{"uv":[13,0,16,3],"texture":"#0"},"west":{"uv":[0,0,3,3],"texture":"#0"},"up":{"uv":[6,9,9,12],"texture":"#0"},"down":{"uv":[7,6,10,9],"texture":"#0"}}},{"from":[12.07928,7,17.31101],"to":[12.57928,10,18.81101],"rotation":{"angle":45,"axis":"y","origin":[10.5,9,15.94054]},"faces":{"east":{"uv":[4.5,3,3,0],"texture":"#0"},"up":{"uv":[4.5,4.5,3,4],"rotation":90,"texture":"#0"},"down":{"uv":[1.5,0.5,0,0],"rotation":270,"texture":"#0"}}},{"from":[10.94767,7,15.11802],"to":[13.94767,10,15.11802],"rotation":{"angle":-22.5,"axis":"y","origin":[10.5,9,15.94054]},"faces":{"south":{"uv":[3,6,0,3],"texture":"#3"}}},{"from":[9.05233,7,15.11802],"to":[12.05233,10,15.11802],"rotation":{"angle":22.5,"axis":"y","origin":[12.5,9,15.94054]},"faces":{"south":{"uv":[0,3,3,6],"texture":"#3"}}},{"from":[10.42072,7,17.31101],"to":[10.92072,10,18.81101],"rotation":{"angle":-45,"axis":"y","origin":[12.5,9,15.94054]},"faces":{"west":{"uv":[3,0,4.5,3],"texture":"#0"},"up":{"uv":[0,0,1.5,0.5],"rotation":270,"texture":"#0"},"down":{"uv":[3,4,4.5,4.5],"rotation":90,"texture":"#0"}}},{"from":[10,9.07928,17.31101],"to":[13,9.57928,18.81101],"rotation":{"angle":-45,"axis":"x","origin":[10.5,7.5,15.94054]},"faces":{"east":{"uv":[1.5,0.5,0,0],"rotation":180,"texture":"#0"},"west":{"uv":[4.5,4.5,3,4],"texture":"#0"},"up":{"uv":[4.5,3,3,0],"rotation":270,"texture":"#0"}}},{"from":[10,7.94767,15.11802],"to":[13,10.94767,15.11802],"rotation":{"angle":22.5,"axis":"x","origin":[10.5,7.5,15.94054]},"faces":{"south":{"uv":[3,6,0,3],"rotation":270,"texture":"#3"}}},{"from":[10,6.05233,15.11802],"to":[13,9.05233,15.11802],"rotation":{"angle":-22.5,"axis":"x","origin":[10.5,9.5,15.94054]},"faces":{"south":{"uv":[0,3,3,6],"rotation":270,"texture":"#3"}}},{"from":[10,7.42072,17.31101],"to":[13,7.92072,18.81101],"rotation":{"angle":45,"axis":"x","origin":[10.5,9.5,15.94054]},"faces":{"east":{"uv":[3,4,4.5,4.5],"texture":"#0"},"west":{"uv":[0,0,1.5,0.5],"rotation":180,"texture":"#0"},"down":{"uv":[3,0,4.5,3],"rotation":270,"texture":"#0"}}},{"from":[10,7,13],"to":[13,10,16],"rotation":{"angle":0,"axis":"y","origin":[10.5,9,14.5]},"faces":{"east":{"uv":[13,0,16,3],"texture":"#0"},"west":{"uv":[0,0,3,3],"texture":"#0"},"up":{"uv":[6,9,9,12],"texture":"#0"},"down":{"uv":[7,6,10,9],"texture":"#0"}}}],"display":{"gui":{"rotation":[33,45,0],"scale":[0.5,0.5,0.5]},"head":{"rotation":[0,-180,0],"translation":[0,8.75,0],"scale":[1.6,1.6,1.6]}},"groups":[{"name":"group","origin":[8,8,8],"children":[{"name":"group","origin":[8,8,8],"children":[0,1,2,3,4,5,6]},{"name":"group","origin":[8,8,8],"children":[7,8,9,10,11,12,13,14,15,16,17]}]},{"name":"group","origin":[8,8,8],"children":[{"name":"group","origin":[8,12.5,17.94054],"children":[18,19,20,21,{"name":"group","origin":[8,12.5,17.94054],"children":[22,23,24,25]},26]},{"name":"group","origin":[8,12.5,17.94054],"children":[27,28,29,30,{"name":"group","origin":[8,12.5,17.94054],"children":[31,32,33,34]},35]}]},{"name":"group","origin":[8,8,8],"children":[{"name":"group","origin":[8,12.5,17.94054],"children":[36,37,38,39,{"name":"group","origin":[8,12.5,17.94054],"children":[40,41,42,43]},44]},{"name":"group","origin":[8,12.5,17.94054],"children":[45,46,47,48,{"name":"group","origin":[8,12.5,17.94054],"children":[49,50,51,52]},53]}]},{"name":"group","origin":[8,8,8],"children":[{"name":"group","origin":[8,12.5,17.94054],"children":[54,55,56,57,{"name":"group","origin":[8,12.5,17.94054],"children":[58,59,60,61]},62]},{"name":"group","origin":[8,12.5,17.94054],"children":[63,64,65,66,{"name":"group","origin":[8,12.5,17.94054],"children":[67,68,69,70]},71]}]}],"credit":"Model by Craftventure"}