{"textures":{"0":"block/green_concrete","1":"block/yellow_stained_glass","2":"block/pink_wool","3":"block/yellow_concrete","4":"block/green_wool","5":"block/yellow_terracotta","7":"block/spruce_planks","9":"block/hopper_inside"},"elements":[{"from":[-1,0.25,0],"to":[17,3,2],"faces":{"north":{"uv":[0,0,16,2.75],"texture":"#0"},"east":{"uv":[0,0,16,2.75],"texture":"#0"},"south":{"uv":[0,0,16,2.75],"texture":"#0"},"west":{"uv":[0,0,16,2.75],"texture":"#0"},"up":{"uv":[0,0,16,2.75],"texture":"#0"},"down":{"uv":[0,0,16,2.75],"texture":"#0"}}},{"from":[-1,0,-0.25],"to":[17,1,0.75],"faces":{"north":{"uv":[0,0,16,1],"texture":"#2"},"east":{"uv":[0,0,16,1],"texture":"#2"},"south":{"uv":[0,0,16,1],"texture":"#2"},"west":{"uv":[0,0,16,1],"texture":"#2"},"up":{"uv":[0,0,16,1],"texture":"#2"},"down":{"uv":[0,0,16,1],"texture":"#2"}}},{"from":[16.25131,0,-0.00131],"to":[17.25131,1,15.99869],"faces":{"north":{"uv":[0,0,1,1],"texture":"#2"},"east":{"uv":[0,0,1,16],"rotation":90,"texture":"#2"},"south":{"uv":[0,0,1,1],"texture":"#2"},"west":{"uv":[0,0,16,1],"rotation":90,"texture":"#2"},"up":{"uv":[0,0,1,16],"rotation":90,"texture":"#2"},"down":{"uv":[0,0,1,16],"texture":"#2"}}},{"from":[-1.24869,0,-0.00131],"to":[-0.24869,1,15.99869],"faces":{"north":{"uv":[0,0,16,1],"texture":"#2"},"east":{"uv":[0,0,16,1],"texture":"#2"},"south":{"uv":[0,0,16,1],"texture":"#2"},"west":{"uv":[0,0,16,1],"texture":"#2"},"up":{"uv":[0,0,16,1],"rotation":90,"texture":"#2"},"down":{"uv":[0,0,16,1],"rotation":90,"texture":"#2"}}},{"from":[-1,0,15.25],"to":[17,1,16.25],"faces":{"north":{"uv":[0,0,16,1],"texture":"#2"},"east":{"uv":[0,0,16,1],"texture":"#2"},"south":{"uv":[0,0,16,1],"texture":"#2"},"west":{"uv":[0,0,16,1],"texture":"#2"},"up":{"uv":[0,0,16,1],"texture":"#2"},"down":{"uv":[0,0,16,1],"texture":"#2"}}},{"from":[-1,0.25,14],"to":[17,3,16],"faces":{"north":{"uv":[0,0,16,2.75],"texture":"#0"},"east":{"uv":[0,0,16,2.75],"texture":"#0"},"south":{"uv":[0,0,16,2.75],"texture":"#0"},"west":{"uv":[0,0,16,2.75],"texture":"#0"},"up":{"uv":[0,0,16,2.75],"texture":"#0"},"down":{"uv":[0,0,16,2.75],"texture":"#0"}}},{"from":[-1,0.25,1],"to":[1,3,15],"faces":{"north":{"uv":[0,0,14,2.75],"texture":"#0"},"east":{"uv":[0,0,14,2.75],"texture":"#0"},"south":{"uv":[0,0,14,2.75],"texture":"#0"},"west":{"uv":[0,0,14,2.75],"texture":"#0"},"up":{"uv":[0,0,14,2.75],"texture":"#0"},"down":{"uv":[0,0,14,2.75],"texture":"#0"}}},{"from":[15,0.25,1],"to":[17,3,15],"faces":{"north":{"uv":[0,0,14,2.75],"texture":"#0"},"east":{"uv":[0,0,14,2.75],"texture":"#0"},"south":{"uv":[0,0,14,2.75],"texture":"#0"},"west":{"uv":[0,0,14,2.75],"texture":"#0"},"up":{"uv":[0,0,14,2.75],"texture":"#0"},"down":{"uv":[0,0,14,2.75],"texture":"#0"}}},{"from":[0,3,1],"to":[16,9,2],"faces":{"north":{"uv":[0,0,16,6],"texture":"#0"},"east":{"uv":[0,0,16,6],"texture":"#0"},"south":{"uv":[0,0,16,6],"texture":"#0"},"west":{"uv":[0,0,16,6],"texture":"#0"},"up":{"uv":[0,0,16,6],"texture":"#0"},"down":{"uv":[0,0,16,6],"texture":"#0"}}},{"from":[0,3,14],"to":[16,9,15],"faces":{"north":{"uv":[0,0,16,6],"texture":"#0"},"east":{"uv":[0,0,16,6],"texture":"#0"},"south":{"uv":[0,0,16,6],"texture":"#0"},"west":{"uv":[0,0,16,6],"texture":"#0"},"up":{"uv":[0,0,16,6],"texture":"#0"},"down":{"uv":[0,0,16,6],"texture":"#0"}}},{"from":[0,3,1],"to":[1,9,15],"faces":{"north":{"uv":[0,0,14,6],"texture":"#0"},"east":{"uv":[0,0,14,6],"texture":"#0"},"south":{"uv":[0,0,14,6],"texture":"#0"},"west":{"uv":[0,0,14,6],"texture":"#0"},"up":{"uv":[0,0,14,6],"texture":"#0"},"down":{"uv":[0,0,14,6],"texture":"#0"}}},{"from":[15,3,1],"to":[16,9,15],"faces":{"north":{"uv":[0,0,14,6],"texture":"#0"},"east":{"uv":[0,0,14,6],"texture":"#0"},"south":{"uv":[0,0,14,6],"texture":"#0"},"west":{"uv":[0,0,14,6],"texture":"#0"},"up":{"uv":[0,0,14,6],"texture":"#0"},"down":{"uv":[0,0,14,6],"texture":"#0"}}},{"from":[1,7,2],"to":[15,13,14],"faces":{"north":{"uv":[0,0,12,6],"texture":"#0"},"east":{"uv":[0,0,12,6],"texture":"#0"},"south":{"uv":[0,0,12,6],"texture":"#0"},"west":{"uv":[0,0,12,6],"texture":"#0"},"up":{"uv":[0,0,12,6],"texture":"#0"},"down":{"uv":[0,0,12,6],"texture":"#0"}}},{"from":[3,10,1],"to":[13,18,11],"rotation":{"angle":22.5,"axis":"x","origin":[8,8,8]},"faces":{"north":{"uv":[0,0,10,8],"texture":"#0"},"east":{"uv":[0,0,10,8],"texture":"#0"},"south":{"uv":[0,0,10,8],"texture":"#0"},"west":{"uv":[0,0,10,8],"texture":"#0"},"up":{"uv":[0,0,10,8],"texture":"#0"},"down":{"uv":[0,0,10,8],"texture":"#0"}}},{"from":[4,14,-2],"to":[12,22,6],"rotation":{"angle":45,"axis":"x","origin":[8,8,8]},"faces":{"north":{"uv":[0,0,8,8],"texture":"#0"},"east":{"uv":[0,0,8,8],"texture":"#0"},"south":{"uv":[0,0,8,8],"texture":"#0"},"west":{"uv":[0,0,8,8],"texture":"#0"},"up":{"uv":[0,0,8,8],"texture":"#0"},"down":{"uv":[0,0,8,8],"texture":"#0"}}},{"from":[5,19,-0.5],"to":[11,26,4.5],"rotation":{"angle":45,"axis":"x","origin":[8,8,8]},"faces":{"north":{"uv":[0,0,5,7],"texture":"#0"},"east":{"uv":[0,0,5,7],"texture":"#0"},"south":{"uv":[0,0,5,7],"texture":"#0"},"west":{"uv":[0,0,5,7],"texture":"#0"},"up":{"uv":[0,0,5,7],"texture":"#0"},"down":{"uv":[0,0,5,7],"texture":"#0"}}},{"from":[6,18.25,20.5],"to":[10,22.25,24],"rotation":{"angle":-22.5,"axis":"x","origin":[8,8,8]},"faces":{"north":{"uv":[0,0,4,3.5],"texture":"#0"},"east":{"uv":[0,0,4,3.5],"texture":"#0"},"south":{"uv":[0,0,4,3.5],"texture":"#0"},"west":{"uv":[0,0,4,3.5],"texture":"#0"},"up":{"uv":[0,0,4,3.5],"texture":"#0"},"down":{"uv":[0,0,4,3.5],"texture":"#0"}}},{"from":[6.89068,24.08557,17.35106],"to":[8.89068,27.28557,21.35106],"rotation":{"angle":-22.5,"axis":"x","origin":[7.87919,25.41638,18.8817]},"faces":{"north":{"uv":[0,0,4,3.2],"texture":"#0"},"east":{"uv":[0,0,4,3.2],"texture":"#0"},"south":{"uv":[0,0,4,3.2],"texture":"#0"},"west":{"uv":[0,0,4,3.2],"texture":"#0"},"up":{"uv":[0,0,4,3.2],"texture":"#0"},"down":{"uv":[0,0,4,3.2],"texture":"#0"}}},{"from":[7.39276,27.31927,20.28606],"to":[8.39276,29.01927,24.28606],"rotation":{"angle":-45,"axis":"x","origin":[7.63127,27.15009,21.8167]},"faces":{"north":{"uv":[0,0,4,1.7],"texture":"#4"},"east":{"uv":[0,0,4,1.7],"texture":"#4"},"south":{"uv":[0,0,4,1.7],"texture":"#4"},"west":{"uv":[0,0,4,1.7],"texture":"#4"},"up":{"uv":[0,0,4,1.7],"texture":"#4"},"down":{"uv":[0,0,4,1.7],"texture":"#4"}}},{"from":[7.39276,24.31927,20.28606],"to":[8.39276,26.01927,23.28606],"rotation":{"angle":22.5,"axis":"x","origin":[7.63127,24.15009,21.8167]},"faces":{"north":{"uv":[0,0,3,1.7],"texture":"#4"},"east":{"uv":[0,0,3,1.7],"texture":"#4"},"south":{"uv":[0,0,3,1.7],"texture":"#4"},"west":{"uv":[0,0,3,1.7],"texture":"#4"},"up":{"uv":[0,0,3,1.7],"texture":"#4"},"down":{"uv":[0,0,3,1.7],"texture":"#4"}}},{"from":[7.64284,28.47933,22.99328],"to":[8.14284,30.17933,24.99328],"rotation":{"angle":-22.5,"axis":"x","origin":[7.63135,28.31015,22.52392]},"faces":{"north":{"uv":[0,0,2,1.7],"texture":"#4"},"east":{"uv":[0,0,2,1.7],"texture":"#4"},"south":{"uv":[0,0,2,1.7],"texture":"#4"},"west":{"uv":[0,0,2,1.7],"texture":"#4"},"up":{"uv":[0,0,2,1.7],"texture":"#4"},"down":{"uv":[0,0,2,1.7],"texture":"#4"}}},{"from":[7.64049,23.39663,23.83786],"to":[8.14049,25.09663,25.83786],"rotation":{"angle":-22.5,"axis":"x","origin":[7.62892,22.06739,22.66129]},"faces":{"north":{"uv":[0,0,2,1.7],"texture":"#4"},"east":{"uv":[0,0,2,1.7],"texture":"#4"},"south":{"uv":[0,0,2,1.7],"texture":"#4"},"west":{"uv":[0,0,2,1.7],"texture":"#4"},"up":{"uv":[0,0,2,1.7],"texture":"#4"},"down":{"uv":[0,0,2,1.7],"texture":"#4"}}},{"from":[11,-8,1],"to":[13,-6,1],"rotation":{"angle":-45,"axis":"z","origin":[22,-6,9]},"faces":{"north":{"uv":[0,0,2,2],"texture":"#5"},"east":{"uv":[0,0,2,2],"texture":"#5"},"south":{"uv":[0,0,2,2],"texture":"#5"},"west":{"uv":[0,0,2,2],"texture":"#5"},"up":{"uv":[0,0,2,2],"texture":"#5"},"down":{"uv":[0,0,2,2],"texture":"#5"}}},{"from":[11,-8,15],"to":[13,-6,15],"rotation":{"angle":-45,"axis":"z","origin":[22,-6,23]},"faces":{"north":{"uv":[0,0,2,2],"texture":"#5"},"east":{"uv":[0,0,2,2],"texture":"#5"},"south":{"uv":[0,0,2,2],"texture":"#5"},"west":{"uv":[0,0,2,2],"texture":"#5"},"up":{"uv":[0,0,2,2],"texture":"#5"},"down":{"uv":[0,0,2,2],"texture":"#5"}}},{"from":[8,-8,1],"to":[10,-6,1],"rotation":{"angle":-45,"axis":"z","origin":[19,-6,9]},"faces":{"north":{"uv":[0,0,2,2],"texture":"#5"},"east":{"uv":[0,0,2,2],"texture":"#5"},"south":{"uv":[0,0,2,2],"texture":"#5"},"west":{"uv":[0,0,2,2],"texture":"#5"},"up":{"uv":[0,0,2,2],"texture":"#5"},"down":{"uv":[0,0,2,2],"texture":"#5"}}},{"from":[8,-8,15],"to":[10,-6,15],"rotation":{"angle":-45,"axis":"z","origin":[19,-6,23]},"faces":{"north":{"uv":[0,0,2,2],"texture":"#5"},"east":{"uv":[0,0,2,2],"texture":"#5"},"south":{"uv":[0,0,2,2],"texture":"#5"},"west":{"uv":[0,0,2,2],"texture":"#5"},"up":{"uv":[0,0,2,2],"texture":"#5"},"down":{"uv":[0,0,2,2],"texture":"#5"}}},{"from":[5,-8,1],"to":[7,-6,1],"rotation":{"angle":-45,"axis":"z","origin":[16,-6,9]},"faces":{"north":{"uv":[0,0,2,2],"texture":"#5"},"east":{"uv":[0,0,0,2],"texture":"#missing"},"south":{"uv":[0,0,2,2],"texture":"#5"},"west":{"uv":[0,0,0,2],"texture":"#missing"},"up":{"uv":[0,0,0,2],"rotation":270,"texture":"#missing"},"down":{"uv":[0,0,0,2],"rotation":90,"texture":"#missing"}}},{"from":[5,-8,15],"to":[7,-6,15],"rotation":{"angle":-45,"axis":"z","origin":[16,-6,23]},"faces":{"north":{"uv":[0,0,2,2],"texture":"#5"},"east":{"uv":[0,0,2,2],"texture":"#5"},"south":{"uv":[0,0,2,2],"texture":"#5"},"west":{"uv":[0,0,2,2],"texture":"#5"},"up":{"uv":[0,0,2,2],"texture":"#5"},"down":{"uv":[0,0,2,2],"texture":"#5"}}},{"from":[2,-8,1],"to":[4,-6,1],"rotation":{"angle":-45,"axis":"z","origin":[13,-6,9]},"faces":{"north":{"uv":[0,0,2,2],"texture":"#5"},"east":{"uv":[0,0,2,2],"texture":"#5"},"south":{"uv":[0,0,2,2],"texture":"#5"},"west":{"uv":[0,0,2,2],"texture":"#5"},"up":{"uv":[0,0,2,2],"texture":"#5"},"down":{"uv":[0,0,2,2],"texture":"#5"}}},{"from":[2,-8,15],"to":[4,-6,15],"rotation":{"angle":-45,"axis":"z","origin":[13,-6,23]},"faces":{"north":{"uv":[0,0,2,2],"texture":"#5"},"east":{"uv":[0,0,2,2],"texture":"#5"},"south":{"uv":[0,0,2,2],"texture":"#5"},"west":{"uv":[0,0,2,2],"texture":"#5"},"up":{"uv":[0,0,2,2],"texture":"#5"},"down":{"uv":[0,0,2,2],"texture":"#5"}}},{"from":[-1,-8,1],"to":[1,-6,1],"rotation":{"angle":-45,"axis":"z","origin":[10,-6,9]},"faces":{"north":{"uv":[0,0,2,2],"texture":"#5"},"east":{"uv":[0,0,2,2],"texture":"#5"},"south":{"uv":[0,0,2,2],"texture":"#5"},"west":{"uv":[0,0,2,2],"texture":"#5"},"up":{"uv":[0,0,2,2],"texture":"#5"},"down":{"uv":[0,0,2,2],"texture":"#5"}}},{"from":[-1,-8,15],"to":[1,-6,15],"rotation":{"angle":-45,"axis":"z","origin":[10,-6,23]},"faces":{"north":{"uv":[0,0,2,2],"texture":"#5"},"east":{"uv":[0,0,2,2],"texture":"#5"},"south":{"uv":[0,0,2,2],"texture":"#5"},"west":{"uv":[0,0,2,2],"texture":"#5"},"up":{"uv":[0,0,2,2],"texture":"#5"},"down":{"uv":[0,0,2,2],"texture":"#5"}}},{"from":[16,2,-3.25],"to":[16,4,-1.25],"rotation":{"angle":-45,"axis":"x","origin":[8,8,3.75]},"faces":{"north":{"uv":[0,0,2,2],"texture":"#5"},"east":{"uv":[0,0,2,2],"texture":"#5"},"south":{"uv":[0,0,2,2],"texture":"#5"},"west":{"uv":[0,0,2,2],"texture":"#5"},"up":{"uv":[0,0,2,2],"texture":"#5"},"down":{"uv":[0,0,2,2],"texture":"#5"}}},{"from":[0,2,-3.25],"to":[0,4,-1.25],"rotation":{"angle":-45,"axis":"x","origin":[-8,8,3.75]},"faces":{"north":{"uv":[0,0,2,2],"texture":"#5"},"east":{"uv":[0,0,2,2],"texture":"#5"},"south":{"uv":[0,0,2,2],"texture":"#5"},"west":{"uv":[0,0,2,2],"texture":"#5"},"up":{"uv":[0,0,2,2],"texture":"#5"},"down":{"uv":[0,0,2,2],"texture":"#5"}}},{"from":[16,0,-0.75],"to":[16,2,1.25],"rotation":{"angle":-45,"axis":"x","origin":[8,8,4.25]},"faces":{"north":{"uv":[0,0,2,2],"texture":"#5"},"east":{"uv":[0,0,2,2],"texture":"#5"},"south":{"uv":[0,0,2,2],"texture":"#5"},"west":{"uv":[0,0,2,2],"texture":"#5"},"up":{"uv":[0,0,2,2],"texture":"#5"},"down":{"uv":[0,0,2,2],"texture":"#5"}}},{"from":[0,0,-0.75],"to":[0,2,1.25],"rotation":{"angle":-45,"axis":"x","origin":[-8,8,4.25]},"faces":{"north":{"uv":[0,0,2,2],"texture":"#5"},"east":{"uv":[0,0,2,2],"texture":"#5"},"south":{"uv":[0,0,2,2],"texture":"#5"},"west":{"uv":[0,0,2,2],"texture":"#5"},"up":{"uv":[0,0,2,2],"texture":"#5"},"down":{"uv":[0,0,2,2],"texture":"#5"}}},{"from":[16,-2,5],"to":[16,0,7],"rotation":{"angle":-45,"axis":"x","origin":[8,8,8]},"faces":{"north":{"uv":[0,0,2,2],"texture":"#5"},"east":{"uv":[0,0,2,2],"texture":"#5"},"south":{"uv":[0,0,2,2],"texture":"#5"},"west":{"uv":[0,0,2,2],"texture":"#5"},"up":{"uv":[0,0,2,2],"texture":"#5"},"down":{"uv":[0,0,2,2],"texture":"#5"}}},{"from":[0,-2,5],"to":[0,0,7],"rotation":{"angle":-45,"axis":"x","origin":[-8,8,8]},"faces":{"north":{"uv":[0,0,2,2],"texture":"#5"},"east":{"uv":[0,0,2,2],"texture":"#5"},"south":{"uv":[0,0,2,2],"texture":"#5"},"west":{"uv":[0,0,2,2],"texture":"#5"},"up":{"uv":[0,0,2,2],"texture":"#5"},"down":{"uv":[0,0,2,2],"texture":"#5"}}},{"from":[16,-2,1.75],"to":[16,0,3.75],"rotation":{"angle":-45,"axis":"x","origin":[8,8,4.75]},"faces":{"north":{"uv":[0,0,2,2],"texture":"#5"},"east":{"uv":[0,0,2,2],"texture":"#5"},"south":{"uv":[0,0,2,2],"texture":"#5"},"west":{"uv":[0,0,2,2],"texture":"#5"},"up":{"uv":[0,0,2,2],"texture":"#5"},"down":{"uv":[0,0,2,2],"texture":"#5"}}},{"from":[-1.75,4,3],"to":[0.05,7,6],"faces":{"north":{"uv":[0,0,1,1],"texture":"#1"},"east":{"uv":[0,0,1,1],"texture":"#1"},"south":{"uv":[0,0,1,1],"texture":"#1"},"west":{"uv":[0,0,1,1],"texture":"#1"},"up":{"uv":[0,0,1,1],"texture":"#1"},"down":{"uv":[0,0,1,1],"texture":"#1"}}},{"from":[15.95,4,3],"to":[17.75,7,6],"faces":{"north":{"uv":[0,0,1,1],"texture":"#1"},"east":{"uv":[0,0,1,1],"texture":"#1"},"south":{"uv":[0,0,1,1],"texture":"#1"},"west":{"uv":[0,0,1,1],"texture":"#1"},"up":{"uv":[0,0,1,1],"texture":"#1"},"down":{"uv":[0,0,1,1],"texture":"#1"}}},{"from":[0,-2,1.75],"to":[0,0,3.75],"rotation":{"angle":-45,"axis":"x","origin":[-8,8,4.75]},"faces":{"north":{"uv":[0,0,2,2],"texture":"#5"},"east":{"uv":[0,0,2,2],"texture":"#5"},"south":{"uv":[0,0,2,2],"texture":"#5"},"west":{"uv":[0,0,2,2],"texture":"#5"},"up":{"uv":[0,0,2,2],"texture":"#5"},"down":{"uv":[0,0,2,2],"texture":"#5"}}},{"from":[16,4.5,3.5],"to":[17.5,6.5,5.5],"faces":{"north":{"uv":[0,0,1.5,2],"texture":"#3"},"east":{"uv":[0,0,1.5,2],"texture":"#3"},"south":{"uv":[0,0,1.5,2],"texture":"#3"},"west":{"uv":[0,0,1.5,2],"texture":"#3"},"up":{"uv":[0,0,1.5,2],"texture":"#3"},"down":{"uv":[0,0,1.5,2],"texture":"#3"}}},{"from":[-1,4.5,3.5],"to":[0.5,6.5,5.5],"faces":{"north":{"uv":[0,0,1,1],"texture":"#3"},"east":{"uv":[0,0,1,1],"texture":"#3"},"south":{"uv":[0,0,1,1],"texture":"#3"},"west":{"uv":[0,0,1,1],"texture":"#3"},"up":{"uv":[0,0,1,1],"texture":"#3"},"down":{"uv":[0,0,1,1],"texture":"#3"}}},{"from":[7.9,12,5],"to":[7.9,21,9.85],"rotation":{"angle":-22.5,"axis":"x","origin":[8,8,8]},"faces":{"north":{"uv":[6,2,14,11],"rotation":90,"texture":"#1"},"east":{"uv":[6,2,14,11],"rotation":90,"texture":"#1"},"south":{"uv":[6,2,14,11],"rotation":90,"texture":"#1"},"west":{"uv":[6,2,14,11],"rotation":90,"texture":"#1"},"up":{"uv":[6,2,14,11],"rotation":90,"texture":"#1"},"down":{"uv":[6,2,14,11],"rotation":90,"texture":"#1"}}},{"from":[7.65,21,4.5],"to":[8.15,21.5,9.85],"rotation":{"angle":-22.5,"axis":"x","origin":[8,8,8]},"faces":{"north":{"uv":[0,0,5.5,0.5],"texture":"#4"},"east":{"uv":[0,0,5.5,0.5],"texture":"#4"},"south":{"uv":[0,0,5.5,0.5],"texture":"#4"},"west":{"uv":[0,0,5.5,0.5],"texture":"#4"},"up":{"uv":[0,0,5.5,0.5],"rotation":90,"texture":"#4"},"down":{"uv":[0,0,5.5,0.5],"rotation":90,"texture":"#4"}}},{"from":[7.65,22.25,9.85],"to":[8.15,22.75,21.3],"rotation":{"angle":-22.5,"axis":"x","origin":[8,8,8]},"faces":{"north":{"uv":[0,0,11.45,0.5],"texture":"#4"},"east":{"uv":[0,0,11.45,0.5],"texture":"#4"},"south":{"uv":[0,0,11.45,0.5],"texture":"#4"},"west":{"uv":[0,0,11.45,0.5],"texture":"#4"},"up":{"uv":[0,0,11.45,0.5],"rotation":90,"texture":"#4"},"down":{"uv":[0,0,11.45,0.5],"rotation":90,"texture":"#4"}}},{"from":[7.65,12,4.5],"to":[8.15,21,5],"rotation":{"angle":-22.5,"axis":"x","origin":[8,8,8]},"faces":{"north":{"uv":[0,0,0.5,9],"texture":"#4"},"east":{"uv":[0,0,0.5,9],"texture":"#4"},"south":{"uv":[0,0,0.5,9],"texture":"#4"},"west":{"uv":[0,0,0.5,9],"texture":"#4"},"up":{"uv":[0,0,0.5,9],"texture":"#4"},"down":{"uv":[0,0,0.5,9],"texture":"#4"}}},{"from":[7.65,21.5,9.35],"to":[8.15,22.75,9.85],"rotation":{"angle":-22.5,"axis":"x","origin":[8,8,8]},"faces":{"north":{"uv":[0,0,0.5,1.25],"texture":"#4"},"east":{"uv":[0,0,0.5,1.25],"texture":"#4"},"south":{"uv":[0,0,0.5,1.25],"texture":"#4"},"west":{"uv":[0,0,0.5,1.25],"texture":"#4"},"up":{"uv":[0,0,0.5,1.25],"texture":"#4"},"down":{"uv":[0,0,0.5,1.25],"texture":"#4"}}},{"from":[7.65,19.5,9],"to":[8.15,24,21.25],"rotation":{"angle":-22.5,"axis":"x","origin":[8,11,12]},"faces":{"north":{"uv":[5,4,14,10.25],"rotation":90,"texture":"#1"},"east":{"uv":[5,4,14,10.25],"rotation":90,"texture":"#1"},"south":{"uv":[5,4,14,10.25],"rotation":90,"texture":"#1"},"west":{"uv":[5,4,14,10.25],"rotation":90,"texture":"#1"},"up":{"uv":[5,4,14,10.25],"rotation":90,"texture":"#1"},"down":{"uv":[5,4,14,10.25],"rotation":90,"texture":"#1"}}},{"from":[7.65,8.25,-3],"to":[8.15,8.75,1],"faces":{"north":{"uv":[11,0,15,0.5],"texture":"#7"},"east":{"uv":[11,0,15,0.5],"texture":"#7"},"south":{"uv":[11,0,15,0.5],"texture":"#7"},"west":{"uv":[11,0,15,0.5],"texture":"#7"},"up":{"uv":[11,0,15,0.5],"texture":"#7"},"down":{"uv":[11,0,15,0.5],"texture":"#7"}}},{"from":[7.64982,11.07661,-14.17693],"to":[8.14982,11.57661,-10.17693],"rotation":{"angle":-45,"axis":"x","origin":[15.39982,18.82661,-3.17693]},"faces":{"north":{"uv":[10,0,14,0.5],"texture":"#7"},"east":{"uv":[10,0,14,0.5],"texture":"#7"},"south":{"uv":[10,0,14,0.5],"texture":"#7"},"west":{"uv":[10,0,14,0.5],"texture":"#7"},"up":{"uv":[10,0,14,0.5],"texture":"#7"},"down":{"uv":[10,0,14,0.5],"texture":"#7"}}},{"from":[7.64615,1.92207,-5.82507],"to":[8.14615,5.92207,-5.32507],"faces":{"north":{"uv":[11,0,15,0.5],"rotation":90,"texture":"#7"},"east":{"uv":[11,0,15,0.5],"rotation":90,"texture":"#7"},"south":{"uv":[11,0,15,0.5],"rotation":90,"texture":"#7"},"west":{"uv":[11,0,15,0.5],"rotation":90,"texture":"#7"},"up":{"uv":[11,0,15,0.5],"rotation":90,"texture":"#7"},"down":{"uv":[11,0,15,0.5],"rotation":90,"texture":"#7"}}},{"from":[7.4,1,-6],"to":[8.4,2,-5],"faces":{"north":{"uv":[0,0,1,1],"texture":"#3"},"east":{"uv":[0,0,1,1],"texture":"#3"},"south":{"uv":[0,0,1,1],"texture":"#3"},"west":{"uv":[0,0,1,1],"texture":"#3"},"up":{"uv":[0,0,1,1],"texture":"#3"},"down":{"uv":[0,0,1,1],"texture":"#3"}}},{"from":[6.9,0.5,-6.5],"to":[8.9,2.5,-4.5],"faces":{"north":{"uv":[0,0,1,1],"texture":"#1"},"east":{"uv":[0,0,1,1],"texture":"#1"},"south":{"uv":[0,0,1,1],"texture":"#1"},"west":{"uv":[0,0,1,1],"texture":"#1"},"up":{"uv":[0,0,1,1],"texture":"#1"},"down":{"uv":[0,0,1,1],"texture":"#1"}}},{"from":[16,5,8],"to":[16.25,10,10],"rotation":{"angle":22.5,"axis":"x","origin":[24,13,16]},"faces":{"north":{"uv":[0,0,2,5],"texture":"#4"},"east":{"uv":[0,0,2,5],"texture":"#4"},"south":{"uv":[0,0,2,5],"texture":"#4"},"west":{"uv":[0,0,2,5],"texture":"#4"},"up":{"uv":[0,0,2,5],"texture":"#4"},"down":{"uv":[0,0,2,5],"texture":"#4"}}},{"from":[-0.25,5,8],"to":[0,10,10],"rotation":{"angle":22.5,"axis":"x","origin":[7.75,13,16]},"faces":{"north":{"uv":[0,0,2,5],"texture":"#4"},"east":{"uv":[0,0,2,5],"texture":"#4"},"south":{"uv":[0,0,2,5],"texture":"#4"},"west":{"uv":[0,0,2,5],"texture":"#4"},"up":{"uv":[0,0,2,5],"texture":"#4"},"down":{"uv":[0,0,2,5],"texture":"#4"}}},{"from":[16.00259,19.28848,10.77338],"to":[16.25259,21.28848,13.77338],"rotation":{"angle":-45,"axis":"x","origin":[24.00259,13.28848,18.77338]},"faces":{"north":{"uv":[0,0,2,3],"rotation":270,"texture":"#4"},"east":{"uv":[5,0,8,2],"rotation":270,"texture":"#4"},"south":{"uv":[0,0,2,3],"rotation":270,"texture":"#4"},"west":{"uv":[0,0,2,3],"rotation":270,"texture":"#4"},"up":{"uv":[0,0,2,3],"rotation":270,"texture":"#4"},"down":{"uv":[0,0,2,3],"rotation":270,"texture":"#4"}}},{"from":[-0.24741,19.28848,10.77338],"to":[0.00259,21.28848,13.77338],"rotation":{"angle":-45,"axis":"x","origin":[7.75259,13.28848,18.77338]},"faces":{"north":{"uv":[0,0,2,3],"rotation":90,"texture":"#4"},"east":{"uv":[0,0,2,3],"rotation":90,"texture":"#4"},"south":{"uv":[0,0,2,3],"rotation":90,"texture":"#4"},"west":{"uv":[5,0,8,2],"rotation":90,"texture":"#4"},"up":{"uv":[0,0,2,3],"rotation":90,"texture":"#4"},"down":{"uv":[0,0,2,3],"rotation":90,"texture":"#4"}}},{"from":[16.00553,13.91364,9.57422],"to":[16.25553,16.31364,11.92422],"faces":{"north":{"uv":[0,0,2.4,2.35],"rotation":270,"texture":"#4"},"east":{"uv":[7,0,9.35,2.4],"rotation":270,"texture":"#4"},"south":{"uv":[0,0,2.4,2.35],"rotation":270,"texture":"#4"},"west":{"uv":[0,0,2.4,2.35],"rotation":270,"texture":"#4"},"up":{"uv":[0,0,2.4,2.35],"rotation":270,"texture":"#4"},"down":{"uv":[0,0,2.4,2.35],"rotation":270,"texture":"#4"}}},{"from":[-0.24447,13.91364,9.57422],"to":[0.00553,16.31364,11.92422],"faces":{"north":{"uv":[0,0,2.4,2.35],"rotation":90,"texture":"#4"},"east":{"uv":[0,0,2.4,2.35],"rotation":90,"texture":"#4"},"south":{"uv":[0,0,2.4,2.35],"rotation":90,"texture":"#4"},"west":{"uv":[7,0,9.4,2.35],"rotation":90,"texture":"#4"},"up":{"uv":[0,0,2.4,2.35],"rotation":90,"texture":"#4"},"down":{"uv":[0,0,2.4,2.35],"rotation":90,"texture":"#4"}}},{"from":[7.75,25,21.1],"to":[8,29,23.8],"faces":{"north":{"uv":[7,4,9.7,8],"texture":"#1"},"east":{"uv":[7,4,9.7,8],"texture":"#1"},"south":{"uv":[7,4,9.7,8],"texture":"#1"},"west":{"uv":[7,4,9.7,8],"texture":"#1"},"up":{"uv":[7,4,9.7,8],"texture":"#1"},"down":{"uv":[7,4,9.7,8],"texture":"#1"}}},{"from":[5.6,2.25,15.95],"to":[10.6,2.75,16.45],"faces":{"north":{"uv":[0,0,5,0.5],"rotation":270,"texture":"#4"},"east":{"uv":[0,0,5,0.5],"rotation":270,"texture":"#4"},"south":{"uv":[0,0,5,0.5],"rotation":180,"texture":"#4"},"west":{"uv":[0,0,5,0.5],"rotation":270,"texture":"#4"},"up":{"uv":[0,0,5,0.5],"rotation":270,"texture":"#4"},"down":{"uv":[0,0,5,0.5],"rotation":270,"texture":"#4"}}},{"from":[14.06855,2.24973,14.41245],"to":[15.06855,2.74973,14.91245],"rotation":{"angle":-22.5,"axis":"y","origin":[8.46855,7.99973,6.46245]},"faces":{"north":{"uv":[0,0,1,0.5],"rotation":270,"texture":"#5"},"east":{"uv":[0,0,1,0.5],"rotation":270,"texture":"#5"},"south":{"uv":[0,0,1,0.5],"rotation":270,"texture":"#5"},"west":{"uv":[0,0,1,0.5],"rotation":270,"texture":"#5"},"up":{"uv":[0,0,1,0.5],"rotation":270,"texture":"#5"},"down":{"uv":[0,0,1,0.5],"rotation":270,"texture":"#5"}}},{"from":[2.13611,2.2504,19.46322],"to":[3.13611,2.7504,19.96322],"rotation":{"angle":22.5,"axis":"y","origin":[-4.46389,8.0004,11.51322]},"faces":{"north":{"uv":[0,0,1,0.5],"rotation":270,"texture":"#5"},"east":{"uv":[0,0,1,0.5],"rotation":270,"texture":"#5"},"south":{"uv":[0,0,1,0.5],"rotation":270,"texture":"#5"},"west":{"uv":[0,0,1,0.5],"rotation":270,"texture":"#5"},"up":{"uv":[0,0,1,0.5],"rotation":270,"texture":"#5"},"down":{"uv":[0,0,1,0.5],"rotation":270,"texture":"#5"}}},{"from":[-1,0.2,0],"to":[17,0.2,16],"faces":{"north":{"uv":[0,0,16,0],"texture":"#9"},"east":{"uv":[0,0,16,0],"texture":"#9"},"south":{"uv":[0,0,16,0],"texture":"#9"},"west":{"uv":[0,0,16,0],"texture":"#9"},"up":{"uv":[0,0,16,16],"texture":"#9"},"down":{"uv":[3,3,12,12],"texture":"#9"}}}],"display":{"thirdperson_righthand":{"scale":[0.5,0.5,0.5]},"thirdperson_lefthand":{"scale":[0.5,0.5,0.5]},"firstperson_righthand":{"scale":[0.5,0.5,0.5]},"firstperson_lefthand":{"scale":[0.5,0.5,0.5]},"gui":{"rotation":[30,-135,0],"translation":[0,-2.5,0],"scale":[0.4,0.4,0.4]},"head":{"translation":[0,10,0]},"fixed":{"rotation":[0,90,0.5],"translation":[0,-2.5,-1.5],"scale":[0.5,0.5,0.49]}},"credit":"Model by Craftventure"}