{"textures":{"0":"block/green_concrete","1":"block/red_terracotta","2":"block/clay","3":"block/anvil","4":"block/orange_stained_glass","5":"block/black_concrete"},"elements":[{"from":[0,-1,0],"to":[16,4,16],"faces":{"north":{"uv":[0,0,16,5],"texture":"#0"},"east":{"uv":[0,0,16,5],"texture":"#0"},"south":{"uv":[0,0,16,5],"texture":"#0"},"west":{"uv":[0,0,16,5],"texture":"#0"},"up":{"uv":[0,0,16,16],"texture":"#0"},"down":{"uv":[0,0,16,16],"texture":"#0"}}},{"from":[0.5,3,0.5],"to":[15.5,5,15.5],"faces":{"north":{"uv":[0,0,15,2],"texture":"#0"},"east":{"uv":[0,0,15,2],"texture":"#0"},"south":{"uv":[0,0,15,2],"texture":"#0"},"west":{"uv":[0,0,15,2],"texture":"#0"},"up":{"uv":[0,0,15,15],"texture":"#0"},"down":{"uv":[0,0,15,15],"texture":"#0"}}},{"from":[-4.5,-3,6],"to":[-0.5,3,10],"faces":{"north":{"uv":[0,0,4,6],"texture":"#1"},"east":{"uv":[0,0,4,6],"texture":"#1"},"south":{"uv":[0,0,4,6],"texture":"#1"},"west":{"uv":[0,0,4,6],"texture":"#1"},"up":{"uv":[0,0,4,4],"texture":"#1"},"down":{"uv":[0,0,4,4],"texture":"#1"}}},{"from":[16.5,-3,6],"to":[20.5,3,10],"faces":{"north":{"uv":[0,0,4,6],"texture":"#1"},"east":{"uv":[0,0,4,6],"texture":"#1"},"south":{"uv":[0,0,4,6],"texture":"#1"},"west":{"uv":[0,0,4,6],"texture":"#1"},"up":{"uv":[0,0,4,4],"texture":"#1"},"down":{"uv":[0,0,4,4],"texture":"#1"}}},{"from":[16.8,-3.5,6.3],"to":[20.2,-3,9.7],"faces":{"north":{"uv":[0,0,3.4,0.5],"texture":"#2"},"east":{"uv":[0,0,3.4,0.5],"texture":"#2"},"south":{"uv":[0,0,3.4,0.5],"texture":"#2"},"west":{"uv":[0,0,3.4,0.5],"texture":"#2"},"up":{"uv":[0,0,3.4,3.4],"texture":"#2"},"down":{"uv":[0,0,3.4,3.4],"texture":"#2"}}},{"from":[16.8,3,6.3],"to":[20.2,3.5,9.7],"faces":{"north":{"uv":[0,0,3.4,0.5],"texture":"#2"},"east":{"uv":[0,0,3.4,0.5],"texture":"#2"},"south":{"uv":[0,0,3.4,0.5],"texture":"#2"},"west":{"uv":[0,0,3.4,0.5],"texture":"#2"},"up":{"uv":[0,0,3.4,3.4],"texture":"#2"},"down":{"uv":[0,0,3.4,3.4],"texture":"#2"}}},{"from":[-4.2,3,6.3],"to":[-0.8,3.5,9.7],"faces":{"north":{"uv":[0,0,3.4,0.5],"texture":"#2"},"east":{"uv":[0,0,3.4,0.5],"texture":"#2"},"south":{"uv":[0,0,3.4,0.5],"texture":"#2"},"west":{"uv":[0,0,3.4,0.5],"texture":"#2"},"up":{"uv":[0,0,3.4,3.4],"texture":"#2"},"down":{"uv":[0,0,3.4,3.4],"texture":"#2"}}},{"from":[-4.2,-3.5,6.3],"to":[-0.8,-3,9.7],"faces":{"north":{"uv":[0,0,3.4,0.5],"texture":"#2"},"east":{"uv":[0,0,3.4,0.5],"texture":"#2"},"south":{"uv":[0,0,3.4,0.5],"texture":"#2"},"west":{"uv":[0,0,3.4,0.5],"texture":"#2"},"up":{"uv":[0,0,3.4,3.4],"texture":"#2"},"down":{"uv":[0,0,3.4,3.4],"texture":"#2"}}},{"from":[-4.7,-0.5,5.8],"to":[-0.3,0.5,10.2],"faces":{"north":{"uv":[0,0,4.4,1],"texture":"#3"},"east":{"uv":[0,0,4.4,1],"texture":"#3"},"south":{"uv":[0,0,4.4,1],"texture":"#3"},"west":{"uv":[0,0,4.4,1],"texture":"#3"},"up":{"uv":[0,0,4.4,4.4],"texture":"#3"},"down":{"uv":[0,0,4.4,4.4],"texture":"#3"}}},{"from":[16.3,-0.5,5.8],"to":[20.7,0.5,10.2],"faces":{"north":{"uv":[0,0,4.4,1],"texture":"#3"},"east":{"uv":[0,0,4.4,1],"texture":"#3"},"south":{"uv":[0,0,4.4,1],"texture":"#3"},"west":{"uv":[0,0,4.4,1],"texture":"#3"},"up":{"uv":[0,0,4.4,4.4],"texture":"#3"},"down":{"uv":[0,0,4.4,4.4],"texture":"#3"}}},{"from":[-0.4,-0.5,7.6],"to":[0,0.5,8.6],"faces":{"north":{"uv":[0,0,0.4,1],"texture":"#3"},"east":{"uv":[0,0,1,1],"texture":"#3"},"south":{"uv":[0,0,0.4,1],"texture":"#3"},"west":{"uv":[0,0,1,1],"texture":"#3"},"up":{"uv":[0,0,0.4,1],"texture":"#3"},"down":{"uv":[0,0,0.4,1],"texture":"#3"}}},{"from":[-0.4,0.5,7.6],"to":[0,6.5,8.6],"faces":{"north":{"uv":[0,0,0.4,6],"texture":"#3"},"east":{"uv":[0,0,1,6],"texture":"#3"},"south":{"uv":[0,0,0.4,6],"texture":"#3"},"west":{"uv":[0,0,1,6],"texture":"#3"},"up":{"uv":[0,0,0.4,1],"texture":"#3"},"down":{"uv":[0,0,0.4,1],"texture":"#3"}}},{"from":[0,5.5,7.6],"to":[16.1,6.5,8.6],"faces":{"north":{"uv":[0,0,16,1],"texture":"#3"},"east":{"uv":[0,0,1,1],"texture":"#3"},"south":{"uv":[0,0,16,1],"texture":"#3"},"west":{"uv":[0,0,1,1],"texture":"#3"},"up":{"uv":[0,0,16,1],"texture":"#3"},"down":{"uv":[0,0,16,1],"texture":"#3"}}},{"from":[16.1,0.5,7.6],"to":[16.5,6.5,8.6],"faces":{"north":{"uv":[0,0,0.4,6],"texture":"#3"},"east":{"uv":[0,0,1,6],"texture":"#3"},"south":{"uv":[0,0,0.4,6],"texture":"#3"},"west":{"uv":[0,0,1,6],"texture":"#3"},"up":{"uv":[0,0,0.4,1],"texture":"#3"},"down":{"uv":[0,0,0.4,1],"texture":"#3"}}},{"from":[16.1,-0.5,7.6],"to":[16.5,0.5,8.6],"faces":{"north":{"uv":[0,0,0.4,1],"texture":"#3"},"east":{"uv":[0,0,1,1],"texture":"#3"},"south":{"uv":[0,0,0.4,1],"texture":"#3"},"west":{"uv":[0,0,1,1],"texture":"#3"},"up":{"uv":[0,0,0.4,1],"texture":"#3"},"down":{"uv":[0,0,0.4,1],"texture":"#3"}}},{"from":[-2.1,3.5,7.6],"to":[-1.7,7.5,8.1],"faces":{"north":{"uv":[0,0,0.4,4],"texture":"#4"},"east":{"uv":[0,0,0.5,4],"texture":"#4"},"south":{"uv":[0,0,0.4,4],"texture":"#4"},"west":{"uv":[0,0,0.5,4],"texture":"#4"},"up":{"uv":[0,0,0.4,0.5],"texture":"#4"},"down":{"uv":[0,0,0.4,0.5],"texture":"#4"}}},{"from":[17.8,3.5,7.6],"to":[18.2,7.5,8.1],"faces":{"north":{"uv":[0,0,0.4,4],"texture":"#4"},"east":{"uv":[0,0,0.5,4],"texture":"#4"},"south":{"uv":[0,0,0.4,4],"texture":"#4"},"west":{"uv":[0,0,0.5,4],"texture":"#4"},"up":{"uv":[0,0,0.4,0.5],"texture":"#4"},"down":{"uv":[0,0,0.4,0.5],"texture":"#4"}}},{"from":[-1.1,3.7,7.6],"to":[-0.7,5.7,8.1],"rotation":{"angle":-22.5,"axis":"z","origin":[8,8,8]},"faces":{"north":{"uv":[0,0,0.4,2],"texture":"#4"},"east":{"uv":[0,0,0.5,2],"texture":"#4"},"south":{"uv":[0,0,0.4,2],"texture":"#4"},"west":{"uv":[0,0,0.5,2],"texture":"#4"},"up":{"uv":[0,0,0.4,0.5],"texture":"#4"},"down":{"uv":[0,0,0.4,0.5],"texture":"#4"}}},{"from":[0.5,2.4,7.6],"to":[0.9,3.9,8.1],"rotation":{"angle":-45,"axis":"z","origin":[8,8,8]},"faces":{"north":{"uv":[0,0,0.4,1.5],"texture":"#4"},"east":{"uv":[0,0,0.5,1.5],"texture":"#4"},"south":{"uv":[0,0,0.4,1.5],"texture":"#4"},"west":{"uv":[0,0,0.5,1.5],"texture":"#4"},"up":{"uv":[0,0,0.4,0.5],"texture":"#4"},"down":{"uv":[0,0,0.4,0.5],"texture":"#4"}}},{"from":[-0.2,10,7.6],"to":[1.3,10.4,8.1],"faces":{"north":{"uv":[0,0,1.5,0.4],"texture":"#4"},"east":{"uv":[0,0,0.5,0.4],"texture":"#4"},"south":{"uv":[0,0,1.5,0.4],"texture":"#4"},"west":{"uv":[0,0,0.5,0.4],"texture":"#4"},"up":{"uv":[0,0,1.5,0.5],"texture":"#4"},"down":{"uv":[0,0,1.5,0.5],"texture":"#4"}}},{"from":[0.9,7.3,7.6],"to":[5.9,7.7,8.1],"rotation":{"angle":-22.5,"axis":"z","origin":[8,8,8]},"faces":{"north":{"uv":[0,0,5,0.4],"texture":"#4"},"east":{"uv":[0,0,0.5,0.4],"texture":"#4"},"south":{"uv":[0,0,5,0.4],"texture":"#4"},"west":{"uv":[0,0,0.5,0.4],"texture":"#4"},"up":{"uv":[0,0,5,0.5],"texture":"#4"},"down":{"uv":[0,0,5,0.5],"texture":"#4"}}},{"from":[6,5,7.1],"to":[10,7,9.1],"faces":{"north":{"uv":[0,0,4,2],"texture":"#5"},"east":{"uv":[0,0,2,2],"texture":"#5"},"south":{"uv":[0,0,4,2],"texture":"#5"},"west":{"uv":[0,0,2,2],"texture":"#5"},"up":{"uv":[0,0,4,2],"texture":"#5"},"down":{"uv":[0,0,4,2],"texture":"#5"}}},{"from":[6.2,6.5,7.6],"to":[8.7,6.9,8.1],"rotation":{"angle":-45,"axis":"z","origin":[8,8,8]},"faces":{"north":{"uv":[0,0,2.5,0.4],"texture":"#4"},"east":{"uv":[0,0,0.5,0.4],"texture":"#4"},"south":{"uv":[0,0,2.5,0.4],"texture":"#4"},"west":{"uv":[0,0,0.5,0.4],"texture":"#4"},"up":{"uv":[0,0,2.5,0.5],"texture":"#4"},"down":{"uv":[0,0,2.5,0.5],"texture":"#4"}}},{"from":[7.4,6.4,7.6],"to":[9.9,6.8,8.1],"rotation":{"angle":45,"axis":"z","origin":[8,8,8]},"faces":{"north":{"uv":[0,0,2.5,0.4],"texture":"#4"},"east":{"uv":[0,0,0.5,0.4],"texture":"#4"},"south":{"uv":[0,0,2.5,0.4],"texture":"#4"},"west":{"uv":[0,0,0.5,0.4],"texture":"#4"},"up":{"uv":[0,0,2.5,0.5],"texture":"#4"},"down":{"uv":[0,0,2.5,0.5],"texture":"#4"}}},{"from":[16.8,3.6,7.6],"to":[17.2,5.6,8.1],"rotation":{"angle":22.5,"axis":"z","origin":[8,8,8]},"faces":{"north":{"uv":[0,0,0.4,2],"texture":"#4"},"east":{"uv":[0,0,0.5,2],"texture":"#4"},"south":{"uv":[0,0,0.4,2],"texture":"#4"},"west":{"uv":[0,0,0.5,2],"texture":"#4"},"up":{"uv":[0,0,0.4,0.5],"texture":"#4"},"down":{"uv":[0,0,0.4,0.5],"texture":"#4"}}},{"from":[15.2,2.3,7.6],"to":[15.6,3.8,8.1],"rotation":{"angle":45,"axis":"z","origin":[8,8,8]},"faces":{"north":{"uv":[0,0,0.4,1.5],"texture":"#4"},"east":{"uv":[0,0,0.5,1.5],"texture":"#4"},"south":{"uv":[0,0,0.4,1.5],"texture":"#4"},"west":{"uv":[0,0,0.5,1.5],"texture":"#4"},"up":{"uv":[0,0,0.4,0.5],"texture":"#4"},"down":{"uv":[0,0,0.4,0.5],"texture":"#4"}}},{"from":[14.8,10,7.6],"to":[16.3,10.4,8.1],"faces":{"north":{"uv":[0,0,1.5,0.4],"texture":"#4"},"east":{"uv":[0,0,0.5,0.4],"texture":"#4"},"south":{"uv":[0,0,1.5,0.4],"texture":"#4"},"west":{"uv":[0,0,0.5,0.4],"texture":"#4"},"up":{"uv":[0,0,1.5,0.5],"texture":"#4"},"down":{"uv":[0,0,1.5,0.5],"texture":"#4"}}},{"from":[10.2,7.2,7.6],"to":[15.2,7.6,8.1],"rotation":{"angle":22.5,"axis":"z","origin":[8,8,8]},"faces":{"north":{"uv":[0,0,5,0.4],"texture":"#4"},"east":{"uv":[0,0,0.5,0.4],"texture":"#4"},"south":{"uv":[0,0,5,0.4],"texture":"#4"},"west":{"uv":[0,0,0.5,0.4],"texture":"#4"},"up":{"uv":[0,0,5,0.5],"texture":"#4"},"down":{"uv":[0,0,5,0.5],"texture":"#4"}}}],"display":{"ground":{"translation":[0,3.75,0],"scale":[0.6,0.6,0.6]},"gui":{"rotation":[30,-135,0],"translation":[0,3.25,0],"scale":[0.675,0.675,0.675]},"head":{"translation":[0,10.91,0]}},"credit":"Model by Craftventure"}