{"textures":{"0":"entity/rabbit/white","1":"block/purple_wool","particle":"block/black_concrete","1_0":"block/black_concrete"},"elements":[{"from":[7.61561,10.6078,4.43597],"to":[8.11561,11.1078,4.68597],"rotation":{"angle":0,"axis":"x","origin":[7.86561,12.1703,6.14425]},"faces":{"north":{"uv":[8.25,5,8.5,5.5],"texture":"#0"},"east":{"uv":[8,5,8.25,5.5],"texture":"#0"},"west":{"uv":[8.5,5,8.75,5.5],"texture":"#0"},"up":{"uv":[8.25,4.5,8.5,5],"rotation":90,"texture":"#0"},"down":{"uv":[8.5,4.5,8.75,5],"rotation":270,"texture":"#0"}}},{"from":[5.86561,5.99343,7.61923],"to":[6.86561,7.99343,10.11923],"rotation":{"angle":22.5,"axis":"x","origin":[7.86561,6.141,8.77416]},"faces":{"north":{"uv":[8.75,10,9.25,12],"texture":"#0"},"east":{"uv":[7.5,10,8.75,12],"texture":"#0"},"south":{"uv":[10.5,10,11,12],"texture":"#0"},"west":{"uv":[9.25,10,10.5,12],"texture":"#0"},"up":{"uv":[8.75,7.5,9.25,10],"rotation":180,"texture":"#0"},"down":{"uv":[9.25,7.5,9.75,10],"texture":"#0"}}},{"from":[8.86561,5.99343,7.61923],"to":[9.86561,7.99343,10.11923],"rotation":{"angle":22.5,"axis":"x","origin":[7.86561,6.141,8.77416]},"faces":{"north":{"uv":[9.25,10,8.75,12],"texture":"#0"},"east":{"uv":[10.5,10,9.25,12],"texture":"#0"},"south":{"uv":[11,10,10.5,12],"texture":"#0"},"west":{"uv":[8.75,10,7.5,12],"texture":"#0"},"up":{"uv":[9.25,7.5,8.75,10],"rotation":180,"texture":"#0"},"down":{"uv":[9.75,7.5,9.25,10],"texture":"#0"}}},{"from":[5.84561,5.13735,6.59262],"to":[6.85561,5.64235,10.12762],"rotation":{"angle":0,"axis":"x","origin":[7.86561,6.141,8.77416]},"faces":{"north":{"uv":[8.5,15.5,9,16],"texture":"#0"},"east":{"uv":[6.5,15.5,8.25,16],"texture":"#0"},"south":{"uv":[10.5,15.5,11,16],"texture":"#0"},"west":{"uv":[8.25,15.5,6.5,16],"texture":"#0"},"up":{"uv":[8.25,12,8.75,15.5],"rotation":180,"texture":"#0"},"down":{"uv":[9.25,12,8.75,15.5],"texture":"#0"}}},{"from":[8.87561,5.13735,6.59262],"to":[9.88561,5.64235,10.12762],"rotation":{"angle":0,"axis":"x","origin":[7.86561,6.141,8.77416]},"faces":{"north":{"uv":[9,15.5,8.5,16],"texture":"#0"},"east":{"uv":[6.5,15.5,8.25,16],"texture":"#0"},"south":{"uv":[11,15.5,10.5,16],"texture":"#0"},"west":{"uv":[8.25,15.5,6.5,16],"texture":"#0"},"up":{"uv":[8.75,12,8.25,15.5],"rotation":180,"texture":"#0"},"down":{"uv":[8.75,12,9.25,15.5],"texture":"#0"}}},{"from":[6.36561,7.81018,5.92319],"to":[9.36561,10.31018,10.92319],"rotation":{"angle":45,"axis":"x","origin":[7.86561,8.70004,7.5]},"faces":{"north":{"uv":[2.5,5,4,7.5],"texture":"#0"},"east":{"uv":[0,5,2.5,7.5],"texture":"#0"},"south":{"uv":[2.5,5,4,7.5],"texture":"#0"},"west":{"uv":[4,5,6.5,7.5],"texture":"#0"},"up":{"uv":[2.5,0,4,5],"rotation":180,"texture":"#0"},"down":{"uv":[4,0,5.5,5],"texture":"#0"}}},{"from":[7.11561,6.34219,9.96184],"to":[8.61561,7.84219,10.96184],"rotation":{"angle":22.5,"axis":"x","origin":[7.86561,7.09219,10.46184]},"faces":{"north":{"uv":[14.75,4,15.5,5.5],"texture":"#0"},"east":{"uv":[13,4,13.5,5.5],"texture":"#0"},"south":{"uv":[14.75,4,15.5,5.5],"texture":"#0"},"west":{"uv":[14.25,4,14.75,5.5],"texture":"#0"},"up":{"uv":[13.5,3,14.25,4],"rotation":180,"texture":"#0"},"down":{"uv":[14.25,3,15,4],"texture":"#0"}}},{"from":[5.86561,5.72209,5.87762],"to":[6.86561,9.22209,6.87762],"rotation":{"angle":22.5,"axis":"x","origin":[7.86561,8.70004,7.5]},"faces":{"north":{"uv":[2.5,8.5,3,12],"texture":"#0"},"east":{"uv":[2,8.5,2.5,12],"texture":"#0"},"south":{"uv":[3.5,8.5,4,12],"texture":"#0"},"west":{"uv":[3,8.5,3.5,12],"texture":"#0"},"up":{"uv":[2.5,7.5,3,8.5],"rotation":180,"texture":"#0"},"down":{"uv":[3,7.5,3.5,8.5],"rotation":180,"texture":"#0"}}},{"from":[8.86561,5.72209,5.87762],"to":[9.86561,9.22209,6.87762],"rotation":{"angle":22.5,"axis":"x","origin":[7.86561,8.70004,7.5]},"faces":{"north":{"uv":[0.5,8.5,1,12],"texture":"#0"},"east":{"uv":[0,8.5,0.5,12],"texture":"#0"},"south":{"uv":[1.5,8.5,2,12],"texture":"#0"},"west":{"uv":[1,8.5,1.5,12],"texture":"#0"},"up":{"uv":[0.5,7.5,1,8.5],"rotation":180,"texture":"#0"},"down":{"uv":[1,7.5,1.5,8.5],"rotation":180,"texture":"#0"}}},{"from":[8.0206,12.1078,6.41503],"to":[9.0206,14.6078,6.91503],"rotation":{"angle":22.5,"axis":"y","origin":[8.5206,13.3578,6.66503]},"faces":{"north":{"uv":[13.25,0.5,13.75,3],"texture":"#0"},"east":{"uv":[13,0.5,13.25,3],"texture":"#0"},"south":{"uv":[14,0.5,14.5,3],"texture":"#0"},"west":{"uv":[13.75,0.5,14,3],"texture":"#0"},"up":{"uv":[13.25,0,13.75,0.5],"rotation":180,"texture":"#0"}}},{"from":[6.71062,12.1078,6.41503],"to":[7.71062,14.6078,6.91503],"rotation":{"angle":-22.5,"axis":"y","origin":[7.21062,13.3578,6.66503]},"faces":{"north":{"uv":[14.75,0.5,15.25,3],"texture":"#0"},"east":{"uv":[14.5,0.5,14.75,3],"texture":"#0"},"south":{"uv":[15.5,0.5,16,3],"texture":"#0"},"west":{"uv":[15.25,0.5,15.5,3],"texture":"#0"},"up":{"uv":[14.75,0,15.25,0.5],"rotation":180,"texture":"#0"}}},{"from":[6.61561,10.1078,4.68597],"to":[9.11561,12.1078,7.18597],"rotation":{"angle":0,"axis":"x","origin":[7.86561,12.1703,6.14425]},"faces":{"north":{"uv":[9.25,2.5,10.5,4.5],"texture":"#0"},"east":{"uv":[8,2.5,9.25,4.5],"texture":"#0"},"south":{"uv":[11.75,2.5,13,4.5],"texture":"#0"},"west":{"uv":[10.5,2.5,11.75,4.5],"texture":"#0"},"up":{"uv":[9.25,0,10.5,2.5],"rotation":180,"texture":"#0"},"down":{"uv":[10.5,0,11.75,2.5],"texture":"#0"}}},{"from":[11.79015,0.055,3],"to":[12.79015,0.805,13],"rotation":{"angle":22.5,"axis":"z","origin":[13.29015,0.305,8]},"faces":{"north":{"uv":[3,3,4,3.75],"texture":"#1_0"},"east":{"uv":[3,3,13,3.75],"texture":"#1_0"},"south":{"uv":[3,3,4,3.75],"texture":"#1_0"},"west":{"uv":[3,3,13,3.75],"texture":"#1_0"},"up":{"uv":[3,3,4,13],"texture":"#1_0"},"down":{"uv":[3,3,4,13],"texture":"#1_0"}}},{"from":[3.20985,0.055,3],"to":[4.20985,0.805,13],"rotation":{"angle":-22.5,"axis":"z","origin":[2.70985,0.305,8]},"faces":{"north":{"uv":[12,3,11,3.75],"texture":"#1_0"},"east":{"uv":[21,3,11,3.75],"texture":"#1_0"},"south":{"uv":[12,3,11,3.75],"texture":"#1_0"},"west":{"uv":[15,3,5,3.75],"texture":"#1_0"},"up":{"uv":[12,3,11,13],"texture":"#1_0"},"down":{"uv":[12,3,11,13],"texture":"#1_0"}}},{"from":[5,-0.5,5],"to":[11,1.5,11],"rotation":{"angle":0,"axis":"y","origin":[6.5,-0.25,8]},"faces":{"north":{"uv":[0,0,6,2],"texture":"#1"},"east":{"uv":[6,2,12,4],"texture":"#1"},"south":{"uv":[6,0,12,2],"texture":"#1"},"west":{"uv":[0,2,6,4],"texture":"#1"}}},{"from":[5,1.5,5],"to":[11,4.5,11],"rotation":{"angle":0,"axis":"y","origin":[6.5,1.75,8]},"faces":{"north":{"uv":[0,0,6,3],"texture":"#1_0"},"east":{"uv":[6,2,12,5],"texture":"#1_0"},"south":{"uv":[6,0,12,3],"texture":"#1_0"},"west":{"uv":[0,2,6,5],"texture":"#1_0"},"up":{"uv":[0,0,6,6],"texture":"#1_0"},"down":{"uv":[0,0,6,6],"texture":"#1_0"}}},{"from":[4.5,4.5,4.5],"to":[11.5,6.5,5.5],"rotation":{"angle":0,"axis":"y","origin":[8,5.5,8]},"faces":{"north":{"uv":[0,0,7,2],"texture":"#1_0"},"south":{"uv":[6,0,13,2],"texture":"#1_0"},"up":{"uv":[0,0,7,1],"texture":"#1_0"},"down":{"uv":[0,0,7,1],"texture":"#1_0"}}},{"from":[10.5,4.5,4.5],"to":[11.5,6.52,11.5],"rotation":{"angle":0,"axis":"y","origin":[8,5.51,8]},"faces":{"east":{"uv":[0,0,7,2.02],"texture":"#1_0"},"west":{"uv":[6,0,13,2.02],"texture":"#1_0"},"up":{"uv":[0,0,7,1],"rotation":90,"texture":"#1_0"},"down":{"uv":[0,0,7,1],"rotation":270,"texture":"#1_0"}}},{"from":[4.5,4.5,10.5],"to":[11.5,6.5,11.5],"rotation":{"angle":0,"axis":"y","origin":[8,5.5,8]},"faces":{"north":{"uv":[6,0,13,2],"texture":"#1_0"},"south":{"uv":[0,0,7,2],"texture":"#1_0"},"up":{"uv":[7,1,0,0],"texture":"#1_0"},"down":{"uv":[7,1,0,0],"texture":"#1_0"}}},{"from":[4.5,4.5,4.5],"to":[5.5,6.52,11.5],"rotation":{"angle":0,"axis":"y","origin":[8,5.51,8]},"faces":{"east":{"uv":[6,0,13,2.02],"texture":"#1_0"},"west":{"uv":[0,0,7,2.02],"texture":"#1_0"},"up":{"uv":[7,1,0,0],"rotation":90,"texture":"#1_0"},"down":{"uv":[7,1,0,0],"rotation":270,"texture":"#1_0"}}},{"from":[12.79015,0.055,4],"to":[13.79015,0.805,12],"rotation":{"angle":22.5,"axis":"z","origin":[13.29015,0.305,8]},"faces":{"north":{"uv":[2,4,3,4.75],"texture":"#1_0"},"east":{"uv":[2,4,10,4.75],"texture":"#1_0"},"south":{"uv":[2,4,3,4.75],"texture":"#1_0"},"west":{"uv":[2,4,10,4.75],"texture":"#1_0"},"up":{"uv":[2,4,3,12],"texture":"#1_0"},"down":{"uv":[2,4,3,12],"texture":"#1_0"}}},{"from":[13.81743,-0.16141,6],"to":[14.81743,0.58859,10],"rotation":{"angle":45,"axis":"z","origin":[13.31743,0.08859,8]},"faces":{"north":{"uv":[1,5,2,5.75],"texture":"#1_0"},"east":{"uv":[1,5,5,5.75],"texture":"#1_0"},"south":{"uv":[1,5,2,5.75],"texture":"#1_0"},"west":{"uv":[1,5,5,5.75],"texture":"#1_0"},"up":{"uv":[1,5,2,9],"texture":"#1_0"},"down":{"uv":[1,5,2,9],"texture":"#1_0"}}},{"from":[2.20985,0.055,4],"to":[3.20985,0.805,12],"rotation":{"angle":-22.5,"axis":"z","origin":[2.70985,0.305,8]},"faces":{"north":{"uv":[13,4,14,4.75],"texture":"#1_0"},"east":{"uv":[13,4,13.75,12],"rotation":90,"texture":"#1_0"},"south":{"uv":[13,4,14,4.75],"texture":"#1_0"},"west":{"uv":[13,4,13.75,12],"rotation":90,"texture":"#1_0"},"up":{"uv":[13,4,14,12],"texture":"#1_0"},"down":{"uv":[13,4,14,12],"texture":"#1_0"}}},{"from":[1.18257,-0.16141,6],"to":[2.18257,0.58859,10],"rotation":{"angle":-45,"axis":"z","origin":[2.68257,0.08859,8]},"faces":{"north":{"uv":[14,6,15,6.75],"texture":"#1_0"},"east":{"uv":[14,6,14.75,10],"rotation":90,"texture":"#1_0"},"south":{"uv":[14,6,15,6.75],"texture":"#1_0"},"west":{"uv":[14,6,14.75,10],"rotation":90,"texture":"#1_0"},"up":{"uv":[14,6,15,10],"texture":"#1_0"},"down":{"uv":[14,6,15,10],"texture":"#1_0"}}},{"from":[4,-0.5,2],"to":[12,0.25,3],"rotation":{"angle":0,"axis":"y","origin":[8,-0.25,8]},"faces":{"north":{"uv":[2,4,10,4.75],"texture":"#1_0"},"east":{"uv":[2,4,3,4.75],"texture":"#1_0"},"south":{"uv":[2,4,10,4.75],"texture":"#1_0"},"west":{"uv":[2,4,3,4.75],"texture":"#1_0"},"up":{"uv":[2,4,3,12],"rotation":270,"texture":"#1_0"},"down":{"uv":[2,4,3,12],"rotation":90,"texture":"#1_0"}}},{"from":[6,-0.5,1],"to":[10,0.25,2],"rotation":{"angle":0,"axis":"y","origin":[8,-0.25,8]},"faces":{"north":{"uv":[1,5,5,5.75],"texture":"#1_0"},"east":{"uv":[1,5,2,5.75],"texture":"#1_0"},"south":{"uv":[1,5,5,5.75],"texture":"#1_0"},"west":{"uv":[1,5,2,5.75],"texture":"#1_0"},"up":{"uv":[1,5,2,9],"rotation":270,"texture":"#1_0"},"down":{"uv":[1,5,2,9],"rotation":90,"texture":"#1_0"}}},{"from":[4,-0.5,13],"to":[12,0.25,14],"rotation":{"angle":0,"axis":"y","origin":[8,-0.25,8]},"faces":{"north":{"uv":[13,4,13.75,12],"rotation":90,"texture":"#1_0"},"east":{"uv":[13,4,14,4.75],"texture":"#1_0"},"south":{"uv":[13,4,13.75,12],"rotation":90,"texture":"#1_0"},"west":{"uv":[13,4,14,4.75],"texture":"#1_0"},"up":{"uv":[13,4,14,12],"rotation":270,"texture":"#1_0"},"down":{"uv":[13,4,14,12],"rotation":90,"texture":"#1_0"}}},{"from":[6,-0.5,14],"to":[10,0.25,15],"rotation":{"angle":0,"axis":"y","origin":[8,-0.25,8]},"faces":{"north":{"uv":[14,6,14.75,10],"rotation":90,"texture":"#1_0"},"east":{"uv":[14,6,15,6.75],"texture":"#1_0"},"south":{"uv":[14,6,14.75,10],"rotation":90,"texture":"#1_0"},"west":{"uv":[14,6,15,6.75],"texture":"#1_0"},"up":{"uv":[14,6,15,10],"rotation":270,"texture":"#1_0"},"down":{"uv":[14,6,15,10],"rotation":90,"texture":"#1_0"}}},{"from":[4,-0.5,3],"to":[12,0.25,13],"rotation":{"angle":0,"axis":"y","origin":[6.5,-0.25,8]},"faces":{"north":{"uv":[3,3,11,3.75],"texture":"#1_0"},"east":{"uv":[3,3,13,3.75],"texture":"#1_0"},"south":{"uv":[3,3,11,3.75],"texture":"#1_0"},"west":{"uv":[3,3,13,3.75],"texture":"#1_0"},"up":{"uv":[4,3,12,13],"texture":"#1_0"},"down":{"uv":[4,3,12,13],"texture":"#1_0"}}}],"display":{"thirdperson_righthand":{"translation":[-0.75,6.5,-4.25]},"thirdperson_lefthand":{"translation":[-0.75,6.5,-4.25]},"firstperson_righthand":{"rotation":[0,135,0],"translation":[-0.75,6.5,-4.25]},"firstperson_lefthand":{"rotation":[0,135,0],"translation":[-0.75,6.5,-4.25]},"ground":{"translation":[0,5.75,0]},"gui":{"rotation":[30,-135,0],"translation":[0,2.25,0],"scale":[0.9,0.9,0.9]},"head":{"translation":[0,23,0],"scale":[2,2,2]},"fixed":{"translation":[0,8.5,-6.75],"scale":[1.6,1.6,1.6]}},"groups":[{"name":"group","origin":[8,8,8],"children":[0,1,2,3,4,5,6,7,8,9,10,11]},{"name":"halloween2020tophat_red","origin":[8,8,8],"children":[12,13,14,15,16,17,18,19,{"name":"group","origin":[8,0.25,8],"children":[20,21,22,23]},{"name":"group","origin":[8,0.25,8],"children":[24,25,26,27,28]}]}],"credit":"Model by Craftventure"}