{"textures":{"2":"block/quartz_block_side","3":"block/quartz_pillar_top","particle":"block/quartz_pillar_top","1_1":"block/quartz_pillar"},"elements":[{"from":[1,0,1],"to":[15,13,15],"faces":{"north":{"uv":[1,3,15,16],"texture":"#2"},"east":{"uv":[1,3,15,16],"texture":"#2"},"south":{"uv":[1,3,15,16],"texture":"#2"},"west":{"uv":[1,3,15,16],"texture":"#2"},"up":{"uv":[1,1,15,15],"texture":"#2"},"down":{"uv":[1,1,15,15],"texture":"#3"}}},{"name":"boven","from":[1,6,0],"to":[15,19,1],"rotation":{"angle":0,"axis":"y","origin":[8,18,8]},"faces":{"north":{"uv":[0,0,14,13],"texture":"#1_1"},"east":{"uv":[0,0,1,13],"texture":"#1_1"},"south":{"uv":[0,0,14,13],"texture":"#1_1"},"west":{"uv":[0,0,1,13],"texture":"#1_1"},"up":{"uv":[1,0,15,1],"texture":"#1_1"},"down":{"uv":[1,0,15,1],"texture":"#1_1"}}},{"name":"boven","from":[15,6,1],"to":[16,19,15],"rotation":{"angle":0,"axis":"y","origin":[-7,18,8]},"faces":{"north":{"uv":[0,0,1,13],"texture":"#1_1"},"east":{"uv":[0,0,14,13],"texture":"#1_1"},"south":{"uv":[0,0,1,13],"texture":"#1_1"},"west":{"uv":[0,0,14,13],"texture":"#1_1"},"up":{"uv":[1,0,15,1],"rotation":90,"texture":"#1_1"},"down":{"uv":[1,0,15,1],"rotation":270,"texture":"#1_1"}}},{"name":"boven","from":[1,6,15],"to":[15,19,16],"rotation":{"angle":0,"axis":"y","origin":[8,18,23]},"faces":{"north":{"uv":[0,0,14,13],"texture":"#1_1"},"east":{"uv":[0,0,1,13],"texture":"#1_1"},"south":{"uv":[0,0,14,13],"texture":"#1_1"},"west":{"uv":[0,0,1,13],"texture":"#1_1"},"up":{"uv":[1,0,15,1],"texture":"#1_1"},"down":{"uv":[1,0,15,1],"texture":"#1_1"}}},{"name":"boven","from":[0,6,1],"to":[1,19,15],"rotation":{"angle":0,"axis":"y","origin":[-7,18,8]},"faces":{"north":{"uv":[0,0,1,13],"texture":"#1_1"},"east":{"uv":[0,0,14,13],"texture":"#1_1"},"south":{"uv":[0,0,1,13],"texture":"#1_1"},"west":{"uv":[0,0,14,13],"texture":"#1_1"},"up":{"uv":[1,0,15,1],"rotation":90,"texture":"#1_1"},"down":{"uv":[1,0,15,1],"rotation":270,"texture":"#1_1"}}},{"name":"boven","from":[1,19,1],"to":[15,20,15],"rotation":{"angle":0,"axis":"z","origin":[13,27,8]},"faces":{"north":{"uv":[0,0,14,1],"texture":"#1_1"},"east":{"uv":[0,0,14,1],"texture":"#1_1"},"south":{"uv":[0,0,14,1],"texture":"#1_1"},"west":{"uv":[0,0,14,1],"texture":"#1_1"},"up":{"uv":[1,1,15,15],"rotation":90,"texture":"#3"},"down":{"uv":[1,1,15,15],"rotation":90,"texture":"#3"}}}],"display":{"thirdperson_righthand":{"rotation":[0,60,0],"translation":[0,0,1],"scale":[0.7,0.7,0.7]},"thirdperson_lefthand":{"rotation":[0,60,0],"translation":[0,0,1],"scale":[0.7,0.7,0.7]},"firstperson_righthand":{"rotation":[-21,-90,10],"translation":[0,0,6.5],"scale":[0.7,0.7,0.7]},"firstperson_lefthand":{"rotation":[-21,-90,10],"translation":[0,0,6.5],"scale":[0.7,0.7,0.7]},"ground":{"rotation":[-90,0,0],"scale":[0.7,0.7,0.7]},"gui":{"rotation":[30,45,0],"translation":[0,-1,0],"scale":[0.5,0.5,0.5]},"head":{"translation":[0,12,0]},"fixed":{"rotation":[0,0,40],"translation":[0.75,-2,0],"scale":[0.7,0.7,0.7]}},"groups":[{"name":"waffle","origin":[8,8,8],"children":[]},0,1,2,3,4,5],"credit":"Model by Craftventure"}