{"textures":{"0":"block/red_concrete","1":"block/lime_concrete","3":"block/gold_block"},"elements":[{"name":"Cube","from":[0,0,0],"to":[16,3,16],"faces":{"north":{"uv":[0,0,16,3],"texture":"#0"},"east":{"uv":[0,0,16,3],"texture":"#0"},"south":{"uv":[0,0,16,3],"texture":"#0"},"west":{"uv":[0,0,16,3],"texture":"#0"},"up":{"uv":[0,0,16,16],"texture":"#0"},"down":{"uv":[0,0,16,16],"texture":"#0"}}},{"name":"Cube","from":[1,3,1],"to":[15,7,15],"faces":{"north":{"uv":[0,0,14,4],"texture":"#1"},"east":{"uv":[0,0,14,4],"texture":"#1"},"south":{"uv":[0,0,14,4],"texture":"#1"},"west":{"uv":[0,0,14,4],"texture":"#1"},"up":{"uv":[0,0,14,14],"texture":"#1"},"down":{"uv":[0,0,14,14],"texture":"#1"}}},{"name":"Cube","from":[2,4,1],"to":[14,10,13],"rotation":{"angle":-22.5,"axis":"x","origin":[8,8,8]},"faces":{"north":{"uv":[0,0,12,6],"texture":"#1"},"east":{"uv":[0,0,12,6],"texture":"#1"},"south":{"uv":[0,0,12,6],"texture":"#1"},"west":{"uv":[0,0,12,6],"texture":"#1"},"up":{"uv":[0,0,12,12],"texture":"#1"},"down":{"uv":[0,0,12,12],"texture":"#1"}}},{"name":"Cube","from":[3,8,2],"to":[13,14,12],"rotation":{"angle":-45,"axis":"x","origin":[8,8,8]},"faces":{"north":{"uv":[0,0,10,6],"texture":"#1"},"east":{"uv":[0,0,10,6],"texture":"#1"},"south":{"uv":[0,0,10,6],"texture":"#1"},"west":{"uv":[0,0,10,6],"texture":"#1"},"up":{"uv":[0,0,10,10],"texture":"#1"},"down":{"uv":[0,0,10,10],"texture":"#1"}}},{"name":"Cube","from":[4,5,0],"to":[12,13,5],"rotation":{"angle":22.5,"axis":"x","origin":[8,8,8]},"faces":{"north":{"uv":[0,0,8,8],"texture":"#1"},"east":{"uv":[0,0,5,8],"texture":"#1"},"south":{"uv":[0,0,8,8],"texture":"#1"},"west":{"uv":[0,0,5,8],"texture":"#1"},"up":{"uv":[0,0,8,5],"texture":"#1"},"down":{"uv":[0,0,8,5],"texture":"#1"}}},{"name":"Cube","from":[5,9,-1],"to":[11,15,4],"faces":{"north":{"uv":[0,0,6,6],"texture":"#1"},"east":{"uv":[0,0,5,6],"texture":"#1"},"south":{"uv":[0,0,6,6],"texture":"#1"},"west":{"uv":[0,0,5,6],"texture":"#1"},"up":{"uv":[0,0,6,5],"texture":"#1"},"down":{"uv":[0,0,6,5],"texture":"#1"}}},{"name":"Cube","from":[6,13,-1],"to":[10,17,4],"rotation":{"angle":-22.5,"axis":"x","origin":[8,8,8]},"faces":{"north":{"uv":[0,0,4,4],"texture":"#1"},"east":{"uv":[0,0,5,4],"texture":"#1"},"south":{"uv":[0,0,4,4],"texture":"#1"},"west":{"uv":[0,0,5,4],"texture":"#1"},"up":{"uv":[0,0,4,5],"texture":"#1"},"down":{"uv":[0,0,4,5],"texture":"#1"}}},{"name":"Cube","from":[6.75,13.75,-2.4],"to":[9.25,16.25,2.6],"rotation":{"angle":-22.5,"axis":"x","origin":[8,8,8]},"faces":{"north":{"uv":[0,0,2.5,2.5],"texture":"#1"},"east":{"uv":[0,0,5,2.5],"texture":"#1"},"south":{"uv":[0,0,2.5,2.5],"texture":"#1"},"west":{"uv":[0,0,5,2.5],"texture":"#1"},"up":{"uv":[0,0,2.5,5],"texture":"#1"},"down":{"uv":[0,0,2.5,5],"texture":"#1"}}},{"name":"Cube","from":[0.1,6.6,-0.7],"to":[15.9,9.6,2.3],"rotation":{"angle":-45,"axis":"x","origin":[8,8,8]},"faces":{"north":{"uv":[0,0,16,3],"texture":"#0"},"east":{"uv":[0,0,16,3],"texture":"#0"},"south":{"uv":[0,0,16,3],"texture":"#0"},"west":{"uv":[0,0,16,3],"texture":"#0"},"up":{"uv":[0,0,16,16],"texture":"#0"},"down":{"uv":[0,0,16,16],"texture":"#0"}}},{"name":"Cube","from":[0.1,2.9,3.1],"to":[15.9,5.9,6.1],"rotation":{"angle":-45,"axis":"x","origin":[8,8,8]},"faces":{"north":{"uv":[0,0,16,3],"texture":"#0"},"east":{"uv":[0,0,16,3],"texture":"#0"},"south":{"uv":[0,0,16,3],"texture":"#0"},"west":{"uv":[0,0,16,3],"texture":"#0"},"up":{"uv":[0,0,16,16],"texture":"#0"},"down":{"uv":[0,0,16,16],"texture":"#0"}}},{"name":"Cube","from":[0.1,-0.9,6.8],"to":[15.9,2.1,9.8],"rotation":{"angle":-45,"axis":"x","origin":[8,8,8]},"faces":{"north":{"uv":[0,0,16,3],"texture":"#0"},"east":{"uv":[0,0,16,3],"texture":"#0"},"south":{"uv":[0,0,16,3],"texture":"#0"},"west":{"uv":[0,0,16,3],"texture":"#0"},"up":{"uv":[0,0,16,16],"texture":"#0"},"down":{"uv":[0,0,16,16],"texture":"#0"}}},{"name":"Cube","from":[-0.7,6.6,0.1],"to":[2.3,9.6,15.9],"rotation":{"angle":45,"axis":"z","origin":[8,8,8]},"faces":{"north":{"uv":[0,0,16,3],"texture":"#0"},"east":{"uv":[0,0,16,3],"texture":"#0"},"south":{"uv":[0,0,16,3],"texture":"#0"},"west":{"uv":[0,0,16,3],"texture":"#0"},"up":{"uv":[0,0,16,16],"texture":"#0"},"down":{"uv":[0,0,16,16],"texture":"#0"}}},{"name":"Cube","from":[3.1,2.8,0.1],"to":[6.1,5.8,15.9],"rotation":{"angle":45,"axis":"z","origin":[8,8,8]},"faces":{"north":{"uv":[0,0,16,3],"texture":"#0"},"east":{"uv":[0,0,16,3],"texture":"#0"},"south":{"uv":[0,0,16,3],"texture":"#0"},"west":{"uv":[0,0,16,3],"texture":"#0"},"up":{"uv":[0,0,16,16],"texture":"#0"},"down":{"uv":[0,0,16,16],"texture":"#0"}}},{"name":"Cube","from":[6.7,-0.9,0.1],"to":[9.7,2.1,15.9],"rotation":{"angle":45,"axis":"z","origin":[8,8,8]},"faces":{"north":{"uv":[0,0,16,3],"texture":"#0"},"east":{"uv":[0,0,16,3],"texture":"#0"},"south":{"uv":[0,0,16,3],"texture":"#0"},"west":{"uv":[0,0,16,3],"texture":"#0"},"up":{"uv":[0,0,16,16],"texture":"#0"},"down":{"uv":[0,0,16,16],"texture":"#0"}}},{"name":"Cube","from":[7.05,17.35,-0.3],"to":[8.85,19.15,1.5],"rotation":{"angle":-45,"axis":"x","origin":[8,8,8]},"faces":{"north":{"uv":[8,8,13.5,14.5],"texture":"#3"},"east":{"uv":[7,10,14,14.5],"texture":"#3"},"south":{"uv":[7,9,13.5,13.5],"texture":"#3"},"west":{"uv":[6,9,14,13.5],"texture":"#3"},"up":{"uv":[9,10,14.5,15],"texture":"#3"},"down":{"uv":[0,0,2.5,5],"texture":"#3"}}}],"display":{"gui":{"rotation":[30,-45,0],"scale":[0.5,0.5,0.5]},"head":{"rotation":[0,159,0],"translation":[-1.51,10.39,0.76],"scale":[0.5,0.5,0.5]}},"credit":"Model by Craftventure"}