{"textures":{"0":"block/yellow_concrete","1":"block/yellow_terracotta","2":"block/oak_planks","3":"block/anvil","4":"block/smooth_stone","particle":"block/yellow_concrete"},"elements":[{"name":"octagon","from":[5.78629,4.9,8.9],"to":[8.31371,5.7,10],"rotation":{"angle":45,"axis":"y","origin":[7.05,5.308,9.45]},"faces":{"north":{"uv":[0,0,1,1],"texture":"#0"},"east":{"uv":[0,0,1,1],"texture":"#0"},"south":{"uv":[0,0,1,1],"texture":"#0"},"west":{"uv":[0,0,1,1],"texture":"#0"},"up":{"uv":[0,0,1,1],"texture":"#0"},"down":{"uv":[0,0,1,1],"texture":"#0"}}},{"name":"octagon","from":[4.68629,0,6.7],"to":[11.31371,4,16],"rotation":{"angle":0,"axis":"y","origin":[8,0.5,8]},"faces":{"north":{"uv":[0,0,1,1],"texture":"#0"},"east":{"uv":[0,0,1,1],"texture":"#0"},"south":{"uv":[0,0,1,1],"texture":"#0"},"west":{"uv":[0,0,1,1],"texture":"#0"},"up":{"uv":[0,0,1,1],"texture":"#0"},"down":{"uv":[0,0,1,1],"texture":"#0"}}},{"name":"octagon","from":[0,0,4.68629],"to":[11.3,4,11.31371],"rotation":{"angle":45,"axis":"y","origin":[8,0.5,8]},"faces":{"north":{"uv":[0,0,1,1],"texture":"#0"},"east":{"uv":[0,0,1,1],"texture":"#0"},"south":{"uv":[0,0,1,1],"texture":"#0"},"west":{"uv":[0,0,1,1],"texture":"#0"},"up":{"uv":[0,0,1,1],"texture":"#0"},"down":{"uv":[0,0,1,1],"texture":"#0"}}},{"name":"octagon","from":[0,0,4.68629],"to":[9.4,4,11.31371],"rotation":{"angle":0,"axis":"y","origin":[8,0.5,8]},"faces":{"north":{"uv":[0,0,1,1],"texture":"#0"},"east":{"uv":[0,0,1,1],"texture":"#0"},"south":{"uv":[0,0,1,1],"texture":"#0"},"west":{"uv":[0,0,1,1],"texture":"#0"},"up":{"uv":[0,0,1,1],"texture":"#0"},"down":{"uv":[0,0,1,1],"texture":"#0"}}},{"name":"octagon","from":[4.68629,0,-0.1],"to":[11.28629,4,6.62742],"rotation":{"angle":0,"axis":"y","origin":[12.68629,0.5,3.31371]},"faces":{"north":{"uv":[0,0,1,1],"texture":"#0"},"east":{"uv":[0,0,1,1],"texture":"#0"},"south":{"uv":[0,0,1,1],"texture":"#0"},"west":{"uv":[0,0,1,1],"texture":"#0"},"up":{"uv":[0,0,1,1],"texture":"#0"},"down":{"uv":[0,0,1,1],"texture":"#0"}}},{"name":"octagon","from":[4.62002,3.92,6.572],"to":[11.37998,4.3,16.16],"rotation":{"angle":0,"axis":"y","origin":[8,4.43,8]},"faces":{"north":{"uv":[0,0,1,1],"texture":"#1"},"east":{"uv":[0,0,1,1],"texture":"#1"},"south":{"uv":[0,0,1,1],"texture":"#1"},"west":{"uv":[0,0,1,1],"texture":"#1"},"up":{"uv":[0,0,1,1],"texture":"#1"},"down":{"uv":[0,0,1,1],"texture":"#1"}}},{"name":"octagon","from":[-0.16,3.92,4.62002],"to":[11.366,4.3,11.37998],"rotation":{"angle":45,"axis":"y","origin":[8,4.43,8]},"faces":{"north":{"uv":[0,0,1,1],"texture":"#1"},"east":{"uv":[0,0,1,1],"texture":"#1"},"south":{"uv":[0,0,1,1],"texture":"#1"},"west":{"uv":[0,0,1,1],"texture":"#1"},"up":{"uv":[0,0,1,1],"texture":"#1"},"down":{"uv":[0,0,1,1],"texture":"#1"}}},{"name":"octagon","from":[5.72002,5.684,8.84],"to":[8.37998,5.86,10.06],"rotation":{"angle":45,"axis":"y","origin":[7.05,5.408,9.45]},"faces":{"north":{"uv":[0,0,1,1],"texture":"#1"},"east":{"uv":[0,0,1,1],"texture":"#1"},"south":{"uv":[0,0,1,1],"texture":"#1"},"west":{"uv":[0,0,1,1],"texture":"#1"},"up":{"uv":[0,0,1,1],"texture":"#1"},"down":{"uv":[0,0,1,1],"texture":"#1"}}},{"name":"octagon","from":[-0.16,3.92,4.62002],"to":[9.428,4.3,11.37998],"rotation":{"angle":0,"axis":"y","origin":[8,4.43,8]},"faces":{"north":{"uv":[0,0,1,1],"texture":"#1"},"east":{"uv":[0,0,1,1],"texture":"#1"},"south":{"uv":[0,0,1,1],"texture":"#1"},"west":{"uv":[0,0,1,1],"texture":"#1"},"up":{"uv":[0,0,1,1],"texture":"#1"},"down":{"uv":[0,0,1,1],"texture":"#1"}}},{"name":"octagon","from":[4.64798,3.921,-0.16],"to":[11.37998,4.301,6.69997],"rotation":{"angle":0,"axis":"y","origin":[12.80798,4.431,3.21998]},"faces":{"north":{"uv":[0,0,1,1],"texture":"#1"},"east":{"uv":[0,0,1,1],"texture":"#1"},"south":{"uv":[0,0,1,1],"texture":"#1"},"west":{"uv":[0,0,1,1],"texture":"#1"},"up":{"uv":[0,0,1,1],"texture":"#1"},"down":{"uv":[0,0,1,1],"texture":"#1"}}},{"name":"octagon","from":[4.62002,-0.18,6.672],"to":[11.37998,0.2,16.16],"rotation":{"angle":0,"axis":"y","origin":[8,0.33,8]},"faces":{"north":{"uv":[0,0,1,1],"texture":"#1"},"east":{"uv":[0,0,1,1],"texture":"#1"},"south":{"uv":[0,0,1,1],"texture":"#1"},"west":{"uv":[0,0,1,1],"texture":"#1"},"up":{"uv":[0,0,1,1],"texture":"#1"},"down":{"uv":[0,0,1,1],"texture":"#1"}}},{"name":"octagon","from":[-0.16,-0.18,4.62002],"to":[11.366,0.2,11.37998],"rotation":{"angle":45,"axis":"y","origin":[8,0.33,8]},"faces":{"north":{"uv":[0,0,1,1],"texture":"#1"},"east":{"uv":[0,0,1,1],"texture":"#1"},"south":{"uv":[0,0,1,1],"texture":"#1"},"west":{"uv":[0,0,1,1],"texture":"#1"},"up":{"uv":[0,0,1,1],"texture":"#1"},"down":{"uv":[0,0,1,1],"texture":"#1"}}},{"name":"octagon","from":[5.72002,4.764,8.84],"to":[8.37998,4.94,10.06],"rotation":{"angle":45,"axis":"y","origin":[7.05,5.208,9.45]},"faces":{"north":{"uv":[0,0,1,1],"texture":"#1"},"east":{"uv":[0,0,1,1],"texture":"#1"},"south":{"uv":[0,0,1,1],"texture":"#1"},"west":{"uv":[0,0,1,1],"texture":"#1"},"up":{"uv":[0,0,1,1],"texture":"#1"},"down":{"uv":[0,0,1,1],"texture":"#1"}}},{"name":"octagon","from":[-0.16,-0.18,4.62002],"to":[9.428,0.2,11.37998],"rotation":{"angle":0,"axis":"y","origin":[8,0.33,8]},"faces":{"north":{"uv":[0,0,1,1],"texture":"#1"},"east":{"uv":[0,0,1,1],"texture":"#1"},"south":{"uv":[0,0,1,1],"texture":"#1"},"west":{"uv":[0,0,1,1],"texture":"#1"},"up":{"uv":[0,0,1,1],"texture":"#1"},"down":{"uv":[0,0,1,1],"texture":"#1"}}},{"name":"octagon","from":[4.62002,-0.18,-0.16],"to":[11.35202,0.2,6.59997],"rotation":{"angle":0,"axis":"y","origin":[12.78002,0.33,3.21998]},"faces":{"north":{"uv":[0,0,1,1],"texture":"#1"},"east":{"uv":[0,0,1,1],"texture":"#1"},"south":{"uv":[0,0,1,1],"texture":"#1"},"west":{"uv":[0,0,1,1],"texture":"#1"},"up":{"uv":[0,0,1,1],"texture":"#1"},"down":{"uv":[0,0,1,1],"texture":"#1"}}},{"name":"octagon","from":[4.64798,4.296,2.84],"to":[9.37998,4.776,11.69997],"rotation":{"angle":0,"axis":"y","origin":[12.80798,4.806,6.21998]},"faces":{"north":{"uv":[0,0,4.732,0.38],"texture":"#2"},"east":{"uv":[0,0,8.85997,0.38],"texture":"#2"},"south":{"uv":[0,0,4.732,0.38],"texture":"#2"},"west":{"uv":[0,0,8.85997,0.38],"texture":"#2"},"up":{"uv":[0,0,4.732,8.85997],"texture":"#2"},"down":{"uv":[0,0,4.732,8.85997],"texture":"#2"}}},{"name":"octagon","from":[4.64798,4.976,7.04],"to":[9.37998,5.356,7.39997],"rotation":{"angle":0,"axis":"y","origin":[12.80798,5.386,6.21998]},"faces":{"north":{"uv":[0,0,4.732,0.38],"texture":"#3"},"east":{"uv":[0,0,0.35997,0.38],"texture":"#3"},"south":{"uv":[0,0,4.732,0.38],"texture":"#3"},"west":{"uv":[0,0,0.35997,0.38],"texture":"#3"},"up":{"uv":[0,0,4.732,0.35997],"texture":"#3"},"down":{"uv":[0,0,4.732,0.35997],"texture":"#3"}}},{"name":"octagon","from":[4.64798,4.976,3.04],"to":[9.37998,5.356,3.39997],"rotation":{"angle":0,"axis":"y","origin":[12.80798,5.386,2.21998]},"faces":{"north":{"uv":[0,0,4.732,0.38],"texture":"#3"},"east":{"uv":[0,0,0.35997,0.38],"texture":"#3"},"south":{"uv":[0,0,4.732,0.38],"texture":"#3"},"west":{"uv":[0,0,0.35997,0.38],"texture":"#3"},"up":{"uv":[0,0,4.732,0.35997],"texture":"#3"},"down":{"uv":[0,0,4.732,0.35997],"texture":"#3"}}},{"name":"octagon","from":[9.01998,4.976,3.39996],"to":[9.37998,5.356,7.04],"rotation":{"angle":0,"axis":"y","origin":[12.77998,5.386,5.85998]},"faces":{"north":{"uv":[0,0,0.36,0.38],"texture":"#3"},"east":{"uv":[0,0,3.64003,0.38],"texture":"#3"},"south":{"uv":[0,0,0.36,0.38],"texture":"#3"},"west":{"uv":[0,0,3.64003,0.38],"texture":"#3"},"up":{"uv":[0,0,0.36,3.64003],"texture":"#3"},"down":{"uv":[0,0,0.36,3.64003],"texture":"#3"}}},{"name":"octagon","from":[4.64798,4.976,3.39996],"to":[5.00798,5.356,7.04],"rotation":{"angle":0,"axis":"y","origin":[8.40798,5.386,5.85998]},"faces":{"north":{"uv":[0,0,0.36,0.38],"texture":"#3"},"east":{"uv":[0,0,3.64003,0.38],"texture":"#3"},"south":{"uv":[0,0,0.36,0.38],"texture":"#3"},"west":{"uv":[0,0,3.64003,0.38],"texture":"#3"},"up":{"uv":[0,0,0.36,3.64003],"texture":"#3"},"down":{"uv":[0,0,0.36,3.64003],"texture":"#3"}}},{"name":"octagon","from":[8.64798,4.676,6.94],"to":[8.87998,5.456,7.49997],"rotation":{"angle":0,"axis":"y","origin":[13.05798,5.386,6.21998]},"faces":{"north":{"uv":[0,0,0.232,0.78],"texture":"#4"},"east":{"uv":[0,0,0.55997,0.78],"texture":"#4"},"south":{"uv":[0,0,0.232,0.78],"texture":"#4"},"west":{"uv":[0,0,0.55997,0.78],"texture":"#4"},"up":{"uv":[0,0,0.232,0.55997],"texture":"#4"},"down":{"uv":[0,0,0.232,0.55997],"texture":"#4"}}},{"name":"octagon","from":[6.84798,5.076,3.24],"to":[7.07998,5.456,7.29997],"rotation":{"angle":0,"axis":"y","origin":[11.25798,5.386,6.01998]},"faces":{"north":{"uv":[0,0,0.232,0.78],"texture":"#4"},"east":{"uv":[0,0,0.55997,0.78],"texture":"#4"},"south":{"uv":[0,0,0.232,0.78],"texture":"#4"},"west":{"uv":[0,0,0.55997,0.78],"texture":"#4"},"up":{"uv":[0,0,0.232,0.55997],"texture":"#4"},"down":{"uv":[0,0,0.232,0.55997],"texture":"#4"}}},{"name":"octagon","from":[5.74798,4.951,7.015],"to":[8.27998,5.381,7.42497],"rotation":{"angle":0,"axis":"y","origin":[10.15798,5.386,6.21998]},"faces":{"north":{"uv":[0,0,2.532,0.43],"texture":"#4"},"east":{"uv":[0,0,0.40997,0.43],"texture":"#4"},"south":{"uv":[0,0,2.532,0.43],"texture":"#4"},"west":{"uv":[0,0,0.40997,0.43],"texture":"#4"},"up":{"uv":[0,0,2.532,0.40997],"texture":"#4"},"down":{"uv":[0,0,2.532,0.40997],"texture":"#4"}}},{"name":"octagon","from":[5.14798,4.676,6.94],"to":[5.37998,5.456,7.49997],"rotation":{"angle":0,"axis":"y","origin":[9.55798,5.386,6.21998]},"faces":{"north":{"uv":[0,0,0.232,0.78],"texture":"#4"},"east":{"uv":[0,0,0.55997,0.78],"texture":"#4"},"south":{"uv":[0,0,0.232,0.78],"texture":"#4"},"west":{"uv":[0,0,0.55997,0.78],"texture":"#4"},"up":{"uv":[0,0,0.232,0.55997],"texture":"#4"},"down":{"uv":[0,0,0.232,0.55997],"texture":"#4"}}},{"name":"octagon","from":[6.678,4.676,3.10998],"to":[7.23797,5.056,3.34198],"rotation":{"angle":0,"axis":"y","origin":[7.95798,5.386,7.51998]},"faces":{"north":{"uv":[0,0,0.55997,0.78],"texture":"#4"},"east":{"uv":[0,0,0.232,0.78],"texture":"#4"},"south":{"uv":[0,0,0.55997,0.78],"texture":"#4"},"west":{"uv":[0,0,0.232,0.78],"texture":"#4"},"up":{"uv":[0,0,0.232,0.55997],"rotation":90,"texture":"#4"},"down":{"uv":[0,0,0.232,0.55997],"rotation":270,"texture":"#4"}}},{"name":"octagon","from":[4.62002,3.92,-0.16],"to":[11.37998,4.3,16.16],"rotation":{"angle":45,"axis":"y","origin":[8,4.43,8]},"faces":{"north":{"uv":[0,0,1,1],"texture":"#1"},"east":{"uv":[0,0,1,1],"texture":"#1"},"south":{"uv":[0,0,1,1],"texture":"#1"},"west":{"uv":[0,0,1,1],"texture":"#1"},"up":{"uv":[0,0,1,1],"texture":"#1"},"down":{"uv":[0,0,1,1],"texture":"#1"}}},{"name":"octagon","from":[4.68629,0,0],"to":[11.31371,4,16.075],"rotation":{"angle":45,"axis":"y","origin":[8,0.5,8]},"faces":{"north":{"uv":[0,0,1,1],"texture":"#0"},"east":{"uv":[0,0,1,1],"texture":"#0"},"south":{"uv":[0,0,1,1],"texture":"#0"},"west":{"uv":[0,0,1,1],"texture":"#0"},"up":{"uv":[0,0,1,1],"texture":"#0"},"down":{"uv":[0,0,1,1],"texture":"#0"}}},{"name":"octagon","from":[4.62002,-0.18,-0.16],"to":[11.37998,0.2,16.16],"rotation":{"angle":45,"axis":"y","origin":[8,0.33,8]},"faces":{"north":{"uv":[0,0,1,1],"texture":"#1"},"east":{"uv":[0,0,1,1],"texture":"#1"},"south":{"uv":[0,0,1,1],"texture":"#1"},"west":{"uv":[0,0,1,1],"texture":"#1"},"up":{"uv":[0,0,1,1],"texture":"#1"},"down":{"uv":[0,0,1,1],"texture":"#1"}}},{"name":"octagon","from":[11.01998,4.276,9.39996],"to":[11.62998,4.906,13.04],"rotation":{"angle":22.5,"axis":"y","origin":[11.62915,4.591,8.29498]},"faces":{"north":{"uv":[0,0,0.36,0.38],"texture":"#3"},"east":{"uv":[0,0,3.64003,0.38],"texture":"#3"},"south":{"uv":[0,0,0.36,0.38],"texture":"#3"},"west":{"uv":[0,0,3.64003,0.38],"texture":"#3"},"up":{"uv":[0,0,0.36,3.64003],"texture":"#3"},"down":{"uv":[0,0,0.36,3.64003],"texture":"#3"}}},{"name":"octagon","from":[11.06998,4.326,9.09996],"to":[11.57998,4.856,9.44],"rotation":{"angle":22.5,"axis":"y","origin":[11.62915,4.591,8.29498]},"faces":{"north":{"uv":[0,0,0.51,0.53],"texture":"#4"},"east":{"uv":[0,0,0.34003,0.53],"texture":"#4"},"south":{"uv":[0,0,0.51,0.53],"texture":"#4"},"west":{"uv":[0,0,0.34003,0.53],"texture":"#4"},"up":{"uv":[0,0,0.51,0.34003],"texture":"#4"},"down":{"uv":[0,0,0.51,0.34003],"texture":"#4"}}},{"name":"octagon","from":[11.06998,4.301,5.49996],"to":[11.62998,4.881,9.14],"rotation":{"angle":22.5,"axis":"y","origin":[11.62915,4.591,8.29498]},"faces":{"north":{"uv":[0,0,0.36,0.38],"texture":"#4"},"east":{"uv":[0,0,3.64003,0.38],"texture":"#4"},"south":{"uv":[0,0,0.36,0.38],"texture":"#4"},"west":{"uv":[0,0,3.64003,0.38],"texture":"#4"},"up":{"uv":[0,0,0.36,3.64003],"texture":"#4"},"down":{"uv":[0,0,0.36,3.64003],"texture":"#4"}}},{"name":"octagon","from":[11.61998,4.401,5.49996],"to":[11.87998,4.781,9.14],"rotation":{"angle":22.5,"axis":"y","origin":[11.62915,4.591,8.29498]},"faces":{"north":{"uv":[0,0,0.36,0.38],"texture":"#4"},"east":{"uv":[0,0,3.64003,0.38],"texture":"#4"},"south":{"uv":[0,0,0.36,0.38],"texture":"#4"},"west":{"uv":[0,0,3.64003,0.38],"texture":"#4"},"up":{"uv":[0,0,0.36,3.64003],"texture":"#4"},"down":{"uv":[0,0,0.36,3.64003],"texture":"#4"}}},{"name":"octagon","from":[11.81998,4.501,5.59996],"to":[12.07998,4.681,9.04],"rotation":{"angle":22.5,"axis":"y","origin":[11.62915,4.591,8.29498]},"faces":{"north":{"uv":[0,0,0.36,0.38],"texture":"#4"},"east":{"uv":[0,0,3.64003,0.38],"texture":"#4"},"south":{"uv":[0,0,0.36,0.38],"texture":"#4"},"west":{"uv":[0,0,3.64003,0.38],"texture":"#4"},"up":{"uv":[0,0,0.36,3.64003],"texture":"#4"},"down":{"uv":[0,0,0.36,3.64003],"texture":"#4"}}},{"name":"octagon","from":[12.01998,4.551,5.89996],"to":[12.12998,4.631,8.74],"rotation":{"angle":22.5,"axis":"y","origin":[11.62915,4.591,8.29498]},"faces":{"north":{"uv":[0,0,0.36,0.38],"texture":"#4"},"east":{"uv":[0,0,3.64003,0.38],"texture":"#4"},"south":{"uv":[0,0,0.36,0.38],"texture":"#4"},"west":{"uv":[0,0,3.64003,0.38],"texture":"#4"},"up":{"uv":[0,0,0.36,3.64003],"texture":"#4"},"down":{"uv":[0,0,0.36,3.64003],"texture":"#4"}}},{"name":"octagon","from":[4.62002,0.201,-0.16],"to":[11.37998,3.921,-0.058],"rotation":{"angle":45,"axis":"y","origin":[8,0.711,8]},"faces":{"north":{"uv":[0,0,1,1],"texture":"#1"},"east":{"uv":[0,0,1,1],"texture":"#1"},"south":{"uv":[0,0,1,1],"texture":"#1"},"west":{"uv":[0,0,1,1],"texture":"#1"},"up":{"uv":[0,0,1,1],"texture":"#1"},"down":{"uv":[0,0,1,1],"texture":"#1"}}},{"name":"octagon","from":[4.62002,0.201,-0.16],"to":[11.37998,3.921,0.142],"rotation":{"angle":0,"axis":"y","origin":[8,0.711,8]},"faces":{"north":{"uv":[0,0,1,1],"texture":"#1"},"east":{"uv":[0,0,1,1],"texture":"#1"},"south":{"uv":[0,0,1,1],"texture":"#1"},"west":{"uv":[0,0,1,1],"texture":"#1"},"up":{"uv":[0,0,1,1],"texture":"#1"},"down":{"uv":[0,0,1,1],"texture":"#1"}}},{"name":"octagon","from":[4.62002,0.201,15.858],"to":[11.37998,3.921,16.16],"rotation":{"angle":45,"axis":"y","origin":[8,0.711,8]},"faces":{"north":{"uv":[0,0,1,1],"texture":"#1"},"east":{"uv":[0,0,1,1],"texture":"#1"},"south":{"uv":[0,0,1,1],"texture":"#1"},"west":{"uv":[0,0,1,1],"texture":"#1"},"up":{"uv":[0,0,1,1],"texture":"#1"},"down":{"uv":[0,0,1,1],"texture":"#1"}}},{"name":"octagon","from":[4.62002,0.201,16.058],"to":[11.37998,3.921,16.16],"rotation":{"angle":0,"axis":"y","origin":[8,0.711,8]},"faces":{"north":{"uv":[0,0,1,1],"texture":"#1"},"east":{"uv":[0,0,1,1],"texture":"#1"},"south":{"uv":[0,0,1,1],"texture":"#1"},"west":{"uv":[0,0,1,1],"texture":"#1"},"up":{"uv":[0,0,1,1],"texture":"#1"},"down":{"uv":[0,0,1,1],"texture":"#1"}}},{"name":"octagon","from":[-0.16,0.201,4.62002],"to":[-0.058,3.921,11.37998],"rotation":{"angle":45,"axis":"y","origin":[8,0.711,8]},"faces":{"north":{"uv":[0,0,1,1],"texture":"#1"},"east":{"uv":[0,0,1,1],"texture":"#1"},"south":{"uv":[0,0,1,1],"texture":"#1"},"west":{"uv":[0,0,1,1],"texture":"#1"},"up":{"uv":[0,0,1,1],"texture":"#1"},"down":{"uv":[0,0,1,1],"texture":"#1"}}},{"name":"octagon","from":[-0.16,0.201,4.62002],"to":[-0.058,3.921,11.37998],"rotation":{"angle":0,"axis":"y","origin":[8,0.711,8]},"faces":{"north":{"uv":[0,0,1,1],"texture":"#1"},"east":{"uv":[0,0,1,1],"texture":"#1"},"south":{"uv":[0,0,1,1],"texture":"#1"},"west":{"uv":[0,0,1,1],"texture":"#1"},"up":{"uv":[0,0,1,1],"texture":"#1"},"down":{"uv":[0,0,1,1],"texture":"#1"}}}],"display":{"gui":{"rotation":[30,-135,0],"translation":[0,3.25,0],"scale":[0.8,0.8,0.8]},"head":{"rotation":[0,37,0],"translation":[0,12.9,0],"scale":[0.8,0.8,0.8]}},"groups":[{"name":"octagon","origin":[8,8,8],"children":[0,1,2,3,4,5,6,7,8,9,10,11,12,13,14,15,16,17,18,19,20,21,22,23,24,25,26,27,28,29,30,31,32,33]},{"name":"octagon","origin":[8,8,8],"children":[34,35,36,37,38,39]}],"credit":"Model by Craftventure"}