{"textures":{"main":"block/vistextures"},"elements":[{"name":"Cube","from":[0,0,0],"to":[16,1,16],"faces":{"north":{"uv":[0,0,2,0.125],"texture":"#main"},"east":{"uv":[0,0,2,0.125],"texture":"#main"},"south":{"uv":[0,0,2,0.125],"texture":"#main"},"west":{"uv":[0,0,2,0.125],"texture":"#main"},"up":{"uv":[0,0,2,2],"texture":"#main"},"down":{"uv":[0,0,2,2],"texture":"#main"}}},{"name":"Cube","from":[0.5,1,0.5],"to":[15.5,8,15.5],"faces":{"north":{"uv":[2,0,3.875,0.875],"texture":"#main"},"east":{"uv":[2,0,3.875,0.875],"texture":"#main"},"south":{"uv":[2,0,3.875,0.875],"texture":"#main"},"west":{"uv":[2,0,3.875,0.875],"texture":"#main"},"up":{"uv":[2,0,3.875,1.875],"texture":"#main"},"down":{"uv":[2,0,3.875,1.875],"texture":"#main"}}},{"name":"Cube","from":[1.5,7,1.5],"to":[14.5,14,14.5],"faces":{"north":{"uv":[2,0,3.625,0.875],"texture":"#main"},"east":{"uv":[2,0,3.625,0.875],"texture":"#main"},"south":{"uv":[2,0,3.625,0.875],"texture":"#main"},"west":{"uv":[2,0,3.625,0.875],"texture":"#main"},"up":{"uv":[2,0,3.625,1.625],"texture":"#main"},"down":{"uv":[2,0,3.625,1.625],"texture":"#main"}}},{"name":"Cube","from":[4.5,11,2.5],"to":[15.5,18,13.5],"rotation":{"angle":22.5,"axis":"z","origin":[8,8,8]},"faces":{"north":{"uv":[2,0,3.375,0.875],"texture":"#main"},"east":{"uv":[2,0,3.375,0.875],"texture":"#main"},"south":{"uv":[2,0,3.375,0.875],"texture":"#main"},"west":{"uv":[2,0,3.375,0.875],"texture":"#main"},"up":{"uv":[2,0,3.375,1.375],"texture":"#main"},"down":{"uv":[2,0,3.375,1.375],"texture":"#main"}}},{"name":"Cube","from":[8.5,12,4],"to":[16.5,19,12],"rotation":{"angle":45,"axis":"z","origin":[8,8,8]},"faces":{"north":{"uv":[2,0,3,0.875],"texture":"#main"},"east":{"uv":[2,0,3,0.875],"texture":"#main"},"south":{"uv":[2,0,3,0.875],"texture":"#main"},"west":{"uv":[2,0,3,0.875],"texture":"#main"},"up":{"uv":[2,0,3,1],"texture":"#main"},"down":{"uv":[2,0,3,1],"texture":"#main"}}},{"name":"Cube","from":[-3,13,5],"to":[3,19,11],"rotation":{"angle":-22.5,"axis":"z","origin":[8,8,8]},"faces":{"north":{"uv":[2,0,2.75,0.75],"texture":"#main"},"east":{"uv":[2,0,2.75,0.75],"texture":"#main"},"south":{"uv":[2,0,2.75,0.75],"texture":"#main"},"west":{"uv":[2,0,2.75,0.75],"texture":"#main"},"up":{"uv":[2,0,2.75,0.75],"texture":"#main"},"down":{"uv":[2,0,2.75,0.75],"texture":"#main"}}},{"name":"Cube","from":[-1,17.5,6],"to":[3,21.5,10],"faces":{"north":{"uv":[2,0,2.5,0.5],"texture":"#main"},"east":{"uv":[2,0,2.5,0.5],"texture":"#main"},"south":{"uv":[2,0,2.5,0.5],"texture":"#main"},"west":{"uv":[2,0,2.5,0.5],"texture":"#main"},"up":{"uv":[2,0,2.5,0.5],"texture":"#main"},"down":{"uv":[2,0,2.5,0.5],"texture":"#main"}}},{"name":"Cube","from":[3,21,7],"to":[5,23,9],"rotation":{"angle":22.5,"axis":"z","origin":[8,8,8]},"faces":{"north":{"uv":[2,0,2.25,0.25],"texture":"#main"},"east":{"uv":[2,0,2.25,0.25],"texture":"#main"},"south":{"uv":[2,0,2.25,0.25],"texture":"#main"},"west":{"uv":[2,0,2.25,0.25],"texture":"#main"},"up":{"uv":[2,0,2.25,0.25],"texture":"#main"},"down":{"uv":[2,0,2.25,0.25],"texture":"#main"}}},{"name":"Cube","from":[10,4,15],"to":[13,7,16],"faces":{"north":{"uv":[4,0,4.375,0.375],"texture":"#main"},"east":{"uv":[4,0,4.125,0.375],"texture":"#main"},"south":{"uv":[4,0,4.375,0.375],"texture":"#main"},"west":{"uv":[4,0,4.125,0.375],"texture":"#main"},"up":{"uv":[4,0,4.375,0.125],"texture":"#main"},"down":{"uv":[4,0,4.375,0.125],"texture":"#main"}}},{"name":"Cube","from":[10,4,0],"to":[13,7,1],"faces":{"north":{"uv":[4,0,4.375,0.375],"texture":"#main"},"east":{"uv":[4,0,4.125,0.375],"texture":"#main"},"south":{"uv":[4,0,4.375,0.375],"texture":"#main"},"west":{"uv":[4,0,4.125,0.375],"texture":"#main"},"up":{"uv":[4,0,4.375,0.125],"texture":"#main"},"down":{"uv":[4,0,4.375,0.125],"texture":"#main"}}},{"name":"Cube","from":[8,22.5,6],"to":[9,23.1,10],"rotation":{"angle":45,"axis":"z","origin":[8,8,8]},"faces":{"north":{"uv":[4,0,4.125,0.075],"texture":"#main"},"east":{"uv":[4,0,4.5,0.075],"texture":"#main"},"south":{"uv":[4,0,4.125,0.075],"texture":"#main"},"west":{"uv":[4,0,4.5,0.075],"texture":"#main"},"up":{"uv":[4,0,4.125,0.5],"texture":"#main"},"down":{"uv":[4,0,4.125,0.5],"texture":"#main"}}},{"name":"Cube","from":[7,22.5,5],"to":[8,23.1,11],"rotation":{"angle":45,"axis":"z","origin":[8,8,8]},"faces":{"north":{"uv":[4,0,4.125,0.075],"texture":"#main"},"east":{"uv":[4,0,4.75,0.075],"texture":"#main"},"south":{"uv":[4,0,4.125,0.075],"texture":"#main"},"west":{"uv":[4,0,4.75,0.075],"texture":"#main"},"up":{"uv":[4,0,4.125,0.75],"texture":"#main"},"down":{"uv":[4,0,4.125,0.75],"texture":"#main"}}},{"name":"Cube","from":[6,22.5,4],"to":[7,23.1,7],"rotation":{"angle":45,"axis":"z","origin":[8,8,8]},"faces":{"north":{"uv":[4,0,4.125,0.075],"texture":"#main"},"east":{"uv":[4,0,4.375,0.075],"texture":"#main"},"south":{"uv":[4,0,4.125,0.075],"texture":"#main"},"west":{"uv":[4,0,4.375,0.075],"texture":"#main"},"up":{"uv":[4,0,4.125,0.375],"texture":"#main"},"down":{"uv":[4,0,4.125,0.375],"texture":"#main"}}},{"name":"Cube","from":[6,22.5,9],"to":[7,23.1,12],"rotation":{"angle":45,"axis":"z","origin":[8,8,8]},"faces":{"north":{"uv":[4,0,4.125,0.075],"texture":"#main"},"east":{"uv":[4,0,4.375,0.075],"texture":"#main"},"south":{"uv":[4,0,4.125,0.075],"texture":"#main"},"west":{"uv":[4,0,4.375,0.075],"texture":"#main"},"up":{"uv":[4,0,4.125,0.375],"texture":"#main"},"down":{"uv":[4,0,4.125,0.375],"texture":"#main"}}},{"name":"Cube","from":[11,5,-0.1],"to":[11.5,5.5,0.9],"faces":{"north":{"uv":[6,0,6.0625,0.0625],"texture":"#main"},"east":{"uv":[6,0,6.125,0.0625],"texture":"#main"},"south":{"uv":[6,0,6.0625,0.0625],"texture":"#main"},"west":{"uv":[6,0,6.125,0.0625],"texture":"#main"},"up":{"uv":[6,0,6.0625,0.125],"texture":"#main"},"down":{"uv":[6,0,6.0625,0.125],"texture":"#main"}}},{"name":"Cube","from":[11,5,15.1],"to":[11.5,5.5,16.1],"faces":{"north":{"uv":[6,0,6.0625,0.0625],"texture":"#main"},"east":{"uv":[6,0,6.125,0.0625],"texture":"#main"},"south":{"uv":[6,0,6.0625,0.0625],"texture":"#main"},"west":{"uv":[6,0,6.125,0.0625],"texture":"#main"},"up":{"uv":[6,0,6.0625,0.125],"texture":"#main"},"down":{"uv":[6,0,6.0625,0.125],"texture":"#main"}}},{"name":"Cube","from":[9,22.5,6],"to":[9.3,23.1,10],"rotation":{"angle":45,"axis":"z","origin":[8,8,8]},"faces":{"north":{"uv":[2,0,2.0375,0.075],"texture":"#main"},"east":{"uv":[2,0,2.5,0.075],"texture":"#main"},"south":{"uv":[2,0,2.0375,0.075],"texture":"#main"},"west":{"uv":[2,0,2.5,0.075],"texture":"#main"},"up":{"uv":[2,0,2.0375,0.5],"texture":"#main"},"down":{"uv":[2,0,2.0375,0.5],"texture":"#main"}}},{"name":"Cube","from":[8,22.5,10],"to":[8.3,23.1,11],"rotation":{"angle":45,"axis":"z","origin":[8,8,8]},"faces":{"north":{"uv":[2,0,2.0375,0.075],"texture":"#main"},"east":{"uv":[2,0,2.125,0.075],"texture":"#main"},"south":{"uv":[2,0,2.0375,0.075],"texture":"#main"},"west":{"uv":[2,0,2.125,0.075],"texture":"#main"},"up":{"uv":[2,0,2.0375,0.125],"texture":"#main"},"down":{"uv":[2,0,2.0375,0.125],"texture":"#main"}}},{"name":"Cube","from":[7,22.5,11],"to":[7.3,23.1,12],"rotation":{"angle":45,"axis":"z","origin":[8,8,8]},"faces":{"north":{"uv":[2,0,2.0375,0.075],"texture":"#main"},"east":{"uv":[2,0,2.125,0.075],"texture":"#main"},"south":{"uv":[2,0,2.0375,0.075],"texture":"#main"},"west":{"uv":[2,0,2.125,0.075],"texture":"#main"},"up":{"uv":[2,0,2.0375,0.125],"texture":"#main"},"down":{"uv":[2,0,2.0375,0.125],"texture":"#main"}}},{"name":"Cube","from":[7,22.5,11],"to":[8.3,23.1,11.3],"rotation":{"angle":45,"axis":"z","origin":[8,8,8]},"faces":{"north":{"uv":[2,0,2.1625,0.075],"texture":"#main"},"east":{"uv":[2,0,2.0375,0.075],"texture":"#main"},"south":{"uv":[2,0,2.1625,0.075],"texture":"#main"},"west":{"uv":[2,0,2.0375,0.075],"texture":"#main"},"up":{"uv":[2,0,2.1625,0.0375],"texture":"#main"},"down":{"uv":[2,0,2.1625,0.0375],"texture":"#main"}}},{"name":"Cube","from":[8,22.5,10],"to":[9.3,23.1,10.3],"rotation":{"angle":45,"axis":"z","origin":[8,8,8]},"faces":{"north":{"uv":[2,0,2.1625,0.075],"texture":"#main"},"east":{"uv":[2,0,2.0375,0.075],"texture":"#main"},"south":{"uv":[2,0,2.1625,0.075],"texture":"#main"},"west":{"uv":[2,0,2.0375,0.075],"texture":"#main"},"up":{"uv":[2,0,2.1625,0.0375],"texture":"#main"},"down":{"uv":[2,0,2.1625,0.0375],"texture":"#main"}}},{"name":"Cube","from":[6,22.5,12],"to":[7.3,23.1,12.3],"rotation":{"angle":45,"axis":"z","origin":[8,8,8]},"faces":{"north":{"uv":[2,0,2.1625,0.075],"texture":"#main"},"east":{"uv":[2,0,2.0375,0.075],"texture":"#main"},"south":{"uv":[2,0,2.1625,0.075],"texture":"#main"},"west":{"uv":[2,0,2.0375,0.075],"texture":"#main"},"up":{"uv":[2,0,2.1625,0.0375],"texture":"#main"},"down":{"uv":[2,0,2.1625,0.0375],"texture":"#main"}}},{"name":"Cube","from":[6,22.5,3.7],"to":[7.3,23.1,4],"rotation":{"angle":45,"axis":"z","origin":[8,8,8]},"faces":{"north":{"uv":[2,0,2.1625,0.075],"texture":"#main"},"east":{"uv":[2,0,2.0375,0.075],"texture":"#main"},"south":{"uv":[2,0,2.1625,0.075],"texture":"#main"},"west":{"uv":[2,0,2.0375,0.075],"texture":"#main"},"up":{"uv":[2,0,2.1625,0.0375],"texture":"#main"},"down":{"uv":[2,0,2.1625,0.0375],"texture":"#main"}}},{"name":"Cube","from":[7,22.5,4],"to":[7.3,23.1,5],"rotation":{"angle":45,"axis":"z","origin":[8,8,8]},"faces":{"north":{"uv":[2,0,2.0375,0.075],"texture":"#main"},"east":{"uv":[2,0,2.125,0.075],"texture":"#main"},"south":{"uv":[2,0,2.0375,0.075],"texture":"#main"},"west":{"uv":[2,0,2.125,0.075],"texture":"#main"},"up":{"uv":[2,0,2.0375,0.125],"texture":"#main"},"down":{"uv":[2,0,2.0375,0.125],"texture":"#main"}}},{"name":"Cube","from":[8,22.5,5],"to":[8.3,23.1,6],"rotation":{"angle":45,"axis":"z","origin":[8,8,8]},"faces":{"north":{"uv":[2,0,2.0375,0.075],"texture":"#main"},"east":{"uv":[2,0,2.125,0.075],"texture":"#main"},"south":{"uv":[2,0,2.0375,0.075],"texture":"#main"},"west":{"uv":[2,0,2.125,0.075],"texture":"#main"},"up":{"uv":[2,0,2.0375,0.125],"texture":"#main"},"down":{"uv":[2,0,2.0375,0.125],"texture":"#main"}}},{"name":"Cube","from":[7,22.5,4.7],"to":[8.3,23.1,5],"rotation":{"angle":45,"axis":"z","origin":[8,8,8]},"faces":{"north":{"uv":[2,0,2.1625,0.075],"texture":"#main"},"east":{"uv":[2,0,2.0375,0.075],"texture":"#main"},"south":{"uv":[2,0,2.1625,0.075],"texture":"#main"},"west":{"uv":[2,0,2.0375,0.075],"texture":"#main"},"up":{"uv":[2,0,2.1625,0.0375],"texture":"#main"},"down":{"uv":[2,0,2.1625,0.0375],"texture":"#main"}}},{"name":"Cube","from":[8,22.5,5.7],"to":[9.3,23.1,6],"rotation":{"angle":45,"axis":"z","origin":[8,8,8]},"faces":{"north":{"uv":[2,0,2.1625,0.075],"texture":"#main"},"east":{"uv":[2,0,2.0375,0.075],"texture":"#main"},"south":{"uv":[2,0,2.1625,0.075],"texture":"#main"},"west":{"uv":[2,0,2.0375,0.075],"texture":"#main"},"up":{"uv":[2,0,2.1625,0.0375],"texture":"#main"},"down":{"uv":[2,0,2.1625,0.0375],"texture":"#main"}}},{"name":"Cube","from":[14.5,11,7.5],"to":[16.5,13,8.5],"rotation":{"angle":22.5,"axis":"z","origin":[8,8,8]},"faces":{"north":{"uv":[0,2,0.25,2.25],"texture":"#main"},"east":{"uv":[0,2,0.125,2.25],"texture":"#main"},"south":{"uv":[0,2,0.25,2.25],"texture":"#main"},"west":{"uv":[0,2,0.125,2.25],"texture":"#main"},"up":{"uv":[0,2,0.25,2.125],"texture":"#main"},"down":{"uv":[0,2,0.25,2.125],"texture":"#main"}}},{"name":"Cube","from":[16,10,7.5],"to":[17.2,14,8.5],"rotation":{"angle":22.5,"axis":"z","origin":[8,8,8]},"faces":{"north":{"uv":[0,2,0.15,2.5],"texture":"#main"},"east":{"uv":[0,2,0.125,2.5],"texture":"#main"},"south":{"uv":[0,2,0.15,2.5],"texture":"#main"},"west":{"uv":[0,2,0.125,2.5],"texture":"#main"},"up":{"uv":[0,2,0.15,2.125],"texture":"#main"},"down":{"uv":[0,2,0.15,2.125],"texture":"#main"}}},{"name":"Cube","from":[16.8,9,7.5],"to":[18,15,8.5],"rotation":{"angle":22.5,"axis":"z","origin":[8,8,8]},"faces":{"north":{"uv":[0,2,0.15,2.75],"texture":"#main"},"east":{"uv":[0,2,0.125,2.75],"texture":"#main"},"south":{"uv":[0,2,0.15,2.75],"texture":"#main"},"west":{"uv":[0,2,0.125,2.75],"texture":"#main"},"up":{"uv":[0,2,0.15,2.125],"texture":"#main"},"down":{"uv":[0,2,0.15,2.125],"texture":"#main"}}},{"name":"Cube","from":[17.8,8,7.5],"to":[19,10,8.5],"rotation":{"angle":22.5,"axis":"z","origin":[8,8,8]},"faces":{"north":{"uv":[0,2,0.15,2.25],"texture":"#main"},"east":{"uv":[0,2,0.125,2.25],"texture":"#main"},"south":{"uv":[0,2,0.15,2.25],"texture":"#main"},"west":{"uv":[0,2,0.125,2.25],"texture":"#main"},"up":{"uv":[0,2,0.15,2.125],"texture":"#main"},"down":{"uv":[0,2,0.15,2.125],"texture":"#main"}}},{"name":"Cube","from":[17.8,11,7.5],"to":[19,13,8.5],"rotation":{"angle":22.5,"axis":"z","origin":[8,8,8]},"faces":{"north":{"uv":[0,2,0.15,2.25],"texture":"#main"},"east":{"uv":[0,2,0.125,2.25],"texture":"#main"},"south":{"uv":[0,2,0.15,2.25],"texture":"#main"},"west":{"uv":[0,2,0.125,2.25],"texture":"#main"},"up":{"uv":[0,2,0.15,2.125],"texture":"#main"},"down":{"uv":[0,2,0.15,2.125],"texture":"#main"}}},{"name":"Cube","from":[17.8,14,7.5],"to":[19,16,8.5],"rotation":{"angle":22.5,"axis":"z","origin":[8,8,8]},"faces":{"north":{"uv":[0,2,0.15,2.25],"texture":"#main"},"east":{"uv":[0,2,0.125,2.25],"texture":"#main"},"south":{"uv":[0,2,0.15,2.25],"texture":"#main"},"west":{"uv":[0,2,0.125,2.25],"texture":"#main"},"up":{"uv":[0,2,0.15,2.125],"texture":"#main"},"down":{"uv":[0,2,0.15,2.125],"texture":"#main"}}},{"name":"Cube","from":[5.7,8,0.55],"to":[7.7,12,1.55],"faces":{"north":{"uv":[4,0,4.25,0.5],"texture":"#main"},"east":{"uv":[4,0,4.125,0.5],"texture":"#main"},"south":{"uv":[4,0,4.25,0.5],"texture":"#main"},"west":{"uv":[4,0,4.125,0.5],"texture":"#main"},"up":{"uv":[4,0,4.25,0.125],"texture":"#main"},"down":{"uv":[4,0,4.25,0.125],"texture":"#main"}}},{"name":"Cube","from":[5.5,4,14.5],"to":[9.5,9.4,15.5],"rotation":{"angle":22.5,"axis":"z","origin":[8,8,8]},"faces":{"north":{"uv":[2,0,2.5,0.675],"texture":"#main"},"east":{"uv":[2,0,2.125,0.675],"texture":"#main"},"south":{"uv":[2,0,2.5,0.675],"texture":"#main"},"west":{"uv":[2,0,2.125,0.675],"texture":"#main"},"up":{"uv":[2,0,2.5,0.125],"texture":"#main"},"down":{"uv":[2,0,2.5,0.125],"texture":"#main"}}},{"name":"Cube","from":[6.5,22.5,5],"to":[7.5,23.1,11],"rotation":{"angle":45,"axis":"z","origin":[8,8,8]},"faces":{"north":{"uv":[4,0,4.125,0.075],"texture":"#main"},"east":{"uv":[4,0,4.75,0.075],"texture":"#main"},"south":{"uv":[4,0,4.125,0.075],"texture":"#main"},"west":{"uv":[4,0,4.75,0.075],"texture":"#main"},"up":{"uv":[4,0,4.125,0.75],"texture":"#main"},"down":{"uv":[4,0,4.125,0.75],"texture":"#main"}}},{"name":"Cube","from":[7.45,8.3,14.45],"to":[9.45,12.3,15.45],"rotation":{"angle":22.5,"axis":"z","origin":[8,8,8]},"faces":{"north":{"uv":[4,0,4.25,0.5],"texture":"#main"},"east":{"uv":[4,0,4.125,0.5],"texture":"#main"},"south":{"uv":[4,0,4.25,0.5],"texture":"#main"},"west":{"uv":[4,0,4.125,0.5],"texture":"#main"},"up":{"uv":[4,0,4.25,0.125],"texture":"#main"},"down":{"uv":[4,0,4.25,0.125],"texture":"#main"}}},{"name":"Cube","from":[5.5,4,0.5],"to":[9.5,9.4,1.5],"rotation":{"angle":22.5,"axis":"z","origin":[8,8,8]},"faces":{"north":{"uv":[2,0,2.5,0.675],"texture":"#main"},"east":{"uv":[2,0,2.125,0.675],"texture":"#main"},"south":{"uv":[2,0,2.5,0.675],"texture":"#main"},"west":{"uv":[2,0,2.125,0.675],"texture":"#main"},"up":{"uv":[2,0,2.5,0.125],"texture":"#main"},"down":{"uv":[2,0,2.5,0.125],"texture":"#main"}}},{"name":"Cube","from":[7.45,8.3,0.55],"to":[9.45,12.3,1.55],"rotation":{"angle":22.5,"axis":"z","origin":[8,8,8]},"faces":{"north":{"uv":[4,0,4.25,0.5],"texture":"#main"},"east":{"uv":[4,0,4.125,0.5],"texture":"#main"},"south":{"uv":[4,0,4.25,0.5],"texture":"#main"},"west":{"uv":[4,0,4.125,0.5],"texture":"#main"},"up":{"uv":[4,0,4.25,0.125],"texture":"#main"},"down":{"uv":[4,0,4.25,0.125],"texture":"#main"}}},{"name":"Cube","from":[5.7,8,14.45],"to":[7.7,12,15.45],"faces":{"north":{"uv":[4,0,4.25,0.5],"texture":"#main"},"east":{"uv":[4,0,4.125,0.5],"texture":"#main"},"south":{"uv":[4,0,4.25,0.5],"texture":"#main"},"west":{"uv":[4,0,4.125,0.5],"texture":"#main"},"up":{"uv":[4,0,4.25,0.125],"texture":"#main"},"down":{"uv":[4,0,4.25,0.125],"texture":"#main"}}},{"name":"Cube","from":[0.5,10,7.5],"to":[2.5,12,8.5],"faces":{"north":{"uv":[0,2,0.25,2.25],"texture":"#main"},"east":{"uv":[0,2,0.125,2.25],"texture":"#main"},"south":{"uv":[0,2,0.25,2.25],"texture":"#main"},"west":{"uv":[0,2,0.125,2.25],"texture":"#main"},"up":{"uv":[0,2,0.25,2.125],"texture":"#main"},"down":{"uv":[0,2,0.25,2.125],"texture":"#main"}}},{"name":"Cube","from":[0.2,9.5,7.5],"to":[1.2,12.5,8.5],"faces":{"north":{"uv":[0,2,0.125,2.375],"texture":"#main"},"east":{"uv":[0,2,0.125,2.375],"texture":"#main"},"south":{"uv":[0,2,0.125,2.375],"texture":"#main"},"west":{"uv":[0,2,0.125,2.375],"texture":"#main"},"up":{"uv":[0,2,0.125,2.125],"texture":"#main"},"down":{"uv":[0,2,0.125,2.125],"texture":"#main"}}},{"name":"Cube","from":[-0.2,9,7.5],"to":[0.8,13,8.5],"faces":{"north":{"uv":[0,2,0.125,2.5],"texture":"#main"},"east":{"uv":[0,2,0.125,2.5],"texture":"#main"},"south":{"uv":[0,2,0.125,2.5],"texture":"#main"},"west":{"uv":[0,2,0.125,2.5],"texture":"#main"},"up":{"uv":[0,2,0.125,2.125],"texture":"#main"},"down":{"uv":[0,2,0.125,2.125],"texture":"#main"}}},{"name":"Cube","from":[-0.2,9,7.5],"to":[0.8,13,8.5],"faces":{"north":{"uv":[0,2,0.125,2.5],"texture":"#main"},"east":{"uv":[0,2,0.125,2.5],"texture":"#main"},"south":{"uv":[0,2,0.125,2.5],"texture":"#main"},"west":{"uv":[0,2,0.125,2.5],"texture":"#main"},"up":{"uv":[0,2,0.125,2.125],"texture":"#main"},"down":{"uv":[0,2,0.125,2.125],"texture":"#main"}}},{"name":"Cube","from":[-0.6,8.9,7.5],"to":[0.4,9.9,8.5],"faces":{"north":{"uv":[0,2,0.125,2.125],"texture":"#main"},"east":{"uv":[0,2,0.125,2.125],"texture":"#main"},"south":{"uv":[0,2,0.125,2.125],"texture":"#main"},"west":{"uv":[0,2,0.125,2.125],"texture":"#main"},"up":{"uv":[0,2,0.125,2.125],"texture":"#main"},"down":{"uv":[0,2,0.125,2.125],"texture":"#main"}}},{"name":"Cube","from":[-0.6,10.5,7.5],"to":[0.4,11.5,8.5],"faces":{"north":{"uv":[0,2,0.125,2.125],"texture":"#main"},"east":{"uv":[0,2,0.125,2.125],"texture":"#main"},"south":{"uv":[0,2,0.125,2.125],"texture":"#main"},"west":{"uv":[0,2,0.125,2.125],"texture":"#main"},"up":{"uv":[0,2,0.125,2.125],"texture":"#main"},"down":{"uv":[0,2,0.125,2.125],"texture":"#main"}}},{"name":"Cube","from":[-0.6,12.3,7.5],"to":[0.4,13.3,8.5],"faces":{"north":{"uv":[0,2,0.125,2.125],"texture":"#main"},"east":{"uv":[0,2,0.125,2.125],"texture":"#main"},"south":{"uv":[0,2,0.125,2.125],"texture":"#main"},"west":{"uv":[0,2,0.125,2.125],"texture":"#main"},"up":{"uv":[0,2,0.125,2.125],"texture":"#main"},"down":{"uv":[0,2,0.125,2.125],"texture":"#main"}}},{"name":"Cube","from":[-2,5,14.9],"to":[4,6,15.9],"rotation":{"angle":22.5,"axis":"z","origin":[8,8,8]},"faces":{"north":{"uv":[0,2,0.75,2.125],"texture":"#main"},"east":{"uv":[0,2,0.125,2.125],"texture":"#main"},"south":{"uv":[0,2,0.75,2.125],"texture":"#main"},"west":{"uv":[0,2,0.125,2.125],"texture":"#main"},"up":{"uv":[0,2,0.75,2.125],"texture":"#main"},"down":{"uv":[0,2,0.75,2.125],"texture":"#main"}}},{"name":"Cube","from":[-2,5,0.1],"to":[4,6,1.1],"rotation":{"angle":22.5,"axis":"z","origin":[8,8,8]},"faces":{"north":{"uv":[0,2,0.75,2.125],"texture":"#main"},"east":{"uv":[0,2,0.125,2.125],"texture":"#main"},"south":{"uv":[0,2,0.75,2.125],"texture":"#main"},"west":{"uv":[0,2,0.125,2.125],"texture":"#main"},"up":{"uv":[0,2,0.75,2.125],"texture":"#main"},"down":{"uv":[0,2,0.75,2.125],"texture":"#main"}}},{"name":"Cube","from":[0,0,0],"to":[16,1,16],"faces":{"north":{"uv":[8,0,10,0.125],"texture":"#main"},"east":{"uv":[8,0,10,0.125],"texture":"#main"},"south":{"uv":[8,0,10,0.125],"texture":"#main"},"west":{"uv":[8,0,10,0.125],"texture":"#main"},"up":{"uv":[8,0,10,2],"texture":"#main"},"down":{"uv":[8,0,10,2],"texture":"#main"}}},{"name":"Cube","from":[0.5,1,0.5],"to":[15.5,8,15.5],"faces":{"north":{"uv":[10,0,11.875,0.875],"texture":"#main"},"east":{"uv":[10,0,11.875,0.875],"texture":"#main"},"south":{"uv":[10,0,11.875,0.875],"texture":"#main"},"west":{"uv":[10,0,11.875,0.875],"texture":"#main"},"up":{"uv":[10,0,11.875,1.875],"texture":"#main"},"down":{"uv":[10,0,11.875,1.875],"texture":"#main"}}},{"name":"Cube","from":[1.5,7,1.5],"to":[14.5,14,14.5],"faces":{"north":{"uv":[10,0,11.625,0.875],"texture":"#main"},"east":{"uv":[10,0,11.625,0.875],"texture":"#main"},"south":{"uv":[10,0,11.625,0.875],"texture":"#main"},"west":{"uv":[10,0,11.625,0.875],"texture":"#main"},"up":{"uv":[10,0,11.625,1.625],"texture":"#main"},"down":{"uv":[10,0,11.625,1.625],"texture":"#main"}}},{"name":"Cube","from":[4.5,11,2.5],"to":[15.5,18,13.5],"rotation":{"angle":22.5,"axis":"z","origin":[8,8,8]},"faces":{"north":{"uv":[10,0,11.375,0.875],"texture":"#main"},"east":{"uv":[10,0,11.375,0.875],"texture":"#main"},"south":{"uv":[10,0,11.375,0.875],"texture":"#main"},"west":{"uv":[10,0,11.375,0.875],"texture":"#main"},"up":{"uv":[10,0,11.375,1.375],"texture":"#main"},"down":{"uv":[10,0,11.375,1.375],"texture":"#main"}}},{"name":"Cube","from":[5.9,13.3,4],"to":[13.9,20.3,12],"rotation":{"angle":22.5,"axis":"z","origin":[8,8,8]},"faces":{"north":{"uv":[10,0,11,0.875],"texture":"#main"},"east":{"uv":[10,0,11,0.875],"texture":"#main"},"south":{"uv":[10,0,11,0.875],"texture":"#main"},"west":{"uv":[10,0,11,0.875],"texture":"#main"},"up":{"uv":[10,0,11,1],"texture":"#main"},"down":{"uv":[10,0,11,1],"texture":"#main"}}},{"name":"Cube","from":[7,16.1,5],"to":[13,22.1,11],"rotation":{"angle":22.5,"axis":"z","origin":[8,8,8]},"faces":{"north":{"uv":[10,0,10.75,0.75],"texture":"#main"},"east":{"uv":[10,0,10.75,0.75],"texture":"#main"},"south":{"uv":[10,0,10.75,0.75],"texture":"#main"},"west":{"uv":[10,0,10.75,0.75],"texture":"#main"},"up":{"uv":[10,0,10.75,0.75],"texture":"#main"},"down":{"uv":[10,0,10.75,0.75],"texture":"#main"}}},{"name":"Cube","from":[8.1,20.5,6],"to":[12.1,24.5,10],"rotation":{"angle":22.5,"axis":"z","origin":[8,8,8]},"faces":{"north":{"uv":[10,0,10.5,0.5],"texture":"#main"},"east":{"uv":[10,0,10.5,0.5],"texture":"#main"},"south":{"uv":[10,0,10.5,0.5],"texture":"#main"},"west":{"uv":[10,0,10.5,0.5],"texture":"#main"},"up":{"uv":[10,0,10.5,0.5],"texture":"#main"},"down":{"uv":[10,0,10.5,0.5],"texture":"#main"}}},{"name":"Cube","from":[9.1,24,7],"to":[11.1,26,9],"rotation":{"angle":22.5,"axis":"z","origin":[8,8,8]},"faces":{"north":{"uv":[10,0,10.25,0.25],"texture":"#main"},"east":{"uv":[10,0,10.25,0.25],"texture":"#main"},"south":{"uv":[10,0,10.25,0.25],"texture":"#main"},"west":{"uv":[10,0,10.25,0.25],"texture":"#main"},"up":{"uv":[10,0,10.25,0.25],"texture":"#main"},"down":{"uv":[10,0,10.25,0.25],"texture":"#main"}}},{"name":"Cube","from":[10,4,15],"to":[13,7,16],"faces":{"north":{"uv":[12,0,12.375,0.375],"texture":"#main"},"east":{"uv":[12,0,12.125,0.375],"texture":"#main"},"south":{"uv":[12,0,12.375,0.375],"texture":"#main"},"west":{"uv":[12,0,12.125,0.375],"texture":"#main"},"up":{"uv":[12,0,12.375,0.125],"texture":"#main"},"down":{"uv":[12,0,12.375,0.125],"texture":"#main"}}},{"name":"Cube","from":[10,4,0],"to":[13,7,1],"faces":{"north":{"uv":[12,0,12.375,0.375],"texture":"#main"},"east":{"uv":[12,0,12.125,0.375],"texture":"#main"},"south":{"uv":[12,0,12.375,0.375],"texture":"#main"},"west":{"uv":[12,0,12.125,0.375],"texture":"#main"},"up":{"uv":[12,0,12.375,0.125],"texture":"#main"},"down":{"uv":[12,0,12.375,0.125],"texture":"#main"}}},{"name":"Cube","from":[11,5,-0.1],"to":[11.5,5.5,0.9],"faces":{"north":{"uv":[14,0,14.0625,0.0625],"texture":"#main"},"east":{"uv":[14,0,14.125,0.0625],"texture":"#main"},"south":{"uv":[14,0,14.0625,0.0625],"texture":"#main"},"west":{"uv":[14,0,14.125,0.0625],"texture":"#main"},"up":{"uv":[14,0,14.0625,0.125],"texture":"#main"},"down":{"uv":[14,0,14.0625,0.125],"texture":"#main"}}},{"name":"Cube","from":[11,5,15.1],"to":[11.5,5.5,16.1],"faces":{"north":{"uv":[14,0,14.0625,0.0625],"texture":"#main"},"east":{"uv":[14,0,14.125,0.0625],"texture":"#main"},"south":{"uv":[14,0,14.0625,0.0625],"texture":"#main"},"west":{"uv":[14,0,14.125,0.0625],"texture":"#main"},"up":{"uv":[14,0,14.0625,0.125],"texture":"#main"},"down":{"uv":[14,0,14.0625,0.125],"texture":"#main"}}},{"name":"Cube","from":[9.9,26,6],"to":[10.4,26.4,10],"rotation":{"angle":22.5,"axis":"z","origin":[8,8,8]},"faces":{"north":{"uv":[10,0,10.0375,0.075],"texture":"#main"},"east":{"uv":[10,0,10.5,0.075],"texture":"#main"},"south":{"uv":[10,0,10.0375,0.075],"texture":"#main"},"west":{"uv":[10,0,10.5,0.075],"texture":"#main"},"up":{"uv":[10,0,10.0375,0.5],"texture":"#main"},"down":{"uv":[10,0,10.0375,0.5],"texture":"#main"}}},{"name":"Cube","from":[14.5,11,7.5],"to":[16.5,13,8.5],"rotation":{"angle":22.5,"axis":"z","origin":[8,8,8]},"faces":{"north":{"uv":[8,2,8.25,2.25],"texture":"#main"},"east":{"uv":[8,2,8.125,2.25],"texture":"#main"},"south":{"uv":[8,2,8.25,2.25],"texture":"#main"},"west":{"uv":[8,2,8.125,2.25],"texture":"#main"},"up":{"uv":[8,2,8.25,2.125],"texture":"#main"},"down":{"uv":[8,2,8.25,2.125],"texture":"#main"}}},{"name":"Cube","from":[16,10,7.5],"to":[17.2,14,8.5],"rotation":{"angle":22.5,"axis":"z","origin":[8,8,8]},"faces":{"north":{"uv":[8,2,8.15,2.5],"texture":"#main"},"east":{"uv":[8,2,8.125,2.5],"texture":"#main"},"south":{"uv":[8,2,8.15,2.5],"texture":"#main"},"west":{"uv":[8,2,8.125,2.5],"texture":"#main"},"up":{"uv":[8,2,8.15,2.125],"texture":"#main"},"down":{"uv":[8,2,8.15,2.125],"texture":"#main"}}},{"name":"Cube","from":[16.8,9,7.5],"to":[18,15,8.5],"rotation":{"angle":22.5,"axis":"z","origin":[8,8,8]},"faces":{"north":{"uv":[8,2,8.15,2.75],"texture":"#main"},"east":{"uv":[8,2,8.125,2.75],"texture":"#main"},"south":{"uv":[8,2,8.15,2.75],"texture":"#main"},"west":{"uv":[8,2,8.125,2.75],"texture":"#main"},"up":{"uv":[8,2,8.15,2.125],"texture":"#main"},"down":{"uv":[8,2,8.15,2.125],"texture":"#main"}}},{"name":"Cube","from":[17.8,8,7.5],"to":[19,10,8.5],"rotation":{"angle":22.5,"axis":"z","origin":[8,8,8]},"faces":{"north":{"uv":[8,2,8.15,2.25],"texture":"#main"},"east":{"uv":[8,2,8.125,2.25],"texture":"#main"},"south":{"uv":[8,2,8.15,2.25],"texture":"#main"},"west":{"uv":[8,2,8.125,2.25],"texture":"#main"},"up":{"uv":[8,2,8.15,2.125],"texture":"#main"},"down":{"uv":[8,2,8.15,2.125],"texture":"#main"}}},{"name":"Cube","from":[17.8,11,7.5],"to":[19,13,8.5],"rotation":{"angle":22.5,"axis":"z","origin":[8,8,8]},"faces":{"north":{"uv":[8,2,8.15,2.25],"texture":"#main"},"east":{"uv":[8,2,8.125,2.25],"texture":"#main"},"south":{"uv":[8,2,8.15,2.25],"texture":"#main"},"west":{"uv":[8,2,8.125,2.25],"texture":"#main"},"up":{"uv":[8,2,8.15,2.125],"texture":"#main"},"down":{"uv":[8,2,8.15,2.125],"texture":"#main"}}},{"name":"Cube","from":[17.8,14,7.5],"to":[19,16,8.5],"rotation":{"angle":22.5,"axis":"z","origin":[8,8,8]},"faces":{"north":{"uv":[8,2,8.15,2.25],"texture":"#main"},"east":{"uv":[8,2,8.125,2.25],"texture":"#main"},"south":{"uv":[8,2,8.15,2.25],"texture":"#main"},"west":{"uv":[8,2,8.125,2.25],"texture":"#main"},"up":{"uv":[8,2,8.15,2.125],"texture":"#main"},"down":{"uv":[8,2,8.15,2.125],"texture":"#main"}}},{"name":"Cube","from":[5.7,8,0.55],"to":[7.7,12,1.55],"faces":{"north":{"uv":[12,0,12.25,0.5],"texture":"#main"},"east":{"uv":[12,0,12.125,0.5],"texture":"#main"},"south":{"uv":[12,0,12.25,0.5],"texture":"#main"},"west":{"uv":[12,0,12.125,0.5],"texture":"#main"},"up":{"uv":[12,0,12.25,0.125],"texture":"#main"},"down":{"uv":[12,0,12.25,0.125],"texture":"#main"}}},{"name":"Cube","from":[5.5,4,14.5],"to":[9.5,9.4,15.5],"rotation":{"angle":22.5,"axis":"z","origin":[8,8,8]},"faces":{"north":{"uv":[10,0,10.5,0.675],"texture":"#main"},"east":{"uv":[10,0,10.125,0.675],"texture":"#main"},"south":{"uv":[10,0,10.5,0.675],"texture":"#main"},"west":{"uv":[10,0,10.125,0.675],"texture":"#main"},"up":{"uv":[10,0,10.5,0.125],"texture":"#main"},"down":{"uv":[10,0,10.5,0.125],"texture":"#main"}}},{"name":"Cube","from":[7.45,8.3,14.45],"to":[9.45,12.3,15.45],"rotation":{"angle":22.5,"axis":"z","origin":[8,8,8]},"faces":{"north":{"uv":[12,0,12.25,0.5],"texture":"#main"},"east":{"uv":[12,0,12.125,0.5],"texture":"#main"},"south":{"uv":[12,0,12.25,0.5],"texture":"#main"},"west":{"uv":[12,0,12.125,0.5],"texture":"#main"},"up":{"uv":[12,0,12.25,0.125],"texture":"#main"},"down":{"uv":[12,0,12.25,0.125],"texture":"#main"}}},{"name":"Cube","from":[5.5,4,0.5],"to":[9.5,9.4,1.5],"rotation":{"angle":22.5,"axis":"z","origin":[8,8,8]},"faces":{"north":{"uv":[10,0,10.5,0.675],"texture":"#main"},"east":{"uv":[10,0,10.125,0.675],"texture":"#main"},"south":{"uv":[10,0,10.5,0.675],"texture":"#main"},"west":{"uv":[10,0,10.125,0.675],"texture":"#main"},"up":{"uv":[10,0,10.5,0.125],"texture":"#main"},"down":{"uv":[10,0,10.5,0.125],"texture":"#main"}}},{"name":"Cube","from":[7.45,8.3,0.55],"to":[9.45,12.3,1.55],"rotation":{"angle":22.5,"axis":"z","origin":[8,8,8]},"faces":{"north":{"uv":[12,0,12.25,0.5],"texture":"#main"},"east":{"uv":[12,0,12.125,0.5],"texture":"#main"},"south":{"uv":[12,0,12.25,0.5],"texture":"#main"},"west":{"uv":[12,0,12.125,0.5],"texture":"#main"},"up":{"uv":[12,0,12.25,0.125],"texture":"#main"},"down":{"uv":[12,0,12.25,0.125],"texture":"#main"}}},{"name":"Cube","from":[5.7,8,14.45],"to":[7.7,12,15.45],"faces":{"north":{"uv":[12,0,12.25,0.5],"texture":"#main"},"east":{"uv":[12,0,12.125,0.5],"texture":"#main"},"south":{"uv":[12,0,12.25,0.5],"texture":"#main"},"west":{"uv":[12,0,12.125,0.5],"texture":"#main"},"up":{"uv":[12,0,12.25,0.125],"texture":"#main"},"down":{"uv":[12,0,12.25,0.125],"texture":"#main"}}},{"name":"Cube","from":[0.5,10,7.5],"to":[2.5,12,8.5],"faces":{"north":{"uv":[8,2,8.25,2.25],"texture":"#main"},"east":{"uv":[8,2,8.125,2.25],"texture":"#main"},"south":{"uv":[8,2,8.25,2.25],"texture":"#main"},"west":{"uv":[8,2,8.125,2.25],"texture":"#main"},"up":{"uv":[8,2,8.25,2.125],"texture":"#main"},"down":{"uv":[8,2,8.25,2.125],"texture":"#main"}}},{"name":"Cube","from":[0.2,9.5,7.5],"to":[1.2,12.5,8.5],"faces":{"north":{"uv":[8,2,8.125,2.375],"texture":"#main"},"east":{"uv":[8,2,8.125,2.375],"texture":"#main"},"south":{"uv":[8,2,8.125,2.375],"texture":"#main"},"west":{"uv":[8,2,8.125,2.375],"texture":"#main"},"up":{"uv":[8,2,8.125,2.125],"texture":"#main"},"down":{"uv":[8,2,8.125,2.125],"texture":"#main"}}},{"name":"Cube","from":[-0.2,9,7.5],"to":[0.8,13,8.5],"faces":{"north":{"uv":[8,2,8.125,2.5],"texture":"#main"},"east":{"uv":[8,2,8.125,2.5],"texture":"#main"},"south":{"uv":[8,2,8.125,2.5],"texture":"#main"},"west":{"uv":[8,2,8.125,2.5],"texture":"#main"},"up":{"uv":[8,2,8.125,2.125],"texture":"#main"},"down":{"uv":[8,2,8.125,2.125],"texture":"#main"}}},{"name":"Cube","from":[-0.2,9,7.5],"to":[0.8,13,8.5],"faces":{"north":{"uv":[8,2,8.125,2.5],"texture":"#main"},"east":{"uv":[8,2,8.125,2.5],"texture":"#main"},"south":{"uv":[8,2,8.125,2.5],"texture":"#main"},"west":{"uv":[8,2,8.125,2.5],"texture":"#main"},"up":{"uv":[8,2,8.125,2.125],"texture":"#main"},"down":{"uv":[8,2,8.125,2.125],"texture":"#main"}}},{"name":"Cube","from":[-0.6,8.9,7.5],"to":[0.4,9.9,8.5],"faces":{"north":{"uv":[8,2,8.125,2.125],"texture":"#main"},"east":{"uv":[8,2,8.125,2.125],"texture":"#main"},"south":{"uv":[8,2,8.125,2.125],"texture":"#main"},"west":{"uv":[8,2,8.125,2.125],"texture":"#main"},"up":{"uv":[8,2,8.125,2.125],"texture":"#main"},"down":{"uv":[8,2,8.125,2.125],"texture":"#main"}}},{"name":"Cube","from":[-0.6,10.5,7.5],"to":[0.4,11.5,8.5],"faces":{"north":{"uv":[8,2,8.125,2.125],"texture":"#main"},"east":{"uv":[8,2,8.125,2.125],"texture":"#main"},"south":{"uv":[8,2,8.125,2.125],"texture":"#main"},"west":{"uv":[8,2,8.125,2.125],"texture":"#main"},"up":{"uv":[8,2,8.125,2.125],"texture":"#main"},"down":{"uv":[8,2,8.125,2.125],"texture":"#main"}}},{"name":"Cube","from":[-0.6,12.3,7.5],"to":[0.4,13.3,8.5],"faces":{"north":{"uv":[8,2,8.125,2.125],"texture":"#main"},"east":{"uv":[8,2,8.125,2.125],"texture":"#main"},"south":{"uv":[8,2,8.125,2.125],"texture":"#main"},"west":{"uv":[8,2,8.125,2.125],"texture":"#main"},"up":{"uv":[8,2,8.125,2.125],"texture":"#main"},"down":{"uv":[8,2,8.125,2.125],"texture":"#main"}}},{"name":"Cube","from":[-2,5,14.9],"to":[4,6,15.9],"rotation":{"angle":22.5,"axis":"z","origin":[8,8,8]},"faces":{"north":{"uv":[8,2,8.75,2.125],"texture":"#main"},"east":{"uv":[8,2,8.125,2.125],"texture":"#main"},"south":{"uv":[8,2,8.75,2.125],"texture":"#main"},"west":{"uv":[8,2,8.125,2.125],"texture":"#main"},"up":{"uv":[8,2,8.75,2.125],"texture":"#main"},"down":{"uv":[8,2,8.75,2.125],"texture":"#main"}}},{"name":"Cube","from":[-2,5,0.1],"to":[4,6,1.1],"rotation":{"angle":22.5,"axis":"z","origin":[8,8,8]},"faces":{"north":{"uv":[8,2,8.75,2.125],"texture":"#main"},"east":{"uv":[8,2,8.125,2.125],"texture":"#main"},"south":{"uv":[8,2,8.75,2.125],"texture":"#main"},"west":{"uv":[8,2,8.125,2.125],"texture":"#main"},"up":{"uv":[8,2,8.75,2.125],"texture":"#main"},"down":{"uv":[8,2,8.75,2.125],"texture":"#main"}}},{"name":"Cube","from":[9.9,26.4,6],"to":[10.5,27.4,10],"rotation":{"angle":22.5,"axis":"z","origin":[8,8,8]},"faces":{"north":{"uv":[12,0,12.0375,0.075],"texture":"#main"},"east":{"uv":[12,0,12.5,0.075],"texture":"#main"},"south":{"uv":[12,0,12.0375,0.075],"texture":"#main"},"west":{"uv":[12,0,12.5,0.075],"texture":"#main"},"up":{"uv":[12,0,12.0375,0.5],"texture":"#main"},"down":{"uv":[12,0,12.0375,0.5],"texture":"#main"}}},{"name":"Cube","from":[9.9,27.4,5],"to":[10.5,28.4,11],"rotation":{"angle":22.5,"axis":"z","origin":[8,8,8]},"faces":{"north":{"uv":[12,0,12.0375,0.075],"texture":"#main"},"east":{"uv":[12,0,12.5,0.075],"texture":"#main"},"south":{"uv":[12,0,12.0375,0.075],"texture":"#main"},"west":{"uv":[12,0,12.5,0.075],"texture":"#main"},"up":{"uv":[12,0,12.0375,0.5],"texture":"#main"},"down":{"uv":[12,0,12.0375,0.5],"texture":"#main"}}},{"name":"Cube","from":[9.9,27.9,9],"to":[10.5,28.9,12],"rotation":{"angle":22.5,"axis":"z","origin":[8,8,8]},"faces":{"north":{"uv":[12,0,12.0375,0.075],"texture":"#main"},"east":{"uv":[12,0,12.5,0.075],"texture":"#main"},"south":{"uv":[12,0,12.0375,0.075],"texture":"#main"},"west":{"uv":[12,0,12.5,0.075],"texture":"#main"},"up":{"uv":[12,0,12.0375,0.5],"texture":"#main"},"down":{"uv":[12,0,12.0375,0.5],"texture":"#main"}}},{"name":"Cube","from":[9.9,27.9,4],"to":[10.5,28.9,7],"rotation":{"angle":22.5,"axis":"z","origin":[8,8,8]},"faces":{"north":{"uv":[12,0,12.0375,0.075],"texture":"#main"},"east":{"uv":[12,0,12.5,0.075],"texture":"#main"},"south":{"uv":[12,0,12.0375,0.075],"texture":"#main"},"west":{"uv":[12,0,12.5,0.075],"texture":"#main"},"up":{"uv":[12,0,12.0375,0.5],"texture":"#main"},"down":{"uv":[12,0,12.0375,0.5],"texture":"#main"}}},{"name":"Cube","from":[9.9,26,5.7],"to":[10.5,27.3,6],"rotation":{"angle":22.5,"axis":"z","origin":[8,8,8]},"faces":{"north":{"uv":[10,0,10.0375,0.075],"texture":"#main"},"east":{"uv":[10,0,10.5,0.075],"texture":"#main"},"south":{"uv":[10,0,10.0375,0.075],"texture":"#main"},"west":{"uv":[10,0,10.5,0.075],"texture":"#main"},"up":{"uv":[10,0,10.0375,0.5],"texture":"#main"},"down":{"uv":[10,0,10.0375,0.5],"texture":"#main"}}},{"name":"Cube","from":[9.9,27,5],"to":[10.4,27.4,6],"rotation":{"angle":22.5,"axis":"z","origin":[8,8,8]},"faces":{"north":{"uv":[10,0,10.0375,0.075],"texture":"#main"},"east":{"uv":[10,0,10.5,0.075],"texture":"#main"},"south":{"uv":[10,0,10.0375,0.075],"texture":"#main"},"west":{"uv":[10,0,10.5,0.075],"texture":"#main"},"up":{"uv":[10,0,10.0375,0.5],"texture":"#main"},"down":{"uv":[10,0,10.0375,0.5],"texture":"#main"}}},{"name":"Cube","from":[9.9,27,10],"to":[10.4,27.4,11],"rotation":{"angle":22.5,"axis":"z","origin":[8,8,8]},"faces":{"north":{"uv":[10,0,10.0375,0.075],"texture":"#main"},"east":{"uv":[10,0,10.5,0.075],"texture":"#main"},"south":{"uv":[10,0,10.0375,0.075],"texture":"#main"},"west":{"uv":[10,0,10.5,0.075],"texture":"#main"},"up":{"uv":[10,0,10.0375,0.5],"texture":"#main"},"down":{"uv":[10,0,10.0375,0.5],"texture":"#main"}}},{"name":"Cube","from":[9.9,26,10],"to":[10.5,27.3,10.3],"rotation":{"angle":22.5,"axis":"z","origin":[8,8,8]},"faces":{"north":{"uv":[10,0,10.0375,0.075],"texture":"#main"},"east":{"uv":[10,0,10.5,0.075],"texture":"#main"},"south":{"uv":[10,0,10.0375,0.075],"texture":"#main"},"west":{"uv":[10,0,10.5,0.075],"texture":"#main"},"up":{"uv":[10,0,10.0375,0.5],"texture":"#main"},"down":{"uv":[10,0,10.0375,0.5],"texture":"#main"}}},{"name":"Cube","from":[9.9,27,11],"to":[10.5,27.9,11.3],"rotation":{"angle":22.5,"axis":"z","origin":[8,8,8]},"faces":{"north":{"uv":[10,0,10.0375,0.075],"texture":"#main"},"east":{"uv":[10,0,10.5,0.075],"texture":"#main"},"south":{"uv":[10,0,10.0375,0.075],"texture":"#main"},"west":{"uv":[10,0,10.5,0.075],"texture":"#main"},"up":{"uv":[10,0,10.0375,0.5],"texture":"#main"},"down":{"uv":[10,0,10.0375,0.5],"texture":"#main"}}},{"name":"Cube","from":[9.9,27,4.7],"to":[10.5,27.9,5],"rotation":{"angle":22.5,"axis":"z","origin":[8,8,8]},"faces":{"north":{"uv":[10,0,10.0375,0.075],"texture":"#main"},"east":{"uv":[10,0,10.5,0.075],"texture":"#main"},"south":{"uv":[10,0,10.0375,0.075],"texture":"#main"},"west":{"uv":[10,0,10.5,0.075],"texture":"#main"},"up":{"uv":[10,0,10.0375,0.5],"texture":"#main"},"down":{"uv":[10,0,10.0375,0.5],"texture":"#main"}}},{"name":"Cube","from":[9.9,27.9,12],"to":[10.5,28.9,12.3],"rotation":{"angle":22.5,"axis":"z","origin":[8,8,8]},"faces":{"north":{"uv":[10,0,10.0375,0.075],"texture":"#main"},"east":{"uv":[10,0,10.5,0.075],"texture":"#main"},"south":{"uv":[10,0,10.0375,0.075],"texture":"#main"},"west":{"uv":[10,0,10.5,0.075],"texture":"#main"},"up":{"uv":[10,0,10.0375,0.5],"texture":"#main"},"down":{"uv":[10,0,10.0375,0.5],"texture":"#main"}}},{"name":"Cube","from":[9.9,27.5,11.3],"to":[10.4,27.9,12.3],"rotation":{"angle":22.5,"axis":"z","origin":[8,8,8]},"faces":{"north":{"uv":[10,0,10.0375,0.075],"texture":"#main"},"east":{"uv":[10,0,10.5,0.075],"texture":"#main"},"south":{"uv":[10,0,10.0375,0.075],"texture":"#main"},"west":{"uv":[10,0,10.5,0.075],"texture":"#main"},"up":{"uv":[10,0,10.0375,0.5],"texture":"#main"},"down":{"uv":[10,0,10.0375,0.5],"texture":"#main"}}},{"name":"Cube","from":[9.9,27.5,4],"to":[10.5,27.9,4.7],"rotation":{"angle":22.5,"axis":"z","origin":[8,8,8]},"faces":{"north":{"uv":[10,0,10.0375,0.075],"texture":"#main"},"east":{"uv":[10,0,10.5,0.075],"texture":"#main"},"south":{"uv":[10,0,10.0375,0.075],"texture":"#main"},"west":{"uv":[10,0,10.5,0.075],"texture":"#main"},"up":{"uv":[10,0,10.0375,0.5],"texture":"#main"},"down":{"uv":[10,0,10.0375,0.5],"texture":"#main"}}},{"name":"Cube","from":[9.9,27.5,3.7],"to":[10.5,28.9,4],"rotation":{"angle":22.5,"axis":"z","origin":[8,8,8]},"faces":{"north":{"uv":[10,0,10.0375,0.075],"texture":"#main"},"east":{"uv":[10,0,10.5,0.075],"texture":"#main"},"south":{"uv":[10,0,10.0375,0.075],"texture":"#main"},"west":{"uv":[10,0,10.5,0.075],"texture":"#main"},"up":{"uv":[10,0,10.0375,0.5],"texture":"#main"},"down":{"uv":[10,0,10.0375,0.5],"texture":"#main"}}},{"name":"Cube","from":[0,0,0],"to":[16,1,16],"faces":{"north":{"uv":[0,8,2,8.125],"texture":"#main"},"east":{"uv":[0,8,2,8.125],"texture":"#main"},"south":{"uv":[0,8,2,8.125],"texture":"#main"},"west":{"uv":[0,8,2,8.125],"texture":"#main"},"up":{"uv":[0,8,2,10],"texture":"#main"},"down":{"uv":[0,8,2,10],"texture":"#main"}}},{"name":"Cube","from":[0.5,1,0.5],"to":[15.5,8,15.5],"faces":{"north":{"uv":[2,8,3.875,8.875],"texture":"#main"},"east":{"uv":[2,8,3.875,8.875],"texture":"#main"},"south":{"uv":[2,8,3.875,8.875],"texture":"#main"},"west":{"uv":[2,8,3.875,8.875],"texture":"#main"},"up":{"uv":[2,8,3.875,9.875],"texture":"#main"},"down":{"uv":[2,8,3.875,9.875],"texture":"#main"}}},{"name":"Cube","from":[1.5,7,1.5],"to":[14.5,14,14.5],"faces":{"north":{"uv":[2,8,3.625,8.875],"texture":"#main"},"east":{"uv":[2,8,3.625,8.875],"texture":"#main"},"south":{"uv":[2,8,3.625,8.875],"texture":"#main"},"west":{"uv":[2,8,3.625,8.875],"texture":"#main"},"up":{"uv":[2,8,3.625,9.625],"texture":"#main"},"down":{"uv":[2,8,3.625,9.625],"texture":"#main"}}},{"name":"Cube","from":[2.5,11,2.5],"to":[13.5,18,13.5],"faces":{"north":{"uv":[2,8,3.375,8.875],"texture":"#main"},"east":{"uv":[2,8,3.375,8.875],"texture":"#main"},"south":{"uv":[2,8,3.375,8.875],"texture":"#main"},"west":{"uv":[2,8,3.375,8.875],"texture":"#main"},"up":{"uv":[2,8,3.375,9.375],"texture":"#main"},"down":{"uv":[2,8,3.375,9.375],"texture":"#main"}}},{"name":"Cube","from":[0.5,13,4],"to":[8.5,20,12],"rotation":{"angle":-22.5,"axis":"z","origin":[8,8,8]},"faces":{"north":{"uv":[2,8,3,8.875],"texture":"#main"},"east":{"uv":[2,8,3,8.875],"texture":"#main"},"south":{"uv":[2,8,3,8.875],"texture":"#main"},"west":{"uv":[2,8,3,8.875],"texture":"#main"},"up":{"uv":[2,8,3,9],"texture":"#main"},"down":{"uv":[2,8,3,9],"texture":"#main"}}},{"name":"Cube","from":[1.7,16,5],"to":[7.7,22,11],"rotation":{"angle":-22.5,"axis":"z","origin":[8,8,8]},"faces":{"north":{"uv":[2,8,2.75,8.75],"texture":"#main"},"east":{"uv":[2,8,2.75,8.75],"texture":"#main"},"south":{"uv":[2,8,2.75,8.75],"texture":"#main"},"west":{"uv":[2,8,2.75,8.75],"texture":"#main"},"up":{"uv":[2,8,2.75,8.75],"texture":"#main"},"down":{"uv":[2,8,2.75,8.75],"texture":"#main"}}},{"name":"Cube","from":[-2.2,17.8,6],"to":[1.8,21.8,10],"rotation":{"angle":-45,"axis":"z","origin":[8,8,8]},"faces":{"north":{"uv":[2,8,2.5,8.5],"texture":"#main"},"east":{"uv":[2,8,2.5,8.5],"texture":"#main"},"south":{"uv":[2,8,2.5,8.5],"texture":"#main"},"west":{"uv":[2,8,2.5,8.5],"texture":"#main"},"up":{"uv":[2,8,2.5,8.5],"texture":"#main"},"down":{"uv":[2,8,2.5,8.5],"texture":"#main"}}},{"name":"Cube","from":[-1,21,7],"to":[1,23,9],"rotation":{"angle":-45,"axis":"z","origin":[8,8,8]},"faces":{"north":{"uv":[2,8,2.25,8.25],"texture":"#main"},"east":{"uv":[2,8,2.25,8.25],"texture":"#main"},"south":{"uv":[2,8,2.25,8.25],"texture":"#main"},"west":{"uv":[2,8,2.25,8.25],"texture":"#main"},"up":{"uv":[2,8,2.25,8.25],"texture":"#main"},"down":{"uv":[2,8,2.25,8.25],"texture":"#main"}}},{"name":"Cube","from":[10,4,15],"to":[13,7,16],"faces":{"north":{"uv":[4,8,4.375,8.375],"texture":"#main"},"east":{"uv":[4,8,4.125,8.375],"texture":"#main"},"south":{"uv":[4,8,4.375,8.375],"texture":"#main"},"west":{"uv":[4,8,4.125,8.375],"texture":"#main"},"up":{"uv":[4,8,4.375,8.125],"texture":"#main"},"down":{"uv":[4,8,4.375,8.125],"texture":"#main"}}},{"name":"Cube","from":[10,4,0],"to":[13,7,1],"faces":{"north":{"uv":[4,8,4.375,8.375],"texture":"#main"},"east":{"uv":[4,8,4.125,8.375],"texture":"#main"},"south":{"uv":[4,8,4.375,8.375],"texture":"#main"},"west":{"uv":[4,8,4.125,8.375],"texture":"#main"},"up":{"uv":[4,8,4.375,8.125],"texture":"#main"},"down":{"uv":[4,8,4.375,8.125],"texture":"#main"}}},{"name":"Cube","from":[23.3,15.7,6],"to":[24.3,16.3,10],"rotation":{"angle":45,"axis":"z","origin":[8,8,8]},"faces":{"north":{"uv":[4,8,4.125,8.075],"texture":"#main"},"east":{"uv":[4,8,4.5,8.075],"texture":"#main"},"south":{"uv":[4,8,4.125,8.075],"texture":"#main"},"west":{"uv":[4,8,4.5,8.075],"texture":"#main"},"up":{"uv":[4,8,4.125,8.5],"texture":"#main"},"down":{"uv":[4,8,4.125,8.5],"texture":"#main"}}},{"name":"Cube","from":[25.3,15.5,4],"to":[26.3,16.1,7],"rotation":{"angle":45,"axis":"z","origin":[8,8,8]},"faces":{"north":{"uv":[4,8,4.125,8.075],"texture":"#main"},"east":{"uv":[4,8,4.375,8.075],"texture":"#main"},"south":{"uv":[4,8,4.125,8.075],"texture":"#main"},"west":{"uv":[4,8,4.375,8.075],"texture":"#main"},"up":{"uv":[4,8,4.125,8.375],"texture":"#main"},"down":{"uv":[4,8,4.125,8.375],"texture":"#main"}}},{"name":"Cube","from":[11,5,-0.1],"to":[11.5,5.5,0.9],"faces":{"north":{"uv":[6,8,6.0625,8.0625],"texture":"#main"},"east":{"uv":[6,8,6.125,8.0625],"texture":"#main"},"south":{"uv":[6,8,6.0625,8.0625],"texture":"#main"},"west":{"uv":[6,8,6.125,8.0625],"texture":"#main"},"up":{"uv":[6,8,6.0625,8.125],"texture":"#main"},"down":{"uv":[6,8,6.0625,8.125],"texture":"#main"}}},{"name":"Cube","from":[11,5,15.1],"to":[11.5,5.5,16.1],"faces":{"north":{"uv":[6,8,6.0625,8.0625],"texture":"#main"},"east":{"uv":[6,8,6.125,8.0625],"texture":"#main"},"south":{"uv":[6,8,6.0625,8.0625],"texture":"#main"},"west":{"uv":[6,8,6.125,8.0625],"texture":"#main"},"up":{"uv":[6,8,6.0625,8.125],"texture":"#main"},"down":{"uv":[6,8,6.0625,8.125],"texture":"#main"}}},{"name":"Cube","from":[23,15.7,6],"to":[23.3,16.3,10],"rotation":{"angle":45,"axis":"z","origin":[8,8,8]},"faces":{"north":{"uv":[2,8,2.0375,8.075],"texture":"#main"},"east":{"uv":[2,8,2.5,8.075],"texture":"#main"},"south":{"uv":[2,8,2.0375,8.075],"texture":"#main"},"west":{"uv":[2,8,2.5,8.075],"texture":"#main"},"up":{"uv":[2,8,2.0375,8.5],"texture":"#main"},"down":{"uv":[2,8,2.0375,8.5],"texture":"#main"}}},{"name":"Cube","from":[24,15.7,10],"to":[24.3,16.3,11],"rotation":{"angle":45,"axis":"z","origin":[8,8,8]},"faces":{"north":{"uv":[2,8,2.0375,8.075],"texture":"#main"},"east":{"uv":[2,8,2.125,8.075],"texture":"#main"},"south":{"uv":[2,8,2.0375,8.075],"texture":"#main"},"west":{"uv":[2,8,2.125,8.075],"texture":"#main"},"up":{"uv":[2,8,2.0375,8.125],"texture":"#main"},"down":{"uv":[2,8,2.0375,8.125],"texture":"#main"}}},{"name":"Cube","from":[23,15.7,10],"to":[24.3,16.3,10.3],"rotation":{"angle":45,"axis":"z","origin":[8,8,8]},"faces":{"north":{"uv":[2,8,2.1625,8.075],"texture":"#main"},"east":{"uv":[2,8,2.0375,8.075],"texture":"#main"},"south":{"uv":[2,8,2.1625,8.075],"texture":"#main"},"west":{"uv":[2,8,2.0375,8.075],"texture":"#main"},"up":{"uv":[2,8,2.1625,8.0375],"texture":"#main"},"down":{"uv":[2,8,2.1625,8.0375],"texture":"#main"}}},{"name":"Cube","from":[14.5,11,7.5],"to":[16.5,13,8.5],"rotation":{"angle":22.5,"axis":"z","origin":[8,8,8]},"faces":{"north":{"uv":[0,10,0.25,10.25],"texture":"#main"},"east":{"uv":[0,10,0.125,10.25],"texture":"#main"},"south":{"uv":[0,10,0.25,10.25],"texture":"#main"},"west":{"uv":[0,10,0.125,10.25],"texture":"#main"},"up":{"uv":[0,10,0.25,10.125],"texture":"#main"},"down":{"uv":[0,10,0.25,10.125],"texture":"#main"}}},{"name":"Cube","from":[16,10,7.5],"to":[17.2,14,8.5],"rotation":{"angle":22.5,"axis":"z","origin":[8,8,8]},"faces":{"north":{"uv":[0,10,0.15,10.5],"texture":"#main"},"east":{"uv":[0,10,0.125,10.5],"texture":"#main"},"south":{"uv":[0,10,0.15,10.5],"texture":"#main"},"west":{"uv":[0,10,0.125,10.5],"texture":"#main"},"up":{"uv":[0,10,0.15,10.125],"texture":"#main"},"down":{"uv":[0,10,0.15,10.125],"texture":"#main"}}},{"name":"Cube","from":[16.8,9,7.5],"to":[18,15,8.5],"rotation":{"angle":22.5,"axis":"z","origin":[8,8,8]},"faces":{"north":{"uv":[0,10,0.15,10.75],"texture":"#main"},"east":{"uv":[0,10,0.125,10.75],"texture":"#main"},"south":{"uv":[0,10,0.15,10.75],"texture":"#main"},"west":{"uv":[0,10,0.125,10.75],"texture":"#main"},"up":{"uv":[0,10,0.15,10.125],"texture":"#main"},"down":{"uv":[0,10,0.15,10.125],"texture":"#main"}}},{"name":"Cube","from":[17.8,8,7.5],"to":[19,10,8.5],"rotation":{"angle":22.5,"axis":"z","origin":[8,8,8]},"faces":{"north":{"uv":[0,10,0.15,10.25],"texture":"#main"},"east":{"uv":[0,10,0.125,10.25],"texture":"#main"},"south":{"uv":[0,10,0.15,10.25],"texture":"#main"},"west":{"uv":[0,10,0.125,10.25],"texture":"#main"},"up":{"uv":[0,10,0.15,10.125],"texture":"#main"},"down":{"uv":[0,10,0.15,10.125],"texture":"#main"}}},{"name":"Cube","from":[17.8,11,7.5],"to":[19,13,8.5],"rotation":{"angle":22.5,"axis":"z","origin":[8,8,8]},"faces":{"north":{"uv":[0,10,0.15,10.25],"texture":"#main"},"east":{"uv":[0,10,0.125,10.25],"texture":"#main"},"south":{"uv":[0,10,0.15,10.25],"texture":"#main"},"west":{"uv":[0,10,0.125,10.25],"texture":"#main"},"up":{"uv":[0,10,0.15,10.125],"texture":"#main"},"down":{"uv":[0,10,0.15,10.125],"texture":"#main"}}},{"name":"Cube","from":[17.8,14,7.5],"to":[19,16,8.5],"rotation":{"angle":22.5,"axis":"z","origin":[8,8,8]},"faces":{"north":{"uv":[0,10,0.15,10.25],"texture":"#main"},"east":{"uv":[0,10,0.125,10.25],"texture":"#main"},"south":{"uv":[0,10,0.15,10.25],"texture":"#main"},"west":{"uv":[0,10,0.125,10.25],"texture":"#main"},"up":{"uv":[0,10,0.15,10.125],"texture":"#main"},"down":{"uv":[0,10,0.15,10.125],"texture":"#main"}}},{"name":"Cube","from":[5.7,8,0.55],"to":[7.7,12,1.55],"faces":{"north":{"uv":[4,8,4.25,8.5],"texture":"#main"},"east":{"uv":[4,8,4.125,8.5],"texture":"#main"},"south":{"uv":[4,8,4.25,8.5],"texture":"#main"},"west":{"uv":[4,8,4.125,8.5],"texture":"#main"},"up":{"uv":[4,8,4.25,8.125],"texture":"#main"},"down":{"uv":[4,8,4.25,8.125],"texture":"#main"}}},{"name":"Cube","from":[5.5,4,14.5],"to":[9.5,9.4,15.5],"rotation":{"angle":22.5,"axis":"z","origin":[8,8,8]},"faces":{"north":{"uv":[2,8,2.5,8.675],"texture":"#main"},"east":{"uv":[2,8,2.125,8.675],"texture":"#main"},"south":{"uv":[2,8,2.5,8.675],"texture":"#main"},"west":{"uv":[2,8,2.125,8.675],"texture":"#main"},"up":{"uv":[2,8,2.5,8.125],"texture":"#main"},"down":{"uv":[2,8,2.5,8.125],"texture":"#main"}}},{"name":"Cube","from":[24.3,15.7,5],"to":[25.7,16.3,11],"rotation":{"angle":45,"axis":"z","origin":[8,8,8]},"faces":{"north":{"uv":[4,8,4.125,8.075],"texture":"#main"},"east":{"uv":[4,8,4.75,8.075],"texture":"#main"},"south":{"uv":[4,8,4.125,8.075],"texture":"#main"},"west":{"uv":[4,8,4.75,8.075],"texture":"#main"},"up":{"uv":[4,8,4.125,8.75],"texture":"#main"},"down":{"uv":[4,8,4.125,8.75],"texture":"#main"}}},{"name":"Cube","from":[7.45,8.3,14.45],"to":[9.45,12.3,15.45],"rotation":{"angle":22.5,"axis":"z","origin":[8,8,8]},"faces":{"north":{"uv":[4,8,4.25,8.5],"texture":"#main"},"east":{"uv":[4,8,4.125,8.5],"texture":"#main"},"south":{"uv":[4,8,4.25,8.5],"texture":"#main"},"west":{"uv":[4,8,4.125,8.5],"texture":"#main"},"up":{"uv":[4,8,4.25,8.125],"texture":"#main"},"down":{"uv":[4,8,4.25,8.125],"texture":"#main"}}},{"name":"Cube","from":[5.5,4,0.5],"to":[9.5,9.4,1.5],"rotation":{"angle":22.5,"axis":"z","origin":[8,8,8]},"faces":{"north":{"uv":[2,8,2.5,8.675],"texture":"#main"},"east":{"uv":[2,8,2.125,8.675],"texture":"#main"},"south":{"uv":[2,8,2.5,8.675],"texture":"#main"},"west":{"uv":[2,8,2.125,8.675],"texture":"#main"},"up":{"uv":[2,8,2.5,8.125],"texture":"#main"},"down":{"uv":[2,8,2.5,8.125],"texture":"#main"}}},{"name":"Cube","from":[7.45,8.3,0.55],"to":[9.45,12.3,1.55],"rotation":{"angle":22.5,"axis":"z","origin":[8,8,8]},"faces":{"north":{"uv":[4,8,4.25,8.5],"texture":"#main"},"east":{"uv":[4,8,4.125,8.5],"texture":"#main"},"south":{"uv":[4,8,4.25,8.5],"texture":"#main"},"west":{"uv":[4,8,4.125,8.5],"texture":"#main"},"up":{"uv":[4,8,4.25,8.125],"texture":"#main"},"down":{"uv":[4,8,4.25,8.125],"texture":"#main"}}},{"name":"Cube","from":[5.7,8,14.45],"to":[7.7,12,15.45],"faces":{"north":{"uv":[4,8,4.25,8.5],"texture":"#main"},"east":{"uv":[4,8,4.125,8.5],"texture":"#main"},"south":{"uv":[4,8,4.25,8.5],"texture":"#main"},"west":{"uv":[4,8,4.125,8.5],"texture":"#main"},"up":{"uv":[4,8,4.25,8.125],"texture":"#main"},"down":{"uv":[4,8,4.25,8.125],"texture":"#main"}}},{"name":"Cube","from":[0.5,10,7.5],"to":[2.5,12,8.5],"faces":{"north":{"uv":[0,10,0.25,10.25],"texture":"#main"},"east":{"uv":[0,10,0.125,10.25],"texture":"#main"},"south":{"uv":[0,10,0.25,10.25],"texture":"#main"},"west":{"uv":[0,10,0.125,10.25],"texture":"#main"},"up":{"uv":[0,10,0.25,10.125],"texture":"#main"},"down":{"uv":[0,10,0.25,10.125],"texture":"#main"}}},{"name":"Cube","from":[0.2,9.5,7.5],"to":[1.2,12.5,8.5],"faces":{"north":{"uv":[0,10,0.125,10.375],"texture":"#main"},"east":{"uv":[0,10,0.125,10.375],"texture":"#main"},"south":{"uv":[0,10,0.125,10.375],"texture":"#main"},"west":{"uv":[0,10,0.125,10.375],"texture":"#main"},"up":{"uv":[0,10,0.125,10.125],"texture":"#main"},"down":{"uv":[0,10,0.125,10.125],"texture":"#main"}}},{"name":"Cube","from":[-0.2,9,7.5],"to":[0.8,13,8.5],"faces":{"north":{"uv":[0,10,0.125,10.5],"texture":"#main"},"east":{"uv":[0,10,0.125,10.5],"texture":"#main"},"south":{"uv":[0,10,0.125,10.5],"texture":"#main"},"west":{"uv":[0,10,0.125,10.5],"texture":"#main"},"up":{"uv":[0,10,0.125,10.125],"texture":"#main"},"down":{"uv":[0,10,0.125,10.125],"texture":"#main"}}},{"name":"Cube","from":[-0.2,9,7.5],"to":[0.8,13,8.5],"faces":{"north":{"uv":[0,10,0.125,10.5],"texture":"#main"},"east":{"uv":[0,10,0.125,10.5],"texture":"#main"},"south":{"uv":[0,10,0.125,10.5],"texture":"#main"},"west":{"uv":[0,10,0.125,10.5],"texture":"#main"},"up":{"uv":[0,10,0.125,10.125],"texture":"#main"},"down":{"uv":[0,10,0.125,10.125],"texture":"#main"}}},{"name":"Cube","from":[-0.6,8.9,7.5],"to":[0.4,9.9,8.5],"faces":{"north":{"uv":[0,10,0.125,10.125],"texture":"#main"},"east":{"uv":[0,10,0.125,10.125],"texture":"#main"},"south":{"uv":[0,10,0.125,10.125],"texture":"#main"},"west":{"uv":[0,10,0.125,10.125],"texture":"#main"},"up":{"uv":[0,10,0.125,10.125],"texture":"#main"},"down":{"uv":[0,10,0.125,10.125],"texture":"#main"}}},{"name":"Cube","from":[-0.6,10.5,7.5],"to":[0.4,11.5,8.5],"faces":{"north":{"uv":[0,10,0.125,10.125],"texture":"#main"},"east":{"uv":[0,10,0.125,10.125],"texture":"#main"},"south":{"uv":[0,10,0.125,10.125],"texture":"#main"},"west":{"uv":[0,10,0.125,10.125],"texture":"#main"},"up":{"uv":[0,10,0.125,10.125],"texture":"#main"},"down":{"uv":[0,10,0.125,10.125],"texture":"#main"}}},{"name":"Cube","from":[-0.6,12.3,7.5],"to":[0.4,13.3,8.5],"faces":{"north":{"uv":[0,10,0.125,10.125],"texture":"#main"},"east":{"uv":[0,10,0.125,10.125],"texture":"#main"},"south":{"uv":[0,10,0.125,10.125],"texture":"#main"},"west":{"uv":[0,10,0.125,10.125],"texture":"#main"},"up":{"uv":[0,10,0.125,10.125],"texture":"#main"},"down":{"uv":[0,10,0.125,10.125],"texture":"#main"}}},{"name":"Cube","from":[-2,5,14.9],"to":[4,6,15.9],"rotation":{"angle":22.5,"axis":"z","origin":[8,8,8]},"faces":{"north":{"uv":[0,10,0.75,10.125],"texture":"#main"},"east":{"uv":[0,10,0.125,10.125],"texture":"#main"},"south":{"uv":[0,10,0.75,10.125],"texture":"#main"},"west":{"uv":[0,10,0.125,10.125],"texture":"#main"},"up":{"uv":[0,10,0.75,10.125],"texture":"#main"},"down":{"uv":[0,10,0.75,10.125],"texture":"#main"}}},{"name":"Cube","from":[-2,5,0.1],"to":[4,6,1.1],"rotation":{"angle":22.5,"axis":"z","origin":[8,8,8]},"faces":{"north":{"uv":[0,10,0.75,10.125],"texture":"#main"},"east":{"uv":[0,10,0.125,10.125],"texture":"#main"},"south":{"uv":[0,10,0.75,10.125],"texture":"#main"},"west":{"uv":[0,10,0.125,10.125],"texture":"#main"},"up":{"uv":[0,10,0.75,10.125],"texture":"#main"},"down":{"uv":[0,10,0.75,10.125],"texture":"#main"}}},{"name":"Cube","from":[25.3,15.5,9],"to":[26.3,16.1,12],"rotation":{"angle":45,"axis":"z","origin":[8,8,8]},"faces":{"north":{"uv":[4,8,4.125,8.075],"texture":"#main"},"east":{"uv":[4,8,4.375,8.075],"texture":"#main"},"south":{"uv":[4,8,4.125,8.075],"texture":"#main"},"west":{"uv":[4,8,4.375,8.075],"texture":"#main"},"up":{"uv":[4,8,4.125,8.375],"texture":"#main"},"down":{"uv":[4,8,4.125,8.375],"texture":"#main"}}},{"name":"Cube","from":[23,15.7,5.7],"to":[24.3,16.3,6],"rotation":{"angle":45,"axis":"z","origin":[8,8,8]},"faces":{"north":{"uv":[2,8,2.1625,8.075],"texture":"#main"},"east":{"uv":[2,8,2.0375,8.075],"texture":"#main"},"south":{"uv":[2,8,2.1625,8.075],"texture":"#main"},"west":{"uv":[2,8,2.0375,8.075],"texture":"#main"},"up":{"uv":[2,8,2.1625,8.0375],"texture":"#main"},"down":{"uv":[2,8,2.1625,8.0375],"texture":"#main"}}},{"name":"Cube","from":[24,15.7,4.7],"to":[25.3,16.3,5],"rotation":{"angle":45,"axis":"z","origin":[8,8,8]},"faces":{"north":{"uv":[2,8,2.1625,8.075],"texture":"#main"},"east":{"uv":[2,8,2.0375,8.075],"texture":"#main"},"south":{"uv":[2,8,2.1625,8.075],"texture":"#main"},"west":{"uv":[2,8,2.0375,8.075],"texture":"#main"},"up":{"uv":[2,8,2.1625,8.0375],"texture":"#main"},"down":{"uv":[2,8,2.1625,8.0375],"texture":"#main"}}},{"name":"Cube","from":[25,15.7,3.7],"to":[26.3,16.3,4],"rotation":{"angle":45,"axis":"z","origin":[8,8,8]},"faces":{"north":{"uv":[2,8,2.1625,8.075],"texture":"#main"},"east":{"uv":[2,8,2.0375,8.075],"texture":"#main"},"south":{"uv":[2,8,2.1625,8.075],"texture":"#main"},"west":{"uv":[2,8,2.0375,8.075],"texture":"#main"},"up":{"uv":[2,8,2.1625,8.0375],"texture":"#main"},"down":{"uv":[2,8,2.1625,8.0375],"texture":"#main"}}},{"name":"Cube","from":[25,15.7,12],"to":[26.3,16.3,12.3],"rotation":{"angle":45,"axis":"z","origin":[8,8,8]},"faces":{"north":{"uv":[2,8,2.1625,8.075],"texture":"#main"},"east":{"uv":[2,8,2.0375,8.075],"texture":"#main"},"south":{"uv":[2,8,2.1625,8.075],"texture":"#main"},"west":{"uv":[2,8,2.0375,8.075],"texture":"#main"},"up":{"uv":[2,8,2.1625,8.0375],"texture":"#main"},"down":{"uv":[2,8,2.1625,8.0375],"texture":"#main"}}},{"name":"Cube","from":[24,15.7,11],"to":[25.3,16.3,11.3],"rotation":{"angle":45,"axis":"z","origin":[8,8,8]},"faces":{"north":{"uv":[2,8,2.1625,8.075],"texture":"#main"},"east":{"uv":[2,8,2.0375,8.075],"texture":"#main"},"south":{"uv":[2,8,2.1625,8.075],"texture":"#main"},"west":{"uv":[2,8,2.0375,8.075],"texture":"#main"},"up":{"uv":[2,8,2.1625,8.0375],"texture":"#main"},"down":{"uv":[2,8,2.1625,8.0375],"texture":"#main"}}},{"name":"Cube","from":[24,15.7,5],"to":[24.3,16.3,6],"rotation":{"angle":45,"axis":"z","origin":[8,8,8]},"faces":{"north":{"uv":[2,8,2.0375,8.075],"texture":"#main"},"east":{"uv":[2,8,2.125,8.075],"texture":"#main"},"south":{"uv":[2,8,2.0375,8.075],"texture":"#main"},"west":{"uv":[2,8,2.125,8.075],"texture":"#main"},"up":{"uv":[2,8,2.0375,8.125],"texture":"#main"},"down":{"uv":[2,8,2.0375,8.125],"texture":"#main"}}},{"name":"Cube","from":[25,15.7,4],"to":[25.3,16.3,5],"rotation":{"angle":45,"axis":"z","origin":[8,8,8]},"faces":{"north":{"uv":[2,8,2.0375,8.075],"texture":"#main"},"east":{"uv":[2,8,2.125,8.075],"texture":"#main"},"south":{"uv":[2,8,2.0375,8.075],"texture":"#main"},"west":{"uv":[2,8,2.125,8.075],"texture":"#main"},"up":{"uv":[2,8,2.0375,8.125],"texture":"#main"},"down":{"uv":[2,8,2.0375,8.125],"texture":"#main"}}},{"name":"Cube","from":[25,15.7,11],"to":[25.3,16.3,12],"rotation":{"angle":45,"axis":"z","origin":[8,8,8]},"faces":{"north":{"uv":[2,8,2.0375,8.075],"texture":"#main"},"east":{"uv":[2,8,2.125,8.075],"texture":"#main"},"south":{"uv":[2,8,2.0375,8.075],"texture":"#main"},"west":{"uv":[2,8,2.125,8.075],"texture":"#main"},"up":{"uv":[2,8,2.0375,8.125],"texture":"#main"},"down":{"uv":[2,8,2.0375,8.125],"texture":"#main"}}}],"display":{"gui":{"rotation":[30,45,0],"translation":[0.38,-0.4,0],"scale":[0.55,0.55,0.55]},"head":{"rotation":[0,180,0],"translation":[0,13.04,0],"scale":[1.1,1.1,1.1]}},"credit":"Model by Craftventure"}