{"textures":{"0":"block/brown_concrete","2":"block/brown_terracotta","3":"block/smooth_stone","4":"block/spruce_planks","5":"block/red_terracotta","6":"block/green_shulker_box","7":"block/gold_block","8":"block/cocoa_stage0","particle":"block/brown_concrete"},"elements":[{"from":[0,0,0],"to":[16,2,1],"faces":{"north":{"uv":[0,0,1,1],"texture":"#0"},"east":{"uv":[0,0,1,1],"texture":"#0"},"south":{"uv":[0,0,1,1],"texture":"#0"},"west":{"uv":[0,0,1,1],"texture":"#0"},"up":{"uv":[0,0,1,1],"texture":"#0"},"down":{"uv":[0,0,1,1],"texture":"#0"}}},{"from":[15,0,1],"to":[16,2,15],"faces":{"north":{"uv":[0,0,1,1],"texture":"#0"},"east":{"uv":[0,0,1,1],"texture":"#0"},"south":{"uv":[0,0,1,1],"texture":"#0"},"west":{"uv":[0,0,1,1],"texture":"#0"},"up":{"uv":[0,0,1,1],"texture":"#0"},"down":{"uv":[0,0,1,1],"texture":"#0"}}},{"from":[0,0,15],"to":[16,2,16],"faces":{"north":{"uv":[0,0,1,1],"texture":"#0"},"east":{"uv":[0,0,1,1],"texture":"#0"},"south":{"uv":[0,0,1,1],"texture":"#0"},"west":{"uv":[0,0,1,1],"texture":"#0"},"up":{"uv":[0,0,1,1],"texture":"#0"},"down":{"uv":[0,0,1,1],"texture":"#0"}}},{"from":[0,0,1],"to":[1,2,15],"faces":{"north":{"uv":[0,0,1,1],"texture":"#0"},"east":{"uv":[0,0,1,1],"texture":"#0"},"south":{"uv":[0,0,1,1],"texture":"#0"},"west":{"uv":[0,0,1,1],"texture":"#0"},"up":{"uv":[0,0,1,1],"texture":"#0"},"down":{"uv":[0,0,1,1],"texture":"#0"}}},{"from":[15.25,0.9,5.15],"to":[16.05,1.2,5.45],"faces":{"north":{"uv":[0,0,1,1],"texture":"#2"},"east":{"uv":[0,0,1,1],"texture":"#2"},"south":{"uv":[0,0,1,1],"texture":"#2"},"west":{"uv":[0,0,1,1],"texture":"#2"},"up":{"uv":[0,0,1,1],"texture":"#2"},"down":{"uv":[0,0,1,1],"texture":"#2"}}},{"from":[15.25,0.9,3.15],"to":[16.05,1.2,3.45],"faces":{"north":{"uv":[0,0,1,1],"texture":"#2"},"east":{"uv":[0,0,1,1],"texture":"#2"},"south":{"uv":[0,0,1,1],"texture":"#2"},"west":{"uv":[0,0,1,1],"texture":"#2"},"up":{"uv":[0,0,1,1],"texture":"#2"},"down":{"uv":[0,0,1,1],"texture":"#2"}}},{"from":[15.25,0.9,1.15],"to":[16.05,1.2,1.45],"faces":{"north":{"uv":[0,0,1,1],"texture":"#2"},"east":{"uv":[0,0,1,1],"texture":"#2"},"south":{"uv":[0,0,1,1],"texture":"#2"},"west":{"uv":[0,0,1,1],"texture":"#2"},"up":{"uv":[0,0,1,1],"texture":"#2"},"down":{"uv":[0,0,1,1],"texture":"#2"}}},{"from":[15.25,0.9,10.15],"to":[16.05,1.2,10.45],"faces":{"north":{"uv":[0,0,1,1],"texture":"#2"},"east":{"uv":[0,0,1,1],"texture":"#2"},"south":{"uv":[0,0,1,1],"texture":"#2"},"west":{"uv":[0,0,1,1],"texture":"#2"},"up":{"uv":[0,0,1,1],"texture":"#2"},"down":{"uv":[0,0,1,1],"texture":"#2"}}},{"from":[15.25,0.9,12.15],"to":[16.05,1.2,12.45],"faces":{"north":{"uv":[0,0,1,1],"texture":"#2"},"east":{"uv":[0,0,1,1],"texture":"#2"},"south":{"uv":[0,0,1,1],"texture":"#2"},"west":{"uv":[0,0,1,1],"texture":"#2"},"up":{"uv":[0,0,1,1],"texture":"#2"},"down":{"uv":[0,0,1,1],"texture":"#2"}}},{"from":[15.25,0.9,14.15],"to":[16.05,1.2,14.45],"faces":{"north":{"uv":[0,0,1,1],"texture":"#2"},"east":{"uv":[0,0,1,1],"texture":"#2"},"south":{"uv":[0,0,1,1],"texture":"#2"},"west":{"uv":[0,0,1,1],"texture":"#2"},"up":{"uv":[0,0,1,1],"texture":"#2"},"down":{"uv":[0,0,1,1],"texture":"#2"}}},{"from":[-2.022,3.85,7.07],"to":[-0.332,8.45,8.935],"faces":{"north":{"uv":[0,0,1.69,5.6],"texture":"#4"},"east":{"uv":[0,0,1.865,5.6],"texture":"#4"},"south":{"uv":[0,0,1.69,5.6],"texture":"#4"},"west":{"uv":[0,0,1.865,5.6],"texture":"#4"},"up":{"uv":[0,0,1.69,1.865],"texture":"#4"},"down":{"uv":[0,0,1.69,1.865],"texture":"#4"}}},{"from":[-1.20615,7.95156,7.07],"to":[0.48385,12.55156,8.935],"rotation":{"angle":-22.5,"axis":"z","origin":[-0.36115,10.25156,8.0025]},"faces":{"north":{"uv":[0,0,1.69,5.6],"texture":"#4"},"east":{"uv":[0,0,1.865,5.6],"texture":"#4"},"south":{"uv":[0,0,1.69,5.6],"texture":"#4"},"west":{"uv":[0,0,1.865,5.6],"texture":"#4"},"up":{"uv":[0,0,1.69,1.865],"texture":"#4"},"down":{"uv":[0,0,1.69,1.865],"texture":"#4"}}},{"from":[1.11719,11.42869,7.07],"to":[2.80719,16.02869,8.935],"rotation":{"angle":-45,"axis":"z","origin":[1.96219,13.72869,8.0025]},"faces":{"north":{"uv":[0,0,1.69,5.6],"texture":"#4"},"east":{"uv":[0,0,1.865,5.6],"texture":"#4"},"south":{"uv":[0,0,1.69,5.6],"texture":"#4"},"west":{"uv":[0,0,1.865,5.6],"texture":"#4"},"up":{"uv":[0,0,1.69,1.865],"texture":"#4"},"down":{"uv":[0,0,1.69,1.865],"texture":"#4"}}},{"from":[3.11219,15.30869,7.17],"to":[8.51219,16.79869,8.835],"rotation":{"angle":22.5,"axis":"z","origin":[5.41219,16.05369,8.0025]},"faces":{"north":{"uv":[0,0,1.69,5.6],"rotation":270,"texture":"#4"},"east":{"uv":[0,0,1.69,1.865],"rotation":90,"texture":"#4"},"south":{"uv":[0,0,1.69,5.6],"rotation":90,"texture":"#4"},"west":{"uv":[0,0,1.69,1.865],"rotation":90,"texture":"#4"},"up":{"uv":[0,0,1.865,5.6],"rotation":90,"texture":"#4"},"down":{"uv":[0,0,1.865,5.6],"rotation":90,"texture":"#4"}}},{"from":[7.99112,16.4383,7.17],"to":[13.39112,17.9283,8.835],"rotation":{"angle":0,"axis":"z","origin":[10.29112,17.1833,8.0025]},"faces":{"north":{"uv":[0,0,1.69,5.6],"rotation":270,"texture":"#4"},"east":{"uv":[0,0,1.69,1.865],"rotation":90,"texture":"#4"},"south":{"uv":[0,0,1.69,5.6],"rotation":90,"texture":"#4"},"west":{"uv":[0,0,1.69,1.865],"rotation":90,"texture":"#4"},"up":{"uv":[0,0,1.865,5.6],"rotation":90,"texture":"#4"},"down":{"uv":[0,0,1.865,5.6],"rotation":90,"texture":"#4"}}},{"from":[12.93095,15.71483,7.27],"to":[17.63095,17.00483,8.735],"rotation":{"angle":-22.5,"axis":"z","origin":[15.23095,16.35983,8.0025]},"faces":{"north":{"uv":[0,0,1.69,5.6],"rotation":270,"texture":"#4"},"east":{"uv":[0,0,1.69,1.865],"rotation":90,"texture":"#4"},"south":{"uv":[0,0,1.69,5.6],"rotation":90,"texture":"#4"},"west":{"uv":[0,0,1.69,1.865],"rotation":90,"texture":"#4"},"up":{"uv":[0,0,1.865,5.6],"rotation":90,"texture":"#4"},"down":{"uv":[0,0,1.865,5.6],"rotation":90,"texture":"#4"}}},{"from":[16.56535,13.30987,7.27],"to":[21.26535,14.59987,8.735],"rotation":{"angle":-45,"axis":"z","origin":[18.86535,13.95487,8.0025]},"faces":{"north":{"uv":[0,0,1.69,5.6],"rotation":270,"texture":"#4"},"east":{"uv":[0,0,1.69,1.865],"rotation":90,"texture":"#4"},"south":{"uv":[0,0,1.69,5.6],"rotation":90,"texture":"#4"},"west":{"uv":[0,0,1.69,1.865],"rotation":90,"texture":"#4"},"up":{"uv":[0,0,1.865,5.6],"rotation":90,"texture":"#4"},"down":{"uv":[0,0,1.865,5.6],"rotation":90,"texture":"#4"}}},{"from":[-2.222,-1.75,6.87],"to":[-0.132,3.85,9.135],"faces":{"north":{"uv":[0,0,1,1],"texture":"#3"},"east":{"uv":[0,0,1,1],"texture":"#3"},"south":{"uv":[0,0,1,1],"texture":"#3"},"west":{"uv":[0,0,1,1],"texture":"#3"},"up":{"uv":[0,0,1,1],"texture":"#3"},"down":{"uv":[0,0,1,1],"texture":"#3"}}},{"from":[-2.222,-0.25,6.67],"to":[-0.132,2.25,6.86],"faces":{"north":{"uv":[0,0,1,1],"texture":"#2"},"east":{"uv":[0,0,1,1],"texture":"#2"},"south":{"uv":[0,0,1,1],"texture":"#2"},"west":{"uv":[0,0,1,1],"texture":"#2"},"up":{"uv":[0,0,1,1],"texture":"#2"},"down":{"uv":[0,0,1,1],"texture":"#2"}}},{"from":[-2.222,-0.25,9.14],"to":[-0.132,2.25,9.33],"faces":{"north":{"uv":[0,0,1,1],"texture":"#2"},"east":{"uv":[0,0,1,1],"texture":"#2"},"south":{"uv":[0,0,1,1],"texture":"#2"},"west":{"uv":[0,0,1,1],"texture":"#2"},"up":{"uv":[0,0,1,1],"texture":"#2"},"down":{"uv":[0,0,1,1],"texture":"#2"}}},{"from":[-2.412,-0.25,6.67],"to":[-2.222,2.25,9.33],"faces":{"north":{"uv":[0,0,1,1],"texture":"#2"},"east":{"uv":[0,0,1,1],"texture":"#2"},"south":{"uv":[0,0,1,1],"texture":"#2"},"west":{"uv":[0,0,1,1],"texture":"#2"},"up":{"uv":[0,0,1,1],"texture":"#2"},"down":{"uv":[0,0,1,1],"texture":"#2"}}},{"from":[-0.132,-0.25,6.67],"to":[0.058,2.25,9.33],"faces":{"north":{"uv":[0,0,1,1],"texture":"#2"},"east":{"uv":[0,0,1,1],"texture":"#2"},"south":{"uv":[0,0,1,1],"texture":"#2"},"west":{"uv":[0,0,1,1],"texture":"#2"},"up":{"uv":[0,0,1,1],"texture":"#2"},"down":{"uv":[0,0,1,1],"texture":"#2"}}},{"from":[19.54064,3.43599,7.77],"to":[19.84064,12.22599,8.235],"rotation":{"angle":0,"axis":"z","origin":[17.84064,11.48099,8.0025]},"faces":{"north":{"uv":[0,0,0.3,8.79],"rotation":270,"texture":"#2"},"east":{"uv":[0,0,0.465,8.79],"rotation":270,"texture":"#2"},"south":{"uv":[0,0,0.3,8.79],"rotation":270,"texture":"#2"},"west":{"uv":[0,0,0.465,8.79],"rotation":270,"texture":"#2"},"up":{"uv":[0,0,0.3,0.465],"rotation":270,"texture":"#2"},"down":{"uv":[0,0,0.3,0.465],"rotation":270,"texture":"#2"}}},{"from":[20.56535,13.20987,7.17],"to":[20.86535,14.69987,8.835],"rotation":{"angle":-45,"axis":"z","origin":[18.86535,13.95487,8.0025]},"faces":{"north":{"uv":[0,0,1.69,5.6],"rotation":270,"texture":"#2"},"east":{"uv":[0,0,1.69,5.6],"rotation":270,"texture":"#2"},"south":{"uv":[0,0,1.69,5.6],"rotation":270,"texture":"#2"},"west":{"uv":[0,0,1.69,5.6],"rotation":270,"texture":"#2"},"up":{"uv":[0,0,1.69,5.6],"rotation":270,"texture":"#2"},"down":{"uv":[0,0,1.69,5.6],"rotation":270,"texture":"#2"}}},{"from":[19.44064,3.13599,7.67],"to":[19.94064,3.52599,8.335],"rotation":{"angle":0,"axis":"z","origin":[17.84064,2.78099,8.0025]},"faces":{"north":{"uv":[0,0,0.5,0.39],"rotation":270,"texture":"#3"},"east":{"uv":[0,0,0.665,0.39],"rotation":270,"texture":"#3"},"south":{"uv":[0,0,0.5,0.39],"rotation":270,"texture":"#3"},"west":{"uv":[0,0,0.665,0.39],"rotation":270,"texture":"#3"},"up":{"uv":[0,0,0.5,0.665],"rotation":270,"texture":"#3"},"down":{"uv":[0,0,0.5,0.665],"rotation":270,"texture":"#3"}}},{"from":[19.54064,2.23599,7.77],"to":[19.84064,3.12599,8.235],"rotation":{"angle":0,"axis":"z","origin":[17.84064,1.88099,8.0025]},"faces":{"north":{"uv":[0,0,0.5,0.39],"rotation":270,"texture":"#3"},"east":{"uv":[0,0,0.665,0.39],"rotation":270,"texture":"#3"},"south":{"uv":[0,0,0.5,0.39],"rotation":270,"texture":"#3"},"west":{"uv":[0,0,0.665,0.39],"rotation":270,"texture":"#3"},"up":{"uv":[0,0,0.5,0.665],"rotation":270,"texture":"#3"},"down":{"uv":[0,0,0.5,0.665],"rotation":270,"texture":"#3"}}},{"from":[19.21644,2.60613,7.77],"to":[19.51644,3.09613,8.235],"rotation":{"angle":-22.5,"axis":"z","origin":[17.51644,1.85113,8.0025]},"faces":{"north":{"uv":[0,0,0.5,0.39],"rotation":270,"texture":"#3"},"east":{"uv":[0,0,0.665,0.39],"rotation":270,"texture":"#3"},"south":{"uv":[0,0,0.5,0.39],"rotation":270,"texture":"#3"},"west":{"uv":[0,0,0.665,0.39],"rotation":270,"texture":"#3"},"up":{"uv":[0,0,0.5,0.665],"rotation":270,"texture":"#3"},"down":{"uv":[0,0,0.5,0.665],"rotation":270,"texture":"#3"}}},{"from":[19.05856,3.07215,7.77],"to":[19.35856,3.56215,8.235],"rotation":{"angle":-45,"axis":"z","origin":[17.35856,2.31715,8.0025]},"faces":{"north":{"uv":[0,0,0.5,0.39],"rotation":270,"texture":"#3"},"east":{"uv":[0,0,0.665,0.39],"rotation":270,"texture":"#3"},"south":{"uv":[0,0,0.5,0.39],"rotation":270,"texture":"#3"},"west":{"uv":[0,0,0.665,0.39],"rotation":270,"texture":"#3"},"up":{"uv":[0,0,0.5,0.665],"rotation":270,"texture":"#3"},"down":{"uv":[0,0,0.5,0.665],"rotation":270,"texture":"#3"}}},{"from":[18.74747,1.90427,7.77],"to":[19.04747,2.39427,8.235],"rotation":{"angle":-22.5,"axis":"z","origin":[17.04747,1.14927,8.0025]},"faces":{"north":{"uv":[0,0,0.5,0.39],"rotation":270,"texture":"#3"},"east":{"uv":[0,0,0.665,0.39],"rotation":270,"texture":"#3"},"south":{"uv":[0,0,0.5,0.39],"rotation":270,"texture":"#3"},"west":{"uv":[0,0,0.665,0.39],"rotation":270,"texture":"#3"},"up":{"uv":[0,0,0.5,0.665],"rotation":270,"texture":"#3"},"down":{"uv":[0,0,0.5,0.665],"rotation":270,"texture":"#3"}}},{"from":[18.90699,0.70624,7.77],"to":[19.20699,1.19624,8.235],"rotation":{"angle":0,"axis":"z","origin":[17.20699,-0.04876,8.0025]},"faces":{"north":{"uv":[0,0,0.5,0.39],"rotation":270,"texture":"#3"},"east":{"uv":[0,0,0.665,0.39],"rotation":270,"texture":"#3"},"south":{"uv":[0,0,0.5,0.39],"rotation":270,"texture":"#3"},"west":{"uv":[0,0,0.665,0.39],"rotation":270,"texture":"#3"},"up":{"uv":[0,0,0.5,0.665],"rotation":270,"texture":"#3"},"down":{"uv":[0,0,0.5,0.665],"rotation":270,"texture":"#3"}}},{"from":[19.51284,-0.33956,7.77],"to":[19.81284,0.15044,8.235],"rotation":{"angle":22.5,"axis":"z","origin":[17.81284,-1.09456,8.0025]},"faces":{"north":{"uv":[0,0,0.5,0.39],"rotation":270,"texture":"#3"},"east":{"uv":[0,0,0.665,0.39],"rotation":270,"texture":"#3"},"south":{"uv":[0,0,0.5,0.39],"rotation":270,"texture":"#3"},"west":{"uv":[0,0,0.665,0.39],"rotation":270,"texture":"#3"},"up":{"uv":[0,0,0.5,0.665],"rotation":270,"texture":"#3"},"down":{"uv":[0,0,0.5,0.665],"rotation":270,"texture":"#3"}}},{"from":[20.47277,-1.07389,7.77],"to":[20.77277,-0.58389,8.235],"rotation":{"angle":45,"axis":"z","origin":[18.77277,-1.82889,8.0025]},"faces":{"north":{"uv":[0,0,0.5,0.39],"rotation":270,"texture":"#3"},"east":{"uv":[0,0,0.665,0.39],"rotation":270,"texture":"#3"},"south":{"uv":[0,0,0.5,0.39],"rotation":270,"texture":"#3"},"west":{"uv":[0,0,0.665,0.39],"rotation":270,"texture":"#3"},"up":{"uv":[0,0,0.5,0.665],"rotation":270,"texture":"#3"},"down":{"uv":[0,0,0.5,0.665],"rotation":270,"texture":"#3"}}},{"from":[18.69566,-0.43998,7.77],"to":[19.18566,-0.13998,8.235],"rotation":{"angle":-22.5,"axis":"z","origin":[19.94066,-2.13998,8.0025]},"faces":{"north":{"uv":[0,0,0.5,0.39],"texture":"#3"},"east":{"uv":[0,0,0.5,0.665],"rotation":180,"texture":"#3"},"south":{"uv":[0,0,0.5,0.39],"rotation":180,"texture":"#3"},"west":{"uv":[0,0,0.5,0.665],"rotation":180,"texture":"#3"},"up":{"uv":[0,0,0.665,0.39],"rotation":180,"texture":"#3"},"down":{"uv":[0,0,0.665,0.39],"rotation":180,"texture":"#3"}}},{"from":[19.89369,-0.28046,7.77],"to":[20.38369,0.01954,8.235],"rotation":{"angle":0,"axis":"z","origin":[21.13869,-1.98046,8.0025]},"faces":{"north":{"uv":[0,0,0.5,0.39],"texture":"#3"},"east":{"uv":[0,0,0.5,0.665],"rotation":180,"texture":"#3"},"south":{"uv":[0,0,0.5,0.39],"rotation":180,"texture":"#3"},"west":{"uv":[0,0,0.5,0.665],"rotation":180,"texture":"#3"},"up":{"uv":[0,0,0.665,0.39],"rotation":180,"texture":"#3"},"down":{"uv":[0,0,0.665,0.39],"rotation":180,"texture":"#3"}}},{"from":[21.09172,-0.43998,7.77],"to":[21.58172,-0.13998,8.235],"rotation":{"angle":22.5,"axis":"z","origin":[20.33672,-2.13998,8.0025]},"faces":{"north":{"uv":[0.5,0,0,0.39],"texture":"#3"},"east":{"uv":[0.5,0,0,0.665],"rotation":180,"texture":"#3"},"south":{"uv":[0.5,0,0,0.39],"rotation":180,"texture":"#3"},"west":{"uv":[0.5,0,0,0.665],"rotation":180,"texture":"#3"},"up":{"uv":[0.665,0,0,0.39],"rotation":180,"texture":"#3"},"down":{"uv":[0.665,0,0,0.39],"rotation":180,"texture":"#3"}}},{"from":[19.50461,-1.07389,7.77],"to":[19.80461,-0.58389,8.235],"rotation":{"angle":-45,"axis":"z","origin":[21.50461,-1.82889,8.0025]},"faces":{"north":{"uv":[0.5,0,0,0.39],"rotation":270,"texture":"#3"},"east":{"uv":[0.665,0,0,0.39],"rotation":270,"texture":"#3"},"south":{"uv":[0.5,0,0,0.39],"rotation":270,"texture":"#3"},"west":{"uv":[0.665,0,0,0.39],"rotation":270,"texture":"#3"},"up":{"uv":[0.5,0,0,0.665],"rotation":270,"texture":"#3"},"down":{"uv":[0.5,0,0,0.665],"rotation":270,"texture":"#3"}}},{"from":[20.46454,-0.33955,7.77],"to":[20.76454,0.15045,8.235],"rotation":{"angle":-22.5,"axis":"z","origin":[22.46454,-1.09455,8.0025]},"faces":{"north":{"uv":[0.5,0,0,0.39],"rotation":270,"texture":"#3"},"east":{"uv":[0.665,0,0,0.39],"rotation":270,"texture":"#3"},"south":{"uv":[0.5,0,0,0.39],"rotation":270,"texture":"#3"},"west":{"uv":[0.665,0,0,0.39],"rotation":270,"texture":"#3"},"up":{"uv":[0.5,0,0,0.665],"rotation":270,"texture":"#3"},"down":{"uv":[0.5,0,0,0.665],"rotation":270,"texture":"#3"}}},{"from":[14.85,-0.1,8.95],"to":[16.25,2.1,9.25],"faces":{"north":{"uv":[0,0,1,1],"texture":"#7"},"east":{"uv":[0,0,1,1],"texture":"#7"},"south":{"uv":[0,0,1,1],"texture":"#7"},"west":{"uv":[0,0,1,1],"texture":"#7"},"up":{"uv":[0,0,1,1],"texture":"#7"},"down":{"uv":[0,0,1,1],"texture":"#7"}}},{"from":[14.85,-0.1,6.75],"to":[16.25,2.1,7.05],"faces":{"north":{"uv":[0,0,1,1],"texture":"#7"},"east":{"uv":[0,0,1,1],"texture":"#7"},"south":{"uv":[0,0,1,1],"texture":"#7"},"west":{"uv":[0,0,1,1],"texture":"#7"},"up":{"uv":[0,0,1,1],"texture":"#7"},"down":{"uv":[0,0,1,1],"texture":"#7"}}},{"from":[14.85,1.8,7.05],"to":[16.25,2.1,8.95],"faces":{"north":{"uv":[0,0,1,1],"texture":"#7"},"east":{"uv":[0,0,1,1],"texture":"#7"},"south":{"uv":[0,0,1,1],"texture":"#7"},"west":{"uv":[0,0,1,1],"texture":"#7"},"up":{"uv":[0,0,1,1],"texture":"#7"},"down":{"uv":[0,0,1,1],"texture":"#7"}}},{"from":[14.85,-0.1,7.05],"to":[16.25,0.2,8.95],"faces":{"north":{"uv":[0,0,1,1],"texture":"#7"},"east":{"uv":[0,0,1,1],"texture":"#7"},"south":{"uv":[0,0,1,1],"texture":"#7"},"west":{"uv":[0,0,1,1],"texture":"#7"},"up":{"uv":[0,0,1,1],"texture":"#7"},"down":{"uv":[0,0,1,1],"texture":"#7"}}},{"from":[15.25,0.9,7.05],"to":[16.25,1.2,8.45],"faces":{"north":{"uv":[0,0,1,1],"texture":"#7"},"east":{"uv":[0,0,1,1],"texture":"#7"},"south":{"uv":[0,0,1,1],"texture":"#7"},"west":{"uv":[0,0,1,1],"texture":"#7"},"up":{"uv":[0,0,1,1],"texture":"#7"},"down":{"uv":[0,0,1,1],"texture":"#7"}}},{"from":[20.75005,-0.04552,8.41612],"to":[21.00005,0.58898,9.93187],"rotation":{"angle":22.5,"axis":"x","origin":[20.88322,-0.06897,10.0883]},"faces":{"north":{"uv":[7,8,6,6],"texture":"#6"},"east":{"uv":[12.998,4,5,2],"texture":"#6"},"west":{"uv":[10.997,4,3,2],"texture":"#6"},"up":{"uv":[3,8,10.997,9],"texture":"#6"}}},{"from":[20.75,-0.04558,9.93187],"to":[21,0.58892,11.44762],"rotation":{"angle":22.5,"axis":"x","origin":[20.88322,-0.06897,10.0883]},"faces":{"east":{"uv":[12.998,4,5,2],"texture":"#6"},"south":{"uv":[7,7,6,5],"texture":"#6"},"west":{"uv":[10.997,4,3,2],"texture":"#6"},"up":{"uv":[4,4,11.998,5],"texture":"#6"}}},{"from":[20.7525,-1.27484,10.80438],"to":[20.9975,-0.71084,11.36838],"rotation":{"angle":-22.5,"axis":"x","origin":[20.88322,-0.06897,10.0883]},"faces":{"north":{"uv":[7,4,6,3],"texture":"#6"},"east":{"uv":[7,4,6,3],"texture":"#6"},"south":{"uv":[7,4,6,3],"texture":"#6"},"west":{"uv":[7,4,6,3],"texture":"#6"},"up":{"uv":[6,3,7,4],"texture":"#6"},"down":{"uv":[6,3,7,4],"texture":"#6"}}},{"from":[20.7526,-0.37964,10.76802],"to":[20.9976,0.18436,11.33202],"rotation":{"angle":-22.5,"axis":"x","origin":[20.88322,-0.06897,10.0883]},"faces":{"north":{"uv":[7,4,6,3],"texture":"#6"},"east":{"uv":[7,4,6,3],"texture":"#6"},"south":{"uv":[7,4,6,3],"texture":"#6"},"west":{"uv":[7,4,6,3],"texture":"#6"},"up":{"uv":[6,3,7,4],"texture":"#6"},"down":{"uv":[6,3,7,4],"texture":"#6"}}},{"from":[20.7526,0.01917,10.36921],"to":[20.9976,0.58317,10.93321],"rotation":{"angle":-22.5,"axis":"x","origin":[20.88322,-0.06897,10.0883]},"faces":{"north":{"uv":[7,4,6,3],"texture":"#6"},"east":{"uv":[7,4,6,3],"texture":"#6"},"south":{"uv":[7,4,6,3],"texture":"#6"},"west":{"uv":[7,4,6,3],"texture":"#6"},"up":{"uv":[6,3,7,4],"texture":"#6"},"down":{"uv":[6,3,7,4],"texture":"#6"}}},{"from":[20.7526,0.41798,9.97041],"to":[20.9976,0.98198,10.53441],"rotation":{"angle":-22.5,"axis":"x","origin":[20.88322,-0.06897,10.0883]},"faces":{"north":{"uv":[7,4,6,3],"texture":"#6"},"east":{"uv":[7,4,6,3],"texture":"#6"},"south":{"uv":[7,4,6,3],"texture":"#6"},"west":{"uv":[7,4,6,3],"texture":"#6"},"up":{"uv":[6,3,7,4],"texture":"#6"},"down":{"uv":[6,3,7,4],"texture":"#6"}}},{"from":[20.7526,0.81679,9.5716],"to":[20.9976,1.38079,10.1356],"rotation":{"angle":-22.5,"axis":"x","origin":[20.88322,-0.06897,10.0883]},"faces":{"north":{"uv":[7,4,6,3],"texture":"#6"},"east":{"uv":[7,4,6,3],"texture":"#6"},"south":{"uv":[7,4,6,3],"texture":"#6"},"west":{"uv":[7,4,6,3],"texture":"#6"},"up":{"uv":[6,3,7,4],"texture":"#6"},"down":{"uv":[6,3,7,4],"texture":"#6"}}},{"from":[20.75005,-0.68002,8.41612],"to":[21.00005,-0.04552,9.93187],"rotation":{"angle":22.5,"axis":"x","origin":[20.88322,-0.06897,10.0883]},"faces":{"north":{"uv":[4,2,3,4],"texture":"#6"},"east":{"uv":[10.997,2,3,4],"texture":"#6"},"west":{"uv":[12.997,2,5,4],"texture":"#6"},"down":{"uv":[3,4,10.997,5],"texture":"#6"}}},{"from":[20.75,-0.68008,9.93187],"to":[21,-0.04558,11.44762],"rotation":{"angle":22.5,"axis":"x","origin":[20.88322,-0.06897,10.0883]},"faces":{"east":{"uv":[10.997,2,3,4],"texture":"#6"},"south":{"uv":[4,2,3,4],"texture":"#6"},"west":{"uv":[12.997,2,5,4],"texture":"#6"},"down":{"uv":[5,7,12.997,8],"texture":"#6"}}},{"from":[20.7526,-1.27961,9.86805],"to":[20.9976,-0.71561,10.43205],"rotation":{"angle":-22.5,"axis":"x","origin":[20.88322,-0.06897,10.0883]},"faces":{"north":{"uv":[7,3,6,4],"texture":"#6"},"east":{"uv":[7,3,6,4],"rotation":270,"texture":"#6"},"south":{"uv":[7,3,6,4],"rotation":180,"texture":"#6"},"west":{"uv":[7,3,6,4],"rotation":90,"texture":"#6"},"up":{"uv":[6,4,7,3],"texture":"#6"},"down":{"uv":[6,4,7,3],"rotation":180,"texture":"#6"}}},{"from":[20.7526,-0.8808,9.46924],"to":[20.9976,-0.3168,10.03324],"rotation":{"angle":-22.5,"axis":"x","origin":[20.88322,-0.06897,10.0883]},"faces":{"north":{"uv":[7,3,6,4],"texture":"#6"},"east":{"uv":[7,3,6,4],"rotation":270,"texture":"#6"},"south":{"uv":[7,3,6,4],"rotation":180,"texture":"#6"},"west":{"uv":[7,3,6,4],"rotation":90,"texture":"#6"},"up":{"uv":[6,4,7,3],"texture":"#6"},"down":{"uv":[6,4,7,3],"rotation":180,"texture":"#6"}}},{"from":[20.7526,-0.08319,8.67162],"to":[20.9976,0.48081,9.23562],"rotation":{"angle":-22.5,"axis":"x","origin":[20.88322,-0.06897,10.0883]},"faces":{"north":{"uv":[7,3,6,4],"texture":"#6"},"east":{"uv":[7,3,6,4],"rotation":270,"texture":"#6"},"south":{"uv":[7,3,6,4],"rotation":180,"texture":"#6"},"west":{"uv":[7,3,6,4],"rotation":90,"texture":"#6"},"up":{"uv":[6,4,7,3],"texture":"#6"},"down":{"uv":[6,4,7,3],"rotation":180,"texture":"#6"}}},{"from":[20.7526,-0.48199,9.07043],"to":[20.9976,0.08201,9.63443],"rotation":{"angle":-22.5,"axis":"x","origin":[20.88322,-0.06897,10.0883]},"faces":{"north":{"uv":[7,3,6,4],"texture":"#6"},"east":{"uv":[7,3,6,4],"rotation":270,"texture":"#6"},"south":{"uv":[7,3,6,4],"rotation":180,"texture":"#6"},"west":{"uv":[7,3,6,4],"rotation":90,"texture":"#6"},"up":{"uv":[6,4,7,3],"texture":"#6"},"down":{"uv":[6,4,7,3],"rotation":180,"texture":"#6"}}},{"from":[20.56255,-0.93431,7.55117],"to":[20.81255,0.67819,8.22617],"rotation":{"angle":0,"axis":"x","origin":[20.69528,-1.1081,8.23569]},"faces":{"north":{"uv":[3,9,10.997,8],"rotation":180,"texture":"#6"},"east":{"uv":[12.998,2,5,4],"rotation":270,"texture":"#6"},"west":{"uv":[10.997,2,3,4],"rotation":90,"texture":"#6"},"up":{"uv":[6,8,7,6],"texture":"#6"}}},{"from":[20.5625,-2.54681,7.55124],"to":[20.8125,-0.93431,8.22624],"rotation":{"angle":0,"axis":"x","origin":[20.69528,-1.1081,8.23569]},"faces":{"north":{"uv":[4,5,11.998,4],"rotation":180,"texture":"#6"},"east":{"uv":[12.998,2,5,4],"rotation":270,"texture":"#6"},"west":{"uv":[10.997,2,3,4],"rotation":90,"texture":"#6"},"down":{"uv":[6,7,7,5],"rotation":180,"texture":"#6"}}},{"from":[20.565,-2.39665,6.89003],"to":[20.81,-1.79665,7.49003],"rotation":{"angle":-45,"axis":"x","origin":[20.69528,-1.1081,8.23569]},"faces":{"north":{"uv":[6,4,7,3],"texture":"#6"},"east":{"uv":[6,4,7,3],"texture":"#6"},"south":{"uv":[6,4,7,3],"texture":"#6"},"west":{"uv":[6,4,7,3],"texture":"#6"},"up":{"uv":[6,4,7,3],"texture":"#6"},"down":{"uv":[6,4,7,3],"texture":"#6"}}},{"from":[20.5651,-1.4443,6.92871],"to":[20.8101,-0.8443,7.52871],"rotation":{"angle":-45,"axis":"x","origin":[20.69528,-1.1081,8.23569]},"faces":{"north":{"uv":[6,4,7,3],"texture":"#6"},"east":{"uv":[6,4,7,3],"texture":"#6"},"south":{"uv":[6,4,7,3],"texture":"#6"},"west":{"uv":[6,4,7,3],"texture":"#6"},"up":{"uv":[6,4,7,3],"texture":"#6"},"down":{"uv":[6,4,7,3],"texture":"#6"}}},{"from":[20.5651,-1.02004,7.35297],"to":[20.8101,-0.42004,7.95297],"rotation":{"angle":-45,"axis":"x","origin":[20.69528,-1.1081,8.23569]},"faces":{"north":{"uv":[6,4,7,3],"texture":"#6"},"east":{"uv":[6,4,7,3],"texture":"#6"},"south":{"uv":[6,4,7,3],"texture":"#6"},"west":{"uv":[6,4,7,3],"texture":"#6"},"up":{"uv":[6,4,7,3],"texture":"#6"},"down":{"uv":[6,4,7,3],"texture":"#6"}}},{"from":[20.5651,-0.59577,7.77724],"to":[20.8101,0.00423,8.37724],"rotation":{"angle":-45,"axis":"x","origin":[20.69528,-1.1081,8.23569]},"faces":{"north":{"uv":[6,4,7,3],"texture":"#6"},"east":{"uv":[6,4,7,3],"texture":"#6"},"south":{"uv":[6,4,7,3],"texture":"#6"},"west":{"uv":[6,4,7,3],"texture":"#6"},"up":{"uv":[6,4,7,3],"texture":"#6"},"down":{"uv":[6,4,7,3],"texture":"#6"}}},{"from":[20.5651,-0.17151,8.2015],"to":[20.8101,0.42849,8.8015],"rotation":{"angle":-45,"axis":"x","origin":[20.69528,-1.1081,8.23569]},"faces":{"north":{"uv":[6,4,7,3],"texture":"#6"},"east":{"uv":[6,4,7,3],"texture":"#6"},"south":{"uv":[6,4,7,3],"texture":"#6"},"west":{"uv":[6,4,7,3],"texture":"#6"},"up":{"uv":[6,4,7,3],"texture":"#6"},"down":{"uv":[6,4,7,3],"texture":"#6"}}},{"from":[20.56255,-0.93431,8.22617],"to":[20.81255,0.67819,8.90117],"rotation":{"angle":0,"axis":"x","origin":[20.69528,-1.1081,8.23569]},"faces":{"east":{"uv":[10.997,4,3,2],"rotation":270,"texture":"#6"},"south":{"uv":[3,5,10.997,4],"texture":"#6"},"west":{"uv":[12.997,4,5,2],"rotation":90,"texture":"#6"},"up":{"uv":[3,2,4,4],"texture":"#6"}}},{"from":[20.5625,-2.54681,8.22624],"to":[20.8125,-0.93431,8.90124],"rotation":{"angle":0,"axis":"x","origin":[20.69528,-1.1081,8.23569]},"faces":{"east":{"uv":[10.997,4,3,2],"rotation":270,"texture":"#6"},"south":{"uv":[5,8,12.997,7],"texture":"#6"},"west":{"uv":[12.997,4,5,2],"rotation":90,"texture":"#6"},"down":{"uv":[3,2,4,4],"rotation":180,"texture":"#6"}}},{"from":[20.5651,-2.40172,7.88613],"to":[20.8101,-1.80172,8.48613],"rotation":{"angle":-45,"axis":"x","origin":[20.69528,-1.1081,8.23569]},"faces":{"north":{"uv":[6,3,7,4],"rotation":180,"texture":"#6"},"east":{"uv":[7,4,6,3],"rotation":270,"texture":"#6"},"south":{"uv":[6,3,7,4],"texture":"#6"},"west":{"uv":[7,4,6,3],"rotation":90,"texture":"#6"},"up":{"uv":[6,3,7,4],"texture":"#6"},"down":{"uv":[6,3,7,4],"rotation":180,"texture":"#6"}}},{"from":[20.5651,-1.97745,8.31039],"to":[20.8101,-1.37745,8.91039],"rotation":{"angle":-45,"axis":"x","origin":[20.69528,-1.1081,8.23569]},"faces":{"north":{"uv":[6,3,7,4],"rotation":180,"texture":"#6"},"east":{"uv":[7,4,6,3],"rotation":270,"texture":"#6"},"south":{"uv":[6,3,7,4],"texture":"#6"},"west":{"uv":[7,4,6,3],"rotation":90,"texture":"#6"},"up":{"uv":[6,3,7,4],"texture":"#6"},"down":{"uv":[6,3,7,4],"rotation":180,"texture":"#6"}}},{"from":[20.5651,-1.12893,9.15892],"to":[20.8101,-0.52893,9.75892],"rotation":{"angle":-45,"axis":"x","origin":[20.69528,-1.1081,8.23569]},"faces":{"north":{"uv":[6,3,7,4],"rotation":180,"texture":"#6"},"east":{"uv":[7,4,6,3],"rotation":270,"texture":"#6"},"south":{"uv":[6,3,7,4],"texture":"#6"},"west":{"uv":[7,4,6,3],"rotation":90,"texture":"#6"},"up":{"uv":[6,3,7,4],"texture":"#6"},"down":{"uv":[6,3,7,4],"rotation":180,"texture":"#6"}}},{"from":[20.5651,-1.55319,8.73465],"to":[20.8101,-0.95319,9.33465],"rotation":{"angle":-45,"axis":"x","origin":[20.69528,-1.1081,8.23569]},"faces":{"north":{"uv":[6,3,7,4],"rotation":180,"texture":"#6"},"east":{"uv":[7,4,6,3],"rotation":270,"texture":"#6"},"south":{"uv":[6,3,7,4],"texture":"#6"},"west":{"uv":[7,4,6,3],"rotation":90,"texture":"#6"},"up":{"uv":[6,3,7,4],"texture":"#6"},"down":{"uv":[6,3,7,4],"rotation":180,"texture":"#6"}}},{"from":[21,-0.48873,7.58716],"to":[22,0.51127,8.58716],"rotation":{"angle":45,"axis":"x","origin":[21.51131,-0.02275,8.1099]},"faces":{"north":{"uv":[9,11,11.999,8],"rotation":180,"texture":"#5"},"east":{"uv":[3,0,0,3],"rotation":270,"texture":"#5"},"south":{"uv":[5,14.999,7.999,12],"texture":"#5"},"west":{"uv":[12.999,8,10,11],"rotation":90,"texture":"#5"},"up":{"uv":[8,11,11,8],"texture":"#5"},"down":{"uv":[4,5.999,7,3],"rotation":180,"texture":"#5"}}},{"from":[21.25,-0.23873,8.58716],"to":[21.75,0.26127,8.64966],"rotation":{"angle":45,"axis":"x","origin":[21.51131,-0.02275,8.1099]},"faces":{"south":{"uv":[0,0,4,4],"texture":"#8"}}},{"from":[21,0.5,8.01892],"to":[22,1.5,9.01892],"rotation":{"angle":45,"axis":"z","origin":[21.51131,0.97725,8.4849]},"faces":{"north":{"uv":[4,5.999,7,3],"texture":"#5"},"east":{"uv":[0,3,3,0],"texture":"#5"},"south":{"uv":[8,11,11,8],"texture":"#5"},"west":{"uv":[10,11,12.999,8],"texture":"#5"},"up":{"uv":[9,11,11.999,8],"texture":"#5"},"down":{"uv":[5,14.999,7.999,12],"texture":"#5"}}},{"from":[22,0.75,8.26892],"to":[22.0625,1.25,8.76892],"rotation":{"angle":45,"axis":"z","origin":[21.51131,0.97725,8.4849]},"faces":{"east":{"uv":[0,0,4,4],"texture":"#8"}}},{"from":[21,0.25,6.89392],"to":[22,1.25,7.89392],"rotation":{"angle":22.5,"axis":"x","origin":[21.51131,0.72725,7.3599]},"faces":{"north":{"uv":[4,5.999,7,3],"texture":"#5"},"east":{"uv":[0,3,3,0],"texture":"#5"},"south":{"uv":[8,11,11,8],"texture":"#5"},"west":{"uv":[10,11,12.999,8],"texture":"#5"},"up":{"uv":[9,11,11.999,8],"texture":"#5"},"down":{"uv":[5,14.999,7.999,12],"texture":"#5"}}},{"from":[22,0.50141,7.15701],"to":[22.0625,1.00141,7.65701],"rotation":{"angle":0,"axis":"x","origin":[22.04284,0.76085,7.36289]},"faces":{"east":{"uv":[0,0,4,4],"texture":"#8"}}},{"from":[20.75005,-0.09459,5.91483],"to":[21.00005,0.58041,7.52733],"rotation":{"angle":-22.5,"axis":"x","origin":[20.88322,-0.11954,5.7484]},"faces":{"east":{"uv":[5,4,12.998,2],"texture":"#6"},"south":{"uv":[6,8,7,6],"texture":"#6"},"west":{"uv":[3,4,10.997,2],"texture":"#6"},"up":{"uv":[3,9,10.997,8],"texture":"#6"}}},{"from":[20.75,-0.09466,4.30233],"to":[21,0.58034,5.91483],"rotation":{"angle":-22.5,"axis":"x","origin":[20.88322,-0.11954,5.7484]},"faces":{"north":{"uv":[6,7,7,5],"texture":"#6"},"east":{"uv":[5,4,12.998,2],"texture":"#6"},"west":{"uv":[3,4,10.997,2],"texture":"#6"},"up":{"uv":[4,5,11.998,4],"texture":"#6"}}},{"from":[20.7525,-1.40238,4.38662],"to":[20.9975,-0.80238,4.98662],"rotation":{"angle":22.5,"axis":"x","origin":[20.88322,-0.11954,5.7484]},"faces":{"north":{"uv":[6,4,7,3],"texture":"#6"},"east":{"uv":[6,4,7,3],"texture":"#6"},"south":{"uv":[6,4,7,3],"texture":"#6"},"west":{"uv":[6,4,7,3],"texture":"#6"},"up":{"uv":[6,4,7,3],"texture":"#6"},"down":{"uv":[6,4,7,3],"texture":"#6"}}},{"from":[20.7526,-0.45004,4.4253],"to":[20.9976,0.14996,5.0253],"rotation":{"angle":22.5,"axis":"x","origin":[20.88322,-0.11954,5.7484]},"faces":{"north":{"uv":[6,4,7,3],"texture":"#6"},"east":{"uv":[6,4,7,3],"texture":"#6"},"south":{"uv":[6,4,7,3],"texture":"#6"},"west":{"uv":[6,4,7,3],"texture":"#6"},"up":{"uv":[6,4,7,3],"texture":"#6"},"down":{"uv":[6,4,7,3],"texture":"#6"}}},{"from":[20.7526,-0.02577,4.84956],"to":[20.9976,0.57423,5.44956],"rotation":{"angle":22.5,"axis":"x","origin":[20.88322,-0.11954,5.7484]},"faces":{"north":{"uv":[6,4,7,3],"texture":"#6"},"east":{"uv":[6,4,7,3],"texture":"#6"},"south":{"uv":[6,4,7,3],"texture":"#6"},"west":{"uv":[6,4,7,3],"texture":"#6"},"up":{"uv":[6,4,7,3],"texture":"#6"},"down":{"uv":[6,4,7,3],"texture":"#6"}}},{"from":[20.7526,0.39849,5.27383],"to":[20.9976,0.99849,5.87383],"rotation":{"angle":22.5,"axis":"x","origin":[20.88322,-0.11954,5.7484]},"faces":{"north":{"uv":[6,4,7,3],"texture":"#6"},"east":{"uv":[6,4,7,3],"texture":"#6"},"south":{"uv":[6,4,7,3],"texture":"#6"},"west":{"uv":[6,4,7,3],"texture":"#6"},"up":{"uv":[6,4,7,3],"texture":"#6"},"down":{"uv":[6,4,7,3],"texture":"#6"}}},{"from":[20.7526,0.82276,5.69809],"to":[20.9976,1.42276,6.29809],"rotation":{"angle":22.5,"axis":"x","origin":[20.88322,-0.11954,5.7484]},"faces":{"north":{"uv":[6,4,7,3],"texture":"#6"},"east":{"uv":[6,4,7,3],"texture":"#6"},"south":{"uv":[6,4,7,3],"texture":"#6"},"west":{"uv":[6,4,7,3],"texture":"#6"},"up":{"uv":[6,4,7,3],"texture":"#6"},"down":{"uv":[6,4,7,3],"texture":"#6"}}},{"from":[20.75005,-0.76959,5.91483],"to":[21.00005,-0.09459,7.52733],"rotation":{"angle":-22.5,"axis":"x","origin":[20.88322,-0.11954,5.7484]},"faces":{"east":{"uv":[3,2,10.997,4],"texture":"#6"},"south":{"uv":[3,2,4,4],"texture":"#6"},"west":{"uv":[5,2,12.997,4],"texture":"#6"},"down":{"uv":[3,5,10.997,4],"texture":"#6"}}},{"from":[20.75,-0.76966,4.30233],"to":[21,-0.09466,5.91483],"rotation":{"angle":-22.5,"axis":"x","origin":[20.88322,-0.11954,5.7484]},"faces":{"north":{"uv":[3,2,4,4],"texture":"#6"},"east":{"uv":[3,2,10.997,4],"texture":"#6"},"west":{"uv":[5,2,12.997,4],"texture":"#6"},"down":{"uv":[5,8,12.997,7],"texture":"#6"}}},{"from":[20.7526,-1.40745,5.38272],"to":[20.9976,-0.80745,5.98272],"rotation":{"angle":22.5,"axis":"x","origin":[20.88322,-0.11954,5.7484]},"faces":{"north":{"uv":[6,3,7,4],"rotation":180,"texture":"#6"},"east":{"uv":[7,4,6,3],"rotation":270,"texture":"#6"},"south":{"uv":[6,3,7,4],"texture":"#6"},"west":{"uv":[7,4,6,3],"rotation":90,"texture":"#6"},"up":{"uv":[6,3,7,4],"texture":"#6"},"down":{"uv":[6,3,7,4],"rotation":180,"texture":"#6"}}},{"from":[20.7526,-0.98319,5.80698],"to":[20.9976,-0.38319,6.40698],"rotation":{"angle":22.5,"axis":"x","origin":[20.88322,-0.11954,5.7484]},"faces":{"north":{"uv":[6,3,7,4],"rotation":180,"texture":"#6"},"east":{"uv":[7,4,6,3],"rotation":270,"texture":"#6"},"south":{"uv":[6,3,7,4],"texture":"#6"},"west":{"uv":[7,4,6,3],"rotation":90,"texture":"#6"},"up":{"uv":[6,3,7,4],"texture":"#6"},"down":{"uv":[6,3,7,4],"rotation":180,"texture":"#6"}}},{"from":[20.7526,-0.13466,6.65551],"to":[20.9976,0.46534,7.25551],"rotation":{"angle":22.5,"axis":"x","origin":[20.88322,-0.11954,5.7484]},"faces":{"north":{"uv":[6,3,7,4],"rotation":180,"texture":"#6"},"east":{"uv":[7,4,6,3],"rotation":270,"texture":"#6"},"south":{"uv":[6,3,7,4],"texture":"#6"},"west":{"uv":[7,4,6,3],"rotation":90,"texture":"#6"},"up":{"uv":[6,3,7,4],"texture":"#6"},"down":{"uv":[6,3,7,4],"rotation":180,"texture":"#6"}}},{"from":[20.7526,-0.55893,6.23124],"to":[20.9976,0.04107,6.83124],"rotation":{"angle":22.5,"axis":"x","origin":[20.88322,-0.11954,5.7484]},"faces":{"north":{"uv":[6,3,7,4],"rotation":180,"texture":"#6"},"east":{"uv":[7,4,6,3],"rotation":270,"texture":"#6"},"south":{"uv":[6,3,7,4],"texture":"#6"},"west":{"uv":[7,4,6,3],"rotation":90,"texture":"#6"},"up":{"uv":[6,3,7,4],"texture":"#6"},"down":{"uv":[6,3,7,4],"rotation":180,"texture":"#6"}}}],"display":{"thirdperson_righthand":{"scale":[0.5,0.5,0.5]},"thirdperson_lefthand":{"scale":[0.5,0.5,0.5]},"gui":{"rotation":[30,-45,0],"translation":[0,1.5,0],"scale":[0.6,0.6,0.6]},"head":{"rotation":[0,90,0],"translation":[0,10,0],"scale":[0.902,0.902,0.902]}},"groups":[{"name":"group","origin":[8,8,8],"children":[0,1,2,3]},{"name":"group","origin":[8,8,8],"children":[4,5,6,7,8,9]},{"name":"group","origin":[8,8,8],"children":[10,11,12,13,14,15,16,17,18,19,20,21]},{"name":"group","origin":[22.46454,-1.09455,8.0025],"children":[22,23,24,25,26,27,28,29,30,31,32,33,34,35,36]},{"name":"group","origin":[8,8,8],"children":[37,38,39,40,41]},{"name":"group","origin":[8,8,8],"children":[{"name":"group","origin":[19.63,0.52672,3.36337],"children":[42,43,44,45,46,47,48,{"name":"group","origin":[19.63,0.52672,3.36337],"children":[49,50,51,52,53,54]}]},{"name":"group","origin":[19.63,0.52672,3.36337],"children":[55,56,57,58,59,60,61,{"name":"group","origin":[19.63,0.52672,3.36337],"children":[62,63,64,65,66,67]}]},{"name":"group","origin":[20.01131,0.52275,6.96598],"children":[68,69,70,71,72,73]},{"name":"group","origin":[19.63,0.52672,3.36337],"children":[74,75,76,77,78,79,80,{"name":"group","origin":[19.63,0.52672,3.36337],"children":[81,82,83,84,85,86]}]}]}],"credit":"Model by Craftventure"}