{"textures":{"1":"block/red_mushroom_block","2":"block/mushroom_block_inside"},"elements":[{"from":[0,0,0],"to":[16,2,16],"faces":{"north":{"uv":[0,2,16,4],"texture":"#1"},"east":{"uv":[0,13,16,15],"texture":"#1"},"south":{"uv":[0,6,16,8],"texture":"#1"},"west":{"uv":[0,2,16,4],"texture":"#1"},"up":{"uv":[0,0,16,16],"texture":"#1"},"down":{"uv":[0,0,16,16],"texture":"#2"}}},{"from":[-1,2,-1],"to":[17,5,17],"faces":{"north":{"uv":[0,1,16,4],"texture":"#1"},"east":{"uv":[0,6,16,9],"texture":"#1"},"south":{"uv":[0,12,16,15],"texture":"#1"},"west":{"uv":[0,4,16,8],"texture":"#1"},"up":{"uv":[0,0,16,16],"texture":"#1"},"down":{"uv":[0,0,16,16],"texture":"#1"}}},{"from":[0,5,0],"to":[16,7,16],"faces":{"north":{"uv":[0,3,16,5],"texture":"#1"},"east":{"uv":[0,0,16,2],"texture":"#1"},"south":{"uv":[0,0,16,2],"texture":"#1"},"west":{"uv":[0,6,16,8],"texture":"#1"},"up":{"uv":[2,2,15,15],"rotation":180,"texture":"#1"},"down":{"uv":[0,0,16,16],"texture":"#1"}}},{"from":[2,7,2],"to":[14,8,14],"faces":{"north":{"uv":[0,4,12,5],"texture":"#1"},"east":{"uv":[2,7,14,8],"texture":"#1"},"south":{"uv":[1.3,12,13.7,13],"texture":"#1"},"west":{"uv":[0,0,12,1],"texture":"#1"},"up":{"uv":[1,1,14,14],"texture":"#1"},"down":{"uv":[0,0,12,12],"texture":"#1"}}}],"display":{"gui":{"rotation":[30,-135,0],"translation":[0,2.5,0],"scale":[0.6,0.6,0.6]},"head":{"translation":[0,11,0]}},"credit":"Model by Craftventure"}