{"textures":{"1":"block/coal_block","2":"block/stripped_birch_log","3":"block/gold_block","4":"block/hny2019","5":"item/firework_rocket","6":"block/oak_planks","particle":"block/stripped_birch_log"},"elements":[{"from":[1,3,1],"to":[15,10,15],"faces":{"north":{"uv":[0,0,14,4],"texture":"#1"},"east":{"uv":[0,0,14,4],"texture":"#1"},"south":{"uv":[0,0,14,4],"texture":"#1"},"west":{"uv":[0,0,14,4],"texture":"#1"},"up":{"uv":[0,0,14,14],"texture":"#1"},"down":{"uv":[0,0,14,14],"texture":"#1"}}},{"from":[1.5,5,1.5],"to":[14.5,11,14.5],"faces":{"north":{"uv":[0,0,10,6],"texture":"#1"},"east":{"uv":[0,0,10,6],"texture":"#1"},"south":{"uv":[0,0,10,6],"texture":"#1"},"west":{"uv":[0,0,10,6],"texture":"#1"},"up":{"uv":[0,0,10,10],"texture":"#1"},"down":{"uv":[0,0,10,10],"texture":"#1"}}},{"from":[0.1,6.6,-0.7],"to":[15.9,9.6,2.3],"rotation":{"angle":-45,"axis":"x","origin":[8,8,8]},"faces":{"north":{"uv":[2,0,5,1],"rotation":90,"texture":"#3"},"east":{"uv":[0,0,16,16],"texture":"#3"},"south":{"uv":[2,0,5,1],"rotation":270,"texture":"#3"},"west":{"uv":[0,0,16,16],"texture":"#3"},"up":{"uv":[2,0,5,1],"rotation":90,"texture":"#3"},"down":{"uv":[2,0,5,1],"rotation":90,"texture":"#3"}}},{"from":[0.1,2.9,3.1],"to":[15.9,5.9,6.1],"rotation":{"angle":-45,"axis":"x","origin":[8,8,8]},"faces":{"north":{"uv":[2,0,5,1],"rotation":90,"texture":"#3"},"east":{"uv":[0,0,16,16],"texture":"#3"},"south":{"uv":[2,0,5,1],"rotation":270,"texture":"#3"},"west":{"uv":[0,0,16,16],"texture":"#3"},"up":{"uv":[2,0,5,1],"rotation":90,"texture":"#3"},"down":{"uv":[2,0,5,1],"rotation":90,"texture":"#3"}}},{"from":[0.1,-0.9,6.8],"to":[15.9,2.1,9.8],"rotation":{"angle":-45,"axis":"x","origin":[8,8,8]},"faces":{"north":{"uv":[2,0,5,1],"rotation":90,"texture":"#3"},"east":{"uv":[0,0,16,16],"texture":"#3"},"south":{"uv":[2,0,5,1],"rotation":270,"texture":"#3"},"west":{"uv":[0,0,16,16],"texture":"#3"},"up":{"uv":[2,0,5,1],"rotation":90,"texture":"#3"},"down":{"uv":[2,0,5,1],"rotation":90,"texture":"#3"}}},{"from":[-0.7,6.6,0.1],"to":[2.3,9.6,15.9],"rotation":{"angle":45,"axis":"z","origin":[8,8,8]},"faces":{"north":{"uv":[0,0,16,16],"rotation":90,"texture":"#3"},"east":{"uv":[2,0,5,1],"rotation":270,"texture":"#3"},"south":{"uv":[0,0,16,16],"rotation":270,"texture":"#3"},"west":{"uv":[2,0,5,1],"rotation":90,"texture":"#3"},"up":{"uv":[2,0,5,1],"texture":"#3"},"down":{"uv":[2,0,5,1],"rotation":180,"texture":"#3"}}},{"from":[3.1,2.8,0.1],"to":[6.1,5.8,15.9],"rotation":{"angle":45,"axis":"z","origin":[8,8,8]},"faces":{"north":{"uv":[0,0,16,16],"rotation":90,"texture":"#3"},"east":{"uv":[2,0,5,1],"rotation":270,"texture":"#3"},"south":{"uv":[0,0,16,16],"rotation":270,"texture":"#3"},"west":{"uv":[2,0,5,1],"rotation":90,"texture":"#3"},"up":{"uv":[2,0,5,1],"texture":"#3"},"down":{"uv":[2,0,5,1],"rotation":180,"texture":"#3"}}},{"from":[6.7,-0.9,0.1],"to":[9.7,2.1,15.9],"rotation":{"angle":45,"axis":"z","origin":[8,8,8]},"faces":{"north":{"uv":[0,0,16,16],"rotation":90,"texture":"#3"},"east":{"uv":[2,0,5,1],"rotation":270,"texture":"#3"},"south":{"uv":[0,0,16,16],"rotation":270,"texture":"#3"},"west":{"uv":[2,0,5,1],"rotation":90,"texture":"#3"},"up":{"uv":[2,0,5,1],"texture":"#3"},"down":{"uv":[2,0,5,1],"rotation":180,"texture":"#3"}}},{"from":[0.9,3.2,0.9],"to":[15.1,4.2,15.1],"faces":{"north":{"uv":[0,0,16,1],"rotation":180,"texture":"#2"},"east":{"uv":[0,0,16,1],"rotation":180,"texture":"#2"},"south":{"uv":[0,0,16,1],"rotation":180,"texture":"#2"},"west":{"uv":[0,0,16,1],"rotation":180,"texture":"#2"},"up":{"uv":[0,0,16,1],"rotation":180,"texture":"#2"},"down":{"uv":[0,0,16,1],"rotation":180,"texture":"#2"}}},{"from":[2.9,4.8,0.95],"to":[12.9,9.8,1.95],"faces":{"north":{"uv":[2.20469,5.34844,14.19999,11.08514],"texture":"#4"},"east":{"uv":[0,0,16,1],"rotation":90,"texture":"#4"},"south":{"uv":[0,0,16,1],"rotation":180,"texture":"#4"},"west":{"uv":[0,0,16,1],"rotation":270,"texture":"#4"},"up":{"uv":[0,0,16,1],"texture":"#4"},"down":{"uv":[0,0,16,1],"rotation":180,"texture":"#4"}}},{"from":[15,9,6],"to":[16,11,7],"rotation":{"angle":-22.5,"axis":"z","origin":[8,8,8]},"faces":{"north":{"uv":[7,5,10,13],"texture":"#5"},"east":{"uv":[7,5,10,13],"texture":"#5"},"south":{"uv":[7,5,10,13],"texture":"#5"},"west":{"uv":[7,5,10,13],"texture":"#5"},"up":{"uv":[7,5,8,6],"texture":"#5"},"down":{"uv":[7,5,8,6],"texture":"#5"}}},{"from":[15.25,7.7,6.25],"to":[15.75,9.7,6.75],"rotation":{"angle":-22.5,"axis":"z","origin":[8,8,8]},"faces":{"north":{"uv":[8,1,12,12],"texture":"#6"},"east":{"uv":[8,1,12,12],"texture":"#6"},"south":{"uv":[8,1,12,12],"texture":"#6"},"west":{"uv":[8,1,12,12],"texture":"#6"},"up":{"uv":[8,0,11,3],"texture":"#6"},"down":{"uv":[8,0,11,3],"texture":"#6"}}},{"from":[15.25,11.7,6.25],"to":[15.75,12.2,6.75],"rotation":{"angle":-22.5,"axis":"z","origin":[8,8,8]},"faces":{"north":{"uv":[8,2,9,3],"texture":"#5"},"east":{"uv":[8,2,9,3],"texture":"#5"},"south":{"uv":[8,2,9,3],"texture":"#5"},"west":{"uv":[8,2,9,3],"texture":"#5"},"up":{"uv":[8,2,9,3],"texture":"#5"},"down":{"uv":[8,2,9,3],"texture":"#5"}}},{"from":[15,11.3,6],"to":[16,11.8,7],"rotation":{"angle":-22.5,"axis":"z","origin":[8,8,8]},"faces":{"north":{"uv":[7,3,10,4],"texture":"#5"},"east":{"uv":[7,3,10,4],"texture":"#5"},"south":{"uv":[7,3,10,4],"texture":"#5"},"west":{"uv":[7,3,10,4],"texture":"#5"},"up":{"uv":[8,4,10,6],"texture":"#5"},"down":{"uv":[7,3,10,4],"texture":"#5"}}},{"from":[14.8525,11,5.8525],"to":[16.1025,11.5,7.1025],"rotation":{"angle":-22.5,"axis":"z","origin":[8,8,8]},"faces":{"north":{"uv":[6,4,11,6],"texture":"#5"},"east":{"uv":[6,4,11,6],"texture":"#5"},"south":{"uv":[6,4,11,6],"texture":"#5"},"west":{"uv":[6,4,11,6],"texture":"#5"},"up":{"uv":[8,5,9,6],"texture":"#5"},"down":{"uv":[6,4,11,6],"texture":"#5"}}},{"from":[-0.75,5.7,4.25],"to":[-0.25,8.7,4.75],"rotation":{"angle":22.5,"axis":"z","origin":[8,8,8]},"faces":{"north":{"uv":[8,1,12,12],"texture":"#6"},"east":{"uv":[8,1,12,12],"texture":"#6"},"south":{"uv":[8,1,12,12],"texture":"#6"},"west":{"uv":[8,1,12,12],"texture":"#6"},"up":{"uv":[8,0,11,3],"texture":"#6"},"down":{"uv":[8,0,11,3],"texture":"#6"}}},{"from":[-1,8,4],"to":[0,10,5],"rotation":{"angle":22.5,"axis":"z","origin":[8,8,8]},"faces":{"north":{"uv":[7,5,10,13],"texture":"#5"},"east":{"uv":[7,5,10,13],"texture":"#5"},"south":{"uv":[7,5,10,13],"texture":"#5"},"west":{"uv":[7,5,10,13],"texture":"#5"},"up":{"uv":[7,5,8,6],"texture":"#5"},"down":{"uv":[7,5,8,6],"texture":"#5"}}},{"from":[-1.1475,10,3.8525],"to":[0.1025,10.5,5.1025],"rotation":{"angle":22.5,"axis":"z","origin":[8,8,8]},"faces":{"north":{"uv":[6,4,11,6],"texture":"#5"},"east":{"uv":[6,4,11,6],"texture":"#5"},"south":{"uv":[6,4,11,6],"texture":"#5"},"west":{"uv":[6,4,11,6],"texture":"#5"},"up":{"uv":[8,5,9,6],"texture":"#5"},"down":{"uv":[6,4,11,6],"texture":"#5"}}},{"from":[-1,10.3,4],"to":[0,10.8,5],"rotation":{"angle":22.5,"axis":"z","origin":[8,8,8]},"faces":{"north":{"uv":[7,3,10,4],"texture":"#5"},"east":{"uv":[7,3,10,4],"texture":"#5"},"south":{"uv":[7,3,10,4],"texture":"#5"},"west":{"uv":[7,3,10,4],"texture":"#5"},"up":{"uv":[8,4,10,6],"texture":"#5"},"down":{"uv":[7,3,10,4],"texture":"#5"}}},{"from":[-0.75,10.7,4.25],"to":[-0.25,11.2,4.75],"rotation":{"angle":22.5,"axis":"z","origin":[8,8,8]},"faces":{"north":{"uv":[8,2,9,3],"texture":"#5"},"east":{"uv":[8,2,9,3],"texture":"#5"},"south":{"uv":[8,2,9,3],"texture":"#5"},"west":{"uv":[8,2,9,3],"texture":"#5"},"up":{"uv":[8,2,9,3],"texture":"#5"},"down":{"uv":[8,2,9,3],"texture":"#5"}}},{"from":[3.25,8.7,11.25],"to":[3.75,11.7,11.75],"rotation":{"angle":22.5,"axis":"z","origin":[9,2,8]},"faces":{"north":{"uv":[8,1,12,12],"texture":"#6"},"east":{"uv":[8,1,12,12],"rotation":180,"texture":"#6"},"south":{"uv":[8,1,12,12],"texture":"#6"},"west":{"uv":[8,1,12,12],"rotation":180,"texture":"#6"},"up":{"uv":[8,0,11,3],"rotation":180,"texture":"#6"},"down":{"uv":[8,0,11,3],"rotation":180,"texture":"#6"}}},{"from":[3,11,11],"to":[4,13,12],"rotation":{"angle":22.5,"axis":"z","origin":[9,2,8]},"faces":{"north":{"uv":[7,5,10,13],"texture":"#5"},"east":{"uv":[7,5,10,13],"rotation":180,"texture":"#5"},"south":{"uv":[7,5,10,13],"texture":"#5"},"west":{"uv":[7,5,10,13],"rotation":180,"texture":"#5"},"up":{"uv":[7,5,8,6],"rotation":180,"texture":"#5"},"down":{"uv":[7,5,8,6],"rotation":180,"texture":"#5"}}},{"from":[2.8525,13,10.8525],"to":[4.1025,13.5,12.1025],"rotation":{"angle":22.5,"axis":"z","origin":[9,2,8]},"faces":{"north":{"uv":[6,4,11,6],"texture":"#5"},"east":{"uv":[6,4,11,6],"texture":"#5"},"south":{"uv":[6,4,11,6],"texture":"#5"},"west":{"uv":[6,4,11,6],"texture":"#5"},"up":{"uv":[8,5,9,6],"rotation":180,"texture":"#5"},"down":{"uv":[6,4,11,6],"texture":"#5"}}},{"from":[3,13.3,11],"to":[4,13.8,12],"rotation":{"angle":22.5,"axis":"z","origin":[9,2,8]},"faces":{"north":{"uv":[7,3,10,4],"rotation":180,"texture":"#5"},"east":{"uv":[7,3,10,4],"rotation":180,"texture":"#5"},"south":{"uv":[7,3,10,4],"rotation":180,"texture":"#5"},"west":{"uv":[7,3,10,4],"rotation":180,"texture":"#5"},"up":{"uv":[8,4,10,6],"rotation":180,"texture":"#5"},"down":{"uv":[7,3,10,4],"rotation":180,"texture":"#5"}}},{"from":[3.25,13.7,11.25],"to":[3.75,14.2,11.75],"rotation":{"angle":22.5,"axis":"z","origin":[9,2,8]},"faces":{"north":{"uv":[8,2,9,3],"texture":"#5"},"east":{"uv":[8,2,9,3],"texture":"#5"},"south":{"uv":[8,2,9,3],"texture":"#5"},"west":{"uv":[8,2,9,3],"texture":"#5"},"up":{"uv":[8,2,9,3],"texture":"#5"},"down":{"uv":[8,2,9,3],"texture":"#5"}}},{"from":[11.25,7.7,9.25],"to":[11.75,10.7,9.75],"rotation":{"angle":-45,"axis":"z","origin":[9,2,8]},"faces":{"north":{"uv":[8,1,12,12],"texture":"#6"},"east":{"uv":[8,1,12,12],"texture":"#6"},"south":{"uv":[8,1,12,12],"texture":"#6"},"west":{"uv":[8,1,12,12],"texture":"#6"},"up":{"uv":[8,0,11,3],"texture":"#6"},"down":{"uv":[8,0,11,3],"texture":"#6"}}},{"from":[11,10,9],"to":[12,12,10],"rotation":{"angle":-45,"axis":"z","origin":[9,2,8]},"faces":{"north":{"uv":[7,5,10,13],"texture":"#5"},"east":{"uv":[7,5,10,13],"texture":"#5"},"south":{"uv":[7,5,10,13],"texture":"#5"},"west":{"uv":[7,5,10,13],"texture":"#5"},"up":{"uv":[7,5,8,6],"texture":"#5"},"down":{"uv":[7,5,8,6],"texture":"#5"}}},{"from":[10.8525,12,8.8525],"to":[12.1025,12.5,10.1025],"rotation":{"angle":-45,"axis":"z","origin":[9,2,8]},"faces":{"north":{"uv":[6,4,11,6],"texture":"#5"},"east":{"uv":[6,4,11,6],"texture":"#5"},"south":{"uv":[6,4,11,6],"texture":"#5"},"west":{"uv":[6,4,11,6],"texture":"#5"},"up":{"uv":[8,5,9,6],"texture":"#5"},"down":{"uv":[6,4,11,6],"texture":"#5"}}},{"from":[11,12.3,9],"to":[12,12.8,10],"rotation":{"angle":-45,"axis":"z","origin":[9,2,8]},"faces":{"north":{"uv":[7,3,10,4],"texture":"#5"},"east":{"uv":[7,3,10,4],"texture":"#5"},"south":{"uv":[7,3,10,4],"texture":"#5"},"west":{"uv":[7,3,10,4],"texture":"#5"},"up":{"uv":[8,4,10,6],"texture":"#5"},"down":{"uv":[7,3,10,4],"texture":"#5"}}},{"from":[11.25,12.7,9.25],"to":[11.75,13.2,9.75],"rotation":{"angle":-45,"axis":"z","origin":[9,2,8]},"faces":{"north":{"uv":[8,2,9,3],"texture":"#5"},"east":{"uv":[8,2,9,3],"texture":"#5"},"south":{"uv":[8,2,9,3],"texture":"#5"},"west":{"uv":[8,2,9,3],"texture":"#5"},"up":{"uv":[8,2,9,3],"texture":"#5"},"down":{"uv":[8,2,9,3],"texture":"#5"}}}],"display":{"gui":{"rotation":[30,-135,0],"translation":[0,0.5,0],"scale":[0.6,0.6,0.6]},"head":{"rotation":[0,-2,2],"translation":[-1.51,10.4,-0.6],"scale":[0.6,0.6,0.6]}},"groups":[0,1,2,3,4,5,6,7,8,9,{"name":"firework1","origin":[8,8,8],"color":0,"children":[10,11,12,13,14]},{"name":"firework2","origin":[8,8,8],"color":0,"children":[15,16,17,18,19]},{"name":"firework3","origin":[8,8,8],"color":0,"children":[20,21,22,23,24]},{"name":"firework4","origin":[8,8,8],"color":0,"children":[25,26,27,28,29]}],"credit":"Model by Craftventure"}