{"textures":{"0":"block/dark_oak_planks","1":"block/anvil","3":"block/red_concrete_powder","4":"block/red_concrete","5":"block/spruce_planks","6":"block/blue_concrete_powder","7":"block/blue_concrete","8":"block/chiseled_quartz_block_top","9":"block/light_gray_concrete","10":"item/newyearsitem2020","14":"block/bierglas","particle":"block/dark_oak_planks"},"elements":[{"from":[2,7.7,7],"to":[11,13.2,10],"rotation":{"angle":-45,"axis":"y","origin":[7,17,10],"rescale":true},"faces":{"north":{"uv":[0,0,9,6],"texture":"#0"},"east":{"uv":[0,0,3,6],"texture":"#0"},"south":{"uv":[0,0,9,6],"texture":"#0"},"west":{"uv":[0,0,3,6],"texture":"#0"},"up":{"uv":[6,3,7,4],"rotation":90,"texture":"#0"},"down":{"uv":[0,0,3,9],"rotation":270,"texture":"#0"}}},{"from":[8,7.7,3],"to":[11,13.2,12],"rotation":{"angle":-45,"axis":"y","origin":[9,17,6],"rescale":true},"faces":{"north":{"uv":[0,0,3,6],"texture":"#0"},"east":{"uv":[0,0,9,6],"texture":"#0"},"south":{"uv":[0,0,3,6],"texture":"#0"},"west":{"uv":[0,0,9,6],"texture":"#0"},"up":{"uv":[6,3,7,4],"rotation":180,"texture":"#0"},"down":{"uv":[0,0,3,9],"rotation":180,"texture":"#0"}}},{"from":[2,7.7,5],"to":[14,13.2,11],"rotation":{"angle":0,"axis":"y","origin":[7,17,10]},"faces":{"north":{"uv":[0,0,12,6],"texture":"#0"},"east":{"uv":[0,0,6,6],"texture":"#0"},"south":{"uv":[0,0,12,6],"texture":"#0"},"west":{"uv":[0,0,6,6],"texture":"#0"},"up":{"uv":[6,3,7,4],"rotation":90,"texture":"#0"},"down":{"uv":[0,0,6,12],"rotation":270,"texture":"#0"}}},{"from":[5,7.7,2],"to":[11,13.2,14],"rotation":{"angle":0,"axis":"y","origin":[9,17,6]},"faces":{"north":{"uv":[0,0,6,6],"texture":"#0"},"east":{"uv":[0,0,12,6],"texture":"#0"},"south":{"uv":[0,0,6,6],"texture":"#0"},"west":{"uv":[0,0,12,6],"texture":"#0"},"up":{"uv":[6,3,7,4],"rotation":180,"texture":"#0"},"down":{"uv":[0,0,6,12],"rotation":180,"texture":"#0"}}},{"from":[4.7,7.9,1.9],"to":[12.2,12.9,1.9],"faces":{"north":{"uv":[1.32,1.16,13.099,8.839],"texture":"#10"},"east":{"uv":[0,0,1,4],"texture":"#missing"},"south":{"uv":[0,1.18,1.699,1.718],"texture":"#10"},"west":{"uv":[0,0,1,4],"texture":"#missing"},"up":{"uv":[0,0,6,1],"texture":"#missing"},"down":{"uv":[0,0,6,1],"texture":"#missing"}}},{"from":[3.6,1.4,1.9],"to":[12.4,6,1.9],"faces":{"north":{"uv":[0,9.2,15.999,15.998],"texture":"#10"},"east":{"uv":[0,0,1,4],"texture":"#missing"},"south":{"uv":[0,2.1,1.8,4.379],"texture":"#10"},"west":{"uv":[0,0,1,4],"texture":"#missing"},"up":{"uv":[0,0,6,1],"texture":"#missing"},"down":{"uv":[0,0,6,1],"texture":"#missing"}}},{"from":[5.2,7.9,14.1],"to":[10.8,12.5,14.1],"faces":{"north":{"uv":[0,9.2,0.538,10.737],"texture":"#10"},"east":{"uv":[0,0,1,4],"texture":"#missing"},"south":{"uv":[0.72,9.68,7.377,14.657],"texture":"#10"},"west":{"uv":[0,0,1,4],"texture":"#missing"},"up":{"uv":[0,0,6,1],"texture":"#missing"},"down":{"uv":[0,0,6,1],"texture":"#missing"}}},{"from":[4.9,1.6,14.1],"to":[11.7,6.2,14.1],"faces":{"north":{"uv":[0,9.2,0.538,10.578],"texture":"#10"},"east":{"uv":[0,0,1,4],"texture":"#missing"},"south":{"uv":[7.42,9.68,15.555,14.657],"texture":"#10"},"west":{"uv":[0,0,1,4],"texture":"#missing"},"up":{"uv":[0,0,6,1],"texture":"#missing"},"down":{"uv":[0,0,6,1],"texture":"#missing"}}},{"from":[2,0.2,7],"to":[11,7.8,10],"rotation":{"angle":-45,"axis":"y","origin":[7,8.7,10],"rescale":true},"faces":{"north":{"uv":[0,0,9,6],"texture":"#0"},"east":{"uv":[0,0,3,6],"texture":"#0"},"south":{"uv":[0,0,9,6],"texture":"#0"},"west":{"uv":[0,0,3,6],"texture":"#0"},"up":{"uv":[0,0,3,9],"rotation":90,"texture":"#0"},"down":{"uv":[11,1,12,2],"rotation":270,"texture":"#0"}}},{"from":[8,0.2,3],"to":[11,7.8,12],"rotation":{"angle":-45,"axis":"y","origin":[9,8.7,6],"rescale":true},"faces":{"north":{"uv":[0,0,3,6],"texture":"#0"},"east":{"uv":[0,0,9,6],"texture":"#0"},"south":{"uv":[0,0,3,6],"texture":"#0"},"west":{"uv":[0,0,9,6],"texture":"#0"},"up":{"uv":[0,0,3,9],"rotation":180,"texture":"#0"},"down":{"uv":[11,1,12,2],"rotation":180,"texture":"#0"}}},{"from":[5,0.2,2],"to":[11,7.8,14],"rotation":{"angle":0,"axis":"y","origin":[9,8.7,6]},"faces":{"north":{"uv":[0,0,6,6],"texture":"#0"},"east":{"uv":[0,0,12,6],"texture":"#0"},"south":{"uv":[0,0,6,6],"texture":"#0"},"west":{"uv":[0,0,12,6],"texture":"#0"},"up":{"uv":[0,0,6,12],"rotation":180,"texture":"#0"},"down":{"uv":[11,1,12,2],"rotation":180,"texture":"#0"}}},{"from":[2,0.2,5],"to":[14,7.8,11],"rotation":{"angle":0,"axis":"y","origin":[7,8.7,10]},"faces":{"north":{"uv":[0,0,12,6],"texture":"#0"},"east":{"uv":[0,0,6,6],"texture":"#0"},"south":{"uv":[0,0,12,6],"texture":"#0"},"west":{"uv":[0,0,6,6],"texture":"#0"},"up":{"uv":[0,0,6,12],"rotation":90,"texture":"#0"},"down":{"uv":[11,1,12,2],"rotation":270,"texture":"#0"}}},{"from":[14,6.7,6],"to":[15,7.7,9],"rotation":{"angle":-45,"axis":"y","origin":[9,16.7,6],"rescale":true},"faces":{"north":{"uv":[0,0,1,1],"texture":"#1"},"east":{"uv":[0,0,3,1],"texture":"#1"},"south":{"uv":[0,0,1,1],"texture":"#1"},"west":{"uv":[0,0,3,1],"texture":"#1"},"up":{"uv":[0,0,3,1],"rotation":270,"texture":"#1"},"down":{"uv":[0,0,3,1],"rotation":90,"texture":"#1"}}},{"from":[14,-0.1,6],"to":[15,0.9,9],"rotation":{"angle":-45,"axis":"y","origin":[9,16.7,6],"rescale":true},"faces":{"north":{"uv":[0,0,1,1],"texture":"#1"},"east":{"uv":[0,0,3,1],"texture":"#1"},"south":{"uv":[0,0,1,1],"texture":"#1"},"west":{"uv":[0,0,3,1],"texture":"#1"},"up":{"uv":[0,0,3,1],"rotation":270,"texture":"#1"},"down":{"uv":[0,0,3,1],"rotation":90,"texture":"#1"}}},{"from":[4,6.7,14],"to":[12,7.7,15],"rotation":{"angle":0,"axis":"y","origin":[9,16.7,6]},"faces":{"north":{"uv":[0,0,8,1],"texture":"#1"},"east":{"uv":[0,0,1,1],"texture":"#1"},"south":{"uv":[0,0,8,1],"texture":"#1"},"west":{"uv":[0,0,1,1],"texture":"#1"},"up":{"uv":[0,0,8,1],"rotation":180,"texture":"#1"},"down":{"uv":[0,0,8,1],"rotation":180,"texture":"#1"}}},{"from":[8,6.7,12],"to":[11,7.7,13],"rotation":{"angle":-45,"axis":"y","origin":[9,16.7,6],"rescale":true},"faces":{"north":{"uv":[0,0,3,1],"texture":"#1"},"east":{"uv":[0,0,1,1],"texture":"#1"},"south":{"uv":[0,0,3,1],"texture":"#1"},"west":{"uv":[0,0,1,1],"texture":"#1"},"up":{"uv":[0,0,3,1],"rotation":180,"texture":"#1"},"down":{"uv":[0,0,3,1],"rotation":180,"texture":"#1"}}},{"from":[1,6.7,7],"to":[2,7.7,10],"rotation":{"angle":-45,"axis":"y","origin":[7,16.7,10],"rescale":true},"faces":{"north":{"uv":[0,0,1,1],"texture":"#1"},"east":{"uv":[0,0,3,1],"texture":"#1"},"south":{"uv":[0,0,1,1],"texture":"#1"},"west":{"uv":[0,0,3,1],"texture":"#1"},"up":{"uv":[0,0,3,1],"rotation":90,"texture":"#1"},"down":{"uv":[0,0,3,1],"rotation":270,"texture":"#1"}}},{"from":[13,6.7,8],"to":[14,7.7,11],"rotation":{"angle":45,"axis":"y","origin":[7,16.7,10],"rescale":true},"faces":{"north":{"uv":[0,0,1,1],"texture":"#1"},"east":{"uv":[0,0,3,1],"texture":"#1"},"south":{"uv":[0,0,1,1],"texture":"#1"},"west":{"uv":[0,0,3,1],"texture":"#1"},"up":{"uv":[0,0,3,1],"rotation":270,"texture":"#1"},"down":{"uv":[0,0,3,1],"rotation":90,"texture":"#1"}}},{"from":[1,6.7,4],"to":[2,7.7,12],"rotation":{"angle":0,"axis":"y","origin":[7,16.7,10]},"faces":{"north":{"uv":[0,0,1,1],"texture":"#1"},"east":{"uv":[0,0,6,1],"texture":"#1"},"south":{"uv":[0,0,1,1],"texture":"#1"},"west":{"uv":[0,0,6,1],"texture":"#1"},"up":{"uv":[0,0,3,1],"rotation":90,"texture":"#1"},"down":{"uv":[0,0,6,1],"rotation":270,"texture":"#1"}}},{"from":[14,6.7,4],"to":[15,7.7,12],"rotation":{"angle":0,"axis":"y","origin":[7,16.7,10]},"faces":{"north":{"uv":[0,0,1,1],"texture":"#1"},"east":{"uv":[0,0,8,1],"texture":"#1"},"south":{"uv":[0,0,1,1],"texture":"#1"},"west":{"uv":[0,0,8,1],"texture":"#1"},"up":{"uv":[0,0,8,1],"rotation":90,"texture":"#1"},"down":{"uv":[0,0,8,1],"rotation":270,"texture":"#1"}}},{"from":[4,6.7,1],"to":[12,7.7,2],"rotation":{"angle":0,"axis":"y","origin":[7,16.7,10]},"faces":{"north":{"uv":[0,0,5,1],"texture":"#1"},"east":{"uv":[0,0,1,1],"texture":"#1"},"south":{"uv":[0,0,6,1],"texture":"#1"},"west":{"uv":[0,0,1,1],"texture":"#1"},"up":{"uv":[0,0,6,1],"texture":"#1"},"down":{"uv":[0,0,6,1],"texture":"#1"}}},{"from":[14,13,6],"to":[15,14,9],"rotation":{"angle":-45,"axis":"y","origin":[9,23,6],"rescale":true},"faces":{"north":{"uv":[0,0,1,1],"texture":"#1"},"east":{"uv":[0,0,3,1],"texture":"#1"},"south":{"uv":[0,0,1,1],"texture":"#1"},"west":{"uv":[0,0,3,1],"texture":"#1"},"up":{"uv":[0,0,3,1],"rotation":270,"texture":"#1"},"down":{"uv":[0,0,3,1],"rotation":90,"texture":"#1"}}},{"from":[4,13,14],"to":[12,14,15],"rotation":{"angle":0,"axis":"y","origin":[9,23,6]},"faces":{"north":{"uv":[0,0,8,1],"texture":"#1"},"east":{"uv":[0,0,1,1],"texture":"#1"},"south":{"uv":[0,0,8,1],"texture":"#1"},"west":{"uv":[0,0,1,1],"texture":"#1"},"up":{"uv":[0,0,8,1],"rotation":180,"texture":"#1"},"down":{"uv":[0,0,8,1],"rotation":180,"texture":"#1"}}},{"from":[8,13,12],"to":[11,14,13],"rotation":{"angle":-45,"axis":"y","origin":[9,23,6],"rescale":true},"faces":{"north":{"uv":[0,0,3,1],"texture":"#1"},"east":{"uv":[0,0,1,1],"texture":"#1"},"south":{"uv":[0,0,3,1],"texture":"#1"},"west":{"uv":[0,0,1,1],"texture":"#1"},"up":{"uv":[0,0,3,1],"rotation":180,"texture":"#1"},"down":{"uv":[0,0,3,1],"rotation":180,"texture":"#1"}}},{"from":[1,13,7],"to":[2,14,10],"rotation":{"angle":-45,"axis":"y","origin":[7,23,10],"rescale":true},"faces":{"north":{"uv":[0,0,1,1],"texture":"#1"},"east":{"uv":[0,0,3,1],"texture":"#1"},"south":{"uv":[0,0,1,1],"texture":"#1"},"west":{"uv":[0,0,3,1],"texture":"#1"},"up":{"uv":[0,0,3,1],"rotation":90,"texture":"#1"},"down":{"uv":[0,0,3,1],"rotation":270,"texture":"#1"}}},{"from":[13,13,8],"to":[14,14,11],"rotation":{"angle":45,"axis":"y","origin":[7,23,10],"rescale":true},"faces":{"north":{"uv":[0,0,1,1],"texture":"#1"},"east":{"uv":[0,0,3,1],"texture":"#1"},"south":{"uv":[0,0,1,1],"texture":"#1"},"west":{"uv":[0,0,3,1],"texture":"#1"},"up":{"uv":[0,0,3,1],"rotation":270,"texture":"#1"},"down":{"uv":[0,0,3,1],"rotation":90,"texture":"#1"}}},{"from":[1,13,4],"to":[2,14,12],"rotation":{"angle":0,"axis":"y","origin":[7,23,10]},"faces":{"north":{"uv":[0,0,1,1],"texture":"#1"},"east":{"uv":[0,0,6,1],"texture":"#1"},"south":{"uv":[0,0,1,1],"texture":"#1"},"west":{"uv":[0,0,6,1],"texture":"#1"},"up":{"uv":[0,0,3,1],"rotation":90,"texture":"#1"},"down":{"uv":[0,0,6,1],"rotation":270,"texture":"#1"}}},{"from":[14,13,4],"to":[15,14,12],"rotation":{"angle":0,"axis":"y","origin":[7,23,10]},"faces":{"north":{"uv":[0,0,1,1],"texture":"#1"},"east":{"uv":[0,0,8,1],"texture":"#1"},"south":{"uv":[0,0,1,1],"texture":"#1"},"west":{"uv":[0,0,8,1],"texture":"#1"},"up":{"uv":[0,0,8,1],"rotation":90,"texture":"#1"},"down":{"uv":[0,0,8,1],"rotation":270,"texture":"#1"}}},{"from":[4,13,1],"to":[12,14,2],"rotation":{"angle":0,"axis":"y","origin":[7,23,10]},"faces":{"north":{"uv":[0,0,5,1],"texture":"#1"},"east":{"uv":[0,0,1,1],"texture":"#1"},"south":{"uv":[0,0,6,1],"texture":"#1"},"west":{"uv":[0,0,1,1],"texture":"#1"},"up":{"uv":[0,0,6,1],"texture":"#1"},"down":{"uv":[0,0,6,1],"texture":"#1"}}},{"from":[13,-0.1,6],"to":[14,0.9,9],"rotation":{"angle":-45,"axis":"y","origin":[9,9.9,6],"rescale":true},"faces":{"north":{"uv":[0,0,1,1],"texture":"#1"},"east":{"uv":[0,0,3,1],"texture":"#1"},"south":{"uv":[0,0,1,1],"texture":"#1"},"west":{"uv":[0,0,3,1],"texture":"#1"},"up":{"uv":[0,0,3,1],"rotation":270,"texture":"#1"},"down":{"uv":[0,0,3,1],"rotation":90,"texture":"#1"}}},{"from":[4,-0.1,14],"to":[12,0.9,15],"rotation":{"angle":0,"axis":"y","origin":[9,9.9,6]},"faces":{"north":{"uv":[0,0,8,1],"texture":"#1"},"east":{"uv":[0,0,1,1],"texture":"#1"},"south":{"uv":[0,0,8,1],"texture":"#1"},"west":{"uv":[0,0,1,1],"texture":"#1"},"up":{"uv":[0,0,8,1],"rotation":180,"texture":"#1"},"down":{"uv":[0,0,8,1],"rotation":180,"texture":"#1"}}},{"from":[8,-0.1,12],"to":[11,0.9,13],"rotation":{"angle":-45,"axis":"y","origin":[9,9.9,6],"rescale":true},"faces":{"north":{"uv":[0,0,3,1],"texture":"#1"},"east":{"uv":[0,0,1,1],"texture":"#1"},"south":{"uv":[0,0,3,1],"texture":"#1"},"west":{"uv":[0,0,1,1],"texture":"#1"},"up":{"uv":[0,0,3,1],"rotation":180,"texture":"#1"},"down":{"uv":[0,0,3,1],"rotation":180,"texture":"#1"}}},{"from":[1,-0.1,7],"to":[2,0.9,10],"rotation":{"angle":-45,"axis":"y","origin":[7,9.9,10],"rescale":true},"faces":{"north":{"uv":[0,0,1,1],"texture":"#1"},"east":{"uv":[0,0,3,1],"texture":"#1"},"south":{"uv":[0,0,1,1],"texture":"#1"},"west":{"uv":[0,0,3,1],"texture":"#1"},"up":{"uv":[0,0,3,1],"rotation":90,"texture":"#1"},"down":{"uv":[0,0,3,1],"rotation":270,"texture":"#1"}}},{"from":[13,-0.1,8],"to":[14,0.9,11],"rotation":{"angle":45,"axis":"y","origin":[7,9.9,10],"rescale":true},"faces":{"north":{"uv":[0,0,1,1],"texture":"#1"},"east":{"uv":[0,0,3,1],"texture":"#1"},"south":{"uv":[0,0,1,1],"texture":"#1"},"west":{"uv":[0,0,3,1],"texture":"#1"},"up":{"uv":[0,0,3,1],"rotation":270,"texture":"#1"},"down":{"uv":[0,0,3,1],"rotation":90,"texture":"#1"}}},{"from":[1,-0.1,4],"to":[2,0.9,12],"rotation":{"angle":0,"axis":"y","origin":[7,9.9,10]},"faces":{"north":{"uv":[0,0,1,1],"texture":"#1"},"east":{"uv":[0,0,6,1],"texture":"#1"},"south":{"uv":[0,0,1,1],"texture":"#1"},"west":{"uv":[0,0,6,1],"texture":"#1"},"up":{"uv":[0,0,3,1],"rotation":90,"texture":"#1"},"down":{"uv":[0,0,6,1],"rotation":270,"texture":"#1"}}},{"from":[14,-0.1,4],"to":[15,0.9,12],"rotation":{"angle":0,"axis":"y","origin":[7,9.9,10]},"faces":{"north":{"uv":[0,0,1,1],"texture":"#1"},"east":{"uv":[0,0,8,1],"texture":"#1"},"south":{"uv":[0,0,1,1],"texture":"#1"},"west":{"uv":[0,0,8,1],"texture":"#1"},"up":{"uv":[0,0,8,1],"rotation":90,"texture":"#1"},"down":{"uv":[0,0,8,1],"rotation":270,"texture":"#1"}}},{"from":[4,-0.1,1],"to":[12,0.9,2],"rotation":{"angle":0,"axis":"y","origin":[7,9.9,10]},"faces":{"north":{"uv":[0,0,5,1],"texture":"#1"},"east":{"uv":[0,0,1,1],"texture":"#1"},"south":{"uv":[0,0,6,1],"texture":"#1"},"west":{"uv":[0,0,1,1],"texture":"#1"},"up":{"uv":[0,0,6,1],"texture":"#1"},"down":{"uv":[0,0,6,1],"texture":"#1"}}},{"from":[11,12.9,7.4],"to":[12,13.9,8.4],"rotation":{"angle":-45,"axis":"z","origin":[8,8.9,8],"rescale":true},"faces":{"north":{"uv":[0,0,1,1],"texture":"#1"},"east":{"uv":[0,0,1,1],"texture":"#1"},"south":{"uv":[0,0,1,1],"texture":"#1"},"west":{"uv":[0,0,1,1],"texture":"#1"},"up":{"uv":[0,0,1,1],"rotation":180,"texture":"#1"},"down":{"uv":[0,0,1,1],"rotation":180,"texture":"#1"}}},{"from":[14,9.9,7.4],"to":[16,10.9,8.4],"rotation":{"angle":0,"axis":"y","origin":[8,8.9,8]},"faces":{"north":{"uv":[0,0,2,1],"texture":"#1"},"east":{"uv":[0,0,1,1],"texture":"#1"},"south":{"uv":[0,0,2,1],"texture":"#1"},"west":{"uv":[0,0,1,1],"texture":"#1"},"up":{"uv":[0,0,2,1],"rotation":180,"texture":"#1"},"down":{"uv":[0,0,2,1],"rotation":180,"texture":"#1"}}},{"from":[14,4.9,7.4],"to":[16,5.9,8.4],"rotation":{"angle":0,"axis":"y","origin":[8,8.9,8]},"faces":{"north":{"uv":[0,0,2,1],"texture":"#1"},"east":{"uv":[0,0,1,1],"texture":"#1"},"south":{"uv":[0,0,2,1],"texture":"#1"},"west":{"uv":[0,0,1,1],"texture":"#1"},"up":{"uv":[0,0,2,1],"rotation":180,"texture":"#1"},"down":{"uv":[0,0,2,1],"rotation":180,"texture":"#1"}}},{"from":[16,5.9,7.4],"to":[17,9.9,8.4],"rotation":{"angle":0,"axis":"y","origin":[8,8.9,8]},"faces":{"north":{"uv":[0,0,4,1],"rotation":90,"texture":"#1"},"east":{"uv":[0,0,4,1],"rotation":90,"texture":"#1"},"south":{"uv":[0,0,4,1],"rotation":270,"texture":"#1"},"west":{"uv":[0,0,4,1],"rotation":90,"texture":"#1"},"up":{"uv":[0,0,1,1],"rotation":270,"texture":"#1"},"down":{"uv":[0,0,1,1],"rotation":270,"texture":"#1"}}},{"from":[13,10.9,7.4],"to":[14,11.9,8.4],"rotation":{"angle":-45,"axis":"z","origin":[8,8.9,8],"rescale":true},"faces":{"north":{"uv":[0,0,1,1],"texture":"#1"},"east":{"uv":[0,0,1,1],"texture":"#1"},"south":{"uv":[0,0,1,1],"texture":"#1"},"west":{"uv":[0,0,1,1],"texture":"#1"},"up":{"uv":[0,0,1,1],"rotation":180,"texture":"#1"},"down":{"uv":[0,0,1,1],"rotation":180,"texture":"#1"}}},{"from":[4.8,17,2.5],"to":[7.4,22,5.1],"rotation":{"angle":22.5,"axis":"x","origin":[8.3,9,3.5]},"faces":{"north":{"uv":[0,0,2.6,5],"texture":"#6"},"east":{"uv":[0,0,2.6,5],"texture":"#6"},"south":{"uv":[0,0,2.6,5],"texture":"#6"},"west":{"uv":[0,0,2.6,5],"texture":"#6"},"up":{"uv":[0,0,2.6,2.6],"texture":"#6"},"down":{"uv":[0,0,2.6,2.6],"texture":"#6"}}},{"from":[4.6,22,2.3],"to":[7.6,23,5.3],"rotation":{"angle":22.5,"axis":"x","origin":[8.3,9,3.5]},"faces":{"north":{"uv":[0,0,3,1],"texture":"#7"},"east":{"uv":[0,0,3,1],"texture":"#7"},"south":{"uv":[0,0,3,1],"texture":"#7"},"west":{"uv":[0,0,3,1],"texture":"#7"},"up":{"uv":[0,0,3,3],"texture":"#7"},"down":{"uv":[0,0,3,3],"texture":"#7"}}},{"from":[5.1,23,2.8],"to":[7.1,23.6,4.8],"rotation":{"angle":22.5,"axis":"x","origin":[8.3,9,3.5]},"faces":{"north":{"uv":[0,0,2,0.6],"texture":"#7"},"east":{"uv":[0,0,2,0.6],"texture":"#7"},"south":{"uv":[0,0,2,0.6],"texture":"#7"},"west":{"uv":[0,0,2,0.6],"texture":"#7"},"up":{"uv":[0,0,2,2],"texture":"#7"},"down":{"uv":[0,0,2,2],"texture":"#7"}}},{"from":[5.6,23.5,3.3],"to":[6.6,24.1,4.3],"rotation":{"angle":22.5,"axis":"x","origin":[8.3,9,3.5]},"faces":{"north":{"uv":[0,0,1,0.6],"texture":"#7"},"east":{"uv":[0,0,1,0.6],"texture":"#7"},"south":{"uv":[0,0,1,0.6],"texture":"#7"},"west":{"uv":[0,0,1,0.6],"texture":"#7"},"up":{"uv":[0,0,1,1],"texture":"#7"},"down":{"uv":[0,0,1,1],"texture":"#7"}}},{"from":[4.6,16,2.3],"to":[7.6,17,5.3],"rotation":{"angle":22.5,"axis":"x","origin":[8.3,9,3.5]},"faces":{"north":{"uv":[0,0,3,1],"texture":"#7"},"east":{"uv":[0,0,3,1],"texture":"#7"},"south":{"uv":[0,0,3,1],"texture":"#7"},"west":{"uv":[0,0,3,1],"texture":"#7"},"up":{"uv":[0,0,3,3],"texture":"#7"},"down":{"uv":[0,0,3,3],"texture":"#7"}}},{"from":[5.8,13,3.5],"to":[6.4,16,4.1],"rotation":{"angle":22.5,"axis":"x","origin":[8.3,9,3.5]},"faces":{"north":{"uv":[0,0,0.6,3],"texture":"#5"},"east":{"uv":[0,0,0.6,3],"texture":"#5"},"south":{"uv":[0,0,0.6,3],"texture":"#5"},"west":{"uv":[0,0,0.6,3],"texture":"#5"},"up":{"uv":[0,0,0.6,0.6],"texture":"#5"},"down":{"uv":[0,0,0.6,0.6],"texture":"#5"}}},{"from":[5.3,18,3.5],"to":[7.9,23,6.1],"rotation":{"angle":22.5,"axis":"z","origin":[8.3,9,3.5]},"faces":{"north":{"uv":[0,0,2.6,5],"texture":"#3"},"east":{"uv":[0,0,2.6,5],"texture":"#3"},"south":{"uv":[0,0,2.6,5],"texture":"#3"},"west":{"uv":[0,0,2.6,5],"texture":"#3"},"up":{"uv":[0,0,2.6,2.6],"texture":"#3"},"down":{"uv":[0,0,2.6,2.6],"texture":"#3"}}},{"from":[5.1,23,3.3],"to":[8.1,24,6.3],"rotation":{"angle":22.5,"axis":"z","origin":[8.3,9,3.5]},"faces":{"north":{"uv":[0,0,3,1],"texture":"#4"},"east":{"uv":[0,0,3,1],"texture":"#4"},"south":{"uv":[0,0,3,1],"texture":"#4"},"west":{"uv":[0,0,3,1],"texture":"#4"},"up":{"uv":[0,0,3,3],"texture":"#4"},"down":{"uv":[0,0,3,3],"texture":"#4"}}},{"from":[5.6,24,3.8],"to":[7.6,24.6,5.8],"rotation":{"angle":22.5,"axis":"z","origin":[8.3,9,3.5]},"faces":{"north":{"uv":[0,0,2,0.6],"texture":"#4"},"east":{"uv":[0,0,2,0.6],"texture":"#4"},"south":{"uv":[0,0,2,0.6],"texture":"#4"},"west":{"uv":[0,0,2,0.6],"texture":"#4"},"up":{"uv":[0,0,2,2],"texture":"#4"},"down":{"uv":[0,0,2,2],"texture":"#4"}}},{"from":[6.1,24.5,4.3],"to":[7.1,25.1,5.3],"rotation":{"angle":22.5,"axis":"z","origin":[8.3,9,3.5]},"faces":{"north":{"uv":[0,0,1,0.6],"texture":"#4"},"east":{"uv":[0,0,1,0.6],"texture":"#4"},"south":{"uv":[0,0,1,0.6],"texture":"#4"},"west":{"uv":[0,0,1,0.6],"texture":"#4"},"up":{"uv":[0,0,1,0.6],"texture":"#4"},"down":{"uv":[0,0,1,0.6],"texture":"#4"}}},{"from":[5.1,17,3.3],"to":[8.1,18,6.3],"rotation":{"angle":22.5,"axis":"z","origin":[8.3,9,3.5]},"faces":{"north":{"uv":[0,0,3,1],"texture":"#4"},"east":{"uv":[0,0,3,1],"texture":"#4"},"south":{"uv":[0,0,3,1],"texture":"#4"},"west":{"uv":[0,0,3,1],"texture":"#4"},"up":{"uv":[0,0,3,3],"texture":"#4"},"down":{"uv":[0,0,3,3],"texture":"#4"}}},{"from":[6.3,14,4.5],"to":[6.9,17,5.1],"rotation":{"angle":22.5,"axis":"z","origin":[8.3,9,3.5]},"faces":{"north":{"uv":[0,0,0.6,3],"texture":"#5"},"east":{"uv":[0,0,0.6,3],"texture":"#5"},"south":{"uv":[0,0,0.6,3],"texture":"#5"},"west":{"uv":[0,0,0.6,3],"texture":"#5"},"up":{"uv":[0,0,0.6,0.6],"texture":"#5"},"down":{"uv":[0,0,0.6,0.6],"texture":"#5"}}},{"from":[7.5,13.1,1.7],"to":[8.5,13.6,3.7],"rotation":{"angle":0,"axis":"y","origin":[8,7.6,8]},"faces":{"north":{"uv":[0,0,1,0.5],"texture":"#8"},"east":{"uv":[0,0,2,0.5],"texture":"#8"},"south":{"uv":[0,0,1,0.5],"texture":"#8"},"west":{"uv":[0,0,2,0.5],"texture":"#8"},"up":{"uv":[0,0,1,2],"texture":"#8"},"down":{"uv":[0,0,1,2],"texture":"#8"}}},{"from":[7.4,13.1,7.5],"to":[8.5,14.1,8.6],"faces":{"north":{"uv":[0,0,1.1,1],"texture":"#8"},"east":{"uv":[0,0,1.1,1],"texture":"#8"},"south":{"uv":[0,0,1.1,1],"texture":"#8"},"west":{"uv":[0,0,1.1,1],"texture":"#8"},"up":{"uv":[0,0,1.1,1.1],"texture":"#8"},"down":{"uv":[0,0,1.1,1.1],"texture":"#8"}}},{"from":[7.4,13.1,8.4],"to":[8.5,13.4,11.2],"faces":{"north":{"uv":[0,0,1.1,0.3],"texture":"#9"},"east":{"uv":[0,0,2.8,0.3],"texture":"#9"},"south":{"uv":[0,0,1.1,0.3],"texture":"#9"},"west":{"uv":[0,0,2.8,0.3],"texture":"#9"},"up":{"uv":[0,0,1.1,2.8],"texture":"#9"},"down":{"uv":[0,0,1.1,2.8],"texture":"#9"}}},{"from":[7.4,13.1,8],"to":[8.5,13.4,10.6],"rotation":{"angle":-45,"axis":"y","origin":[8,8,8]},"faces":{"north":{"uv":[0,0,1.1,0.3],"rotation":180,"texture":"#9"},"east":{"uv":[0,0,2.6,0.3],"rotation":180,"texture":"#9"},"south":{"uv":[0,0,1.1,0.3],"rotation":180,"texture":"#9"},"west":{"uv":[0,0,2.6,0.3],"rotation":180,"texture":"#9"},"up":{"uv":[0,0,1.1,2.6],"texture":"#9"},"down":{"uv":[0,0,1.1,2.6],"texture":"#9"}}},{"from":[12.3,13.1,7.5],"to":[14.3,13.6,8.5],"rotation":{"angle":0,"axis":"y","origin":[8,7.6,8]},"faces":{"north":{"uv":[0,0,2,0.5],"texture":"#8"},"east":{"uv":[0,0,1,0.5],"texture":"#8"},"south":{"uv":[0,0,2,0.5],"texture":"#8"},"west":{"uv":[0,0,1,0.5],"texture":"#8"},"up":{"uv":[0,0,1,2],"rotation":90,"texture":"#8"},"down":{"uv":[0,0,1,2],"rotation":270,"texture":"#8"}}},{"from":[12.8,13.1,7.5],"to":[14.8,13.6,8.5],"rotation":{"angle":45,"axis":"y","origin":[8,7.6,8]},"faces":{"north":{"uv":[0,0,2,0.5],"texture":"#8"},"east":{"uv":[0,0,1,0.5],"texture":"#8"},"south":{"uv":[0,0,2,0.5],"texture":"#8"},"west":{"uv":[0,0,1,0.5],"texture":"#8"},"up":{"uv":[0,0,1,2],"rotation":90,"texture":"#8"},"down":{"uv":[0,0,1,2],"rotation":270,"texture":"#8"}}},{"from":[1.2,13.1,7.5],"to":[3.2,13.6,8.5],"rotation":{"angle":45,"axis":"y","origin":[8,7.6,8]},"faces":{"north":{"uv":[0,0,2,0.5],"texture":"#8"},"east":{"uv":[0,0,1,0.5],"texture":"#8"},"south":{"uv":[0,0,2,0.5],"texture":"#8"},"west":{"uv":[0,0,1,0.5],"texture":"#8"},"up":{"uv":[0,0,1,2],"rotation":90,"texture":"#8"},"down":{"uv":[0,0,1,2],"rotation":270,"texture":"#8"}}},{"from":[1.2,13.1,7.5],"to":[3.2,13.6,8.5],"rotation":{"angle":-45,"axis":"y","origin":[8,7.6,8]},"faces":{"north":{"uv":[0,0,2,0.5],"texture":"#8"},"east":{"uv":[0,0,1,0.5],"texture":"#8"},"south":{"uv":[0,0,2,0.5],"texture":"#8"},"west":{"uv":[0,0,1,0.5],"texture":"#8"},"up":{"uv":[0,0,1,2],"rotation":90,"texture":"#8"},"down":{"uv":[0,0,1,2],"rotation":270,"texture":"#8"}}},{"from":[13,13.1,7.5],"to":[15,13.6,8.5],"rotation":{"angle":-45,"axis":"y","origin":[8,7.6,8]},"faces":{"north":{"uv":[0,0,2,0.5],"texture":"#8"},"east":{"uv":[0,0,1,0.5],"texture":"#8"},"south":{"uv":[0,0,2,0.5],"texture":"#8"},"west":{"uv":[0,0,1,0.5],"texture":"#8"},"up":{"uv":[0,0,1,2],"rotation":90,"texture":"#8"},"down":{"uv":[0,0,1,2],"rotation":270,"texture":"#8"}}},{"from":[2,13,7.5],"to":[4,13.6,8.5],"rotation":{"angle":0,"axis":"y","origin":[8,7.6,8]},"faces":{"north":{"uv":[0,0,2,0.6],"texture":"#8"},"east":{"uv":[0,0,1,0.6],"texture":"#8"},"south":{"uv":[0,0,2,0.6],"texture":"#8"},"west":{"uv":[0,0,1,0.6],"texture":"#8"},"up":{"uv":[0,0,1,2],"rotation":90,"texture":"#8"},"down":{"uv":[0,0,1,2],"rotation":270,"texture":"#8"}}},{"from":[7.5,13.1,12.5],"to":[8.5,13.6,14.5],"rotation":{"angle":0,"axis":"y","origin":[8,7.6,8]},"faces":{"north":{"uv":[0,0,1,0.6],"texture":"#8"},"east":{"uv":[0,0,2,0.6],"texture":"#8"},"south":{"uv":[0,0,1,0.6],"texture":"#8"},"west":{"uv":[0,0,2,0.6],"texture":"#8"},"up":{"uv":[0,0,1,2],"texture":"#8"},"down":{"uv":[0,0,1,2],"texture":"#8"}}},{"from":[5,0.1,8.6],"to":[6,1.1,9.6],"rotation":{"angle":0,"axis":"y","origin":[8,8.1,8.6]},"faces":{"north":{"uv":[0,0,1,1],"texture":"#0"},"east":{"uv":[0,0,1,1],"texture":"#0"},"south":{"uv":[0,0,1,1],"texture":"#0"},"west":{"uv":[0,0,1,1],"texture":"#0"},"up":{"uv":[0,0,1,1],"texture":"#0"},"down":{"uv":[15,3,16,4],"texture":"#0"}}},{"from":[10,0.1,8.6],"to":[11,1.1,9.6],"rotation":{"angle":0,"axis":"y","origin":[8,8.1,8.6]},"faces":{"north":{"uv":[0,0,1,1],"texture":"#0"},"east":{"uv":[0,0,1,1],"texture":"#0"},"south":{"uv":[0,0,1,1],"texture":"#0"},"west":{"uv":[0,0,1,1],"texture":"#0"},"up":{"uv":[0,0,1,1],"texture":"#0"},"down":{"uv":[15,3,16,4],"texture":"#0"}}},{"from":[5,0.1,7.6],"to":[11,1.1,8.6],"rotation":{"angle":0,"axis":"y","origin":[8,8.1,8.6]},"faces":{"north":{"uv":[0,0,6,1],"texture":"#0"},"east":{"uv":[0,0,1,1],"texture":"#0"},"south":{"uv":[0,0,6,1],"texture":"#0"},"west":{"uv":[0,0,1,1],"texture":"#0"},"up":{"uv":[0,0,6,1],"texture":"#0"},"down":{"uv":[15,3,16,4],"texture":"#0"}}},{"from":[5,0.1,6.3],"to":[6,1.1,7.3],"rotation":{"angle":0,"axis":"y","origin":[8,8.1,9.3]},"faces":{"north":{"uv":[0,0,1,1],"texture":"#8"},"east":{"uv":[0,0,1,1],"texture":"#8"},"south":{"uv":[0,0,1,1],"texture":"#8"},"west":{"uv":[0,0,1,1],"texture":"#8"},"up":{"uv":[0,0,1,1],"texture":"#8"},"down":{"uv":[7,7,8,8],"texture":"#8"}}},{"from":[10,0.1,6.3],"to":[11,1.1,7.3],"rotation":{"angle":0,"axis":"y","origin":[8,8.1,9.3]},"faces":{"north":{"uv":[0,0,1,1],"texture":"#8"},"east":{"uv":[0,0,1,1],"texture":"#8"},"south":{"uv":[0,0,1,1],"texture":"#8"},"west":{"uv":[0,0,1,1],"texture":"#8"},"up":{"uv":[0,0,1,1],"texture":"#8"},"down":{"uv":[7,7,8,8],"texture":"#8"}}},{"from":[6,0.1,6.3],"to":[7,1.1,7.3],"rotation":{"angle":0,"axis":"y","origin":[8,8.1,9.3]},"faces":{"north":{"uv":[15,15,16,16],"texture":"#0"},"east":{"uv":[15,15,16,16],"texture":"#0"},"south":{"uv":[15,15,16,16],"texture":"#0"},"west":{"uv":[0,0,1,1],"texture":"#0"},"up":{"uv":[0,0,1,1],"texture":"#0"},"down":{"uv":[15,15,16,16],"texture":"#0"}}},{"from":[9,0.1,6.3],"to":[10,1.1,7.3],"rotation":{"angle":0,"axis":"y","origin":[8,8.1,9.3]},"faces":{"north":{"uv":[15,15,16,16],"texture":"#0"},"east":{"uv":[0,0,1,1],"texture":"#0"},"south":{"uv":[15,15,16,16],"texture":"#0"},"west":{"uv":[15,15,16,16],"texture":"#0"},"up":{"uv":[0,0,1,1],"texture":"#0"},"down":{"uv":[15,15,16,16],"texture":"#0"}}},{"from":[0,7.7,7.5],"to":[2,8.7,8.5],"rotation":{"angle":0,"axis":"y","origin":[8,8,9]},"faces":{"north":{"uv":[0,0,2,1],"texture":"#5"},"east":{"uv":[0,0,1,1],"texture":"#5"},"south":{"uv":[0,0,2,1],"texture":"#5"},"west":{"uv":[0,0,1,1],"texture":"#5"},"up":{"uv":[0,0,2,1],"texture":"#5"},"down":{"uv":[0,0,2,1],"texture":"#5"}}},{"from":[-1,6.3,7.5],"to":[0,8.3,8.5],"rotation":{"angle":0,"axis":"z","origin":[8,8,9]},"faces":{"north":{"uv":[0,0,2,1],"rotation":90,"texture":"#5"},"east":{"uv":[0,0,2,1],"rotation":270,"texture":"#5"},"south":{"uv":[0,0,2,1],"rotation":270,"texture":"#5"},"west":{"uv":[0,0,2,1],"rotation":270,"texture":"#5"},"up":{"uv":[0,0,1,1],"rotation":270,"texture":"#5"},"down":{"uv":[0,0,1,1],"rotation":270,"texture":"#5"}}},{"from":[0.7,10.3,7.5],"to":[1.7,11.3,8.5],"rotation":{"angle":22.5,"axis":"z","origin":[8,8,9],"rescale":true},"faces":{"north":{"uv":[0,0,1,1],"texture":"#5"},"east":{"uv":[0,0,1,1],"texture":"#5"},"south":{"uv":[0,0,1,1],"texture":"#5"},"west":{"uv":[0,0,1,1],"texture":"#5"},"up":{"uv":[0,0,1,1],"texture":"#5"},"down":{"uv":[0,0,1,1],"texture":"#5"}}},{"name":"bierout","from":[8.775,13.1,8.475],"to":[12.025,17.35,11.725],"rotation":{"angle":0,"axis":"y","origin":[8.9,5.2,5.6]},"faces":{"north":{"uv":[8,2,10,4],"texture":"#14"},"east":{"uv":[14,2,16,4],"texture":"#14"},"south":{"uv":[10,2,12,4],"texture":"#14"},"west":{"uv":[12,2,14,4],"texture":"#14"},"up":{"uv":[10,0,12,2],"texture":"#14"},"down":{"uv":[12,0,14,2],"texture":"#14"}}},{"name":"bierin","from":[8.9,13.1,8.6],"to":[11.9,17.1,11.6],"rotation":{"angle":0,"axis":"y","origin":[8.9,5.2,5.6]},"faces":{"north":{"uv":[0,2,2,4],"texture":"#14"},"east":{"uv":[6,2,8,4],"texture":"#14"},"south":{"uv":[2,2,4,4],"texture":"#14"},"west":{"uv":[4,2,6,4],"texture":"#14"},"up":{"uv":[2,0,4,2],"texture":"#14"},"down":{"uv":[4,0,6,2],"texture":"#14"}}},{"from":[9.675,13.3,1.475],"to":[12.925,17.55,4.725],"rotation":{"angle":22.5,"axis":"y","origin":[22.8,24,3.1]},"faces":{"north":{"uv":[12,2,14,4],"texture":"#14"},"east":{"uv":[8,2,10,4],"texture":"#14"},"south":{"uv":[14,2,16,4],"texture":"#14"},"west":{"uv":[10,2,12,4],"texture":"#14"},"up":{"uv":[10,0,12,2],"rotation":90,"texture":"#14"},"down":{"uv":[12,0,14,2],"rotation":270,"texture":"#14"}}},{"name":"bierin","from":[9.8,13.3,1.6],"to":[12.8,17.3,4.6],"rotation":{"angle":22.5,"axis":"y","origin":[22.8,24,3.1]},"faces":{"north":{"uv":[4,2,6,4],"texture":"#14"},"east":{"uv":[0,2,2,4],"texture":"#14"},"south":{"uv":[6,2,8,4],"texture":"#14"},"west":{"uv":[2,2,4,4],"texture":"#14"},"up":{"uv":[2,0,4,2],"rotation":90,"texture":"#14"},"down":{"uv":[4,0,6,2],"rotation":270,"texture":"#14"}}},{"name":"bierin","from":[8.9,13.1,-5],"to":[11.9,17.1,-2],"rotation":{"angle":45,"axis":"y","origin":[22.8,24,3.1]},"faces":{"north":{"uv":[4,2,6,4],"texture":"#14"},"east":{"uv":[0,2,2,4],"texture":"#14"},"south":{"uv":[6,2,8,4],"texture":"#14"},"west":{"uv":[2,2,4,4],"texture":"#14"},"up":{"uv":[2,0,4,2],"rotation":90,"texture":"#14"},"down":{"uv":[4,0,6,2],"rotation":270,"texture":"#14"}}},{"name":"bierout","from":[8.775,13.1,-5.125],"to":[12.025,17.35,-1.875],"rotation":{"angle":45,"axis":"y","origin":[22.8,24,3.1]},"faces":{"north":{"uv":[12,2,14,4],"texture":"#14"},"east":{"uv":[8,2,10,4],"texture":"#14"},"south":{"uv":[14,2,16,4],"texture":"#14"},"west":{"uv":[10,2,12,4],"texture":"#14"},"up":{"uv":[10,0,12,2],"rotation":90,"texture":"#14"},"down":{"uv":[12,0,14,2],"rotation":270,"texture":"#14"}}},{"name":"bierin","from":[11.8,16.2,12.1],"to":[14.8,20.2,15.1],"rotation":{"angle":-22.5,"axis":"y","origin":[22.8,24,3.1]},"faces":{"north":{"uv":[0,2,2,4],"texture":"#14"},"east":{"uv":[6,2,8,4],"texture":"#14"},"south":{"uv":[2,2,4,4],"texture":"#14"},"west":{"uv":[4,2,6,4],"texture":"#14"},"up":{"uv":[2,0,4,2],"texture":"#14"},"down":{"uv":[4,0,6,2],"texture":"#14"}}},{"name":"bierout","from":[11.675,16.2,11.975],"to":[14.925,20.45,15.225],"rotation":{"angle":-22.5,"axis":"y","origin":[22.8,24,3.1]},"faces":{"north":{"uv":[8,2,10,4],"texture":"#14"},"east":{"uv":[14,2,16,4],"texture":"#14"},"south":{"uv":[10,2,12,4],"texture":"#14"},"west":{"uv":[12,2,14,4],"texture":"#14"},"up":{"uv":[10,0,12,2],"texture":"#14"},"down":{"uv":[12,0,14,2],"texture":"#14"}}}],"display":{"thirdperson_righthand":{"rotation":[15,-90,0],"translation":[0,0,-3.75],"scale":[0.5,0.5,0.5]},"thirdperson_lefthand":{"rotation":[15,90,0],"translation":[0,0,-3.75],"scale":[0.5,0.5,0.5]},"firstperson_righthand":{"rotation":[0,110,0],"translation":[2,2,0],"scale":[0.5,0.5,0.5]},"firstperson_lefthand":{"rotation":[0,110,0],"translation":[2,2,0],"scale":[0.5,0.5,0.5]},"ground":{"translation":[0,4.5,0]},"gui":{"rotation":[30,-135,0],"translation":[0,-1.25,0],"scale":[0.6,0.6,0.6]},"head":{"translation":[0,14,0],"scale":[1.5,1.5,1.5]},"fixed":{"rotation":[0,35,0],"translation":[0,0,-7.5]}},"groups":[{"name":"Main","origin":[7,10,10],"children":[0,1,2,3,4,5,6,7]},{"name":"Main","origin":[7,10,10],"children":[8,9,10,11]},{"name":"Metal","origin":[7,23,10],"children":[12,13,14,15,16,17,18,19,20]},{"name":"Metal","origin":[7,23,10],"children":[21,22,23,24,25,26,27,28]},{"name":"Metal","origin":[7,23,10],"children":[29,30,31,32,33,34,35,36]},{"name":"Handle","origin":[8,8,8],"children":[37,38,39,40,41]},{"name":"Blue Firework","origin":[8,9,8],"children":[42,43,44,45,46,47]},{"name":"Red Firework","origin":[8,9,8],"children":[48,49,50,51,52,53]},{"name":"Clock","origin":[8,7.6,8],"children":[54,55,56,57,58,59,60,61,62,63,64]},{"name":"bappo","origin":[8,8,10],"children":[65,66,67,68,69,70,71]},{"name":"Tap","origin":[8,8,9],"children":[72,73,74]},{"name":"madhouse_tafel_midden","origin":[8,8,8],"children":[75,76,77,78,79,80,81,82]}],"credit":"Model by Craftventure"}