{"textures":{"0":"block/netherite_block","1":"block/bell_top","2":"block/bell_side","3":"block/polished_blackstone_bricks","particle":"block/netherite_block"},"elements":[{"from":[7.5,6,3.5],"to":[12.5,8.5,7.5],"rotation":{"angle":0,"axis":"y","origin":[8,4,8]},"faces":{"north":{"uv":[1,1,6,3.5],"texture":"#0"},"east":{"uv":[11,1,15,3.5],"texture":"#0"},"south":{"uv":[0,0,4.5,2.5],"texture":"#0"},"west":{"uv":[0,0,4.5,2.5],"texture":"#0"},"up":{"uv":[11,10,15,15],"rotation":270,"texture":"#0"},"down":{"uv":[0,0,4.5,4.5],"texture":"#0"}}},{"from":[6.5,8.5,6.5],"to":[9.5,8.75,9.5],"rotation":{"angle":0,"axis":"y","origin":[8,8.625,8]},"faces":{"north":{"uv":[2.5,2.5,2.75,5.5],"rotation":270,"texture":"#1"},"east":{"uv":[2.5,2.5,2.75,5.5],"rotation":270,"texture":"#1"},"south":{"uv":[2.5,2.5,2.75,5.5],"rotation":270,"texture":"#1"},"west":{"uv":[2.5,2.5,2.75,5.5],"rotation":270,"texture":"#1"},"up":{"uv":[2.5,2.5,5.5,5.5],"rotation":270,"texture":"#1"}}},{"from":[7,8.75,7],"to":[9,9,9],"rotation":{"angle":0,"axis":"y","origin":[8,8.875,8]},"faces":{"north":{"uv":[3,3,3.25,5],"rotation":270,"texture":"#1"},"east":{"uv":[4,3,4.25,5],"rotation":270,"texture":"#1"},"south":{"uv":[3,3,3.25,5],"rotation":270,"texture":"#1"},"west":{"uv":[4,3,4.25,5],"rotation":270,"texture":"#1"},"up":{"uv":[3,3,5,5],"rotation":270,"texture":"#1"},"down":{"uv":[3,3,5,5],"rotation":270,"texture":"#1"}}},{"from":[7.25,9.375,7.25],"to":[8.75,9.75,8.75],"rotation":{"angle":0,"axis":"y","origin":[8,9.375,8]},"faces":{"north":{"uv":[1.5,4,3,4.5],"texture":"#2"},"east":{"uv":[3.5,4,5,4.5],"texture":"#2"},"south":{"uv":[1.5,4,3,4.5],"texture":"#2"},"west":{"uv":[3.5,4,5,4.5],"texture":"#2"},"down":{"uv":[1.5,0.5,3,2],"texture":"#2"}}},{"from":[7.25,10.125,7.25],"to":[8.75,10.65625,8.75],"rotation":{"angle":0,"axis":"y","origin":[8,10.5,8]},"faces":{"north":{"uv":[1.5,4.5,3,4],"texture":"#2"},"east":{"uv":[3.5,4.5,5,4],"texture":"#2"},"south":{"uv":[1.5,4.5,3,4],"texture":"#2"},"west":{"uv":[3.5,4.5,5,4],"texture":"#2"},"up":{"uv":[1.5,2,3,0.5],"texture":"#2"}}},{"from":[7,9.75,7],"to":[9,10.125,9],"rotation":{"angle":0,"axis":"y","origin":[8,9.75,8]},"faces":{"north":{"uv":[3,5,5,5.5],"texture":"#2"},"east":{"uv":[3,5,5,5.5],"rotation":180,"texture":"#2"},"south":{"uv":[3,5,5,5.5],"texture":"#2"},"west":{"uv":[3,5,5,5.5],"rotation":180,"texture":"#2"},"up":{"uv":[1,7,3,9],"texture":"#2"},"down":{"uv":[4,7,6,9],"texture":"#2"}}},{"from":[7.5,9,7.5],"to":[8.5,9.375,8.5],"rotation":{"angle":0,"axis":"y","origin":[8,9,8]},"faces":{"north":{"uv":[1.5,8,2.5,8.5],"rotation":180,"texture":"#2"},"east":{"uv":[1.5,8,2.5,8.5],"texture":"#2"},"south":{"uv":[1.5,8,2.5,8.5],"rotation":180,"texture":"#2"},"west":{"uv":[1.5,8,2.5,8.5],"texture":"#2"}}},{"from":[7.5,10.65625,7.5],"to":[8.5,11.21875,8.5],"rotation":{"angle":0,"axis":"y","origin":[8,11.03125,8]},"faces":{"north":{"uv":[1.5,8.5,2.5,8],"rotation":180,"texture":"#2"},"east":{"uv":[1.5,8.5,2.5,8],"texture":"#2"},"south":{"uv":[1.5,8.5,2.5,8],"rotation":180,"texture":"#2"},"west":{"uv":[1.5,8.5,2.5,8],"texture":"#2"},"up":{"uv":[1,8,2,9],"texture":"#2"}}},{"from":[7.75,11.21875,7.75],"to":[8.25,11.8125,8.25],"rotation":{"angle":0,"axis":"y","origin":[8,11.59375,8]},"faces":{"north":{"uv":[5,8.5,5.5,8],"texture":"#2"},"east":{"uv":[5,7.5,5.5,7],"texture":"#2"},"south":{"uv":[1,8.5,1.5,8],"texture":"#2"},"west":{"uv":[4,8.5,4.5,8],"texture":"#2"},"up":{"uv":[3,5.5,3.5,5],"texture":"#2"}}},{"from":[3.5,6,8.5],"to":[8.5,8.5,12.5],"rotation":{"angle":0,"axis":"y","origin":[8,4,8]},"faces":{"north":{"uv":[0,0,4.5,2.5],"texture":"#0"},"east":{"uv":[0,0,4.5,2.5],"texture":"#0"},"south":{"uv":[1,1,6,3.5],"texture":"#0"},"west":{"uv":[11,1,15,3.5],"texture":"#0"},"up":{"uv":[15,15,11,10],"rotation":270,"texture":"#0"},"down":{"uv":[4.5,4.5,0,0],"texture":"#0"}}},{"from":[8.5,6,7.5],"to":[12.5,8.5,12.5],"rotation":{"angle":0,"axis":"y","origin":[8,4,8]},"faces":{"north":{"uv":[0,0,4.5,2.5],"texture":"#0"},"east":{"uv":[1,1,6,3.5],"texture":"#0"},"south":{"uv":[11,1,15,3.5],"texture":"#0"},"west":{"uv":[0,0,4.5,2.5],"texture":"#0"},"up":{"uv":[11,10,15,15],"texture":"#0"},"down":{"uv":[0,0,4.5,4.5],"rotation":270,"texture":"#0"}}},{"from":[3.5,6,3.5],"to":[7.5,8.5,8.5],"rotation":{"angle":0,"axis":"y","origin":[8,4,8]},"faces":{"north":{"uv":[11,1,15,3.5],"texture":"#0"},"east":{"uv":[0,0,4.5,2.5],"texture":"#0"},"south":{"uv":[0,0,4.5,2.5],"texture":"#0"},"west":{"uv":[1,1,6,3.5],"texture":"#0"},"up":{"uv":[15,15,11,10],"texture":"#0"},"down":{"uv":[4.5,4.5,0,0],"rotation":270,"texture":"#0"}}},{"from":[3.5,6,12.3125],"to":[4.5,6,14.5625],"rotation":{"angle":45,"axis":"x","origin":[6.75,6,12.3125]},"faces":{"up":{"uv":[0,8,2,9],"rotation":90,"texture":"#2"},"down":{"uv":[0,8,2,9],"rotation":270,"texture":"#2"}}},{"from":[4.5,6,12.3125],"to":[7.5,6.25,14.5625],"rotation":{"angle":45,"axis":"x","origin":[7.75,6,12.3125]},"faces":{"south":{"uv":[1,14,4,14.25],"texture":"#0"},"west":{"uv":[12,14,15,14.25],"texture":"#0"},"up":{"uv":[1,13,4,15],"texture":"#0"},"down":{"uv":[15,15,11,12],"texture":"#0"}}},{"from":[4.5,6,14.5625],"to":[7.5,6,15.4625],"rotation":{"angle":45,"axis":"x","origin":[7.75,6,12.3125]},"faces":{"up":{"uv":[4,0,1,1],"rotation":180,"texture":"#2"},"down":{"uv":[4,0,1,1],"rotation":180,"texture":"#2"}}},{"from":[7.5,6,14.5625],"to":[11.5,6,15.4625],"rotation":{"angle":45,"axis":"x","origin":[7.75,6,12.3125]},"faces":{"up":{"uv":[3,4,7,5],"texture":"#2"},"down":{"uv":[3,4,7,5],"texture":"#2"}}},{"from":[7.5,6,12.3125],"to":[11.5,6.25,14.5625],"rotation":{"angle":45,"axis":"x","origin":[7.75,6,12.3125]},"faces":{"east":{"uv":[6,14,8,14.25],"texture":"#0"},"south":{"uv":[10,14,14,14.25],"texture":"#0"},"up":{"uv":[11,13,15,15],"texture":"#0"},"down":{"uv":[10,15,15,12],"texture":"#0"}}},{"from":[11.5,6,12.3125],"to":[12.5,6,14.5625],"rotation":{"angle":45,"axis":"x","origin":[9.25,6,12.3125]},"faces":{"up":{"uv":[6,9,8,8],"rotation":90,"texture":"#2"},"down":{"uv":[6,9,8,8],"rotation":270,"texture":"#2"}}},{"from":[3.5,6,1.4375],"to":[4.5,6,3.6875],"rotation":{"angle":-45,"axis":"x","origin":[6.75,6,3.6875]},"faces":{"up":{"uv":[2,8,0,9],"rotation":90,"texture":"#0"},"down":{"uv":[2,8,0,9],"rotation":270,"texture":"#0"}}},{"from":[4.5,6,1.4375],"to":[7.5,6.25,3.6875],"rotation":{"angle":-45,"axis":"x","origin":[7.75,6,3.6875]},"faces":{"north":{"uv":[4,14,1,14.25],"texture":"#0"},"west":{"uv":[15,14,12,14.25],"texture":"#0"},"up":{"uv":[2,14,4.25,11],"rotation":90,"texture":"#0"},"down":{"uv":[15,12,11,15],"texture":"#0"}}},{"from":[4.5,6,0.5375],"to":[7.5,6,1.4375],"rotation":{"angle":-45,"axis":"x","origin":[7.75,6,3.6875]},"faces":{"up":{"uv":[4,1,1,0],"rotation":180,"texture":"#0"},"down":{"uv":[4,1,1,0],"rotation":180,"texture":"#0"}}},{"from":[7.5,6,0.5375],"to":[11.5,6,1.4375],"rotation":{"angle":-45,"axis":"x","origin":[7.75,6,3.6875]},"faces":{"up":{"uv":[3,5,7,4],"texture":"#0"},"down":{"uv":[3,5,7,4],"texture":"#0"}}},{"from":[7.5,6,1.4375],"to":[11.5,6.25,3.6875],"rotation":{"angle":-45,"axis":"x","origin":[7.75,6,3.6875]},"faces":{"north":{"uv":[14,14,10,14.25],"texture":"#0"},"east":{"uv":[8,14,6,14.25],"texture":"#0"},"up":{"uv":[6,14,2,12],"texture":"#0"},"down":{"uv":[10,12,15,15],"texture":"#0"}}},{"from":[11.5,6,1.4375],"to":[12.5,6,3.6875],"rotation":{"angle":-45,"axis":"x","origin":[9.25,6,3.6875]},"faces":{"up":{"uv":[8,9,6,8],"rotation":90,"texture":"#0"},"down":{"uv":[8,9,6,8],"rotation":270,"texture":"#0"}}},{"from":[3.75,-1,7.5],"to":[12.25,-1,8.5],"rotation":{"angle":-22.5,"axis":"x","origin":[8,6.25,8]},"faces":{"up":{"uv":[0,7,8.5,8],"texture":"#3"},"down":{"uv":[0,7,8.5,8],"texture":"#3"}}},{"from":[3.75,-1,7.5],"to":[3.75,6.25,8.5],"rotation":{"angle":-22.5,"axis":"x","origin":[8,6.25,8]},"faces":{"east":{"uv":[6,8,7,15.25],"texture":"#3"},"west":{"uv":[6,8,7,15.25],"texture":"#3"}}},{"from":[12.25,-1,7.5],"to":[12.25,6.25,8.5],"rotation":{"angle":-22.5,"axis":"x","origin":[8,6.25,8]},"faces":{"east":{"uv":[14,8,15,15.25],"texture":"#3"},"west":{"uv":[14,8,15,15.25],"texture":"#3"}}}],"display":{"ground":{"translation":[0,5.5,0]},"gui":{"rotation":[30,-45,0],"translation":[0,3.25,0]},"head":{"rotation":[0,-180,0],"translation":[0,7.25,0],"scale":[1.8,1.8,1.8]},"fixed":{"rotation":[0,-180,0],"translation":[0,3.5,-6.5]}},"groups":[0,1,2,3,4,5,6,7,8,9,10,11,{"name":"group","origin":[9.25,6,12.3125],"children":[12,13,14,15,16,17]},{"name":"group","origin":[9.25,6,12.3125],"children":[18,19,20,21,22,23]},{"name":"group","origin":[8,6.25,8],"children":[24,25,26]}],"credit":"Model by Craftventure"}