{"texture_size":[64,64],"textures":{"0":"entity/bear/polarbear","particle":"entity/bear/polarbear"},"elements":[{"from":[3,9,3],"to":[13,16,13],"rotation":{"angle":0,"axis":"y","origin":[8,12.05,6.08889]},"faces":{"north":{"uv":[0.75,1.75,1.875,3.5],"texture":"#0"},"east":{"uv":[0.375,8.5,1.25,10.75],"rotation":90,"texture":"#0"},"south":{"uv":[7.875,3.75,9,5.5],"texture":"#0"},"west":{"uv":[1.25,8.5,0.375,10.75],"rotation":270,"texture":"#0"},"up":{"uv":[4.875,8.25,6,10.5],"texture":"#0"},"down":{"uv":[7.875,0,9.125,2.5],"texture":"#0"}}},{"from":[3,8,4.11111],"to":[13,9,11.88889],"rotation":{"angle":0,"axis":"y","origin":[8,12.05,6.08889]},"faces":{"north":{"uv":[1.125,9,1.375,9.25],"rotation":90,"texture":"#0"},"east":{"uv":[1.25,9,1.375,10.75],"rotation":90,"texture":"#0"},"south":{"uv":[1.125,10.75,1.25,11],"rotation":90,"texture":"#0"},"west":{"uv":[1.25,10.75,1.375,9],"rotation":90,"texture":"#0"},"up":{"uv":[1.125,9,1.375,10.75],"rotation":90,"texture":"#0"},"down":{"uv":[1.125,9,1.375,10.75],"rotation":90,"texture":"#0"}}},{"from":[4,4,6.33332],"to":[4,7,8.55555],"rotation":{"angle":0,"axis":"y","origin":[8,12.05,6.08889]},"faces":{"east":{"uv":[8.5,13,8.25,12.25],"texture":"#0"},"west":{"uv":[8.25,13,8.5,12.25],"texture":"#0"}}},{"from":[12,4,6.33332],"to":[12,7,8.55555],"rotation":{"angle":0,"axis":"y","origin":[8,12.05,6.08889]},"faces":{"east":{"uv":[8.5,13,8.25,12.25],"texture":"#0"},"west":{"uv":[8.25,13,8.5,12.25],"texture":"#0"}}},{"from":[3,0,5.22221],"to":[4,4,9.66666],"rotation":{"angle":0,"axis":"y","origin":[8,12.05,6.08889]},"faces":{"north":{"uv":[0.75,10,1.25,9.75],"rotation":90,"texture":"#0"},"east":{"uv":[1.25,10.75,0.75,9.75],"rotation":270,"texture":"#0"},"south":{"uv":[0.75,10.75,1.25,10.5],"rotation":90,"texture":"#0"},"west":{"uv":[0.75,10.75,1.25,9.75],"rotation":90,"texture":"#0"},"up":{"uv":[0.75,10.75,0.875,9.75],"rotation":180,"texture":"#0"},"down":{"uv":[1.125,10.75,1.25,9.75],"texture":"#0"}}},{"from":[12,0,5.22221],"to":[13,4,9.66666],"rotation":{"angle":0,"axis":"y","origin":[8,12.05,6.08889]},"faces":{"north":{"uv":[0.75,9.75,1.25,10],"rotation":90,"texture":"#0"},"east":{"uv":[0.75,9.75,1.25,10.75],"rotation":90,"texture":"#0"},"south":{"uv":[0.75,10.5,1.25,10.75],"rotation":90,"texture":"#0"},"west":{"uv":[1.25,9.75,0.75,10.75],"rotation":270,"texture":"#0"},"up":{"uv":[0.875,10.75,0.75,9.75],"rotation":180,"texture":"#0"},"down":{"uv":[1.25,10.75,1.125,9.75],"texture":"#0"}}},{"from":[3,7,5.22222],"to":[13,8,10.77778],"rotation":{"angle":0,"axis":"y","origin":[8,12.05,6.08889]},"faces":{"north":{"uv":[1.875,10.75,2,9.5],"rotation":90,"texture":"#0"},"east":{"uv":[1.875,10.75,2,9.5],"rotation":90,"texture":"#0"},"south":{"uv":[1.875,10.75,2,9.5],"rotation":90,"texture":"#0"},"west":{"uv":[1.875,10.75,2,9.5],"rotation":90,"texture":"#0"},"up":{"uv":[1.875,10.75,2,9.5],"rotation":90,"texture":"#0"},"down":{"uv":[1.875,10.75,2,9.5],"rotation":90,"texture":"#0"}}},{"from":[8.5,13,2.5],"to":[11.875,14,3],"rotation":{"angle":0,"axis":"y","origin":[8,12.05,6.08889]},"faces":{"north":{"uv":[0.875,2.25,1.25,2.5],"texture":"#0"},"east":{"uv":[0.875,2.25,1,2.5],"texture":"#0"},"west":{"uv":[1.125,2.25,1.25,2.5],"texture":"#0"},"up":{"uv":[0.875,2.25,1.25,2.5],"rotation":180,"texture":"#0"},"down":{"uv":[0.875,2.25,1.25,2.5],"rotation":180,"texture":"#0"}}},{"from":[4.125,13,2.5],"to":[7.5,14,3],"rotation":{"angle":0,"axis":"y","origin":[8,12.05,6.08889]},"faces":{"north":{"uv":[1.25,2.25,0.875,2.5],"texture":"#0"},"east":{"uv":[1.25,2.25,1.125,2.5],"texture":"#0"},"west":{"uv":[1,2.25,0.875,2.5],"texture":"#0"},"up":{"uv":[1.25,2.25,0.875,2.5],"rotation":180,"texture":"#0"},"down":{"uv":[1.25,2.25,0.875,2.5],"rotation":180,"texture":"#0"}}},{"from":[9.1078,15.61274,5.5],"to":[12.1078,16.61274,6.5],"rotation":{"angle":-22.5,"axis":"z","origin":[8,12.05,6.08889]},"faces":{"north":{"uv":[3.25,0.25,3.375,0.5],"rotation":270,"texture":"#0"},"east":{"uv":[3.25,0.25,3.375,0.5],"rotation":90,"texture":"#0"},"south":{"uv":[3.25,0.25,3.375,0.5],"rotation":90,"texture":"#0"},"west":{"uv":[3.25,0.25,3.375,0.5],"rotation":90,"texture":"#0"},"up":{"uv":[3.25,0.25,3.375,0.5],"rotation":90,"texture":"#0"},"down":{"uv":[3.25,0.25,3.375,0.5],"rotation":90,"texture":"#0"}}},{"from":[12.1078,15.61274,5.5],"to":[13.1078,18.61274,6.5],"rotation":{"angle":-22.5,"axis":"z","origin":[8,12.05,6.08889]},"faces":{"north":{"uv":[3.25,0.25,3.375,0.5],"texture":"#0"},"east":{"uv":[3.25,0.25,3.375,0.5],"texture":"#0"},"south":{"uv":[3.25,0.25,3.375,0.5],"texture":"#0"},"west":{"uv":[3.25,0.25,3.375,0.5],"texture":"#0"},"up":{"uv":[3.25,0.25,3.375,0.5],"texture":"#0"},"down":{"uv":[3.25,0.25,3.375,0.5],"texture":"#0"}}},{"from":[10.1078,18.61274,5.5],"to":[13.1078,19.61274,6.5],"rotation":{"angle":-22.5,"axis":"z","origin":[8,12.05,6.08889]},"faces":{"north":{"uv":[3.25,0.25,3.375,0.5],"rotation":90,"texture":"#0"},"east":{"uv":[3.25,0.25,3.375,0.5],"rotation":270,"texture":"#0"},"south":{"uv":[3.25,0.25,3.375,0.5],"rotation":270,"texture":"#0"},"west":{"uv":[3.25,0.25,3.375,0.5],"rotation":270,"texture":"#0"},"up":{"uv":[3.25,0.25,3.375,0.5],"rotation":270,"texture":"#0"},"down":{"uv":[3.25,0.25,3.375,0.5],"rotation":270,"texture":"#0"}}},{"from":[9.1078,16.61274,5.5],"to":[10.1078,19.61274,6.5],"rotation":{"angle":-22.5,"axis":"z","origin":[8,12.05,6.08889]},"faces":{"north":{"uv":[3.25,0.25,3.375,0.5],"rotation":180,"texture":"#0"},"east":{"uv":[3.25,0.25,3.375,0.5],"rotation":180,"texture":"#0"},"south":{"uv":[3.25,0.25,3.375,0.5],"rotation":180,"texture":"#0"},"west":{"uv":[3.25,0.25,3.375,0.5],"rotation":180,"texture":"#0"},"up":{"uv":[3.25,0.25,3.375,0.5],"rotation":180,"texture":"#0"},"down":{"uv":[3.25,0.25,3.375,0.5],"rotation":180,"texture":"#0"}}},{"from":[10.1078,16.61274,6],"to":[12.1078,18.61274,7],"rotation":{"angle":-22.5,"axis":"z","origin":[8,12.05,6.08889]},"faces":{"north":{"uv":[3.375,0.25,3.625,0.75],"texture":"#0"},"east":{"uv":[3.25,0.25,3.375,0.75],"texture":"#0"},"south":{"uv":[3.625,0.25,3.875,0.75],"texture":"#0"},"west":{"uv":[3.625,0.25,3.75,0.75],"texture":"#0"},"up":{"uv":[3.375,0,3.625,0.25],"texture":"#0"},"down":{"uv":[3.625,0,3.875,0.25],"texture":"#0"}}},{"from":[2,13.70358,3.98755],"to":[5,14.70358,4.98755],"rotation":{"angle":22.5,"axis":"x","origin":[8,12.05,6.08889]},"faces":{"north":{"uv":[3.25,0.5,3.375,0.25],"rotation":270,"texture":"#0"},"east":{"uv":[3.25,0.5,3.375,0.25],"rotation":90,"texture":"#0"},"south":{"uv":[3.25,0.5,3.375,0.25],"rotation":90,"texture":"#0"},"west":{"uv":[3.25,0.5,3.375,0.25],"rotation":90,"texture":"#0"},"up":{"uv":[3.25,0.5,3.375,0.25],"rotation":90,"texture":"#0"},"down":{"uv":[3.25,0.5,3.375,0.25],"rotation":90,"texture":"#0"}}},{"from":[1,13.70358,3.98755],"to":[2,16.70358,4.98755],"rotation":{"angle":22.5,"axis":"x","origin":[8,12.05,6.08889]},"faces":{"north":{"uv":[3.375,0.25,3.25,0.5],"texture":"#0"},"east":{"uv":[3.375,0.25,3.25,0.5],"texture":"#0"},"south":{"uv":[3.375,0.25,3.25,0.5],"texture":"#0"},"west":{"uv":[3.375,0.25,3.25,0.5],"texture":"#0"},"up":{"uv":[3.375,0.25,3.25,0.5],"texture":"#0"},"down":{"uv":[3.375,0.25,3.25,0.5],"texture":"#0"}}},{"from":[1,16.70358,3.98755],"to":[4,17.70358,4.98755],"rotation":{"angle":22.5,"axis":"x","origin":[8,12.05,6.08889]},"faces":{"north":{"uv":[3.25,0.5,3.375,0.25],"rotation":90,"texture":"#0"},"east":{"uv":[3.25,0.5,3.375,0.25],"rotation":270,"texture":"#0"},"south":{"uv":[3.25,0.5,3.375,0.25],"rotation":270,"texture":"#0"},"west":{"uv":[3.25,0.5,3.375,0.25],"rotation":270,"texture":"#0"},"up":{"uv":[3.25,0.5,3.375,0.25],"rotation":270,"texture":"#0"},"down":{"uv":[3.25,0.5,3.375,0.25],"rotation":270,"texture":"#0"}}},{"from":[4,14.70358,3.98755],"to":[5,17.70358,4.98755],"rotation":{"angle":22.5,"axis":"x","origin":[8,12.05,6.08889]},"faces":{"north":{"uv":[3.375,0.25,3.25,0.5],"rotation":180,"texture":"#0"},"east":{"uv":[3.375,0.25,3.25,0.5],"rotation":180,"texture":"#0"},"south":{"uv":[3.375,0.25,3.25,0.5],"rotation":180,"texture":"#0"},"west":{"uv":[3.375,0.25,3.25,0.5],"rotation":180,"texture":"#0"},"up":{"uv":[3.375,0.25,3.25,0.5],"rotation":180,"texture":"#0"},"down":{"uv":[3.375,0.25,3.25,0.5],"rotation":180,"texture":"#0"}}},{"from":[2,14.70358,4.48755],"to":[4,16.70358,5.48755],"rotation":{"angle":22.5,"axis":"x","origin":[8,12.05,6.08889]},"faces":{"north":{"uv":[3.625,0.25,3.375,0.75],"texture":"#0"},"east":{"uv":[3.75,0.25,3.625,0.75],"texture":"#0"},"south":{"uv":[3.875,0.25,3.625,0.75],"texture":"#0"},"west":{"uv":[3.375,0.25,3.25,0.75],"texture":"#0"},"up":{"uv":[3.625,0,3.375,0.25],"texture":"#0"},"down":{"uv":[3.875,0,3.625,0.25],"texture":"#0"}}},{"from":[5.195,9,0],"to":[10.805,12,3],"rotation":{"angle":0,"axis":"y","origin":[8,12.05,6.08889]},"faces":{"north":{"uv":[0.375,11.75,1,12.5],"texture":"#0"},"east":{"uv":[0,11.75,0.375,12.5],"texture":"#0"},"south":{"uv":[0.375,11.75,1,12.5],"texture":"#0"},"west":{"uv":[1,11.75,1.375,12.5],"texture":"#0"},"up":{"uv":[0.375,11,1,11.75],"rotation":180,"texture":"#0"},"down":{"uv":[1,11,1.625,11.75],"rotation":180,"texture":"#0"}}}],"display":{"thirdperson_righthand":{"translation":[0,-2.75,0],"scale":[0.8,0.8,0.8]},"thirdperson_lefthand":{"translation":[0,-2.75,0],"scale":[0.8,0.8,0.8]},"firstperson_righthand":{"rotation":[0,135,0],"translation":[0,3,-1.75],"scale":[0.7,0.7,0.7]},"firstperson_lefthand":{"rotation":[0,135,0],"translation":[0,3,-1.75],"scale":[0.7,0.7,0.7]},"ground":{"translation":[0,4.75,0]},"gui":{"rotation":[30,-135,0],"translation":[0,-0.5,0],"scale":[0.7,0.7,0.7]},"head":{"scale":[1.61,1.61,1.61]},"fixed":{"translation":[0,0,-5]}},"groups":[{"name":"group","origin":[8,16,-1.5],"children":[0,1,2,3,4,5,6,7,8,{"name":"group","origin":[13.5,15,6.1],"children":[9,10,11,12,13]},{"name":"group","origin":[13.5,15,6.1],"children":[14,15,16,17,18]},19]}],"credit":"Model by Craftventure"}