{"textures":{"0":"block/sandstone_bottom","2":"block/sjaal5","particle":"block/sandstone_bottom"},"elements":[{"from":[0.25,-0.01,6.51],"to":[6.75,6.39,6.76],"rotation":{"angle":0,"axis":"y","origin":[8,8,14.25]},"faces":{"north":{"uv":[0,5,5,10],"rotation":90,"texture":"#2"},"east":{"uv":[0,0,16,1],"rotation":90,"texture":"#2"},"south":{"uv":[0,5,5,10],"rotation":90,"texture":"#2"},"west":{"uv":[0,1,16,2],"rotation":90,"texture":"#2"},"up":{"uv":[1,5,2,10],"rotation":90,"texture":"#2"},"down":{"uv":[10,10,11,15],"rotation":90,"texture":"#2"}}},{"from":[0.25,-0.01,0.249],"to":[6.75,6.39,0.498],"faces":{"north":{"uv":[0,5,5,10],"rotation":90,"texture":"#2"},"east":{"uv":[0,0,16,1],"rotation":90,"texture":"#2"},"south":{"uv":[0,5,5,10],"rotation":90,"texture":"#2"},"west":{"uv":[0,1,16,2],"rotation":90,"texture":"#2"},"up":{"uv":[1,5,2,10],"rotation":90,"texture":"#2"},"down":{"uv":[10,10,11,15],"rotation":90,"texture":"#2"}}},{"from":[6.51,0,0.25],"to":[6.76,6.4,6.75],"rotation":{"angle":0,"axis":"y","origin":[6.625,3.9,3.5]},"faces":{"north":{"uv":[0,0,16,1],"rotation":90,"texture":"#2"},"east":{"uv":[6,10,11,15],"rotation":90,"texture":"#2"},"south":{"uv":[0,1,16,2],"rotation":90,"texture":"#2"},"west":{"uv":[0,10,5,15],"rotation":90,"texture":"#2"},"up":{"uv":[1,5,2,10],"texture":"#2"},"down":{"uv":[10,10,11,15],"rotation":180,"texture":"#2"}}},{"from":[0.249,0,0.25],"to":[0.499,6.4,6.75],"rotation":{"angle":0,"axis":"y","origin":[0.375,3.9,3.5]},"faces":{"north":{"uv":[0,0,16,1],"rotation":90,"texture":"#2"},"east":{"uv":[6,10,11,15],"rotation":90,"texture":"#2"},"south":{"uv":[0,1,16,2],"rotation":90,"texture":"#2"},"west":{"uv":[0,10,5,15],"rotation":90,"texture":"#2"},"up":{"uv":[1,5,2,10],"texture":"#2"},"down":{"uv":[10,10,11,15],"rotation":180,"texture":"#2"}}},{"from":[0,5,6.76],"to":[6.99,8,7.01],"rotation":{"angle":0,"axis":"y","origin":[8,13,-0.25]},"faces":{"north":{"uv":[0,5,2,10],"rotation":90,"texture":"#2"},"east":{"uv":[0,0,2,1],"rotation":90,"texture":"#2"},"south":{"uv":[9,5,11,10],"rotation":90,"texture":"#2"},"west":{"uv":[0,0,2,1],"rotation":90,"texture":"#2"},"up":{"uv":[0,5,1,10],"rotation":90,"texture":"#2"},"down":{"uv":[0,5,1,10],"rotation":90,"texture":"#2"}}},{"from":[6.76,5.01,0.01],"to":[7.01,8.01,7],"rotation":{"angle":0,"axis":"y","origin":[-0.25,13,-1]},"faces":{"north":{"uv":[0,0,2,1],"rotation":90,"texture":"#2"},"east":{"uv":[9,5,11,10],"rotation":90,"texture":"#2"},"south":{"uv":[0,0,2,1],"rotation":90,"texture":"#2"},"west":{"uv":[0,5,2,10],"rotation":90,"texture":"#2"},"up":{"uv":[0,5,1,10],"texture":"#2"},"down":{"uv":[0,5,1,10],"rotation":180,"texture":"#2"}}},{"from":[-0.01,5.01,0.01],"to":[0.24,8.01,7],"rotation":{"angle":0,"axis":"y","origin":[-7,13,-1]},"faces":{"north":{"uv":[0,0,2,1],"rotation":90,"texture":"#2"},"east":{"uv":[9,5,11,10],"rotation":90,"texture":"#2"},"south":{"uv":[0,0,2,1],"rotation":90,"texture":"#2"},"west":{"uv":[0,5,2,10],"rotation":90,"texture":"#2"},"up":{"uv":[0,5,1,10],"texture":"#2"},"down":{"uv":[0,5,1,10],"rotation":180,"texture":"#2"}}},{"from":[0,5,-0.01],"to":[6.99,8,0.24],"rotation":{"angle":0,"axis":"y","origin":[8,13,-7]},"faces":{"north":{"uv":[0,5,2,10],"rotation":90,"texture":"#2"},"east":{"uv":[0,0,2,1],"rotation":90,"texture":"#2"},"south":{"uv":[9,5,11,10],"rotation":90,"texture":"#2"},"west":{"uv":[0,0,2,1],"rotation":90,"texture":"#2"},"up":{"uv":[0,5,1,10],"rotation":90,"texture":"#2"},"down":{"uv":[0,5,1,10],"rotation":90,"texture":"#2"}}},{"from":[0.4,0.1,0.4],"to":[6.65,1.1,6.65],"rotation":{"angle":0,"axis":"y","origin":[8.4,8.1,8.4]},"faces":{"north":{"uv":[0,0,6,1],"texture":"#2"},"east":{"uv":[0,0,6.25,1],"texture":"#2"},"south":{"uv":[0,0,6.25,1],"texture":"#2"},"west":{"uv":[0,0,6.25,1],"texture":"#2"},"up":{"uv":[0,0,6,6],"texture":"#2"},"down":{"uv":[0,0,6,6],"texture":"#2"}}},{"from":[2.4,9.5,0.75],"to":[3.4,10.5,1.75],"rotation":{"angle":22.5,"axis":"z","origin":[10.4,17.5,8.75]},"faces":{"north":{"uv":[11,1,13,3],"texture":"#0"},"east":{"uv":[0,0,2,2],"texture":"#0"},"south":{"uv":[12,7,14,9],"texture":"#0"},"west":{"uv":[8,6,10,8],"texture":"#0"},"up":{"uv":[11,7,13,9],"texture":"#0"},"down":{"uv":[4,8,6,10],"texture":"#0"}}},{"from":[-3.25,9.75,4.25],"to":[-2.25,10.75,5.25],"rotation":{"angle":22.5,"axis":"z","origin":[4.75,17.75,12.25]},"faces":{"north":{"uv":[11,1,13,3],"texture":"#0"},"east":{"uv":[0,0,2,2],"texture":"#0"},"south":{"uv":[12,7,14,9],"texture":"#0"},"west":{"uv":[8,6,10,8],"texture":"#0"},"up":{"uv":[11,7,13,9],"texture":"#0"},"down":{"uv":[4,8,6,10],"texture":"#0"}}},{"from":[0.19103,7.45078,0.2],"to":[1.19103,8.45078,1.2],"rotation":{"angle":22.5,"axis":"y","origin":[0.69103,7.95078,0.7]},"faces":{"north":{"uv":[11,1,13,3],"texture":"#0"},"east":{"uv":[0,0,2,2],"texture":"#0"},"south":{"uv":[12,7,14,9],"texture":"#0"},"west":{"uv":[8,6,10,8],"texture":"#0"},"up":{"uv":[11,7,13,9],"texture":"#0"},"down":{"uv":[4,8,6,10],"texture":"#0"}}},{"from":[0.19103,8.45078,2.2],"to":[1.19103,9.45078,3.2],"rotation":{"angle":0,"axis":"y","origin":[0.69103,8.95078,2.7]},"faces":{"north":{"uv":[11,1,13,3],"texture":"#0"},"east":{"uv":[0,0,2,2],"texture":"#0"},"south":{"uv":[12,7,14,9],"texture":"#0"},"west":{"uv":[8,6,10,8],"texture":"#0"},"up":{"uv":[11,7,13,9],"texture":"#0"},"down":{"uv":[4,8,6,10],"texture":"#0"}}},{"from":[5.89103,8.55078,2.6],"to":[6.89103,9.55078,3.6],"rotation":{"angle":0,"axis":"y","origin":[6.39103,9.05078,3.1]},"faces":{"north":{"uv":[11,1,13,3],"texture":"#0"},"east":{"uv":[0,0,2,2],"texture":"#0"},"south":{"uv":[12,7,14,9],"texture":"#0"},"west":{"uv":[8,6,10,8],"texture":"#0"},"up":{"uv":[11,7,13,9],"texture":"#0"},"down":{"uv":[4,8,6,10],"texture":"#0"}}},{"from":[2.19103,8.25078,0.2],"to":[3.19103,9.25078,1.2],"rotation":{"angle":-22.5,"axis":"z","origin":[2.69103,8.75078,0.7]},"faces":{"north":{"uv":[11,1,13,3],"texture":"#0"},"east":{"uv":[0,0,2,2],"texture":"#0"},"south":{"uv":[12,7,14,9],"texture":"#0"},"west":{"uv":[8,6,10,8],"texture":"#0"},"up":{"uv":[11,7,13,9],"texture":"#0"},"down":{"uv":[4,8,6,10],"texture":"#0"}}},{"from":[3.99103,8.25078,6.4],"to":[4.99103,9.25078,7.4],"rotation":{"angle":-22.5,"axis":"z","origin":[4.49103,8.75078,6.9]},"faces":{"north":{"uv":[11,1,13,3],"texture":"#0"},"east":{"uv":[0,0,2,2],"texture":"#0"},"south":{"uv":[12,7,14,9],"texture":"#0"},"west":{"uv":[8,6,10,8],"texture":"#0"},"up":{"uv":[11,7,13,9],"texture":"#0"},"down":{"uv":[4,8,6,10],"texture":"#0"}}},{"from":[3.09103,8.55078,0.3],"to":[4.09103,9.55078,1.3],"rotation":{"angle":22.5,"axis":"z","origin":[3.59103,9.05078,0.8]},"faces":{"north":{"uv":[11,1,13,3],"texture":"#0"},"east":{"uv":[0,0,2,2],"texture":"#0"},"south":{"uv":[12,7,14,9],"texture":"#0"},"west":{"uv":[8,6,10,8],"texture":"#0"},"up":{"uv":[11,7,13,9],"texture":"#0"},"down":{"uv":[4,8,6,10],"texture":"#0"}}},{"from":[4.89103,8.55078,6.5],"to":[5.89103,9.55078,7.5],"rotation":{"angle":22.5,"axis":"z","origin":[5.39103,9.05078,7]},"faces":{"north":{"uv":[11,1,13,3],"texture":"#0"},"east":{"uv":[0,0,2,2],"texture":"#0"},"south":{"uv":[12,7,14,9],"texture":"#0"},"west":{"uv":[8,6,10,8],"texture":"#0"},"up":{"uv":[11,7,13,9],"texture":"#0"},"down":{"uv":[4,8,6,10],"texture":"#0"}}}],"display":{"thirdperson_righthand":{"rotation":[51,21,0],"translation":[4.25,1.75,4.25],"scale":[0.9,0.9,0.9]},"thirdperson_lefthand":{"rotation":[51,21,0],"translation":[-3.75,-0.75,5.5],"scale":[0.9,0.9,0.9]},"firstperson_righthand":{"translation":[4.75,0,0]},"firstperson_lefthand":{"translation":[-4.25,0,0]},"gui":{"rotation":[30,135,-180],"translation":[7.75,-3.25,0],"scale":[1.2,1.2,1.2]},"head":{"rotation":[-169,-180,9],"translation":[-9.75,0.5,9.5],"scale":[2.22,2.22,2.22]}},"credit":"Model by Craftventure"}