{"textures":{"2":"block/gold_block","3":"block/black_concrete_powder","particle":"block/black_concrete_powder"},"elements":[{"from":[3,4,3],"to":[13,15,13],"faces":{"north":{"uv":[0,0,10,11],"texture":"#3"},"east":{"uv":[0,0,10,11],"texture":"#3"},"south":{"uv":[0,0,10,11],"texture":"#3"},"west":{"uv":[0,0,10,11],"texture":"#3"},"up":{"uv":[0,0,10,10],"texture":"#3"},"down":{"uv":[0,0,10,10],"texture":"#3"}}},{"from":[2.9,0,5],"to":[3.9,5,6],"faces":{"north":{"uv":[4,9,5,14],"texture":"#2"},"east":{"uv":[4,9,5,14],"texture":"#2"},"south":{"uv":[4,9,5,14],"texture":"#2"},"west":{"uv":[4,9,5,14],"texture":"#2"},"up":{"uv":[4,8,5,9],"texture":"#2"},"down":{"uv":[4,8,5,9],"texture":"#2"}}},{"from":[2.9,-1,5],"to":[13.1,0,6],"faces":{"north":{"uv":[0,0,10,1],"texture":"#2"},"east":{"uv":[0,0,1,1],"texture":"#2"},"south":{"uv":[0,0,10,1],"texture":"#2"},"west":{"uv":[0,0,1,1],"texture":"#2"},"up":{"uv":[0,0,10,1],"texture":"#2"},"down":{"uv":[0,0,10,1],"texture":"#2"}}},{"from":[12.1,0,5],"to":[13.1,5,6],"faces":{"north":{"uv":[4,9,5,14],"texture":"#2"},"east":{"uv":[4,9,5,14],"texture":"#2"},"south":{"uv":[4,9,5,14],"texture":"#2"},"west":{"uv":[4,9,5,14],"texture":"#2"},"up":{"uv":[4,8,5,9],"texture":"#2"},"down":{"uv":[4,8,5,9],"texture":"#2"}}}],"display":{"thirdperson_righthand":{"rotation":[67,0,0],"translation":[-6,1.85,19.25]},"gui":{"rotation":[30,-135,0],"translation":[0,0.25,0],"scale":[0.8,0.8,0.8]},"head":{"translation":[0,8.25,0],"scale":[1.7,1.7,1.7]}},"credit":"Model by Craftventure"}