{"textures":{"main":"block/spiderhat"},"elements":[{"name":"Cube","from":[4,-0.1,6.7],"to":[12,7.9,14.7],"rotation":{"angle":-22.5,"axis":"x","origin":[8,8,8]},"faces":{"north":{"uv":[5,3,9,5],"texture":"#main"},"east":{"uv":[12,3,14,5],"texture":"#main"},"south":{"uv":[10,3,12,5],"texture":"#main"},"west":{"uv":[8,3,10,5],"texture":"#main"},"up":{"uv":[6,3,9,5],"texture":"#main"},"down":{"uv":[6,3,9,5],"texture":"#main"}}},{"name":"Cube","from":[3,0,-1.9],"to":[9,2,0.1],"rotation":{"angle":-45,"axis":"z","origin":[8,8,8]},"faces":{"north":{"uv":[0,8,1.5,8.5],"texture":"#main"},"east":{"uv":[0,8,0.5,8.5],"texture":"#main"},"south":{"uv":[0,8,1.5,8.5],"texture":"#main"},"west":{"uv":[0,8,0.5,8.5],"texture":"#main"},"up":{"uv":[0,8,1.5,8.5],"texture":"#main"},"down":{"uv":[0,8,1.5,8.5],"texture":"#main"}}},{"name":"Cube","from":[-2.9,2.7,-1.6],"to":[1.1,4.1,-0.2],"rotation":{"angle":-22.5,"axis":"z","origin":[8,8,8]},"faces":{"north":{"uv":[0,8,1,8.35],"texture":"#main"},"east":{"uv":[0,8,0.35,8.35],"texture":"#main"},"south":{"uv":[0,8,1,8.35],"texture":"#main"},"west":{"uv":[0,8,0.35,8.35],"texture":"#main"},"up":{"uv":[0,8,1,8.35],"texture":"#main"},"down":{"uv":[0,8,1,8.35],"texture":"#main"}}},{"name":"Cube","from":[2,0,-2],"to":[14,12,10],"faces":{"north":{"uv":[6,5.5,10,7.5],"texture":"#main"},"east":{"uv":[6,5.5,10,7.5],"texture":"#main"},"south":{"uv":[6,5.5,10,7.5],"texture":"#main"},"west":{"uv":[6,5.5,10,7.5],"texture":"#main"},"up":{"uv":[7,5.5,11,7.5],"texture":"#main"},"down":{"uv":[6,5.5,10,7.5],"texture":"#main"}}},{"name":"Cube","from":[3,0,1.2],"to":[9,2,3.2],"rotation":{"angle":-45,"axis":"z","origin":[8,8,8]},"faces":{"north":{"uv":[0,8,1.5,8.5],"texture":"#main"},"east":{"uv":[0,8,0.5,8.5],"texture":"#main"},"south":{"uv":[0,8,1.5,8.5],"texture":"#main"},"west":{"uv":[0,8,0.5,8.5],"texture":"#main"},"up":{"uv":[0,8,1.5,8.5],"texture":"#main"},"down":{"uv":[0,8,1.5,8.5],"texture":"#main"}}},{"name":"Cube","from":[3,0,4.4],"to":[9,2,6.4],"rotation":{"angle":-45,"axis":"z","origin":[8,8,8]},"faces":{"north":{"uv":[0,8,1.5,8.5],"texture":"#main"},"east":{"uv":[0,8,0.5,8.5],"texture":"#main"},"south":{"uv":[0,8,1.5,8.5],"texture":"#main"},"west":{"uv":[0,8,0.5,8.5],"texture":"#main"},"up":{"uv":[0,8,1.5,8.5],"texture":"#main"},"down":{"uv":[0,8,1.5,8.5],"texture":"#main"}}},{"name":"Cube","from":[3,0,7.6],"to":[9,2,9.6],"rotation":{"angle":-45,"axis":"z","origin":[8,8,8]},"faces":{"north":{"uv":[0,8,1.5,8.5],"texture":"#main"},"east":{"uv":[0,8,0.5,8.5],"texture":"#main"},"south":{"uv":[0,8,1.5,8.5],"texture":"#main"},"west":{"uv":[0,8,0.5,8.5],"texture":"#main"},"up":{"uv":[0,8,1.5,8.5],"texture":"#main"},"down":{"uv":[0,8,1.5,8.5],"texture":"#main"}}},{"name":"Cube","from":[-6.5,7.3,-1.4],"to":[-3.5,8.3,-0.4],"faces":{"north":{"uv":[0,8,0.75,8.25],"texture":"#main"},"east":{"uv":[0,8,0.25,8.25],"texture":"#main"},"south":{"uv":[0,8,0.75,8.25],"texture":"#main"},"west":{"uv":[0,8,0.25,8.25],"texture":"#main"},"up":{"uv":[0,8,0.75,8.25],"texture":"#main"},"down":{"uv":[0,8,0.75,8.25],"texture":"#main"}}},{"name":"Cube","from":[-4.1,17.7,-1.2],"to":[-2.1,18.3,-0.6],"rotation":{"angle":45,"axis":"z","origin":[8,8,8]},"faces":{"north":{"uv":[0,8,0.5,8.15],"texture":"#main"},"east":{"uv":[0,8,0.15,8.15],"texture":"#main"},"south":{"uv":[0,8,0.5,8.15],"texture":"#main"},"west":{"uv":[0,8,0.15,8.15],"texture":"#main"},"up":{"uv":[0,8,0.5,8.15],"texture":"#main"},"down":{"uv":[0,8,0.5,8.15],"texture":"#main"}}},{"name":"Cube","from":[-6.1,-3.2,-1.1],"to":[-5.7,0.8,-0.7],"rotation":{"angle":-22.5,"axis":"z","origin":[8,8,8]},"faces":{"north":{"uv":[0,8,0.1,9],"texture":"#main"},"east":{"uv":[0,8,0.1,9],"texture":"#main"},"south":{"uv":[0,8,0.1,9],"texture":"#main"},"west":{"uv":[0,8,0.1,9],"texture":"#main"},"up":{"uv":[0,8,0.1,8.1],"texture":"#main"},"down":{"uv":[0,8,0.1,8.1],"texture":"#main"}}},{"name":"Cube","from":[-9.2,1,-1],"to":[-9,3,-0.8],"faces":{"north":{"uv":[0,8,0.05,8.5],"texture":"#main"},"east":{"uv":[0,8,0.05,8.5],"texture":"#main"},"south":{"uv":[0,8,0.05,8.5],"texture":"#main"},"west":{"uv":[0,8,0.05,8.5],"texture":"#main"},"up":{"uv":[0,8,0.05,8.05],"texture":"#main"},"down":{"uv":[0,8,0.05,8.05],"texture":"#main"}}},{"name":"Cube","from":[0.5,0.3,1.5],"to":[4.5,1.7,2.9],"rotation":{"angle":-45,"axis":"z","origin":[8,8,8]},"faces":{"north":{"uv":[0,8,1,8.35],"texture":"#main"},"east":{"uv":[0,8,0.35,8.35],"texture":"#main"},"south":{"uv":[0,8,1,8.35],"texture":"#main"},"west":{"uv":[0,8,0.35,8.35],"texture":"#main"},"up":{"uv":[0,8,1,8.35],"texture":"#main"},"down":{"uv":[0,8,1,8.35],"texture":"#main"}}},{"name":"Cube","from":[-2.9,2.7,4.7],"to":[1.1,4.1,6.1],"rotation":{"angle":-22.5,"axis":"z","origin":[8,8,8]},"faces":{"north":{"uv":[0,8,1,8.35],"texture":"#main"},"east":{"uv":[0,8,0.35,8.35],"texture":"#main"},"south":{"uv":[0,8,1,8.35],"texture":"#main"},"west":{"uv":[0,8,0.35,8.35],"texture":"#main"},"up":{"uv":[0,8,1,8.35],"texture":"#main"},"down":{"uv":[0,8,1,8.35],"texture":"#main"}}},{"name":"Cube","from":[-2.9,2.7,7.9],"to":[1.1,4.1,9.3],"rotation":{"angle":-22.5,"axis":"z","origin":[8,8,8]},"faces":{"north":{"uv":[0,8,1,8.35],"texture":"#main"},"east":{"uv":[0,8,0.35,8.35],"texture":"#main"},"south":{"uv":[0,8,1,8.35],"texture":"#main"},"west":{"uv":[0,8,0.35,8.35],"texture":"#main"},"up":{"uv":[0,8,1,8.35],"texture":"#main"},"down":{"uv":[0,8,1,8.35],"texture":"#main"}}},{"name":"Cube","from":[-4.3,3.9,1.7],"to":[-1.3,4.9,2.7],"rotation":{"angle":-22.5,"axis":"z","origin":[8,8,8]},"faces":{"north":{"uv":[0,8,0.75,8.25],"texture":"#main"},"east":{"uv":[0,8,0.25,8.25],"texture":"#main"},"south":{"uv":[0,8,0.75,8.25],"texture":"#main"},"west":{"uv":[0,8,0.25,8.25],"texture":"#main"},"up":{"uv":[0,8,0.75,8.25],"texture":"#main"},"down":{"uv":[0,8,0.75,8.25],"texture":"#main"}}},{"name":"Cube","from":[-6.5,7.3,4.9],"to":[-3.5,8.3,5.9],"faces":{"north":{"uv":[0,8,0.75,8.25],"texture":"#main"},"east":{"uv":[0,8,0.25,8.25],"texture":"#main"},"south":{"uv":[0,8,0.75,8.25],"texture":"#main"},"west":{"uv":[0,8,0.25,8.25],"texture":"#main"},"up":{"uv":[0,8,0.75,8.25],"texture":"#main"},"down":{"uv":[0,8,0.75,8.25],"texture":"#main"}}},{"name":"Cube","from":[-6.5,7.3,8.1],"to":[-3.5,8.3,9.1],"faces":{"north":{"uv":[0,8,0.75,8.25],"texture":"#main"},"east":{"uv":[0,8,0.25,8.25],"texture":"#main"},"south":{"uv":[0,8,0.75,8.25],"texture":"#main"},"west":{"uv":[0,8,0.25,8.25],"texture":"#main"},"up":{"uv":[0,8,0.75,8.25],"texture":"#main"},"down":{"uv":[0,8,0.75,8.25],"texture":"#main"}}},{"name":"Cube","from":[-4.9,13.6,1.8],"to":[-2.9,14.4,2.6],"rotation":{"angle":22.5,"axis":"z","origin":[8,8,8]},"faces":{"north":{"uv":[0,8,0.5,8.2],"texture":"#main"},"east":{"uv":[0,8,0.2,8.2],"texture":"#main"},"south":{"uv":[0,8,0.5,8.2],"texture":"#main"},"west":{"uv":[0,8,0.2,8.2],"texture":"#main"},"up":{"uv":[0,8,0.5,8.2],"texture":"#main"},"down":{"uv":[0,8,0.5,8.2],"texture":"#main"}}},{"name":"Cube","from":[-4.1,17.7,5.1],"to":[-2.1,18.3,5.7],"rotation":{"angle":45,"axis":"z","origin":[8,8,8]},"faces":{"north":{"uv":[0,8,0.5,8.15],"texture":"#main"},"east":{"uv":[0,8,0.15,8.15],"texture":"#main"},"south":{"uv":[0,8,0.5,8.15],"texture":"#main"},"west":{"uv":[0,8,0.15,8.15],"texture":"#main"},"up":{"uv":[0,8,0.5,8.15],"texture":"#main"},"down":{"uv":[0,8,0.5,8.15],"texture":"#main"}}},{"name":"Cube","from":[-4.1,17.7,8.3],"to":[-2.1,18.3,8.9],"rotation":{"angle":45,"axis":"z","origin":[8,8,8]},"faces":{"north":{"uv":[0,8,0.5,8.15],"texture":"#main"},"east":{"uv":[0,8,0.15,8.15],"texture":"#main"},"south":{"uv":[0,8,0.5,8.15],"texture":"#main"},"west":{"uv":[0,8,0.15,8.15],"texture":"#main"},"up":{"uv":[0,8,0.5,8.15],"texture":"#main"},"down":{"uv":[0,8,0.5,8.15],"texture":"#main"}}},{"name":"Cube","from":[-5.5,-0.6,1.9],"to":[-4.9,3.4,2.5],"rotation":{"angle":-22.5,"axis":"z","origin":[8,8,8]},"faces":{"north":{"uv":[0,8,0.15,9],"texture":"#main"},"east":{"uv":[0,8,0.15,9],"texture":"#main"},"south":{"uv":[0,8,0.15,9],"texture":"#main"},"west":{"uv":[0,8,0.15,9],"texture":"#main"},"up":{"uv":[0,8,0.15,8.15],"texture":"#main"},"down":{"uv":[0,8,0.15,8.15],"texture":"#main"}}},{"name":"Cube","from":[-6.1,-3.2,5.2],"to":[-5.7,0.8,5.6],"rotation":{"angle":-22.5,"axis":"z","origin":[8,8,8]},"faces":{"north":{"uv":[0,8,0.1,9],"texture":"#main"},"east":{"uv":[0,8,0.1,9],"texture":"#main"},"south":{"uv":[0,8,0.1,9],"texture":"#main"},"west":{"uv":[0,8,0.1,9],"texture":"#main"},"up":{"uv":[0,8,0.1,8.1],"texture":"#main"},"down":{"uv":[0,8,0.1,8.1],"texture":"#main"}}},{"name":"Cube","from":[-2.2,-6.9,8.4],"to":[-1.8,-3.9,8.8],"rotation":{"angle":-45,"axis":"z","origin":[8,8,8]},"faces":{"north":{"uv":[0,8,0.1,9],"texture":"#main"},"east":{"uv":[0,8,0.1,9],"texture":"#main"},"south":{"uv":[0,8,0.1,9],"texture":"#main"},"west":{"uv":[0,8,0.1,9],"texture":"#main"},"up":{"uv":[0,8,0.1,8.1],"texture":"#main"},"down":{"uv":[0,8,0.1,8.1],"texture":"#main"}}},{"name":"Cube","from":[-9.2,1,5.3],"to":[-9,3,5.5],"faces":{"north":{"uv":[0,8,0.05,8.5],"texture":"#main"},"east":{"uv":[0,8,0.05,8.5],"texture":"#main"},"south":{"uv":[0,8,0.05,8.5],"texture":"#main"},"west":{"uv":[0,8,0.05,8.5],"texture":"#main"},"up":{"uv":[0,8,0.05,8.05],"texture":"#main"},"down":{"uv":[0,8,0.05,8.05],"texture":"#main"}}},{"name":"Cube","from":[-7,-3.8,8.5],"to":[-6.8,-1.8,8.7],"rotation":{"angle":-22.5,"axis":"z","origin":[8,8,8]},"faces":{"north":{"uv":[0,8,0.05,8.5],"texture":"#main"},"east":{"uv":[0,8,0.05,8.5],"texture":"#main"},"south":{"uv":[0,8,0.05,8.5],"texture":"#main"},"west":{"uv":[0,8,0.05,8.5],"texture":"#main"},"up":{"uv":[0,8,0.05,8.05],"texture":"#main"},"down":{"uv":[0,8,0.05,8.05],"texture":"#main"}}},{"name":"Cube","from":[-7.7,2.4,2],"to":[-7.3,5.2,2.4],"faces":{"north":{"uv":[0,8,0.1,8.7],"texture":"#main"},"east":{"uv":[0,8,0.1,8.7],"texture":"#main"},"south":{"uv":[0,8,0.1,8.7],"texture":"#main"},"west":{"uv":[0,8,0.1,8.7],"texture":"#main"},"up":{"uv":[0,8,0.1,8.1],"texture":"#main"},"down":{"uv":[0,8,0.1,8.1],"texture":"#main"}}},{"name":"Cube","from":[-8.5,7.2,2.1],"to":[-8.3,9,2.3],"rotation":{"angle":22.5,"axis":"z","origin":[8,8,8]},"faces":{"north":{"uv":[0,8,0.05,8.45],"texture":"#main"},"east":{"uv":[0,8,0.05,8.45],"texture":"#main"},"south":{"uv":[0,8,0.05,8.45],"texture":"#main"},"west":{"uv":[0,8,0.05,8.45],"texture":"#main"},"up":{"uv":[0,8,0.05,8.05],"texture":"#main"},"down":{"uv":[0,8,0.05,8.05],"texture":"#main"}}},{"name":"Cube","from":[7,0,7.6],"to":[13,2,9.6],"rotation":{"angle":45,"axis":"z","origin":[8,8,8]},"faces":{"north":{"uv":[0.5,8.25,1,9.25],"texture":"#main"},"east":{"uv":[0.5,8.75,1,9.25],"texture":"#main"},"south":{"uv":[0.5,8.5,1,9.5],"texture":"#main"},"west":{"uv":[0.5,8,1,9.5],"texture":"#main"},"up":{"uv":[0.5,8,1,9.25],"texture":"#main"},"down":{"uv":[0.5,8.5,1,9.25],"texture":"#main"}}},{"name":"Cube","from":[12.7,0.3,7.9],"to":[15.7,1.7,9.3],"rotation":{"angle":45,"axis":"z","origin":[8,8,8]},"faces":{"north":{"uv":[0,8,1,8.35],"texture":"#main"},"east":{"uv":[0,8,0.35,8.35],"texture":"#main"},"south":{"uv":[0,8,1,8.35],"texture":"#main"},"west":{"uv":[0,8,0.35,8.35],"texture":"#main"},"up":{"uv":[0,8,1,8.35],"texture":"#main"},"down":{"uv":[0,8,1,8.35],"texture":"#main"}}},{"name":"Cube","from":[17.5,4,8.1],"to":[20,5,9.1],"rotation":{"angle":22.5,"axis":"z","origin":[8,8,8]},"faces":{"north":{"uv":[0,8,0.75,8.25],"texture":"#main"},"east":{"uv":[0,8,0.25,8.25],"texture":"#main"},"south":{"uv":[0,8,0.75,8.25],"texture":"#main"},"west":{"uv":[0,8,0.25,8.25],"texture":"#main"},"up":{"uv":[0,8,0.75,8.25],"texture":"#main"},"down":{"uv":[0,8,0.75,8.25],"texture":"#main"}}},{"name":"Cube","from":[18.5,13.4,8.2],"to":[20.7,14.2,9],"rotation":{"angle":-22.5,"axis":"z","origin":[8,8,8]},"faces":{"north":{"uv":[0,8,0.75,8.25],"texture":"#main"},"east":{"uv":[0,8,0.25,8.25],"texture":"#main"},"south":{"uv":[0,8,0.75,8.25],"texture":"#main"},"west":{"uv":[0,8,0.25,8.25],"texture":"#main"},"up":{"uv":[0,8,0.75,8.25],"texture":"#main"},"down":{"uv":[0,8,0.75,8.25],"texture":"#main"}}},{"name":"Cube","from":[20.6,-0.9,8.2],"to":[21.2,3.3,8.8],"rotation":{"angle":22.5,"axis":"z","origin":[8,8,8]},"faces":{"north":{"uv":[0,8,0.75,8.25],"texture":"#main"},"east":{"uv":[0,8,0.25,8.25],"texture":"#main"},"south":{"uv":[0,8,0.75,8.25],"texture":"#main"},"west":{"uv":[0,8,0.25,8.25],"texture":"#main"},"up":{"uv":[0,8,0.75,8.25],"texture":"#main"},"down":{"uv":[0,8,0.75,8.25],"texture":"#main"}}},{"name":"Cube","from":[23.1,2.6,8.3],"to":[23.5,4.9,8.7],"faces":{"north":{"uv":[0,8,0.75,8.25],"texture":"#main"},"east":{"uv":[0,8,0.25,8.25],"texture":"#main"},"south":{"uv":[0,8,0.75,8.25],"texture":"#main"},"west":{"uv":[0,8,0.25,8.25],"texture":"#main"},"up":{"uv":[0,8,0.75,8.25],"texture":"#main"},"down":{"uv":[0,8,0.75,8.25],"texture":"#main"}}},{"name":"Cube","from":[24.1,6.8,8.4],"to":[24.3,8.9,8.6],"rotation":{"angle":-22.5,"axis":"z","origin":[8,8,8]},"faces":{"north":{"uv":[0,8,0.75,8.25],"texture":"#main"},"east":{"uv":[0,8,0.25,8.25],"texture":"#main"},"south":{"uv":[0,8,0.75,8.25],"texture":"#main"},"west":{"uv":[0,8,0.25,8.25],"texture":"#main"},"up":{"uv":[0,8,0.75,8.25],"texture":"#main"},"down":{"uv":[0,8,0.75,8.25],"texture":"#main"}}},{"name":"Cube","from":[7,0,4.4],"to":[13,2,6.4],"rotation":{"angle":45,"axis":"z","origin":[8,8,8]},"faces":{"north":{"uv":[0.5,8.25,1,9.25],"texture":"#main"},"east":{"uv":[0.5,8.75,1,9.25],"texture":"#main"},"south":{"uv":[0.5,8.5,1,9.5],"texture":"#main"},"west":{"uv":[0.5,8,1,9.5],"texture":"#main"},"up":{"uv":[0.5,8,1,9.25],"texture":"#main"},"down":{"uv":[0.5,8.5,1,9.25],"texture":"#main"}}},{"name":"Cube","from":[7,0,1.2],"to":[13,2,3.2],"rotation":{"angle":45,"axis":"z","origin":[8,8,8]},"faces":{"north":{"uv":[0.5,8.25,1,9.25],"texture":"#main"},"east":{"uv":[0.5,8.75,1,9.25],"texture":"#main"},"south":{"uv":[0.5,8.5,1,9.5],"texture":"#main"},"west":{"uv":[0.5,8,1,9.5],"texture":"#main"},"up":{"uv":[0.5,8,1,9.25],"texture":"#main"},"down":{"uv":[0.5,8.5,1,9.25],"texture":"#main"}}},{"name":"Cube","from":[7,0,-1.9],"to":[13,2,0.1],"rotation":{"angle":45,"axis":"z","origin":[8,8,8]},"faces":{"north":{"uv":[0.5,8.25,1,9.25],"texture":"#main"},"east":{"uv":[0.5,8.75,1,9.25],"texture":"#main"},"south":{"uv":[0.5,8.5,1,9.5],"texture":"#main"},"west":{"uv":[0.5,8,1,9.5],"texture":"#main"},"up":{"uv":[0.5,8,1,9.25],"texture":"#main"},"down":{"uv":[0.5,8.5,1,9.25],"texture":"#main"}}},{"name":"Cube","from":[14.7,2.7,4.8],"to":[17.7,4.1,6.2],"rotation":{"angle":22.5,"axis":"z","origin":[8,8,8]},"faces":{"north":{"uv":[0,8,1,8.35],"texture":"#main"},"east":{"uv":[0,8,0.35,8.35],"texture":"#main"},"south":{"uv":[0,8,1,8.35],"texture":"#main"},"west":{"uv":[0,8,0.35,8.35],"texture":"#main"},"up":{"uv":[0,8,1,8.35],"texture":"#main"},"down":{"uv":[0,8,1,8.35],"texture":"#main"}}},{"name":"Cube","from":[18.4,7,5],"to":[21,8,6],"faces":{"north":{"uv":[0,8,1,8.35],"texture":"#main"},"east":{"uv":[0,8,0.35,8.35],"texture":"#main"},"south":{"uv":[0,8,1,8.35],"texture":"#main"},"west":{"uv":[0,8,0.35,8.35],"texture":"#main"},"up":{"uv":[0,8,1,8.35],"texture":"#main"},"down":{"uv":[0,8,1,8.35],"texture":"#main"}}},{"name":"Cube","from":[17.2,16.4,5.1],"to":[19.2,17.1,5.9],"rotation":{"angle":-45,"axis":"z","origin":[8,8,8]},"faces":{"north":{"uv":[0,8,0.5,8.15],"texture":"#main"},"east":{"uv":[0,8,0.15,8.15],"texture":"#main"},"south":{"uv":[0,8,0.5,8.15],"texture":"#main"},"west":{"uv":[0,8,0.15,8.15],"texture":"#main"},"up":{"uv":[0,8,0.5,8.15],"texture":"#main"},"down":{"uv":[0,8,0.5,8.15],"texture":"#main"}}},{"name":"Cube","from":[20,-0.9,5.2],"to":[20.6,1.1,5.8],"rotation":{"angle":22.5,"axis":"z","origin":[8,8,8]},"faces":{"north":{"uv":[0,8,0.1,9],"texture":"#main"},"east":{"uv":[0,8,0.1,9],"texture":"#main"},"south":{"uv":[0,8,0.1,9],"texture":"#main"},"west":{"uv":[0,8,0.1,9],"texture":"#main"},"up":{"uv":[0,8,0.1,8.1],"texture":"#main"},"down":{"uv":[0,8,0.1,8.1],"texture":"#main"}}},{"name":"Cube","from":[22.5,2.9,5.3],"to":[22.9,4.6,5.7],"faces":{"north":{"uv":[0,8,0.05,8.5],"texture":"#main"},"east":{"uv":[0,8,0.05,8.5],"texture":"#main"},"south":{"uv":[0,8,0.05,8.5],"texture":"#main"},"west":{"uv":[0,8,0.05,8.5],"texture":"#main"},"up":{"uv":[0,8,0.05,8.05],"texture":"#main"},"down":{"uv":[0,8,0.05,8.05],"texture":"#main"}}},{"name":"Cube","from":[14.7,2.7,-1.6],"to":[17.7,4.1,-0.2],"rotation":{"angle":22.5,"axis":"z","origin":[8,8,8]},"faces":{"north":{"uv":[0,8,1,8.35],"texture":"#main"},"east":{"uv":[0,8,0.35,8.35],"texture":"#main"},"south":{"uv":[0,8,1,8.35],"texture":"#main"},"west":{"uv":[0,8,0.35,8.35],"texture":"#main"},"up":{"uv":[0,8,1,8.35],"texture":"#main"},"down":{"uv":[0,8,1,8.35],"texture":"#main"}}},{"name":"Cube","from":[18.4,7,-1.4],"to":[21,8,-0.4],"faces":{"north":{"uv":[0,8,1,8.35],"texture":"#main"},"east":{"uv":[0,8,0.35,8.35],"texture":"#main"},"south":{"uv":[0,8,1,8.35],"texture":"#main"},"west":{"uv":[0,8,0.35,8.35],"texture":"#main"},"up":{"uv":[0,8,1,8.35],"texture":"#main"},"down":{"uv":[0,8,1,8.35],"texture":"#main"}}},{"name":"Cube","from":[17.2,16.5,-1.2],"to":[19.2,17.1,-0.6],"rotation":{"angle":-45,"axis":"z","origin":[8,8,8]},"faces":{"north":{"uv":[0,8,0.5,8.15],"texture":"#main"},"east":{"uv":[0,8,0.15,8.15],"texture":"#main"},"south":{"uv":[0,8,0.5,8.15],"texture":"#main"},"west":{"uv":[0,8,0.15,8.15],"texture":"#main"},"up":{"uv":[0,8,0.5,8.15],"texture":"#main"},"down":{"uv":[0,8,0.5,8.15],"texture":"#main"}}},{"name":"Cube","from":[20.2,-2.9,-1.1],"to":[20.6,1.1,-0.7],"rotation":{"angle":22.5,"axis":"z","origin":[8,8,8]},"faces":{"north":{"uv":[0,8,0.1,9],"texture":"#main"},"east":{"uv":[0,8,0.1,9],"texture":"#main"},"south":{"uv":[0,8,0.1,9],"texture":"#main"},"west":{"uv":[0,8,0.1,9],"texture":"#main"},"up":{"uv":[0,8,0.1,8.1],"texture":"#main"},"down":{"uv":[0,8,0.1,8.1],"texture":"#main"}}},{"name":"Cube","from":[23.5,0.7,-1],"to":[23.7,2.8,-0.8],"faces":{"north":{"uv":[0,8,0.05,8.5],"texture":"#main"},"east":{"uv":[0,8,0.05,8.5],"texture":"#main"},"south":{"uv":[0,8,0.05,8.5],"texture":"#main"},"west":{"uv":[0,8,0.05,8.5],"texture":"#main"},"up":{"uv":[0,8,0.05,8.05],"texture":"#main"},"down":{"uv":[0,8,0.05,8.05],"texture":"#main"}}},{"name":"Cube","from":[14.7,2.7,1.5],"to":[17.7,4.1,2.9],"rotation":{"angle":22.5,"axis":"z","origin":[8,8,8]},"faces":{"north":{"uv":[0,8,1,8.35],"texture":"#main"},"east":{"uv":[0,8,0.35,8.35],"texture":"#main"},"south":{"uv":[0,8,1,8.35],"texture":"#main"},"west":{"uv":[0,8,0.35,8.35],"texture":"#main"},"up":{"uv":[0,8,1,8.35],"texture":"#main"},"down":{"uv":[0,8,1,8.35],"texture":"#main"}}},{"name":"Cube","from":[18.4,7,1.7],"to":[21,8,2.7],"faces":{"north":{"uv":[0,8,1,8.35],"texture":"#main"},"east":{"uv":[0,8,0.35,8.35],"texture":"#main"},"south":{"uv":[0,8,1,8.35],"texture":"#main"},"west":{"uv":[0,8,0.35,8.35],"texture":"#main"},"up":{"uv":[0,8,1,8.35],"texture":"#main"},"down":{"uv":[0,8,1,8.35],"texture":"#main"}}},{"name":"Cube","from":[20,12.2,1.9],"to":[22,12.8,2.5],"rotation":{"angle":-22.5,"axis":"z","origin":[8,8,8]},"faces":{"north":{"uv":[0,8,0.5,8.15],"texture":"#main"},"east":{"uv":[0,8,0.15,8.15],"texture":"#main"},"south":{"uv":[0,8,0.5,8.15],"texture":"#main"},"west":{"uv":[0,8,0.15,8.15],"texture":"#main"},"up":{"uv":[0,8,0.5,8.15],"texture":"#main"},"down":{"uv":[0,8,0.5,8.15],"texture":"#main"}}},{"name":"Cube","from":[20.8,-2.4,2],"to":[21.2,1.6,2.4],"rotation":{"angle":22.5,"axis":"z","origin":[8,8,8]},"faces":{"north":{"uv":[0,8,0.1,9],"texture":"#main"},"east":{"uv":[0,8,0.1,9],"texture":"#main"},"south":{"uv":[0,8,0.1,9],"texture":"#main"},"west":{"uv":[0,8,0.1,9],"texture":"#main"},"up":{"uv":[0,8,0.1,8.1],"texture":"#main"},"down":{"uv":[0,8,0.1,8.1],"texture":"#main"}}},{"name":"Cube","from":[23.5,7.4,5.3],"to":[23.7,9.1,5.5],"rotation":{"angle":-22.5,"axis":"z","origin":[8,8,8]},"faces":{"north":{"uv":[0,8,0.05,8.5],"texture":"#main"},"east":{"uv":[0,8,0.05,8.5],"texture":"#main"},"south":{"uv":[0,8,0.05,8.5],"texture":"#main"},"west":{"uv":[0,8,0.05,8.5],"texture":"#main"},"up":{"uv":[0,8,0.05,8.05],"texture":"#main"},"down":{"uv":[0,8,0.05,8.05],"texture":"#main"}}},{"name":"Cube","from":[23.9,0.9,2.1],"to":[24.1,3.6,2.3],"faces":{"north":{"uv":[0,8,0.05,8.5],"texture":"#main"},"east":{"uv":[0,8,0.05,8.5],"texture":"#main"},"south":{"uv":[0,8,0.05,8.5],"texture":"#main"},"west":{"uv":[0,8,0.05,8.5],"texture":"#main"},"up":{"uv":[0,8,0.05,8.05],"texture":"#main"},"down":{"uv":[0,8,0.05,8.05],"texture":"#main"}}}],"display":{"gui":{"rotation":[30,45,0],"translation":[2,1,0],"scale":[0.5,0.5,0.5]},"head":{"rotation":[0,-201,0],"translation":[0,8.88,-2],"scale":[0.4,0.4,0.4]}},"credit":"Model by Craftventure"}