{"textures":{"0":"block/black_concrete","1":"item/nether_star","2":"block/purple_concrete","particle":"block/black_concrete"},"elements":[{"from":[-2,0,-2],"to":[18,2.1,18],"faces":{"north":{"uv":[0,0,16,2],"texture":"#2"},"east":{"uv":[0,0,16,2],"texture":"#2"},"south":{"uv":[0,0,16,2],"texture":"#2"},"west":{"uv":[0,0,16,2],"texture":"#2"},"up":{"uv":[0,0,16,16],"texture":"#2"},"down":{"uv":[0,0,16,16],"texture":"#2"}}},{"from":[1,2,1],"to":[15,7,15],"faces":{"north":{"uv":[0,0,14,5],"texture":"#2"},"east":{"uv":[0,0,14,5],"texture":"#2"},"south":{"uv":[0,0,14,5],"texture":"#2"},"west":{"uv":[0,0,14,5],"texture":"#2"},"up":{"uv":[0,0,14,14],"texture":"#2"},"down":{"uv":[0,0,14,14],"texture":"#2"}}},{"from":[2,7,2],"to":[14,12,14],"faces":{"north":{"uv":[0,0,12,5],"texture":"#2"},"east":{"uv":[0,0,12,5],"texture":"#2"},"south":{"uv":[0,0,12,5],"texture":"#2"},"west":{"uv":[0,0,12,5],"texture":"#2"},"up":{"uv":[0,0,12,12],"texture":"#2"},"down":{"uv":[0,0,12,12],"texture":"#2"}}},{"from":[3,9.9,4],"to":[13,14.1,14],"rotation":{"angle":22.5,"axis":"x","origin":[8,11.9,9]},"faces":{"north":{"uv":[0,0,10,4.2],"texture":"#2"},"east":{"uv":[0,0,10,4.2],"texture":"#2"},"south":{"uv":[0,0,10,4.2],"texture":"#2"},"west":{"uv":[0,0,10,4.2],"texture":"#2"},"up":{"uv":[0,0,10,10],"texture":"#2"},"down":{"uv":[0,0,10,10],"texture":"#2"}}},{"from":[0.75,2,0.75],"to":[15.25,4.55,15.25],"faces":{"north":{"uv":[0,0,14.5,2.55],"texture":"#0"},"east":{"uv":[0,0,14.5,2.55],"texture":"#0"},"south":{"uv":[0,0,14.5,2.55],"texture":"#0"},"west":{"uv":[0,0,14.5,2.55],"texture":"#0"},"up":{"uv":[0,0,14.5,14.5],"texture":"#0"},"down":{"uv":[0,0,14.5,14.5],"texture":"#0"}}},{"from":[4,11.7,7.1],"to":[12,15.9,15.1],"rotation":{"angle":45,"axis":"x","origin":[8,13.7,11.1]},"faces":{"north":{"uv":[0,0,8,4.2],"texture":"#2"},"east":{"uv":[0,0,8,4.2],"texture":"#2"},"south":{"uv":[0,0,8,4.2],"texture":"#2"},"west":{"uv":[0,0,8,4.2],"texture":"#2"},"up":{"uv":[0,0,8,8],"texture":"#2"},"down":{"uv":[0,0,8,8],"texture":"#2"}}},{"from":[5,11.4,11.1],"to":[11,17.4,15.3],"rotation":{"angle":-22.5,"axis":"x","origin":[8,14.4,13.1]},"faces":{"north":{"uv":[0,0,6,6],"rotation":180,"texture":"#2"},"east":{"uv":[0,0,4.2,6],"rotation":270,"texture":"#2"},"south":{"uv":[0,0,6,6],"texture":"#2"},"west":{"uv":[0,0,4.2,6],"rotation":90,"texture":"#2"},"up":{"uv":[0,0,6,4.2],"rotation":180,"texture":"#2"},"down":{"uv":[0,0,6,4.2],"texture":"#2"}}},{"from":[5.5,12.3,12.8],"to":[10.5,16.8,17],"rotation":{"angle":0,"axis":"x","origin":[8,14.3,14.8]},"faces":{"north":{"uv":[0,0,5,4.5],"rotation":180,"texture":"#2"},"east":{"uv":[0,0,4.2,4.5],"rotation":270,"texture":"#2"},"south":{"uv":[0,0,5,4.5],"texture":"#2"},"west":{"uv":[0,0,4.2,4.5],"rotation":90,"texture":"#2"},"up":{"uv":[0,0,5,4.2],"rotation":180,"texture":"#2"},"down":{"uv":[0,0,5,4.2],"texture":"#2"}}},{"from":[6.25,12.7,14.1],"to":[9.75,15.45,18.3],"rotation":{"angle":22.5,"axis":"x","origin":[8,13.7,16.1]},"faces":{"north":{"uv":[0,0,3.5,2.75],"rotation":180,"texture":"#2"},"east":{"uv":[0,0,4.2,2.75],"rotation":270,"texture":"#2"},"south":{"uv":[0,0,3.5,2.75],"texture":"#2"},"west":{"uv":[0,0,4.2,2.75],"rotation":90,"texture":"#2"},"up":{"uv":[0,0,3.5,4.2],"rotation":180,"texture":"#2"},"down":{"uv":[0,0,3.5,4.2],"texture":"#2"}}},{"from":[7,12.1,16.7],"to":[9,14.1,19.4],"rotation":{"angle":45,"axis":"x","origin":[8,13.1,17.7]},"faces":{"north":{"uv":[0,0,2,2],"rotation":180,"texture":"#2"},"east":{"uv":[0,0,2.7,2],"rotation":270,"texture":"#2"},"south":{"uv":[0,0,2,2],"texture":"#2"},"west":{"uv":[0,0,2.7,2],"rotation":90,"texture":"#2"},"up":{"uv":[0,0,2,2.7],"rotation":180,"texture":"#2"},"down":{"uv":[0,0,2,2.7],"texture":"#2"}}},{"from":[7.5,10.9,17.625],"to":[8.5,13.1,19.125],"rotation":{"angle":-22.5,"axis":"x","origin":[8,12.1,18.625]},"faces":{"north":{"uv":[0,0,1,2.2],"rotation":180,"texture":"#2"},"east":{"uv":[0,0,1.5,2.2],"rotation":180,"texture":"#2"},"south":{"uv":[0,0,1,2.2],"rotation":180,"texture":"#2"},"west":{"uv":[0,0,1.5,2.2],"rotation":180,"texture":"#2"},"up":{"uv":[0,0,1,1.5],"texture":"#2"},"down":{"uv":[0,0,1,1.5],"texture":"#2"}}},{"name":"nether_star_0","from":[13.7966,7.4908,7.6112],"to":[14.1854,11.7676,8.3888],"rotation":{"angle":22.5,"axis":"x","origin":[13.991,9.29872,8.01944]},"faces":{"north":{"uv":[8,3,9,14],"texture":"#1"},"east":{"uv":[8,14,10,3],"rotation":180,"texture":"#1"},"south":{"uv":[9,3,10,14],"texture":"#1"},"west":{"uv":[8,3,10,14],"texture":"#1"},"up":{"uv":[10,3,8,4],"rotation":270,"texture":"#1"},"down":{"uv":[8,13,10,14],"rotation":270,"texture":"#1"}}},{"name":"nether_star_1","from":[13.7966,7.4908,7.2224],"to":[14.1854,11.3788,7.6112],"rotation":{"angle":22.5,"axis":"x","origin":[13.991,9.29872,8.01944]},"faces":{"north":{"uv":[7,4,8,14],"texture":"#1"},"east":{"uv":[7,14,8,4],"rotation":180,"texture":"#1"},"south":{"uv":[7,4,8,14],"texture":"#1"},"west":{"uv":[7,4,8,14],"texture":"#1"},"up":{"uv":[8,4,7,5],"rotation":270,"texture":"#1"},"down":{"uv":[7,13,8,14],"rotation":270,"texture":"#1"}}},{"name":"nether_star_2","from":[13.7966,7.8796,8.3888],"to":[14.1854,11.3788,8.7776],"rotation":{"angle":22.5,"axis":"x","origin":[13.991,9.29872,8.01944]},"faces":{"north":{"uv":[10,4,11,13],"texture":"#1"},"east":{"uv":[10,13,11,4],"rotation":180,"texture":"#1"},"south":{"uv":[10,4,11,13],"texture":"#1"},"west":{"uv":[10,4,11,13],"texture":"#1"},"up":{"uv":[11,4,10,5],"rotation":270,"texture":"#1"},"down":{"uv":[10,12,11,13],"rotation":270,"texture":"#1"}}},{"name":"nether_star_3","from":[13.7966,7.8796,6.8336],"to":[14.1854,10.6012,7.2224],"rotation":{"angle":22.5,"axis":"x","origin":[13.991,9.29872,8.01944]},"faces":{"north":{"uv":[6,6,7,13],"texture":"#1"},"east":{"uv":[6,13,7,6],"rotation":180,"texture":"#1"},"south":{"uv":[6,6,7,13],"texture":"#1"},"west":{"uv":[6,6,7,13],"texture":"#1"},"up":{"uv":[7,6,6,7],"rotation":270,"texture":"#1"},"down":{"uv":[6,12,7,13],"rotation":270,"texture":"#1"}}},{"name":"nether_star_4","from":[13.7966,8.6572,8.7776],"to":[14.1854,10.6012,9.5552],"rotation":{"angle":22.5,"axis":"x","origin":[13.991,9.29872,8.01944]},"faces":{"north":{"uv":[11,6,12,11],"texture":"#1"},"east":{"uv":[11,11,13,6],"rotation":180,"texture":"#1"},"south":{"uv":[12,6,13,11],"texture":"#1"},"west":{"uv":[11,6,13,11],"texture":"#1"},"up":{"uv":[13,6,11,7],"rotation":270,"texture":"#1"},"down":{"uv":[11,10,13,11],"rotation":270,"texture":"#1"}}},{"name":"nether_star_5","from":[13.7966,8.6572,6.056],"to":[14.1854,10.2124,6.8336],"rotation":{"angle":22.5,"axis":"x","origin":[13.991,9.29872,8.01944]},"faces":{"north":{"uv":[4,7,5,11],"texture":"#1"},"east":{"uv":[4,11,6,7],"rotation":180,"texture":"#1"},"south":{"uv":[5,7,6,11],"texture":"#1"},"west":{"uv":[4,7,6,11],"texture":"#1"},"up":{"uv":[6,7,4,8],"rotation":270,"texture":"#1"},"down":{"uv":[4,10,6,11],"rotation":270,"texture":"#1"}}},{"name":"nether_star_6","from":[13.7966,9.046,9.5552],"to":[14.1854,10.2124,9.944],"rotation":{"angle":22.5,"axis":"x","origin":[13.991,9.29872,8.01944]},"faces":{"north":{"uv":[13,7,14,10],"texture":"#1"},"east":{"uv":[13,10,14,7],"rotation":180,"texture":"#1"},"south":{"uv":[13,7,14,10],"texture":"#1"},"west":{"uv":[13,7,14,10],"texture":"#1"},"up":{"uv":[14,7,13,8],"rotation":270,"texture":"#1"},"down":{"uv":[13,9,14,10],"rotation":270,"texture":"#1"}}},{"name":"nether_star_7","from":[13.7966,9.046,5.6672],"to":[14.1854,9.8236,6.056],"rotation":{"angle":22.5,"axis":"x","origin":[13.991,9.29872,8.01944]},"faces":{"north":{"uv":[3,8,4,10],"texture":"#1"},"east":{"uv":[3,10,4,8],"rotation":180,"texture":"#1"},"south":{"uv":[3,8,4,10],"texture":"#1"},"west":{"uv":[3,8,4,10],"texture":"#1"},"up":{"uv":[4,8,3,9],"rotation":270,"texture":"#1"},"down":{"uv":[3,9,4,10],"rotation":270,"texture":"#1"}}},{"name":"nether_star_8","from":[13.7966,9.4348,9.944],"to":[14.1854,9.8236,10.3328],"rotation":{"angle":22.5,"axis":"x","origin":[13.991,9.29872,8.01944]},"faces":{"north":{"uv":[14,8,15,9],"texture":"#1"},"east":{"uv":[14,9,15,8],"rotation":180,"texture":"#1"},"south":{"uv":[14,8,15,9],"texture":"#1"},"west":{"uv":[14,8,15,9],"texture":"#1"},"up":{"uv":[15,8,14,9],"rotation":270,"texture":"#1"},"down":{"uv":[14,8,15,9],"rotation":270,"texture":"#1"}}},{"name":"nether_star_9","from":[13.7966,7.102,7.6112],"to":[14.1854,7.4908,8],"rotation":{"angle":22.5,"axis":"x","origin":[13.991,9.29872,8.01944]},"faces":{"north":{"uv":[8,14,9,15],"texture":"#1"},"east":{"uv":[8,15,9,14],"rotation":180,"texture":"#1"},"south":{"uv":[8,14,9,15],"texture":"#1"},"west":{"uv":[8,14,9,15],"texture":"#1"},"up":{"uv":[9,14,8,15],"rotation":270,"texture":"#1"},"down":{"uv":[8,14,9,15],"rotation":270,"texture":"#1"}}},{"name":"nether_star_0","from":[1.84,7.52,11.16],"to":[2.12,10.6,11.72],"faces":{"north":{"uv":[8,3,9,14],"texture":"#1"},"east":{"uv":[8,14,10,3],"rotation":180,"texture":"#1"},"south":{"uv":[9,3,10,14],"texture":"#1"},"west":{"uv":[8,3,10,14],"texture":"#1"},"up":{"uv":[10,3,8,4],"rotation":270,"texture":"#1"},"down":{"uv":[8,13,10,14],"rotation":270,"texture":"#1"}}},{"name":"nether_star_1","from":[1.84,7.52,10.88],"to":[2.12,10.32,11.16],"faces":{"north":{"uv":[7,4,8,14],"texture":"#1"},"east":{"uv":[7,14,8,4],"rotation":180,"texture":"#1"},"south":{"uv":[7,4,8,14],"texture":"#1"},"west":{"uv":[7,4,8,14],"texture":"#1"},"up":{"uv":[8,4,7,5],"rotation":270,"texture":"#1"},"down":{"uv":[7,13,8,14],"rotation":270,"texture":"#1"}}},{"name":"nether_star_2","from":[1.84,7.8,11.72],"to":[2.12,10.32,12],"faces":{"north":{"uv":[10,4,11,13],"texture":"#1"},"east":{"uv":[10,13,11,4],"rotation":180,"texture":"#1"},"south":{"uv":[10,4,11,13],"texture":"#1"},"west":{"uv":[10,4,11,13],"texture":"#1"},"up":{"uv":[11,4,10,5],"rotation":270,"texture":"#1"},"down":{"uv":[10,12,11,13],"rotation":270,"texture":"#1"}}},{"name":"nether_star_3","from":[1.84,7.8,10.6],"to":[2.12,9.76,10.88],"faces":{"north":{"uv":[6,6,7,13],"texture":"#1"},"east":{"uv":[6,13,7,6],"rotation":180,"texture":"#1"},"south":{"uv":[6,6,7,13],"texture":"#1"},"west":{"uv":[6,6,7,13],"texture":"#1"},"up":{"uv":[7,6,6,7],"rotation":270,"texture":"#1"},"down":{"uv":[6,12,7,13],"rotation":270,"texture":"#1"}}},{"name":"nether_star_4","from":[1.84,8.36,12],"to":[2.12,9.76,12.56],"faces":{"north":{"uv":[11,6,12,11],"texture":"#1"},"east":{"uv":[11,11,13,6],"rotation":180,"texture":"#1"},"south":{"uv":[12,6,13,11],"texture":"#1"},"west":{"uv":[11,6,13,11],"texture":"#1"},"up":{"uv":[13,6,11,7],"rotation":270,"texture":"#1"},"down":{"uv":[11,10,13,11],"rotation":270,"texture":"#1"}}},{"name":"nether_star_5","from":[1.84,8.36,10.04],"to":[2.12,9.48,10.6],"faces":{"north":{"uv":[4,7,5,11],"texture":"#1"},"east":{"uv":[4,11,6,7],"rotation":180,"texture":"#1"},"south":{"uv":[5,7,6,11],"texture":"#1"},"west":{"uv":[4,7,6,11],"texture":"#1"},"up":{"uv":[6,7,4,8],"rotation":270,"texture":"#1"},"down":{"uv":[4,10,6,11],"rotation":270,"texture":"#1"}}},{"name":"nether_star_6","from":[1.84,8.64,12.56],"to":[2.12,9.48,12.84],"faces":{"north":{"uv":[13,7,14,10],"texture":"#1"},"east":{"uv":[13,10,14,7],"rotation":180,"texture":"#1"},"south":{"uv":[13,7,14,10],"texture":"#1"},"west":{"uv":[13,7,14,10],"texture":"#1"},"up":{"uv":[14,7,13,8],"rotation":270,"texture":"#1"},"down":{"uv":[13,9,14,10],"rotation":270,"texture":"#1"}}},{"name":"nether_star_7","from":[1.84,8.64,9.76],"to":[2.12,9.2,10.04],"faces":{"north":{"uv":[3,8,4,10],"texture":"#1"},"east":{"uv":[3,10,4,8],"rotation":180,"texture":"#1"},"south":{"uv":[3,8,4,10],"texture":"#1"},"west":{"uv":[3,8,4,10],"texture":"#1"},"up":{"uv":[4,8,3,9],"rotation":270,"texture":"#1"},"down":{"uv":[3,9,4,10],"rotation":270,"texture":"#1"}}},{"name":"nether_star_8","from":[1.84,8.92,12.84],"to":[2.12,9.2,13.12],"faces":{"north":{"uv":[14,8,15,9],"texture":"#1"},"east":{"uv":[14,9,15,8],"rotation":180,"texture":"#1"},"south":{"uv":[14,8,15,9],"texture":"#1"},"west":{"uv":[14,8,15,9],"texture":"#1"},"up":{"uv":[15,8,14,9],"rotation":270,"texture":"#1"},"down":{"uv":[14,8,15,9],"rotation":270,"texture":"#1"}}},{"name":"nether_star_9","from":[1.84,7.24,11.16],"to":[2.12,7.52,11.44],"faces":{"north":{"uv":[8,14,9,15],"texture":"#1"},"east":{"uv":[8,15,9,14],"rotation":180,"texture":"#1"},"south":{"uv":[8,14,9,15],"texture":"#1"},"west":{"uv":[8,14,9,15],"texture":"#1"},"up":{"uv":[9,14,8,15],"rotation":270,"texture":"#1"},"down":{"uv":[8,14,9,15],"rotation":270,"texture":"#1"}}},{"name":"nether_star_0","from":[9.5,13,4.24],"to":[9.94,15.42,4.46],"rotation":{"angle":22.5,"axis":"x","origin":[9.731,14.023,4.35]},"faces":{"north":{"uv":[8,14,10,3],"rotation":180,"texture":"#1"},"east":{"uv":[9,3,10,14],"texture":"#1"},"south":{"uv":[8,3,10,14],"texture":"#1"},"west":{"uv":[8,3,9,14],"texture":"#1"},"up":{"uv":[10,3,8,4],"rotation":180,"texture":"#1"},"down":{"uv":[8,13,10,14],"texture":"#1"}}},{"name":"nether_star_1","from":[9.28,13,4.24],"to":[9.5,15.2,4.46],"rotation":{"angle":22.5,"axis":"x","origin":[9.731,14.023,4.35]},"faces":{"north":{"uv":[7,14,8,4],"rotation":180,"texture":"#1"},"east":{"uv":[7,4,8,14],"texture":"#1"},"south":{"uv":[7,4,8,14],"texture":"#1"},"west":{"uv":[7,4,8,14],"texture":"#1"},"up":{"uv":[8,4,7,5],"rotation":180,"texture":"#1"},"down":{"uv":[7,13,8,14],"texture":"#1"}}},{"name":"nether_star_2","from":[9.94,13.22,4.24],"to":[10.16,15.2,4.46],"rotation":{"angle":22.5,"axis":"x","origin":[9.731,14.023,4.35]},"faces":{"north":{"uv":[10,13,11,4],"rotation":180,"texture":"#1"},"east":{"uv":[10,4,11,13],"texture":"#1"},"south":{"uv":[10,4,11,13],"texture":"#1"},"west":{"uv":[10,4,11,13],"texture":"#1"},"up":{"uv":[11,4,10,5],"rotation":180,"texture":"#1"},"down":{"uv":[10,12,11,13],"texture":"#1"}}},{"name":"nether_star_3","from":[9.06,13.22,4.24],"to":[9.28,14.76,4.46],"rotation":{"angle":22.5,"axis":"x","origin":[9.731,14.023,4.35]},"faces":{"north":{"uv":[6,13,7,6],"rotation":180,"texture":"#1"},"east":{"uv":[6,6,7,13],"texture":"#1"},"south":{"uv":[6,6,7,13],"texture":"#1"},"west":{"uv":[6,6,7,13],"texture":"#1"},"up":{"uv":[7,6,6,7],"rotation":180,"texture":"#1"},"down":{"uv":[6,12,7,13],"texture":"#1"}}},{"name":"nether_star_4","from":[10.16,13.66,4.24],"to":[10.6,14.76,4.46],"rotation":{"angle":22.5,"axis":"x","origin":[9.731,14.023,4.35]},"faces":{"north":{"uv":[11,11,13,6],"rotation":180,"texture":"#1"},"east":{"uv":[12,6,13,11],"texture":"#1"},"south":{"uv":[11,6,13,11],"texture":"#1"},"west":{"uv":[11,6,12,11],"texture":"#1"},"up":{"uv":[13,6,11,7],"rotation":180,"texture":"#1"},"down":{"uv":[11,10,13,11],"texture":"#1"}}},{"name":"nether_star_5","from":[8.62,13.66,4.24],"to":[9.06,14.54,4.46],"rotation":{"angle":22.5,"axis":"x","origin":[9.731,14.023,4.35]},"faces":{"north":{"uv":[4,11,6,7],"rotation":180,"texture":"#1"},"east":{"uv":[5,7,6,11],"texture":"#1"},"south":{"uv":[4,7,6,11],"texture":"#1"},"west":{"uv":[4,7,5,11],"texture":"#1"},"up":{"uv":[6,7,4,8],"rotation":180,"texture":"#1"},"down":{"uv":[4,10,6,11],"texture":"#1"}}},{"name":"nether_star_6","from":[10.6,13.88,4.24],"to":[10.82,14.54,4.46],"rotation":{"angle":22.5,"axis":"x","origin":[9.731,14.023,4.35]},"faces":{"north":{"uv":[13,10,14,7],"rotation":180,"texture":"#1"},"east":{"uv":[13,7,14,10],"texture":"#1"},"south":{"uv":[13,7,14,10],"texture":"#1"},"west":{"uv":[13,7,14,10],"texture":"#1"},"up":{"uv":[14,7,13,8],"rotation":180,"texture":"#1"},"down":{"uv":[13,9,14,10],"texture":"#1"}}},{"name":"nether_star_7","from":[8.4,13.88,4.24],"to":[8.62,14.32,4.46],"rotation":{"angle":22.5,"axis":"x","origin":[9.731,14.023,4.35]},"faces":{"north":{"uv":[3,10,4,8],"rotation":180,"texture":"#1"},"east":{"uv":[3,8,4,10],"texture":"#1"},"south":{"uv":[3,8,4,10],"texture":"#1"},"west":{"uv":[3,8,4,10],"texture":"#1"},"up":{"uv":[4,8,3,9],"rotation":180,"texture":"#1"},"down":{"uv":[3,9,4,10],"texture":"#1"}}},{"name":"nether_star_8","from":[10.82,14.1,4.24],"to":[11.04,14.32,4.46],"rotation":{"angle":22.5,"axis":"x","origin":[9.731,14.023,4.35]},"faces":{"north":{"uv":[14,9,15,8],"rotation":180,"texture":"#1"},"east":{"uv":[14,8,15,9],"texture":"#1"},"south":{"uv":[14,8,15,9],"texture":"#1"},"west":{"uv":[14,8,15,9],"texture":"#1"},"up":{"uv":[15,8,14,9],"rotation":180,"texture":"#1"},"down":{"uv":[14,8,15,9],"texture":"#1"}}},{"name":"nether_star_9","from":[9.5,12.78,4.24],"to":[9.72,13,4.46],"rotation":{"angle":22.5,"axis":"x","origin":[9.731,14.023,4.35]},"faces":{"north":{"uv":[8,15,9,14],"rotation":180,"texture":"#1"},"east":{"uv":[8,14,9,15],"texture":"#1"},"south":{"uv":[8,14,9,15],"texture":"#1"},"west":{"uv":[8,14,9,15],"texture":"#1"},"up":{"uv":[9,14,8,15],"rotation":180,"texture":"#1"},"down":{"uv":[8,14,9,15],"texture":"#1"}}},{"name":"nether_star_0","from":[4.905,15.978,12.696],"to":[5.045,16.258,14.236],"rotation":{"angle":-22.5,"axis":"x","origin":[4.975,16.111,13.347]},"faces":{"north":{"uv":[8,13,10,14],"rotation":90,"texture":"#1"},"east":{"uv":[8,14,10,3],"rotation":90,"texture":"#1"},"south":{"uv":[10,3,8,4],"rotation":270,"texture":"#1"},"west":{"uv":[8,3,10,14],"rotation":90,"texture":"#1"},"up":{"uv":[8,3,9,14],"rotation":180,"texture":"#1"},"down":{"uv":[9,3,10,14],"texture":"#1"}}},{"name":"nether_star_1","from":[4.905,16.258,12.696],"to":[5.045,16.398,14.096],"rotation":{"angle":-22.5,"axis":"x","origin":[4.975,16.111,13.347]},"faces":{"north":{"uv":[7,13,8,14],"rotation":90,"texture":"#1"},"east":{"uv":[7,14,8,4],"rotation":90,"texture":"#1"},"south":{"uv":[8,4,7,5],"rotation":270,"texture":"#1"},"west":{"uv":[7,4,8,14],"rotation":90,"texture":"#1"},"up":{"uv":[7,4,8,14],"rotation":180,"texture":"#1"},"down":{"uv":[7,4,8,14],"texture":"#1"}}},{"name":"nether_star_2","from":[4.905,15.838,12.836],"to":[5.045,15.978,14.096],"rotation":{"angle":-22.5,"axis":"x","origin":[4.975,16.111,13.347]},"faces":{"north":{"uv":[10,12,11,13],"rotation":90,"texture":"#1"},"east":{"uv":[10,13,11,4],"rotation":90,"texture":"#1"},"south":{"uv":[11,4,10,5],"rotation":270,"texture":"#1"},"west":{"uv":[10,4,11,13],"rotation":90,"texture":"#1"},"up":{"uv":[10,4,11,13],"rotation":180,"texture":"#1"},"down":{"uv":[10,4,11,13],"texture":"#1"}}},{"name":"nether_star_3","from":[4.905,16.398,12.836],"to":[5.045,16.538,13.816],"rotation":{"angle":-22.5,"axis":"x","origin":[4.975,16.111,13.347]},"faces":{"north":{"uv":[6,12,7,13],"rotation":90,"texture":"#1"},"east":{"uv":[6,13,7,6],"rotation":90,"texture":"#1"},"south":{"uv":[7,6,6,7],"rotation":270,"texture":"#1"},"west":{"uv":[6,6,7,13],"rotation":90,"texture":"#1"},"up":{"uv":[6,6,7,13],"rotation":180,"texture":"#1"},"down":{"uv":[6,6,7,13],"texture":"#1"}}},{"name":"nether_star_4","from":[4.905,15.558,13.116],"to":[5.045,15.838,13.816],"rotation":{"angle":-22.5,"axis":"x","origin":[4.975,16.111,13.347]},"faces":{"north":{"uv":[11,10,13,11],"rotation":90,"texture":"#1"},"east":{"uv":[11,11,13,6],"rotation":90,"texture":"#1"},"south":{"uv":[13,6,11,7],"rotation":270,"texture":"#1"},"west":{"uv":[11,6,13,11],"rotation":90,"texture":"#1"},"up":{"uv":[11,6,12,11],"rotation":180,"texture":"#1"},"down":{"uv":[12,6,13,11],"texture":"#1"}}},{"name":"nether_star_5","from":[4.905,16.538,13.116],"to":[5.045,16.818,13.676],"rotation":{"angle":-22.5,"axis":"x","origin":[4.975,16.111,13.347]},"faces":{"north":{"uv":[4,10,6,11],"rotation":90,"texture":"#1"},"east":{"uv":[4,11,6,7],"rotation":90,"texture":"#1"},"south":{"uv":[6,7,4,8],"rotation":270,"texture":"#1"},"west":{"uv":[4,7,6,11],"rotation":90,"texture":"#1"},"up":{"uv":[4,7,5,11],"rotation":180,"texture":"#1"},"down":{"uv":[5,7,6,11],"texture":"#1"}}},{"name":"nether_star_6","from":[4.905,15.418,13.256],"to":[5.045,15.558,13.676],"rotation":{"angle":-22.5,"axis":"x","origin":[4.975,16.111,13.347]},"faces":{"north":{"uv":[13,9,14,10],"rotation":90,"texture":"#1"},"east":{"uv":[13,10,14,7],"rotation":90,"texture":"#1"},"south":{"uv":[14,7,13,8],"rotation":270,"texture":"#1"},"west":{"uv":[13,7,14,10],"rotation":90,"texture":"#1"},"up":{"uv":[13,7,14,10],"rotation":180,"texture":"#1"},"down":{"uv":[13,7,14,10],"texture":"#1"}}},{"name":"nether_star_7","from":[4.905,16.818,13.256],"to":[5.045,16.958,13.536],"rotation":{"angle":-22.5,"axis":"x","origin":[4.975,16.111,13.347]},"faces":{"north":{"uv":[3,9,4,10],"rotation":90,"texture":"#1"},"east":{"uv":[3,10,4,8],"rotation":90,"texture":"#1"},"south":{"uv":[4,8,3,9],"rotation":270,"texture":"#1"},"west":{"uv":[3,8,4,10],"rotation":90,"texture":"#1"},"up":{"uv":[3,8,4,10],"rotation":180,"texture":"#1"},"down":{"uv":[3,8,4,10],"texture":"#1"}}},{"name":"nether_star_8","from":[4.905,15.278,13.396],"to":[5.045,15.418,13.536],"rotation":{"angle":-22.5,"axis":"x","origin":[4.975,16.111,13.347]},"faces":{"north":{"uv":[14,8,15,9],"rotation":90,"texture":"#1"},"east":{"uv":[14,9,15,8],"rotation":90,"texture":"#1"},"south":{"uv":[15,8,14,9],"rotation":270,"texture":"#1"},"west":{"uv":[14,8,15,9],"rotation":90,"texture":"#1"},"up":{"uv":[14,8,15,9],"rotation":180,"texture":"#1"},"down":{"uv":[14,8,15,9],"texture":"#1"}}},{"name":"nether_star_9","from":[4.905,16.118,12.556],"to":[5.045,16.258,12.696],"rotation":{"angle":-22.5,"axis":"x","origin":[4.975,16.111,13.347]},"faces":{"north":{"uv":[8,14,9,15],"rotation":90,"texture":"#1"},"east":{"uv":[8,15,9,14],"rotation":90,"texture":"#1"},"south":{"uv":[9,14,8,15],"rotation":270,"texture":"#1"},"west":{"uv":[8,14,9,15],"rotation":90,"texture":"#1"},"up":{"uv":[8,14,9,15],"rotation":180,"texture":"#1"},"down":{"uv":[8,14,9,15],"texture":"#1"}}},{"name":"nether_star_0","from":[9.2856,8.6408,13.9432],"to":[9.7,10.92,14.1504],"faces":{"north":{"uv":[8,3,10,14],"texture":"#1"},"east":{"uv":[8,3,9,14],"texture":"#1"},"south":{"uv":[8,14,10,3],"rotation":180,"texture":"#1"},"west":{"uv":[9,3,10,14],"texture":"#1"},"up":{"uv":[10,3,8,4],"texture":"#1"},"down":{"uv":[8,13,10,14],"rotation":180,"texture":"#1"}}},{"name":"nether_star_1","from":[9.7,8.6408,13.9432],"to":[9.9072,10.7128,14.1504],"faces":{"north":{"uv":[7,4,8,14],"texture":"#1"},"east":{"uv":[7,4,8,14],"texture":"#1"},"south":{"uv":[7,14,8,4],"rotation":180,"texture":"#1"},"west":{"uv":[7,4,8,14],"texture":"#1"},"up":{"uv":[8,4,7,5],"texture":"#1"},"down":{"uv":[7,13,8,14],"rotation":180,"texture":"#1"}}},{"name":"nether_star_2","from":[9.0784,8.848,13.9432],"to":[9.2856,10.7128,14.1504],"faces":{"north":{"uv":[10,4,11,13],"texture":"#1"},"east":{"uv":[10,4,11,13],"texture":"#1"},"south":{"uv":[10,13,11,4],"rotation":180,"texture":"#1"},"west":{"uv":[10,4,11,13],"texture":"#1"},"up":{"uv":[11,4,10,5],"texture":"#1"},"down":{"uv":[10,12,11,13],"rotation":180,"texture":"#1"}}},{"name":"nether_star_3","from":[9.9072,8.848,13.9432],"to":[10.1144,10.2984,14.1504],"faces":{"north":{"uv":[6,6,7,13],"texture":"#1"},"east":{"uv":[6,6,7,13],"texture":"#1"},"south":{"uv":[6,13,7,6],"rotation":180,"texture":"#1"},"west":{"uv":[6,6,7,13],"texture":"#1"},"up":{"uv":[7,6,6,7],"texture":"#1"},"down":{"uv":[6,12,7,13],"rotation":180,"texture":"#1"}}},{"name":"nether_star_4","from":[8.664,9.2624,13.9432],"to":[9.0784,10.2984,14.1504],"faces":{"north":{"uv":[11,6,13,11],"texture":"#1"},"east":{"uv":[11,6,12,11],"texture":"#1"},"south":{"uv":[11,11,13,6],"rotation":180,"texture":"#1"},"west":{"uv":[12,6,13,11],"texture":"#1"},"up":{"uv":[13,6,11,7],"texture":"#1"},"down":{"uv":[11,10,13,11],"rotation":180,"texture":"#1"}}},{"name":"nether_star_5","from":[10.1144,9.2624,13.9432],"to":[10.5288,10.0912,14.1504],"faces":{"north":{"uv":[4,7,6,11],"texture":"#1"},"east":{"uv":[4,7,5,11],"texture":"#1"},"south":{"uv":[4,11,6,7],"rotation":180,"texture":"#1"},"west":{"uv":[5,7,6,11],"texture":"#1"},"up":{"uv":[6,7,4,8],"texture":"#1"},"down":{"uv":[4,10,6,11],"rotation":180,"texture":"#1"}}},{"name":"nether_star_6","from":[8.4568,9.4696,13.9432],"to":[8.664,10.0912,14.1504],"faces":{"north":{"uv":[13,7,14,10],"texture":"#1"},"east":{"uv":[13,7,14,10],"texture":"#1"},"south":{"uv":[13,10,14,7],"rotation":180,"texture":"#1"},"west":{"uv":[13,7,14,10],"texture":"#1"},"up":{"uv":[14,7,13,8],"texture":"#1"},"down":{"uv":[13,9,14,10],"rotation":180,"texture":"#1"}}},{"name":"nether_star_7","from":[10.5288,9.4696,13.9432],"to":[10.736,9.884,14.1504],"faces":{"north":{"uv":[3,8,4,10],"texture":"#1"},"east":{"uv":[3,8,4,10],"texture":"#1"},"south":{"uv":[3,10,4,8],"rotation":180,"texture":"#1"},"west":{"uv":[3,8,4,10],"texture":"#1"},"up":{"uv":[4,8,3,9],"texture":"#1"},"down":{"uv":[3,9,4,10],"rotation":180,"texture":"#1"}}},{"name":"nether_star_8","from":[8.2496,9.6768,13.9432],"to":[8.4568,9.884,14.1504],"faces":{"north":{"uv":[14,8,15,9],"texture":"#1"},"east":{"uv":[14,8,15,9],"texture":"#1"},"south":{"uv":[14,9,15,8],"rotation":180,"texture":"#1"},"west":{"uv":[14,8,15,9],"texture":"#1"},"up":{"uv":[15,8,14,9],"texture":"#1"},"down":{"uv":[14,8,15,9],"rotation":180,"texture":"#1"}}},{"name":"nether_star_9","from":[9.4928,8.4336,13.9432],"to":[9.7,8.6408,14.1504],"faces":{"north":{"uv":[8,14,9,15],"texture":"#1"},"east":{"uv":[8,14,9,15],"texture":"#1"},"south":{"uv":[8,15,9,14],"rotation":180,"texture":"#1"},"west":{"uv":[8,14,9,15],"texture":"#1"},"up":{"uv":[9,14,8,15],"texture":"#1"},"down":{"uv":[8,14,9,15],"rotation":180,"texture":"#1"}}},{"name":"nether_star_1","from":[5.3856,7.5408,1.7432],"to":[5.8,9.82,1.9504],"faces":{"north":{"uv":[8,3,10,14],"texture":"#1"},"east":{"uv":[8,3,9,14],"texture":"#1"},"south":{"uv":[8,14,10,3],"rotation":180,"texture":"#1"},"west":{"uv":[9,3,10,14],"texture":"#1"},"up":{"uv":[10,3,8,4],"texture":"#1"},"down":{"uv":[8,13,10,14],"rotation":180,"texture":"#1"}}},{"name":"nether_star_2","from":[5.8,7.5408,1.7432],"to":[6.0072,9.6128,1.9504],"faces":{"north":{"uv":[7,4,8,14],"texture":"#1"},"east":{"uv":[7,4,8,14],"texture":"#1"},"south":{"uv":[7,14,8,4],"rotation":180,"texture":"#1"},"west":{"uv":[7,4,8,14],"texture":"#1"},"up":{"uv":[8,4,7,5],"texture":"#1"},"down":{"uv":[7,13,8,14],"rotation":180,"texture":"#1"}}},{"name":"nether_star_3","from":[5.1784,7.748,1.7432],"to":[5.3856,9.6128,1.9504],"faces":{"north":{"uv":[10,4,11,13],"texture":"#1"},"east":{"uv":[10,4,11,13],"texture":"#1"},"south":{"uv":[10,13,11,4],"rotation":180,"texture":"#1"},"west":{"uv":[10,4,11,13],"texture":"#1"},"up":{"uv":[11,4,10,5],"texture":"#1"},"down":{"uv":[10,12,11,13],"rotation":180,"texture":"#1"}}},{"name":"nether_star_4","from":[6.0072,7.748,1.7432],"to":[6.2144,9.1984,1.9504],"faces":{"north":{"uv":[6,6,7,13],"texture":"#1"},"east":{"uv":[6,6,7,13],"texture":"#1"},"south":{"uv":[6,13,7,6],"rotation":180,"texture":"#1"},"west":{"uv":[6,6,7,13],"texture":"#1"},"up":{"uv":[7,6,6,7],"texture":"#1"},"down":{"uv":[6,12,7,13],"rotation":180,"texture":"#1"}}},{"name":"nether_star_5","from":[4.764,8.1624,1.7432],"to":[5.1784,9.1984,1.9504],"faces":{"north":{"uv":[11,6,13,11],"texture":"#1"},"east":{"uv":[11,6,12,11],"texture":"#1"},"south":{"uv":[11,11,13,6],"rotation":180,"texture":"#1"},"west":{"uv":[12,6,13,11],"texture":"#1"},"up":{"uv":[13,6,11,7],"texture":"#1"},"down":{"uv":[11,10,13,11],"rotation":180,"texture":"#1"}}},{"name":"nether_star_6","from":[6.2144,8.1624,1.7432],"to":[6.6288,8.9912,1.9504],"faces":{"north":{"uv":[4,7,6,11],"texture":"#1"},"east":{"uv":[4,7,5,11],"texture":"#1"},"south":{"uv":[4,11,6,7],"rotation":180,"texture":"#1"},"west":{"uv":[5,7,6,11],"texture":"#1"},"up":{"uv":[6,7,4,8],"texture":"#1"},"down":{"uv":[4,10,6,11],"rotation":180,"texture":"#1"}}},{"name":"nether_star_7","from":[4.5568,8.3696,1.7432],"to":[4.764,8.9912,1.9504],"faces":{"north":{"uv":[13,7,14,10],"texture":"#1"},"east":{"uv":[13,7,14,10],"texture":"#1"},"south":{"uv":[13,10,14,7],"rotation":180,"texture":"#1"},"west":{"uv":[13,7,14,10],"texture":"#1"},"up":{"uv":[14,7,13,8],"texture":"#1"},"down":{"uv":[13,9,14,10],"rotation":180,"texture":"#1"}}},{"name":"nether_star_8","from":[6.6288,8.3696,1.7432],"to":[6.836,8.784,1.9504],"faces":{"north":{"uv":[3,8,4,10],"texture":"#1"},"east":{"uv":[3,8,4,10],"texture":"#1"},"south":{"uv":[3,10,4,8],"rotation":180,"texture":"#1"},"west":{"uv":[3,8,4,10],"texture":"#1"},"up":{"uv":[4,8,3,9],"texture":"#1"},"down":{"uv":[3,9,4,10],"rotation":180,"texture":"#1"}}},{"name":"nether_star_9","from":[4.3496,8.5768,1.7432],"to":[4.5568,8.784,1.9504],"faces":{"north":{"uv":[14,8,15,9],"texture":"#1"},"east":{"uv":[14,8,15,9],"texture":"#1"},"south":{"uv":[14,9,15,8],"rotation":180,"texture":"#1"},"west":{"uv":[14,8,15,9],"texture":"#1"},"up":{"uv":[15,8,14,9],"texture":"#1"},"down":{"uv":[14,8,15,9],"rotation":180,"texture":"#1"}}},{"name":"nether_star_10","from":[5.5928,7.3336,1.7432],"to":[5.8,7.5408,1.9504],"faces":{"north":{"uv":[8,14,9,15],"texture":"#1"},"east":{"uv":[8,14,9,15],"texture":"#1"},"south":{"uv":[8,15,9,14],"rotation":180,"texture":"#1"},"west":{"uv":[8,14,9,15],"texture":"#1"},"up":{"uv":[9,14,8,15],"texture":"#1"},"down":{"uv":[8,14,9,15],"rotation":180,"texture":"#1"}}},{"name":"nether_star_2","from":[12.3856,4.5408,0.8432],"to":[12.8,6.82,1.0504],"rotation":{"angle":45,"axis":"z","origin":[12.58244,5.50428,0.9468]},"faces":{"north":{"uv":[8,3,10,14],"texture":"#1"},"east":{"uv":[8,3,9,14],"texture":"#1"},"south":{"uv":[8,14,10,3],"rotation":180,"texture":"#1"},"west":{"uv":[9,3,10,14],"texture":"#1"},"up":{"uv":[10,3,8,4],"texture":"#1"},"down":{"uv":[8,13,10,14],"rotation":180,"texture":"#1"}}},{"name":"nether_star_3","from":[12.8,4.5408,0.8432],"to":[13.0072,6.6128,1.0504],"rotation":{"angle":45,"axis":"z","origin":[12.58244,5.50428,0.9468]},"faces":{"north":{"uv":[7,4,8,14],"texture":"#1"},"east":{"uv":[7,4,8,14],"texture":"#1"},"south":{"uv":[7,14,8,4],"rotation":180,"texture":"#1"},"west":{"uv":[7,4,8,14],"texture":"#1"},"up":{"uv":[8,4,7,5],"texture":"#1"},"down":{"uv":[7,13,8,14],"rotation":180,"texture":"#1"}}},{"name":"nether_star_4","from":[12.1784,4.748,0.8432],"to":[12.3856,6.6128,1.0504],"rotation":{"angle":45,"axis":"z","origin":[12.58244,5.50428,0.9468]},"faces":{"north":{"uv":[10,4,11,13],"texture":"#1"},"east":{"uv":[10,4,11,13],"texture":"#1"},"south":{"uv":[10,13,11,4],"rotation":180,"texture":"#1"},"west":{"uv":[10,4,11,13],"texture":"#1"},"up":{"uv":[11,4,10,5],"texture":"#1"},"down":{"uv":[10,12,11,13],"rotation":180,"texture":"#1"}}},{"name":"nether_star_5","from":[13.0072,4.748,0.8432],"to":[13.2144,6.1984,1.0504],"rotation":{"angle":45,"axis":"z","origin":[12.58244,5.50428,0.9468]},"faces":{"north":{"uv":[6,6,7,13],"texture":"#1"},"east":{"uv":[6,6,7,13],"texture":"#1"},"south":{"uv":[6,13,7,6],"rotation":180,"texture":"#1"},"west":{"uv":[6,6,7,13],"texture":"#1"},"up":{"uv":[7,6,6,7],"texture":"#1"},"down":{"uv":[6,12,7,13],"rotation":180,"texture":"#1"}}},{"name":"nether_star_6","from":[11.764,5.1624,0.8432],"to":[12.1784,6.1984,1.0504],"rotation":{"angle":45,"axis":"z","origin":[12.58244,5.50428,0.9468]},"faces":{"north":{"uv":[11,6,13,11],"texture":"#1"},"east":{"uv":[11,6,12,11],"texture":"#1"},"south":{"uv":[11,11,13,6],"rotation":180,"texture":"#1"},"west":{"uv":[12,6,13,11],"texture":"#1"},"up":{"uv":[13,6,11,7],"texture":"#1"},"down":{"uv":[11,10,13,11],"rotation":180,"texture":"#1"}}},{"name":"nether_star_7","from":[13.2144,5.1624,0.8432],"to":[13.6288,5.9912,1.0504],"rotation":{"angle":45,"axis":"z","origin":[12.58244,5.50428,0.9468]},"faces":{"north":{"uv":[4,7,6,11],"texture":"#1"},"east":{"uv":[4,7,5,11],"texture":"#1"},"south":{"uv":[4,11,6,7],"rotation":180,"texture":"#1"},"west":{"uv":[5,7,6,11],"texture":"#1"},"up":{"uv":[6,7,4,8],"texture":"#1"},"down":{"uv":[4,10,6,11],"rotation":180,"texture":"#1"}}},{"name":"nether_star_8","from":[11.5568,5.3696,0.8432],"to":[11.764,5.9912,1.0504],"rotation":{"angle":45,"axis":"z","origin":[12.58244,5.50428,0.9468]},"faces":{"north":{"uv":[13,7,14,10],"texture":"#1"},"east":{"uv":[13,7,14,10],"texture":"#1"},"south":{"uv":[13,10,14,7],"rotation":180,"texture":"#1"},"west":{"uv":[13,7,14,10],"texture":"#1"},"up":{"uv":[14,7,13,8],"texture":"#1"},"down":{"uv":[13,9,14,10],"rotation":180,"texture":"#1"}}},{"name":"nether_star_9","from":[13.6288,5.3696,0.8432],"to":[13.836,5.784,1.0504],"rotation":{"angle":45,"axis":"z","origin":[12.58244,5.50428,0.9468]},"faces":{"north":{"uv":[3,8,4,10],"texture":"#1"},"east":{"uv":[3,8,4,10],"texture":"#1"},"south":{"uv":[3,10,4,8],"rotation":180,"texture":"#1"},"west":{"uv":[3,8,4,10],"texture":"#1"},"up":{"uv":[4,8,3,9],"texture":"#1"},"down":{"uv":[3,9,4,10],"rotation":180,"texture":"#1"}}},{"name":"nether_star_10","from":[11.3496,5.5768,0.8432],"to":[11.5568,5.784,1.0504],"rotation":{"angle":45,"axis":"z","origin":[12.58244,5.50428,0.9468]},"faces":{"north":{"uv":[14,8,15,9],"texture":"#1"},"east":{"uv":[14,8,15,9],"texture":"#1"},"south":{"uv":[14,9,15,8],"rotation":180,"texture":"#1"},"west":{"uv":[14,8,15,9],"texture":"#1"},"up":{"uv":[15,8,14,9],"texture":"#1"},"down":{"uv":[14,8,15,9],"rotation":180,"texture":"#1"}}},{"name":"nether_star_11","from":[12.5928,4.3336,0.8432],"to":[12.8,4.5408,1.0504],"rotation":{"angle":45,"axis":"z","origin":[12.58244,5.50428,0.9468]},"faces":{"north":{"uv":[8,14,9,15],"texture":"#1"},"east":{"uv":[8,14,9,15],"texture":"#1"},"south":{"uv":[8,15,9,14],"rotation":180,"texture":"#1"},"west":{"uv":[8,14,9,15],"texture":"#1"},"up":{"uv":[9,14,8,15],"texture":"#1"},"down":{"uv":[8,14,9,15],"rotation":180,"texture":"#1"}}}],"display":{"gui":{"rotation":[30,-135,0],"scale":[0.5,0.5,0.5]},"head":{"rotation":[7,0,0],"translation":[0,10,1],"scale":[1.05,1.05,1.05]}},"groups":[0,1,2,3,4,5,6,7,8,9,10,{"name":"nether_star","origin":[8,8,8],"children":[11,12,13,14,15,16,17,18,19,20]},{"name":"nether_star","origin":[8,8,8],"children":[21,22,23,24,25,26,27,28,29,30]},{"name":"nether_star","origin":[8,8,8],"children":[31,32,33,34,35,36,37,38,39,40]},{"name":"nether_star","origin":[8,8,8],"children":[41,42,43,44,45,46,47,48,49,50]},{"name":"nether_star","origin":[8,8,8],"children":[51,52,53,54,55,56,57,58,59,60,61,62,63,64,65,66,67,68,69,70,71,72,73,74,75,76,77,78,79,80]}],"credit":"Model by Craftventure"}