{"textures":{"0":"block/brown_wool","1":"block/bone_block_top"},"elements":[{"name":"body","from":[6,0,7],"to":[10,4,13],"faces":{"north":{"uv":[9,10,13,14],"texture":"#0"},"east":{"uv":[4,6,10,10],"texture":"#0"},"south":{"uv":[7,4,11,8],"texture":"#0"},"west":{"uv":[0,8,6,12],"texture":"#0"},"up":{"uv":[5,2,9,8],"texture":"#0"},"down":{"uv":[7,5,11,11],"texture":"#0"}}},{"name":"leg1","from":[8.5,2,10.3],"to":[10.5,4,13.3],"rotation":{"angle":45,"axis":"x","origin":[8,8,8]},"faces":{"north":{"uv":[0,0,2,2],"texture":"#0"},"east":{"uv":[0,0,3,2],"texture":"#0"},"south":{"uv":[0,0,2,2],"texture":"#0"},"west":{"uv":[0,0,3,2],"texture":"#0"},"up":{"uv":[0,0,2,3],"texture":"#0"},"down":{"uv":[0,0,2,3],"texture":"#0"}}},{"name":"leg2","from":[5.5,2,10.3],"to":[7.5,4,13.3],"rotation":{"angle":45,"axis":"x","origin":[8,8,8]},"faces":{"north":{"uv":[0,0,2,2],"texture":"#0"},"east":{"uv":[0,0,3,2],"texture":"#0"},"south":{"uv":[0,0,2,2],"texture":"#0"},"west":{"uv":[0,0,3,2],"texture":"#0"},"up":{"uv":[0,0,2,3],"texture":"#0"},"down":{"uv":[0,0,2,3],"texture":"#0"}}},{"name":"leg2.2","from":[6.1,2.5,9],"to":[6.9,3.5,11],"rotation":{"angle":45,"axis":"x","origin":[8,8,8]},"faces":{"north":{"uv":[0,0,1,1],"texture":"#1"},"east":{"uv":[0,0,-7,2],"texture":"#1"},"south":{"uv":[0,0,1,1],"texture":"#1"},"west":{"uv":[0,0,2,1],"texture":"#1"},"up":{"uv":[0,0,1,2],"texture":"#1"},"down":{"uv":[0,0,1,2],"texture":"#1"}}},{"name":"leg1.2","from":[9.1,2.5,9],"to":[9.9,3.5,11],"rotation":{"angle":45,"axis":"x","origin":[8,8,8]},"faces":{"north":{"uv":[0,0,1,1],"texture":"#1"},"east":{"uv":[0,0,2,1],"texture":"#1"},"south":{"uv":[0,0,1,1],"texture":"#1"},"west":{"uv":[0,0,2,1],"texture":"#1"},"up":{"uv":[0,0,1,2],"texture":"#1"},"down":{"uv":[0,0,1,2],"texture":"#1"}}},{"name":"leg3.1","from":[5.1,1,5.5],"to":[10.9,2,8],"rotation":{"angle":-45,"axis":"x","origin":[8,8,8]},"faces":{"north":{"uv":[0,0,5,1],"texture":"#0"},"east":{"uv":[0,0,2.5,1],"texture":"#0"},"south":{"uv":[0,0,5,1],"texture":"#0"},"west":{"uv":[0,0,2.5,1],"texture":"#0"},"up":{"uv":[0,0,5,2.5],"texture":"#0"},"down":{"uv":[0,0,5,2.5],"texture":"#0"}}},{"name":"leg3.2","from":[5.2,1.5,5.6],"to":[5.9,3.2,6.3],"rotation":{"angle":-45,"axis":"x","origin":[8,8,8]},"faces":{"north":{"uv":[0,0,0.7,2.2],"texture":"#0"},"east":{"uv":[0,0,0.7,2.2],"texture":"#0"},"south":{"uv":[0,0,0.7,2.2],"texture":"#0"},"west":{"uv":[0,0,0.7,2.2],"texture":"#0"},"up":{"uv":[0,0,0.7,0.7],"texture":"#0"},"down":{"uv":[0,0,0.7,0.7],"texture":"#0"}}},{"name":"leg3.3","from":[10.1,1.5,5.6],"to":[10.8,3.2,6.3],"rotation":{"angle":-45,"axis":"x","origin":[8,8,8]},"faces":{"north":{"uv":[0,0,0.7,2.2],"texture":"#0"},"east":{"uv":[0,0,0.7,2.2],"texture":"#0"},"south":{"uv":[0,0,0.7,2.2],"texture":"#0"},"west":{"uv":[0,0,0.7,2.2],"texture":"#0"},"up":{"uv":[0,0,0.7,0.7],"texture":"#0"},"down":{"uv":[0,0,0.7,0.7],"texture":"#0"}}},{"name":"leg3.4","from":[10.3,2.5,5.8],"to":[10.6,3.7,6.1],"rotation":{"angle":-45,"axis":"x","origin":[8,8,8]},"faces":{"north":{"uv":[0,0,0.3,3.2],"texture":"#1"},"east":{"uv":[0,0,0.3,3.2],"texture":"#1"},"south":{"uv":[0,0,0.3,3.2],"texture":"#1"},"west":{"uv":[0,0,0.3,3.2],"texture":"#1"},"up":{"uv":[0,0,0.3,0.3],"texture":"#1"},"down":{"uv":[0,0,0.3,0.3],"texture":"#1"}}},{"name":"leg3.5","from":[5.4,2.5,5.8],"to":[5.7,3.7,6.1],"rotation":{"angle":-45,"axis":"x","origin":[8,8,8]},"faces":{"north":{"uv":[0,0,0.3,3.2],"texture":"#1"},"east":{"uv":[0,0,0.3,3.2],"texture":"#1"},"south":{"uv":[0,0,0.3,3.2],"texture":"#1"},"west":{"uv":[0,0,0.3,3.2],"texture":"#1"},"up":{"uv":[0,0,0.3,0.3],"texture":"#1"},"down":{"uv":[0,0,0.3,0.3],"texture":"#1"}}},{"name":"body1.1","from":[6.5,0.5,7.5],"to":[9.5,4.5,12.5],"faces":{"north":{"uv":[0,0,3,4],"texture":"#0"},"east":{"uv":[0,0,5,4],"texture":"#0"},"south":{"uv":[0,0,3,4],"texture":"#0"},"west":{"uv":[0,0,5,4],"texture":"#0"},"up":{"uv":[0,0,3,5],"texture":"#0"},"down":{"uv":[0,0,3,5],"texture":"#0"}}}],"display":{"gui":{"rotation":[30,-135,0],"translation":[2.25,5,0],"scale":[1.3,1.3,1.3]},"head":{"rotation":[-93,180,0],"translation":[0,13.5,-24.1],"scale":[3.9,3.9,3.9]}},"credit":"Model by Craftventure"}