{"textures":{"1":"block/white_shulker_box"},"elements":[{"from":[-1,15.5,-1.5],"to":[17,17.5,17.5],"rotation":{"angle":0,"axis":"y","origin":[8,16.5,8]},"faces":{"north":{"uv":[0,0,16,2],"texture":"#1"},"east":{"uv":[0,0,16,2],"texture":"#1"},"south":{"uv":[0,0,16,2],"texture":"#1"},"west":{"uv":[0,0,16,2],"texture":"#1"},"up":{"uv":[0,0,16,16],"texture":"#1"},"down":{"uv":[0,0,16,16],"texture":"#1"}}},{"from":[16,12,-1.5],"to":[17,15.5,-1],"rotation":{"angle":0,"axis":"y","origin":[8,13,8]},"faces":{"north":{"uv":[4,5,4.999,8.499],"texture":"#1"},"east":{"uv":[0,0,0.5,3.5],"texture":"#1"},"south":{"uv":[0,0,1,3.5],"texture":"#1"},"west":{"uv":[0,0,0.5,3.5],"texture":"#1"},"up":{"uv":[0,0,1,0.5],"texture":"#1"},"down":{"uv":[0,0,1,0.5],"texture":"#1"}}},{"from":[-1,12,-1.5],"to":[0,15.5,-1],"rotation":{"angle":0,"axis":"y","origin":[8,13,8]},"faces":{"north":{"uv":[4.999,5,4,8.499],"texture":"#1"},"east":{"uv":[0.5,0,0,3.5],"texture":"#1"},"south":{"uv":[1,0,0,3.5],"texture":"#1"},"west":{"uv":[0.5,0,0,3.5],"texture":"#1"},"up":{"uv":[1,0,0,0.5],"texture":"#1"},"down":{"uv":[1,0,0,0.5],"texture":"#1"}}},{"from":[14,13,-1.5],"to":[16,15.5,-1],"rotation":{"angle":0,"axis":"y","origin":[7,13,8]},"faces":{"north":{"uv":[5,1,6.998,2.998],"texture":"#1"},"east":{"uv":[0,0,0.5,3.5],"texture":"#1"},"south":{"uv":[0,0,1,3.5],"texture":"#1"},"west":{"uv":[0,0,0.5,3.5],"texture":"#1"},"up":{"uv":[0,0,1,0.5],"texture":"#1"},"down":{"uv":[0,0,1,0.5],"texture":"#1"}}},{"from":[0,13,-1.5],"to":[2,15.5,-1],"rotation":{"angle":0,"axis":"y","origin":[9,13,8]},"faces":{"north":{"uv":[6.998,1,5,2.998],"texture":"#1"},"east":{"uv":[0.5,0,0,3.5],"texture":"#1"},"south":{"uv":[1,0,0,3.5],"texture":"#1"},"west":{"uv":[0.5,0,0,3.5],"texture":"#1"},"up":{"uv":[1,0,0,0.5],"texture":"#1"},"down":{"uv":[1,0,0,0.5],"texture":"#1"}}},{"from":[11,14,-1.5],"to":[14,15.5,-1],"rotation":{"angle":0,"axis":"y","origin":[5,13,8]},"faces":{"north":{"uv":[6,7,8.999,8.499],"texture":"#1"},"east":{"uv":[0,0,0.5,3.5],"texture":"#1"},"south":{"uv":[0,0,1,3.5],"texture":"#1"},"west":{"uv":[0,0,0.5,3.5],"texture":"#1"},"up":{"uv":[0,0,1,0.5],"texture":"#1"},"down":{"uv":[0,0,1,0.5],"texture":"#1"}}},{"from":[2,14,-1.5],"to":[5,15.5,-1],"rotation":{"angle":0,"axis":"y","origin":[11,13,8]},"faces":{"north":{"uv":[2.999,4,0,5.498],"texture":"#1"},"east":{"uv":[0.5,0,0,3.5],"texture":"#1"},"south":{"uv":[1,0,0,3.5],"texture":"#1"},"west":{"uv":[0.5,0,0,3.5],"texture":"#1"},"up":{"uv":[1,0,0,0.5],"texture":"#1"},"down":{"uv":[1,0,0,0.5],"texture":"#1"}}},{"from":[8,14.5,-1.5],"to":[11,15.5,-1],"rotation":{"angle":0,"axis":"y","origin":[2,13,8]},"faces":{"north":{"uv":[6,2,7.999,3.499],"texture":"#1"},"east":{"uv":[0,0,0.5,3.5],"texture":"#1"},"south":{"uv":[0,0,1,3.5],"texture":"#1"},"west":{"uv":[0,0,0.5,3.5],"texture":"#1"},"up":{"uv":[0,0,1,0.5],"texture":"#1"},"down":{"uv":[0,0,1,0.5],"texture":"#1"}}},{"from":[5,14.5,-1.5],"to":[8,15.5,-1],"rotation":{"angle":0,"axis":"y","origin":[14,13,8]},"faces":{"north":{"uv":[3.998,13,2,14.498],"texture":"#1"},"east":{"uv":[0.5,0,0,3.5],"texture":"#1"},"south":{"uv":[1,0,0,3.5],"texture":"#1"},"west":{"uv":[0.5,0,0,3.5],"texture":"#1"},"up":{"uv":[1,0,0,0.5],"texture":"#1"},"down":{"uv":[1,0,0,0.5],"texture":"#1"}}},{"from":[16,12,-1],"to":[17.5,15.5,0.5],"rotation":{"angle":0,"axis":"y","origin":[8,16.5,8]},"faces":{"north":{"uv":[0,0,1.5,3.5],"texture":"#1"},"east":{"uv":[0,0,1.5,3.5],"texture":"#1"},"south":{"uv":[0,0,1.5,3.5],"texture":"#1"},"west":{"uv":[0,0,1.5,3.5],"texture":"#1"},"up":{"uv":[0,0,1.5,1.5],"rotation":270,"texture":"#1"},"down":{"uv":[0,0,1.5,1.5],"rotation":90,"texture":"#1"}}},{"from":[-1.5,12,-1],"to":[0,15.5,0.5],"rotation":{"angle":0,"axis":"y","origin":[8,16.5,8]},"faces":{"north":{"uv":[1.5,0,0,3.5],"texture":"#1"},"east":{"uv":[1.5,0,0,3.5],"texture":"#1"},"south":{"uv":[1.5,0,0,3.5],"texture":"#1"},"west":{"uv":[1.5,0,0,3.5],"texture":"#1"},"up":{"uv":[0,1.5,1.5,0],"rotation":270,"texture":"#1"},"down":{"uv":[0,1.5,1.5,0],"rotation":90,"texture":"#1"}}},{"from":[-1.5,15.5,-1],"to":[17.5,17.5,17],"rotation":{"angle":0,"axis":"y","origin":[8,16.5,8]},"faces":{"north":{"uv":[0,0,16,2],"texture":"#1"},"east":{"uv":[0,0,16,2],"texture":"#1"},"south":{"uv":[0,0,16,2],"texture":"#1"},"west":{"uv":[0,0,16,2],"texture":"#1"},"up":{"uv":[0,0,16,16],"rotation":270,"texture":"#1"},"down":{"uv":[0,0,16,16],"rotation":90,"texture":"#1"}}},{"from":[-1,17.5,-1],"to":[17,18.5,17],"rotation":{"angle":0,"axis":"y","origin":[8,16.5,8]},"faces":{"north":{"uv":[0,0,16,1],"texture":"#1"},"east":{"uv":[0,0,16,1],"texture":"#1"},"south":{"uv":[0,0,16,1],"texture":"#1"},"west":{"uv":[0,0,16,1],"texture":"#1"},"up":{"uv":[0,0,16,16],"rotation":270,"texture":"#1"},"down":{"uv":[0,0,16,16],"rotation":90,"texture":"#1"}}},{"from":[16,2.5,0.5],"to":[17.5,15.5,17],"rotation":{"angle":0,"axis":"y","origin":[8,16.5,8]},"faces":{"north":{"uv":[0,0,1.5,13],"texture":"#1"},"east":{"uv":[0,0,16,13],"texture":"#1"},"south":{"uv":[0,0,1.5,13],"texture":"#1"},"west":{"uv":[0,0,16,13],"texture":"#1"},"up":{"uv":[0,0,16,1.5],"rotation":270,"texture":"#1"},"down":{"uv":[0,0,16,1.5],"rotation":90,"texture":"#1"}}},{"from":[17.5,15.5,1],"to":[18.5,17.5,16.5],"rotation":{"angle":0,"axis":"y","origin":[8,18.5,8]},"faces":{"north":{"uv":[0,0,1,2],"texture":"#1"},"east":{"uv":[0,0,15.5,2],"texture":"#1"},"south":{"uv":[0,0,1,2],"texture":"#1"},"west":{"uv":[0,0,15.5,2],"texture":"#1"},"up":{"uv":[0,0,15.5,1],"rotation":270,"texture":"#1"},"down":{"uv":[0,0,15.5,1],"rotation":90,"texture":"#1"}}},{"from":[17.5,13,1],"to":[18.5,15,16.5],"rotation":{"angle":0,"axis":"y","origin":[8,16,8]},"faces":{"north":{"uv":[0,0,1,2],"texture":"#1"},"east":{"uv":[0,14,16,15.999],"texture":"#1"},"south":{"uv":[0,0,1,2],"texture":"#1"},"west":{"uv":[0,0,16,2],"texture":"#1"},"up":{"uv":[0,0,16,1],"rotation":270,"texture":"#1"},"down":{"uv":[0,0,16,1],"rotation":90,"texture":"#1"}}},{"from":[17.5,10.5,1],"to":[18.5,12.5,16.5],"rotation":{"angle":0,"axis":"y","origin":[8,13.5,8]},"faces":{"north":{"uv":[0,0,1,2],"texture":"#1"},"east":{"uv":[0,0,15.5,2],"texture":"#1"},"south":{"uv":[0,0,1,2],"texture":"#1"},"west":{"uv":[0,0,15.5,2],"texture":"#1"},"up":{"uv":[0,0,15.5,1],"rotation":270,"texture":"#1"},"down":{"uv":[0,0,15.5,1],"rotation":90,"texture":"#1"}}},{"from":[17.5,8,1],"to":[18.5,10,16.5],"rotation":{"angle":0,"axis":"y","origin":[8,11,8]},"faces":{"north":{"uv":[0,0,1,2],"texture":"#1"},"east":{"uv":[0,14,16,15.999],"texture":"#1"},"south":{"uv":[0,0,1,2],"texture":"#1"},"west":{"uv":[0,0,16,2],"texture":"#1"},"up":{"uv":[0,0,16,1],"rotation":270,"texture":"#1"},"down":{"uv":[0,0,16,1],"rotation":90,"texture":"#1"}}},{"from":[17.5,5.5,1],"to":[18.5,7.5,16.5],"rotation":{"angle":0,"axis":"y","origin":[8,8.5,8]},"faces":{"north":{"uv":[0,0,1,2],"texture":"#1"},"east":{"uv":[0,0,15.5,2],"texture":"#1"},"south":{"uv":[0,0,1,2],"texture":"#1"},"west":{"uv":[0,0,15.5,2],"texture":"#1"},"up":{"uv":[0,0,15.5,1],"rotation":270,"texture":"#1"},"down":{"uv":[0,0,15.5,1],"rotation":90,"texture":"#1"}}},{"from":[17.5,3,1],"to":[18.5,5,16.5],"rotation":{"angle":0,"axis":"y","origin":[8,6,8]},"faces":{"north":{"uv":[0,0,1,2],"texture":"#1"},"east":{"uv":[0,14,16,15.999],"texture":"#1"},"south":{"uv":[0,0,1,2],"texture":"#1"},"west":{"uv":[0,0,16,2],"texture":"#1"},"up":{"uv":[0,0,16,1],"rotation":270,"texture":"#1"},"down":{"uv":[0,0,16,1],"rotation":90,"texture":"#1"}}},{"from":[18,0,1.5],"to":[19,2,16],"rotation":{"angle":0,"axis":"y","origin":[8.5,3,8]},"faces":{"north":{"uv":[0,0,1,2],"texture":"#1"},"east":{"uv":[0,14,16,15.999],"texture":"#1"},"south":{"uv":[0,0,1,2],"texture":"#1"},"west":{"uv":[0,0,16,2],"texture":"#1"},"up":{"uv":[0,0,16,1],"rotation":270,"texture":"#1"},"down":{"uv":[0,0,16,1],"rotation":90,"texture":"#1"}}},{"from":[18.5,-2.25,2],"to":[19.5,-0.75,15.5],"rotation":{"angle":0,"axis":"y","origin":[9,0.5,8]},"faces":{"north":{"uv":[0,0,1,2],"texture":"#1"},"east":{"uv":[0,14,16,15.999],"texture":"#1"},"south":{"uv":[0,0,1,2],"texture":"#1"},"west":{"uv":[0,0,16,2],"texture":"#1"},"up":{"uv":[0,0,16,1],"rotation":270,"texture":"#1"},"down":{"uv":[0,0,16,1],"rotation":90,"texture":"#1"}}},{"from":[16.5,-0.5,1],"to":[18,2.5,16.5],"rotation":{"angle":0,"axis":"y","origin":[8.5,16.5,8]},"faces":{"north":{"uv":[0,0,1.5,3],"texture":"#1"},"east":{"uv":[0,0,15.5,3],"texture":"#1"},"south":{"uv":[0,0,1.5,3],"texture":"#1"},"west":{"uv":[0,0,15.5,3],"texture":"#1"},"up":{"uv":[0,0,15.5,1.5],"rotation":270,"texture":"#1"},"down":{"uv":[0,0,15.5,1.5],"rotation":90,"texture":"#1"}}},{"from":[17,-2.5,1.5],"to":[18.5,-0.5,16],"rotation":{"angle":0,"axis":"y","origin":[9,16.5,8]},"faces":{"north":{"uv":[0,0,1.5,2],"texture":"#1"},"east":{"uv":[0,0,14.5,2],"texture":"#1"},"south":{"uv":[0,0,1.5,2],"texture":"#1"},"west":{"uv":[0,0,14.5,2],"texture":"#1"},"up":{"uv":[0,0,14.5,1.5],"rotation":270,"texture":"#1"},"down":{"uv":[0,0,14.5,1.5],"rotation":90,"texture":"#1"}}},{"from":[-1,2.5,16],"to":[17,15.5,17.5],"rotation":{"angle":0,"axis":"y","origin":[8,16.5,8]},"faces":{"north":{"uv":[0,0,16,13],"texture":"#1"},"east":{"uv":[0,0,1.5,13],"texture":"#1"},"south":{"uv":[0,0,16,13],"texture":"#1"},"west":{"uv":[0,0,1.5,13],"texture":"#1"},"up":{"uv":[0,0,16,1.5],"texture":"#1"},"down":{"uv":[0,0,16,1.5],"texture":"#1"}}},{"from":[-0.5,15.5,17.5],"to":[16.5,17.5,18.5],"rotation":{"angle":0,"axis":"y","origin":[8,18.5,8]},"faces":{"north":{"uv":[0,0,16,2],"texture":"#1"},"east":{"uv":[0,0,1,2],"texture":"#1"},"south":{"uv":[0,0,16,2],"texture":"#1"},"west":{"uv":[0,0,1,2],"texture":"#1"},"up":{"uv":[0,0,16,1],"texture":"#1"},"down":{"uv":[0,0,16,1],"texture":"#1"}}},{"from":[-0.5,13,17.5],"to":[16.5,15,18.5],"rotation":{"angle":0,"axis":"y","origin":[8,16,8]},"faces":{"north":{"uv":[0,0,16,2],"texture":"#1"},"east":{"uv":[0,0,1,2],"texture":"#1"},"south":{"uv":[0,14,16,15.999],"texture":"#1"},"west":{"uv":[0,0,1,2],"texture":"#1"},"up":{"uv":[0,0,16,1],"texture":"#1"},"down":{"uv":[0,0,16,1],"texture":"#1"}}},{"from":[-0.5,10.5,17.5],"to":[16.5,12.5,18.5],"rotation":{"angle":0,"axis":"y","origin":[8,13.5,8]},"faces":{"north":{"uv":[0,0,16,2],"texture":"#1"},"east":{"uv":[0,0,1,2],"texture":"#1"},"south":{"uv":[0,0,16,2],"texture":"#1"},"west":{"uv":[0,0,1,2],"texture":"#1"},"up":{"uv":[0,0,16,1],"texture":"#1"},"down":{"uv":[0,0,16,1],"texture":"#1"}}},{"from":[-0.5,8,17.5],"to":[16.5,10,18.5],"rotation":{"angle":0,"axis":"y","origin":[8,11,8]},"faces":{"north":{"uv":[0,0,16,2],"texture":"#1"},"east":{"uv":[0,0,1,2],"texture":"#1"},"south":{"uv":[0,14,16,15.999],"texture":"#1"},"west":{"uv":[0,0,1,2],"texture":"#1"},"up":{"uv":[0,0,16,1],"texture":"#1"},"down":{"uv":[0,0,16,1],"texture":"#1"}}},{"from":[-0.5,5.5,17.5],"to":[16.5,7.5,18.5],"rotation":{"angle":0,"axis":"y","origin":[8,8.5,8]},"faces":{"north":{"uv":[0,0,16,2],"texture":"#1"},"east":{"uv":[0,0,1,2],"texture":"#1"},"south":{"uv":[0,0,16,2],"texture":"#1"},"west":{"uv":[0,0,1,2],"texture":"#1"},"up":{"uv":[0,0,16,1],"texture":"#1"},"down":{"uv":[0,0,16,1],"texture":"#1"}}},{"from":[-0.5,3,17.5],"to":[16.5,5,18.5],"rotation":{"angle":0,"axis":"y","origin":[8,6,8]},"faces":{"north":{"uv":[0,0,16,2],"texture":"#1"},"east":{"uv":[0,0,1,2],"texture":"#1"},"south":{"uv":[0,14,16,15.999],"texture":"#1"},"west":{"uv":[0,0,1,2],"texture":"#1"},"up":{"uv":[0,0,16,1],"texture":"#1"},"down":{"uv":[0,0,16,1],"texture":"#1"}}},{"from":[0,0,18],"to":[16,2,19],"rotation":{"angle":0,"axis":"y","origin":[8,3,8.5]},"faces":{"north":{"uv":[0,0,16,2],"texture":"#1"},"east":{"uv":[0,0,1,2],"texture":"#1"},"south":{"uv":[0,14,16,15.999],"texture":"#1"},"west":{"uv":[0,0,1,2],"texture":"#1"},"up":{"uv":[0,0,16,1],"texture":"#1"},"down":{"uv":[0,0,16,1],"texture":"#1"}}},{"from":[0.5,-2.25,18.5],"to":[15.5,-0.75,19.5],"rotation":{"angle":0,"axis":"y","origin":[8,0.5,9]},"faces":{"north":{"uv":[0,0,16,2],"texture":"#1"},"east":{"uv":[0,0,1,2],"texture":"#1"},"south":{"uv":[0,14,16,15.999],"texture":"#1"},"west":{"uv":[0,0,1,2],"texture":"#1"},"up":{"uv":[0,0,16,1],"texture":"#1"},"down":{"uv":[0,0,16,1],"texture":"#1"}}},{"from":[1,-3.75,19],"to":[15,-2.75,19.75],"rotation":{"angle":0,"axis":"y","origin":[8,-1.5,8]},"faces":{"north":{"uv":[0,0,16,2],"texture":"#1"},"east":{"uv":[0,0,1,2],"texture":"#1"},"south":{"uv":[0,14,16,15.999],"texture":"#1"},"west":{"uv":[0,0,1,2],"texture":"#1"},"up":{"uv":[0,0,16,1],"texture":"#1"},"down":{"uv":[0,0,16,1],"texture":"#1"}}},{"from":[19,-3.75,2.5],"to":[19.75,-2.75,15],"rotation":{"angle":0,"axis":"y","origin":[8,-1.5,8]},"faces":{"north":{"uv":[0,0,1,2],"texture":"#1"},"east":{"uv":[0,14,16,15.999],"texture":"#1"},"south":{"uv":[0,0,1,2],"texture":"#1"},"west":{"uv":[0,0,16,2],"texture":"#1"},"up":{"uv":[0,0,16,1],"rotation":270,"texture":"#1"},"down":{"uv":[0,0,16,1],"rotation":90,"texture":"#1"}}},{"from":[-3.75,-3.75,2.5],"to":[-3,-2.75,15],"rotation":{"angle":0,"axis":"y","origin":[8,-1.5,8]},"faces":{"north":{"uv":[1,0,0,2],"texture":"#1"},"east":{"uv":[16,0,0,2],"texture":"#1"},"south":{"uv":[1,0,0,2],"texture":"#1"},"west":{"uv":[16,14,0,15.999],"texture":"#1"},"up":{"uv":[0,1,16,0],"rotation":270,"texture":"#1"},"down":{"uv":[0,1,16,0],"rotation":90,"texture":"#1"}}},{"from":[-0.5,-0.5,16.5],"to":[16.5,2.5,18],"rotation":{"angle":0,"axis":"y","origin":[8,16.5,8.5]},"faces":{"north":{"uv":[0,0,16,3],"texture":"#1"},"east":{"uv":[0,0,1.5,3],"texture":"#1"},"south":{"uv":[0,0,16,3],"texture":"#1"},"west":{"uv":[0,0,1.5,3],"texture":"#1"},"up":{"uv":[0,0,16,1.5],"texture":"#1"},"down":{"uv":[0,0,16,1.5],"texture":"#1"}}},{"from":[0,-2.5,17],"to":[16,-0.5,18.5],"rotation":{"angle":0,"axis":"y","origin":[8,16.5,9]},"faces":{"north":{"uv":[0,0,16,2],"texture":"#1"},"east":{"uv":[0,0,1.5,2],"texture":"#1"},"south":{"uv":[0,0,16,2],"texture":"#1"},"west":{"uv":[0,0,1.5,2],"texture":"#1"},"up":{"uv":[0,0,16,1.5],"texture":"#1"},"down":{"uv":[0,0,16,1.5],"texture":"#1"}}},{"from":[0.5,-4,18],"to":[15.5,-2.5,19],"rotation":{"angle":0,"axis":"y","origin":[8,14.5,8]},"faces":{"north":{"uv":[0,0,15,1.5],"texture":"#1"},"east":{"uv":[0,0,1,1.5],"texture":"#1"},"south":{"uv":[0,0,15,1.5],"texture":"#1"},"west":{"uv":[0,0,1,1.5],"texture":"#1"},"up":{"uv":[0,0,15,1],"texture":"#1"},"down":{"uv":[0,0,15,1],"texture":"#1"}}},{"from":[18,-4,2],"to":[19,-2.5,15.5],"rotation":{"angle":0,"axis":"y","origin":[8,14.5,8]},"faces":{"north":{"uv":[0,0,1,1.5],"texture":"#1"},"east":{"uv":[0,0,13.5,1.5],"texture":"#1"},"south":{"uv":[0,0,1,1.5],"texture":"#1"},"west":{"uv":[0,0,13.5,1.5],"texture":"#1"},"up":{"uv":[0,0,13.5,1],"rotation":270,"texture":"#1"},"down":{"uv":[0,0,13.5,1],"rotation":90,"texture":"#1"}}},{"from":[-3,-4,2],"to":[-2,-2.5,15.5],"rotation":{"angle":0,"axis":"y","origin":[8,14.5,8]},"faces":{"north":{"uv":[1,0,0,1.5],"texture":"#1"},"east":{"uv":[13.5,0,0,1.5],"texture":"#1"},"south":{"uv":[1,0,0,1.5],"texture":"#1"},"west":{"uv":[13.5,0,0,1.5],"texture":"#1"},"up":{"uv":[0,1,13.5,0],"rotation":270,"texture":"#1"},"down":{"uv":[0,1,13.5,0],"rotation":90,"texture":"#1"}}},{"from":[-1.5,2.5,0.5],"to":[0,15.5,17],"rotation":{"angle":0,"axis":"y","origin":[8,16.5,8]},"faces":{"north":{"uv":[1.5,0,0,13],"texture":"#1"},"east":{"uv":[16,0,0,13],"texture":"#1"},"south":{"uv":[1.5,0,0,13],"texture":"#1"},"west":{"uv":[16,0,0,13],"texture":"#1"},"up":{"uv":[0,1.5,16,0],"rotation":270,"texture":"#1"},"down":{"uv":[0,1.5,16,0],"rotation":90,"texture":"#1"}}},{"from":[-2.5,15.5,1],"to":[-1.5,17.5,16.5],"rotation":{"angle":0,"axis":"y","origin":[8,18.5,8]},"faces":{"north":{"uv":[1,0,0,2],"texture":"#1"},"east":{"uv":[15.5,0,0,2],"texture":"#1"},"south":{"uv":[1,0,0,2],"texture":"#1"},"west":{"uv":[15.5,0,0,2],"texture":"#1"},"up":{"uv":[0,1,15.5,0],"rotation":270,"texture":"#1"},"down":{"uv":[0,1,15.5,0],"rotation":90,"texture":"#1"}}},{"from":[7,18.5,-0.75],"to":[9,19.5,16.75],"rotation":{"angle":0,"axis":"z","origin":[10,9,7.25]},"faces":{"north":{"uv":[1,0,2,2],"rotation":270,"texture":"#1"},"east":{"uv":[0,1,16,2],"texture":"#1"},"south":{"uv":[1,0,2,2],"rotation":90,"texture":"#1"},"west":{"uv":[0,1,16,2],"rotation":180,"texture":"#1"},"up":{"uv":[0,14,16,15.999],"rotation":90,"texture":"#1"},"down":{"uv":[0,0,16,2],"rotation":90,"texture":"#1"}}},{"from":[12,18.5,-0.25],"to":[14,19.5,16.25],"rotation":{"angle":0,"axis":"z","origin":[15,9,7.25]},"faces":{"north":{"uv":[1,0,2,2],"rotation":270,"texture":"#1"},"east":{"uv":[0,1,16,2],"texture":"#1"},"south":{"uv":[1,0,2,2],"rotation":90,"texture":"#1"},"west":{"uv":[0,1,16,2],"rotation":180,"texture":"#1"},"up":{"uv":[0,14,16,15.999],"rotation":90,"texture":"#1"},"down":{"uv":[0,0,16,2],"rotation":90,"texture":"#1"}}},{"from":[2,18.5,-0.25],"to":[4,19.5,16.25],"rotation":{"angle":0,"axis":"z","origin":[5,9,7.25]},"faces":{"north":{"uv":[1,0,2,2],"rotation":270,"texture":"#1"},"east":{"uv":[0,1,16,2],"texture":"#1"},"south":{"uv":[1,0,2,2],"rotation":90,"texture":"#1"},"west":{"uv":[0,1,16,2],"rotation":180,"texture":"#1"},"up":{"uv":[0,14,16,15.999],"rotation":90,"texture":"#1"},"down":{"uv":[0,0,16,2],"rotation":90,"texture":"#1"}}},{"from":[9.5,18.5,-0.75],"to":[11.5,19.5,16.75],"rotation":{"angle":0,"axis":"z","origin":[12.5,9,7.25]},"faces":{"north":{"uv":[1,0,2,2],"rotation":270,"texture":"#1"},"east":{"uv":[0,1,16,2],"texture":"#1"},"south":{"uv":[1,0,2,2],"rotation":90,"texture":"#1"},"west":{"uv":[0,1,16,2],"rotation":180,"texture":"#1"},"up":{"uv":[0,0,16,2],"rotation":90,"texture":"#1"},"down":{"uv":[0,0,16,2],"rotation":90,"texture":"#1"}}},{"from":[-0.5,18.5,0.25],"to":[1.5,19.5,15.75],"rotation":{"angle":0,"axis":"z","origin":[2.5,9,7.25]},"faces":{"north":{"uv":[1,0,2,2],"rotation":270,"texture":"#1"},"east":{"uv":[0,1,15.5,2],"texture":"#1"},"south":{"uv":[1,0,2,2],"rotation":90,"texture":"#1"},"west":{"uv":[0,1,15.5,2],"rotation":180,"texture":"#1"},"up":{"uv":[0.5,0,16,2],"rotation":90,"texture":"#1"},"down":{"uv":[0.5,0,16,2],"rotation":90,"texture":"#1"}}},{"from":[14.5,18.5,0.25],"to":[16.5,19.5,15.75],"rotation":{"angle":0,"axis":"z","origin":[17.5,9,7.25]},"faces":{"north":{"uv":[1,0,2,2],"rotation":270,"texture":"#1"},"east":{"uv":[0,1,15.5,2],"texture":"#1"},"south":{"uv":[1,0,2,2],"rotation":90,"texture":"#1"},"west":{"uv":[0,1,15.5,2],"rotation":180,"texture":"#1"},"up":{"uv":[0.5,0,16,2],"rotation":90,"texture":"#1"},"down":{"uv":[0.5,0,16,2],"rotation":90,"texture":"#1"}}},{"from":[4.5,18.5,-0.75],"to":[6.5,19.5,16.75],"rotation":{"angle":0,"axis":"z","origin":[7.5,9,7.25]},"faces":{"north":{"uv":[1,0,2,2],"rotation":270,"texture":"#1"},"east":{"uv":[0,1,16,2],"texture":"#1"},"south":{"uv":[1,0,2,2],"rotation":90,"texture":"#1"},"west":{"uv":[0,1,16,2],"rotation":180,"texture":"#1"},"up":{"uv":[0,0,16,2],"rotation":90,"texture":"#1"},"down":{"uv":[0,0,16,2],"rotation":90,"texture":"#1"}}},{"from":[-2.5,13,1],"to":[-1.5,15,16.5],"rotation":{"angle":0,"axis":"y","origin":[8,16,8]},"faces":{"north":{"uv":[1,0,0,2],"texture":"#1"},"east":{"uv":[16,0,0,2],"texture":"#1"},"south":{"uv":[1,0,0,2],"texture":"#1"},"west":{"uv":[16,14,0,15.999],"texture":"#1"},"up":{"uv":[0,1,16,0],"rotation":270,"texture":"#1"},"down":{"uv":[0,1,16,0],"rotation":90,"texture":"#1"}}},{"from":[-2.5,10.5,1],"to":[-1.5,12.5,16.5],"rotation":{"angle":0,"axis":"y","origin":[8,13.5,8]},"faces":{"north":{"uv":[1,0,0,2],"texture":"#1"},"east":{"uv":[15.5,0,0,2],"texture":"#1"},"south":{"uv":[1,0,0,2],"texture":"#1"},"west":{"uv":[15.5,0,0,2],"texture":"#1"},"up":{"uv":[0,1,15.5,0],"rotation":270,"texture":"#1"},"down":{"uv":[0,1,15.5,0],"rotation":90,"texture":"#1"}}},{"from":[-2.5,8,1],"to":[-1.5,10,16.5],"rotation":{"angle":0,"axis":"y","origin":[8,11,8]},"faces":{"north":{"uv":[1,0,0,2],"texture":"#1"},"east":{"uv":[16,0,0,2],"texture":"#1"},"south":{"uv":[1,0,0,2],"texture":"#1"},"west":{"uv":[16,14,0,15.999],"texture":"#1"},"up":{"uv":[0,1,16,0],"rotation":270,"texture":"#1"},"down":{"uv":[0,1,16,0],"rotation":90,"texture":"#1"}}},{"from":[-2.5,5.5,1],"to":[-1.5,7.5,16.5],"rotation":{"angle":0,"axis":"y","origin":[8,8.5,8]},"faces":{"north":{"uv":[1,0,0,2],"texture":"#1"},"east":{"uv":[15.5,0,0,2],"texture":"#1"},"south":{"uv":[1,0,0,2],"texture":"#1"},"west":{"uv":[15.5,0,0,2],"texture":"#1"},"up":{"uv":[0,1,15.5,0],"rotation":270,"texture":"#1"},"down":{"uv":[0,1,15.5,0],"rotation":90,"texture":"#1"}}},{"from":[-2.5,3,1],"to":[-1.5,5,16.5],"rotation":{"angle":0,"axis":"y","origin":[8,6,8]},"faces":{"north":{"uv":[1,0,0,2],"texture":"#1"},"east":{"uv":[16,0,0,2],"texture":"#1"},"south":{"uv":[1,0,0,2],"texture":"#1"},"west":{"uv":[16,14,0,15.999],"texture":"#1"},"up":{"uv":[0,1,16,0],"rotation":270,"texture":"#1"},"down":{"uv":[0,1,16,0],"rotation":90,"texture":"#1"}}},{"from":[-3,0,1.5],"to":[-2,2,16],"rotation":{"angle":0,"axis":"y","origin":[7.5,3,8]},"faces":{"north":{"uv":[1,0,0,2],"texture":"#1"},"east":{"uv":[16,0,0,2],"texture":"#1"},"south":{"uv":[1,0,0,2],"texture":"#1"},"west":{"uv":[16,14,0,15.999],"texture":"#1"},"up":{"uv":[0,1,16,0],"rotation":270,"texture":"#1"},"down":{"uv":[0,1,16,0],"rotation":90,"texture":"#1"}}},{"from":[-3.5,-2.25,2],"to":[-2.5,-0.75,15.5],"rotation":{"angle":0,"axis":"y","origin":[7,0.5,8]},"faces":{"north":{"uv":[1,0,0,2],"texture":"#1"},"east":{"uv":[16,0,0,2],"texture":"#1"},"south":{"uv":[1,0,0,2],"texture":"#1"},"west":{"uv":[16,14,0,15.999],"texture":"#1"},"up":{"uv":[0,1,16,0],"rotation":270,"texture":"#1"},"down":{"uv":[0,1,16,0],"rotation":90,"texture":"#1"}}},{"from":[-2,-0.5,1],"to":[-0.5,2.5,16.5],"rotation":{"angle":0,"axis":"y","origin":[7.5,16.5,8]},"faces":{"north":{"uv":[1.5,0,0,3],"texture":"#1"},"east":{"uv":[15.5,0,0,3],"texture":"#1"},"south":{"uv":[1.5,0,0,3],"texture":"#1"},"west":{"uv":[15.5,0,0,3],"texture":"#1"},"up":{"uv":[0,1.5,15.5,0],"rotation":270,"texture":"#1"},"down":{"uv":[0,1.5,15.5,0],"rotation":90,"texture":"#1"}}},{"from":[-2.5,-2.5,1.5],"to":[-1,-0.5,16],"rotation":{"angle":0,"axis":"y","origin":[7,16.5,8]},"faces":{"north":{"uv":[1.5,0,0,2],"texture":"#1"},"east":{"uv":[14.5,0,0,2],"texture":"#1"},"south":{"uv":[1.5,0,0,2],"texture":"#1"},"west":{"uv":[14.5,0,0,2],"texture":"#1"},"up":{"uv":[0,1.5,14.5,0],"rotation":270,"texture":"#1"},"down":{"uv":[0,1.5,14.5,0],"rotation":90,"texture":"#1"}}}],"display":{"thirdperson_righthand":{"rotation":[0,45,0],"translation":[0,0,-4.5],"scale":[0.5,0.5,0.5]},"thirdperson_lefthand":{"rotation":[0,45,0],"translation":[0,0,-4.5],"scale":[0.5,0.5,0.5]},"firstperson_righthand":{"rotation":[-12,135,-15],"translation":[0,1.5,0.75],"scale":[0.4,0.4,0.4]},"firstperson_lefthand":{"rotation":[-12,135,-15],"translation":[0,1.5,0.75],"scale":[0.4,0.4,0.4]},"ground":{"translation":[0,4.5,0],"scale":[0.6,0.6,0.6]},"gui":{"rotation":[30,-135,0],"translation":[-0.25,-0.25,0],"scale":[0.45,0.45,0.45]},"head":{"scale":[0.8,0.8,0.8]},"fixed":{"translation":[0,0,-11.75]}},"groups":[0,1,2,3,4,5,6,7,8,9,10,11,12,{"name":"group","origin":[9,16.5,8],"children":[13,14,15,16,17,18,19,20,21,22,23]},{"name":"group","origin":[9,16.5,8],"children":[24,25,26,27,28,29,30,31,32,33,34,35,36,37,38,39,40]},{"name":"group","origin":[9,16.5,8],"children":[41,42,43,44,45,46,47,48,49,50,51,52,53,54,55,56,57,58]}],"credit":"Model by Craftventure"}