{"textures":{"texture":"block/note_block","crafting_table_top":"block/crafting_table_top","glass":"block/glass2","castle":"block/castle"},"elements":[{"from":[3,0,3],"to":[13,3,13],"faces":{"north":{"uv":[4,1,12,4],"texture":"#texture"},"east":{"uv":[4,1,12,4],"texture":"#texture"},"south":{"uv":[4,1,12,4],"texture":"#texture"},"west":{"uv":[4,1,12,4],"texture":"#texture"},"up":{"uv":[3,3,13,13],"texture":"#crafting_table_top"},"down":{"uv":[3,3,13,13],"texture":"#crafting_table_top"}}},{"from":[2,2.5,2],"to":[14,14,14],"faces":{"north":{"uv":[0,0,16,16],"texture":"#glass"},"east":{"uv":[0,0,16,16],"texture":"#glass"},"south":{"uv":[0,0,16,16],"texture":"#glass"},"west":{"uv":[0,0,16,16],"texture":"#glass"},"up":{"uv":[0,0,16,16],"texture":"#glass"},"down":{"uv":[0,0,16,16],"texture":"#glass"}}},{"from":[3.5,3,12.3125],"to":[15.5,13,12.375],"rotation":{"angle":45,"axis":"y","origin":[3.5,3,12.3125]},"faces":{"north":{"uv":[0,0,16,16],"texture":"#castle"},"east":{"uv":[1,8.5,1,1],"texture":"#castle"},"south":{"uv":[16,0,0,16],"texture":"#castle"},"west":{"uv":[1,8.5,1,1],"texture":"#castle"},"up":{"uv":[0.5,0.5,5.5,0.5],"texture":"#castle"},"down":{"uv":[0.5,0.5,5.5,0.5],"texture":"#castle"}}},{"from":[3.6875,3,3.6875],"to":[15.6875,13,3.75],"rotation":{"angle":-45,"axis":"y","origin":[3.6875,3,3.6875]},"faces":{"north":{"uv":[0,0,16,16],"texture":"#castle"},"east":{"uv":[1,8.5,1,1],"texture":"#castle"},"south":{"uv":[16,0,0,16],"texture":"#castle"},"west":{"uv":[1,8.5,1,1],"texture":"#castle"},"up":{"uv":[0.5,0.5,5.5,0.5],"texture":"#castle"},"down":{"uv":[0.5,0.5,5.5,0.5],"texture":"#castle"}}}],"display":{"gui":{"rotation":[30,-135,0],"translation":[0,0.25,0],"scale":[0.7,0.7,0.7]},"head":{"translation":[2,4,0]}},"credit":"Model by Craftventure"}