{"textures":{"1":"block/snow","2":"block/black_concrete","3":"block/white_concrete","4":"block/anvil"},"elements":[{"name":"hexadecagon","from":[6.92786,2.61,5.19],"to":[9.07214,13.39,7.23],"rotation":{"angle":-45,"axis":"z","origin":[8,8,6.46]},"faces":{"north":{"uv":[0,0,1,1],"texture":"#2"},"east":{"uv":[0,0,1,1],"texture":"#2"},"south":{"uv":[0,0,1,1],"texture":"#2"},"west":{"uv":[0,0,1,1],"texture":"#2"},"up":{"uv":[0,0,1,1],"texture":"#2"},"down":{"uv":[0,0,1,1],"texture":"#2"}}},{"name":"hexadecagon","from":[6.92786,2.61,5.19],"to":[9.07214,13.39,7.23],"rotation":{"angle":-22.5,"axis":"z","origin":[8,8,6.46]},"faces":{"north":{"uv":[0,0,1,1],"texture":"#2"},"east":{"uv":[0,0,1,1],"texture":"#2"},"south":{"uv":[0,0,1,1],"texture":"#2"},"west":{"uv":[0,0,1,1],"texture":"#2"},"up":{"uv":[0,0,1,1],"texture":"#2"},"down":{"uv":[0,0,1,1],"texture":"#2"}}},{"name":"hexadecagon","from":[6.92786,2.61,5.19],"to":[9.07214,13.39,7.23],"faces":{"north":{"uv":[0,0,1,1],"texture":"#2"},"east":{"uv":[0,0,1,1],"texture":"#2"},"south":{"uv":[0,0,1,1],"texture":"#2"},"west":{"uv":[0,0,1,1],"texture":"#2"},"up":{"uv":[0,0,1,1],"texture":"#2"},"down":{"uv":[0,0,1,1],"texture":"#2"}}},{"name":"hexadecagon","from":[6.92786,2.61,5.19],"to":[9.07214,13.39,7.23],"rotation":{"angle":22.5,"axis":"z","origin":[8,8,6.46]},"faces":{"north":{"uv":[0,0,1,1],"texture":"#2"},"east":{"uv":[0,0,1,1],"texture":"#2"},"south":{"uv":[0,0,1,1],"texture":"#2"},"west":{"uv":[0,0,1,1],"texture":"#2"},"up":{"uv":[0,0,1,1],"texture":"#2"},"down":{"uv":[0,0,1,1],"texture":"#2"}}},{"name":"hexadecagon","from":[6.92786,2.61,5.19],"to":[9.07214,13.39,7.23],"rotation":{"angle":45,"axis":"z","origin":[8,8,6.46]},"faces":{"north":{"uv":[0,0,1,1],"texture":"#2"},"east":{"uv":[0,0,1,1],"texture":"#2"},"south":{"uv":[0,0,1,1],"texture":"#2"},"west":{"uv":[0,0,1,1],"texture":"#2"},"up":{"uv":[0,0,1,1],"texture":"#2"},"down":{"uv":[0,0,1,1],"texture":"#2"}}},{"name":"hexadecagon","from":[2.61,6.92786,5.19],"to":[13.39,9.07214,7.23],"rotation":{"angle":-22.5,"axis":"z","origin":[8,8,6.46]},"faces":{"north":{"uv":[0,0,1,1],"texture":"#2"},"east":{"uv":[0,0,1,1],"texture":"#2"},"south":{"uv":[0,0,1,1],"texture":"#2"},"west":{"uv":[0,0,1,1],"texture":"#2"},"up":{"uv":[0,0,1,1],"texture":"#2"},"down":{"uv":[0,0,1,1],"texture":"#2"}}},{"name":"hexadecagon","from":[2.61,6.92786,5.19],"to":[13.39,9.07214,7.23],"faces":{"north":{"uv":[0,0,1,1],"texture":"#2"},"east":{"uv":[0,0,1,1],"texture":"#2"},"south":{"uv":[0,0,1,1],"texture":"#2"},"west":{"uv":[0,0,1,1],"texture":"#2"},"up":{"uv":[0,0,1,1],"texture":"#2"},"down":{"uv":[0,0,1,1],"texture":"#2"}}},{"name":"hexadecagon","from":[2.61,6.92786,5.19],"to":[13.39,9.07214,7.23],"rotation":{"angle":22.5,"axis":"z","origin":[8,8,6.46]},"faces":{"north":{"uv":[0,0,1,1],"texture":"#2"},"east":{"uv":[0,0,1,1],"texture":"#2"},"south":{"uv":[0,0,1,1],"texture":"#2"},"west":{"uv":[0,0,1,1],"texture":"#2"},"up":{"uv":[0,0,1,1],"texture":"#2"},"down":{"uv":[0,0,1,1],"texture":"#2"}}},{"name":"hexadecagon","from":[6.44951,1.45515,5.94],"to":[9.55049,14.54485,7.23],"faces":{"north":{"uv":[0,0,1,1],"texture":"#1","tintindex":0},"east":{"uv":[0,0,1,1],"texture":"#1","tintindex":0},"south":{"uv":[0,0,1,1],"texture":"#1","tintindex":0},"west":{"uv":[0,0,1,1],"texture":"#1","tintindex":0},"up":{"uv":[0,0,1,1],"texture":"#1","tintindex":0},"down":{"uv":[0,0,1,1],"texture":"#1","tintindex":0}}},{"name":"hexadecagon","from":[5.22786,1.36,5.94],"to":[9.07214,6.64,7.23],"rotation":{"angle":-22.5,"axis":"z","origin":[8,8,6.46]},"faces":{"north":{"uv":[0,0,1,1],"texture":"#1","tintindex":0},"east":{"uv":[0,0,1,1],"texture":"#1","tintindex":0},"south":{"uv":[0,0,1,1],"texture":"#1","tintindex":0},"west":{"uv":[0,0,1,1],"texture":"#1","tintindex":0},"up":{"uv":[0,0,1,1],"texture":"#1","tintindex":0},"down":{"uv":[0,0,1,1],"texture":"#1","tintindex":0}}},{"name":"hexadecagon","from":[1.45515,6.44951,5.94],"to":[14.54485,9.55049,7.23],"faces":{"north":{"uv":[0,0,1,1],"texture":"#1","tintindex":0},"east":{"uv":[0,0,1,1],"texture":"#1","tintindex":0},"south":{"uv":[0,0,1,1],"texture":"#1","tintindex":0},"west":{"uv":[0,0,1,1],"texture":"#1","tintindex":0},"up":{"uv":[0,0,1,1],"texture":"#1","tintindex":0},"down":{"uv":[0,0,1,1],"texture":"#1","tintindex":0}}},{"name":"hexadecagon","from":[1.36,5.22786,5.94],"to":[5.64,9.07214,7.23],"rotation":{"angle":22.5,"axis":"z","origin":[8,8,6.46]},"faces":{"north":{"uv":[0,0,1,1],"texture":"#1","tintindex":0},"east":{"uv":[0,0,1,1],"texture":"#1","tintindex":0},"south":{"uv":[0,0,1,1],"texture":"#1","tintindex":0},"west":{"uv":[0,0,1,1],"texture":"#1","tintindex":0},"up":{"uv":[0,0,1,1],"texture":"#1","tintindex":0},"down":{"uv":[0,0,1,1],"texture":"#1","tintindex":0}}},{"name":"hexadecagon","from":[10.36,5.22786,5.94],"to":[14.64,9.07214,7.23],"rotation":{"angle":-22.5,"axis":"z","origin":[8,8,6.46]},"faces":{"north":{"uv":[1,0,0,1],"texture":"#1","tintindex":0},"east":{"uv":[1,0,0,1],"texture":"#1","tintindex":0},"south":{"uv":[1,0,0,1],"texture":"#1","tintindex":0},"west":{"uv":[1,0,0,1],"texture":"#1","tintindex":0},"up":{"uv":[1,0,0,1],"texture":"#1","tintindex":0},"down":{"uv":[1,0,0,1],"texture":"#1","tintindex":0}}},{"name":"hexadecagon","from":[6.92786,1.36,5.94],"to":[10.77214,6.64,7.23],"rotation":{"angle":22.5,"axis":"z","origin":[8,8,6.46]},"faces":{"north":{"uv":[1,0,0,1],"texture":"#1","tintindex":0},"east":{"uv":[1,0,0,1],"texture":"#1","tintindex":0},"south":{"uv":[1,0,0,1],"texture":"#1","tintindex":0},"west":{"uv":[1,0,0,1],"texture":"#1","tintindex":0},"up":{"uv":[1,0,0,1],"texture":"#1","tintindex":0},"down":{"uv":[1,0,0,1],"texture":"#1","tintindex":0}}},{"name":"hexadecagon","from":[10.36,6.92786,5.94],"to":[14.64,10.77214,7.23],"rotation":{"angle":22.5,"axis":"z","origin":[8,8,6.46]},"faces":{"north":{"uv":[1,1,0,0],"texture":"#1","tintindex":0},"east":{"uv":[1,1,0,0],"texture":"#1","tintindex":0},"south":{"uv":[1,1,0,0],"texture":"#1","tintindex":0},"west":{"uv":[1,1,0,0],"texture":"#1","tintindex":0},"up":{"uv":[1,1,0,0],"texture":"#1","tintindex":0},"down":{"uv":[1,1,0,0],"texture":"#1","tintindex":0}}},{"name":"hexadecagon","from":[6.92786,9.36,5.94],"to":[10.77214,14.64,7.23],"rotation":{"angle":-22.5,"axis":"z","origin":[8,8,6.46]},"faces":{"north":{"uv":[1,1,0,0],"texture":"#1","tintindex":0},"east":{"uv":[1,1,0,0],"texture":"#1","tintindex":0},"south":{"uv":[1,1,0,0],"texture":"#1","tintindex":0},"west":{"uv":[1,1,0,0],"texture":"#1","tintindex":0},"up":{"uv":[1,1,0,0],"texture":"#1","tintindex":0},"down":{"uv":[1,1,0,0],"texture":"#1","tintindex":0}}},{"name":"hexadecagon","from":[5.22786,9.36,5.94],"to":[9.07214,14.64,7.23],"rotation":{"angle":22.5,"axis":"z","origin":[8,8,6.46]},"faces":{"north":{"uv":[0,1,1,0],"texture":"#1","tintindex":0},"east":{"uv":[0,1,1,0],"texture":"#1","tintindex":0},"south":{"uv":[0,1,1,0],"texture":"#1","tintindex":0},"west":{"uv":[0,1,1,0],"texture":"#1","tintindex":0},"up":{"uv":[0,1,1,0],"texture":"#1","tintindex":0},"down":{"uv":[0,1,1,0],"texture":"#1","tintindex":0}}},{"name":"hexadecagon","from":[1.36,6.92786,5.94],"to":[5.64,10.77214,7.23],"rotation":{"angle":-22.5,"axis":"z","origin":[8,8,6.46]},"faces":{"north":{"uv":[0,1,1,0],"texture":"#1","tintindex":0},"east":{"uv":[0,1,1,0],"texture":"#1","tintindex":0},"south":{"uv":[0,1,1,0],"texture":"#1","tintindex":0},"west":{"uv":[0,1,1,0],"texture":"#1","tintindex":0},"up":{"uv":[0,1,1,0],"texture":"#1","tintindex":0},"down":{"uv":[0,1,1,0],"texture":"#1","tintindex":0}}},{"name":"hexadecagon","from":[7.17786,1.86,3.19],"to":[8.82214,14.14,5.23],"rotation":{"angle":-45,"axis":"z","origin":[8,8,4.46]},"faces":{"north":{"uv":[0,0,1,1],"texture":"#4"},"east":{"uv":[0,0,1,1],"texture":"#4"},"south":{"uv":[0,0,1,1],"texture":"#4"},"west":{"uv":[0,0,1,1],"texture":"#4"},"up":{"uv":[0,0,1,1],"texture":"#4"},"down":{"uv":[0,0,1,1],"texture":"#4"}}},{"name":"hexadecagon","from":[7.07786,11.86,3.09],"to":[8.92214,14.24,5.23],"rotation":{"angle":-45,"axis":"z","origin":[8,8,4.46]},"faces":{"north":{"uv":[0,0,1,1],"texture":"#3"},"east":{"uv":[0,0,1,1],"texture":"#3"},"south":{"uv":[0,0,1,1],"texture":"#3"},"west":{"uv":[0,0,1,1],"texture":"#3"},"up":{"uv":[0,0,1,1],"texture":"#3"},"down":{"uv":[0,0,1,1],"texture":"#3"}}}],"display":{"thirdperson_righthand":{"translation":[0,-1.5,0],"scale":[0.1,0.1,0.1]},"firstperson_righthand":{"translation":[0,-18,0]},"firstperson_lefthand":{"translation":[0,-16,0]},"gui":{"rotation":[-55,180,0],"translation":[0,-3.5,0],"scale":[1.1,1.1,1.1]},"head":{"rotation":[90,0,0],"translation":[0,-6.75,0],"scale":[0.3,0.3,0.3]}},"groups":[{"name":"hexadecagon","origin":[8,8,8],"children":[0,1,2,3,4,5,6,7,8,9,10,11,12,13,14,15,16,17,18,19]}],"credit":"Model by Craftventure"}