{"texture_size":[256,256],"textures":{"2":"block/goatasuswagon","1_2":"block/gci-truck2"},"elements":[{"from":[-0.25,0.5,4.5],"to":[16.25,1,14.5],"rotation":{"angle":0,"axis":"y","origin":[4,7,4]},"faces":{"north":{"uv":[6.125,3.6875,8.1875,3.75],"texture":"#2"},"east":{"uv":[6.3125,0.8125,7.5625,0.875],"texture":"#2"},"south":{"uv":[6.125,3.75,8.1875,3.8125],"texture":"#2"},"west":{"uv":[6.4375,5.3125,7.6875,5.375],"texture":"#2"},"up":{"uv":[2.0625,2.875,0,1.625],"texture":"#2"},"down":{"uv":[4.125,1.625,2.0625,2.875],"texture":"#2"}}},{"from":[-0.25,0.5,3.5],"to":[16.25,5.5,4.5],"rotation":{"angle":0,"axis":"y","origin":[4,7,4]},"faces":{"north":{"uv":[2.4375,3.125,4.5,3.75],"texture":"#2"},"east":{"uv":[4.9375,6.375,5.0625,7.25],"texture":"#2"},"south":{"uv":[2.4375,4,4.5,4.625],"texture":"#2"},"west":{"uv":[0.9375,6.5,1.0625,7.375],"texture":"#2"},"up":{"uv":[7.875,5.5,5.8125,5.375],"texture":"#2"},"down":{"uv":[7.875,5.5,5.8125,5.625],"texture":"#2"}}},{"from":[16.25,0.5,3.5],"to":[17.25,7.5,15.5],"rotation":{"angle":0,"axis":"y","origin":[4,7,4]},"faces":{"north":{"uv":[1.0625,6.5,1.1875,7.375],"texture":"#2"},"east":{"uv":[4.5,3.875,6,4.75],"texture":"#2"},"south":{"uv":[1.1875,6.5,1.3125,7.375],"texture":"#2"},"west":{"uv":[2.0625,4.625,3.5625,5.5],"texture":"#2"},"up":{"uv":[3.125,7.875,3,6.375],"texture":"#2"},"down":{"uv":[3.25,6.375,3.125,7.875],"texture":"#2"}}},{"from":[16.25,5.5,3.5],"to":[17.25,5.5,5.5],"rotation":{"angle":0,"axis":"y","origin":[4,7,4]},"faces":{"up":{"uv":[6.0625,7.125,5.9375,7.375],"texture":"#2"}}},{"from":[-1.25,5.5,3.5],"to":[-0.25,5.5,5.5],"rotation":{"angle":0,"axis":"y","origin":[4,7,4]},"faces":{"up":{"uv":[6.0625,7.125,5.9375,7.375],"texture":"#2"}}},{"from":[-1.25,7.5,5.5],"to":[-0.25,2.5,10.5],"rotation":{"angle":0,"axis":"y","origin":[4,7,4]},"faces":{"north":{"uv":[6.125,6.75,6.25,7.375],"texture":"#2"},"south":{"uv":[7.1875,0,7.3125,0.625],"rotation":180,"texture":"#2"},"up":{"uv":[5.9375,7.375,6.0625,6.75],"texture":"#2"}}},{"from":[16.25,7.5,5.5],"to":[17.25,2.5,10.5],"rotation":{"angle":0,"axis":"y","origin":[4,7,4]},"faces":{"north":{"uv":[6.125,6.75,6.25,7.375],"texture":"#2"},"south":{"uv":[7.1875,0,7.3125,0.625],"rotation":180,"texture":"#2"},"up":{"uv":[5.9375,7.375,6.0625,6.75],"texture":"#2"}}},{"from":[-1.25,0.5,3.5],"to":[-0.25,7.5,15.5],"rotation":{"angle":0,"axis":"y","origin":[4,7,4]},"faces":{"north":{"uv":[6.5625,6.0625,6.6875,6.9375],"texture":"#2"},"east":{"uv":[0,4.75,1.5,5.625],"texture":"#2"},"south":{"uv":[3.5,6.625,3.625,7.5],"texture":"#2"},"west":{"uv":[3.5625,4.75,5.0625,5.625],"texture":"#2"},"up":{"uv":[3.375,7.875,3.25,6.375],"texture":"#2"},"down":{"uv":[3.5,6.375,3.375,7.875],"texture":"#2"}}},{"from":[-0.25,0.5,14.5],"to":[16.25,7.5,15.5],"rotation":{"angle":0,"axis":"y","origin":[4,7,4]},"faces":{"north":{"uv":[0,3.875,2.0625,4.75],"texture":"#2"},"east":{"uv":[3.625,6.625,3.75,7.5],"texture":"#2"},"south":{"uv":[4.125,1,6.1875,1.875],"texture":"#2"},"west":{"uv":[3.75,6.625,3.875,7.5],"texture":"#2"},"up":{"uv":[8.0625,4.625,6,4.5],"texture":"#2"},"down":{"uv":[8.0625,4.625,6,4.75],"texture":"#2"}}},{"from":[11.75,3,8.5],"to":[12.75,4,9.5],"rotation":{"angle":0,"axis":"y","origin":[4,7,3]},"faces":{"north":{"uv":[6.0625,0.875,6.1875,1],"texture":"#2"},"east":{"uv":[1.375,6.25,1.5,6.375],"texture":"#2"},"west":{"uv":[2,7,2.125,7.125],"texture":"#2"},"up":{"uv":[2.25,7.125,2.125,7],"texture":"#2"}}},{"from":[11.76,2.79289,9],"to":[12.74,3.79289,10.41421],"rotation":{"angle":45,"axis":"x","origin":[12.25,3.29289,9.5]},"faces":{"east":{"uv":[2.0625,4.5,2.25,4.625],"texture":"#2"},"west":{"uv":[2.25,4.5,2.4375,4.625],"texture":"#2"},"up":{"uv":[7.125,1.0625,7,0.875],"texture":"#2"}}},{"from":[9.25,3,13.5],"to":[15.25,10,14.5],"rotation":{"angle":0,"axis":"y","origin":[4,7,3]},"faces":{"north":{"uv":[4.875,0,5.625,0.875],"texture":"#2"},"east":{"uv":[3.875,6.625,4,7.5],"texture":"#2"},"south":{"uv":[5.0625,4.75,5.8125,5.625],"texture":"#2"},"west":{"uv":[4,6.625,4.125,7.5],"texture":"#2"},"up":{"uv":[5.625,0.0625,4.875,0],"texture":"#2"},"down":{"uv":[5.625,0.875,4.875,1],"texture":"#2"}}},{"from":[9.25,2,8.5],"to":[15.25,3,14.5],"rotation":{"angle":0,"axis":"y","origin":[4,7,3]},"faces":{"north":{"uv":[6.3125,0.6875,7.0625,0.8125],"texture":"#2"},"east":{"uv":[6.4375,2.3125,7.1875,2.4375],"texture":"#2"},"west":{"uv":[6.4375,5.1875,7.1875,5.3125],"texture":"#2"},"up":{"uv":[4.3125,6.375,3.5625,5.625],"texture":"#2"},"down":{"uv":[5.0625,5.625,4.3125,6.375],"texture":"#2"}}},{"from":[3.25,3,8.5],"to":[4.25,4,9.5],"rotation":{"angle":0,"axis":"y","origin":[-4.5,7,3]},"faces":{"north":{"uv":[6.0625,0.875,6.1875,1],"texture":"#2"},"east":{"uv":[1.375,6.25,1.5,6.375],"texture":"#2"},"west":{"uv":[2,7,2.125,7.125],"texture":"#2"},"up":{"uv":[2.25,7.125,2.125,7],"texture":"#2"}}},{"from":[3.26,2.79289,9],"to":[4.24,3.79289,10.41421],"rotation":{"angle":45,"axis":"x","origin":[3.75,3.29289,9.5]},"faces":{"east":{"uv":[2.0625,4.5,2.25,4.625],"texture":"#2"},"west":{"uv":[2.25,4.5,2.4375,4.625],"texture":"#2"},"up":{"uv":[7.125,1.0625,7,0.875],"texture":"#2"}}},{"from":[0.75,3,13.5],"to":[6.75,10,14.5],"rotation":{"angle":0,"axis":"y","origin":[-4.5,7,3]},"faces":{"north":{"uv":[4.875,0,5.625,0.875],"texture":"#2"},"east":{"uv":[3.875,6.625,4,7.5],"texture":"#2"},"south":{"uv":[5.0625,4.75,5.8125,5.625],"texture":"#2"},"west":{"uv":[4,6.625,4.125,7.5],"texture":"#2"},"up":{"uv":[5.625,0.0625,4.875,0],"texture":"#2"},"down":{"uv":[5.625,0.875,4.875,1],"texture":"#2"}}},{"from":[0.75,2,8.5],"to":[6.75,3,14.5],"rotation":{"angle":0,"axis":"y","origin":[-4.5,7,3]},"faces":{"north":{"uv":[6.3125,0.6875,7.0625,0.8125],"texture":"#2"},"east":{"uv":[6.4375,2.3125,7.1875,2.4375],"texture":"#2"},"west":{"uv":[6.4375,5.1875,7.1875,5.3125],"texture":"#2"},"up":{"uv":[4.3125,6.375,3.5625,5.625],"texture":"#2"},"down":{"uv":[5.0625,5.625,4.3125,6.375],"texture":"#2"}}},{"from":[-1,0,5],"to":[3,0.5,8],"rotation":{"angle":0,"axis":"y","origin":[8,3,5]},"faces":{"east":{"uv":[2.0625,8.0625,2.4375,8.1875],"texture":"#1_2"},"west":{"uv":[13.8125,1.9375,14.1875,2],"texture":"#1_2"},"up":{"uv":[3.3125,4.25,2.8125,3.875],"texture":"#1_2"},"down":{"uv":[5.125,11.875,4.625,12.25],"texture":"#1_2"}}},{"from":[13,0,5],"to":[17,0.5,8],"rotation":{"angle":0,"axis":"y","origin":[25,3,5]},"faces":{"east":{"uv":[13.8125,2.0625,14.1875,2.125],"texture":"#1_2"},"west":{"uv":[3.1875,4.0625,3.5625,4.125],"texture":"#1_2"},"up":{"uv":[3.5,4.3125,3,3.9375],"texture":"#1_2"},"down":{"uv":[6.125,11.875,5.625,12.25],"texture":"#1_2"}}},{"from":[-1,0,4],"to":[17,0.5,5],"rotation":{"angle":0,"axis":"y","origin":[8,3,2]},"faces":{"north":{"uv":[10.375,3.9375,13,4],"texture":"#1_2"},"east":{"uv":[12.1875,9.125,12.3125,9.1875],"texture":"#1_2"},"south":{"uv":[0.0625,8,2.6875,8.0625],"texture":"#1_2"},"west":{"uv":[6.25,12.3125,6.375,12.375],"texture":"#1_2"},"up":{"uv":[2.6875,8.125,0.0625,8],"texture":"#1_2"},"down":{"uv":[12.8125,3.625,10.5625,3.75],"texture":"#1_2"}}},{"from":[1,-3,2.5],"to":[15,0,11.5],"rotation":{"angle":0,"axis":"y","origin":[8,2,-3.5]},"faces":{"east":{"uv":[6,9.625,7.125,10],"texture":"#1_2"},"south":{"uv":[8.625,2.5,10.375,2.875],"texture":"#1_2"},"west":{"uv":[9.625,9.1875,10.75,9.5625],"texture":"#1_2"},"up":{"uv":[3.5,5.6875,1.75,4.5625],"texture":"#1_2"},"down":{"uv":[5.25,4.75,3.5,5.875],"texture":"#1_2"}}},{"from":[1,-2.97,2.5],"to":[7.5,-0.03,5],"rotation":{"angle":22.5,"axis":"y","origin":[1,-0.52,2.5]},"faces":{"north":{"uv":[1.125,10.5625,1.9375,10.9375],"texture":"#1_2"},"up":{"uv":[3.25,11.5,2.4375,11.1875],"texture":"#1_2"},"down":{"uv":[4.0625,11.1875,3.25,11.5],"texture":"#1_2"}}},{"from":[8.5,-2.97,2.5],"to":[15,-0.03,5],"rotation":{"angle":-22.5,"axis":"y","origin":[15,-0.52,2.5]},"faces":{"north":{"uv":[10.625,4.25,11.4375,4.625],"texture":"#1_2"},"up":{"uv":[4.875,11.5,4.0625,11.1875],"texture":"#1_2"},"down":{"uv":[5.6875,11.1875,4.875,11.5],"texture":"#1_2"}}},{"from":[7,-3,0],"to":[9,0,2.5],"rotation":{"angle":0,"axis":"y","origin":[8,2,1]},"faces":{"north":{"uv":[4.125,13.25,4.375,13.625],"texture":"#1_2"},"up":{"uv":[13.5625,9.8125,13.3125,9.5],"texture":"#1_2"},"down":{"uv":[13.625,1.125,13.375,1.4375],"texture":"#1_2"}}},{"from":[-1,0,8],"to":[17,0.5,15],"rotation":{"angle":0,"axis":"y","origin":[8,3,12]},"faces":{"north":{"uv":[10.375,10.375,12.625,10.4375],"texture":"#1_2"},"east":{"uv":[1.125,9.125,2,9.1875],"texture":"#1_2"},"south":{"uv":[10.375,10.5,12.625,10.5625],"texture":"#1_2"},"west":{"uv":[8.25,10.5,9.125,10.5625],"texture":"#1_2"},"up":{"uv":[3.6875,4.3125,2.5625,3.9375],"texture":"#1_2"},"down":{"uv":[2.4375,2.625,0.1875,3.5],"texture":"#1_2"}}},{"from":[7.5,-3,-3],"to":[8.5,0,0],"rotation":{"angle":0,"axis":"y","origin":[8,-1,0.5]},"faces":{"north":{"uv":[1.875,13.875,2,14.25],"texture":"#1_2"},"east":{"uv":[6,12.75,6.375,13.125],"texture":"#1_2"},"west":{"uv":[6.375,12.75,6.75,13.125],"texture":"#1_2"},"up":{"uv":[14,3.125,13.875,2.75],"texture":"#1_2"},"down":{"uv":[3.25,13.875,3.125,14.25],"texture":"#1_2"}}},{"from":[3.5,-4.625,1.5],"to":[4.5,-3.125,14],"rotation":{"angle":0,"axis":"y","origin":[4,-4.125,1]},"faces":{"east":{"uv":[10.75,0.375,12.3125,0.5625],"texture":"#1_2"},"west":{"uv":[1.9375,10.75,3.5,10.9375],"texture":"#1_2"},"up":{"uv":[11.5625,13.25,11.4375,11.6875],"texture":"#1_2"},"down":{"uv":[11.6875,11.6875,11.5625,13.25],"texture":"#1_2"}}},{"from":[4.5,-4.625,1.5],"to":[3.5,-3.125,14],"rotation":{"angle":0,"axis":"y","origin":[3,-4.125,1]},"faces":{"east":{"uv":[3.5,10.75,5.0625,10.9375],"texture":"#1_2"},"west":{"uv":[10.75,7.1875,12.3125,7.375],"texture":"#1_2"},"up":{"uv":[11.8125,13.25,11.6875,11.6875],"texture":"#1_2"},"down":{"uv":[0.375,11.75,0.25,13.3125],"texture":"#1_2"}}},{"from":[11.5,-4.625,1.5],"to":[12.5,-3.125,14],"rotation":{"angle":0,"axis":"y","origin":[12,-4.125,1]},"faces":{"east":{"uv":[10.75,7.375,12.3125,7.5625],"texture":"#1_2"},"west":{"uv":[10.75,7.5625,12.3125,7.75],"texture":"#1_2"},"up":{"uv":[0.5,13.3125,0.375,11.75],"texture":"#1_2"},"down":{"uv":[0.625,11.75,0.5,13.3125],"texture":"#1_2"}}},{"from":[12.5,-4.625,1.5],"to":[11.5,-3.125,14],"rotation":{"angle":0,"axis":"y","origin":[11,-4.125,1]},"faces":{"east":{"uv":[10.75,9.1875,12.3125,9.375],"texture":"#1_2"},"west":{"uv":[10.75,9.375,12.3125,9.5625],"texture":"#1_2"},"up":{"uv":[0.75,13.3125,0.625,11.75],"texture":"#1_2"},"down":{"uv":[0.875,11.75,0.75,13.3125],"texture":"#1_2"}}},{"from":[-1,-3,8.5],"to":[1,0,11.5],"rotation":{"angle":0,"axis":"y","origin":[0.5,-1,11]},"faces":{"north":{"uv":[5.5,13.25,5.75,13.625],"texture":"#1_2"},"south":{"uv":[13.25,6,13.5,6.375],"texture":"#1_2"},"west":{"uv":[6.75,12.75,7.125,13.125],"texture":"#1_2"},"down":{"uv":[7,13.25,6.75,13.625],"texture":"#1_2"}}},{"from":[15,-2.5,5],"to":[17,-0.5,8],"rotation":{"angle":0,"axis":"y","origin":[16.5,-1,7.5]},"faces":{"north":{"uv":[5.5,13.625,5.75,13.875],"texture":"#1_2"},"east":{"uv":[7,13.25,7.375,13.5],"texture":"#1_2"},"south":{"uv":[13.625,5.625,13.875,5.875],"texture":"#1_2"},"up":{"uv":[13.5,8.75,13.25,8.375],"texture":"#1_2"},"down":{"uv":[13.5,9.875,13.25,10.25],"texture":"#1_2"}}},{"from":[-1,-2.5,5],"to":[1,-0.5,8],"rotation":{"angle":0,"axis":"y","origin":[-0.5,-1,7.5]},"faces":{"north":{"uv":[6.75,13.625,7,13.875],"texture":"#1_2"},"south":{"uv":[9.5,13.625,9.75,13.875],"texture":"#1_2"},"west":{"uv":[10.5,13.25,10.875,13.5],"texture":"#1_2"},"up":{"uv":[13.5,10.9375,13.25,10.5625],"texture":"#1_2"},"down":{"uv":[11.6875,13.25,11.4375,13.625],"texture":"#1_2"}}},{"from":[15,-3,8.5],"to":[17,0,11.5],"rotation":{"angle":0,"axis":"y","origin":[16.5,-1,11]},"faces":{"north":{"uv":[11.6875,13.25,11.9375,13.625],"texture":"#1_2"},"east":{"uv":[7.125,12.75,7.5,13.125],"texture":"#1_2"},"south":{"uv":[11.9375,13.25,12.1875,13.625],"texture":"#1_2"},"down":{"uv":[12.4375,13.25,12.1875,13.625],"texture":"#1_2"}}},{"from":[4,-3,11.5],"to":[5,0,14.5],"rotation":{"angle":0,"axis":"y","origin":[4.5,-1,11.5]},"faces":{"east":{"uv":[7.5,12.75,7.875,13.125],"texture":"#1_2"},"south":{"uv":[3.25,13.875,3.375,14.25],"texture":"#1_2"},"west":{"uv":[2.125,12.8125,2.5,13.1875],"texture":"#1_2"},"down":{"uv":[3.5,13.875,3.375,14.25],"texture":"#1_2"}}},{"from":[11,-3,11.5],"to":[12,0,14.5],"rotation":{"angle":0,"axis":"y","origin":[11.5,-1,11.5]},"faces":{"east":{"uv":[12.8125,11.1875,13.1875,11.5625],"texture":"#1_2"},"south":{"uv":[3.5,13.875,3.625,14.25],"texture":"#1_2"},"west":{"uv":[12.8125,11.9375,13.1875,12.3125],"texture":"#1_2"},"down":{"uv":[3.75,13.875,3.625,14.25],"texture":"#1_2"}}},{"from":[16,-3.5,12],"to":[17,-0.5,15],"rotation":{"angle":0,"axis":"y","origin":[16.5,-2,10]},"faces":{"north":{"uv":[3.75,13.875,3.875,14.25],"texture":"#1_2"},"south":{"uv":[3.875,13.875,4,14.25],"texture":"#1_2"},"up":{"uv":[14,4.25,13.875,3.875],"texture":"#1_2"},"down":{"uv":[4.125,13.875,4,14.25],"texture":"#1_2"}}},{"from":[-1,-3.5,12],"to":[0,-0.5,15],"rotation":{"angle":0,"axis":"y","origin":[-0.5,-2,10]},"faces":{"north":{"uv":[4.125,13.875,4.25,14.25],"texture":"#1_2"},"south":{"uv":[4.25,13.875,4.375,14.25],"texture":"#1_2"},"up":{"uv":[5.625,14.25,5.5,13.875],"texture":"#1_2"},"down":{"uv":[5.75,13.875,5.625,14.25],"texture":"#1_2"}}},{"from":[16,-3.5,15],"to":[17,-0.5,12],"rotation":{"angle":0,"axis":"y","origin":[16.5,-2,13]},"faces":{"north":{"uv":[5.75,13.875,5.875,14.25],"texture":"#1_2"},"south":{"uv":[6.75,13.875,6.875,14.25],"texture":"#1_2"},"up":{"uv":[7,14.25,6.875,13.875],"texture":"#1_2"},"down":{"uv":[7.125,13.875,7,14.25],"texture":"#1_2"}}},{"from":[-1,-3.5,15],"to":[0,-0.5,12],"rotation":{"angle":0,"axis":"y","origin":[-0.5,-2,13]},"faces":{"north":{"uv":[13.875,7,14,7.375],"texture":"#1_2"},"south":{"uv":[7.125,13.875,7.25,14.25],"texture":"#1_2"},"up":{"uv":[7.375,14.25,7.25,13.875],"texture":"#1_2"},"down":{"uv":[7.5,13.875,7.375,14.25],"texture":"#1_2"}}},{"from":[16,-3.5,12],"to":[16.5,-0.5,15],"rotation":{"angle":0,"axis":"y","origin":[16,-2,13]},"faces":{"east":{"uv":[5.0625,1.125,5.4375,1.5],"rotation":90,"texture":"#2"},"west":{"uv":[12.875,5.25,13.25,5.625],"texture":"#1_2"}}},{"from":[-0.5,-3.5,12],"to":[0,-0.5,15],"rotation":{"angle":0,"axis":"y","origin":[0,-2,13]},"faces":{"east":{"uv":[5.5,12.875,5.875,13.25],"texture":"#1_2"},"west":{"uv":[5.0625,1.125,5.4375,1.5],"rotation":90,"texture":"#2"}}},{"from":[-1.5,-2.5,13],"to":[17.5,-1.5,14],"rotation":{"angle":0,"axis":"y","origin":[-2,-2,13]},"faces":{"north":{"uv":[10.5,4.625,12.875,4.75],"texture":"#1_2"},"east":{"uv":[5.5,12.6875,5.625,12.8125],"texture":"#1_2"},"south":{"uv":[10.5,4.75,12.875,4.875],"texture":"#1_2"},"west":{"uv":[12.6875,12.0625,12.8125,12.1875],"texture":"#1_2"},"up":{"uv":[13.125,5,10.75,4.875],"texture":"#1_2"},"down":{"uv":[13.125,5,10.75,5.125],"texture":"#1_2"}}},{"from":[0.5,-3.5,12],"to":[15.5,0,15],"rotation":{"angle":0,"axis":"y","origin":[4,-1,-6]},"faces":{"east":{"uv":[4.125,12.25,4.5,12.6875],"texture":"#1_2"},"west":{"uv":[4.5,12.25,4.875,12.6875],"texture":"#1_2"}}}],"gui_light":"front","display":{"ground":{"translation":[0,2.5,0],"scale":[0.4,0.4,0.4]},"gui":{"rotation":[30,-135,0],"scale":[0.3,0.3,0.3]},"head":{"translation":[0,0.5,-10.25],"scale":[2.85,2.85,2.85]},"fixed":{"rotation":[-90,0,0],"translation":[0,0,-16.25],"scale":[2,2,2]}},"groups":[{"name":"group","origin":[8,8,8],"children":[{"name":"group","origin":[0,0,0],"children":[0,1,2,3,4,5,6,7,8]},{"name":"group","origin":[0,0,0],"children":[9,10,11,12]},{"name":"group","origin":[0,0,0],"children":[13,14,15,16]}]},{"name":"3","origin":[8,8,8],"children":[{"name":"gci2","origin":[8,8,8],"children":[{"name":"group","origin":[8,8,8],"children":[{"name":"group","origin":[8,8,8],"children":[17,18,19,20,21,22,23,24,25,{"name":"group","origin":[0,-14,-8],"children":[26,27]},{"name":"group","origin":[0,-14,-8],"children":[28,29]},30,31,32,33,34,35,{"name":"group","origin":[16,15.58759,0.08697],"children":[{"name":"group","origin":[15,2.5,0.5],"children":[]},{"name":"group","origin":[15,2.5,0.5],"children":[]}]}]}]},{"name":"group","origin":[-15,-5,0],"children":[36,37,38,39,40,41,42,43]},{"name":"group","origin":[0,0,0],"children":[]},{"name":"group","origin":[8,15.11941,14.07298],"children":[]},{"name":"gci1","origin":[8,8,8],"children":[]}]}]}],"credit":"Model by Craftventure"}