{"textures":{"0":"block/spruce_planks","1":"block/stone","3":"block/brown_terracotta","4":"block/cauldron_inner","6":"block/dark_oak_planks","7":"block/gray_concrete","8":"block/red_wool"},"elements":[{"name":"Cube","from":[5,0,7],"to":[13,6,16],"faces":{"north":{"uv":[0,0,8,16],"texture":"#0"},"east":{"uv":[0,0,8,16],"texture":"#0"},"south":{"uv":[0,0,8,16],"texture":"#0"},"west":{"uv":[0,0,7,16],"texture":"#0"},"up":{"uv":[0,0,8,7],"texture":"#0"},"down":{"uv":[0,0,8,7],"texture":"#0"}}},{"name":"Cube","from":[5,0,-2],"to":[13,6,-1],"faces":{"north":{"uv":[0,0,8,16],"texture":"#0"},"east":{"uv":[0,0,3,16],"texture":"#0"},"south":{"uv":[0,0,8,16],"texture":"#0"},"west":{"uv":[0,0,3,16],"texture":"#0"},"up":{"uv":[0,0,8,1],"texture":"#0"},"down":{"uv":[0,0,8,1],"texture":"#0"}}},{"name":"Cube","from":[5,0,-1],"to":[13,1,7],"faces":{"north":{"uv":[0,13,8,16],"texture":"#0"},"east":{"uv":[0,13,8,16],"texture":"#0"},"south":{"uv":[0,13,8,16],"texture":"#0"},"west":{"uv":[0,13,8,16],"texture":"#0"},"up":{"uv":[0,0,8,8],"texture":"#0"},"down":{"uv":[0,0,8,8],"texture":"#0"}}},{"name":"Cube","from":[5,1,-1],"to":[6,6,7],"faces":{"north":{"uv":[0,0,8,13],"texture":"#0"},"east":{"uv":[0,0,8,13],"texture":"#0"},"south":{"uv":[0,0,8,13],"texture":"#0"},"west":{"uv":[0,0,8,13],"texture":"#0"},"up":{"uv":[0,0,1,8],"texture":"#0"},"down":{"uv":[0,0,1,8],"texture":"#0"}}},{"name":"Cube","from":[12,1,-1],"to":[13,6,7],"faces":{"north":{"uv":[0,0,8,13],"texture":"#0"},"east":{"uv":[0,0,8,13],"texture":"#0"},"south":{"uv":[0,0,8,13],"texture":"#0"},"west":{"uv":[0,0,8,13],"texture":"#0"},"up":{"uv":[0,0,1,7],"texture":"#0"},"down":{"uv":[0,0,1,8],"texture":"#0"}}},{"name":"Cube","from":[6,6,7],"to":[12,6.4,15.4],"faces":{"north":{"uv":[2,7,8,7.4],"texture":"#0"},"east":{"uv":[2,7,8.1,7.4],"texture":"#0"},"south":{"uv":[2,7,8,7.4],"texture":"#0"},"west":{"uv":[3,7,9.1,7.4],"texture":"#0"},"up":{"uv":[5,4,9,10.1],"texture":"#0"},"down":{"uv":[0,0,6,6.1],"texture":"#0"}}},{"name":"Cube","from":[7,6.4,7],"to":[11,6.7,14.3],"faces":{"north":{"uv":[5,7,9,7.3],"texture":"#0"},"east":{"uv":[3,3,7.6,3.3],"texture":"#0"},"south":{"uv":[3,3,7,3.3],"texture":"#0"},"west":{"uv":[3,7,7.6,7.3],"texture":"#0"},"up":{"uv":[5,4,8,10.6],"texture":"#0"},"down":{"uv":[4,2,8,6.6],"texture":"#0"}}},{"name":"Cube","from":[6.2,1.6,-1],"to":[11.8,2.6,4],"faces":{"north":{"uv":[0,0,6,1],"texture":"#1"},"east":{"uv":[0,0,5,1],"texture":"#1"},"south":{"uv":[0,0,6,1],"texture":"#1"},"west":{"uv":[0,0,5,1],"texture":"#1"},"up":{"uv":[0,0,6,5],"texture":"#1"},"down":{"uv":[0,0,6,5],"texture":"#1"}}},{"name":"Cube","from":[6.2,2.6,-1],"to":[11.8,7.7,0],"faces":{"north":{"uv":[0,0,6,5.1],"texture":"#1"},"east":{"uv":[0,0,1,5.1],"texture":"#1"},"south":{"uv":[0,0,6,5.1],"texture":"#1"},"west":{"uv":[0,0,1,5.1],"texture":"#1"},"up":{"uv":[0,0,6,1],"texture":"#1"},"down":{"uv":[0,0,6,1],"texture":"#1"}}},{"name":"Cube","from":[9.2,9.5,-0.98],"to":[10.9,10.5,-0.01],"rotation":{"angle":-45,"axis":"z","origin":[8,8,8]},"faces":{"north":{"uv":[0,0,2,1],"texture":"#1"},"east":{"uv":[0,0,1,1],"texture":"#1"},"south":{"uv":[0,0,2,1],"texture":"#1"},"west":{"uv":[0,0,1,1],"texture":"#1"},"up":{"uv":[0,0,2,1],"texture":"#1"},"down":{"uv":[0,0,2,1],"texture":"#1"}}},{"name":"Cube","from":[6.9,6.5,-0.98],"to":[7.9,8.2,-0.01],"rotation":{"angle":-45,"axis":"z","origin":[8,8,8]},"faces":{"north":{"uv":[0,0,1,2],"texture":"#1"},"east":{"uv":[0,0,1,2],"texture":"#1"},"south":{"uv":[0,0,1,2],"texture":"#1"},"west":{"uv":[0,0,1,2],"texture":"#1"},"up":{"uv":[0,0,1,1],"texture":"#1"},"down":{"uv":[0,0,1,1],"texture":"#1"}}},{"name":"Cube","from":[7.4,7.7,-1],"to":[10.6,8.9,0],"faces":{"north":{"uv":[0,0,3.2,1.4],"texture":"#1"},"east":{"uv":[0,0,1,1.4],"texture":"#1"},"south":{"uv":[0,0,3.2,1.4],"texture":"#1"},"west":{"uv":[0,0,1,1.4],"texture":"#1"},"up":{"uv":[0,0,3.2,1],"texture":"#1"},"down":{"uv":[0,0,3.2,1],"texture":"#1"}}},{"name":"Cube","from":[8.5,6.7,8],"to":[9.5,7,13.3],"faces":{"north":{"uv":[5,7,9,7.3],"texture":"#3"},"east":{"uv":[3,3,7.6,3.3],"texture":"#3"},"south":{"uv":[3,3,7,3.3],"texture":"#3"},"west":{"uv":[3,7,7.6,7.3],"texture":"#3"},"up":{"uv":[5,4,8,10.6],"texture":"#3"},"down":{"uv":[4,2,8,6.6],"texture":"#3"}}},{"name":"Cube","from":[9.5,6.7,9.2],"to":[10.7,7,10.2],"faces":{"north":{"uv":[5,7,9,7.3],"texture":"#3"},"east":{"uv":[3,3,7.6,3.3],"texture":"#3"},"south":{"uv":[3,3,7,3.3],"texture":"#3"},"west":{"uv":[3,7,7.6,7.3],"texture":"#3"},"up":{"uv":[5,4,8,10.6],"texture":"#3"},"down":{"uv":[4,2,8,6.6],"texture":"#3"}}},{"name":"Cube","from":[7.3,6.7,9.2],"to":[8.5,7,10.2],"faces":{"north":{"uv":[5,7,9,7.3],"texture":"#3"},"east":{"uv":[3,3,7.6,3.3],"texture":"#3"},"south":{"uv":[3,3,7,3.3],"texture":"#3"},"west":{"uv":[3,7,7.6,7.3],"texture":"#3"},"up":{"uv":[5,4,8,10.6],"texture":"#3"},"down":{"uv":[4,2,8,6.6],"texture":"#3"}}},{"name":"Cube","from":[13,3.7,10.2],"to":[13.3,4.5,12.5],"faces":{"north":{"uv":[5,7,9,7.3],"texture":"#4"},"east":{"uv":[3,3,7.6,3.3],"texture":"#4"},"south":{"uv":[3,3,7,3.3],"texture":"#4"},"west":{"uv":[3,7,7.6,7.3],"texture":"#4"},"up":{"uv":[5,4,8,10.6],"texture":"#4"},"down":{"uv":[4,2,8,6.6],"texture":"#4"}}},{"name":"Cube","from":[13,3.7,1.2],"to":[13.3,4.5,3.5],"faces":{"north":{"uv":[5,7,9,7.3],"texture":"#4"},"east":{"uv":[3,3,7.6,3.3],"texture":"#4"},"south":{"uv":[3,3,7,3.3],"texture":"#4"},"west":{"uv":[3,7,7.6,7.3],"texture":"#4"},"up":{"uv":[5,4,8,10.6],"texture":"#4"},"down":{"uv":[4,2,8,6.6],"texture":"#4"}}},{"name":"Cube","from":[4.7,3.7,1.2],"to":[5,4.5,3.5],"faces":{"north":{"uv":[5,7,9,7.3],"texture":"#4"},"east":{"uv":[3,3,7.6,3.3],"texture":"#4"},"south":{"uv":[3,3,7,3.3],"texture":"#4"},"west":{"uv":[3,7,7.6,7.3],"texture":"#4"},"up":{"uv":[5,4,8,10.6],"texture":"#4"},"down":{"uv":[4,2,8,6.6],"texture":"#4"}}},{"name":"Cube","from":[4.7,3.7,10.2],"to":[5,4.5,12.5],"faces":{"north":{"uv":[5,7,9,7.3],"texture":"#4"},"east":{"uv":[3,3,7.6,3.3],"texture":"#4"},"south":{"uv":[3,3,7,3.3],"texture":"#4"},"west":{"uv":[3,7,7.6,7.3],"texture":"#4"},"up":{"uv":[5,4,8,10.6],"texture":"#4"},"down":{"uv":[4,2,8,6.6],"texture":"#4"}}},{"name":"Cube","from":[8.8,1.1,10.5],"to":[9.1,1.7,12.2],"rotation":{"angle":45,"axis":"z","origin":[8,8,8]},"faces":{"north":{"uv":[5,7,9,7.3],"texture":"#4"},"east":{"uv":[3,3,7.6,3.3],"texture":"#4"},"south":{"uv":[3,3,7,3.3],"texture":"#4"},"west":{"uv":[3,7,7.6,7.3],"texture":"#4"},"up":{"uv":[5,4,8,10.6],"texture":"#4"},"down":{"uv":[4,2,8,6.6],"texture":"#4"}}},{"name":"Cube","from":[8.8,1.1,1.5],"to":[9.1,1.7,3.2],"rotation":{"angle":45,"axis":"z","origin":[8,8,8]},"faces":{"north":{"uv":[5,7,9,7.3],"texture":"#4"},"east":{"uv":[3,3,7.6,3.3],"texture":"#4"},"south":{"uv":[3,3,7,3.3],"texture":"#4"},"west":{"uv":[3,7,7.6,7.3],"texture":"#4"},"up":{"uv":[5,4,8,10.6],"texture":"#4"},"down":{"uv":[4,2,8,6.6],"texture":"#4"}}},{"name":"Cube","from":[8.3,2.5,1.5],"to":[8.6,3.1,3.2],"rotation":{"angle":-45,"axis":"z","origin":[8,8,8]},"faces":{"north":{"uv":[5,7,9,7.3],"texture":"#4"},"east":{"uv":[3,3,7.6,3.3],"texture":"#4"},"south":{"uv":[3,3,7,3.3],"texture":"#4"},"west":{"uv":[3,7,7.6,7.3],"texture":"#4"},"up":{"uv":[5,4,8,10.6],"texture":"#4"},"down":{"uv":[4,2,8,6.6],"texture":"#4"}}},{"name":"Cube","from":[8.3,2.5,10.5],"to":[8.6,3.1,12.2],"rotation":{"angle":-45,"axis":"z","origin":[8,8,8]},"faces":{"north":{"uv":[5,7,9,7.3],"texture":"#4"},"east":{"uv":[3,3,7.6,3.3],"texture":"#4"},"south":{"uv":[3,3,7,3.3],"texture":"#4"},"west":{"uv":[3,7,7.6,7.3],"texture":"#4"},"up":{"uv":[5,4,8,10.6],"texture":"#4"},"down":{"uv":[4,2,8,6.6],"texture":"#4"}}},{"name":"Cube","from":[5.5,-0.6,-1.5],"to":[12.5,0,15.5],"faces":{"north":{"uv":[0,13,8,16],"texture":"#4"},"east":{"uv":[0,13,8,16],"texture":"#4"},"south":{"uv":[0,13,8,16],"texture":"#4"},"west":{"uv":[0,13,8,16],"texture":"#4"},"up":{"uv":[0,0,8,8],"texture":"#4"},"down":{"uv":[0,0,8,8],"texture":"#4"}}},{"name":"Cube","from":[4.4,-0.4,15.3],"to":[13.5,0.6,16.3],"faces":{"north":{"uv":[0,0,8.8,1],"texture":"#4"},"east":{"uv":[0,0,1,1],"texture":"#4"},"south":{"uv":[0,0,8.8,1],"texture":"#4"},"west":{"uv":[0,0,1,1],"texture":"#4"},"up":{"uv":[0,0,8.8,1],"texture":"#4"},"down":{"uv":[0,0,8.8,1],"texture":"#4"}}},{"name":"Cube","from":[4.6,-0.5,-2.1],"to":[13.4,0.5,-1.1],"faces":{"north":{"uv":[0,0,8.8,1],"texture":"#4"},"east":{"uv":[0,0,1,1],"texture":"#4"},"south":{"uv":[0,0,8.8,1],"texture":"#4"},"west":{"uv":[0,0,1,1],"texture":"#4"},"up":{"uv":[0,0,8.8,1],"texture":"#4"},"down":{"uv":[0,0,8.8,1],"texture":"#4"}}},{"name":"Cube","from":[4.2,-0.5,4],"to":[4.8,12.5,4.6],"faces":{"north":{"uv":[0,0,0.6,13],"texture":"#4"},"east":{"uv":[0,0,0.6,13],"texture":"#4"},"south":{"uv":[0,0,0.6,13],"texture":"#4"},"west":{"uv":[0,0,0.6,13],"texture":"#4"},"up":{"uv":[0,0,0.6,0.6],"texture":"#4"},"down":{"uv":[0,0,0.6,0.6],"texture":"#4"}}},{"name":"Cube","from":[4.3,-0.5,5.4],"to":[4.9,11.5,6],"faces":{"north":{"uv":[0,0,0.6,12],"texture":"#4"},"east":{"uv":[0,0,0.6,12],"texture":"#4"},"south":{"uv":[0,0,0.6,12],"texture":"#4"},"west":{"uv":[0,0,0.6,12],"texture":"#4"},"up":{"uv":[0,0,0.6,0.6],"texture":"#4"},"down":{"uv":[0,0,0.6,0.6],"texture":"#4"}}},{"name":"Cube","from":[4.3,-0.5,6.7],"to":[4.9,10.5,7.3],"faces":{"north":{"uv":[0,0,0.6,11],"texture":"#4"},"east":{"uv":[0,0,0.6,11],"texture":"#4"},"south":{"uv":[0,0,0.6,11],"texture":"#4"},"west":{"uv":[0,0,0.6,11],"texture":"#4"},"up":{"uv":[0,0,0.6,0.6],"texture":"#4"},"down":{"uv":[0,0,0.6,0.6],"texture":"#4"}}},{"name":"Cube","from":[4.3,-0.5,8],"to":[4.9,9.5,8.6],"faces":{"north":{"uv":[0,0,0.6,10],"texture":"#4"},"east":{"uv":[0,0,0.6,10],"texture":"#4"},"south":{"uv":[0,0,0.6,10],"texture":"#4"},"west":{"uv":[0,0,0.6,10],"texture":"#4"},"up":{"uv":[0,0,0.6,0.6],"texture":"#4"},"down":{"uv":[0,0,0.6,0.6],"texture":"#4"}}},{"name":"Cube","from":[4,-0.2,14],"to":[4.4,0.2,17.7],"faces":{"north":{"uv":[1,1,3,6],"texture":"#6"},"east":{"uv":[1,1,5,5],"texture":"#6"},"south":{"uv":[0,0,0.8,4],"texture":"#6"},"west":{"uv":[1,1,14,4],"texture":"#6"},"up":{"uv":[0,0,0.8,4],"texture":"#6"},"down":{"uv":[0,0,0.8,4],"texture":"#6"}}},{"name":"Cube","from":[3.8,1.7,14.8],"to":[4.6,2.35,16.8],"faces":{"north":{"uv":[7,7,8,8],"texture":"#7"},"east":{"uv":[7,7,8,8],"texture":"#7"},"south":{"uv":[7,6,7.8,7],"texture":"#7"},"west":{"uv":[7,7,8,8],"texture":"#7"},"up":{"uv":[7,7,7.8,8],"texture":"#7"},"down":{"uv":[7,6,7.8,7],"texture":"#7"}}},{"name":"Cube","from":[3.8,-1.46,6.8],"to":[4.6,-0.81,8.8],"rotation":{"angle":-45,"axis":"x","origin":[8,8,8]},"faces":{"north":{"uv":[7,7,8,8],"texture":"#7"},"east":{"uv":[7,7,8,8],"texture":"#7"},"south":{"uv":[7,6,7.8,7],"texture":"#7"},"west":{"uv":[7,7,8,8],"texture":"#7"},"up":{"uv":[7,7,7.8,8],"texture":"#7"},"down":{"uv":[7,6,7.8,7],"texture":"#7"}}},{"name":"Cube","from":[3.8,-1.02,13.39],"to":[4.6,0.93,14.09],"faces":{"north":{"uv":[7,7,8,8],"texture":"#7"},"east":{"uv":[7,7,8,8],"texture":"#7"},"south":{"uv":[7,6,7.8,7],"texture":"#7"},"west":{"uv":[7,7,8,8],"texture":"#7"},"up":{"uv":[7,7,7.8,8],"texture":"#7"},"down":{"uv":[7,6,7.8,7],"texture":"#7"}}},{"name":"Cube","from":[3.8,5.44,18.2],"to":[4.6,6.09,20.2],"rotation":{"angle":45,"axis":"x","origin":[8,8,8]},"faces":{"north":{"uv":[7,7,8,8],"texture":"#7"},"east":{"uv":[7,7,8,8],"texture":"#7"},"south":{"uv":[7,6,7.8,7],"texture":"#7"},"west":{"uv":[7,7,8,8],"texture":"#7"},"up":{"uv":[7,7,7.8,8],"texture":"#7"},"down":{"uv":[7,6,7.8,7],"texture":"#7"}}},{"name":"Cube","from":[3.8,-2.43,14.8],"to":[4.6,-1.78,16.8],"faces":{"north":{"uv":[7,7,8,8],"texture":"#7"},"east":{"uv":[7,7,8,8],"texture":"#7"},"south":{"uv":[7,6,7.8,7],"texture":"#7"},"west":{"uv":[7,7,8,8],"texture":"#7"},"up":{"uv":[7,7,7.8,8],"texture":"#7"},"down":{"uv":[7,6,7.8,7],"texture":"#7"}}},{"name":"Cube","from":[3.8,-5.61,6.85],"to":[4.6,-4.96,8.85],"rotation":{"angle":-45,"axis":"x","origin":[8,8,8]},"faces":{"north":{"uv":[7,7,8,8],"texture":"#7"},"east":{"uv":[7,7,8,8],"texture":"#7"},"south":{"uv":[7,6,7.8,7],"texture":"#7"},"west":{"uv":[7,7,8,8],"texture":"#7"},"up":{"uv":[7,7,7.8,8],"texture":"#7"},"down":{"uv":[7,6,7.8,7],"texture":"#7"}}},{"name":"Cube","from":[3.8,-1.02,17.55],"to":[4.6,0.93,18.25],"faces":{"north":{"uv":[7,7,8,8],"texture":"#7"},"east":{"uv":[7,7,8,8],"texture":"#7"},"south":{"uv":[7,6,7.8,7],"texture":"#7"},"west":{"uv":[7,7,8,8],"texture":"#7"},"up":{"uv":[7,7,7.8,8],"texture":"#7"},"down":{"uv":[7,6,7.8,7],"texture":"#7"}}},{"name":"Cube","from":[3.8,9.59,18.22],"to":[4.6,10.24,20.22],"rotation":{"angle":45,"axis":"x","origin":[8,8,8]},"faces":{"north":{"uv":[7,7,8,8],"texture":"#7"},"east":{"uv":[7,7,8,8],"texture":"#7"},"south":{"uv":[7,6,7.8,7],"texture":"#7"},"west":{"uv":[7,7,8,8],"texture":"#7"},"up":{"uv":[7,7,7.8,8],"texture":"#7"},"down":{"uv":[7,6,7.8,7],"texture":"#7"}}},{"name":"Cube","from":[13.3,1.7,14.8],"to":[14.1,2.35,16.8],"faces":{"north":{"uv":[7,7,8,8],"texture":"#7"},"east":{"uv":[7,7,8,8],"texture":"#7"},"south":{"uv":[7,6,7.8,7],"texture":"#7"},"west":{"uv":[7,7,8,8],"texture":"#7"},"up":{"uv":[7,7,7.8,8],"texture":"#7"},"down":{"uv":[7,6,7.8,7],"texture":"#7"}}},{"name":"Cube","from":[13.3,9.59,18.22],"to":[14.1,10.24,20.22],"rotation":{"angle":45,"axis":"x","origin":[8,8,8]},"faces":{"north":{"uv":[7,7,8,8],"texture":"#7"},"east":{"uv":[7,7,8,8],"texture":"#7"},"south":{"uv":[7,6,7.8,7],"texture":"#7"},"west":{"uv":[7,7,8,8],"texture":"#7"},"up":{"uv":[7,7,7.8,8],"texture":"#7"},"down":{"uv":[7,6,7.8,7],"texture":"#7"}}},{"name":"Cube","from":[13.3,-1.02,17.55],"to":[14.1,0.93,18.25],"faces":{"north":{"uv":[7,7,8,8],"texture":"#7"},"east":{"uv":[7,7,8,8],"texture":"#7"},"south":{"uv":[7,6,7.8,7],"texture":"#7"},"west":{"uv":[7,7,8,8],"texture":"#7"},"up":{"uv":[7,7,7.8,8],"texture":"#7"},"down":{"uv":[7,6,7.8,7],"texture":"#7"}}},{"name":"Cube","from":[13.3,-5.61,6.85],"to":[14.1,-4.96,8.85],"rotation":{"angle":-45,"axis":"x","origin":[8,8,8]},"faces":{"north":{"uv":[7,7,8,8],"texture":"#7"},"east":{"uv":[7,7,8,8],"texture":"#7"},"south":{"uv":[7,6,7.8,7],"texture":"#7"},"west":{"uv":[7,7,8,8],"texture":"#7"},"up":{"uv":[7,7,7.8,8],"texture":"#7"},"down":{"uv":[7,6,7.8,7],"texture":"#7"}}},{"name":"Cube","from":[13.3,-2.43,14.8],"to":[14.1,-1.78,16.8],"faces":{"north":{"uv":[7,7,8,8],"texture":"#7"},"east":{"uv":[7,7,8,8],"texture":"#7"},"south":{"uv":[7,6,7.8,7],"texture":"#7"},"west":{"uv":[7,7,8,8],"texture":"#7"},"up":{"uv":[7,7,7.8,8],"texture":"#7"},"down":{"uv":[7,6,7.8,7],"texture":"#7"}}},{"name":"Cube","from":[13.3,5.44,18.2],"to":[14.1,6.09,20.2],"rotation":{"angle":45,"axis":"x","origin":[8,8,8]},"faces":{"north":{"uv":[7,7,8,8],"texture":"#7"},"east":{"uv":[7,7,8,8],"texture":"#7"},"south":{"uv":[7,6,7.8,7],"texture":"#7"},"west":{"uv":[7,7,8,8],"texture":"#7"},"up":{"uv":[7,7,7.8,8],"texture":"#7"},"down":{"uv":[7,6,7.8,7],"texture":"#7"}}},{"name":"Cube","from":[13.3,-1.02,13.39],"to":[14.1,0.93,14.09],"faces":{"north":{"uv":[7,7,8,8],"texture":"#7"},"east":{"uv":[7,7,8,8],"texture":"#7"},"south":{"uv":[7,6,7.8,7],"texture":"#7"},"west":{"uv":[7,7,8,8],"texture":"#7"},"up":{"uv":[7,7,7.8,8],"texture":"#7"},"down":{"uv":[7,6,7.8,7],"texture":"#7"}}},{"name":"Cube","from":[13.3,-1.46,6.8],"to":[14.1,-0.81,8.8],"rotation":{"angle":-45,"axis":"x","origin":[8,8,8]},"faces":{"north":{"uv":[7,7,8,8],"texture":"#7"},"east":{"uv":[7,7,8,8],"texture":"#7"},"south":{"uv":[7,6,7.8,7],"texture":"#7"},"west":{"uv":[7,7,8,8],"texture":"#7"},"up":{"uv":[7,7,7.8,8],"texture":"#7"},"down":{"uv":[7,6,7.8,7],"texture":"#7"}}},{"name":"Cube","from":[4,-3.4,6],"to":[4.4,-3,9.7],"rotation":{"angle":-45,"axis":"x","origin":[8,8,8]},"faces":{"north":{"uv":[1,1,3,6],"texture":"#6"},"east":{"uv":[1,1,5,5],"texture":"#6"},"south":{"uv":[0,0,0.8,4],"texture":"#6"},"west":{"uv":[1,1,14,4],"texture":"#6"},"up":{"uv":[0,0,0.8,4],"texture":"#6"},"down":{"uv":[0,0,0.8,4],"texture":"#6"}}},{"name":"Cube","from":[4,7.6,17.4],"to":[4.4,8,21.1],"rotation":{"angle":45,"axis":"x","origin":[8,8,8]},"faces":{"north":{"uv":[1,1,3,6],"texture":"#6"},"east":{"uv":[1,1,5,5],"texture":"#6"},"south":{"uv":[0,0,0.8,4],"texture":"#6"},"west":{"uv":[1,1,14,4],"texture":"#6"},"up":{"uv":[0,0,0.8,4],"texture":"#6"},"down":{"uv":[0,0,0.8,4],"texture":"#6"}}},{"name":"Cube","from":[4,-1.9,15.6],"to":[4.4,1.8,16],"faces":{"north":{"uv":[1,1,3,6],"texture":"#6"},"east":{"uv":[1,1,3,14],"texture":"#6"},"south":{"uv":[0,0,0.8,4],"texture":"#6"},"west":{"uv":[1,1,4,14],"texture":"#6"},"up":{"uv":[0,0,0.8,4],"texture":"#6"},"down":{"uv":[0,0,0.8,4],"texture":"#6"}}},{"name":"Cube","from":[13.5,-0.2,14],"to":[13.9,0.2,17.7],"faces":{"north":{"uv":[1,1,3,6],"texture":"#6"},"east":{"uv":[1,1,5,5],"texture":"#6"},"south":{"uv":[0,0,0.8,4],"texture":"#6"},"west":{"uv":[1,1,14,4],"texture":"#6"},"up":{"uv":[0,0,0.8,4],"texture":"#6"},"down":{"uv":[0,0,0.8,4],"texture":"#6"}}},{"name":"Cube","from":[13.5,-3.4,6],"to":[13.9,-3,9.7],"rotation":{"angle":-45,"axis":"x","origin":[8,8,8]},"faces":{"north":{"uv":[1,1,3,6],"texture":"#6"},"east":{"uv":[1,1,5,5],"texture":"#6"},"south":{"uv":[0,0,0.8,4],"texture":"#6"},"west":{"uv":[1,1,14,4],"texture":"#6"},"up":{"uv":[0,0,0.8,4],"texture":"#6"},"down":{"uv":[0,0,0.8,4],"texture":"#6"}}},{"name":"Cube","from":[13.5,7.6,17.4],"to":[13.9,8,21.1],"rotation":{"angle":45,"axis":"x","origin":[8,8,8]},"faces":{"north":{"uv":[1,1,3,6],"texture":"#6"},"east":{"uv":[1,1,5,5],"texture":"#6"},"south":{"uv":[0,0,0.8,4],"texture":"#6"},"west":{"uv":[1,1,14,4],"texture":"#6"},"up":{"uv":[0,0,0.8,4],"texture":"#6"},"down":{"uv":[0,0,0.8,4],"texture":"#6"}}},{"name":"Cube","from":[13.5,-1.9,15.6],"to":[13.9,1.8,16],"faces":{"north":{"uv":[1,1,3,6],"texture":"#6"},"east":{"uv":[1,1,3,14],"texture":"#6"},"south":{"uv":[0,0,0.8,4],"texture":"#6"},"west":{"uv":[1,1,4,14],"texture":"#6"},"up":{"uv":[0,0,0.8,4],"texture":"#6"},"down":{"uv":[0,0,0.8,4],"texture":"#6"}}},{"name":"Cube","from":[13.3,-1.02,0.09],"to":[14.1,0.93,0.79],"faces":{"north":{"uv":[7,7,8,8],"texture":"#7"},"east":{"uv":[7,7,8,8],"texture":"#7"},"south":{"uv":[7,6,7.8,7],"texture":"#7"},"west":{"uv":[7,7,8,8],"texture":"#7"},"up":{"uv":[7,7,7.8,8],"texture":"#7"},"down":{"uv":[7,6,7.8,7],"texture":"#7"}}},{"name":"Cube","from":[13.3,8.08,-2.81],"to":[14.1,10.03,-2.11],"rotation":{"angle":-45,"axis":"x","origin":[8,8,8]},"faces":{"north":{"uv":[7,7,8,8],"texture":"#7"},"east":{"uv":[7,7,8,8],"texture":"#7"},"south":{"uv":[7,6,7.8,7],"texture":"#7"},"west":{"uv":[7,7,8,8],"texture":"#7"},"up":{"uv":[7,7,7.8,8],"texture":"#7"},"down":{"uv":[7,6,7.8,7],"texture":"#7"}}},{"name":"Cube","from":[13.3,1.65,-2.6],"to":[14.1,2.3,-0.6],"faces":{"north":{"uv":[7,7,8,8],"texture":"#7"},"east":{"uv":[7,7,8,8],"texture":"#7"},"south":{"uv":[7,6,7.8,7],"texture":"#7"},"west":{"uv":[7,7,8,8],"texture":"#7"},"up":{"uv":[7,7,7.8,8],"texture":"#7"},"down":{"uv":[7,6,7.8,7],"texture":"#7"}}},{"name":"Cube","from":[13.3,-5.47,4.54],"to":[14.1,-3.52,5.24],"rotation":{"angle":45,"axis":"x","origin":[8,8,8]},"faces":{"north":{"uv":[7,7,8,8],"texture":"#7"},"east":{"uv":[7,7,8,8],"texture":"#7"},"south":{"uv":[7,6,7.8,7],"texture":"#7"},"west":{"uv":[7,7,8,8],"texture":"#7"},"up":{"uv":[7,7,7.8,8],"texture":"#7"},"down":{"uv":[7,6,7.8,7],"texture":"#7"}}},{"name":"Cube","from":[13.3,-1.05,-3.97],"to":[14.1,0.9,-3.27],"faces":{"north":{"uv":[7,7,8,8],"texture":"#7"},"east":{"uv":[7,7,8,8],"texture":"#7"},"south":{"uv":[7,6,7.8,7],"texture":"#7"},"west":{"uv":[7,7,8,8],"texture":"#7"},"up":{"uv":[7,7,7.8,8],"texture":"#7"},"down":{"uv":[7,6,7.8,7],"texture":"#7"}}},{"name":"Cube","from":[13.3,-5.44,8.6],"to":[14.1,-3.49,9.3],"rotation":{"angle":45,"axis":"x","origin":[8,8,8]},"faces":{"north":{"uv":[7,7,8,8],"texture":"#7"},"east":{"uv":[7,7,8,8],"texture":"#7"},"south":{"uv":[7,6,7.8,7],"texture":"#7"},"west":{"uv":[7,7,8,8],"texture":"#7"},"up":{"uv":[7,7,7.8,8],"texture":"#7"},"down":{"uv":[7,6,7.8,7],"texture":"#7"}}},{"name":"Cube","from":[13.3,-2.45,-2.6],"to":[14.1,-1.8,-0.6],"faces":{"north":{"uv":[7,7,8,8],"texture":"#7"},"east":{"uv":[7,7,8,8],"texture":"#7"},"south":{"uv":[7,6,7.8,7],"texture":"#7"},"west":{"uv":[7,7,8,8],"texture":"#7"},"up":{"uv":[7,7,7.8,8],"texture":"#7"},"down":{"uv":[7,6,7.8,7],"texture":"#7"}}},{"name":"Cube","from":[13.3,8.1,-6.88],"to":[14.1,10.05,-6.18],"rotation":{"angle":-45,"axis":"x","origin":[8,8,8]},"faces":{"north":{"uv":[7,7,8,8],"texture":"#7"},"east":{"uv":[7,7,8,8],"texture":"#7"},"south":{"uv":[7,6,7.8,7],"texture":"#7"},"west":{"uv":[7,7,8,8],"texture":"#7"},"up":{"uv":[7,7,7.8,8],"texture":"#7"},"down":{"uv":[7,6,7.8,7],"texture":"#7"}}},{"name":"Cube","from":[13.5,-0.2,-3.4],"to":[13.9,0.2,0.3],"faces":{"north":{"uv":[1,1,3,6],"texture":"#6"},"east":{"uv":[1,1,5,5],"texture":"#6"},"south":{"uv":[0,0,0.8,4],"texture":"#6"},"west":{"uv":[1,1,14,4],"texture":"#6"},"up":{"uv":[0,0,0.8,4],"texture":"#6"},"down":{"uv":[0,0,0.8,4],"texture":"#6"}}},{"name":"Cube","from":[13.5,-4.7,4.9],"to":[13.9,-4.3,8.6],"rotation":{"angle":45,"axis":"x","origin":[8,8,8]},"faces":{"north":{"uv":[1,1,3,6],"texture":"#6"},"east":{"uv":[1,1,5,5],"texture":"#6"},"south":{"uv":[0,0,0.8,4],"texture":"#6"},"west":{"uv":[1,1,14,4],"texture":"#6"},"up":{"uv":[0,0,0.8,4],"texture":"#6"},"down":{"uv":[0,0,0.8,4],"texture":"#6"}}},{"name":"Cube","from":[13.5,8.9,-6.2],"to":[13.9,9.3,-2.3],"rotation":{"angle":-45,"axis":"x","origin":[8,8,8]},"faces":{"north":{"uv":[1,1,3,6],"texture":"#6"},"east":{"uv":[1,1,5,5],"texture":"#6"},"south":{"uv":[0,0,0.8,4],"texture":"#6"},"west":{"uv":[1,1,14,4],"texture":"#6"},"up":{"uv":[0,0,0.8,4],"texture":"#6"},"down":{"uv":[0,0,0.8,4],"texture":"#6"}}},{"name":"Cube","from":[13.5,-2,-1.8],"to":[13.9,1.7,-1.4],"faces":{"north":{"uv":[1,1,3,6],"texture":"#6"},"east":{"uv":[1,1,5,5],"texture":"#6"},"south":{"uv":[0,0,0.8,4],"texture":"#6"},"west":{"uv":[1,1,14,4],"texture":"#6"},"up":{"uv":[0,0,0.8,4],"texture":"#6"},"down":{"uv":[0,0,0.8,4],"texture":"#6"}}},{"name":"Cube","from":[3.8,-2.45,-2.6],"to":[4.6,-1.8,-0.6],"faces":{"north":{"uv":[7,7,8,8],"texture":"#7"},"east":{"uv":[7,7,8,8],"texture":"#7"},"south":{"uv":[7,6,7.8,7],"texture":"#7"},"west":{"uv":[7,7,8,8],"texture":"#7"},"up":{"uv":[7,7,7.8,8],"texture":"#7"},"down":{"uv":[7,6,7.8,7],"texture":"#7"}}},{"name":"Cube","from":[3.8,-1.05,-3.97],"to":[4.6,0.9,-3.27],"faces":{"north":{"uv":[7,7,8,8],"texture":"#7"},"east":{"uv":[7,7,8,8],"texture":"#7"},"south":{"uv":[7,6,7.8,7],"texture":"#7"},"west":{"uv":[7,7,8,8],"texture":"#7"},"up":{"uv":[7,7,7.8,8],"texture":"#7"},"down":{"uv":[7,6,7.8,7],"texture":"#7"}}},{"name":"Cube","from":[3.8,8.1,-6.88],"to":[4.6,10.05,-6.18],"rotation":{"angle":-45,"axis":"x","origin":[8,8,8]},"faces":{"north":{"uv":[7,7,8,8],"texture":"#7"},"east":{"uv":[7,7,8,8],"texture":"#7"},"south":{"uv":[7,6,7.8,7],"texture":"#7"},"west":{"uv":[7,7,8,8],"texture":"#7"},"up":{"uv":[7,7,7.8,8],"texture":"#7"},"down":{"uv":[7,6,7.8,7],"texture":"#7"}}},{"name":"Cube","from":[3.8,-5.44,8.6],"to":[4.6,-3.49,9.3],"rotation":{"angle":45,"axis":"x","origin":[8,8,8]},"faces":{"north":{"uv":[7,7,8,8],"texture":"#7"},"east":{"uv":[7,7,8,8],"texture":"#7"},"south":{"uv":[7,6,7.8,7],"texture":"#7"},"west":{"uv":[7,7,8,8],"texture":"#7"},"up":{"uv":[7,7,7.8,8],"texture":"#7"},"down":{"uv":[7,6,7.8,7],"texture":"#7"}}},{"name":"Cube","from":[3.8,-1.02,0.09],"to":[4.6,0.93,0.79],"faces":{"north":{"uv":[7,7,8,8],"texture":"#7"},"east":{"uv":[7,7,8,8],"texture":"#7"},"south":{"uv":[7,6,7.8,7],"texture":"#7"},"west":{"uv":[7,7,8,8],"texture":"#7"},"up":{"uv":[7,7,7.8,8],"texture":"#7"},"down":{"uv":[7,6,7.8,7],"texture":"#7"}}},{"name":"Cube","from":[3.8,8.08,-2.81],"to":[4.6,10.03,-2.11],"rotation":{"angle":-45,"axis":"x","origin":[8,8,8]},"faces":{"north":{"uv":[7,7,8,8],"texture":"#7"},"east":{"uv":[7,7,8,8],"texture":"#7"},"south":{"uv":[7,6,7.8,7],"texture":"#7"},"west":{"uv":[7,7,8,8],"texture":"#7"},"up":{"uv":[7,7,7.8,8],"texture":"#7"},"down":{"uv":[7,6,7.8,7],"texture":"#7"}}},{"name":"Cube","from":[3.8,1.65,-2.6],"to":[4.6,2.3,-0.6],"faces":{"north":{"uv":[7,7,8,8],"texture":"#7"},"east":{"uv":[7,7,8,8],"texture":"#7"},"south":{"uv":[7,6,7.8,7],"texture":"#7"},"west":{"uv":[7,7,8,8],"texture":"#7"},"up":{"uv":[7,7,7.8,8],"texture":"#7"},"down":{"uv":[7,6,7.8,7],"texture":"#7"}}},{"name":"Cube","from":[3.8,-5.47,4.54],"to":[4.6,-3.52,5.24],"rotation":{"angle":45,"axis":"x","origin":[8,8,8]},"faces":{"north":{"uv":[7,7,8,8],"texture":"#7"},"east":{"uv":[7,7,8,8],"texture":"#7"},"south":{"uv":[7,6,7.8,7],"texture":"#7"},"west":{"uv":[7,7,8,8],"texture":"#7"},"up":{"uv":[7,7,7.8,8],"texture":"#7"},"down":{"uv":[7,6,7.8,7],"texture":"#7"}}},{"name":"Cube","from":[13.1,-0.5,4],"to":[13.7,12.5,4.6],"faces":{"north":{"uv":[0,0,0.6,13],"texture":"#4"},"east":{"uv":[0,0,0.6,13],"texture":"#4"},"south":{"uv":[0,0,0.6,13],"texture":"#4"},"west":{"uv":[0,0,0.6,13],"texture":"#4"},"up":{"uv":[0,0,0.6,0.6],"texture":"#4"},"down":{"uv":[0,0,0.6,0.6],"texture":"#4"}}},{"name":"Cube","from":[13.1,-0.5,5.4],"to":[13.7,11.5,6],"faces":{"north":{"uv":[0,0,0.6,12],"texture":"#4"},"east":{"uv":[0,0,0.6,12],"texture":"#4"},"south":{"uv":[0,0,0.6,12],"texture":"#4"},"west":{"uv":[0,0,0.6,12],"texture":"#4"},"up":{"uv":[0,0,0.6,0.6],"texture":"#4"},"down":{"uv":[0,0,0.6,0.6],"texture":"#4"}}},{"name":"Cube","from":[13.1,-0.5,6.7],"to":[13.7,10.5,7.3],"faces":{"north":{"uv":[0,0,0.6,11],"texture":"#4"},"east":{"uv":[0,0,0.6,11],"texture":"#4"},"south":{"uv":[0,0,0.6,11],"texture":"#4"},"west":{"uv":[0,0,0.6,11],"texture":"#4"},"up":{"uv":[0,0,0.6,0.6],"texture":"#4"},"down":{"uv":[0,0,0.6,0.6],"texture":"#4"}}},{"name":"Cube","from":[13.1,-0.5,8],"to":[13.7,9.5,8.6],"faces":{"north":{"uv":[0,0,0.6,10],"texture":"#4"},"east":{"uv":[0,0,0.6,10],"texture":"#4"},"south":{"uv":[0,0,0.6,10],"texture":"#4"},"west":{"uv":[0,0,0.6,10],"texture":"#4"},"up":{"uv":[0,0,0.6,0.6],"texture":"#4"},"down":{"uv":[0,0,0.6,0.6],"texture":"#4"}}},{"name":"Cube","from":[4,-2,-1.8],"to":[4.4,1.7,-1.4],"faces":{"north":{"uv":[1,1,3,6],"texture":"#6"},"east":{"uv":[1,1,5,5],"texture":"#6"},"south":{"uv":[0,0,0.8,4],"texture":"#6"},"west":{"uv":[1,1,14,4],"texture":"#6"},"up":{"uv":[0,0,0.8,4],"texture":"#6"},"down":{"uv":[0,0,0.8,4],"texture":"#6"}}},{"name":"Cube","from":[4,-0.2,-3.4],"to":[4.4,0.2,0.3],"faces":{"north":{"uv":[1,1,3,6],"texture":"#6"},"east":{"uv":[1,1,5,5],"texture":"#6"},"south":{"uv":[0,0,0.8,4],"texture":"#6"},"west":{"uv":[1,1,14,4],"texture":"#6"},"up":{"uv":[0,0,0.8,4],"texture":"#6"},"down":{"uv":[0,0,0.8,4],"texture":"#6"}}},{"name":"Cube","from":[4,-4.7,4.9],"to":[4.4,-4.3,8.6],"rotation":{"angle":45,"axis":"x","origin":[8,8,8]},"faces":{"north":{"uv":[1,1,3,6],"texture":"#6"},"east":{"uv":[1,1,5,5],"texture":"#6"},"south":{"uv":[0,0,0.8,4],"texture":"#6"},"west":{"uv":[1,1,14,4],"texture":"#6"},"up":{"uv":[0,0,0.8,4],"texture":"#6"},"down":{"uv":[0,0,0.8,4],"texture":"#6"}}},{"name":"Cube","from":[4,8.9,-6.2],"to":[4.4,9.3,-2.3],"rotation":{"angle":-45,"axis":"x","origin":[8,8,8]},"faces":{"north":{"uv":[1,1,3,6],"texture":"#6"},"east":{"uv":[1,1,5,5],"texture":"#6"},"south":{"uv":[0,0,0.8,4],"texture":"#6"},"west":{"uv":[1,1,14,4],"texture":"#6"},"up":{"uv":[0,0,0.8,4],"texture":"#6"},"down":{"uv":[0,0,0.8,4],"texture":"#6"}}},{"name":"Cube","from":[11.8,1,-1],"to":[12,5.8,7],"faces":{"north":{"uv":[0,0,8,9],"texture":"#8"},"east":{"uv":[0,0,8,9],"texture":"#8"},"south":{"uv":[0,0,8,7],"texture":"#8"},"west":{"uv":[0,0,8,9],"texture":"#8"},"up":{"uv":[0,0,1,7],"texture":"#8"},"down":{"uv":[0,0,1,8],"texture":"#8"}}},{"name":"Cube","from":[6,1,-1],"to":[6.2,5.8,7],"faces":{"north":{"uv":[0,0,8,9],"texture":"#8"},"east":{"uv":[0,0,8,9],"texture":"#8"},"south":{"uv":[0,0,8,7],"texture":"#8"},"west":{"uv":[0,0,8,9],"texture":"#8"},"up":{"uv":[0,0,1,7],"texture":"#8"},"down":{"uv":[0,0,1,8],"texture":"#8"}}},{"name":"Cube","from":[6.2,1,6.8],"to":[11.8,5.8,7],"faces":{"north":{"uv":[0,0,8,9],"texture":"#8"},"east":{"uv":[0,0,8,9],"texture":"#8"},"south":{"uv":[0,0,8,7],"texture":"#8"},"west":{"uv":[0,0,7,9],"texture":"#8"},"up":{"uv":[0,0,10,1],"texture":"#8"},"down":{"uv":[0,0,11,1],"texture":"#8"}}},{"name":"Cube","from":[6.2,1,-1],"to":[11.8,1.2,6.8],"faces":{"north":{"uv":[0,0,8,9],"texture":"#8"},"east":{"uv":[0,0,8,9],"texture":"#8"},"south":{"uv":[0,0,8,7],"texture":"#8"},"west":{"uv":[0,0,8,9],"texture":"#8"},"up":{"uv":[0,0,1,7],"texture":"#8"},"down":{"uv":[0,0,1,8],"texture":"#8"}}},{"name":"Cube","from":[12.5,-0.5,4],"to":[13.1,0.1,4.6],"faces":{"north":{"uv":[0,0,0.6,13],"texture":"#4"},"east":{"uv":[0,0,0.6,13],"texture":"#4"},"south":{"uv":[0,0,0.6,13],"texture":"#4"},"west":{"uv":[0,0,0.6,13],"texture":"#4"},"up":{"uv":[0,0,0.6,0.6],"texture":"#4"},"down":{"uv":[0,0,0.6,0.6],"texture":"#4"}}},{"name":"Cube","from":[4.8,-0.5,4],"to":[5.5,0.1,4.6],"faces":{"north":{"uv":[0,0,0.6,13],"texture":"#4"},"east":{"uv":[0,0,0.6,13],"texture":"#4"},"south":{"uv":[0,0,0.6,13],"texture":"#4"},"west":{"uv":[0,0,0.6,13],"texture":"#4"},"up":{"uv":[0,0,0.6,0.6],"texture":"#4"},"down":{"uv":[0,0,0.6,0.6],"texture":"#4"}}},{"name":"Cube","from":[4.8,-0.5,5.4],"to":[5.5,0.1,6],"faces":{"north":{"uv":[0,0,0.6,13],"texture":"#4"},"east":{"uv":[0,0,0.6,13],"texture":"#4"},"south":{"uv":[0,0,0.6,13],"texture":"#4"},"west":{"uv":[0,0,0.6,13],"texture":"#4"},"up":{"uv":[0,0,0.6,0.6],"texture":"#4"},"down":{"uv":[0,0,0.6,0.6],"texture":"#4"}}},{"name":"Cube","from":[4.8,-0.5,6.7],"to":[5.5,0.1,7.3],"faces":{"north":{"uv":[0,0,0.6,13],"texture":"#4"},"east":{"uv":[0,0,0.6,13],"texture":"#4"},"south":{"uv":[0,0,0.6,13],"texture":"#4"},"west":{"uv":[0,0,0.6,13],"texture":"#4"},"up":{"uv":[0,0,0.6,0.6],"texture":"#4"},"down":{"uv":[0,0,0.6,0.6],"texture":"#4"}}},{"name":"Cube","from":[4.8,-0.5,8],"to":[5.5,0.1,8.6],"faces":{"north":{"uv":[0,0,0.6,13],"texture":"#4"},"east":{"uv":[0,0,0.6,13],"texture":"#4"},"south":{"uv":[0,0,0.6,13],"texture":"#4"},"west":{"uv":[0,0,0.6,13],"texture":"#4"},"up":{"uv":[0,0,0.6,0.6],"texture":"#4"},"down":{"uv":[0,0,0.6,0.6],"texture":"#4"}}},{"name":"Cube","from":[12.5,-0.5,5.4],"to":[13.1,0.1,6],"faces":{"north":{"uv":[0,0,0.6,13],"texture":"#4"},"east":{"uv":[0,0,0.6,13],"texture":"#4"},"south":{"uv":[0,0,0.6,13],"texture":"#4"},"west":{"uv":[0,0,0.6,13],"texture":"#4"},"up":{"uv":[0,0,0.6,0.6],"texture":"#4"},"down":{"uv":[0,0,0.6,0.6],"texture":"#4"}}},{"name":"Cube","from":[12.5,-0.5,6.7],"to":[13.1,0.1,7.3],"faces":{"north":{"uv":[0,0,0.6,13],"texture":"#4"},"east":{"uv":[0,0,0.6,13],"texture":"#4"},"south":{"uv":[0,0,0.6,13],"texture":"#4"},"west":{"uv":[0,0,0.6,13],"texture":"#4"},"up":{"uv":[0,0,0.6,0.6],"texture":"#4"},"down":{"uv":[0,0,0.6,0.6],"texture":"#4"}}},{"name":"Cube","from":[12.5,-0.5,8],"to":[13.1,0.1,8.6],"faces":{"north":{"uv":[0,0,0.6,13],"texture":"#4"},"east":{"uv":[0,0,0.6,13],"texture":"#4"},"south":{"uv":[0,0,0.6,13],"texture":"#4"},"west":{"uv":[0,0,0.6,13],"texture":"#4"},"up":{"uv":[0,0,0.6,0.6],"texture":"#4"},"down":{"uv":[0,0,0.6,0.6],"texture":"#4"}}},{"name":"Cube","from":[6.8,5.4,5.4],"to":[11,6,5.7],"faces":{"north":{"uv":[5,7,9,7.3],"texture":"#3"},"east":{"uv":[3,3,7.6,3.3],"texture":"#3"},"south":{"uv":[3,3,7,3.3],"texture":"#3"},"west":{"uv":[3,7,7.6,7.3],"texture":"#3"},"up":{"uv":[5,4,8,10.6],"texture":"#3"},"down":{"uv":[4,2,8,6.6],"texture":"#3"}}},{"name":"Cube","from":[7.5,6,5.4],"to":[8.1,6.5,5.7],"faces":{"north":{"uv":[5,7,9,7.3],"texture":"#3"},"east":{"uv":[3,3,7.6,3.3],"texture":"#3"},"south":{"uv":[3,3,7,3.3],"texture":"#3"},"west":{"uv":[3,7,7.6,7.3],"texture":"#3"},"up":{"uv":[5,4,8,10.6],"texture":"#3"},"down":{"uv":[4,2,8,6.6],"texture":"#3"}}},{"name":"Cube","from":[7.5,4.9,5.4],"to":[8.1,5.4,5.7],"faces":{"north":{"uv":[5,7,9,7.3],"texture":"#3"},"east":{"uv":[3,3,7.6,3.3],"texture":"#3"},"south":{"uv":[3,3,7,3.3],"texture":"#3"},"west":{"uv":[3,7,7.6,7.3],"texture":"#3"},"up":{"uv":[5,4,8,10.6],"texture":"#3"},"down":{"uv":[4,2,8,6.6],"texture":"#3"}}},{"name":"Cube","from":[9.7,4.9,5.4],"to":[10.3,5.4,5.7],"faces":{"north":{"uv":[5,7,9,7.3],"texture":"#3"},"east":{"uv":[3,3,7.6,3.3],"texture":"#3"},"south":{"uv":[3,3,7,3.3],"texture":"#3"},"west":{"uv":[3,7,7.6,7.3],"texture":"#3"},"up":{"uv":[5,4,8,10.6],"texture":"#3"},"down":{"uv":[4,2,8,6.6],"texture":"#3"}}},{"name":"Cube","from":[9.7,6,5.4],"to":[10.3,6.5,5.7],"faces":{"north":{"uv":[5,7,9,7.3],"texture":"#3"},"east":{"uv":[3,3,7.6,3.3],"texture":"#3"},"south":{"uv":[3,3,7,3.3],"texture":"#3"},"west":{"uv":[3,7,7.6,7.3],"texture":"#3"},"up":{"uv":[5,4,8,10.6],"texture":"#3"},"down":{"uv":[4,2,8,6.6],"texture":"#3"}}},{"name":"Cube","from":[8.6,5.6,4.5],"to":[9.2,8.1,4.8],"rotation":{"angle":-45,"axis":"x","origin":[8,8,8]},"faces":{"north":{"uv":[5,7,9,7.3],"texture":"#4"},"east":{"uv":[3,3,7.6,3.3],"texture":"#4"},"south":{"uv":[3,3,7,3.3],"texture":"#4"},"west":{"uv":[3,7,7.6,7.3],"texture":"#4"},"up":{"uv":[5,4,8,10.6],"texture":"#4"},"down":{"uv":[4,2,8,6.6],"texture":"#4"}}}],"display":{"gui":{"rotation":[30,45,0],"translation":[-0.5,2,0],"scale":[0.6,0.6,0.6]},"head":{"rotation":[0,180,0],"translation":[3,17,-20],"scale":[3,3,3]}},"credit":"Model by Craftventure"}