{"textures":{"5":"block/cauldron_inner","6":"block/dark_oak_planks","7":"block/brown_terracotta","9":"block/cauldron_side","10":"block/brown_concrete","11":"block/gray_concrete","12":"block/slime_block","13":"block/lime_concrete_powder","particle":"block/cauldron_side"},"elements":[{"name":"Cube","from":[3.6,2.5,2.4],"to":[14.4,3.5,11.4],"faces":{"north":{"uv":[0,0,8.8,1],"texture":"#5"},"east":{"uv":[0,0,1,1],"texture":"#5"},"south":{"uv":[0,0,8.8,1],"texture":"#5"},"west":{"uv":[0,0,1,1],"texture":"#5"},"up":{"uv":[0,0,8.8,1],"texture":"#5"},"down":{"uv":[0,0,8.8,1],"texture":"#5"}}},{"name":"Cube","from":[1.6,1.5,11.4],"to":[16.4,2.5,12.4],"faces":{"north":{"uv":[0,0,8.8,1],"texture":"#5"},"east":{"uv":[0,0,1,1],"texture":"#5"},"south":{"uv":[0,0,8.8,1],"texture":"#5"},"west":{"uv":[0,0,1,1],"texture":"#5"},"up":{"uv":[0,0,8.8,1],"texture":"#5"},"down":{"uv":[0,0,8.8,1],"texture":"#5"}}},{"name":"Cube","from":[1.6,1.5,1.9],"to":[16.4,2.5,2.9],"faces":{"north":{"uv":[0,0,8.8,1],"texture":"#5"},"east":{"uv":[0,0,1,1],"texture":"#5"},"south":{"uv":[0,0,8.8,1],"texture":"#5"},"west":{"uv":[0,0,1,1],"texture":"#5"},"up":{"uv":[0,0,8.8,1],"texture":"#5"},"down":{"uv":[0,0,8.8,1],"texture":"#5"}}},{"name":"Cube","from":[1,1.8,10],"to":[1.4,2.2,13.7],"faces":{"north":{"uv":[1,1,3,6],"texture":"#6"},"east":{"uv":[1,1,5,5],"texture":"#6"},"south":{"uv":[0,0,0.8,4],"texture":"#6"},"west":{"uv":[1,1,14,4],"texture":"#6"},"up":{"uv":[0,0,0.8,4],"texture":"#6"},"down":{"uv":[0,0,0.8,4],"texture":"#6"}}},{"name":"Cube","from":[0.8,3.7,10.8],"to":[1.6,4.35,12.8],"faces":{"north":{"uv":[7,7,8,8],"texture":"#7"},"east":{"uv":[7,7,8,8],"texture":"#7"},"south":{"uv":[7,6,7.8,7],"texture":"#7"},"west":{"uv":[7,7,8,8],"texture":"#7"},"up":{"uv":[7,7,7.8,8],"texture":"#7"},"down":{"uv":[7,6,7.8,7],"texture":"#7"}}},{"name":"Cube","from":[0.8,0.54,2.8],"to":[1.6,1.19,4.8],"rotation":{"angle":-45,"axis":"x","origin":[5,10,4]},"faces":{"north":{"uv":[7,7,8,8],"texture":"#7"},"east":{"uv":[7,7,8,8],"texture":"#7"},"south":{"uv":[7,6,7.8,7],"texture":"#7"},"west":{"uv":[7,7,8,8],"texture":"#7"},"up":{"uv":[7,7,7.8,8],"texture":"#7"},"down":{"uv":[7,6,7.8,7],"texture":"#7"}}},{"name":"Cube","from":[0.8,0.98,9.39],"to":[1.6,2.93,10.09],"faces":{"north":{"uv":[7,7,8,8],"texture":"#7"},"east":{"uv":[7,7,8,8],"texture":"#7"},"south":{"uv":[7,6,7.8,7],"texture":"#7"},"west":{"uv":[7,7,8,8],"texture":"#7"},"up":{"uv":[7,7,7.8,8],"texture":"#7"},"down":{"uv":[7,6,7.8,7],"texture":"#7"}}},{"name":"Cube","from":[0.8,7.44,14.2],"to":[1.6,8.09,16.2],"rotation":{"angle":45,"axis":"x","origin":[5,10,4]},"faces":{"north":{"uv":[7,7,8,8],"texture":"#7"},"east":{"uv":[7,7,8,8],"texture":"#7"},"south":{"uv":[7,6,7.8,7],"texture":"#7"},"west":{"uv":[7,7,8,8],"texture":"#7"},"up":{"uv":[7,7,7.8,8],"texture":"#7"},"down":{"uv":[7,6,7.8,7],"texture":"#7"}}},{"name":"Cube","from":[0.8,-0.43,10.8],"to":[1.6,0.22,12.8],"faces":{"north":{"uv":[7,7,8,8],"texture":"#7"},"east":{"uv":[7,7,8,8],"texture":"#7"},"south":{"uv":[7,6,7.8,7],"texture":"#7"},"west":{"uv":[7,7,8,8],"texture":"#7"},"up":{"uv":[7,7,7.8,8],"texture":"#7"},"down":{"uv":[7,6,7.8,7],"texture":"#7"}}},{"name":"Cube","from":[0.8,-3.61,2.85],"to":[1.6,-2.96,4.85],"rotation":{"angle":-45,"axis":"x","origin":[5,10,4]},"faces":{"north":{"uv":[7,7,8,8],"texture":"#7"},"east":{"uv":[7,7,8,8],"texture":"#7"},"south":{"uv":[7,6,7.8,7],"texture":"#7"},"west":{"uv":[7,7,8,8],"texture":"#7"},"up":{"uv":[7,7,7.8,8],"texture":"#7"},"down":{"uv":[7,6,7.8,7],"texture":"#7"}}},{"name":"Cube","from":[0.8,0.98,13.55],"to":[1.6,2.93,14.25],"faces":{"north":{"uv":[7,7,8,8],"texture":"#7"},"east":{"uv":[7,7,8,8],"texture":"#7"},"south":{"uv":[7,6,7.8,7],"texture":"#7"},"west":{"uv":[7,7,8,8],"texture":"#7"},"up":{"uv":[7,7,7.8,8],"texture":"#7"},"down":{"uv":[7,6,7.8,7],"texture":"#7"}}},{"name":"Cube","from":[0.8,11.59,14.22],"to":[1.6,12.24,16.22],"rotation":{"angle":45,"axis":"x","origin":[5,10,4]},"faces":{"north":{"uv":[7,7,8,8],"texture":"#7"},"east":{"uv":[7,7,8,8],"texture":"#7"},"south":{"uv":[7,6,7.8,7],"texture":"#7"},"west":{"uv":[7,7,8,8],"texture":"#7"},"up":{"uv":[7,7,7.8,8],"texture":"#7"},"down":{"uv":[7,6,7.8,7],"texture":"#7"}}},{"name":"Cube","from":[16.3,3.7,10.8],"to":[17.1,4.35,12.8],"faces":{"north":{"uv":[7,7,8,8],"texture":"#7"},"east":{"uv":[7,7,8,8],"texture":"#7"},"south":{"uv":[7,6,7.8,7],"texture":"#7"},"west":{"uv":[7,7,8,8],"texture":"#7"},"up":{"uv":[7,7,7.8,8],"texture":"#7"},"down":{"uv":[7,6,7.8,7],"texture":"#7"}}},{"name":"Cube","from":[16.3,11.59,14.22],"to":[17.1,12.24,16.22],"rotation":{"angle":45,"axis":"x","origin":[11,10,4]},"faces":{"north":{"uv":[7,7,8,8],"texture":"#7"},"east":{"uv":[7,7,8,8],"texture":"#7"},"south":{"uv":[7,6,7.8,7],"texture":"#7"},"west":{"uv":[7,7,8,8],"texture":"#7"},"up":{"uv":[7,7,7.8,8],"texture":"#7"},"down":{"uv":[7,6,7.8,7],"texture":"#7"}}},{"name":"Cube","from":[16.3,0.98,13.55],"to":[17.1,2.93,14.25],"faces":{"north":{"uv":[7,7,8,8],"texture":"#7"},"east":{"uv":[7,7,8,8],"texture":"#7"},"south":{"uv":[7,6,7.8,7],"texture":"#7"},"west":{"uv":[7,7,8,8],"texture":"#7"},"up":{"uv":[7,7,7.8,8],"texture":"#7"},"down":{"uv":[7,6,7.8,7],"texture":"#7"}}},{"name":"Cube","from":[16.3,-3.61,2.85],"to":[17.1,-2.96,4.85],"rotation":{"angle":-45,"axis":"x","origin":[11,10,4]},"faces":{"north":{"uv":[7,7,8,8],"texture":"#7"},"east":{"uv":[7,7,8,8],"texture":"#7"},"south":{"uv":[7,6,7.8,7],"texture":"#7"},"west":{"uv":[7,7,8,8],"texture":"#7"},"up":{"uv":[7,7,7.8,8],"texture":"#7"},"down":{"uv":[7,6,7.8,7],"texture":"#7"}}},{"name":"Cube","from":[16.3,-0.43,10.8],"to":[17.1,0.22,12.8],"faces":{"north":{"uv":[7,7,8,8],"texture":"#7"},"east":{"uv":[7,7,8,8],"texture":"#7"},"south":{"uv":[7,6,7.8,7],"texture":"#7"},"west":{"uv":[7,7,8,8],"texture":"#7"},"up":{"uv":[7,7,7.8,8],"texture":"#7"},"down":{"uv":[7,6,7.8,7],"texture":"#7"}}},{"name":"Cube","from":[16.3,7.44,14.2],"to":[17.1,8.09,16.2],"rotation":{"angle":45,"axis":"x","origin":[11,10,4]},"faces":{"north":{"uv":[7,7,8,8],"texture":"#7"},"east":{"uv":[7,7,8,8],"texture":"#7"},"south":{"uv":[7,6,7.8,7],"texture":"#7"},"west":{"uv":[7,7,8,8],"texture":"#7"},"up":{"uv":[7,7,7.8,8],"texture":"#7"},"down":{"uv":[7,6,7.8,7],"texture":"#7"}}},{"name":"Cube","from":[16.3,0.98,9.39],"to":[17.1,2.93,10.09],"faces":{"north":{"uv":[7,7,8,8],"texture":"#7"},"east":{"uv":[7,7,8,8],"texture":"#7"},"south":{"uv":[7,6,7.8,7],"texture":"#7"},"west":{"uv":[7,7,8,8],"texture":"#7"},"up":{"uv":[7,7,7.8,8],"texture":"#7"},"down":{"uv":[7,6,7.8,7],"texture":"#7"}}},{"name":"Cube","from":[16.3,0.54,2.8],"to":[17.1,1.19,4.8],"rotation":{"angle":-45,"axis":"x","origin":[11,10,4]},"faces":{"north":{"uv":[7,7,8,8],"texture":"#7"},"east":{"uv":[7,7,8,8],"texture":"#7"},"south":{"uv":[7,6,7.8,7],"texture":"#7"},"west":{"uv":[7,7,8,8],"texture":"#7"},"up":{"uv":[7,7,7.8,8],"texture":"#7"},"down":{"uv":[7,6,7.8,7],"texture":"#7"}}},{"name":"Cube","from":[1,-1.4,2],"to":[1.4,-1,5.7],"rotation":{"angle":-45,"axis":"x","origin":[5,10,4]},"faces":{"north":{"uv":[1,1,3,6],"texture":"#6"},"east":{"uv":[1,1,5,5],"texture":"#6"},"south":{"uv":[0,0,0.8,4],"texture":"#6"},"west":{"uv":[1,1,14,4],"texture":"#6"},"up":{"uv":[0,0,0.8,4],"texture":"#6"},"down":{"uv":[0,0,0.8,4],"texture":"#6"}}},{"name":"Cube","from":[1,9.6,13.4],"to":[1.4,10,17.1],"rotation":{"angle":45,"axis":"x","origin":[5,10,4]},"faces":{"north":{"uv":[1,1,3,6],"texture":"#6"},"east":{"uv":[1,1,5,5],"texture":"#6"},"south":{"uv":[0,0,0.8,4],"texture":"#6"},"west":{"uv":[1,1,14,4],"texture":"#6"},"up":{"uv":[0,0,0.8,4],"texture":"#6"},"down":{"uv":[0,0,0.8,4],"texture":"#6"}}},{"name":"Cube","from":[1,0.1,11.6],"to":[1.4,3.8,12],"faces":{"north":{"uv":[1,1,3,6],"texture":"#6"},"east":{"uv":[1,1,3,14],"texture":"#6"},"south":{"uv":[0,0,0.8,4],"texture":"#6"},"west":{"uv":[1,1,4,14],"texture":"#6"},"up":{"uv":[0,0,0.8,4],"texture":"#6"},"down":{"uv":[0,0,0.8,4],"texture":"#6"}}},{"name":"Cube","from":[16.5,1.8,10],"to":[16.9,2.2,13.7],"faces":{"north":{"uv":[1,1,3,6],"texture":"#6"},"east":{"uv":[1,1,5,5],"texture":"#6"},"south":{"uv":[0,0,0.8,4],"texture":"#6"},"west":{"uv":[1,1,14,4],"texture":"#6"},"up":{"uv":[0,0,0.8,4],"texture":"#6"},"down":{"uv":[0,0,0.8,4],"texture":"#6"}}},{"name":"Cube","from":[16.5,-1.4,2],"to":[16.9,-1,5.7],"rotation":{"angle":-45,"axis":"x","origin":[11,10,4]},"faces":{"north":{"uv":[1,1,3,6],"texture":"#6"},"east":{"uv":[1,1,5,5],"texture":"#6"},"south":{"uv":[0,0,0.8,4],"texture":"#6"},"west":{"uv":[1,1,14,4],"texture":"#6"},"up":{"uv":[0,0,0.8,4],"texture":"#6"},"down":{"uv":[0,0,0.8,4],"texture":"#6"}}},{"name":"Cube","from":[16.5,9.6,13.4],"to":[16.9,10,17.1],"rotation":{"angle":45,"axis":"x","origin":[11,10,4]},"faces":{"north":{"uv":[1,1,3,6],"texture":"#6"},"east":{"uv":[1,1,5,5],"texture":"#6"},"south":{"uv":[0,0,0.8,4],"texture":"#6"},"west":{"uv":[1,1,14,4],"texture":"#6"},"up":{"uv":[0,0,0.8,4],"texture":"#6"},"down":{"uv":[0,0,0.8,4],"texture":"#6"}}},{"name":"Cube","from":[16.5,0.1,11.6],"to":[16.9,3.8,12],"faces":{"north":{"uv":[1,1,3,6],"texture":"#6"},"east":{"uv":[1,1,3,14],"texture":"#6"},"south":{"uv":[0,0,0.8,4],"texture":"#6"},"west":{"uv":[1,1,4,14],"texture":"#6"},"up":{"uv":[0,0,0.8,4],"texture":"#6"},"down":{"uv":[0,0,0.8,4],"texture":"#6"}}},{"name":"Cube","from":[16.3,0.98,4.09],"to":[17.1,2.93,4.79],"faces":{"north":{"uv":[7,7,8,8],"texture":"#7"},"east":{"uv":[7,7,8,8],"texture":"#7"},"south":{"uv":[7,6,7.8,7],"texture":"#7"},"west":{"uv":[7,7,8,8],"texture":"#7"},"up":{"uv":[7,7,7.8,8],"texture":"#7"},"down":{"uv":[7,6,7.8,7],"texture":"#7"}}},{"name":"Cube","from":[16.3,10.08,1.19],"to":[17.1,12.03,1.89],"rotation":{"angle":-45,"axis":"x","origin":[11,10,12]},"faces":{"north":{"uv":[7,7,8,8],"texture":"#7"},"east":{"uv":[7,7,8,8],"texture":"#7"},"south":{"uv":[7,6,7.8,7],"texture":"#7"},"west":{"uv":[7,7,8,8],"texture":"#7"},"up":{"uv":[7,7,7.8,8],"texture":"#7"},"down":{"uv":[7,6,7.8,7],"texture":"#7"}}},{"name":"Cube","from":[16.3,3.65,1.4],"to":[17.1,4.3,3.4],"faces":{"north":{"uv":[7,7,8,8],"texture":"#7"},"east":{"uv":[7,7,8,8],"texture":"#7"},"south":{"uv":[7,6,7.8,7],"texture":"#7"},"west":{"uv":[7,7,8,8],"texture":"#7"},"up":{"uv":[7,7,7.8,8],"texture":"#7"},"down":{"uv":[7,6,7.8,7],"texture":"#7"}}},{"name":"Cube","from":[16.3,-3.47,8.54],"to":[17.1,-1.52,9.24],"rotation":{"angle":45,"axis":"x","origin":[11,10,12]},"faces":{"north":{"uv":[7,7,8,8],"texture":"#7"},"east":{"uv":[7,7,8,8],"texture":"#7"},"south":{"uv":[7,6,7.8,7],"texture":"#7"},"west":{"uv":[7,7,8,8],"texture":"#7"},"up":{"uv":[7,7,7.8,8],"texture":"#7"},"down":{"uv":[7,6,7.8,7],"texture":"#7"}}},{"name":"Cube","from":[16.3,0.95,0.03],"to":[17.1,2.9,0.73],"faces":{"north":{"uv":[7,7,8,8],"texture":"#7"},"east":{"uv":[7,7,8,8],"texture":"#7"},"south":{"uv":[7,6,7.8,7],"texture":"#7"},"west":{"uv":[7,7,8,8],"texture":"#7"},"up":{"uv":[7,7,7.8,8],"texture":"#7"},"down":{"uv":[7,6,7.8,7],"texture":"#7"}}},{"name":"Cube","from":[16.3,-3.44,12.6],"to":[17.1,-1.49,13.3],"rotation":{"angle":45,"axis":"x","origin":[11,10,12]},"faces":{"north":{"uv":[7,7,8,8],"texture":"#7"},"east":{"uv":[7,7,8,8],"texture":"#7"},"south":{"uv":[7,6,7.8,7],"texture":"#7"},"west":{"uv":[7,7,8,8],"texture":"#7"},"up":{"uv":[7,7,7.8,8],"texture":"#7"},"down":{"uv":[7,6,7.8,7],"texture":"#7"}}},{"name":"Cube","from":[16.3,-0.45,1.4],"to":[17.1,0.2,3.4],"faces":{"north":{"uv":[7,7,8,8],"texture":"#7"},"east":{"uv":[7,7,8,8],"texture":"#7"},"south":{"uv":[7,6,7.8,7],"texture":"#7"},"west":{"uv":[7,7,8,8],"texture":"#7"},"up":{"uv":[7,7,7.8,8],"texture":"#7"},"down":{"uv":[7,6,7.8,7],"texture":"#7"}}},{"name":"Cube","from":[16.3,10.1,-2.88],"to":[17.1,12.05,-2.18],"rotation":{"angle":-45,"axis":"x","origin":[11,10,12]},"faces":{"north":{"uv":[7,7,8,8],"texture":"#7"},"east":{"uv":[7,7,8,8],"texture":"#7"},"south":{"uv":[7,6,7.8,7],"texture":"#7"},"west":{"uv":[7,7,8,8],"texture":"#7"},"up":{"uv":[7,7,7.8,8],"texture":"#7"},"down":{"uv":[7,6,7.8,7],"texture":"#7"}}},{"name":"Cube","from":[16.5,1.8,0.6],"to":[16.9,2.2,4.3],"faces":{"north":{"uv":[1,1,3,6],"texture":"#6"},"east":{"uv":[1,1,5,5],"texture":"#6"},"south":{"uv":[0,0,0.8,4],"texture":"#6"},"west":{"uv":[1,1,14,4],"texture":"#6"},"up":{"uv":[0,0,0.8,4],"texture":"#6"},"down":{"uv":[0,0,0.8,4],"texture":"#6"}}},{"name":"Cube","from":[16.5,-2.7,8.9],"to":[16.9,-2.3,12.6],"rotation":{"angle":45,"axis":"x","origin":[11,10,12]},"faces":{"north":{"uv":[1,1,3,6],"texture":"#6"},"east":{"uv":[1,1,5,5],"texture":"#6"},"south":{"uv":[0,0,0.8,4],"texture":"#6"},"west":{"uv":[1,1,14,4],"texture":"#6"},"up":{"uv":[0,0,0.8,4],"texture":"#6"},"down":{"uv":[0,0,0.8,4],"texture":"#6"}}},{"name":"Cube","from":[16.5,10.9,-2.2],"to":[16.9,11.3,1.7],"rotation":{"angle":-45,"axis":"x","origin":[11,10,12]},"faces":{"north":{"uv":[1,1,3,6],"texture":"#6"},"east":{"uv":[1,1,5,5],"texture":"#6"},"south":{"uv":[0,0,0.8,4],"texture":"#6"},"west":{"uv":[1,1,14,4],"texture":"#6"},"up":{"uv":[0,0,0.8,4],"texture":"#6"},"down":{"uv":[0,0,0.8,4],"texture":"#6"}}},{"name":"Cube","from":[16.5,0,2.2],"to":[16.9,3.7,2.6],"faces":{"north":{"uv":[1,1,3,6],"texture":"#6"},"east":{"uv":[1,1,5,5],"texture":"#6"},"south":{"uv":[0,0,0.8,4],"texture":"#6"},"west":{"uv":[1,1,14,4],"texture":"#6"},"up":{"uv":[0,0,0.8,4],"texture":"#6"},"down":{"uv":[0,0,0.8,4],"texture":"#6"}}},{"name":"Cube","from":[0.8,-0.45,1.4],"to":[1.6,0.2,3.4],"faces":{"north":{"uv":[7,7,8,8],"texture":"#7"},"east":{"uv":[7,7,8,8],"texture":"#7"},"south":{"uv":[7,6,7.8,7],"texture":"#7"},"west":{"uv":[7,7,8,8],"texture":"#7"},"up":{"uv":[7,7,7.8,8],"texture":"#7"},"down":{"uv":[7,6,7.8,7],"texture":"#7"}}},{"name":"Cube","from":[0.8,0.95,0.03],"to":[1.6,2.9,0.73],"faces":{"north":{"uv":[7,7,8,8],"texture":"#7"},"east":{"uv":[7,7,8,8],"texture":"#7"},"south":{"uv":[7,6,7.8,7],"texture":"#7"},"west":{"uv":[7,7,8,8],"texture":"#7"},"up":{"uv":[7,7,7.8,8],"texture":"#7"},"down":{"uv":[7,6,7.8,7],"texture":"#7"}}},{"name":"Cube","from":[0.8,10.1,-2.88],"to":[1.6,12.05,-2.18],"rotation":{"angle":-45,"axis":"x","origin":[5,10,12]},"faces":{"north":{"uv":[7,7,8,8],"texture":"#7"},"east":{"uv":[7,7,8,8],"texture":"#7"},"south":{"uv":[7,6,7.8,7],"texture":"#7"},"west":{"uv":[7,7,8,8],"texture":"#7"},"up":{"uv":[7,7,7.8,8],"texture":"#7"},"down":{"uv":[7,6,7.8,7],"texture":"#7"}}},{"name":"Cube","from":[0.8,-3.44,12.6],"to":[1.6,-1.49,13.3],"rotation":{"angle":45,"axis":"x","origin":[5,10,12]},"faces":{"north":{"uv":[7,7,8,8],"texture":"#7"},"east":{"uv":[7,7,8,8],"texture":"#7"},"south":{"uv":[7,6,7.8,7],"texture":"#7"},"west":{"uv":[7,7,8,8],"texture":"#7"},"up":{"uv":[7,7,7.8,8],"texture":"#7"},"down":{"uv":[7,6,7.8,7],"texture":"#7"}}},{"name":"Cube","from":[0.8,0.98,4.09],"to":[1.6,2.93,4.79],"faces":{"north":{"uv":[7,7,8,8],"texture":"#7"},"east":{"uv":[7,7,8,8],"texture":"#7"},"south":{"uv":[7,6,7.8,7],"texture":"#7"},"west":{"uv":[7,7,8,8],"texture":"#7"},"up":{"uv":[7,7,7.8,8],"texture":"#7"},"down":{"uv":[7,6,7.8,7],"texture":"#7"}}},{"name":"Cube","from":[0.8,10.08,1.19],"to":[1.6,12.03,1.89],"rotation":{"angle":-45,"axis":"x","origin":[5,10,12]},"faces":{"north":{"uv":[7,7,8,8],"texture":"#7"},"east":{"uv":[7,7,8,8],"texture":"#7"},"south":{"uv":[7,6,7.8,7],"texture":"#7"},"west":{"uv":[7,7,8,8],"texture":"#7"},"up":{"uv":[7,7,7.8,8],"texture":"#7"},"down":{"uv":[7,6,7.8,7],"texture":"#7"}}},{"name":"Cube","from":[0.8,3.65,1.4],"to":[1.6,4.3,3.4],"faces":{"north":{"uv":[7,7,8,8],"texture":"#7"},"east":{"uv":[7,7,8,8],"texture":"#7"},"south":{"uv":[7,6,7.8,7],"texture":"#7"},"west":{"uv":[7,7,8,8],"texture":"#7"},"up":{"uv":[7,7,7.8,8],"texture":"#7"},"down":{"uv":[7,6,7.8,7],"texture":"#7"}}},{"name":"Cube","from":[0.8,-3.47,8.54],"to":[1.6,-1.52,9.24],"rotation":{"angle":45,"axis":"x","origin":[5,10,12]},"faces":{"north":{"uv":[7,7,8,8],"texture":"#7"},"east":{"uv":[7,7,8,8],"texture":"#7"},"south":{"uv":[7,6,7.8,7],"texture":"#7"},"west":{"uv":[7,7,8,8],"texture":"#7"},"up":{"uv":[7,7,7.8,8],"texture":"#7"},"down":{"uv":[7,6,7.8,7],"texture":"#7"}}},{"name":"Cube","from":[1,0,2.2],"to":[1.4,3.7,2.6],"faces":{"north":{"uv":[1,1,3,6],"texture":"#6"},"east":{"uv":[1,1,5,5],"texture":"#6"},"south":{"uv":[0,0,0.8,4],"texture":"#6"},"west":{"uv":[1,1,14,4],"texture":"#6"},"up":{"uv":[0,0,0.8,4],"texture":"#6"},"down":{"uv":[0,0,0.8,4],"texture":"#6"}}},{"name":"Cube","from":[1,1.8,0.6],"to":[1.4,2.2,4.3],"faces":{"north":{"uv":[1,1,3,6],"texture":"#6"},"east":{"uv":[1,1,5,5],"texture":"#6"},"south":{"uv":[0,0,0.8,4],"texture":"#6"},"west":{"uv":[1,1,14,4],"texture":"#6"},"up":{"uv":[0,0,0.8,4],"texture":"#6"},"down":{"uv":[0,0,0.8,4],"texture":"#6"}}},{"name":"Cube","from":[1,-2.7,8.9],"to":[1.4,-2.3,12.6],"rotation":{"angle":45,"axis":"x","origin":[5,10,12]},"faces":{"north":{"uv":[1,1,3,6],"texture":"#6"},"east":{"uv":[1,1,5,5],"texture":"#6"},"south":{"uv":[0,0,0.8,4],"texture":"#6"},"west":{"uv":[1,1,14,4],"texture":"#6"},"up":{"uv":[0,0,0.8,4],"texture":"#6"},"down":{"uv":[0,0,0.8,4],"texture":"#6"}}},{"name":"Cube","from":[1,10.9,-2.2],"to":[1.4,11.3,1.7],"rotation":{"angle":-45,"axis":"x","origin":[5,10,12]},"faces":{"north":{"uv":[1,1,3,6],"texture":"#6"},"east":{"uv":[1,1,5,5],"texture":"#6"},"south":{"uv":[0,0,0.8,4],"texture":"#6"},"west":{"uv":[1,1,14,4],"texture":"#6"},"up":{"uv":[0,0,0.8,4],"texture":"#6"},"down":{"uv":[0,0,0.8,4],"texture":"#6"}}},{"name":"cauldron","from":[2,3,3],"to":[3,10,11],"rotation":{"angle":0,"axis":"y","origin":[8,6.5,12.5]},"faces":{"north":{"uv":[3,0,4,7],"texture":"#9"},"east":{"uv":[3,0,11,7],"texture":"#9"},"south":{"uv":[3,0,4,7],"texture":"#9"},"west":{"uv":[3,0,11,7],"texture":"#9"},"up":{"uv":[2,0,3,8],"texture":"#9"},"down":{"uv":[3,6,4,14],"texture":"#9"}}},{"name":"cauldron dia","from":[0.66053,3,3.1731],"to":[1.66053,10,7.4731],"rotation":{"angle":-45,"axis":"y","origin":[6.66053,6.5,6.82475]},"faces":{"north":{"uv":[3,0,4,7],"texture":"#9"},"east":{"uv":[3,0,7.3,7],"texture":"#9"},"south":{"uv":[3,0,4,7],"texture":"#9"},"west":{"uv":[3,0,7.3,7],"texture":"#9"},"up":{"uv":[2,0,3,4.3],"texture":"#9"},"down":{"uv":[3,6,4,10.3],"texture":"#9"}}},{"name":"cauldron dia","from":[2.82475,3,5.68782],"to":[3.82475,10,9.98782],"rotation":{"angle":45,"axis":"y","origin":[8.82475,6.5,9.33947]},"faces":{"north":{"uv":[3,0,4,7],"texture":"#9"},"east":{"uv":[3,0,7.3,7],"texture":"#9"},"south":{"uv":[3,0,4,7],"texture":"#9"},"west":{"uv":[3,0,7.3,7],"texture":"#9"},"up":{"uv":[2,0,3,4.3],"texture":"#9"},"down":{"uv":[3,6,4,10.3],"texture":"#9"}}},{"name":"cauldron dia","from":[13.07708,3,-4.64564],"to":[14.07708,10,-0.34564],"rotation":{"angle":45,"axis":"y","origin":[19.07708,6.5,-0.99399]},"faces":{"north":{"uv":[3,0,4,7],"texture":"#9"},"east":{"uv":[3,0,7.3,7],"texture":"#9"},"south":{"uv":[3,0,4,7],"texture":"#9"},"west":{"uv":[3,0,7.3,7],"texture":"#9"},"up":{"uv":[2,0,3,4.3],"texture":"#9"},"down":{"uv":[3,6,4,10.3],"texture":"#9"}}},{"name":"cauldron dia","from":[10.99399,3,13.42543],"to":[11.99399,10,17.72543],"rotation":{"angle":-45,"axis":"y","origin":[16.99399,6.5,17.07708]},"faces":{"north":{"uv":[3,0,4,7],"texture":"#9"},"east":{"uv":[3,0,7.3,7],"texture":"#9"},"south":{"uv":[3,0,4,7],"texture":"#9"},"west":{"uv":[3,0,7.3,7],"texture":"#9"},"up":{"uv":[2,0,3,4.3],"texture":"#9"},"down":{"uv":[3,6,4,10.3],"texture":"#9"}}},{"name":"cauldron","from":[3,10,3],"to":[4,12,11],"rotation":{"angle":0,"axis":"y","origin":[9,13.5,12.5]},"faces":{"north":{"uv":[3,0,4,2],"texture":"#9"},"east":{"uv":[3,0,11,2],"texture":"#9"},"south":{"uv":[3,0,4,2],"texture":"#9"},"west":{"uv":[3,0,11,2],"texture":"#9"},"up":{"uv":[2,0,3,8],"texture":"#9"},"down":{"uv":[3,6,4,14],"texture":"#9"}}},{"name":"cauldron","from":[14,10,3],"to":[15,12,11],"rotation":{"angle":0,"axis":"y","origin":[20,13.5,12.5]},"faces":{"north":{"uv":[3,0,4,2],"texture":"#9"},"east":{"uv":[3,0,11,2],"texture":"#9"},"south":{"uv":[3,0,4,2],"texture":"#9"},"west":{"uv":[3,0,11,2],"texture":"#9"},"up":{"uv":[2,0,3,8],"texture":"#9"},"down":{"uv":[3,6,4,14],"texture":"#9"}}},{"name":"cauldron","from":[15,3,3],"to":[16,10,11],"rotation":{"angle":0,"axis":"y","origin":[21,6.5,12.5]},"faces":{"north":{"uv":[3,0,4,7],"texture":"#9"},"east":{"uv":[3,0,11,7],"texture":"#9"},"south":{"uv":[3,0,4,7],"texture":"#9"},"west":{"uv":[3,0,11,7],"texture":"#9"},"up":{"uv":[2,0,3,8],"texture":"#9"},"down":{"uv":[3,6,4,14],"texture":"#9"}}},{"name":"cauldron","from":[15,3,3],"to":[16,10,11],"rotation":{"angle":0,"axis":"y","origin":[21,6.5,12.5]},"faces":{"north":{"uv":[3,0,4,7],"texture":"#9"},"east":{"uv":[3,0,11,7],"texture":"#9"},"south":{"uv":[3,0,4,7],"texture":"#9"},"west":{"uv":[3,0,11,7],"texture":"#9"},"up":{"uv":[2,0,3,8],"texture":"#9"},"down":{"uv":[3,6,4,14],"texture":"#9"}}},{"name":"cauldron","from":[5,3,13],"to":[13,10,14],"faces":{"north":{"uv":[3,0,11,7],"texture":"#9"},"east":{"uv":[7,0,8,7],"texture":"#9"},"south":{"uv":[3,0,11,7],"texture":"#9"},"west":{"uv":[4,0,5,7],"texture":"#9"},"up":{"uv":[2,0,10,1],"texture":"#9"},"down":{"uv":[3,8,11,9],"texture":"#9"}}},{"name":"cauldron","from":[5,3,0],"to":[13,10,1],"faces":{"north":{"uv":[3,0,11,7],"texture":"#9"},"east":{"uv":[7,0,8,7],"texture":"#9"},"south":{"uv":[3,0,11,7],"texture":"#9"},"west":{"uv":[4,0,5,7],"texture":"#9"},"up":{"uv":[2,0,10,1],"texture":"#9"},"down":{"uv":[3,8,11,9],"texture":"#9"}}},{"name":"cauldron","from":[5,10,1],"to":[13,12,2],"faces":{"north":{"uv":[3,0,11,2],"texture":"#9"},"east":{"uv":[7,0,8,2],"texture":"#9"},"south":{"uv":[3,0,11,2],"texture":"#9"},"west":{"uv":[4,0,5,2],"texture":"#9"},"up":{"uv":[2,0,10,1],"texture":"#9"},"down":{"uv":[3,8,11,9],"texture":"#9"}}},{"name":"cauldron","from":[5,10,12],"to":[13,12,13],"faces":{"north":{"uv":[3,0,11,2],"texture":"#9"},"east":{"uv":[7,0,8,2],"texture":"#9"},"south":{"uv":[3,0,11,2],"texture":"#9"},"west":{"uv":[4,0,5,2],"texture":"#9"},"up":{"uv":[2,0,10,1],"texture":"#9"},"down":{"uv":[3,8,11,9],"texture":"#9"}}},{"name":"cauldron dia","from":[9.95343,10,13.46599],"to":[10.95343,12,16.36599],"rotation":{"angle":-45,"axis":"y","origin":[15.95343,8.5,17.11764]},"faces":{"north":{"uv":[3,0,4,2],"texture":"#9"},"east":{"uv":[0,0,2.9,2],"texture":"#9"},"south":{"uv":[3,0,4,2],"texture":"#9"},"west":{"uv":[0,0,2.9,2],"texture":"#9"},"up":{"uv":[2,0,3,2.9],"texture":"#9"},"down":{"uv":[3,0,4,2.9],"texture":"#9"}}},{"name":"cauldron dia","from":[0.66053,10,4.1731],"to":[1.66053,12,7.0731],"rotation":{"angle":-45,"axis":"y","origin":[6.66053,8.5,7.82475]},"faces":{"north":{"uv":[3,0,4,2],"texture":"#9"},"east":{"uv":[3,0,5.9,2],"texture":"#9"},"south":{"uv":[3,0,4,2],"texture":"#9"},"west":{"uv":[3,0,5.9,2],"texture":"#9"},"up":{"uv":[2,0,3,2.9],"texture":"#9"},"down":{"uv":[3,6,4,8.9],"texture":"#9"}}},{"name":"cauldron dia","from":[3.77414,10,5.63721],"to":[4.77414,12,8.53721],"rotation":{"angle":45,"axis":"y","origin":[9.77414,8.5,9.28886]},"faces":{"north":{"uv":[3,0,4,2],"texture":"#9"},"east":{"uv":[3,0,5.9,2],"texture":"#9"},"south":{"uv":[3,0,4,2],"texture":"#9"},"west":{"uv":[3,0,5.9,2],"texture":"#9"},"up":{"uv":[2,0,3,2.9],"texture":"#9"},"down":{"uv":[3,6,4,8.9],"texture":"#9"}}},{"name":"cauldron dia","from":[13.06703,10,-3.65569],"to":[14.06703,12,-0.75569],"rotation":{"angle":45,"axis":"y","origin":[19.06703,8.5,-0.00404]},"faces":{"north":{"uv":[3,0,4,2],"texture":"#9"},"east":{"uv":[3,0,5.9,2],"texture":"#9"},"south":{"uv":[3,0,4,2],"texture":"#9"},"west":{"uv":[3,0,5.9,2],"texture":"#9"},"up":{"uv":[2,0,3,2.9],"texture":"#9"},"down":{"uv":[3,6,4,8.9],"texture":"#9"}}},{"name":"cauldron","from":[14,2,3],"to":[15,3,11],"rotation":{"angle":0,"axis":"y","origin":[20,4.5,12.5]},"faces":{"north":{"uv":[3,0,4,1],"texture":"#9"},"east":{"uv":[3,0,11,1],"texture":"#9"},"south":{"uv":[3,0,4,1],"texture":"#9"},"west":{"uv":[3,0,11,1],"texture":"#9"},"up":{"uv":[2,0,3,8],"texture":"#9"},"down":{"uv":[3,6,4,14],"texture":"#9"}}},{"name":"cauldron dia","from":[13.06703,2,-3.65569],"to":[14.06703,3,-0.75569],"rotation":{"angle":45,"axis":"y","origin":[19.06703,-0.5,-0.00404]},"faces":{"north":{"uv":[3,0,4,1],"texture":"#9"},"east":{"uv":[3,0,5.9,1],"texture":"#9"},"south":{"uv":[3,0,4,1],"texture":"#9"},"west":{"uv":[3,0,5.9,1],"texture":"#9"},"up":{"uv":[2,0,3,2.9],"texture":"#9"},"down":{"uv":[3,6,4,8.9],"texture":"#9"}}},{"name":"cauldron","from":[5,2,1],"to":[13,3,2],"faces":{"north":{"uv":[3,0,11,1],"texture":"#9"},"east":{"uv":[7,0,8,1],"texture":"#9"},"south":{"uv":[3,0,11,1],"texture":"#9"},"west":{"uv":[4,0,5,1],"texture":"#9"},"up":{"uv":[2,0,10,1],"texture":"#9"},"down":{"uv":[3,8,11,9],"texture":"#9"}}},{"name":"cauldron dia","from":[0.66053,2,4.1731],"to":[1.66053,3,7.0731],"rotation":{"angle":-45,"axis":"y","origin":[6.66053,-0.5,7.82475]},"faces":{"north":{"uv":[3,0,4,1],"texture":"#9"},"east":{"uv":[3,0,5.9,1],"texture":"#9"},"south":{"uv":[3,0,4,1],"texture":"#9"},"west":{"uv":[3,0,5.9,1],"texture":"#9"},"up":{"uv":[2,0,3,2.9],"texture":"#9"},"down":{"uv":[3,6,4,8.9],"texture":"#9"}}},{"name":"cauldron","from":[3,2,3],"to":[4,3,11],"rotation":{"angle":0,"axis":"y","origin":[9,4.5,12.5]},"faces":{"north":{"uv":[3,0,4,1],"texture":"#9"},"east":{"uv":[3,0,11,1],"texture":"#9"},"south":{"uv":[3,0,4,1],"texture":"#9"},"west":{"uv":[3,0,11,1],"texture":"#9"},"up":{"uv":[2,0,3,8],"texture":"#9"},"down":{"uv":[3,6,4,14],"texture":"#9"}}},{"name":"cauldron dia","from":[3.77414,2,5.63721],"to":[4.77414,3,8.53721],"rotation":{"angle":45,"axis":"y","origin":[9.77414,-0.5,9.28886]},"faces":{"north":{"uv":[3,0,4,1],"texture":"#9"},"east":{"uv":[3,0,5.9,1],"texture":"#9"},"south":{"uv":[3,0,4,1],"texture":"#9"},"west":{"uv":[3,0,5.9,1],"texture":"#9"},"up":{"uv":[2,0,3,2.9],"texture":"#9"},"down":{"uv":[3,6,4,8.9],"texture":"#9"}}},{"name":"cauldron","from":[5,2,12],"to":[13,3,13],"faces":{"north":{"uv":[3,0,11,1],"texture":"#9"},"east":{"uv":[7,0,8,1],"texture":"#9"},"south":{"uv":[3,0,11,1],"texture":"#9"},"west":{"uv":[4,0,5,1],"texture":"#9"},"up":{"uv":[2,0,10,1],"texture":"#9"},"down":{"uv":[3,8,11,9],"texture":"#9"}}},{"name":"cauldron dia","from":[9.95343,2,13.46599],"to":[10.95343,3,16.36599],"rotation":{"angle":-45,"axis":"y","origin":[15.95343,-0.5,17.11764]},"faces":{"north":{"uv":[3,0,4,1],"texture":"#9"},"east":{"uv":[0,0,2.9,1],"texture":"#9"},"south":{"uv":[3,0,4,1],"texture":"#9"},"west":{"uv":[0,0,2.9,1],"texture":"#9"},"up":{"uv":[2,0,3,2.9],"texture":"#9"},"down":{"uv":[3,0,4,2.9],"texture":"#9"}}},{"name":"hendel","from":[16.25,5.75,8],"to":[16.75,7.75,8.5],"rotation":{"angle":22.5,"axis":"z","origin":[16.5,7,8.25]},"faces":{"north":{"uv":[3,3,3.5,4.5],"rotation":270,"texture":"#11"},"east":{"uv":[0,0,0.5,2],"rotation":90,"texture":"#11"},"south":{"uv":[0,0,0.5,1.5],"rotation":90,"texture":"#11"},"west":{"uv":[0,0,0.5,2],"rotation":90,"texture":"#11"},"up":{"uv":[0,0,1,0.5],"rotation":90,"texture":"#11"},"down":{"uv":[0,0,1,0.5],"rotation":90,"texture":"#11"}}},{"name":"hendel","from":[16,7.5,6],"to":[16.5,8,8],"rotation":{"angle":22.5,"axis":"z","origin":[16.25,7.75,6.25]},"faces":{"north":{"uv":[3,3,3.5,4.5],"rotation":270,"texture":"#11"},"east":{"uv":[0,0,0.5,2],"rotation":90,"texture":"#11"},"south":{"uv":[0,0,0.5,1.5],"rotation":90,"texture":"#11"},"west":{"uv":[0,0,0.5,2],"rotation":90,"texture":"#11"},"up":{"uv":[0,0,1,0.5],"rotation":90,"texture":"#11"},"down":{"uv":[0,0,1,0.5],"rotation":90,"texture":"#11"}}},{"name":"hendel","from":[16.75,5.5,6],"to":[17.25,6,8],"rotation":{"angle":22.5,"axis":"z","origin":[17,5.75,6.25]},"faces":{"north":{"uv":[3,3,3.5,4.5],"rotation":270,"texture":"#11"},"east":{"uv":[0,0,0.5,2],"rotation":90,"texture":"#11"},"south":{"uv":[0,0,0.5,1.5],"rotation":90,"texture":"#11"},"west":{"uv":[0,0,0.5,2],"rotation":90,"texture":"#11"},"up":{"uv":[0,0,1,0.5],"rotation":90,"texture":"#11"},"down":{"uv":[0,0,1,0.5],"rotation":90,"texture":"#11"}}},{"name":"hendel","from":[16.25,5.75,5.5],"to":[16.75,7.75,6],"rotation":{"angle":22.5,"axis":"z","origin":[16.5,7,5.75]},"faces":{"north":{"uv":[3,3,3.5,4.5],"rotation":270,"texture":"#11"},"east":{"uv":[0,0,0.5,2],"rotation":90,"texture":"#11"},"south":{"uv":[0,0,0.5,1.5],"rotation":90,"texture":"#11"},"west":{"uv":[0,0,0.5,2],"rotation":90,"texture":"#11"},"up":{"uv":[0,0,1,0.5],"rotation":90,"texture":"#11"},"down":{"uv":[0,0,1,0.5],"rotation":90,"texture":"#11"}}},{"name":"hendel","from":[1.25,7.25,6.25],"to":[2,8.25,7.75],"rotation":{"angle":0,"axis":"z","origin":[1.625,8,7]},"faces":{"north":{"uv":[0,0,0.5,1.5],"texture":"#10"},"east":{"uv":[6,10,8,11],"texture":"#10"},"south":{"uv":[0,0,0.5,1.5],"texture":"#10"},"west":{"uv":[0,0,1,0.5],"texture":"#10"},"up":{"uv":[0,0,0.5,2],"texture":"#10"},"down":{"uv":[0,0,0.5,2],"texture":"#10"}}},{"name":"hendel","from":[16,7.25,6.25],"to":[16.75,8.25,7.75],"rotation":{"angle":0,"axis":"z","origin":[16.375,8,7]},"faces":{"north":{"uv":[0,0,0.5,1.5],"texture":"#10"},"east":{"uv":[6,10,8,11],"texture":"#10"},"south":{"uv":[0,0,0.5,1.5],"texture":"#10"},"west":{"uv":[0,0,1,0.5],"texture":"#10"},"up":{"uv":[0,0,0.5,2],"texture":"#10"},"down":{"uv":[0,0,0.5,2],"texture":"#10"}}},{"name":"hendel","from":[1.5,7.5,6],"to":[2,8,8],"rotation":{"angle":-22.5,"axis":"z","origin":[1.75,7.75,6.25]},"faces":{"north":{"uv":[3,3,3.5,4.5],"rotation":270,"texture":"#11"},"east":{"uv":[0,0,0.5,2],"rotation":90,"texture":"#11"},"south":{"uv":[0,0,0.5,1.5],"rotation":90,"texture":"#11"},"west":{"uv":[0,0,0.5,2],"rotation":90,"texture":"#11"},"up":{"uv":[0,0,1,0.5],"rotation":90,"texture":"#11"},"down":{"uv":[0,0,1,0.5],"rotation":90,"texture":"#11"}}},{"name":"hendel","from":[0.75,5.5,6],"to":[1.25,6,8],"rotation":{"angle":-22.5,"axis":"z","origin":[1,5.75,6.25]},"faces":{"north":{"uv":[3,3,3.5,4.5],"rotation":270,"texture":"#11"},"east":{"uv":[0,0,0.5,2],"rotation":90,"texture":"#11"},"south":{"uv":[0,0,0.5,1.5],"rotation":90,"texture":"#11"},"west":{"uv":[0,0,0.5,2],"rotation":90,"texture":"#11"},"up":{"uv":[0,0,1,0.5],"rotation":90,"texture":"#11"},"down":{"uv":[0,0,1,0.5],"rotation":90,"texture":"#11"}}},{"name":"hendel","from":[1.25,5.75,5.5],"to":[1.75,7.75,6],"rotation":{"angle":-22.5,"axis":"z","origin":[1.5,7,5.75]},"faces":{"north":{"uv":[3,3,3.5,4.5],"rotation":270,"texture":"#11"},"east":{"uv":[0,0,0.5,2],"rotation":90,"texture":"#11"},"south":{"uv":[0,0,0.5,1.5],"rotation":90,"texture":"#11"},"west":{"uv":[0,0,0.5,2],"rotation":90,"texture":"#11"},"up":{"uv":[0,0,1,0.5],"rotation":90,"texture":"#11"},"down":{"uv":[0,0,1,0.5],"rotation":90,"texture":"#11"}}},{"name":"hendel","from":[1.25,5.75,8],"to":[1.75,7.75,8.5],"rotation":{"angle":-22.5,"axis":"z","origin":[1.5,7,8.25]},"faces":{"north":{"uv":[3,3,3.5,4.5],"rotation":270,"texture":"#11"},"east":{"uv":[0,0,0.5,2],"rotation":90,"texture":"#11"},"south":{"uv":[0,0,0.5,1.5],"rotation":90,"texture":"#11"},"west":{"uv":[0,0,0.5,2],"rotation":90,"texture":"#11"},"up":{"uv":[0,0,1,0.5],"rotation":90,"texture":"#11"},"down":{"uv":[0,0,1,0.5],"rotation":90,"texture":"#11"}}},{"name":"cauldron dia","from":[13.07708,12,-4.64564],"to":[14.07708,13,-0.34564],"rotation":{"angle":45,"axis":"y","origin":[19.07708,15.5,-0.99399]},"faces":{"north":{"uv":[3,0,4,1],"texture":"#9"},"east":{"uv":[3,0,7.3,1],"texture":"#9"},"south":{"uv":[3,0,4,1],"texture":"#9"},"west":{"uv":[3,0,7.3,1],"texture":"#9"},"up":{"uv":[2,0,3,4.3],"texture":"#9"},"down":{"uv":[3,6,4,10.3],"texture":"#9"}}},{"name":"cauldron","from":[15,12,3],"to":[16,13,11],"rotation":{"angle":0,"axis":"y","origin":[21,15.5,12.5]},"faces":{"north":{"uv":[3,0,4,1],"texture":"#9"},"east":{"uv":[3,0,11,1],"texture":"#9"},"south":{"uv":[3,0,4,1],"texture":"#9"},"west":{"uv":[3,0,11,1],"texture":"#9"},"up":{"uv":[2,0,3,8],"texture":"#9"},"down":{"uv":[3,6,4,14],"texture":"#9"}}},{"name":"cauldron","from":[5,12,0],"to":[13,13,1],"faces":{"north":{"uv":[3,0,11,1],"texture":"#9"},"east":{"uv":[7,0,8,1],"texture":"#9"},"south":{"uv":[3,0,11,1],"texture":"#9"},"west":{"uv":[4,0,5,1],"texture":"#9"},"up":{"uv":[2,0,10,1],"texture":"#9"},"down":{"uv":[3,8,11,9],"texture":"#9"}}},{"name":"cauldron dia","from":[0.66053,12,3.1731],"to":[1.66053,13,7.4731],"rotation":{"angle":-45,"axis":"y","origin":[6.66053,15.5,6.82475]},"faces":{"north":{"uv":[3,0,4,1],"texture":"#9"},"east":{"uv":[3,0,7.3,1],"texture":"#9"},"south":{"uv":[3,0,4,1],"texture":"#9"},"west":{"uv":[3,0,7.3,1],"texture":"#9"},"up":{"uv":[2,0,3,4.3],"texture":"#9"},"down":{"uv":[3,6,4,10.3],"texture":"#9"}}},{"name":"cauldron","from":[2,12,3],"to":[3,13,11],"rotation":{"angle":0,"axis":"y","origin":[8,15.5,12.5]},"faces":{"north":{"uv":[3,0,4,1],"texture":"#9"},"east":{"uv":[3,0,11,1],"texture":"#9"},"south":{"uv":[3,0,4,1],"texture":"#9"},"west":{"uv":[3,0,11,1],"texture":"#9"},"up":{"uv":[2,0,3,8],"texture":"#9"},"down":{"uv":[3,6,4,14],"texture":"#9"}}},{"name":"cauldron dia","from":[2.82475,12,5.68782],"to":[3.82475,13,9.98782],"rotation":{"angle":45,"axis":"y","origin":[8.82475,15.5,9.33947]},"faces":{"north":{"uv":[3,0,4,1],"texture":"#9"},"east":{"uv":[3,0,7.3,1],"texture":"#9"},"south":{"uv":[3,0,4,1],"texture":"#9"},"west":{"uv":[3,0,7.3,1],"texture":"#9"},"up":{"uv":[2,0,3,4.3],"texture":"#9"},"down":{"uv":[3,6,4,10.3],"texture":"#9"}}},{"name":"cauldron","from":[5,12,13],"to":[13,13,14],"faces":{"north":{"uv":[3,0,11,1],"texture":"#9"},"east":{"uv":[7,0,8,1],"texture":"#9"},"south":{"uv":[3,0,11,1],"texture":"#9"},"west":{"uv":[4,0,5,1],"texture":"#9"},"up":{"uv":[2,0,10,1],"texture":"#9"},"down":{"uv":[3,8,11,9],"texture":"#9"}}},{"name":"cauldron dia","from":[10.99399,12,13.42543],"to":[11.99399,13,17.72543],"rotation":{"angle":-45,"axis":"y","origin":[16.99399,15.5,17.07708]},"faces":{"north":{"uv":[3,0,4,1],"texture":"#9"},"east":{"uv":[3,0,7.3,1],"texture":"#9"},"south":{"uv":[3,0,4,1],"texture":"#9"},"west":{"uv":[3,0,7.3,1],"texture":"#9"},"up":{"uv":[2,0,3,4.3],"texture":"#9"},"down":{"uv":[3,6,4,10.3],"texture":"#9"}}},{"from":[4,10,2],"to":[14,11,12],"faces":{"north":{"uv":[0,0,10,1],"texture":"#12"},"east":{"uv":[0,0,10,1],"texture":"#12"},"south":{"uv":[0,0,10,1],"texture":"#12"},"west":{"uv":[0,0,10,1],"texture":"#12"},"up":{"uv":[6,6,16,16],"texture":"#12"},"down":{"uv":[0,0,10,10],"texture":"#12"}}},{"from":[4,8,2],"to":[14,9,12],"faces":{"north":{"uv":[0,0,10,1],"texture":"#13"},"east":{"uv":[0,0,10,1],"texture":"#13"},"south":{"uv":[0,0,10,1],"texture":"#13"},"west":{"uv":[0,0,10,1],"texture":"#13"},"up":{"uv":[6,6,16,16],"texture":"#13"},"down":{"uv":[0,0,10,10],"texture":"#13"}}}],"display":{"gui":{"rotation":[30,-135,0],"translation":[0,1.5,0],"scale":[0.7,0.7,0.7]},"head":{"rotation":[0,180,0],"translation":[3,0.5,-12],"scale":[3.2,3.2,3.2]}},"credit":"Model by Craftventure"}