{"textures":{"0":"block/chef_hat2","4":"block/snow","6":"block/cake_inner","7":"block/redstone_block","9":"block/lantern_emissive","11":"block/copper_block","13":"block/jungle_door_top","14":"block/gray_concrete","15":"block/daylight_detector_inverted_top","16":"block/red_shulker_box","17":"block/glass","18":"block/matpickup","19":"block/barrel_bottom","20":"block/flower_pot","particle":"block/chef_hat2"},"elements":[{"from":[-1,6.5,-12.4],"to":[1,8.5,-10.4],"rotation":{"angle":0,"axis":"y","origin":[8,9.92345,7.25]},"faces":{"north":{"uv":[2,5,4,7],"texture":"#9"},"east":{"uv":[5,2,7,4],"texture":"#11"},"south":{"uv":[0,0,2,2],"texture":"#11"},"west":{"uv":[5,2,7,4],"texture":"#11"},"up":{"uv":[5,2,7,4],"texture":"#11"},"down":{"uv":[0,0,2,2],"texture":"#11"}}},{"from":[-2,5.5,28],"to":[0,7.5,29.5],"rotation":{"angle":0,"axis":"y","origin":[8,9.92345,7.25]},"faces":{"north":{"uv":[2,5,4,7],"texture":"#9"},"east":{"uv":[5,2,7,4],"texture":"#11"},"south":{"uv":[0,0,2,2],"texture":"#11"},"west":{"uv":[5,2,7,4],"texture":"#11"},"up":{"uv":[5,2,7,4],"texture":"#11"},"down":{"uv":[0,0,2,2],"texture":"#11"}}},{"from":[-1.75,5.75,29.5],"to":[-0.25,7.25,29.7],"rotation":{"angle":0,"axis":"y","origin":[8,9.92345,6.75]},"faces":{"north":{"uv":[2,5,4,7],"texture":"#9"},"east":{"uv":[5,2,5.5,3.5],"texture":"#7"},"south":{"uv":[1,4,2.5,5.5],"texture":"#7"},"west":{"uv":[5,2,5.5,3.5],"texture":"#7"},"up":{"uv":[5,2,6.5,2.5],"texture":"#7"},"down":{"uv":[0,0,1.5,0.5],"texture":"#7"}}},{"from":[16.75,5.75,29.5],"to":[18.25,7.25,29.7],"rotation":{"angle":0,"axis":"y","origin":[8,9.92345,6.75]},"faces":{"north":{"uv":[2,5,4,7],"texture":"#9"},"east":{"uv":[5,2,5.5,3.5],"texture":"#7"},"south":{"uv":[1,4,2.5,5.5],"texture":"#7"},"west":{"uv":[5,2,5.5,3.5],"texture":"#7"},"up":{"uv":[5,2,6.5,2.5],"texture":"#7"},"down":{"uv":[0,0,1.5,0.5],"texture":"#7"}}},{"from":[16.5,5.5,28],"to":[18.5,7.5,29.5],"rotation":{"angle":0,"axis":"y","origin":[8,9.92345,7.25]},"faces":{"north":{"uv":[2,5,4,7],"texture":"#9"},"east":{"uv":[5,2,7,4],"texture":"#11"},"south":{"uv":[0,0,2,2],"texture":"#11"},"west":{"uv":[5,2,7,4],"texture":"#11"},"up":{"uv":[5,2,7,4],"texture":"#11"},"down":{"uv":[0,0,2,2],"texture":"#11"}}},{"from":[-1.5,8.5,-12.5],"to":[1.5,9,-11.5],"rotation":{"angle":0,"axis":"y","origin":[8,9.92345,7.25]},"faces":{"north":{"uv":[0,0,3,0.5],"texture":"#11"},"east":{"uv":[0,0,0.5,0.5],"texture":"#11"},"south":{"uv":[0,0,3,0.5],"texture":"#11"},"west":{"uv":[0,0,0.5,0.5],"texture":"#11"},"up":{"uv":[0,0,3,0.5],"texture":"#11"},"down":{"uv":[0,0,3,0.5],"texture":"#11"}}},{"from":[-1.5,6,-12.5],"to":[1.5,6.5,-11.5],"rotation":{"angle":0,"axis":"y","origin":[8,9.92345,7.25]},"faces":{"north":{"uv":[0,0,3,0.5],"texture":"#11"},"east":{"uv":[0,0,0.5,0.5],"texture":"#11"},"south":{"uv":[0,0,3,0.5],"texture":"#11"},"west":{"uv":[0,0,0.5,0.5],"texture":"#11"},"up":{"uv":[0,0,3,0.5],"texture":"#11"},"down":{"uv":[0,0,3,0.5],"texture":"#11"}}},{"from":[-1.5,6.5,-12.5],"to":[-1,8.5,-11.5],"rotation":{"angle":0,"axis":"y","origin":[8,9.92345,7.25]},"faces":{"north":{"uv":[0,0,0.5,2],"texture":"#11"},"east":{"uv":[0,0,0.5,2],"texture":"#11"},"south":{"uv":[0,0,0.5,2],"texture":"#11"},"west":{"uv":[0,0,0.5,2],"texture":"#11"},"up":{"uv":[0,0,0.5,0.5],"texture":"#11"},"down":{"uv":[0,0,0.5,0.5],"texture":"#11"}}},{"from":[1,6.5,-12.5],"to":[1.5,8.5,-11.5],"rotation":{"angle":0,"axis":"y","origin":[8,9.92345,7.25]},"faces":{"north":{"uv":[0,0,0.5,2],"texture":"#11"},"east":{"uv":[0,0,0.5,2],"texture":"#11"},"south":{"uv":[0,0,0.5,2],"texture":"#11"},"west":{"uv":[0,0,0.5,2],"texture":"#11"},"up":{"uv":[0,0,0.5,0.5],"texture":"#11"},"down":{"uv":[0,0,0.5,0.5],"texture":"#11"}}},{"from":[15,6.5,-12.4],"to":[17,8.5,-10.4],"rotation":{"angle":0,"axis":"y","origin":[8,9.92345,7.25]},"faces":{"north":{"uv":[2,5,4,7],"texture":"#9"},"east":{"uv":[5,2,7,4],"texture":"#11"},"south":{"uv":[5,2,7,4],"texture":"#11"},"west":{"uv":[5,2,7,4],"texture":"#11"},"up":{"uv":[5,2,7,4],"texture":"#11"},"down":{"uv":[0,0,2,2],"texture":"#11"}}},{"from":[14.5,8.5,-12.5],"to":[17.5,9,-11.5],"rotation":{"angle":0,"axis":"y","origin":[8,9.92345,7.25]},"faces":{"north":{"uv":[0,0,3,0.5],"texture":"#11"},"east":{"uv":[0,0,0.5,0.5],"texture":"#11"},"south":{"uv":[0,0,3,0.5],"texture":"#11"},"west":{"uv":[0,0,0.5,0.5],"texture":"#11"},"up":{"uv":[0,0,3,0.5],"texture":"#11"},"down":{"uv":[0,0,3,0.5],"texture":"#11"}}},{"from":[14.5,6,-12.5],"to":[17.5,6.5,-11.5],"rotation":{"angle":0,"axis":"y","origin":[8,9.92345,7.25]},"faces":{"north":{"uv":[0,0,3,0.5],"texture":"#11"},"east":{"uv":[0,0,0.5,0.5],"texture":"#11"},"south":{"uv":[0,0,3,0.5],"texture":"#11"},"west":{"uv":[0,0,0.5,0.5],"texture":"#11"},"up":{"uv":[0,0,3,0.5],"texture":"#11"},"down":{"uv":[0,0,3,0.5],"texture":"#11"}}},{"from":[14.5,6.5,-12.5],"to":[15,8.5,-11.5],"rotation":{"angle":0,"axis":"y","origin":[8,9.92345,7.25]},"faces":{"north":{"uv":[0,0,0.5,2],"texture":"#11"},"east":{"uv":[0,0,0.5,2],"texture":"#11"},"south":{"uv":[0,0,0.5,2],"texture":"#11"},"west":{"uv":[0,0,0.5,2],"texture":"#11"},"up":{"uv":[0,0,0.5,0.5],"texture":"#11"},"down":{"uv":[0,0,0.5,0.5],"texture":"#11"}}},{"from":[17,6.5,-12.5],"to":[17.5,8.5,-11.5],"rotation":{"angle":0,"axis":"y","origin":[8,9.92345,7.25]},"faces":{"north":{"uv":[0,0,0.5,2],"texture":"#11"},"east":{"uv":[0,0,0.5,2],"texture":"#11"},"south":{"uv":[0,0,0.5,2],"texture":"#11"},"west":{"uv":[0,0,0.5,2],"texture":"#11"},"up":{"uv":[0,0,0.5,0.5],"texture":"#11"},"down":{"uv":[0,0,0.5,0.5],"texture":"#11"}}},{"from":[-1,2,-13],"to":[0,3,-11],"rotation":{"angle":0,"axis":"y","origin":[8,9.92345,7.25]},"faces":{"north":{"uv":[0,0,1,1],"texture":"#11"},"east":{"uv":[0,0,1,1],"texture":"#11"},"south":{"uv":[0,0,1,1],"texture":"#11"},"west":{"uv":[0,0,1,1],"texture":"#11"},"up":{"uv":[0,0,1,1],"texture":"#11"},"down":{"uv":[0,0,1,1],"texture":"#11"}}},{"from":[1,2.5,30],"to":[2,3.5,31],"rotation":{"angle":0,"axis":"y","origin":[8,9.92345,7.25]},"faces":{"north":{"uv":[0,0,1,1],"texture":"#11"},"east":{"uv":[0,0,1,1],"texture":"#11"},"south":{"uv":[0,0,1,1],"texture":"#11"},"west":{"uv":[0,0,1,1],"texture":"#11"},"up":{"uv":[0,0,1,1],"texture":"#11"},"down":{"uv":[0,0,1,1],"texture":"#11"}}},{"from":[16,2,-13],"to":[17,3,-11],"rotation":{"angle":0,"axis":"y","origin":[8,9.92345,7.25]},"faces":{"north":{"uv":[0,0,1,1],"texture":"#11"},"east":{"uv":[0,0,1,1],"texture":"#11"},"south":{"uv":[0,0,1,1],"texture":"#11"},"west":{"uv":[0,0,1,1],"texture":"#11"},"up":{"uv":[0,0,1,1],"texture":"#11"},"down":{"uv":[0,0,1,1],"texture":"#11"}}},{"from":[14,2.5,30],"to":[15,3.5,31],"rotation":{"angle":0,"axis":"y","origin":[8,9.92345,7.25]},"faces":{"north":{"uv":[0,0,1,1],"texture":"#11"},"east":{"uv":[0,0,1,1],"texture":"#11"},"south":{"uv":[0,0,1,1],"texture":"#11"},"west":{"uv":[0,0,1,1],"texture":"#11"},"up":{"uv":[0,0,1,1],"texture":"#11"},"down":{"uv":[0,0,1,1],"texture":"#11"}}},{"from":[1,1.5,-14.5],"to":[15,3.5,-13],"rotation":{"angle":0,"axis":"y","origin":[8,9.92345,7.25]},"faces":{"north":{"uv":[1,0,15,2],"texture":"#11"},"east":{"uv":[0,0,0.5,2],"texture":"#11"},"south":{"uv":[1,4,15,6],"texture":"#11"},"west":{"uv":[0,0,0.5,2],"texture":"#11"},"up":{"uv":[0,0,14,0.5],"texture":"#11"},"down":{"uv":[0,0,14,0.5],"texture":"#11"}}},{"from":[17,2.5,2.5],"to":[18.8,3.1,13],"rotation":{"angle":0,"axis":"y","origin":[8,9.92345,7.25]},"faces":{"north":{"uv":[1,0,15,2],"texture":"#11"},"east":{"uv":[0,0,0.5,2],"texture":"#11"},"south":{"uv":[1,4,15,6],"texture":"#11"},"west":{"uv":[0,0,0.5,2],"texture":"#11"},"up":{"uv":[0,0,1.8,10.5],"texture":"#11"},"down":{"uv":[0,0,14,0.5],"texture":"#11"}}},{"from":[-2.8,2.5,2.5],"to":[-1,3.1,13],"rotation":{"angle":0,"axis":"y","origin":[-2.1,2.8,9.25]},"faces":{"north":{"uv":[1,4,15,6],"texture":"#11"},"east":{"uv":[0,0,0.5,2],"texture":"#11"},"south":{"uv":[1,0,15,2],"texture":"#11"},"west":{"uv":[0,0,0.5,2],"texture":"#11"},"up":{"uv":[0,0,1.8,10.5],"rotation":180,"texture":"#11"},"down":{"uv":[0,0,14,0.5],"rotation":180,"texture":"#11"}}},{"from":[-2,2,31],"to":[8,4,32],"rotation":{"angle":0,"axis":"y","origin":[8,9.92345,7.25]},"faces":{"north":{"uv":[1,0,11,2],"texture":"#11"},"east":{"uv":[0,0,0.5,2],"texture":"#11"},"south":{"uv":[1,4,11,6],"texture":"#11"},"west":{"uv":[0,0,0.5,2],"texture":"#11"},"up":{"uv":[0,0,10,1],"texture":"#11"},"down":{"uv":[0,0,10,1],"texture":"#11"}}},{"from":[8,2,31],"to":[18,4,32],"rotation":{"angle":0,"axis":"y","origin":[8,9.92345,7.25]},"faces":{"north":{"uv":[1,0,11,2],"texture":"#11"},"east":{"uv":[0,0,0.5,2],"texture":"#11"},"south":{"uv":[1,4,11,6],"texture":"#11"},"west":{"uv":[0,0,0.5,2],"texture":"#11"},"up":{"uv":[0,0,10,1],"texture":"#11"},"down":{"uv":[0,0,10,1],"texture":"#11"}}},{"from":[5.85621,1.501,-15.52316],"to":[9.85621,3.501,-14.02316],"rotation":{"angle":22.5,"axis":"y","origin":[8,9.92345,7.25]},"faces":{"north":{"uv":[1,0,5,2],"texture":"#11"},"east":{"uv":[0,0,0.5,2],"texture":"#11"},"south":{"uv":[1,4,5,6],"texture":"#11"},"west":{"uv":[0,0,1.5,2],"texture":"#11"},"up":{"uv":[0,0,4,1.5],"texture":"#11"},"down":{"uv":[0,0,4,1.5],"texture":"#11"}}},{"from":[6.14379,1.501,-15.52316],"to":[10.14379,3.501,-14.02316],"rotation":{"angle":-22.5,"axis":"y","origin":[8,9.92345,7.25]},"faces":{"north":{"uv":[1,0,5,2],"texture":"#11"},"east":{"uv":[0,0,0.5,2],"texture":"#11"},"south":{"uv":[1,4,5,6],"texture":"#11"},"west":{"uv":[0,0,0.5,2],"texture":"#11"},"up":{"uv":[0,0,4,1.5],"texture":"#11"},"down":{"uv":[0,0,4,1.5],"texture":"#11"}}},{"from":[11,4,-13.3],"to":[12,10,-12.3],"rotation":{"angle":0,"axis":"y","origin":[8,9.92345,7.25]},"faces":{"north":{"uv":[0,0,1,6],"texture":"#11"},"east":{"uv":[0,0,1,6],"texture":"#11"},"south":{"uv":[0,0,1,6],"texture":"#11"},"west":{"uv":[0,0,1,6],"texture":"#11"},"up":{"uv":[0,0,1,1],"texture":"#11"},"down":{"uv":[0,0,6,1],"texture":"#11"}}},{"from":[4,4,-13.3],"to":[5,10,-12.3],"rotation":{"angle":0,"axis":"y","origin":[8,9.92345,7.25]},"faces":{"north":{"uv":[0,0,1,6],"texture":"#11"},"east":{"uv":[0,0,1,6],"texture":"#11"},"south":{"uv":[0,0,1,6],"texture":"#11"},"west":{"uv":[0,0,1,6],"texture":"#11"},"up":{"uv":[0,0,1,1],"texture":"#11"},"down":{"uv":[0,0,6,1],"texture":"#11"}}},{"from":[5,4,-13.3],"to":[11,5,-12.3],"rotation":{"angle":0,"axis":"y","origin":[8,9.92345,7.25]},"faces":{"north":{"uv":[0,0,6,1],"texture":"#11"},"east":{"uv":[0,0,1,1],"texture":"#11"},"south":{"uv":[0,0,6,1],"texture":"#11"},"west":{"uv":[0,0,1,1],"texture":"#11"},"up":{"uv":[0,0,6,1],"texture":"#11"},"down":{"uv":[0,0,6,1],"texture":"#11"}}},{"from":[6,11,-13.3],"to":[10,12,-12.3],"rotation":{"angle":0,"axis":"y","origin":[8,9.92345,7.25]},"faces":{"north":{"uv":[0,0,4,1],"texture":"#11"},"east":{"uv":[0,0,1,1],"texture":"#11"},"south":{"uv":[0,0,4,1],"texture":"#11"},"west":{"uv":[0,0,1,1],"texture":"#11"},"up":{"uv":[0,0,4,1],"texture":"#11"},"down":{"uv":[0,0,6,1],"texture":"#11"}}},{"from":[5,5,-13.2],"to":[11,11,-13.2],"rotation":{"angle":0,"axis":"y","origin":[8,9.92345,7.25]},"faces":{"north":{"uv":[11,2,5,8],"texture":"#13"},"east":{"uv":[5,2,11,8],"texture":"#13"},"south":{"uv":[5,2,11,8],"texture":"#13"},"west":{"uv":[5,2,11,8],"texture":"#13"},"up":{"uv":[5,2,11,8],"texture":"#13"},"down":{"uv":[5,2,11,8],"texture":"#13"}}},{"from":[5,5,-13.1],"to":[11,11,-12.9],"rotation":{"angle":0,"axis":"y","origin":[8,9.92345,7.25]},"faces":{"north":{"uv":[5,10,11,16],"texture":"#6"},"east":{"uv":[5,10,11,16],"texture":"#6"},"south":{"uv":[5,10,11,16],"texture":"#6"},"west":{"uv":[5,10,11,16],"texture":"#6"},"up":{"uv":[5,10,11,16],"texture":"#6"},"down":{"uv":[5,10,11,16],"texture":"#6"}}},{"from":[7.94587,11.80601,-13.295],"to":[10.77787,12.80601,-12.295],"rotation":{"angle":-45,"axis":"z","origin":[8,9.92345,7.25]},"faces":{"north":{"uv":[0,0,2.832,1],"texture":"#11"},"east":{"uv":[0,0,1,1],"texture":"#11"},"south":{"uv":[0,0,2.832,1],"texture":"#11"},"west":{"uv":[0,0,1,1],"texture":"#11"},"up":{"uv":[0,0,2.832,1],"texture":"#11"},"down":{"uv":[0,0,6,1],"texture":"#11"}}},{"from":[5.22213,11.806,-13.295],"to":[8.05413,12.806,-12.295],"rotation":{"angle":45,"axis":"z","origin":[8,9.92345,7.25]},"faces":{"north":{"uv":[0,0,2.832,1],"texture":"#11"},"east":{"uv":[0,0,1,1],"texture":"#11"},"south":{"uv":[0,0,2.832,1],"texture":"#11"},"west":{"uv":[0,0,1,1],"texture":"#11"},"up":{"uv":[0,0,2.832,1],"texture":"#11"},"down":{"uv":[0,0,6,1],"texture":"#11"}}},{"from":[-1.2,10,10],"to":[-0.2,11,12],"faces":{"north":{"uv":[0,0,1,1],"texture":"#11"},"east":{"uv":[0,0,2,1],"texture":"#11"},"south":{"uv":[0,0,1,1],"texture":"#11"},"west":{"uv":[0,0,2,1],"texture":"#11"},"up":{"uv":[0,0,1,2],"texture":"#11"},"down":{"uv":[0,0,1,2],"texture":"#11"}}},{"from":[7.5,13,-11],"to":[8.5,14,-10],"faces":{"north":{"uv":[0,0,1,1],"texture":"#11"},"east":{"uv":[0,0,1,1],"texture":"#11"},"south":{"uv":[0,0,1,1],"texture":"#11"},"west":{"uv":[0,0,1,1],"texture":"#11"},"up":{"uv":[0,0,1,1],"texture":"#11"},"down":{"uv":[0,0,1,1],"texture":"#11"}}},{"from":[16.2,10,10],"to":[17.2,11,12],"faces":{"north":{"uv":[0,0,1,1],"texture":"#11"},"east":{"uv":[0,0,2,1],"texture":"#11"},"south":{"uv":[0,0,1,1],"texture":"#11"},"west":{"uv":[0,0,2,1],"texture":"#11"},"up":{"uv":[0,0,1,2],"texture":"#11"},"down":{"uv":[0,0,1,2],"texture":"#11"}}},{"from":[0,11.48964,0.45286],"to":[16,16.48964,0.45286],"rotation":{"angle":22.5,"axis":"x","origin":[8,10.11517,6.78714]},"faces":{"north":{"uv":[0,11,16,16],"texture":"#17"},"east":{"uv":[0,11,16,16],"texture":"#17"},"south":{"uv":[16,11,0,16],"texture":"#17"},"west":{"uv":[0,11,16,16],"texture":"#17"},"up":{"uv":[0,11,16,16],"texture":"#17"},"down":{"uv":[0,11,16,16],"texture":"#17"}}},{"from":[-1,3,1],"to":[0,14,2],"faces":{"north":{"uv":[0,0,1,11],"texture":"#11"},"east":{"uv":[0,0,1,11],"texture":"#11"},"south":{"uv":[0,0,1,11],"texture":"#11"},"west":{"uv":[0,0,1,11],"texture":"#11"},"up":{"uv":[0,0,1,1],"texture":"#11"},"down":{"uv":[0,0,1,1],"texture":"#11"}}},{"from":[-1,11.29792,-0.08428],"to":[0,16.29792,0.91572],"rotation":{"angle":22.5,"axis":"x","origin":[8,9.92345,7.25]},"faces":{"north":{"uv":[0,0,1,5],"texture":"#11"},"east":{"uv":[0,0,1,5],"texture":"#11"},"south":{"uv":[0,0,1,5],"texture":"#11"},"west":{"uv":[0,0,1,5],"texture":"#11"},"up":{"uv":[0,0,1,1],"texture":"#11"},"down":{"uv":[0,0,1,1],"texture":"#11"}}},{"from":[-1,16.29792,-0.08428],"to":[8,17.29792,0.91572],"rotation":{"angle":22.5,"axis":"x","origin":[8,9.92345,7.25]},"faces":{"north":{"uv":[0,0,9,1],"texture":"#11"},"east":{"uv":[0,0,1,1],"texture":"#11"},"south":{"uv":[0,0,9,1],"texture":"#11"},"west":{"uv":[0,0,1,1],"texture":"#11"},"up":{"uv":[0,0,9,1],"texture":"#11"},"down":{"uv":[0,0,9,1],"texture":"#11"}}},{"from":[8,16.29792,-0.08428],"to":[17,17.29792,0.91572],"rotation":{"angle":22.5,"axis":"x","origin":[8,9.92345,7.25]},"faces":{"north":{"uv":[0,0,9,1],"texture":"#11"},"east":{"uv":[0,0,1,1],"texture":"#11"},"south":{"uv":[0,0,9,1],"texture":"#11"},"west":{"uv":[0,0,1,1],"texture":"#11"},"up":{"uv":[0,0,9,1],"texture":"#11"},"down":{"uv":[0,0,9,1],"texture":"#11"}}},{"from":[0,13,1],"to":[16,14,2],"rotation":{"angle":0,"axis":"y","origin":[-0.5,13.5,8]},"faces":{"north":{"uv":[0,0,1,16],"rotation":270,"texture":"#11"},"east":{"uv":[0,0,1,1],"rotation":180,"texture":"#11"},"south":{"uv":[0,0,1,16],"rotation":90,"texture":"#11"},"west":{"uv":[0,0,1,1],"texture":"#11"},"up":{"uv":[0,0,1,16],"rotation":90,"texture":"#11"},"down":{"uv":[0,0,1,16],"rotation":90,"texture":"#11"}}},{"from":[16,11.29792,-0.08428],"to":[17,16.29792,0.91572],"rotation":{"angle":22.5,"axis":"x","origin":[8,9.92345,7.25]},"faces":{"north":{"uv":[0,0,1,5],"texture":"#11"},"east":{"uv":[0,0,1,5],"texture":"#11"},"south":{"uv":[0,0,1,5],"texture":"#11"},"west":{"uv":[0,0,1,5],"texture":"#11"},"up":{"uv":[0,0,1,1],"texture":"#11"},"down":{"uv":[0,0,1,1],"texture":"#11"}}},{"from":[16,3,1],"to":[17,14,2],"faces":{"north":{"uv":[0,0,1,11],"texture":"#11"},"east":{"uv":[0,0,1,11],"texture":"#11"},"south":{"uv":[0,0,1,11],"texture":"#11"},"west":{"uv":[0,0,1,11],"texture":"#11"},"up":{"uv":[0,0,1,1],"texture":"#11"},"down":{"uv":[0,0,1,1],"texture":"#11"}}},{"from":[-1,13,2],"to":[0,14,14],"rotation":{"angle":0,"axis":"x","origin":[16.5,8.5,14.5]},"faces":{"north":{"uv":[0,0,1,1],"rotation":180,"texture":"#11"},"east":{"uv":[0,0,1,12],"rotation":90,"texture":"#11"},"south":{"uv":[0,0,1,1],"texture":"#11"},"west":{"uv":[0,0,1,12],"rotation":270,"texture":"#11"},"up":{"uv":[0,0,1,12],"texture":"#11"},"down":{"uv":[0,0,1,12],"rotation":180,"texture":"#11"}}},{"from":[16,13,2],"to":[17,14,14],"rotation":{"angle":0,"axis":"x","origin":[16.5,8.5,14.5]},"faces":{"north":{"uv":[0,0,1,1],"rotation":180,"texture":"#11"},"east":{"uv":[0,0,1,12],"rotation":90,"texture":"#11"},"south":{"uv":[0,0,1,1],"texture":"#11"},"west":{"uv":[0,0,1,12],"rotation":270,"texture":"#11"},"up":{"uv":[0,0,1,12],"texture":"#11"},"down":{"uv":[0,0,1,12],"rotation":180,"texture":"#11"}}},{"from":[0,13,14],"to":[16,14,15],"rotation":{"angle":0,"axis":"y","origin":[-0.5,13.5,8]},"faces":{"north":{"uv":[0,0,1,16],"rotation":270,"texture":"#11"},"east":{"uv":[0,0,1,1],"rotation":180,"texture":"#11"},"south":{"uv":[0,0,1,16],"rotation":90,"texture":"#11"},"west":{"uv":[0,0,1,1],"texture":"#11"},"up":{"uv":[0,0,1,16],"rotation":90,"texture":"#11"},"down":{"uv":[0,0,1,16],"rotation":90,"texture":"#11"}}},{"from":[16,3,14],"to":[17,14,15],"faces":{"north":{"uv":[0,0,1,11],"texture":"#11"},"east":{"uv":[0,0,1,11],"texture":"#11"},"south":{"uv":[0,0,1,11],"texture":"#11"},"west":{"uv":[0,0,1,11],"texture":"#11"},"up":{"uv":[0,0,1,1],"texture":"#11"},"down":{"uv":[0,0,1,1],"texture":"#11"}}},{"from":[-1,3,14],"to":[0,14,15],"faces":{"north":{"uv":[0,0,1,11],"texture":"#11"},"east":{"uv":[0,0,1,11],"texture":"#11"},"south":{"uv":[0,0,1,11],"texture":"#11"},"west":{"uv":[0,0,1,11],"texture":"#11"},"up":{"uv":[0,0,1,1],"texture":"#11"},"down":{"uv":[0,0,1,1],"texture":"#11"}}},{"from":[1,2.1,30],"to":[15,12.1,31],"rotation":{"angle":0,"axis":"y","origin":[7.82122,7.5,30.96716]},"faces":{"north":{"uv":[1,0,15,11],"texture":"#19"},"east":{"uv":[0,0,1,11],"texture":"#19"},"south":{"uv":[1,0,15,10],"texture":"#19"},"west":{"uv":[0,0,1,11],"texture":"#19"},"up":{"uv":[0,0,14,1],"rotation":180,"texture":"#19"},"down":{"uv":[0,0,14,1],"rotation":180,"texture":"#19"}}},{"from":[0,2.1,15],"to":[1.01,12.1,31],"rotation":{"angle":0,"axis":"y","origin":[8,9.92345,30.71716]},"faces":{"north":{"uv":[0,0,1,11],"texture":"#19"},"east":{"uv":[1,0,16,11],"texture":"#19"},"south":{"uv":[0,0,1,11],"texture":"#19"},"west":{"uv":[0,0,16,10],"texture":"#19"},"up":{"uv":[0,0,15,1],"rotation":270,"texture":"#19"},"down":{"uv":[0,0,15,1],"rotation":90,"texture":"#19"}}},{"from":[14.99,2.1,15],"to":[16,12.1,31],"rotation":{"angle":0,"axis":"y","origin":[23,9.92345,29.71716]},"faces":{"north":{"uv":[0,0,1,11],"texture":"#19"},"east":{"uv":[0,0,16,10],"texture":"#19"},"south":{"uv":[0,0,1,11],"texture":"#19"},"west":{"uv":[1,0,16,11],"texture":"#19"},"up":{"uv":[0,0,15,1],"rotation":270,"texture":"#19"},"down":{"uv":[0,0,15,1],"rotation":90,"texture":"#19"}}},{"from":[1,2,15],"to":[15,9,30],"rotation":{"angle":0,"axis":"y","origin":[23,9.92345,30.25]},"faces":{"north":{"uv":[0,0,1,11],"texture":"#4","tintindex":0},"east":{"uv":[0,0,14,10],"texture":"#missing"},"south":{"uv":[0,0,1,11],"texture":"#missing"},"west":{"uv":[1,0,16,11],"texture":"#missing"},"up":{"uv":[0,1,15,15],"rotation":270,"texture":"#19"},"down":{"uv":[0,0,15,14],"rotation":90,"texture":"#4","tintindex":0}}},{"from":[3,2,-13],"to":[13,13,-12],"rotation":{"angle":0,"axis":"y","origin":[8,9.92345,7.25]},"faces":{"north":{"uv":[0,0,10,11],"texture":"#4","tintindex":0},"east":{"uv":[0,0,1,11],"texture":"#4","tintindex":0},"south":{"uv":[0,0,10,11],"texture":"#4","tintindex":0},"west":{"uv":[0,0,1,11],"texture":"#4","tintindex":0},"up":{"uv":[0,0,10,1],"texture":"#4","tintindex":0},"down":{"uv":[0,0,10,1],"texture":"#4","tintindex":0}}},{"from":[0.32122,2,-6.53284],"to":[1.32122,13,1.46716],"rotation":{"angle":0,"axis":"y","origin":[8,9.92345,7.25]},"faces":{"north":{"uv":[0,0,1,11],"texture":"#4","tintindex":0},"east":{"uv":[0,0,8,11],"texture":"#4","tintindex":0},"south":{"uv":[0,0,1,11],"texture":"#4","tintindex":0},"west":{"uv":[0,0,8,11],"texture":"#4","tintindex":0},"up":{"uv":[0,0,8,1],"rotation":270,"texture":"#4","tintindex":0},"down":{"uv":[0,0,8,1],"rotation":90,"texture":"#4","tintindex":0}}},{"from":[-1,2,2],"to":[0,13,14],"rotation":{"angle":0,"axis":"y","origin":[8,9.92345,7.25]},"faces":{"north":{"uv":[0,0,1,11],"texture":"#4","tintindex":0},"east":{"uv":[0,0,12,11],"texture":"#4","tintindex":0},"south":{"uv":[0,0,1,11],"texture":"#4","tintindex":0},"west":{"uv":[0,0,12,11],"texture":"#4","tintindex":0},"up":{"uv":[0,0,12,1],"rotation":270,"texture":"#4","tintindex":0},"down":{"uv":[0,0,12,1],"rotation":90,"texture":"#4","tintindex":0}}},{"from":[0,2,14],"to":[16,13,15],"rotation":{"angle":0,"axis":"y","origin":[8,9.92345,7.25]},"faces":{"north":{"uv":[0,0,16,11],"texture":"#4","tintindex":0},"east":{"uv":[0,0,1,11],"texture":"#4","tintindex":0},"south":{"uv":[0,0,16,11],"texture":"#4","tintindex":0},"west":{"uv":[0,0,1,11],"texture":"#4","tintindex":0},"up":{"uv":[0,0,16,1],"texture":"#4","tintindex":0},"down":{"uv":[0,0,16,1],"texture":"#4","tintindex":0}}},{"from":[0,2,1],"to":[16,13,2],"rotation":{"angle":0,"axis":"y","origin":[8,9.92345,7.25]},"faces":{"north":{"uv":[0,0,16,11],"texture":"#4","tintindex":0},"east":{"uv":[0,0,1,11],"texture":"#4","tintindex":0},"south":{"uv":[0,0,16,11],"texture":"#4","tintindex":0},"west":{"uv":[0,0,1,11],"texture":"#4","tintindex":0},"up":{"uv":[0,0,16,1],"texture":"#4","tintindex":0},"down":{"uv":[0,0,16,1],"texture":"#4","tintindex":0}}},{"from":[16,2,2],"to":[17,13,14],"rotation":{"angle":0,"axis":"y","origin":[8,9.92345,7.25]},"faces":{"north":{"uv":[0,0,1,11],"texture":"#4","tintindex":0},"east":{"uv":[0,0,12,11],"texture":"#4","tintindex":0},"south":{"uv":[0,0,1,11],"texture":"#4","tintindex":0},"west":{"uv":[0,0,12,11],"texture":"#4","tintindex":0},"up":{"uv":[0,0,12,1],"rotation":270,"texture":"#4","tintindex":0},"down":{"uv":[0,0,12,1],"rotation":90,"texture":"#4","tintindex":0}}},{"from":[-0.67878,2,1.46716],"to":[16.32122,4,14.46716],"rotation":{"angle":0,"axis":"y","origin":[23,9.92345,30.25]},"faces":{"north":{"uv":[0,0,1,11],"texture":"#4","tintindex":0},"east":{"uv":[0,0,14,10],"texture":"#missing"},"south":{"uv":[0,0,1,11],"texture":"#missing"},"west":{"uv":[1,0,16,11],"texture":"#missing"},"up":{"uv":[1,0,14,16],"rotation":270,"texture":"#4","tintindex":0},"down":{"uv":[0,0,13,16],"rotation":90,"texture":"#4","tintindex":0}}},{"from":[14.67878,2,-6.53284],"to":[15.67878,13,1.46716],"rotation":{"angle":0,"axis":"y","origin":[8,9.92345,7.25]},"faces":{"north":{"uv":[0,0,1,11],"texture":"#4","tintindex":0},"east":{"uv":[0,0,8,11],"texture":"#4","tintindex":0},"south":{"uv":[0,0,1,11],"texture":"#4","tintindex":0},"west":{"uv":[0,0,8,11],"texture":"#4","tintindex":0},"up":{"uv":[0,0,8,1],"rotation":270,"texture":"#4","tintindex":0},"down":{"uv":[0,0,8,1],"rotation":90,"texture":"#4","tintindex":0}}},{"from":[-3,2,-11],"to":[3,8,-10],"rotation":{"angle":0,"axis":"y","origin":[8,9.92345,7.25]},"faces":{"north":{"uv":[0,0,6,6],"texture":"#4","tintindex":0},"east":{"uv":[0,0,1,6],"texture":"#4","tintindex":0},"south":{"uv":[0,0,6,6],"texture":"#4","tintindex":0},"west":{"uv":[0,0,1,6],"texture":"#4","tintindex":0},"up":{"uv":[0,0,6,1],"texture":"#4","tintindex":0},"down":{"uv":[0,0,6,1],"texture":"#4","tintindex":0}}},{"from":[-3,14.13039,-10.34687],"to":[3,15.13039,-5.34687],"rotation":{"angle":-22.5,"axis":"x","origin":[8,9.92345,7.25]},"faces":{"north":{"uv":[0,0,6,1],"rotation":180,"texture":"#4","tintindex":0},"east":{"uv":[0,0,1,5],"rotation":270,"texture":"#4","tintindex":0},"south":{"uv":[0,0,6,1],"texture":"#4","tintindex":0},"west":{"uv":[0,0,1,5],"rotation":90,"texture":"#4","tintindex":0},"up":{"uv":[0,0,6,5],"rotation":180,"texture":"#4","tintindex":0},"down":{"uv":[0,0,6,5],"texture":"#4","tintindex":0}}},{"from":[-3,3.69797,-5.3392],"to":[3,4.69797,0.6608],"rotation":{"angle":22.5,"axis":"x","origin":[8,9.92345,7.25]},"faces":{"north":{"uv":[0,0,6,1],"rotation":180,"texture":"#4","tintindex":0},"east":{"uv":[0,0,1,6],"rotation":270,"texture":"#4","tintindex":0},"south":{"uv":[0,0,6,1],"texture":"#4","tintindex":0},"west":{"uv":[0,0,1,6],"rotation":90,"texture":"#4","tintindex":0},"up":{"uv":[0,0,6,6],"rotation":180,"texture":"#4","tintindex":0},"down":{"uv":[0,0,6,6],"texture":"#4","tintindex":0}}},{"from":[-3,4.88775,-2.10423],"to":[3,10.88775,-1.10423],"rotation":{"angle":-22.5,"axis":"x","origin":[8,9.92345,7.25]},"faces":{"north":{"uv":[0,0,6,6],"rotation":180,"texture":"#4","tintindex":0},"east":{"uv":[0,0,1,6],"rotation":180,"texture":"#4","tintindex":0},"south":{"uv":[0,0,6,6],"rotation":180,"texture":"#4","tintindex":0},"west":{"uv":[0,0,1,6],"rotation":180,"texture":"#4","tintindex":0},"up":{"uv":[0,0,6,1],"texture":"#4","tintindex":0},"down":{"uv":[0,0,6,1],"texture":"#4","tintindex":0}}},{"from":[-3,4.88775,26.89577],"to":[1,10.88775,27.89577],"rotation":{"angle":-22.5,"axis":"x","origin":[8,9.92345,36.25]},"faces":{"north":{"uv":[0,0,6,6],"rotation":180,"texture":"#4","tintindex":0},"east":{"uv":[0,0,1,6],"rotation":180,"texture":"#4","tintindex":0},"south":{"uv":[0,0,6,6],"rotation":180,"texture":"#4","tintindex":0},"west":{"uv":[0,0,1,6],"rotation":180,"texture":"#4","tintindex":0},"up":{"uv":[0,0,6,1],"texture":"#4","tintindex":0},"down":{"uv":[0,0,6,1],"texture":"#4","tintindex":0}}},{"from":[-3,3.69797,23.6608],"to":[1,4.69797,29.6608],"rotation":{"angle":22.5,"axis":"x","origin":[8,9.92345,36.25]},"faces":{"north":{"uv":[0,0,6,1],"rotation":180,"texture":"#4","tintindex":0},"east":{"uv":[0,0,1,6],"rotation":270,"texture":"#4","tintindex":0},"south":{"uv":[0,0,6,1],"texture":"#4","tintindex":0},"west":{"uv":[0,0,1,6],"rotation":90,"texture":"#4","tintindex":0},"up":{"uv":[0,0,6,6],"rotation":180,"texture":"#4","tintindex":0},"down":{"uv":[0,0,6,6],"texture":"#4","tintindex":0}}},{"from":[-3,14.13039,18.65313],"to":[1,15.13039,23.65313],"rotation":{"angle":-22.5,"axis":"x","origin":[8,9.92345,36.25]},"faces":{"north":{"uv":[0,0,6,1],"rotation":180,"texture":"#4","tintindex":0},"east":{"uv":[0,0,1,5],"rotation":270,"texture":"#4","tintindex":0},"south":{"uv":[0,0,6,1],"texture":"#4","tintindex":0},"west":{"uv":[0,0,1,5],"rotation":90,"texture":"#4","tintindex":0},"up":{"uv":[0,0,6,5],"rotation":180,"texture":"#4","tintindex":0},"down":{"uv":[0,0,6,5],"texture":"#4","tintindex":0}}},{"from":[-3,2,18],"to":[1,8,19],"rotation":{"angle":0,"axis":"y","origin":[8,9.92345,36.25]},"faces":{"north":{"uv":[0,0,6,6],"texture":"#4","tintindex":0},"east":{"uv":[0,0,1,6],"texture":"#4","tintindex":0},"south":{"uv":[0,0,6,6],"texture":"#4","tintindex":0},"west":{"uv":[0,0,1,6],"texture":"#4","tintindex":0},"up":{"uv":[0,0,6,1],"texture":"#4","tintindex":0},"down":{"uv":[0,0,6,1],"texture":"#4","tintindex":0}}},{"from":[15,2,1],"to":[19,3,18],"rotation":{"angle":0,"axis":"y","origin":[8,9.92345,36.25]},"faces":{"north":{"uv":[0,0,6,6],"texture":"#4","tintindex":0},"east":{"uv":[0,0,16,1],"texture":"#4","tintindex":0},"south":{"uv":[0,0,3,1],"texture":"#4","tintindex":0},"west":{"uv":[0,0,16,1],"texture":"#4","tintindex":0},"up":{"uv":[0,0,3,16],"texture":"#4","tintindex":0},"down":{"uv":[0,0,3,16],"texture":"#4","tintindex":0}}},{"from":[-3,2,1],"to":[1,3,18],"rotation":{"angle":0,"axis":"y","origin":[8,9.92345,36.25]},"faces":{"north":{"uv":[0,0,6,6],"texture":"#4","tintindex":0},"east":{"uv":[0,0,16,1],"texture":"#4","tintindex":0},"south":{"uv":[0,0,3,1],"texture":"#4","tintindex":0},"west":{"uv":[0,0,16,1],"texture":"#4","tintindex":0},"up":{"uv":[0,0,3,16],"texture":"#4","tintindex":0},"down":{"uv":[0,0,3,16],"texture":"#4","tintindex":0}}},{"from":[13,4.56332,-2.32101],"to":[19,10.56332,-1.32101],"rotation":{"angle":-22.5,"axis":"x","origin":[8,10.30613,6.32611]},"faces":{"north":{"uv":[0,0,6,5],"rotation":180,"texture":"#4","tintindex":0},"east":{"uv":[0,0,1,5],"rotation":180,"texture":"#4","tintindex":0},"south":{"uv":[0,0,6,5],"rotation":180,"texture":"#4","tintindex":0},"west":{"uv":[0,0,1,5],"rotation":180,"texture":"#4","tintindex":0},"up":{"uv":[0,0,6,1],"texture":"#4","tintindex":0},"down":{"uv":[0,0,6,1],"texture":"#4","tintindex":0}}},{"from":[13,14.13039,-10.34687],"to":[19,15.13039,-5.34687],"rotation":{"angle":-22.5,"axis":"x","origin":[8,9.92345,7.25]},"faces":{"north":{"uv":[0,0,6,1],"rotation":180,"texture":"#4","tintindex":0},"east":{"uv":[0,0,1,5],"rotation":270,"texture":"#4","tintindex":0},"south":{"uv":[0,0,6,1],"texture":"#4","tintindex":0},"west":{"uv":[0,0,1,5],"rotation":90,"texture":"#4","tintindex":0},"up":{"uv":[0,0,6,5],"rotation":180,"texture":"#4","tintindex":0},"down":{"uv":[0,0,6,5],"texture":"#4","tintindex":0}}},{"from":[13,3.69797,-5.3392],"to":[19,4.69797,0.6608],"rotation":{"angle":22.5,"axis":"x","origin":[8,9.92345,7.25]},"faces":{"north":{"uv":[0,0,6,1],"rotation":180,"texture":"#4","tintindex":0},"east":{"uv":[0,0,1,7],"rotation":270,"texture":"#4","tintindex":0},"south":{"uv":[0,0,6,1],"texture":"#4","tintindex":0},"west":{"uv":[0,0,1,7],"rotation":90,"texture":"#4","tintindex":0},"up":{"uv":[0,0,6,7],"rotation":180,"texture":"#4","tintindex":0},"down":{"uv":[0,0,6,7],"texture":"#4","tintindex":0}}},{"from":[13,2,-11],"to":[19,8,-10],"rotation":{"angle":0,"axis":"y","origin":[8,9.92345,7.25]},"faces":{"north":{"uv":[0,0,6,6],"texture":"#4","tintindex":0},"east":{"uv":[0,0,1,6],"texture":"#4","tintindex":0},"south":{"uv":[0,0,6,6],"texture":"#4","tintindex":0},"west":{"uv":[0,0,1,6],"texture":"#4","tintindex":0},"up":{"uv":[0,0,6,1],"texture":"#4","tintindex":0},"down":{"uv":[0,0,6,1],"texture":"#4","tintindex":0}}},{"from":[15,2,18],"to":[19,8,19],"rotation":{"angle":0,"axis":"x","origin":[17,5,18.5]},"faces":{"north":{"uv":[0,0,6,6],"texture":"#4","tintindex":0},"east":{"uv":[0,0,1,6],"texture":"#4","tintindex":0},"south":{"uv":[0,0,6,6],"texture":"#4","tintindex":0},"west":{"uv":[0,0,1,6],"texture":"#4","tintindex":0},"up":{"uv":[0,0,6,1],"texture":"#4","tintindex":0},"down":{"uv":[0,0,6,1],"texture":"#4","tintindex":0}}},{"from":[15,14.13039,18.65313],"to":[19,15.13039,23.65313],"rotation":{"angle":-22.5,"axis":"x","origin":[8,9.92345,36.25]},"faces":{"north":{"uv":[0,0,6,1],"rotation":180,"texture":"#4","tintindex":0},"east":{"uv":[0,0,1,5],"rotation":270,"texture":"#4","tintindex":0},"south":{"uv":[0,0,6,1],"texture":"#4","tintindex":0},"west":{"uv":[0,0,1,5],"rotation":90,"texture":"#4","tintindex":0},"up":{"uv":[0,0,6,5],"rotation":180,"texture":"#4","tintindex":0},"down":{"uv":[0,0,6,5],"texture":"#4","tintindex":0}}},{"from":[15,3.69797,23.6608],"to":[19,4.69797,29.6608],"rotation":{"angle":22.5,"axis":"x","origin":[8,9.92345,36.25]},"faces":{"north":{"uv":[0,0,6,1],"rotation":180,"texture":"#4","tintindex":0},"east":{"uv":[0,0,1,7],"rotation":270,"texture":"#4","tintindex":0},"south":{"uv":[0,0,6,1],"texture":"#4","tintindex":0},"west":{"uv":[0,0,1,7],"rotation":90,"texture":"#4","tintindex":0},"up":{"uv":[0,0,6,7],"rotation":180,"texture":"#4","tintindex":0},"down":{"uv":[0,0,6,7],"texture":"#4","tintindex":0}}},{"from":[15,4.56332,26.67899],"to":[19,10.56332,27.67899],"rotation":{"angle":-22.5,"axis":"x","origin":[8,10.30613,35.32611]},"faces":{"north":{"uv":[0,0,6,5],"rotation":180,"texture":"#4","tintindex":0},"east":{"uv":[0,0,1,5],"rotation":180,"texture":"#4","tintindex":0},"south":{"uv":[0,0,6,5],"rotation":180,"texture":"#4","tintindex":0},"west":{"uv":[0,0,1,5],"rotation":180,"texture":"#4","tintindex":0},"up":{"uv":[0,0,6,1],"texture":"#4","tintindex":0},"down":{"uv":[0,0,6,1],"texture":"#4","tintindex":0}}},{"from":[-4.36874,2,-9.54514],"to":[-3.36874,13,-2.54514],"rotation":{"angle":-22.5,"axis":"y","origin":[8,9.92345,7.25]},"faces":{"north":{"uv":[0,0,1,11],"texture":"#4","tintindex":0},"east":{"uv":[0,0,7,11],"texture":"#4","tintindex":0},"south":{"uv":[0,0,1,11],"texture":"#4","tintindex":0},"west":{"uv":[0,0,7,11],"texture":"#4","tintindex":0},"up":{"uv":[0,0,7,1],"rotation":270,"texture":"#4","tintindex":0},"down":{"uv":[0,0,7,1],"rotation":90,"texture":"#4","tintindex":0}}},{"from":[19.36874,2,-9.54514],"to":[20.36874,13,-2.54514],"rotation":{"angle":22.5,"axis":"y","origin":[8,9.92345,7.25]},"faces":{"north":{"uv":[0,0,1,11],"texture":"#4","tintindex":0},"east":{"uv":[0,0,7,11],"texture":"#4","tintindex":0},"south":{"uv":[0,0,1,11],"texture":"#4","tintindex":0},"west":{"uv":[0,0,7,11],"texture":"#4","tintindex":0},"up":{"uv":[0,0,7,1],"rotation":270,"texture":"#4","tintindex":0},"down":{"uv":[0,0,7,1],"rotation":90,"texture":"#4","tintindex":0}}},{"from":[3,13,-12],"to":[13,13,1],"faces":{"north":{"uv":[0,0,10,0],"texture":"#4","tintindex":0},"east":{"uv":[0,0,13,0],"texture":"#4","tintindex":0},"south":{"uv":[0,0,10,0],"texture":"#4","tintindex":0},"west":{"uv":[0,0,13,0],"texture":"#4","tintindex":0},"up":{"uv":[0,0,10,13],"texture":"#4","tintindex":0},"down":{"uv":[0,0,10,13],"texture":"#4","tintindex":0}}},{"from":[1.51005,13,-7.19583],"to":[3.51005,13.5,1.80417],"rotation":{"angle":0,"axis":"y","origin":[0.01005,0,-0.19583]},"faces":{"north":{"uv":[0,0,2,0.5],"texture":"#4","tintindex":0},"east":{"uv":[0,0,7,0.5],"texture":"#4","tintindex":0},"south":{"uv":[0,0,2,0.5],"texture":"#4","tintindex":0},"west":{"uv":[0,0,7,0.5],"texture":"#4","tintindex":0},"up":{"uv":[14,0,16,7],"texture":"#4","tintindex":0},"down":{"uv":[0,0,2,7],"texture":"#4","tintindex":0}}},{"from":[12.51005,13,-7.19583],"to":[14.51005,13.5,1.80417],"rotation":{"angle":0,"axis":"y","origin":[0.01005,0,-0.19583]},"faces":{"north":{"uv":[0,0,2,0.5],"texture":"#4","tintindex":0},"east":{"uv":[0,0,7,0.5],"texture":"#4","tintindex":0},"south":{"uv":[0,0,2,0.5],"texture":"#4","tintindex":0},"west":{"uv":[0,0,7,0.5],"texture":"#4","tintindex":0},"up":{"uv":[0,0,2,7],"texture":"#4","tintindex":0},"down":{"uv":[0,0,2,7],"texture":"#4","tintindex":0}}},{"from":[-0.97802,13,-13.48747],"to":[1.02198,13.5,-8.28747],"rotation":{"angle":-22.5,"axis":"y","origin":[-2.47802,0,-1.48747]},"faces":{"north":{"uv":[0,0,2,0.5],"texture":"#4","tintindex":0},"east":{"uv":[0,0,7,0.5],"texture":"#4","tintindex":0},"south":{"uv":[0,0,2,0.5],"texture":"#4","tintindex":0},"west":{"uv":[0,0,7,0.5],"texture":"#4","tintindex":0},"up":{"uv":[14,0,16,7],"texture":"#4","tintindex":0},"down":{"uv":[0,0,2,7],"texture":"#4","tintindex":0}}},{"from":[15.35862,13,-11.57405],"to":[17.35862,13.5,-6.37405],"rotation":{"angle":22.5,"axis":"y","origin":[13.85862,0,0.42595]},"faces":{"north":{"uv":[0,0,2,0.5],"texture":"#4","tintindex":0},"east":{"uv":[0,0,7,0.5],"texture":"#4","tintindex":0},"south":{"uv":[0,0,2,0.5],"texture":"#4","tintindex":0},"west":{"uv":[0,0,7,0.5],"texture":"#4","tintindex":0},"up":{"uv":[14,0,16,7],"texture":"#4","tintindex":0},"down":{"uv":[0,0,2,7],"texture":"#4","tintindex":0}}},{"from":[3.5,13,-12],"to":[12.5,13.5,1],"faces":{"north":{"uv":[0,0,9,0.5],"texture":"#4","tintindex":0},"east":{"uv":[0,0,13,0.5],"texture":"#4","tintindex":0},"south":{"uv":[0,0,9,0.5],"texture":"#4","tintindex":0},"west":{"uv":[0,0,13,0.5],"texture":"#4","tintindex":0},"up":{"uv":[3,1,12,14],"texture":"#4","tintindex":0},"down":{"uv":[0,0,9,13],"texture":"#4","tintindex":0}}},{"from":[1,12,-8],"to":[3,13,1],"faces":{"north":{"uv":[0,0,2,1],"texture":"#4","tintindex":0},"east":{"uv":[0,0,9,1],"texture":"#4","tintindex":0},"south":{"uv":[0,0,2,1],"texture":"#4","tintindex":0},"west":{"uv":[0,0,9,1],"texture":"#4","tintindex":0},"up":{"uv":[0,0,2,9],"texture":"#4","tintindex":0},"down":{"uv":[0,0,2,9],"texture":"#4","tintindex":0}}},{"from":[13,12,-8],"to":[15,13,1],"faces":{"north":{"uv":[0,0,2,1],"texture":"#4","tintindex":0},"east":{"uv":[0,0,9,1],"texture":"#4","tintindex":0},"south":{"uv":[0,0,2,1],"texture":"#4","tintindex":0},"west":{"uv":[0,0,9,1],"texture":"#4","tintindex":0},"up":{"uv":[0,0,2,9],"texture":"#4","tintindex":0},"down":{"uv":[0,0,2,9],"texture":"#4","tintindex":0}}},{"from":[2,12,-10.5],"to":[3,13,-8],"rotation":{"angle":0,"axis":"y","origin":[0,0,0.5]},"faces":{"north":{"uv":[0,0,1,1],"texture":"#4","tintindex":0},"east":{"uv":[0,0,2.5,1],"texture":"#4","tintindex":0},"south":{"uv":[0,0,1,1],"texture":"#4","tintindex":0},"west":{"uv":[0,0,2.5,1],"texture":"#4","tintindex":0},"up":{"uv":[0,0,1,2.5],"texture":"#4","tintindex":0},"down":{"uv":[0,0,1,2.5],"texture":"#4","tintindex":0}}},{"from":[13,12,-10.5],"to":[14,13,-8],"rotation":{"angle":0,"axis":"y","origin":[0,0,0.5]},"faces":{"north":{"uv":[0,0,1,1],"texture":"#4","tintindex":0},"east":{"uv":[0,0,2.5,1],"texture":"#4","tintindex":0},"south":{"uv":[0,0,1,1],"texture":"#4","tintindex":0},"west":{"uv":[0,0,2.5,1],"texture":"#4","tintindex":0},"up":{"uv":[0,0,1,2.5],"texture":"#4","tintindex":0},"down":{"uv":[0,0,1,2.5],"texture":"#4","tintindex":0}}},{"from":[2,2,-10.5],"to":[3,3,-8],"rotation":{"angle":0,"axis":"y","origin":[0,0,0.5]},"faces":{"north":{"uv":[0,0,1,1],"texture":"#4","tintindex":0},"east":{"uv":[0,0,2.5,1],"texture":"#4","tintindex":0},"south":{"uv":[0,0,1,1],"texture":"#4","tintindex":0},"west":{"uv":[0,0,2.5,1],"texture":"#4","tintindex":0},"up":{"uv":[0,0,1,2.5],"texture":"#4","tintindex":0},"down":{"uv":[0,0,1,2.5],"texture":"#4","tintindex":0}}},{"from":[1,2,-8],"to":[3,3,1],"faces":{"north":{"uv":[0,0,2,1],"texture":"#4","tintindex":0},"east":{"uv":[0,0,9,1],"texture":"#4","tintindex":0},"south":{"uv":[0,0,2,1],"texture":"#4","tintindex":0},"west":{"uv":[0,0,9,1],"texture":"#4","tintindex":0},"up":{"uv":[0,0,2,9],"texture":"#4","tintindex":0},"down":{"uv":[0,0,2,9],"texture":"#4","tintindex":0}}},{"from":[3,2,-12],"to":[13,2,1],"faces":{"north":{"uv":[0,0,10,0],"texture":"#4","tintindex":0},"east":{"uv":[0,0,13,0],"texture":"#4","tintindex":0},"south":{"uv":[0,0,10,0],"texture":"#4","tintindex":0},"west":{"uv":[0,0,13,0],"texture":"#4","tintindex":0},"up":{"uv":[0,0,10,13],"texture":"#4","tintindex":0},"down":{"uv":[0,0,10,13],"texture":"#4","tintindex":0}}},{"from":[13,2,-10.5],"to":[14,3,-8],"rotation":{"angle":0,"axis":"y","origin":[0,0,0.5]},"faces":{"north":{"uv":[0,0,1,1],"texture":"#4","tintindex":0},"east":{"uv":[0,0,2.5,1],"texture":"#4","tintindex":0},"south":{"uv":[0,0,1,1],"texture":"#4","tintindex":0},"west":{"uv":[0,0,2.5,1],"texture":"#4","tintindex":0},"up":{"uv":[0,0,1,2.5],"texture":"#4","tintindex":0},"down":{"uv":[0,0,1,2.5],"texture":"#4","tintindex":0}}},{"from":[13,2,-8],"to":[15,3,1],"faces":{"north":{"uv":[0,0,2,1],"texture":"#4","tintindex":0},"east":{"uv":[0,0,9,1],"texture":"#4","tintindex":0},"south":{"uv":[0,0,2,1],"texture":"#4","tintindex":0},"west":{"uv":[0,0,9,1],"texture":"#4","tintindex":0},"up":{"uv":[0,0,2,9],"texture":"#4","tintindex":0},"down":{"uv":[0,0,2,9],"texture":"#4","tintindex":0}}},{"from":[16,0.61898,-3.52489],"to":[19,2.61898,-0.52489],"rotation":{"angle":22.5,"axis":"x","origin":[8,9.92345,7.25]},"faces":{"north":{"uv":[0,0,3,2],"texture":"#14"},"east":{"uv":[0,0,3,2],"texture":"#14"},"south":{"uv":[0,0,3,2],"texture":"#14"},"west":{"uv":[0,0,3,2],"texture":"#14"},"up":{"uv":[0,0,3,3],"texture":"#14"},"down":{"uv":[0,0,3,3],"texture":"#14"}}},{"from":[16,-4.62366,-3.52489],"to":[19,-2.62366,-0.52489],"rotation":{"angle":22.5,"axis":"x","origin":[8,9.92345,7.25]},"faces":{"north":{"uv":[0,0,3,2],"texture":"#14"},"east":{"uv":[0,0,3,2],"texture":"#14"},"south":{"uv":[0,0,3,2],"texture":"#14"},"west":{"uv":[0,0,3,2],"texture":"#14"},"up":{"uv":[0,0,3,3],"texture":"#14"},"down":{"uv":[0,0,3,3],"texture":"#14"}}},{"from":[16,-2.50234,-0.40357],"to":[19,0.49766,1.59643],"rotation":{"angle":22.5,"axis":"x","origin":[8,9.92345,7.25]},"faces":{"north":{"uv":[0,0,3,3],"rotation":180,"texture":"#14"},"east":{"uv":[0,0,3,2],"rotation":270,"texture":"#14"},"south":{"uv":[0,0,3,3],"texture":"#14"},"west":{"uv":[0,0,3,2],"rotation":90,"texture":"#14"},"up":{"uv":[0,0,3,2],"rotation":180,"texture":"#14"},"down":{"uv":[0,0,3,2],"texture":"#14"}}},{"from":[16,7.25608,-5.41272],"to":[19,10.25608,-3.41272],"rotation":{"angle":-22.5,"axis":"x","origin":[8,9.92345,7.25]},"faces":{"north":{"uv":[0,0,3,3],"rotation":180,"texture":"#14"},"east":{"uv":[0,0,3,2],"rotation":270,"texture":"#14"},"south":{"uv":[0,0,3,3],"texture":"#14"},"west":{"uv":[0,0,3,2],"rotation":90,"texture":"#14"},"up":{"uv":[0,0,3,2],"rotation":180,"texture":"#14"},"down":{"uv":[0,0,3,2],"texture":"#14"}}},{"from":[16,5.13476,-8.53404],"to":[19,7.13476,-5.53404],"rotation":{"angle":-22.5,"axis":"x","origin":[8,9.92345,7.25]},"faces":{"north":{"uv":[0,0,3,2],"rotation":180,"texture":"#14"},"east":{"uv":[0,0,3,2],"rotation":180,"texture":"#14"},"south":{"uv":[0,0,3,2],"rotation":180,"texture":"#14"},"west":{"uv":[0,0,3,2],"rotation":180,"texture":"#14"},"up":{"uv":[0,0,3,3],"texture":"#14"},"down":{"uv":[0,0,3,3],"texture":"#14"}}},{"from":[16,10.3774,-8.53404],"to":[19,12.3774,-5.53404],"rotation":{"angle":-22.5,"axis":"x","origin":[8,9.92345,7.25]},"faces":{"north":{"uv":[0,0,3,2],"texture":"#14"},"east":{"uv":[0,0,3,2],"texture":"#14"},"south":{"uv":[0,0,3,2],"texture":"#14"},"west":{"uv":[0,0,3,2],"texture":"#14"},"up":{"uv":[0,0,3,3],"texture":"#14"},"down":{"uv":[0,0,3,3],"texture":"#14"}}},{"from":[16,7.25608,-10.65536],"to":[19,10.25608,-8.65536],"rotation":{"angle":-22.5,"axis":"x","origin":[8,9.92345,7.25]},"faces":{"north":{"uv":[0,0,3,3],"rotation":180,"texture":"#14"},"east":{"uv":[0,0,3,2],"rotation":90,"texture":"#14"},"south":{"uv":[0,0,3,3],"texture":"#14"},"west":{"uv":[0,0,3,2],"rotation":270,"texture":"#14"},"up":{"uv":[0,0,3,2],"texture":"#14"},"down":{"uv":[0,0,3,2],"rotation":180,"texture":"#14"}}},{"from":[16,-2.50234,-5.64621],"to":[19,0.49766,-3.64621],"rotation":{"angle":22.5,"axis":"x","origin":[8,9.92345,7.25]},"faces":{"north":{"uv":[0,0,3,3],"rotation":180,"texture":"#14"},"east":{"uv":[0,0,3,2],"rotation":270,"texture":"#14"},"south":{"uv":[0,0,3,3],"texture":"#14"},"west":{"uv":[0,0,3,2],"rotation":90,"texture":"#14"},"up":{"uv":[0,0,3,2],"rotation":180,"texture":"#14"},"down":{"uv":[0,0,3,2],"texture":"#14"}}},{"from":[16,0.61898,25.47511],"to":[19,2.61898,28.47511],"rotation":{"angle":22.5,"axis":"x","origin":[8,9.92345,36.25]},"faces":{"north":{"uv":[0,0,3,2],"texture":"#14"},"east":{"uv":[0,0,3,2],"texture":"#14"},"south":{"uv":[0,0,3,2],"texture":"#14"},"west":{"uv":[0,0,3,2],"texture":"#14"},"up":{"uv":[0,0,3,3],"texture":"#14"},"down":{"uv":[0,0,3,3],"texture":"#14"}}},{"from":[16,-4.62366,25.47511],"to":[19,-2.62366,28.47511],"rotation":{"angle":22.5,"axis":"x","origin":[8,9.92345,36.25]},"faces":{"north":{"uv":[0,0,3,2],"texture":"#14"},"east":{"uv":[0,0,3,2],"texture":"#14"},"south":{"uv":[0,0,3,2],"texture":"#14"},"west":{"uv":[0,0,3,2],"texture":"#14"},"up":{"uv":[0,0,3,3],"texture":"#14"},"down":{"uv":[0,0,3,3],"texture":"#14"}}},{"from":[16,-2.50234,28.59643],"to":[19,0.49766,30.59643],"rotation":{"angle":22.5,"axis":"x","origin":[8,9.92345,36.25]},"faces":{"north":{"uv":[0,0,3,3],"rotation":180,"texture":"#14"},"east":{"uv":[0,0,3,2],"rotation":270,"texture":"#14"},"south":{"uv":[0,0,3,3],"texture":"#14"},"west":{"uv":[0,0,3,2],"rotation":90,"texture":"#14"},"up":{"uv":[0,0,3,2],"rotation":180,"texture":"#14"},"down":{"uv":[0,0,3,2],"texture":"#14"}}},{"from":[16,7.25608,23.58728],"to":[19,10.25608,25.58728],"rotation":{"angle":-22.5,"axis":"x","origin":[8,9.92345,36.25]},"faces":{"north":{"uv":[0,0,3,3],"rotation":180,"texture":"#14"},"east":{"uv":[0,0,3,2],"rotation":270,"texture":"#14"},"south":{"uv":[0,0,3,3],"texture":"#14"},"west":{"uv":[0,0,3,2],"rotation":90,"texture":"#14"},"up":{"uv":[0,0,3,2],"rotation":180,"texture":"#14"},"down":{"uv":[0,0,3,2],"texture":"#14"}}},{"from":[16,5.13476,20.46596],"to":[19,7.13476,23.46596],"rotation":{"angle":-22.5,"axis":"x","origin":[8,9.92345,36.25]},"faces":{"north":{"uv":[0,0,3,2],"rotation":180,"texture":"#14"},"east":{"uv":[0,0,3,2],"rotation":180,"texture":"#14"},"south":{"uv":[0,0,3,2],"rotation":180,"texture":"#14"},"west":{"uv":[0,0,3,2],"rotation":180,"texture":"#14"},"up":{"uv":[0,0,3,3],"texture":"#14"},"down":{"uv":[0,0,3,3],"texture":"#14"}}},{"from":[16,10.3774,20.46596],"to":[19,12.3774,23.46596],"rotation":{"angle":-22.5,"axis":"x","origin":[8,9.92345,36.25]},"faces":{"north":{"uv":[0,0,3,2],"texture":"#14"},"east":{"uv":[0,0,3,2],"texture":"#14"},"south":{"uv":[0,0,3,2],"texture":"#14"},"west":{"uv":[0,0,3,2],"texture":"#14"},"up":{"uv":[0,0,3,3],"texture":"#14"},"down":{"uv":[0,0,3,3],"texture":"#14"}}},{"from":[16,7.25608,18.34464],"to":[19,10.25608,20.34464],"rotation":{"angle":-22.5,"axis":"x","origin":[8,9.92345,36.25]},"faces":{"north":{"uv":[0,0,3,3],"rotation":180,"texture":"#14"},"east":{"uv":[0,0,3,2],"rotation":90,"texture":"#14"},"south":{"uv":[0,0,3,3],"texture":"#14"},"west":{"uv":[0,0,3,2],"rotation":270,"texture":"#14"},"up":{"uv":[0,0,3,2],"texture":"#14"},"down":{"uv":[0,0,3,2],"rotation":180,"texture":"#14"}}},{"from":[16,-2.50234,23.35379],"to":[19,0.49766,25.35379],"rotation":{"angle":22.5,"axis":"x","origin":[8,9.92345,36.25]},"faces":{"north":{"uv":[0,0,3,3],"rotation":180,"texture":"#14"},"east":{"uv":[0,0,3,2],"rotation":270,"texture":"#14"},"south":{"uv":[0,0,3,3],"texture":"#14"},"west":{"uv":[0,0,3,2],"rotation":90,"texture":"#14"},"up":{"uv":[0,0,3,2],"rotation":180,"texture":"#14"},"down":{"uv":[0,0,3,2],"texture":"#14"}}},{"from":[-3,0.61898,-3.52489],"to":[0,2.61898,-0.52489],"rotation":{"angle":22.5,"axis":"x","origin":[8,9.92345,7.25]},"faces":{"north":{"uv":[0,0,3,2],"texture":"#14"},"east":{"uv":[0,0,3,2],"texture":"#14"},"south":{"uv":[0,0,3,2],"texture":"#14"},"west":{"uv":[0,0,3,2],"texture":"#14"},"up":{"uv":[0,0,3,3],"texture":"#14"},"down":{"uv":[0,0,3,3],"texture":"#14"}}},{"from":[-3,-4.62366,-3.52489],"to":[0,-2.62366,-0.52489],"rotation":{"angle":22.5,"axis":"x","origin":[8,9.92345,7.25]},"faces":{"north":{"uv":[0,0,3,2],"texture":"#14"},"east":{"uv":[0,0,3,2],"texture":"#14"},"south":{"uv":[0,0,3,2],"texture":"#14"},"west":{"uv":[0,0,3,2],"texture":"#14"},"up":{"uv":[0,0,3,3],"texture":"#14"},"down":{"uv":[0,0,3,3],"texture":"#14"}}},{"from":[-3,-2.50234,-0.40357],"to":[0,0.49766,1.59643],"rotation":{"angle":22.5,"axis":"x","origin":[8,9.92345,7.25]},"faces":{"north":{"uv":[0,0,3,3],"rotation":180,"texture":"#14"},"east":{"uv":[0,0,3,2],"rotation":270,"texture":"#14"},"south":{"uv":[0,0,3,3],"texture":"#14"},"west":{"uv":[0,0,3,2],"rotation":90,"texture":"#14"},"up":{"uv":[0,0,3,2],"rotation":180,"texture":"#14"},"down":{"uv":[0,0,3,2],"texture":"#14"}}},{"from":[-3,7.25608,-5.41272],"to":[0,10.25608,-3.41272],"rotation":{"angle":-22.5,"axis":"x","origin":[8,9.92345,7.25]},"faces":{"north":{"uv":[0,0,3,3],"rotation":180,"texture":"#14"},"east":{"uv":[0,0,3,2],"rotation":270,"texture":"#14"},"south":{"uv":[0,0,3,3],"texture":"#14"},"west":{"uv":[0,0,3,2],"rotation":90,"texture":"#14"},"up":{"uv":[0,0,3,2],"rotation":180,"texture":"#14"},"down":{"uv":[0,0,3,2],"texture":"#14"}}},{"from":[-3,5.13476,-8.53404],"to":[0,7.13476,-5.53404],"rotation":{"angle":-22.5,"axis":"x","origin":[8,9.92345,7.25]},"faces":{"north":{"uv":[0,0,3,2],"rotation":180,"texture":"#14"},"east":{"uv":[0,0,3,2],"rotation":180,"texture":"#14"},"south":{"uv":[0,0,3,2],"rotation":180,"texture":"#14"},"west":{"uv":[0,0,3,2],"rotation":180,"texture":"#14"},"up":{"uv":[0,0,3,3],"texture":"#14"},"down":{"uv":[0,0,3,3],"texture":"#14"}}},{"from":[-3,10.3774,-8.53404],"to":[0,12.3774,-5.53404],"rotation":{"angle":-22.5,"axis":"x","origin":[8,9.92345,7.25]},"faces":{"north":{"uv":[0,0,3,2],"texture":"#14"},"east":{"uv":[0,0,3,2],"texture":"#14"},"south":{"uv":[0,0,3,2],"texture":"#14"},"west":{"uv":[0,0,3,2],"texture":"#14"},"up":{"uv":[0,0,3,3],"texture":"#14"},"down":{"uv":[0,0,3,3],"texture":"#14"}}},{"from":[-3,7.25608,-10.65536],"to":[0,10.25608,-8.65536],"rotation":{"angle":-22.5,"axis":"x","origin":[8,9.92345,7.25]},"faces":{"north":{"uv":[0,0,3,3],"rotation":180,"texture":"#14"},"east":{"uv":[0,0,3,2],"rotation":90,"texture":"#14"},"south":{"uv":[0,0,3,3],"texture":"#14"},"west":{"uv":[0,0,3,2],"rotation":270,"texture":"#14"},"up":{"uv":[0,0,3,2],"texture":"#14"},"down":{"uv":[0,0,3,2],"rotation":180,"texture":"#14"}}},{"from":[-3,-2.50234,-5.64621],"to":[0,0.49766,-3.64621],"rotation":{"angle":22.5,"axis":"x","origin":[8,9.92345,7.25]},"faces":{"north":{"uv":[0,0,3,3],"rotation":180,"texture":"#14"},"east":{"uv":[0,0,3,2],"rotation":270,"texture":"#14"},"south":{"uv":[0,0,3,3],"texture":"#14"},"west":{"uv":[0,0,3,2],"rotation":90,"texture":"#14"},"up":{"uv":[0,0,3,2],"rotation":180,"texture":"#14"},"down":{"uv":[0,0,3,2],"texture":"#14"}}},{"from":[-3,0.61898,25.47511],"to":[0,2.61898,28.47511],"rotation":{"angle":22.5,"axis":"x","origin":[8,9.92345,36.25]},"faces":{"north":{"uv":[0,0,3,2],"texture":"#14"},"east":{"uv":[0,0,3,2],"texture":"#14"},"south":{"uv":[0,0,3,2],"texture":"#14"},"west":{"uv":[0,0,3,2],"texture":"#14"},"up":{"uv":[0,0,3,3],"texture":"#14"},"down":{"uv":[0,0,3,3],"texture":"#14"}}},{"from":[-3,-4.62366,25.47511],"to":[0,-2.62366,28.47511],"rotation":{"angle":22.5,"axis":"x","origin":[8,9.92345,36.25]},"faces":{"north":{"uv":[0,0,3,2],"texture":"#14"},"east":{"uv":[0,0,3,2],"texture":"#14"},"south":{"uv":[0,0,3,2],"texture":"#14"},"west":{"uv":[0,0,3,2],"texture":"#14"},"up":{"uv":[0,0,3,3],"texture":"#14"},"down":{"uv":[0,0,3,3],"texture":"#14"}}},{"from":[-3,-2.50234,28.59643],"to":[0,0.49766,30.59643],"rotation":{"angle":22.5,"axis":"x","origin":[8,9.92345,36.25]},"faces":{"north":{"uv":[0,0,3,3],"rotation":180,"texture":"#14"},"east":{"uv":[0,0,3,2],"rotation":270,"texture":"#14"},"south":{"uv":[0,0,3,3],"texture":"#14"},"west":{"uv":[0,0,3,2],"rotation":90,"texture":"#14"},"up":{"uv":[0,0,3,2],"rotation":180,"texture":"#14"},"down":{"uv":[0,0,3,2],"texture":"#14"}}},{"from":[-3,7.25608,23.58728],"to":[0,10.25608,25.58728],"rotation":{"angle":-22.5,"axis":"x","origin":[8,9.92345,36.25]},"faces":{"north":{"uv":[0,0,3,3],"rotation":180,"texture":"#14"},"east":{"uv":[0,0,3,2],"rotation":270,"texture":"#14"},"south":{"uv":[0,0,3,3],"texture":"#14"},"west":{"uv":[0,0,3,2],"rotation":90,"texture":"#14"},"up":{"uv":[0,0,3,2],"rotation":180,"texture":"#14"},"down":{"uv":[0,0,3,2],"texture":"#14"}}},{"from":[-3,5.13476,20.46596],"to":[0,7.13476,23.46596],"rotation":{"angle":-22.5,"axis":"x","origin":[8,9.92345,36.25]},"faces":{"north":{"uv":[0,0,3,2],"rotation":180,"texture":"#14"},"east":{"uv":[0,0,3,2],"rotation":180,"texture":"#14"},"south":{"uv":[0,0,3,2],"rotation":180,"texture":"#14"},"west":{"uv":[0,0,3,2],"rotation":180,"texture":"#14"},"up":{"uv":[0,0,3,3],"texture":"#14"},"down":{"uv":[0,0,3,3],"texture":"#14"}}},{"from":[-3,10.3774,20.46596],"to":[0,12.3774,23.46596],"rotation":{"angle":-22.5,"axis":"x","origin":[8,9.92345,36.25]},"faces":{"north":{"uv":[0,0,3,2],"texture":"#14"},"east":{"uv":[0,0,3,2],"texture":"#14"},"south":{"uv":[0,0,3,2],"texture":"#14"},"west":{"uv":[0,0,3,2],"texture":"#14"},"up":{"uv":[0,0,3,3],"texture":"#14"},"down":{"uv":[0,0,3,3],"texture":"#14"}}},{"from":[-3,7.25608,18.34464],"to":[0,10.25608,20.34464],"rotation":{"angle":-22.5,"axis":"x","origin":[8,9.92345,36.25]},"faces":{"north":{"uv":[0,0,3,3],"rotation":180,"texture":"#14"},"east":{"uv":[0,0,3,2],"rotation":90,"texture":"#14"},"south":{"uv":[0,0,3,3],"texture":"#14"},"west":{"uv":[0,0,3,2],"rotation":270,"texture":"#14"},"up":{"uv":[0,0,3,2],"texture":"#14"},"down":{"uv":[0,0,3,2],"rotation":180,"texture":"#14"}}},{"from":[-3,-2.50234,23.35379],"to":[0,0.49766,25.35379],"rotation":{"angle":22.5,"axis":"x","origin":[8,9.92345,36.25]},"faces":{"north":{"uv":[0,0,3,3],"rotation":180,"texture":"#14"},"east":{"uv":[0,0,3,2],"rotation":270,"texture":"#14"},"south":{"uv":[0,0,3,3],"texture":"#14"},"west":{"uv":[0,0,3,2],"rotation":90,"texture":"#14"},"up":{"uv":[0,0,3,2],"rotation":180,"texture":"#14"},"down":{"uv":[0,0,3,2],"texture":"#14"}}},{"from":[-2,2,22],"to":[-0.6,5,25],"faces":{"north":{"uv":[0,0,16,3],"texture":"#14"},"east":{"uv":[6,6,10,10],"texture":"#15"},"south":{"uv":[0,0,16,3],"texture":"#14"},"west":{"uv":[1,1,5,5],"texture":"#15"},"up":{"uv":[0,0,16,3],"texture":"#14"},"down":{"uv":[0,0,16,3],"texture":"#14"}}},{"from":[16.3,2,22],"to":[18.3,5,25],"faces":{"north":{"uv":[0,0,16,3],"texture":"#14"},"east":{"uv":[6,6,10,10],"texture":"#15"},"south":{"uv":[0,0,16,3],"texture":"#14"},"west":{"uv":[1,1,5,5],"texture":"#15"},"up":{"uv":[0,0,16,3],"texture":"#14"},"down":{"uv":[0,0,16,3],"texture":"#14"}}},{"from":[-2,2.1,-7],"to":[18,5.1,-4],"faces":{"north":{"uv":[0,0,16,3],"texture":"#14"},"east":{"uv":[6,6,10,10],"texture":"#15"},"south":{"uv":[0,0,16,3],"texture":"#14"},"west":{"uv":[1,1,5,5],"texture":"#15"},"up":{"uv":[0,0,16,3],"texture":"#14"},"down":{"uv":[0,0,16,3],"texture":"#14"}}},{"from":[1,7,13],"to":[15,16,14],"faces":{"north":{"uv":[1,1,15,10],"texture":"#16"},"east":{"uv":[0,1,1,10],"texture":"#16"},"south":{"uv":[1,1,15,10],"texture":"#16"},"west":{"uv":[0,1,1,10],"texture":"#16"},"up":{"uv":[1,0,15,1],"texture":"#16"},"down":{"uv":[0,0,14,1],"texture":"#missing"}}},{"from":[2,16,13],"to":[14,18,14],"faces":{"north":{"uv":[2,14,14,16],"texture":"#16"},"east":{"uv":[0,1,1,3],"texture":"#16"},"south":{"uv":[2,14,14,16],"texture":"#16"},"west":{"uv":[0,1,1,3],"texture":"#16"},"up":{"uv":[2,0,14,1],"texture":"#16"},"down":{"uv":[2,0,14,1],"texture":"#16"}}},{"from":[1,6,5],"to":[15,7,14],"rotation":{"angle":0,"axis":"x","origin":[8,11.5,13.5]},"faces":{"north":{"uv":[1,0,15,1],"rotation":180,"texture":"#16"},"east":{"uv":[0,1,1,10],"rotation":90,"texture":"#16"},"south":{"uv":[0,0,14,1],"texture":"#missing"},"west":{"uv":[0,1,1,10],"rotation":270,"texture":"#16"},"up":{"uv":[1,1,15,10],"texture":"#16"},"down":{"uv":[1,1,15,10],"rotation":180,"texture":"#16"}}},{"from":[6.10471,12.25,29.25333],"to":[10.10471,15.25,31.25333],"rotation":{"angle":0,"axis":"y","origin":[8.05069,13.1695,28.05402]},"faces":{"north":{"uv":[14,5.5,16,7],"texture":"#0"},"east":{"uv":[12,0,13,1.5],"texture":"#0"},"south":{"uv":[13,0,15,1.5],"texture":"#0"},"west":{"uv":[12,0,13,1.5],"texture":"#0"},"up":{"uv":[15,0,16,2],"rotation":90,"texture":"#0"},"down":{"uv":[15,0,16,2],"rotation":270,"texture":"#0"}}},{"from":[6.60471,13.60088,29.90287],"to":[9.60471,15.60088,31.90287],"rotation":{"angle":22.5,"axis":"x","origin":[8.05069,13.1695,28.05402]},"faces":{"north":{"uv":[13.5,2,15,3],"texture":"#0"},"east":{"uv":[12.5,2,13.5,3],"texture":"#0"},"south":{"uv":[13.5,2,15,3],"texture":"#0"},"west":{"uv":[12.5,2,13.5,3],"texture":"#0"},"up":{"uv":[15,2,16,3.5],"rotation":90,"texture":"#0"},"down":{"uv":[15,2,16,3.5],"rotation":270,"texture":"#0"}}},{"from":[5.60471,14.70387,28.63647],"to":[10.60471,17.70387,28.63647],"rotation":{"angle":22.5,"axis":"x","origin":[8.05069,13.1695,28.05402]},"faces":{"north":{"uv":[13.5,3.5,16,5],"texture":"#0"},"south":{"uv":[13.5,3.5,16,5],"texture":"#0"}}},{"from":[5.60471,10.61061,30.22675],"to":[10.60471,10.61061,31.22675],"rotation":{"angle":-45,"axis":"x","origin":[8.05069,13.1695,28.05402]},"faces":{"up":{"uv":[13.5,5,16,5.5],"texture":"#0"},"down":{"uv":[13.5,5,16,5.5],"rotation":180,"texture":"#0"}}},{"from":[6.60471,12,25.25333],"to":[9.60471,14,30.25333],"rotation":{"angle":-22.5,"axis":"x","origin":[8.05069,13.1695,28.05402]},"faces":{"north":{"uv":[9.5,5.5,11,6.5],"texture":"#0"},"east":{"uv":[11,5.5,13.5,6.5],"texture":"#0"},"south":{"uv":[9.5,5.5,11,6.5],"texture":"#0"},"west":{"uv":[11,5.5,13.5,6.5],"texture":"#0"},"up":{"uv":[13.5,5.5,16,7],"rotation":90,"texture":"#0"},"down":{"uv":[13.5,5.5,16,7],"rotation":270,"texture":"#0"}}},{"from":[6.21703,11.75,29.40569],"to":[7.21703,12.75,31.40569],"rotation":{"angle":-22.5,"axis":"y","origin":[8.05069,13.1695,28.05402]},"faces":{"north":{"uv":[12.5,6.5,13,7],"texture":"#0"},"east":{"uv":[12.5,6.5,13.5,7],"texture":"#0"},"south":{"uv":[12.5,6.5,13,7],"texture":"#0"},"west":{"uv":[13.5,6.5,12.5,7],"texture":"#0"},"up":{"uv":[12.5,6.5,13.5,7],"rotation":90,"texture":"#0"},"down":{"uv":[12.5,6.5,13.5,7],"rotation":270,"texture":"#0"}}},{"from":[5.21703,10.75,26.40569],"to":[6.21703,11.75,28.40569],"rotation":{"angle":-22.5,"axis":"y","origin":[8.05069,13.1695,28.05402]},"faces":{"north":{"uv":[12.5,6.5,13,7],"texture":"#0"},"east":{"uv":[12.5,6.5,13.5,7],"texture":"#0"},"south":{"uv":[12.5,6.5,13,7],"texture":"#0"},"west":{"uv":[12.5,6.5,13.5,7],"texture":"#0"},"up":{"uv":[12.5,6.5,13.5,7],"rotation":90,"texture":"#0"},"down":{"uv":[12.5,6.5,13.5,7],"rotation":270,"texture":"#0"}}},{"from":[8.96783,11.75,29.43398],"to":[9.96783,12.75,31.43398],"rotation":{"angle":22.5,"axis":"y","origin":[8.05069,13.1695,28.05402]},"faces":{"north":{"uv":[13,6.5,12.5,7],"texture":"#0"},"east":{"uv":[12.5,6.5,13.5,7],"texture":"#0"},"south":{"uv":[13,6.5,12.5,7],"texture":"#0"},"west":{"uv":[13.5,6.5,12.5,7],"texture":"#0"},"up":{"uv":[12.5,7,13.5,6.5],"rotation":90,"texture":"#0"},"down":{"uv":[12.5,7,13.5,6.5],"rotation":270,"texture":"#0"}}},{"from":[9.96783,10.75,26.43398],"to":[10.96783,11.75,28.43398],"rotation":{"angle":22.5,"axis":"y","origin":[8.05069,13.1695,28.05402]},"faces":{"north":{"uv":[13,6.5,12.5,7],"texture":"#0"},"east":{"uv":[13.5,6.5,12.5,7],"texture":"#0"},"south":{"uv":[13,6.5,12.5,7],"texture":"#0"},"west":{"uv":[13.5,6.5,12.5,7],"texture":"#0"},"up":{"uv":[12.5,7,13.5,6.5],"rotation":90,"texture":"#0"},"down":{"uv":[12.5,7,13.5,6.5],"rotation":270,"texture":"#0"}}},{"from":[2,9,17],"to":[14,16,29],"faces":{"north":{"uv":[0,12.5,6,16],"texture":"#18"},"east":{"uv":[0,12.5,6,16],"texture":"#18"},"south":{"uv":[0,2.5,6,6],"texture":"#18"},"west":{"uv":[0,12.5,6,16],"texture":"#18"},"up":{"uv":[6,10,12,16],"texture":"#18"},"down":{"uv":[0,14,2,16],"texture":"#18"}}},{"from":[3,16,18],"to":[13,20,28],"faces":{"north":{"uv":[0,10.5,5,12.5],"texture":"#18"},"east":{"uv":[0,10.5,5,12.5],"texture":"#18"},"south":{"uv":[0,10.5,5,12.5],"texture":"#18"},"west":{"uv":[0,10.5,5,12.5],"texture":"#18"},"up":{"uv":[7,11,11,15],"texture":"#18"},"down":{"uv":[0,14,2,16],"texture":"#18"}}},{"from":[5,20,20],"to":[11,23,26],"faces":{"north":{"uv":[0,9,3,10.5],"texture":"#18"},"east":{"uv":[0,9,3,10.5],"texture":"#18"},"south":{"uv":[0,9,3,10.5],"texture":"#18"},"west":{"uv":[0,9,3,10.5],"texture":"#18"},"up":{"uv":[8,12,10,14],"texture":"#18"},"down":{"uv":[0,14.5,3,16],"texture":"#18"}}},{"from":[4.75,21.25,19.75],"to":[11.25,23.25,26.25],"rotation":{"angle":0,"axis":"y","origin":[8,21.5,23]},"faces":{"north":{"uv":[2,8,5,9],"texture":"#18"},"east":{"uv":[0,8,3,9],"texture":"#18"},"south":{"uv":[5,8,8,9],"texture":"#18"},"west":{"uv":[13,8,16,9],"texture":"#18"},"up":{"uv":[7.5,11.5,10.5,14.5],"texture":"#18"},"down":{"uv":[8.5,3,11.5,4],"texture":"#18"}}},{"from":[2.75,17.25,17.75],"to":[13.25,20.25,28.25],"rotation":{"angle":0,"axis":"y","origin":[8,21.5,23]},"faces":{"north":{"uv":[11,6,16,7.5],"texture":"#18"},"east":{"uv":[7.5,6,12.5,7.5],"texture":"#18"},"south":{"uv":[3.5,6,8.5,7.5],"texture":"#18"},"west":{"uv":[0,6,5,7.5],"texture":"#18"},"up":{"uv":[6.5,10.5,11.5,15.5],"texture":"#18"},"down":{"uv":[10.5,3.5,13.5,4.5],"texture":"#18"}}},{"from":[1.75,11.25,16.75],"to":[14.25,16.25,29.25],"rotation":{"angle":0,"axis":"y","origin":[8,21.5,23]},"faces":{"north":{"uv":[4,6,10.5,8.5],"texture":"#18"},"east":{"uv":[0,6,6.5,8.5],"texture":"#18"},"south":{"uv":[0.5,6,7,8.5],"texture":"#18"},"west":{"uv":[5.5,6,12,8.5],"texture":"#18"},"up":{"uv":[6,10,12,16],"texture":"#18"},"down":{"uv":[8,0,12.5,3],"texture":"#18"}}},{"from":[7.5,2,-6],"to":[8.5,13,-5],"rotation":{"angle":45,"axis":"x","origin":[0,2,-1]},"faces":{"north":{"uv":[3,12,14,13],"texture":"#6"},"east":{"uv":[3,12,14,13],"texture":"#6"},"south":{"uv":[3,12,14,13],"texture":"#6"},"west":{"uv":[3,12,14,13],"texture":"#6"},"up":{"uv":[3,12,14,13],"texture":"#6"},"down":{"uv":[3,12,14,13],"texture":"#6"}}},{"from":[6.5,13.01,-7],"to":[9.5,13.01,-4],"rotation":{"angle":45,"axis":"x","origin":[0,2,-1]},"faces":{"north":{"uv":[1,1,4.5,1],"texture":"#0"},"east":{"uv":[1,1,4.5,1],"texture":"#0"},"south":{"uv":[1,1,4.5,1],"texture":"#0"},"west":{"uv":[1,1,4.5,1],"texture":"#0"},"up":{"uv":[6,15,9,12],"texture":"#20"},"down":{"uv":[6,12,9,15],"texture":"#20"}}}],"display":{"thirdperson_righthand":{"rotation":[75,45,0],"translation":[0,2.5,0],"scale":[0.375,0.375,0.375]},"thirdperson_lefthand":{"rotation":[75,45,0],"translation":[0,2.5,0],"scale":[0.375,0.375,0.375]},"firstperson_righthand":{"rotation":[0,45,0],"scale":[0.4,0.4,0.4]},"firstperson_lefthand":{"rotation":[0,225,0],"scale":[0.4,0.4,0.4]},"gui":{"rotation":[30,-136,0],"scale":[0.3,0.3,0.3]},"head":{"translation":[0,0,-1.5],"scale":[1.55,1.55,1.55]},"fixed":{"scale":[0.5,0.5,0.5]}},"groups":[{"name":"group","origin":[8,8,8],"color":0,"children":[{"name":"voorlamp v2","origin":[8,8,8],"color":0,"children":[0,1,2,3,4,5,6,7,8]},{"name":"voorlamp v2","origin":[8,8,8],"color":0,"children":[9,10,11,12,13,{"name":"lampen","origin":[8,8,8],"color":0,"children":[]}]},{"name":"bumper","origin":[8,8,8],"color":0,"children":[14,15,16,17,18,19,20,21,22,23,24]},{"name":"grill","origin":[8,8,8],"color":0,"children":[25,26,27,28,29,30,31,32]},33,34,35,36,37,38,39,40,41,42,43,44,45,46,47,48]},{"name":"group","origin":[23,9.92345,30.25],"color":0,"children":[49,50,51,52]},{"name":"chasis","origin":[8,8,8],"color":0,"children":[53,54,55,56,57,58,59,60,61,62,63,64,65,66,67,68,69,70,71,72,73,74,75,76,77,78,79,80,81,82,83,84,85,86,87,88,89,90,91,92,93,94,95]},{"name":"wielen","origin":[8,8,8],"color":0,"children":[96,97,98,99,100,101,102,103,104,105,106,107,108,109,110,111]},{"name":"wielen","origin":[8,8,8],"color":0,"children":[112,113,114,115,116,117,118,119,120,121,122,123,124,125,126,127,128,129,130]},{"name":"stoel","origin":[8,8,8],"color":0,"children":[131,132,133]},{"name":"mouse","origin":[8,8,8],"color":0,"children":[134,135,136,137,138,139,140,141,142]},{"name":"taart","origin":[0,0,0],"color":0,"children":[143,144,145,146,147,148]},149,150],"credit":"Model by Craftventure"}