{"parent":"minecraft:block/cross","ambientocclusion":false,"textures":{"2":"block/white_concrete_powder","4":"block/gray_terracotta"},"elements":[{"from":[0,8,-1],"to":[16,12,17],"rotation":{"angle":0,"axis":"y","origin":[8,17,8]},"faces":{"north":{"uv":[0,2,16,6],"texture":"#2","tintindex":0},"east":{"uv":[0,2,16,6],"texture":"#2","tintindex":0},"south":{"uv":[0,6,16,10],"texture":"#2","tintindex":0},"west":{"uv":[0,2,16,6],"texture":"#2","tintindex":0},"up":{"uv":[0,0,16,16],"texture":"#2","tintindex":0},"down":{"uv":[0,0,16,16],"texture":"#2","tintindex":0}}},{"from":[-2.5,8,-1],"to":[0,12,2],"rotation":{"angle":0,"axis":"y","origin":[5.5,17,8]},"faces":{"north":{"uv":[0,2,2.5,6],"texture":"#2","tintindex":0},"east":{"uv":[0,2,3,6],"texture":"#2","tintindex":0},"south":{"uv":[0,2,2.5,6],"texture":"#2","tintindex":0},"west":{"uv":[0,2,3,6],"texture":"#2","tintindex":0},"up":{"uv":[0,0,2.5,3],"texture":"#2","tintindex":0},"down":{"uv":[0,0,2.5,3],"texture":"#2","tintindex":0}}},{"from":[16,8,-1],"to":[18.5,12,2],"rotation":{"angle":0,"axis":"y","origin":[25,17,8]},"faces":{"north":{"uv":[13.5,2,11,6],"texture":"#2","tintindex":0},"east":{"uv":[0,2,3,6],"texture":"#2","tintindex":0},"south":{"uv":[0,2,2.5,6],"texture":"#2","tintindex":0},"west":{"uv":[0,2,3,6],"texture":"#2","tintindex":0},"up":{"uv":[0,0,2.5,3],"texture":"#2","tintindex":0},"down":{"uv":[0,0,2.5,3],"texture":"#2","tintindex":0}}},{"from":[0,3,-0.5],"to":[16,8,17],"rotation":{"angle":0,"axis":"y","origin":[8,15,8]},"faces":{"north":{"uv":[0,6,16,11],"texture":"#2","tintindex":0},"east":{"uv":[0,4,16,9],"texture":"#2","tintindex":0},"south":{"uv":[0,4,16,9],"texture":"#2","tintindex":0},"west":{"uv":[0,4,16,9],"texture":"#2","tintindex":0},"up":{"uv":[0,0,16,16],"texture":"#2","tintindex":0},"down":{"uv":[0,0,16,16],"texture":"#2","tintindex":0}}},{"from":[-2,3,-0.5],"to":[0,8,1],"rotation":{"angle":0,"axis":"y","origin":[6,15,8]},"faces":{"north":{"uv":[0,6,3,11],"texture":"#2","tintindex":0},"east":{"uv":[0,4,1.5,9],"texture":"#2","tintindex":0},"south":{"uv":[0,4,3,9],"texture":"#2","tintindex":0},"west":{"uv":[0,4,1.5,9],"texture":"#2","tintindex":0},"up":{"uv":[0,0,3,1.5],"texture":"#2","tintindex":0},"down":{"uv":[0,0,3,1.5],"texture":"#2","tintindex":0}}},{"from":[16,3,-0.5],"to":[18,8,1],"rotation":{"angle":0,"axis":"y","origin":[25,15,8]},"faces":{"north":{"uv":[0,6,3,11],"texture":"#2","tintindex":0},"east":{"uv":[0,4,1.5,9],"texture":"#2","tintindex":0},"south":{"uv":[0,4,3,9],"texture":"#2","tintindex":0},"west":{"uv":[0,4,1.5,9],"texture":"#2","tintindex":0},"up":{"uv":[0,0,3,1.5],"texture":"#2","tintindex":0},"down":{"uv":[0,0,3,1.5],"texture":"#2","tintindex":0}}},{"name":"leun","from":[-2,3,1],"to":[0,15,17],"rotation":{"angle":0,"axis":"z","origin":[-7,11,10]},"faces":{"north":{"uv":[3,2,5,14],"texture":"#2","tintindex":0},"east":{"uv":[0,0,16,12],"texture":"#2","tintindex":0},"south":{"uv":[0,2,2,14],"texture":"#2","tintindex":0},"west":{"uv":[0,0,16,12],"texture":"#2","tintindex":0},"up":{"uv":[0,2,16,4],"rotation":270,"texture":"#2","tintindex":0},"down":{"uv":[14,0,16,16],"texture":"#2","tintindex":0}}},{"name":"leun","from":[0,12,1],"to":[1,15,17],"rotation":{"angle":0,"axis":"z","origin":[-6,11,10]},"faces":{"north":{"uv":[0,2,1,5],"texture":"#2","tintindex":0},"east":{"uv":[0,0,13,3],"texture":"#2","tintindex":0},"south":{"uv":[0,2,1,5],"texture":"#2","tintindex":0},"west":{"uv":[0,0,13,3],"texture":"#2","tintindex":0},"up":{"uv":[0,2,13,3],"rotation":270,"texture":"#2","tintindex":0},"down":{"uv":[0,2,13,3],"rotation":270,"texture":"#2","tintindex":0}}},{"name":"leun","from":[-3,15,1],"to":[1,19,17],"rotation":{"angle":0,"axis":"z","origin":[-7,11,10]},"faces":{"north":{"uv":[7,2,11,6],"texture":"#2","tintindex":0},"east":{"uv":[0,0,16,4],"texture":"#2","tintindex":0},"south":{"uv":[0,2,4,6],"texture":"#2","tintindex":0},"west":{"uv":[0,0,16,4],"texture":"#2","tintindex":0},"up":{"uv":[0,2,16,6],"rotation":270,"texture":"#2","tintindex":0},"down":{"uv":[0,2,16,6],"rotation":270,"texture":"#2","tintindex":0}}},{"name":"leun","from":[15,15,1],"to":[19,19,17],"rotation":{"angle":0,"axis":"z","origin":[11,11,10]},"faces":{"north":{"uv":[0,2,4,6],"texture":"#2","tintindex":0},"east":{"uv":[0,0,16,4],"texture":"#2","tintindex":0},"south":{"uv":[0,2,4,6],"texture":"#2","tintindex":0},"west":{"uv":[0,0,16,4],"texture":"#2","tintindex":0},"up":{"uv":[0,2,16,6],"rotation":270,"texture":"#2","tintindex":0},"down":{"uv":[0,2,16,6],"rotation":270,"texture":"#2","tintindex":0}}},{"name":"leun","from":[1,12,14],"to":[15,28,17],"rotation":{"angle":0,"axis":"y","origin":[10,20,22]},"faces":{"north":{"uv":[0,0,14,16],"texture":"#2","tintindex":0},"east":{"uv":[0,2,16,5],"rotation":270,"texture":"#2","tintindex":0},"south":{"uv":[0,0,14,16],"texture":"#2","tintindex":0},"west":{"uv":[0,2,16,5],"rotation":90,"texture":"#2","tintindex":0},"up":{"uv":[0,2,14,5],"rotation":180,"texture":"#2","tintindex":0},"down":{"uv":[0,2,14,5],"texture":"#2","tintindex":0}}},{"name":"leun","from":[-1,28,14],"to":[17,29,17],"rotation":{"angle":0,"axis":"y","origin":[10,23,22]},"faces":{"north":{"uv":[0,0,16,1],"texture":"#2","tintindex":0},"east":{"uv":[0,2,1,5],"rotation":270,"texture":"#2","tintindex":0},"south":{"uv":[0,0,16,1],"texture":"#2","tintindex":0},"west":{"uv":[0,2,1,5],"rotation":90,"texture":"#2","tintindex":0},"up":{"uv":[0,2,16,5],"rotation":180,"texture":"#2","tintindex":0},"down":{"uv":[0,2,16,5],"texture":"#2","tintindex":0}}},{"name":"leun","from":[-2,19,14],"to":[1,28,17],"rotation":{"angle":0,"axis":"y","origin":[6,20,22]},"faces":{"north":{"uv":[0,0,3,9],"texture":"#2","tintindex":0},"east":{"uv":[0,2,9,5],"rotation":270,"texture":"#2","tintindex":0},"south":{"uv":[0,0,3,9],"texture":"#2","tintindex":0},"west":{"uv":[0,2,9,5],"rotation":90,"texture":"#2","tintindex":0},"up":{"uv":[0,2,3,5],"rotation":180,"texture":"#2","tintindex":0},"down":{"uv":[0,2,3,5],"texture":"#2","tintindex":0}}},{"name":"leun","from":[15,19,14],"to":[18,28,17],"rotation":{"angle":0,"axis":"y","origin":[23,20,22]},"faces":{"north":{"uv":[3,0,6,9],"texture":"#2","tintindex":0},"east":{"uv":[0,2,9,5],"rotation":270,"texture":"#2","tintindex":0},"south":{"uv":[0,0,3,9],"texture":"#2","tintindex":0},"west":{"uv":[0,2,9,5],"rotation":90,"texture":"#2","tintindex":0},"up":{"uv":[0,2,3,5],"rotation":180,"texture":"#2","tintindex":0},"down":{"uv":[0,2,3,5],"texture":"#2","tintindex":0}}},{"name":"leun","from":[16,3,1],"to":[18,15,17],"rotation":{"angle":0,"axis":"z","origin":[10,11,10]},"faces":{"north":{"uv":[0,2,2,14],"texture":"#2","tintindex":0},"east":{"uv":[0,0,16,12],"texture":"#2","tintindex":0},"south":{"uv":[0,2,2,14],"texture":"#2","tintindex":0},"west":{"uv":[0,0,16,12],"texture":"#2","tintindex":0},"up":{"uv":[0,2,16,4],"rotation":270,"texture":"#2","tintindex":0},"down":{"uv":[0,0,2,16],"texture":"#2","tintindex":0}}},{"name":"leun","from":[15,12,1],"to":[16,15,17],"rotation":{"angle":0,"axis":"z","origin":[8,11,10]},"faces":{"north":{"uv":[0,2,1,5],"texture":"#2","tintindex":0},"east":{"uv":[0,0,13,3],"texture":"#2","tintindex":0},"south":{"uv":[0,2,1,5],"texture":"#2","tintindex":0},"west":{"uv":[0,0,13,3],"texture":"#2","tintindex":0},"up":{"uv":[0,2,13,3],"rotation":270,"texture":"#2","tintindex":0},"down":{"uv":[0,2,13,3],"rotation":270,"texture":"#2","tintindex":0}}},{"name":"pootjes","from":[-1,0,0.5],"to":[0.5,3,2],"rotation":{"angle":0,"axis":"y","origin":[7,8,8]},"faces":{"north":{"uv":[8,0,9.5,3],"texture":"#4"},"east":{"uv":[8,0,9.5,3],"texture":"#4"},"south":{"uv":[8,0,9.5,3],"texture":"#4"},"west":{"uv":[8,0,9.5,3],"texture":"#4"},"up":{"uv":[8,0,9.5,3],"texture":"#4"},"down":{"uv":[8,0,9.5,3],"texture":"#4"}}},{"name":"pootjes","from":[-1,0,14.5],"to":[0.5,3,16],"rotation":{"angle":0,"axis":"y","origin":[7,8,23]},"faces":{"north":{"uv":[8,0,9.5,3],"texture":"#4"},"east":{"uv":[8,0,9.5,3],"texture":"#4"},"south":{"uv":[8,0,9.5,3],"texture":"#4"},"west":{"uv":[8,0,9.5,3],"texture":"#4"},"up":{"uv":[8,0,9.5,3],"texture":"#4"},"down":{"uv":[8,0,9.5,3],"texture":"#4"}}},{"name":"pootjes","from":[15.5,0,0.5],"to":[17,3,2],"rotation":{"angle":0,"axis":"y","origin":[24,8,8]},"faces":{"north":{"uv":[8,0,9.5,3],"texture":"#4"},"east":{"uv":[8,0,9.5,3],"texture":"#4"},"south":{"uv":[8,0,9.5,3],"texture":"#4"},"west":{"uv":[8,0,9.5,3],"texture":"#4"},"up":{"uv":[8,0,9.5,3],"texture":"#4"},"down":{"uv":[8,0,9.5,3],"texture":"#4"}}},{"name":"pootjes","from":[15.5,0,14.5],"to":[17,3,16],"rotation":{"angle":0,"axis":"y","origin":[24,8,23]},"faces":{"north":{"uv":[8,0,9.5,3],"texture":"#4"},"east":{"uv":[8,0,9.5,3],"texture":"#4"},"south":{"uv":[8,0,9.5,3],"texture":"#4"},"west":{"uv":[8,0,9.5,3],"texture":"#4"},"up":{"uv":[8,0,9.5,3],"texture":"#4"},"down":{"uv":[8,0,9.5,3],"texture":"#4"}}},{"name":"nob","from":[15.5,15.5,0.8],"to":[18.5,18.5,1.3],"rotation":{"angle":0,"axis":"y","origin":[12,10,8]},"faces":{"north":{"uv":[0,0,3,3],"texture":"#4"},"east":{"uv":[0,0,0.5,3],"texture":"#4"},"south":{"uv":[0,0,3,3],"texture":"#4"},"west":{"uv":[0,0,0.5,3],"texture":"#4"},"up":{"uv":[0,0,3,0.5],"texture":"#4"},"down":{"uv":[0,0,3,0.5],"texture":"#4"}}},{"name":"nob","from":[-2.5,15.5,0.8],"to":[0.5,18.5,1.3],"rotation":{"angle":0,"axis":"y","origin":[-6,10,8]},"faces":{"north":{"uv":[0,0,3,3],"texture":"#4"},"east":{"uv":[0,0,0.5,3],"texture":"#4"},"south":{"uv":[0,0,3,3],"texture":"#4"},"west":{"uv":[0,0,0.5,3],"texture":"#4"},"up":{"uv":[0,0,3,0.5],"texture":"#4"},"down":{"uv":[0,0,3,0.5],"texture":"#4"}}},{"name":"nob","from":[15.5,11.5,0.8],"to":[17.5,15.5,1.3],"rotation":{"angle":0,"axis":"y","origin":[12,6,8]},"faces":{"north":{"uv":[0,0,2,4],"texture":"#4"},"east":{"uv":[0,0,0.5,4],"texture":"#4"},"south":{"uv":[0,0,2,4],"texture":"#4"},"west":{"uv":[0,0,0.5,4],"texture":"#4"},"up":{"uv":[0,0,2,0.5],"texture":"#4"},"down":{"uv":[0,0,2,0.5],"texture":"#4"}}},{"name":"nob","from":[-1.5,11.5,0.8],"to":[0.5,15.5,1.3],"rotation":{"angle":0,"axis":"y","origin":[-5,6,8]},"faces":{"north":{"uv":[0,0,2,4],"texture":"#4"},"east":{"uv":[0,0,0.5,4],"texture":"#4"},"south":{"uv":[0,0,2,4],"texture":"#4"},"west":{"uv":[0,0,0.5,4],"texture":"#4"},"up":{"uv":[0,0,2,0.5],"texture":"#4"},"down":{"uv":[0,0,2,0.5],"texture":"#4"}}}],"display":{"thirdperson_righthand":{"translation":[0,7.75,0]},"ground":{"translation":[0,5,0]},"gui":{"rotation":[35,-135,0],"translation":[0.25,-2.5,0],"scale":[0.4,0.4,0.4]},"head":{"translation":[0,-0.75,0],"scale":[1.7,1.7,1.7]}},"credit":"Model by Craftventure"}