{"textures":{"1":"block/anvil","2":"block/black_concrete"},"elements":[{"name":"Cube","from":[-6.7,1.2,-0.8],"to":[-6.1,6.5,-0.2],"faces":{"north":{"uv":[0,0,0.6,5.3],"texture":"#2"},"east":{"uv":[0,0,0.6,5.3],"texture":"#2"},"south":{"uv":[0,0,0.6,5.3],"texture":"#2"},"west":{"uv":[0,0,0.6,5.3],"texture":"#2"},"up":{"uv":[0,0,0.6,0.6],"texture":"#2"},"down":{"uv":[0,0,0.6,0.6],"texture":"#2"}}},{"name":"Cube","from":[-2.5,-3,-0.8],"to":[3.5,-2.4,-0.2],"faces":{"north":{"uv":[0,0,6,0.6],"texture":"#2"},"east":{"uv":[0,0,0.6,0.6],"texture":"#2"},"south":{"uv":[0,0,6,0.6],"texture":"#2"},"west":{"uv":[0,0,0.6,0.6],"texture":"#2"},"up":{"uv":[0,0,6,0.6],"texture":"#2"},"down":{"uv":[0,0,6,0.6],"texture":"#2"}}},{"name":"Cube","from":[7.1,1.2,-0.8],"to":[7.7,6.5,-0.2],"faces":{"north":{"uv":[0,0,0.6,5.3],"texture":"#2"},"east":{"uv":[0,0,0.6,5.3],"texture":"#2"},"south":{"uv":[0,0,0.6,5.3],"texture":"#2"},"west":{"uv":[0,0,0.6,5.3],"texture":"#2"},"up":{"uv":[0,0,0.6,0.6],"texture":"#2"},"down":{"uv":[0,0,0.6,0.6],"texture":"#2"}}},{"name":"Cube","from":[-2.5,10,-0.8],"to":[3.5,10.6,-0.2],"faces":{"north":{"uv":[0,0,6,0.6],"texture":"#2"},"east":{"uv":[0,0,0.6,0.6],"texture":"#2"},"south":{"uv":[0,0,6,0.6],"texture":"#2"},"west":{"uv":[0,0,0.6,0.6],"texture":"#2"},"up":{"uv":[0,0,6,0.6],"texture":"#2"},"down":{"uv":[0,0,6,0.6],"texture":"#2"}}},{"name":"Cube","from":[-1.3,-3.5,-0.8],"to":[-0.7,2.4,-0.2],"rotation":{"angle":-45,"axis":"z","origin":[8,8,8]},"faces":{"north":{"uv":[0,0,0.6,5.9],"texture":"#2"},"east":{"uv":[0,0,0.6,5.9],"texture":"#2"},"south":{"uv":[0,0,0.6,5.9],"texture":"#2"},"west":{"uv":[0,0,0.6,5.9],"texture":"#2"},"up":{"uv":[0,0,0.6,0.6],"texture":"#2"},"down":{"uv":[0,0,0.6,0.6],"texture":"#2"}}},{"name":"Cube","from":[-7.2,7.7,-0.8],"to":[-6.6,13.6,-0.2],"rotation":{"angle":45,"axis":"z","origin":[8,8,8]},"faces":{"north":{"uv":[0,0,0.6,5.9],"texture":"#2"},"east":{"uv":[0,0,0.6,5.9],"texture":"#2"},"south":{"uv":[0,0,0.6,5.9],"texture":"#2"},"west":{"uv":[0,0,0.6,5.9],"texture":"#2"},"up":{"uv":[0,0,0.6,0.6],"texture":"#2"},"down":{"uv":[0,0,0.6,0.6],"texture":"#2"}}},{"name":"Cube","from":[12,-3,-0.8],"to":[12.6,3,-0.2],"rotation":{"angle":-45,"axis":"z","origin":[8,8,8]},"faces":{"north":{"uv":[0,0,0.6,6],"texture":"#2"},"east":{"uv":[0,0,0.6,6],"texture":"#2"},"south":{"uv":[0,0,0.6,6],"texture":"#2"},"west":{"uv":[0,0,0.6,6],"texture":"#2"},"up":{"uv":[0,0,0.6,0.6],"texture":"#2"},"down":{"uv":[0,0,0.6,0.6],"texture":"#2"}}},{"name":"Cube","from":[6.1,7.1,-0.8],"to":[6.7,13,-0.2],"rotation":{"angle":45,"axis":"z","origin":[8,8,8]},"faces":{"north":{"uv":[0,0,0.6,5.9],"texture":"#2"},"east":{"uv":[0,0,0.6,5.9],"texture":"#2"},"south":{"uv":[0,0,0.6,5.9],"texture":"#2"},"west":{"uv":[0,0,0.6,5.9],"texture":"#2"},"up":{"uv":[0,0,0.6,0.6],"texture":"#2"},"down":{"uv":[0,0,0.6,0.6],"texture":"#2"}}},{"name":"Cube","from":[-6.5,3.4,-0.7],"to":[7.2,4.3,-0.3],"faces":{"north":{"uv":[0,0,13.7,0.9],"texture":"#1"},"east":{"uv":[0,0,0.4,0.9],"texture":"#1"},"south":{"uv":[0,0,13.7,0.9],"texture":"#1"},"west":{"uv":[0,0,0.4,0.9],"texture":"#1"},"up":{"uv":[0,0,13.7,0.4],"texture":"#1"},"down":{"uv":[0,0,13.7,0.4],"texture":"#1"}}},{"name":"Cube","from":[-0.7,-0.6,-0.7],"to":[12.1,0.3,-0.3],"rotation":{"angle":-45,"axis":"z","origin":[8,8,8]},"faces":{"north":{"uv":[0,0,12.8,0.9],"texture":"#1"},"east":{"uv":[0,0,0.4,0.9],"texture":"#1"},"south":{"uv":[0,0,12.8,0.9],"texture":"#1"},"west":{"uv":[0,0,0.4,0.9],"texture":"#1"},"up":{"uv":[0,0,12.8,0.4],"texture":"#1"},"down":{"uv":[0,0,12.8,0.4],"texture":"#1"}}},{"name":"Cube","from":[-6.6,9.9,-0.7],"to":[6.1,10.8,-0.3],"rotation":{"angle":45,"axis":"z","origin":[8,8,8]},"faces":{"north":{"uv":[0,0,12.7,0.9],"texture":"#1"},"east":{"uv":[0,0,0.4,0.9],"texture":"#1"},"south":{"uv":[0,0,12.7,0.9],"texture":"#1"},"west":{"uv":[0,0,0.4,0.9],"texture":"#1"},"up":{"uv":[0,0,12.7,0.4],"texture":"#1"},"down":{"uv":[0,0,12.7,0.4],"texture":"#1"}}},{"name":"Cube","from":[0.1,-2.6,-0.7],"to":[1,10,-0.3],"faces":{"north":{"uv":[0,0,0.9,12.6],"texture":"#1"},"east":{"uv":[0,0,0.4,12.6],"texture":"#1"},"south":{"uv":[0,0,0.9,12.6],"texture":"#1"},"west":{"uv":[0,0,0.4,12.6],"texture":"#1"},"up":{"uv":[0,0,0.9,0.4],"texture":"#1"},"down":{"uv":[0,0,0.9,0.4],"texture":"#1"}}}],"display":{"gui":{"rotation":[30,-45,0],"translation":[0.5,0,0],"scale":[0.4,0.4,0.4]},"head":{"rotation":[0,90,0],"translation":[12,-0.5,-10.25],"scale":[1.4,1.4,1.4]}},"credit":"Model by Craftventure"}