{"textures":{"0":"block/orange_stained_glass2","particle":"block/orange_stained_glass2"},"elements":[{"from":[8,0,8],"to":[9,10,24],"faces":{"north":{"uv":[0,0,1,16],"texture":"#0"},"east":{"uv":[0,0,16,16],"texture":"#0"},"south":{"uv":[0,0,1,16],"texture":"#0"},"west":{"uv":[0,0,16,16],"texture":"#0"},"up":{"uv":[0,0,1,16],"texture":"#0"},"down":{"uv":[0,0,1,16],"texture":"#0"}}}],"display":{"gui":{"rotation":[30,-135,0],"translation":[6,0,0]},"head":{"translation":[-0.8,0,0],"scale":[1.6,1.6,1.6]}},"credit":"Model by Craftventure"}