{"textures":{"0":"block/bell_side","1":"block/bell_top","2":"block/bell_bottom","3":"block/dark_oak_planks","4":"block/stripped_dark_oak_log","particle":"block/bell_side"},"elements":[{"from":[5,14,4],"to":[11,16,5],"rotation":{"angle":-45,"axis":"x","origin":[8,8,8]},"faces":{"north":{"uv":[1,7,7,9],"rotation":180,"texture":"#0"},"east":{"uv":[0,7,1,9],"rotation":180,"texture":"#0"},"south":{"uv":[1,7,7,9],"rotation":180,"texture":"#0"},"up":{"uv":[1,0,7,1],"texture":"#2"},"down":{"uv":[1,7,7,8],"texture":"#1"}}},{"from":[5,14,11],"to":[11,16,12],"rotation":{"angle":-45,"axis":"x","origin":[8,8,8]},"faces":{"north":{"uv":[1,7,7,9],"rotation":180,"texture":"#0"},"south":{"uv":[1,7,7,9],"rotation":180,"texture":"#0"},"west":{"uv":[0,7,1,9],"rotation":180,"texture":"#0"},"up":{"uv":[1,7,7,8],"texture":"#2"},"down":{"uv":[1,0,7,1],"texture":"#1"}}},{"from":[4,14,4],"to":[5,16,12],"rotation":{"angle":-45,"axis":"x","origin":[8,8,8]},"faces":{"north":{"uv":[0,7,1,9],"rotation":180,"texture":"#0"},"east":{"uv":[0,7,8,9],"rotation":180,"texture":"#0"},"south":{"uv":[0,7,1,9],"texture":"#0"},"west":{"uv":[0,7,8,9],"rotation":180,"texture":"#0"},"up":{"uv":[0,0,1,8],"texture":"#2"},"down":{"uv":[0,0,1,8],"texture":"#1"}}},{"from":[7,14,7],"to":[9,16,9],"rotation":{"angle":-45,"axis":"x","origin":[8,8,8]},"faces":{"north":{"uv":[2,7,4,9],"rotation":180,"texture":"#0"},"east":{"uv":[2,7,4,9],"rotation":180,"texture":"#0"},"south":{"uv":[2,7,4,9],"rotation":180,"texture":"#0"},"west":{"uv":[2,7,4,9],"rotation":180,"texture":"#0"},"up":{"uv":[3,3,5,5],"texture":"#2"}}},{"from":[7,5,7],"to":[9,7,9],"rotation":{"angle":-45,"axis":"x","origin":[8,8,8]},"faces":{"north":{"uv":[9,14,11,16],"rotation":180,"texture":"#3"},"east":{"uv":[3,14,5,16],"rotation":180,"texture":"#3"},"south":{"uv":[11,2,13,4],"rotation":180,"texture":"#3"},"west":{"uv":[8,10,10,12],"rotation":180,"texture":"#3"}}},{"from":[7,-3,7],"to":[9,-1,9],"rotation":{"angle":-45,"axis":"x","origin":[8,8,8]},"faces":{"north":{"uv":[8,9,10,11],"rotation":180,"texture":"#3"},"east":{"uv":[8,5,10,7],"rotation":180,"texture":"#3"},"south":{"uv":[3,1,5,3],"rotation":180,"texture":"#3"},"west":{"uv":[4,13,6,15],"rotation":180,"texture":"#3"},"down":{"uv":[6,9,8,11],"rotation":90,"texture":"#3"}}},{"from":[7,-1,7],"to":[9,5,9],"rotation":{"angle":-45,"axis":"x","origin":[8,8,8]},"faces":{"north":{"uv":[11,5,13,11],"rotation":180,"texture":"#4"},"east":{"uv":[7,5,9,11],"rotation":180,"texture":"#4"},"south":{"uv":[3,5,5,11],"rotation":180,"texture":"#4"},"west":{"uv":[1,4,3,10],"rotation":180,"texture":"#4"}}},{"from":[11,14,4],"to":[12,16,12],"rotation":{"angle":-45,"axis":"x","origin":[8,8,8]},"faces":{"north":{"uv":[0,7,1,9],"texture":"#0"},"east":{"uv":[0,7,8,9],"rotation":180,"texture":"#0"},"south":{"uv":[7,7,8,9],"rotation":180,"texture":"#0"},"west":{"uv":[0,7,8,9],"rotation":180,"texture":"#0"},"up":{"uv":[7,0,8,8],"texture":"#2"},"down":{"uv":[7,0,8,8],"texture":"#1"}}},{"from":[5,7,5],"to":[11,14,11],"rotation":{"angle":-45,"axis":"x","origin":[8,8,8]},"faces":{"north":{"uv":[1,0,7,7],"rotation":180,"texture":"#0"},"east":{"uv":[1,0,7,7],"rotation":180,"texture":"#0"},"south":{"uv":[1,0,7,7],"rotation":180,"texture":"#0"},"west":{"uv":[1,0,7,7],"rotation":180,"texture":"#0"},"up":{"uv":[1,1,7,7],"texture":"#2"},"down":{"uv":[1,1,7,7],"texture":"#1"}}}],"display":{"thirdperson_righthand":{"rotation":[33.75,0,0],"translation":[0,1.5,-1],"scale":[0.6,0.6,0.6]},"thirdperson_lefthand":{"rotation":[33.75,0,0],"translation":[0,1.5,-1],"scale":[0.6,0.6,0.6]},"firstperson_righthand":{"rotation":[33.75,0,0],"translation":[2.25,3.5,-0.75],"scale":[0.6,0.6,0.6]},"firstperson_lefthand":{"rotation":[33.75,0,0],"translation":[2.25,3.5,-0.75],"scale":[0.6,0.6,0.6]},"ground":{"translation":[0,3.25,0],"scale":[0.8,0.8,0.8]},"gui":{"rotation":[30,-45,0],"translation":[0,-0.25,0],"scale":[0.7,0.7,0.7]},"fixed":{"rotation":[0,90,0],"translation":[0,-1.25,-4.5]}},"groups":[{"name":"group","origin":[8,2.25,8],"color":0,"children":[0,1,2,3,4,5,6,7,8]}],"credit":"Model by Craftventure"}