{"texture_size":[32,32],"textures":{"0":"block/wof","particle":"block/wof"},"elements":[{"from":[-0.51955,7.5,8],"to":[15.48045,8.5,8],"rotation":{"angle":0,"axis":"y","origin":[7.48045,8,8]},"faces":{"north":{"uv":[0,15.83333,2.66667,16],"texture":"#0"},"east":{"uv":[0,15.83333,0.16667,16],"texture":"#0"},"south":{"uv":[0,15.83333,2.66667,16],"rotation":180,"texture":"#0"},"west":{"uv":[2.5,15.83333,2.66667,16],"texture":"#0"},"up":{"uv":[0,15.83333,2.66665,16],"rotation":180,"texture":"#0"},"down":{"uv":[0,15.83333,2.66665,16],"rotation":180,"texture":"#0"}}},{"from":[12.48045,5.5,8],"to":[18.48045,10.5,8],"rotation":{"angle":0,"axis":"y","origin":[9,8,8]},"faces":{"north":{"uv":[2.66667,15.16667,3.66667,16],"texture":"#0"},"south":{"uv":[3.66667,15.16667,2.66667,16],"texture":"#0"}}},{"from":[-2.51955,5.5,8],"to":[3.48045,10.5,8],"rotation":{"angle":0,"axis":"y","origin":[-6,8,8]},"faces":{"north":{"uv":[3.66667,15.16667,4.66667,16],"texture":"#0"},"south":{"uv":[4.66667,15.16667,3.66667,16],"texture":"#0"}}}],"gui_light":"front","display":{"thirdperson_righthand":{"rotation":[90,-90,0],"translation":[0,-2,0],"scale":[0.6,0.6,0.6]},"thirdperson_lefthand":{"rotation":[-90,-90,0],"translation":[0,-2,0],"scale":[0.6,0.6,0.6]},"firstperson_righthand":{"rotation":[0,-80,0],"translation":[2.25,3.75,0],"scale":[0.6,0.6,0.6]},"firstperson_lefthand":{"rotation":[0,100,0],"translation":[2.25,3.75,0],"scale":[0.6,0.6,0.6]},"gui":{"rotation":[30,45,0]},"head":{"rotation":[180,0,90],"translation":[0,-5.25,-5.75],"scale":[1.6,1.6,1.6]}},"groups":[{"name":"group","origin":[8,8.31179,14.04016],"color":0,"children":[0,1,2]}],"credit":"Model by Craftventure"}