{"textures":{"0":"block/birch_planks","1":"block/cotton_candy_blue","particle":"block/birch_planks"},"elements":[{"from":[7,0,8],"to":[8,10,9],"rotation":{"angle":0,"axis":"y","origin":[7.5,5,8.5]},"faces":{"north":{"uv":[1,0,2,10],"texture":"#0"},"east":{"uv":[3,4,4,14],"texture":"#0"},"south":{"uv":[8,4,9,14],"texture":"#0"},"west":{"uv":[14,4,15,14],"texture":"#0"},"up":{"uv":[1,0,2,1],"texture":"#0"},"down":{"uv":[6,0,7,1],"texture":"#0"}}},{"from":[5,7.7,6],"to":[10,16.7,11],"rotation":{"angle":0,"axis":"y","origin":[13,16.45,14]},"faces":{"north":{"uv":[0,0,5,9],"texture":"#1"},"east":{"uv":[9,3,14,12],"texture":"#1"},"south":{"uv":[2,4,7,13],"texture":"#1"},"west":{"uv":[6,0,11,9],"texture":"#1"},"up":{"uv":[0,0,5,5],"texture":"#1"},"down":{"uv":[3,3,8,8],"texture":"#1"}}},{"from":[6,5.95,6.75],"to":[9.25,17.5,10.25],"rotation":{"angle":0,"axis":"y","origin":[14,17.25,15]},"faces":{"north":{"uv":[1,0,5,13],"texture":"#1"},"east":{"uv":[11,2,15,15],"texture":"#1"},"south":{"uv":[7,2,11,15],"texture":"#1"},"west":{"uv":[1,2,5,15],"texture":"#1"},"up":{"uv":[8,9,12,13],"texture":"#1"},"down":{"uv":[2,2,6,6],"texture":"#1"}}},{"from":[4.5,9.7,5.5],"to":[10.5,15.7,11.5],"rotation":{"angle":0,"axis":"y","origin":[12.5,18.7,13.5]},"faces":{"north":{"uv":[6,5,12,11],"texture":"#1"},"east":{"uv":[10,2,16,8],"texture":"#1"},"south":{"uv":[0,0,6,6],"texture":"#1"},"west":{"uv":[5,5,11,11],"texture":"#1"},"up":{"uv":[4,4,10,10],"texture":"#1"},"down":{"uv":[4,6,10,12],"texture":"#1"}}}],"display":{"thirdperson_righthand":{"rotation":[23,6,14],"translation":[-1.07,5.5,3],"scale":[0.8,0.8,0.8]},"thirdperson_lefthand":{"rotation":[23,6,14],"translation":[-1.07,5.5,3],"scale":[0.8,0.8,0.8]},"firstperson_righthand":{"rotation":[-14,0,10],"translation":[0,3.25,0],"scale":[0.7,0.7,0.7]},"firstperson_lefthand":{"rotation":[-14,0,10],"translation":[0,3.25,0],"scale":[0.7,0.7,0.7]},"gui":{"rotation":[30,-130,0],"translation":[0,-1.25,0],"scale":[0.91,0.91,0.91]}},"credit":"Model by Craftventure"}