{"textures":{"0":"block/birch_planks","particle":"block/birch_planks"},"elements":[{"from":[7,0,8],"to":[8,10,9],"rotation":{"angle":0,"axis":"y","origin":[7.5,5,8.5]},"faces":{"north":{"uv":[1,0,2,10],"texture":"#0"},"east":{"uv":[3,4,4,14],"texture":"#0"},"south":{"uv":[8,4,9,14],"texture":"#0"},"west":{"uv":[14,4,15,14],"texture":"#0"},"up":{"uv":[1,0,2,1],"texture":"#0"},"down":{"uv":[6,0,7,1],"texture":"#0"}}}],"display":{"thirdperson_righthand":{"rotation":[23,6,14],"translation":[-1.07,5.5,3],"scale":[0.8,0.8,0.8]},"thirdperson_lefthand":{"rotation":[23,6,14],"translation":[-1.07,5.5,3],"scale":[0.8,0.8,0.8]},"firstperson_righthand":{"rotation":[-14,0,10],"translation":[0,3.25,0],"scale":[0.7,0.7,0.7]},"firstperson_lefthand":{"rotation":[-14,0,10],"translation":[0,3.25,0],"scale":[0.7,0.7,0.7]},"gui":{"rotation":[30,-130,0],"translation":[0,-0.5,0],"scale":[0.91,0.91,0.91]}},"credit":"Model by Craftventure"}