{"textures":{"0":"block/waffleman","2":"block/leather_layer_1_waffle","3":"block/leather_layer_2_waffle","particle":"block/waffleman"},"elements":[{"name":"head","from":[5,11.75,5],"to":[11,17.75,11],"rotation":{"angle":0,"axis":"y","origin":[8,11.75,8]},"faces":{"north":{"uv":[2,2,4,4],"texture":"#0"},"east":{"uv":[0,2,2,4],"texture":"#0"},"south":{"uv":[6,2,8,4],"texture":"#0"},"west":{"uv":[4,2,6,4],"texture":"#0"},"up":{"uv":[4,2,2,0],"texture":"#0"},"down":{"uv":[6,0,4,2],"texture":"#0"}}},{"name":"body","from":[6,5.75,7],"to":[10,11.75,9],"rotation":{"angle":0,"axis":"y","origin":[8,4,8]},"faces":{"north":{"uv":[5,5,7,7.98],"texture":"#0"},"east":{"uv":[4,5,5,8],"texture":"#0"},"south":{"uv":[8,5,10,8],"texture":"#0"},"west":{"uv":[7,5,8,7.98],"texture":"#0"},"up":{"uv":[7,5,5,4],"texture":"#0"},"down":{"uv":[9,4,7,5],"texture":"#0"}}},{"name":"right_arm","from":[9.75,5.75,7],"to":[11.75,11.75,9],"rotation":{"angle":22.5,"axis":"z","origin":[10,11.75,8]},"faces":{"north":{"uv":[11,5,12,8],"texture":"#0"},"east":{"uv":[10,5,11,8],"texture":"#0"},"south":{"uv":[13,5,14,8],"texture":"#0"},"west":{"uv":[12,5,13,8],"texture":"#0"},"up":{"uv":[12,5,11,4],"texture":"#0"},"down":{"uv":[13,4,12,5],"texture":"#0"}}},{"name":"right_arm","from":[4.25,5.75,7],"to":[6.25,11.75,9],"rotation":{"angle":-22.5,"axis":"z","origin":[6,11.75,8]},"faces":{"north":{"uv":[12,5,11,8],"texture":"#0"},"east":{"uv":[13,5,12,8],"texture":"#0"},"south":{"uv":[14,5,13,8],"texture":"#0"},"west":{"uv":[11,5,10,8],"texture":"#0"},"up":{"uv":[11,5,12,4],"texture":"#0"},"down":{"uv":[12,4,13,5],"texture":"#0"}}},{"name":"body","from":[5.8125,5.75,6.8125],"to":[10.1875,11.75,9.1875],"rotation":{"angle":0,"axis":"y","origin":[7.875,4,8.125]},"faces":{"north":{"uv":[5,5,7,7.98],"texture":"#2"},"east":{"uv":[4,5,5,8],"texture":"#2"},"south":{"uv":[8,5,10,8],"texture":"#2"},"west":{"uv":[7,5,8,7.98],"texture":"#2"},"up":{"uv":[7,5,5,4],"texture":"#2"},"down":{"uv":[9,4,7,5],"texture":"#2"}}},{"name":"body","from":[5.875,5.5,6.875],"to":[10.125,11.5,9.125],"rotation":{"angle":0,"axis":"y","origin":[7.875,4,8.125]},"faces":{"north":{"uv":[5,13,7,15.98],"texture":"#3"},"east":{"uv":[0,12.25,1,15.249],"texture":"#3"},"south":{"uv":[8,13,10,15.999],"texture":"#3"},"west":{"uv":[3,12.25,4,15.23],"texture":"#3"},"up":{"uv":[7,5,5,4],"texture":"#3"},"down":{"uv":[9,4,7,5],"texture":"#3"}}},{"name":"right_arm","from":[9.6875,5.75,6.9375],"to":[11.8125,11.8125,9.0625],"rotation":{"angle":22.5,"axis":"z","origin":[10,11.75,8]},"faces":{"north":{"uv":[11,5,12,8],"texture":"#2"},"east":{"uv":[10,5,11,8],"texture":"#2"},"south":{"uv":[13,5,14,8],"texture":"#2"},"west":{"uv":[12,5,13,8],"texture":"#2"},"up":{"uv":[12,5,11,4],"texture":"#2"},"down":{"uv":[13,4,12,5],"texture":"#2"}}},{"name":"right_arm","from":[4.1875,5.75,6.9375],"to":[6.3125,11.8125,9.0625],"rotation":{"angle":-22.5,"axis":"z","origin":[6,11.75,8]},"faces":{"north":{"uv":[12,5,11,8],"texture":"#2"},"east":{"uv":[13,5,12,8],"texture":"#2"},"south":{"uv":[14,5,13,8],"texture":"#2"},"west":{"uv":[11,5,10,8],"texture":"#2"},"up":{"uv":[11,5,12,4],"texture":"#2"},"down":{"uv":[12,4,13,5],"texture":"#2"}}},{"name":"left_leg","from":[6,-0.25,7],"to":[8,5.75,9],"rotation":{"angle":0,"axis":"y","origin":[8,4,8]},"faces":{"north":{"uv":[1,13,2,15.999],"texture":"#3"},"east":{"uv":[0,13,1,15.999],"texture":"#3"},"south":{"uv":[3,13,4,15.999],"texture":"#3"},"west":{"uv":[2,13,3,15.999],"texture":"#3"}}},{"name":"left_leg","from":[8,-0.25,7],"to":[10,5.75,9],"rotation":{"angle":0,"axis":"y","origin":[8,4,8]},"faces":{"north":{"uv":[2,13,1,15.999],"texture":"#3"},"east":{"uv":[3,13,2,15.999],"texture":"#3"},"south":{"uv":[4,13,3,15.999],"texture":"#3"},"west":{"uv":[1,13,0,15.999],"texture":"#3"}}},{"name":"left_leg","from":[5.9375,-0.25,6.9375],"to":[8,5.75,9.0625],"rotation":{"angle":0,"axis":"y","origin":[8,4,8]},"faces":{"north":{"uv":[4,13,5,15.999],"texture":"#3"},"east":{"uv":[7,13,8,15.999],"texture":"#3"},"south":{"uv":[4,13,5,15.999],"texture":"#3"},"west":{"uv":[7,13,8,15.999],"texture":"#3"},"down":{"uv":[1,12,2,13],"texture":"#3"}}},{"name":"left_leg","from":[8,-0.25,6.9375],"to":[10.0625,5.75,9.0625],"rotation":{"angle":0,"axis":"y","origin":[8,4,8]},"faces":{"north":{"uv":[5,13,4,15.999],"texture":"#3"},"east":{"uv":[8,13,7,15.999],"texture":"#3"},"south":{"uv":[5,13,4,15.999],"texture":"#3"},"west":{"uv":[8,13,7,15.999],"texture":"#3"},"down":{"uv":[2,12,1,13],"texture":"#3"}}}],"display":{"thirdperson_righthand":{"rotation":[0,135,0],"translation":[0.75,0,-1],"scale":[0.9,0.9,0.9]},"thirdperson_lefthand":{"rotation":[0,135,0],"translation":[0.75,0,-1],"scale":[0.9,0.9,0.9]},"firstperson_righthand":{"rotation":[-21,135,0],"translation":[0.75,1.25,-1],"scale":[0.7,0.7,0.7]},"firstperson_lefthand":{"rotation":[-21,135,0],"translation":[0.75,1.25,-1],"scale":[0.7,0.7,0.7]},"ground":{"translation":[0,3.25,0],"scale":[0.8,0.8,0.8]},"gui":{"rotation":[30,-135,0],"translation":[0,-1.5,0],"scale":[0.8,0.8,0.8]},"head":{"translation":[0,-31.75,0],"scale":[1.6,1.6,1.6]},"fixed":{"translation":[0,-1.5,-1.25]}},"groups":[{"name":"steve","origin":[8,8,8],"children":[0,1,2,3]},{"name":"black armor","origin":[8,8,8],"children":[{"name":"steve","origin":[8,8,8],"children":[{"name":"group","origin":[6,11.75,8],"children":[4,5,6,7]},{"name":"group","origin":[8,4,8],"children":[8,9]}]},10,11]}],"credit":"Model by Craftventure"}