{"textures":{"1":"custom/globe2"},"elements":[{"from":[-8,-3,-8],"to":[24,29,24],"faces":{"north":{"uv":[4,8,8,12],"texture":"#1"},"east":{"uv":[0,8,4,12],"texture":"#1"},"south":{"uv":[12,8,16,12],"texture":"#1"},"west":{"uv":[8,8,12,12],"texture":"#1"},"up":{"uv":[4,4,8,8],"rotation":180,"texture":"#1"},"down":{"uv":[4,12,8,16],"rotation":180,"texture":"#1"}}},{"from":[4,29,4],"to":[12,31,12],"rotation":{"angle":0,"axis":"y","origin":[-1,0,0]},"faces":{"north":{"uv":[0,1,1,1.25],"texture":"#1"},"east":{"uv":[0,1,1,1.25],"texture":"#1"},"south":{"uv":[0,1,1,1.25],"texture":"#1"},"west":{"uv":[0,1,1,1.25],"texture":"#1"},"up":{"uv":[0,0,1,1],"texture":"#1"},"down":{"uv":[0,0,1,1],"texture":"#1"}}},{"from":[4,-5,4],"to":[12,-3,12],"rotation":{"angle":0,"axis":"x","origin":[8,-4,8]},"faces":{"north":{"uv":[0,1,1,1.25],"rotation":180,"texture":"#1"},"east":{"uv":[0,1,1,1.25],"rotation":180,"texture":"#1"},"south":{"uv":[0,1,1,1.25],"rotation":180,"texture":"#1"},"west":{"uv":[0,1,1,1.25],"rotation":180,"texture":"#1"},"up":{"uv":[0,0,1,1],"texture":"#1"},"down":{"uv":[0,0,1,1],"texture":"#1"}}}],"display":{"gui":{"rotation":[30,135,0],"translation":[0.5,-1.5,0],"scale":[0.3,0.3,0.3]},"head":{"translation":[0,25,0],"scale":[1.5,1.5,1.5]}},"credit":"Model by Craftventure"}