{"textures":{"1":"block/quartz_block_side","2":"block/red_concrete","3":"block/ilovecv","particle":"block/black_concrete"},"elements":[{"from":[2,-16,13.7],"to":[4,16,15.7],"rotation":{"angle":0,"axis":"y","origin":[9,8,8]},"faces":{"north":{"uv":[5,0,7,16],"texture":"#2"},"east":{"uv":[9,0,11,16],"texture":"#2"},"south":{"uv":[0,0,2,16],"texture":"#2"},"west":{"uv":[11,0,13,16],"texture":"#2"},"up":{"uv":[2.5,12,6.5,16],"texture":"#2"},"down":{"uv":[0,0,2,2],"texture":"#2"}}},{"from":[1.4,16,13.2],"to":[4.4,17,16.2],"rotation":{"angle":0,"axis":"y","origin":[10.4,24,22.2]},"faces":{"north":{"uv":[0,0,3,1],"texture":"#2"},"east":{"uv":[0,0,3,1],"texture":"#2"},"south":{"uv":[0,0,3,1],"texture":"#2"},"west":{"uv":[0,0,3,1],"texture":"#2"},"up":{"uv":[0,0,3,3],"texture":"#2"},"down":{"uv":[0,0,3,3],"texture":"#2"}}},{"from":[1.9,17,13.6],"to":[3.9,19,15.6],"rotation":{"angle":0,"axis":"y","origin":[10.9,25,22.6]},"faces":{"north":{"uv":[0,0,2,2],"texture":"#2"},"east":{"uv":[0,0,2,2],"texture":"#2"},"south":{"uv":[0,0,2,2],"texture":"#2"},"west":{"uv":[0,0,2,2],"texture":"#2"},"up":{"uv":[0,0,2,2],"texture":"#2"},"down":{"uv":[0,0,2,2],"texture":"#2"}}},{"from":[4,1,15],"to":[25,16,15],"rotation":{"angle":0,"axis":"y","origin":[12,15,21]},"faces":{"north":{"uv":[0,0,16,15],"texture":"#1"},"east":{"uv":[0,0,2,15],"texture":"#1"},"south":{"uv":[0,0,16,15],"texture":"#1"},"west":{"uv":[0,0,2,15],"texture":"#1"},"up":{"uv":[0,0,16,2],"texture":"#1"},"down":{"uv":[0,0,16,2],"texture":"#1"}}},{"from":[8.5,2.4,14.9],"to":[20.9,14.4,14.9],"rotation":{"angle":0,"axis":"y","origin":[12.9,15.4,20.9]},"faces":{"north":{"uv":[0,0,16,16],"texture":"#3"},"east":{"uv":[0,0,0,15],"texture":"#3"},"south":{"uv":[16,0,0,16],"texture":"#3"},"west":{"uv":[0,0,0,15],"texture":"#3"},"up":{"uv":[0,0,16,0],"texture":"#3"},"down":{"uv":[0,0,16,0],"texture":"#3"}}},{"from":[7.9,2.4,15.1],"to":[20.3,14.4,15.1],"rotation":{"angle":0,"axis":"y","origin":[11.3,15.4,21.1]},"faces":{"north":{"uv":[16,0,0,16],"texture":"#3"},"east":{"uv":[0,0,0,15],"texture":"#3"},"south":{"uv":[0,0,16,16],"texture":"#3"},"west":{"uv":[0,0,0,15],"texture":"#3"},"up":{"uv":[0,0,16,0],"texture":"#3"},"down":{"uv":[0,0,16,0],"texture":"#3"}}}],"display":{"thirdperson_righthand":{"rotation":[0,98,6],"translation":[-1.92,6.24,0.39],"scale":[0.3,0.3,0.3]},"firstperson_righthand":{"rotation":[-47,80,-7],"translation":[2.66,2.46,-4.07],"scale":[0.4,0.4,0.4]},"gui":{"rotation":[30,-135,0],"translation":[2.76,1.32,0],"scale":[0.4,0.4,0.4]}},"credit":"Model by Craftventure"}