{"textures":{"0":"block/oak_planks","1":"block/white_concrete","particle":"block/oak_planks"},"elements":[{"from":[7.5,-6,7.5],"to":[8.5,-3,8.5],"faces":{"north":{"uv":[0,0,3,7],"texture":"#0"},"east":{"uv":[0,0,3,7],"texture":"#0"},"south":{"uv":[0,0,3,7],"texture":"#0"},"west":{"uv":[0,0,3,7],"texture":"#0"},"up":{"uv":[0,0,3,7],"texture":"#0"},"down":{"uv":[0,0,3,7],"texture":"#0"}}},{"from":[7.4,-3,7.4],"to":[8.6,-2.8,8.6],"faces":{"north":{"uv":[0,0,1.2,0.2],"texture":"#0"},"east":{"uv":[0,0,1.2,0.2],"texture":"#0"},"south":{"uv":[0,0,1.2,0.2],"texture":"#0"},"west":{"uv":[0,0,1.2,0.2],"texture":"#0"},"up":{"uv":[0,0,1.2,1.2],"texture":"#0"},"down":{"uv":[0,0,1.2,1.2],"texture":"#0"}}},{"from":[7.4,-6.1,7.4],"to":[8.6,-5.9,8.6],"faces":{"north":{"uv":[0,0,1.2,0.2],"texture":"#0"},"east":{"uv":[0,0,1.2,0.2],"texture":"#0"},"south":{"uv":[0,0,1.2,0.2],"texture":"#0"},"west":{"uv":[0,0,1.2,0.2],"texture":"#0"},"up":{"uv":[0,0,1.2,1.2],"texture":"#0"},"down":{"uv":[0,0,1.2,1.2],"texture":"#0"}}},{"from":[7.4,0.3,7.4],"to":[8.6,0.5,8.6],"faces":{"north":{"uv":[0,0,1.2,0.2],"texture":"#0"},"east":{"uv":[0,0,1.2,0.2],"texture":"#0"},"south":{"uv":[0,0,1.2,0.2],"texture":"#0"},"west":{"uv":[0,0,1.2,0.2],"texture":"#0"},"up":{"uv":[0,0,1.2,1.2],"texture":"#0"},"down":{"uv":[0,0,1.2,1.2],"texture":"#0"}}},{"from":[7.5,-2.7,7.5],"to":[8.5,0.3,8.5],"faces":{"north":{"uv":[0,0,3,7],"texture":"#0"},"east":{"uv":[0,0,3,7],"texture":"#0"},"south":{"uv":[0,0,3,7],"texture":"#0"},"west":{"uv":[0,0,3,7],"texture":"#0"},"up":{"uv":[0,0,3,7],"texture":"#0"},"down":{"uv":[0,0,3,7],"texture":"#0"}}},{"from":[7.4,-2.8,7.4],"to":[8.6,-2.6,8.6],"faces":{"north":{"uv":[0,0,1.2,0.2],"texture":"#0"},"east":{"uv":[0,0,1.2,0.2],"texture":"#0"},"south":{"uv":[0,0,1.2,0.2],"texture":"#0"},"west":{"uv":[0,0,1.2,0.2],"texture":"#0"},"up":{"uv":[0,0,1.2,1.2],"texture":"#0"},"down":{"uv":[0,0,1.2,1.2],"texture":"#0"}}},{"from":[7.4,3.6,7.4],"to":[8.6,3.8,8.6],"faces":{"north":{"uv":[0,0,1.2,0.2],"texture":"#0"},"east":{"uv":[0,0,1.2,0.2],"texture":"#0"},"south":{"uv":[0,0,1.2,0.2],"texture":"#0"},"west":{"uv":[0,0,1.2,0.2],"texture":"#0"},"up":{"uv":[0,0,1.2,1.2],"texture":"#0"},"down":{"uv":[0,0,1.2,1.2],"texture":"#0"}}},{"from":[7.5,0.6,7.5],"to":[8.5,3.6,8.5],"faces":{"north":{"uv":[0,0,3,7],"texture":"#0"},"east":{"uv":[0,0,3,7],"texture":"#0"},"south":{"uv":[0,0,3,7],"texture":"#0"},"west":{"uv":[0,0,3,7],"texture":"#0"},"up":{"uv":[0,0,3,7],"texture":"#0"},"down":{"uv":[0,0,3,7],"texture":"#0"}}},{"from":[7.4,0.5,7.4],"to":[8.6,0.7,8.6],"faces":{"north":{"uv":[0,0,1.2,0.2],"texture":"#0"},"east":{"uv":[0,0,1.2,0.2],"texture":"#0"},"south":{"uv":[0,0,1.2,0.2],"texture":"#0"},"west":{"uv":[0,0,1.2,0.2],"texture":"#0"},"up":{"uv":[0,0,1.2,1.2],"texture":"#0"},"down":{"uv":[0,0,1.2,1.2],"texture":"#0"}}},{"from":[7.4,6.9,7.4],"to":[8.6,7.1,8.6],"faces":{"north":{"uv":[0,0,1.2,0.2],"texture":"#0"},"east":{"uv":[0,0,1.2,0.2],"texture":"#0"},"south":{"uv":[0,0,1.2,0.2],"texture":"#0"},"west":{"uv":[0,0,1.2,0.2],"texture":"#0"},"up":{"uv":[0,0,1.2,1.2],"texture":"#0"},"down":{"uv":[0,0,1.2,1.2],"texture":"#0"}}},{"from":[7.5,3.9,7.5],"to":[8.5,6.9,8.5],"faces":{"north":{"uv":[0,0,3,7],"texture":"#0"},"east":{"uv":[0,0,3,7],"texture":"#0"},"south":{"uv":[0,0,3,7],"texture":"#0"},"west":{"uv":[0,0,3,7],"texture":"#0"},"up":{"uv":[0,0,3,7],"texture":"#0"},"down":{"uv":[0,0,3,7],"texture":"#0"}}},{"from":[7.4,3.8,7.4],"to":[8.6,4,8.6],"faces":{"north":{"uv":[0,0,1.2,0.2],"texture":"#0"},"east":{"uv":[0,0,1.2,0.2],"texture":"#0"},"south":{"uv":[0,0,1.2,0.2],"texture":"#0"},"west":{"uv":[0,0,1.2,0.2],"texture":"#0"},"up":{"uv":[0,0,1.2,1.2],"texture":"#0"},"down":{"uv":[0,0,1.2,1.2],"texture":"#0"}}},{"from":[7.4,10.2,7.4],"to":[8.6,10.4,8.6],"faces":{"north":{"uv":[0,0,1.2,0.2],"texture":"#0"},"east":{"uv":[0,0,1.2,0.2],"texture":"#0"},"south":{"uv":[0,0,1.2,0.2],"texture":"#0"},"west":{"uv":[0,0,1.2,0.2],"texture":"#0"},"up":{"uv":[0,0,1.2,1.2],"texture":"#0"},"down":{"uv":[0,0,1.2,1.2],"texture":"#0"}}},{"from":[7.5,7.2,7.5],"to":[8.5,10.2,8.5],"faces":{"north":{"uv":[0,0,3,7],"texture":"#0"},"east":{"uv":[0,0,3,7],"texture":"#0"},"south":{"uv":[0,0,3,7],"texture":"#0"},"west":{"uv":[0,0,3,7],"texture":"#0"},"up":{"uv":[0,0,3,7],"texture":"#0"},"down":{"uv":[0,0,3,7],"texture":"#0"}}},{"from":[7.4,7.1,7.4],"to":[8.6,7.3,8.6],"faces":{"north":{"uv":[0,0,1.2,0.2],"texture":"#0"},"east":{"uv":[0,0,1.2,0.2],"texture":"#0"},"south":{"uv":[0,0,1.2,0.2],"texture":"#0"},"west":{"uv":[0,0,1.2,0.2],"texture":"#0"},"up":{"uv":[0,0,1.2,1.2],"texture":"#0"},"down":{"uv":[0,0,1.2,1.2],"texture":"#0"}}},{"from":[6.5,10.4,7.5],"to":[9.5,11.4,8.5],"rotation":{"angle":0,"axis":"z","origin":[8,10.9,8]},"faces":{"north":{"uv":[0,0,3,7],"rotation":90,"texture":"#0"},"east":{"uv":[0,0,3,7],"rotation":270,"texture":"#0"},"south":{"uv":[0,0,3,7],"rotation":270,"texture":"#0"},"west":{"uv":[0,0,3,7],"rotation":270,"texture":"#0"},"up":{"uv":[0,0,3,7],"rotation":270,"texture":"#0"},"down":{"uv":[0,0,3,7],"rotation":270,"texture":"#0"}}},{"from":[4.29289,11.31421,7.501],"to":[7.29289,12.31421,8.501],"rotation":{"angle":-45,"axis":"z","origin":[5.79289,11.81421,8.001]},"faces":{"north":{"uv":[0,0,3,7],"rotation":90,"texture":"#0"},"east":{"uv":[0,0,3,7],"rotation":270,"texture":"#0"},"south":{"uv":[0,0,3,7],"rotation":270,"texture":"#0"},"west":{"uv":[0,0,3,7],"rotation":270,"texture":"#0"},"up":{"uv":[0,0,3,7],"rotation":270,"texture":"#0"},"down":{"uv":[0,0,3,7],"rotation":270,"texture":"#0"}}},{"from":[5.29289,14.72843,7.501],"to":[6.29289,17.72843,8.501],"rotation":{"angle":-45,"axis":"z","origin":[5.79289,16.22843,8.001]},"faces":{"north":{"uv":[0,0,3,7],"texture":"#0"},"east":{"uv":[0,0,3,7],"texture":"#0"},"south":{"uv":[0,0,3,7],"texture":"#0"},"west":{"uv":[0,0,3,7],"texture":"#0"},"up":{"uv":[0,0,3,7],"texture":"#0"},"down":{"uv":[0,0,3,7],"texture":"#0"}}},{"from":[4.37868,12.52132,7.5],"to":[5.37868,15.52132,8.5],"rotation":{"angle":0,"axis":"z","origin":[4.87868,14.02132,8]},"faces":{"north":{"uv":[0,0,3,7],"texture":"#0"},"east":{"uv":[0,0,3,7],"texture":"#0"},"south":{"uv":[0,0,3,7],"texture":"#0"},"west":{"uv":[0,0,3,7],"texture":"#0"},"up":{"uv":[0,0,3,7],"texture":"#0"},"down":{"uv":[0,0,3,7],"texture":"#0"}}},{"from":[10.62132,12.52132,7.5],"to":[11.62132,15.52132,8.5],"rotation":{"angle":0,"axis":"z","origin":[11.12132,14.02132,8]},"faces":{"north":{"uv":[0,0,3,7],"rotation":180,"texture":"#0"},"east":{"uv":[0,0,3,7],"rotation":180,"texture":"#0"},"south":{"uv":[0,0,3,7],"rotation":180,"texture":"#0"},"west":{"uv":[0,0,3,7],"rotation":180,"texture":"#0"},"up":{"uv":[0,0,3,7],"rotation":180,"texture":"#0"},"down":{"uv":[0,0,3,7],"rotation":180,"texture":"#0"}}},{"from":[9.70711,10.31421,7.501],"to":[10.70711,13.31421,8.501],"rotation":{"angle":-45,"axis":"z","origin":[10.20711,11.81421,8.001]},"faces":{"north":{"uv":[0,0,3,7],"rotation":180,"texture":"#0"},"east":{"uv":[0,0,3,7],"rotation":180,"texture":"#0"},"south":{"uv":[0,0,3,7],"rotation":180,"texture":"#0"},"west":{"uv":[0,0,3,7],"rotation":180,"texture":"#0"},"up":{"uv":[0,0,3,7],"rotation":180,"texture":"#0"},"down":{"uv":[0,0,3,7],"rotation":180,"texture":"#0"}}},{"from":[8.70711,15.72843,7.501],"to":[11.70711,16.72843,8.501],"rotation":{"angle":-45,"axis":"z","origin":[10.20711,16.22843,8.001]},"faces":{"north":{"uv":[0,0,3,7],"rotation":270,"texture":"#0"},"east":{"uv":[0,0,3,7],"rotation":90,"texture":"#0"},"south":{"uv":[0,0,3,7],"rotation":90,"texture":"#0"},"west":{"uv":[0,0,3,7],"rotation":90,"texture":"#0"},"up":{"uv":[0,0,3,7],"rotation":90,"texture":"#0"},"down":{"uv":[0,0,3,7],"rotation":90,"texture":"#0"}}},{"from":[6.5,16.64264,7.5],"to":[9.5,17.64264,8.5],"rotation":{"angle":0,"axis":"z","origin":[8,17.14264,8]},"faces":{"north":{"uv":[0,0,3,7],"rotation":270,"texture":"#0"},"east":{"uv":[0,0,3,7],"rotation":90,"texture":"#0"},"south":{"uv":[0,0,3,7],"rotation":90,"texture":"#0"},"west":{"uv":[0,0,3,7],"rotation":90,"texture":"#0"},"up":{"uv":[0,0,3,7],"rotation":90,"texture":"#0"},"down":{"uv":[0,0,3,7],"rotation":90,"texture":"#0"}}},{"from":[7.75,11.14264,8.25],"to":[8.25,11.64264,14.1],"rotation":{"angle":-22.5,"axis":"x","origin":[8,11.39264,9.75]},"faces":{"north":{"uv":[0,0,3,7],"rotation":90,"texture":"#1"},"east":{"uv":[0,0,3,7],"rotation":90,"texture":"#1"},"south":{"uv":[0,0,3,7],"rotation":90,"texture":"#1"},"west":{"uv":[0,0,3,7],"rotation":270,"texture":"#1"},"up":{"uv":[0,0,3,7],"texture":"#1"},"down":{"uv":[0,0,3,7],"rotation":180,"texture":"#1"}}},{"from":[7.75,13.14264,13.5],"to":[8.25,14.89264,14],"rotation":{"angle":0,"axis":"x","origin":[8,14.64264,13.75]},"faces":{"north":{"uv":[0,0,3,7],"rotation":180,"texture":"#1"},"east":{"uv":[0,0,3,7],"rotation":180,"texture":"#1"},"south":{"uv":[0,0,3,7],"rotation":180,"texture":"#1"},"west":{"uv":[0,0,3,7],"rotation":180,"texture":"#1"},"up":{"uv":[0,0,3,7],"rotation":90,"texture":"#1"},"down":{"uv":[0,0,3,7],"rotation":270,"texture":"#1"}}},{"from":[7.75,12.90734,13.42336],"to":[8.25,13.25734,13.92336],"rotation":{"angle":22.5,"axis":"x","origin":[8,13.00734,13.67336]},"faces":{"north":{"uv":[0,0,3,7],"rotation":180,"texture":"#1"},"east":{"uv":[0,0,3,7],"rotation":180,"texture":"#1"},"south":{"uv":[0,0,3,7],"rotation":180,"texture":"#1"},"west":{"uv":[0,0,3,7],"rotation":180,"texture":"#1"},"up":{"uv":[0,0,3,7],"rotation":90,"texture":"#1"},"down":{"uv":[0,0,3,7],"rotation":270,"texture":"#1"}}},{"from":[7.75,16.39264,8.25],"to":[8.25,16.89264,14.1],"rotation":{"angle":22.5,"axis":"x","origin":[8,16.64264,9.75]},"faces":{"north":{"uv":[0,7,3,0],"rotation":90,"texture":"#1"},"east":{"uv":[0,7,3,0],"rotation":90,"texture":"#1"},"south":{"uv":[0,7,3,0],"rotation":90,"texture":"#1"},"west":{"uv":[0,7,3,0],"rotation":270,"texture":"#1"},"up":{"uv":[0,7,3,0],"rotation":180,"texture":"#1"},"down":{"uv":[0,7,3,0],"texture":"#1"}}},{"from":[7.75,14.77794,13.42336],"to":[8.25,15.12794,13.92336],"rotation":{"angle":-22.5,"axis":"x","origin":[8,15.02794,13.67336]},"faces":{"north":{"uv":[0,7,3,0],"rotation":180,"texture":"#1"},"east":{"uv":[0,7,3,0],"rotation":180,"texture":"#1"},"south":{"uv":[0,7,3,0],"rotation":180,"texture":"#1"},"west":{"uv":[0,7,3,0],"rotation":180,"texture":"#1"},"up":{"uv":[0,7,3,0],"rotation":270,"texture":"#1"},"down":{"uv":[0,7,3,0],"rotation":90,"texture":"#1"}}},{"name":"octagon","from":[7.06802,11.75,10.7],"to":[8.93198,12.15,11.1],"rotation":{"angle":45,"axis":"z","origin":[8,14,10.9]},"faces":{"north":{"uv":[0,0,1.86396,0.4],"texture":"#1"},"east":{"uv":[0,0,0.4,0.4],"texture":"#1"},"south":{"uv":[0,0,1.86396,0.4],"texture":"#1"},"west":{"uv":[0,0,0.4,0.4],"texture":"#1"},"up":{"uv":[0,0,1.86396,0.4],"texture":"#1"},"down":{"uv":[0,0,1.86396,0.4],"texture":"#1"}}},{"name":"octagon","from":[7.06802,11.75,10.7],"to":[8.93198,12.15,11.1],"rotation":{"angle":0,"axis":"z","origin":[8,14,10.9]},"faces":{"north":{"uv":[0,0,1.86396,0.4],"texture":"#1"},"east":{"uv":[0,0,0.4,0.4],"texture":"#1"},"south":{"uv":[0,0,1.86396,0.4],"texture":"#1"},"west":{"uv":[0,0,0.4,0.4],"texture":"#1"},"up":{"uv":[0,0,1.86396,0.4],"texture":"#1"},"down":{"uv":[0,0,1.86396,0.4],"texture":"#1"}}},{"name":"octagon","from":[7.06802,15.85,10.7],"to":[8.93198,16.25,11.1],"rotation":{"angle":45,"axis":"z","origin":[8,14,10.9]},"faces":{"north":{"uv":[0,0,1.86396,0.4],"texture":"#1"},"east":{"uv":[0,0,0.4,0.4],"texture":"#1"},"south":{"uv":[0,0,1.86396,0.4],"texture":"#1"},"west":{"uv":[0,0,0.4,0.4],"texture":"#1"},"up":{"uv":[0,0,1.86396,0.4],"texture":"#1"},"down":{"uv":[0,0,1.86396,0.4],"texture":"#1"}}},{"name":"octagon","from":[7.06802,15.85,10.7],"to":[8.93198,16.25,11.1],"rotation":{"angle":0,"axis":"z","origin":[8,14,10.9]},"faces":{"north":{"uv":[0,0,1.86396,0.4],"texture":"#1"},"east":{"uv":[0,0,0.4,0.4],"texture":"#1"},"south":{"uv":[0,0,1.86396,0.4],"texture":"#1"},"west":{"uv":[0,0,0.4,0.4],"texture":"#1"},"up":{"uv":[0,0,1.86396,0.4],"texture":"#1"},"down":{"uv":[0,0,1.86396,0.4],"texture":"#1"}}},{"name":"octagon","from":[5.75,13.06802,10.7],"to":[6.15,14.93198,11.1],"rotation":{"angle":45,"axis":"z","origin":[8,14,10.9]},"faces":{"north":{"uv":[0,0,0.4,1.86396],"texture":"#1"},"east":{"uv":[0,0,0.4,1.86396],"texture":"#1"},"south":{"uv":[0,0,0.4,1.86396],"texture":"#1"},"west":{"uv":[0,0,0.4,1.86396],"texture":"#1"},"up":{"uv":[0,0,0.4,0.4],"texture":"#1"},"down":{"uv":[0,0,0.4,0.4],"texture":"#1"}}},{"name":"octagon","from":[5.75,13.06802,10.7],"to":[6.15,14.93198,11.1],"rotation":{"angle":0,"axis":"z","origin":[8,14,10.9]},"faces":{"north":{"uv":[0,0,0.4,1.86396],"texture":"#1"},"east":{"uv":[0,0,0.4,1.86396],"texture":"#1"},"south":{"uv":[0,0,0.4,1.86396],"texture":"#1"},"west":{"uv":[0,0,0.4,1.86396],"texture":"#1"},"up":{"uv":[0,0,0.4,0.4],"texture":"#1"},"down":{"uv":[0,0,0.4,0.4],"texture":"#1"}}},{"name":"octagon","from":[9.85,13.06802,10.7],"to":[10.25,14.93198,11.1],"rotation":{"angle":45,"axis":"z","origin":[8,14,10.9]},"faces":{"north":{"uv":[0,0,0.4,1.86396],"texture":"#1"},"east":{"uv":[0,0,0.4,1.86396],"texture":"#1"},"south":{"uv":[0,0,0.4,1.86396],"texture":"#1"},"west":{"uv":[0,0,0.4,1.86396],"texture":"#1"},"up":{"uv":[0,0,0.4,0.4],"texture":"#1"},"down":{"uv":[0,0,0.4,0.4],"texture":"#1"}}},{"name":"octagon","from":[9.85,13.06802,10.7],"to":[10.25,14.93198,11.1],"rotation":{"angle":0,"axis":"z","origin":[8,14,10.9]},"faces":{"north":{"uv":[0,0,0.4,1.86396],"texture":"#1"},"east":{"uv":[0,0,0.4,1.86396],"texture":"#1"},"south":{"uv":[0,0,0.4,1.86396],"texture":"#1"},"west":{"uv":[0,0,0.4,1.86396],"texture":"#1"},"up":{"uv":[0,0,0.4,0.4],"texture":"#1"},"down":{"uv":[0,0,0.4,0.4],"texture":"#1"}}},{"name":"octagon","from":[5.12,12.88706,9.1],"to":[5.632,15.27294,9.5],"rotation":{"angle":45,"axis":"z","origin":[8,14.08,9.3]},"faces":{"north":{"uv":[0,0,0.4,1.86396],"texture":"#1"},"east":{"uv":[0,0,0.4,1.86396],"texture":"#1"},"south":{"uv":[0,0,0.4,1.86396],"texture":"#1"},"west":{"uv":[0,0,0.4,1.86396],"texture":"#1"},"up":{"uv":[0,0,0.4,0.4],"texture":"#1"},"down":{"uv":[0,0,0.4,0.4],"texture":"#1"}}},{"name":"octagon","from":[5.12,12.88706,9.1],"to":[5.632,15.27294,9.5],"rotation":{"angle":0,"axis":"z","origin":[8,14.08,9.3]},"faces":{"north":{"uv":[0,0,0.4,1.86396],"texture":"#1"},"east":{"uv":[0,0,0.4,1.86396],"texture":"#1"},"south":{"uv":[0,0,0.4,1.86396],"texture":"#1"},"west":{"uv":[0,0,0.4,1.86396],"texture":"#1"},"up":{"uv":[0,0,0.4,0.4],"texture":"#1"},"down":{"uv":[0,0,0.4,0.4],"texture":"#1"}}},{"name":"octagon","from":[6.80706,16.448,9.1],"to":[9.19294,16.96,9.5],"rotation":{"angle":45,"axis":"z","origin":[8,14.08,9.3]},"faces":{"north":{"uv":[0,0,1.86396,0.4],"texture":"#1"},"east":{"uv":[0,0,0.4,0.4],"texture":"#1"},"south":{"uv":[0,0,1.86396,0.4],"texture":"#1"},"west":{"uv":[0,0,0.4,0.4],"texture":"#1"},"up":{"uv":[0,0,1.86396,0.4],"texture":"#1"},"down":{"uv":[0,0,1.86396,0.4],"texture":"#1"}}},{"name":"octagon","from":[6.80706,16.448,9.1],"to":[9.19294,16.96,9.5],"rotation":{"angle":0,"axis":"z","origin":[8,14.08,9.3]},"faces":{"north":{"uv":[0,0,1.86396,0.4],"texture":"#1"},"east":{"uv":[0,0,0.4,0.4],"texture":"#1"},"south":{"uv":[0,0,1.86396,0.4],"texture":"#1"},"west":{"uv":[0,0,0.4,0.4],"texture":"#1"},"up":{"uv":[0,0,1.86396,0.4],"texture":"#1"},"down":{"uv":[0,0,1.86396,0.4],"texture":"#1"}}},{"name":"octagon","from":[10.368,12.88706,9.1],"to":[10.88,15.27294,9.5],"rotation":{"angle":45,"axis":"z","origin":[8,14.08,9.3]},"faces":{"north":{"uv":[0,0,0.4,1.86396],"texture":"#1"},"east":{"uv":[0,0,0.4,1.86396],"texture":"#1"},"south":{"uv":[0,0,0.4,1.86396],"texture":"#1"},"west":{"uv":[0,0,0.4,1.86396],"texture":"#1"},"up":{"uv":[0,0,0.4,0.4],"texture":"#1"},"down":{"uv":[0,0,0.4,0.4],"texture":"#1"}}},{"name":"octagon","from":[10.368,12.88706,9.1],"to":[10.88,15.27294,9.5],"rotation":{"angle":0,"axis":"z","origin":[8,14.08,9.3]},"faces":{"north":{"uv":[0,0,0.4,1.86396],"texture":"#1"},"east":{"uv":[0,0,0.4,1.86396],"texture":"#1"},"south":{"uv":[0,0,0.4,1.86396],"texture":"#1"},"west":{"uv":[0,0,0.4,1.86396],"texture":"#1"},"up":{"uv":[0,0,0.4,0.4],"texture":"#1"},"down":{"uv":[0,0,0.4,0.4],"texture":"#1"}}},{"name":"octagon","from":[6.80706,11.2,9.1],"to":[9.19294,11.712,9.5],"rotation":{"angle":45,"axis":"z","origin":[8,14.08,9.3]},"faces":{"north":{"uv":[0,0,1.86396,0.4],"texture":"#1"},"east":{"uv":[0,0,0.4,0.4],"texture":"#1"},"south":{"uv":[0,0,1.86396,0.4],"texture":"#1"},"west":{"uv":[0,0,0.4,0.4],"texture":"#1"},"up":{"uv":[0,0,1.86396,0.4],"texture":"#1"},"down":{"uv":[0,0,1.86396,0.4],"texture":"#1"}}},{"name":"octagon","from":[6.80706,11.2,9.1],"to":[9.19294,11.712,9.5],"rotation":{"angle":0,"axis":"z","origin":[8,14.08,9.3]},"faces":{"north":{"uv":[0,0,1.86396,0.4],"texture":"#1"},"east":{"uv":[0,0,0.4,0.4],"texture":"#1"},"south":{"uv":[0,0,1.86396,0.4],"texture":"#1"},"west":{"uv":[0,0,0.4,0.4],"texture":"#1"},"up":{"uv":[0,0,1.86396,0.4],"texture":"#1"},"down":{"uv":[0,0,1.86396,0.4],"texture":"#1"}}},{"name":"octagon","from":[6.3296,13.3345,12.2],"to":[6.62656,14.7183,12.6],"rotation":{"angle":45,"axis":"z","origin":[8,14.0264,12.4]},"faces":{"north":{"uv":[0,0,0.512,2.38587],"texture":"#1"},"east":{"uv":[0,0,0.4,2.38587],"texture":"#1"},"south":{"uv":[0,0,0.512,2.38587],"texture":"#1"},"west":{"uv":[0,0,0.4,2.38587],"texture":"#1"},"up":{"uv":[0,0,0.512,0.4],"texture":"#1"},"down":{"uv":[0,0,0.512,0.4],"texture":"#1"}}},{"name":"octagon","from":[6.3296,13.3345,12.2],"to":[6.62656,14.7183,12.6],"rotation":{"angle":0,"axis":"z","origin":[8,14.0264,12.4]},"faces":{"north":{"uv":[0,0,0.512,2.38587],"texture":"#1"},"east":{"uv":[0,0,0.4,2.38587],"texture":"#1"},"south":{"uv":[0,0,0.512,2.38587],"texture":"#1"},"west":{"uv":[0,0,0.4,2.38587],"texture":"#1"},"up":{"uv":[0,0,0.512,0.4],"texture":"#1"},"down":{"uv":[0,0,0.512,0.4],"texture":"#1"}}},{"name":"octagon","from":[7.3081,15.39984,12.2],"to":[8.6919,15.6968,12.6],"rotation":{"angle":45,"axis":"z","origin":[8,14.0264,12.4]},"faces":{"north":{"uv":[0,0,2.38587,0.512],"texture":"#1"},"east":{"uv":[0,0,0.4,0.512],"texture":"#1"},"south":{"uv":[0,0,2.38587,0.512],"texture":"#1"},"west":{"uv":[0,0,0.4,0.512],"texture":"#1"},"up":{"uv":[0,0,2.38587,0.4],"texture":"#1"},"down":{"uv":[0,0,2.38587,0.4],"texture":"#1"}}},{"name":"octagon","from":[7.3081,15.39984,12.2],"to":[8.6919,15.6968,12.6],"rotation":{"angle":0,"axis":"z","origin":[8,14.0264,12.4]},"faces":{"north":{"uv":[0,0,2.38587,0.512],"texture":"#1"},"east":{"uv":[0,0,0.4,0.512],"texture":"#1"},"south":{"uv":[0,0,2.38587,0.512],"texture":"#1"},"west":{"uv":[0,0,0.4,0.512],"texture":"#1"},"up":{"uv":[0,0,2.38587,0.4],"texture":"#1"},"down":{"uv":[0,0,2.38587,0.4],"texture":"#1"}}},{"name":"octagon","from":[9.37344,13.3345,12.2],"to":[9.6704,14.7183,12.6],"rotation":{"angle":45,"axis":"z","origin":[8,14.0264,12.4]},"faces":{"north":{"uv":[0,0,0.512,2.38587],"texture":"#1"},"east":{"uv":[0,0,0.4,2.38587],"texture":"#1"},"south":{"uv":[0,0,0.512,2.38587],"texture":"#1"},"west":{"uv":[0,0,0.4,2.38587],"texture":"#1"},"up":{"uv":[0,0,0.512,0.4],"texture":"#1"},"down":{"uv":[0,0,0.512,0.4],"texture":"#1"}}},{"name":"octagon","from":[9.37344,13.3345,12.2],"to":[9.6704,14.7183,12.6],"rotation":{"angle":0,"axis":"z","origin":[8,14.0264,12.4]},"faces":{"north":{"uv":[0,0,0.512,2.38587],"texture":"#1"},"east":{"uv":[0,0,0.4,2.38587],"texture":"#1"},"south":{"uv":[0,0,0.512,2.38587],"texture":"#1"},"west":{"uv":[0,0,0.4,2.38587],"texture":"#1"},"up":{"uv":[0,0,0.512,0.4],"texture":"#1"},"down":{"uv":[0,0,0.512,0.4],"texture":"#1"}}},{"name":"octagon","from":[7.3081,12.356,12.2],"to":[8.6919,12.65296,12.6],"rotation":{"angle":45,"axis":"z","origin":[8,14.0264,12.4]},"faces":{"north":{"uv":[0,0,2.38587,0.512],"texture":"#1"},"east":{"uv":[0,0,0.4,0.512],"texture":"#1"},"south":{"uv":[0,0,2.38587,0.512],"texture":"#1"},"west":{"uv":[0,0,0.4,0.512],"texture":"#1"},"up":{"uv":[0,0,2.38587,0.4],"texture":"#1"},"down":{"uv":[0,0,2.38587,0.4],"texture":"#1"}}},{"name":"octagon","from":[7.3081,12.356,12.2],"to":[8.6919,12.65296,12.6],"rotation":{"angle":0,"axis":"z","origin":[8,14.0264,12.4]},"faces":{"north":{"uv":[0,0,2.38587,0.512],"texture":"#1"},"east":{"uv":[0,0,0.4,0.512],"texture":"#1"},"south":{"uv":[0,0,2.38587,0.512],"texture":"#1"},"west":{"uv":[0,0,0.4,0.512],"texture":"#1"},"up":{"uv":[0,0,2.38587,0.4],"texture":"#1"},"down":{"uv":[0,0,2.38587,0.4],"texture":"#1"}}},{"from":[5.125,13.64264,8.25],"to":[5.625,14.14264,14.1],"rotation":{"angle":22.5,"axis":"y","origin":[5.375,13.89264,9.75]},"faces":{"north":{"uv":[0,7,3,0],"rotation":180,"texture":"#1"},"east":{"uv":[0,7,3,0],"rotation":270,"texture":"#1"},"south":{"uv":[0,7,3,0],"texture":"#1"},"west":{"uv":[0,7,3,0],"rotation":90,"texture":"#1"},"up":{"uv":[0,7,3,0],"texture":"#1"},"down":{"uv":[0,7,3,0],"rotation":180,"texture":"#1"}}},{"from":[6.8897,13.64264,13.42336],"to":[7.2397,14.14264,13.92336],"rotation":{"angle":-22.5,"axis":"y","origin":[6.9897,13.89264,13.67336]},"faces":{"north":{"uv":[0,7,3,0],"rotation":270,"texture":"#1"},"east":{"uv":[0,7,3,0],"texture":"#1"},"south":{"uv":[0,7,3,0],"rotation":90,"texture":"#1"},"west":{"uv":[0,7,3,0],"rotation":180,"texture":"#1"},"up":{"uv":[0,7,3,0],"rotation":90,"texture":"#1"},"down":{"uv":[0,7,3,0],"rotation":90,"texture":"#1"}}},{"from":[7.125,13.64264,13.5],"to":[8.875,14.14264,14],"rotation":{"angle":0,"axis":"y","origin":[7.375,13.89264,13.75]},"faces":{"north":{"uv":[0,0,3,7],"rotation":270,"texture":"#1"},"east":{"uv":[0,0,3,7],"rotation":180,"texture":"#1"},"south":{"uv":[0,0,3,7],"rotation":90,"texture":"#1"},"west":{"uv":[0,0,3,7],"texture":"#1"},"up":{"uv":[0,0,3,7],"rotation":90,"texture":"#1"},"down":{"uv":[0,0,3,7],"rotation":90,"texture":"#1"}}},{"from":[8.7603,13.64264,13.42336],"to":[9.1103,14.14264,13.92336],"rotation":{"angle":22.5,"axis":"y","origin":[9.0103,13.89264,13.67336]},"faces":{"north":{"uv":[0,0,3,7],"rotation":270,"texture":"#1"},"east":{"uv":[0,0,3,7],"rotation":180,"texture":"#1"},"south":{"uv":[0,0,3,7],"rotation":90,"texture":"#1"},"west":{"uv":[0,0,3,7],"texture":"#1"},"up":{"uv":[0,0,3,7],"rotation":90,"texture":"#1"},"down":{"uv":[0,0,3,7],"rotation":90,"texture":"#1"}}},{"from":[10.375,13.64264,8.25],"to":[10.875,14.14264,14.1],"rotation":{"angle":-22.5,"axis":"y","origin":[10.625,13.89264,9.75]},"faces":{"north":{"uv":[0,0,3,7],"rotation":180,"texture":"#1"},"east":{"uv":[0,0,3,7],"rotation":90,"texture":"#1"},"south":{"uv":[0,0,3,7],"texture":"#1"},"west":{"uv":[0,0,3,7],"rotation":270,"texture":"#1"},"up":{"uv":[0,0,3,7],"texture":"#1"},"down":{"uv":[0,0,3,7],"rotation":180,"texture":"#1"}}}],"display":{"thirdperson_righthand":{"translation":[0,8,1.5]},"thirdperson_lefthand":{"translation":[0,8,1.5]},"firstperson_righthand":{"rotation":[0,9,0],"translation":[0,-1,1]},"firstperson_lefthand":{"rotation":[0,9,0],"translation":[0,-1,1]},"ground":{"rotation":[79,32,-6]},"gui":{"rotation":[30,-135,0],"translation":[-0.5,1.25,0],"scale":[0.7,0.7,0.7]}},"groups":[0,1,2,3,4,5,6,7,8,9,10,11,12,13,14,15,16,17,18,19,20,21,22,23,24,25,26,27,{"name":"octagon","origin":[8,8,8],"children":[28,29,30,31,32,33,34,35,36,37,38,39,40,41,42,43,44,45,46,47,48,49,50,51]},52,53,54,55,56],"credit":"Model by Craftventure"}