{"textures":{"0":"block/greenlight","1":"block/gray_concrete","2":"block/white_concrete","3":"block/black_concrete","4":"block/redlight","particle":"block/greenlight"},"elements":[{"name":"octagon","from":[6.38457,9,4.1],"to":[9.61543,13.875,5.66],"rotation":{"angle":45,"axis":"y","origin":[8,6.25,8]},"faces":{"north":{"uv":[0,0,0.25,0.25],"texture":"#2"},"east":{"uv":[0,0,0.25,0.25],"texture":"#2"},"south":{"uv":[0,0,0.25,0.25],"texture":"#2"},"west":{"uv":[0,0,0.25,0.25],"texture":"#2"},"up":{"uv":[0,0,0.25,0.25],"texture":"#2"},"down":{"uv":[0,0,0.25,0.25],"texture":"#2"}}},{"name":"octagon","from":[6.38457,9,4.1],"to":[9.61543,13.875,5.66],"rotation":{"angle":0,"axis":"y","origin":[8,6.25,8]},"faces":{"north":{"uv":[0,0,0.25,0.25],"texture":"#2"},"east":{"uv":[0,0,0.25,0.25],"texture":"#2"},"south":{"uv":[0,0,0.25,0.25],"texture":"#2"},"west":{"uv":[0,0,0.25,0.25],"texture":"#2"},"up":{"uv":[0,0,0.25,0.25],"texture":"#2"},"down":{"uv":[0,0,0.25,0.25],"texture":"#2"}}},{"name":"octagon","from":[6.38457,9,10.34],"to":[9.61543,13.875,11.9],"rotation":{"angle":45,"axis":"y","origin":[8,6.25,8]},"faces":{"north":{"uv":[0,0,0.25,0.25],"texture":"#2"},"east":{"uv":[0,0,0.25,0.25],"texture":"#2"},"south":{"uv":[0,0,0.25,0.25],"texture":"#2"},"west":{"uv":[0,0,0.25,0.25],"texture":"#2"},"up":{"uv":[0,0,0.25,0.25],"texture":"#2"},"down":{"uv":[0,0,0.25,0.25],"texture":"#2"}}},{"name":"octagon","from":[6.38457,9,10.34],"to":[9.61543,13.875,11.9],"rotation":{"angle":0,"axis":"y","origin":[8,6.25,8]},"faces":{"north":{"uv":[0,0,0.25,0.25],"texture":"#2"},"east":{"uv":[0,0,0.25,0.25],"texture":"#2"},"south":{"uv":[0,0,0.25,0.25],"texture":"#2"},"west":{"uv":[0,0,0.25,0.25],"texture":"#2"},"up":{"uv":[0,0,0.25,0.25],"texture":"#2"},"down":{"uv":[0,0,0.25,0.25],"texture":"#2"}}},{"name":"octagon","from":[4.1,9,6.38457],"to":[5.66,13.875,9.61543],"rotation":{"angle":45,"axis":"y","origin":[8,6.25,8]},"faces":{"north":{"uv":[0,0,0.25,0.25],"texture":"#2"},"east":{"uv":[0,0,0.25,0.25],"texture":"#2"},"south":{"uv":[0,0,0.25,0.25],"texture":"#2"},"west":{"uv":[0,0,0.25,0.25],"texture":"#2"},"up":{"uv":[0,0,0.25,0.25],"texture":"#2"},"down":{"uv":[0,0,0.25,0.25],"texture":"#2"}}},{"name":"octagon","from":[4.1,9,6.38457],"to":[5.66,13.875,9.61543],"rotation":{"angle":0,"axis":"y","origin":[8,6.25,8]},"faces":{"north":{"uv":[0,0,0.25,0.25],"texture":"#2"},"east":{"uv":[0,0,0.25,0.25],"texture":"#2"},"south":{"uv":[0,0,0.25,0.25],"texture":"#2"},"west":{"uv":[0,0,0.25,0.25],"texture":"#2"},"up":{"uv":[0,0,0.25,0.25],"texture":"#2"},"down":{"uv":[0,0,0.25,0.25],"texture":"#2"}}},{"name":"octagon","from":[10.34,9,6.38457],"to":[11.9,13.875,9.61543],"rotation":{"angle":45,"axis":"y","origin":[8,6.25,8]},"faces":{"north":{"uv":[0,0,0.25,0.25],"texture":"#2"},"east":{"uv":[0,0,0.25,0.25],"texture":"#2"},"south":{"uv":[0,0,0.25,0.25],"texture":"#2"},"west":{"uv":[0,0,0.25,0.25],"texture":"#2"},"up":{"uv":[0,0,0.25,0.25],"texture":"#2"},"down":{"uv":[0,0,0.25,0.25],"texture":"#2"}}},{"name":"octagon","from":[10.34,9,6.38457],"to":[11.9,13.875,9.61543],"rotation":{"angle":0,"axis":"y","origin":[8,6.25,8]},"faces":{"north":{"uv":[0,0,0.25,0.25],"texture":"#2"},"east":{"uv":[0,0,0.25,0.25],"texture":"#2"},"south":{"uv":[0,0,0.25,0.25],"texture":"#2"},"west":{"uv":[0,0,0.25,0.25],"texture":"#2"},"up":{"uv":[0,0,0.25,0.25],"texture":"#2"},"down":{"uv":[0,0,0.25,0.25],"texture":"#2"}}},{"name":"octagon","from":[11.24264,11.57475,5.375],"to":[12.48528,14.57475,6.625],"rotation":{"angle":-45,"axis":"z","origin":[7.62132,8.125,8]},"faces":{"north":{"uv":[0,0.25,0.25,0],"texture":"#1"},"east":{"uv":[0,0.25,0.25,0],"rotation":90,"texture":"#1"},"south":{"uv":[0,0.25,0.25,0],"rotation":180,"texture":"#1"},"west":{"uv":[0,0.25,0.25,0],"rotation":270,"texture":"#1"},"up":{"uv":[0,0.25,0.25,0],"texture":"#1"},"down":{"uv":[0,0.25,0.25,0],"rotation":180,"texture":"#1"}}},{"name":"octagon","from":[13.5,7.125,5.375],"to":[14.74264,10.125,6.625],"rotation":{"angle":0,"axis":"y","origin":[7.62132,8.125,8]},"faces":{"north":{"uv":[0,0.25,0.25,0],"texture":"#1"},"east":{"uv":[0,0.25,0.25,0],"rotation":90,"texture":"#1"},"south":{"uv":[0,0.25,0.25,0],"rotation":180,"texture":"#1"},"west":{"uv":[0,0.25,0.25,0],"rotation":270,"texture":"#1"},"up":{"uv":[0,0.25,0.25,0],"texture":"#1"},"down":{"uv":[0,0.25,0.25,0],"rotation":180,"texture":"#1"}}},{"name":"octagon","from":[12,7.125,5.375],"to":[13.5,8.875,6.625],"rotation":{"angle":0,"axis":"y","origin":[7.62132,8.125,8]},"faces":{"north":{"uv":[0,0.25,0.25,0],"texture":"#1"},"east":{"uv":[0,0.25,0.25,0],"rotation":90,"texture":"#1"},"south":{"uv":[0,0.25,0.25,0],"rotation":180,"texture":"#1"},"west":{"uv":[0,0.25,0.25,0],"rotation":270,"texture":"#1"},"up":{"uv":[0,0.25,0.25,0],"texture":"#1"},"down":{"uv":[0,0.25,0.25,0],"rotation":180,"texture":"#1"}}},{"name":"octagon","from":[10.36396,12.45343,5.375],"to":[13.36396,13.69607,6.625],"rotation":{"angle":-45,"axis":"z","origin":[7.62132,8.125,8]},"faces":{"north":{"uv":[0,0.25,0.25,0],"texture":"#1"},"east":{"uv":[0,0.25,0.25,0],"rotation":90,"texture":"#1"},"south":{"uv":[0,0.25,0.25,0],"rotation":180,"texture":"#1"},"west":{"uv":[0,0.25,0.25,0],"rotation":270,"texture":"#1"},"up":{"uv":[0,0.25,0.25,0],"texture":"#1"},"down":{"uv":[0,0.25,0.25,0],"rotation":180,"texture":"#1"}}},{"name":"octagon","from":[12.62132,8.00368,5.375],"to":[15.62132,9.24632,6.625],"rotation":{"angle":0,"axis":"y","origin":[7.62132,8.125,8]},"faces":{"north":{"uv":[0,0.25,0.25,0],"texture":"#1"},"east":{"uv":[0,0.25,0.25,0],"rotation":90,"texture":"#1"},"south":{"uv":[0,0.25,0.25,0],"rotation":180,"texture":"#1"},"west":{"uv":[0,0.25,0.25,0],"rotation":270,"texture":"#1"},"up":{"uv":[0,0.25,0.25,0],"texture":"#1"},"down":{"uv":[0,0.25,0.25,0],"rotation":180,"texture":"#1"}}},{"name":"octagon","from":[13.71125,7.635,4],"to":[14.53139,9.615,12],"rotation":{"angle":-45,"axis":"z","origin":[14.12132,8.625,8]},"faces":{"north":{"uv":[0,0.25,0.25,0],"texture":"#1"},"east":{"uv":[0,0.25,0.25,0],"rotation":90,"texture":"#1"},"south":{"uv":[0,0.25,0.25,0],"rotation":180,"texture":"#1"},"west":{"uv":[0,0.25,0.25,0],"rotation":270,"texture":"#1"},"up":{"uv":[0,0.25,0.25,0],"texture":"#1"},"down":{"uv":[0,0.25,0.25,0],"rotation":180,"texture":"#1"}}},{"name":"octagon","from":[13.71125,7.635,4],"to":[14.53139,9.615,12],"rotation":{"angle":0,"axis":"y","origin":[14.12132,8.625,8]},"faces":{"north":{"uv":[0,0.25,0.25,0],"texture":"#1"},"east":{"uv":[0,0.25,0.25,0],"rotation":90,"texture":"#1"},"south":{"uv":[0,0.25,0.25,0],"rotation":180,"texture":"#1"},"west":{"uv":[0,0.25,0.25,0],"rotation":270,"texture":"#1"},"up":{"uv":[0,0.25,0.25,0],"texture":"#1"},"down":{"uv":[0,0.25,0.25,0],"rotation":180,"texture":"#1"}}},{"name":"octagon","from":[13.13132,8.21493,4],"to":[15.11132,9.03507,12],"rotation":{"angle":-45,"axis":"z","origin":[14.12132,8.625,8]},"faces":{"north":{"uv":[0,0.25,0.25,0],"texture":"#1"},"east":{"uv":[0,0.25,0.25,0],"rotation":90,"texture":"#1"},"south":{"uv":[0,0.25,0.25,0],"rotation":180,"texture":"#1"},"west":{"uv":[0,0.25,0.25,0],"rotation":270,"texture":"#1"},"up":{"uv":[0,0.25,0.25,0],"texture":"#1"},"down":{"uv":[0,0.25,0.25,0],"rotation":180,"texture":"#1"}}},{"name":"octagon","from":[13.13132,8.21493,4],"to":[15.11132,9.03507,12],"rotation":{"angle":0,"axis":"y","origin":[14.12132,8.625,8]},"faces":{"north":{"uv":[0,0.25,0.25,0],"texture":"#1"},"east":{"uv":[0,0.25,0.25,0],"rotation":90,"texture":"#1"},"south":{"uv":[0,0.25,0.25,0],"rotation":180,"texture":"#1"},"west":{"uv":[0,0.25,0.25,0],"rotation":270,"texture":"#1"},"up":{"uv":[0,0.25,0.25,0],"texture":"#1"},"down":{"uv":[0,0.25,0.25,0],"rotation":180,"texture":"#1"}}},{"name":"octagon","from":[11.24264,11.57475,9.375],"to":[12.48528,14.57475,10.625],"rotation":{"angle":-45,"axis":"z","origin":[7.62132,8.125,8]},"faces":{"north":{"uv":[0.25,0.25,0,0],"rotation":180,"texture":"#1"},"east":{"uv":[0,0,0.25,0.25],"rotation":90,"texture":"#1"},"south":{"uv":[0.25,0.25,0,0],"texture":"#1"},"west":{"uv":[0,0,0.25,0.25],"rotation":270,"texture":"#1"},"up":{"uv":[0,0,0.25,0.25],"texture":"#1"},"down":{"uv":[0,0,0.25,0.25],"rotation":180,"texture":"#1"}}},{"name":"octagon","from":[13.5,7.125,9.375],"to":[14.74264,10.125,10.625],"rotation":{"angle":0,"axis":"y","origin":[7.62132,8.125,8]},"faces":{"north":{"uv":[0.25,0.25,0,0],"rotation":180,"texture":"#1"},"east":{"uv":[0,0,0.25,0.25],"rotation":90,"texture":"#1"},"south":{"uv":[0.25,0.25,0,0],"texture":"#1"},"west":{"uv":[0,0,0.25,0.25],"rotation":270,"texture":"#1"},"up":{"uv":[0,0,0.25,0.25],"texture":"#1"},"down":{"uv":[0,0,0.25,0.25],"rotation":180,"texture":"#1"}}},{"name":"octagon","from":[12,7.125,9.375],"to":[13.5,8.875,10.625],"rotation":{"angle":0,"axis":"y","origin":[7.62132,8.125,8]},"faces":{"north":{"uv":[0.25,0.25,0,0],"rotation":180,"texture":"#1"},"east":{"uv":[0,0,0.25,0.25],"rotation":90,"texture":"#1"},"south":{"uv":[0.25,0.25,0,0],"texture":"#1"},"west":{"uv":[0,0,0.25,0.25],"rotation":270,"texture":"#1"},"up":{"uv":[0,0,0.25,0.25],"texture":"#1"},"down":{"uv":[0,0,0.25,0.25],"rotation":180,"texture":"#1"}}},{"name":"octagon","from":[10.36396,12.45343,9.375],"to":[13.36396,13.69607,10.625],"rotation":{"angle":-45,"axis":"z","origin":[7.62132,8.125,8]},"faces":{"north":{"uv":[0.25,0.25,0,0],"rotation":180,"texture":"#1"},"east":{"uv":[0,0,0.25,0.25],"rotation":90,"texture":"#1"},"south":{"uv":[0.25,0.25,0,0],"texture":"#1"},"west":{"uv":[0,0,0.25,0.25],"rotation":270,"texture":"#1"},"up":{"uv":[0,0,0.25,0.25],"texture":"#1"},"down":{"uv":[0,0,0.25,0.25],"rotation":180,"texture":"#1"}}},{"name":"octagon","from":[12.62132,8.00368,9.375],"to":[15.62132,9.24632,10.625],"rotation":{"angle":0,"axis":"y","origin":[7.62132,8.125,8]},"faces":{"north":{"uv":[0.25,0.25,0,0],"rotation":180,"texture":"#1"},"east":{"uv":[0,0,0.25,0.25],"rotation":90,"texture":"#1"},"south":{"uv":[0.25,0.25,0,0],"texture":"#1"},"west":{"uv":[0,0,0.25,0.25],"rotation":270,"texture":"#1"},"up":{"uv":[0,0,0.25,0.25],"texture":"#1"},"down":{"uv":[0,0,0.25,0.25],"rotation":180,"texture":"#1"}}},{"name":"octagon","from":[8.20711,8.875,5.67157],"to":[9.44975,9.625,8.67157],"rotation":{"angle":45,"axis":"y","origin":[6,8,10]},"faces":{"north":{"uv":[0,0,0.25,0.25],"texture":"#1"},"east":{"uv":[0,0,0.25,0.25],"texture":"#1"},"south":{"uv":[0,0,0.25,0.25],"texture":"#1"},"west":{"uv":[0,0,0.25,0.25],"texture":"#1"},"up":{"uv":[0,0,0.25,0.25],"texture":"#1"},"down":{"uv":[0,0,0.25,0.25],"texture":"#1"}}},{"name":"octagon","from":[5.37868,8.875,4.5],"to":[6.62132,9.625,7.5],"rotation":{"angle":0,"axis":"y","origin":[6,8,10]},"faces":{"north":{"uv":[0,0,0.25,0.25],"texture":"#1"},"east":{"uv":[0,0,0.25,0.25],"texture":"#1"},"south":{"uv":[0,0,0.25,0.25],"texture":"#1"},"west":{"uv":[0,0,0.25,0.25],"texture":"#1"},"up":{"uv":[0,0,0.25,0.25],"texture":"#1"},"down":{"uv":[0,0,0.25,0.25],"texture":"#1"}}},{"name":"octagon","from":[7.32843,8.875,6.55025],"to":[10.32843,9.625,7.79289],"rotation":{"angle":45,"axis":"y","origin":[6,8,10]},"faces":{"north":{"uv":[0,0,0.25,0.25],"texture":"#1"},"east":{"uv":[0,0,0.25,0.25],"texture":"#1"},"south":{"uv":[0,0,0.25,0.25],"texture":"#1"},"west":{"uv":[0,0,0.25,0.25],"texture":"#1"},"up":{"uv":[0,0,0.25,0.25],"texture":"#1"},"down":{"uv":[0,0,0.25,0.25],"texture":"#1"}}},{"name":"octagon","from":[4.5,8.875,5.37868],"to":[7.5,9.625,6.62132],"rotation":{"angle":0,"axis":"y","origin":[6,8,10]},"faces":{"north":{"uv":[0,0,0.25,0.25],"texture":"#1"},"east":{"uv":[0,0,0.25,0.25],"texture":"#1"},"south":{"uv":[0,0,0.25,0.25],"texture":"#1"},"west":{"uv":[0,0,0.25,0.25],"texture":"#1"},"up":{"uv":[0,0,0.25,0.25],"texture":"#1"},"down":{"uv":[0,0,0.25,0.25],"texture":"#1"}}},{"from":[4,7.125,4],"to":[8,8.875,8],"rotation":{"angle":0,"axis":"y","origin":[12,15.125,16]},"faces":{"north":{"uv":[0,0,4,1.75],"texture":"#1"},"east":{"uv":[0,0,4,1.75],"texture":"#1"},"south":{"uv":[0,0,4,1.75],"texture":"#1"},"west":{"uv":[0,0,4,1.75],"texture":"#1"},"up":{"uv":[0,0,4,4],"texture":"#1"},"down":{"uv":[0,0,4,4],"texture":"#1"}}},{"name":"octagon","from":[6.55025,8.875,7.32843],"to":[7.79289,9.625,10.32843],"rotation":{"angle":45,"axis":"y","origin":[10,8,6]},"faces":{"north":{"uv":[0,0,0.25,0.25],"texture":"#1"},"east":{"uv":[0,0,0.25,0.25],"texture":"#1"},"south":{"uv":[0,0,0.25,0.25],"texture":"#1"},"west":{"uv":[0,0,0.25,0.25],"texture":"#1"},"up":{"uv":[0.25,0.25,0,0],"texture":"#1"},"down":{"uv":[0.25,0.25,0,0],"texture":"#1"}}},{"name":"octagon","from":[9.37868,8.875,8.5],"to":[10.62132,9.625,11.5],"rotation":{"angle":0,"axis":"y","origin":[10,8,6]},"faces":{"north":{"uv":[0,0,0.25,0.25],"texture":"#1"},"east":{"uv":[0,0,0.25,0.25],"texture":"#1"},"south":{"uv":[0,0,0.25,0.25],"texture":"#1"},"west":{"uv":[0,0,0.25,0.25],"texture":"#1"},"up":{"uv":[0.25,0.25,0,0],"texture":"#1"},"down":{"uv":[0.25,0.25,0,0],"texture":"#1"}}},{"name":"octagon","from":[5.67157,8.875,8.20711],"to":[8.67157,9.625,9.44975],"rotation":{"angle":45,"axis":"y","origin":[10,8,6]},"faces":{"north":{"uv":[0,0,0.25,0.25],"texture":"#1"},"east":{"uv":[0,0,0.25,0.25],"texture":"#1"},"south":{"uv":[0,0,0.25,0.25],"texture":"#1"},"west":{"uv":[0,0,0.25,0.25],"texture":"#1"},"up":{"uv":[0.25,0.25,0,0],"texture":"#1"},"down":{"uv":[0.25,0.25,0,0],"texture":"#1"}}},{"name":"octagon","from":[8.5,8.875,9.37868],"to":[11.5,9.625,10.62132],"rotation":{"angle":0,"axis":"y","origin":[10,8,6]},"faces":{"north":{"uv":[0,0,0.25,0.25],"texture":"#1"},"east":{"uv":[0,0,0.25,0.25],"texture":"#1"},"south":{"uv":[0,0,0.25,0.25],"texture":"#1"},"west":{"uv":[0,0,0.25,0.25],"texture":"#1"},"up":{"uv":[0.25,0.25,0,0],"texture":"#1"},"down":{"uv":[0.25,0.25,0,0],"texture":"#1"}}},{"name":"octagon","from":[9.37868,8.875,4.5],"to":[10.62132,9.625,7.5],"rotation":{"angle":45,"axis":"y","origin":[10,8,6]},"faces":{"north":{"uv":[0,0,0.25,0.25],"texture":"#1"},"east":{"uv":[0,0,0.25,0.25],"texture":"#1"},"south":{"uv":[0,0,0.25,0.25],"texture":"#1"},"west":{"uv":[0,0,0.25,0.25],"texture":"#1"},"up":{"uv":[0.25,0.25,0,0],"texture":"#1"},"down":{"uv":[0.25,0.25,0,0],"texture":"#1"}}},{"name":"octagon","from":[9.37868,8.875,4.5],"to":[10.62132,9.625,7.5],"rotation":{"angle":0,"axis":"y","origin":[10,8,6]},"faces":{"north":{"uv":[0,0,0.25,0.25],"texture":"#1"},"east":{"uv":[0,0,0.25,0.25],"texture":"#1"},"south":{"uv":[0,0,0.25,0.25],"texture":"#1"},"west":{"uv":[0,0,0.25,0.25],"texture":"#1"},"up":{"uv":[0.25,0.25,0,0],"texture":"#1"},"down":{"uv":[0.25,0.25,0,0],"texture":"#1"}}},{"name":"octagon","from":[8.5,8.875,5.37868],"to":[11.5,9.625,6.62132],"rotation":{"angle":45,"axis":"y","origin":[10,8,6]},"faces":{"north":{"uv":[0,0,0.25,0.25],"texture":"#1"},"east":{"uv":[0,0,0.25,0.25],"texture":"#1"},"south":{"uv":[0,0,0.25,0.25],"texture":"#1"},"west":{"uv":[0,0,0.25,0.25],"texture":"#1"},"up":{"uv":[0.25,0.25,0,0],"texture":"#1"},"down":{"uv":[0.25,0.25,0,0],"texture":"#1"}}},{"name":"octagon","from":[8.5,8.875,5.37868],"to":[11.5,9.625,6.62132],"rotation":{"angle":0,"axis":"y","origin":[10,8,6]},"faces":{"north":{"uv":[0,0,0.25,0.25],"texture":"#1"},"east":{"uv":[0,0,0.25,0.25],"texture":"#1"},"south":{"uv":[0,0,0.25,0.25],"texture":"#1"},"west":{"uv":[0,0,0.25,0.25],"texture":"#1"},"up":{"uv":[0.25,0.25,0,0],"texture":"#1"},"down":{"uv":[0.25,0.25,0,0],"texture":"#1"}}},{"from":[8,7.125,4],"to":[12,8.875,12],"rotation":{"angle":0,"axis":"y","origin":[4,15.125,0]},"faces":{"north":{"uv":[0,0,4,1.75],"texture":"#1"},"east":{"uv":[0,0,8,1.75],"texture":"#1"},"south":{"uv":[0,0,4,1.75],"texture":"#1"},"west":{"uv":[0,0,8,1.75],"texture":"#1"},"up":{"uv":[4,4,8,12],"texture":"#1"},"down":{"uv":[4,4,8,12],"texture":"#1"}}},{"name":"octagon","from":[2.06856,8.875,9.2487],"to":[5.06856,9.625,10.49134],"rotation":{"angle":45,"axis":"y","origin":[4.94118,8.58824,7]},"faces":{"north":{"uv":[0,0,0.25,0.25],"texture":"#1"},"east":{"uv":[0,0,0.25,0.25],"texture":"#1"},"south":{"uv":[0,0,0.25,0.25],"texture":"#1"},"west":{"uv":[0,0,0.25,0.25],"texture":"#1"},"up":{"uv":[0,0,0.25,0.25],"rotation":90,"texture":"#1"},"down":{"uv":[0,0,0.25,0.25],"rotation":270,"texture":"#1"}}},{"name":"octagon","from":[4.5,8.875,9.37868],"to":[7.5,9.625,10.62132],"rotation":{"angle":0,"axis":"y","origin":[4.94118,8.58824,7]},"faces":{"north":{"uv":[0,0,0.25,0.25],"texture":"#1"},"east":{"uv":[0,0,0.25,0.25],"texture":"#1"},"south":{"uv":[0,0,0.25,0.25],"texture":"#1"},"west":{"uv":[0,0,0.25,0.25],"texture":"#1"},"up":{"uv":[0,0,0.25,0.25],"rotation":90,"texture":"#1"},"down":{"uv":[0,0,0.25,0.25],"rotation":270,"texture":"#1"}}},{"name":"octagon","from":[2.94724,8.875,8.37002],"to":[4.18988,9.625,11.37002],"rotation":{"angle":45,"axis":"y","origin":[4.94118,8.58824,7]},"faces":{"north":{"uv":[0,0,0.25,0.25],"texture":"#1"},"east":{"uv":[0,0,0.25,0.25],"texture":"#1"},"south":{"uv":[0,0,0.25,0.25],"texture":"#1"},"west":{"uv":[0,0,0.25,0.25],"texture":"#1"},"up":{"uv":[0,0,0.25,0.25],"rotation":90,"texture":"#1"},"down":{"uv":[0,0,0.25,0.25],"rotation":270,"texture":"#1"}}},{"name":"octagon","from":[5.37868,8.875,8.5],"to":[6.62132,9.625,11.5],"rotation":{"angle":0,"axis":"y","origin":[4.94118,8.58824,7]},"faces":{"north":{"uv":[0,0,0.25,0.25],"texture":"#1"},"east":{"uv":[0,0,0.25,0.25],"texture":"#1"},"south":{"uv":[0,0,0.25,0.25],"texture":"#1"},"west":{"uv":[0,0,0.25,0.25],"texture":"#1"},"up":{"uv":[0,0,0.25,0.25],"rotation":90,"texture":"#1"},"down":{"uv":[0,0,0.25,0.25],"rotation":270,"texture":"#1"}}},{"name":"octagon","from":[-0.75987,8.875,6.42027],"to":[2.24013,10.375,7.66291],"rotation":{"angle":45,"axis":"y","origin":[4.94118,8.58824,7]},"faces":{"north":{"uv":[0,0,0.25,0.25],"texture":"#2"},"east":{"uv":[0,0,0.25,0.25],"texture":"#2"},"south":{"uv":[0,0,0.25,0.25],"texture":"#2"},"west":{"uv":[0,0,0.25,0.25],"texture":"#2"},"up":{"uv":[0,0,0.25,0.25],"rotation":90,"texture":"#2"},"down":{"uv":[0,0,0.25,0.25],"rotation":270,"texture":"#2"}}},{"name":"octagon","from":[0.5,8.875,9.37868],"to":[3.5,10.375,10.62132],"rotation":{"angle":0,"axis":"y","origin":[4.94118,8.58824,7]},"faces":{"north":{"uv":[0,0,0.25,0.25],"texture":"#2"},"east":{"uv":[0,0,0.25,0.25],"texture":"#2"},"south":{"uv":[0,0,0.25,0.25],"texture":"#2"},"west":{"uv":[0,0,0.25,0.25],"texture":"#2"},"up":{"uv":[0,0,0.25,0.25],"rotation":90,"texture":"#2"},"down":{"uv":[0,0,0.25,0.25],"rotation":270,"texture":"#2"}}},{"name":"octagon","from":[0.11881,8.875,5.54159],"to":[1.36145,10.375,8.54159],"rotation":{"angle":45,"axis":"y","origin":[4.94118,8.58824,7]},"faces":{"north":{"uv":[0,0,0.25,0.25],"texture":"#2"},"east":{"uv":[0,0,0.25,0.25],"texture":"#2"},"south":{"uv":[0,0,0.25,0.25],"texture":"#2"},"west":{"uv":[0,0,0.25,0.25],"texture":"#2"},"up":{"uv":[0,0,0.25,0.25],"rotation":90,"texture":"#2"},"down":{"uv":[0,0,0.25,0.25],"rotation":270,"texture":"#2"}}},{"name":"octagon","from":[1.37868,8.875,8.5],"to":[2.62132,10.375,11.5],"rotation":{"angle":0,"axis":"y","origin":[4.94118,8.58824,7]},"faces":{"north":{"uv":[0,0,0.25,0.25],"texture":"#2"},"east":{"uv":[0,0,0.25,0.25],"texture":"#2"},"south":{"uv":[0,0,0.25,0.25],"texture":"#2"},"west":{"uv":[0,0,0.25,0.25],"texture":"#2"},"up":{"uv":[0,0,0.25,0.25],"rotation":90,"texture":"#2"},"down":{"uv":[0,0,0.25,0.25],"rotation":270,"texture":"#2"}}},{"name":"octagon","from":[2.0625,9.41713,9.37868],"to":[2.8125,10.65977,9.62128],"rotation":{"angle":45,"axis":"z","origin":[2,10.72595,9.99998]},"faces":{"north":{"uv":[0,0,0.25,0.25],"rotation":90,"texture":"#2"},"east":{"uv":[0,0,0.25,0.25],"rotation":270,"texture":"#2"},"south":{"uv":[0,0,0.25,0.25],"rotation":90,"texture":"#2"},"west":{"uv":[0,0,0.25,0.25],"rotation":90,"texture":"#2"},"up":{"uv":[0,0,0.25,0.25],"rotation":180,"texture":"#2"},"down":{"uv":[0,0,0.25,0.25],"texture":"#2"}}},{"name":"octagon","from":[2.0625,9.41713,10.37872],"to":[2.8125,10.65977,10.62132],"rotation":{"angle":45,"axis":"z","origin":[2,10.72595,6.00002]},"faces":{"north":{"uv":[0,0.25,0.25,0],"rotation":90,"texture":"#2"},"east":{"uv":[0,0.25,0.25,0],"rotation":270,"texture":"#2"},"south":{"uv":[0,0.25,0.25,0],"rotation":90,"texture":"#2"},"west":{"uv":[0,0.25,0.25,0],"rotation":90,"texture":"#2"},"up":{"uv":[0,0.25,0.25,0],"rotation":180,"texture":"#2"},"down":{"uv":[0,0.25,0.25,0],"texture":"#2"}}},{"name":"octagon","from":[0.69118,10.78845,9.37868],"to":[1.93382,11.53845,9.62128],"rotation":{"angle":45,"axis":"z","origin":[2,10.72595,9.99998]},"faces":{"north":{"uv":[0,0,0.25,0.25],"rotation":90,"texture":"#2"},"east":{"uv":[0,0,0.25,0.25],"rotation":270,"texture":"#2"},"south":{"uv":[0,0,0.25,0.25],"rotation":90,"texture":"#2"},"west":{"uv":[0,0,0.25,0.25],"rotation":90,"texture":"#2"},"up":{"uv":[0,0,0.25,0.25],"rotation":180,"texture":"#2"},"down":{"uv":[0,0,0.25,0.25],"texture":"#2"}}},{"name":"octagon","from":[0.69118,10.78845,10.37872],"to":[1.93382,11.53845,10.62132],"rotation":{"angle":45,"axis":"z","origin":[2,10.72595,6.00002]},"faces":{"north":{"uv":[0,0.25,0.25,0],"rotation":90,"texture":"#2"},"east":{"uv":[0,0.25,0.25,0],"rotation":270,"texture":"#2"},"south":{"uv":[0,0.25,0.25,0],"rotation":90,"texture":"#2"},"west":{"uv":[0,0.25,0.25,0],"rotation":90,"texture":"#2"},"up":{"uv":[0,0.25,0.25,0],"rotation":180,"texture":"#2"},"down":{"uv":[0,0.25,0.25,0],"texture":"#2"}}},{"name":"octagon","from":[1.3787,11.03845,8.69116],"to":[2.6213,11.28845,9.6838],"rotation":{"angle":-45,"axis":"x","origin":[2,10.72595,9.99998]},"faces":{"north":{"uv":[0,0,0.25,0.25],"rotation":90,"texture":"#2"},"east":{"uv":[0,0,0.25,0.25],"rotation":90,"texture":"#2"},"south":{"uv":[0,0,0.25,0.25],"rotation":270,"texture":"#2"},"west":{"uv":[0,0,0.25,0.25],"rotation":90,"texture":"#2"},"up":{"uv":[0,0,0.25,0.25],"rotation":270,"texture":"#2"},"down":{"uv":[0,0,0.25,0.25],"rotation":270,"texture":"#2"}}},{"name":"octagon","from":[1.3787,13.86688,9.14463],"to":[2.6213,14.11688,10.13727],"rotation":{"angle":45,"axis":"x","origin":[2,10.72595,6.00002]},"faces":{"north":{"uv":[0,0.25,0.25,0],"rotation":270,"texture":"#2"},"east":{"uv":[0,0.25,0.25,0],"rotation":90,"texture":"#2"},"south":{"uv":[0,0.25,0.25,0],"rotation":90,"texture":"#2"},"west":{"uv":[0,0.25,0.25,0],"rotation":90,"texture":"#2"},"up":{"uv":[0.25,0,0,0.25],"rotation":270,"texture":"#2"},"down":{"uv":[0.25,0,0,0.25],"rotation":270,"texture":"#2"}}},{"name":"octagon","from":[1.3787,10.78845,8.69116],"to":[2.6213,11.03845,9.4338],"rotation":{"angle":-45,"axis":"x","origin":[2,10.72595,9.99998]},"faces":{"north":{"uv":[0,0,0.25,0.25],"rotation":90,"texture":"#2"},"east":{"uv":[0,0,0.25,0.25],"rotation":90,"texture":"#2"},"south":{"uv":[0,0,0.25,0.25],"rotation":270,"texture":"#2"},"west":{"uv":[0,0,0.25,0.25],"rotation":90,"texture":"#2"},"up":{"uv":[0,0,0.25,0.25],"rotation":270,"texture":"#2"},"down":{"uv":[0,0,0.25,0.25],"rotation":270,"texture":"#2"}}},{"name":"octagon","from":[1.3787,13.61688,9.39463],"to":[2.6213,13.86688,10.13727],"rotation":{"angle":45,"axis":"x","origin":[2,10.72595,6.00002]},"faces":{"north":{"uv":[0,0.25,0.25,0],"rotation":270,"texture":"#2"},"east":{"uv":[0,0.25,0.25,0],"rotation":90,"texture":"#2"},"south":{"uv":[0,0.25,0.25,0],"rotation":90,"texture":"#2"},"west":{"uv":[0,0.25,0.25,0],"rotation":90,"texture":"#2"},"up":{"uv":[0.25,0,0,0.25],"rotation":270,"texture":"#2"},"down":{"uv":[0.25,0,0,0.25],"rotation":270,"texture":"#2"}}},{"name":"octagon","from":[1.3787,11.28845,8.69116],"to":[2.6213,11.53845,9.9338],"rotation":{"angle":-45,"axis":"x","origin":[2,10.72595,9.99998]},"faces":{"north":{"uv":[0,0,0.25,0.25],"rotation":90,"texture":"#2"},"east":{"uv":[0,0,0.25,0.25],"rotation":90,"texture":"#2"},"south":{"uv":[0,0,0.25,0.25],"rotation":270,"texture":"#2"},"west":{"uv":[0,0,0.25,0.25],"rotation":90,"texture":"#2"},"up":{"uv":[0,0,0.25,0.25],"rotation":270,"texture":"#2"},"down":{"uv":[0,0,0.25,0.25],"rotation":270,"texture":"#2"}}},{"name":"octagon","from":[1.3787,14.11688,8.89463],"to":[2.6213,14.36688,10.13727],"rotation":{"angle":45,"axis":"x","origin":[2,10.72595,6.00002]},"faces":{"north":{"uv":[0,0.25,0.25,0],"rotation":270,"texture":"#2"},"east":{"uv":[0,0.25,0.25,0],"rotation":90,"texture":"#2"},"south":{"uv":[0,0.25,0.25,0],"rotation":90,"texture":"#2"},"west":{"uv":[0,0.25,0.25,0],"rotation":90,"texture":"#2"},"up":{"uv":[0.25,0,0,0.25],"rotation":270,"texture":"#2"},"down":{"uv":[0.25,0,0,0.25],"rotation":270,"texture":"#2"}}},{"name":"octagon","from":[1.37868,10.25368,9.37868],"to":[2.62132,11.25368,9.62128],"rotation":{"angle":0,"axis":"y","origin":[2,9.75368,7.37868]},"faces":{"north":{"uv":[0,0,0.25,0.25],"rotation":90,"texture":"#2"},"east":{"uv":[0,0,0.25,0.25],"rotation":270,"texture":"#2"},"south":{"uv":[0,0,0.25,0.25],"rotation":90,"texture":"#2"},"west":{"uv":[0,0,0.25,0.25],"rotation":90,"texture":"#2"},"up":{"uv":[0,0,0.25,0.25],"rotation":180,"texture":"#2"},"down":{"uv":[0,0,0.25,0.25],"texture":"#2"}}},{"name":"octagon","from":[1.37868,10.25368,10.37872],"to":[2.62132,11.25368,10.62132],"rotation":{"angle":0,"axis":"y","origin":[2,9.75368,8.62132]},"faces":{"north":{"uv":[0,0.25,0.25,0],"rotation":90,"texture":"#2"},"east":{"uv":[0,0.25,0.25,0],"rotation":270,"texture":"#2"},"south":{"uv":[0,0.25,0.25,0],"rotation":90,"texture":"#2"},"west":{"uv":[0,0.25,0.25,0],"rotation":90,"texture":"#2"},"up":{"uv":[0,0.25,0.25,0],"rotation":180,"texture":"#2"},"down":{"uv":[0,0.25,0.25,0],"texture":"#2"}}},{"from":[0,7.125,8],"to":[8,8.875,12],"rotation":{"angle":0,"axis":"y","origin":[4.94118,8.58824,7]},"faces":{"north":{"uv":[0,0,8,1.75],"texture":"#1"},"east":{"uv":[0,0,4,1.75],"texture":"#1"},"south":{"uv":[0,0,8,1.75],"texture":"#1"},"west":{"uv":[0,0,4,1.75],"texture":"#1"},"up":{"uv":[8,8,12,16],"rotation":90,"texture":"#1"},"down":{"uv":[8,8,12,16],"rotation":270,"texture":"#1"}}},{"name":"octagon","from":[8.20711,15.625,7.32843],"to":[9.44975,16.375,10.32843],"rotation":{"angle":-45,"axis":"y","origin":[6,8,6]},"faces":{"north":{"uv":[0.25,0,0,0.25],"texture":"#1"},"east":{"uv":[0.25,0,0,0.25],"texture":"#1"},"south":{"uv":[0.25,0,0,0.25],"texture":"#1"},"west":{"uv":[0.25,0,0,0.25],"texture":"#1"},"up":{"uv":[0,0.25,0.25,0],"texture":"#1"},"down":{"uv":[0,0.25,0.25,0],"texture":"#1"}}},{"name":"octagon","from":[5.37868,15.625,8.5],"to":[6.62132,16.375,11.5],"rotation":{"angle":0,"axis":"y","origin":[6,8,6]},"faces":{"north":{"uv":[0.25,0,0,0.25],"texture":"#1"},"east":{"uv":[0.25,0,0,0.25],"texture":"#1"},"south":{"uv":[0.25,0,0,0.25],"texture":"#1"},"west":{"uv":[0.25,0,0,0.25],"texture":"#1"},"up":{"uv":[0,0.25,0.25,0],"texture":"#1"},"down":{"uv":[0,0.25,0.25,0],"texture":"#1"}}},{"name":"octagon","from":[7.32843,15.625,8.20711],"to":[10.32843,16.375,9.44975],"rotation":{"angle":-45,"axis":"y","origin":[6,8,6]},"faces":{"north":{"uv":[0.25,0,0,0.25],"texture":"#1"},"east":{"uv":[0.25,0,0,0.25],"texture":"#1"},"south":{"uv":[0.25,0,0,0.25],"texture":"#1"},"west":{"uv":[0.25,0,0,0.25],"texture":"#1"},"up":{"uv":[0,0.25,0.25,0],"texture":"#1"},"down":{"uv":[0,0.25,0.25,0],"texture":"#1"}}},{"name":"octagon","from":[4.5,15.625,9.37868],"to":[7.5,16.375,10.62132],"rotation":{"angle":0,"axis":"y","origin":[6,8,6]},"faces":{"north":{"uv":[0.25,0,0,0.25],"texture":"#1"},"east":{"uv":[0.25,0,0,0.25],"texture":"#1"},"south":{"uv":[0.25,0,0,0.25],"texture":"#1"},"west":{"uv":[0.25,0,0,0.25],"texture":"#1"},"up":{"uv":[0,0.25,0.25,0],"texture":"#1"},"down":{"uv":[0,0.25,0.25,0],"texture":"#1"}}},{"name":"octagon","from":[1.74033,14,10.29642],"to":[2.73442,15.5,10.82974],"rotation":{"angle":45,"axis":"y","origin":[2.6076,14.75,10]},"faces":{"north":{"uv":[0,0.25,0.25,0],"rotation":180,"texture":"#1"},"east":{"uv":[0.25,0,0,0.25],"rotation":90,"texture":"#1"},"south":{"uv":[0,0.25,0.25,0],"texture":"#1"},"west":{"uv":[0.25,0,0,0.25],"rotation":270,"texture":"#1"},"up":{"uv":[0.25,0,0,0.25],"texture":"#1"},"down":{"uv":[0.25,0,0,0.25],"rotation":180,"texture":"#1"}}},{"name":"octagon","from":[1.0374,14,9.87318],"to":[1.37073,15.5,10.46727],"rotation":{"angle":-45,"axis":"y","origin":[2.6076,14.75,10]},"faces":{"north":{"uv":[0.25,0,0,0.25],"rotation":270,"texture":"#1"},"east":{"uv":[0,0.25,0.25,0],"rotation":180,"texture":"#1"},"south":{"uv":[0.25,0,0,0.25],"rotation":90,"texture":"#1"},"west":{"uv":[0,0.25,0.25,0],"texture":"#1"},"up":{"uv":[0,0.25,0.25,0],"rotation":270,"texture":"#1"},"down":{"uv":[0,0.25,0.25,0],"rotation":270,"texture":"#1"}}},{"name":"octagon","from":[2.14033,14,11.23687],"to":[2.73442,15.5,11.5702],"rotation":{"angle":-45,"axis":"y","origin":[2.6076,14.75,10]},"faces":{"north":{"uv":[0,0.25,0.25,0],"rotation":180,"texture":"#1"},"east":{"uv":[0.25,0,0,0.25],"rotation":90,"texture":"#1"},"south":{"uv":[0,0.25,0.25,0],"texture":"#1"},"west":{"uv":[0.25,0,0,0.25],"rotation":270,"texture":"#1"},"up":{"uv":[0.25,0,0,0.25],"texture":"#1"},"down":{"uv":[0.25,0,0,0.25],"rotation":180,"texture":"#1"}}},{"name":"octagon","from":[1.74033,14,9.17026],"to":[2.73442,15.5,9.70358],"rotation":{"angle":-45,"axis":"y","origin":[2.6076,14.75,10]},"faces":{"north":{"uv":[0,0.25,0.25,0],"texture":"#1"},"east":{"uv":[0.25,0,0,0.25],"rotation":270,"texture":"#1"},"south":{"uv":[0,0.25,0.25,0],"rotation":180,"texture":"#1"},"west":{"uv":[0.25,0,0,0.25],"rotation":90,"texture":"#1"},"up":{"uv":[0.25,0,0,0.25],"rotation":180,"texture":"#1"},"down":{"uv":[0.25,0,0,0.25],"texture":"#1"}}},{"name":"octagon","from":[1.58698,14,10.76665],"to":[2.58106,15.5,11.19997],"rotation":{"angle":0,"axis":"z","origin":[2.6076,14.75,10]},"faces":{"north":{"uv":[0,0.25,0.25,0],"rotation":180,"texture":"#1"},"east":{"uv":[0.25,0,0,0.25],"rotation":90,"texture":"#1"},"south":{"uv":[0,0.25,0.25,0],"texture":"#1"},"west":{"uv":[0.25,0,0,0.25],"rotation":270,"texture":"#1"},"up":{"uv":[0.25,0,0,0.25],"texture":"#1"},"down":{"uv":[0.25,0,0,0.25],"rotation":180,"texture":"#1"}}},{"name":"octagon","from":[1.58698,14,8.80003],"to":[2.58106,15.5,9.23336],"rotation":{"angle":0,"axis":"z","origin":[2.6076,14.75,10]},"faces":{"north":{"uv":[0,0.25,0.25,0],"texture":"#1"},"east":{"uv":[0.25,0,0,0.25],"rotation":270,"texture":"#1"},"south":{"uv":[0,0.25,0.25,0],"rotation":180,"texture":"#1"},"west":{"uv":[0.25,0,0,0.25],"rotation":90,"texture":"#1"},"up":{"uv":[0.25,0,0,0.25],"rotation":180,"texture":"#1"},"down":{"uv":[0.25,0,0,0.25],"texture":"#1"}}},{"name":"octagon","from":[1.48698,14,9.23336],"to":[2.38106,15.5,9.33336],"rotation":{"angle":0,"axis":"z","origin":[2.6076,14.75,10]},"faces":{"north":{"uv":[0,0.25,0.25,0],"texture":"#1"},"east":{"uv":[0.25,0,0,0.25],"rotation":270,"texture":"#1"},"south":{"uv":[0,0.25,0.25,0],"rotation":180,"texture":"#1"},"west":{"uv":[0.25,0,0,0.25],"rotation":90,"texture":"#1"},"up":{"uv":[0.25,0,0,0.25],"rotation":180,"texture":"#1"},"down":{"uv":[0.25,0,0,0.25],"texture":"#1"}}},{"name":"octagon","from":[1.48698,14,10.66665],"to":[2.38106,15.5,10.76665],"rotation":{"angle":0,"axis":"z","origin":[2.6076,14.75,10]},"faces":{"north":{"uv":[0.25,0.25,0,0],"rotation":180,"texture":"#1"},"east":{"uv":[0.25,0.25,0,0],"rotation":270,"texture":"#1"},"south":{"uv":[0.25,0.25,0,0],"texture":"#1"},"west":{"uv":[0.25,0.25,0,0],"rotation":90,"texture":"#1"},"up":{"uv":[0.25,0.25,0,0],"rotation":180,"texture":"#1"},"down":{"uv":[0.25,0.25,0,0],"texture":"#1"}}},{"name":"octagon","from":[2.75067,14,9.50296],"to":[4.03399,15.5,10.49704],"rotation":{"angle":0,"axis":"z","origin":[2.6076,14.75,10]},"faces":{"north":{"uv":[0.25,0,0,0.25],"rotation":90,"texture":"#1"},"east":{"uv":[0,0.25,0.25,0],"texture":"#1"},"south":{"uv":[0.25,0,0,0.25],"rotation":270,"texture":"#1"},"west":{"uv":[0,0.25,0.25,0],"rotation":180,"texture":"#1"},"up":{"uv":[0,0.25,0.25,0],"rotation":90,"texture":"#1"},"down":{"uv":[0,0.25,0.25,0],"rotation":90,"texture":"#1"}}},{"from":[4,13.875,8],"to":[8,15.625,12],"rotation":{"angle":0,"axis":"y","origin":[12,15.125,0]},"faces":{"north":{"uv":[4,0,8,1.75],"texture":"#1"},"east":{"uv":[4,0,8,1.75],"texture":"#1"},"south":{"uv":[4,0,8,1.75],"texture":"#1"},"west":{"uv":[4,0,8,1.75],"texture":"#1"},"up":{"uv":[0,4,4,8],"texture":"#1"},"down":{"uv":[0,4,4,8],"texture":"#1"}}},{"name":"octagon","from":[6.46967,16.34772,5.375],"to":[7.71231,19.34772,6.625],"rotation":{"angle":-45,"axis":"z","origin":[7.62132,8.125,8]},"faces":{"north":{"uv":[0,0.25,0.25,0],"texture":"#1"},"east":{"uv":[0,0.25,0.25,0],"rotation":90,"texture":"#1"},"south":{"uv":[0,0.25,0.25,0],"rotation":180,"texture":"#1"},"west":{"uv":[0,0.25,0.25,0],"rotation":270,"texture":"#1"},"up":{"uv":[0,0.25,0.25,0],"texture":"#1"},"down":{"uv":[0,0.25,0.25,0],"rotation":180,"texture":"#1"}}},{"name":"octagon","from":[13.5,13.875,5.375],"to":[14.74264,16.875,6.625],"rotation":{"angle":0,"axis":"y","origin":[7.62132,8.125,8]},"faces":{"north":{"uv":[0,0.25,0.25,0],"texture":"#1"},"east":{"uv":[0,0.25,0.25,0],"rotation":90,"texture":"#1"},"south":{"uv":[0,0.25,0.25,0],"rotation":180,"texture":"#1"},"west":{"uv":[0,0.25,0.25,0],"rotation":270,"texture":"#1"},"up":{"uv":[0,0.25,0.25,0],"texture":"#1"},"down":{"uv":[0,0.25,0.25,0],"rotation":180,"texture":"#1"}}},{"name":"octagon","from":[12,13.875,5.375],"to":[13.5,15.625,6.625],"rotation":{"angle":0,"axis":"y","origin":[7.62132,8.125,8]},"faces":{"north":{"uv":[0,0.25,0.25,0],"texture":"#1"},"east":{"uv":[0,0.25,0.25,0],"rotation":90,"texture":"#1"},"south":{"uv":[0,0.25,0.25,0],"rotation":180,"texture":"#1"},"west":{"uv":[0,0.25,0.25,0],"rotation":270,"texture":"#1"},"up":{"uv":[0,0.25,0.25,0],"texture":"#1"},"down":{"uv":[0,0.25,0.25,0],"rotation":180,"texture":"#1"}}},{"name":"octagon","from":[5.59099,17.2264,5.375],"to":[8.59099,18.46904,6.625],"rotation":{"angle":-45,"axis":"z","origin":[7.62132,8.125,8]},"faces":{"north":{"uv":[0,0.25,0.25,0],"texture":"#1"},"east":{"uv":[0,0.25,0.25,0],"rotation":90,"texture":"#1"},"south":{"uv":[0,0.25,0.25,0],"rotation":180,"texture":"#1"},"west":{"uv":[0,0.25,0.25,0],"rotation":270,"texture":"#1"},"up":{"uv":[0,0.25,0.25,0],"texture":"#1"},"down":{"uv":[0,0.25,0.25,0],"rotation":180,"texture":"#1"}}},{"name":"octagon","from":[12.62132,14.75368,5.375],"to":[15.62132,15.99632,6.625],"rotation":{"angle":0,"axis":"y","origin":[7.62132,8.125,8]},"faces":{"north":{"uv":[0,0.25,0.25,0],"texture":"#1"},"east":{"uv":[0,0.25,0.25,0],"rotation":90,"texture":"#1"},"south":{"uv":[0,0.25,0.25,0],"rotation":180,"texture":"#1"},"west":{"uv":[0,0.25,0.25,0],"rotation":270,"texture":"#1"},"up":{"uv":[0,0.25,0.25,0],"texture":"#1"},"down":{"uv":[0,0.25,0.25,0],"rotation":180,"texture":"#1"}}},{"name":"octagon","from":[8.93828,12.40797,4],"to":[9.75842,14.38797,12],"rotation":{"angle":-45,"axis":"z","origin":[14.12132,8.625,8]},"faces":{"north":{"uv":[0,0.25,0.25,0],"texture":"#1"},"east":{"uv":[0,0.25,0.25,0],"rotation":90,"texture":"#1"},"south":{"uv":[0,0.25,0.25,0],"rotation":180,"texture":"#1"},"west":{"uv":[0,0.25,0.25,0],"rotation":270,"texture":"#1"},"up":{"uv":[0,0.25,0.25,0],"texture":"#1"},"down":{"uv":[0,0.25,0.25,0],"rotation":180,"texture":"#1"}}},{"name":"octagon","from":[13.71125,14.385,4],"to":[14.53139,16.365,12],"rotation":{"angle":0,"axis":"y","origin":[14.12132,8.625,8]},"faces":{"north":{"uv":[0,0.25,0.25,0],"texture":"#1"},"east":{"uv":[0,0.25,0.25,0],"rotation":90,"texture":"#1"},"south":{"uv":[0,0.25,0.25,0],"rotation":180,"texture":"#1"},"west":{"uv":[0,0.25,0.25,0],"rotation":270,"texture":"#1"},"up":{"uv":[0,0.25,0.25,0],"texture":"#1"},"down":{"uv":[0,0.25,0.25,0],"rotation":180,"texture":"#1"}}},{"name":"octagon","from":[8.35835,12.9879,4],"to":[10.33835,13.80804,12],"rotation":{"angle":-45,"axis":"z","origin":[14.12132,8.625,8]},"faces":{"north":{"uv":[0,0.25,0.25,0],"texture":"#1"},"east":{"uv":[0,0.25,0.25,0],"rotation":90,"texture":"#1"},"south":{"uv":[0,0.25,0.25,0],"rotation":180,"texture":"#1"},"west":{"uv":[0,0.25,0.25,0],"rotation":270,"texture":"#1"},"up":{"uv":[0,0.25,0.25,0],"texture":"#1"},"down":{"uv":[0,0.25,0.25,0],"rotation":180,"texture":"#1"}}},{"name":"octagon","from":[13.13132,14.96493,4],"to":[15.11132,15.78507,12],"rotation":{"angle":0,"axis":"y","origin":[14.12132,8.625,8]},"faces":{"north":{"uv":[0,0.25,0.25,0],"texture":"#1"},"east":{"uv":[0,0.25,0.25,0],"rotation":90,"texture":"#1"},"south":{"uv":[0,0.25,0.25,0],"rotation":180,"texture":"#1"},"west":{"uv":[0,0.25,0.25,0],"rotation":270,"texture":"#1"},"up":{"uv":[0,0.25,0.25,0],"texture":"#1"},"down":{"uv":[0,0.25,0.25,0],"rotation":180,"texture":"#1"}}},{"name":"octagon","from":[6.46967,16.34772,9.375],"to":[7.71231,19.34772,10.625],"rotation":{"angle":-45,"axis":"z","origin":[7.62132,8.125,8]},"faces":{"north":{"uv":[0.25,0.25,0,0],"rotation":180,"texture":"#1"},"east":{"uv":[0,0,0.25,0.25],"rotation":90,"texture":"#1"},"south":{"uv":[0.25,0.25,0,0],"texture":"#1"},"west":{"uv":[0,0,0.25,0.25],"rotation":270,"texture":"#1"},"up":{"uv":[0,0,0.25,0.25],"texture":"#1"},"down":{"uv":[0,0,0.25,0.25],"rotation":180,"texture":"#1"}}},{"name":"octagon","from":[13.5,13.875,9.375],"to":[14.74264,16.875,10.625],"rotation":{"angle":0,"axis":"y","origin":[7.62132,8.125,8]},"faces":{"north":{"uv":[0.25,0.25,0,0],"rotation":180,"texture":"#1"},"east":{"uv":[0,0,0.25,0.25],"rotation":90,"texture":"#1"},"south":{"uv":[0.25,0.25,0,0],"texture":"#1"},"west":{"uv":[0,0,0.25,0.25],"rotation":270,"texture":"#1"},"up":{"uv":[0,0,0.25,0.25],"texture":"#1"},"down":{"uv":[0,0,0.25,0.25],"rotation":180,"texture":"#1"}}},{"name":"octagon","from":[12,13.875,9.375],"to":[13.5,15.625,10.625],"rotation":{"angle":0,"axis":"y","origin":[7.62132,8.125,8]},"faces":{"north":{"uv":[0.25,0.25,0,0],"rotation":180,"texture":"#1"},"east":{"uv":[0,0,0.25,0.25],"rotation":90,"texture":"#1"},"south":{"uv":[0.25,0.25,0,0],"texture":"#1"},"west":{"uv":[0,0,0.25,0.25],"rotation":270,"texture":"#1"},"up":{"uv":[0,0,0.25,0.25],"texture":"#1"},"down":{"uv":[0,0,0.25,0.25],"rotation":180,"texture":"#1"}}},{"name":"octagon","from":[5.59099,17.2264,9.375],"to":[8.59099,18.46904,10.625],"rotation":{"angle":-45,"axis":"z","origin":[7.62132,8.125,8]},"faces":{"north":{"uv":[0.25,0.25,0,0],"rotation":180,"texture":"#1"},"east":{"uv":[0,0,0.25,0.25],"rotation":90,"texture":"#1"},"south":{"uv":[0.25,0.25,0,0],"texture":"#1"},"west":{"uv":[0,0,0.25,0.25],"rotation":270,"texture":"#1"},"up":{"uv":[0,0,0.25,0.25],"texture":"#1"},"down":{"uv":[0,0,0.25,0.25],"rotation":180,"texture":"#1"}}},{"name":"octagon","from":[12.62132,14.75368,9.375],"to":[15.62132,15.99632,10.625],"rotation":{"angle":0,"axis":"y","origin":[7.62132,8.125,8]},"faces":{"north":{"uv":[0.25,0.25,0,0],"rotation":180,"texture":"#1"},"east":{"uv":[0,0,0.25,0.25],"rotation":90,"texture":"#1"},"south":{"uv":[0.25,0.25,0,0],"texture":"#1"},"west":{"uv":[0,0,0.25,0.25],"rotation":270,"texture":"#1"},"up":{"uv":[0,0,0.25,0.25],"texture":"#1"},"down":{"uv":[0,0,0.25,0.25],"rotation":180,"texture":"#1"}}},{"name":"octagon","from":[8.20711,15.625,5.67157],"to":[9.44975,16.375,8.67157],"rotation":{"angle":45,"axis":"y","origin":[6,8,10]},"faces":{"north":{"uv":[0,0,0.25,0.25],"texture":"#1"},"east":{"uv":[0,0,0.25,0.25],"texture":"#1"},"south":{"uv":[0,0,0.25,0.25],"texture":"#1"},"west":{"uv":[0,0,0.25,0.25],"texture":"#1"},"up":{"uv":[0,0,0.25,0.25],"texture":"#1"},"down":{"uv":[0,0,0.25,0.25],"texture":"#1"}}},{"name":"octagon","from":[5.37868,15.625,4.5],"to":[6.62132,16.375,7.5],"rotation":{"angle":0,"axis":"y","origin":[6,8,10]},"faces":{"north":{"uv":[0,0,0.25,0.25],"texture":"#1"},"east":{"uv":[0,0,0.25,0.25],"texture":"#1"},"south":{"uv":[0,0,0.25,0.25],"texture":"#1"},"west":{"uv":[0,0,0.25,0.25],"texture":"#1"},"up":{"uv":[0,0,0.25,0.25],"texture":"#1"},"down":{"uv":[0,0,0.25,0.25],"texture":"#1"}}},{"name":"octagon","from":[7.32843,15.625,6.55025],"to":[10.32843,16.375,7.79289],"rotation":{"angle":45,"axis":"y","origin":[6,8,10]},"faces":{"north":{"uv":[0,0,0.25,0.25],"texture":"#1"},"east":{"uv":[0,0,0.25,0.25],"texture":"#1"},"south":{"uv":[0,0,0.25,0.25],"texture":"#1"},"west":{"uv":[0,0,0.25,0.25],"texture":"#1"},"up":{"uv":[0,0,0.25,0.25],"texture":"#1"},"down":{"uv":[0,0,0.25,0.25],"texture":"#1"}}},{"name":"octagon","from":[4.5,15.625,5.37868],"to":[7.5,16.375,6.62132],"rotation":{"angle":0,"axis":"y","origin":[6,8,10]},"faces":{"north":{"uv":[0,0,0.25,0.25],"texture":"#1"},"east":{"uv":[0,0,0.25,0.25],"texture":"#1"},"south":{"uv":[0,0,0.25,0.25],"texture":"#1"},"west":{"uv":[0,0,0.25,0.25],"texture":"#1"},"up":{"uv":[0,0,0.25,0.25],"texture":"#1"},"down":{"uv":[0,0,0.25,0.25],"texture":"#1"}}},{"from":[4,13.875,4],"to":[8,15.625,8],"rotation":{"angle":0,"axis":"y","origin":[12,15.125,16]},"faces":{"north":{"uv":[0,0,4,1.75],"texture":"#1"},"east":{"uv":[0,0,4,1.75],"texture":"#1"},"south":{"uv":[0,0,4,1.75],"texture":"#1"},"west":{"uv":[0,0,4,1.75],"texture":"#1"},"up":{"uv":[0,0,4,4],"texture":"#1"},"down":{"uv":[0,0,4,4],"texture":"#1"}}},{"name":"octagon","from":[6.55025,15.625,7.32843],"to":[7.79289,16.375,10.32843],"rotation":{"angle":45,"axis":"y","origin":[10,8,6]},"faces":{"north":{"uv":[0,0,0.25,0.25],"texture":"#1"},"east":{"uv":[0,0,0.25,0.25],"texture":"#1"},"south":{"uv":[0,0,0.25,0.25],"texture":"#1"},"west":{"uv":[0,0,0.25,0.25],"texture":"#1"},"up":{"uv":[0.25,0.25,0,0],"texture":"#1"},"down":{"uv":[0.25,0.25,0,0],"texture":"#1"}}},{"name":"octagon","from":[9.37868,15.625,8.5],"to":[10.62132,16.375,11.5],"rotation":{"angle":0,"axis":"y","origin":[10,8,6]},"faces":{"north":{"uv":[0,0,0.25,0.25],"texture":"#1"},"east":{"uv":[0,0,0.25,0.25],"texture":"#1"},"south":{"uv":[0,0,0.25,0.25],"texture":"#1"},"west":{"uv":[0,0,0.25,0.25],"texture":"#1"},"up":{"uv":[0.25,0.25,0,0],"texture":"#1"},"down":{"uv":[0.25,0.25,0,0],"texture":"#1"}}},{"name":"octagon","from":[5.67157,15.625,8.20711],"to":[8.67157,16.375,9.44975],"rotation":{"angle":45,"axis":"y","origin":[10,8,6]},"faces":{"north":{"uv":[0,0,0.25,0.25],"texture":"#1"},"east":{"uv":[0,0,0.25,0.25],"texture":"#1"},"south":{"uv":[0,0,0.25,0.25],"texture":"#1"},"west":{"uv":[0,0,0.25,0.25],"texture":"#1"},"up":{"uv":[0.25,0.25,0,0],"texture":"#1"},"down":{"uv":[0.25,0.25,0,0],"texture":"#1"}}},{"name":"octagon","from":[8.5,15.625,9.37868],"to":[11.5,16.375,10.62132],"rotation":{"angle":0,"axis":"y","origin":[10,8,6]},"faces":{"north":{"uv":[0,0,0.25,0.25],"texture":"#1"},"east":{"uv":[0,0,0.25,0.25],"texture":"#1"},"south":{"uv":[0,0,0.25,0.25],"texture":"#1"},"west":{"uv":[0,0,0.25,0.25],"texture":"#1"},"up":{"uv":[0.25,0.25,0,0],"texture":"#1"},"down":{"uv":[0.25,0.25,0,0],"texture":"#1"}}},{"name":"octagon","from":[9.37868,15.625,4.5],"to":[10.62132,16.375,7.5],"rotation":{"angle":45,"axis":"y","origin":[10,8,6]},"faces":{"north":{"uv":[0,0,0.25,0.25],"texture":"#1"},"east":{"uv":[0,0,0.25,0.25],"texture":"#1"},"south":{"uv":[0,0,0.25,0.25],"texture":"#1"},"west":{"uv":[0,0,0.25,0.25],"texture":"#1"},"up":{"uv":[0.25,0.25,0,0],"texture":"#1"},"down":{"uv":[0.25,0.25,0,0],"texture":"#1"}}},{"name":"octagon","from":[9.37868,15.625,4.5],"to":[10.62132,16.375,7.5],"rotation":{"angle":0,"axis":"y","origin":[10,8,6]},"faces":{"north":{"uv":[0,0,0.25,0.25],"texture":"#1"},"east":{"uv":[0,0,0.25,0.25],"texture":"#1"},"south":{"uv":[0,0,0.25,0.25],"texture":"#1"},"west":{"uv":[0,0,0.25,0.25],"texture":"#1"},"up":{"uv":[0.25,0.25,0,0],"texture":"#1"},"down":{"uv":[0.25,0.25,0,0],"texture":"#1"}}},{"name":"octagon","from":[8.5,15.625,5.37868],"to":[11.5,16.375,6.62132],"rotation":{"angle":45,"axis":"y","origin":[10,8,6]},"faces":{"north":{"uv":[0,0,0.25,0.25],"texture":"#1"},"east":{"uv":[0,0,0.25,0.25],"texture":"#1"},"south":{"uv":[0,0,0.25,0.25],"texture":"#1"},"west":{"uv":[0,0,0.25,0.25],"texture":"#1"},"up":{"uv":[0.25,0.25,0,0],"texture":"#1"},"down":{"uv":[0.25,0.25,0,0],"texture":"#1"}}},{"name":"octagon","from":[8.5,15.625,5.37868],"to":[11.5,16.375,6.62132],"rotation":{"angle":0,"axis":"y","origin":[10,8,6]},"faces":{"north":{"uv":[0,0,0.25,0.25],"texture":"#1"},"east":{"uv":[0,0,0.25,0.25],"texture":"#1"},"south":{"uv":[0,0,0.25,0.25],"texture":"#1"},"west":{"uv":[0,0,0.25,0.25],"texture":"#1"},"up":{"uv":[0.25,0.25,0,0],"texture":"#1"},"down":{"uv":[0.25,0.25,0,0],"texture":"#1"}}},{"from":[8,13.875,4],"to":[12,15.625,12],"rotation":{"angle":0,"axis":"y","origin":[4,15.125,0]},"faces":{"north":{"uv":[0,0,4,1.75],"texture":"#1"},"east":{"uv":[0,0,8,1.75],"texture":"#1"},"south":{"uv":[0,0,4,1.75],"texture":"#1"},"west":{"uv":[0,0,8,1.75],"texture":"#1"},"up":{"uv":[4,4,8,12],"texture":"#1"},"down":{"uv":[4,4,8,12],"texture":"#1"}}},{"name":"octagon","from":[6.38457,15.75,4.1],"to":[9.61543,17.5,11.9],"rotation":{"angle":45,"axis":"y","origin":[8,8,8]},"faces":{"north":{"uv":[0,0,0.25,0.25],"texture":"#2"},"east":{"uv":[0,0,0.25,0.25],"texture":"#2"},"south":{"uv":[0,0,0.25,0.25],"texture":"#2"},"west":{"uv":[0,0,0.25,0.25],"texture":"#2"},"up":{"uv":[0,0,0.25,0.25],"texture":"#2"},"down":{"uv":[0,0,0.25,0.25],"texture":"#2"}}},{"name":"octagon","from":[6.38457,15.75,4.1],"to":[9.61543,17.5,11.9],"faces":{"north":{"uv":[0,0,0.25,0.25],"texture":"#2"},"east":{"uv":[0,0,0.25,0.25],"texture":"#2"},"south":{"uv":[0,0,0.25,0.25],"texture":"#2"},"west":{"uv":[0,0,0.25,0.25],"texture":"#2"},"up":{"uv":[0,0,0.25,0.25],"texture":"#2"},"down":{"uv":[0,0,0.25,0.25],"texture":"#2"}}},{"name":"octagon","from":[4.1,15.75,6.38457],"to":[11.9,17.5,9.61543],"rotation":{"angle":45,"axis":"y","origin":[8,8,8]},"faces":{"north":{"uv":[0,0,0.25,0.25],"texture":"#2"},"east":{"uv":[0,0,0.25,0.25],"texture":"#2"},"south":{"uv":[0,0,0.25,0.25],"texture":"#2"},"west":{"uv":[0,0,0.25,0.25],"texture":"#2"},"up":{"uv":[0,0,0.25,0.25],"texture":"#2"},"down":{"uv":[0,0,0.25,0.25],"texture":"#2"}}},{"name":"octagon","from":[4.1,15.75,6.38457],"to":[11.9,17.5,9.61543],"faces":{"north":{"uv":[0,0,0.25,0.25],"texture":"#2"},"east":{"uv":[0,0,0.25,0.25],"texture":"#2"},"south":{"uv":[0,0,0.25,0.25],"texture":"#2"},"west":{"uv":[0,0,0.25,0.25],"texture":"#2"},"up":{"uv":[0,0,0.25,0.25],"texture":"#2"},"down":{"uv":[0,0,0.25,0.25],"texture":"#2"}}},{"name":"octagon","from":[1.39444,10.65422,9.725],"to":[2.70124,11.19551,10.275],"rotation":{"angle":22.5,"axis":"z","origin":[2,10.80938,10]},"faces":{"north":{"uv":[0,0.25,0.25,0],"rotation":270,"texture":"#3"},"east":{"uv":[0,0.25,0.25,0],"rotation":90,"texture":"#3"},"south":{"uv":[0,0.25,0.25,0],"rotation":270,"texture":"#3"},"west":{"uv":[0,0.25,0.25,0],"rotation":270,"texture":"#3"},"up":{"uv":[0,0.25,0.25,0],"texture":"#3"},"down":{"uv":[0,0.25,0.25,0],"rotation":180,"texture":"#3"}}},{"name":"octagon","from":[1.68152,10.27146,9.725],"to":[2.22281,11.57826,10.275],"rotation":{"angle":-22.5,"axis":"z","origin":[2,10.80938,10]},"faces":{"north":{"uv":[0,0.25,0.25,0],"texture":"#3"},"east":{"uv":[0,0.25,0.25,0],"rotation":90,"texture":"#3"},"south":{"uv":[0,0.25,0.25,0],"rotation":180,"texture":"#3"},"west":{"uv":[0,0.25,0.25,0],"rotation":270,"texture":"#3"},"up":{"uv":[0,0.25,0.25,0],"texture":"#3"},"down":{"uv":[0,0.25,0.25,0],"rotation":180,"texture":"#3"}}},{"name":"octagon","from":[1.77719,10.27146,9.725],"to":[2.31848,11.57826,10.275],"rotation":{"angle":22.5,"axis":"z","origin":[2,10.80938,10]},"faces":{"north":{"uv":[0,0.25,0.25,0],"rotation":270,"texture":"#3"},"east":{"uv":[0,0.25,0.25,0],"rotation":90,"texture":"#3"},"south":{"uv":[0,0.25,0.25,0],"rotation":270,"texture":"#3"},"west":{"uv":[0,0.25,0.25,0],"rotation":270,"texture":"#3"},"up":{"uv":[0,0.25,0.25,0],"texture":"#3"},"down":{"uv":[0,0.25,0.25,0],"rotation":180,"texture":"#3"}}},{"name":"octagon","from":[1.72935,11.51848,9.725],"to":[2.27065,17.06848,10.275],"rotation":{"angle":0,"axis":"z","origin":[2,10.80938,10]},"faces":{"north":{"uv":[0,0.25,0.25,0],"rotation":270,"texture":"#3"},"east":{"uv":[0,0.25,0.25,0],"rotation":90,"texture":"#3"},"south":{"uv":[0,0.25,0.25,0],"rotation":270,"texture":"#3"},"west":{"uv":[0,0.25,0.25,0],"rotation":270,"texture":"#3"},"up":{"uv":[0,0.25,0.25,0],"texture":"#3"},"down":{"uv":[0,0.25,0.25,0],"rotation":180,"texture":"#3"}}},{"name":"octagon","from":[1.47935,17.06848,9.475],"to":[2.52065,18.10978,10.525],"rotation":{"angle":0,"axis":"z","origin":[2,17.56848,10]},"faces":{"north":{"uv":[0,0.25,0.25,0],"rotation":270,"texture":"#3"},"east":{"uv":[0,0.25,0.25,0],"rotation":90,"texture":"#3"},"south":{"uv":[0,0.25,0.25,0],"rotation":270,"texture":"#3"},"west":{"uv":[0,0.25,0.25,0],"rotation":270,"texture":"#3"},"up":{"uv":[0,0.25,0.25,0],"texture":"#3"},"down":{"uv":[0,0.25,0.25,0],"rotation":180,"texture":"#3"}}},{"name":"octagon","from":[1.29876,10.65422,9.725],"to":[2.60556,11.19551,10.275],"rotation":{"angle":-22.5,"axis":"z","origin":[2,10.80938,10]},"faces":{"north":{"uv":[0,0.25,0.25,0],"texture":"#3"},"east":{"uv":[0,0.25,0.25,0],"rotation":90,"texture":"#3"},"south":{"uv":[0,0.25,0.25,0],"rotation":180,"texture":"#3"},"west":{"uv":[0,0.25,0.25,0],"rotation":270,"texture":"#3"},"up":{"uv":[0,0.25,0.25,0],"texture":"#3"},"down":{"uv":[0,0.25,0.25,0],"rotation":180,"texture":"#3"}}},{"name":"octagon","from":[1.65436,13.20845,3.9375],"to":[2.63853,15.58445,5.1875],"rotation":{"angle":-45,"axis":"z","origin":[2.5,14.75,4.5]},"faces":{"north":{"uv":[0,0.25,0.25,0],"texture":"#0"},"east":{"uv":[0,0.25,0.25,0],"rotation":90,"texture":"#0"},"south":{"uv":[0,0.25,0.25,0],"rotation":180,"texture":"#0"},"west":{"uv":[0,0.25,0.25,0],"rotation":270,"texture":"#0"},"up":{"uv":[0,0.25,0.25,0],"texture":"#0"},"down":{"uv":[0,0.25,0.25,0],"rotation":180,"texture":"#0"}}},{"name":"octagon","from":[1.50791,13.562,3.9375],"to":[2.49209,15.938,5.1875],"rotation":{"angle":0,"axis":"y","origin":[2.5,14.75,4.5]},"faces":{"north":{"uv":[0,0.25,0.25,0],"texture":"#0"},"east":{"uv":[0,0.25,0.25,0],"rotation":90,"texture":"#0"},"south":{"uv":[0,0.25,0.25,0],"rotation":180,"texture":"#0"},"west":{"uv":[0,0.25,0.25,0],"rotation":270,"texture":"#0"},"up":{"uv":[0,0.25,0.25,0],"texture":"#0"},"down":{"uv":[0,0.25,0.25,0],"rotation":180,"texture":"#0"}}},{"name":"octagon","from":[0.95845,13.90436,3.9375],"to":[3.33445,14.88853,5.1875],"rotation":{"angle":-45,"axis":"z","origin":[2.5,14.75,4.5]},"faces":{"north":{"uv":[0,0.25,0.25,0],"texture":"#0"},"east":{"uv":[0,0.25,0.25,0],"rotation":90,"texture":"#0"},"south":{"uv":[0,0.25,0.25,0],"rotation":180,"texture":"#0"},"west":{"uv":[0,0.25,0.25,0],"rotation":270,"texture":"#0"},"up":{"uv":[0,0.25,0.25,0],"texture":"#0"},"down":{"uv":[0,0.25,0.25,0],"rotation":180,"texture":"#0"}}},{"name":"octagon","from":[0.812,14.25791,3.9375],"to":[3.188,15.24209,5.1875],"rotation":{"angle":0,"axis":"y","origin":[2.5,14.75,4.5]},"faces":{"north":{"uv":[0,0.25,0.25,0],"texture":"#0"},"east":{"uv":[0,0.25,0.25,0],"rotation":90,"texture":"#0"},"south":{"uv":[0,0.25,0.25,0],"rotation":180,"texture":"#0"},"west":{"uv":[0,0.25,0.25,0],"rotation":270,"texture":"#0"},"up":{"uv":[0,0.25,0.25,0],"texture":"#0"},"down":{"uv":[0,0.25,0.25,0],"rotation":180,"texture":"#0"}}},{"name":"octagon","from":[1.23235,12.89672,4.4375],"to":[2.76765,16.60328,4.9375],"rotation":{"angle":-45,"axis":"z","origin":[2,14.75,4.6875]},"faces":{"north":{"uv":[0,0.25,0.25,0],"texture":"#0"},"east":{"uv":[0,0.25,0.25,0],"rotation":90,"texture":"#0"},"south":{"uv":[0,0.25,0.25,0],"rotation":180,"texture":"#0"},"west":{"uv":[0,0.25,0.25,0],"rotation":270,"texture":"#0"},"up":{"uv":[0,0.25,0.25,0],"texture":"#0"},"down":{"uv":[0,0.25,0.25,0],"rotation":180,"texture":"#0"}}},{"name":"octagon","from":[1.23235,12.89672,4.4375],"to":[2.76765,16.60328,4.9375],"rotation":{"angle":0,"axis":"y","origin":[2,14.75,4.6875]},"faces":{"north":{"uv":[0,0.25,0.25,0],"texture":"#0"},"east":{"uv":[0,0.25,0.25,0],"rotation":90,"texture":"#0"},"south":{"uv":[0,0.25,0.25,0],"rotation":180,"texture":"#0"},"west":{"uv":[0,0.25,0.25,0],"rotation":270,"texture":"#0"},"up":{"uv":[0,0.25,0.25,0],"texture":"#0"},"down":{"uv":[0,0.25,0.25,0],"rotation":180,"texture":"#0"}}},{"name":"octagon","from":[0.14672,13.98235,4.4375],"to":[3.85328,15.51765,4.9375],"rotation":{"angle":-45,"axis":"z","origin":[2,14.75,4.6875]},"faces":{"north":{"uv":[0,0.25,0.25,0],"texture":"#0"},"east":{"uv":[0,0.25,0.25,0],"rotation":90,"texture":"#0"},"south":{"uv":[0,0.25,0.25,0],"rotation":180,"texture":"#0"},"west":{"uv":[0,0.25,0.25,0],"rotation":270,"texture":"#0"},"up":{"uv":[0,0.25,0.25,0],"texture":"#0"},"down":{"uv":[0,0.25,0.25,0],"rotation":180,"texture":"#0"}}},{"name":"octagon","from":[0.14672,13.98235,4.4375],"to":[3.85328,15.51765,4.9375],"rotation":{"angle":0,"axis":"y","origin":[2,14.75,4.6875]},"faces":{"north":{"uv":[0,0.25,0.25,0],"texture":"#0"},"east":{"uv":[0,0.25,0.25,0],"rotation":90,"texture":"#0"},"south":{"uv":[0,0.25,0.25,0],"rotation":180,"texture":"#0"},"west":{"uv":[0,0.25,0.25,0],"rotation":270,"texture":"#0"},"up":{"uv":[0,0.25,0.25,0],"texture":"#0"},"down":{"uv":[0,0.25,0.25,0],"rotation":180,"texture":"#0"}}},{"name":"octagon","from":[6.45343,12.00152,4.75],"to":[7.38541,12.31402,7.25],"rotation":{"angle":45,"axis":"z","origin":[2.5,8,8.75]},"faces":{"north":{"uv":[0,0,0.25,0.25],"texture":"#1"},"east":{"uv":[0,0,0.25,0.25],"texture":"#1"},"south":{"uv":[0,0,0.25,0.25],"texture":"#1"},"west":{"uv":[0,0,0.25,0.25],"texture":"#1"},"up":{"uv":[0,0,0.25,0.25],"texture":"#1"},"down":{"uv":[0,0,0.25,0.25],"texture":"#1"}}},{"name":"octagon","from":[-3.75152,11.95343,4.75],"to":[-3.43902,12.88541,7.25],"rotation":{"angle":-45,"axis":"z","origin":[2.5,8,8.75]},"faces":{"north":{"uv":[0,0,0.25,0.25],"rotation":270,"texture":"#1"},"east":{"uv":[0,0,0.25,0.25],"rotation":90,"texture":"#1"},"south":{"uv":[0,0,0.25,0.25],"rotation":90,"texture":"#1"},"west":{"uv":[0,0,0.25,0.25],"rotation":90,"texture":"#1"},"up":{"uv":[0,0,0.25,0.25],"rotation":90,"texture":"#1"},"down":{"uv":[0,0,0.25,0.25],"rotation":90,"texture":"#1"}}},{"name":"octagon","from":[-3.09251,11.29442,4.75],"to":[-2.16053,11.60692,7.25],"rotation":{"angle":-45,"axis":"z","origin":[2.5,8,8.75]},"faces":{"north":{"uv":[0,0,0.25,0.25],"texture":"#1"},"east":{"uv":[0,0,0.25,0.25],"texture":"#1"},"south":{"uv":[0,0,0.25,0.25],"texture":"#1"},"west":{"uv":[0,0,0.25,0.25],"texture":"#1"},"up":{"uv":[0,0,0.25,0.25],"texture":"#1"},"down":{"uv":[0,0,0.25,0.25],"texture":"#1"}}},{"name":"octagon","from":[-3.09251,13.23192,4.75],"to":[-2.16053,13.54442,7.25],"rotation":{"angle":-45,"axis":"z","origin":[2.5,8,8.75]},"faces":{"north":{"uv":[0,0,0.25,0.25],"rotation":180,"texture":"#1"},"east":{"uv":[0,0,0.25,0.25],"rotation":180,"texture":"#1"},"south":{"uv":[0,0,0.25,0.25],"rotation":180,"texture":"#1"},"west":{"uv":[0,0,0.25,0.25],"rotation":180,"texture":"#1"},"up":{"uv":[0,0,0.25,0.25],"rotation":180,"texture":"#1"},"down":{"uv":[0,0,0.25,0.25],"rotation":180,"texture":"#1"}}},{"name":"octagon","from":[1.53401,13.625,4.75],"to":[2.46599,13.9375,7.25],"rotation":{"angle":0,"axis":"z","origin":[2.5,8,8.75]},"faces":{"north":{"uv":[0,0,0.25,0.25],"texture":"#1"},"east":{"uv":[0,0,0.25,0.25],"texture":"#1"},"south":{"uv":[0,0,0.25,0.25],"texture":"#1"},"west":{"uv":[0,0,0.25,0.25],"texture":"#1"},"up":{"uv":[0,0,0.25,0.25],"texture":"#1"},"down":{"uv":[0,0,0.25,0.25],"texture":"#1"}}},{"name":"octagon","from":[1.53401,15.5625,4.75],"to":[2.46599,15.875,7.25],"rotation":{"angle":0,"axis":"z","origin":[2.5,8,8.75]},"faces":{"north":{"uv":[0,0,0.25,0.25],"rotation":180,"texture":"#1"},"east":{"uv":[0,0,0.25,0.25],"rotation":180,"texture":"#1"},"south":{"uv":[0,0,0.25,0.25],"rotation":180,"texture":"#1"},"west":{"uv":[0,0,0.25,0.25],"rotation":180,"texture":"#1"},"up":{"uv":[0,0,0.25,0.25],"rotation":180,"texture":"#1"},"down":{"uv":[0,0,0.25,0.25],"rotation":180,"texture":"#1"}}},{"name":"octagon","from":[0.875,14.28401,4.75],"to":[1.1875,15.21599,7.25],"rotation":{"angle":0,"axis":"z","origin":[2.5,8,8.75]},"faces":{"north":{"uv":[0,0,0.25,0.25],"rotation":270,"texture":"#1"},"east":{"uv":[0,0,0.25,0.25],"rotation":90,"texture":"#1"},"south":{"uv":[0,0,0.25,0.25],"rotation":90,"texture":"#1"},"west":{"uv":[0,0,0.25,0.25],"rotation":90,"texture":"#1"},"up":{"uv":[0,0,0.25,0.25],"rotation":90,"texture":"#1"},"down":{"uv":[0,0,0.25,0.25],"rotation":90,"texture":"#1"}}},{"name":"octagon","from":[2.8125,14.28401,4.75],"to":[3.125,15.21599,7.25],"rotation":{"angle":0,"axis":"z","origin":[2.5,8,8.75]},"faces":{"north":{"uv":[0,0,0.25,0.25],"rotation":90,"texture":"#1"},"east":{"uv":[0,0,0.25,0.25],"rotation":270,"texture":"#1"},"south":{"uv":[0,0,0.25,0.25],"rotation":270,"texture":"#1"},"west":{"uv":[0,0,0.25,0.25],"rotation":270,"texture":"#1"},"up":{"uv":[0,0,0.25,0.25],"rotation":270,"texture":"#1"},"down":{"uv":[0,0,0.25,0.25],"rotation":270,"texture":"#1"}}},{"name":"octagon","from":[6.29811,11.62656,5.25],"to":[7.54072,12.04322,6.75],"rotation":{"angle":45,"axis":"z","origin":[2.5,8,10]},"faces":{"north":{"uv":[0,0,0.25,0.25],"texture":"#1"},"east":{"uv":[0,0,0.25,0.25],"texture":"#1"},"south":{"uv":[0,0,0.25,0.25],"texture":"#1"},"west":{"uv":[0,0,0.25,0.25],"texture":"#1"},"up":{"uv":[0,0,0.25,0.25],"texture":"#1"},"down":{"uv":[0,0,0.25,0.25],"texture":"#1"}}},{"name":"octagon","from":[-4.12649,11.79811,5.25],"to":[-3.70983,13.04072,6.75],"rotation":{"angle":-45,"axis":"z","origin":[2.5,8,10]},"faces":{"north":{"uv":[0,0,0.25,0.25],"rotation":270,"texture":"#1"},"east":{"uv":[0,0,0.25,0.25],"rotation":90,"texture":"#1"},"south":{"uv":[0,0,0.25,0.25],"rotation":90,"texture":"#1"},"west":{"uv":[0,0,0.25,0.25],"rotation":90,"texture":"#1"},"up":{"uv":[0,0,0.25,0.25],"rotation":90,"texture":"#1"},"down":{"uv":[0,0,0.25,0.25],"rotation":90,"texture":"#1"}}},{"name":"octagon","from":[-3.24783,10.91945,5.25],"to":[-2.00522,11.33611,6.75],"rotation":{"angle":-45,"axis":"z","origin":[2.5,8,10]},"faces":{"north":{"uv":[0,0,0.25,0.25],"texture":"#1"},"east":{"uv":[0,0,0.25,0.25],"texture":"#1"},"south":{"uv":[0,0,0.25,0.25],"texture":"#1"},"west":{"uv":[0,0,0.25,0.25],"texture":"#1"},"up":{"uv":[0,0,0.25,0.25],"texture":"#1"},"down":{"uv":[0,0,0.25,0.25],"texture":"#1"}}},{"name":"octagon","from":[-3.24783,13.50272,5.25],"to":[-2.00522,13.91938,6.75],"rotation":{"angle":-45,"axis":"z","origin":[2.5,8,10]},"faces":{"north":{"uv":[0,0,0.25,0.25],"rotation":180,"texture":"#1"},"east":{"uv":[0,0,0.25,0.25],"rotation":180,"texture":"#1"},"south":{"uv":[0,0,0.25,0.25],"rotation":180,"texture":"#1"},"west":{"uv":[0,0,0.25,0.25],"rotation":180,"texture":"#1"},"up":{"uv":[0,0,0.25,0.25],"rotation":180,"texture":"#1"},"down":{"uv":[0,0,0.25,0.25],"rotation":180,"texture":"#1"}}},{"name":"octagon","from":[1.3787,13.25004,5.25],"to":[2.6213,13.66669,6.75],"rotation":{"angle":0,"axis":"z","origin":[2.5,8,10]},"faces":{"north":{"uv":[0,0,0.25,0.25],"texture":"#1"},"east":{"uv":[0,0,0.25,0.25],"texture":"#1"},"south":{"uv":[0,0,0.25,0.25],"texture":"#1"},"west":{"uv":[0,0,0.25,0.25],"texture":"#1"},"up":{"uv":[0,0,0.25,0.25],"texture":"#1"},"down":{"uv":[0,0,0.25,0.25],"texture":"#1"}}},{"name":"octagon","from":[1.3787,15.83331,5.25],"to":[2.6213,16.24996,6.75],"rotation":{"angle":0,"axis":"z","origin":[2.5,8,10]},"faces":{"north":{"uv":[0,0,0.25,0.25],"rotation":180,"texture":"#1"},"east":{"uv":[0,0,0.25,0.25],"rotation":180,"texture":"#1"},"south":{"uv":[0,0,0.25,0.25],"rotation":180,"texture":"#1"},"west":{"uv":[0,0,0.25,0.25],"rotation":180,"texture":"#1"},"up":{"uv":[0,0,0.25,0.25],"rotation":180,"texture":"#1"},"down":{"uv":[0,0,0.25,0.25],"rotation":180,"texture":"#1"}}},{"name":"octagon","from":[0.50004,14.1287,5.25],"to":[0.91669,15.3713,6.75],"rotation":{"angle":0,"axis":"z","origin":[2.5,8,10]},"faces":{"north":{"uv":[0,0,0.25,0.25],"rotation":270,"texture":"#1"},"east":{"uv":[0,0,0.25,0.25],"rotation":90,"texture":"#1"},"south":{"uv":[0,0,0.25,0.25],"rotation":90,"texture":"#1"},"west":{"uv":[0,0,0.25,0.25],"rotation":90,"texture":"#1"},"up":{"uv":[0,0,0.25,0.25],"rotation":90,"texture":"#1"},"down":{"uv":[0,0,0.25,0.25],"rotation":90,"texture":"#1"}}},{"name":"octagon","from":[3.08331,14.1287,5.25],"to":[3.99996,15.3713,6.75],"rotation":{"angle":0,"axis":"z","origin":[2.5,8,10]},"faces":{"north":{"uv":[0,0,0.25,0.25],"rotation":90,"texture":"#1"},"east":{"uv":[0,0,0.25,0.25],"rotation":270,"texture":"#1"},"south":{"uv":[0,0,0.25,0.25],"rotation":270,"texture":"#1"},"west":{"uv":[0,0,0.25,0.25],"rotation":270,"texture":"#1"},"up":{"uv":[0,0,0.25,0.25],"rotation":270,"texture":"#1"},"down":{"uv":[0,0,0.25,0.25],"rotation":270,"texture":"#1"}}},{"name":"octagon","from":[6.42733,8.43548,3.9375],"to":[7.4115,10.81148,5.1875],"rotation":{"angle":-45,"axis":"z","origin":[2.5,14.75,4.5]},"faces":{"north":{"uv":[0,0.25,0.25,0],"texture":"#4"},"east":{"uv":[0,0.25,0.25,0],"rotation":90,"texture":"#4"},"south":{"uv":[0,0.25,0.25,0],"rotation":180,"texture":"#4"},"west":{"uv":[0,0.25,0.25,0],"rotation":270,"texture":"#4"},"up":{"uv":[0,0.25,0.25,0],"texture":"#4"},"down":{"uv":[0,0.25,0.25,0],"rotation":180,"texture":"#4"}}},{"name":"octagon","from":[1.50791,6.812,3.9375],"to":[2.49209,9.188,5.1875],"rotation":{"angle":0,"axis":"y","origin":[2.5,14.75,4.5]},"faces":{"north":{"uv":[0,0.25,0.25,0],"texture":"#4"},"east":{"uv":[0,0.25,0.25,0],"rotation":90,"texture":"#4"},"south":{"uv":[0,0.25,0.25,0],"rotation":180,"texture":"#4"},"west":{"uv":[0,0.25,0.25,0],"rotation":270,"texture":"#4"},"up":{"uv":[0,0.25,0.25,0],"texture":"#4"},"down":{"uv":[0,0.25,0.25,0],"rotation":180,"texture":"#4"}}},{"name":"octagon","from":[5.73142,9.13139,3.9375],"to":[8.10742,10.11556,5.1875],"rotation":{"angle":-45,"axis":"z","origin":[2.5,14.75,4.5]},"faces":{"north":{"uv":[0,0.25,0.25,0],"texture":"#4"},"east":{"uv":[0,0.25,0.25,0],"rotation":90,"texture":"#4"},"south":{"uv":[0,0.25,0.25,0],"rotation":180,"texture":"#4"},"west":{"uv":[0,0.25,0.25,0],"rotation":270,"texture":"#4"},"up":{"uv":[0,0.25,0.25,0],"texture":"#4"},"down":{"uv":[0,0.25,0.25,0],"rotation":180,"texture":"#4"}}},{"name":"octagon","from":[0.812,7.50791,3.9375],"to":[3.188,8.49209,5.1875],"rotation":{"angle":0,"axis":"y","origin":[2.5,14.75,4.5]},"faces":{"north":{"uv":[0,0.25,0.25,0],"texture":"#4"},"east":{"uv":[0,0.25,0.25,0],"rotation":90,"texture":"#4"},"south":{"uv":[0,0.25,0.25,0],"rotation":180,"texture":"#4"},"west":{"uv":[0,0.25,0.25,0],"rotation":270,"texture":"#4"},"up":{"uv":[0,0.25,0.25,0],"texture":"#4"},"down":{"uv":[0,0.25,0.25,0],"rotation":180,"texture":"#4"}}},{"name":"octagon","from":[6.00532,8.12375,4.4375],"to":[7.54062,11.83031,4.9375],"rotation":{"angle":-45,"axis":"z","origin":[2,14.75,4.6875]},"faces":{"north":{"uv":[0,0.25,0.25,0],"texture":"#4"},"east":{"uv":[0,0.25,0.25,0],"rotation":90,"texture":"#4"},"south":{"uv":[0,0.25,0.25,0],"rotation":180,"texture":"#4"},"west":{"uv":[0,0.25,0.25,0],"rotation":270,"texture":"#4"},"up":{"uv":[0,0.25,0.25,0],"texture":"#4"},"down":{"uv":[0,0.25,0.25,0],"rotation":180,"texture":"#4"}}},{"name":"octagon","from":[1.23235,6.14672,4.4375],"to":[2.76765,9.85328,4.9375],"rotation":{"angle":0,"axis":"y","origin":[2,14.75,4.6875]},"faces":{"north":{"uv":[0,0.25,0.25,0],"texture":"#4"},"east":{"uv":[0,0.25,0.25,0],"rotation":90,"texture":"#4"},"south":{"uv":[0,0.25,0.25,0],"rotation":180,"texture":"#4"},"west":{"uv":[0,0.25,0.25,0],"rotation":270,"texture":"#4"},"up":{"uv":[0,0.25,0.25,0],"texture":"#4"},"down":{"uv":[0,0.25,0.25,0],"rotation":180,"texture":"#4"}}},{"name":"octagon","from":[4.91969,9.20938,4.4375],"to":[8.62625,10.74468,4.9375],"rotation":{"angle":-45,"axis":"z","origin":[2,14.75,4.6875]},"faces":{"north":{"uv":[0,0.25,0.25,0],"texture":"#4"},"east":{"uv":[0,0.25,0.25,0],"rotation":90,"texture":"#4"},"south":{"uv":[0,0.25,0.25,0],"rotation":180,"texture":"#4"},"west":{"uv":[0,0.25,0.25,0],"rotation":270,"texture":"#4"},"up":{"uv":[0,0.25,0.25,0],"texture":"#4"},"down":{"uv":[0,0.25,0.25,0],"rotation":180,"texture":"#4"}}},{"name":"octagon","from":[0.14672,7.23235,4.4375],"to":[3.85328,8.76765,4.9375],"rotation":{"angle":0,"axis":"y","origin":[2,14.75,4.6875]},"faces":{"north":{"uv":[0,0.25,0.25,0],"texture":"#4"},"east":{"uv":[0,0.25,0.25,0],"rotation":90,"texture":"#4"},"south":{"uv":[0,0.25,0.25,0],"rotation":180,"texture":"#4"},"west":{"uv":[0,0.25,0.25,0],"rotation":270,"texture":"#4"},"up":{"uv":[0,0.25,0.25,0],"texture":"#4"},"down":{"uv":[0,0.25,0.25,0],"rotation":180,"texture":"#4"}}},{"name":"octagon","from":[1.68046,7.22855,4.75],"to":[2.61244,7.54105,7.25],"rotation":{"angle":45,"axis":"z","origin":[2.5,8,8.75]},"faces":{"north":{"uv":[0,0,0.25,0.25],"texture":"#1"},"east":{"uv":[0,0,0.25,0.25],"texture":"#1"},"south":{"uv":[0,0,0.25,0.25],"texture":"#1"},"west":{"uv":[0,0,0.25,0.25],"texture":"#1"},"up":{"uv":[0,0,0.25,0.25],"texture":"#1"},"down":{"uv":[0,0,0.25,0.25],"texture":"#1"}}},{"name":"octagon","from":[1.02145,7.18046,4.75],"to":[1.33395,8.11244,7.25],"rotation":{"angle":-45,"axis":"z","origin":[2.5,8,8.75]},"faces":{"north":{"uv":[0,0,0.25,0.25],"rotation":270,"texture":"#1"},"east":{"uv":[0,0,0.25,0.25],"rotation":90,"texture":"#1"},"south":{"uv":[0,0,0.25,0.25],"rotation":90,"texture":"#1"},"west":{"uv":[0,0,0.25,0.25],"rotation":90,"texture":"#1"},"up":{"uv":[0,0,0.25,0.25],"rotation":90,"texture":"#1"},"down":{"uv":[0,0,0.25,0.25],"rotation":90,"texture":"#1"}}},{"name":"octagon","from":[1.68046,6.52145,4.75],"to":[2.61244,6.83395,7.25],"rotation":{"angle":-45,"axis":"z","origin":[2.5,8,8.75]},"faces":{"north":{"uv":[0,0,0.25,0.25],"texture":"#1"},"east":{"uv":[0,0,0.25,0.25],"texture":"#1"},"south":{"uv":[0,0,0.25,0.25],"texture":"#1"},"west":{"uv":[0,0,0.25,0.25],"texture":"#1"},"up":{"uv":[0,0,0.25,0.25],"texture":"#1"},"down":{"uv":[0,0,0.25,0.25],"texture":"#1"}}},{"name":"octagon","from":[1.68046,8.45895,4.75],"to":[2.61244,8.77145,7.25],"rotation":{"angle":-45,"axis":"z","origin":[2.5,8,8.75]},"faces":{"north":{"uv":[0,0,0.25,0.25],"rotation":180,"texture":"#1"},"east":{"uv":[0,0,0.25,0.25],"rotation":180,"texture":"#1"},"south":{"uv":[0,0,0.25,0.25],"rotation":180,"texture":"#1"},"west":{"uv":[0,0,0.25,0.25],"rotation":180,"texture":"#1"},"up":{"uv":[0,0,0.25,0.25],"rotation":180,"texture":"#1"},"down":{"uv":[0,0,0.25,0.25],"rotation":180,"texture":"#1"}}},{"name":"octagon","from":[1.53401,6.875,4.75],"to":[2.46599,7.1875,7.25],"rotation":{"angle":0,"axis":"z","origin":[2.5,8,8.75]},"faces":{"north":{"uv":[0,0,0.25,0.25],"texture":"#1"},"east":{"uv":[0,0,0.25,0.25],"texture":"#1"},"south":{"uv":[0,0,0.25,0.25],"texture":"#1"},"west":{"uv":[0,0,0.25,0.25],"texture":"#1"},"up":{"uv":[0,0,0.25,0.25],"texture":"#1"},"down":{"uv":[0,0,0.25,0.25],"texture":"#1"}}},{"name":"octagon","from":[1.53401,8.8125,4.75],"to":[2.46599,9.125,7.25],"rotation":{"angle":0,"axis":"z","origin":[2.5,8,8.75]},"faces":{"north":{"uv":[0,0,0.25,0.25],"rotation":180,"texture":"#1"},"east":{"uv":[0,0,0.25,0.25],"rotation":180,"texture":"#1"},"south":{"uv":[0,0,0.25,0.25],"rotation":180,"texture":"#1"},"west":{"uv":[0,0,0.25,0.25],"rotation":180,"texture":"#1"},"up":{"uv":[0,0,0.25,0.25],"rotation":180,"texture":"#1"},"down":{"uv":[0,0,0.25,0.25],"rotation":180,"texture":"#1"}}},{"name":"octagon","from":[0.875,7.53401,4.75],"to":[1.1875,8.46599,7.25],"rotation":{"angle":0,"axis":"z","origin":[2.5,8,8.75]},"faces":{"north":{"uv":[0,0,0.25,0.25],"rotation":270,"texture":"#1"},"east":{"uv":[0,0,0.25,0.25],"rotation":90,"texture":"#1"},"south":{"uv":[0,0,0.25,0.25],"rotation":90,"texture":"#1"},"west":{"uv":[0,0,0.25,0.25],"rotation":90,"texture":"#1"},"up":{"uv":[0,0,0.25,0.25],"rotation":90,"texture":"#1"},"down":{"uv":[0,0,0.25,0.25],"rotation":90,"texture":"#1"}}},{"name":"octagon","from":[2.8125,7.53401,4.75],"to":[3.125,8.46599,7.25],"rotation":{"angle":0,"axis":"z","origin":[2.5,8,8.75]},"faces":{"north":{"uv":[0,0,0.25,0.25],"rotation":90,"texture":"#1"},"east":{"uv":[0,0,0.25,0.25],"rotation":270,"texture":"#1"},"south":{"uv":[0,0,0.25,0.25],"rotation":270,"texture":"#1"},"west":{"uv":[0,0,0.25,0.25],"rotation":270,"texture":"#1"},"up":{"uv":[0,0,0.25,0.25],"rotation":270,"texture":"#1"},"down":{"uv":[0,0,0.25,0.25],"rotation":270,"texture":"#1"}}},{"name":"octagon","from":[1.52514,6.85359,5.25],"to":[2.76775,7.27025,6.75],"rotation":{"angle":45,"axis":"z","origin":[2.5,8,10]},"faces":{"north":{"uv":[0,0,0.25,0.25],"texture":"#1"},"east":{"uv":[0,0,0.25,0.25],"texture":"#1"},"south":{"uv":[0,0,0.25,0.25],"texture":"#1"},"west":{"uv":[0,0,0.25,0.25],"texture":"#1"},"up":{"uv":[0,0,0.25,0.25],"texture":"#1"},"down":{"uv":[0,0,0.25,0.25],"texture":"#1"}}},{"name":"octagon","from":[0.64648,7.02514,5.25],"to":[1.06314,8.26775,6.75],"rotation":{"angle":-45,"axis":"z","origin":[2.5,8,10]},"faces":{"north":{"uv":[0,0,0.25,0.25],"rotation":270,"texture":"#1"},"east":{"uv":[0,0,0.25,0.25],"rotation":90,"texture":"#1"},"south":{"uv":[0,0,0.25,0.25],"rotation":90,"texture":"#1"},"west":{"uv":[0,0,0.25,0.25],"rotation":90,"texture":"#1"},"up":{"uv":[0,0,0.25,0.25],"rotation":90,"texture":"#1"},"down":{"uv":[0,0,0.25,0.25],"rotation":90,"texture":"#1"}}},{"name":"octagon","from":[1.52514,6.14648,5.25],"to":[2.76775,6.56314,6.75],"rotation":{"angle":-45,"axis":"z","origin":[2.5,8,10]},"faces":{"north":{"uv":[0,0,0.25,0.25],"texture":"#1"},"east":{"uv":[0,0,0.25,0.25],"texture":"#1"},"south":{"uv":[0,0,0.25,0.25],"texture":"#1"},"west":{"uv":[0,0,0.25,0.25],"texture":"#1"},"up":{"uv":[0,0,0.25,0.25],"texture":"#1"},"down":{"uv":[0,0,0.25,0.25],"texture":"#1"}}},{"name":"octagon","from":[1.52514,8.72975,5.25],"to":[2.76775,9.14641,6.75],"rotation":{"angle":-45,"axis":"z","origin":[2.5,8,10]},"faces":{"north":{"uv":[0,0,0.25,0.25],"rotation":180,"texture":"#1"},"east":{"uv":[0,0,0.25,0.25],"rotation":180,"texture":"#1"},"south":{"uv":[0,0,0.25,0.25],"rotation":180,"texture":"#1"},"west":{"uv":[0,0,0.25,0.25],"rotation":180,"texture":"#1"},"up":{"uv":[0,0,0.25,0.25],"rotation":180,"texture":"#1"},"down":{"uv":[0,0,0.25,0.25],"rotation":180,"texture":"#1"}}},{"name":"octagon","from":[1.3787,6.50004,5.25],"to":[2.6213,6.91669,6.75],"rotation":{"angle":0,"axis":"z","origin":[2.5,8,10]},"faces":{"north":{"uv":[0,0,0.25,0.25],"texture":"#1"},"east":{"uv":[0,0,0.25,0.25],"texture":"#1"},"south":{"uv":[0,0,0.25,0.25],"texture":"#1"},"west":{"uv":[0,0,0.25,0.25],"texture":"#1"},"up":{"uv":[0,0,0.25,0.25],"texture":"#1"},"down":{"uv":[0,0,0.25,0.25],"texture":"#1"}}},{"name":"octagon","from":[1.3787,9.08331,5.25],"to":[2.6213,9.49996,6.75],"rotation":{"angle":0,"axis":"z","origin":[2.5,8,10]},"faces":{"north":{"uv":[0,0,0.25,0.25],"rotation":180,"texture":"#1"},"east":{"uv":[0,0,0.25,0.25],"rotation":180,"texture":"#1"},"south":{"uv":[0,0,0.25,0.25],"rotation":180,"texture":"#1"},"west":{"uv":[0,0,0.25,0.25],"rotation":180,"texture":"#1"},"up":{"uv":[0,0,0.25,0.25],"rotation":180,"texture":"#1"},"down":{"uv":[0,0,0.25,0.25],"rotation":180,"texture":"#1"}}},{"name":"octagon","from":[0.50004,7.3787,5.25],"to":[0.91669,8.6213,6.75],"rotation":{"angle":0,"axis":"z","origin":[2.5,8,10]},"faces":{"north":{"uv":[0,0,0.25,0.25],"rotation":270,"texture":"#1"},"east":{"uv":[0,0,0.25,0.25],"rotation":90,"texture":"#1"},"south":{"uv":[0,0,0.25,0.25],"rotation":90,"texture":"#1"},"west":{"uv":[0,0,0.25,0.25],"rotation":90,"texture":"#1"},"up":{"uv":[0,0,0.25,0.25],"rotation":90,"texture":"#1"},"down":{"uv":[0,0,0.25,0.25],"rotation":90,"texture":"#1"}}},{"name":"octagon","from":[3.08331,7.3787,5.25],"to":[3.99996,8.6213,6.75],"rotation":{"angle":0,"axis":"z","origin":[2.5,8,10]},"faces":{"north":{"uv":[0,0,0.25,0.25],"rotation":90,"texture":"#1"},"east":{"uv":[0,0,0.25,0.25],"rotation":270,"texture":"#1"},"south":{"uv":[0,0,0.25,0.25],"rotation":270,"texture":"#1"},"west":{"uv":[0,0,0.25,0.25],"rotation":270,"texture":"#1"},"up":{"uv":[0,0,0.25,0.25],"rotation":270,"texture":"#1"},"down":{"uv":[0,0,0.25,0.25],"rotation":270,"texture":"#1"}}},{"name":"octagon","from":[6.38457,5.375,4.1],"to":[9.61543,7.125,11.9],"rotation":{"angle":45,"axis":"y","origin":[8,8,8]},"faces":{"north":{"uv":[0,0,0.25,0.25],"texture":"#2"},"east":{"uv":[0,0,0.25,0.25],"texture":"#2"},"south":{"uv":[0,0,0.25,0.25],"texture":"#2"},"west":{"uv":[0,0,0.25,0.25],"texture":"#2"},"up":{"uv":[0,0,0.25,0.25],"texture":"#2"},"down":{"uv":[0,0,0.25,0.25],"texture":"#2"}}},{"name":"octagon","from":[6.38457,5.375,4.1],"to":[9.61543,7.125,11.9],"faces":{"north":{"uv":[0,0,0.25,0.25],"texture":"#2"},"east":{"uv":[0,0,0.25,0.25],"texture":"#2"},"south":{"uv":[0,0,0.25,0.25],"texture":"#2"},"west":{"uv":[0,0,0.25,0.25],"texture":"#2"},"up":{"uv":[0,0,0.25,0.25],"texture":"#2"},"down":{"uv":[0,0,0.25,0.25],"texture":"#2"}}},{"name":"octagon","from":[4.1,5.375,6.38457],"to":[11.9,7.125,9.61543],"rotation":{"angle":45,"axis":"y","origin":[8,8,8]},"faces":{"north":{"uv":[0,0,0.25,0.25],"texture":"#2"},"east":{"uv":[0,0,0.25,0.25],"texture":"#2"},"south":{"uv":[0,0,0.25,0.25],"texture":"#2"},"west":{"uv":[0,0,0.25,0.25],"texture":"#2"},"up":{"uv":[0,0,0.25,0.25],"texture":"#2"},"down":{"uv":[0,0,0.25,0.25],"texture":"#2"}}},{"name":"octagon","from":[4.1,5.375,6.38457],"to":[11.9,7.125,9.61543],"faces":{"north":{"uv":[0,0,0.25,0.25],"texture":"#2"},"east":{"uv":[0,0,0.25,0.25],"texture":"#2"},"south":{"uv":[0,0,0.25,0.25],"texture":"#2"},"west":{"uv":[0,0,0.25,0.25],"texture":"#2"},"up":{"uv":[0,0,0.25,0.25],"texture":"#2"},"down":{"uv":[0,0,0.25,0.25],"texture":"#2"}}},{"name":"octagon","from":[6.38457,5,4.1],"to":[9.61543,5.25,11.9],"rotation":{"angle":45,"axis":"y","origin":[8,8,8]},"faces":{"north":{"uv":[0,0,0.25,0.25],"texture":"#2"},"east":{"uv":[0,0,0.25,0.25],"texture":"#2"},"south":{"uv":[0,0,0.25,0.25],"texture":"#2"},"west":{"uv":[0,0,0.25,0.25],"texture":"#2"},"up":{"uv":[0,0,0.25,0.25],"texture":"#2"},"down":{"uv":[0,0,0.25,0.25],"texture":"#2"}}},{"name":"octagon","from":[6.38457,5,4.1],"to":[9.61543,5.25,11.9],"faces":{"north":{"uv":[0,0,0.25,0.25],"texture":"#2"},"east":{"uv":[0,0,0.25,0.25],"texture":"#2"},"south":{"uv":[0,0,0.25,0.25],"texture":"#2"},"west":{"uv":[0,0,0.25,0.25],"texture":"#2"},"up":{"uv":[0,0,0.25,0.25],"texture":"#2"},"down":{"uv":[0,0,0.25,0.25],"texture":"#2"}}},{"name":"octagon","from":[4.1,5,6.38457],"to":[11.9,5.25,9.61543],"rotation":{"angle":45,"axis":"y","origin":[8,8,8]},"faces":{"north":{"uv":[0,0,0.25,0.25],"texture":"#2"},"east":{"uv":[0,0,0.25,0.25],"texture":"#2"},"south":{"uv":[0,0,0.25,0.25],"texture":"#2"},"west":{"uv":[0,0,0.25,0.25],"texture":"#2"},"up":{"uv":[0,0,0.25,0.25],"texture":"#2"},"down":{"uv":[0,0,0.25,0.25],"texture":"#2"}}},{"name":"octagon","from":[4.1,5,6.38457],"to":[11.9,5.25,9.61543],"faces":{"north":{"uv":[0,0,0.25,0.25],"texture":"#2"},"east":{"uv":[0,0,0.25,0.25],"texture":"#2"},"south":{"uv":[0,0,0.25,0.25],"texture":"#2"},"west":{"uv":[0,0,0.25,0.25],"texture":"#2"},"up":{"uv":[0,0,0.25,0.25],"texture":"#2"},"down":{"uv":[0,0,0.25,0.25],"texture":"#2"}}},{"name":"octagon","from":[6.44918,5.25,4.256],"to":[9.55082,5.375,11.744],"rotation":{"angle":45,"axis":"y","origin":[8,5.3125,8]},"faces":{"north":{"uv":[0,0,0.25,0.25],"texture":"#2"},"east":{"uv":[0,0,0.25,0.25],"texture":"#2"},"south":{"uv":[0,0,0.25,0.25],"texture":"#2"},"west":{"uv":[0,0,0.25,0.25],"texture":"#2"},"up":{"uv":[0,0,0.25,0.25],"texture":"#2"},"down":{"uv":[0,0,0.25,0.25],"texture":"#2"}}},{"name":"octagon","from":[6.44918,5.25,4.256],"to":[9.55082,5.375,11.744],"rotation":{"angle":0,"axis":"y","origin":[8,5.3125,8]},"faces":{"north":{"uv":[0,0,0.25,0.25],"texture":"#2"},"east":{"uv":[0,0,0.25,0.25],"texture":"#2"},"south":{"uv":[0,0,0.25,0.25],"texture":"#2"},"west":{"uv":[0,0,0.25,0.25],"texture":"#2"},"up":{"uv":[0,0,0.25,0.25],"texture":"#2"},"down":{"uv":[0,0,0.25,0.25],"texture":"#2"}}},{"name":"octagon","from":[4.256,5.25,6.44918],"to":[11.744,5.375,9.55082],"rotation":{"angle":45,"axis":"y","origin":[8,5.3125,8]},"faces":{"north":{"uv":[0,0,0.25,0.25],"texture":"#2"},"east":{"uv":[0,0,0.25,0.25],"texture":"#2"},"south":{"uv":[0,0,0.25,0.25],"texture":"#2"},"west":{"uv":[0,0,0.25,0.25],"texture":"#2"},"up":{"uv":[0,0,0.25,0.25],"texture":"#2"},"down":{"uv":[0,0,0.25,0.25],"texture":"#2"}}},{"name":"octagon","from":[4.256,5.25,6.44918],"to":[11.744,5.375,9.55082],"rotation":{"angle":0,"axis":"y","origin":[8,5.3125,8]},"faces":{"north":{"uv":[0,0,0.25,0.25],"texture":"#2"},"east":{"uv":[0,0,0.25,0.25],"texture":"#2"},"south":{"uv":[0,0,0.25,0.25],"texture":"#2"},"west":{"uv":[0,0,0.25,0.25],"texture":"#2"},"up":{"uv":[0,0,0.25,0.25],"texture":"#2"},"down":{"uv":[0,0,0.25,0.25],"texture":"#2"}}},{"name":"octagon","from":[6.54611,4.75,4.49],"to":[9.45389,5,11.51],"rotation":{"angle":45,"axis":"y","origin":[8,8,8]},"faces":{"north":{"uv":[0,0,0.25,0.25],"texture":"#2"},"east":{"uv":[0,0,0.25,0.25],"texture":"#2"},"south":{"uv":[0,0,0.25,0.25],"texture":"#2"},"west":{"uv":[0,0,0.25,0.25],"texture":"#2"},"up":{"uv":[0,0,0.25,0.25],"texture":"#2"},"down":{"uv":[0,0,0.25,0.25],"texture":"#2"}}},{"name":"octagon","from":[6.54611,4.75,4.49],"to":[9.45389,5,11.51],"faces":{"north":{"uv":[0,0,0.25,0.25],"texture":"#2"},"east":{"uv":[0,0,0.25,0.25],"texture":"#2"},"south":{"uv":[0,0,0.25,0.25],"texture":"#2"},"west":{"uv":[0,0,0.25,0.25],"texture":"#2"},"up":{"uv":[0,0,0.25,0.25],"texture":"#2"},"down":{"uv":[0,0,0.25,0.25],"texture":"#2"}}},{"name":"octagon","from":[4.49,4.75,6.54611],"to":[11.51,5,9.45389],"rotation":{"angle":45,"axis":"y","origin":[8,8,8]},"faces":{"north":{"uv":[0,0,0.25,0.25],"texture":"#2"},"east":{"uv":[0,0,0.25,0.25],"texture":"#2"},"south":{"uv":[0,0,0.25,0.25],"texture":"#2"},"west":{"uv":[0,0,0.25,0.25],"texture":"#2"},"up":{"uv":[0,0,0.25,0.25],"texture":"#2"},"down":{"uv":[0,0,0.25,0.25],"texture":"#2"}}},{"name":"octagon","from":[4.49,4.75,6.54611],"to":[11.51,5,9.45389],"faces":{"north":{"uv":[0,0,0.25,0.25],"texture":"#2"},"east":{"uv":[0,0,0.25,0.25],"texture":"#2"},"south":{"uv":[0,0,0.25,0.25],"texture":"#2"},"west":{"uv":[0,0,0.25,0.25],"texture":"#2"},"up":{"uv":[0,0,0.25,0.25],"texture":"#2"},"down":{"uv":[0,0,0.25,0.25],"texture":"#2"}}},{"name":"octagon","from":[6.80781,4.5,5.1218],"to":[9.19219,4.75,10.8782],"rotation":{"angle":45,"axis":"y","origin":[8,8,8]},"faces":{"north":{"uv":[0,0,0.25,0.25],"texture":"#2"},"east":{"uv":[0,0,0.25,0.25],"texture":"#2"},"south":{"uv":[0,0,0.25,0.25],"texture":"#2"},"west":{"uv":[0,0,0.25,0.25],"texture":"#2"},"up":{"uv":[0,0,0.25,0.25],"texture":"#2"},"down":{"uv":[0,0,0.25,0.25],"texture":"#2"}}},{"name":"octagon","from":[6.80781,4.5,5.1218],"to":[9.19219,4.75,10.8782],"faces":{"north":{"uv":[0,0,0.25,0.25],"texture":"#2"},"east":{"uv":[0,0,0.25,0.25],"texture":"#2"},"south":{"uv":[0,0,0.25,0.25],"texture":"#2"},"west":{"uv":[0,0,0.25,0.25],"texture":"#2"},"up":{"uv":[0,0,0.25,0.25],"texture":"#2"},"down":{"uv":[0,0,0.25,0.25],"texture":"#2"}}},{"name":"octagon","from":[5.1218,4.5,6.80781],"to":[10.8782,4.75,9.19219],"rotation":{"angle":45,"axis":"y","origin":[8,8,8]},"faces":{"north":{"uv":[0,0,0.25,0.25],"texture":"#2"},"east":{"uv":[0,0,0.25,0.25],"texture":"#2"},"south":{"uv":[0,0,0.25,0.25],"texture":"#2"},"west":{"uv":[0,0,0.25,0.25],"texture":"#2"},"up":{"uv":[0,0,0.25,0.25],"texture":"#2"},"down":{"uv":[0,0,0.25,0.25],"texture":"#2"}}},{"name":"octagon","from":[5.1218,4.5,6.80781],"to":[10.8782,4.75,9.19219],"faces":{"north":{"uv":[0,0,0.25,0.25],"texture":"#2"},"east":{"uv":[0,0,0.25,0.25],"texture":"#2"},"south":{"uv":[0,0,0.25,0.25],"texture":"#2"},"west":{"uv":[0,0,0.25,0.25],"texture":"#2"},"up":{"uv":[0,0,0.25,0.25],"texture":"#2"},"down":{"uv":[0,0,0.25,0.25],"texture":"#2"}}},{"name":"octagon","from":[7.18931,4.25,6.04282],"to":[8.81069,4.5,9.95718],"rotation":{"angle":45,"axis":"y","origin":[8,8,8]},"faces":{"north":{"uv":[0,0,0.25,0.25],"texture":"#2"},"east":{"uv":[0,0,0.25,0.25],"texture":"#2"},"south":{"uv":[0,0,0.25,0.25],"texture":"#2"},"west":{"uv":[0,0,0.25,0.25],"texture":"#2"},"up":{"uv":[0,0,0.25,0.25],"texture":"#2"},"down":{"uv":[0,0,0.25,0.25],"texture":"#2"}}},{"name":"octagon","from":[7.18931,4.25,6.04282],"to":[8.81069,4.5,9.95718],"faces":{"north":{"uv":[0,0,0.25,0.25],"texture":"#2"},"east":{"uv":[0,0,0.25,0.25],"texture":"#2"},"south":{"uv":[0,0,0.25,0.25],"texture":"#2"},"west":{"uv":[0,0,0.25,0.25],"texture":"#2"},"up":{"uv":[0,0,0.25,0.25],"texture":"#2"},"down":{"uv":[0,0,0.25,0.25],"texture":"#2"}}},{"name":"octagon","from":[6.04282,4.25,7.18931],"to":[9.95718,4.5,8.81069],"rotation":{"angle":45,"axis":"y","origin":[8,8,8]},"faces":{"north":{"uv":[0,0,0.25,0.25],"texture":"#2"},"east":{"uv":[0,0,0.25,0.25],"texture":"#2"},"south":{"uv":[0,0,0.25,0.25],"texture":"#2"},"west":{"uv":[0,0,0.25,0.25],"texture":"#2"},"up":{"uv":[0,0,0.25,0.25],"texture":"#2"},"down":{"uv":[0,0,0.25,0.25],"texture":"#2"}}},{"name":"octagon","from":[6.04282,4.25,7.18931],"to":[9.95718,4.5,8.81069],"faces":{"north":{"uv":[0,0,0.25,0.25],"texture":"#2"},"east":{"uv":[0,0,0.25,0.25],"texture":"#2"},"south":{"uv":[0,0,0.25,0.25],"texture":"#2"},"west":{"uv":[0,0,0.25,0.25],"texture":"#2"},"up":{"uv":[0,0,0.25,0.25],"texture":"#2"},"down":{"uv":[0,0,0.25,0.25],"texture":"#2"}}},{"name":"octagon","from":[6.44918,15.625,4.256],"to":[9.55082,15.75,11.744],"rotation":{"angle":45,"axis":"y","origin":[8,8,8]},"faces":{"north":{"uv":[0,0,0.25,0.25],"texture":"#2"},"east":{"uv":[0,0,0.25,0.25],"texture":"#2"},"south":{"uv":[0,0,0.25,0.25],"texture":"#2"},"west":{"uv":[0,0,0.25,0.25],"texture":"#2"},"up":{"uv":[0,0,0.25,0.25],"texture":"#2"},"down":{"uv":[0,0,0.25,0.25],"texture":"#2"}}},{"name":"octagon","from":[6.44918,15.625,4.256],"to":[9.55082,15.75,11.744],"faces":{"north":{"uv":[0,0,0.25,0.25],"texture":"#2"},"east":{"uv":[0,0,0.25,0.25],"texture":"#2"},"south":{"uv":[0,0,0.25,0.25],"texture":"#2"},"west":{"uv":[0,0,0.25,0.25],"texture":"#2"},"up":{"uv":[0,0,0.25,0.25],"texture":"#2"},"down":{"uv":[0,0,0.25,0.25],"texture":"#2"}}},{"name":"octagon","from":[4.256,15.625,6.44918],"to":[11.744,15.75,9.55082],"rotation":{"angle":45,"axis":"y","origin":[8,8,8]},"faces":{"north":{"uv":[0,0,0.25,0.25],"texture":"#2"},"east":{"uv":[0,0,0.25,0.25],"texture":"#2"},"south":{"uv":[0,0,0.25,0.25],"texture":"#2"},"west":{"uv":[0,0,0.25,0.25],"texture":"#2"},"up":{"uv":[0,0,0.25,0.25],"texture":"#2"},"down":{"uv":[0,0,0.25,0.25],"texture":"#2"}}},{"name":"octagon","from":[4.256,15.625,6.44918],"to":[11.744,15.75,9.55082],"faces":{"north":{"uv":[0,0,0.25,0.25],"texture":"#2"},"east":{"uv":[0,0,0.25,0.25],"texture":"#2"},"south":{"uv":[0,0,0.25,0.25],"texture":"#2"},"west":{"uv":[0,0,0.25,0.25],"texture":"#2"},"up":{"uv":[0,0,0.25,0.25],"texture":"#2"},"down":{"uv":[0,0,0.25,0.25],"texture":"#2"}}},{"name":"octagon","from":[6.44918,8.875,4.256],"to":[9.55082,9,11.744],"rotation":{"angle":45,"axis":"y","origin":[8,8,8]},"faces":{"north":{"uv":[0,0,0.25,0.25],"texture":"#2"},"east":{"uv":[0,0,0.25,0.25],"texture":"#2"},"south":{"uv":[0,0,0.25,0.25],"texture":"#2"},"west":{"uv":[0,0,0.25,0.25],"texture":"#2"},"up":{"uv":[0,0,0.25,0.25],"texture":"#2"},"down":{"uv":[0,0,0.25,0.25],"texture":"#2"}}},{"name":"octagon","from":[6.44918,8.875,4.256],"to":[9.55082,9,11.744],"faces":{"north":{"uv":[0,0,0.25,0.25],"texture":"#2"},"east":{"uv":[0,0,0.25,0.25],"texture":"#2"},"south":{"uv":[0,0,0.25,0.25],"texture":"#2"},"west":{"uv":[0,0,0.25,0.25],"texture":"#2"},"up":{"uv":[0,0,0.25,0.25],"texture":"#2"},"down":{"uv":[0,0,0.25,0.25],"texture":"#2"}}},{"name":"octagon","from":[4.256,8.875,6.44918],"to":[11.744,9,9.55082],"rotation":{"angle":45,"axis":"y","origin":[8,8,8]},"faces":{"north":{"uv":[0,0,0.25,0.25],"texture":"#2"},"east":{"uv":[0,0,0.25,0.25],"texture":"#2"},"south":{"uv":[0,0,0.25,0.25],"texture":"#2"},"west":{"uv":[0,0,0.25,0.25],"texture":"#2"},"up":{"uv":[0,0,0.25,0.25],"texture":"#2"},"down":{"uv":[0,0,0.25,0.25],"texture":"#2"}}},{"name":"octagon","from":[4.256,8.875,6.44918],"to":[11.744,9,9.55082],"faces":{"north":{"uv":[0,0,0.25,0.25],"texture":"#2"},"east":{"uv":[0,0,0.25,0.25],"texture":"#2"},"south":{"uv":[0,0,0.25,0.25],"texture":"#2"},"west":{"uv":[0,0,0.25,0.25],"texture":"#2"},"up":{"uv":[0,0,0.25,0.25],"texture":"#2"},"down":{"uv":[0,0,0.25,0.25],"texture":"#2"}}}],"display":{"ground":{"translation":[0,2,0],"scale":[1.2,1.2,1.2]},"gui":{"rotation":[30,-135,0],"translation":[0,-3.25,0],"scale":[0.9,0.9,0.9]},"head":{"translation":[0,-8,0],"scale":[2,2,2]}},"groups":[{"name":"octagon","origin":[8,8,8],"children":[0,1,2,3,4,5,6,7]},{"name":"group","origin":[8,8,8],"children":[{"name":"group","origin":[8,8,8],"children":[{"name":"octagon","origin":[8,8,8],"children":[8,9,10,11,12]},{"name":"octagon","origin":[8,8,8],"children":[13,14,15,16]},{"name":"octagon","origin":[8,8,8],"children":[17,18,19,20,21]}]},{"name":"group","origin":[8,8,8],"children":[{"name":"octagon","origin":[8,8,8],"children":[22,23,24,25]},26]},{"name":"group","origin":[8,8,8],"children":[{"name":"octagon","origin":[8,8,8],"children":[27,28,29,30]},{"name":"octagon","origin":[8,8,8],"children":[31,32,33,34]},35]},{"name":"group","origin":[8,8,8],"children":[{"name":"octagon","origin":[8,8,8],"children":[36,37,38,39]},{"name":"octagon","origin":[8,8,8],"children":[40,41,42,43]},{"name":"octagon","origin":[8,8,8],"children":[44,45,46,47,48,49,50,51,52,53,54,55]},56]}]},{"name":"group","origin":[8,8,8],"children":[{"name":"group","origin":[8,8,8],"children":[{"name":"octagon","origin":[8,8,8],"children":[57,58,59,60]},{"name":"octagon","origin":[8,8,8],"children":[61,62,63,64,65,66,67,68,69]},70]},{"name":"group","origin":[8,8,8],"children":[{"name":"octagon","origin":[8,8,8],"children":[71,72,73,74,75]},{"name":"octagon","origin":[8,8,8],"children":[76,77,78,79]},{"name":"octagon","origin":[8,8,8],"children":[80,81,82,83,84]}]},{"name":"group","origin":[8,8,8],"children":[{"name":"octagon","origin":[8,8,8],"children":[85,86,87,88]},89]},{"name":"group","origin":[8,8,8],"children":[{"name":"octagon","origin":[8,8,8],"children":[90,91,92,93]},{"name":"octagon","origin":[8,8,8],"children":[94,95,96,97]},98]}]},{"name":"octagon","origin":[8,8,8],"children":[99,100,101,102]},{"name":"octagon","origin":[8,8,8],"children":[103,104,105,106,107,108]},{"name":"group","origin":[8,8,8],"children":[{"name":"octagon","origin":[8,8,8],"children":[109,110,111,112]},{"name":"octagon","origin":[8,8,8],"children":[113,114,115,116]},{"name":"octagon","origin":[8,8,8],"children":[117,118,119,120,121,122,123,124]},{"name":"octagon","origin":[8,8,8],"children":[125,126,127,128,129,130,131,132]}]},{"name":"group","origin":[8,8,8],"children":[{"name":"octagon","origin":[8,8,8],"children":[133,134,135,136]},{"name":"octagon","origin":[8,8,8],"children":[137,138,139,140]},{"name":"octagon","origin":[8,8,8],"children":[141,142,143,144,145,146,147,148]},{"name":"octagon","origin":[8,8,8],"children":[149,150,151,152,153,154,155,156]}]},{"name":"octagon","origin":[8,8,8],"children":[157,158,159,160]},{"name":"octagon","origin":[8,8,8],"children":[161,162,163,164]},{"name":"octagon","origin":[8,8,8],"children":[165,166,167,168]},{"name":"octagon","origin":[8,8,8],"children":[169,170,171,172]},{"name":"octagon","origin":[8,8,8],"children":[173,174,175,176]},{"name":"octagon","origin":[8,8,8],"children":[177,178,179,180]},{"name":"octagon","origin":[8,8,8],"children":[181,182,183,184]},{"name":"octagon","origin":[8,8,8],"children":[185,186,187,188]}],"credit":"Model by Craftventure"}