{"textures":{"texture":"custom/placeholder"},"elements":[{"name":"Box1","from":[0,-6.5,0],"to":[16,9.5,16],"rotation":{"angle":0,"axis":"y","origin":[8,9,8]},"faces":{"north":{"uv":[0,0,16,16],"texture":"#texture"},"east":{"uv":[0,0,16,16],"texture":"#texture"},"south":{"uv":[0,0,16,16],"texture":"#texture"},"west":{"uv":[0,0,16,16],"texture":"#texture"},"up":{"uv":[0,0,16,16],"texture":"#texture"},"down":{"uv":[0,0,16,16],"texture":"#texture"}}}],"display":{"thirdperson_righthand":{"translation":[0,0.5,0],"scale":[0.4,0.4,0.4]},"thirdperson_lefthand":{"translation":[0,0.75,0],"scale":[0.4,0.4,0.4]},"firstperson_righthand":{"scale":[0.4,0.4,0.4]},"firstperson_lefthand":{"scale":[0.4,0.4,0.4]},"ground":{"translation":[0,2.0869,0],"scale":[0.2,0.2,0.2]},"gui":{"rotation":[30,-135,0],"translation":[0,3.25,0],"scale":[0.6,0.6,0.6]},"fixed":{"translation":[0,13,-14],"scale":[2,2,2]}},"credit":"Model by Craftventure"}