{"parent":"block/block","ambientocclusion":false,"textures":{"2":"block/light_blue_concrete_powder","3":"block/black_concrete","4":"block/red_concrete","5":"block/yellow_concrete","6":"block/orange_concrete_powder","7":"block/yellow_wool","8":"block/stripped_oak_log","9":"block/destroy_stage_5","10":"block/destroy_stage_3","11":"block/destroy_stage_6","12":"block/destroy_stage_4","particle":"block/light_blue_concrete_powder","all":"block/white_concrete_powder"},"elements":[{"from":[6,15,6],"to":[10,16,10],"faces":{"north":{"uv":[6,15,10,16],"texture":"#all"},"east":{"uv":[6,15,10,16],"texture":"#all"},"south":{"uv":[6,15,10,16],"texture":"#all"},"west":{"uv":[6,15,10,16],"texture":"#all"},"up":{"uv":[6,6,10,10],"texture":"#all"},"down":{"uv":[6,6,10,10],"texture":"#all"}}},{"from":[5,14,5],"to":[11,15,11],"faces":{"north":{"uv":[5,14,11,15],"texture":"#all"},"east":{"uv":[5,14,11,15],"texture":"#all"},"south":{"uv":[5,14,11,15],"texture":"#all"},"west":{"uv":[5,14,11,15],"texture":"#all"},"up":{"uv":[5,5,11,11],"texture":"#all"},"down":{"uv":[5,5,11,11],"texture":"#all"}}},{"from":[5,13,5],"to":[11,14,11],"faces":{"north":{"uv":[4,13,12,14],"texture":"#all"},"east":{"uv":[4,13,12,14],"texture":"#all"},"south":{"uv":[4,13,12,14],"texture":"#all"},"west":{"uv":[4,13,12,14],"texture":"#all"},"up":{"uv":[4,4,12,12],"texture":"#all"},"down":{"uv":[4,4,12,12],"texture":"#all"}}},{"from":[3,11,3],"to":[13,13,8],"faces":{"north":{"uv":[3,11,13,13],"texture":"#all"},"east":{"uv":[8,11,13,13],"texture":"#all"},"south":{"uv":[3,11,13,13],"texture":"#all"},"west":{"uv":[3,11,8,13],"texture":"#all"},"up":{"uv":[3,3,13,8],"texture":"#all"},"down":{"uv":[3,3,13,13],"texture":"#all"}}},{"from":[3,12,8],"to":[13,13,13],"faces":{"north":{"uv":[13,11,3,13],"texture":"#all"},"east":{"uv":[3,11,7.999,12.998],"texture":"#all"},"south":{"uv":[3,11,13,13],"texture":"#all"},"west":{"uv":[2,4.999,6.999,5.999],"texture":"#all"},"up":{"uv":[3,8,13,13],"texture":"#all"},"down":{"uv":[3,3,12.999,7.999],"texture":"#all"}}},{"from":[3,11,8],"to":[5,12,13],"rotation":{"angle":0,"axis":"y","origin":[8,7,8]},"faces":{"north":{"uv":[13,11,3,13],"texture":"#all"},"east":{"uv":[3,11,7.999,12.998],"texture":"#all"},"south":{"uv":[3,11,5,12],"texture":"#all"},"west":{"uv":[4.999,4.999,9.999,5.999],"texture":"#all"},"up":{"uv":[3,8,13,13],"texture":"#all"},"down":{"uv":[4,4.999,6,9.999],"texture":"#all"}}},{"from":[11,11,8],"to":[13,12,13],"rotation":{"angle":0,"axis":"y","origin":[8,7,8]},"faces":{"north":{"uv":[3,11,13,13],"texture":"#all"},"east":{"uv":[9.999,4.999,4.999,5.999],"texture":"#all"},"south":{"uv":[5,11,3,12],"texture":"#all"},"west":{"uv":[7.999,11,3,12.998],"texture":"#all"},"up":{"uv":[13,8,3,13],"texture":"#all"},"down":{"uv":[6,4.999,4,9.999],"texture":"#all"}}},{"from":[2,8,2],"to":[14,11,8],"faces":{"north":{"uv":[2,8,14,11],"texture":"#all"},"east":{"uv":[8,8,14,11],"texture":"#all"},"south":{"uv":[2,8,14,11],"texture":"#all"},"west":{"uv":[2,8,8,11],"texture":"#all"},"up":{"uv":[2,2,14,8],"texture":"#all"},"down":{"uv":[2,2,14,14],"texture":"#all"}}},{"from":[2,8,8],"to":[4,11,14],"faces":{"north":{"uv":[14,8,2,11],"texture":"#all"},"east":{"uv":[7,10,12.999,12.999],"texture":"#all"},"south":{"uv":[2,8,4,11],"texture":"#all"},"west":{"uv":[8,8,14,11],"texture":"#all"},"up":{"uv":[2,8,4,14],"texture":"#all"},"down":{"uv":[4,7,10,9],"rotation":90,"texture":"#all"}}},{"from":[4,9,8],"to":[5,11,14],"rotation":{"angle":0,"axis":"y","origin":[10,8,8]},"faces":{"north":{"uv":[14,8,2,11],"texture":"#all"},"east":{"uv":[7,10,12.999,12.999],"texture":"#all"},"south":{"uv":[4,9,4.999,10.999],"texture":"#all"},"west":{"uv":[8,8,14,11],"texture":"#all"},"up":{"uv":[2,8,4,14],"texture":"#all"},"down":{"uv":[4,7,10,9],"rotation":90,"texture":"#all"}}},{"from":[11,9,11],"to":[12,10,14],"rotation":{"angle":0,"axis":"y","origin":[17,8,8]},"faces":{"north":{"uv":[14,8,2,11],"texture":"#all"},"east":{"uv":[7,10,12.999,12.999],"texture":"#all"},"south":{"uv":[10,5,10.998,6],"texture":"#all"},"west":{"uv":[8,8,11,9],"texture":"#all"},"up":{"uv":[2,8,3,11],"texture":"#all"},"down":{"uv":[4,7,7,8],"rotation":90,"texture":"#all"}}},{"from":[12,8,8],"to":[14,11,14],"faces":{"north":{"uv":[2,8,14,11],"texture":"#all"},"east":{"uv":[14,8,8,11],"texture":"#all"},"south":{"uv":[4,8,2,11],"texture":"#all"},"west":{"uv":[12.999,10,7,12.999],"texture":"#all"},"up":{"uv":[4,8,2,14],"texture":"#all"},"down":{"uv":[4,9,10,7],"rotation":90,"texture":"#all"}}},{"from":[1,3,1],"to":[15,8,8],"faces":{"north":{"uv":[1,3,15,8],"texture":"#all"},"east":{"uv":[8,3,15,8],"texture":"#all"},"south":{"uv":[1,3,15,8],"texture":"#all"},"west":{"uv":[1,3,8,8],"texture":"#all"},"up":{"uv":[1,1,15,8],"texture":"#all"},"down":{"uv":[1,1,15,15],"texture":"#all"}}},{"from":[1,3,8],"to":[15,5,15],"faces":{"north":{"uv":[15,3,1,8],"texture":"#all"},"east":{"uv":[1,3,8,5],"texture":"#all"},"south":{"uv":[1,3,15,5],"texture":"#all"},"west":{"uv":[8,3,15,5],"texture":"#all"},"up":{"uv":[1,8,15,15],"texture":"#all"},"down":{"uv":[1,15,15,1],"texture":"#all"}}},{"from":[3,5,14],"to":[5,6,15],"rotation":{"angle":0,"axis":"y","origin":[8,10,8]},"faces":{"north":{"uv":[15,3,1,8],"texture":"#all"},"east":{"uv":[1,3,8,5],"texture":"#all"},"south":{"uv":[6,8,7.999,8.998],"texture":"#all"},"west":{"uv":[8,3,15,5],"texture":"#all"},"up":{"uv":[3,12,4.999,12.997],"texture":"#all"},"down":{"uv":[1,15,15,1],"texture":"#all"}}},{"from":[11,5,14],"to":[13,8,15],"rotation":{"angle":0,"axis":"y","origin":[16,10,8]},"faces":{"north":{"uv":[15,3,1,8],"texture":"#all"},"east":{"uv":[1,3,8,5],"texture":"#all"},"south":{"uv":[5.999,5,7.998,8],"texture":"#all"},"west":{"uv":[8,3,15,5],"texture":"#all"},"up":{"uv":[0,3,2,3.997],"texture":"#all"},"down":{"uv":[1,15,15,1],"texture":"#all"}}},{"from":[10,6,14],"to":[11,7,15],"rotation":{"angle":0,"axis":"y","origin":[15,10,8]},"faces":{"north":{"uv":[15,3,1,8],"texture":"#all"},"east":{"uv":[1,3,8,5],"texture":"#all"},"south":{"uv":[7,9,7.999,9.999],"texture":"#all"},"west":{"uv":[8,3,15,5],"texture":"#all"},"up":{"uv":[0,3,2,3.997],"texture":"#all"},"down":{"uv":[1,15,15,1],"texture":"#all"}}},{"from":[7,5,14],"to":[11,6,15],"rotation":{"angle":0,"axis":"y","origin":[14,10,8]},"faces":{"north":{"uv":[15,3,1,8],"texture":"#all"},"east":{"uv":[1,3,8,5],"texture":"#all"},"south":{"uv":[2,12,5.999,12.999],"texture":"#all"},"west":{"uv":[8,3,15,5],"texture":"#all"},"up":{"uv":[0,3,2,3.997],"texture":"#all"},"down":{"uv":[1,15,15,1],"texture":"#all"}}},{"from":[1,5,8],"to":[3,8,15],"rotation":{"angle":0,"axis":"y","origin":[8,10,8]},"faces":{"north":{"uv":[15,3,1,8],"texture":"#all"},"east":{"uv":[1,3,8,6],"texture":"#all"},"south":{"uv":[1,3,3,6],"texture":"#all"},"west":{"uv":[1,8,7.999,11],"texture":"#all"},"up":{"uv":[1,8,3,15],"texture":"#all"},"down":{"uv":[1,15,15,1],"texture":"#all"}}},{"from":[13,5,8],"to":[15,8,15],"rotation":{"angle":0,"axis":"y","origin":[8,10,8]},"faces":{"north":{"uv":[1,3,15,8],"texture":"#all"},"east":{"uv":[7.999,8,1,11],"texture":"#all"},"south":{"uv":[3,3,1,6],"texture":"#all"},"west":{"uv":[8,3,1,6],"texture":"#all"},"up":{"uv":[3,8,1,15],"texture":"#all"},"down":{"uv":[15,15,1,1],"texture":"#all"}}},{"from":[2,1,2],"to":[14,3,14],"faces":{"north":{"uv":[2,1,14,3],"texture":"#all"},"east":{"uv":[2,1,14,3],"texture":"#all"},"south":{"uv":[2,1,14,3],"texture":"#all"},"west":{"uv":[2,1,14,3],"texture":"#all"},"up":{"uv":[2,2,14,14],"texture":"#all"},"down":{"uv":[2,2,14,14],"texture":"#all"}}},{"from":[3,0,3],"to":[13,1,13],"faces":{"north":{"uv":[3,0,13,1],"texture":"#all"},"east":{"uv":[3,0,13,1],"texture":"#all"},"south":{"uv":[3,0,13,1],"texture":"#all"},"west":{"uv":[3,0,13,1],"texture":"#all"},"up":{"uv":[3,3,13,13],"texture":"#all"},"down":{"uv":[3,3,13,13],"texture":"#all"}}},{"from":[5.78421,6.36301,10.08015],"to":[10.0865,8.20587,16.24016],"rotation":{"angle":0,"axis":"y","origin":[7.98019,10.33436,14.56331]},"faces":{"north":{"uv":[0,3,16,8.999],"texture":"#6"},"east":{"uv":[0,2,16,8],"texture":"#6"},"south":{"uv":[0,3,10,8.999],"texture":"#6"},"west":{"uv":[0,3,16,8.999],"texture":"#6"},"up":{"uv":[0,3,16,8.999],"texture":"#6"},"down":{"uv":[0,3,16,13],"rotation":90,"texture":"#6"}}},{"from":[5.78421,8.20587,10.08015],"to":[10.0865,11.04873,16.24016],"rotation":{"angle":0,"axis":"y","origin":[7.98019,10.33436,14.56331]},"faces":{"north":{"uv":[0,1,16,9],"texture":"#7"},"east":{"uv":[0,1,16,9],"texture":"#7"},"south":{"uv":[6,4.999,15.999,12.999],"texture":"#7"},"west":{"uv":[0,6,16,14],"texture":"#7"},"up":{"uv":[0,1,16,9],"texture":"#7"},"down":{"uv":[0,1,16,9],"texture":"#7"}}},{"from":[5.50569,8.78368,12.84609],"to":[5.91701,10.70397,14.57435],"rotation":{"angle":0,"axis":"y","origin":[7.98019,10.33436,14.56331]},"faces":{"north":{"uv":[3.25,6,3,6.5],"texture":"#3"},"east":{"uv":[3.25,6,3,6.5],"texture":"#3"},"south":{"uv":[3.25,6,3,6.5],"texture":"#3"},"west":{"uv":[3.25,6,3,6.5],"texture":"#3"},"up":{"uv":[3.25,6,3,6.5],"rotation":180,"texture":"#3"},"down":{"uv":[3.25,6,3,6.5],"rotation":180,"texture":"#3"}}},{"from":[5.5697,8.39962,12.46203],"to":[5.98102,10.70397,14.95841],"rotation":{"angle":0,"axis":"y","origin":[7.98019,10.33436,14.56331]},"faces":{"north":{"uv":[1,0,0,1],"texture":"#4"},"east":{"uv":[1,0,0,1],"texture":"#4"},"south":{"uv":[1,0,0,1],"texture":"#4"},"west":{"uv":[6.25,4.75,3,7.25],"texture":"#4"},"up":{"uv":[1,0,0,1],"rotation":180,"texture":"#4"},"down":{"uv":[1,0,0,1],"rotation":180,"texture":"#4"}}},{"from":[6.38931,8.49224,16.09176],"to":[9.61069,9.75999,18.49265],"rotation":{"angle":0,"axis":"y","origin":[7.98019,10.33436,14.56331]},"faces":{"north":{"uv":[6,5,8,6.25],"texture":"#5"},"east":{"uv":[6,3,10,6.25],"rotation":90,"texture":"#5"},"south":{"uv":[6,5,8,6.25],"texture":"#5"},"west":{"uv":[6,3,10,6.25],"rotation":270,"texture":"#5"},"up":{"uv":[5,1,10,4.25],"texture":"#5"},"down":{"uv":[6,5,8,6.25],"rotation":180,"texture":"#5"}}},{"from":[6.76431,8.49224,16.09176],"to":[9.23569,10.00999,18.24265],"rotation":{"angle":0,"axis":"y","origin":[7.98019,10.33436,14.56331]},"faces":{"north":{"uv":[6,5,8,6.25],"texture":"#5"},"east":{"uv":[6,3,10,6.25],"rotation":90,"texture":"#5"},"south":{"uv":[6,5,8,6.25],"texture":"#5"},"west":{"uv":[6,3,10,6.25],"rotation":270,"texture":"#5"},"up":{"uv":[5,1,10,4.25],"texture":"#5"},"down":{"uv":[6,5,8,6.25],"rotation":180,"texture":"#5"}}},{"from":[7.63931,8.49224,16.09176],"to":[8.36069,10.25999,17.74265],"rotation":{"angle":0,"axis":"y","origin":[7.98019,10.33436,14.56331]},"faces":{"north":{"uv":[6,5,8,6.25],"texture":"#5"},"east":{"uv":[6,3,10,6.25],"rotation":90,"texture":"#5"},"south":{"uv":[6,5,8,6.25],"texture":"#5"},"west":{"uv":[6,3,10,6.25],"rotation":270,"texture":"#5"},"up":{"uv":[5,1,10,4.25],"texture":"#5"},"down":{"uv":[6,5,8,6.25],"rotation":180,"texture":"#5"}}},{"from":[6.0358,7.99224,16.09176],"to":[9.75718,8.49224,16.74265],"rotation":{"angle":0,"axis":"y","origin":[7.98019,10.33436,14.56331]},"faces":{"north":{"uv":[6,5,8,6.25],"texture":"#5"},"east":{"uv":[6,3,10,6.25],"rotation":90,"texture":"#5"},"south":{"uv":[6,5,8,6.25],"texture":"#5"},"west":{"uv":[6,3,10,6.25],"rotation":270,"texture":"#5"},"up":{"uv":[5,1,10,4.25],"texture":"#5"},"down":{"uv":[6,5,8,6.25],"rotation":180,"texture":"#5"}}},{"from":[6.4108,8.24224,16.09176],"to":[9.38218,8.49224,18.24265],"rotation":{"angle":0,"axis":"y","origin":[7.98019,10.33436,14.56331]},"faces":{"north":{"uv":[6,5,8,6.25],"texture":"#4"},"east":{"uv":[6,3,10,6.25],"rotation":90,"texture":"#4"},"south":{"uv":[6,5,8,6.25],"texture":"#4"},"west":{"uv":[6,3,10,6.25],"rotation":270,"texture":"#4"},"up":{"uv":[5,1,10,4.25],"texture":"#4"},"down":{"uv":[6,5,8,6.25],"rotation":180,"texture":"#4"}}},{"from":[6.1608,8.11724,15.96676],"to":[9.63218,8.36724,16.86765],"rotation":{"angle":0,"axis":"y","origin":[7.98019,10.33436,14.56331]},"faces":{"north":{"uv":[6,5,8,6.25],"texture":"#4"},"east":{"uv":[6,3,10,6.25],"rotation":90,"texture":"#4"},"south":{"uv":[6,5,8,6.25],"texture":"#4"},"west":{"uv":[6,3,10,6.25],"rotation":270,"texture":"#4"},"up":{"uv":[5,1,10,4.25],"texture":"#4"},"down":{"uv":[6,5,8,6.25],"rotation":180,"texture":"#4"}}},{"from":[6.71091,9.77193,18.32426],"to":[9.08207,10.02193,20.35015],"rotation":{"angle":22.5,"axis":"x","origin":[7.98019,10.33436,14.56331]},"faces":{"north":{"uv":[6,5,8,6.25],"texture":"#4"},"east":{"uv":[6,3,10,6.25],"rotation":90,"texture":"#4"},"south":{"uv":[6,5,8,6.25],"texture":"#4"},"west":{"uv":[6,3,10,6.25],"rotation":270,"texture":"#4"},"up":{"uv":[5,1,10,4.25],"texture":"#4"},"down":{"uv":[6,5,8,6.25],"rotation":180,"texture":"#4"}}},{"from":[6.68942,10.02193,18.32426],"to":[9.31058,10.98957,20.72515],"rotation":{"angle":22.5,"axis":"x","origin":[7.98019,10.33436,14.56331]},"faces":{"north":{"uv":[6,5,8,6.25],"texture":"#5"},"east":{"uv":[6,3,10,6.25],"rotation":90,"texture":"#5"},"south":{"uv":[6,5,8,6.25],"texture":"#5"},"west":{"uv":[6,3,10,6.25],"rotation":270,"texture":"#5"},"up":{"uv":[5,1,10,4.25],"texture":"#5"},"down":{"uv":[6,5,8,6.25],"rotation":180,"texture":"#5"}}},{"from":[7.06442,10.02193,18.32426],"to":[8.93558,11.23957,20.47515],"rotation":{"angle":22.5,"axis":"x","origin":[7.98019,10.33436,14.56331]},"faces":{"north":{"uv":[6,5,8,6.25],"texture":"#5"},"east":{"uv":[6,3,10,6.25],"rotation":90,"texture":"#5"},"south":{"uv":[6,5,8,6.25],"texture":"#5"},"west":{"uv":[6,3,10,6.25],"rotation":270,"texture":"#5"},"up":{"uv":[5,1,10,4.25],"texture":"#5"},"down":{"uv":[6,5,8,6.25],"rotation":180,"texture":"#5"}}},{"from":[7.68942,10.02193,17.57426],"to":[8.31058,11.48957,20.22515],"rotation":{"angle":22.5,"axis":"x","origin":[7.98019,10.33436,14.56331]},"faces":{"north":{"uv":[6,5,8,6.25],"texture":"#5"},"east":{"uv":[6,3,10,6.25],"rotation":90,"texture":"#5"},"south":{"uv":[6,5,8,6.25],"texture":"#5"},"west":{"uv":[6,3,10,6.25],"rotation":270,"texture":"#5"},"up":{"uv":[5,1,10,4.25],"texture":"#5"},"down":{"uv":[6,5,8,6.25],"rotation":180,"texture":"#5"}}},{"from":[6.83591,9.52193,18.32426],"to":[8.95707,10.02193,20.22515],"rotation":{"angle":22.5,"axis":"x","origin":[7.98019,10.33436,14.56331]},"faces":{"north":{"uv":[6,5,8,6.25],"texture":"#5"},"east":{"uv":[6,3,10,6.25],"rotation":90,"texture":"#5"},"south":{"uv":[6,5,8,6.25],"texture":"#5"},"west":{"uv":[6,3,10,6.25],"rotation":270,"texture":"#5"},"up":{"uv":[5,1,10,4.25],"texture":"#5"},"down":{"uv":[6,5,8,6.25],"rotation":180,"texture":"#5"}}},{"from":[7.11453,12.31237,19.91627],"to":[8.88547,13.03992,21.23676],"rotation":{"angle":45,"axis":"x","origin":[7.98019,10.33436,14.56331]},"faces":{"north":{"uv":[6,5,8,6.25],"texture":"#5"},"east":{"uv":[6,3,10,6.25],"rotation":90,"texture":"#5"},"south":{"uv":[6,5,8,6.25],"texture":"#5"},"west":{"uv":[6,3,10,6.25],"rotation":270,"texture":"#5"},"up":{"uv":[5,2,10,5.25],"texture":"#5"},"down":{"uv":[6,5,8,6.25],"rotation":180,"texture":"#5"}}},{"from":[7.36453,12.31237,19.66627],"to":[8.63547,13.28992,20.98676],"rotation":{"angle":45,"axis":"x","origin":[7.98019,10.33436,14.56331]},"faces":{"north":{"uv":[6,5,8,6.25],"texture":"#5"},"east":{"uv":[6,3,10,6.25],"rotation":90,"texture":"#5"},"south":{"uv":[6,5,8,6.25],"texture":"#5"},"west":{"uv":[6,3,10,6.25],"rotation":270,"texture":"#5"},"up":{"uv":[5,2,10,5.25],"texture":"#5"},"down":{"uv":[6,5,8,6.25],"rotation":180,"texture":"#5"}}},{"from":[7.80203,12.31237,19.29127],"to":[8.19797,13.53992,20.48676],"rotation":{"angle":45,"axis":"x","origin":[7.98019,10.33436,14.56331]},"faces":{"north":{"uv":[6,5,8,6.25],"texture":"#5"},"east":{"uv":[6,3,10,6.25],"rotation":90,"texture":"#5"},"south":{"uv":[6,5,8,6.25],"texture":"#5"},"west":{"uv":[6,3,10,6.25],"rotation":270,"texture":"#5"},"up":{"uv":[5,2,10,5.25],"texture":"#5"},"down":{"uv":[6,5,8,6.25],"rotation":180,"texture":"#5"}}},{"from":[7.36453,11.81237,19.91627],"to":[8.63547,12.31237,20.98676],"rotation":{"angle":45,"axis":"x","origin":[7.98019,10.33436,14.56331]},"faces":{"north":{"uv":[6,5,8,6.25],"texture":"#5"},"east":{"uv":[6,3,10,6.25],"rotation":90,"texture":"#5"},"south":{"uv":[6,5,8,6.25],"texture":"#5"},"west":{"uv":[6,3,10,6.25],"rotation":270,"texture":"#5"},"up":{"uv":[5,2,10,5.25],"texture":"#5"},"down":{"uv":[6,5,8,6.25],"rotation":180,"texture":"#5"}}},{"from":[7.23953,12.18737,19.91627],"to":[8.76047,12.31237,21.11176],"rotation":{"angle":45,"axis":"x","origin":[7.98019,10.33436,14.56331]},"faces":{"north":{"uv":[6,5,8,6.25],"texture":"#4"},"east":{"uv":[6,3,10,6.25],"rotation":90,"texture":"#4"},"south":{"uv":[6,5,8,6.25],"texture":"#4"},"west":{"uv":[6,3,10,6.25],"rotation":270,"texture":"#4"},"up":{"uv":[5,2,10,5.25],"texture":"#4"},"down":{"uv":[6,5,8,6.25],"rotation":180,"texture":"#4"}}},{"from":[7.53965,4.57309,18.87147],"to":[8.46036,5.29336,19.5489],"rotation":{"angle":-22.5,"axis":"x","origin":[7.98019,10.33436,14.56331]},"faces":{"north":{"uv":[6,5,8,6.25],"texture":"#5"},"east":{"uv":[6,3,10,6.25],"texture":"#5"},"south":{"uv":[5,2,10,4.25],"texture":"#5"},"west":{"uv":[6,3,10,6.25],"texture":"#5"},"up":{"uv":[6,5,8,6.25],"rotation":180,"texture":"#5"},"down":{"uv":[6,5,8,6.25],"rotation":180,"texture":"#5"}}},{"from":[8.31224,10.53823,15.47761],"to":[9.0893,11.34767,16.61082],"rotation":{"angle":-45,"axis":"y","origin":[7.98019,10.33436,14.56331]},"faces":{"north":{"uv":[6,5,9.09868,7.625],"texture":"#2"},"east":{"uv":[6,5,9,7],"texture":"#2"},"south":{"uv":[6,5,9.09868,7.625],"texture":"#2"},"west":{"uv":[6,5,9.09868,7.625],"texture":"#2"},"up":{"uv":[6,5,9.09868,7.625],"rotation":180,"texture":"#2"},"down":{"uv":[6,5,9.09868,7.625],"rotation":180,"texture":"#2"}}},{"from":[5.18325,10.53953,12.05792],"to":[7.31663,11.34896,16.79538],"rotation":{"angle":0,"axis":"y","origin":[7.98019,10.33436,14.56331]},"faces":{"north":{"uv":[6,5,9.09868,7.625],"texture":"#2"},"east":{"uv":[6,5,9.09868,7.625],"texture":"#2"},"south":{"uv":[4,4,10,6],"texture":"#2"},"west":{"uv":[6,5,9.09868,7.625],"texture":"#2"},"up":{"uv":[2,0,7.999,16],"rotation":180,"texture":"#2"},"down":{"uv":[1,0,7,16],"rotation":180,"texture":"#2"}}},{"from":[4.42414,10.53823,13.03067],"to":[5.2012,11.34767,14.16388],"rotation":{"angle":45,"axis":"y","origin":[7.98019,10.33436,14.56331]},"faces":{"north":{"uv":[6,5,9.09868,7.625],"texture":"#2"},"east":{"uv":[6,5,9.09868,7.625],"texture":"#2"},"south":{"uv":[6,5,9.09868,7.625],"texture":"#2"},"west":{"uv":[6,5,9,7],"texture":"#2"},"up":{"uv":[6,5,9,7],"rotation":90,"texture":"#2"},"down":{"uv":[6,5,9.09868,7.625],"rotation":180,"texture":"#2"}}},{"from":[4.38195,10.53953,11.75264],"to":[5.19138,11.34896,15.99408],"rotation":{"angle":0,"axis":"y","origin":[7.98019,10.33436,14.56331]},"faces":{"north":{"uv":[6,5,9.09868,7.625],"texture":"#2"},"east":{"uv":[6,5,9.09868,7.625],"texture":"#2"},"south":{"uv":[6,5,9.09868,7.625],"texture":"#2"},"west":{"uv":[4,4,14,6],"texture":"#2"},"up":{"uv":[0,4,10,6],"rotation":90,"texture":"#2"},"down":{"uv":[6,5,9.09868,7.625],"rotation":180,"texture":"#2"}}},{"from":[3.58026,10.53823,11.17428],"to":[4.38969,11.34767,13.34357],"rotation":{"angle":-22.5,"axis":"y","origin":[7.98019,10.33436,14.56331]},"faces":{"north":{"uv":[6,5,9.09868,7.625],"texture":"#2"},"east":{"uv":[6,5,9.09868,7.625],"texture":"#2"},"south":{"uv":[6,5,9.09868,7.625],"texture":"#2"},"west":{"uv":[6,5,12,7],"texture":"#2"},"up":{"uv":[3,6,8.999,7.999],"rotation":90,"texture":"#2"},"down":{"uv":[6,5,9.09868,7.625],"rotation":180,"texture":"#2"}}},{"from":[5.2121,10.53953,9.74848],"to":[7.31663,11.34896,10.55792],"rotation":{"angle":0,"axis":"y","origin":[7.98019,10.33436,14.56331]},"faces":{"north":{"uv":[6,5,12,7],"texture":"#2"},"east":{"uv":[6,5,9.09868,7.625],"texture":"#2"},"south":{"uv":[6,5,9.09868,7.625],"texture":"#2"},"west":{"uv":[6,5,9.09868,7.625],"texture":"#2"},"up":{"uv":[2,7,7.999,10],"rotation":180,"texture":"#2"},"down":{"uv":[6,5,9.09868,7.625],"rotation":180,"texture":"#2"}}},{"from":[10.12367,10.53823,10.70436],"to":[10.90073,11.34767,11.83757],"rotation":{"angle":45,"axis":"y","origin":[7.98019,10.33436,14.56331]},"faces":{"north":{"uv":[6,5,9.09868,7.625],"texture":"#2"},"east":{"uv":[6,5,9,7],"texture":"#2"},"south":{"uv":[6,5,9.09868,7.625],"texture":"#2"},"west":{"uv":[6,5,9.09868,7.625],"texture":"#2"},"up":{"uv":[2,11,4.999,12.999],"rotation":90,"texture":"#2"},"down":{"uv":[6,5,9.09868,7.625],"rotation":180,"texture":"#2"}}},{"from":[6.8991,10.53823,15.50563],"to":[7.67616,11.34767,16.63884],"rotation":{"angle":45,"axis":"y","origin":[7.98019,10.33436,14.56331]},"faces":{"north":{"uv":[9.09868,5,6,7.625],"texture":"#2"},"east":{"uv":[9.09868,5,6,7.625],"texture":"#2"},"south":{"uv":[9.09868,5,6,7.625],"texture":"#2"},"west":{"uv":[9,5,6,7],"texture":"#2"},"up":{"uv":[9.09868,5,6,7.625],"rotation":180,"texture":"#2"},"down":{"uv":[9.09868,5,6,7.625],"rotation":180,"texture":"#2"}}},{"from":[8.68337,10.53953,12.05792],"to":[10.81675,11.34896,16.79538],"rotation":{"angle":0,"axis":"y","origin":[7.98019,10.33436,14.56331]},"faces":{"north":{"uv":[9.09868,5,6,7.625],"texture":"#2"},"east":{"uv":[9.09868,5,6,7.625],"texture":"#2"},"south":{"uv":[10,4,4,6],"texture":"#2"},"west":{"uv":[9.09868,5,6,7.625],"texture":"#2"},"up":{"uv":[7.999,0,2,16],"rotation":180,"texture":"#2"},"down":{"uv":[7,0,1,16],"rotation":180,"texture":"#2"}}},{"from":[10.7872,10.53823,13.00265],"to":[11.56426,11.34767,14.13586],"rotation":{"angle":-45,"axis":"y","origin":[7.98019,10.33436,14.56331]},"faces":{"north":{"uv":[9.09868,5,6,7.625],"texture":"#2"},"east":{"uv":[9,5,6,7],"texture":"#2"},"south":{"uv":[9.09868,5,6,7.625],"texture":"#2"},"west":{"uv":[9.09868,5,6,7.625],"texture":"#2"},"up":{"uv":[6,7,9,5],"rotation":90,"texture":"#2"},"down":{"uv":[9.09868,5,6,7.625],"rotation":180,"texture":"#2"}}},{"from":[10.80862,10.53953,11.75264],"to":[11.61805,11.34896,15.99408],"rotation":{"angle":0,"axis":"y","origin":[7.98019,10.33436,14.56331]},"faces":{"north":{"uv":[9.09868,5,6,7.625],"texture":"#2"},"east":{"uv":[14,4,4,6],"texture":"#2"},"south":{"uv":[9.09868,5,6,7.625],"texture":"#2"},"west":{"uv":[9.09868,5,6,7.625],"texture":"#2"},"up":{"uv":[0,6,10,4],"rotation":90,"texture":"#2"},"down":{"uv":[9.09868,5,6,7.625],"rotation":180,"texture":"#2"}}},{"from":[11.6073,10.53823,11.18945],"to":[12.41673,11.34767,13.35874],"rotation":{"angle":22.5,"axis":"y","origin":[7.98019,10.33436,14.56331]},"faces":{"north":{"uv":[9.09868,5,6,7.625],"texture":"#2"},"east":{"uv":[12,5,6,7],"texture":"#2"},"south":{"uv":[9.09868,5,6,7.625],"texture":"#2"},"west":{"uv":[9.09868,5,6,7.625],"texture":"#2"},"up":{"uv":[3,7.999,8.999,6],"rotation":90,"texture":"#2"},"down":{"uv":[9.09868,5,6,7.625],"rotation":180,"texture":"#2"}}},{"from":[8.68337,10.53953,9.74848],"to":[10.7879,11.34896,10.55792],"rotation":{"angle":0,"axis":"y","origin":[7.98019,10.33436,14.56331]},"faces":{"north":{"uv":[12,5,6,7],"texture":"#2"},"east":{"uv":[9.09868,5,6,7.625],"texture":"#2"},"south":{"uv":[9.09868,5,6,7.625],"texture":"#2"},"west":{"uv":[9.09868,5,6,7.625],"texture":"#2"},"up":{"uv":[7.999,7,2,10],"rotation":180,"texture":"#2"},"down":{"uv":[9.09868,5,6,7.625],"rotation":180,"texture":"#2"}}},{"from":[5.08767,10.53823,10.67634],"to":[5.86473,11.34767,11.80955],"rotation":{"angle":-45,"axis":"y","origin":[7.98019,10.33436,14.56331]},"faces":{"north":{"uv":[9.09868,5,6,7.625],"texture":"#2"},"east":{"uv":[9.09868,5,6,7.625],"texture":"#2"},"south":{"uv":[9.09868,5,6,7.625],"texture":"#2"},"west":{"uv":[9,5,6,7],"texture":"#2"},"up":{"uv":[2,12.999,4.999,11],"rotation":90,"texture":"#2"},"down":{"uv":[9.09868,5,6,7.625],"rotation":180,"texture":"#2"}}},{"from":[7.32016,10.53953,10.81694],"to":[8.35271,11.34896,15.72692],"rotation":{"angle":0,"axis":"y","origin":[7.98019,10.33436,14.56331]},"faces":{"north":{"uv":[6,5,9.09868,7.625],"texture":"#2"},"east":{"uv":[0,6,16,6.999],"texture":"#2"},"south":{"uv":[6,5,9.09868,7.625],"texture":"#2"},"west":{"uv":[6,5,9.09868,7.625],"texture":"#2"},"up":{"uv":[0,4.999,16,7.999],"rotation":90,"texture":"#2"},"down":{"uv":[6,5,9.09868,7.625],"rotation":180,"texture":"#2"}}},{"from":[5.44874,10.94425,10.79637],"to":[7.36879,11.67274,16.41009],"rotation":{"angle":0,"axis":"y","origin":[7.98019,10.33436,14.56331]},"faces":{"north":{"uv":[6,5,9.09868,7.625],"texture":"#2"},"east":{"uv":[6,5,9.09868,7.625],"texture":"#2"},"south":{"uv":[6,5,11,7],"texture":"#2"},"west":{"uv":[6,5,9.09868,7.625],"texture":"#2"},"up":{"uv":[6,0,10.999,16],"rotation":180,"texture":"#2"},"down":{"uv":[6,5,9.09868,7.625],"rotation":180,"texture":"#2"}}},{"from":[4.88431,10.94308,13.05929],"to":[5.58366,11.67157,14.07918],"rotation":{"angle":45,"axis":"y","origin":[7.98019,10.33436,14.56331]},"faces":{"north":{"uv":[6,5,9.09868,7.625],"texture":"#2"},"east":{"uv":[6,5,9.09868,7.625],"texture":"#2"},"south":{"uv":[6,5,9.09868,7.625],"texture":"#2"},"west":{"uv":[6,5,9,7],"texture":"#2"},"up":{"uv":[6,5,8,8],"rotation":180,"texture":"#2"},"down":{"uv":[6,5,9.09868,7.625],"rotation":180,"texture":"#2"}}},{"from":[4.72757,10.94425,11.87162],"to":[5.45606,11.67274,15.68892],"rotation":{"angle":0,"axis":"y","origin":[7.98019,10.33436,14.56331]},"faces":{"north":{"uv":[6,5,9.09868,7.625],"texture":"#2"},"east":{"uv":[6,5,9.09868,7.625],"texture":"#2"},"south":{"uv":[6,5,9.09868,7.625],"texture":"#2"},"west":{"uv":[6,5,15,7],"texture":"#2"},"up":{"uv":[4.999,2,13.999,4],"rotation":90,"texture":"#2"},"down":{"uv":[6,5,9.09868,7.625],"rotation":180,"texture":"#2"}}},{"from":[3.9451,10.94308,11.36888],"to":[4.67359,11.67157,13.32124],"rotation":{"angle":-22.5,"axis":"y","origin":[7.98019,10.33436,14.56331]},"faces":{"north":{"uv":[6,5,9.09868,7.625],"texture":"#2"},"east":{"uv":[6,5,9.09868,7.625],"texture":"#2"},"south":{"uv":[6,5,9.09868,7.625],"texture":"#2"},"west":{"uv":[6,5,11,7],"texture":"#2"},"up":{"uv":[6,5,9.09868,7.625],"rotation":180,"texture":"#2"},"down":{"uv":[6,5,9.09868,7.625],"rotation":180,"texture":"#2"}}},{"from":[5.47471,10.94425,10.06788],"to":[7.36879,11.67274,10.79637],"rotation":{"angle":0,"axis":"y","origin":[7.98019,10.33436,14.56331]},"faces":{"north":{"uv":[6,5,11,7],"texture":"#2"},"east":{"uv":[6,5,9.09868,7.625],"texture":"#2"},"south":{"uv":[6,5,9.09868,7.625],"texture":"#2"},"west":{"uv":[6,5,9.09868,7.625],"texture":"#2"},"up":{"uv":[6,5,9.09868,7.625],"rotation":180,"texture":"#2"},"down":{"uv":[6,5,9.09868,7.625],"rotation":180,"texture":"#2"}}},{"from":[10.01389,10.94308,10.9656],"to":[10.71324,11.67157,11.98549],"rotation":{"angle":45,"axis":"y","origin":[7.98019,10.33436,14.56331]},"faces":{"north":{"uv":[6,5,9.09868,7.625],"texture":"#2"},"east":{"uv":[6,5,9,7],"texture":"#2"},"south":{"uv":[6,5,9.09868,7.625],"texture":"#2"},"west":{"uv":[6,5,9.09868,7.625],"texture":"#2"},"up":{"uv":[6,5,9.09868,7.625],"rotation":180,"texture":"#2"},"down":{"uv":[6,5,9.09868,7.625],"rotation":180,"texture":"#2"}}},{"from":[8.15438,10.94308,15.28162],"to":[8.85373,11.67157,16.30151],"rotation":{"angle":-45,"axis":"y","origin":[7.98019,10.33436,14.56331]},"faces":{"north":{"uv":[6,5,9.09868,7.625],"texture":"#2"},"east":{"uv":[6,5,9,7],"texture":"#2"},"south":{"uv":[6,5,9.09868,7.625],"texture":"#2"},"west":{"uv":[6,5,9.09868,7.625],"texture":"#2"},"up":{"uv":[6,5,8,8],"rotation":180,"texture":"#2"},"down":{"uv":[6,5,9.09868,7.625],"rotation":180,"texture":"#2"}}},{"from":[8.63121,10.94425,10.79637],"to":[10.55126,11.67274,16.41009],"rotation":{"angle":0,"axis":"y","origin":[7.98019,10.33436,14.56331]},"faces":{"north":{"uv":[9.09868,5,6,7.625],"texture":"#2"},"east":{"uv":[9.09868,5,6,7.625],"texture":"#2"},"south":{"uv":[11,5,6,7],"texture":"#2"},"west":{"uv":[9.09868,5,6,7.625],"texture":"#2"},"up":{"uv":[10.999,0,6,16],"rotation":180,"texture":"#2"},"down":{"uv":[9.09868,5,6,7.625],"rotation":180,"texture":"#2"}}},{"from":[10.40473,10.94308,13.03127],"to":[11.10408,11.67157,14.05116],"rotation":{"angle":-45,"axis":"y","origin":[7.98019,10.33436,14.56331]},"faces":{"north":{"uv":[9.09868,5,6,7.625],"texture":"#2"},"east":{"uv":[9,5,6,7],"texture":"#2"},"south":{"uv":[9.09868,5,6,7.625],"texture":"#2"},"west":{"uv":[9.09868,5,6,7.625],"texture":"#2"},"up":{"uv":[8,5,6,8],"rotation":180,"texture":"#2"},"down":{"uv":[9.09868,5,6,7.625],"rotation":180,"texture":"#2"}}},{"from":[10.54394,10.94425,11.87162],"to":[11.27243,11.67274,15.68892],"rotation":{"angle":0,"axis":"y","origin":[7.98019,10.33436,14.56331]},"faces":{"north":{"uv":[9.09868,5,6,7.625],"texture":"#2"},"east":{"uv":[15,5,6,7],"texture":"#2"},"south":{"uv":[9.09868,5,6,7.625],"texture":"#2"},"west":{"uv":[9.09868,5,6,7.625],"texture":"#2"},"up":{"uv":[4.999,4,13.999,2],"rotation":90,"texture":"#2"},"down":{"uv":[9.09868,5,6,7.625],"rotation":180,"texture":"#2"}}},{"from":[11.3234,10.94308,11.38405],"to":[12.05189,11.67157,13.33641],"rotation":{"angle":22.5,"axis":"y","origin":[7.98019,10.33436,14.56331]},"faces":{"north":{"uv":[9.09868,5,6,7.625],"texture":"#2"},"east":{"uv":[11,5,6,7],"texture":"#2"},"south":{"uv":[9.09868,5,6,7.625],"texture":"#2"},"west":{"uv":[9.09868,5,6,7.625],"texture":"#2"},"up":{"uv":[9.09868,5,6,7.625],"rotation":180,"texture":"#2"},"down":{"uv":[9.09868,5,6,7.625],"rotation":180,"texture":"#2"}}},{"from":[8.63121,10.94425,10.06788],"to":[10.52529,11.67274,10.79637],"rotation":{"angle":0,"axis":"y","origin":[7.98019,10.33436,14.56331]},"faces":{"north":{"uv":[11,5,6,7],"texture":"#2"},"east":{"uv":[9.09868,5,6,7.625],"texture":"#2"},"south":{"uv":[9.09868,5,6,7.625],"texture":"#2"},"west":{"uv":[9.09868,5,6,7.625],"texture":"#2"},"up":{"uv":[9.09868,5,6,7.625],"rotation":180,"texture":"#2"},"down":{"uv":[9.09868,5,6,7.625],"rotation":180,"texture":"#2"}}},{"from":[5.27515,10.94308,10.93758],"to":[5.9745,11.67157,11.95747],"rotation":{"angle":-45,"axis":"y","origin":[7.98019,10.33436,14.56331]},"faces":{"north":{"uv":[9.09868,5,6,7.625],"texture":"#2"},"east":{"uv":[9.09868,5,6,7.625],"texture":"#2"},"south":{"uv":[9.09868,5,6,7.625],"texture":"#2"},"west":{"uv":[9,5,6,7],"texture":"#2"},"up":{"uv":[9.09868,5,6,7.625],"rotation":180,"texture":"#2"},"down":{"uv":[9.09868,5,6,7.625],"rotation":180,"texture":"#2"}}},{"from":[7.13466,10.94308,15.30964],"to":[7.83401,11.67157,16.32953],"rotation":{"angle":45,"axis":"y","origin":[7.98019,10.33436,14.56331]},"faces":{"north":{"uv":[9.09868,5,6,7.625],"texture":"#2"},"east":{"uv":[9.09868,5,6,7.625],"texture":"#2"},"south":{"uv":[9.09868,5,6,7.625],"texture":"#2"},"west":{"uv":[9,5,6,7],"texture":"#2"},"up":{"uv":[8,5,6,8],"rotation":180,"texture":"#2"},"down":{"uv":[9.09868,5,6,7.625],"rotation":180,"texture":"#2"}}},{"from":[7.37196,10.94425,11.02949],"to":[8.30125,11.67274,15.44848],"rotation":{"angle":0,"axis":"y","origin":[7.98019,10.33436,14.56331]},"faces":{"north":{"uv":[6,5,9.09868,7.625],"texture":"#2"},"east":{"uv":[0,8,14,10],"texture":"#2"},"south":{"uv":[6,5,9.09868,7.625],"texture":"#2"},"west":{"uv":[6,5,9.09868,7.625],"texture":"#2"},"up":{"uv":[0,4,14,7],"rotation":90,"texture":"#2"},"down":{"uv":[6,5,9.09868,7.625],"rotation":180,"texture":"#2"}}},{"from":[7.76925,11.44216,14.75917],"to":[8.18886,11.87925,15.3711],"rotation":{"angle":-45,"axis":"y","origin":[7.98019,10.33436,14.56331]},"faces":{"north":{"uv":[6,5,9.09868,7.625],"texture":"#2"},"east":{"uv":[6,5,9.09868,7.625],"texture":"#2"},"south":{"uv":[6,5,9.09868,7.625],"texture":"#2"},"west":{"uv":[6,5,9.09868,7.625],"texture":"#2"},"up":{"uv":[6,5,9.09868,7.625],"rotation":180,"texture":"#2"},"down":{"uv":[6,5,9.09868,7.625],"rotation":180,"texture":"#2"}}},{"from":[6.40452,11.44286,11.91383],"to":[7.55655,11.87995,15.28206],"rotation":{"angle":0,"axis":"y","origin":[7.98019,10.33436,14.56331]},"faces":{"north":{"uv":[6,5,9.09868,7.625],"texture":"#2"},"east":{"uv":[6,5,9.09868,7.625],"texture":"#2"},"south":{"uv":[1,8.999,4.999,10.999],"texture":"#2"},"west":{"uv":[6,5,9.09868,7.625],"texture":"#2"},"up":{"uv":[3,0,7,12],"rotation":180,"texture":"#2"},"down":{"uv":[6,5,9.09868,7.625],"rotation":180,"texture":"#2"}}},{"from":[5.97182,11.44286,12.55898],"to":[6.40892,11.87995,14.84936],"rotation":{"angle":0,"axis":"y","origin":[7.98019,10.33436,14.56331]},"faces":{"north":{"uv":[6,5,9.09868,7.625],"texture":"#2"},"east":{"uv":[6,5,9.09868,7.625],"texture":"#2"},"south":{"uv":[6,5,9.09868,7.625],"texture":"#2"},"west":{"uv":[7,3,9,12.998],"rotation":90,"texture":"#2"},"up":{"uv":[3,4,12.999,6],"rotation":90,"texture":"#2"},"down":{"uv":[6,5,9.09868,7.625],"rotation":180,"texture":"#2"}}},{"from":[6.35779,11.44216,13.34545],"to":[6.7774,11.87925,13.95738],"rotation":{"angle":45,"axis":"y","origin":[7.98019,10.33436,14.56331]},"faces":{"north":{"uv":[6,5,9.09868,7.625],"texture":"#2"},"east":{"uv":[6,5,9.09868,7.625],"texture":"#2"},"south":{"uv":[6,5,9.09868,7.625],"texture":"#2"},"west":{"uv":[6,5,9.09868,7.625],"texture":"#2"},"up":{"uv":[6,5,9.09868,7.625],"rotation":180,"texture":"#2"},"down":{"uv":[6,5,9.09868,7.625],"rotation":180,"texture":"#2"}}},{"from":[5.35767,11.44216,12.30871],"to":[5.79477,11.87925,13.48012],"rotation":{"angle":-22.5,"axis":"y","origin":[7.98019,10.33436,14.56331]},"faces":{"north":{"uv":[6,5,9.09868,7.625],"texture":"#2"},"east":{"uv":[6,5,9.09868,7.625],"texture":"#2"},"south":{"uv":[6,5,9.09868,7.625],"texture":"#2"},"west":{"uv":[6,5,9.09868,7.625],"texture":"#2"},"up":{"uv":[6,5,9.09868,7.625],"rotation":180,"texture":"#2"},"down":{"uv":[6,5,9.09868,7.625],"rotation":180,"texture":"#2"}}},{"from":[6.4201,11.44286,11.47674],"to":[7.55655,11.87995,11.91383],"rotation":{"angle":0,"axis":"y","origin":[7.98019,10.33436,14.56331]},"faces":{"north":{"uv":[6,5,9.09868,7.625],"texture":"#2"},"east":{"uv":[6,5,9.09868,7.625],"texture":"#2"},"south":{"uv":[6,5,9.09868,7.625],"texture":"#2"},"west":{"uv":[6,5,9.09868,7.625],"texture":"#2"},"up":{"uv":[6,5,9.09868,7.625],"rotation":180,"texture":"#2"},"down":{"uv":[6,5,9.09868,7.625],"rotation":180,"texture":"#2"}}},{"from":[9.43554,11.44216,12.08924],"to":[9.85515,11.87925,12.70117],"rotation":{"angle":45,"axis":"y","origin":[7.98019,10.33436,14.56331]},"faces":{"north":{"uv":[6,5,9.09868,7.625],"texture":"#2"},"east":{"uv":[6,5,9.09868,7.625],"texture":"#2"},"south":{"uv":[6,5,9.09868,7.625],"texture":"#2"},"west":{"uv":[6,5,9.09868,7.625],"texture":"#2"},"up":{"uv":[6,5,9.09868,7.625],"rotation":180,"texture":"#2"},"down":{"uv":[6,5,9.09868,7.625],"rotation":180,"texture":"#2"}}},{"from":[7.79953,11.44216,14.7872],"to":[8.21914,11.87925,15.39913],"rotation":{"angle":45,"axis":"y","origin":[7.98019,10.33436,14.56331]},"faces":{"north":{"uv":[9.09868,5,6,7.625],"texture":"#2"},"east":{"uv":[9.09868,5,6,7.625],"texture":"#2"},"south":{"uv":[9.09868,5,6,7.625],"texture":"#2"},"west":{"uv":[9.09868,5,6,7.625],"texture":"#2"},"up":{"uv":[9.09868,5,6,7.625],"rotation":180,"texture":"#2"},"down":{"uv":[9.09868,5,6,7.625],"rotation":180,"texture":"#2"}}},{"from":[8.44345,11.44286,11.91383],"to":[9.59548,11.87995,15.28206],"rotation":{"angle":0,"axis":"y","origin":[7.98019,10.33436,14.56331]},"faces":{"north":{"uv":[9.09868,5,6,7.625],"texture":"#2"},"east":{"uv":[9.09868,5,6,7.625],"texture":"#2"},"south":{"uv":[4.999,8.999,1,10.999],"texture":"#2"},"west":{"uv":[9.09868,5,6,7.625],"texture":"#2"},"up":{"uv":[7,0,3,12],"rotation":180,"texture":"#2"},"down":{"uv":[9.09868,5,6,7.625],"rotation":180,"texture":"#2"}}},{"from":[9.59108,11.44286,12.55898],"to":[10.02818,11.87995,14.84936],"rotation":{"angle":0,"axis":"y","origin":[7.98019,10.33436,14.56331]},"faces":{"north":{"uv":[9.09868,5,6,7.625],"texture":"#2"},"east":{"uv":[7,12.998,9,3],"rotation":90,"texture":"#2"},"south":{"uv":[9.09868,5,6,7.625],"texture":"#2"},"west":{"uv":[9.09868,5,6,7.625],"texture":"#2"},"up":{"uv":[3,6,12.999,4],"rotation":90,"texture":"#2"},"down":{"uv":[9.09868,5,6,7.625],"rotation":180,"texture":"#2"}}},{"from":[9.21099,11.44216,13.31743],"to":[9.6306,11.87925,13.92936],"rotation":{"angle":-45,"axis":"y","origin":[7.98019,10.33436,14.56331]},"faces":{"north":{"uv":[9.09868,5,6,7.625],"texture":"#2"},"east":{"uv":[9.09868,5,6,7.625],"texture":"#2"},"south":{"uv":[9.09868,5,6,7.625],"texture":"#2"},"west":{"uv":[9.09868,5,6,7.625],"texture":"#2"},"up":{"uv":[9.09868,5,6,7.625],"rotation":180,"texture":"#2"},"down":{"uv":[9.09868,5,6,7.625],"rotation":180,"texture":"#2"}}},{"from":[10.20221,11.44216,12.32387],"to":[10.63931,11.87925,13.49528],"rotation":{"angle":22.5,"axis":"y","origin":[7.98019,10.33436,14.56331]},"faces":{"north":{"uv":[9.09868,5,6,7.625],"texture":"#2"},"east":{"uv":[9.09868,5,6,7.625],"texture":"#2"},"south":{"uv":[9.09868,5,6,7.625],"texture":"#2"},"west":{"uv":[9.09868,5,6,7.625],"texture":"#2"},"up":{"uv":[9.09868,5,6,7.625],"rotation":180,"texture":"#2"},"down":{"uv":[9.09868,5,6,7.625],"rotation":180,"texture":"#2"}}},{"from":[8.44345,11.44286,11.47674],"to":[9.5799,11.87995,11.91383],"rotation":{"angle":0,"axis":"y","origin":[7.98019,10.33436,14.56331]},"faces":{"north":{"uv":[9.09868,5,6,7.625],"texture":"#2"},"east":{"uv":[9.09868,5,6,7.625],"texture":"#2"},"south":{"uv":[9.09868,5,6,7.625],"texture":"#2"},"west":{"uv":[9.09868,5,6,7.625],"texture":"#2"},"up":{"uv":[9.09868,5,6,7.625],"rotation":180,"texture":"#2"},"down":{"uv":[9.09868,5,6,7.625],"rotation":180,"texture":"#2"}}},{"from":[6.13324,11.44216,12.06121],"to":[6.55285,11.87925,12.67314],"rotation":{"angle":-45,"axis":"y","origin":[7.98019,10.33436,14.56331]},"faces":{"north":{"uv":[9.09868,5,6,7.625],"texture":"#2"},"east":{"uv":[9.09868,5,6,7.625],"texture":"#2"},"south":{"uv":[9.09868,5,6,7.625],"texture":"#2"},"west":{"uv":[9.09868,5,6,7.625],"texture":"#2"},"up":{"uv":[9.09868,5,6,7.625],"rotation":180,"texture":"#2"},"down":{"uv":[9.09868,5,6,7.625],"rotation":180,"texture":"#2"}}},{"from":[7.55845,11.44286,12.0537],"to":[8.11603,11.87995,14.70509],"rotation":{"angle":0,"axis":"y","origin":[7.98019,10.33436,14.56331]},"faces":{"north":{"uv":[6,5,9.09868,7.625],"texture":"#2"},"east":{"uv":[6,5,9.09868,7.625],"texture":"#2"},"south":{"uv":[6,5,9.09868,7.625],"texture":"#2"},"west":{"uv":[6,5,9.09868,7.625],"texture":"#2"},"up":{"uv":[2,4,11.999,6],"rotation":90,"texture":"#2"},"down":{"uv":[6,5,9.09868,7.625],"rotation":180,"texture":"#2"}}},{"from":[7.88397,11.44286,12.0537],"to":[8.44155,11.87995,14.70509],"rotation":{"angle":0,"axis":"y","origin":[7.98019,10.33436,14.56331]},"faces":{"north":{"uv":[9.09868,5,6,7.625],"texture":"#2"},"east":{"uv":[9.09868,5,6,7.625],"texture":"#2"},"south":{"uv":[9.09868,5,6,7.625],"texture":"#2"},"west":{"uv":[9.09868,5,6,7.625],"texture":"#2"},"up":{"uv":[2,6,11.999,4],"rotation":90,"texture":"#2"},"down":{"uv":[9.09868,5,6,7.625],"rotation":180,"texture":"#2"}}},{"from":[6.58388,8.93371,14.64563],"to":[9.28683,9.49075,16.82825],"rotation":{"angle":0,"axis":"x","origin":[7.98019,11.45936,13.68831],"rescale":true},"faces":{"north":{"uv":[6,6.25,8,5],"texture":"#5"},"east":{"uv":[10,3,6,6.25],"rotation":90,"texture":"#5"},"south":{"uv":[6,6.25,8,5],"texture":"#5"},"west":{"uv":[10,3,6,6.25],"rotation":270,"texture":"#5"},"up":{"uv":[6,6.25,8,5],"rotation":180,"texture":"#5"},"down":{"uv":[5,4.25,10,1],"texture":"#5"}}},{"from":[9.9537,8.78368,12.84609],"to":[10.36502,10.70397,14.57435],"rotation":{"angle":0,"axis":"y","origin":[7.98019,10.33436,14.56331]},"faces":{"north":{"uv":[3,6,3.25,6.5],"texture":"#3"},"east":{"uv":[3,6,3.25,6.5],"texture":"#3"},"south":{"uv":[3,6,3.25,6.5],"texture":"#3"},"west":{"uv":[3,6,3.25,6.5],"texture":"#3"},"up":{"uv":[3,6,3.25,6.5],"rotation":180,"texture":"#3"},"down":{"uv":[3,6,3.25,6.5],"rotation":180,"texture":"#3"}}},{"from":[9.88969,8.39962,12.46203],"to":[10.30102,10.70397,14.95841],"rotation":{"angle":0,"axis":"y","origin":[7.98019,10.33436,14.56331]},"faces":{"north":{"uv":[0,0,1,1],"texture":"#4"},"east":{"uv":[3,4.75,6.25,7.25],"texture":"#4"},"south":{"uv":[0,0,1,1],"texture":"#4"},"west":{"uv":[0,0,1,1],"texture":"#4"},"up":{"uv":[0,0,1,1],"rotation":180,"texture":"#4"},"down":{"uv":[0,0,1,1],"rotation":180,"texture":"#4"}}},{"from":[9.79249,8.15662,12.21903],"to":[10.20382,10.70397,15.20141],"rotation":{"angle":0,"axis":"y","origin":[7.98019,10.33436,14.56331]},"faces":{"north":{"uv":[0,0,1,1],"texture":"#4"},"east":{"uv":[3,4.75,6.25,7.25],"texture":"#4"},"south":{"uv":[0,0,1,1],"texture":"#4"},"west":{"uv":[0,0,1,1],"texture":"#4"},"up":{"uv":[0,0,1,1],"rotation":180,"texture":"#4"},"down":{"uv":[0,0,1,1],"rotation":180,"texture":"#4"}}},{"from":[5.66658,8.15662,12.21903],"to":[6.07791,10.70397,15.20141],"rotation":{"angle":0,"axis":"y","origin":[7.98019,10.33436,14.56331]},"faces":{"north":{"uv":[1,0,0,1],"texture":"#4"},"east":{"uv":[1,0,0,1],"texture":"#4"},"south":{"uv":[1,0,0,1],"texture":"#4"},"west":{"uv":[6.25,4.75,3,7.25],"texture":"#4"},"up":{"uv":[1,0,0,1],"rotation":180,"texture":"#4"},"down":{"uv":[1,0,0,1],"rotation":180,"texture":"#4"}}},{"from":[3.37971,5.34059,13.95827],"to":[5.65471,7.61559,15.25827],"rotation":{"angle":0,"axis":"y","origin":[9.55471,11.84059,6.15827]},"faces":{"north":{"uv":[8,10,13,15],"texture":"#8"},"east":{"uv":[8,10,11,15],"texture":"#8"},"south":{"uv":[8,10,13,15],"texture":"#8"},"west":{"uv":[8,10,11,15],"texture":"#8"},"up":{"uv":[8,10,13,13],"texture":"#8"},"down":{"uv":[8,10,13,15],"texture":"#8"}}},{"from":[4.02971,5.50343,14.76805],"to":[5.00471,7.45343,15.74305],"rotation":{"angle":-22.5,"axis":"x","origin":[5.16721,6.31593,15.09305]},"faces":{"north":{"uv":[8,10,13,15],"texture":"#8"},"east":{"uv":[8,10,10,15],"texture":"#8"},"south":{"uv":[8,10,10,15],"texture":"#8"},"west":{"uv":[8,10,10,15],"texture":"#8"},"up":{"uv":[8,10,13,13],"texture":"#8"},"down":{"uv":[8,10,13,15],"texture":"#8"}}},{"from":[2.56721,6.20325,14.6935],"to":[3.54221,7.50325,15.6685],"rotation":{"angle":-22.5,"axis":"z","origin":[3.05471,6.52825,15.181]},"faces":{"north":{"uv":[8,10,13,15],"texture":"#8"},"east":{"uv":[8,10,10,15],"texture":"#8"},"south":{"uv":[8,10,10,15],"texture":"#8"},"west":{"uv":[8,10,10,15],"texture":"#8"},"up":{"uv":[8,10,13,13],"texture":"#8"},"down":{"uv":[8,10,13,15],"texture":"#8"}}},{"from":[4.90951,5.46366,14.93327],"to":[5.55951,6.76366,15.58327],"rotation":{"angle":45,"axis":"z","origin":[5.23451,6.11366,15.25827]},"faces":{"north":{"uv":[13,10,8,15],"texture":"#8"},"east":{"uv":[10,10,8,15],"texture":"#8"},"south":{"uv":[10,10,8,15],"texture":"#8"},"west":{"uv":[10,10,8,15],"texture":"#8"},"up":{"uv":[13,10,8,13],"texture":"#8"},"down":{"uv":[13,10,8,15],"texture":"#8"}}},{"from":[2.47994,5.35058,14.90513],"to":[3.45494,6.65058,15.88013],"rotation":{"angle":-22.5,"axis":"x","origin":[2.96744,6.00058,15.39263]},"faces":{"north":{"uv":[8,10,13,15],"texture":"#8"},"east":{"uv":[8,10,10,15],"texture":"#8"},"south":{"uv":[8,10,10,15],"texture":"#8"},"west":{"uv":[8,10,10,15],"texture":"#8"},"up":{"uv":[8,10,13,13],"texture":"#8"},"down":{"uv":[8,10,13,15],"texture":"#8"}}},{"from":[4.02971,4.20275,14.76805],"to":[5.00471,5.50275,15.74305],"rotation":{"angle":22.5,"axis":"x","origin":[5.16721,4.36525,15.09305]},"faces":{"north":{"uv":[8,15,13,10],"texture":"#8"},"east":{"uv":[11,5.999,12.999,9.999],"texture":"#8"},"south":{"uv":[8,11,9.999,15],"texture":"#8"},"west":{"uv":[8,5.999,9.999,9.999],"texture":"#8"},"up":{"uv":[8,15,13,10],"texture":"#8"},"down":{"uv":[8,13,13,10],"texture":"#8"}}},{"from":[2.40471,4.20275,14.76805],"to":[3.37971,5.50275,15.74305],"rotation":{"angle":22.5,"axis":"x","origin":[3.54221,4.36525,15.09305]},"faces":{"north":{"uv":[8,15,13,10],"texture":"#8"},"east":{"uv":[11,5.999,12.999,9.999],"texture":"#8"},"south":{"uv":[8,11,9.999,15],"texture":"#8"},"west":{"uv":[8,5.999,9.999,9.999],"texture":"#8"},"up":{"uv":[8,15,13,10],"texture":"#8"},"down":{"uv":[8,13,13,10],"texture":"#8"}}},{"from":[3.86721,3.22775,14.76805],"to":[5.16721,4.20275,15.90555],"rotation":{"angle":22.5,"axis":"x","origin":[5.16721,4.36525,15.09305]},"faces":{"north":{"uv":[7,8,10.999,12],"texture":"#8"},"east":{"uv":[7,8,10.999,12],"texture":"#8"},"south":{"uv":[7,8,10.999,12],"texture":"#8"},"west":{"uv":[7,8,10.999,12],"texture":"#8"},"up":{"uv":[7,8,10.999,12],"texture":"#8"},"down":{"uv":[7,8,10.999,12],"texture":"#8"}}},{"from":[2.24221,3.22775,14.76805],"to":[3.54221,4.20275,15.90555],"rotation":{"angle":22.5,"axis":"x","origin":[3.54221,4.36525,15.09305]},"faces":{"north":{"uv":[7,8,10.999,12],"texture":"#8"},"east":{"uv":[7,8,10.999,12],"texture":"#8"},"south":{"uv":[7,8,10.999,12],"texture":"#8"},"west":{"uv":[7,8,10.999,12],"texture":"#8"},"up":{"uv":[7,8,10.999,12],"texture":"#8"},"down":{"uv":[7,8,10.999,12],"texture":"#8"}}},{"from":[3.86721,5.0022,15.19099],"to":[5.16721,5.9772,16.32849],"rotation":{"angle":0,"axis":"x","origin":[4.51721,5.3272,15.67849]},"faces":{"north":{"uv":[8,10,13,15],"texture":"#8"},"east":{"uv":[8,10,10,13],"texture":"#8"},"south":{"uv":[8,10,12,13],"texture":"#8"},"west":{"uv":[8,10,10,13],"texture":"#8"},"up":{"uv":[8,10,13,13],"texture":"#8"},"down":{"uv":[8,10,13,15],"texture":"#8"}}},{"from":[2.24221,5.0022,15.19099],"to":[3.54221,5.9772,16.32849],"rotation":{"angle":-22.5,"axis":"y","origin":[2.89221,5.4897,15.75974]},"faces":{"north":{"uv":[8,10,13,15],"texture":"#8"},"east":{"uv":[8,10,10,13],"texture":"#8"},"south":{"uv":[8,10,12,13],"texture":"#8"},"west":{"uv":[8,10,10,13],"texture":"#8"},"up":{"uv":[8,10,13,13],"texture":"#8"},"down":{"uv":[8,10,13,15],"texture":"#8"}}},{"from":[5.25515,5.0022,15.14117],"to":[6.23015,5.9772,15.95367],"rotation":{"angle":45,"axis":"y","origin":[5.74265,5.4897,15.54742]},"faces":{"north":{"uv":[13,10,8,15],"texture":"#8"},"east":{"uv":[10,10,8,13],"texture":"#8"},"south":{"uv":[12,10,8,13],"texture":"#8"},"west":{"uv":[10,10,8,13],"texture":"#8"},"up":{"uv":[13,10,8,13],"texture":"#8"},"down":{"uv":[13,10,8,15],"texture":"#8"}}},{"from":[5.58015,4.0272,15.14117],"to":[6.23015,5.3272,15.62867],"rotation":{"angle":22.5,"axis":"z","origin":[5.90515,4.5147,15.54742]},"faces":{"north":{"uv":[13,10,8,15],"texture":"#8"},"east":{"uv":[10,10,8,13],"texture":"#8"},"south":{"uv":[12,10,8,13],"texture":"#8"},"west":{"uv":[10,10,8,13],"texture":"#8"},"up":{"uv":[13,10,8,13],"texture":"#8"},"down":{"uv":[13,10,8,15],"texture":"#8"}}},{"from":[5.74265,3.3772,14.97867],"to":[6.55515,4.1897,15.79117],"rotation":{"angle":45,"axis":"y","origin":[6.06765,3.8647,15.38492]},"faces":{"north":{"uv":[13,10,8,15],"texture":"#8"},"east":{"uv":[10,10,8,13],"texture":"#8"},"south":{"uv":[12,10,8,13],"texture":"#8"},"west":{"uv":[10,10,8,13],"texture":"#8"},"up":{"uv":[13,10,8,13],"texture":"#8"},"down":{"uv":[13,10,8,15],"texture":"#8"}}},{"from":[2.375,4.25,15],"to":[5.125,6.75,15.05],"rotation":{"angle":-45,"axis":"z","origin":[3.375,5.75,15.025]},"faces":{"south":{"uv":[5,3,12.996,13.498],"rotation":180,"texture":"#10"}}},{"from":[3.5,1,14],"to":[7.5,3,14.05],"rotation":{"angle":0,"axis":"y","origin":[4.75,6,7]},"faces":{"south":{"uv":[1,7,12.997,14.996],"texture":"#9"}}},{"from":[10,4.5,15],"to":[14,7,15.05],"rotation":{"angle":0,"axis":"y","origin":[11.25,10,8]},"faces":{"south":{"uv":[14.996,1,4,8.995],"rotation":180,"texture":"#9"}}},{"from":[7.5,4.25,15],"to":[9.5,6,15.05],"rotation":{"angle":0,"axis":"y","origin":[8.75,9,8]},"faces":{"south":{"uv":[9.995,9,4,14.995],"texture":"#9"}}},{"from":[1.5,6.25,15],"to":[3,8,15.05],"rotation":{"angle":0,"axis":"y","origin":[2.25,11,8]},"faces":{"south":{"uv":[13.994,2,3,8.994],"rotation":90,"texture":"#12"}}},{"from":[2,7.975,14.025],"to":[2.625,8.025,15.025],"rotation":{"angle":0,"axis":"x","origin":[2.75,8,14.9]},"faces":{"up":{"uv":[9.991,7,7,12.992],"texture":"#10"}}},{"from":[2,8,14.05],"to":[4.75,9.75,14.05],"rotation":{"angle":0,"axis":"y","origin":[2.25,13,7]},"faces":{"south":{"uv":[3,2,13.996,9.996],"texture":"#12"}}},{"from":[11,8,14],"to":[14,10.25,14.05],"rotation":{"angle":0,"axis":"y","origin":[11.25,14,7]},"faces":{"south":{"uv":[13.996,2,3,9.996],"texture":"#12"}}},{"from":[10,10.75,13],"to":[13,13,13.05],"rotation":{"angle":0,"axis":"y","origin":[10.25,16.75,6]},"faces":{"south":{"uv":[13.996,2,3,9.996],"texture":"#12"}}},{"from":[3,11,13],"to":[6,13,13.05],"rotation":{"angle":0,"axis":"y","origin":[3.25,16.75,6]},"faces":{"south":{"uv":[2,1,14.995,10.995],"texture":"#11"}}},{"from":[1.25,5,8.75],"to":[14.75,6.75,14],"rotation":{"angle":0,"axis":"y","origin":[8,10,8]},"faces":{"north":{"uv":[15,3,1,8],"texture":"#3"},"east":{"uv":[1,3,8,5],"texture":"#3"},"south":{"uv":[1,3,15,5],"texture":"#3"},"west":{"uv":[8,3,15,5],"texture":"#3"},"up":{"uv":[1,8,15,15],"texture":"#3"},"down":{"uv":[1,15,15,1],"texture":"#3"}}},{"from":[3,6.75,5.75],"to":[12,11,11],"rotation":{"angle":0,"axis":"y","origin":[8,11.75,5]},"faces":{"north":{"uv":[15,3,1,8],"texture":"#3"},"east":{"uv":[1,3,8,5],"texture":"#3"},"south":{"uv":[1,3,15,5],"texture":"#3"},"west":{"uv":[8,3,15,5],"texture":"#3"},"up":{"uv":[1,8,15,15],"texture":"#3"},"down":{"uv":[1,15,15,1],"texture":"#3"}}},{"from":[5,11,5.75],"to":[11,13,11],"rotation":{"angle":0,"axis":"y","origin":[8,11.75,5]},"faces":{"north":{"uv":[15,3,1,8],"texture":"#3"},"east":{"uv":[1,3,8,5],"texture":"#3"},"south":{"uv":[1,3,15,5],"texture":"#3"},"west":{"uv":[8,3,15,5],"texture":"#3"},"up":{"uv":[1,8,15,15],"texture":"#3"},"down":{"uv":[1,15,15,1],"texture":"#3"}}}],"display":{"thirdperson_righthand":{"rotation":[0,-135,0],"translation":[0,0.25,-2.25],"scale":[0.4,0.4,0.4]},"thirdperson_lefthand":{"rotation":[0,-135,0],"translation":[0,0.25,-2.25],"scale":[0.4,0.4,0.4]},"firstperson_righthand":{"rotation":[6,-60,11],"translation":[0,6,0],"scale":[0.5,0.5,0.5]},"firstperson_lefthand":{"rotation":[6,-60,11],"translation":[0,6,0],"scale":[0.5,0.5,0.5]},"ground":{"translation":[0,2.5,0],"scale":[0.8,0.8,0.8]},"gui":{"rotation":[30,45,0],"translation":[0,0.25,0],"scale":[0.7,0.7,0.7]},"head":{"rotation":[0,180,0],"translation":[0,13.5,0],"scale":[0.9,0.9,0.9]},"fixed":{"rotation":[0,180,0]}},"groups":[{"name":"dragon_egg","origin":[8,8,8],"children":[0,1,2,3,4,5,6,7,8,9,10,11,12,13,14,15,16,17,18,19,20,21]},{"name":"Skull","origin":[8,8,8],"children":[22,23,24,25,26,27,28,29,30,31,32,33,34,35,36,37,38,39,40,41,42,{"name":"KWAK","origin":[8,8,8],"children":[{"name":"group","origin":[7.44255,12.44425,20.94487],"children":[43,44,45,46,47,48,49]},{"name":"group","origin":[7.44255,12.44425,20.94487],"children":[50,51,52,53,54,55,56]},57,{"name":"group","origin":[7.48211,12.80849,26.30224],"children":[58,59,60,61,62,63,64]},{"name":"group","origin":[7.48211,12.80849,26.30224],"children":[65,66,67,68,69,70,71]},72,{"name":"group","origin":[7.62454,13.16141,22.35278],"children":[73,74,75,76,77,78,79]},{"name":"group","origin":[7.62454,13.16141,22.35278],"children":[80,81,82,83,84,85,86]},87,88]},89,90,91,92,93]},{"name":"group","origin":[5.31765,4.8647,15.22242],"children":[94,95,96,97,98,99,100,101,102,103,104,105,106,107]},108,109,110,111,112,113,114,115,116,117,118,119,120],"credit":"Model by Craftventure"}