{"textures":{"1":"block/helicopter","2":"block/anvil","3":"block/barrel_side","6":"block/fern2","7":"block/bamboo_small_leaves","8":"block/barrel_top","9":"block/bamboo_large_leaves","10":"block/bamboo_singleleaf","12":"block/grapes","particle":"block/grapes","1_4":"block/barrel_bottom"},"elements":[{"from":[4.5,5.75,16.75],"to":[11.5,6.75,19.25],"rotation":{"angle":0,"axis":"y","origin":[8,0.875,11.25]},"faces":{"north":{"uv":[0,0,1,7],"rotation":90,"texture":"#3"},"east":{"uv":[0,0,1,2.5],"rotation":90,"texture":"#3"},"south":{"uv":[0,0,1,7],"rotation":90,"texture":"#3"},"west":{"uv":[0,0,1,2.5],"rotation":90,"texture":"#3"},"up":{"uv":[0,0,2.5,7],"rotation":270,"texture":"#3"},"down":{"uv":[0,0,2.5,7],"rotation":90,"texture":"#3"}}},{"from":[4.5,5.5,-0.25],"to":[11.5,6.5,2.25],"rotation":{"angle":0,"axis":"y","origin":[8,0.625,-5.75]},"faces":{"north":{"uv":[5,11,7,13],"rotation":90,"texture":"#3"},"east":{"uv":[3,9,4,11.5],"rotation":270,"texture":"#3"},"west":{"uv":[11,9,12,11.5],"rotation":90,"texture":"#3"},"up":{"uv":[5,9,12,11.5],"rotation":180,"texture":"#3"},"down":{"uv":[0,0,2.5,7],"rotation":90,"texture":"#3"}}},{"from":[5,5.25,-2.5],"to":[11,6.25,-0.25],"rotation":{"angle":0,"axis":"y","origin":[8,0.375,-8.25]},"faces":{"north":{"uv":[0,0,1,7],"rotation":90,"texture":"#3"},"east":{"uv":[7,9,8,11.5],"rotation":90,"texture":"#3"},"west":{"uv":[7,9,8,11.5],"rotation":270,"texture":"#3"},"up":{"uv":[6,9,12,11.5],"texture":"#3"},"down":{"uv":[0,0,2.5,7],"rotation":90,"texture":"#3"}}},{"from":[5.5,5,-4.75],"to":[10.5,6,-2.5],"rotation":{"angle":0,"axis":"y","origin":[8,0.125,-10.5]},"faces":{"north":{"uv":[0,0,1,7],"rotation":90,"texture":"#3"},"east":{"uv":[11,8,12,10.25],"rotation":90,"texture":"#3"},"west":{"uv":[0,0,1,2.5],"rotation":90,"texture":"#3"},"up":{"uv":[0,0,2.5,7],"rotation":270,"texture":"#3"},"down":{"uv":[0,0,2.5,7],"rotation":90,"texture":"#3"}}},{"from":[6.25,4.75,-7.25],"to":[9.75,5.75,-4.75],"rotation":{"angle":0,"axis":"y","origin":[8,-0.125,-12.75]},"faces":{"north":{"uv":[0,0,1,7],"rotation":90,"texture":"#3"},"east":{"uv":[3,13,4,15.5],"rotation":90,"texture":"#3"},"west":{"uv":[0,0,1,2.5],"rotation":90,"texture":"#3"},"up":{"uv":[5,5,10,7.5],"rotation":180,"texture":"#3"},"down":{"uv":[0,0,2.5,7],"rotation":90,"texture":"#3"}}},{"from":[6.75,4.5,-9.75],"to":[9.25,5.5,-7.25],"rotation":{"angle":0,"axis":"y","origin":[8,-0.375,-15.25]},"faces":{"north":{"uv":[3,7,4,9.5],"rotation":90,"texture":"#3"},"east":{"uv":[2,8,3,10.5],"rotation":90,"texture":"#3"},"west":{"uv":[0,0,1,2.5],"rotation":90,"texture":"#3"},"up":{"uv":[9,13,14,15.5],"rotation":180,"texture":"#3"},"down":{"uv":[0,0,2.5,7],"rotation":90,"texture":"#3"}}},{"from":[4.5,5.75,19.25],"to":[11.5,6.75,20],"rotation":{"angle":0,"axis":"y","origin":[8,0.875,11.25]},"faces":{"north":{"uv":[0,0,7,1],"texture":"#2"},"east":{"uv":[0,0,0.75,1],"texture":"#2"},"south":{"uv":[4,9,11,10],"texture":"#2"},"west":{"uv":[0,0,0.75,1],"texture":"#2"},"up":{"uv":[0,0,0.75,7],"rotation":270,"texture":"#2"},"down":{"uv":[0,0,0.75,7],"rotation":90,"texture":"#2"}}},{"from":[5,6.75,16.75],"to":[11,7.25,19.25],"rotation":{"angle":0,"axis":"y","origin":[8,1.875,11.25]},"faces":{"north":{"uv":[0,0,0.5,6],"rotation":90,"texture":"#3"},"east":{"uv":[0,0,0.5,2.5],"rotation":90,"texture":"#3"},"south":{"uv":[0,0,0.5,6],"rotation":90,"texture":"#3"},"west":{"uv":[0,0,0.5,2.5],"rotation":90,"texture":"#3"},"up":{"uv":[0.5,0,6.5,2.5],"rotation":180,"texture":"#3"},"down":{"uv":[0,0,2.5,6],"rotation":90,"texture":"#3"}}},{"from":[5,6.5,-0.25],"to":[11,7,2.25],"rotation":{"angle":0,"axis":"y","origin":[8,1.625,-5.75]},"faces":{"north":{"uv":[4.5,11,10.5,11.5],"texture":"#3"},"east":{"uv":[4,9,4.5,11.5],"rotation":270,"texture":"#3"},"west":{"uv":[4,9,4.5,11.5],"rotation":90,"texture":"#3"},"up":{"uv":[4.5,9,10.5,11.5],"rotation":180,"texture":"#3"}}},{"from":[5.5,6.25,-2.5],"to":[10.5,6.75,-0.25],"rotation":{"angle":0,"axis":"y","origin":[8,1.375,-8.25]},"faces":{"north":{"uv":[5,15,10,15.5],"texture":"#3"},"east":{"uv":[8,9,8.5,11.5],"rotation":90,"texture":"#3"},"west":{"uv":[8,9,8.5,11.5],"rotation":270,"texture":"#3"},"up":{"uv":[5,9,10,11.5],"texture":"#3"}}},{"from":[6,6,-4.75],"to":[10,6.5,-2.5],"rotation":{"angle":0,"axis":"y","origin":[8,1.125,-10.5]},"faces":{"north":{"uv":[5.5,15,9.5,15.5],"texture":"#3"},"east":{"uv":[9,13,9.5,15],"rotation":270,"texture":"#3"},"west":{"uv":[13,13,13.5,15],"rotation":90,"texture":"#3"},"up":{"uv":[9.5,13,13.5,15],"rotation":180,"texture":"#3"}}},{"from":[6.75,5.75,-7.25],"to":[9.25,6.25,-4.75],"rotation":{"angle":0,"axis":"y","origin":[8,0.875,-12.75]},"faces":{"north":{"uv":[6.25,7,8.75,7.5],"texture":"#3"},"east":{"uv":[5,5,5.5,7.5],"rotation":270,"texture":"#3"},"west":{"uv":[9,5,9.5,7.5],"rotation":90,"texture":"#3"},"up":{"uv":[6.25,5,8.75,7.5],"rotation":180,"texture":"#3"}}},{"from":[7.25,5.5,-9.75],"to":[8.75,6,-7.25],"rotation":{"angle":0,"axis":"y","origin":[8,0.625,-15.25]},"faces":{"north":{"uv":[2,6,3.5,6.5],"texture":"#3"},"east":{"uv":[9,13,9.5,15.5],"rotation":270,"texture":"#3"},"west":{"uv":[13,13,13.5,15.5],"rotation":90,"texture":"#3"},"up":{"uv":[2.75,7,4.25,9.5],"rotation":180,"texture":"#3"}}},{"from":[5,6.75,19.25],"to":[11,7.25,20],"rotation":{"angle":0,"axis":"y","origin":[8,1.875,11.25]},"faces":{"north":{"uv":[0,0,6,0.5],"texture":"#2"},"east":{"uv":[0,0,0.75,0.5],"texture":"#2"},"south":{"uv":[4,8,10,8.5],"texture":"#2"},"west":{"uv":[0,0,0.75,0.5],"texture":"#2"},"up":{"uv":[0,0,0.75,6],"rotation":270,"texture":"#2"},"down":{"uv":[0,0,0.75,6],"rotation":90,"texture":"#2"}}},{"from":[12,-0.25,5.75],"to":[12.5,5.75,16.78125],"rotation":{"angle":0,"axis":"y","origin":[8,0.125,11.25]},"faces":{"east":{"uv":[1,2,7,13],"rotation":270,"texture":"#3"},"south":{"uv":[4,10,10,10.5],"rotation":90,"texture":"#3"},"west":{"uv":[0,2,6,13],"rotation":90,"texture":"#3"},"up":{"uv":[5,2,5.5,13.032],"rotation":180,"texture":"#3"}}},{"from":[3.5,-0.25,2.25],"to":[12.5,5.75,5.75],"rotation":{"angle":0,"axis":"y","origin":[8,0.125,11.25]},"faces":{"north":{"uv":[0,5,6,8.5],"rotation":90,"texture":"#3"},"east":{"uv":[0,5,6,8.5],"rotation":90,"texture":"#3"},"south":{"uv":[0,5,6,8.5],"rotation":90,"texture":"#3"},"west":{"uv":[0,5,6,8.5],"rotation":90,"texture":"#3"},"up":{"uv":[3,5,12,8.5],"texture":"#3"},"down":{"uv":[3,5,12,8.5],"texture":"#3"}}},{"from":[3.5,-0.25,5.75],"to":[4,5.75,16.78125],"rotation":{"angle":0,"axis":"y","origin":[8,0.125,11.25]},"faces":{"east":{"uv":[0,2,6,13],"rotation":270,"texture":"#3"},"south":{"uv":[0,2,6,2.5],"rotation":90,"texture":"#3"},"west":{"uv":[0,2,6,13],"rotation":90,"texture":"#3"},"up":{"uv":[0,2,0.5,13.03125],"rotation":180,"texture":"#3"}}},{"from":[8,12,9.5],"to":[24,12.5,16.5],"rotation":{"angle":0,"axis":"y","origin":[8,12.25,13]},"faces":{"north":{"uv":[0,0,0.5,16],"rotation":90,"texture":"#3"},"east":{"uv":[0,0,7,0.5],"texture":"#3"},"south":{"uv":[6,0,6.5,16],"rotation":90,"texture":"#3"},"west":{"uv":[0,0,7,16],"rotation":90,"texture":"#3"},"up":{"uv":[8,0,15,16],"rotation":90,"texture":"#3"},"down":{"uv":[15,0,8,16],"rotation":90,"texture":"#3"}}},{"from":[-8,12,9.5],"to":[8,12.5,16.5],"rotation":{"angle":0,"axis":"y","origin":[8,12.25,13]},"faces":{"north":{"uv":[0,16,0.5,0],"rotation":90,"texture":"#3"},"east":{"uv":[0,16,7,0],"rotation":90,"texture":"#3"},"south":{"uv":[6,16,6.5,0],"rotation":90,"texture":"#3"},"west":{"uv":[8,0.5,15,0],"texture":"#3"},"up":{"uv":[0,16,7,0],"rotation":90,"texture":"#3"},"down":{"uv":[7,16,0,0],"rotation":90,"texture":"#3"}}},{"from":[12.5,1,9.5],"to":[24,1.5,16.5],"rotation":{"angle":0,"axis":"y","origin":[8,1.25,13]},"faces":{"north":{"uv":[0,0,0.5,11.5],"rotation":270,"texture":"#3"},"east":{"uv":[0,0,7,0.5],"texture":"#3"},"south":{"uv":[6,0,6.5,11.5],"rotation":90,"texture":"#3"},"up":{"uv":[8,0,15,11.5],"rotation":90,"texture":"#3"},"down":{"uv":[15,0,8,11.5],"rotation":90,"texture":"#3"}}},{"from":[7.75,4.98097,-10.09567],"to":[8.25,11.48097,-5.09567],"rotation":{"angle":-22.5,"axis":"x","origin":[8,8.23097,-7.59567]},"faces":{"north":{"uv":[1,6,2,13.5],"texture":"#3"},"east":{"uv":[4,6,10,13.5],"texture":"#3"},"south":{"uv":[4,6,5,13.5],"texture":"#3"},"west":{"uv":[5,6,11,13.5],"texture":"#3"},"up":{"uv":[4,1,10,2],"rotation":270,"texture":"#3"}}},{"from":[7.755,2.52687,-11.14909],"to":[8.245,10.27687,-9.39909],"rotation":{"angle":0,"axis":"x","origin":[8,4.77687,-8.64909]},"faces":{"north":{"uv":[6,6,7,16],"texture":"#3"},"east":{"uv":[11,6,13,16],"texture":"#3"},"west":{"uv":[3,6,5,16],"texture":"#3"}}},{"from":[1.5,2.48097,-9.84567],"to":[7.25,2.98097,-5.59567],"rotation":{"angle":-22.5,"axis":"y","origin":[4,2.73097,-8.09567]},"faces":{"north":{"uv":[1,6,2,13.5],"rotation":90,"texture":"#3"},"south":{"uv":[4,6,5,13.5],"rotation":270,"texture":"#3"},"west":{"uv":[4,1,10,2],"rotation":180,"texture":"#3"},"up":{"uv":[4,6,10,13.5],"rotation":270,"texture":"#3"},"down":{"uv":[5,6,11,13.5],"rotation":270,"texture":"#3"}}},{"from":[8.75,2.48097,-9.84567],"to":[14.5,2.98097,-5.59567],"rotation":{"angle":22.5,"axis":"y","origin":[12,2.73097,-8.09567]},"faces":{"north":{"uv":[1,13.5,2,6],"rotation":90,"texture":"#3"},"east":{"uv":[10,1,4,2],"rotation":180,"texture":"#3"},"south":{"uv":[4,13.5,5,6],"rotation":270,"texture":"#3"},"up":{"uv":[4,13.5,10,6],"rotation":270,"texture":"#3"},"down":{"uv":[5,13.5,11,6],"rotation":270,"texture":"#3"}}},{"from":[19.25,1.5,9.75],"to":[20.75,1.75,16.25],"rotation":{"angle":0,"axis":"y","origin":[8,1.75,13]},"faces":{"north":{"uv":[0,10,0.25,11.5],"rotation":90,"texture":"#2"},"east":{"uv":[0,10,6.5,10.25],"texture":"#2"},"south":{"uv":[0,10,0.25,11.5],"rotation":90,"texture":"#2"},"west":{"uv":[0,10,6.5,10.25],"texture":"#2"},"up":{"uv":[0,10,6.5,11.5],"rotation":90,"texture":"#2"}}},{"from":[19.25,11.75,9.75],"to":[20.75,12,16.25],"rotation":{"angle":0,"axis":"y","origin":[8,11.75,13]},"faces":{"north":{"uv":[0.25,10,0,11.5],"rotation":90,"texture":"#2"},"east":{"uv":[0,10.25,6.5,10],"texture":"#2"},"south":{"uv":[0.25,10,0,11.5],"rotation":90,"texture":"#2"},"west":{"uv":[0,10.25,6.5,10],"texture":"#2"},"down":{"uv":[6.5,10,0,11.5],"rotation":90,"texture":"#2"}}},{"from":[4.75,-0.5,14],"to":[11.25,-0.25,15.5],"rotation":{"angle":0,"axis":"y","origin":[8,-4.475,14.75]},"faces":{"north":{"uv":[0,10.25,6.5,10],"texture":"#2"},"east":{"uv":[0.25,10,0,11.5],"rotation":90,"texture":"#2"},"south":{"uv":[0,10.25,6.5,10],"texture":"#2"},"west":{"uv":[0.25,10,0,11.5],"rotation":90,"texture":"#2"},"down":{"uv":[6.5,10,0,11.5],"texture":"#2"}}},{"from":[19.75,1.75,15.25],"to":[20.25,11.75,15.75],"rotation":{"angle":0,"axis":"y","origin":[8,2,13]},"faces":{"north":{"uv":[5,0,6,16],"texture":"#3"},"east":{"uv":[3,0,4,16],"texture":"#3"},"south":{"uv":[2,0,3,16],"texture":"#3"},"west":{"uv":[1,0,2,16],"texture":"#3"},"up":{"uv":[2,0,3,16],"texture":"#3"},"down":{"uv":[2,0,3,16],"texture":"#3"}}},{"from":[5.25,-6,14.5],"to":[5.75,-0.5,15],"rotation":{"angle":22.5,"axis":"x","origin":[8,-0.5,15]},"faces":{"north":{"uv":[1,0,2,10],"texture":"#1_4"},"east":{"uv":[5,0,6,10],"texture":"#1_4"},"south":{"uv":[3,0,4,10],"texture":"#1_4"},"west":{"uv":[2,0,3,10],"texture":"#1_4"},"down":{"uv":[0,0,1,1],"rotation":270,"texture":"#1_4"}}},{"from":[5.25,-3.51868,6.16553],"to":[5.75,-3.01868,13.41553],"rotation":{"angle":45,"axis":"x","origin":[8,-3.26868,10.66553]},"faces":{"east":{"uv":[5,0,6,10],"rotation":90,"texture":"#1_4"},"south":{"uv":[0,0,1,1],"rotation":270,"texture":"#1_4"},"west":{"uv":[2,0,3,10],"rotation":270,"texture":"#1_4"},"up":{"uv":[3,0,4,10],"texture":"#1_4"},"down":{"uv":[1,0,2,10],"rotation":180,"texture":"#1_4"}}},{"from":[-4.25,1.75,15.25],"to":[-3.75,11.75,15.75],"rotation":{"angle":0,"axis":"y","origin":[8,2,13]},"faces":{"north":{"uv":[6,0,5,16],"texture":"#3"},"east":{"uv":[2,0,1,16],"texture":"#3"},"south":{"uv":[3,0,2,16],"texture":"#3"},"west":{"uv":[4,0,3,16],"texture":"#3"},"up":{"uv":[3,0,2,16],"texture":"#3"},"down":{"uv":[3,0,2,16],"texture":"#3"}}},{"from":[19.75,1.75,10.25],"to":[20.25,11.75,10.75],"rotation":{"angle":0,"axis":"y","origin":[8,2,13]},"faces":{"north":{"uv":[3,0,2,16],"texture":"#3"},"east":{"uv":[4,0,3,16],"texture":"#3"},"south":{"uv":[6,0,5,16],"texture":"#3"},"west":{"uv":[2,0,1,16],"texture":"#3"},"up":{"uv":[2,16,3,0],"texture":"#3"},"down":{"uv":[2,16,3,0],"texture":"#3"}}},{"from":[10.25,-6,14.5],"to":[10.75,-0.5,15],"rotation":{"angle":22.5,"axis":"x","origin":[8,-0.5,15]},"faces":{"north":{"uv":[2,0,1,10],"texture":"#1_4"},"east":{"uv":[3,0,2,10],"texture":"#1_4"},"south":{"uv":[4,0,3,10],"texture":"#1_4"},"west":{"uv":[6,0,5,10],"texture":"#1_4"},"down":{"uv":[0,0,1,1],"rotation":270,"texture":"#1_4"}}},{"from":[10.25,-3.51868,6.16553],"to":[10.75,-3.01868,13.41553],"rotation":{"angle":45,"axis":"x","origin":[8,-3.26868,10.66553]},"faces":{"east":{"uv":[3,0,2,10],"rotation":90,"texture":"#1_4"},"south":{"uv":[0,0,1,1],"rotation":270,"texture":"#1_4"},"west":{"uv":[6,0,5,10],"rotation":270,"texture":"#1_4"},"up":{"uv":[4,0,3,10],"texture":"#1_4"},"down":{"uv":[2,0,1,10],"rotation":180,"texture":"#1_4"}}},{"from":[-4.25,1.75,10.25],"to":[-3.75,11.75,10.75],"rotation":{"angle":0,"axis":"y","origin":[8,2,13]},"faces":{"north":{"uv":[2,0,3,16],"texture":"#3"},"east":{"uv":[1,0,2,16],"texture":"#3"},"south":{"uv":[5,0,6,16],"texture":"#3"},"west":{"uv":[3,0,4,16],"texture":"#3"},"up":{"uv":[3,16,2,0],"texture":"#3"},"down":{"uv":[3,16,2,0],"texture":"#3"}}},{"from":[19.78125,3.25,12.75],"to":[19.96875,10.25,13.25],"rotation":{"angle":-45,"axis":"x","origin":[20,6.75,13]},"faces":{"north":{"uv":[7,3,0,3.4375],"rotation":90,"texture":"#3"},"east":{"uv":[7,3,0,3.5],"rotation":90,"texture":"#3"},"south":{"uv":[7,3,0,3.4375],"rotation":90,"texture":"#3"},"west":{"uv":[7,3,0,3.5],"rotation":90,"texture":"#3"},"up":{"uv":[0.5,3,0,3.4375],"rotation":90,"texture":"#3"},"down":{"uv":[0.5,3,0,3.4375],"rotation":90,"texture":"#3"}}},{"from":[-3.96875,3.25,12.75],"to":[-3.78125,10.25,13.25],"rotation":{"angle":-45,"axis":"x","origin":[-4,6.75,13]},"faces":{"north":{"uv":[7,3.4375,0,3],"rotation":90,"texture":"#3"},"east":{"uv":[7,3.5,0,3],"rotation":90,"texture":"#3"},"south":{"uv":[7,3.4375,0,3],"rotation":90,"texture":"#3"},"west":{"uv":[7,3.5,0,3],"rotation":90,"texture":"#3"},"up":{"uv":[0.5,3.4375,0,3],"rotation":90,"texture":"#3"},"down":{"uv":[0.5,3.4375,0,3],"rotation":90,"texture":"#3"}}},{"from":[-4,4.25,11.75],"to":[-4,8.75,13.28125],"rotation":{"angle":-45,"axis":"x","origin":[-4,6.75,13]},"faces":{"east":{"uv":[14,4,2,8],"rotation":270,"texture":"#7"}}},{"from":[20.03125,3.25,12.75],"to":[20.21875,10.25,13.25],"rotation":{"angle":45,"axis":"x","origin":[20,6.75,13]},"faces":{"north":{"uv":[13,11,6,11.1875],"rotation":270,"texture":"#3"},"east":{"uv":[13,11,6,11.5],"rotation":270,"texture":"#3"},"south":{"uv":[13,11,6,11.1875],"rotation":270,"texture":"#3"},"west":{"uv":[13,11,6,11.5],"rotation":270,"texture":"#3"},"up":{"uv":[6.5,11,6,11.1875],"rotation":270,"texture":"#3"},"down":{"uv":[6.5,11,6,11.1875],"rotation":270,"texture":"#3"}}},{"from":[5,-5.34375,12.53125],"to":[11,-5.0625,12.8125],"rotation":{"angle":0,"axis":"z","origin":[8,-5.3125,12.71875]},"faces":{"north":{"uv":[13,11,6,11.5],"texture":"#3"},"east":{"uv":[6.5,11,6,11.1875],"rotation":90,"texture":"#3"},"south":{"uv":[13,11,6,11.5],"rotation":180,"texture":"#3"},"west":{"uv":[6.5,11,6,11.1875],"rotation":270,"texture":"#3"},"up":{"uv":[13,11,6,11.1875],"rotation":180,"texture":"#3"},"down":{"uv":[13,11,6,11.1875],"rotation":180,"texture":"#3"}}},{"from":[11,-6.34375,11.53125],"to":[11.25,-4.0625,13.8125],"rotation":{"angle":22.5,"axis":"x","origin":[11.125,-5.20312,12.68438]},"faces":{"east":{"uv":[6,11,9,14],"rotation":90,"texture":"#2"},"west":{"uv":[6,11,9,14],"rotation":90,"texture":"#2"}}},{"from":[4.75,-6.34375,11.53125],"to":[5,-4.0625,13.8125],"rotation":{"angle":22.5,"axis":"x","origin":[4.875,-5.20312,12.68438]},"faces":{"east":{"uv":[6,14,9,11],"rotation":90,"texture":"#2"},"west":{"uv":[6,14,9,11],"rotation":90,"texture":"#2"}}},{"from":[10.9375,-6.59375,13.8125],"to":[11.3125,-3.8125,14.3125],"rotation":{"angle":22.5,"axis":"x","origin":[11.125,-5.20312,12.68438]},"faces":{"north":{"uv":[0,4,2.78125,4.375],"rotation":90,"texture":"#3"},"east":{"uv":[0,4,2.78125,4.5],"rotation":90,"texture":"#3"},"south":{"uv":[0,4,2.78125,4.375],"rotation":90,"texture":"#3"},"west":{"uv":[0,4,2.78125,4.5],"rotation":90,"texture":"#3"},"up":{"uv":[0,4,0.5,4.375],"rotation":90,"texture":"#3"},"down":{"uv":[0,4,0.5,4.375],"rotation":90,"texture":"#3"}}},{"from":[4.6875,-6.59375,13.8125],"to":[5.0625,-3.8125,14.3125],"rotation":{"angle":22.5,"axis":"x","origin":[4.875,-5.20312,12.68438]},"faces":{"north":{"uv":[0,4.375,2.78125,4],"rotation":90,"texture":"#3"},"east":{"uv":[0,4.5,2.78125,4],"rotation":90,"texture":"#3"},"south":{"uv":[0,4.375,2.78125,4],"rotation":90,"texture":"#3"},"west":{"uv":[0,4.5,2.78125,4],"rotation":90,"texture":"#3"},"up":{"uv":[0,4.375,0.5,4],"rotation":90,"texture":"#3"},"down":{"uv":[0,4.375,0.5,4],"rotation":90,"texture":"#3"}}},{"from":[10.9375,-4.07812,11.29688],"to":[11.3125,-3.57812,14.07813],"rotation":{"angle":22.5,"axis":"x","origin":[11.125,-5.20312,12.68438]},"faces":{"north":{"uv":[0,4,0.5,4.375],"rotation":270,"texture":"#3"},"east":{"uv":[0,4,2.78125,4.5],"rotation":180,"texture":"#3"},"south":{"uv":[0,4,0.5,4.375],"rotation":90,"texture":"#3"},"west":{"uv":[0,4,2.78125,4.5],"texture":"#3"},"up":{"uv":[0,4,2.78125,4.375],"rotation":90,"texture":"#3"},"down":{"uv":[0,4,2.78125,4.375],"rotation":270,"texture":"#3"}}},{"from":[4.6875,-4.07812,11.29688],"to":[5.0625,-3.57812,14.07813],"rotation":{"angle":22.5,"axis":"x","origin":[4.875,-5.20312,12.68438]},"faces":{"north":{"uv":[0,4.375,0.5,4],"rotation":270,"texture":"#3"},"east":{"uv":[2.78125,4,0,4.5],"texture":"#3"},"south":{"uv":[0,4.375,0.5,4],"rotation":90,"texture":"#3"},"west":{"uv":[2.78125,4,0,4.5],"rotation":180,"texture":"#3"},"up":{"uv":[0,4.375,2.78125,4],"rotation":90,"texture":"#3"},"down":{"uv":[0,4.375,2.78125,4],"rotation":270,"texture":"#3"}}},{"from":[10.9375,-6.59375,11.0625],"to":[11.3125,-3.8125,11.5625],"rotation":{"angle":22.5,"axis":"x","origin":[11.125,-5.20312,12.68438]},"faces":{"north":{"uv":[0,4,2.78125,4.375],"rotation":90,"texture":"#3"},"east":{"uv":[0,4,2.78125,4.5],"rotation":90,"texture":"#3"},"south":{"uv":[0,4,2.78125,4.375],"rotation":90,"texture":"#3"},"west":{"uv":[0,4,2.78125,4.5],"rotation":90,"texture":"#3"},"up":{"uv":[0,4,0.5,4.375],"rotation":90,"texture":"#3"},"down":{"uv":[0,4,0.5,4.375],"rotation":90,"texture":"#3"}}},{"from":[7.875,-1.84375,-6.96875],"to":[8.125,-1.0625,-6.1875],"rotation":{"angle":22.5,"axis":"x","origin":[8,-1.45313,-6.56563]},"faces":{"east":{"uv":[6,11,8,13],"rotation":90,"texture":"#2"},"west":{"uv":[6,11,8,13],"rotation":90,"texture":"#2"}}},{"from":[7.8125,-2.09375,-6.1875],"to":[8.1875,-0.8125,-5.9375],"rotation":{"angle":22.5,"axis":"x","origin":[8,-1.45313,-6.56563]},"faces":{"north":{"uv":[0,4,2.78125,4.375],"rotation":90,"texture":"#3"},"east":{"uv":[0,4,2.78125,4.5],"rotation":90,"texture":"#3"},"south":{"uv":[0,4,2.78125,4.375],"rotation":90,"texture":"#3"},"west":{"uv":[0,4,2.78125,4.5],"rotation":90,"texture":"#3"},"up":{"uv":[0,4,0.5,4.375],"rotation":90,"texture":"#3"},"down":{"uv":[0,4,0.5,4.375],"rotation":90,"texture":"#3"}}},{"from":[7.8125,-1.07813,-6.95312],"to":[8.1875,-0.82813,-6.17187],"rotation":{"angle":22.5,"axis":"x","origin":[8,-1.45313,-6.56563]},"faces":{"north":{"uv":[0,4,0.5,4.375],"rotation":270,"texture":"#3"},"east":{"uv":[0,4,2.78125,4.5],"rotation":180,"texture":"#3"},"south":{"uv":[0,4,0.5,4.375],"rotation":90,"texture":"#3"},"west":{"uv":[0,4,2.78125,4.5],"texture":"#3"},"up":{"uv":[0,4,2.78125,4.375],"rotation":90,"texture":"#3"},"down":{"uv":[0,4,2.78125,4.375],"rotation":270,"texture":"#3"}}},{"from":[7.8125,-2.09375,-7.1875],"to":[8.1875,-0.8125,-6.9375],"rotation":{"angle":22.5,"axis":"x","origin":[8,-1.45313,-6.56563]},"faces":{"north":{"uv":[0,4,2.78125,4.375],"rotation":90,"texture":"#3"},"east":{"uv":[0,4,2.78125,4.5],"rotation":90,"texture":"#3"},"south":{"uv":[0,4,2.78125,4.375],"rotation":90,"texture":"#3"},"west":{"uv":[0,4,2.78125,4.5],"rotation":90,"texture":"#3"},"up":{"uv":[0,4,0.5,4.375],"rotation":90,"texture":"#3"},"down":{"uv":[0,4,0.5,4.375],"rotation":90,"texture":"#3"}}},{"from":[7.4375,-1.5352,-6.68071],"to":[7.8125,1.4023,-6.43071],"rotation":{"angle":45,"axis":"x","origin":[7.875,-1.44145,-6.55571]},"faces":{"north":{"uv":[1,2,3.9375,2.375],"rotation":90,"texture":"#1_4"},"east":{"uv":[1,2,3.9375,2.25],"rotation":90,"texture":"#1_4"},"south":{"uv":[1,2,3.9375,2.375],"rotation":90,"texture":"#1_4"},"west":{"uv":[1,2,3.9375,2.25],"rotation":90,"texture":"#1_4"},"up":{"uv":[1,2,1.25,2.375],"rotation":90,"texture":"#1_4"},"down":{"uv":[1,2,1.25,2.375],"rotation":90,"texture":"#1_4"}}},{"from":[7.4375,-1.47433,-6.68403],"to":[7.8125,1.46317,-6.43403],"rotation":{"angle":22.5,"axis":"x","origin":[7.875,-1.38058,-6.55903]},"faces":{"north":{"uv":[1,2,3.9375,2.375],"rotation":90,"texture":"#1_4"},"east":{"uv":[1,2,3.9375,2.25],"rotation":90,"texture":"#1_4"},"south":{"uv":[1,2,3.9375,2.375],"rotation":90,"texture":"#1_4"},"west":{"uv":[1,2,3.9375,2.25],"rotation":90,"texture":"#1_4"},"up":{"uv":[1,2,1.25,2.375],"rotation":90,"texture":"#1_4"},"down":{"uv":[1,2,1.25,2.375],"rotation":90,"texture":"#1_4"}}},{"from":[8.1875,-1.5352,-6.68071],"to":[8.5625,1.4023,-6.43071],"rotation":{"angle":45,"axis":"x","origin":[8.125,-1.44145,-6.55571]},"faces":{"north":{"uv":[1,2,3.9375,2.375],"rotation":90,"texture":"#1_4"},"east":{"uv":[1,2,3.9375,2.25],"rotation":90,"texture":"#1_4"},"south":{"uv":[1,2,3.9375,2.375],"rotation":90,"texture":"#1_4"},"west":{"uv":[1,2,3.9375,2.25],"rotation":90,"texture":"#1_4"},"up":{"uv":[1,2,1.25,2.375],"rotation":90,"texture":"#1_4"},"down":{"uv":[1,2,1.25,2.375],"rotation":90,"texture":"#1_4"}}},{"from":[8.1875,-1.47433,-6.68403],"to":[8.5625,1.46317,-6.43403],"rotation":{"angle":22.5,"axis":"x","origin":[8.125,-1.38058,-6.55903]},"faces":{"north":{"uv":[1,2,3.9375,2.375],"rotation":90,"texture":"#1_4"},"east":{"uv":[1,2,3.9375,2.25],"rotation":90,"texture":"#1_4"},"south":{"uv":[1,2,3.9375,2.375],"rotation":90,"texture":"#1_4"},"west":{"uv":[1,2,3.9375,2.25],"rotation":90,"texture":"#1_4"},"up":{"uv":[1,2,1.25,2.375],"rotation":90,"texture":"#1_4"},"down":{"uv":[1,2,1.25,2.375],"rotation":90,"texture":"#1_4"}}},{"from":[7.8125,-1.5352,-6.68071],"to":[8.1875,-1.3477,-6.43071],"rotation":{"angle":45,"axis":"x","origin":[8.125,-1.44145,-6.55571]},"faces":{"north":{"uv":[0,15,2.9375,15.375],"rotation":90,"texture":"#2"},"east":{"uv":[0,15,2.9375,15.25],"rotation":90,"texture":"#2"},"south":{"uv":[0,15,2.9375,15.375],"rotation":90,"texture":"#2"},"west":{"uv":[0,15,2.9375,15.25],"rotation":90,"texture":"#2"},"up":{"uv":[0,15,0.25,15.375],"rotation":90,"texture":"#2"},"down":{"uv":[0,15,0.25,15.375],"rotation":90,"texture":"#2"}}},{"from":[7.8125,-2.07813,-6.95312],"to":[8.1875,-1.82813,-6.17187],"rotation":{"angle":22.5,"axis":"x","origin":[8,-1.45313,-6.56563]},"faces":{"north":{"uv":[0,4,0.5,4.375],"rotation":270,"texture":"#3"},"east":{"uv":[0,4,2.78125,4.5],"rotation":180,"texture":"#3"},"south":{"uv":[0,4,0.5,4.375],"rotation":90,"texture":"#3"},"west":{"uv":[0,4,2.78125,4.5],"texture":"#3"},"up":{"uv":[0,4,2.78125,4.375],"rotation":90,"texture":"#3"},"down":{"uv":[0,4,2.78125,4.375],"rotation":270,"texture":"#3"}}},{"from":[4.6875,-6.59375,11.0625],"to":[5.0625,-3.8125,11.5625],"rotation":{"angle":22.5,"axis":"x","origin":[4.875,-5.20312,12.68438]},"faces":{"north":{"uv":[0,4.375,2.78125,4],"rotation":90,"texture":"#3"},"east":{"uv":[0,4.5,2.78125,4],"rotation":90,"texture":"#3"},"south":{"uv":[0,4.375,2.78125,4],"rotation":90,"texture":"#3"},"west":{"uv":[0,4.5,2.78125,4],"rotation":90,"texture":"#3"},"up":{"uv":[0,4.375,0.5,4],"rotation":90,"texture":"#3"},"down":{"uv":[0,4.375,0.5,4],"rotation":90,"texture":"#3"}}},{"from":[10.9375,-6.82812,11.29688],"to":[11.3125,-6.32812,14.07813],"rotation":{"angle":22.5,"axis":"x","origin":[11.125,-5.20312,12.68438]},"faces":{"north":{"uv":[0,4,0.5,4.375],"rotation":270,"texture":"#3"},"east":{"uv":[0,4,2.78125,4.5],"rotation":180,"texture":"#3"},"south":{"uv":[0,4,0.5,4.375],"rotation":90,"texture":"#3"},"west":{"uv":[0,4,2.78125,4.5],"texture":"#3"},"up":{"uv":[0,4,2.78125,4.375],"rotation":90,"texture":"#3"},"down":{"uv":[0,4,2.78125,4.375],"rotation":270,"texture":"#3"}}},{"from":[4.6875,-6.82812,11.29688],"to":[5.0625,-6.32812,14.07813],"rotation":{"angle":22.5,"axis":"x","origin":[4.875,-5.20312,12.68438]},"faces":{"north":{"uv":[0,4.375,0.5,4],"rotation":270,"texture":"#3"},"east":{"uv":[2.78125,4,0,4.5],"texture":"#3"},"south":{"uv":[0,4.375,0.5,4],"rotation":90,"texture":"#3"},"west":{"uv":[2.78125,4,0,4.5],"rotation":180,"texture":"#3"},"up":{"uv":[0,4.375,2.78125,4],"rotation":90,"texture":"#3"},"down":{"uv":[0,4.375,2.78125,4],"rotation":270,"texture":"#3"}}},{"from":[-4.21875,3.25,12.75],"to":[-4.03125,10.25,13.25],"rotation":{"angle":45,"axis":"x","origin":[-4,6.75,13]},"faces":{"north":{"uv":[13,11.1875,6,11],"rotation":270,"texture":"#3"},"east":{"uv":[13,11.5,6,11],"rotation":270,"texture":"#3"},"south":{"uv":[13,11.1875,6,11],"rotation":270,"texture":"#3"},"west":{"uv":[13,11.5,6,11],"rotation":270,"texture":"#3"},"up":{"uv":[6.5,11.1875,6,11],"rotation":270,"texture":"#3"},"down":{"uv":[6.5,11.1875,6,11],"rotation":270,"texture":"#3"}}},{"from":[-8,1,9.5],"to":[3.5,1.5,16.5],"rotation":{"angle":0,"axis":"y","origin":[8,1.25,13]},"faces":{"north":{"uv":[0,11.5,0.5,0],"rotation":270,"texture":"#3"},"south":{"uv":[6,11.5,6.5,0],"rotation":90,"texture":"#3"},"west":{"uv":[7,0,0,0.5],"texture":"#3"},"up":{"uv":[8,11.5,15,0],"rotation":90,"texture":"#3"},"down":{"uv":[15,11.5,8,0],"rotation":90,"texture":"#3"}}},{"from":[3.5,-0.25,5.75],"to":[12.5,0.25,16.75],"rotation":{"angle":0,"axis":"y","origin":[8,0.125,11.25]},"faces":{"south":{"uv":[3,2,12,2.5],"texture":"#3"},"up":{"uv":[0,2,9,13],"rotation":180,"texture":"#3"},"down":{"uv":[3,2,12,13],"texture":"#3"}}},{"from":[4,5.75,12.5],"to":[12,6.75,16.75],"rotation":{"angle":0,"axis":"y","origin":[8,0.875,11.25]},"faces":{"north":{"uv":[0,0,1,8],"rotation":90,"texture":"#3"},"east":{"uv":[0,2,1,6.25],"rotation":270,"texture":"#3"},"south":{"uv":[0,0,1,8],"rotation":90,"texture":"#3"},"west":{"uv":[0,2,1,6.25],"rotation":90,"texture":"#3"},"up":{"uv":[0,2,8,6.25],"rotation":180,"texture":"#3"},"down":{"uv":[0,0,4.25,8],"rotation":90,"texture":"#3"}}},{"from":[4,5.75,2.25],"to":[12,6.75,5.75],"rotation":{"angle":0,"axis":"y","origin":[8,0.875,0.25]},"faces":{"north":{"uv":[3,6,11,7],"texture":"#3"},"east":{"uv":[2,5,3,8.5],"rotation":270,"texture":"#3"},"south":{"uv":[0,0,1,8],"rotation":90,"texture":"#3"},"west":{"uv":[10,5,11,8.5],"rotation":90,"texture":"#3"},"up":{"uv":[3,5,11,8.5],"rotation":180,"texture":"#3"}}},{"from":[4.5,6.75,12.5],"to":[11.5,7.25,16.75],"rotation":{"angle":0,"axis":"y","origin":[8,1.875,11.25]},"faces":{"north":{"uv":[0,0,0.5,7],"rotation":90,"texture":"#3"},"east":{"uv":[0,2,0.5,6.25],"rotation":270,"texture":"#3"},"south":{"uv":[0,0,0.5,7],"rotation":90,"texture":"#3"},"west":{"uv":[0,2,0.5,6.25],"rotation":90,"texture":"#3"},"up":{"uv":[0,2,7,6.25],"rotation":180,"texture":"#3"},"down":{"uv":[0,0,4.25,7],"rotation":90,"texture":"#3"}}},{"from":[4.5,6.75,2.25],"to":[11.5,7.25,5.75],"rotation":{"angle":0,"axis":"y","origin":[8,1.875,0.25]},"faces":{"north":{"uv":[4,2,11,2.5],"texture":"#3"},"east":{"uv":[3,5,3.5,8.5],"rotation":270,"texture":"#3"},"south":{"uv":[0,0,0.5,7],"rotation":90,"texture":"#3"},"west":{"uv":[10,5,10.5,8.5],"rotation":90,"texture":"#3"},"up":{"uv":[4,5,11,8.5],"rotation":180,"texture":"#3"}}},{"from":[4,0,13.25],"to":[12,5.75,19.25],"rotation":{"angle":0,"axis":"y","origin":[8,0.125,11.25]},"faces":{"north":{"uv":[0,0,5.75,8],"rotation":90,"texture":"#2"},"east":{"uv":[5,0,10.75,2.5],"rotation":270,"texture":"#3"},"south":{"uv":[0,0,5.75,8],"rotation":90,"texture":"#3"},"west":{"uv":[0,0,5.75,2.5],"rotation":90,"texture":"#3"},"up":{"uv":[0,0,2.5,8],"rotation":90,"texture":"#3"},"down":{"uv":[3.5,0,11.5,2.5],"texture":"#3"}}},{"from":[4,0,-0.25],"to":[12,5.5,2.25],"rotation":{"angle":0,"axis":"y","origin":[8,0.125,-5.75]},"faces":{"north":{"uv":[5,3,10.5,13],"rotation":270,"texture":"#3"},"east":{"uv":[5,9,10.75,11.5],"rotation":270,"texture":"#3"},"west":{"uv":[4.25,9,10,11.5],"rotation":90,"texture":"#3"},"up":{"uv":[4,9,12,11.5],"rotation":180,"texture":"#3"},"down":{"uv":[3.5,1,11.5,3.5],"texture":"#3"}}},{"from":[4.5,0.25,-2.5],"to":[11.5,5.25,-0.25],"rotation":{"angle":0,"axis":"y","origin":[8,0.125,-8.25]},"faces":{"north":{"uv":[5.25,5,10.5,11],"rotation":270,"texture":"#3"},"east":{"uv":[1.25,11.5,6.5,9],"rotation":270,"texture":"#3"},"south":{"uv":[1.25,8,6.5,10.5],"rotation":270,"texture":"#3"},"west":{"uv":[1.25,9,6.5,11.5],"rotation":270,"texture":"#3"},"up":{"uv":[3,9,10,11.5],"texture":"#3"},"down":{"uv":[4,9,11,11.5],"rotation":180,"texture":"#3"}}},{"from":[5,0.5,-4.75],"to":[11,5,-2.5],"rotation":{"angle":0,"axis":"y","origin":[8,0.125,-10.5]},"faces":{"north":{"uv":[5.5,5,10.25,11],"rotation":270,"texture":"#3"},"east":{"uv":[5.5,10.25,10.25,8],"rotation":270,"texture":"#3"},"south":{"uv":[1.25,8,6.5,10.5],"rotation":270,"texture":"#3"},"west":{"uv":[5.5,8,10.25,10.5],"rotation":270,"texture":"#3"},"up":{"uv":[2,5,4.5,11],"rotation":270,"texture":"#3"},"down":{"uv":[4.5,5,10.5,7.25],"rotation":180,"texture":"#3"}}},{"from":[5.75,0.75,-7.25],"to":[10.25,4.75,-4.75],"rotation":{"angle":0,"axis":"y","origin":[8,0.375,-12.75]},"faces":{"north":{"uv":[5.75,6,10,10.5],"rotation":270,"texture":"#3"},"east":{"uv":[5.75,15.5,10,13],"rotation":270,"texture":"#3"},"south":{"uv":[1.25,8,6.5,10.5],"rotation":270,"texture":"#3"},"west":{"uv":[1.75,8,6,10.5],"rotation":270,"texture":"#3"},"up":{"uv":[2,5,4.5,11],"rotation":270,"texture":"#3"},"down":{"uv":[5.25,13,9.75,15.5],"rotation":180,"texture":"#3"}}},{"from":[6.25,1,-9.75],"to":[9.75,4.5,-7.25],"rotation":{"angle":0,"axis":"y","origin":[8,0.375,-15.25]},"faces":{"north":{"uv":[2,7,5,10],"rotation":270,"texture":"#3"},"east":{"uv":[2,10.5,5.5,8],"rotation":270,"texture":"#3"},"south":{"uv":[1.25,8,6.5,10.5],"rotation":270,"texture":"#3"},"west":{"uv":[1.25,8,6.5,10.5],"rotation":270,"texture":"#3"},"up":{"uv":[2,5,4.5,11],"rotation":270,"texture":"#3"},"down":{"uv":[5.75,5,9.25,7.5],"rotation":180,"texture":"#3"}}},{"from":[1.5,-2.25,20.75],"to":[14.5,10.75,20.75],"rotation":{"angle":45,"axis":"z","origin":[8,4.25,20.75]},"faces":{"south":{"uv":[0,0,16,16],"rotation":90,"texture":"#1"}}},{"from":[7.25,3.5,20],"to":[8.75,5,20.5],"rotation":{"angle":0,"axis":"z","origin":[8,4.25,20.375]},"faces":{"north":{"uv":[0,3,1.5,4.5],"rotation":180,"texture":"#3"},"east":{"uv":[0,3,0.5,4.5],"rotation":180,"texture":"#3"},"south":{"uv":[0,3,1.5,4.5],"rotation":180,"texture":"#3"},"west":{"uv":[0,3,0.5,4.5],"rotation":180,"texture":"#3"},"up":{"uv":[0,3,1.5,3.5],"rotation":180,"texture":"#3"},"down":{"uv":[0,3,1.5,3.5],"rotation":180,"texture":"#3"}}},{"from":[7.625,3.875,20.5],"to":[8.375,4.625,21],"rotation":{"angle":0,"axis":"z","origin":[8,4.25,20.875]},"faces":{"north":{"uv":[0,0,1.5,1.5],"rotation":270,"texture":"#2"},"east":{"uv":[0,0,0.75,1.5],"texture":"#2"},"south":{"uv":[0,0,1.5,1.5],"rotation":90,"texture":"#2"},"west":{"uv":[0,0,0.75,1.5],"rotation":180,"texture":"#2"},"up":{"uv":[0,0,0.75,1.5],"rotation":90,"texture":"#2"},"down":{"uv":[0,0,0.75,1.5],"rotation":90,"texture":"#2"}}},{"from":[4,0,19.25],"to":[12,5.75,20],"rotation":{"angle":0,"axis":"y","origin":[8,0.125,11.25]},"faces":{"north":{"uv":[0,0,8,5.75],"texture":"#2"},"east":{"uv":[0,0,0.75,5.75],"texture":"#2"},"south":{"uv":[3,10,11,15.75],"texture":"#2"},"west":{"uv":[0,0,0.75,5.75],"texture":"#2"},"up":{"uv":[0,0,0.75,8],"rotation":270,"texture":"#2"},"down":{"uv":[0,0,0.75,8],"rotation":90,"texture":"#2"}}},{"from":[7.17175,5.09742,12.20919],"to":[8.82825,5.51154,12.62331],"rotation":{"angle":-45,"axis":"x","origin":[7.9993,5.62289,10.01082]},"faces":{"north":{"uv":[3,4,7,5],"texture":"#3"},"east":{"uv":[4,4,5,5],"texture":"#3"},"south":{"uv":[6,11,10,12],"texture":"#3"},"west":{"uv":[5,3,6,4],"texture":"#3"},"up":{"uv":[9,12,5,11],"texture":"#3"},"down":{"uv":[12,5,8,4],"texture":"#3"}}},{"from":[7.17175,5.09742,10.13859],"to":[8.82825,5.51154,10.55271],"rotation":{"angle":-45,"axis":"x","origin":[7.9993,5.62289,10.01082]},"faces":{"north":{"uv":[6,11,10,12],"texture":"#3"},"east":{"uv":[5,3,6,4],"texture":"#3"},"south":{"uv":[3,4,7,5],"texture":"#3"},"west":{"uv":[4,4,5,5],"texture":"#3"},"up":{"uv":[9,12,5,11],"rotation":180,"texture":"#3"},"down":{"uv":[12,5,8,4],"rotation":180,"texture":"#3"}}},{"from":[6.75764,6.16477,10.12217],"to":[7.17176,7.82127,10.53629],"rotation":{"angle":45,"axis":"x","origin":[7.9993,5.62289,10.01082]},"faces":{"north":{"uv":[11,11,15,12],"rotation":90,"texture":"#3"},"east":{"uv":[3,4,7,5],"rotation":90,"texture":"#3"},"south":{"uv":[8,4,12,5],"rotation":90,"texture":"#3"},"west":{"uv":[2,11,6,12],"rotation":270,"texture":"#3"},"up":{"uv":[5,5,4,4],"rotation":180,"texture":"#3"},"down":{"uv":[6,4,5,3],"texture":"#3"}}},{"from":[8.82824,5.09742,10.5527],"to":[9.24236,5.51154,12.2092],"rotation":{"angle":-45,"axis":"x","origin":[7.9993,5.62289,10.01082]},"faces":{"north":{"uv":[4,4,5,5],"texture":"#3"},"east":{"uv":[2,11,6,12],"texture":"#3"},"south":{"uv":[4,4,5,5],"texture":"#3"},"west":{"uv":[3,4,7,5],"texture":"#3"},"up":{"uv":[15,12,11,11],"rotation":270,"texture":"#3"},"down":{"uv":[12,5,8,4],"rotation":90,"texture":"#3"}}},{"from":[7.5563,2.14215,10.95575],"to":[8.4437,5.51563,11.84315],"rotation":{"angle":-45,"axis":"x","origin":[7.9993,5.62289,10.01082]},"faces":{"north":{"uv":[7,0,9,16],"texture":"#3"},"east":{"uv":[6,0,8,16],"texture":"#3"},"south":{"uv":[6,0,8,16],"texture":"#3"},"west":{"uv":[10,0,12,16],"texture":"#3"},"up":{"uv":[5.999,10.999,2,7],"texture":"#8"}}},{"from":[8.40303,5.09742,11.37803],"to":[8.81715,5.51154,11.79215],"rotation":{"angle":-45,"axis":"x","origin":[7.9993,5.62289,10.01082]},"faces":{"north":{"uv":[7,6,7.5,6.5],"texture":"#3"},"south":{"uv":[8.5,6,9,6.5],"texture":"#3"},"up":{"uv":[7.5,2.5,7,2],"texture":"#3"},"down":{"uv":[8.5,2,9,2.5],"texture":"#3"}}},{"from":[7.18285,5.09742,11.37803],"to":[7.59698,5.51154,11.79215],"rotation":{"angle":-45,"axis":"x","origin":[7.9993,5.62289,10.01082]},"faces":{"north":{"uv":[8.5,6,9,6.5],"texture":"#3"},"south":{"uv":[7,6,7.5,6.5],"texture":"#3"},"up":{"uv":[9,2.5,8.5,2],"texture":"#3"},"down":{"uv":[7,2,7.5,2.5],"texture":"#3"}}},{"from":[4.3978,2.53421,5.22665],"to":[11.5978,5.73421,6.12666],"rotation":{"angle":0,"axis":"y","origin":[7.99896,4.44778,9.48351]},"faces":{"north":{"uv":[0,0,8,5.5],"texture":"#2"},"east":{"uv":[0,0,1,5.5],"texture":"#2"},"south":{"uv":[0,0,8,5.5],"texture":"#2"},"west":{"uv":[0,0,1,5.5],"texture":"#2"},"up":{"uv":[8,1,0,0],"texture":"#2"},"down":{"uv":[8,1,0,0],"texture":"#2"}}},{"from":[5.2978,5.73421,5.22665],"to":[10.6978,7.89984,6.12666],"rotation":{"angle":0,"axis":"y","origin":[7.99896,2.69778,9.48351]},"faces":{"north":{"uv":[0,0,6,4.5],"texture":"#2"},"east":{"uv":[0,0,1,4.5],"texture":"#2"},"south":{"uv":[0,0,6,3],"texture":"#2"},"west":{"uv":[0,0,1,4.5],"texture":"#2"},"up":{"uv":[6,1,0,0],"texture":"#2"},"down":{"uv":[0,0,0,0],"texture":"#2"}}},{"from":[3.50991,4.12496,5.22576],"to":[4.40991,6.47809,6.12576],"rotation":{"angle":-22.5,"axis":"z","origin":[7.99896,2.69778,9.48351]},"faces":{"north":{"uv":[0,0,1,3.5],"texture":"#2"},"east":{"uv":[0,0,0,0],"texture":"#2"},"south":{"uv":[0,0,1,3.5],"texture":"#2"},"west":{"uv":[0,0,1,3.5],"texture":"#2"},"up":{"uv":[0,0,0,0],"texture":"#2"},"down":{"uv":[0,0,0,0],"texture":"#2"}}},{"from":[11.58993,4.12417,5.22576],"to":[12.48993,6.47729,6.12576],"rotation":{"angle":22.5,"axis":"z","origin":[7.99896,2.69778,9.48351]},"faces":{"north":{"uv":[1,0,0,3.5],"texture":"#2"},"east":{"uv":[1,0,0,3.5],"texture":"#2"},"south":{"uv":[1,0,0,3.5],"texture":"#2"},"west":{"uv":[0,0,0,0],"texture":"#2"},"up":{"uv":[0,0,0,0],"texture":"#2"},"down":{"uv":[0,0,0,0],"texture":"#2"}}},{"from":[4.3978,2.99637,5.28087],"to":[11.5978,5.24637,6.18087],"rotation":{"angle":-22.5,"axis":"x","origin":[7.99896,4.44778,9.48351]},"faces":{"north":{"uv":[0,0,8,2.5],"texture":"#2"},"east":{"uv":[0,0,1,2.5],"texture":"#2"},"south":{"uv":[0,2,8,4.25],"texture":"#2"},"west":{"uv":[0,0,1,2.5],"texture":"#2"},"up":{"uv":[8,1,0,0],"texture":"#2"},"down":{"uv":[8,1,0,0],"texture":"#2"}}},{"from":[4.4,3.01869,5.08215],"to":[11.6,4.81869,5.98215],"rotation":{"angle":-45,"axis":"x","origin":[8.00117,4.44778,9.48351]},"faces":{"north":{"uv":[0,0,8,2],"texture":"#2"},"east":{"uv":[0,0,1,2],"texture":"#2"},"south":{"uv":[0,7,8,9],"texture":"#2"},"west":{"uv":[0,0,1,2],"texture":"#2"},"up":{"uv":[8,1,0,0],"texture":"#2"},"down":{"uv":[8,1,0,0],"texture":"#2"}}},{"from":[4.4,0.32171,7.47665],"to":[11.6,1.22171,11.97666],"rotation":{"angle":0,"axis":"y","origin":[8.00117,4.44778,9.48351]},"faces":{"north":{"uv":[0,0,8,1],"texture":"#2"},"east":{"uv":[0,0,5,1],"texture":"#2"},"south":{"uv":[0,0,8,1],"texture":"#2"},"west":{"uv":[0,0,5,1],"texture":"#2"},"up":{"uv":[8,5,0,0],"rotation":180,"texture":"#2"},"down":{"uv":[8,5,0,0],"texture":"#2"}}},{"from":[4.4,0.19068,11.72619],"to":[11.6,1.09068,12.62619],"rotation":{"angle":22.5,"axis":"x","origin":[8,0.64068,12.17619]},"faces":{"north":{"uv":[0,0,3.5,1],"texture":"#2"},"east":{"uv":[0,0,1,1],"texture":"#2"},"south":{"uv":[0,0,3.5,1],"texture":"#2"},"west":{"uv":[0,0,1,1],"texture":"#2"},"up":{"uv":[3.5,1,0,0],"texture":"#2"},"down":{"uv":[3.5,1,0,0],"texture":"#2"}}},{"from":[13.75,9.78125,9.46875],"to":[22,12.53125,9.46875],"rotation":{"angle":0,"axis":"y","origin":[13.75,12.25,5.9375]},"faces":{"south":{"uv":[16,10,0,16],"texture":"#9"}}},{"from":[17.875,7.375,9.46875],"to":[22,9.78125,9.46875],"rotation":{"angle":0,"axis":"y","origin":[13.75,9.5,5.9375]},"faces":{"south":{"uv":[8,0,0,5],"texture":"#9"}}},{"from":[17.875,4.46875,9.46875],"to":[20.96875,7.375,9.46875],"rotation":{"angle":0,"axis":"y","origin":[12.71875,7.09375,5.9375]},"faces":{"south":{"uv":[6,5,0,11],"texture":"#9"}}},{"from":[13.75,7.875,9.46875],"to":[17.875,9.78125,9.46875],"rotation":{"angle":0,"axis":"y","origin":[9.625,9.5,5.9375]},"faces":{"south":{"uv":[16,5,8,9],"texture":"#9"}}},{"from":[23.98438,-1.21875,8.64063],"to":[23.98438,1.53125,16.89063],"rotation":{"angle":0,"axis":"y","origin":[21.46875,0.15625,12.76563]},"faces":{"west":{"uv":[16,10,0,16],"texture":"#7"}}},{"from":[19.26563,-1.21875,8.64063],"to":[24.14063,1.53125,16.89063],"rotation":{"angle":0,"axis":"y","origin":[21.625,0.15625,12.76563]},"faces":{"east":{"uv":[0,10,16,16],"texture":"#7"},"up":{"uv":[0,0,16,10],"rotation":270,"texture":"#7"}}},{"from":[17.875,4.46875,9.46875],"to":[20.96875,7.375,9.46875],"rotation":{"angle":0,"axis":"y","origin":[12.71875,7.09375,13]},"faces":{"north":{"uv":[0,5,6,11],"texture":"#9"}}},{"from":[17.875,7.375,9.46875],"to":[22,9.78125,9.46875],"rotation":{"angle":0,"axis":"y","origin":[13.75,9.5,13]},"faces":{"north":{"uv":[0,0,8,5],"texture":"#9"}}},{"from":[18.65625,3.96777,9.37735],"to":[21.53125,6.87402,9.37735],"rotation":{"angle":-22.5,"axis":"z","origin":[19.96875,5.6709,9.37735]},"faces":{"north":{"uv":[0,0,3.25,3.25],"texture":"#12"},"south":{"uv":[3.25,0,0,3.25],"texture":"#12"}}},{"from":[-4.26981,4.90772,12.7836],"to":[-4.26981,7.81397,15.6586],"rotation":{"angle":22.5,"axis":"x","origin":[-4.26981,6.36084,14.2211]},"faces":{"east":{"uv":[0,0,3.25,3.25],"texture":"#12"},"west":{"uv":[3.25,0,0,3.25],"texture":"#12"}}},{"from":[24.23856,-2.06103,11.93985],"to":[24.23856,1.09522,14.81485],"rotation":{"angle":22.5,"axis":"x","origin":[24.23856,-0.35791,13.37735]},"faces":{"east":{"uv":[7.25,0,4,3.5],"texture":"#12"},"west":{"uv":[4,0,7.25,3.5],"texture":"#12"}}},{"from":[15.46875,6.24902,9.37735],"to":[18.59375,9.40527,9.37735],"rotation":{"angle":22.5,"axis":"z","origin":[17.03125,8.20215,9.37735]},"faces":{"north":{"uv":[4,0,7.25,3.5],"texture":"#12"},"south":{"uv":[7.25,0,4,3.5],"texture":"#12"}}},{"from":[-1.4375,9.40527,9.37735],"to":[1.6875,12.56152,9.37735],"rotation":{"angle":45,"axis":"z","origin":[0.125,11.3584,9.37735]},"faces":{"north":{"uv":[4,0,7.25,3.5],"texture":"#12"},"south":{"uv":[7.25,0,4,3.5],"texture":"#12"}}},{"from":[1.95601,-1.28493,-5.12265],"to":[5.08101,2.62132,-5.12265],"rotation":{"angle":-22.5,"axis":"z","origin":[3.51851,1.04319,-5.12265]},"faces":{"north":{"uv":[7.75,0,11,4],"texture":"#12"},"south":{"uv":[11,0,7.75,4],"texture":"#12"}}},{"from":[-5.88774,12.54319,11.29923],"to":[-2.76274,12.54319,14.45548],"rotation":{"angle":22.5,"axis":"y","origin":[-4.32524,12.54319,12.87735]},"faces":{"up":{"uv":[4,0,7.25,3.5],"rotation":180,"texture":"#12"},"down":{"uv":[7.25,0,4,3.5],"texture":"#12"}}},{"from":[12.20601,-0.12636,-2.47446],"to":[12.20601,3.02989,0.65054],"rotation":{"angle":22.5,"axis":"x","origin":[12.40913,2.48069,-2.67423]},"faces":{"east":{"uv":[7.25,0,4,3.5],"texture":"#12"},"west":{"uv":[4,0,7.25,3.5],"texture":"#12"}}},{"from":[18.20601,9.52757,8.9711],"to":[21.08101,12.68382,8.9711],"rotation":{"angle":22.5,"axis":"x","origin":[19.51851,11.10569,8.9711]},"faces":{"north":{"uv":[7.75,0,11,4],"texture":"#12"},"south":{"uv":[11,0,7.75,4],"texture":"#12"}}},{"from":[-3.35649,3.55882,10.7836],"to":[-3.35649,6.71507,13.6586],"rotation":{"angle":22.5,"axis":"z","origin":[-3.35649,5.13694,12.2211]},"faces":{"east":{"uv":[7.75,0,11,4],"texture":"#12"},"west":{"uv":[11,0,7.75,4],"texture":"#12"}}},{"from":[17.45024,6.93382,10.0289],"to":[20.32524,10.09007,10.0289],"rotation":{"angle":-22.5,"axis":"x","origin":[19.01274,8.51194,10.0289]},"faces":{"north":{"uv":[11,0,7.75,4],"texture":"#12"},"south":{"uv":[7.75,0,11,4],"texture":"#12"}}},{"from":[12.3124,3.63864,-3.4039],"to":[12.3124,6.79489,-0.5289],"rotation":{"angle":22.5,"axis":"z","origin":[11.50288,3.79319,-3.20077]},"faces":{"east":{"uv":[7.75,0,11,4],"texture":"#12"},"west":{"uv":[11,0,7.75,4],"texture":"#12"}}},{"from":[2.53135,3.57614,13.2789],"to":[2.53135,6.73239,16.1539],"rotation":{"angle":-22.5,"axis":"z","origin":[3.34087,3.73069,15.95077]},"faces":{"east":{"uv":[11,0,7.75,4],"texture":"#12"},"west":{"uv":[7.75,0,11,4],"texture":"#12"}}},{"from":[13.75,9.78125,9.46875],"to":[22,12.53125,14.5],"rotation":{"angle":0,"axis":"y","origin":[13.75,12.25,13]},"faces":{"north":{"uv":[0,10,16,16],"texture":"#9"},"up":{"uv":[0,0,16,10],"rotation":180,"texture":"#9"}}},{"from":[13.75,7.875,9.46875],"to":[17.875,9.78125,9.46875],"rotation":{"angle":0,"axis":"y","origin":[9.625,9.5,13]},"faces":{"north":{"uv":[8,5,16,9],"texture":"#9"}}},{"from":[2.63228,-0.98778,-4.97262],"to":[5.88228,2.26222,-4.97262],"rotation":{"angle":-22.5,"axis":"y","origin":[5.00728,0.63722,-7.48825]},"faces":{"north":{"uv":[8,0,0,7],"texture":"#10"},"south":{"uv":[0,0,8,7],"texture":"#10"}}},{"from":[0.88228,0.26222,-10.00387],"to":[8.13228,3.01222,-4.97262],"rotation":{"angle":-22.5,"axis":"y","origin":[5.00728,1.63722,-7.48825]},"faces":{"south":{"uv":[0,10,16,16],"texture":"#7"},"up":{"uv":[0,0,16,10],"texture":"#7"}}},{"from":[1.38228,0.26222,-4.97262],"to":[8.63228,3.01222,-4.97262],"rotation":{"angle":-22.5,"axis":"y","origin":[5.50728,1.63722,-7.48825]},"faces":{"north":{"uv":[16,10,0,16],"texture":"#7"}}},{"from":[-8.04687,1.53125,13.64063],"to":[-6.01562,1.53125,15.89063],"rotation":{"angle":0,"axis":"y","origin":[-7.53906,1.09375,14.76563]},"faces":{"up":{"uv":[3,8,13,16],"rotation":270,"texture":"#6"},"down":{"uv":[13,8,3,16],"rotation":270,"texture":"#6"}}},{"from":[-8.04687,-0.21875,13.64063],"to":[-8.04687,1.53125,15.89063],"rotation":{"angle":0,"axis":"y","origin":[-7.53906,1.09375,14.76563]},"faces":{"east":{"uv":[13,0,3,8],"rotation":180,"texture":"#6"},"west":{"uv":[3,0,13,8],"rotation":180,"texture":"#6"}}},{"from":[9.21094,7.28125,17.99219],"to":[11.46094,7.28125,20.02344],"rotation":{"angle":0,"axis":"y","origin":[10.33594,6.84375,19.51563]},"faces":{"up":{"uv":[3,8,13,16],"rotation":180,"texture":"#6"},"down":{"uv":[13,8,3,16],"texture":"#6"}}},{"from":[9.21094,5.53125,20.02344],"to":[11.46094,7.28125,20.02344],"rotation":{"angle":0,"axis":"y","origin":[10.33594,6.84375,19.51563]},"faces":{"north":{"uv":[13,0,3,8],"rotation":180,"texture":"#6"},"south":{"uv":[3,0,13,8],"rotation":180,"texture":"#6"}}},{"from":[3.64844,12.53125,9.41406],"to":[5.89844,12.53125,11.44531],"rotation":{"angle":0,"axis":"y","origin":[4.77344,12.09375,9.92188]},"faces":{"up":{"uv":[3,8,13,16],"texture":"#6"},"down":{"uv":[13,8,3,16],"rotation":180,"texture":"#6"}}},{"from":[3.64844,10.78125,9.41406],"to":[5.89844,12.53125,9.41406],"rotation":{"angle":0,"axis":"y","origin":[4.77344,12.09375,9.92188]},"faces":{"north":{"uv":[3,0,13,8],"rotation":180,"texture":"#6"},"south":{"uv":[13,0,3,8],"rotation":180,"texture":"#6"}}},{"from":[12.5,3,-9.70312],"to":[14.53125,3,-7.45312],"rotation":{"angle":22.5,"axis":"y","origin":[14.02344,2.5625,-8.57812]},"faces":{"up":{"uv":[3,8,13,16],"rotation":90,"texture":"#6"},"down":{"uv":[13,8,3,16],"rotation":90,"texture":"#6"}}},{"from":[14.53125,1.25,-9.70312],"to":[14.53125,3,-7.45312],"rotation":{"angle":22.5,"axis":"y","origin":[14.02344,2.5625,-8.57812]},"faces":{"east":{"uv":[3,0,13,8],"rotation":180,"texture":"#6"},"west":{"uv":[13,0,3,8],"rotation":180,"texture":"#6"}}},{"from":[-5.25,9.28125,16.53125],"to":[3,12.03125,16.53125],"rotation":{"angle":0,"axis":"y","origin":[-5.25,11.75,13]},"faces":{"north":{"uv":[16,10,0,16],"texture":"#7"}}},{"from":[-5.25,9.78125,11.5],"to":[3,12.53125,16.53125],"rotation":{"angle":0,"axis":"y","origin":[-5.25,12.25,13]},"faces":{"south":{"uv":[0,10,16,16],"texture":"#7"},"up":{"uv":[0,0,16,10],"texture":"#7"}}},{"from":[-3.75,5,12],"to":[-3.75,9.5,13.28125],"rotation":{"angle":-45,"axis":"x","origin":[-4,6.75,13]},"faces":{"east":{"uv":[2,0,14,3],"rotation":90,"texture":"#7"}}},{"from":[-4,4.25,8.75],"to":[-4,7.75,11.75],"rotation":{"angle":-45,"axis":"x","origin":[-4,6.75,13]},"faces":{"east":{"uv":[14,8,5,15],"rotation":270,"texture":"#7"},"west":{"uv":[5,8,14,15],"rotation":90,"texture":"#7"}}},{"from":[-4,4.25,11.75],"to":[-3.75,8.75,13.28125],"rotation":{"angle":-45,"axis":"x","origin":[-4,6.75,13]},"faces":{"south":{"uv":[2,3,14,4],"rotation":90,"texture":"#7"},"west":{"uv":[2,4,14,8],"rotation":90,"texture":"#7"},"up":{"uv":[2,0,14,10],"rotation":90,"texture":"#7"}}},{"from":[5.21875,-4.03125,9],"to":[5.21875,0.46875,10.03125],"rotation":{"angle":-45,"axis":"x","origin":[5.46875,-2.28125,9.75]},"faces":{"west":{"uv":[2,3,14,0],"rotation":90,"texture":"#7"}}},{"from":[5.8125,-4.03125,8.46875],"to":[5.8125,0.46875,10.03125],"rotation":{"angle":-45,"axis":"x","origin":[6.0625,-2.28125,9.75]},"faces":{"west":{"uv":[12,8,0,5],"rotation":270,"texture":"#7"}}},{"from":[5.84375,-3.875,5.5],"to":[5.84375,-0.375,8.5],"rotation":{"angle":-45,"axis":"x","origin":[5.84375,-1.375,9.75]},"faces":{"east":{"uv":[5,15,14,8],"rotation":90,"texture":"#7"},"west":{"uv":[14,15,5,8],"rotation":270,"texture":"#7"}}},{"from":[5.1875,-4.78125,8.5],"to":[5.84375,-0.28125,10.03125],"rotation":{"angle":-45,"axis":"x","origin":[5.84375,-2.28125,9.75]},"faces":{"east":{"uv":[2,8,14,4],"rotation":90,"texture":"#7"},"south":{"uv":[2,4,14,2],"rotation":90,"texture":"#7"}}},{"from":[9.73438,-0.21875,-5.85937],"to":[12.01563,5.53125,2.39063],"rotation":{"angle":0,"axis":"y","origin":[9.5,4.15625,-1.73437]},"faces":{"east":{"uv":[0,0,16,15],"texture":"#7"},"up":{"uv":[0,12,16,16],"rotation":270,"texture":"#7"}}},{"from":[3.32813,0,9.54688],"to":[5.60938,5.75,17.79688],"rotation":{"angle":0,"axis":"y","origin":[5.84375,4.375,13.67188]},"faces":{"west":{"uv":[0,0,16,15],"texture":"#7"}}},{"from":[6.01563,4.28125,-5.85937],"to":[11.04688,7.03125,2.39063],"rotation":{"angle":0,"axis":"y","origin":[8.53125,5.65625,-1.73437]},"faces":{"east":{"uv":[0,10,16,16],"texture":"#7"},"up":{"uv":[0,0,16,10],"rotation":270,"texture":"#7"}}},{"from":[3.73438,4.5625,11.29688],"to":[8.76563,7.3125,19.54688],"rotation":{"angle":0,"axis":"y","origin":[6.25,5.9375,15.42188]},"faces":{"west":{"uv":[0,10,16,16],"texture":"#7"},"up":{"uv":[16,10,0,0],"rotation":270,"texture":"#7"}}}],"display":{"thirdperson_righthand":{"rotation":[59,-180,0],"translation":[0,0,12],"scale":[0.2,0.2,0.2]},"thirdperson_lefthand":{"rotation":[59,-180,0],"translation":[0,0,12],"scale":[0.2,0.2,0.2]},"firstperson_righthand":{"rotation":[-26,-13,49],"translation":[10,-4,0.5],"scale":[0.5,0.5,0.5]},"firstperson_lefthand":{"rotation":[-9,-25,47],"translation":[11,-5,1],"scale":[0.5,0.5,0.5]},"gui":{"rotation":[30,45,0],"translation":[0,0.5,0],"scale":[0.4,0.4,0.4]},"head":{"rotation":[0,-180,0],"translation":[0,26,4],"scale":[3.2,3.2,3.2]}},"groups":[{"name":"group","origin":[8,8,8],"children":[{"name":"plahne","origin":[8,8,8],"children":[{"name":"group","origin":[8,0.125,8],"children":[0,1,2,3,4,5,6,7,8,9,10,11,12,13,14,15,16,{"name":"group","origin":[8,12.25,13],"children":[17,18]},{"name":"group","origin":[8,12.25,13],"children":[19,20,21,22,23,24,25,26,27,28,29,30,31,32,33,34,35,36,37,38,39,{"name":"group","origin":[11.125,-5.20312,12.68438],"children":[40,41,42,43,44,45,46,{"name":"group","origin":[11.125,-5.20312,-10.31563],"children":[47,48,49,50,51,52,53,54,55,56]},57,58,59]},60,61]},62,63,64,65,66,67,68,69,70,71,72,73,74,75,76]}]},{"name":"furius_front","origin":[8,8,8],"children":[{"name":"group","origin":[10.03002,16.675,-0.88125],"children":[77,78,79,80,81,82,83]},{"name":"furius_front","origin":[8,8,8],"children":[{"name":"group","origin":[9.5,20.625,4.125],"children":[84,85,86,87,88,89,90,91]}]}]}]},92,93,94,95,{"name":"group","origin":[8,8,8],"children":[{"name":"group","origin":[21.625,0.15625,12.76563],"children":[96,97]},{"name":"group","origin":[9.625,9.5,13],"children":[98,99,100,101,102,103,104,105,106,107,108,109,110,111,112,113,114]},{"name":"group","origin":[5.00728,1.63722,-7.48825],"children":[115,116,117]},{"name":"group","origin":[-7.03125,0.65625,14.76563],"children":[118,119]},{"name":"group","origin":[-7.03125,0.65625,14.76563],"children":[120,121]},{"name":"group","origin":[-7.03125,0.65625,14.76563],"children":[122,123]},{"name":"group","origin":[-7.03125,0.65625,14.76563],"children":[124,125]},{"name":"group","origin":[-5.25,12.25,13],"children":[126,127]},{"name":"group","origin":[-4,6.75,13],"children":[128,129,130]},{"name":"group","origin":[-4,6.75,13],"children":[131,132,133,134]},135,136,137,138]}],"credit":"Model by Craftventure"}